dataset,unit,season,n,estimator,child,child_index,parent_set,parent_mask,family,bic,loglik,alpha,params,parameter_count,success,status,nit,nfev,starts,moment_loglik,loglik_improvement,runtime_sec,diagnostics
foul_leaves_5_team,team-quarter,2015-16,9840,optimization,FOUL,0,,0,Poisson,41753.987427152904,-20872.396608081428,[],"{""lam"": 4.6154471544715445}",1,True,analytic_mle,0,1,0,-20872.396608081428,0.0,0.0008292999700643122,"{""binomial_discrete_residual_mean"": null, ""binomial_discrete_residual_variance"": null, ""binomial_h_extension_used"": null, ""binomial_n_candidates"": 0, ""binomial_n_max"": null, ""binomial_n_min"": null, ""binomial_n_policy"": null, ""binomial_n_tie_break"": null, ""certified_profiles"": 1, ""solver_path"": ""analytic_root"", ""uncertified_profiles"": 0}"
foul_leaves_5_team,team-quarter,2015-16,9840,optimization,FOUL,0,,0,NB,41763.18953202581,-20872.40055502286,[],"{""p"": 0.99999, ""r"": 461540.10000210075}",2,True,optimizer_converged_lbfgsb,2,86,2,-20872.40055502286,0.0,0.2146546000149101,"{""binomial_discrete_residual_mean"": null, ""binomial_discrete_residual_variance"": null, ""binomial_h_extension_used"": null, ""binomial_n_candidates"": 0, ""binomial_n_max"": null, ""binomial_n_min"": null, ""binomial_n_policy"": null, ""binomial_n_tie_break"": null, ""certified_profiles"": 1, ""optimizer_powell_attempted"": false, ""optimizer_powell_success"": false, ""optimizer_primary_failed_starts"": 0, ""optimizer_primary_successful_starts"": 2, ""optimizer_results"": [{""fun"": 20872.40055502286, ""jac"": [0.0010913935518252066, 0.0036379785060840215], ""message"": ""CONVERGENCE: REL_REDUCTION_OF_F_<=_FACTR*EPSMCH"", ""method"": ""L-BFGS-B"", ""nfev"": 42, ""nit"": 1, ""status"": 0, ""success"": true, ""x"": [13.042324219729043, 11.512915464924776]}, {""fun"": 20872.40055502286, ""jac"": [0.0010913935518252066, 0.0036379785060840215], ""message"": ""CONVERGENCE: REL_REDUCTION_OF_F_<=_FACTR*EPSMCH"", ""method"": ""L-BFGS-B"", ""nfev"": 42, ""nit"": 1, ""status"": 0, ""success"": true, ""x"": [13.042324219729043, 11.512915464924776]}], ""solver_path"": ""general_convolution"", ""uncertified_profiles"": 0}"
foul_leaves_5_team,team-quarter,2015-16,9840,optimization,FOUL,0,,0,ZIP,41763.18164347626,-20872.396610748085,[],"{""lam"": 4.6154471152669485, ""rho"": 1.0000000000000007e-09}",2,True,optimizer_converged_lbfgsb,2,44,2,-20872.39661074809,3.637978807091713e-12,0.036131199973169714,"{""binomial_discrete_residual_mean"": null, ""binomial_discrete_residual_variance"": null, ""binomial_h_extension_used"": null, ""binomial_n_candidates"": 0, ""binomial_n_max"": null, ""binomial_n_min"": null, ""binomial_n_policy"": null, ""binomial_n_tie_break"": null, ""certified_profiles"": 1, ""optimizer_powell_attempted"": false, ""optimizer_powell_success"": false, ""optimizer_primary_failed_starts"": 0, ""optimizer_primary_successful_starts"": 2, ""optimizer_results"": [{""fun"": 20872.396610748085, ""jac"": [0.0007275957658402848, 0.0], ""message"": ""CONVERGENCE: REL_REDUCTION_OF_F_<=_FACTR*EPSMCH"", ""method"": ""L-BFGS-B"", ""nfev"": 21, ""nit"": 1, ""status"": 0, ""success"": true, ""x"": [1.529408746310049, -20.72326583594641]}, {""fun"": 20872.396610748085, ""jac"": [0.0007275957658402848, 0.0], ""message"": ""CONVERGENCE: REL_REDUCTION_OF_F_<=_FACTR*EPSMCH"", ""method"": ""L-BFGS-B"", ""nfev"": 21, ""nit"": 1, ""status"": 0, ""success"": true, ""x"": [1.529408746310049, -20.72326583594641]}], ""solver_path"": ""general_convolution"", ""uncertified_profiles"": 0}"
foul_leaves_5_team,team-quarter,2015-16,9840,optimization,FOUL,0,,0,Geom,51780.73933909521,-25885.772564052582,[],"{""p"": 0.17808020848414652}",1,True,analytic_mle,0,1,0,-25885.772564052582,0.0,0.0006833999650552869,"{""binomial_discrete_residual_mean"": null, ""binomial_discrete_residual_variance"": null, ""binomial_h_extension_used"": null, ""binomial_n_candidates"": 0, ""binomial_n_max"": null, ""binomial_n_min"": null, ""binomial_n_policy"": null, ""binomial_n_tie_break"": null, ""certified_profiles"": 1, ""solver_path"": ""analytic_root"", ""uncertified_profiles"": 0}"
foul_leaves_5_team,team-quarter,2015-16,9840,optimization,FOUL,0,,0,Binomial,41721.76833773035,-20856.28706337015,[],"{""n"": 58, ""p"": 0.0795766750770956}",1,True,analytic_mle,0,1,0,-20856.28706337015,0.0,0.0037982999929226935,"{""binomial_discrete_residual_mean"": 4.6154471544715445, ""binomial_discrete_residual_variance"": 4.245208539890278, ""binomial_h_extension_used"": false, ""binomial_n_candidates"": 1, ""binomial_n_max"": 58, ""binomial_n_min"": 58, ""binomial_n_policy"": ""paper_H_binomial_discrete_index_continuous_full_mle"", ""binomial_n_tie_break"": ""not_applicable_single_mom_index"", ""certified_profiles"": 1, ""solver_path"": ""analytic_root"", ""uncertified_profiles"": 0}"
foul_leaves_5_team,team-quarter,2015-16,9840,optimization,FOUL,0,,0,Bernoulli,inf,-inf,[],{},1,False,infeasible_root_support,0,0,0,-inf,0.0,0.00010269996710121632,"{""binomial_discrete_residual_mean"": null, ""binomial_discrete_residual_variance"": null, ""binomial_h_extension_used"": null, ""binomial_n_candidates"": 0, ""binomial_n_max"": null, ""binomial_n_min"": null, ""binomial_n_policy"": null, ""binomial_n_tie_break"": null, ""certified_profiles"": 0, ""solver_path"": ""analytic_root"", ""uncertified_profiles"": 0}"
foul_leaves_5_team,team-quarter,2015-16,9840,optimization,FOUL,0,FTA,2,Poisson,35363.54177777421,-17672.57667789706,[0.47012021248107033],"{""lam"": 1.8977319068341667}",2,True,poisson_convex_mle,15,21,2,-17672.742014894204,0.16533699714273098,0.02826890000142157,"{""binomial_discrete_residual_mean"": null, ""binomial_discrete_residual_variance"": null, ""binomial_h_extension_used"": null, ""binomial_n_candidates"": 0, ""binomial_n_max"": null, ""binomial_n_min"": null, ""binomial_n_policy"": null, ""binomial_n_tie_break"": null, ""certified_profiles"": 1, ""optimizer_primary_failed_starts"": 0, ""optimizer_primary_successful_starts"": 2, ""optimizer_results"": [{""fun"": 17672.57667789706, ""jac"": [3.442667838571278e-05, 0.00013760055286071715], ""message"": ""CONVERGENCE: REL_REDUCTION_OF_F_<=_FACTR*EPSMCH"", ""method"": ""L-BFGS-B"", ""nfev"": 6, ""nit"": 4, ""status"": 0, ""success"": true, ""x"": [1.8977319068341667, 0.47012021248107033]}, {""fun"": 17672.576677897167, ""jac"": [-0.00017535536031665355, 0.0016081103638303507], ""message"": ""CONVERGENCE: REL_REDUCTION_OF_F_<=_FACTR*EPSMCH"", ""method"": ""L-BFGS-B"", ""nfev"": 13, ""nit"": 11, ""status"": 0, ""success"": true, ""x"": [1.897731444996379, 0.4701202975259049]}], ""poisson_canonical_agreement_abs"": 0.0, ""solver_path"": ""poisson_convex"", ""uncertified_profiles"": 0}"
foul_leaves_5_team,team-quarter,2015-16,9840,optimization,FOUL,0,FTA,2,NB,35372.76109685254,-17672.5892319412,[0.47012171518715623],"{""p"": 0.9999918209524321, ""r"": 232020.73672596557}",3,True,optimizer_converged_lbfgsb,12,70,2,-17672.75725653542,0.1680245942188776,0.22172709996812046,"{""binomial_discrete_residual_mean"": null, ""binomial_discrete_residual_variance"": null, ""binomial_h_extension_used"": null, ""binomial_n_candidates"": 0, ""binomial_n_max"": null, ""binomial_n_min"": null, ""binomial_n_policy"": null, ""binomial_n_tie_break"": null, ""certified_profiles"": 1, ""optimizer_powell_attempted"": false, ""optimizer_powell_success"": false, ""optimizer_primary_failed_starts"": 0, ""optimizer_primary_successful_starts"": 2, ""optimizer_results"": [{""fun"": 17672.59210160182, ""jac"": [0.0010913936427019754, -0.0025465849542588154, -0.012732924771294075], ""message"": ""CONVERGENCE: REL_REDUCTION_OF_F_<=_FACTR*EPSMCH"", ""method"": ""L-BFGS-B"", ""nfev"": 28, ""nit"": 4, ""status"": 0, ""success"": true, ""x"": [0.47012170792736396, 12.14871851419315, 11.508062991962163]}, {""fun"": 17672.5892319412, ""jac"": [0.004001776689907243, -0.010186339817035261, -0.01346052047251088], ""message"": ""CONVERGENCE: REL_REDUCTION_OF_F_<=_FACTR*EPSMCH"", ""method"": ""L-BFGS-B"", ""nfev"": 40, ""nit"": 8, ""status"": 0, ""success"": true, ""x"": [0.47012171518715623, 12.354582029093581, 11.713926669276699]}], ""solver_path"": ""general_convolution"", ""uncertified_profiles"": 0}"
foul_leaves_5_team,team-quarter,2015-16,9840,optimization,FOUL,0,FTA,2,ZIP,35372.73599523932,-17672.576681134593,[0.4701202358312701],"{""lam"": 1.8977316091845886, ""rho"": 1.0000000000000007e-09}",3,True,optimizer_converged_lbfgsb,13,70,2,-17672.74201809078,0.16533695618636557,0.06788400001823902,"{""binomial_discrete_residual_mean"": null, ""binomial_discrete_residual_variance"": null, ""binomial_h_extension_used"": null, ""binomial_n_candidates"": 0, ""binomial_n_max"": null, ""binomial_n_min"": null, ""binomial_n_policy"": null, ""binomial_n_tie_break"": null, ""certified_profiles"": 1, ""optimizer_powell_attempted"": false, ""optimizer_powell_success"": false, ""optimizer_primary_failed_starts"": 0, ""optimizer_primary_successful_starts"": 2, ""optimizer_results"": [{""fun"": 17672.576681134593, ""jac"": [-0.0010913936427019754, -0.000727595757762349, 0.0], ""message"": ""CONVERGENCE: REL_REDUCTION_OF_F_<=_FACTR*EPSMCH"", ""method"": ""L-BFGS-B"", ""nfev"": 24, ""nit"": 4, ""status"": 0, ""success"": true, ""x"": [0.4701202358312701, 0.640659283015242, -20.72326583594641]}, {""fun"": 17672.576681134597, ""jac"": [0.0021827872854039507, 0.0010913936366435237, 0.0], ""message"": ""CONVERGENCE: REL_REDUCTION_OF_F_<=_FACTR*EPSMCH"", ""method"": ""L-BFGS-B"", ""nfev"": 44, ""nit"": 9, ""status"": 0, ""success"": true, ""x"": [0.47012020024500556, 0.6406595645124424, -20.723265831246945]}], ""solver_path"": ""general_convolution"", ""uncertified_profiles"": 0}"
foul_leaves_5_team,team-quarter,2015-16,9840,optimization,FOUL,0,FTA,2,Geom,37675.68334133742,-18828.647459678665,[0.6416367625872078],"{""p"": 0.524600512292063}",2,True,optimizer_converged_lbfgsb,17,68,2,-19637.23007017797,808.5826104993066,0.0962055999552831,"{""binomial_discrete_residual_mean"": null, ""binomial_discrete_residual_variance"": null, ""binomial_h_extension_used"": null, ""binomial_n_candidates"": 0, ""binomial_n_max"": null, ""binomial_n_min"": null, ""binomial_n_policy"": null, ""binomial_n_tie_break"": null, ""certified_profiles"": 1, ""optimizer_powell_attempted"": false, ""optimizer_powell_success"": false, ""optimizer_primary_failed_starts"": 0, ""optimizer_primary_successful_starts"": 2, ""optimizer_results"": [{""fun"": 18828.647459680426, ""jac"": [0.005820766062098792, 0.0014551915236026337], ""message"": ""CONVERGENCE: REL_REDUCTION_OF_F_<=_FACTR*EPSMCH"", ""method"": ""L-BFGS-B"", ""nfev"": 33, ""nit"": 9, ""status"": 0, ""success"": true, ""x"": [0.6416370766208427, 0.09848307264994692]}, {""fun"": 18828.647459678665, ""jac"": [-0.005093170304336443, 0.0], ""message"": ""CONVERGENCE: REL_REDUCTION_OF_F_<=_FACTR*EPSMCH"", ""method"": ""L-BFGS-B"", ""nfev"": 33, ""nit"": 8, ""status"": 0, ""success"": true, ""x"": [0.6416367625872078, 0.09848156664737044]}], ""solver_path"": ""general_convolution"", ""uncertified_profiles"": 0}"
foul_leaves_5_team,team-quarter,2015-16,9840,optimization,FOUL,0,FTA,2,Binomial,inf,-inf,[],"{""n"": 2}",2,False,infeasible_conditional_support,0,0,0,-inf,0.0,0.0004417000454850495,"{""binomial_discrete_residual_mean"": 1.8793760214602986, ""binomial_discrete_residual_variance"": -1.6202357296790808, ""binomial_h_extension_used"": true, ""binomial_n_candidates"": 1, ""binomial_n_max"": 2, ""binomial_n_min"": 2, ""binomial_n_policy"": ""paper_H_binomial_discrete_index_continuous_full_mle"", ""binomial_n_tie_break"": ""not_applicable_single_mom_index"", ""certified_profiles"": 0, ""solver_path"": ""conditional_support_check"", ""support_violating_rows"": 167, ""uncertified_profiles"": 0}"
foul_leaves_5_team,team-quarter,2015-16,9840,optimization,FOUL,0,FTA,2,Bernoulli,inf,-inf,[],{},2,False,infeasible_conditional_support,0,0,0,-inf,0.0,0.00023040000814944506,"{""binomial_discrete_residual_mean"": null, ""binomial_discrete_residual_variance"": null, ""binomial_h_extension_used"": null, ""binomial_n_candidates"": 0, ""binomial_n_max"": null, ""binomial_n_min"": null, ""binomial_n_policy"": null, ""binomial_n_tie_break"": null, ""certified_profiles"": 0, ""solver_path"": ""conditional_support_check"", ""support_violating_rows"": 305, ""uncertified_profiles"": 0}"
foul_leaves_5_team,team-quarter,2015-16,9840,optimization,FOUL,0,FTM,4,Poisson,36271.37795787842,-18126.494767949167,[0.5462183458568739],"{""lam"": 2.2255755564563446}",2,True,poisson_convex_mle,18,24,2,-18126.540488905954,0.0457209567866812,0.03189869999187067,"{""binomial_discrete_residual_mean"": null, ""binomial_discrete_residual_variance"": null, ""binomial_h_extension_used"": null, ""binomial_n_candidates"": 0, ""binomial_n_max"": null, ""binomial_n_min"": null, ""binomial_n_policy"": null, ""binomial_n_tie_break"": null, ""certified_profiles"": 1, ""optimizer_primary_failed_starts"": 0, ""optimizer_primary_successful_starts"": 2, ""optimizer_results"": [{""fun"": 18126.494767958815, ""jac"": [-0.004117231147173772, 0.002096311214892732], ""message"": ""CONVERGENCE: REL_REDUCTION_OF_F_<=_FACTR*EPSMCH"", ""method"": ""L-BFGS-B"", ""nfev"": 10, ""nit"": 8, ""status"": 0, ""success"": true, ""x"": [2.2255721607820615, 0.5462188911284761]}, {""fun"": 18126.494767949167, ""jac"": [-0.00040113379616291134, 0.005148966558784607], ""message"": ""CONVERGENCE: REL_REDUCTION_OF_F_<=_FACTR*EPSMCH"", ""method"": ""L-BFGS-B"", ""nfev"": 12, ""nit"": 10, ""status"": 0, ""success"": true, ""x"": [2.2255755564563446, 0.5462183458568739]}], ""poisson_canonical_agreement_abs"": 0.0, ""solver_path"": ""poisson_convex"", ""uncertified_profiles"": 0}"
foul_leaves_5_team,team-quarter,2015-16,9840,optimization,FOUL,0,FTM,4,NB,36280.598775260565,-18126.508071145214,[0.5462195189771195],"{""p"": 0.9999914827008686, ""r"": 261297.82306092486}",3,True,optimizer_converged_lbfgsb,11,66,2,-18126.556151353714,0.04808020850032335,0.20603950001532212,"{""binomial_discrete_residual_mean"": null, ""binomial_discrete_residual_variance"": null, ""binomial_h_extension_used"": null, ""binomial_n_candidates"": 0, ""binomial_n_max"": null, ""binomial_n_min"": null, ""binomial_n_policy"": null, ""binomial_n_tie_break"": null, ""certified_profiles"": 1, ""optimizer_powell_attempted"": false, ""optimizer_powell_success"": false, ""optimizer_primary_failed_starts"": 0, ""optimizer_primary_successful_starts"": 2, ""optimizer_results"": [{""fun"": 18126.51035411577, ""jac"": [-0.0003637978788811745, -0.0061845634603428365, -0.008731148414601653], ""message"": ""CONVERGENCE: REL_REDUCTION_OF_F_<=_FACTR*EPSMCH"", ""method"": ""L-BFGS-B"", ""nfev"": 28, ""nit"": 4, ""status"": 0, ""success"": true, ""x"": [0.5462198458912543, 12.315035881203507, 11.515023028736591]}, {""fun"": 18126.508071145214, ""jac"": [-0.002910383031049396, -0.0007275957012168043, -0.004001776356692424], ""message"": ""CONVERGENCE: REL_REDUCTION_OF_F_<=_FACTR*EPSMCH"", ""method"": ""L-BFGS-B"", ""nfev"": 36, ""nit"": 7, ""status"": 0, ""success"": true, ""x"": [0.5462195189771195, 12.473416120287336, 11.67340275340686]}], ""solver_path"": ""general_convolution"", ""uncertified_profiles"": 0}"
foul_leaves_5_team,team-quarter,2015-16,9840,optimization,FOUL,0,FTM,4,ZIP,36280.5721764685,-18126.49477174918,[0.5462179757412623],"{""lam"": 2.225576927128268, ""rho"": 1.0000000000000007e-09}",3,True,optimizer_converged_lbfgsb,12,66,2,-18126.540492727196,0.04572097801428754,0.06188059999840334,"{""binomial_discrete_residual_mean"": null, ""binomial_discrete_residual_variance"": null, ""binomial_h_extension_used"": null, ""binomial_n_candidates"": 0, ""binomial_n_max"": null, ""binomial_n_min"": null, ""binomial_n_policy"": null, ""binomial_n_tie_break"": null, ""certified_profiles"": 1, ""optimizer_powell_attempted"": false, ""optimizer_powell_success"": false, ""optimizer_primary_failed_starts"": 0, ""optimizer_primary_successful_starts"": 2, ""optimizer_results"": [{""fun"": 18126.49477174918, ""jac"": [0.0, 0.0, 0.0], ""message"": ""CONVERGENCE: NORM_OF_PROJECTED_GRADIENT_<=_PGTOL"", ""method"": ""L-BFGS-B"", ""nfev"": 28, ""nit"": 5, ""status"": 0, ""success"": true, ""x"": [0.5462179757412623, 0.8000161750989162, -20.72326583594641]}, {""fun"": 18126.494771754315, ""jac"": [-0.021100276975108124, -0.00727595757762349, 0.0], ""message"": ""CONVERGENCE: REL_REDUCTION_OF_F_<=_FACTR*EPSMCH"", ""method"": ""L-BFGS-B"", ""nfev"": 36, ""nit"": 7, ""status"": 0, ""success"": true, ""x"": [0.5462173940457955, 0.8000164867056023, -20.72326583594641]}], ""solver_path"": ""general_convolution"", ""uncertified_profiles"": 0}"
foul_leaves_5_team,team-quarter,2015-16,9840,optimization,FOUL,0,FTM,4,Geom,39284.86489575738,-19633.238236888646,[0.7891674090586123],"{""p"": 0.46240652235075835}",2,True,optimizer_converged_lbfgsb,14,59,2,-20549.43196491486,916.1937280262136,0.08557270001620054,"{""binomial_discrete_residual_mean"": null, ""binomial_discrete_residual_variance"": null, ""binomial_h_extension_used"": null, ""binomial_n_candidates"": 0, ""binomial_n_max"": null, ""binomial_n_min"": null, ""binomial_n_policy"": null, ""binomial_n_tie_break"": null, ""certified_profiles"": 1, ""optimizer_powell_attempted"": false, ""optimizer_powell_success"": false, ""optimizer_primary_failed_starts"": 0, ""optimizer_primary_successful_starts"": 2, ""optimizer_results"": [{""fun"": 19633.238236888646, ""jac"": [0.000727595757762349, 0.0003637978809006584], ""message"": ""CONVERGENCE: REL_REDUCTION_OF_F_<=_FACTR*EPSMCH"", ""method"": ""L-BFGS-B"", ""nfev"": 30, ""nit"": 7, ""status"": 0, ""success"": true, ""x"": [0.7891674090586123, -0.15065823409793364]}, {""fun"": 19633.238236892383, ""jac"": [0.016007106670771678, -0.0003637978809006584], ""message"": ""CONVERGENCE: REL_REDUCTION_OF_F_<=_FACTR*EPSMCH"", ""method"": ""L-BFGS-B"", ""nfev"": 27, ""nit"": 7, ""status"": 0, ""success"": true, ""x"": [0.7891679259533009, -0.1506574435444114]}], ""solver_path"": ""general_convolution"", ""uncertified_profiles"": 0}"
foul_leaves_5_team,team-quarter,2015-16,9840,optimization,FOUL,0,FTM,4,Binomial,inf,-inf,[],"{""n"": 3}",2,False,infeasible_conditional_support,0,0,0,-inf,0.0,0.0005502999993041158,"{""binomial_discrete_residual_mean"": 2.2349686198088463, ""binomial_discrete_residual_variance"": -0.8032744663290416, ""binomial_h_extension_used"": true, ""binomial_n_candidates"": 1, ""binomial_n_max"": 3, ""binomial_n_min"": 3, ""binomial_n_policy"": ""paper_H_binomial_discrete_index_continuous_full_mle"", ""binomial_n_tie_break"": ""not_applicable_single_mom_index"", ""certified_profiles"": 0, ""solver_path"": ""conditional_support_check"", ""support_violating_rows"": 108, ""uncertified_profiles"": 0}"
foul_leaves_5_team,team-quarter,2015-16,9840,optimization,FOUL,0,FTM,4,Bernoulli,inf,-inf,[],{},2,False,infeasible_conditional_support,0,0,0,-inf,0.0,0.00019120000069960952,"{""binomial_discrete_residual_mean"": null, ""binomial_discrete_residual_variance"": null, ""binomial_h_extension_used"": null, ""binomial_n_candidates"": 0, ""binomial_n_max"": null, ""binomial_n_min"": null, ""binomial_n_policy"": null, ""binomial_n_tie_break"": null, ""certified_profiles"": 0, ""solver_path"": ""conditional_support_check"", ""support_violating_rows"": 462, ""uncertified_profiles"": 0}"
foul_leaves_5_team,team-quarter,2015-16,9840,optimization,FOUL,0,FTA;FTM,6,Poisson,35372.73598876426,-17672.57667789706,"[0.4701202144255259, 0.0]","{""lam"": 1.8977318810878492}",3,True,poisson_convex_mle,21,28,2,-17678.710849398292,6.134171501231322,0.0361218000180088,"{""binomial_discrete_residual_mean"": null, ""binomial_discrete_residual_variance"": null, ""binomial_h_extension_used"": null, ""binomial_n_candidates"": 0, ""binomial_n_max"": null, ""binomial_n_min"": null, ""binomial_n_policy"": null, ""binomial_n_tie_break"": null, ""certified_profiles"": 1, ""optimizer_primary_failed_starts"": 0, ""optimizer_primary_successful_starts"": 2, ""optimizer_results"": [{""fun"": 17672.57667789706, ""jac"": [-7.903101909789711e-06, 4.858375575622631e-06, 46.95020563617513], ""message"": ""CONVERGENCE: REL_REDUCTION_OF_F_<=_FACTR*EPSMCH"", ""method"": ""L-BFGS-B"", ""nfev"": 7, ""nit"": 5, ""status"": 0, ""success"": true, ""x"": [1.8977318810878492, 0.4701202144255259, 0.0]}, {""fun"": 17672.576677897065, ""jac"": [4.962424453225367e-05, 0.0003042079983686108, 46.950432087423366], ""message"": ""CONVERGENCE: REL_REDUCTION_OF_F_<=_FACTR*EPSMCH"", ""method"": ""L-BFGS-B"", ""nfev"": 19, ""nit"": 16, ""status"": 0, ""success"": true, ""x"": [1.8977318973978368, 0.47012021599734766, 0.0]}], ""poisson_canonical_agreement_abs"": 0.0, ""solver_path"": ""poisson_convex"", ""uncertified_profiles"": 0}"
foul_leaves_5_team,team-quarter,2015-16,9840,optimization,FOUL,0,FTA;FTM,6,NB,35381.955577751425,-17672.58936689562,"[0.47012136193991705, 0.0]","{""p"": 0.9999917330265401, ""r"": 229553.19502530323}",4,True,optimizer_converged_lbfgsb,21,137,2,-17678.72551775654,6.13615086091886,0.41505279997363687,"{""binomial_discrete_residual_mean"": null, ""binomial_discrete_residual_variance"": null, ""binomial_h_extension_used"": null, ""binomial_n_candidates"": 0, ""binomial_n_max"": null, ""binomial_n_min"": null, ""binomial_n_policy"": null, ""binomial_n_tie_break"": null, ""certified_profiles"": 1, ""optimizer_powell_attempted"": false, ""optimizer_powell_success"": false, ""optimizer_primary_failed_starts"": 0, ""optimizer_primary_successful_starts"": 2, ""optimizer_results"": [{""fun"": 17672.592496673416, ""jac"": [0.0, 46.9499354949221, -0.0163709032773781, -0.004365574207300826], ""message"": ""CONVERGENCE: REL_REDUCTION_OF_F_<=_FACTR*EPSMCH"", ""method"": ""L-BFGS-B"", ""nfev"": 45, ""nit"": 7, ""status"": 0, ""success"": true, ""x"": [0.47012229007843376, 0.0, 12.123425189883097, 11.482771800210655]}, {""fun"": 17672.58936689562, ""jac"": [-0.0043655745708079015, 46.94702511187643, -0.004365574207300826, -0.010186339817035261], ""message"": ""CONVERGENCE: REL_REDUCTION_OF_F_<=_FACTR*EPSMCH"", ""method"": ""L-BFGS-B"", ""nfev"": 90, ""nit"": 14, ""status"": 0, ""success"": true, ""x"": [0.47012136193991705, 0.0, 12.343890068227001, 11.703233815043964]}], ""solver_path"": ""general_convolution"", ""uncertified_profiles"": 0}"
foul_leaves_5_team,team-quarter,2015-16,9840,optimization,FOUL,0,FTA;FTM,6,ZIP,35381.93020622928,-17672.576681134546,"[0.47012021541876403, 0.0]","{""lam"": 1.8977318472059297, ""rho"": 1.0000000000000007e-09}",4,True,optimizer_converged_lbfgsb,18,117,2,-17678.71085239145,6.134171256904665,0.11108179995790124,"{""binomial_discrete_residual_mean"": null, ""binomial_discrete_residual_variance"": null, ""binomial_h_extension_used"": null, ""binomial_n_candidates"": 0, ""binomial_n_max"": null, ""binomial_n_min"": null, ""binomial_n_policy"": null, ""binomial_n_tie_break"": null, ""certified_profiles"": 1, ""optimizer_powell_attempted"": false, ""optimizer_powell_success"": false, ""optimizer_primary_failed_starts"": 0, ""optimizer_primary_successful_starts"": 2, ""optimizer_results"": [{""fun"": 17672.576681134546, ""jac"": [0.0003637978809006584, 46.95029929280281, 0.0, 0.0], ""message"": ""CONVERGENCE: REL_REDUCTION_OF_F_<=_FACTR*EPSMCH"", ""method"": ""L-BFGS-B"", ""nfev"": 40, ""nit"": 6, ""status"": 0, ""success"": true, ""x"": [0.47012021541876403, 0.0, 0.6406594084393669, -20.72326583594641]}, {""fun"": 17672.57668113456, ""jac"": [0.0021827872854039507, 46.95139068644494, 0.0003637978788811745, 0.0], ""message"": ""CONVERGENCE: REL_REDUCTION_OF_F_<=_FACTR*EPSMCH"", ""method"": ""L-BFGS-B"", ""nfev"": 75, ""nit"": 12, ""status"": 0, ""success"": true, ""x"": [0.470120240477345, 0.0, 0.6406593942182173, -20.72326583594641]}], ""solver_path"": ""general_convolution"", ""uncertified_profiles"": 0}"
foul_leaves_5_team,team-quarter,2015-16,9840,optimization,FOUL,0,FTA;FTM,6,Geom,37684.87755232703,-18828.647459678446,"[0.6416368353420598, 0.0]","{""p"": 0.5246005442739388}",3,True,optimizer_converged_lbfgsb,28,142,2,-19503.75284756342,675.1053878849743,0.19620950001990423,"{""binomial_discrete_residual_mean"": null, ""binomial_discrete_residual_variance"": null, ""binomial_h_extension_used"": null, ""binomial_n_candidates"": 0, ""binomial_n_max"": null, ""binomial_n_min"": null, ""binomial_n_policy"": null, ""binomial_n_tie_break"": null, ""certified_profiles"": 1, ""optimizer_powell_attempted"": false, ""optimizer_powell_success"": false, ""optimizer_primary_failed_starts"": 0, ""optimizer_primary_successful_starts"": 2, ""optimizer_results"": [{""fun"": 18828.647459678465, ""jac"": [-0.001455191515524698, 20.631705410778522, -0.0007275957618013168], ""message"": ""CONVERGENCE: REL_REDUCTION_OF_F_<=_FACTR*EPSMCH"", ""method"": ""L-BFGS-B"", ""nfev"": 72, ""nit"": 15, ""status"": 0, ""success"": true, ""x"": [0.6416368187364124, 0.0, 0.09848150784213183]}, {""fun"": 18828.647459678446, ""jac"": [-0.000727595757762349, 20.63243300653994, 0.0003637978809006584], ""message"": ""CONVERGENCE: REL_REDUCTION_OF_F_<=_FACTR*EPSMCH"", ""method"": ""L-BFGS-B"", ""nfev"": 68, ""nit"": 13, ""status"": 0, ""success"": true, ""x"": [0.6416368353420598, 0.0, 0.09848169488530482]}], ""solver_path"": ""general_convolution"", ""uncertified_profiles"": 0}"
foul_leaves_5_team,team-quarter,2015-16,9840,optimization,FOUL,0,FTA;FTM,6,Binomial,inf,-inf,[],"{""n"": 2}",3,False,infeasible_conditional_support,0,0,0,-inf,0.0,0.0004537000204436481,"{""binomial_discrete_residual_mean"": 1.7866315852729162, ""binomial_discrete_residual_variance"": -1.928728163722059, ""binomial_h_extension_used"": true, ""binomial_n_candidates"": 1, ""binomial_n_max"": 2, ""binomial_n_min"": 2, ""binomial_n_policy"": ""paper_H_binomial_discrete_index_continuous_full_mle"", ""binomial_n_tie_break"": ""not_applicable_single_mom_index"", ""certified_profiles"": 0, ""solver_path"": ""conditional_support_check"", ""support_violating_rows"": 167, ""uncertified_profiles"": 0}"
foul_leaves_5_team,team-quarter,2015-16,9840,optimization,FOUL,0,FTA;FTM,6,Bernoulli,inf,-inf,[],{},3,False,infeasible_conditional_support,0,0,0,-inf,0.0,0.00021849997574463487,"{""binomial_discrete_residual_mean"": null, ""binomial_discrete_residual_variance"": null, ""binomial_h_extension_used"": null, ""binomial_n_candidates"": 0, ""binomial_n_max"": null, ""binomial_n_min"": null, ""binomial_n_policy"": null, ""binomial_n_tie_break"": null, ""certified_profiles"": 0, ""solver_path"": ""conditional_support_check"", ""support_violating_rows"": 305, ""uncertified_profiles"": 0}"
foul_leaves_5_team,team-quarter,2015-16,9840,optimization,FOUL,0,PERS_FOUL_DRAWN,8,Poisson,38260.03476898948,-19120.823173504694,[0.8896826248228066],"{""lam"": 2.956604932212208}",2,True,poisson_convex_mle,11,18,2,-19121.2187520999,0.395578595205734,0.02268319996073842,"{""binomial_discrete_residual_mean"": null, ""binomial_discrete_residual_variance"": null, ""binomial_h_extension_used"": null, ""binomial_n_candidates"": 0, ""binomial_n_max"": null, ""binomial_n_min"": null, ""binomial_n_policy"": null, ""binomial_n_tie_break"": null, ""certified_profiles"": 1, ""optimizer_primary_failed_starts"": 0, ""optimizer_primary_successful_starts"": 2, ""optimizer_results"": [{""fun"": 19120.823173504694, ""jac"": [-9.011574175532555e-05, -9.325932387271862e-05], ""message"": ""CONVERGENCE: REL_REDUCTION_OF_F_<=_FACTR*EPSMCH"", ""method"": ""L-BFGS-B"", ""nfev"": 6, ""nit"": 4, ""status"": 0, ""success"": true, ""x"": [2.956604932212208, 0.8896826248228066]}, {""fun"": 19120.823173504694, ""jac"": [-7.390247946936768e-08, -1.8226437581425614e-07], ""message"": ""CONVERGENCE: NORM_OF_PROJECTED_GRADIENT_<=_PGTOL"", ""method"": ""L-BFGS-B"", ""nfev"": 10, ""nit"": 7, ""status"": 0, ""success"": true, ""x"": [2.9566049869568074, 0.8896826144854395]}], ""poisson_canonical_agreement_abs"": 0.0, ""solver_path"": ""poisson_convex"", ""uncertified_profiles"": 0}"
foul_leaves_5_team,team-quarter,2015-16,9840,optimization,FOUL,0,PERS_FOUL_DRAWN,8,NB,38269.251790448514,-19120.834578739188,[0.8896855382576427],"{""p"": 0.999990835924427, ""r"": 322626.4925897835}",3,True,optimizer_converged_lbfgsb,11,62,2,-19121.231086259253,0.3965075200649153,0.18885540001792833,"{""binomial_discrete_residual_mean"": null, ""binomial_discrete_residual_variance"": null, ""binomial_h_extension_used"": null, ""binomial_n_candidates"": 0, ""binomial_n_max"": null, ""binomial_n_min"": null, ""binomial_n_policy"": null, ""binomial_n_tie_break"": null, ""certified_profiles"": 1, ""optimizer_powell_attempted"": false, ""optimizer_powell_success"": false, ""optimizer_primary_failed_starts"": 0, ""optimizer_primary_successful_starts"": 2, ""optimizer_results"": [{""fun"": 19120.835672225337, ""jac"": [0.001455191515524698, -0.008731148414601653, -0.0061845634603428365], ""message"": ""CONVERGENCE: REL_REDUCTION_OF_F_<=_FACTR*EPSMCH"", ""method"": ""L-BFGS-B"", ""nfev"": 28, ""nit"": 5, ""status"": 0, ""success"": true, ""x"": [0.8896858158550951, 12.592696603964082, 11.508656831570416]}, {""fun"": 19120.834578739188, ""jac"": [0.002910383031049396, 0.0, -0.009094946265210055], ""message"": ""CONVERGENCE: REL_REDUCTION_OF_F_<=_FACTR*EPSMCH"", ""method"": ""L-BFGS-B"", ""nfev"": 32, ""nit"": 6, ""status"": 0, ""success"": true, ""x"": [0.8896855382576427, 12.684250563402413, 11.600210382556682]}], ""solver_path"": ""general_convolution"", ""uncertified_profiles"": 0}"
foul_leaves_5_team,team-quarter,2015-16,9840,optimization,FOUL,0,PERS_FOUL_DRAWN,8,ZIP,38269.22898893895,-19120.823177984406,[0.8896826221694947],"{""lam"": 2.9566049536690073, ""rho"": 1.0000000000000007e-09}",3,True,optimizer_converged_lbfgsb,9,58,2,-19121.218756536146,0.39557855173916323,0.05550800001947209,"{""binomial_discrete_residual_mean"": null, ""binomial_discrete_residual_variance"": null, ""binomial_h_extension_used"": null, ""binomial_n_candidates"": 0, ""binomial_n_max"": null, ""binomial_n_min"": null, ""binomial_n_policy"": null, ""binomial_n_tie_break"": null, ""certified_profiles"": 1, ""optimizer_powell_attempted"": false, ""optimizer_powell_success"": false, ""optimizer_primary_failed_starts"": 0, ""optimizer_primary_successful_starts"": 2, ""optimizer_results"": [{""fun"": 19120.823177984494, ""jac"": [0.0010913936366435237, 0.0018189894146007119, 0.0], ""message"": ""CONVERGENCE: REL_REDUCTION_OF_F_<=_FACTR*EPSMCH"", ""method"": ""L-BFGS-B"", ""nfev"": 24, ""nit"": 4, ""status"": 0, ""success"": true, ""x"": [0.889682630070721, 1.084041731731747, -20.72326583594641]}, {""fun"": 19120.823177984406, ""jac"": [-0.0003637978788811745, 0.0, 0.0], ""message"": ""CONVERGENCE: REL_REDUCTION_OF_F_<=_FACTR*EPSMCH"", ""method"": ""L-BFGS-B"", ""nfev"": 32, ""nit"": 5, ""status"": 0, ""success"": true, ""x"": [0.8896826221694947, 1.084041634944792, -20.72326583594641]}], ""solver_path"": ""general_convolution"", ""uncertified_profiles"": 0}"
foul_leaves_5_team,team-quarter,2015-16,9840,optimization,FOUL,0,PERS_FOUL_DRAWN,8,Geom,42360.79147876283,-21171.20152839137,[1.5140704075238964],"{""p"": 0.3581131434241917}",2,True,optimizer_converged_lbfgsb,12,44,2,-22205.327985598287,1034.1264572069158,0.05993400001898408,"{""binomial_discrete_residual_mean"": null, ""binomial_discrete_residual_variance"": null, ""binomial_h_extension_used"": null, ""binomial_n_candidates"": 0, ""binomial_n_max"": null, ""binomial_n_min"": null, ""binomial_n_policy"": null, ""binomial_n_tie_break"": null, ""certified_profiles"": 1, ""optimizer_powell_attempted"": false, ""optimizer_powell_success"": false, ""optimizer_primary_failed_starts"": 0, ""optimizer_primary_successful_starts"": 2, ""optimizer_results"": [{""fun"": 21171.20152839137, ""jac"": [-0.0003637978829201424, 0.000727595757762349], ""message"": ""CONVERGENCE: REL_REDUCTION_OF_F_<=_FACTR*EPSMCH"", ""method"": ""L-BFGS-B"", ""nfev"": 21, ""nit"": 6, ""status"": 0, ""success"": true, ""x"": [1.5140704075238964, -0.5835630727414305]}, {""fun"": 21171.20152839186, ""jac"": [0.0003637978829201424, -0.0021827872732870473], ""message"": ""CONVERGENCE: REL_REDUCTION_OF_F_<=_FACTR*EPSMCH"", ""method"": ""L-BFGS-B"", ""nfev"": 21, ""nit"": 6, ""status"": 0, ""success"": true, ""x"": [1.5140702445365193, -0.5835636073458998]}], ""solver_path"": ""general_convolution"", ""uncertified_profiles"": 0}"
foul_leaves_5_team,team-quarter,2015-16,9840,optimization,FOUL,0,PERS_FOUL_DRAWN,8,Binomial,inf,-inf,[],"{""n"": 4}",2,False,infeasible_conditional_support,0,0,0,-inf,0.0,0.0002950999769382179,"{""binomial_discrete_residual_mean"": 2.9314925524196926, ""binomial_discrete_residual_variance"": 0.7826345013831466, ""binomial_h_extension_used"": false, ""binomial_n_candidates"": 1, ""binomial_n_max"": 4, ""binomial_n_min"": 4, ""binomial_n_policy"": ""paper_H_binomial_discrete_index_continuous_full_mle"", ""binomial_n_tie_break"": ""not_applicable_single_mom_index"", ""certified_profiles"": 0, ""solver_path"": ""conditional_support_check"", ""support_violating_rows"": 300, ""uncertified_profiles"": 0}"
foul_leaves_5_team,team-quarter,2015-16,9840,optimization,FOUL,0,PERS_FOUL_DRAWN,8,Bernoulli,inf,-inf,[],{},2,False,infeasible_conditional_support,0,0,0,-inf,0.0,0.00014189997455105186,"{""binomial_discrete_residual_mean"": null, ""binomial_discrete_residual_variance"": null, ""binomial_h_extension_used"": null, ""binomial_n_candidates"": 0, ""binomial_n_max"": null, ""binomial_n_min"": null, ""binomial_n_policy"": null, ""binomial_n_tie_break"": null, ""certified_profiles"": 0, ""solver_path"": ""conditional_support_check"", ""support_violating_rows"": 1327, ""uncertified_profiles"": 0}"
foul_leaves_5_team,team-quarter,2015-16,9840,optimization,FOUL,0,FTA;PERS_FOUL_DRAWN,10,Poisson,33708.72532717906,-16840.571347104462,"[0.42009719697312253, 0.6573304009175421]","{""lam"": 0.9612957243538959}",3,True,poisson_convex_mle,26,32,2,-16875.191215243205,34.619868138743186,0.03813040000386536,"{""binomial_discrete_residual_mean"": null, ""binomial_discrete_residual_variance"": null, ""binomial_h_extension_used"": null, ""binomial_n_candidates"": 0, ""binomial_n_max"": null, ""binomial_n_min"": null, ""binomial_n_policy"": null, ""binomial_n_tie_break"": null, ""certified_profiles"": 1, ""optimizer_primary_failed_starts"": 0, ""optimizer_primary_successful_starts"": 2, ""optimizer_results"": [{""fun"": 16840.571347104473, ""jac"": [-0.0005188184683486696, -0.0018740535657784108, -0.000998787821728797], ""message"": ""CONVERGENCE: REL_REDUCTION_OF_F_<=_FACTR*EPSMCH"", ""method"": ""L-BFGS-B"", ""nfev"": 12, ""nit"": 10, ""status"": 0, ""success"": true, ""x"": [0.9612951328766911, 0.4200972706438104, 0.6573303977017929]}, {""fun"": 16840.571347104462, ""jac"": [0.00016020704921793083, -0.0007893104052243416, -0.00011641585599164728], ""message"": ""CONVERGENCE: REL_REDUCTION_OF_F_<=_FACTR*EPSMCH"", ""method"": ""L-BFGS-B"", ""nfev"": 18, ""nit"": 16, ""status"": 0, ""success"": true, ""x"": [0.9612957243538959, 0.42009719697312253, 0.6573304009175421]}], ""poisson_canonical_agreement_abs"": 0.0, ""solver_path"": ""poisson_convex"", ""uncertified_profiles"": 0}"
foul_leaves_5_team,team-quarter,2015-16,9840,optimization,FOUL,0,FTA;PERS_FOUL_DRAWN,10,NB,33717.9323835781,-16840.57776980896,"[0.4200993207224862, 0.6573348592715323]","{""p"": 0.9999937297451749, ""r"": 153306.39205084316}",4,True,optimizer_converged_lbfgsb,21,127,2,-16875.203832102674,34.62606229371522,0.3813329999684356,"{""binomial_discrete_residual_mean"": null, ""binomial_discrete_residual_variance"": null, ""binomial_h_extension_used"": null, ""binomial_n_candidates"": 0, ""binomial_n_max"": null, ""binomial_n_min"": null, ""binomial_n_policy"": null, ""binomial_n_tie_break"": null, ""certified_profiles"": 1, ""optimizer_powell_attempted"": false, ""optimizer_powell_success"": false, ""optimizer_primary_failed_starts"": 0, ""optimizer_primary_successful_starts"": 2, ""optimizer_results"": [{""fun"": 16840.580241225576, ""jac"": [0.0007275957618013168, 0.0021827872732870473, -0.00036379785060840214, -0.005093169908517631], ""message"": ""CONVERGENCE: REL_REDUCTION_OF_F_<=_FACTR*EPSMCH"", ""method"": ""L-BFGS-B"", ""nfev"": 55, ""nit"": 9, ""status"": 0, ""success"": true, ""x"": [0.4200988139666493, 0.657334489517736, 11.614637874666965, 11.654127940563285]}, {""fun"": 16840.57776980896, ""jac"": [0.014551915236026338, 0.0040017766676929195, -0.005820765609734434, 0.0007275957012168043], ""message"": ""CONVERGENCE: REL_REDUCTION_OF_F_<=_FACTR*EPSMCH"", ""method"": ""L-BFGS-B"", ""nfev"": 70, ""nit"": 12, ""status"": 0, ""success"": true, ""x"": [0.4200993207224862, 0.6573348592715323, 11.940193760343169, 11.979687291919637]}], ""solver_path"": ""general_convolution"", ""uncertified_profiles"": 0}"
foul_leaves_5_team,team-quarter,2015-16,9840,optimization,FOUL,0,FTA;PERS_FOUL_DRAWN,10,ZIP,33717.91954044895,-16840.571348244383,"[0.4200972353676063, 0.6573305093377092]","{""lam"": 0.9612955408502938, ""rho"": 1.0000000000000007e-09}",4,True,optimizer_converged_lbfgsb,22,137,2,-16875.191217005562,34.61986876117953,0.1280479999841191,"{""binomial_discrete_residual_mean"": null, ""binomial_discrete_residual_variance"": null, ""binomial_h_extension_used"": null, ""binomial_n_candidates"": 0, ""binomial_n_max"": null, ""binomial_n_min"": null, ""binomial_n_policy"": null, ""binomial_n_tie_break"": null, ""certified_profiles"": 1, ""optimizer_powell_attempted"": false, ""optimizer_powell_success"": false, ""optimizer_primary_failed_starts"": 0, ""optimizer_primary_successful_starts"": 2, ""optimizer_results"": [{""fun"": 16840.57134824769, ""jac"": [0.00691215973711251, -0.0021827872732870473, -0.0014551915225928917, 0.0], ""message"": ""CONVERGENCE: REL_REDUCTION_OF_F_<=_FACTR*EPSMCH"", ""method"": ""L-BFGS-B"", ""nfev"": 55, ""nit"": 8, ""status"": 0, ""success"": true, ""x"": [0.42009773497100245, 0.6573301967366825, -0.039475987562477034, -20.72326583594641]}, {""fun"": 16840.571348244383, ""jac"": [0.002546585166304609, 0.000727595757762349, 0.0003637978806482229, 0.0], ""message"": ""CONVERGENCE: REL_REDUCTION_OF_F_<=_FACTR*EPSMCH"", ""method"": ""L-BFGS-B"", ""nfev"": 80, ""nit"": 14, ""status"": 0, ""success"": true, ""x"": [0.4200972353676063, 0.6573305093377092, -0.039473382587208866, -20.72326583594641]}], ""solver_path"": ""general_convolution"", ""uncertified_profiles"": 0}"
foul_leaves_5_team,team-quarter,2015-16,9840,optimization,FOUL,0,FTA;PERS_FOUL_DRAWN,10,Geom,34246.75954514721,-17109.588456088535,"[0.4896697295289993, 0.8110632884776636]","{""p"": 0.7858767346000374}",3,True,optimizer_converged_lbfgsb,26,126,2,-17984.96707487302,875.3786187844853,0.18793700000969693,"{""binomial_discrete_residual_mean"": null, ""binomial_discrete_residual_variance"": null, ""binomial_h_extension_used"": null, ""binomial_n_candidates"": 0, ""binomial_n_max"": null, ""binomial_n_min"": null, ""binomial_n_policy"": null, ""binomial_n_tie_break"": null, ""certified_profiles"": 1, ""optimizer_powell_attempted"": false, ""optimizer_powell_success"": false, ""optimizer_primary_failed_starts"": 0, ""optimizer_primary_successful_starts"": 2, ""optimizer_results"": [{""fun"": 17109.588456088535, ""jac"": [-0.0018189894045032922, 0.0010913936366435237, 0.0003637978829201424], ""message"": ""CONVERGENCE: REL_REDUCTION_OF_F_<=_FACTR*EPSMCH"", ""method"": ""L-BFGS-B"", ""nfev"": 64, ""nit"": 14, ""status"": 0, ""success"": true, ""x"": [0.4896697295289993, 0.8110632884776636, 1.3002480981864466]}, {""fun"": 17109.588456106092, ""jac"": [-0.04692992663618494, -0.016370904549652853, 0.0025465851804409964], ""message"": ""CONVERGENCE: REL_REDUCTION_OF_F_<=_FACTR*EPSMCH"", ""method"": ""L-BFGS-B"", ""nfev"": 60, ""nit"": 12, ""status"": 0, ""success"": true, ""x"": [0.48966947341305855, 0.8110622237127459, 1.3002497809708529]}], ""solver_path"": ""general_convolution"", ""uncertified_profiles"": 0}"
foul_leaves_5_team,team-quarter,2015-16,9840,optimization,FOUL,0,FTA;PERS_FOUL_DRAWN,10,Binomial,31003.88887162926,-15488.153119329561,"[0.3363819394711126, 0.4828700221565022]","{""n"": 2, ""p"": 0.8852659339983567}",3,True,optimizer_converged_lbfgsb,15,178,2,-15920.958732258943,432.8056129293818,0.4273266000091098,"{""binomial_discrete_residual_mean"": 1.2754251982031635, ""binomial_discrete_residual_variance"": -2.823851839843929, ""binomial_h_extension_used"": true, ""binomial_n_candidates"": 1, ""binomial_n_max"": 2, ""binomial_n_min"": 2, ""binomial_n_policy"": ""paper_H_binomial_discrete_index_continuous_full_mle"", ""binomial_n_tie_break"": ""not_applicable_single_mom_index"", ""certified_profiles"": 1, ""optimizer_powell_attempted"": false, ""optimizer_powell_success"": false, ""optimizer_primary_failed_starts"": 0, ""optimizer_primary_successful_starts"": 2, ""optimizer_results"": [{""fun"": 15488.153119329561, ""jac"": [0.0009094947022516461, 0.0, -0.0001818989414600712], ""message"": ""CONVERGENCE: REL_REDUCTION_OF_F_<=_FACTR*EPSMCH"", ""method"": ""L-BFGS-B"", ""nfev"": 48, ""nit"": 11, ""status"": 0, ""success"": true, ""x"": [0.3363819394711126, 0.4828700221565022, 2.043271109337899]}, {""fun"": 24603.68429498208, ""jac"": [-183.64444268289057, -494.20377789466573, 10360.87001687539], ""message"": ""CONVERGENCE: REL_REDUCTION_OF_F_<=_FACTR*EPSMCH"", ""method"": ""L-BFGS-B"", ""nfev"": 128, ""nit"": 4, ""status"": 0, ""success"": true, ""x"": [0.32951554819551127, 0.3956394439895679, 20.609182692147595]}], ""solver_path"": ""general_convolution"", ""uncertified_profiles"": 0}"
foul_leaves_5_team,team-quarter,2015-16,9840,optimization,FOUL,0,FTA;PERS_FOUL_DRAWN,10,Bernoulli,inf,-inf,[],{},3,False,infeasible_conditional_support,0,0,0,-inf,0.0,0.00022580003133043647,"{""binomial_discrete_residual_mean"": null, ""binomial_discrete_residual_variance"": null, ""binomial_h_extension_used"": null, ""binomial_n_candidates"": 0, ""binomial_n_max"": null, ""binomial_n_min"": null, ""binomial_n_policy"": null, ""binomial_n_tie_break"": null, ""certified_profiles"": 0, ""solver_path"": ""conditional_support_check"", ""support_violating_rows"": 2, ""uncertified_profiles"": 0}"
foul_leaves_5_team,team-quarter,2015-16,9840,optimization,FOUL,0,FTM;PERS_FOUL_DRAWN,12,Poisson,34417.74939940349,-17195.083383216675,"[0.47686204981978203, 0.6902151690126908]","{""lam"": 1.242101672548958}",3,True,poisson_convex_mle,23,30,2,-17216.839719131618,21.75633591494261,0.035800700017716736,"{""binomial_discrete_residual_mean"": null, ""binomial_discrete_residual_variance"": null, ""binomial_h_extension_used"": null, ""binomial_n_candidates"": 0, ""binomial_n_max"": null, ""binomial_n_min"": null, ""binomial_n_policy"": null, ""binomial_n_tie_break"": null, ""certified_profiles"": 1, ""optimizer_primary_failed_starts"": 0, ""optimizer_primary_successful_starts"": 2, ""optimizer_results"": [{""fun"": 17195.08338321668, ""jac"": [8.79078706752523e-05, 0.00033152911142053654, 0.0002542380724221971], ""message"": ""CONVERGENCE: REL_REDUCTION_OF_F_<=_FACTR*EPSMCH"", ""method"": ""L-BFGS-B"", ""nfev"": 13, ""nit"": 10, ""status"": 0, ""success"": true, ""x"": [1.2421017290779732, 0.47686203541898914, 0.6902151969118739]}, {""fun"": 17195.083383216675, ""jac"": [-3.579754652704992e-05, 0.00010625828407739846, -1.674505696058759e-05], ""message"": ""CONVERGENCE: REL_REDUCTION_OF_F_<=_FACTR*EPSMCH"", ""method"": ""L-BFGS-B"", ""nfev"": 15, ""nit"": 13, ""status"": 0, ""success"": true, ""x"": [1.242101672548958, 0.47686204981978203, 0.6902151690126908]}], ""poisson_canonical_agreement_abs"": 0.0, ""solver_path"": ""poisson_convex"", ""uncertified_profiles"": 0}"
foul_leaves_5_team,team-quarter,2015-16,9840,optimization,FOUL,0,FTM;PERS_FOUL_DRAWN,12,NB,34426.95997541853,-17195.091565729173,"[0.4768639907353197, 0.6902191600745545]","{""p"": 0.9999930637224533, ""r"": 179069.69711501332}",4,True,optimizer_converged_lbfgsb,19,117,2,-17216.853127506587,21.76156177741359,0.3503671000362374,"{""binomial_discrete_residual_mean"": null, ""binomial_discrete_residual_variance"": null, ""binomial_h_extension_used"": null, ""binomial_n_candidates"": 0, ""binomial_n_max"": null, ""binomial_n_min"": null, ""binomial_n_policy"": null, ""binomial_n_tie_break"": null, ""certified_profiles"": 1, ""optimizer_powell_attempted"": false, ""optimizer_powell_success"": false, ""optimizer_primary_failed_starts"": 0, ""optimizer_primary_successful_starts"": 2, ""optimizer_results"": [{""fun"": 17195.09415164402, ""jac"": [0.0010913936427019754, 0.0010913936366435237, -0.0018189892530420108, -0.00982254196642686], ""message"": ""CONVERGENCE: REL_REDUCTION_OF_F_<=_FACTR*EPSMCH"", ""method"": ""L-BFGS-B"", ""nfev"": 50, ""nit"": 8, ""status"": 0, ""success"": true, ""x"": [0.4768633701230719, 0.6902181611118264, 11.820910787335702, 11.604114168870387]}, {""fun"": 17195.091565729173, ""jac"": [-0.0010913936427019754, 0.000727595757762349, -0.007639754862776445, 0.0018189892530420108], ""message"": ""CONVERGENCE: REL_REDUCTION_OF_F_<=_FACTR*EPSMCH"", ""method"": ""L-BFGS-B"", ""nfev"": 65, ""nit"": 11, ""status"": 0, ""success"": true, ""x"": [0.4768639907353197, 0.6902191600745545, 12.095530378395932, 11.878738367616558]}], ""solver_path"": ""general_convolution"", ""uncertified_profiles"": 0}"
foul_leaves_5_team,team-quarter,2015-16,9840,optimization,FOUL,0,FTM;PERS_FOUL_DRAWN,12,ZIP,34426.943613823685,-17195.08338493175,"[0.4768618853053338, 0.6902153052764665]","{""lam"": 1.2421023839130743, ""rho"": 1.0000000000000007e-09}",4,True,optimizer_converged_lbfgsb,18,122,2,-17216.839721373202,21.75633644145273,0.11392269999487326,"{""binomial_discrete_residual_mean"": null, ""binomial_discrete_residual_variance"": null, ""binomial_h_extension_used"": null, ""binomial_n_candidates"": 0, ""binomial_n_max"": null, ""binomial_n_min"": null, ""binomial_n_policy"": null, ""binomial_n_tie_break"": null, ""certified_profiles"": 1, ""optimizer_powell_attempted"": false, ""optimizer_powell_success"": false, ""optimizer_primary_failed_starts"": 0, ""optimizer_primary_successful_starts"": 2, ""optimizer_results"": [{""fun"": 17195.08338493175, ""jac"": [0.0010913936427019754, 0.0018189893944058726, 0.0010913936427019754, 0.0], ""message"": ""CONVERGENCE: REL_REDUCTION_OF_F_<=_FACTR*EPSMCH"", ""method"": ""L-BFGS-B"", ""nfev"": 55, ""nit"": 7, ""status"": 0, ""success"": true, ""x"": [0.4768618853053338, 0.6902153052764665, 0.21680541482635293, -20.72326583594641]}, {""fun"": 17195.083384937258, ""jac"": [-0.008003553379814485, 0.002910383031049396, -0.002546585166304609, 0.0], ""message"": ""CONVERGENCE: REL_REDUCTION_OF_F_<=_FACTR*EPSMCH"", ""method"": ""L-BFGS-B"", ""nfev"": 65, ""nit"": 11, ""status"": 0, ""success"": true, ""x"": [0.4768618213849902, 0.6902167674737791, 0.21680282759568642, -20.72326583594641]}], ""solver_path"": ""general_convolution"", ""uncertified_profiles"": 0}"
foul_leaves_5_team,team-quarter,2015-16,9840,optimization,FOUL,0,FTM;PERS_FOUL_DRAWN,12,Geom,35328.29482099797,-17650.356094013918,"[0.5820887226251212, 0.8857290409932658]","{""p"": 0.7056360440222912}",3,True,optimizer_converged_lbfgsb,22,114,2,-18584.63357269092,934.2774786770024,0.1657130000530742,"{""binomial_discrete_residual_mean"": null, ""binomial_discrete_residual_variance"": null, ""binomial_h_extension_used"": null, ""binomial_n_candidates"": 0, ""binomial_n_max"": null, ""binomial_n_min"": null, ""binomial_n_policy"": null, ""binomial_n_tie_break"": null, ""certified_profiles"": 1, ""optimizer_powell_attempted"": false, ""optimizer_powell_success"": false, ""optimizer_primary_failed_starts"": 0, ""optimizer_primary_successful_starts"": 2, ""optimizer_results"": [{""fun"": 17650.356094013918, ""jac"": [0.002910383031049396, 0.0010913936366435237, 0.0], ""message"": ""CONVERGENCE: REL_REDUCTION_OF_F_<=_FACTR*EPSMCH"", ""method"": ""L-BFGS-B"", ""nfev"": 56, ""nit"": 11, ""status"": 0, ""success"": true, ""x"": [0.5820887226251212, 0.8857290409932658, 0.8742826389675719]}, {""fun"": 17650.356094015468, ""jac"": [-0.0003637978788811745, -0.0010913936366435237, -0.0018189893944058726], ""message"": ""CONVERGENCE: REL_REDUCTION_OF_F_<=_FACTR*EPSMCH"", ""method"": ""L-BFGS-B"", ""nfev"": 56, ""nit"": 11, ""status"": 0, ""success"": true, ""x"": [0.5820886029256966, 0.8857287053097845, 0.8742804032205573]}], ""solver_path"": ""general_convolution"", ""uncertified_profiles"": 0}"
foul_leaves_5_team,team-quarter,2015-16,9840,optimization,FOUL,0,FTM;PERS_FOUL_DRAWN,12,Binomial,inf,-inf,[],"{""n"": 2}",3,False,infeasible_conditional_support,0,0,0,-inf,0.0,0.0003255000337958336,"{""binomial_discrete_residual_mean"": 1.490404216016013, ""binomial_discrete_residual_variance"": -2.3076148163220127, ""binomial_h_extension_used"": true, ""binomial_n_candidates"": 1, ""binomial_n_max"": 2, ""binomial_n_min"": 2, ""binomial_n_policy"": ""paper_H_binomial_discrete_index_continuous_full_mle"", ""binomial_n_tie_break"": ""not_applicable_single_mom_index"", ""certified_profiles"": 0, ""solver_path"": ""conditional_support_check"", ""support_violating_rows"": 2, ""uncertified_profiles"": 0}"
foul_leaves_5_team,team-quarter,2015-16,9840,optimization,FOUL,0,FTM;PERS_FOUL_DRAWN,12,Bernoulli,inf,-inf,[],{},3,False,infeasible_conditional_support,0,0,0,-inf,0.0,4.2899977415800095e-05,"{""binomial_discrete_residual_mean"": null, ""binomial_discrete_residual_variance"": null, ""binomial_h_extension_used"": null, ""binomial_n_candidates"": 0, ""binomial_n_max"": null, ""binomial_n_min"": null, ""binomial_n_policy"": null, ""binomial_n_tie_break"": null, ""certified_profiles"": 0, ""solver_path"": ""conditional_support_check"", ""support_violating_rows"": 16, ""uncertified_profiles"": 0}"
foul_leaves_5_team,team-quarter,2015-16,9840,optimization,FOUL,0,FTA;FTM;PERS_FOUL_DRAWN,14,Poisson,33717.91953816907,-16840.571347104444,"[0.42009725578390084, 0.0, 0.6573303573633812]","{""lam"": 0.9612953617516775}",4,True,poisson_convex_mle,31,37,2,-16872.93242776752,32.36108066307497,0.04267660004552454,"{""binomial_discrete_residual_mean"": null, ""binomial_discrete_residual_variance"": null, ""binomial_h_extension_used"": null, ""binomial_n_candidates"": 0, ""binomial_n_max"": null, ""binomial_n_min"": null, ""binomial_n_policy"": null, ""binomial_n_tie_break"": null, ""certified_profiles"": 1, ""optimizer_primary_failed_starts"": 0, ""optimizer_primary_successful_starts"": 2, ""optimizer_results"": [{""fun"": 16840.571347104444, ""jac"": [-0.00026010481664417995, -0.0011956976782263595, 24.335098672456915, -0.0007963412173603857], ""message"": ""CONVERGENCE: REL_REDUCTION_OF_F_<=_FACTR*EPSMCH"", ""method"": ""L-BFGS-B"", ""nfev"": 14, ""nit"": 12, ""status"": 0, ""success"": true, ""x"": [0.9612953617516775, 0.42009725578390084, 0.0, 0.6573303573633812]}, {""fun"": 16840.57134710524, ""jac"": [-0.0017037893374141078, -0.010784777283177949, 24.32784799610529, -0.003624745245284444], ""message"": ""CONVERGENCE: REL_REDUCTION_OF_F_<=_FACTR*EPSMCH"", ""method"": ""L-BFGS-B"", ""nfev"": 21, ""nit"": 19, ""status"": 0, ""success"": true, ""x"": [0.9612954408547039, 0.4200971485457873, 0.0, 0.6573302508833784]}], ""poisson_canonical_agreement_abs"": 0.0, ""solver_path"": ""poisson_convex"", ""uncertified_profiles"": 0}"
foul_leaves_5_team,team-quarter,2015-16,9840,optimization,FOUL,0,FTA;FTM;PERS_FOUL_DRAWN,14,NB,33727.12662071989,-16840.57778288483,"[0.4200976165217529, 0.0, 0.6573318934260225]","{""p"": 0.9999937169377033, ""r"": 152996.29834319276}",5,True,optimizer_converged_lbfgsb,24,176,2,-16872.944948921813,32.36716603698369,0.5180524999741465,"{""binomial_discrete_residual_mean"": null, ""binomial_discrete_residual_variance"": null, ""binomial_h_extension_used"": null, ""binomial_n_candidates"": 0, ""binomial_n_max"": null, ""binomial_n_min"": null, ""binomial_n_policy"": null, ""binomial_n_tie_break"": null, ""certified_profiles"": 1, ""optimizer_powell_attempted"": false, ""optimizer_powell_success"": false, ""optimizer_primary_failed_starts"": 0, ""optimizer_primary_successful_starts"": 2, ""optimizer_results"": [{""fun"": 16840.580289077592, ""jac"": [0.01127773430792041, 24.344262783415616, 0.0025465851521682217, 0.0032741806554756193, -0.006912159161559641], ""message"": ""CONVERGENCE: REL_REDUCTION_OF_F_<=_FACTR*EPSMCH"", ""method"": ""L-BFGS-B"", ""nfev"": 66, ""nit"": 9, ""status"": 0, ""success"": true, ""x"": [0.42009855683005554, 0.0, 0.6573331091345628, 11.609276042783812, 11.648761028482877]}, {""fun"": 16840.57778288483, ""jac"": [-0.003274180928105926, 24.33371264487505, 0.000727595757762349, 0.005820765609734434, -0.008003552713384848], ""message"": ""CONVERGENCE: REL_REDUCTION_OF_F_<=_FACTR*EPSMCH"", ""method"": ""L-BFGS-B"", ""nfev"": 108, ""nit"": 15, ""status"": 0, ""success"": true, ""x"": [0.4200976165217529, 0.0, 0.6573318934260225, 11.938169006246556, 11.977646786413791]}], ""solver_path"": ""general_convolution"", ""uncertified_profiles"": 0}"
foul_leaves_5_team,team-quarter,2015-16,9840,optimization,FOUL,0,FTA;FTM;PERS_FOUL_DRAWN,14,ZIP,33727.11375146378,-16840.571348256773,"[0.4200977959171466, 0.0, 0.6573319001583482]","{""lam"": 0.9612892346320621, ""rho"": 1.0000000000000007e-09}",5,True,optimizer_converged_lbfgsb,25,182,2,-16872.93242950011,32.36108124333623,0.1705482000252232,"{""binomial_discrete_residual_mean"": null, ""binomial_discrete_residual_variance"": null, ""binomial_h_extension_used"": null, ""binomial_n_candidates"": 0, ""binomial_n_max"": null, ""binomial_n_min"": null, ""binomial_n_policy"": null, ""binomial_n_tie_break"": null, ""certified_profiles"": 1, ""optimizer_powell_attempted"": false, ""optimizer_powell_success"": false, ""optimizer_primary_failed_starts"": 0, ""optimizer_primary_successful_starts"": 2, ""optimizer_results"": [{""fun"": 16840.571348256773, ""jac"": [0.0014551915236026337, 24.336986825801432, 0.001455191515524698, -0.0036379788064822296, 0.0], ""message"": ""CONVERGENCE: REL_REDUCTION_OF_F_<=_FACTR*EPSMCH"", ""method"": ""L-BFGS-B"", ""nfev"": 72, ""nit"": 9, ""status"": 0, ""success"": true, ""x"": [0.4200977959171466, 0.0, 0.6573319001583482, -0.03947994273302108, -20.72326583594641]}, {""fun"": 16840.57134827575, ""jac"": [0.030922819876555967, 24.35917849652469, 0.004365574546574095, -0.0018189894032411148, 0.0], ""message"": ""CONVERGENCE: REL_REDUCTION_OF_F_<=_FACTR*EPSMCH"", ""method"": ""L-BFGS-B"", ""nfev"": 108, ""nit"": 16, ""status"": 0, ""success"": true, ""x"": [0.42009861179347535, 0.0, 0.6573316027739389, -0.03948253370497533, -20.72326583594641]}], ""solver_path"": ""general_convolution"", ""uncertified_profiles"": 0}"
foul_leaves_5_team,team-quarter,2015-16,9840,optimization,FOUL,0,FTA;FTM;PERS_FOUL_DRAWN,14,Geom,34255.953756136194,-17109.588456088004,"[0.48966964307588245, 0.0, 0.8110627049296018]","{""p"": 0.7858757345524913}",4,True,optimizer_converged_lbfgsb,33,197,2,-17964.842243431918,855.2537873439142,0.2828592999721877,"{""binomial_discrete_residual_mean"": null, ""binomial_discrete_residual_variance"": null, ""binomial_h_extension_used"": null, ""binomial_n_candidates"": 0, ""binomial_n_max"": null, ""binomial_n_min"": null, ""binomial_n_policy"": null, ""binomial_n_tie_break"": null, ""certified_profiles"": 1, ""optimizer_powell_attempted"": false, ""optimizer_powell_success"": false, ""optimizer_primary_failed_starts"": 0, ""optimizer_primary_successful_starts"": 2, ""optimizer_results"": [{""fun"": 17109.5884560903, ""jac"": [-0.0014551915236026337, 14.328179531730711, 0.0, 0.0014551915316805696], ""message"": ""CONVERGENCE: REL_REDUCTION_OF_F_<=_FACTR*EPSMCH"", ""method"": ""L-BFGS-B"", ""nfev"": 100, ""nit"": 17, ""status"": 0, ""success"": true, ""x"": [0.4896698439022514, 0.0, 0.811063184655766, 1.3002503239762493]}, {""fun"": 17109.588456088004, ""jac"": [-0.0018189894045032922, 14.328179531730711, -0.0003637978788811745, 0.0], ""message"": ""CONVERGENCE: REL_REDUCTION_OF_F_<=_FACTR*EPSMCH"", ""method"": ""L-BFGS-B"", ""nfev"": 95, ""nit"": 16, ""status"": 0, ""success"": true, ""x"": [0.48966964307588245, 0.0, 0.8110627049296018, 1.300242155242679]}], ""solver_path"": ""general_convolution"", ""uncertified_profiles"": 0}"
foul_leaves_5_team,team-quarter,2015-16,9840,optimization,FOUL,0,FTA;FTM;PERS_FOUL_DRAWN,14,Binomial,31013.083082619363,-15488.153119329589,"[0.33638193765530594, 0.0, 0.48287002230905934]","{""n"": 2, ""p"": 0.8852659016186515}",4,True,optimizer_converged_lbfgsb,27,212,2,-15937.82678394637,449.673664616781,0.5233029999653809,"{""binomial_discrete_residual_mean"": 1.2612601297412258, ""binomial_discrete_residual_variance"": -2.8705269516511707, ""binomial_h_extension_used"": true, ""binomial_n_candidates"": 1, ""binomial_n_max"": 2, ""binomial_n_min"": 2, ""binomial_n_policy"": ""paper_H_binomial_discrete_index_continuous_full_mle"", ""binomial_n_tie_break"": ""not_applicable_single_mom_index"", ""certified_profiles"": 1, ""optimizer_powell_attempted"": false, ""optimizer_powell_success"": false, ""optimizer_primary_failed_starts"": 0, ""optimizer_primary_successful_starts"": 2, ""optimizer_results"": [{""fun"": 15488.153119329589, ""jac"": [-0.0001818989404503292, 63.82051651598886, -0.0003637978809006584, -0.0001818989414600712], ""message"": ""CONVERGENCE: REL_REDUCTION_OF_F_<=_FACTR*EPSMCH"", ""method"": ""L-BFGS-B"", ""nfev"": 50, ""nit"": 9, ""status"": 0, ""success"": true, ""x"": [0.33638193765530594, 0.0, 0.48287002230905934, 2.0432707905464205]}, {""fun"": 24610.502324702116, ""jac"": [0.0007275957618013168, 77.21901056356728, 0.0, 0.0], ""message"": ""CONVERGENCE: REL_REDUCTION_OF_F_<=_FACTR*EPSMCH"", ""method"": ""L-BFGS-B"", ""nfev"": 160, ""nit"": 18, ""status"": 0, ""success"": true, ""x"": [0.3169773637890595, 0.0, 0.4484689190234496, 20.644621069491485]}], ""solver_path"": ""general_convolution"", ""uncertified_profiles"": 0}"
foul_leaves_5_team,team-quarter,2015-16,9840,optimization,FOUL,0,FTA;FTM;PERS_FOUL_DRAWN,14,Bernoulli,inf,-inf,[],{},4,False,infeasible_conditional_support,0,0,0,-inf,0.0,0.0003173999721184373,"{""binomial_discrete_residual_mean"": null, ""binomial_discrete_residual_variance"": null, ""binomial_h_extension_used"": null, ""binomial_n_candidates"": 0, ""binomial_n_max"": null, ""binomial_n_min"": null, ""binomial_n_policy"": null, ""binomial_n_tie_break"": null, ""certified_profiles"": 0, ""solver_path"": ""conditional_support_check"", ""support_violating_rows"": 2, ""uncertified_profiles"": 0}"
foul_leaves_5_team,team-quarter,2015-16,9840,optimization,FOUL,0,LOOSE_BALL_FOUL_DRAWN,16,Poisson,41175.075119114335,-20578.343348567123,[0.9770670542193441],"{""lam"": 4.325107311485368}",2,True,poisson_convex_mle,8,15,2,-20578.346788408642,0.0034398415191390086,0.02120489999651909,"{""binomial_discrete_residual_mean"": null, ""binomial_discrete_residual_variance"": null, ""binomial_h_extension_used"": null, ""binomial_n_candidates"": 0, ""binomial_n_max"": null, ""binomial_n_min"": null, ""binomial_n_policy"": null, ""binomial_n_tie_break"": null, ""certified_profiles"": 1, ""optimizer_primary_failed_starts"": 0, ""optimizer_primary_successful_starts"": 2, ""optimizer_results"": [{""fun"": 20578.343348567123, ""jac"": [4.086267036185198e-06, -6.263791696659027e-06], ""message"": ""CONVERGENCE: REL_REDUCTION_OF_F_<=_FACTR*EPSMCH"", ""method"": ""L-BFGS-B"", ""nfev"": 6, ""nit"": 3, ""status"": 0, ""success"": true, ""x"": [4.325107311485368, 0.9770670542193441]}, {""fun"": 20578.343348567156, ""jac"": [0.000128908031624686, 0.0002099325522000317], ""message"": ""CONVERGENCE: REL_REDUCTION_OF_F_<=_FACTR*EPSMCH"", ""method"": ""L-BFGS-B"", ""nfev"": 7, ""nit"": 5, ""status"": 0, ""success"": true, ""x"": [4.325107286496949, 0.9770673951878738]}], ""poisson_canonical_agreement_abs"": 0.0, ""solver_path"": ""poisson_convex"", ""uncertified_profiles"": 0}"
foul_leaves_5_team,team-quarter,2015-16,9840,optimization,FOUL,0,LOOSE_BALL_FOUL_DRAWN,16,NB,41184.280999855546,-20578.349183442704,[0.9770685392545128],"{""p"": 0.9999901138519067, ""r"": 437487.39224642195}",3,True,optimizer_converged_lbfgsb,12,78,2,-20578.352687526505,0.003504083801090019,0.20544220000738278,"{""binomial_discrete_residual_mean"": null, ""binomial_discrete_residual_variance"": null, ""binomial_h_extension_used"": null, ""binomial_n_candidates"": 0, ""binomial_n_max"": null, ""binomial_n_min"": null, ""binomial_n_policy"": null, ""binomial_n_tie_break"": null, ""certified_profiles"": 1, ""optimizer_powell_attempted"": false, ""optimizer_powell_success"": false, ""optimizer_primary_failed_starts"": 0, ""optimizer_primary_successful_starts"": 2, ""optimizer_results"": [{""fun"": 20578.349251211304, ""jac"": [0.0, 0.0032741806554756193, -0.004365574207300826], ""message"": ""CONVERGENCE: REL_REDUCTION_OF_F_<=_FACTR*EPSMCH"", ""method"": ""L-BFGS-B"", ""nfev"": 32, ""nit"": 4, ""status"": 0, ""success"": true, ""x"": [0.9770697573457822, 12.977255849254336, 11.512818962811844]}, {""fun"": 20578.349183442704, ""jac"": [0.0, 0.008003552713384848, -0.009094946265210055], ""message"": ""CONVERGENCE: REL_REDUCTION_OF_F_<=_FACTR*EPSMCH"", ""method"": ""L-BFGS-B"", ""nfev"": 44, ""nit"": 8, ""status"": 0, ""success"": true, ""x"": [0.9770685392545128, 12.988803166642104, 11.52436607687974]}], ""solver_path"": ""general_convolution"", ""uncertified_profiles"": 0}"
foul_leaves_5_team,team-quarter,2015-16,9840,optimization,FOUL,0,LOOSE_BALL_FOUL_DRAWN,16,ZIP,41184.26933741642,-20578.343352223143,[0.9770680234582764],"{""lam"": 4.325107060580319, ""rho"": 1.0000000000000007e-09}",3,True,optimizer_converged_lbfgsb,11,70,2,-20578.346792065364,0.0034398422212689184,0.05554570001550019,"{""binomial_discrete_residual_mean"": null, ""binomial_discrete_residual_variance"": null, ""binomial_h_extension_used"": null, ""binomial_n_candidates"": 0, ""binomial_n_max"": null, ""binomial_n_min"": null, ""binomial_n_policy"": null, ""binomial_n_tie_break"": null, ""certified_profiles"": 1, ""optimizer_powell_attempted"": false, ""optimizer_powell_success"": false, ""optimizer_primary_failed_starts"": 0, ""optimizer_primary_successful_starts"": 2, ""optimizer_results"": [{""fun"": 20578.343352226686, ""jac"": [-0.0010913936366435237, 0.010186340721763986, 0.0], ""message"": ""CONVERGENCE: REL_REDUCTION_OF_F_<=_FACTR*EPSMCH"", ""method"": ""L-BFGS-B"", ""nfev"": 32, ""nit"": 5, ""status"": 0, ""success"": true, ""x"": [0.9770639827908193, 1.4644373691107508, -20.72326583594641]}, {""fun"": 20578.343352223143, ""jac"": [0.0003637978788811745, 0.0, 0.0], ""message"": ""CONVERGENCE: REL_REDUCTION_OF_F_<=_FACTR*EPSMCH"", ""method"": ""L-BFGS-B"", ""nfev"": 36, ""nit"": 6, ""status"": 0, ""success"": true, ""x"": [0.9770680234582764, 1.4644368939688732, -20.72326583594641]}], ""solver_path"": ""general_convolution"", ""uncertified_profiles"": 0}"
foul_leaves_5_team,team-quarter,2015-16,9840,optimization,FOUL,0,LOOSE_BALL_FOUL_DRAWN,16,Geom,49701.95493822553,-24841.78325812272,[2.555498833807039],"{""p"": 0.20592785738240987}",2,True,optimizer_converged_lbfgsb,13,53,2,-25292.021305544087,450.2380474213678,0.04205129999900237,"{""binomial_discrete_residual_mean"": null, ""binomial_discrete_residual_variance"": null, ""binomial_h_extension_used"": null, ""binomial_n_candidates"": 0, ""binomial_n_max"": null, ""binomial_n_min"": null, ""binomial_n_policy"": null, ""binomial_n_tie_break"": null, ""certified_profiles"": 1, ""optimizer_powell_attempted"": false, ""optimizer_powell_success"": false, ""optimizer_primary_failed_starts"": 0, ""optimizer_primary_successful_starts"": 2, ""optimizer_results"": [{""fun"": 24841.783258122727, ""jac"": [0.0, -0.0003637978829201424], ""message"": ""CONVERGENCE: REL_REDUCTION_OF_F_<=_FACTR*EPSMCH"", ""method"": ""L-BFGS-B"", ""nfev"": 24, ""nit"": 6, ""status"": 0, ""success"": true, ""x"": [2.555499409008828, -1.3496483177486738]}, {""fun"": 24841.78325812272, ""jac"": [0.0007275957658402848, 0.0], ""message"": ""CONVERGENCE: REL_REDUCTION_OF_F_<=_FACTR*EPSMCH"", ""method"": ""L-BFGS-B"", ""nfev"": 27, ""nit"": 7, ""status"": 0, ""success"": true, ""x"": [2.555498833807039, -1.3496484162682032]}], ""solver_path"": ""general_convolution"", ""uncertified_profiles"": 0}"
foul_leaves_5_team,team-quarter,2015-16,9840,optimization,FOUL,0,LOOSE_BALL_FOUL_DRAWN,16,Binomial,41101.70559268705,-20541.65858535348,[0.9560252264931363],"{""n"": 28, ""p"": 0.15469143228334326}",2,True,optimizer_converged_lbfgsb,12,56,2,-20541.848642426394,0.19005707291216822,0.2590578999952413,"{""binomial_discrete_residual_mean"": 4.3240575258983185, ""binomial_discrete_residual_variance"": 3.658200693025294, ""binomial_h_extension_used"": false, ""binomial_n_candidates"": 1, ""binomial_n_max"": 28, ""binomial_n_min"": 28, ""binomial_n_policy"": ""paper_H_binomial_discrete_index_continuous_full_mle"", ""binomial_n_tie_break"": ""not_applicable_single_mom_index"", ""certified_profiles"": 1, ""optimizer_powell_attempted"": false, ""optimizer_powell_success"": false, ""optimizer_primary_failed_starts"": 0, ""optimizer_primary_successful_starts"": 2, ""optimizer_results"": [{""fun"": 20541.658585353685, ""jac"": [-0.0003637978788811745, 0.0003637978829201424], ""message"": ""CONVERGENCE: REL_REDUCTION_OF_F_<=_FACTR*EPSMCH"", ""method"": ""L-BFGS-B"", ""nfev"": 27, ""nit"": 6, ""status"": 0, ""success"": true, ""x"": [0.9560245310571612, -1.6982693482420117]}, {""fun"": 20541.65858535348, ""jac"": [0.0, 0.0003637978829201424], ""message"": ""CONVERGENCE: REL_REDUCTION_OF_F_<=_FACTR*EPSMCH"", ""method"": ""L-BFGS-B"", ""nfev"": 27, ""nit"": 6, ""status"": 0, ""success"": true, ""x"": [0.9560252264931363, -1.6982693563331728]}], ""solver_path"": ""general_convolution"", ""uncertified_profiles"": 0}"
foul_leaves_5_team,team-quarter,2015-16,9840,optimization,FOUL,0,LOOSE_BALL_FOUL_DRAWN,16,Bernoulli,inf,-inf,[],{},2,False,infeasible_conditional_support,0,0,0,-inf,0.0,0.00020109995966777205,"{""binomial_discrete_residual_mean"": null, ""binomial_discrete_residual_variance"": null, ""binomial_h_extension_used"": null, ""binomial_n_candidates"": 0, ""binomial_n_max"": null, ""binomial_n_min"": null, ""binomial_n_policy"": null, ""binomial_n_tie_break"": null, ""certified_profiles"": 0, ""solver_path"": ""conditional_support_check"", ""support_violating_rows"": 6907, ""uncertified_profiles"": 0}"
foul_leaves_5_team,team-quarter,2015-16,9840,optimization,FOUL,0,FTA;LOOSE_BALL_FOUL_DRAWN,18,Poisson,35130.13457539038,-17551.27597121012,"[0.4621585767025996, 0.6077068027654045]","{""lam"": 1.7631744307589918}",3,True,poisson_convex_mle,25,33,2,-17552.078357218736,0.8023860086141212,0.045506599999498576,"{""binomial_discrete_residual_mean"": null, ""binomial_discrete_residual_variance"": null, ""binomial_h_extension_used"": null, ""binomial_n_candidates"": 0, ""binomial_n_max"": null, ""binomial_n_min"": null, ""binomial_n_policy"": null, ""binomial_n_tie_break"": null, ""certified_profiles"": 1, ""optimizer_primary_failed_starts"": 0, ""optimizer_primary_successful_starts"": 2, ""optimizer_results"": [{""fun"": 17551.27597121012, ""jac"": [-0.00018540291247859386, -0.00011475077675981993, -8.715399139891389e-05], ""message"": ""CONVERGENCE: REL_REDUCTION_OF_F_<=_FACTR*EPSMCH"", ""method"": ""L-BFGS-B"", ""nfev"": 10, ""nit"": 7, ""status"": 0, ""success"": true, ""x"": [1.7631744307589918, 0.4621585767025996, 0.6077068027654045]}, {""fun"": 17551.27597121812, ""jac"": [-0.004141843373545839, -0.023215765964039292, -0.003293923769978946], ""message"": ""CONVERGENCE: REL_REDUCTION_OF_F_<=_FACTR*EPSMCH"", ""method"": ""L-BFGS-B"", ""nfev"": 21, ""nit"": 18, ""status"": 0, ""success"": true, ""x"": [1.7631743346186792, 0.4621584355828818, 0.6077031681852374]}], ""poisson_canonical_agreement_abs"": 0.0, ""solver_path"": ""poisson_convex"", ""uncertified_profiles"": 0}"
foul_leaves_5_team,team-quarter,2015-16,9840,optimization,FOUL,0,FTA;LOOSE_BALL_FOUL_DRAWN,18,NB,35139.35237430088,-17551.287765170346,"[0.46216010284519016, 0.6077139710186236]","{""p"": 0.9999920279186817, ""r"": 221165.51201871416}",4,True,optimizer_converged_lbfgsb,22,132,2,-17552.093252722392,0.805487552046543,0.40632980002555996,"{""binomial_discrete_residual_mean"": null, ""binomial_discrete_residual_variance"": null, ""binomial_h_extension_used"": null, ""binomial_n_candidates"": 0, ""binomial_n_max"": null, ""binomial_n_min"": null, ""binomial_n_policy"": null, ""binomial_n_tie_break"": null, ""certified_profiles"": 1, ""optimizer_powell_attempted"": false, ""optimizer_powell_success"": false, ""optimizer_primary_failed_starts"": 0, ""optimizer_primary_successful_starts"": 2, ""optimizer_results"": [{""fun"": 17551.290699523357, ""jac"": [-0.004729372451708559, 0.000727595757762349, 0.0010913935518252066, -0.006912159161559641], ""message"": ""CONVERGENCE: REL_REDUCTION_OF_F_<=_FACTR*EPSMCH"", ""method"": ""L-BFGS-B"", ""nfev"": 55, ""nit"": 9, ""status"": 0, ""success"": true, ""x"": [0.46215987524063645, 0.6077108284880234, 12.084481818497633, 11.517370375864656]}, {""fun"": 17551.287765170346, ""jac"": [-0.006548361856211852, 0.0021827872732870473, -0.008003552713384848, 0.0018189892530420108], ""message"": ""CONVERGENCE: REL_REDUCTION_OF_F_<=_FACTR*EPSMCH"", ""method"": ""L-BFGS-B"", ""nfev"": 75, ""nit"": 13, ""status"": 0, ""success"": true, ""x"": [0.46216010284519016, 0.6077139710186236, 12.306666623358483, 11.739556983070036]}], ""solver_path"": ""general_convolution"", ""uncertified_profiles"": 0}"
foul_leaves_5_team,team-quarter,2015-16,9840,optimization,FOUL,0,FTA;LOOSE_BALL_FOUL_DRAWN,18,ZIP,35139.328792293534,-17551.275974166674,"[0.4621582220528163, 0.607709211587338]","{""lam"": 1.7631764532942782, ""rho"": 1.0000000000000007e-09}",4,True,optimizer_converged_lbfgsb,21,127,2,-17552.07836020751,0.8023860408356995,0.12311549996957183,"{""binomial_discrete_residual_mean"": null, ""binomial_discrete_residual_variance"": null, ""binomial_h_extension_used"": null, ""binomial_n_candidates"": 0, ""binomial_n_max"": null, ""binomial_n_min"": null, ""binomial_n_policy"": null, ""binomial_n_tie_break"": null, ""certified_profiles"": 1, ""optimizer_powell_attempted"": false, ""optimizer_powell_success"": false, ""optimizer_primary_failed_starts"": 0, ""optimizer_primary_successful_starts"": 2, ""optimizer_results"": [{""fun"": 17551.275974166674, ""jac"": [0.002546585166304609, 0.0018189893944058726, 0.0040017766676929195, 0.0], ""message"": ""CONVERGENCE: REL_REDUCTION_OF_F_<=_FACTR*EPSMCH"", ""method"": ""L-BFGS-B"", ""nfev"": 55, ""nit"": 9, ""status"": 0, ""success"": true, ""x"": [0.4621582220528163, 0.607709211587338, 0.5671169853581786, -20.72326583594641]}, {""fun"": 17551.27597422265, ""jac"": [0.09313225751056856, 0.0025465851521682217, 0.018917489701821076, 0.0], ""message"": ""CONVERGENCE: REL_REDUCTION_OF_F_<=_FACTR*EPSMCH"", ""method"": ""L-BFGS-B"", ""nfev"": 70, ""nit"": 12, ""status"": 0, ""success"": true, ""x"": [0.46216019808496583, 0.6077059069100541, 0.5671143243552935, -20.72326568844645]}], ""solver_path"": ""general_convolution"", ""uncertified_profiles"": 0}"
foul_leaves_5_team,team-quarter,2015-16,9840,optimization,FOUL,0,FTA;LOOSE_BALL_FOUL_DRAWN,18,Geom,37128.390636359756,-18550.40400169481,"[0.6140824739797518, 0.8998340092212104]","{""p"": 0.5561390109596138}",3,True,optimizer_converged_lbfgsb,24,118,2,-19369.605459632603,819.2014579377937,0.1700844000442885,"{""binomial_discrete_residual_mean"": null, ""binomial_discrete_residual_variance"": null, ""binomial_h_extension_used"": null, ""binomial_n_candidates"": 0, ""binomial_n_max"": null, ""binomial_n_min"": null, ""binomial_n_policy"": null, ""binomial_n_tie_break"": null, ""certified_profiles"": 1, ""optimizer_powell_attempted"": false, ""optimizer_powell_success"": false, ""optimizer_primary_failed_starts"": 0, ""optimizer_primary_successful_starts"": 2, ""optimizer_results"": [{""fun"": 18550.40400169481, ""jac"": [0.0021827872732870473, 0.0, 0.0010913936427019754], ""message"": ""CONVERGENCE: REL_REDUCTION_OF_F_<=_FACTR*EPSMCH"", ""method"": ""L-BFGS-B"", ""nfev"": 60, ""nit"": 13, ""status"": 0, ""success"": true, ""x"": [0.6140824739797518, 0.8998340092212104, 0.22550685704925277]}, {""fun"": 18550.404001694813, ""jac"": [-0.001455191515524698, 0.0003637978788811745, -0.0007275957618013168], ""message"": ""CONVERGENCE: REL_REDUCTION_OF_F_<=_FACTR*EPSMCH"", ""method"": ""L-BFGS-B"", ""nfev"": 56, ""nit"": 11, ""status"": 0, ""success"": true, ""x"": [0.6140823284898707, 0.8998339079616059, 0.22550580602872755]}], ""solver_path"": ""general_convolution"", ""uncertified_profiles"": 0}"
foul_leaves_5_team,team-quarter,2015-16,9840,optimization,FOUL,0,FTA;LOOSE_BALL_FOUL_DRAWN,18,Binomial,inf,-inf,[],"{""n"": 2}",3,False,infeasible_conditional_support,0,0,0,-inf,0.0,0.0005249999812804163,"{""binomial_discrete_residual_mean"": 1.7788914573664671, ""binomial_discrete_residual_variance"": -1.8142666133886136, ""binomial_h_extension_used"": true, ""binomial_n_candidates"": 1, ""binomial_n_max"": 2, ""binomial_n_min"": 2, ""binomial_n_policy"": ""paper_H_binomial_discrete_index_continuous_full_mle"", ""binomial_n_tie_break"": ""not_applicable_single_mom_index"", ""certified_profiles"": 0, ""solver_path"": ""conditional_support_check"", ""support_violating_rows"": 94, ""uncertified_profiles"": 0}"
foul_leaves_5_team,team-quarter,2015-16,9840,optimization,FOUL,0,FTA;LOOSE_BALL_FOUL_DRAWN,18,Bernoulli,inf,-inf,[],{},3,False,infeasible_conditional_support,0,0,0,-inf,0.0,0.00021349999587982893,"{""binomial_discrete_residual_mean"": null, ""binomial_discrete_residual_variance"": null, ""binomial_h_extension_used"": null, ""binomial_n_candidates"": 0, ""binomial_n_max"": null, ""binomial_n_min"": null, ""binomial_n_policy"": null, ""binomial_n_tie_break"": null, ""certified_profiles"": 0, ""solver_path"": ""conditional_support_check"", ""support_violating_rows"": 194, ""uncertified_profiles"": 0}"
foul_leaves_5_team,team-quarter,2015-16,9840,optimization,FOUL,0,FTM;LOOSE_BALL_FOUL_DRAWN,20,Poisson,36015.00547019622,-17993.711418613042,"[0.5348480198935704, 0.6424508781234192]","{""lam"": 2.084417036350198}",3,True,poisson_convex_mle,30,36,2,-17994.34141683827,0.6299982252276095,0.05357210000511259,"{""binomial_discrete_residual_mean"": null, ""binomial_discrete_residual_variance"": null, ""binomial_h_extension_used"": null, ""binomial_n_candidates"": 0, ""binomial_n_max"": null, ""binomial_n_min"": null, ""binomial_n_policy"": null, ""binomial_n_tie_break"": null, ""certified_profiles"": 1, ""optimizer_primary_failed_starts"": 0, ""optimizer_primary_successful_starts"": 2, ""optimizer_results"": [{""fun"": 17993.711418613042, ""jac"": [0.0005647106047490524, 0.000846822014892723, 0.00027361350126042794], ""message"": ""CONVERGENCE: REL_REDUCTION_OF_F_<=_FACTR*EPSMCH"", ""method"": ""L-BFGS-B"", ""nfev"": 15, ""nit"": 13, ""status"": 0, ""success"": true, ""x"": [2.084417036350198, 0.5348480198935704, 0.6424508781234192]}, {""fun"": 17993.71141861333, ""jac"": [-0.0007136759572574647, 0.0008264307270451354, -7.050721501222768e-05], ""message"": ""CONVERGENCE: REL_REDUCTION_OF_F_<=_FACTR*EPSMCH"", ""method"": ""L-BFGS-B"", ""nfev"": 19, ""nit"": 17, ""status"": 0, ""success"": true, ""x"": [2.0844157036600346, 0.5348482716087913, 0.6424506660506945]}], ""poisson_canonical_agreement_abs"": 0.0, ""solver_path"": ""poisson_convex"", ""uncertified_profiles"": 0}"
foul_leaves_5_team,team-quarter,2015-16,9840,optimization,FOUL,0,FTM;LOOSE_BALL_FOUL_DRAWN,20,NB,36024.225045429586,-17993.7241007347,"[0.5348514830726426, 0.6424529408422811]","{""p"": 0.9999916533524003, ""r"": 249727.78250808403}",4,True,optimizer_converged_lbfgsb,21,132,2,-17994.35677381518,0.6326730804794352,0.4133016999694519,"{""binomial_discrete_residual_mean"": null, ""binomial_discrete_residual_variance"": null, ""binomial_h_extension_used"": null, ""binomial_n_candidates"": 0, ""binomial_n_max"": null, ""binomial_n_min"": null, ""binomial_n_policy"": null, ""binomial_n_tie_break"": null, ""certified_profiles"": 1, ""optimizer_powell_attempted"": false, ""optimizer_powell_success"": false, ""optimizer_primary_failed_starts"": 0, ""optimizer_primary_successful_starts"": 2, ""optimizer_results"": [{""fun"": 17993.726496046595, ""jac"": [-0.0018189893944058726, 0.0010913936366435237, -0.020372679634070523, -0.007639754862776445], ""message"": ""CONVERGENCE: REL_REDUCTION_OF_F_<=_FACTR*EPSMCH"", ""method"": ""L-BFGS-B"", ""nfev"": 60, ""nit"": 9, ""status"": 0, ""success"": true, ""x"": [0.5348498071447884, 0.642455425037304, 12.255116880887924, 11.520631884534868]}, {""fun"": 17993.7241007347, ""jac"": [0.06148184153091849, 0.002910383031049396, 0.008003552713384848, -0.027648636646238563], ""message"": ""CONVERGENCE: REL_REDUCTION_OF_F_<=_FACTR*EPSMCH"", ""method"": ""L-BFGS-B"", ""nfev"": 70, ""nit"": 12, ""status"": 0, ""success"": true, ""x"": [0.5348514830726426, 0.6424529408422811, 12.42812673362713, 11.693642238077127]}], ""solver_path"": ""general_convolution"", ""uncertified_profiles"": 0}"
foul_leaves_5_team,team-quarter,2015-16,9840,optimization,FOUL,0,FTM;LOOSE_BALL_FOUL_DRAWN,20,ZIP,36024.19968829606,-17993.711422167937,"[0.5348480999603288, 0.6424525865048295]","{""lam"": 2.0844160302237773, ""rho"": 1.0000000000000007e-09}",4,True,optimizer_converged_lbfgsb,20,127,2,-17994.34142046261,0.629998294672987,0.13056729995878413,"{""binomial_discrete_residual_mean"": null, ""binomial_discrete_residual_variance"": null, ""binomial_h_extension_used"": null, ""binomial_n_candidates"": 0, ""binomial_n_max"": null, ""binomial_n_min"": null, ""binomial_n_policy"": null, ""binomial_n_tie_break"": null, ""certified_profiles"": 1, ""optimizer_powell_attempted"": false, ""optimizer_powell_success"": false, ""optimizer_primary_failed_starts"": 0, ""optimizer_primary_successful_starts"": 2, ""optimizer_results"": [{""fun"": 17993.711422167937, ""jac"": [0.0003637978788811745, 0.0010913936366435237, -0.0003637978788811745, 0.0], ""message"": ""CONVERGENCE: REL_REDUCTION_OF_F_<=_FACTR*EPSMCH"", ""method"": ""L-BFGS-B"", ""nfev"": 50, ""nit"": 8, ""status"": 0, ""success"": true, ""x"": [0.5348480999603288, 0.6424525865048295, 0.7344887345931916, -20.72326583594641]}, {""fun"": 17993.71142286287, ""jac"": [0.09749783154015478, 0.03165041546266218, 0.05493347971105735, 0.0], ""message"": ""CONVERGENCE: REL_REDUCTION_OF_F_<=_FACTR*EPSMCH"", ""method"": ""L-BFGS-B"", ""nfev"": 75, ""nit"": 12, ""status"": 0, ""success"": true, ""x"": [0.5348476645943027, 0.6424940025642683, 0.734489938558917, -20.72326583594641]}], ""solver_path"": ""general_convolution"", ""uncertified_profiles"": 0}"
foul_leaves_5_team,team-quarter,2015-16,9840,optimization,FOUL,0,FTM;LOOSE_BALL_FOUL_DRAWN,20,Geom,38653.58832026157,-19313.002843645718,"[0.750231469916495, 1.0036610189012023]","{""p"": 0.4914697549116471}",3,True,optimizer_converged_lbfgsb,20,102,2,-20240.53946445763,927.5366208119121,0.14981149998493493,"{""binomial_discrete_residual_mean"": null, ""binomial_discrete_residual_variance"": null, ""binomial_h_extension_used"": null, ""binomial_n_candidates"": 0, ""binomial_n_max"": null, ""binomial_n_min"": null, ""binomial_n_policy"": null, ""binomial_n_tie_break"": null, ""certified_profiles"": 1, ""optimizer_powell_attempted"": false, ""optimizer_powell_success"": false, ""optimizer_primary_failed_starts"": 0, ""optimizer_primary_successful_starts"": 2, ""optimizer_results"": [{""fun"": 19313.002843645718, ""jac"": [-0.0021827872732870473, 0.0003637978829201424, 0.0003637978806482229], ""message"": ""CONVERGENCE: REL_REDUCTION_OF_F_<=_FACTR*EPSMCH"", ""method"": ""L-BFGS-B"", ""nfev"": 52, ""nit"": 10, ""status"": 0, ""success"": true, ""x"": [0.750231469916495, 1.0036610189012023, -0.034124291352862206]}, {""fun"": 19313.00284365313, ""jac"": [0.004365574546574095, 0.002910383063361139, 0.0014551915225928917], ""message"": ""CONVERGENCE: REL_REDUCTION_OF_F_<=_FACTR*EPSMCH"", ""method"": ""L-BFGS-B"", ""nfev"": 48, ""nit"": 10, ""status"": 0, ""success"": true, ""x"": [0.7502316412257103, 1.0036647358048838, -0.03412282733160741]}], ""solver_path"": ""general_convolution"", ""uncertified_profiles"": 0}"
foul_leaves_5_team,team-quarter,2015-16,9840,optimization,FOUL,0,FTM;LOOSE_BALL_FOUL_DRAWN,20,Binomial,inf,-inf,[],"{""n"": 3}",3,False,infeasible_conditional_support,0,0,0,-inf,0.0,0.00047070003347471356,"{""binomial_discrete_residual_mean"": 2.116615340629818, ""binomial_discrete_residual_variance"": -1.0349436300550967, ""binomial_h_extension_used"": true, ""binomial_n_candidates"": 1, ""binomial_n_max"": 3, ""binomial_n_min"": 3, ""binomial_n_policy"": ""paper_H_binomial_discrete_index_continuous_full_mle"", ""binomial_n_tie_break"": ""not_applicable_single_mom_index"", ""certified_profiles"": 0, ""solver_path"": ""conditional_support_check"", ""support_violating_rows"": 60, ""uncertified_profiles"": 0}"
foul_leaves_5_team,team-quarter,2015-16,9840,optimization,FOUL,0,FTM;LOOSE_BALL_FOUL_DRAWN,20,Bernoulli,inf,-inf,[],{},3,False,infeasible_conditional_support,0,0,0,-inf,0.0,0.0004907000111415982,"{""binomial_discrete_residual_mean"": null, ""binomial_discrete_residual_variance"": null, ""binomial_h_extension_used"": null, ""binomial_n_candidates"": 0, ""binomial_n_max"": null, ""binomial_n_min"": null, ""binomial_n_policy"": null, ""binomial_n_tie_break"": null, ""certified_profiles"": 0, ""solver_path"": ""conditional_support_check"", ""support_violating_rows"": 313, ""uncertified_profiles"": 0}"
foul_leaves_5_team,team-quarter,2015-16,9840,optimization,FOUL,0,FTA;FTM;LOOSE_BALL_FOUL_DRAWN,22,Poisson,35139.32878638053,-17551.275971210172,"[0.46215853721674627, 0.0, 0.607706533201282]","{""lam"": 1.763174584231995}",4,True,poisson_convex_mle,36,42,2,-17556.351958550636,5.075987340464053,0.05814129998907447,"{""binomial_discrete_residual_mean"": null, ""binomial_discrete_residual_variance"": null, ""binomial_h_extension_used"": null, ""binomial_n_candidates"": 0, ""binomial_n_max"": null, ""binomial_n_min"": null, ""binomial_n_policy"": null, ""binomial_n_tie_break"": null, ""certified_profiles"": 1, ""optimizer_primary_failed_starts"": 0, ""optimizer_primary_successful_starts"": 2, ""optimizer_results"": [{""fun"": 17551.275971210172, ""jac"": [-0.00039983837148716006, -0.0022899940149399, 49.4778278799949, -0.0003187625510774339], ""message"": ""CONVERGENCE: REL_REDUCTION_OF_F_<=_FACTR*EPSMCH"", ""method"": ""L-BFGS-B"", ""nfev"": 15, ""nit"": 13, ""status"": 0, ""success"": true, ""x"": [1.763174584231995, 0.46215853721674627, 0.0, 0.607706533201282]}, {""fun"": 17551.27597121147, ""jac"": [-0.0008658799102765347, 0.0032638028558746868, 49.48199618172748, 0.0005187837654654359], ""message"": ""CONVERGENCE: REL_REDUCTION_OF_F_<=_FACTR*EPSMCH"", ""method"": ""L-BFGS-B"", ""nfev"": 25, ""nit"": 23, ""status"": 0, ""success"": true, ""x"": [1.7631729523476019, 0.4621587877786275, 0.0, 0.6077079212955846]}], ""poisson_canonical_agreement_abs"": 3.637978807091713e-12, ""solver_path"": ""poisson_convex"", ""uncertified_profiles"": 0}"
foul_leaves_5_team,team-quarter,2015-16,9840,optimization,FOUL,0,FTA;FTM;LOOSE_BALL_FOUL_DRAWN,22,NB,35148.54687927948,-17551.287912164622,"[0.4621598435578174, 0.0, 0.6077116574957057]","{""p"": 0.9999919285566132, ""r"": 218442.9581332469}",5,True,optimizer_converged_lbfgsb,27,188,2,-17556.366237879214,5.078325714592211,0.5888521999586374,"{""binomial_discrete_residual_mean"": null, ""binomial_discrete_residual_variance"": null, ""binomial_h_extension_used"": null, ""binomial_n_candidates"": 0, ""binomial_n_max"": null, ""binomial_n_min"": null, ""binomial_n_policy"": null, ""binomial_n_tie_break"": null, ""certified_profiles"": 1, ""optimizer_powell_attempted"": false, ""optimizer_powell_success"": false, ""optimizer_primary_failed_starts"": 0, ""optimizer_primary_successful_starts"": 2, ""optimizer_results"": [{""fun"": 17551.29113042393, ""jac"": [-0.014551915236026338, 49.468508223071694, -0.0010913936366435237, -0.01200532907007727, -0.002182787103650413], ""message"": ""CONVERGENCE: REL_REDUCTION_OF_F_<=_FACTR*EPSMCH"", ""method"": ""L-BFGS-B"", ""nfev"": 78, ""nit"": 11, ""status"": 0, ""success"": true, ""x"": [0.46216027317668673, 0.0, 0.6077094990114239, 12.05564377712002, 11.488534119434357]}, {""fun"": 17551.287912164622, ""jac"": [-0.02582964954394675, 49.459777073934674, -0.0003637978788811745, -0.015643307576161294, 0.004001776356692424], ""message"": ""CONVERGENCE: REL_REDUCTION_OF_F_<=_FACTR*EPSMCH"", ""method"": ""L-BFGS-B"", ""nfev"": 108, ""nit"": 16, ""status"": 0, ""success"": true, ""x"": [0.4621598435578174, 0.0, 0.6077116574957057, 12.29428019826031, 11.727170161868633]}], ""solver_path"": ""general_convolution"", ""uncertified_profiles"": 0}"
foul_leaves_5_team,team-quarter,2015-16,9840,optimization,FOUL,0,FTA;FTM;LOOSE_BALL_FOUL_DRAWN,22,ZIP,35148.52300327593,-17551.275974162847,"[0.46215854875988305, 0.0, 0.6077071469995775]","{""lam"": 1.7631748000840586, ""rho"": 1.0000000000000007e-09}",5,True,optimizer_converged_lbfgsb,25,188,2,-17556.351961320357,5.075987157510099,0.16800760000478476,"{""binomial_discrete_residual_mean"": null, ""binomial_discrete_residual_variance"": null, ""binomial_h_extension_used"": null, ""binomial_n_candidates"": 0, ""binomial_n_max"": null, ""binomial_n_min"": null, ""binomial_n_policy"": null, ""binomial_n_tie_break"": null, ""certified_profiles"": 1, ""optimizer_powell_attempted"": false, ""optimizer_powell_success"": false, ""optimizer_primary_failed_starts"": 0, ""optimizer_primary_successful_starts"": 2, ""optimizer_results"": [{""fun"": 17551.275974162847, ""jac"": [0.003274180928105926, 49.481968744657934, 0.0003637978788811745, 0.0010913936366435237, 0.0], ""message"": ""CONVERGENCE: REL_REDUCTION_OF_F_<=_FACTR*EPSMCH"", ""method"": ""L-BFGS-B"", ""nfev"": 78, ""nit"": 10, ""status"": 0, ""success"": true, ""x"": [0.46215854875988305, 0.0, 0.6077071469995775, 0.5671160477259912, -20.72326583594641]}, {""fun"": 17551.27597416513, ""jac"": [0.008003553379814485, 49.485606723465025, 0.0018189893944058726, 0.002910383031049396, 0.0], ""message"": ""CONVERGENCE: REL_REDUCTION_OF_F_<=_FACTR*EPSMCH"", ""method"": ""L-BFGS-B"", ""nfev"": 108, ""nit"": 15, ""status"": 0, ""success"": true, ""x"": [0.462158503916545, 0.0, 0.607709278581882, 0.5671161483049714, -20.723266130904953]}], ""solver_path"": ""general_convolution"", ""uncertified_profiles"": 0}"
foul_leaves_5_team,team-quarter,2015-16,9840,optimization,FOUL,0,FTA;FTM;LOOSE_BALL_FOUL_DRAWN,22,Geom,37137.58484734942,-18550.404001694616,"[0.6140824493453705, 0.0, 0.899833654499642]","{""p"": 0.5561389119217239}",4,True,optimizer_converged_lbfgsb,30,182,2,-19228.39500065304,677.990998958423,0.2637514999951236,"{""binomial_discrete_residual_mean"": null, ""binomial_discrete_residual_variance"": null, ""binomial_h_extension_used"": null, ""binomial_n_candidates"": 0, ""binomial_n_max"": null, ""binomial_n_min"": null, ""binomial_n_policy"": null, ""binomial_n_tie_break"": null, ""certified_profiles"": 1, ""optimizer_powell_attempted"": false, ""optimizer_powell_success"": false, ""optimizer_primary_failed_starts"": 0, ""optimizer_primary_successful_starts"": 2, ""optimizer_results"": [{""fun"": 18550.404001694656, ""jac"": [0.001455191515524698, 25.3075995715335, -0.0003637978788811745, -0.0010913936427019754], ""message"": ""CONVERGENCE: REL_REDUCTION_OF_F_<=_FACTR*EPSMCH"", ""method"": ""L-BFGS-B"", ""nfev"": 95, ""nit"": 17, ""status"": 0, ""success"": true, ""x"": [0.6140824002811848, 0.0, 0.8998338845201705, 0.22550605654705416]}, {""fun"": 18550.404001694616, ""jac"": [0.0021827872732870473, 25.30832716729492, 0.0003637978788811745, 0.0003637978809006584], ""message"": ""CONVERGENCE: REL_REDUCTION_OF_F_<=_FACTR*EPSMCH"", ""method"": ""L-BFGS-B"", ""nfev"": 85, ""nit"": 13, ""status"": 0, ""success"": true, ""x"": [0.6140824493453705, 0.0, 0.899833654499642, 0.22550645583991544]}], ""solver_path"": ""general_convolution"", ""uncertified_profiles"": 0}"
foul_leaves_5_team,team-quarter,2015-16,9840,optimization,FOUL,0,FTA;FTM;LOOSE_BALL_FOUL_DRAWN,22,Binomial,inf,-inf,[],"{""n"": 2}",4,False,infeasible_conditional_support,0,0,0,-inf,0.0,0.00047939998330548406,"{""binomial_discrete_residual_mean"": 1.6791344094559415, ""binomial_discrete_residual_variance"": -2.146351889501793, ""binomial_h_extension_used"": true, ""binomial_n_candidates"": 1, ""binomial_n_max"": 2, ""binomial_n_min"": 2, ""binomial_n_policy"": ""paper_H_binomial_discrete_index_continuous_full_mle"", ""binomial_n_tie_break"": ""not_applicable_single_mom_index"", ""certified_profiles"": 0, ""solver_path"": ""conditional_support_check"", ""support_violating_rows"": 94, ""uncertified_profiles"": 0}"
foul_leaves_5_team,team-quarter,2015-16,9840,optimization,FOUL,0,FTA;FTM;LOOSE_BALL_FOUL_DRAWN,22,Bernoulli,inf,-inf,[],{},4,False,infeasible_conditional_support,0,0,0,-inf,0.0,0.00034849997609853745,"{""binomial_discrete_residual_mean"": null, ""binomial_discrete_residual_variance"": null, ""binomial_h_extension_used"": null, ""binomial_n_candidates"": 0, ""binomial_n_max"": null, ""binomial_n_min"": null, ""binomial_n_policy"": null, ""binomial_n_tie_break"": null, ""certified_profiles"": 0, ""solver_path"": ""conditional_support_check"", ""support_violating_rows"": 194, ""uncertified_profiles"": 0}"
foul_leaves_5_team,team-quarter,2015-16,9840,optimization,FOUL,0,PERS_FOUL_DRAWN;LOOSE_BALL_FOUL_DRAWN,24,Poisson,37661.61321096939,-18817.015288999628,"[0.8881641177162435, 0.9647861863370164]","{""lam"": 2.6727457486872184}",3,True,poisson_convex_mle,14,21,2,-18817.41215620687,0.3968672072405752,0.0340608999831602,"{""binomial_discrete_residual_mean"": null, ""binomial_discrete_residual_variance"": null, ""binomial_h_extension_used"": null, ""binomial_n_candidates"": 0, ""binomial_n_max"": null, ""binomial_n_min"": null, ""binomial_n_policy"": null, ""binomial_n_tie_break"": null, ""certified_profiles"": 1, ""optimizer_primary_failed_starts"": 0, ""optimizer_primary_successful_starts"": 2, ""optimizer_results"": [{""fun"": 18817.015288999628, ""jac"": [2.566721656194204e-05, -2.9664565431630763e-05, 1.4683657809655415e-06], ""message"": ""CONVERGENCE: REL_REDUCTION_OF_F_<=_FACTR*EPSMCH"", ""method"": ""L-BFGS-B"", ""nfev"": 8, ""nit"": 6, ""status"": 0, ""success"": true, ""x"": [2.6727457486872184, 0.8881641177162435, 0.9647861863370164]}, {""fun"": 18817.01528900013, ""jac"": [0.000547356237049712, 0.0025680096974838307, 0.0004230124749895481], ""message"": ""CONVERGENCE: REL_REDUCTION_OF_F_<=_FACTR*EPSMCH"", ""method"": ""L-BFGS-B"", ""nfev"": 11, ""nit"": 8, ""status"": 0, ""success"": true, ""x"": [2.67274520102104, 0.8881645574708401, 0.9647866750722457]}], ""poisson_canonical_agreement_abs"": 0.0, ""solver_path"": ""poisson_convex"", ""uncertified_profiles"": 0}"
foul_leaves_5_team,team-quarter,2015-16,9840,optimization,FOUL,0,PERS_FOUL_DRAWN;LOOSE_BALL_FOUL_DRAWN,24,NB,37670.83056211647,-18817.02685907814,"[0.8881646742017906, 0.9647968371287717]","{""p"": 0.9999910470043264, ""r"": 298527.3589699365}",4,True,optimizer_converged_lbfgsb,23,142,2,-18817.424953612273,0.3980945341318147,0.5093133000191301,"{""binomial_discrete_residual_mean"": null, ""binomial_discrete_residual_variance"": null, ""binomial_h_extension_used"": null, ""binomial_n_candidates"": 0, ""binomial_n_max"": null, ""binomial_n_min"": null, ""binomial_n_policy"": null, ""binomial_n_tie_break"": null, ""certified_profiles"": 1, ""optimizer_powell_attempted"": false, ""optimizer_powell_success"": false, ""optimizer_primary_failed_starts"": 0, ""optimizer_primary_successful_starts"": 2, ""optimizer_results"": [{""fun"": 18817.02827501195, ""jac"": [0.001455191515524698, -0.0018189893944058726, -0.011641531219468869, -0.0061845634603428365], ""message"": ""CONVERGENCE: REL_REDUCTION_OF_F_<=_FACTR*EPSMCH"", ""method"": ""L-BFGS-B"", ""nfev"": 65, ""nit"": 11, ""status"": 0, ""success"": true, ""x"": [0.8881680821936239, 0.9647873010864486, 12.491162999702901, 11.508059371253305]}, {""fun"": 18817.02685907814, ""jac"": [-0.02073647909622695, 0.0021827872732870473, -0.029467625899280574, 0.017098498978594903], ""message"": ""CONVERGENCE: REL_REDUCTION_OF_F_<=_FACTR*EPSMCH"", ""method"": ""L-BFGS-B"", ""nfev"": 75, ""nit"": 12, ""status"": 0, ""success"": true, ""x"": [0.8881646742017906, 0.9647968371287717, 12.606616862455404, 11.623513416500774]}], ""solver_path"": ""general_convolution"", ""uncertified_profiles"": 0}"
foul_leaves_5_team,team-quarter,2015-16,9840,optimization,FOUL,0,PERS_FOUL_DRAWN;LOOSE_BALL_FOUL_DRAWN,24,ZIP,37670.80743039189,-18817.015293215853,"[0.8881642017303223, 0.9647859810814758]","{""lam"": 2.672745859343829, ""rho"": 1.0000000000000007e-09}",4,True,optimizer_converged_lbfgsb,14,102,2,-18817.412160372012,0.3968671561597148,0.12106989999301732,"{""binomial_discrete_residual_mean"": null, ""binomial_discrete_residual_variance"": null, ""binomial_h_extension_used"": null, ""binomial_n_candidates"": 0, ""binomial_n_max"": null, ""binomial_n_min"": null, ""binomial_n_policy"": null, ""binomial_n_tie_break"": null, ""certified_profiles"": 1, ""optimizer_powell_attempted"": false, ""optimizer_powell_success"": false, ""optimizer_primary_failed_starts"": 0, ""optimizer_primary_successful_starts"": 2, ""optimizer_results"": [{""fun"": 18817.015293215853, ""jac"": [0.001455191515524698, 0.0003637978788811745, 0.001455191515524698, 0.0], ""message"": ""CONVERGENCE: REL_REDUCTION_OF_F_<=_FACTR*EPSMCH"", ""method"": ""L-BFGS-B"", ""nfev"": 40, ""nit"": 6, ""status"": 0, ""success"": true, ""x"": [0.8881642017303223, 0.9647859810814758, 0.9831063556983477, -20.72326583594641]}, {""fun"": 18817.01529321602, ""jac"": [-0.0003637978788811745, 0.000727595757762349, -0.0003637978788811745, 0.0], ""message"": ""CONVERGENCE: REL_REDUCTION_OF_F_<=_FACTR*EPSMCH"", ""method"": ""L-BFGS-B"", ""nfev"": 60, ""nit"": 8, ""status"": 0, ""success"": true, ""x"": [0.888164090482098, 0.9647870803112658, 0.9831062257348792, -20.72326583594641]}], ""solver_path"": ""general_convolution"", ""uncertified_profiles"": 0}"
foul_leaves_5_team,team-quarter,2015-16,9840,optimization,FOUL,0,PERS_FOUL_DRAWN;LOOSE_BALL_FOUL_DRAWN,24,Geom,41116.8498155769,-20544.63359130338,"[1.4188852685945048, 1.5228685418045171]","{""p"": 0.39724116878573346}",3,True,optimizer_converged_lbfgsb,20,90,2,-21541.755136783566,997.1215454801859,0.17599870002595708,"{""binomial_discrete_residual_mean"": null, ""binomial_discrete_residual_variance"": null, ""binomial_h_extension_used"": null, ""binomial_n_candidates"": 0, ""binomial_n_max"": null, ""binomial_n_min"": null, ""binomial_n_policy"": null, ""binomial_n_tie_break"": null, ""certified_profiles"": 1, ""optimizer_powell_attempted"": false, ""optimizer_powell_success"": false, ""optimizer_primary_failed_starts"": 0, ""optimizer_primary_successful_starts"": 2, ""optimizer_results"": [{""fun"": 20544.63359130349, ""jac"": [-0.002182787297520854, 0.0003637978829201424, 0.0007275957618013168], ""message"": ""CONVERGENCE: REL_REDUCTION_OF_F_<=_FACTR*EPSMCH"", ""method"": ""L-BFGS-B"", ""nfev"": 44, ""nit"": 10, ""status"": 0, ""success"": true, ""x"": [1.4188850387366034, 1.5228693634306594, -0.416973260384069]}, {""fun"": 20544.63359130338, ""jac"": [0.0003637978829201424, 0.0, -0.0007275957618013168], ""message"": ""CONVERGENCE: REL_REDUCTION_OF_F_<=_FACTR*EPSMCH"", ""method"": ""L-BFGS-B"", ""nfev"": 44, ""nit"": 10, ""status"": 0, ""success"": true, ""x"": [1.4188852685945048, 1.5228685418045171, -0.41697359419471325]}], ""solver_path"": ""general_convolution"", ""uncertified_profiles"": 0}"
foul_leaves_5_team,team-quarter,2015-16,9840,optimization,FOUL,0,PERS_FOUL_DRAWN;LOOSE_BALL_FOUL_DRAWN,24,Binomial,inf,-inf,[],"{""n"": 3}",3,False,infeasible_conditional_support,0,0,0,-inf,0.0,0.0004694999661296606,"{""binomial_discrete_residual_mean"": 2.646858340488892, ""binomial_discrete_residual_variance"": 0.20937284427591907, ""binomial_h_extension_used"": false, ""binomial_n_candidates"": 1, ""binomial_n_max"": 3, ""binomial_n_min"": 3, ""binomial_n_policy"": ""paper_H_binomial_discrete_index_continuous_full_mle"", ""binomial_n_tie_break"": ""not_applicable_single_mom_index"", ""certified_profiles"": 0, ""solver_path"": ""conditional_support_check"", ""support_violating_rows"": 351, ""uncertified_profiles"": 0}"
foul_leaves_5_team,team-quarter,2015-16,9840,optimization,FOUL,0,PERS_FOUL_DRAWN;LOOSE_BALL_FOUL_DRAWN,24,Bernoulli,inf,-inf,[],{},3,False,infeasible_conditional_support,0,0,0,-inf,0.0,0.00022540002828463912,"{""binomial_discrete_residual_mean"": null, ""binomial_discrete_residual_variance"": null, ""binomial_h_extension_used"": null, ""binomial_n_candidates"": 0, ""binomial_n_max"": null, ""binomial_n_min"": null, ""binomial_n_policy"": null, ""binomial_n_tie_break"": null, ""certified_profiles"": 0, ""solver_path"": ""conditional_support_check"", ""support_violating_rows"": 930, ""uncertified_profiles"": 0}"
foul_leaves_5_team,team-quarter,2015-16,9840,optimization,FOUL,0,FTA;PERS_FOUL_DRAWN;LOOSE_BALL_FOUL_DRAWN,26,Poisson,33356.39080791621,-16659.80698197801,"[0.4124624062173345, 0.6790930750995854, 0.7197227517505795]","{""lam"": 0.7509859370866792}",4,True,poisson_convex_mle,37,46,2,-16709.97826941216,50.171287434150145,0.07561430003261194,"{""binomial_discrete_residual_mean"": null, ""binomial_discrete_residual_variance"": null, ""binomial_h_extension_used"": null, ""binomial_n_candidates"": 0, ""binomial_n_max"": null, ""binomial_n_min"": null, ""binomial_n_policy"": null, ""binomial_n_tie_break"": null, ""certified_profiles"": 1, ""optimizer_primary_failed_starts"": 0, ""optimizer_primary_successful_starts"": 2, ""optimizer_results"": [{""fun"": 16659.806982430688, ""jac"": [0.005801646872664712, -0.11773139731512927, -0.022093789078627468, 0.001491552579424793], ""message"": ""CONVERGENCE: REL_REDUCTION_OF_F_<=_FACTR*EPSMCH"", ""method"": ""L-BFGS-B"", ""nfev"": 21, ""nit"": 17, ""status"": 0, ""success"": true, ""x"": [0.7510202471429018, 0.4124574635284978, 0.6790868447100955, 0.7197215939550252]}, {""fun"": 16659.80698197801, ""jac"": [7.657452825604594e-05, -0.0013871372423857053, 0.0029573468907083678, 0.0022473825347403276], ""message"": ""CONVERGENCE: REL_REDUCTION_OF_F_<=_FACTR*EPSMCH"", ""method"": ""L-BFGS-B"", ""nfev"": 23, ""nit"": 20, ""status"": 0, ""success"": true, ""x"": [0.7509859370866792, 0.4124624062173345, 0.6790930750995854, 0.7197227517505795]}], ""poisson_canonical_agreement_abs"": 0.0, ""solver_path"": ""poisson_convex"", ""uncertified_profiles"": 0}"
foul_leaves_5_team,team-quarter,2015-16,9840,optimization,FOUL,0,FTA;PERS_FOUL_DRAWN;LOOSE_BALL_FOUL_DRAWN,26,NB,33365.59468705127,-16659.81181605052,"[0.4124637757950655, 0.6790953158068471, 0.7197231833392408]","{""p"": 0.999994360272841, ""r"": 133157.00719929195}",5,True,optimizer_converged_lbfgsb,32,230,2,-16709.990120371127,50.17830432060873,0.7695524000446312,"{""binomial_discrete_residual_mean"": null, ""binomial_discrete_residual_variance"": null, ""binomial_h_extension_used"": null, ""binomial_n_candidates"": 0, ""binomial_n_max"": null, ""binomial_n_min"": null, ""binomial_n_policy"": null, ""binomial_n_tie_break"": null, ""certified_profiles"": 1, ""optimizer_powell_attempted"": false, ""optimizer_powell_success"": false, ""optimizer_primary_failed_starts"": 0, ""optimizer_primary_successful_starts"": 2, ""optimizer_results"": [{""fun"": 16659.813904272967, ""jac"": [-0.0007275957618013168, 0.0003637978788811745, 0.000727595757762349, 0.0032741806554756193, -0.002182787103650413], ""message"": ""CONVERGENCE: REL_REDUCTION_OF_F_<=_FACTR*EPSMCH"", ""method"": ""L-BFGS-B"", ""nfev"": 102, ""nit"": 14, ""status"": 0, ""success"": true, ""x"": [0.4124644100382069, 0.6790964485077455, 0.7197240166169201, 11.440216695244848, 11.726609402994297]}, {""fun"": 16659.81181605052, ""jac"": [-0.0036379788090065844, -0.0003637978788811745, 0.000727595757762349, -0.011277733368860466, -0.0032741806554756193], ""message"": ""CONVERGENCE: REL_REDUCTION_OF_F_<=_FACTR*EPSMCH"", ""method"": ""L-BFGS-B"", ""nfev"": 126, ""nit"": 18, ""status"": 0, ""success"": true, ""x"": [0.4124637757950655, 0.6790953158068471, 0.7197231833392408, 11.79928421621329, 12.085669229976347]}], ""solver_path"": ""general_convolution"", ""uncertified_profiles"": 0}"
foul_leaves_5_team,team-quarter,2015-16,9840,optimization,FOUL,0,FTA;PERS_FOUL_DRAWN;LOOSE_BALL_FOUL_DRAWN,26,ZIP,33365.5850203694,-16659.806982709582,"[0.4124624378987942, 0.6790924726664543, 0.719720849038367]","{""lam"": 0.750987077618588, ""rho"": 1.0000000000000007e-09}",5,True,optimizer_converged_lbfgsb,31,230,2,-16709.978270867818,50.17128815823526,0.25640389998443425,"{""binomial_discrete_residual_mean"": null, ""binomial_discrete_residual_variance"": null, ""binomial_h_extension_used"": null, ""binomial_n_candidates"": 0, ""binomial_n_max"": null, ""binomial_n_min"": null, ""binomial_n_policy"": null, ""binomial_n_tie_break"": null, ""certified_profiles"": 1, ""optimizer_powell_attempted"": false, ""optimizer_powell_success"": false, ""optimizer_primary_failed_starts"": 0, ""optimizer_primary_successful_starts"": 2, ""optimizer_results"": [{""fun"": 16659.806982732836, ""jac"": [0.0003637978809006584, 0.013824319397484632, -0.000727595757762349, 0.0036379788090065844, 0.0], ""message"": ""CONVERGENCE: REL_REDUCTION_OF_F_<=_FACTR*EPSMCH"", ""method"": ""L-BFGS-B"", ""nfev"": 108, ""nit"": 14, ""status"": 0, ""success"": true, ""x"": [0.41246159365221186, 0.6790942630853858, 0.7197168294388199, -0.2863613871941296, -20.72326583594641]}, {""fun"": 16659.806982709582, ""jac"": [-0.003274180928105926, 0.0003637978788811745, 0.000727595757762349, -0.0003637978809006584, 0.0], ""message"": ""CONVERGENCE: REL_REDUCTION_OF_F_<=_FACTR*EPSMCH"", ""method"": ""L-BFGS-B"", ""nfev"": 120, ""nit"": 17, ""status"": 0, ""success"": true, ""x"": [0.4124624378987942, 0.6790924726664543, 0.719720849038367, -0.28636683426539294, -20.72326583594641]}], ""solver_path"": ""general_convolution"", ""uncertified_profiles"": 0}"
foul_leaves_5_team,team-quarter,2015-16,9840,optimization,FOUL,0,FTA;PERS_FOUL_DRAWN;LOOSE_BALL_FOUL_DRAWN,26,Geom,33660.925977363986,-16812.0745667019,"[0.4665811241652902, 0.8009714346421216, 0.8419907711914676]","{""p"": 0.851387768843354}",4,True,optimizer_converged_lbfgsb,37,222,2,-17658.42266077363,846.3480940717309,0.46479890000773594,"{""binomial_discrete_residual_mean"": null, ""binomial_discrete_residual_variance"": null, ""binomial_h_extension_used"": null, ""binomial_n_candidates"": 0, ""binomial_n_max"": null, ""binomial_n_min"": null, ""binomial_n_policy"": null, ""binomial_n_tie_break"": null, ""certified_profiles"": 1, ""optimizer_powell_attempted"": false, ""optimizer_powell_success"": false, ""optimizer_primary_failed_starts"": 0, ""optimizer_primary_successful_starts"": 2, ""optimizer_results"": [{""fun"": 16812.0745667019, ""jac"": [0.008731149141615803, 0.0, 0.0021827872732870473, 0.001091393648760427], ""message"": ""CONVERGENCE: REL_REDUCTION_OF_F_<=_FACTR*EPSMCH"", ""method"": ""L-BFGS-B"", ""nfev"": 125, ""nit"": 21, ""status"": 0, ""success"": true, ""x"": [0.4665811241652902, 0.8009714346421216, 0.8419907711914676, 1.7455272491958032]}, {""fun"": 16812.07456670228, ""jac"": [-0.01600710675962897, -0.0040017766676929195, -0.000727595757762349, 0.0003637978829201424], ""message"": ""CONVERGENCE: REL_REDUCTION_OF_F_<=_FACTR*EPSMCH"", ""method"": ""L-BFGS-B"", ""nfev"": 95, ""nit"": 16, ""status"": 0, ""success"": true, ""x"": [0.46658067466776465, 0.8009714634152866, 0.8419869372130455, 1.7455161588575063]}], ""solver_path"": ""general_convolution"", ""uncertified_profiles"": 0}"
foul_leaves_5_team,team-quarter,2015-16,9840,optimization,FOUL,0,FTA;PERS_FOUL_DRAWN;LOOSE_BALL_FOUL_DRAWN,26,Binomial,30743.0717297364,-15353.147442888107,"[0.3163581501073616, 0.4673697874718456, 0.4967287501216781]","{""n"": 2, ""p"": 0.8837912440545942}",4,True,optimizer_converged_lbfgsb,28,157,2,-15895.218635847079,542.0711929589725,0.48879849998047575,"{""binomial_discrete_residual_mean"": 1.1513521068587753, ""binomial_discrete_residual_variance"": -3.064171079639614, ""binomial_h_extension_used"": true, ""binomial_n_candidates"": 1, ""binomial_n_max"": 2, ""binomial_n_min"": 2, ""binomial_n_policy"": ""paper_H_binomial_discrete_index_continuous_full_mle"", ""binomial_n_tie_break"": ""not_applicable_single_mom_index"", ""certified_profiles"": 1, ""optimizer_powell_attempted"": false, ""optimizer_powell_success"": false, ""optimizer_primary_failed_starts"": 0, ""optimizer_primary_successful_starts"": 2, ""optimizer_results"": [{""fun"": 15353.147442888107, ""jac"": [-0.005093170332609218, -0.001637090464052963, -0.0005456968213509877, -0.0003637978829201424], ""message"": ""CONVERGENCE: REL_REDUCTION_OF_F_<=_FACTR*EPSMCH"", ""method"": ""L-BFGS-B"", ""nfev"": 65, ""nit"": 12, ""status"": 0, ""success"": true, ""x"": [0.3163581501073616, 0.4673697874718456, 0.4967287501216781, 2.0288326915414414]}, {""fun"": 24452.504568394215, ""jac"": [0.0236468622585428, 0.0061845639753111935, 0.0036379788090065844, 0.0], ""message"": ""CONVERGENCE: REL_REDUCTION_OF_F_<=_FACTR*EPSMCH"", ""method"": ""L-BFGS-B"", ""nfev"": 90, ""nit"": 16, ""status"": 0, ""success"": true, ""x"": [0.29817002829122125, 0.43351842861852186, 0.45969379090479456, 20.592733437544677]}], ""solver_path"": ""general_convolution"", ""uncertified_profiles"": 0}"
foul_leaves_5_team,team-quarter,2015-16,9840,optimization,FOUL,0,FTA;PERS_FOUL_DRAWN;LOOSE_BALL_FOUL_DRAWN,26,Bernoulli,31174.778131577248,-15569.000643808531,"[0.39083628622918964, 0.6358105263118755, 0.6767948157660201]","{""p"": 0.969461856697149}",4,True,optimizer_converged_lbfgsb,55,312,2,-16107.491676323105,538.4910325145738,0.6875443000462838,"{""binomial_discrete_residual_mean"": null, ""binomial_discrete_residual_variance"": null, ""binomial_h_extension_used"": null, ""binomial_n_candidates"": 0, ""binomial_n_max"": null, ""binomial_n_min"": null, ""binomial_n_policy"": null, ""binomial_n_tie_break"": null, ""certified_profiles"": 1, ""optimizer_powell_attempted"": false, ""optimizer_powell_success"": false, ""optimizer_primary_failed_starts"": 0, ""optimizer_primary_successful_starts"": 2, ""optimizer_results"": [{""fun"": 15569.000643808808, ""jac"": [0.003456079868556255, 0.0018189893944058726, -0.00018189893944058725, -0.0001818989414600712], ""message"": ""CONVERGENCE: REL_REDUCTION_OF_F_<=_FACTR*EPSMCH"", ""method"": ""L-BFGS-B"", ""nfev"": 150, ""nit"": 27, ""status"": 0, ""success"": true, ""x"": [0.39083631007190994, 0.6358107209315143, 0.6767938627065336, 3.4577655279838106]}, {""fun"": 15569.000643808531, ""jac"": [-0.0001818989404503292, -0.0003637978788811745, 0.00018189893944058725, 0.0001818989414600712], ""message"": ""CONVERGENCE: REL_REDUCTION_OF_F_<=_FACTR*EPSMCH"", ""method"": ""L-BFGS-B"", ""nfev"": 160, ""nit"": 28, ""status"": 0, ""success"": true, ""x"": [0.39083628622918964, 0.6358105263118755, 0.6767948157660201, 3.4577646282781562]}], ""solver_path"": ""general_convolution"", ""uncertified_profiles"": 0}"
foul_leaves_5_team,team-quarter,2015-16,9840,optimization,FOUL,0,FTM;PERS_FOUL_DRAWN;LOOSE_BALL_FOUL_DRAWN,28,Poisson,34051.81609038318,-17007.519623211498,"[0.46549177948607207, 0.7076634558043936, 0.7393187227550431]","{""lam"": 1.039624622602584}",4,True,poisson_convex_mle,34,41,2,-17038.785709396932,31.266086185434688,0.06980160000966862,"{""binomial_discrete_residual_mean"": null, ""binomial_discrete_residual_variance"": null, ""binomial_h_extension_used"": null, ""binomial_n_candidates"": 0, ""binomial_n_max"": null, ""binomial_n_min"": null, ""binomial_n_policy"": null, ""binomial_n_tie_break"": null, ""certified_profiles"": 1, ""optimizer_primary_failed_starts"": 0, ""optimizer_primary_successful_starts"": 2, ""optimizer_results"": [{""fun"": 17007.519623211498, ""jac"": [-0.001482907722492044, -0.009173605629570147, -0.0015969756579998773, 0.00024296550519942173], ""message"": ""CONVERGENCE: REL_REDUCTION_OF_F_<=_FACTR*EPSMCH"", ""method"": ""L-BFGS-B"", ""nfev"": 18, ""nit"": 15, ""status"": 0, ""success"": true, ""x"": [1.039624622602584, 0.46549177948607207, 0.7076634558043936, 0.7393187227550431]}, {""fun"": 17007.519623214277, ""jac"": [0.003696240295923303, 0.01664657387028967, 0.0035161928908422624, 0.0015758867809196886], ""message"": ""CONVERGENCE: REL_REDUCTION_OF_F_<=_FACTR*EPSMCH"", ""method"": ""L-BFGS-B"", ""nfev"": 21, ""nit"": 19, ""status"": 0, ""success"": true, ""x"": [1.039626129659357, 0.4654923432140931, 0.7076625452673433, 0.7393185905118691]}], ""poisson_canonical_agreement_abs"": 0.0, ""solver_path"": ""poisson_convex"", ""uncertified_profiles"": 0}"
foul_leaves_5_team,team-quarter,2015-16,9840,optimization,FOUL,0,FTM;PERS_FOUL_DRAWN;LOOSE_BALL_FOUL_DRAWN,28,NB,34061.023932597396,-17007.52643882358,"[0.4654968092261102, 0.7076636495411169, 0.7393321145472158]","{""p"": 0.9999935414887262, ""r"": 160964.03456110397}",5,True,optimizer_converged_lbfgsb,26,182,2,-17038.79842860747,31.271989783890604,0.6155912000103854,"{""binomial_discrete_residual_mean"": null, ""binomial_discrete_residual_variance"": null, ""binomial_h_extension_used"": null, ""binomial_n_candidates"": 0, ""binomial_n_max"": null, ""binomial_n_min"": null, ""binomial_n_policy"": null, ""binomial_n_tie_break"": null, ""certified_profiles"": 1, ""optimizer_powell_attempted"": false, ""optimizer_powell_success"": false, ""optimizer_primary_failed_starts"": 0, ""optimizer_primary_successful_starts"": 2, ""optimizer_results"": [{""fun"": 17007.528887170545, ""jac"": [0.017462298283231606, 0.010550138487554062, -0.0003637978788811745, -0.0032741806554756193, -0.010550137667643664], ""message"": ""CONVERGENCE: REL_REDUCTION_OF_F_<=_FACTR*EPSMCH"", ""method"": ""L-BFGS-B"", ""nfev"": 84, ""nit"": 12, ""status"": 0, ""success"": true, ""x"": [0.46549420489148313, 0.7076680954311824, 0.7393197159695294, 11.68199295282104, 11.643149069243888]}, {""fun"": 17007.52643882358, ""jac"": [-0.010913936427019754, -0.03310560697818688, 0.0040017766676929195, -0.027648636646238563, 0.0167347011279865], ""message"": ""CONVERGENCE: REL_REDUCTION_OF_F_<=_FACTR*EPSMCH"", ""method"": ""L-BFGS-B"", ""nfev"": 96, ""nit"": 14, ""status"": 0, ""success"": true, ""x"": [0.4654968092261102, 0.7076636495411169, 0.7393321145472158, 11.988936231192595, 11.950105261173189]}], ""solver_path"": ""general_convolution"", ""uncertified_profiles"": 0}"
foul_leaves_5_team,team-quarter,2015-16,9840,optimization,FOUL,0,FTM;PERS_FOUL_DRAWN;LOOSE_BALL_FOUL_DRAWN,28,ZIP,34061.01030392957,-17007.51962448967,"[0.46549206692381756, 0.7076631767001144, 0.7393177314040905]","{""lam"": 1.0396249035081793, ""rho"": 1.0000000000000007e-09}",5,True,optimizer_converged_lbfgsb,24,176,2,-17038.785711295328,31.266086805659143,0.20634260005317628,"{""binomial_discrete_residual_mean"": null, ""binomial_discrete_residual_variance"": null, ""binomial_h_extension_used"": null, ""binomial_n_candidates"": 0, ""binomial_n_max"": null, ""binomial_n_min"": null, ""binomial_n_policy"": null, ""binomial_n_tie_break"": null, ""certified_profiles"": 1, ""optimizer_powell_attempted"": false, ""optimizer_powell_success"": false, ""optimizer_primary_failed_starts"": 0, ""optimizer_primary_successful_starts"": 2, ""optimizer_results"": [{""fun"": 17007.51962448967, ""jac"": [0.0003637978809006584, 0.0003637978788811745, 0.0, 0.0, 0.0], ""message"": ""CONVERGENCE: REL_REDUCTION_OF_F_<=_FACTR*EPSMCH"", ""method"": ""L-BFGS-B"", ""nfev"": 78, ""nit"": 10, ""status"": 0, ""success"": true, ""x"": [0.46549206692381756, 0.7076631767001144, 0.7393177314040905, 0.03885997839264676, -20.72326583594641]}, {""fun"": 17007.5196244983, ""jac"": [0.009822542784317777, -0.0025465851521682217, 0.000727595757762349, -0.0018189894032411148, 0.0], ""message"": ""CONVERGENCE: REL_REDUCTION_OF_F_<=_FACTR*EPSMCH"", ""method"": ""L-BFGS-B"", ""nfev"": 96, ""nit"": 14, ""status"": 0, ""success"": true, ""x"": [0.4654930026625324, 0.7076628065739922, 0.7393188608756126, 0.03885643490234834, -20.723265793692786]}], ""solver_path"": ""general_convolution"", ""uncertified_profiles"": 0}"
foul_leaves_5_team,team-quarter,2015-16,9840,optimization,FOUL,0,FTM;PERS_FOUL_DRAWN;LOOSE_BALL_FOUL_DRAWN,28,Geom,34673.84073847066,-17318.531947255236,"[0.5522354718181359, 0.8708342428673603, 0.9016213410971872]","{""p"": 0.7647426973612963}",4,True,optimizer_converged_lbfgsb,29,182,2,-18218.72809713806,900.1961498828241,0.3554306000005454,"{""binomial_discrete_residual_mean"": null, ""binomial_discrete_residual_variance"": null, ""binomial_h_extension_used"": null, ""binomial_n_candidates"": 0, ""binomial_n_max"": null, ""binomial_n_min"": null, ""binomial_n_policy"": null, ""binomial_n_tie_break"": null, ""certified_profiles"": 1, ""optimizer_powell_attempted"": false, ""optimizer_powell_success"": false, ""optimizer_primary_failed_starts"": 0, ""optimizer_primary_successful_starts"": 2, ""optimizer_results"": [{""fun"": 17318.531947255236, ""jac"": [0.0010913936366435237, 0.000727595757762349, 0.0010913936366435237, -0.0007275957658402848], ""message"": ""CONVERGENCE: REL_REDUCTION_OF_F_<=_FACTR*EPSMCH"", ""method"": ""L-BFGS-B"", ""nfev"": 95, ""nit"": 15, ""status"": 0, ""success"": true, ""x"": [0.5522354718181359, 0.8708342428673603, 0.9016213410971872, 1.1788596139133012]}, {""fun"": 17318.531947259267, ""jac"": [-0.004365574546574095, 0.0, 0.0, 0.0014551915316805696], ""message"": ""CONVERGENCE: REL_REDUCTION_OF_F_<=_FACTR*EPSMCH"", ""method"": ""L-BFGS-B"", ""nfev"": 85, ""nit"": 14, ""status"": 0, ""success"": true, ""x"": [0.5522356744146559, 0.8708350884629813, 0.901621027660737, 1.1788699048146885]}], ""solver_path"": ""general_convolution"", ""uncertified_profiles"": 0}"
foul_leaves_5_team,team-quarter,2015-16,9840,optimization,FOUL,0,FTM;PERS_FOUL_DRAWN;LOOSE_BALL_FOUL_DRAWN,28,Binomial,31406.261240498257,-15684.742198269036,"[0.38088659077350134, 0.5439724662718131, 0.5631883480667731]","{""n"": 2, ""p"": 0.8836719590787372}",4,True,optimizer_converged_lbfgsb,29,222,2,-16022.80414641177,338.06194814273476,0.6736935000517406,"{""binomial_discrete_residual_mean"": 1.3488985144912617, ""binomial_discrete_residual_variance"": -2.5853375276759296, ""binomial_h_extension_used"": true, ""binomial_n_candidates"": 1, ""binomial_n_max"": 2, ""binomial_n_min"": 2, ""binomial_n_policy"": ""paper_H_binomial_discrete_index_continuous_full_mle"", ""binomial_n_tie_break"": ""not_applicable_single_mom_index"", ""certified_profiles"": 1, ""optimizer_powell_attempted"": false, ""optimizer_powell_success"": false, ""optimizer_primary_failed_starts"": 0, ""optimizer_primary_successful_starts"": 2, ""optimizer_results"": [{""fun"": 15684.742198269036, ""jac"": [0.0003637978809006584, 0.00018189893944058725, 0.0, 0.0], ""message"": ""CONVERGENCE: REL_REDUCTION_OF_F_<=_FACTR*EPSMCH"", ""method"": ""L-BFGS-B"", ""nfev"": 90, ""nit"": 17, ""status"": 0, ""success"": true, ""x"": [0.38088659077350134, 0.5439724662718131, 0.5631883480667731, 2.027671767766859]}, {""fun"": 24770.478876281322, ""jac"": [0.0010913936427019754, 0.0010913936366435237, 0.0003637978788811745, 0.0], ""message"": ""CONVERGENCE: REL_REDUCTION_OF_F_<=_FACTR*EPSMCH"", ""method"": ""L-BFGS-B"", ""nfev"": 130, ""nit"": 12, ""status"": 0, ""success"": true, ""x"": [0.3586773702473507, 0.5062522074494007, 0.522795818919587, 20.560325534003724]}], ""solver_path"": ""general_convolution"", ""uncertified_profiles"": 0}"
foul_leaves_5_team,team-quarter,2015-16,9840,optimization,FOUL,0,FTM;PERS_FOUL_DRAWN;LOOSE_BALL_FOUL_DRAWN,28,Bernoulli,inf,-inf,[],{},4,False,infeasible_conditional_support,0,0,0,-inf,0.0,0.00017930002650246024,"{""binomial_discrete_residual_mean"": null, ""binomial_discrete_residual_variance"": null, ""binomial_h_extension_used"": null, ""binomial_n_candidates"": 0, ""binomial_n_max"": null, ""binomial_n_min"": null, ""binomial_n_policy"": null, ""binomial_n_tie_break"": null, ""certified_profiles"": 0, ""solver_path"": ""conditional_support_check"", ""support_violating_rows"": 5, ""uncertified_profiles"": 0}"
foul_leaves_5_team,team-quarter,2015-16,9840,optimization,FOUL,0,FTA;FTM;PERS_FOUL_DRAWN;LOOSE_BALL_FOUL_DRAWN,30,Poisson,33365.585018895814,-16659.80698197279,"[0.41246245432797496, 0.0, 0.6790923456698896, 0.7197195292283175]","{""lam"": 0.7509876872192739}",5,True,poisson_convex_mle,43,50,2,-16706.011266039437,46.20428406664723,0.07989910000469536,"{""binomial_discrete_residual_mean"": null, ""binomial_discrete_residual_variance"": null, ""binomial_h_extension_used"": null, ""binomial_n_candidates"": 0, ""binomial_n_max"": null, ""binomial_n_min"": null, ""binomial_n_policy"": null, ""binomial_n_tie_break"": null, ""certified_profiles"": 1, ""optimizer_primary_failed_starts"": 0, ""optimizer_primary_successful_starts"": 2, ""optimizer_results"": [{""fun"": 16659.80698197279, ""jac"": [0.0002995642297718426, -0.0016062155766931596, 30.315088294339546, 0.0006815948192507859, 0.00033119567369954694], ""message"": ""CONVERGENCE: REL_REDUCTION_OF_F_<=_FACTR*EPSMCH"", ""method"": ""L-BFGS-B"", ""nfev"": 20, ""nit"": 17, ""status"": 0, ""success"": true, ""x"": [0.7509876872192739, 0.41246245432797496, 0.0, 0.6790923456698896, 0.7197195292283175]}, {""fun"": 16659.80698209803, ""jac"": [-0.005570531169645232, -0.0362841200716737, 30.28871790680927, -0.012634365755078703, -0.013396669977343567], ""message"": ""CONVERGENCE: REL_REDUCTION_OF_F_<=_FACTR*EPSMCH"", ""method"": ""L-BFGS-B"", ""nfev"": 28, ""nit"": 26, ""status"": 0, ""success"": true, ""x"": [0.7509920330265187, 0.41246249809859353, 0.0, 0.6790909844615262, 0.7196997231655798]}], ""poisson_canonical_agreement_abs"": 0.0, ""solver_path"": ""poisson_convex"", ""uncertified_profiles"": 0}"
foul_leaves_5_team,team-quarter,2015-16,9840,optimization,FOUL,0,FTA;FTM;PERS_FOUL_DRAWN;LOOSE_BALL_FOUL_DRAWN,30,NB,33374.788922724154,-16659.81182839194,"[0.41246356744294427, 0.0, 0.6790947394834552, 0.7197215217964564]","{""p"": 0.9999943458641741, ""r"": 132818.23808163137}",6,True,optimizer_converged_lbfgsb,31,261,2,-16706.022970752678,46.21114236073845,0.8192184999934398,"{""binomial_discrete_residual_mean"": null, ""binomial_discrete_residual_variance"": null, ""binomial_h_extension_used"": null, ""binomial_n_candidates"": 0, ""binomial_n_max"": null, ""binomial_n_min"": null, ""binomial_n_policy"": null, ""binomial_n_tie_break"": null, ""certified_profiles"": 1, ""optimizer_powell_attempted"": false, ""optimizer_powell_success"": false, ""optimizer_primary_failed_starts"": 0, ""optimizer_primary_successful_starts"": 2, ""optimizer_results"": [{""fun"": 16659.813966478432, ""jac"": [-0.0036379788090065844, 30.313458410091698, -0.0025465851521682217, -0.000727595757762349, -0.0036379785060840215, -0.0036379785060840215], ""message"": ""CONVERGENCE: REL_REDUCTION_OF_F_<=_FACTR*EPSMCH"", ""method"": ""L-BFGS-B"", ""nfev"": 119, ""nit"": 14, ""status"": 0, ""success"": true, ""x"": [0.41246429108237365, 0.0, 0.6790957892336681, 0.7197221864159258, 11.431272009044912, 11.71766183521927]}, {""fun"": 16659.81182839194, ""jac"": [0.0007275957618013168, 30.31636879313737, 0.000727595757762349, 0.0003637978788811745, 0.002182787103650413, -0.005093169908517631], ""message"": ""CONVERGENCE: REL_REDUCTION_OF_F_<=_FACTR*EPSMCH"", ""method"": ""L-BFGS-B"", ""nfev"": 140, ""nit"": 17, ""status"": 0, ""success"": true, ""x"": [0.41246356744294427, 0.0, 0.6790947394834552, 0.7197215217964564, 11.796736841546933, 12.083117621854186]}], ""solver_path"": ""general_convolution"", ""uncertified_profiles"": 0}"
foul_leaves_5_team,team-quarter,2015-16,9840,optimization,FOUL,0,FTA;FTM;PERS_FOUL_DRAWN;LOOSE_BALL_FOUL_DRAWN,30,ZIP,33374.77923135716,-16659.806982708444,"[0.4124625075736233, 0.0, 0.679092241581353, 0.7197187128510303]","{""lam"": 0.7509877015589094, ""rho"": 1.0000000000000007e-09}",6,True,optimizer_converged_lbfgsb,32,261,2,-16706.011267454276,46.20428474583241,0.28410500002792105,"{""binomial_discrete_residual_mean"": null, ""binomial_discrete_residual_variance"": null, ""binomial_h_extension_used"": null, ""binomial_n_candidates"": 0, ""binomial_n_max"": null, ""binomial_n_min"": null, ""binomial_n_policy"": null, ""binomial_n_tie_break"": null, ""certified_profiles"": 1, ""optimizer_powell_attempted"": false, ""optimizer_powell_success"": false, ""optimizer_primary_failed_starts"": 0, ""optimizer_primary_successful_starts"": 2, ""optimizer_results"": [{""fun"": 16659.806982743314, ""jac"": [0.018189894045032923, 30.32982931472361, 0.02182787273287047, 0.0, 0.005093170332609218, 0.0], ""message"": ""CONVERGENCE: REL_REDUCTION_OF_F_<=_FACTR*EPSMCH"", ""method"": ""L-BFGS-B"", ""nfev"": 105, ""nit"": 12, ""status"": 0, ""success"": true, ""x"": [0.4124618394004769, 0.0, 0.6790954060475289, 0.7197166233287279, -0.2863640585462683, -20.72326583594641]}, {""fun"": 16659.806982708444, ""jac"": [-0.0018189894045032922, 30.314913601614535, -0.0003637978788811745, -0.0003637978788811745, -0.0003637978809006584, 0.0], ""message"": ""CONVERGENCE: REL_REDUCTION_OF_F_<=_FACTR*EPSMCH"", ""method"": ""L-BFGS-B"", ""nfev"": 154, ""nit"": 20, ""status"": 0, ""success"": true, ""x"": [0.4124625075736233, 0.0, 0.679092241581353, 0.7197187128510303, -0.2863660034387639, -20.72326583594641]}], ""solver_path"": ""general_convolution"", ""uncertified_profiles"": 0}"
foul_leaves_5_team,team-quarter,2015-16,9840,optimization,FOUL,0,FTA;FTM;PERS_FOUL_DRAWN;LOOSE_BALL_FOUL_DRAWN,30,Geom,33670.12018834607,-16812.074566697916,"[0.4665810556730389, 0.0, 0.8009716767685606, 0.84198652047385]","{""p"": 0.851387300842865}",5,True,optimizer_converged_lbfgsb,39,266,2,-17629.894481920877,817.8199152229608,0.4924816999700852,"{""binomial_discrete_residual_mean"": null, ""binomial_discrete_residual_variance"": null, ""binomial_h_extension_used"": null, ""binomial_n_candidates"": 0, ""binomial_n_max"": null, ""binomial_n_min"": null, ""binomial_n_policy"": null, ""binomial_n_tie_break"": null, ""certified_profiles"": 1, ""optimizer_powell_attempted"": false, ""optimizer_powell_success"": false, ""optimizer_primary_failed_starts"": 0, ""optimizer_primary_successful_starts"": 2, ""optimizer_results"": [{""fun"": 16812.074566697916, ""jac"": [0.0018189894045032922, 24.812834453769028, 0.0, -0.0003637978788811745, 0.0007275957658402848], ""message"": ""CONVERGENCE: REL_REDUCTION_OF_F_<=_FACTR*EPSMCH"", ""method"": ""L-BFGS-B"", ""nfev"": 132, ""nit"": 20, ""status"": 0, ""success"": true, ""x"": [0.4665810556730389, 0.0, 0.8009716767685606, 0.84198652047385, 1.7455235503708295]}, {""fun"": 16812.074566699575, ""jac"": [-0.017098500402330945, 24.79828253854066, -0.003274180909930571, -0.0010913936366435237, 0.0007275957658402848], ""message"": ""CONVERGENCE: REL_REDUCTION_OF_F_<=_FACTR*EPSMCH"", ""method"": ""L-BFGS-B"", ""nfev"": 132, ""nit"": 19, ""status"": 0, ""success"": true, ""x"": [0.46658078518117974, 0.0, 0.800971894323109, 0.8419869710916098, 1.745525037650795]}], ""solver_path"": ""general_convolution"", ""uncertified_profiles"": 0}"
foul_leaves_5_team,team-quarter,2015-16,9840,optimization,FOUL,0,FTA;FTM;PERS_FOUL_DRAWN;LOOSE_BALL_FOUL_DRAWN,30,Binomial,30752.265940728586,-15353.147442889178,"[0.3163581448834169, 0.0, 0.4673694691129426, 0.4967301811553502]","{""n"": 2, ""p"": 0.883791412642439}",5,True,optimizer_converged_lbfgsb,42,446,2,-15917.639579834913,564.4921369457352,1.2194821000448428,"{""binomial_discrete_residual_mean"": 1.1309934428327106, ""binomial_discrete_residual_variance"": -3.131303968616081, ""binomial_h_extension_used"": true, ""binomial_n_candidates"": 1, ""binomial_n_max"": 2, ""binomial_n_min"": 2, ""binomial_n_policy"": ""paper_H_binomial_discrete_index_continuous_full_mle"", ""binomial_n_tie_break"": ""not_applicable_single_mom_index"", ""certified_profiles"": 1, ""optimizer_powell_attempted"": false, ""optimizer_powell_success"": false, ""optimizer_primary_failed_starts"": 0, ""optimizer_primary_successful_starts"": 2, ""optimizer_results"": [{""fun"": 15353.147442889178, ""jac"": [-0.0029103830472052674, 76.31879270775244, -0.002546585166304609, 0.0007275957618013168, 0.0003637978829201424], ""message"": ""CONVERGENCE: REL_REDUCTION_OF_F_<=_FACTR*EPSMCH"", ""method"": ""L-BFGS-B"", ""nfev"": 120, ""nit"": 17, ""status"": 0, ""success"": true, ""x"": [0.3163581448834169, 0.0, 0.4673694691129426, 0.4967301811553502, 2.028834333030477]}, {""fun"": 24474.112800912768, ""jac"": [0.02328306437764214, 90.60022421181202, -0.07457856558463498, -0.009822542784317777, 0.0], ""message"": ""CONVERGENCE: REL_REDUCTION_OF_F_<=_FACTR*EPSMCH"", ""method"": ""L-BFGS-B"", ""nfev"": 324, ""nit"": 25, ""status"": 0, ""success"": true, ""x"": [0.29817306102313806, 0.0, 0.43350846946520505, 0.4596834027385647, 20.63404946234279]}], ""solver_path"": ""general_convolution"", ""uncertified_profiles"": 0}"
foul_leaves_5_team,team-quarter,2015-16,9840,optimization,FOUL,0,FTA;FTM;PERS_FOUL_DRAWN;LOOSE_BALL_FOUL_DRAWN,30,Bernoulli,31183.972342567566,-15569.000643808668,"[0.39083628573422907, 0.0, 0.6358105715972701, 0.6767944690964263]","{""p"": 0.9694619043719389}",5,True,optimizer_converged_lbfgsb,51,386,2,-16100.022222091524,531.0215782828564,0.7337542999885045,"{""binomial_discrete_residual_mean"": null, ""binomial_discrete_residual_variance"": null, ""binomial_h_extension_used"": null, ""binomial_n_candidates"": 0, ""binomial_n_max"": null, ""binomial_n_min"": null, ""binomial_n_policy"": null, ""binomial_n_tie_break"": null, ""certified_profiles"": 1, ""optimizer_powell_attempted"": false, ""optimizer_powell_success"": false, ""optimizer_primary_failed_starts"": 0, ""optimizer_primary_successful_starts"": 2, ""optimizer_results"": [{""fun"": 15569.000643808668, ""jac"": [-0.0001818989404503292, 47.313005779869854, 0.0, 0.0, 0.0], ""message"": ""CONVERGENCE: REL_REDUCTION_OF_F_<=_FACTR*EPSMCH"", ""method"": ""L-BFGS-B"", ""nfev"": 180, ""nit"": 25, ""status"": 0, ""success"": true, ""x"": [0.39083628573422907, 0.0, 0.6358105715972701, 0.6767944690964263, 3.4577662386114096]}, {""fun"": 15569.000643831925, ""jac"": [0.0036379788090065844, 47.31591616291553, 0.006184563940979967, 0.003274180909930571, -0.001091393648760427], ""message"": ""CONVERGENCE: REL_REDUCTION_OF_F_<=_FACTR*EPSMCH"", ""method"": ""L-BFGS-B"", ""nfev"": 204, ""nit"": 26, ""status"": 0, ""success"": true, ""x"": [0.3908360628478187, 0.0, 0.6358114309839831, 0.6767978482361497, 3.457741158789694]}], ""solver_path"": ""general_convolution"", ""uncertified_profiles"": 0}"
foul_leaves_5_team,team-quarter,2015-16,9840,optimization,FTA,1,,0,Poisson,57732.74126721439,-28861.77352811217,[],"{""lam"": 5.78089430894309}",1,True,analytic_mle,0,1,0,-28861.77352811217,0.0,0.0007547999848611653,"{""binomial_discrete_residual_mean"": null, ""binomial_discrete_residual_variance"": null, ""binomial_h_extension_used"": null, ""binomial_n_candidates"": 0, ""binomial_n_max"": null, ""binomial_n_min"": null, ""binomial_n_policy"": null, ""binomial_n_tie_break"": null, ""certified_profiles"": 1, ""solver_path"": ""analytic_root"", ""uncertified_profiles"": 0}"
foul_leaves_5_team,team-quarter,2015-16,9840,optimization,FTA,1,,0,NB,52455.81163798297,-26218.711608001442,[],"{""p"": 0.3905258315543502, ""r"": 3.704157763016829}",2,True,optimizer_converged_lbfgsb,14,62,2,-26226.095231342042,7.383623340600025,0.26955359999556094,"{""binomial_discrete_residual_mean"": null, ""binomial_discrete_residual_variance"": null, ""binomial_h_extension_used"": null, ""binomial_n_candidates"": 0, ""binomial_n_max"": null, ""binomial_n_min"": null, ""binomial_n_policy"": null, ""binomial_n_tie_break"": null, ""certified_profiles"": 1, ""optimizer_powell_attempted"": false, ""optimizer_powell_success"": false, ""optimizer_primary_failed_starts"": 0, ""optimizer_primary_successful_starts"": 2, ""optimizer_results"": [{""fun"": 26218.711608001442, ""jac"": [-0.002182787297520854, 0.0010913936427019754], ""message"": ""CONVERGENCE: REL_REDUCTION_OF_F_<=_FACTR*EPSMCH"", ""method"": ""L-BFGS-B"", ""nfev"": 30, ""nit"": 7, ""status"": 0, ""success"": true, ""x"": [1.309455908484029, -0.44510244943476884]}, {""fun"": 26218.711608001442, ""jac"": [-0.002182787297520854, 0.0010913936427019754], ""message"": ""CONVERGENCE: REL_REDUCTION_OF_F_<=_FACTR*EPSMCH"", ""method"": ""L-BFGS-B"", ""nfev"": 30, ""nit"": 7, ""status"": 0, ""success"": true, ""x"": [1.309455908484029, -0.44510244943476884]}], ""solver_path"": ""general_convolution"", ""uncertified_profiles"": 0}"
foul_leaves_5_team,team-quarter,2015-16,9840,optimization,FTA,1,,0,ZIP,55554.62954078287,-27768.12055940139,[],"{""lam"": 6.09357875583083, ""rho"": 0.05131394814306239}",2,True,optimizer_converged_lbfgsb,20,80,2,-29442.400681001327,1674.2801215999352,0.07607790001202375,"{""binomial_discrete_residual_mean"": null, ""binomial_discrete_residual_variance"": null, ""binomial_h_extension_used"": null, ""binomial_n_candidates"": 0, ""binomial_n_max"": null, ""binomial_n_min"": null, ""binomial_n_policy"": null, ""binomial_n_tie_break"": null, ""certified_profiles"": 1, ""optimizer_powell_attempted"": false, ""optimizer_powell_success"": false, ""optimizer_primary_failed_starts"": 0, ""optimizer_primary_successful_starts"": 2, ""optimizer_results"": [{""fun"": 27768.12055940139, ""jac"": [-0.0032741809462812814, 0.0014551915316805696], ""message"": ""CONVERGENCE: REL_REDUCTION_OF_F_<=_FACTR*EPSMCH"", ""method"": ""L-BFGS-B"", ""nfev"": 39, ""nit"": 10, ""status"": 0, ""success"": true, ""x"": [1.8072355537619142, -2.9171153150685583]}, {""fun"": 27768.12055940139, ""jac"": [-0.0032741809462812814, 0.0014551915316805696], ""message"": ""CONVERGENCE: REL_REDUCTION_OF_F_<=_FACTR*EPSMCH"", ""method"": ""L-BFGS-B"", ""nfev"": 39, ""nit"": 10, ""status"": 0, ""success"": true, ""x"": [1.8072355537619142, -2.9171153150685583]}], ""solver_path"": ""general_convolution"", ""uncertified_profiles"": 0}"
foul_leaves_5_team,team-quarter,2015-16,9840,optimization,FTA,1,,0,Geom,55830.61213989181,-27910.70896445088,[],"{""p"": 0.1474731730711588}",1,True,analytic_mle,0,1,0,-27910.70896445088,0.0,0.0005007999716326594,"{""binomial_discrete_residual_mean"": null, ""binomial_discrete_residual_variance"": null, ""binomial_h_extension_used"": null, ""binomial_n_candidates"": 0, ""binomial_n_max"": null, ""binomial_n_min"": null, ""binomial_n_policy"": null, ""binomial_n_tie_break"": null, ""certified_profiles"": 1, ""solver_path"": ""analytic_root"", ""uncertified_profiles"": 0}"
foul_leaves_5_team,team-quarter,2015-16,9840,optimization,FTA,1,,0,Binomial,58615.95022060458,-29303.378004807266,[],"{""n"": 100, ""p"": 0.057808943089430895}",1,True,analytic_mle,0,1,0,-29303.378004807266,0.0,0.007155400002375245,"{""binomial_discrete_residual_mean"": 5.78089430894309, ""binomial_discrete_residual_variance"": 13.969878875008273, ""binomial_h_extension_used"": true, ""binomial_n_candidates"": 1, ""binomial_n_max"": 100, ""binomial_n_min"": 100, ""binomial_n_policy"": ""paper_H_binomial_discrete_index_continuous_full_mle"", ""binomial_n_tie_break"": ""not_applicable_single_mom_index"", ""certified_profiles"": 1, ""solver_path"": ""analytic_root"", ""uncertified_profiles"": 0}"
foul_leaves_5_team,team-quarter,2015-16,9840,optimization,FTA,1,,0,Bernoulli,inf,-inf,[],{},1,False,infeasible_root_support,0,0,0,-inf,0.0,7.82000133767724e-05,"{""binomial_discrete_residual_mean"": null, ""binomial_discrete_residual_variance"": null, ""binomial_h_extension_used"": null, ""binomial_n_candidates"": 0, ""binomial_n_max"": null, ""binomial_n_min"": null, ""binomial_n_policy"": null, ""binomial_n_tie_break"": null, ""certified_profiles"": 0, ""solver_path"": ""analytic_root"", ""uncertified_profiles"": 0}"
foul_leaves_5_team,team-quarter,2015-16,9840,optimization,FTA,1,FOUL,1,Poisson,41376.30655741578,-20678.959067717846,[1.2282089316431188],"{""lam"": 0.0600732712717625}",2,True,poisson_convex_mle,28,54,2,-21391.797316022174,712.8382483043279,0.07542820001253858,"{""binomial_discrete_residual_mean"": null, ""binomial_discrete_residual_variance"": null, ""binomial_h_extension_used"": null, ""binomial_n_candidates"": 0, ""binomial_n_max"": null, ""binomial_n_min"": null, ""binomial_n_policy"": null, ""binomial_n_tie_break"": null, ""certified_profiles"": 1, ""optimizer_primary_failed_starts"": 0, ""optimizer_primary_successful_starts"": 2, ""optimizer_results"": [{""fun"": 20678.959067717846, ""jac"": [311.21846261882723, -432.53071087908364], ""message"": ""CONVERGENCE: REL_REDUCTION_OF_F_<=_FACTR*EPSMCH"", ""method"": ""L-BFGS-B"", ""nfev"": 45, ""nit"": 25, ""status"": 0, ""success"": true, ""x"": [0.0600732712717625, 1.2282089316431188]}, {""fun"": 21292.945338760088, ""jac"": [742.7230608438567, -405.0641848941124], ""message"": ""CONVERGENCE: REL_REDUCTION_OF_F_<=_FACTR*EPSMCH"", ""method"": ""L-BFGS-B"", ""nfev"": 7, ""nit"": 3, ""status"": 0, ""success"": true, ""x"": [0.9971282818220484, 1.0434687348916345]}], ""poisson_canonical_agreement_abs"": 0.0, ""solver_path"": ""poisson_convex"", ""uncertified_profiles"": 0}"
foul_leaves_5_team,team-quarter,2015-16,9840,optimization,FTA,1,FOUL,1,NB,41352.6721852597,-20662.54477614478,[1.2497973129238822],"{""p"": 0.9998191472417058, ""r"": 69.21532880383205}",3,True,optimizer_converged_lbfgsb,44,202,2,-21693.557587619478,1031.0128114746985,0.8448544999700971,"{""binomial_discrete_residual_mean"": null, ""binomial_discrete_residual_variance"": null, ""binomial_h_extension_used"": null, ""binomial_n_candidates"": 0, ""binomial_n_max"": null, ""binomial_n_min"": null, ""binomial_n_policy"": null, ""binomial_n_tie_break"": null, ""certified_profiles"": 1, ""optimizer_powell_attempted"": false, ""optimizer_powell_success"": false, ""optimizer_primary_failed_starts"": 0, ""optimizer_primary_successful_starts"": 2, ""optimizer_results"": [{""fun"": 20662.54607461256, ""jac"": [-0.002910383063361139, -0.002910383063361139, -0.001091393648760427], ""message"": ""CONVERGENCE: REL_REDUCTION_OF_F_<=_FACTR*EPSMCH"", ""method"": ""L-BFGS-B"", ""nfev"": 64, ""nit"": 15, ""status"": 0, ""success"": true, ""x"": [1.2497977564987235, 3.5678984044881754, 7.948444384883356]}, {""fun"": 20662.54477614478, ""jac"": [-0.006548361892562563, -0.0018189894146007119, -0.0014551914024336086], ""message"": ""CONVERGENCE: REL_REDUCTION_OF_F_<=_FACTR*EPSMCH"", ""method"": ""L-BFGS-B"", ""nfev"": 136, ""nit"": 29, ""status"": 0, ""success"": true, ""x"": [1.2497973129238822, 4.237222352599152, 8.617646478734466]}], ""solver_path"": ""general_convolution"", ""uncertified_profiles"": 0}"
foul_leaves_5_team,team-quarter,2015-16,9840,optimization,FTA,1,FOUL,1,ZIP,41352.66945915043,-20662.543413090145,[1.2497968596301623],"{""lam"": 0.012523114267970214, ""rho"": 1.0000000898413729e-09}",3,True,optimizer_converged_lbfgsb,63,374,2,-22021.38065859051,1358.8372455003664,0.3940969000104815,"{""binomial_discrete_residual_mean"": null, ""binomial_discrete_residual_variance"": null, ""binomial_h_extension_used"": null, ""binomial_n_candidates"": 0, ""binomial_n_max"": null, ""binomial_n_min"": null, ""binomial_n_policy"": null, ""binomial_n_tie_break"": null, ""certified_profiles"": 1, ""optimizer_powell_attempted"": false, ""optimizer_powell_success"": false, ""optimizer_primary_failed_starts"": 0, ""optimizer_primary_successful_starts"": 2, ""optimizer_results"": [{""fun"": 20662.543413090145, ""jac"": [0.001091393648760427, 0.0, 0.0], ""message"": ""CONVERGENCE: REL_REDUCTION_OF_F_<=_FACTR*EPSMCH"", ""method"": ""L-BFGS-B"", ""nfev"": 144, ""nit"": 22, ""status"": 0, ""success"": true, ""x"": [1.2497968596301623, -4.380179200793607, -20.723265746105042]}, {""fun"": 20662.54360944068, ""jac"": [1.5348632680400807, -0.02910383063361139, 0.0003637978829201424], ""message"": ""CONVERGENCE: REL_REDUCTION_OF_F_<=_FACTR*EPSMCH"", ""method"": ""L-BFGS-B"", ""nfev"": 228, ""nit"": 41, ""status"": 0, ""success"": true, ""x"": [1.249853138418621, -4.38480520970589, -7.122740463498848]}], ""solver_path"": ""general_convolution"", ""uncertified_profiles"": 0}"
foul_leaves_5_team,team-quarter,2015-16,9840,optimization,FTA,1,FOUL,1,Geom,41343.661386963955,-20662.636482491933,[1.2498387578570418],"{""p"": 0.9878464319128276}",2,True,optimizer_converged_lbfgsb,21,125,2,-21476.055668402983,813.4191859110506,11.613526100001764,"{""binomial_discrete_residual_mean"": null, ""binomial_discrete_residual_variance"": null, ""binomial_h_extension_used"": null, ""binomial_n_candidates"": 0, ""binomial_n_max"": null, ""binomial_n_min"": null, ""binomial_n_policy"": null, ""binomial_n_tie_break"": null, ""certified_profiles"": 1, ""optimizer_powell_attempted"": false, ""optimizer_powell_success"": false, ""optimizer_primary_failed_starts"": 0, ""optimizer_primary_successful_starts"": 2, ""optimizer_results"": [{""fun"": 20752.172585124998, ""jac"": [11.923111814824747, 0.0], ""message"": ""CONVERGENCE: REL_REDUCTION_OF_F_<=_FACTR*EPSMCH"", ""method"": ""L-BFGS-B"", ""nfev"": 69, ""nit"": 7, ""status"": 0, ""success"": true, ""x"": [1.2527068902239782, 20.312317193528788]}, {""fun"": 20662.636482491933, ""jac"": [-0.21427695303996386, 0.0003637978829201424], ""message"": ""CONVERGENCE: REL_REDUCTION_OF_F_<=_FACTR*EPSMCH"", ""method"": ""L-BFGS-B"", ""nfev"": 54, ""nit"": 14, ""status"": 0, ""success"": true, ""x"": [1.2498387578570418, 4.397904455980096]}], ""solver_path"": ""general_convolution"", ""uncertified_profiles"": 0}"
foul_leaves_5_team,team-quarter,2015-16,9840,optimization,FTA,1,FOUL,1,Binomial,41343.38021945087,-20662.49589873539,[1.2497712896355697],"{""n"": 2, ""p"": 0.006320388158321023}",2,True,optimizer_converged_lbfgsb,34,146,2,-21497.877248256827,835.3813495214381,0.40138569998089224,"{""binomial_discrete_residual_mean"": -1.4076300537354438, ""binomial_discrete_residual_variance"": -3.516599819391141, ""binomial_h_extension_used"": true, ""binomial_n_candidates"": 1, ""binomial_n_max"": 2, ""binomial_n_min"": 2, ""binomial_n_policy"": ""paper_H_binomial_discrete_index_continuous_full_mle"", ""binomial_n_tie_break"": ""not_applicable_single_mom_index"", ""certified_profiles"": 1, ""optimizer_powell_attempted"": false, ""optimizer_powell_success"": false, ""optimizer_primary_failed_starts"": 0, ""optimizer_primary_successful_starts"": 2, ""optimizer_results"": [{""fun"": 20662.49589875077, ""jac"": [-0.01091393648760427, -0.0003637978829201424], ""message"": ""CONVERGENCE: REL_REDUCTION_OF_F_<=_FACTR*EPSMCH"", ""method"": ""L-BFGS-B"", ""nfev"": 87, ""nit"": 19, ""status"": 0, ""success"": true, ""x"": [1.2497711399956946, -5.057677618020019]}, {""fun"": 20662.49589873539, ""jac"": [-0.001091393648760427, 0.0], ""message"": ""CONVERGENCE: REL_REDUCTION_OF_F_<=_FACTR*EPSMCH"", ""method"": ""L-BFGS-B"", ""nfev"": 57, ""nit"": 15, ""status"": 0, ""success"": true, ""x"": [1.2497712896355697, -5.0576342088801285]}], ""solver_path"": ""general_convolution"", ""uncertified_profiles"": 0}"
foul_leaves_5_team,team-quarter,2015-16,9840,optimization,FTA,1,FOUL,1,Bernoulli,41343.28383351589,-20662.4477057679,[1.2497456133836384],"{""p"": 0.012762727116941151}",2,True,optimizer_converged_lbfgsb,40,158,2,-22210.434849631078,1547.987143863178,0.32235970004694536,"{""binomial_discrete_residual_mean"": null, ""binomial_discrete_residual_variance"": null, ""binomial_h_extension_used"": null, ""binomial_n_candidates"": 0, ""binomial_n_max"": null, ""binomial_n_min"": null, ""binomial_n_policy"": null, ""binomial_n_tie_break"": null, ""certified_profiles"": 1, ""optimizer_powell_attempted"": false, ""optimizer_powell_success"": false, ""optimizer_primary_failed_starts"": 0, ""optimizer_primary_successful_starts"": 2, ""optimizer_results"": [{""fun"": 20662.447705769464, ""jac"": [-0.026557245453170394, 0.0], ""message"": ""CONVERGENCE: REL_REDUCTION_OF_F_<=_FACTR*EPSMCH"", ""method"": ""L-BFGS-B"", ""nfev"": 81, ""nit"": 19, ""status"": 0, ""success"": true, ""x"": [1.2497440047524877, -4.348314941702712]}, {""fun"": 20662.4477057679, ""jac"": [0.025465851804409967, 0.0003637978829201424], ""message"": ""CONVERGENCE: REL_REDUCTION_OF_F_<=_FACTR*EPSMCH"", ""method"": ""L-BFGS-B"", ""nfev"": 75, ""nit"": 21, ""status"": 0, ""success"": true, ""x"": [1.2497456133836384, -4.3483814296211545]}], ""solver_path"": ""general_convolution"", ""uncertified_profiles"": 0}"
foul_leaves_5_team,team-quarter,2015-16,9840,optimization,FTA,1,FTM,4,Poisson,36655.59570309492,-18318.603640557416,[1.1895197660450283],"{""lam"": 0.576382668875479}",2,True,poisson_convex_mle,17,25,2,-18335.414597469946,16.810956912529946,0.036679300013929605,"{""binomial_discrete_residual_mean"": null, ""binomial_discrete_residual_variance"": null, ""binomial_h_extension_used"": null, ""binomial_n_candidates"": 0, ""binomial_n_max"": null, ""binomial_n_min"": null, ""binomial_n_policy"": null, ""binomial_n_tie_break"": null, ""certified_profiles"": 1, ""optimizer_primary_failed_starts"": 0, ""optimizer_primary_successful_starts"": 2, ""optimizer_results"": [{""fun"": 18318.60364055742, ""jac"": [-4.518393602448434e-05, -0.00011364689051596155], ""message"": ""CONVERGENCE: REL_REDUCTION_OF_F_<=_FACTR*EPSMCH"", ""method"": ""L-BFGS-B"", ""nfev"": 10, ""nit"": 7, ""status"": 0, ""success"": true, ""x"": [0.5763826573540533, 1.1895197661117147]}, {""fun"": 18318.603640557416, ""jac"": [-1.019864597107123e-05, -3.7704595320375844e-05], ""message"": ""CONVERGENCE: REL_REDUCTION_OF_F_<=_FACTR*EPSMCH"", ""method"": ""L-BFGS-B"", ""nfev"": 13, ""nit"": 10, ""status"": 0, ""success"": true, ""x"": [0.576382668875479, 1.1895197660450283]}], ""poisson_canonical_agreement_abs"": 0.0, ""solver_path"": ""poisson_convex"", ""uncertified_profiles"": 0}"
foul_leaves_5_team,team-quarter,2015-16,9840,optimization,FTA,1,FTM,4,NB,36664.79273503607,-18318.605051032966,[1.1895205776033884],"{""p"": 0.9999910760979716, ""r"": 64587.69685236822}",3,True,optimizer_converged_lbfgsb,39,234,2,-18335.41708086081,16.812029827844526,1.0073184000211768,"{""binomial_discrete_residual_mean"": null, ""binomial_discrete_residual_variance"": null, ""binomial_h_extension_used"": null, ""binomial_n_candidates"": 0, ""binomial_n_max"": null, ""binomial_n_min"": null, ""binomial_n_policy"": null, ""binomial_n_tie_break"": null, ""certified_profiles"": 1, ""optimizer_powell_attempted"": false, ""optimizer_powell_success"": false, ""optimizer_primary_failed_starts"": 0, ""optimizer_primary_successful_starts"": 2, ""optimizer_results"": [{""fun"": 18318.605051032966, ""jac"": [-0.0032741809462812814, -0.006548361310951239, -0.004365574207300826], ""message"": ""CONVERGENCE: REL_REDUCTION_OF_F_<=_FACTR*EPSMCH"", ""method"": ""L-BFGS-B"", ""nfev"": 36, ""nit"": 7, ""status"": 0, ""success"": true, ""x"": [1.1895205776033884, 11.07577922043083, 11.626768335945076]}, {""fun"": 18318.606356605385, ""jac"": [0.0014551915316805696, 0.0061845634603428365, -0.005456967759126033], ""message"": ""CONVERGENCE: REL_REDUCTION_OF_F_<=_FACTR*EPSMCH"", ""method"": ""L-BFGS-B"", ""nfev"": 196, ""nit"": 32, ""status"": 0, ""success"": true, ""x"": [1.1895210130727585, 10.420535058965292, 10.971527058719948]}], ""solver_path"": ""general_convolution"", ""uncertified_profiles"": 0}"
foul_leaves_5_team,team-quarter,2015-16,9840,optimization,FTA,1,FTM,4,ZIP,36664.789914281224,-18318.603640655543,[1.1895198654328922],"{""lam"": 0.5763822183070743, ""rho"": 1.0000002923966426e-09}",3,True,optimizer_converged_lbfgsb,43,234,2,-18335.414597519844,16.81095686430126,0.24959599995054305,"{""binomial_discrete_residual_mean"": null, ""binomial_discrete_residual_variance"": null, ""binomial_h_extension_used"": null, ""binomial_n_candidates"": 0, ""binomial_n_max"": null, ""binomial_n_min"": null, ""binomial_n_policy"": null, ""binomial_n_tie_break"": null, ""certified_profiles"": 1, ""optimizer_powell_attempted"": false, ""optimizer_powell_success"": false, ""optimizer_primary_failed_starts"": 0, ""optimizer_primary_successful_starts"": 2, ""optimizer_results"": [{""fun"": 18318.603640655543, ""jac"": [0.0, -0.000727595757762349, 0.0], ""message"": ""CONVERGENCE: REL_REDUCTION_OF_F_<=_FACTR*EPSMCH"", ""method"": ""L-BFGS-B"", ""nfev"": 40, ""nit"": 7, ""status"": 0, ""success"": true, ""x"": [1.1895198654328922, -0.5509842649039771, -20.72326554354981]}, {""fun"": 18318.60369599903, ""jac"": [-0.001091393648760427, 0.0, 0.0], ""message"": ""CONVERGENCE: REL_REDUCTION_OF_F_<=_FACTR*EPSMCH"", ""method"": ""L-BFGS-B"", ""nfev"": 192, ""nit"": 36, ""status"": 0, ""success"": true, ""x"": [1.1895197192784084, -0.5509828357269301, -14.384677975110701]}], ""solver_path"": ""general_convolution"", ""uncertified_profiles"": 0}"
foul_leaves_5_team,team-quarter,2015-16,9840,optimization,FTA,1,FTM,4,Geom,36799.42244793887,-18390.51701297939,[1.2341035585842903],"{""p"": 0.7239478077260874}",2,True,optimizer_converged_lbfgsb,19,122,2,-18526.638459075562,136.12144609617098,0.21869960002368316,"{""binomial_discrete_residual_mean"": null, ""binomial_discrete_residual_variance"": null, ""binomial_h_extension_used"": null, ""binomial_n_candidates"": 0, ""binomial_n_max"": null, ""binomial_n_min"": null, ""binomial_n_policy"": null, ""binomial_n_tie_break"": null, ""certified_profiles"": 1, ""optimizer_powell_attempted"": false, ""optimizer_powell_success"": false, ""optimizer_primary_failed_starts"": 0, ""optimizer_primary_successful_starts"": 2, ""optimizer_results"": [{""fun"": 18390.51701297988, ""jac"": [-0.005820766126722278, 0.0], ""message"": ""CONVERGENCE: REL_REDUCTION_OF_F_<=_FACTR*EPSMCH"", ""method"": ""L-BFGS-B"", ""nfev"": 33, ""nit"": 8, ""status"": 0, ""success"": true, ""x"": [1.234103387605491, 0.9641292830379952]}, {""fun"": 18390.51701297939, ""jac"": [0.0, 0.0010913936366435237], ""message"": ""CONVERGENCE: REL_REDUCTION_OF_F_<=_FACTR*EPSMCH"", ""method"": ""L-BFGS-B"", ""nfev"": 87, ""nit"": 11, ""status"": 0, ""success"": true, ""x"": [1.2341035585842903, 0.9641293507298239]}], ""solver_path"": ""general_convolution"", ""uncertified_profiles"": 0}"
foul_leaves_5_team,team-quarter,2015-16,9840,optimization,FTA,1,FTM,4,Binomial,inf,-inf,[],"{""n"": 2}",2,False,infeasible_conditional_support,0,0,0,-inf,0.0,0.0002908000024035573,"{""binomial_discrete_residual_mean"": 0.7238472639371629, ""binomial_discrete_residual_variance"": -3.1278755318378746, ""binomial_h_extension_used"": true, ""binomial_n_candidates"": 1, ""binomial_n_max"": 2, ""binomial_n_min"": 2, ""binomial_n_policy"": ""paper_H_binomial_discrete_index_continuous_full_mle"", ""binomial_n_tie_break"": ""not_applicable_single_mom_index"", ""certified_profiles"": 0, ""solver_path"": ""conditional_support_check"", ""support_violating_rows"": 26, ""uncertified_profiles"": 0}"
foul_leaves_5_team,team-quarter,2015-16,9840,optimization,FTA,1,FTM,4,Bernoulli,inf,-inf,[],{},2,False,infeasible_conditional_support,0,0,0,-inf,0.0,5.099998088553548e-05,"{""binomial_discrete_residual_mean"": null, ""binomial_discrete_residual_variance"": null, ""binomial_h_extension_used"": null, ""binomial_n_candidates"": 0, ""binomial_n_max"": null, ""binomial_n_min"": null, ""binomial_n_policy"": null, ""binomial_n_tie_break"": null, ""certified_profiles"": 0, ""solver_path"": ""conditional_support_check"", ""support_violating_rows"": 93, ""uncertified_profiles"": 0}"
foul_leaves_5_team,team-quarter,2015-16,9840,optimization,FTA,1,FOUL;FTM,5,Poisson,35825.873716935144,-17899.145541982503,"[0.33812461487993106, 0.9645723314624062]","{""lam"": 0.0}",3,True,poisson_convex_mle,21,30,2,-18361.45637152555,462.31082954304657,0.042139100027270615,"{""binomial_discrete_residual_mean"": null, ""binomial_discrete_residual_variance"": null, ""binomial_h_extension_used"": null, ""binomial_n_candidates"": 0, ""binomial_n_max"": null, ""binomial_n_min"": null, ""binomial_n_policy"": null, ""binomial_n_tie_break"": null, ""certified_profiles"": 1, ""optimizer_primary_failed_starts"": 0, ""optimizer_primary_successful_starts"": 2, ""optimizer_results"": [{""fun"": 17899.145541982503, ""jac"": [299.0575045458016, 0.00011963621059862817, 5.7420239201633194e-05], ""message"": ""CONVERGENCE: REL_REDUCTION_OF_F_<=_FACTR*EPSMCH"", ""method"": ""L-BFGS-B"", ""nfev"": 11, ""nit"": 8, ""status"": 0, ""success"": true, ""x"": [0.0, 0.33812461487993106, 0.9645723314624062]}, {""fun"": 17899.145541982503, ""jac"": [299.0574745816589, -7.630809477632283e-07, -7.364072871496319e-07], ""message"": ""CONVERGENCE: NORM_OF_PROJECTED_GRADIENT_<=_PGTOL"", ""method"": ""L-BFGS-B"", ""nfev"": 17, ""nit"": 13, ""status"": 0, ""success"": true, ""x"": [0.0, 0.33812460772610703, 0.9645723367603369]}], ""poisson_canonical_agreement_abs"": 0.0, ""solver_path"": ""poisson_convex"", ""uncertified_profiles"": 0}"
foul_leaves_5_team,team-quarter,2015-16,9840,optimization,FTA,1,FOUL;FTM,5,NB,35835.06936434874,-17899.146260194277,"[0.3381805307691241, 0.9645134291433599]","{""p"": 0.9997472750756274, ""r"": 0.00930723764120208}",4,True,optimizer_converged_lbfgsb,34,297,2,-18361.47102237428,462.32476218000375,1.2089393999776803,"{""binomial_discrete_residual_mean"": null, ""binomial_discrete_residual_variance"": null, ""binomial_h_extension_used"": null, ""binomial_n_candidates"": 0, ""binomial_n_max"": null, ""binomial_n_min"": null, ""binomial_n_policy"": null, ""binomial_n_tie_break"": null, ""certified_profiles"": 1, ""optimizer_powell_attempted"": false, ""optimizer_powell_success"": false, ""optimizer_primary_failed_starts"": 0, ""optimizer_primary_successful_starts"": 2, ""optimizer_results"": [{""fun"": 17899.148528899266, ""jac"": [0.0007275957618013168, 0.0, 0.0018189894035369376, -0.0018189892530420108], ""message"": ""CONVERGENCE: REL_REDUCTION_OF_F_<=_FACTR*EPSMCH"", ""method"": ""L-BFGS-B"", ""nfev"": 50, ""nit"": 7, ""status"": 0, ""success"": true, ""x"": [0.33812183139926, 0.9645730644492982, -0.0006275559858026205, 11.51354760043335]}, {""fun"": 17899.146260194277, ""jac"": [0.3910827219682078, -0.1098669594221147, 0.007275957658402847, -0.0007275957012168043], ""message"": ""CONVERGENCE: REL_REDUCTION_OF_F_<=_FACTR*EPSMCH"", ""method"": ""L-BFGS-B"", ""nfev"": 245, ""nit"": 27, ""status"": 0, ""success"": true, ""x"": [0.3381805307691241, 0.9645134291433599, -4.67696294050595, 8.282956159307558]}], ""solver_path"": ""general_convolution"", ""uncertified_profiles"": 0}"
foul_leaves_5_team,team-quarter,2015-16,9840,optimization,FTA,1,FOUL;FTM,5,ZIP,35835.06792798509,-17899.14554201245,"[0.33812470631911634, 0.9645722448219879]","{""lam"": 9.999999999999996e-11, ""rho"": 1.0000000000000007e-09}",4,True,optimizer_converged_lbfgsb,37,242,2,-18361.45637167206,462.3108296596074,0.24849800002994016,"{""binomial_discrete_residual_mean"": null, ""binomial_discrete_residual_variance"": null, ""binomial_h_extension_used"": null, ""binomial_n_candidates"": 0, ""binomial_n_max"": null, ""binomial_n_min"": null, ""binomial_n_policy"": null, ""binomial_n_tie_break"": null, ""certified_profiles"": 1, ""optimizer_powell_attempted"": false, ""optimizer_powell_success"": false, ""optimizer_primary_failed_starts"": 0, ""optimizer_primary_successful_starts"": 2, ""optimizer_results"": [{""fun"": 17899.14554201245, ""jac"": [0.0010913936427019754, 0.0, 0.0, 0.0], ""message"": ""CONVERGENCE: REL_REDUCTION_OF_F_<=_FACTR*EPSMCH"", ""method"": ""L-BFGS-B"", ""nfev"": 50, ""nit"": 7, ""status"": 0, ""success"": true, ""x"": [0.33812470631911634, 0.9645722448219879, -23.025850929940457, -20.72326583594641]}, {""fun"": 17899.14562765239, ""jac"": [-0.026921043186648723, 0.005093170304336443, 0.0, 0.0], ""message"": ""CONVERGENCE: REL_REDUCTION_OF_F_<=_FACTR*EPSMCH"", ""method"": ""L-BFGS-B"", ""nfev"": 190, ""nit"": 30, ""status"": 0, ""success"": true, ""x"": [0.33812093425395273, 0.964576037714821, -12.496173957081783, 2.490533303037768]}], ""solver_path"": ""general_convolution"", ""uncertified_profiles"": 0}"
foul_leaves_5_team,team-quarter,2015-16,9840,optimization,FTA,1,FOUL;FTM,5,Geom,35825.873717533264,-17899.145542281563,"[0.3381246427197618, 0.9645722980584467]","{""p"": 0.9999999990000001}",3,True,optimizer_converged_lbfgsb,38,202,2,-18361.456372990626,462.31083070906243,22.191043900034856,"{""binomial_discrete_residual_mean"": null, ""binomial_discrete_residual_variance"": null, ""binomial_h_extension_used"": null, ""binomial_n_candidates"": 0, ""binomial_n_max"": null, ""binomial_n_min"": null, ""binomial_n_policy"": null, ""binomial_n_tie_break"": null, ""certified_profiles"": 1, ""optimizer_powell_attempted"": false, ""optimizer_powell_success"": false, ""optimizer_primary_failed_starts"": 0, ""optimizer_primary_successful_starts"": 2, ""optimizer_results"": [{""fun"": 17899.145542281563, ""jac"": [0.0007275957618013168, 0.0, 0.0], ""message"": ""CONVERGENCE: REL_REDUCTION_OF_F_<=_FACTR*EPSMCH"", ""method"": ""L-BFGS-B"", ""nfev"": 40, ""nit"": 7, ""status"": 0, ""success"": true, ""x"": [0.3381246427197618, 0.9645722980584467, 20.723265871272886]}, {""fun"": 17899.14562644096, ""jac"": [0.0029103830472052674, -0.0010913936366435237, 0.0], ""message"": ""CONVERGENCE: REL_REDUCTION_OF_F_<=_FACTR*EPSMCH"", ""method"": ""L-BFGS-B"", ""nfev"": 160, ""nit"": 31, ""status"": 0, ""success"": true, ""x"": [0.3381249819999842, 0.9645718694987911, 15.079898438777562]}], ""solver_path"": ""general_convolution"", ""uncertified_profiles"": 0}"
foul_leaves_5_team,team-quarter,2015-16,9840,optimization,FTA,1,FOUL;FTM,5,Binomial,35825.87371813146,-17899.14554258066,"[0.33812470761636587, 0.9645722373255518]","{""n"": 2, ""p"": 1.0000000000000007e-09}",3,True,optimizer_converged_lbfgsb,45,238,2,-18361.456374455698,462.3108318750383,0.6607746999943629,"{""binomial_discrete_residual_mean"": -0.6138689338260441, ""binomial_discrete_residual_variance"": -5.0306236727332045, ""binomial_h_extension_used"": true, ""binomial_n_candidates"": 1, ""binomial_n_max"": 2, ""binomial_n_min"": 2, ""binomial_n_policy"": ""paper_H_binomial_discrete_index_continuous_full_mle"", ""binomial_n_tie_break"": ""not_applicable_single_mom_index"", ""certified_profiles"": 1, ""optimizer_powell_attempted"": false, ""optimizer_powell_success"": false, ""optimizer_primary_failed_starts"": 0, ""optimizer_primary_successful_starts"": 2, ""optimizer_results"": [{""fun"": 17899.14554258066, ""jac"": [0.0010913936427019754, 0.0003637978788811745, 0.0], ""message"": ""CONVERGENCE: REL_REDUCTION_OF_F_<=_FACTR*EPSMCH"", ""method"": ""L-BFGS-B"", ""nfev"": 40, ""nit"": 7, ""status"": 0, ""success"": true, ""x"": [0.33812470761636587, 0.9645722373255518, -20.72326583594641]}, {""fun"": 17899.145545334784, ""jac"": [0.0003637978809006584, 0.0003637978788811745, 0.0], ""message"": ""CONVERGENCE: REL_REDUCTION_OF_F_<=_FACTR*EPSMCH"", ""method"": ""L-BFGS-B"", ""nfev"": 196, ""nit"": 38, ""status"": 0, ""success"": true, ""x"": [0.3381246173928294, 0.9645723294248508, -18.999652479292298]}], ""solver_path"": ""general_convolution"", ""uncertified_profiles"": 0}"
foul_leaves_5_team,team-quarter,2015-16,9840,optimization,FTA,1,FOUL;FTM,5,Bernoulli,35825.87371753329,-17899.145542281578,"[0.33812467226874043, 0.964572265569432]","{""p"": 1.0000000000000007e-09}",3,True,optimizer_converged_lbfgsb,44,210,2,-18361.456372990626,462.3108307090479,0.4019692000001669,"{""binomial_discrete_residual_mean"": null, ""binomial_discrete_residual_variance"": null, ""binomial_h_extension_used"": null, ""binomial_n_candidates"": 0, ""binomial_n_max"": null, ""binomial_n_min"": null, ""binomial_n_policy"": null, ""binomial_n_tie_break"": null, ""certified_profiles"": 1, ""optimizer_powell_attempted"": false, ""optimizer_powell_success"": false, ""optimizer_primary_failed_starts"": 0, ""optimizer_primary_successful_starts"": 2, ""optimizer_results"": [{""fun"": 17899.145542281578, ""jac"": [0.0007275957618013168, 0.0003637978788811745, 0.0], ""message"": ""CONVERGENCE: REL_REDUCTION_OF_F_<=_FACTR*EPSMCH"", ""method"": ""L-BFGS-B"", ""nfev"": 40, ""nit"": 7, ""status"": 0, ""success"": true, ""x"": [0.33812467226874043, 0.964572265569432, -20.72326583594641]}, {""fun"": 17899.1456573481, ""jac"": [-0.25866029332036816, -0.1982698439902401, 0.0], ""message"": ""CONVERGENCE: REL_REDUCTION_OF_F_<=_FACTR*EPSMCH"", ""method"": ""L-BFGS-B"", ""nfev"": 168, ""nit"": 37, ""status"": 0, ""success"": true, ""x"": [0.33811730377511817, 0.9645734871447116, -14.775168899772234]}], ""solver_path"": ""general_convolution"", ""uncertified_profiles"": 0}"
foul_leaves_5_team,team-quarter,2015-16,9840,optimization,FTA,1,PERS_FOUL_DRAWN,8,Poisson,55472.53395098131,-27727.07276450061,[0.7494024867633597],"{""lam"": 4.383609018576677}",2,True,poisson_convex_mle,11,18,2,-27753.516047988,26.443283487387816,0.029124599997885525,"{""binomial_discrete_residual_mean"": null, ""binomial_discrete_residual_variance"": null, ""binomial_h_extension_used"": null, ""binomial_n_candidates"": 0, ""binomial_n_max"": null, ""binomial_n_min"": null, ""binomial_n_policy"": null, ""binomial_n_tie_break"": null, ""certified_profiles"": 1, ""optimizer_primary_failed_starts"": 0, ""optimizer_primary_successful_starts"": 2, ""optimizer_results"": [{""fun"": 27727.0727645007, ""jac"": [-0.0002880954763553323, 0.00017406280906562266], ""message"": ""CONVERGENCE: REL_REDUCTION_OF_F_<=_FACTR*EPSMCH"", ""method"": ""L-BFGS-B"", ""nfev"": 7, ""nit"": 5, ""status"": 0, ""success"": true, ""x"": [4.38360854824138, 0.7494026681664664]}, {""fun"": 27727.07276450061, ""jac"": [3.470310270781152e-05, 2.04389814313366e-05], ""message"": ""CONVERGENCE: REL_REDUCTION_OF_F_<=_FACTR*EPSMCH"", ""method"": ""L-BFGS-B"", ""nfev"": 9, ""nit"": 6, ""status"": 0, ""success"": true, ""x"": [4.383609018576677, 0.7494024867633597]}], ""poisson_canonical_agreement_abs"": 0.0, ""solver_path"": ""poisson_convex"", ""uncertified_profiles"": 0}"
foul_leaves_5_team,team-quarter,2015-16,9840,optimization,FTA,1,PERS_FOUL_DRAWN,8,NB,51884.29941330761,-25928.358390168738,[0.6043106402495755],"{""p"": 0.39169513580270776, ""r"": 2.9968575884718667}",3,True,optimizer_converged_lbfgsb,17,94,2,-25930.168029089724,1.8096389209858899,0.4145777999656275,"{""binomial_discrete_residual_mean"": null, ""binomial_discrete_residual_variance"": null, ""binomial_h_extension_used"": null, ""binomial_n_candidates"": 0, ""binomial_n_max"": null, ""binomial_n_min"": null, ""binomial_n_policy"": null, ""binomial_n_tie_break"": null, ""certified_profiles"": 1, ""optimizer_powell_attempted"": false, ""optimizer_powell_success"": false, ""optimizer_primary_failed_starts"": 0, ""optimizer_primary_successful_starts"": 2, ""optimizer_results"": [{""fun"": 25928.358390168738, ""jac"": [-0.0010913936366435237, 0.0007275957658402848, -0.0010913936427019754], ""message"": ""CONVERGENCE: REL_REDUCTION_OF_F_<=_FACTR*EPSMCH"", ""method"": ""L-BFGS-B"", ""nfev"": 48, ""nit"": 9, ""status"": 0, ""success"": true, ""x"": [0.6043106402495755, 1.0975642691781038, -0.440192355249185]}, {""fun"": 25928.358390170855, ""jac"": [0.0003637978788811745, -0.002182787297520854, 0.0029103830472052674], ""message"": ""CONVERGENCE: REL_REDUCTION_OF_F_<=_FACTR*EPSMCH"", ""method"": ""L-BFGS-B"", ""nfev"": 44, ""nit"": 8, ""status"": 0, ""success"": true, ""x"": [0.6043111338453416, 1.0975665489427915, -0.44018968370901973]}], ""solver_path"": ""general_convolution"", ""uncertified_profiles"": 0}"
foul_leaves_5_team,team-quarter,2015-16,9840,optimization,FTA,1,PERS_FOUL_DRAWN,8,ZIP,52388.36010069106,-26180.38873386046,[0.9330819637492775],"{""lam"": 5.084778955300839, ""rho"": 0.2052491441923901}",3,True,optimizer_converged_lbfgsb,20,98,2,-26389.974995916476,209.58626205601468,0.11598309996770695,"{""binomial_discrete_residual_mean"": null, ""binomial_discrete_residual_variance"": null, ""binomial_h_extension_used"": null, ""binomial_n_candidates"": 0, ""binomial_n_max"": null, ""binomial_n_min"": null, ""binomial_n_policy"": null, ""binomial_n_tie_break"": null, ""certified_profiles"": 1, ""optimizer_powell_attempted"": false, ""optimizer_powell_success"": false, ""optimizer_primary_failed_starts"": 0, ""optimizer_primary_successful_starts"": 2, ""optimizer_results"": [{""fun"": 26180.388733862605, ""jac"": [-0.0025465851521682217, -0.009822542838843843, 0.001091393648760427], ""message"": ""CONVERGENCE: REL_REDUCTION_OF_F_<=_FACTR*EPSMCH"", ""method"": ""L-BFGS-B"", ""nfev"": 44, ""nit"": 9, ""status"": 0, ""success"": true, ""x"": [0.9330817726661148, 1.6262512020767406, -1.3538045325768242]}, {""fun"": 26180.38873386046, ""jac"": [-0.000727595757762349, -0.0007275957658402848, 0.0], ""message"": ""CONVERGENCE: REL_REDUCTION_OF_F_<=_FACTR*EPSMCH"", ""method"": ""L-BFGS-B"", ""nfev"": 52, ""nit"": 11, ""status"": 0, ""success"": true, ""x"": [0.9330819637492775, 1.6262515586050068, -1.353804097879078]}], ""solver_path"": ""general_convolution"", ""uncertified_profiles"": 0}"
foul_leaves_5_team,team-quarter,2015-16,9840,optimization,FTA,1,PERS_FOUL_DRAWN,8,Geom,53080.59131054648,-26531.101444283195,[1.0815364032259849],"{""p"": 0.2098929009036209}",2,True,optimizer_converged_lbfgsb,11,47,2,-26595.89863016444,64.79718588124524,0.07823839999036863,"{""binomial_discrete_residual_mean"": null, ""binomial_discrete_residual_variance"": null, ""binomial_h_extension_used"": null, ""binomial_n_candidates"": 0, ""binomial_n_max"": null, ""binomial_n_min"": null, ""binomial_n_policy"": null, ""binomial_n_tie_break"": null, ""certified_profiles"": 1, ""optimizer_powell_attempted"": false, ""optimizer_powell_success"": false, ""optimizer_primary_failed_starts"": 0, ""optimizer_primary_successful_starts"": 2, ""optimizer_results"": [{""fun"": 26531.101444283195, ""jac"": [0.0003637978829201424, 0.0003637978829201424], ""message"": ""CONVERGENCE: REL_REDUCTION_OF_F_<=_FACTR*EPSMCH"", ""method"": ""L-BFGS-B"", ""nfev"": 21, ""nit"": 5, ""status"": 0, ""success"": true, ""x"": [1.0815364032259849, -1.325571099820534]}, {""fun"": 26531.10144428332, ""jac"": [-0.0007275957658402848, -0.0007275957658402848], ""message"": ""CONVERGENCE: REL_REDUCTION_OF_F_<=_FACTR*EPSMCH"", ""method"": ""L-BFGS-B"", ""nfev"": 24, ""nit"": 6, ""status"": 0, ""success"": true, ""x"": [1.0815361874602771, -1.3255712639662398]}], ""solver_path"": ""general_convolution"", ""uncertified_profiles"": 0}"
foul_leaves_5_team,team-quarter,2015-16,9840,optimization,FTA,1,PERS_FOUL_DRAWN,8,Binomial,55865.37510283725,-27923.49334042858,[0.782225288211463],"{""n"": 100, ""p"": 0.04322409774350315}",2,True,optimizer_converged_lbfgsb,10,47,2,-27938.119440302355,14.626099873774365,0.36489650001749396,"{""binomial_discrete_residual_mean"": 4.163804593893472, ""binomial_discrete_residual_variance"": 10.712612960617253, ""binomial_h_extension_used"": true, ""binomial_n_candidates"": 1, ""binomial_n_max"": 100, ""binomial_n_min"": 100, ""binomial_n_policy"": ""paper_H_binomial_discrete_index_continuous_full_mle"", ""binomial_n_tie_break"": ""not_applicable_single_mom_index"", ""certified_profiles"": 1, ""optimizer_powell_attempted"": false, ""optimizer_powell_success"": false, ""optimizer_primary_failed_starts"": 0, ""optimizer_primary_successful_starts"": 2, ""optimizer_results"": [{""fun"": 27923.49334042868, ""jac"": [-0.001455191515524698, -0.0025465851804409964], ""message"": ""CONVERGENCE: REL_REDUCTION_OF_F_<=_FACTR*EPSMCH"", ""method"": ""L-BFGS-B"", ""nfev"": 21, ""nit"": 5, ""status"": 0, ""success"": true, ""x"": [0.7822252295424323, -3.097171089373585]}, {""fun"": 27923.49334042858, ""jac"": [-0.0003637978788811745, -0.0018189894146007119], ""message"": ""CONVERGENCE: REL_REDUCTION_OF_F_<=_FACTR*EPSMCH"", ""method"": ""L-BFGS-B"", ""nfev"": 24, ""nit"": 5, ""status"": 0, ""success"": true, ""x"": [0.782225288211463, -3.097171039246481]}], ""solver_path"": ""general_convolution"", ""uncertified_profiles"": 0}"
foul_leaves_5_team,team-quarter,2015-16,9840,optimization,FTA,1,PERS_FOUL_DRAWN,8,Bernoulli,inf,-inf,[],{},2,False,infeasible_conditional_support,0,0,0,-inf,0.0,6.419996498152614e-05,"{""binomial_discrete_residual_mean"": null, ""binomial_discrete_residual_variance"": null, ""binomial_h_extension_used"": null, ""binomial_n_candidates"": 0, ""binomial_n_max"": null, ""binomial_n_min"": null, ""binomial_n_policy"": null, ""binomial_n_tie_break"": null, ""certified_profiles"": 0, ""solver_path"": ""conditional_support_check"", ""support_violating_rows"": 1473, ""uncertified_profiles"": 0}"
foul_leaves_5_team,team-quarter,2015-16,9840,optimization,FTA,1,FOUL;PERS_FOUL_DRAWN,9,Poisson,41352.66945913867,-20662.543413084266,"[1.2497969348257245, 0.0]","{""lam"": 0.012522566636108182}",3,True,poisson_convex_mle,55,97,2,-20796.722735310035,134.17932222576928,0.14329610002459958,"{""binomial_discrete_residual_mean"": null, ""binomial_discrete_residual_variance"": null, ""binomial_h_extension_used"": null, ""binomial_n_candidates"": 0, ""binomial_n_max"": null, ""binomial_n_min"": null, ""binomial_n_policy"": null, ""binomial_n_tie_break"": null, ""certified_profiles"": 1, ""optimizer_primary_failed_starts"": 0, ""optimizer_primary_successful_starts"": 2, ""optimizer_results"": [{""fun"": 20693.768008025938, ""jac"": [-90.81547812940923, -1505.0473458812417, 1634.7954917995626], ""message"": ""CONVERGENCE: REL_REDUCTION_OF_F_<=_FACTR*EPSMCH"", ""method"": ""L-BFGS-B"", ""nfev"": 47, ""nit"": 26, ""status"": 0, ""success"": true, ""x"": [0.022668425113363755, 1.2075366441706876, 0.0]}, {""fun"": 20662.543413084266, ""jac"": [-0.0001343583669495274, -0.0002805040348903276, 2173.432954935994], ""message"": ""CONVERGENCE: REL_REDUCTION_OF_F_<=_FACTR*EPSMCH"", ""method"": ""L-BFGS-B"", ""nfev"": 48, ""nit"": 29, ""status"": 0, ""success"": true, ""x"": [0.012522566636108182, 1.2497969348257245, 0.0]}], ""poisson_canonical_agreement_abs"": 0.0, ""solver_path"": ""poisson_convex"", ""uncertified_profiles"": 0}"
foul_leaves_5_team,team-quarter,2015-16,9840,optimization,FTA,1,FOUL;PERS_FOUL_DRAWN,9,NB,41361.86899724334,-20662.546076641578,"[1.2497977551475001, 0.0]","{""p"": 0.9996466381929864, ""r"": 35.415655819547595}",4,True,optimizer_converged_lbfgsb,16,237,2,-20769.093512831612,106.5474361900342,1.0127042999956757,"{""binomial_discrete_residual_mean"": null, ""binomial_discrete_residual_variance"": null, ""binomial_h_extension_used"": null, ""binomial_n_candidates"": 0, ""binomial_n_max"": null, ""binomial_n_min"": null, ""binomial_n_policy"": null, ""binomial_n_tie_break"": null, ""certified_profiles"": 1, ""optimizer_powell_attempted"": false, ""optimizer_powell_success"": false, ""optimizer_primary_failed_starts"": 1, ""optimizer_primary_successful_starts"": 1, ""optimizer_results"": [{""fun"": 20662.546076641578, ""jac"": [0.0, 2173.4322217525914, -0.0025465851804409964, 0.0], ""message"": ""CONVERGENCE: REL_REDUCTION_OF_F_<=_FACTR*EPSMCH"", ""method"": ""L-BFGS-B"", ""nfev"": 90, ""nit"": 16, ""status"": 0, ""success"": true, ""x"": [1.2497977551475001, 0.0, 3.5671539771633833, 7.9476646526313015]}, {""fun"": 20769.093512831612, ""jac"": [1402.3386114520483, 2675.7152227219194, 11353.910092192913, 0.0], ""message"": ""ABNORMAL_TERMINATION_IN_LNSRCH"", ""method"": ""L-BFGS-B"", ""nfev"": 145, ""nit"": 0, ""status"": 2, ""success"": false, ""x"": [1.2922805506097625, 0.0, -18.420680743952367, -20.72326583594641]}], ""solver_path"": ""general_convolution"", ""uncertified_profiles"": 0}"
foul_leaves_5_team,team-quarter,2015-16,9840,optimization,FTA,1,FOUL;PERS_FOUL_DRAWN,9,ZIP,41361.86367013022,-20662.543413085015,"[1.2497968679922649, 0.0]","{""lam"": 0.012522416787846, ""rho"": 1.000000043857513e-09}",4,True,optimizer_converged_lbfgsb,38,252,2,-20727.652810614087,65.10939752907143,0.2786187999881804,"{""binomial_discrete_residual_mean"": null, ""binomial_discrete_residual_variance"": null, ""binomial_h_extension_used"": null, ""binomial_n_candidates"": 0, ""binomial_n_max"": null, ""binomial_n_min"": null, ""binomial_n_policy"": null, ""binomial_n_tie_break"": null, ""certified_profiles"": 1, ""optimizer_powell_attempted"": false, ""optimizer_powell_success"": false, ""optimizer_primary_failed_starts"": 0, ""optimizer_primary_successful_starts"": 2, ""optimizer_results"": [{""fun"": 20662.543413085015, ""jac"": [-0.004001776712121566, 2173.4311303589493, -0.0003637978829201424, 0.0], ""message"": ""CONVERGENCE: REL_REDUCTION_OF_F_<=_FACTR*EPSMCH"", ""method"": ""L-BFGS-B"", ""nfev"": 155, ""nit"": 22, ""status"": 0, ""success"": true, ""x"": [1.2497968679922649, 0.0, -4.38023489776588, -20.7232657920889]}, {""fun"": 20662.543413092255, ""jac"": [0.004365574595041708, 2173.434040741995, 0.0, 0.0], ""message"": ""CONVERGENCE: REL_REDUCTION_OF_F_<=_FACTR*EPSMCH"", ""method"": ""L-BFGS-B"", ""nfev"": 95, ""nit"": 16, ""status"": 0, ""success"": true, ""x"": [1.24979692712757, 0.0, -4.380172561817901, -20.72326583594641]}], ""solver_path"": ""general_convolution"", ""uncertified_profiles"": 0}"
foul_leaves_5_team,team-quarter,2015-16,9840,optimization,FTA,1,FOUL;PERS_FOUL_DRAWN,9,Geom,41525.73243183807,-20749.074899433966,"[1.2523780542040472, 0.0]","{""p"": 0.9999999974733282}",3,True,optimizer_converged_lbfgsb,11,194,2,-20782.90722494215,33.83232550818502,34.2544589000172,"{""binomial_discrete_residual_mean"": null, ""binomial_discrete_residual_variance"": null, ""binomial_h_extension_used"": null, ""binomial_n_candidates"": 0, ""binomial_n_max"": null, ""binomial_n_min"": null, ""binomial_n_policy"": null, ""binomial_n_tie_break"": null, ""certified_profiles"": 1, ""optimizer_powell_attempted"": false, ""optimizer_powell_success"": false, ""optimizer_primary_failed_starts"": 0, ""optimizer_primary_successful_starts"": 2, ""optimizer_results"": [{""fun"": 20755.39744783614, ""jac"": [0.9960786034353498, 2176.759153371677, 151.24531841193712], ""message"": ""CONVERGENCE: REL_REDUCTION_OF_F_<=_FACTR*EPSMCH"", ""method"": ""L-BFGS-B"", ""nfev"": 112, ""nit"": 6, ""status"": 0, ""success"": true, ""x"": [1.252405492984491, 0.0, 20.850118948536437]}, {""fun"": 20749.074899433966, ""jac"": [0.0025465851804409964, 2176.406269427389, 0.0], ""message"": ""CONVERGENCE: REL_REDUCTION_OF_F_<=_FACTR*EPSMCH"", ""method"": ""L-BFGS-B"", ""nfev"": 80, ""nit"": 5, ""status"": 0, ""success"": true, ""x"": [1.2523780542040472, 0.0, 19.796362869527833]}], ""solver_path"": ""general_convolution"", ""uncertified_profiles"": 0}"
foul_leaves_5_team,team-quarter,2015-16,9840,optimization,FTA,1,FOUL;PERS_FOUL_DRAWN,9,Binomial,41352.57443043505,-20662.495898732457,"[1.2497712238493206, 0.0]","{""n"": 2, ""p"": 0.0063206088679141695}",3,True,optimizer_converged_lbfgsb,38,218,2,-20778.74834311204,116.25244437958463,0.5707298999768682,"{""binomial_discrete_residual_mean"": -3.3951865988888326, ""binomial_discrete_residual_variance"": -11.985969264842668, ""binomial_h_extension_used"": true, ""binomial_n_candidates"": 1, ""binomial_n_max"": 2, ""binomial_n_min"": 2, ""binomial_n_policy"": ""paper_H_binomial_discrete_index_continuous_full_mle"", ""binomial_n_tie_break"": ""not_applicable_single_mom_index"", ""certified_profiles"": 1, ""optimizer_powell_attempted"": false, ""optimizer_powell_success"": false, ""optimizer_primary_failed_starts"": 0, ""optimizer_primary_successful_starts"": 2, ""optimizer_results"": [{""fun"": 20662.495898732457, ""jac"": [0.0003637978829201424, 2173.4260371886194, 0.0003637978829201424], ""message"": ""CONVERGENCE: REL_REDUCTION_OF_F_<=_FACTR*EPSMCH"", ""method"": ""L-BFGS-B"", ""nfev"": 128, ""nit"": 21, ""status"": 0, ""success"": true, ""x"": [1.2497712238493206, 0.0, -5.0575990671171]}, {""fun"": 20662.49589873538, ""jac"": [-0.0025465851804409964, 2173.4249457949772, -0.0003637978829201424], ""message"": ""CONVERGENCE: REL_REDUCTION_OF_F_<=_FACTR*EPSMCH"", ""method"": ""L-BFGS-B"", ""nfev"": 88, ""nit"": 17, ""status"": 0, ""success"": true, ""x"": [1.2497712489892279, 0.0, -5.0576337202596875]}], ""solver_path"": ""general_convolution"", ""uncertified_profiles"": 0}"
foul_leaves_5_team,team-quarter,2015-16,9840,optimization,FTA,1,FOUL;PERS_FOUL_DRAWN,9,Bernoulli,41352.478044482545,-20662.447705756204,"[1.2497448331730918, 0.0]","{""p"": 0.012763024822389052}",3,True,optimizer_converged_lbfgsb,41,250,2,-20782.907225432595,120.45951967639121,0.48437130003003404,"{""binomial_discrete_residual_mean"": null, ""binomial_discrete_residual_variance"": null, ""binomial_h_extension_used"": null, ""binomial_n_candidates"": 0, ""binomial_n_max"": null, ""binomial_n_min"": null, ""binomial_n_policy"": null, ""binomial_n_tie_break"": null, ""certified_profiles"": 1, ""optimizer_powell_attempted"": false, ""optimizer_powell_success"": false, ""optimizer_primary_failed_starts"": 0, ""optimizer_primary_successful_starts"": 2, ""optimizer_results"": [{""fun"": 20662.447705756204, ""jac"": [-0.0003637978829201424, 2173.418033635244, 0.0], ""message"": ""CONVERGENCE: REL_REDUCTION_OF_F_<=_FACTR*EPSMCH"", ""method"": ""L-BFGS-B"", ""nfev"": 144, ""nit"": 23, ""status"": 0, ""success"": true, ""x"": [1.2497448331730918, 0.0, -4.348357802176463]}, {""fun"": 20662.447705756396, ""jac"": [-0.0003637978829201424, 2173.4183974331245, 0.0], ""message"": ""CONVERGENCE: REL_REDUCTION_OF_F_<=_FACTR*EPSMCH"", ""method"": ""L-BFGS-B"", ""nfev"": 104, ""nit"": 18, ""status"": 0, ""success"": true, ""x"": [1.249744783757855, 0.0, -4.348340363151452]}], ""solver_path"": ""general_convolution"", ""uncertified_profiles"": 0}"
foul_leaves_5_team,team-quarter,2015-16,9840,optimization,FTA,1,FTM;PERS_FOUL_DRAWN,12,Poisson,36643.51482667813,-18307.966096853997,"[1.180809896400372, 0.06939117614004486]","{""lam"": 0.48510884090704987}",3,True,poisson_convex_mle,14,23,2,-18342.131833384374,34.16573653037631,0.03093870001612231,"{""binomial_discrete_residual_mean"": null, ""binomial_discrete_residual_variance"": null, ""binomial_h_extension_used"": null, ""binomial_n_candidates"": 0, ""binomial_n_max"": null, ""binomial_n_min"": null, ""binomial_n_policy"": null, ""binomial_n_tie_break"": null, ""certified_profiles"": 1, ""optimizer_primary_failed_starts"": 1, ""optimizer_primary_successful_starts"": 1, ""optimizer_results"": [{""fun"": 18307.966096853997, ""jac"": [-0.0007183195242603801, -0.0002367404904362047, 1.2979350344721752e-05], ""message"": ""CONVERGENCE: REL_REDUCTION_OF_F_<=_FACTR*EPSMCH"", ""method"": ""L-BFGS-B"", ""nfev"": 12, ""nit"": 10, ""status"": 0, ""success"": true, ""x"": [0.48510884090704987, 1.180809896400372, 0.06939117614004486]}, {""fun"": 18985.00679825826, ""jac"": [1013.1015325267298, -6.409492664604386, 1039.0711075665815], ""message"": ""CONVERGENCE: REL_REDUCTION_OF_F_<=_FACTR*EPSMCH"", ""method"": ""L-BFGS-B"", ""nfev"": 9, ""nit"": 4, ""status"": 0, ""success"": true, ""x"": [1.6985838416356378, 0.9728599018183901, 0.0]}], ""poisson_canonical_agreement_abs"": 0.0, ""solver_path"": ""poisson_convex"", ""uncertified_profiles"": 0}"
foul_leaves_5_team,team-quarter,2015-16,9840,optimization,FTA,1,FTM;PERS_FOUL_DRAWN,12,NB,36652.71025788355,-18307.96670696168,"[1.1809364635981916, 0.06919146832394796]","{""p"": 0.999996860730938, ""r"": 154538.35395051347}",4,True,optimizer_converged_lbfgsb,44,347,2,-18342.133714608957,34.16700764727648,1.5157164999982342,"{""binomial_discrete_residual_mean"": null, ""binomial_discrete_residual_variance"": null, ""binomial_h_extension_used"": null, ""binomial_n_candidates"": 0, ""binomial_n_max"": null, ""binomial_n_min"": null, ""binomial_n_policy"": null, ""binomial_n_tie_break"": null, ""certified_profiles"": 1, ""optimizer_powell_attempted"": false, ""optimizer_powell_success"": false, ""optimizer_primary_failed_starts"": 0, ""optimizer_primary_successful_starts"": 2, ""optimizer_results"": [{""fun"": 18307.96741451513, ""jac"": [0.0018189894146007119, -0.0018189894045032922, 0.005093169908517631, -0.005093169908517631], ""message"": ""CONVERGENCE: REL_REDUCTION_OF_F_<=_FACTR*EPSMCH"", ""method"": ""L-BFGS-B"", ""nfev"": 60, ""nit"": 10, ""status"": 0, ""success"": true, ""x"": [1.1808100686826817, 0.06938899039013949, 10.839816556468648, 11.563190362260443]}, {""fun"": 18307.96670696168, ""jac"": [1.7942511585621421, -0.6173650038884174, 0.004365574207300826, -0.005456967759126033], ""message"": ""CONVERGENCE: REL_REDUCTION_OF_F_<=_FACTR*EPSMCH"", ""method"": ""L-BFGS-B"", ""nfev"": 285, ""nit"": 34, ""status"": 0, ""success"": true, ""x"": [1.1809364635981916, 0.06919146832394796, 11.94819759014648, 12.671517428703908]}], ""solver_path"": ""general_convolution"", ""uncertified_profiles"": 0}"
foul_leaves_5_team,team-quarter,2015-16,9840,optimization,FTA,1,FTM;PERS_FOUL_DRAWN,12,ZIP,36652.709037813685,-18307.96609692675,"[1.1808102270558924, 0.0693910452915306]","{""lam"": 0.48510943408518425, ""rho"": 1.0000000000000007e-09}",4,True,optimizer_converged_lbfgsb,49,302,2,-18342.13183338649,34.16573645974131,0.30432330002076924,"{""binomial_discrete_residual_mean"": null, ""binomial_discrete_residual_variance"": null, ""binomial_h_extension_used"": null, ""binomial_n_candidates"": 0, ""binomial_n_max"": null, ""binomial_n_min"": null, ""binomial_n_policy"": null, ""binomial_n_tie_break"": null, ""certified_profiles"": 1, ""optimizer_powell_attempted"": false, ""optimizer_powell_success"": false, ""optimizer_primary_failed_starts"": 0, ""optimizer_primary_successful_starts"": 2, ""optimizer_results"": [{""fun"": 18307.96609692675, ""jac"": [0.013096723785125126, 0.005456968213509877, 0.001455191515524698, 0.0], ""message"": ""CONVERGENCE: REL_REDUCTION_OF_F_<=_FACTR*EPSMCH"", ""method"": ""L-BFGS-B"", ""nfev"": 70, ""nit"": 12, ""status"": 0, ""success"": true, ""x"": [1.1808102270558924, 0.0693910452915306, -0.7233807762078787, -20.72326583594641]}, {""fun"": 18307.966318181545, ""jac"": [0.004365574595041708, 0.16480044004799826, 0.022191670611751646, 0.00036379785060840214], ""message"": ""CONVERGENCE: REL_REDUCTION_OF_F_<=_FACTR*EPSMCH"", ""method"": ""L-BFGS-B"", ""nfev"": 230, ""nit"": 37, ""status"": 0, ""success"": true, ""x"": [1.1808012368085554, 0.06941584396824581, -0.7233873322886519, -12.678928943044392]}], ""solver_path"": ""general_convolution"", ""uncertified_profiles"": 0}"
foul_leaves_5_team,team-quarter,2015-16,9840,optimization,FTA,1,FTM;PERS_FOUL_DRAWN,12,Geom,36729.63365570031,-18351.025511365086,"[1.2041003707417681, 0.12128725554384955]","{""p"": 0.7773367675908642}",3,True,optimizer_converged_lbfgsb,22,114,2,-18447.862547627086,96.83703626200077,0.19692150002811104,"{""binomial_discrete_residual_mean"": null, ""binomial_discrete_residual_variance"": null, ""binomial_h_extension_used"": null, ""binomial_n_candidates"": 0, ""binomial_n_max"": null, ""binomial_n_min"": null, ""binomial_n_policy"": null, ""binomial_n_tie_break"": null, ""certified_profiles"": 1, ""optimizer_powell_attempted"": false, ""optimizer_powell_success"": false, ""optimizer_primary_failed_starts"": 0, ""optimizer_primary_successful_starts"": 2, ""optimizer_results"": [{""fun"": 18351.025511365086, ""jac"": [-0.002182787297520854, -0.0014551915236026337, 0.0007275957658402848], ""message"": ""CONVERGENCE: REL_REDUCTION_OF_F_<=_FACTR*EPSMCH"", ""method"": ""L-BFGS-B"", ""nfev"": 48, ""nit"": 10, ""status"": 0, ""success"": true, ""x"": [1.2041003707417681, 0.12128725554384955, 1.2502132153537222]}, {""fun"": 18351.02551142227, ""jac"": [0.046929926896698365, 0.01855369192593358, 0.0003637978829201424], ""message"": ""CONVERGENCE: REL_REDUCTION_OF_F_<=_FACTR*EPSMCH"", ""method"": ""L-BFGS-B"", ""nfev"": 64, ""nit"": 12, ""status"": 0, ""success"": true, ""x"": [1.2041021085975512, 0.1212887514101932, 1.2502276749229029]}], ""solver_path"": ""general_convolution"", ""uncertified_profiles"": 0}"
foul_leaves_5_team,team-quarter,2015-16,9840,optimization,FTA,1,FTM;PERS_FOUL_DRAWN,12,Binomial,inf,-inf,[],"{""n"": 2}",3,False,infeasible_conditional_support,0,0,0,-inf,0.0,0.00036230002297088504,"{""binomial_discrete_residual_mean"": 0.5364557864193653, ""binomial_discrete_residual_variance"": -3.363393109657922, ""binomial_h_extension_used"": true, ""binomial_n_candidates"": 1, ""binomial_n_max"": 2, ""binomial_n_min"": 2, ""binomial_n_policy"": ""paper_H_binomial_discrete_index_continuous_full_mle"", ""binomial_n_tie_break"": ""not_applicable_single_mom_index"", ""certified_profiles"": 0, ""solver_path"": ""conditional_support_check"", ""support_violating_rows"": 3, ""uncertified_profiles"": 0}"
foul_leaves_5_team,team-quarter,2015-16,9840,optimization,FTA,1,FTM;PERS_FOUL_DRAWN,12,Bernoulli,inf,-inf,[],{},3,False,infeasible_conditional_support,0,0,0,-inf,0.0,6.10999995842576e-05,"{""binomial_discrete_residual_mean"": null, ""binomial_discrete_residual_variance"": null, ""binomial_h_extension_used"": null, ""binomial_n_candidates"": 0, ""binomial_n_max"": null, ""binomial_n_min"": null, ""binomial_n_policy"": null, ""binomial_n_tie_break"": null, ""certified_profiles"": 0, ""solver_path"": ""conditional_support_check"", ""support_violating_rows"": 19, ""uncertified_profiles"": 0}"
foul_leaves_5_team,team-quarter,2015-16,9840,optimization,FTA,1,FOUL;FTM;PERS_FOUL_DRAWN,13,Poisson,35835.067927925185,-17899.1455419825,"[0.33812460750446993, 0.9645723369176916, 0.0]","{""lam"": 0.0}",4,True,poisson_convex_mle,23,31,2,-19297.71094916076,1398.5654071782592,0.04450449999421835,"{""binomial_discrete_residual_mean"": null, ""binomial_discrete_residual_variance"": null, ""binomial_h_extension_used"": null, ""binomial_n_candidates"": 0, ""binomial_n_max"": null, ""binomial_n_min"": null, ""binomial_n_policy"": null, ""binomial_n_tie_break"": null, ""certified_profiles"": 1, ""optimizer_primary_failed_starts"": 0, ""optimizer_primary_successful_starts"": 2, ""optimizer_results"": [{""fun"": 17899.1455419825, ""jac"": [299.05747360795476, -4.715057713156057e-06, -2.7632346046857492e-06, 1027.5359842500623], ""message"": ""CONVERGENCE: REL_REDUCTION_OF_F_<=_FACTR*EPSMCH"", ""method"": ""L-BFGS-B"", ""nfev"": 13, ""nit"": 10, ""status"": 0, ""success"": true, ""x"": [0.0, 0.33812460750446993, 0.9645723369176916, 0.0]}, {""fun"": 17899.145542280246, ""jac"": [299.0915425829201, 0.15549778334511188, 0.13061605317227531, 1027.5983055075167], ""message"": ""CONVERGENCE: REL_REDUCTION_OF_F_<=_FACTR*EPSMCH"", ""method"": ""L-BFGS-B"", ""nfev"": 16, ""nit"": 13, ""status"": 0, ""success"": true, ""x"": [0.0, 0.33812764241507903, 0.9645732831377812, 0.0]}], ""poisson_canonical_agreement_abs"": 0.0, ""solver_path"": ""poisson_convex"", ""uncertified_profiles"": 0}"
foul_leaves_5_team,team-quarter,2015-16,9840,optimization,FTA,1,FOUL;FTM;PERS_FOUL_DRAWN,13,NB,35844.26626039247,-17899.147602721117,"[0.3381339119201465, 0.9645547081228916, 0.0]","{""p"": 0.9966388001709937, ""r"": 0.002030586110686508}",5,True,optimizer_converged_lbfgsb,39,434,2,-19610.93775515167,1711.7901524305526,1.8492013000068255,"{""binomial_discrete_residual_mean"": null, ""binomial_discrete_residual_variance"": null, ""binomial_h_extension_used"": null, ""binomial_n_candidates"": 0, ""binomial_n_max"": null, ""binomial_n_min"": null, ""binomial_n_policy"": null, ""binomial_n_tie_break"": null, ""certified_profiles"": 1, ""optimizer_powell_attempted"": false, ""optimizer_powell_success"": false, ""optimizer_primary_failed_starts"": 0, ""optimizer_primary_successful_starts"": 2, ""optimizer_results"": [{""fun"": 17899.148490726966, ""jac"": [-0.0021827872854039507, -0.0003637978788811745, 1027.532562147826, 0.0029103830456906547, -0.0014551914024336086], ""message"": ""CONVERGENCE: REL_REDUCTION_OF_F_<=_FACTR*EPSMCH"", ""method"": ""L-BFGS-B"", ""nfev"": 72, ""nit"": 9, ""status"": 0, ""success"": true, ""x"": [0.33812164752834356, 0.964573238959045, 0.0, -0.0070179053342710835, 11.520019226135087]}, {""fun"": 17899.147602721117, ""jac"": [-0.1313310350051377, -0.2342858339994764, 1027.5034583173692, 0.05566107608678178, -0.0014551915316805696], ""message"": ""CONVERGENCE: REL_REDUCTION_OF_F_<=_FACTR*EPSMCH"", ""method"": ""L-BFGS-B"", ""nfev"": 360, ""nit"": 30, ""status"": 0, ""success"": true, ""x"": [0.3381339119201465, 0.9645547081228916, 0.0, -6.199430803125219, 5.692090415431965]}], ""solver_path"": ""general_convolution"", ""uncertified_profiles"": 0}"
foul_leaves_5_team,team-quarter,2015-16,9840,optimization,FTA,1,FOUL;FTM;PERS_FOUL_DRAWN,13,ZIP,35844.262138975086,-17899.145542012426,"[0.3381246606148045, 0.9645722654424513, 0.0]","{""lam"": 9.999999999999996e-11, ""rho"": 1.0000000000000007e-09}",5,True,optimizer_converged_lbfgsb,49,374,2,-19848.837636248365,1949.6920942359393,0.41075740003725514,"{""binomial_discrete_residual_mean"": null, ""binomial_discrete_residual_variance"": null, ""binomial_h_extension_used"": null, ""binomial_n_candidates"": 0, ""binomial_n_max"": null, ""binomial_n_min"": null, ""binomial_n_policy"": null, ""binomial_n_tie_break"": null, ""certified_profiles"": 1, ""optimizer_powell_attempted"": false, ""optimizer_powell_success"": false, ""optimizer_primary_failed_starts"": 0, ""optimizer_primary_successful_starts"": 2, ""optimizer_results"": [{""fun"": 17899.145542012426, ""jac"": [0.0, -0.000727595757762349, 1027.536200126633, 0.0, 0.0], ""message"": ""CONVERGENCE: REL_REDUCTION_OF_F_<=_FACTR*EPSMCH"", ""method"": ""L-BFGS-B"", ""nfev"": 78, ""nit"": 10, ""status"": 0, ""success"": true, ""x"": [0.3381246606148045, 0.9645722654424513, 0.0, -23.025850929940457, -20.72326583594641]}, {""fun"": 17899.145559393106, ""jac"": [-0.0021827872854039507, -0.002910383031049396, 1027.535108732991, 0.0, 0.0], ""message"": ""CONVERGENCE: REL_REDUCTION_OF_F_<=_FACTR*EPSMCH"", ""method"": ""L-BFGS-B"", ""nfev"": 294, ""nit"": 39, ""status"": 0, ""success"": true, ""x"": [0.33812460380282666, 0.9645722346711791, 0.0, -10.223297527035026, 6.434232894958412]}], ""solver_path"": ""general_convolution"", ""uncertified_profiles"": 0}"
foul_leaves_5_team,team-quarter,2015-16,9840,optimization,FTA,1,FOUL;FTM;PERS_FOUL_DRAWN,13,Geom,35835.06792852332,-17899.145542281567,"[0.3381245685514386, 0.9645723676408633, 0.0]","{""p"": 0.9999999989999999}",4,True,optimizer_converged_lbfgsb,42,257,2,-19482.334325198408,1583.1887829168409,28.56298180000158,"{""binomial_discrete_residual_mean"": null, ""binomial_discrete_residual_variance"": null, ""binomial_h_extension_used"": null, ""binomial_n_candidates"": 0, ""binomial_n_max"": null, ""binomial_n_min"": null, ""binomial_n_policy"": null, ""binomial_n_tie_break"": null, ""certified_profiles"": 1, ""optimizer_powell_attempted"": false, ""optimizer_powell_success"": false, ""optimizer_primary_failed_starts"": 0, ""optimizer_primary_successful_starts"": 2, ""optimizer_results"": [{""fun"": 17899.145542281567, ""jac"": [-0.0003637978809006584, -0.0003637978788811745, 1027.5358363287523, 0.0], ""message"": ""CONVERGENCE: REL_REDUCTION_OF_F_<=_FACTR*EPSMCH"", ""method"": ""L-BFGS-B"", ""nfev"": 65, ""nit"": 10, ""status"": 0, ""success"": true, ""x"": [0.3381245685514386, 0.9645723676408633, 0.0, 20.723265848456123]}, {""fun"": 17899.145622243377, ""jac"": [0.09968061936678041, 0.06621121395637376, 1027.5791282765567, -0.00036379785060840214], ""message"": ""CONVERGENCE: REL_REDUCTION_OF_F_<=_FACTR*EPSMCH"", ""method"": ""L-BFGS-B"", ""nfev"": 190, ""nit"": 32, ""status"": 0, ""success"": true, ""x"": [0.33812847425225667, 0.9645704613065951, 0.0, 15.132538584846825]}], ""solver_path"": ""general_convolution"", ""uncertified_profiles"": 0}"
foul_leaves_5_team,team-quarter,2015-16,9840,optimization,FTA,1,FOUL;FTM;PERS_FOUL_DRAWN,13,Binomial,35835.067929121426,-17899.14554258062,"[0.33812458243293914, 0.9645723580125871, 0.0]","{""n"": 2, ""p"": 1.0000000000000007e-09}",4,True,optimizer_converged_lbfgsb,44,282,2,-19221.127027247974,1321.9814846673544,0.7524282999802381,"{""binomial_discrete_residual_mean"": -1.6105857046911227, ""binomial_discrete_residual_variance"": -8.150994503092694, ""binomial_h_extension_used"": true, ""binomial_n_candidates"": 1, ""binomial_n_max"": 2, ""binomial_n_min"": 2, ""binomial_n_policy"": ""paper_H_binomial_discrete_index_continuous_full_mle"", ""binomial_n_tie_break"": ""not_applicable_single_mom_index"", ""certified_profiles"": 1, ""optimizer_powell_attempted"": false, ""optimizer_powell_success"": false, ""optimizer_primary_failed_starts"": 0, ""optimizer_primary_successful_starts"": 2, ""optimizer_results"": [{""fun"": 17899.14554258062, ""jac"": [0.0, 0.0, 1027.5358363287523, 0.0], ""message"": ""CONVERGENCE: NORM_OF_PROJECTED_GRADIENT_<=_PGTOL"", ""method"": ""L-BFGS-B"", ""nfev"": 65, ""nit"": 10, ""status"": 0, ""success"": true, ""x"": [0.33812458243293914, 0.9645723580125871, 0.0, -20.72326583594641]}, {""fun"": 17899.145543652245, ""jac"": [-0.02328306437764214, -0.015643308791890506, 1027.5256499880925, 0.0], ""message"": ""CONVERGENCE: REL_REDUCTION_OF_F_<=_FACTR*EPSMCH"", ""method"": ""L-BFGS-B"", ""nfev"": 215, ""nit"": 34, ""status"": 0, ""success"": true, ""x"": [0.33812368982487534, 0.9645727598058829, 0.0, -19.701144984436738]}], ""solver_path"": ""general_convolution"", ""uncertified_profiles"": 0}"
foul_leaves_5_team,team-quarter,2015-16,9840,optimization,FTA,1,FOUL;FTM;PERS_FOUL_DRAWN,13,Bernoulli,35835.06792852331,-17899.145542281563,"[0.3381245861990015, 0.9645723546760869, 0.0]","{""p"": 1.0000000000000007e-09}",4,True,optimizer_converged_lbfgsb,47,312,2,-20125.355809529196,2226.210267247632,0.5929720000131056,"{""binomial_discrete_residual_mean"": null, ""binomial_discrete_residual_variance"": null, ""binomial_h_extension_used"": null, ""binomial_n_candidates"": 0, ""binomial_n_max"": null, ""binomial_n_min"": null, ""binomial_n_policy"": null, ""binomial_n_tie_break"": null, ""certified_profiles"": 1, ""optimizer_powell_attempted"": false, ""optimizer_powell_success"": false, ""optimizer_primary_failed_starts"": 0, ""optimizer_primary_successful_starts"": 2, ""optimizer_results"": [{""fun"": 17899.145542281563, ""jac"": [0.0, -0.0003637978788811745, 1027.5358363287523, -0.00036379785060840214], ""message"": ""CONVERGENCE: REL_REDUCTION_OF_F_<=_FACTR*EPSMCH"", ""method"": ""L-BFGS-B"", ""nfev"": 65, ""nit"": 10, ""status"": 0, ""success"": true, ""x"": [0.3381245861990015, 0.9645723546760869, 0.0, -20.72326583594641]}, {""fun"": 17899.145661135703, ""jac"": [-2.4450855575333255, -1.6305420931454242, 1026.4797310810536, 0.0], ""message"": ""CONVERGENCE: REL_REDUCTION_OF_F_<=_FACTR*EPSMCH"", ""method"": ""L-BFGS-B"", ""nfev"": 245, ""nit"": 37, ""status"": 0, ""success"": true, ""x"": [0.338029527337275, 0.9646168741327135, 0.0, -15.846099119360366]}], ""solver_path"": ""general_convolution"", ""uncertified_profiles"": 0}"
foul_leaves_5_team,team-quarter,2015-16,9840,optimization,FTA,1,LOOSE_BALL_FOUL_DRAWN,16,Poisson,57332.50704334025,-28657.05931068008,[0.8979042209332803],"{""lam"": 5.514078064497395}",2,True,poisson_convex_mle,9,15,2,-28657.145637041358,0.0863263612773153,0.026472899946384132,"{""binomial_discrete_residual_mean"": null, ""binomial_discrete_residual_variance"": null, ""binomial_h_extension_used"": null, ""binomial_n_candidates"": 0, ""binomial_n_max"": null, ""binomial_n_min"": null, ""binomial_n_policy"": null, ""binomial_n_tie_break"": null, ""certified_profiles"": 1, ""optimizer_primary_failed_starts"": 0, ""optimizer_primary_successful_starts"": 2, ""optimizer_results"": [{""fun"": 28657.05931068008, ""jac"": [1.402818478446477e-05, 2.150648621257467e-05], ""message"": ""CONVERGENCE: REL_REDUCTION_OF_F_<=_FACTR*EPSMCH"", ""method"": ""L-BFGS-B"", ""nfev"": 6, ""nit"": 4, ""status"": 0, ""success"": true, ""x"": [5.514078064497395, 0.8979042209332803]}, {""fun"": 28657.05931068008, ""jac"": [3.338606050273807e-05, 5.676690164668763e-05], ""message"": ""CONVERGENCE: REL_REDUCTION_OF_F_<=_FACTR*EPSMCH"", ""method"": ""L-BFGS-B"", ""nfev"": 7, ""nit"": 5, ""status"": 0, ""success"": true, ""x"": [5.5140780590194485, 0.8979042867008249]}], ""poisson_canonical_agreement_abs"": 0.0, ""solver_path"": ""poisson_convex"", ""uncertified_profiles"": 0}"
foul_leaves_5_team,team-quarter,2015-16,9840,optimization,FTA,1,LOOSE_BALL_FOUL_DRAWN,16,NB,52385.03463713297,-26178.726002081417,[0.5874665685542102],"{""p"": 0.3913100190308461, ""r"": 3.604152682159056}",3,True,optimizer_converged_lbfgsb,22,114,2,-26183.116749068646,4.39074698722834,0.4690450999769382,"{""binomial_discrete_residual_mean"": null, ""binomial_discrete_residual_variance"": null, ""binomial_h_extension_used"": null, ""binomial_n_candidates"": 0, ""binomial_n_max"": null, ""binomial_n_min"": null, ""binomial_n_policy"": null, ""binomial_n_tie_break"": null, ""certified_profiles"": 1, ""optimizer_powell_attempted"": false, ""optimizer_powell_success"": false, ""optimizer_primary_failed_starts"": 0, ""optimizer_primary_successful_starts"": 2, ""optimizer_results"": [{""fun"": 26178.726002081417, ""jac"": [0.0003637978788811745, -0.0007275957658402848, -0.0010913936427019754], ""message"": ""CONVERGENCE: REL_REDUCTION_OF_F_<=_FACTR*EPSMCH"", ""method"": ""L-BFGS-B"", ""nfev"": 44, ""nit"": 8, ""status"": 0, ""success"": true, ""x"": [0.5874665685542102, 1.2820867034877632, -0.4418089422825834]}, {""fun"": 26178.726002089283, ""jac"": [-0.001455191515524698, -0.001091393648760427, -0.0043655745708079015], ""message"": ""CONVERGENCE: REL_REDUCTION_OF_F_<=_FACTR*EPSMCH"", ""method"": ""L-BFGS-B"", ""nfev"": 68, ""nit"": 14, ""status"": 0, ""success"": true, ""x"": [0.5874617518696819, 1.2820850708219502, -0.4418109596728043]}], ""solver_path"": ""general_convolution"", ""uncertified_profiles"": 0}"
foul_leaves_5_team,team-quarter,2015-16,9840,optimization,FTA,1,LOOSE_BALL_FOUL_DRAWN,16,ZIP,54929.36494643215,-27450.891156731006,[1.226147309699671],"{""lam"": 5.858288717750249, ""rho"": 0.07540594971790424}",3,True,optimizer_converged_lbfgsb,23,118,2,-28701.91725693945,1251.0261002084444,0.10629259998677298,"{""binomial_discrete_residual_mean"": null, ""binomial_discrete_residual_variance"": null, ""binomial_h_extension_used"": null, ""binomial_n_candidates"": 0, ""binomial_n_max"": null, ""binomial_n_min"": null, ""binomial_n_policy"": null, ""binomial_n_tie_break"": null, ""certified_profiles"": 1, ""optimizer_powell_attempted"": false, ""optimizer_powell_success"": false, ""optimizer_primary_failed_starts"": 0, ""optimizer_primary_successful_starts"": 2, ""optimizer_results"": [{""fun"": 27450.891156737605, ""jac"": [0.0014551915316805696, 0.0214640750922884, -0.0018189894146007119], ""message"": ""CONVERGENCE: REL_REDUCTION_OF_F_<=_FACTR*EPSMCH"", ""method"": ""L-BFGS-B"", ""nfev"": 56, ""nit"": 11, ""status"": 0, ""success"": true, ""x"": [1.2261482742853125, 1.7678579324798867, -2.506471241432189]}, {""fun"": 27450.891156731006, ""jac"": [0.0, 0.0, 0.0007275957658402848], ""message"": ""CONVERGENCE: REL_REDUCTION_OF_F_<=_FACTR*EPSMCH"", ""method"": ""L-BFGS-B"", ""nfev"": 60, ""nit"": 12, ""status"": 0, ""success"": true, ""x"": [1.226147309699671, 1.767857533252862, -2.506468595996992]}], ""solver_path"": ""general_convolution"", ""uncertified_profiles"": 0}"
foul_leaves_5_team,team-quarter,2015-16,9840,optimization,FTA,1,LOOSE_BALL_FOUL_DRAWN,16,Geom,55241.85525035858,-27611.733414189246,[1.666932336737272],"{""p"": 0.159094870072084}",2,True,optimizer_converged_lbfgsb,10,44,2,-27675.48456410562,63.75114991637383,0.040435200033243746,"{""binomial_discrete_residual_mean"": null, ""binomial_discrete_residual_variance"": null, ""binomial_h_extension_used"": null, ""binomial_n_candidates"": 0, ""binomial_n_max"": null, ""binomial_n_min"": null, ""binomial_n_policy"": null, ""binomial_n_tie_break"": null, ""certified_profiles"": 1, ""optimizer_powell_attempted"": false, ""optimizer_powell_success"": false, ""optimizer_primary_failed_starts"": 0, ""optimizer_primary_successful_starts"": 2, ""optimizer_results"": [{""fun"": 27611.73341418958, ""jac"": [-0.0003637978829201424, 0.001091393648760427], ""message"": ""CONVERGENCE: REL_REDUCTION_OF_F_<=_FACTR*EPSMCH"", ""method"": ""L-BFGS-B"", ""nfev"": 21, ""nit"": 5, ""status"": 0, ""success"": true, ""x"": [1.666930164968367, -1.6649782611159996]}, {""fun"": 27611.733414189246, ""jac"": [-0.0003637978829201424, 0.0003637978829201424], ""message"": ""CONVERGENCE: REL_REDUCTION_OF_F_<=_FACTR*EPSMCH"", ""method"": ""L-BFGS-B"", ""nfev"": 21, ""nit"": 5, ""status"": 0, ""success"": true, ""x"": [1.666932336737272, -1.664978155935809]}], ""solver_path"": ""general_convolution"", ""uncertified_profiles"": 0}"
foul_leaves_5_team,team-quarter,2015-16,9840,optimization,FTA,1,LOOSE_BALL_FOUL_DRAWN,16,Binomial,58098.9868342483,-29040.299206134106,[0.9697120904767009],"{""n"": 100, ""p"": 0.05492740044810558}",2,True,optimizer_converged_lbfgsb,11,53,2,-29040.986729136464,0.6875230023579206,0.3570570999872871,"{""binomial_discrete_residual_mean"": 5.508341803510873, ""binomial_discrete_residual_variance"": 13.438693705908324, ""binomial_h_extension_used"": true, ""binomial_n_candidates"": 1, ""binomial_n_max"": 100, ""binomial_n_min"": 100, ""binomial_n_policy"": ""paper_H_binomial_discrete_index_continuous_full_mle"", ""binomial_n_tie_break"": ""not_applicable_single_mom_index"", ""certified_profiles"": 1, ""optimizer_powell_attempted"": false, ""optimizer_powell_success"": false, ""optimizer_primary_failed_starts"": 0, ""optimizer_primary_successful_starts"": 2, ""optimizer_results"": [{""fun"": 29040.299206134106, ""jac"": [0.0, -0.0007275957658402848], ""message"": ""CONVERGENCE: REL_REDUCTION_OF_F_<=_FACTR*EPSMCH"", ""method"": ""L-BFGS-B"", ""nfev"": 24, ""nit"": 5, ""status"": 0, ""success"": true, ""x"": [0.9697120904767009, -2.845249428042301]}, {""fun"": 29040.299206134106, ""jac"": [0.000727595757762349, 0.0003637978829201424], ""message"": ""CONVERGENCE: REL_REDUCTION_OF_F_<=_FACTR*EPSMCH"", ""method"": ""L-BFGS-B"", ""nfev"": 27, ""nit"": 6, ""status"": 0, ""success"": true, ""x"": [0.9697121407088567, -2.8452494425499992]}], ""solver_path"": ""general_convolution"", ""uncertified_profiles"": 0}"
foul_leaves_5_team,team-quarter,2015-16,9840,optimization,FTA,1,LOOSE_BALL_FOUL_DRAWN,16,Bernoulli,inf,-inf,[],{},2,False,infeasible_conditional_support,0,0,0,-inf,0.0,0.00010220002150163054,"{""binomial_discrete_residual_mean"": null, ""binomial_discrete_residual_variance"": null, ""binomial_h_extension_used"": null, ""binomial_n_candidates"": 0, ""binomial_n_max"": null, ""binomial_n_min"": null, ""binomial_n_policy"": null, ""binomial_n_tie_break"": null, ""certified_profiles"": 0, ""solver_path"": ""conditional_support_check"", ""support_violating_rows"": 6662, ""uncertified_profiles"": 0}"
foul_leaves_5_team,team-quarter,2015-16,9840,optimization,FTA,1,FOUL;LOOSE_BALL_FOUL_DRAWN,17,Poisson,41375.748884469474,-20674.08312574967,"[1.2249248679288733, 0.0]","{""lam"": 0.030312134914031993}",3,True,poisson_convex_mle,29,56,2,-21272.995685705744,598.9125599560757,0.0712686000042595,"{""binomial_discrete_residual_mean"": null, ""binomial_discrete_residual_variance"": null, ""binomial_h_extension_used"": null, ""binomial_n_candidates"": 0, ""binomial_n_max"": null, ""binomial_n_min"": null, ""binomial_n_policy"": null, ""binomial_n_tie_break"": null, ""certified_profiles"": 1, ""optimizer_primary_failed_starts"": 0, ""optimizer_primary_successful_starts"": 2, ""optimizer_results"": [{""fun"": 20674.08312574967, ""jac"": [128.08936815790463, -782.434480587692, 304.75811045002206], ""message"": ""CONVERGENCE: REL_REDUCTION_OF_F_<=_FACTR*EPSMCH"", ""method"": ""L-BFGS-B"", ""nfev"": 46, ""nit"": 26, ""status"": 0, ""success"": true, ""x"": [0.030312134914031993, 1.2249248679288733, 0.0]}, {""fun"": 20979.66678736184, ""jac"": [312.7120389870304, -1785.737648044339, 228.58337202081808], ""message"": ""CONVERGENCE: REL_REDUCTION_OF_F_<=_FACTR*EPSMCH"", ""method"": ""L-BFGS-B"", ""nfev"": 8, ""nit"": 3, ""status"": 0, ""success"": true, ""x"": [0.524087710203239, 1.0993422711465741, 0.0]}], ""poisson_canonical_agreement_abs"": 0.0, ""solver_path"": ""poisson_convex"", ""uncertified_profiles"": 0}"
foul_leaves_5_team,team-quarter,2015-16,9840,optimization,FTA,1,FOUL;LOOSE_BALL_FOUL_DRAWN,17,NB,41361.86899174916,-20662.546073894486,"[1.2497976820172292, 0.0]","{""p"": 0.9996470226787355, ""r"": 35.45073585789159}",4,True,optimizer_converged_lbfgsb,46,322,2,-21557.698140638637,895.1520667441509,1.3467030000174418,"{""binomial_discrete_residual_mean"": null, ""binomial_discrete_residual_variance"": null, ""binomial_h_extension_used"": null, ""binomial_n_candidates"": 0, ""binomial_n_max"": null, ""binomial_n_min"": null, ""binomial_n_policy"": null, ""binomial_n_tie_break"": null, ""certified_profiles"": 1, ""optimizer_powell_attempted"": false, ""optimizer_powell_success"": false, ""optimizer_primary_failed_starts"": 0, ""optimizer_primary_successful_starts"": 2, ""optimizer_results"": [{""fun"": 20662.546073894486, ""jac"": [-0.011277734370524413, 349.85314414370805, 0.0, -0.0025465851804409964], ""message"": ""CONVERGENCE: REL_REDUCTION_OF_F_<=_FACTR*EPSMCH"", ""method"": ""L-BFGS-B"", ""nfev"": 80, ""nit"": 15, ""status"": 0, ""success"": true, ""x"": [1.2497976820172292, 0.0, 3.568144010390107, 7.948753709171979]}, {""fun"": 20662.546978928047, ""jac"": [1.8160790315373507, 349.95609894394875, 0.011277734370524413, -0.012369128019284841], ""message"": ""CONVERGENCE: REL_REDUCTION_OF_F_<=_FACTR*EPSMCH"", ""method"": ""L-BFGS-B"", ""nfev"": 240, ""nit"": 31, ""status"": 0, ""success"": true, ""x"": [1.2498455876854824, 0.0, 3.289504814415422, 7.669131571654597]}], ""solver_path"": ""general_convolution"", ""uncertified_profiles"": 0}"
foul_leaves_5_team,team-quarter,2015-16,9840,optimization,FTA,1,FOUL;LOOSE_BALL_FOUL_DRAWN,17,ZIP,41361.8636701351,-20662.543413087456,"[1.2497969666520947, 0.0]","{""lam"": 0.012522172778391655, ""rho"": 1.0000000000000007e-09}",4,True,optimizer_converged_lbfgsb,54,392,2,-21855.4057879178,1192.8623748303435,0.4193964999867603,"{""binomial_discrete_residual_mean"": null, ""binomial_discrete_residual_variance"": null, ""binomial_h_extension_used"": null, ""binomial_n_candidates"": 0, ""binomial_n_max"": null, ""binomial_n_min"": null, ""binomial_n_policy"": null, ""binomial_n_tie_break"": null, ""certified_profiles"": 1, ""optimizer_powell_attempted"": false, ""optimizer_powell_success"": false, ""optimizer_primary_failed_starts"": 0, ""optimizer_primary_successful_starts"": 2, ""optimizer_results"": [{""fun"": 20662.543413087456, ""jac"": [-0.0018189894146007119, 349.85314414370805, 0.0, 0.0], ""message"": ""CONVERGENCE: REL_REDUCTION_OF_F_<=_FACTR*EPSMCH"", ""method"": ""L-BFGS-B"", ""nfev"": 120, ""nit"": 18, ""status"": 0, ""success"": true, ""x"": [1.2497969666520947, 0.0, -4.380254383767334, -20.72326583594641]}, {""fun"": 20662.543629091764, ""jac"": [0.4551111515330981, 349.8789737932384, 0.006548361892562563, 0.0003637978829201424], ""message"": ""CONVERGENCE: REL_REDUCTION_OF_F_<=_FACTR*EPSMCH"", ""method"": ""L-BFGS-B"", ""nfev"": 270, ""nit"": 36, ""status"": 0, ""success"": true, ""x"": [1.2498073667650884, 0.0, -4.377177444612516, -6.107403453336353]}], ""solver_path"": ""general_convolution"", ""uncertified_profiles"": 0}"
foul_leaves_5_team,team-quarter,2015-16,9840,optimization,FTA,1,FOUL;LOOSE_BALL_FOUL_DRAWN,17,Geom,41352.85559463085,-20662.636480830355,"[1.2498454656694273, 0.0]","{""p"": 0.9878505700889181}",3,True,optimizer_converged_lbfgsb,22,182,2,-21344.29205717544,681.6555763450851,10.822698500007391,"{""binomial_discrete_residual_mean"": null, ""binomial_discrete_residual_variance"": null, ""binomial_h_extension_used"": null, ""binomial_n_candidates"": 0, ""binomial_n_max"": null, ""binomial_n_min"": null, ""binomial_n_policy"": null, ""binomial_n_tie_break"": null, ""certified_profiles"": 1, ""optimizer_powell_attempted"": false, ""optimizer_powell_success"": false, ""optimizer_primary_failed_starts"": 0, ""optimizer_primary_successful_starts"": 2, ""optimizer_results"": [{""fun"": 20752.775203553843, ""jac"": [0.099680619920119, 350.3657353576273, 97.69645758948397], ""message"": ""CONVERGENCE: REL_REDUCTION_OF_F_<=_FACTR*EPSMCH"", ""method"": ""L-BFGS-B"", ""nfev"": 60, ""nit"": 7, ""status"": 0, ""success"": true, ""x"": [1.2523807584099738, 0.0, 20.413080407998397]}, {""fun"": 20662.636480830355, ""jac"": [0.028012436984850963, 349.85750971827656, 0.014551915316805695], ""message"": ""CONVERGENCE: REL_REDUCTION_OF_F_<=_FACTR*EPSMCH"", ""method"": ""L-BFGS-B"", ""nfev"": 120, ""nit"": 15, ""status"": 0, ""success"": true, ""x"": [1.2498454656694273, 0.0, 4.398249193672803]}], ""solver_path"": ""general_convolution"", ""uncertified_profiles"": 0}"
foul_leaves_5_team,team-quarter,2015-16,9840,optimization,FTA,1,FOUL;LOOSE_BALL_FOUL_DRAWN,17,Binomial,41352.57443043909,-20662.495898734476,"[1.2497715665119882, 0.0]","{""n"": 2, ""p"": 0.006320612995931059}",3,True,optimizer_converged_lbfgsb,34,194,2,-21324.89834798195,662.4024492474746,0.5376398999942467,"{""binomial_discrete_residual_mean"": -1.6225515668147867, ""binomial_discrete_residual_variance"": -4.356500135954525, ""binomial_h_extension_used"": true, ""binomial_n_candidates"": 1, ""binomial_n_max"": 2, ""binomial_n_min"": 2, ""binomial_n_policy"": ""paper_H_binomial_discrete_index_continuous_full_mle"", ""binomial_n_tie_break"": ""not_applicable_single_mom_index"", ""certified_profiles"": 1, ""optimizer_powell_attempted"": false, ""optimizer_powell_success"": false, ""optimizer_primary_failed_starts"": 0, ""optimizer_primary_successful_starts"": 2, ""optimizer_results"": [{""fun"": 20662.495898734476, ""jac"": [0.012369128019284841, 349.85278034582734, 0.0003637978829201424], ""message"": ""CONVERGENCE: REL_REDUCTION_OF_F_<=_FACTR*EPSMCH"", ""method"": ""L-BFGS-B"", ""nfev"": 116, ""nit"": 20, ""status"": 0, ""success"": true, ""x"": [1.2497715665119882, 0.0, -5.05759840985873]}, {""fun"": 20662.495898737645, ""jac"": [-0.002182787297520854, 349.85278034582734, 0.0], ""message"": ""CONVERGENCE: REL_REDUCTION_OF_F_<=_FACTR*EPSMCH"", ""method"": ""L-BFGS-B"", ""nfev"": 76, ""nit"": 14, ""status"": 0, ""success"": true, ""x"": [1.24977126956362, 0.0, -5.057644139984132]}], ""solver_path"": ""general_convolution"", ""uncertified_profiles"": 0}"
foul_leaves_5_team,team-quarter,2015-16,9840,optimization,FTA,1,FOUL;LOOSE_BALL_FOUL_DRAWN,17,Bernoulli,41352.47804448338,-20662.447705756622,"[1.2497448826850754, 0.0]","{""p"": 0.012763260814154116}",3,True,optimizer_converged_lbfgsb,34,206,2,-22299.960191290324,1637.5124855337017,0.39784059999510646,"{""binomial_discrete_residual_mean"": null, ""binomial_discrete_residual_variance"": null, ""binomial_h_extension_used"": null, ""binomial_n_candidates"": 0, ""binomial_n_max"": null, ""binomial_n_min"": null, ""binomial_n_policy"": null, ""binomial_n_tie_break"": null, ""certified_profiles"": 1, ""optimizer_powell_attempted"": false, ""optimizer_powell_success"": false, ""optimizer_primary_failed_starts"": 0, ""optimizer_primary_successful_starts"": 2, ""optimizer_results"": [{""fun"": 20662.447705756622, ""jac"": [0.0032741809462812814, 349.8509613564238, 0.0003637978829201424], ""message"": ""CONVERGENCE: REL_REDUCTION_OF_F_<=_FACTR*EPSMCH"", ""method"": ""L-BFGS-B"", ""nfev"": 132, ""nit"": 20, ""status"": 0, ""success"": true, ""x"": [1.2497448826850754, 0.0, -4.348339073035482]}, {""fun"": 20662.447705793293, ""jac"": [0.05129550149174007, 349.85314414370805, 0.0], ""message"": ""CONVERGENCE: REL_REDUCTION_OF_F_<=_FACTR*EPSMCH"", ""method"": ""L-BFGS-B"", ""nfev"": 72, ""nit"": 14, ""status"": 0, ""success"": true, ""x"": [1.2497462485953972, 0.0, -4.348347521029455]}], ""solver_path"": ""general_convolution"", ""uncertified_profiles"": 0}"
foul_leaves_5_team,team-quarter,2015-16,9840,optimization,FTA,1,FTM;LOOSE_BALL_FOUL_DRAWN,20,Poisson,36664.56582674647,-18318.491596888165,"[1.189140971152787, 0.0171105053584099]","{""lam"": 0.5729556423333947}",3,True,poisson_convex_mle,21,29,2,-18338.543033032696,20.05143614453118,0.0444363999995403,"{""binomial_discrete_residual_mean"": null, ""binomial_discrete_residual_variance"": null, ""binomial_h_extension_used"": null, ""binomial_n_candidates"": 0, ""binomial_n_max"": null, ""binomial_n_min"": null, ""binomial_n_policy"": null, ""binomial_n_tie_break"": null, ""certified_profiles"": 1, ""optimizer_primary_failed_starts"": 0, ""optimizer_primary_successful_starts"": 2, ""optimizer_results"": [{""fun"": 18318.491596896485, ""jac"": [0.0005681297972088828, -0.01603402145744326, -0.000330727864302105], ""message"": ""CONVERGENCE: REL_REDUCTION_OF_F_<=_FACTR*EPSMCH"", ""method"": ""L-BFGS-B"", ""nfev"": 11, ""nit"": 8, ""status"": 0, ""success"": true, ""x"": [0.5729579614653827, 1.1891400178121616, 0.01711002923146584]}, {""fun"": 18318.491596888165, ""jac"": [0.0002611954683402473, 0.0006001245396589638, 0.0003496938040328246], ""message"": ""CONVERGENCE: REL_REDUCTION_OF_F_<=_FACTR*EPSMCH"", ""method"": ""L-BFGS-B"", ""nfev"": 16, ""nit"": 13, ""status"": 0, ""success"": true, ""x"": [0.5729556423333947, 1.189140971152787, 0.0171105053584099]}], ""poisson_canonical_agreement_abs"": 0.0, ""solver_path"": ""poisson_convex"", ""uncertified_profiles"": 0}"
foul_leaves_5_team,team-quarter,2015-16,9840,optimization,FTA,1,FTM;LOOSE_BALL_FOUL_DRAWN,20,NB,36673.76073288118,-18318.491944460497,"[1.1891121871292982, 0.016945190990698054]","{""p"": 0.9999979521570567, ""r"": 279799.549553407}",4,True,optimizer_converged_lbfgsb,40,417,2,-18338.54538997184,20.053445511344762,1.8665894999867305,"{""binomial_discrete_residual_mean"": null, ""binomial_discrete_residual_variance"": null, ""binomial_h_extension_used"": null, ""binomial_n_candidates"": 0, ""binomial_n_max"": null, ""binomial_n_min"": null, ""binomial_n_policy"": null, ""binomial_n_tie_break"": null, ""certified_profiles"": 1, ""optimizer_powell_attempted"": false, ""optimizer_powell_success"": false, ""optimizer_primary_failed_starts"": 0, ""optimizer_primary_successful_starts"": 2, ""optimizer_results"": [{""fun"": 18318.493006726585, ""jac"": [0.0032741809462812814, 0.0, -0.00836735056399325, 0.005093169908517631], ""message"": ""CONVERGENCE: REL_REDUCTION_OF_F_<=_FACTR*EPSMCH"", ""method"": ""L-BFGS-B"", ""nfev"": 55, ""nit"": 9, ""status"": 0, ""success"": true, ""x"": [1.1891427878642258, 0.01711245428795354, 11.057133030640351, 11.614094988422176]}, {""fun"": 18318.491944460497, ""jac"": [-1.0819349038045034, -0.19463186614679928, -0.12332747135624833, 0.12878443911537438], ""message"": ""CONVERGENCE: REL_REDUCTION_OF_F_<=_FACTR*EPSMCH"", ""method"": ""L-BFGS-B"", ""nfev"": 360, ""nit"": 31, ""status"": 0, ""success"": true, ""x"": [1.1891121871292982, 0.016945190990698054, 12.54182873132447, 13.098721493726819]}], ""solver_path"": ""general_convolution"", ""uncertified_profiles"": 0}"
foul_leaves_5_team,team-quarter,2015-16,9840,optimization,FTA,1,FTM;LOOSE_BALL_FOUL_DRAWN,20,ZIP,36673.760037929605,-18318.49159698471,"[1.189141062062939, 0.01710982650490384]","{""lam"": 0.572955262426347, ""rho"": 1.0000000000000007e-09}",4,True,optimizer_converged_lbfgsb,45,272,2,-18338.543033074548,20.051436089837807,0.290571799967438,"{""binomial_discrete_residual_mean"": null, ""binomial_discrete_residual_variance"": null, ""binomial_h_extension_used"": null, ""binomial_n_candidates"": 0, ""binomial_n_max"": null, ""binomial_n_min"": null, ""binomial_n_policy"": null, ""binomial_n_tie_break"": null, ""certified_profiles"": 1, ""optimizer_powell_attempted"": false, ""optimizer_powell_success"": false, ""optimizer_primary_failed_starts"": 0, ""optimizer_primary_successful_starts"": 2, ""optimizer_results"": [{""fun"": 18318.49159698471, ""jac"": [0.0, -0.0003637978806482229, -0.0003637978788811745, 0.0], ""message"": ""CONVERGENCE: REL_REDUCTION_OF_F_<=_FACTR*EPSMCH"", ""method"": ""L-BFGS-B"", ""nfev"": 60, ""nit"": 9, ""status"": 0, ""success"": true, ""x"": [1.189141062062939, 0.01710982650490384, -0.5569476413602602, -20.72326583594641]}, {""fun"": 18318.49167259053, ""jac"": [0.026557245453170394, -0.00982254277750202, -0.0003637978788811745, 0.0], ""message"": ""CONVERGENCE: REL_REDUCTION_OF_F_<=_FACTR*EPSMCH"", ""method"": ""L-BFGS-B"", ""nfev"": 210, ""nit"": 36, ""status"": 0, ""success"": true, ""x"": [1.189142949306482, 0.01709699261632249, -0.556949092929096, -14.058547253341866]}], ""solver_path"": ""general_convolution"", ""uncertified_profiles"": 0}"
foul_leaves_5_team,team-quarter,2015-16,9840,optimization,FTA,1,FTM;LOOSE_BALL_FOUL_DRAWN,20,Geom,36799.47737617325,-18385.947371601556,"[1.2299782356385272, 0.10228359464735362]","{""p"": 0.7304761945693921}",3,True,optimizer_converged_lbfgsb,20,102,2,-18516.69211715287,130.74474555131383,0.17908969998825341,"{""binomial_discrete_residual_mean"": null, ""binomial_discrete_residual_variance"": null, ""binomial_h_extension_used"": null, ""binomial_n_candidates"": 0, ""binomial_n_max"": null, ""binomial_n_min"": null, ""binomial_n_policy"": null, ""binomial_n_tie_break"": null, ""certified_profiles"": 1, ""optimizer_powell_attempted"": false, ""optimizer_powell_success"": false, ""optimizer_primary_failed_starts"": 0, ""optimizer_primary_successful_starts"": 2, ""optimizer_results"": [{""fun"": 18385.947371601556, ""jac"": [-0.005093170360881993, -0.0014551915236026337, 0.000727595757762349], ""message"": ""CONVERGENCE: REL_REDUCTION_OF_F_<=_FACTR*EPSMCH"", ""method"": ""L-BFGS-B"", ""nfev"": 48, ""nit"": 9, ""status"": 0, ""success"": true, ""x"": [1.2299782356385272, 0.10228359464735362, 0.997039924514279]}, {""fun"": 18385.947372230785, ""jac"": [-0.019281287794767545, 0.031650415638357285, -0.0025465851521682217], ""message"": ""CONVERGENCE: REL_REDUCTION_OF_F_<=_FACTR*EPSMCH"", ""method"": ""L-BFGS-B"", ""nfev"": 52, ""nit"": 11, ""status"": 0, ""success"": true, ""x"": [1.22997539288256, 0.10232299614133299, 0.9970410163155742]}], ""solver_path"": ""general_convolution"", ""uncertified_profiles"": 0}"
foul_leaves_5_team,team-quarter,2015-16,9840,optimization,FTA,1,FTM;LOOSE_BALL_FOUL_DRAWN,20,Binomial,inf,-inf,[],"{""n"": 2}",3,False,infeasible_conditional_support,0,0,0,-inf,0.0,0.0003121999907307327,"{""binomial_discrete_residual_mean"": 0.7016159211100721, ""binomial_discrete_residual_variance"": -3.1541050477801065, ""binomial_h_extension_used"": true, ""binomial_n_candidates"": 1, ""binomial_n_max"": 2, ""binomial_n_min"": 2, ""binomial_n_policy"": ""paper_H_binomial_discrete_index_continuous_full_mle"", ""binomial_n_tie_break"": ""not_applicable_single_mom_index"", ""certified_profiles"": 0, ""solver_path"": ""conditional_support_check"", ""support_violating_rows"": 24, ""uncertified_profiles"": 0}"
foul_leaves_5_team,team-quarter,2015-16,9840,optimization,FTA,1,FTM;LOOSE_BALL_FOUL_DRAWN,20,Bernoulli,inf,-inf,[],{},3,False,infeasible_conditional_support,0,0,0,-inf,0.0,4.240003181621432e-05,"{""binomial_discrete_residual_mean"": null, ""binomial_discrete_residual_variance"": null, ""binomial_h_extension_used"": null, ""binomial_n_candidates"": 0, ""binomial_n_max"": null, ""binomial_n_min"": null, ""binomial_n_policy"": null, ""binomial_n_tie_break"": null, ""certified_profiles"": 0, ""solver_path"": ""conditional_support_check"", ""support_violating_rows"": 77, ""uncertified_profiles"": 0}"
foul_leaves_5_team,team-quarter,2015-16,9840,optimization,FTA,1,FOUL;FTM;LOOSE_BALL_FOUL_DRAWN,21,Poisson,35835.067927925185,-17899.1455419825,"[0.3381246077180836, 0.9645723368289499, 0.0]","{""lam"": 0.0}",4,True,poisson_convex_mle,21,29,2,-18493.71807194297,594.572529960471,0.04167569999117404,"{""binomial_discrete_residual_mean"": null, ""binomial_discrete_residual_variance"": null, ""binomial_h_extension_used"": null, ""binomial_n_candidates"": 0, ""binomial_n_max"": null, ""binomial_n_min"": null, ""binomial_n_policy"": null, ""binomial_n_tie_break"": null, ""certified_profiles"": 1, ""optimizer_primary_failed_starts"": 0, ""optimizer_primary_successful_starts"": 2, ""optimizer_results"": [{""fun"": 17899.1455419825, ""jac"": [299.05747496713917, 1.1509958426358935e-06, 1.2773413118338794e-06, 182.7815664835287], ""message"": ""CONVERGENCE: REL_REDUCTION_OF_F_<=_FACTR*EPSMCH"", ""method"": ""L-BFGS-B"", ""nfev"": 11, ""nit"": 8, ""status"": 0, ""success"": true, ""x"": [0.0, 0.3381246077180836, 0.9645723368289499, 0.0]}, {""fun"": 17899.145541982638, ""jac"": [299.05679993963986, -0.0031773701059876203, -0.002924528114320424, 182.781372392231], ""message"": ""CONVERGENCE: REL_REDUCTION_OF_F_<=_FACTR*EPSMCH"", ""method"": ""L-BFGS-B"", ""nfev"": 16, ""nit"": 13, ""status"": 0, ""success"": true, ""x"": [0.0, 0.3381245742910107, 0.9645722815769816, 0.0]}], ""poisson_canonical_agreement_abs"": 0.0, ""solver_path"": ""poisson_convex"", ""uncertified_profiles"": 0}"
foul_leaves_5_team,team-quarter,2015-16,9840,optimization,FTA,1,FOUL;FTM;LOOSE_BALL_FOUL_DRAWN,21,NB,35844.265322340274,-17899.14713369502,"[0.33809939450968596, 0.9646124307048758, 0.0]","{""p"": 0.9994310336527953, ""r"": 0.00930007438506216}",5,True,optimizer_converged_lbfgsb,32,284,2,-18493.734142914484,594.5870092194637,1.184097399993334,"{""binomial_discrete_residual_mean"": null, ""binomial_discrete_residual_variance"": null, ""binomial_h_extension_used"": null, ""binomial_n_candidates"": 0, ""binomial_n_max"": null, ""binomial_n_min"": null, ""binomial_n_policy"": null, ""binomial_n_tie_break"": null, ""certified_profiles"": 1, ""optimizer_powell_attempted"": false, ""optimizer_powell_success"": false, ""optimizer_primary_failed_starts"": 0, ""optimizer_primary_successful_starts"": 2, ""optimizer_results"": [{""fun"": 17899.148526653906, ""jac"": [0.0003637978809006584, 0.000727595757762349, 182.7815140131861, 0.0014551915228453274, -0.0032741806554756193], ""message"": ""CONVERGENCE: REL_REDUCTION_OF_F_<=_FACTR*EPSMCH"", ""method"": ""L-BFGS-B"", ""nfev"": 66, ""nit"": 8, ""status"": 0, ""success"": true, ""x"": [0.33812168107014884, 0.9645732313705402, 0.0, -0.0009886350531187194, 11.513938510918258]}, {""fun"": 17899.14713369502, ""jac"": [0.32450770976338733, 0.5409674458963065, 182.79497453477234, -0.001091393648760427, -0.0018189894146007119], ""message"": ""CONVERGENCE: REL_REDUCTION_OF_F_<=_FACTR*EPSMCH"", ""method"": ""L-BFGS-B"", ""nfev"": 216, ""nit"": 24, ""status"": 0, ""success"": true, ""x"": [0.33809939450968596, 0.9646124307048758, 0.0, -4.677732880461133, 7.471120141069605]}], ""solver_path"": ""general_convolution"", ""uncertified_profiles"": 0}"
foul_leaves_5_team,team-quarter,2015-16,9840,optimization,FTA,1,FOUL;FTM;LOOSE_BALL_FOUL_DRAWN,21,ZIP,35844.26213897507,-17899.14554201242,"[0.33812456421436315, 0.9645723912618535, 0.0]","{""lam"": 9.999999999999996e-11, ""rho"": 1.0000000000000007e-09}",5,True,optimizer_converged_lbfgsb,39,296,2,-18493.71807210368,594.57253009126,0.34692330000689253,"{""binomial_discrete_residual_mean"": null, ""binomial_discrete_residual_variance"": null, ""binomial_h_extension_used"": null, ""binomial_n_candidates"": 0, ""binomial_n_max"": null, ""binomial_n_min"": null, ""binomial_n_policy"": null, ""binomial_n_tie_break"": null, ""certified_profiles"": 1, ""optimizer_powell_attempted"": false, ""optimizer_powell_success"": false, ""optimizer_primary_failed_starts"": 0, ""optimizer_primary_successful_starts"": 2, ""optimizer_results"": [{""fun"": 17899.14554201242, ""jac"": [0.0, 0.0003637978788811745, 182.7811502153054, 0.0, 0.0], ""message"": ""CONVERGENCE: REL_REDUCTION_OF_F_<=_FACTR*EPSMCH"", ""method"": ""L-BFGS-B"", ""nfev"": 66, ""nit"": 8, ""status"": 0, ""success"": true, ""x"": [0.33812456421436315, 0.9645723912618535, 0.0, -23.025850929940457, -20.72326583594641]}, {""fun"": 17899.1456336872, ""jac"": [-0.7705239117475946, -0.7854396205044558, 182.73640307597816, 0.0, 0.0], ""message"": ""CONVERGENCE: REL_REDUCTION_OF_F_<=_FACTR*EPSMCH"", ""method"": ""L-BFGS-B"", ""nfev"": 228, ""nit"": 31, ""status"": 0, ""success"": true, ""x"": [0.3381249027827209, 0.9645483123498361, 0.0, -12.069379510228886, 2.985870538159845]}], ""solver_path"": ""general_convolution"", ""uncertified_profiles"": 0}"
foul_leaves_5_team,team-quarter,2015-16,9840,optimization,FTA,1,FOUL;FTM;LOOSE_BALL_FOUL_DRAWN,21,Geom,35835.06792852331,-17899.145542281563,"[0.33812459768876163, 0.9645723467703385, 0.0]","{""p"": 0.9999999990000001}",4,True,optimizer_converged_lbfgsb,38,237,2,-18493.71807355006,594.5725312684954,26.541038200026378,"{""binomial_discrete_residual_mean"": null, ""binomial_discrete_residual_variance"": null, ""binomial_h_extension_used"": null, ""binomial_n_candidates"": 0, ""binomial_n_max"": null, ""binomial_n_min"": null, ""binomial_n_policy"": null, ""binomial_n_tie_break"": null, ""certified_profiles"": 1, ""optimizer_powell_attempted"": false, ""optimizer_powell_success"": false, ""optimizer_primary_failed_starts"": 0, ""optimizer_primary_successful_starts"": 2, ""optimizer_results"": [{""fun"": 17899.145542281563, ""jac"": [0.0, 0.0, 182.7811502153054, 0.0], ""message"": ""CONVERGENCE: NORM_OF_PROJECTED_GRADIENT_<=_PGTOL"", ""method"": ""L-BFGS-B"", ""nfev"": 55, ""nit"": 8, ""status"": 0, ""success"": true, ""x"": [0.33812459768876163, 0.9645723467703385, 0.0, 20.723265871841395]}, {""fun"": 17899.145646826677, ""jac"": [-0.012732925831523046, -0.012732925760841108, 182.78078641742468, 0.0], ""message"": ""CONVERGENCE: REL_REDUCTION_OF_F_<=_FACTR*EPSMCH"", ""method"": ""L-BFGS-B"", ""nfev"": 180, ""nit"": 30, ""status"": 0, ""success"": true, ""x"": [0.33812447460655853, 0.964572017203636, 0.0, 14.863694948252366]}], ""solver_path"": ""general_convolution"", ""uncertified_profiles"": 0}"
foul_leaves_5_team,team-quarter,2015-16,9840,optimization,FTA,1,FOUL;FTM;LOOSE_BALL_FOUL_DRAWN,21,Binomial,35835.06792912142,-17899.145542580616,"[0.3381246138077505, 0.9645723198333063, 0.0]","{""n"": 2, ""p"": 1.0000000961050421e-09}",4,True,optimizer_converged_lbfgsb,45,297,2,-18493.718075157143,594.572532576527,0.8497739000013098,"{""binomial_discrete_residual_mean"": -0.7130470040521768, ""binomial_discrete_residual_variance"": -5.3257239654796695, ""binomial_h_extension_used"": true, ""binomial_n_candidates"": 1, ""binomial_n_max"": 2, ""binomial_n_min"": 2, ""binomial_n_policy"": ""paper_H_binomial_discrete_index_continuous_full_mle"", ""binomial_n_tie_break"": ""not_applicable_single_mom_index"", ""certified_profiles"": 1, ""optimizer_powell_attempted"": false, ""optimizer_powell_success"": false, ""optimizer_primary_failed_starts"": 0, ""optimizer_primary_successful_starts"": 2, ""optimizer_results"": [{""fun"": 17899.145542580616, ""jac"": [0.0003637978809006584, 0.0, 182.7818778110668, 0.0], ""message"": ""CONVERGENCE: REL_REDUCTION_OF_F_<=_FACTR*EPSMCH"", ""method"": ""L-BFGS-B"", ""nfev"": 55, ""nit"": 8, ""status"": 0, ""success"": true, ""x"": [0.3381246138077505, 0.9645723198333063, 0.0, -20.723265739841374]}, {""fun"": 17899.146094372467, ""jac"": [-0.7919879867207335, -0.4070898264680343, 182.72476154379547, 0.0007275957012168043], ""message"": ""CONVERGENCE: REL_REDUCTION_OF_F_<=_FACTR*EPSMCH"", ""method"": ""L-BFGS-B"", ""nfev"": 240, ""nit"": 37, ""status"": 0, ""success"": true, ""x"": [0.33807976973048487, 0.9646038858945784, 0.0, -13.915447437736065]}], ""solver_path"": ""general_convolution"", ""uncertified_profiles"": 0}"
foul_leaves_5_team,team-quarter,2015-16,9840,optimization,FTA,1,FOUL;FTM;LOOSE_BALL_FOUL_DRAWN,21,Bernoulli,35835.06792852333,-17899.14554228157,"[0.3381245625373385, 0.9645723726608784, 0.0]","{""p"": 1.0000000000000007e-09}",4,True,optimizer_converged_lbfgsb,45,292,2,-18493.71807355006,594.5725312684881,0.582914000027813,"{""binomial_discrete_residual_mean"": null, ""binomial_discrete_residual_variance"": null, ""binomial_h_extension_used"": null, ""binomial_n_candidates"": 0, ""binomial_n_max"": null, ""binomial_n_min"": null, ""binomial_n_policy"": null, ""binomial_n_tie_break"": null, ""certified_profiles"": 1, ""optimizer_powell_attempted"": false, ""optimizer_powell_success"": false, ""optimizer_primary_failed_starts"": 0, ""optimizer_primary_successful_starts"": 2, ""optimizer_results"": [{""fun"": 17899.14554228157, ""jac"": [-0.0003637978809006584, -0.0003637978788811745, 182.7815140131861, 0.0], ""message"": ""CONVERGENCE: REL_REDUCTION_OF_F_<=_FACTR*EPSMCH"", ""method"": ""L-BFGS-B"", ""nfev"": 55, ""nit"": 8, ""status"": 0, ""success"": true, ""x"": [0.3381245625373385, 0.9645723726608784, 0.0, -20.72326583594641]}, {""fun"": 17899.145551480688, ""jac"": [0.019281287687734898, 0.013460521518603458, 182.78260540682822, 0.0], ""message"": ""CONVERGENCE: REL_REDUCTION_OF_F_<=_FACTR*EPSMCH"", ""method"": ""L-BFGS-B"", ""nfev"": 235, ""nit"": 37, ""status"": 0, ""success"": true, ""x"": [0.3381253062484217, 0.964572046425298, 0.0, -17.265563965844812]}], ""solver_path"": ""general_convolution"", ""uncertified_profiles"": 0}"
foul_leaves_5_team,team-quarter,2015-16,9840,optimization,FTA,1,PERS_FOUL_DRAWN;LOOSE_BALL_FOUL_DRAWN,24,Poisson,55142.75932498864,-27557.588346009252,"[0.7358281606183832, 0.8093307119291235]","{""lam"": 4.168422659137027}",3,True,poisson_convex_mle,14,21,2,-27593.395337156202,35.80699114695017,0.04069240001263097,"{""binomial_discrete_residual_mean"": null, ""binomial_discrete_residual_variance"": null, ""binomial_h_extension_used"": null, ""binomial_n_candidates"": 0, ""binomial_n_max"": null, ""binomial_n_min"": null, ""binomial_n_policy"": null, ""binomial_n_tie_break"": null, ""certified_profiles"": 1, ""optimizer_primary_failed_starts"": 0, ""optimizer_primary_successful_starts"": 2, ""optimizer_results"": [{""fun"": 27557.588346009252, ""jac"": [0.0002284853893286254, 0.0005798950028292893, -0.00018369767747827837], ""message"": ""CONVERGENCE: REL_REDUCTION_OF_F_<=_FACTR*EPSMCH"", ""method"": ""L-BFGS-B"", ""nfev"": 9, ""nit"": 7, ""status"": 0, ""success"": true, ""x"": [4.168422659137027, 0.7358281606183832, 0.8093307119291235]}, {""fun"": 27557.58834601666, ""jac"": [-0.002390076322853929, -0.009212037217366742, 0.0006308582696021858], ""message"": ""CONVERGENCE: REL_REDUCTION_OF_F_<=_FACTR*EPSMCH"", ""method"": ""L-BFGS-B"", ""nfev"": 10, ""nit"": 7, ""status"": 0, ""success"": true, ""x"": [4.168422855845731, 0.7358265694448605, 0.8093340622905973]}], ""poisson_canonical_agreement_abs"": 0.0, ""solver_path"": ""poisson_convex"", ""uncertified_profiles"": 0}"
foul_leaves_5_team,team-quarter,2015-16,9840,optimization,FTA,1,PERS_FOUL_DRAWN;LOOSE_BALL_FOUL_DRAWN,24,NB,51789.83964796819,-25876.531402004002,"[0.6097881267679687, 0.6304190171394397]","{""p"": 0.3921033129473913, ""r"": 2.874575803807901}",4,True,optimizer_converged_lbfgsb,22,142,2,-25880.270409378354,3.739007374351786,0.6987674999982119,"{""binomial_discrete_residual_mean"": null, ""binomial_discrete_residual_variance"": null, ""binomial_h_extension_used"": null, ""binomial_n_candidates"": 0, ""binomial_n_max"": null, ""binomial_n_min"": null, ""binomial_n_policy"": null, ""binomial_n_tie_break"": null, ""certified_profiles"": 1, ""optimizer_powell_attempted"": false, ""optimizer_powell_success"": false, ""optimizer_primary_failed_starts"": 0, ""optimizer_primary_successful_starts"": 2, ""optimizer_results"": [{""fun"": 25876.531402012057, ""jac"": [-0.005093170304336443, -0.0003637978788811745, -0.01382431955096541, 0.010186340665218436], ""message"": ""CONVERGENCE: REL_REDUCTION_OF_F_<=_FACTR*EPSMCH"", ""method"": ""L-BFGS-B"", ""nfev"": 70, ""nit"": 11, ""status"": 0, ""success"": true, ""x"": [0.6097891504977409, 0.6304206613033, 1.0559025117589882, -0.4384807740193839]}, {""fun"": 25876.531402004002, ""jac"": [0.000727595757762349, 0.0003637978788811745, 0.002910383063361139, -0.0036379788090065844], ""message"": ""CONVERGENCE: REL_REDUCTION_OF_F_<=_FACTR*EPSMCH"", ""method"": ""L-BFGS-B"", ""nfev"": 70, ""nit"": 11, ""status"": 0, ""success"": true, ""x"": [0.6097881267679687, 0.6304190171394397, 1.0559051168616582, -0.43847958641326445]}], ""solver_path"": ""general_convolution"", ""uncertified_profiles"": 0}"
foul_leaves_5_team,team-quarter,2015-16,9840,optimization,FTA,1,PERS_FOUL_DRAWN;LOOSE_BALL_FOUL_DRAWN,24,ZIP,52063.83494700421,-26013.52905152201,"[0.8903747922061713, 0.9475888292321678]","{""lam"": 4.957340423435686, ""rho"": 0.2255563800221632}",4,True,optimizer_converged_lbfgsb,24,147,2,-26158.439043705523,144.90999218351135,0.17640699999174103,"{""binomial_discrete_residual_mean"": null, ""binomial_discrete_residual_variance"": null, ""binomial_h_extension_used"": null, ""binomial_n_candidates"": 0, ""binomial_n_max"": null, ""binomial_n_min"": null, ""binomial_n_policy"": null, ""binomial_n_tie_break"": null, ""certified_profiles"": 1, ""optimizer_powell_attempted"": false, ""optimizer_powell_success"": false, ""optimizer_primary_failed_starts"": 0, ""optimizer_primary_successful_starts"": 2, ""optimizer_results"": [{""fun"": 26013.52905152348, ""jac"": [-0.003637978788811745, -0.001455191515524698, -0.007275957658402847, 0.0018189894146007119], ""message"": ""CONVERGENCE: REL_REDUCTION_OF_F_<=_FACTR*EPSMCH"", ""method"": ""L-BFGS-B"", ""nfev"": 60, ""nit"": 10, ""status"": 0, ""success"": true, ""x"": [0.8903740644072633, 0.9475859229084821, 1.6008692513106078, -1.2335763846198304]}, {""fun"": 26013.52905152201, ""jac"": [-0.0003637978788811745, 0.0, -0.0007275957658402848, 0.0007275957658402848], ""message"": ""CONVERGENCE: REL_REDUCTION_OF_F_<=_FACTR*EPSMCH"", ""method"": ""L-BFGS-B"", ""nfev"": 85, ""nit"": 14, ""status"": 0, ""success"": true, ""x"": [0.8903747922061713, 0.9475888292321678, 1.600869391975068, -1.2335747118631475]}], ""solver_path"": ""general_convolution"", ""uncertified_profiles"": 0}"
foul_leaves_5_team,team-quarter,2015-16,9840,optimization,FTA,1,PERS_FOUL_DRAWN;LOOSE_BALL_FOUL_DRAWN,24,Geom,52788.30477446025,-26380.361070745057,"[1.024798456451877, 1.0704810706081282]","{""p"": 0.21968240558068752}",3,True,optimizer_converged_lbfgsb,19,94,2,-26425.64606736443,45.28499661937167,0.1597549999714829,"{""binomial_discrete_residual_mean"": null, ""binomial_discrete_residual_variance"": null, ""binomial_h_extension_used"": null, ""binomial_n_candidates"": 0, ""binomial_n_max"": null, ""binomial_n_min"": null, ""binomial_n_policy"": null, ""binomial_n_tie_break"": null, ""certified_profiles"": 1, ""optimizer_powell_attempted"": false, ""optimizer_powell_success"": false, ""optimizer_primary_failed_starts"": 0, ""optimizer_primary_successful_starts"": 2, ""optimizer_results"": [{""fun"": 26380.361070745057, ""jac"": [0.0007275957658402848, 0.0003637978829201424, 0.0007275957658402848], ""message"": ""CONVERGENCE: REL_REDUCTION_OF_F_<=_FACTR*EPSMCH"", ""method"": ""L-BFGS-B"", ""nfev"": 48, ""nit"": 10, ""status"": 0, ""success"": true, ""x"": [1.024798456451877, 1.0704810706081282, -1.26751811679872]}, {""fun"": 26380.36107074575, ""jac"": [-0.002182787297520854, 0.0, 0.002910383063361139], ""message"": ""CONVERGENCE: REL_REDUCTION_OF_F_<=_FACTR*EPSMCH"", ""method"": ""L-BFGS-B"", ""nfev"": 44, ""nit"": 9, ""status"": 0, ""success"": true, ""x"": [1.024797977678569, 1.0704811534078191, -1.2675179646467334]}], ""solver_path"": ""general_convolution"", ""uncertified_profiles"": 0}"
foul_leaves_5_team,team-quarter,2015-16,9840,optimization,FTA,1,PERS_FOUL_DRAWN;LOOSE_BALL_FOUL_DRAWN,24,Binomial,55486.246846397,-27729.33210671343,"[0.764348823619884, 0.8429413082005127]","{""n"": 100, ""p"": 0.04105256924011222}",3,True,optimizer_converged_lbfgsb,18,94,2,-27751.869285016575,22.537178303144174,0.7234972000005655,"{""binomial_discrete_residual_mean"": 3.897656330526538, ""binomial_discrete_residual_variance"": 10.194110402770498, ""binomial_h_extension_used"": true, ""binomial_n_candidates"": 1, ""binomial_n_max"": 100, ""binomial_n_min"": 100, ""binomial_n_policy"": ""paper_H_binomial_discrete_index_continuous_full_mle"", ""binomial_n_tie_break"": ""not_applicable_single_mom_index"", ""certified_profiles"": 1, ""optimizer_powell_attempted"": false, ""optimizer_powell_success"": false, ""optimizer_primary_failed_starts"": 0, ""optimizer_primary_successful_starts"": 2, ""optimizer_results"": [{""fun"": 27729.33210671343, ""jac"": [-0.0010913936366435237, -0.000727595757762349, -0.002182787297520854], ""message"": ""CONVERGENCE: REL_REDUCTION_OF_F_<=_FACTR*EPSMCH"", ""method"": ""L-BFGS-B"", ""nfev"": 40, ""nit"": 8, ""status"": 0, ""success"": true, ""x"": [0.764348823619884, 0.8429413082005127, -3.1509828346491164]}, {""fun"": 27729.33210671488, ""jac"": [0.000727595757762349, 0.0010913936366435237, -0.002910383063361139], ""message"": ""CONVERGENCE: REL_REDUCTION_OF_F_<=_FACTR*EPSMCH"", ""method"": ""L-BFGS-B"", ""nfev"": 52, ""nit"": 10, ""status"": 0, ""success"": true, ""x"": [0.7643493126561892, 0.8429432227044783, -3.1509831928579337]}], ""solver_path"": ""general_convolution"", ""uncertified_profiles"": 0}"
foul_leaves_5_team,team-quarter,2015-16,9840,optimization,FTA,1,PERS_FOUL_DRAWN;LOOSE_BALL_FOUL_DRAWN,24,Bernoulli,inf,-inf,[],{},3,False,infeasible_conditional_support,0,0,0,-inf,0.0,0.00012059998698532581,"{""binomial_discrete_residual_mean"": null, ""binomial_discrete_residual_variance"": null, ""binomial_h_extension_used"": null, ""binomial_n_candidates"": 0, ""binomial_n_max"": null, ""binomial_n_min"": null, ""binomial_n_policy"": null, ""binomial_n_tie_break"": null, ""certified_profiles"": 0, ""solver_path"": ""conditional_support_check"", ""support_violating_rows"": 1094, ""uncertified_profiles"": 0}"
foul_leaves_5_team,team-quarter,2015-16,9840,optimization,FTA,1,FOUL;PERS_FOUL_DRAWN;LOOSE_BALL_FOUL_DRAWN,25,Poisson,41361.86367012933,-20662.54341308457,"[1.2497969379993685, 0.0, 0.0]","{""lam"": 0.012522446773992384}",4,True,poisson_convex_mle,52,95,2,-21057.824612067885,395.2811989833135,0.14259730000048876,"{""binomial_discrete_residual_mean"": null, ""binomial_discrete_residual_variance"": null, ""binomial_h_extension_used"": null, ""binomial_n_candidates"": 0, ""binomial_n_max"": null, ""binomial_n_min"": null, ""binomial_n_policy"": null, ""binomial_n_tie_break"": null, ""certified_profiles"": 1, ""optimizer_primary_failed_starts"": 0, ""optimizer_primary_successful_starts"": 2, ""optimizer_results"": [{""fun"": 20698.150399854305, ""jac"": [-42.705081927466, -1573.8723685274242, 1608.6270385576724, 259.9128472084221], ""message"": ""CONVERGENCE: REL_REDUCTION_OF_F_<=_FACTR*EPSMCH"", ""method"": ""L-BFGS-B"", ""nfev"": 44, ""nit"": 23, ""status"": 0, ""success"": true, ""x"": [0.029201561099154727, 1.2044171803631296, 0.0, 0.0]}, {""fun"": 20662.54341308457, ""jac"": [-0.004934096422644529, -0.00106079443253293, 2173.432705384116, 349.8536175277882], ""message"": ""CONVERGENCE: REL_REDUCTION_OF_F_<=_FACTR*EPSMCH"", ""method"": ""L-BFGS-B"", ""nfev"": 49, ""nit"": 29, ""status"": 0, ""success"": true, ""x"": [0.012522446773992384, 1.2497969379993685, 0.0, 0.0]}], ""poisson_canonical_agreement_abs"": 0.0, ""solver_path"": ""poisson_convex"", ""uncertified_profiles"": 0}"
foul_leaves_5_team,team-quarter,2015-16,9840,optimization,FTA,1,FOUL;PERS_FOUL_DRAWN;LOOSE_BALL_FOUL_DRAWN,25,NB,41371.06319796499,-20662.54607150738,"[1.2497978545203734, 0.0, 0.0]","{""p"": 0.9996473293483865, ""r"": 35.48311921756224}",5,True,optimizer_converged_lbfgsb,33,284,2,-20988.760701042,326.21462953462105,1.1467903000302613,"{""binomial_discrete_residual_mean"": null, ""binomial_discrete_residual_variance"": null, ""binomial_h_extension_used"": null, ""binomial_n_candidates"": 0, ""binomial_n_max"": null, ""binomial_n_min"": null, ""binomial_n_policy"": null, ""binomial_n_tie_break"": null, ""certified_profiles"": 1, ""optimizer_powell_attempted"": false, ""optimizer_powell_success"": false, ""optimizer_primary_failed_starts"": 0, ""optimizer_primary_successful_starts"": 2, ""optimizer_results"": [{""fun"": 20662.54607150738, ""jac"": [-0.001091393648760427, 2173.4333131462336, 349.85350794158876, 0.0, 0.0007275957658402848], ""message"": ""CONVERGENCE: REL_REDUCTION_OF_F_<=_FACTR*EPSMCH"", ""method"": ""L-BFGS-B"", ""nfev"": 174, ""nit"": 17, ""status"": 0, ""success"": true, ""x"": [1.2497978545203734, 0.0, 0.0, 3.5690570683900136, 7.949623201952227]}, {""fun"": 20662.54607477981, ""jac"": [0.002182787297520854, 2173.4344045398757, 349.85350794158876, -0.002182787297520854, 0.0003637978829201424], ""message"": ""CONVERGENCE: REL_REDUCTION_OF_F_<=_FACTR*EPSMCH"", ""method"": ""L-BFGS-B"", ""nfev"": 108, ""nit"": 16, ""status"": 0, ""success"": true, ""x"": [1.249798122540617, 0.0, 0.0, 3.567801713099454, 7.9484424274391445]}], ""solver_path"": ""general_convolution"", ""uncertified_profiles"": 0}"
foul_leaves_5_team,team-quarter,2015-16,9840,optimization,FTA,1,FOUL;PERS_FOUL_DRAWN;LOOSE_BALL_FOUL_DRAWN,25,ZIP,41371.057881119785,-20662.543413084775,"[1.2497969145067915, 0.0, 0.0]","{""lam"": 0.01252271389920117, ""rho"": 9.999999046328993e-10}",5,True,optimizer_converged_lbfgsb,46,404,2,-21057.824612073888,395.28119898911245,0.43411559995729476,"{""binomial_discrete_residual_mean"": null, ""binomial_discrete_residual_variance"": null, ""binomial_h_extension_used"": null, ""binomial_n_candidates"": 0, ""binomial_n_max"": null, ""binomial_n_min"": null, ""binomial_n_policy"": null, ""binomial_n_tie_break"": null, ""certified_profiles"": 1, ""optimizer_powell_attempted"": false, ""optimizer_powell_success"": false, ""optimizer_primary_failed_starts"": 0, ""optimizer_primary_successful_starts"": 2, ""optimizer_results"": [{""fun"": 20662.543413088348, ""jac"": [0.0007275957658402848, 2173.4333131462336, 349.85387173946947, 0.0003637978829201424, 0.0], ""message"": ""CONVERGENCE: REL_REDUCTION_OF_F_<=_FACTR*EPSMCH"", ""method"": ""L-BFGS-B"", ""nfev"": 222, ""nit"": 25, ""status"": 0, ""success"": true, ""x"": [1.2497968597503153, 0.0, 0.0, -4.380186545701422, -20.72326583594641]}, {""fun"": 20662.543413084775, ""jac"": [0.0003637978829201424, 2173.432585550472, 349.85314414370805, -0.0003637978829201424, 0.0], ""message"": ""CONVERGENCE: REL_REDUCTION_OF_F_<=_FACTR*EPSMCH"", ""method"": ""L-BFGS-B"", ""nfev"": 180, ""nit"": 21, ""status"": 0, ""success"": true, ""x"": [1.2497969145067915, 0.0, 0.0, -4.380211171688432, -20.723265931313517]}], ""solver_path"": ""general_convolution"", ""uncertified_profiles"": 0}"
foul_leaves_5_team,team-quarter,2015-16,9840,optimization,FTA,1,FOUL;PERS_FOUL_DRAWN;LOOSE_BALL_FOUL_DRAWN,25,Geom,41537.30846561398,-20750.2658108269,"[1.2523824620507533, 0.0, 0.0]","{""p"": 0.9999999979282002}",4,True,optimizer_converged_lbfgsb,12,122,2,-21044.009102235847,293.7432914089477,19.4326524999924,"{""binomial_discrete_residual_mean"": null, ""binomial_discrete_residual_variance"": null, ""binomial_h_extension_used"": null, ""binomial_n_candidates"": 0, ""binomial_n_max"": null, ""binomial_n_min"": null, ""binomial_n_policy"": null, ""binomial_n_tie_break"": null, ""certified_profiles"": 1, ""optimizer_powell_attempted"": false, ""optimizer_powell_success"": false, ""optimizer_primary_failed_starts"": 0, ""optimizer_primary_successful_starts"": 2, ""optimizer_results"": [{""fun"": 20756.156920403882, ""jac"": [0.0, 2176.405178033747, 350.36027838941664, 0.0], ""message"": ""CONVERGENCE: NORM_OF_PROJECTED_GRADIENT_<=_PGTOL"", ""method"": ""L-BFGS-B"", ""nfev"": 45, ""nit"": 7, ""status"": 0, ""success"": true, ""x"": [1.2523780167168472, 0.0, 0.0, 20.976699863295593]}, {""fun"": 20750.2658108269, ""jac"": [0.16189005789946334, 2176.4630218967795, 350.36900953855366, 64.30454427569056], ""message"": ""CONVERGENCE: REL_REDUCTION_OF_F_<=_FACTR*EPSMCH"", ""method"": ""L-BFGS-B"", ""nfev"": 75, ""nit"": 5, ""status"": 0, ""success"": true, ""x"": [1.2523824620507533, 0.0, 0.0, 19.994848162316806]}], ""solver_path"": ""general_convolution"", ""uncertified_profiles"": 0}"
foul_leaves_5_team,team-quarter,2015-16,9840,optimization,FTA,1,FOUL;PERS_FOUL_DRAWN;LOOSE_BALL_FOUL_DRAWN,25,Binomial,41361.768641430506,-20662.49589873516,"[1.249771396962197, 0.0, 0.0]","{""n"": 2, ""p"": 0.006320398692725124}",4,True,optimizer_converged_lbfgsb,45,322,2,-21039.85022100111,377.35432226595003,0.9126262000063434,"{""binomial_discrete_residual_mean"": -4.039294349411058, ""binomial_discrete_residual_variance"": -15.068439750344819, ""binomial_h_extension_used"": true, ""binomial_n_candidates"": 1, ""binomial_n_max"": 2, ""binomial_n_min"": 2, ""binomial_n_policy"": ""paper_H_binomial_discrete_index_continuous_full_mle"", ""binomial_n_tie_break"": ""not_applicable_single_mom_index"", ""certified_profiles"": 1, ""optimizer_powell_attempted"": false, ""optimizer_powell_success"": false, ""optimizer_primary_failed_starts"": 0, ""optimizer_primary_successful_starts"": 2, ""optimizer_results"": [{""fun"": 20662.49589873516, ""jac"": [0.002910383063361139, 2173.426764784381, 349.8520527500659, -0.0003637978829201424], ""message"": ""CONVERGENCE: REL_REDUCTION_OF_F_<=_FACTR*EPSMCH"", ""method"": ""L-BFGS-B"", ""nfev"": 155, ""nit"": 23, ""status"": 0, ""success"": true, ""x"": [1.249771396962197, 0.0, 0.0, -5.057632531546383]}, {""fun"": 20662.495898735317, ""jac"": [0.0018189894146007119, 2173.426764784381, 349.8520527500659, 0.0], ""message"": ""CONVERGENCE: REL_REDUCTION_OF_F_<=_FACTR*EPSMCH"", ""method"": ""L-BFGS-B"", ""nfev"": 165, ""nit"": 22, ""status"": 0, ""success"": true, ""x"": [1.2497713680546843, 0.0, 0.0, -5.0576337871839705]}], ""solver_path"": ""general_convolution"", ""uncertified_profiles"": 0}"
foul_leaves_5_team,team-quarter,2015-16,9840,optimization,FTA,1,FOUL;PERS_FOUL_DRAWN;LOOSE_BALL_FOUL_DRAWN,25,Bernoulli,41361.67225547264,-20662.447705756225,"[1.2497448024306603, 0.0, 0.0]","{""p"": 0.012763205246847417}",4,True,optimizer_converged_lbfgsb,44,307,2,-21044.00910272629,381.5613969700644,0.5868614999926649,"{""binomial_discrete_residual_mean"": null, ""binomial_discrete_residual_variance"": null, ""binomial_h_extension_used"": null, ""binomial_n_candidates"": 0, ""binomial_n_max"": null, ""binomial_n_min"": null, ""binomial_n_policy"": null, ""binomial_n_tie_break"": null, ""certified_profiles"": 1, ""optimizer_powell_attempted"": false, ""optimizer_powell_success"": false, ""optimizer_primary_failed_starts"": 0, ""optimizer_primary_successful_starts"": 2, ""optimizer_results"": [{""fun"": 20662.447705757982, ""jac"": [0.0003637978829201424, 2173.419125028886, 349.8509613564238, 0.0], ""message"": ""CONVERGENCE: REL_REDUCTION_OF_F_<=_FACTR*EPSMCH"", ""method"": ""L-BFGS-B"", ""nfev"": 145, ""nit"": 22, ""status"": 0, ""success"": true, ""x"": [1.24974489258325, 0.0, 0.0, -4.348376562872908]}, {""fun"": 20662.447705756225, ""jac"": [0.0003637978829201424, 2173.418761231005, 349.8505975585431, 0.0], ""message"": ""CONVERGENCE: REL_REDUCTION_OF_F_<=_FACTR*EPSMCH"", ""method"": ""L-BFGS-B"", ""nfev"": 160, ""nit"": 22, ""status"": 0, ""success"": true, ""x"": [1.2497448024306603, 0.0, 0.0, -4.348343483022669]}], ""solver_path"": ""general_convolution"", ""uncertified_profiles"": 0}"
foul_leaves_5_team,team-quarter,2015-16,9840,optimization,FTA,1,FTM;PERS_FOUL_DRAWN;LOOSE_BALL_FOUL_DRAWN,28,Poisson,36652.11836907015,-18307.670762554983,"[1.1801282787209864, 0.07011137742608936, 0.02758049921328422]","{""lam"": 0.4785523343473677}",4,True,poisson_convex_mle,15,23,2,-18345.197671495527,37.52690894054467,0.03712900000391528,"{""binomial_discrete_residual_mean"": null, ""binomial_discrete_residual_variance"": null, ""binomial_h_extension_used"": null, ""binomial_n_candidates"": 0, ""binomial_n_max"": null, ""binomial_n_min"": null, ""binomial_n_policy"": null, ""binomial_n_tie_break"": null, ""certified_profiles"": 1, ""optimizer_primary_failed_starts"": 1, ""optimizer_primary_successful_starts"": 1, ""optimizer_results"": [{""fun"": 18307.670762554983, ""jac"": [-0.0008813734335291201, -0.0020084462272507153, -0.009322618490500645, 0.0007511813067537787], ""message"": ""CONVERGENCE: REL_REDUCTION_OF_F_<=_FACTR*EPSMCH"", ""method"": ""L-BFGS-B"", ""nfev"": 13, ""nit"": 11, ""status"": 0, ""success"": true, ""x"": [0.4785523343473677, 1.1801282787209864, 0.07011137742608936, 0.02758049921328422]}, {""fun"": 19514.787803120555, ""jac"": [1196.3137693082022, -345.81783801847274, 1213.6622651459234, 234.08279746448386], ""message"": ""CONVERGENCE: REL_REDUCTION_OF_F_<=_FACTR*EPSMCH"", ""method"": ""L-BFGS-B"", ""nfev"": 8, ""nit"": 4, ""status"": 0, ""success"": true, ""x"": [2.153661834503698, 0.8791502535129241, 0.0, 0.042507312481974736]}], ""poisson_canonical_agreement_abs"": 0.0, ""solver_path"": ""poisson_convex"", ""uncertified_profiles"": 0}"
foul_leaves_5_team,team-quarter,2015-16,9840,optimization,FTA,1,FTM;PERS_FOUL_DRAWN;LOOSE_BALL_FOUL_DRAWN,28,NB,36661.315200325625,-18307.672072687696,"[1.1801312665040826, 0.07011507701751214, 0.027585780254874584]","{""p"": 0.9999903042857577, ""r"": 49355.30639547105}",5,True,optimizer_converged_lbfgsb,49,500,2,-18345.19940966405,37.52733697635267,2.2101495999959297,"{""binomial_discrete_residual_mean"": null, ""binomial_discrete_residual_variance"": null, ""binomial_h_extension_used"": null, ""binomial_n_candidates"": 0, ""binomial_n_max"": null, ""binomial_n_min"": null, ""binomial_n_policy"": null, ""binomial_n_tie_break"": null, ""certified_profiles"": 1, ""optimizer_powell_attempted"": false, ""optimizer_powell_success"": false, ""optimizer_primary_failed_starts"": 0, ""optimizer_primary_successful_starts"": 2, ""optimizer_results"": [{""fun"": 18307.672072687696, ""jac"": [0.06511982104270549, 0.022191670734940164, 0.00618456397101979, 0.015643307576161294, -0.0047293720579092285], ""message"": ""CONVERGENCE: REL_REDUCTION_OF_F_<=_FACTR*EPSMCH"", ""method"": ""L-BFGS-B"", ""nfev"": 84, ""nit"": 12, ""status"": 0, ""success"": true, ""x"": [1.1801312665040826, 0.07011507701751214, 0.027585780254874584, 10.806800564825243, 11.543816905027413]}, {""fun"": 18307.67362536772, ""jac"": [0.002910383063361139, -0.008367351260715144, 0.013824319464632471, 0.038926370015099035, -0.02874003019806377], ""message"": ""CONVERGENCE: REL_REDUCTION_OF_F_<=_FACTR*EPSMCH"", ""method"": ""L-BFGS-B"", ""nfev"": 414, ""nit"": 37, ""status"": 0, ""success"": true, ""x"": [1.1801252574544883, 0.07009663564068609, 0.02758325244487725, 10.025782034493531, 10.762680617155105]}], ""solver_path"": ""general_convolution"", ""uncertified_profiles"": 0}"
foul_leaves_5_team,team-quarter,2015-16,9840,optimization,FTA,1,FTM;PERS_FOUL_DRAWN;LOOSE_BALL_FOUL_DRAWN,28,ZIP,36661.31258019652,-18307.670762623144,"[1.1801276717281757, 0.07011195853285461, 0.027578834908363797]","{""lam"": 0.47855452446332797, ""rho"": 1.0000000000000007e-09}",5,True,optimizer_converged_lbfgsb,57,398,2,-18345.19767149163,37.526908868487226,0.4197512000100687,"{""binomial_discrete_residual_mean"": null, ""binomial_discrete_residual_variance"": null, ""binomial_h_extension_used"": null, ""binomial_n_candidates"": 0, ""binomial_n_max"": null, ""binomial_n_min"": null, ""binomial_n_policy"": null, ""binomial_n_tie_break"": null, ""certified_profiles"": 1, ""optimizer_powell_attempted"": false, ""optimizer_powell_success"": false, ""optimizer_primary_failed_starts"": 0, ""optimizer_primary_successful_starts"": 2, ""optimizer_results"": [{""fun"": 18307.670762623144, ""jac"": [-0.002910383063361139, -0.0014551915236026337, 0.0003637978806482229, 0.001455191515524698, 0.0], ""message"": ""CONVERGENCE: REL_REDUCTION_OF_F_<=_FACTR*EPSMCH"", ""method"": ""L-BFGS-B"", ""nfev"": 108, ""nit"": 15, ""status"": 0, ""success"": true, ""x"": [1.1801276717281757, 0.07011195853285461, 0.027578834908363797, -0.736985125859102, -20.72326583594641]}, {""fun"": 18307.671125121014, ""jac"": [-0.04365574595041708, -0.037834979613668475, 0.04802132024556543, 0.011641532124197584, 0.00036379785060840214], ""message"": ""CONVERGENCE: REL_REDUCTION_OF_F_<=_FACTR*EPSMCH"", ""method"": ""L-BFGS-B"", ""nfev"": 288, ""nit"": 42, ""status"": 0, ""success"": true, ""x"": [1.1801232848959522, 0.07010063956080811, 0.02763573925956865, -0.7369391376154578, -12.14806003771576]}], ""solver_path"": ""general_convolution"", ""uncertified_profiles"": 0}"
foul_leaves_5_team,team-quarter,2015-16,9840,optimization,FTA,1,FTM;PERS_FOUL_DRAWN;LOOSE_BALL_FOUL_DRAWN,28,Geom,36731.47944886215,-18347.35130245098,"[1.2007149914793505, 0.12038992776925019, 0.09168494904736267]","{""p"": 0.7838932733557374}",4,True,optimizer_converged_lbfgsb,26,172,2,-18439.17869643253,91.82739398154808,0.31121919996803626,"{""binomial_discrete_residual_mean"": null, ""binomial_discrete_residual_variance"": null, ""binomial_h_extension_used"": null, ""binomial_n_candidates"": 0, ""binomial_n_max"": null, ""binomial_n_min"": null, ""binomial_n_policy"": null, ""binomial_n_tie_break"": null, ""certified_profiles"": 1, ""optimizer_powell_attempted"": false, ""optimizer_powell_success"": false, ""optimizer_primary_failed_starts"": 0, ""optimizer_primary_successful_starts"": 2, ""optimizer_results"": [{""fun"": 18347.351304595548, ""jac"": [-0.19863364407439774, -0.03128661775745663, 0.013460521593324361, 0.02437445815564954], ""message"": ""CONVERGENCE: REL_REDUCTION_OF_F_<=_FACTR*EPSMCH"", ""method"": ""L-BFGS-B"", ""nfev"": 75, ""nit"": 12, ""status"": 0, ""success"": true, ""x"": [1.2007066932554329, 0.12040389574794452, 0.09172007230012712, 1.288598782093699]}, {""fun"": 18347.35130245098, ""jac"": [-0.004365574595041708, 0.0007275957618013168, 0.0007275957618013168, 0.002182787297520854], ""message"": ""CONVERGENCE: REL_REDUCTION_OF_F_<=_FACTR*EPSMCH"", ""method"": ""L-BFGS-B"", ""nfev"": 95, ""nit"": 14, ""status"": 0, ""success"": true, ""x"": [1.2007149914793505, 0.12038992776925019, 0.09168494904736267, 1.2885004896708327]}], ""solver_path"": ""general_convolution"", ""uncertified_profiles"": 0}"
foul_leaves_5_team,team-quarter,2015-16,9840,optimization,FTA,1,FTM;PERS_FOUL_DRAWN;LOOSE_BALL_FOUL_DRAWN,28,Binomial,inf,-inf,[],"{""n"": 2}",4,False,infeasible_conditional_support,0,0,0,-inf,0.0,0.00037809996865689754,"{""binomial_discrete_residual_mean"": 0.5090868350739779, ""binomial_discrete_residual_variance"": -3.395857713230507, ""binomial_h_extension_used"": true, ""binomial_n_candidates"": 1, ""binomial_n_max"": 2, ""binomial_n_min"": 2, ""binomial_n_policy"": ""paper_H_binomial_discrete_index_continuous_full_mle"", ""binomial_n_tie_break"": ""not_applicable_single_mom_index"", ""certified_profiles"": 0, ""solver_path"": ""conditional_support_check"", ""support_violating_rows"": 3, ""uncertified_profiles"": 0}"
foul_leaves_5_team,team-quarter,2015-16,9840,optimization,FTA,1,FTM;PERS_FOUL_DRAWN;LOOSE_BALL_FOUL_DRAWN,28,Bernoulli,inf,-inf,[],{},4,False,infeasible_conditional_support,0,0,0,-inf,0.0,5.689996760338545e-05,"{""binomial_discrete_residual_mean"": null, ""binomial_discrete_residual_variance"": null, ""binomial_h_extension_used"": null, ""binomial_n_candidates"": 0, ""binomial_n_max"": null, ""binomial_n_min"": null, ""binomial_n_policy"": null, ""binomial_n_tie_break"": null, ""certified_profiles"": 0, ""solver_path"": ""conditional_support_check"", ""support_violating_rows"": 15, ""uncertified_profiles"": 0}"
foul_leaves_5_team,team-quarter,2015-16,9840,optimization,FTA,1,FOUL;FTM;PERS_FOUL_DRAWN;LOOSE_BALL_FOUL_DRAWN,29,Poisson,35844.262138915234,-17899.1455419825,"[0.3381246071662658, 0.9645723383509204, 0.0, 0.0]","{""lam"": 0.0}",5,True,poisson_convex_mle,22,29,2,-19184.459033157138,1285.3134911746383,0.044188200030475855,"{""binomial_discrete_residual_mean"": null, ""binomial_discrete_residual_variance"": null, ""binomial_h_extension_used"": null, ""binomial_n_candidates"": 0, ""binomial_n_max"": null, ""binomial_n_min"": null, ""binomial_n_policy"": null, ""binomial_n_tie_break"": null, ""certified_profiles"": 1, ""optimizer_primary_failed_starts"": 0, ""optimizer_primary_successful_starts"": 2, ""optimizer_results"": [{""fun"": 17899.1455419825, ""jac"": [299.05748010064013, 2.8264992494086982e-05, 3.3722938226787846e-05, 1027.53599588788, 182.7815679469816], ""message"": ""CONVERGENCE: REL_REDUCTION_OF_F_<=_FACTR*EPSMCH"", ""method"": ""L-BFGS-B"", ""nfev"": 11, ""nit"": 9, ""status"": 0, ""success"": true, ""x"": [0.0, 0.3381246071662658, 0.9645723383509204, 0.0, 0.0]}, {""fun"": 17899.145541992126, ""jac"": [299.0637975800065, 0.027433763490535057, 0.01929989696765233, 1027.5476543989464, 182.78339443801423], ""message"": ""CONVERGENCE: REL_REDUCTION_OF_F_<=_FACTR*EPSMCH"", ""method"": ""L-BFGS-B"", ""nfev"": 16, ""nit"": 13, ""status"": 0, ""success"": true, ""x"": [0.0, 0.33812556165204977, 0.9645719783570714, 0.0, 0.0]}], ""poisson_canonical_agreement_abs"": 0.0, ""solver_path"": ""poisson_convex"", ""uncertified_profiles"": 0}"
foul_leaves_5_team,team-quarter,2015-16,9840,optimization,FTA,1,FOUL;FTM;PERS_FOUL_DRAWN;LOOSE_BALL_FOUL_DRAWN,29,NB,35853.45636438766,-17899.145549223693,"[0.3381552566539057, 0.9645379517886962, 0.0, 0.0]","{""p"": 0.9998961545797972, ""r"": 9.066623156501186e-05}",6,True,optimizer_converged_lbfgsb,41,569,2,-19418.04409353049,1518.8985443067977,2.357326800003648,"{""binomial_discrete_residual_mean"": null, ""binomial_discrete_residual_variance"": null, ""binomial_h_extension_used"": null, ""binomial_n_candidates"": 0, ""binomial_n_max"": null, ""binomial_n_min"": null, ""binomial_n_policy"": null, ""binomial_n_tie_break"": null, ""certified_profiles"": 1, ""optimizer_powell_attempted"": false, ""optimizer_powell_success"": false, ""optimizer_primary_failed_starts"": 0, ""optimizer_primary_successful_starts"": 2, ""optimizer_results"": [{""fun"": 17899.148466568193, ""jac"": [-0.0029103830472052674, -0.0025465851521682217, 1027.5318345520645, 182.78078641742468, 0.0029103830456906547, -0.004365574207300826], ""message"": ""CONVERGENCE: REL_REDUCTION_OF_F_<=_FACTR*EPSMCH"", ""method"": ""L-BFGS-B"", ""nfev"": 77, ""nit"": 9, ""status"": 0, ""success"": true, ""x"": [0.33812183102941573, 0.9645730235576321, 0.0, 0.0, -0.011046171303279532, 11.524217486669142]}, {""fun"": 17899.145549223693, ""jac"": [0.1338776201714423, -0.13824319397484633, 1027.635153150186, 182.79679352417588, 1.72585700328626, 0.0014551914024336086], ""message"": ""CONVERGENCE: REL_REDUCTION_OF_F_<=_FACTR*EPSMCH"", ""method"": ""L-BFGS-B"", ""nfev"": 490, ""nit"": 32, ""status"": 0, ""success"": true, ""x"": [0.3381552566539057, 0.9645379517886962, 0.0, 0.0, -9.308325579263212, 9.172503257919995]}], ""solver_path"": ""general_convolution"", ""uncertified_profiles"": 0}"
foul_leaves_5_team,team-quarter,2015-16,9840,optimization,FTA,1,FOUL;FTM;PERS_FOUL_DRAWN;LOOSE_BALL_FOUL_DRAWN,29,ZIP,35853.456349965105,-17899.145542012415,"[0.33812456674952673, 0.9645723618562884, 0.0, 0.0]","{""lam"": 9.999999999999996e-11, ""rho"": 1.0000000000000007e-09}",6,True,optimizer_converged_lbfgsb,46,415,2,-19575.668091953747,1676.5225499413318,0.42731619998812675,"{""binomial_discrete_residual_mean"": null, ""binomial_discrete_residual_variance"": null, ""binomial_h_extension_used"": null, ""binomial_n_candidates"": 0, ""binomial_n_max"": null, ""binomial_n_min"": null, ""binomial_n_policy"": null, ""binomial_n_tie_break"": null, ""certified_profiles"": 1, ""optimizer_powell_attempted"": false, ""optimizer_powell_success"": false, ""optimizer_primary_failed_starts"": 0, ""optimizer_primary_successful_starts"": 2, ""optimizer_results"": [{""fun"": 17899.145542012415, ""jac"": [-0.0003637978809006584, 0.0, 1027.536200126633, 182.7815140131861, 0.0, 0.0], ""message"": ""CONVERGENCE: REL_REDUCTION_OF_F_<=_FACTR*EPSMCH"", ""method"": ""L-BFGS-B"", ""nfev"": 77, ""nit"": 9, ""status"": 0, ""success"": true, ""x"": [0.33812456674952673, 0.9645723618562884, 0.0, 0.0, -23.025850929940457, -20.72326583594641]}, {""fun"": 17899.145596754366, ""jac"": [1.4035322245147404, 0.7337803217033291, 1028.1786671839654, 182.88192222826183, 0.00036379785060840214, 0.0], ""message"": ""CONVERGENCE: REL_REDUCTION_OF_F_<=_FACTR*EPSMCH"", ""method"": ""L-BFGS-B"", ""nfev"": 336, ""nit"": 37, ""status"": 0, ""success"": true, ""x"": [0.3382017334585594, 0.9645184135182545, 0.0, 0.0, -9.516355717710226, 6.982024819692202]}], ""solver_path"": ""general_convolution"", ""uncertified_profiles"": 0}"
foul_leaves_5_team,team-quarter,2015-16,9840,optimization,FTA,1,FOUL;FTM;PERS_FOUL_DRAWN;LOOSE_BALL_FOUL_DRAWN,29,Geom,35844.262139513376,-17899.14554228157,"[0.3381246387912983, 0.9645722861704852, 0.0, 0.0]","{""p"": 0.9999999989999999}",5,True,optimizer_converged_lbfgsb,43,314,2,-19287.87115470477,1388.7256124232008,43.255519500002265,"{""binomial_discrete_residual_mean"": null, ""binomial_discrete_residual_variance"": null, ""binomial_h_extension_used"": null, ""binomial_n_candidates"": 0, ""binomial_n_max"": null, ""binomial_n_min"": null, ""binomial_n_policy"": null, ""binomial_n_tie_break"": null, ""certified_profiles"": 1, ""optimizer_powell_attempted"": false, ""optimizer_powell_success"": false, ""optimizer_primary_failed_starts"": 0, ""optimizer_primary_successful_starts"": 2, ""optimizer_results"": [{""fun"": 17899.14554228157, ""jac"": [-0.0003637978809006584, -0.000727595757762349, 1027.5358363287523, 182.7815140131861, 0.0], ""message"": ""CONVERGENCE: REL_REDUCTION_OF_F_<=_FACTR*EPSMCH"", ""method"": ""L-BFGS-B"", ""nfev"": 66, ""nit"": 9, ""status"": 0, ""success"": true, ""x"": [0.3381246387912983, 0.9645722861704852, 0.0, 0.0, 20.723265712895767]}, {""fun"": 17899.145658226156, ""jac"": [0.0, 0.0010913936366435237, 1027.5358363287523, 182.7818778110668, 0.0], ""message"": ""CONVERGENCE: REL_REDUCTION_OF_F_<=_FACTR*EPSMCH"", ""method"": ""L-BFGS-B"", ""nfev"": 246, ""nit"": 34, ""status"": 0, ""success"": true, ""x"": [0.3381244120515472, 0.9645724669076716, 0.0, 0.0, 14.760459151644303]}], ""solver_path"": ""general_convolution"", ""uncertified_profiles"": 0}"
foul_leaves_5_team,team-quarter,2015-16,9840,optimization,FTA,1,FOUL;FTM;PERS_FOUL_DRAWN;LOOSE_BALL_FOUL_DRAWN,29,Binomial,35844.26214011151,-17899.145542580638,"[0.33812460012136997, 0.9645723071985723, 0.0, 0.0]","{""n"": 2, ""p"": 1.0000000000000007e-09}",5,True,optimizer_converged_lbfgsb,38,290,2,-19130.586000098654,1231.440457518016,0.7818553000106476,"{""binomial_discrete_residual_mean"": -2.0622748696861057, ""binomial_discrete_residual_variance"": -9.70175781847382, ""binomial_h_extension_used"": true, ""binomial_n_candidates"": 1, ""binomial_n_max"": 2, ""binomial_n_min"": 2, ""binomial_n_policy"": ""paper_H_binomial_discrete_index_continuous_full_mle"", ""binomial_n_tie_break"": ""not_applicable_single_mom_index"", ""certified_profiles"": 1, ""optimizer_powell_attempted"": false, ""optimizer_powell_success"": false, ""optimizer_primary_failed_starts"": 0, ""optimizer_primary_successful_starts"": 2, ""optimizer_results"": [{""fun"": 17899.145542580638, ""jac"": [-0.0010913936427019754, -0.0010913936366435237, 1027.5354725308716, 182.7815140131861, 0.0], ""message"": ""CONVERGENCE: REL_REDUCTION_OF_F_<=_FACTR*EPSMCH"", ""method"": ""L-BFGS-B"", ""nfev"": 66, ""nit"": 9, ""status"": 0, ""success"": true, ""x"": [0.33812460012136997, 0.9645723071985723, 0.0, 0.0, -20.72326583594641]}, {""fun"": 17899.146135127412, ""jac"": [0.0029103830472052674, 0.06039044789427497, 1027.5260137859732, 182.78005882166326, 0.00036379785060840214], ""message"": ""CONVERGENCE: REL_REDUCTION_OF_F_<=_FACTR*EPSMCH"", ""method"": ""L-BFGS-B"", ""nfev"": 222, ""nit"": 29, ""status"": 0, ""success"": true, ""x"": [0.33811760529587304, 0.9645806543767825, 0.0, 0.0, -13.82425348422]}], ""solver_path"": ""general_convolution"", ""uncertified_profiles"": 0}"
foul_leaves_5_team,team-quarter,2015-16,9840,optimization,FTA,1,FOUL;FTM;PERS_FOUL_DRAWN;LOOSE_BALL_FOUL_DRAWN,29,Bernoulli,35844.262139513405,-17899.145542281585,"[0.338124647658137, 0.9645722666164817, 0.0, 0.0]","{""p"": 1.0000000000000007e-09}",5,True,optimizer_converged_lbfgsb,45,398,2,-19128.22649772864,1229.0809554470543,0.7855931000085548,"{""binomial_discrete_residual_mean"": null, ""binomial_discrete_residual_variance"": null, ""binomial_h_extension_used"": null, ""binomial_n_candidates"": 0, ""binomial_n_max"": null, ""binomial_n_min"": null, ""binomial_n_policy"": null, ""binomial_n_tie_break"": null, ""certified_profiles"": 1, ""optimizer_powell_attempted"": false, ""optimizer_powell_success"": false, ""optimizer_primary_failed_starts"": 0, ""optimizer_primary_successful_starts"": 2, ""optimizer_results"": [{""fun"": 17899.145542281585, ""jac"": [-0.0007275957618013168, -0.0010913936366435237, 1027.5354725308716, 182.7811502153054, 0.0], ""message"": ""CONVERGENCE: REL_REDUCTION_OF_F_<=_FACTR*EPSMCH"", ""method"": ""L-BFGS-B"", ""nfev"": 66, ""nit"": 9, ""status"": 0, ""success"": true, ""x"": [0.338124647658137, 0.9645722666164817, 0.0, 0.0, -20.72326583594641]}, {""fun"": 17899.145870227756, ""jac"": [0.16480044004799826, 0.0844011079004325, 1027.6115062879398, 182.7935193432495, 0.00036379785060840214], ""message"": ""CONVERGENCE: REL_REDUCTION_OF_F_<=_FACTR*EPSMCH"", ""method"": ""L-BFGS-B"", ""nfev"": 330, ""nit"": 36, ""status"": 0, ""success"": true, ""x"": [0.3381335798655796, 0.9645658050443489, 0.0, 0.0, -13.723867492789584]}], ""solver_path"": ""general_convolution"", ""uncertified_profiles"": 0}"
foul_leaves_5_team,team-quarter,2015-16,9840,optimization,FTM,2,,0,Poisson,51256.95001019786,-25623.877899603907,[],"{""lam"": 4.37530487804878}",1,True,analytic_mle,0,1,0,-25623.877899603907,0.0,0.0006441999576054513,"{""binomial_discrete_residual_mean"": null, ""binomial_discrete_residual_variance"": null, ""binomial_h_extension_used"": null, ""binomial_n_candidates"": 0, ""binomial_n_max"": null, ""binomial_n_min"": null, ""binomial_n_policy"": null, ""binomial_n_tie_break"": null, ""certified_profiles"": 1, ""solver_path"": ""analytic_root"", ""uncertified_profiles"": 0}"
foul_leaves_5_team,team-quarter,2015-16,9840,optimization,FTM,2,,0,NB,47915.793940970674,-23948.702759495292,[],"{""p"": 0.46164822102643865, ""r"": 3.751917910289611}",2,True,optimizer_converged_lbfgsb,14,62,2,-23954.148398423262,5.445638927969412,0.20254339999519289,"{""binomial_discrete_residual_mean"": null, ""binomial_discrete_residual_variance"": null, ""binomial_h_extension_used"": null, ""binomial_n_candidates"": 0, ""binomial_n_max"": null, ""binomial_n_min"": null, ""binomial_n_policy"": null, ""binomial_n_tie_break"": null, ""certified_profiles"": 1, ""optimizer_powell_attempted"": false, ""optimizer_powell_success"": false, ""optimizer_primary_failed_starts"": 0, ""optimizer_primary_successful_starts"": 2, ""optimizer_results"": [{""fun"": 23948.702759495292, ""jac"": [-0.0018189894146007119, 0.0], ""message"": ""CONVERGENCE: REL_REDUCTION_OF_F_<=_FACTR*EPSMCH"", ""method"": ""L-BFGS-B"", ""nfev"": 30, ""nit"": 7, ""status"": 0, ""success"": true, ""x"": [1.3222671519839517, -0.15370903604904965]}, {""fun"": 23948.702759495292, ""jac"": [-0.0018189894146007119, 0.0], ""message"": ""CONVERGENCE: REL_REDUCTION_OF_F_<=_FACTR*EPSMCH"", ""method"": ""L-BFGS-B"", ""nfev"": 30, ""nit"": 7, ""status"": 0, ""success"": true, ""x"": [1.3222671519839517, -0.15370903604904965]}], ""solver_path"": ""general_convolution"", ""uncertified_profiles"": 0}"
foul_leaves_5_team,team-quarter,2015-16,9840,optimization,FTM,2,,0,ZIP,49771.38285812351,-24876.49721807171,[],"{""lam"": 4.66874549707862, ""rho"": 0.06285199683268727}",2,True,optimizer_converged_lbfgsb,20,80,2,-26004.078472257344,1127.5812541856358,0.0649942000163719,"{""binomial_discrete_residual_mean"": null, ""binomial_discrete_residual_variance"": null, ""binomial_h_extension_used"": null, ""binomial_n_candidates"": 0, ""binomial_n_max"": null, ""binomial_n_min"": null, ""binomial_n_policy"": null, ""binomial_n_tie_break"": null, ""certified_profiles"": 1, ""optimizer_powell_attempted"": false, ""optimizer_powell_success"": false, ""optimizer_primary_failed_starts"": 0, ""optimizer_primary_successful_starts"": 2, ""optimizer_results"": [{""fun"": 24876.49721807171, ""jac"": [0.002182787297520854, -0.001091393648760427], ""message"": ""CONVERGENCE: REL_REDUCTION_OF_F_<=_FACTR*EPSMCH"", ""method"": ""L-BFGS-B"", ""nfev"": 39, ""nit"": 10, ""status"": 0, ""success"": true, ""x"": [1.540890405417373, -2.7020585181176826]}, {""fun"": 24876.49721807171, ""jac"": [0.002182787297520854, -0.001091393648760427], ""message"": ""CONVERGENCE: REL_REDUCTION_OF_F_<=_FACTR*EPSMCH"", ""method"": ""L-BFGS-B"", ""nfev"": 39, ""nit"": 10, ""status"": 0, ""success"": true, ""x"": [1.540890405417373, -2.7020585181176826]}], ""solver_path"": ""general_convolution"", ""uncertified_profiles"": 0}"
foul_leaves_5_team,team-quarter,2015-16,9840,optimization,FTM,2,,0,Geom,50831.29988798951,-25411.05283849973,[],"{""p"": 0.18603595938971132}",1,True,analytic_mle,0,1,0,-25411.05283849973,0.0,0.0007996000349521637,"{""binomial_discrete_residual_mean"": null, ""binomial_discrete_residual_variance"": null, ""binomial_h_extension_used"": null, ""binomial_n_candidates"": 0, ""binomial_n_max"": null, ""binomial_n_min"": null, ""binomial_n_policy"": null, ""binomial_n_tie_break"": null, ""certified_profiles"": 1, ""solver_path"": ""analytic_root"", ""uncertified_profiles"": 0}"
foul_leaves_5_team,team-quarter,2015-16,9840,optimization,FTM,2,,0,Binomial,51748.49312971658,-25869.649459363267,[],"{""n"": 100, ""p"": 0.0437530487804878}",1,True,analytic_mle,0,1,0,-25869.649459363267,0.0,0.00503749999916181,"{""binomial_discrete_residual_mean"": 4.37530487804878, ""binomial_discrete_residual_variance"": 9.013109663146913, ""binomial_h_extension_used"": true, ""binomial_n_candidates"": 1, ""binomial_n_max"": 100, ""binomial_n_min"": 100, ""binomial_n_policy"": ""paper_H_binomial_discrete_index_continuous_full_mle"", ""binomial_n_tie_break"": ""not_applicable_single_mom_index"", ""certified_profiles"": 1, ""solver_path"": ""analytic_root"", ""uncertified_profiles"": 0}"
foul_leaves_5_team,team-quarter,2015-16,9840,optimization,FTM,2,,0,Bernoulli,inf,-inf,[],{},1,False,infeasible_root_support,0,0,0,-inf,0.0,6.180000491440296e-05,"{""binomial_discrete_residual_mean"": null, ""binomial_discrete_residual_variance"": null, ""binomial_h_extension_used"": null, ""binomial_n_candidates"": 0, ""binomial_n_max"": null, ""binomial_n_min"": null, ""binomial_n_policy"": null, ""binomial_n_tie_break"": null, ""certified_profiles"": 0, ""solver_path"": ""analytic_root"", ""uncertified_profiles"": 0}"
foul_leaves_5_team,team-quarter,2015-16,9840,optimization,FTM,2,FOUL,1,Poisson,39172.68549683593,-19577.148537427922,[0.933520373074113],"{""lam"": 0.03355945782179448}",2,True,poisson_convex_mle,28,55,2,-20156.124227105192,578.9756896772706,0.08081319998018444,"{""binomial_discrete_residual_mean"": null, ""binomial_discrete_residual_variance"": null, ""binomial_h_extension_used"": null, ""binomial_n_candidates"": 0, ""binomial_n_max"": null, ""binomial_n_min"": null, ""binomial_n_policy"": null, ""binomial_n_tie_break"": null, ""certified_profiles"": 1, ""optimizer_primary_failed_starts"": 0, ""optimizer_primary_successful_starts"": 2, ""optimizer_results"": [{""fun"": 19577.148537427922, ""jac"": [213.71009919359716, -356.9131174528156], ""message"": ""CONVERGENCE: REL_REDUCTION_OF_F_<=_FACTR*EPSMCH"", ""method"": ""L-BFGS-B"", ""nfev"": 45, ""nit"": 24, ""status"": 0, ""success"": true, ""x"": [0.03355945782179448, 0.933520373074113]}, {""fun"": 19759.71523606654, ""jac"": [-120.80636608335892, -3257.4472281343055], ""message"": ""CONVERGENCE: REL_REDUCTION_OF_F_<=_FACTR*EPSMCH"", ""method"": ""L-BFGS-B"", ""nfev"": 8, ""nit"": 4, ""status"": 0, ""success"": true, ""x"": [0.21608746170905968, 0.8403061004509289]}], ""poisson_canonical_agreement_abs"": 0.0, ""solver_path"": ""poisson_convex"", ""uncertified_profiles"": 0}"
foul_leaves_5_team,team-quarter,2015-16,9840,optimization,FTM,2,FOUL,1,NB,39171.7103652373,-19572.06386613358,[0.9451259877179101],"{""p"": 0.999907617993833, ""r"": 142.32963895583717}",3,True,optimizer_converged_lbfgsb,43,218,2,-20341.528236395643,769.4643702620633,0.7856634000199847,"{""binomial_discrete_residual_mean"": null, ""binomial_discrete_residual_variance"": null, ""binomial_h_extension_used"": null, ""binomial_n_candidates"": 0, ""binomial_n_max"": null, ""binomial_n_min"": null, ""binomial_n_policy"": null, ""binomial_n_tie_break"": null, ""certified_profiles"": 1, ""optimizer_powell_attempted"": false, ""optimizer_powell_success"": false, ""optimizer_primary_failed_starts"": 0, ""optimizer_primary_successful_starts"": 2, ""optimizer_results"": [{""fun"": 19572.065737713947, ""jac"": [-0.0018189893944058726, -0.001091393648760427, -0.0018189894146007119], ""message"": ""CONVERGENCE: REL_REDUCTION_OF_F_<=_FACTR*EPSMCH"", ""method"": ""L-BFGS-B"", ""nfev"": 68, ""nit"": 16, ""status"": 0, ""success"": true, ""x"": [0.9451090934769657, 3.5946594295028667, 7.921910840908406]}, {""fun"": 19572.06386613358, ""jac"": [0.27903297310186087, -0.02582964968733011, 0.024374455990762944], ""message"": ""CONVERGENCE: REL_REDUCTION_OF_F_<=_FACTR*EPSMCH"", ""method"": ""L-BFGS-B"", ""nfev"": 148, ""nit"": 27, ""status"": 0, ""success"": true, ""x"": [0.9451259877179101, 4.958145768409866, 9.289485950459218]}], ""solver_path"": ""general_convolution"", ""uncertified_profiles"": 0}"
foul_leaves_5_team,team-quarter,2015-16,9840,optimization,FTM,2,FOUL,1,ZIP,39171.708926732084,-19572.063146880973,[0.9451082626222117],"{""lam"": 0.013207739076538924, ""rho"": 1.0000000000000007e-09}",3,True,optimizer_converged_lbfgsb,63,370,2,-20509.486941314004,937.4237944330307,0.4063048000098206,"{""binomial_discrete_residual_mean"": null, ""binomial_discrete_residual_variance"": null, ""binomial_h_extension_used"": null, ""binomial_n_candidates"": 0, ""binomial_n_max"": null, ""binomial_n_min"": null, ""binomial_n_policy"": null, ""binomial_n_tie_break"": null, ""certified_profiles"": 1, ""optimizer_powell_attempted"": false, ""optimizer_powell_success"": false, ""optimizer_primary_failed_starts"": 0, ""optimizer_primary_successful_starts"": 2, ""optimizer_results"": [{""fun"": 19572.063146880973, ""jac"": [0.001455191515524698, 0.0, 0.0], ""message"": ""CONVERGENCE: REL_REDUCTION_OF_F_<=_FACTR*EPSMCH"", ""method"": ""L-BFGS-B"", ""nfev"": 124, ""nit"": 15, ""status"": 0, ""success"": true, ""x"": [0.9451082626222117, -4.3269523275156105, -20.72326583594641]}, {""fun"": 19572.063230663465, ""jac"": [-0.008367351214267014, 0.0018189894146007119, 0.0003637978829201424], ""message"": ""CONVERGENCE: REL_REDUCTION_OF_F_<=_FACTR*EPSMCH"", ""method"": ""L-BFGS-B"", ""nfev"": 244, ""nit"": 48, ""status"": 0, ""success"": true, ""x"": [0.9451073998941023, -4.325829893625485, -7.032613209530228]}], ""solver_path"": ""general_convolution"", ""uncertified_profiles"": 0}"
foul_leaves_5_team,team-quarter,2015-16,9840,optimization,FTM,2,FOUL,1,Geom,39162.70104646701,-19572.15631224346,[0.9451589086985888],"{""p"": 0.9871925627928878}",2,True,optimizer_converged_lbfgsb,20,134,2,-20198.418295434945,626.2619831914853,9.15933860000223,"{""binomial_discrete_residual_mean"": null, ""binomial_discrete_residual_variance"": null, ""binomial_h_extension_used"": null, ""binomial_n_candidates"": 0, ""binomial_n_max"": null, ""binomial_n_min"": null, ""binomial_n_policy"": null, ""binomial_n_tie_break"": null, ""certified_profiles"": 1, ""optimizer_powell_attempted"": false, ""optimizer_powell_success"": false, ""optimizer_primary_failed_starts"": 0, ""optimizer_primary_successful_starts"": 2, ""optimizer_results"": [{""fun"": 19661.857626728553, ""jac"": [0.6526533947128271, 85.88394138022915], ""message"": ""CONVERGENCE: REL_REDUCTION_OF_F_<=_FACTR*EPSMCH"", ""method"": ""L-BFGS-B"", ""nfev"": 57, ""nit"": 5, ""status"": 0, ""success"": true, ""x"": [0.947851379934521, 20.28420469094266]}, {""fun"": 19572.15631224346, ""jac"": [0.006912159698742316, -0.0007275957658402848], ""message"": ""CONVERGENCE: REL_REDUCTION_OF_F_<=_FACTR*EPSMCH"", ""method"": ""L-BFGS-B"", ""nfev"": 75, ""nit"": 15, ""status"": 0, ""success"": true, ""x"": [0.9451589086985888, 4.3448390854874885]}], ""solver_path"": ""general_convolution"", ""uncertified_profiles"": 0}"
foul_leaves_5_team,team-quarter,2015-16,9840,optimization,FTM,2,FOUL,1,Binomial,39162.419768727974,-19572.015673373942,[0.9450822497194896],"{""n"": 2, ""p"": 0.006663850003707196}",2,True,optimizer_converged_lbfgsb,29,128,2,-20239.625033537326,667.6093601633838,0.35466479999013245,"{""binomial_discrete_residual_mean"": -0.9561453321066189, ""binomial_discrete_residual_variance"": -1.9828483463185478, ""binomial_h_extension_used"": true, ""binomial_n_candidates"": 1, ""binomial_n_max"": 2, ""binomial_n_min"": 2, ""binomial_n_policy"": ""paper_H_binomial_discrete_index_continuous_full_mle"", ""binomial_n_tie_break"": ""not_applicable_single_mom_index"", ""certified_profiles"": 1, ""optimizer_powell_attempted"": false, ""optimizer_powell_success"": false, ""optimizer_primary_failed_starts"": 0, ""optimizer_primary_successful_starts"": 2, ""optimizer_results"": [{""fun"": 19572.015673373942, ""jac"": [0.0, 0.0], ""message"": ""CONVERGENCE: NORM_OF_PROJECTED_GRADIENT_<=_PGTOL"", ""method"": ""L-BFGS-B"", ""nfev"": 72, ""nit"": 14, ""status"": 0, ""success"": true, ""x"": [0.9450822497194896, -5.004371730230135]}, {""fun"": 19572.015673391717, ""jac"": [-0.0003637978788811745, -0.0003637978829201424], ""message"": ""CONVERGENCE: REL_REDUCTION_OF_F_<=_FACTR*EPSMCH"", ""method"": ""L-BFGS-B"", ""nfev"": 54, ""nit"": 15, ""status"": 0, ""success"": true, ""x"": [0.9450825072700062, -5.004469511104698]}], ""solver_path"": ""general_convolution"", ""uncertified_profiles"": 0}"
foul_leaves_5_team,team-quarter,2015-16,9840,optimization,FTM,2,FOUL,1,Bernoulli,39162.323597946604,-19571.967587983258,[0.9450556444911306],"{""p"": 0.013450564177302832}",2,True,optimizer_converged_lbfgsb,30,128,2,-20564.848545336852,992.8809573535946,0.2578281000023708,"{""binomial_discrete_residual_mean"": null, ""binomial_discrete_residual_variance"": null, ""binomial_h_extension_used"": null, ""binomial_n_candidates"": 0, ""binomial_n_max"": null, ""binomial_n_min"": null, ""binomial_n_policy"": null, ""binomial_n_tie_break"": null, ""certified_profiles"": 1, ""optimizer_powell_attempted"": false, ""optimizer_powell_success"": false, ""optimizer_primary_failed_starts"": 0, ""optimizer_primary_successful_starts"": 2, ""optimizer_results"": [{""fun"": 19571.967587991632, ""jac"": [-0.0021827872732870473, -0.0003637978829201424], ""message"": ""CONVERGENCE: REL_REDUCTION_OF_F_<=_FACTR*EPSMCH"", ""method"": ""L-BFGS-B"", ""nfev"": 63, ""nit"": 13, ""status"": 0, ""success"": true, ""x"": [0.945055933418433, -4.295318471372036]}, {""fun"": 19571.967587983258, ""jac"": [0.000727595757762349, 0.0003637978829201424], ""message"": ""CONVERGENCE: REL_REDUCTION_OF_F_<=_FACTR*EPSMCH"", ""method"": ""L-BFGS-B"", ""nfev"": 63, ""nit"": 17, ""status"": 0, ""success"": true, ""x"": [0.9450556444911306, -4.2951923851103695]}], ""solver_path"": ""general_convolution"", ""uncertified_profiles"": 0}"
foul_leaves_5_team,team-quarter,2015-16,9840,optimization,FTM,2,FTA,2,Poisson,32525.52813524017,-16253.569856630038,[0.7568560579363416],"{""lam"": 0.0}",2,True,poisson_convex_mle,14,23,2,-16288.406273527618,34.83641689758042,0.03555540001252666,"{""binomial_discrete_residual_mean"": null, ""binomial_discrete_residual_variance"": null, ""binomial_h_extension_used"": null, ""binomial_n_candidates"": 0, ""binomial_n_max"": null, ""binomial_n_min"": null, ""binomial_n_policy"": null, ""binomial_n_tie_break"": null, ""certified_profiles"": 1, ""optimizer_primary_failed_starts"": 0, ""optimizer_primary_successful_starts"": 2, ""optimizer_results"": [{""fun"": 16253.569856630038, ""jac"": [507.31707701402365, -4.613092795535678e-07], ""message"": ""CONVERGENCE: NORM_OF_PROJECTED_GRADIENT_<=_PGTOL"", ""method"": ""L-BFGS-B"", ""nfev"": 9, ""nit"": 5, ""status"": 0, ""success"": true, ""x"": [0.0, 0.7568560579363416]}, {""fun"": 16253.569856630038, ""jac"": [507.317075901241, -7.2437312578221835e-06], ""message"": ""CONVERGENCE: REL_REDUCTION_OF_F_<=_FACTR*EPSMCH"", ""method"": ""L-BFGS-B"", ""nfev"": 12, ""nit"": 9, ""status"": 0, ""success"": true, ""x"": [0.0, 0.7568560578460998]}], ""poisson_canonical_agreement_abs"": 0.0, ""solver_path"": ""poisson_convex"", ""uncertified_profiles"": 0}"
foul_leaves_5_team,team-quarter,2015-16,9840,optimization,FTM,2,FTA,2,NB,32534.722368324736,-16253.569867677299,[0.7568731631519026],"{""p"": 0.999999999599158, ""r"": 0.2566299112228752}",3,True,optimizer_converged_lbfgsb,48,270,2,-16288.40681084256,34.83694316526089,0.9220910999574699,"{""binomial_discrete_residual_mean"": null, ""binomial_discrete_residual_variance"": null, ""binomial_h_extension_used"": null, ""binomial_n_candidates"": 0, ""binomial_n_max"": null, ""binomial_n_min"": null, ""binomial_n_policy"": null, ""binomial_n_tie_break"": null, ""certified_profiles"": 1, ""optimizer_powell_attempted"": false, ""optimizer_powell_success"": false, ""optimizer_primary_failed_starts"": 0, ""optimizer_primary_successful_starts"": 2, ""optimizer_results"": [{""fun"": 16253.569867677299, ""jac"": [1.2878444912393578, 0.0003637978829201424, 0.0], ""message"": ""CONVERGENCE: REL_REDUCTION_OF_F_<=_FACTR*EPSMCH"", ""method"": ""L-BFGS-B"", ""nfev"": 132, ""nit"": 25, ""status"": 0, ""success"": true, ""x"": [0.7568731631519026, -1.3601202660848086, 21.63745347513556]}, {""fun"": 16253.571475870447, ""jac"": [0.01655280348909344, -0.007457856599862919, -0.002000888178346212], ""message"": ""CONVERGENCE: REL_REDUCTION_OF_F_<=_FACTR*EPSMCH"", ""method"": ""L-BFGS-B"", ""nfev"": 136, ""nit"": 23, ""status"": 0, ""success"": true, ""x"": [0.7568557417707048, -4.653691634130684, 8.001826736764137]}], ""solver_path"": ""general_convolution"", ""uncertified_profiles"": 0}"
foul_leaves_5_team,team-quarter,2015-16,9840,optimization,FTM,2,FTA,2,ZIP,32534.722414214728,-16253.569890622295,[0.7568560427922755],"{""lam"": 6.700396542917436e-08, ""rho"": 1.0000123547384083e-09}",3,True,optimizer_converged_lbfgsb,59,290,2,-16288.406273494735,34.83638287243957,0.32421220000833273,"{""binomial_discrete_residual_mean"": null, ""binomial_discrete_residual_variance"": null, ""binomial_h_extension_used"": null, ""binomial_n_candidates"": 0, ""binomial_n_max"": null, ""binomial_n_min"": null, ""binomial_n_policy"": null, ""binomial_n_tie_break"": null, ""certified_profiles"": 1, ""optimizer_powell_attempted"": false, ""optimizer_powell_success"": false, ""optimizer_primary_failed_starts"": 0, ""optimizer_primary_successful_starts"": 2, ""optimizer_results"": [{""fun"": 16253.569890622295, ""jac"": [0.0005456968183217618, 0.00018189892530420107, 0.0], ""message"": ""CONVERGENCE: REL_REDUCTION_OF_F_<=_FACTR*EPSMCH"", ""method"": ""L-BFGS-B"", ""nfev"": 120, ""nit"": 25, ""status"": 0, ""success"": true, ""x"": [0.7568560427922755, -16.518514033796773, -20.72325348128431]}, {""fun"": 16253.569974005975, ""jac"": [-0.08731149093148188, 0.0, 0.0], ""message"": ""CONVERGENCE: REL_REDUCTION_OF_F_<=_FACTR*EPSMCH"", ""method"": ""L-BFGS-B"", ""nfev"": 168, ""nit"": 34, ""status"": 0, ""success"": true, ""x"": [0.7568548566955555, -14.174261642831306, 0.7033677715901588]}], ""solver_path"": ""general_convolution"", ""uncertified_profiles"": 0}"
foul_leaves_5_team,team-quarter,2015-16,9840,optimization,FTM,2,FTA,2,Geom,32525.528627537948,-16253.570102778927,[0.7568560122136491],"{""p"": 0.9999995148036438}",2,True,optimizer_converged_lbfgsb,54,188,2,-16291.76197108101,38.191868302083094,18.203828600002453,"{""binomial_discrete_residual_mean"": null, ""binomial_discrete_residual_variance"": null, ""binomial_h_extension_used"": null, ""binomial_n_candidates"": 0, ""binomial_n_max"": null, ""binomial_n_min"": null, ""binomial_n_policy"": null, ""binomial_n_tie_break"": null, ""certified_profiles"": 1, ""optimizer_powell_attempted"": false, ""optimizer_powell_success"": false, ""optimizer_primary_failed_starts"": 0, ""optimizer_primary_successful_starts"": 2, ""optimizer_results"": [{""fun"": 16253.570102778927, ""jac"": [0.002728484091608809, -0.00018189892530420107], ""message"": ""CONVERGENCE: REL_REDUCTION_OF_F_<=_FACTR*EPSMCH"", ""method"": ""L-BFGS-B"", ""nfev"": 90, ""nit"": 26, ""status"": 0, ""success"": true, ""x"": [0.7568560122136491, 14.538711684760013]}, {""fun"": 16253.570182049392, ""jac"": [-0.15807017837387033, -0.00036379785060840214], ""message"": ""CONVERGENCE: REL_REDUCTION_OF_F_<=_FACTR*EPSMCH"", ""method"": ""L-BFGS-B"", ""nfev"": 96, ""nit"": 28, ""status"": 0, ""success"": true, ""x"": [0.7568538411754158, 14.260048895354817]}], ""solver_path"": ""general_convolution"", ""uncertified_profiles"": 0}"
foul_leaves_5_team,team-quarter,2015-16,9840,optimization,FTM,2,FTA,2,Binomial,32525.528367939176,-16253.569972979541,[0.7568557753728418],"{""n"": 2, ""p"": 1.1466915761188437e-07}",2,True,optimizer_converged_lbfgsb,55,191,2,-16286.648750574335,33.07877759479379,0.5172997000045143,"{""binomial_discrete_residual_mean"": 0.06442702960946356, ""binomial_discrete_residual_variance"": -3.066211766308207, ""binomial_h_extension_used"": true, ""binomial_n_candidates"": 1, ""binomial_n_max"": 2, ""binomial_n_min"": 2, ""binomial_n_policy"": ""paper_H_binomial_discrete_index_continuous_full_mle"", ""binomial_n_tie_break"": ""not_applicable_single_mom_index"", ""certified_profiles"": 1, ""optimizer_powell_attempted"": false, ""optimizer_powell_success"": false, ""optimizer_primary_failed_starts"": 0, ""optimizer_primary_successful_starts"": 2, ""optimizer_results"": [{""fun"": 16253.570564229074, ""jac"": [0.0009094946972029363, 0.00036379785060840214], ""message"": ""CONVERGENCE: REL_REDUCTION_OF_F_<=_FACTR*EPSMCH"", ""method"": ""L-BFGS-B"", ""nfev"": 84, ""nit"": 23, ""status"": 0, ""success"": true, ""x"": [0.7568558370576519, -14.17591589282956]}, {""fun"": 16253.569972979541, ""jac"": [-0.018189893944058726, 0.0], ""message"": ""CONVERGENCE: REL_REDUCTION_OF_F_<=_FACTR*EPSMCH"", ""method"": ""L-BFGS-B"", ""nfev"": 105, ""nit"": 32, ""status"": 0, ""success"": true, ""x"": [0.7568557753728418, -15.98121463044845]}], ""solver_path"": ""general_convolution"", ""uncertified_profiles"": 0}"
foul_leaves_5_team,team-quarter,2015-16,9840,optimization,FTM,2,FTA,2,Bernoulli,32525.52816974805,-16253.569873883978,[0.7568541247628606],"{""p"": 3.373492860431319e-08}",2,True,optimizer_converged_lbfgsb,65,251,2,-16284.837982275487,31.268108391508576,0.5183087999466807,"{""binomial_discrete_residual_mean"": null, ""binomial_discrete_residual_variance"": null, ""binomial_h_extension_used"": null, ""binomial_n_candidates"": 0, ""binomial_n_max"": null, ""binomial_n_min"": null, ""binomial_n_policy"": null, ""binomial_n_tie_break"": null, ""certified_profiles"": 1, ""optimizer_powell_attempted"": false, ""optimizer_powell_success"": false, ""optimizer_primary_failed_starts"": 0, ""optimizer_primary_successful_starts"": 2, ""optimizer_results"": [{""fun"": 16253.569873883978, ""jac"": [-0.1444277579158263, 0.0], ""message"": ""CONVERGENCE: REL_REDUCTION_OF_F_<=_FACTR*EPSMCH"", ""method"": ""L-BFGS-B"", ""nfev"": 123, ""nit"": 28, ""status"": 0, ""success"": true, ""x"": [0.7568541247628606, -17.2047320455027]}, {""fun"": 16253.569963192533, ""jac"": [0.0005456968183217618, 0.00036379785060840214], ""message"": ""CONVERGENCE: REL_REDUCTION_OF_F_<=_FACTR*EPSMCH"", ""method"": ""L-BFGS-B"", ""nfev"": 126, ""nit"": 37, ""status"": 0, ""success"": true, ""x"": [0.7568560203025563, -15.375914760535581]}], ""solver_path"": ""general_convolution"", ""uncertified_profiles"": 0}"
foul_leaves_5_team,team-quarter,2015-16,9840,optimization,FTM,2,FOUL;FTA,3,Poisson,32534.72234623021,-16253.569856630036,"[0.0, 0.7568560579425142]","{""lam"": 0.0}",3,True,poisson_convex_mle,11,17,2,-16253.57156635652,0.0017097264844778692,0.027649299998302013,"{""binomial_discrete_residual_mean"": null, ""binomial_discrete_residual_variance"": null, ""binomial_h_extension_used"": null, ""binomial_n_candidates"": 0, ""binomial_n_max"": null, ""binomial_n_min"": null, ""binomial_n_policy"": null, ""binomial_n_tie_break"": null, ""certified_profiles"": 1, ""optimizer_primary_failed_starts"": 0, ""optimizer_primary_successful_starts"": 2, ""optimizer_results"": [{""fun"": 16253.57156635652, ""jac"": [509.94674875702106, 1024.9796124381062, 16.02821443297009], ""message"": ""CONVERGENCE: REL_REDUCTION_OF_F_<=_FACTR*EPSMCH"", ""method"": ""L-BFGS-B"", ""nfev"": 3, ""nit"": 1, ""status"": 0, ""success"": true, ""x"": [0.0, 0.0, 0.757069377510783]}, {""fun"": 16253.569856630036, ""jac"": [507.3170770901379, 1012.4680216214476, 2.6126087959710276e-09], ""message"": ""CONVERGENCE: NORM_OF_PROJECTED_GRADIENT_<=_PGTOL"", ""method"": ""L-BFGS-B"", ""nfev"": 12, ""nit"": 10, ""status"": 0, ""success"": true, ""x"": [0.0, 0.0, 0.7568560579425142]}], ""poisson_canonical_agreement_abs"": 0.0, ""solver_path"": ""poisson_convex"", ""uncertified_profiles"": 0}"
foul_leaves_5_team,team-quarter,2015-16,9840,optimization,FTM,2,FOUL;FTA,3,NB,32543.919698423008,-16253.57142723141,"[0.0, 0.7568554583986866]","{""p"": 0.9995855712074568, ""r"": 0.007461795228814187}",4,True,optimizer_converged_lbfgsb,40,422,2,-16253.576666065443,0.005238834031842998,1.5113781000254676,"{""binomial_discrete_residual_mean"": null, ""binomial_discrete_residual_variance"": null, ""binomial_h_extension_used"": null, ""binomial_n_candidates"": 0, ""binomial_n_max"": null, ""binomial_n_min"": null, ""binomial_n_policy"": null, ""binomial_n_tie_break"": null, ""certified_profiles"": 1, ""optimizer_powell_attempted"": false, ""optimizer_powell_success"": false, ""optimizer_primary_failed_starts"": 0, ""optimizer_primary_successful_starts"": 2, ""optimizer_results"": [{""fun"": 16253.574929923114, ""jac"": [1012.4869731953368, -0.0010913936366435237, 0.0045474735088646846, -0.006912159161559641], ""message"": ""CONVERGENCE: REL_REDUCTION_OF_F_<=_FACTR*EPSMCH"", ""method"": ""L-BFGS-B"", ""nfev"": 35, ""nit"": 3, ""status"": 0, ""success"": true, ""x"": [0.0, 0.7568543999409884, -1.1822745627732879e-05, 11.512917218315101]}, {""fun"": 16253.57142723141, ""jac"": [1012.469147099182, -0.006184563940979967, -0.007457856599862919, 0.0], ""message"": ""CONVERGENCE: REL_REDUCTION_OF_F_<=_FACTR*EPSMCH"", ""method"": ""L-BFGS-B"", ""nfev"": 385, ""nit"": 37, ""status"": 0, ""success"": true, ""x"": [0.0, 0.7568554583986866, -4.897959246423256, 7.788194874665655]}], ""solver_path"": ""general_convolution"", ""uncertified_profiles"": 0}"
foul_leaves_5_team,team-quarter,2015-16,9840,optimization,FTM,2,FOUL;FTA,3,ZIP,32543.91655732172,-16253.569856680768,"[0.0, 0.7568560514500086]","{""lam"": 9.999999999999996e-11, ""rho"": 1.0000000000000007e-09}",4,True,optimizer_converged_lbfgsb,37,287,2,-16253.571566407514,0.0017097267464123433,0.3077880999771878,"{""binomial_discrete_residual_mean"": null, ""binomial_discrete_residual_variance"": null, ""binomial_h_extension_used"": null, ""binomial_n_candidates"": 0, ""binomial_n_max"": null, ""binomial_n_min"": null, ""binomial_n_policy"": null, ""binomial_n_tie_break"": null, ""certified_profiles"": 1, ""optimizer_powell_attempted"": false, ""optimizer_powell_success"": false, ""optimizer_primary_failed_starts"": 0, ""optimizer_primary_successful_starts"": 2, ""optimizer_results"": [{""fun"": 16253.569856680768, ""jac"": [1012.4680557055399, 0.0, 0.0, 0.0], ""message"": ""CONVERGENCE: NORM_OF_PROJECTED_GRADIENT_<=_PGTOL"", ""method"": ""L-BFGS-B"", ""nfev"": 80, ""nit"": 3, ""status"": 0, ""success"": true, ""x"": [0.0, 0.7568560514500086, -23.025850929940457, -20.72326583594641]}, {""fun"": 16253.569870055082, ""jac"": [1012.2037565452047, -0.3388777241778141, 0.0, 0.0], ""message"": ""CONVERGENCE: REL_REDUCTION_OF_F_<=_FACTR*EPSMCH"", ""method"": ""L-BFGS-B"", ""nfev"": 205, ""nit"": 34, ""status"": 0, ""success"": true, ""x"": [0.0, 0.7568515396894064, -16.800330499162165, 0.02539769830268849]}], ""solver_path"": ""general_convolution"", ""uncertified_profiles"": 0}"
foul_leaves_5_team,team-quarter,2015-16,9840,optimization,FTM,2,FOUL;FTA,3,Geom,32534.72234724485,-16253.569857137356,"[0.0, 0.7568560537504427]","{""p"": 0.9999999989999999}",3,True,optimizer_converged_lbfgsb,32,166,2,-16253.571566866469,0.0017097291129175574,17.082426200038753,"{""binomial_discrete_residual_mean"": null, ""binomial_discrete_residual_variance"": null, ""binomial_h_extension_used"": null, ""binomial_n_candidates"": 0, ""binomial_n_max"": null, ""binomial_n_min"": null, ""binomial_n_policy"": null, ""binomial_n_tie_break"": null, ""certified_profiles"": 1, ""optimizer_powell_attempted"": false, ""optimizer_powell_success"": false, ""optimizer_primary_failed_starts"": 0, ""optimizer_primary_successful_starts"": 2, ""optimizer_results"": [{""fun"": 16253.569857137356, ""jac"": [1012.4682376044802, 0.0, 0.0], ""message"": ""CONVERGENCE: NORM_OF_PROJECTED_GRADIENT_<=_PGTOL"", ""method"": ""L-BFGS-B"", ""nfev"": 32, ""nit"": 3, ""status"": 0, ""success"": true, ""x"": [0.0, 0.7568560537504427, 20.723265864228342]}, {""fun"": 16253.57001753507, ""jac"": [1012.466054817196, -0.0030922819704899836, -0.00018189892530420107], ""message"": ""CONVERGENCE: REL_REDUCTION_OF_F_<=_FACTR*EPSMCH"", ""method"": ""L-BFGS-B"", ""nfev"": 132, ""nit"": 29, ""status"": 0, ""success"": true, ""x"": [0.0, 0.7568559585012983, 14.96383383290538]}], ""solver_path"": ""general_convolution"", ""uncertified_profiles"": 0}"
foul_leaves_5_team,team-quarter,2015-16,9840,optimization,FTM,2,FOUL;FTA,3,Binomial,32534.722348259485,-16253.569857644674,"[0.0, 0.756856052111226]","{""n"": 2, ""p"": 1.0000000000000007e-09}",3,True,optimizer_converged_lbfgsb,33,218,2,-16253.571567376413,0.001709731739538256,0.6153017999604344,"{""binomial_discrete_residual_mean"": -0.0012331778783929437, ""binomial_discrete_residual_variance"": -3.370320941334584, ""binomial_h_extension_used"": true, ""binomial_n_candidates"": 1, ""binomial_n_max"": 2, ""binomial_n_min"": 2, ""binomial_n_policy"": ""paper_H_binomial_discrete_index_continuous_full_mle"", ""binomial_n_tie_break"": ""not_applicable_single_mom_index"", ""certified_profiles"": 1, ""optimizer_powell_attempted"": false, ""optimizer_powell_success"": false, ""optimizer_primary_failed_starts"": 0, ""optimizer_primary_successful_starts"": 2, ""optimizer_results"": [{""fun"": 16253.569857644674, ""jac"": [1012.4678738065995, 0.0, 0.0], ""message"": ""CONVERGENCE: NORM_OF_PROJECTED_GRADIENT_<=_PGTOL"", ""method"": ""L-BFGS-B"", ""nfev"": 28, ""nit"": 3, ""status"": 0, ""success"": true, ""x"": [0.0, 0.756856052111226, -20.72326583594641]}, {""fun"": 16253.569883920536, ""jac"": [1012.7860150532797, 0.40727172540747486, 0.0], ""message"": ""CONVERGENCE: REL_REDUCTION_OF_F_<=_FACTR*EPSMCH"", ""method"": ""L-BFGS-B"", ""nfev"": 188, ""nit"": 30, ""status"": 0, ""success"": true, ""x"": [0.0, 0.7568614652934499, -17.472482527285294]}], ""solver_path"": ""general_convolution"", ""uncertified_profiles"": 0}"
foul_leaves_5_team,team-quarter,2015-16,9840,optimization,FTM,2,FOUL;FTA,3,Bernoulli,32534.72234724485,-16253.569857137356,"[0.0, 0.7568560490014182]","{""p"": 1.0000000000000007e-09}",3,True,optimizer_converged_lbfgsb,43,258,2,-16253.571566866469,0.0017097291129175574,0.5433298000134528,"{""binomial_discrete_residual_mean"": null, ""binomial_discrete_residual_variance"": null, ""binomial_h_extension_used"": null, ""binomial_n_candidates"": 0, ""binomial_n_max"": null, ""binomial_n_min"": null, ""binomial_n_policy"": null, ""binomial_n_tie_break"": null, ""certified_profiles"": 1, ""optimizer_powell_attempted"": false, ""optimizer_powell_success"": false, ""optimizer_primary_failed_starts"": 0, ""optimizer_primary_successful_starts"": 2, ""optimizer_results"": [{""fun"": 16253.569857137356, ""jac"": [1012.4680557055399, 0.0003637978788811745, 0.0], ""message"": ""CONVERGENCE: REL_REDUCTION_OF_F_<=_FACTR*EPSMCH"", ""method"": ""L-BFGS-B"", ""nfev"": 56, ""nit"": 3, ""status"": 0, ""success"": true, ""x"": [0.0, 0.7568560490014182, -20.72326583594641]}, {""fun"": 16253.569867158272, ""jac"": [1012.4678738065995, -0.0005456968183217618, 0.0], ""message"": ""CONVERGENCE: REL_REDUCTION_OF_F_<=_FACTR*EPSMCH"", ""method"": ""L-BFGS-B"", ""nfev"": 200, ""nit"": 40, ""status"": 0, ""success"": true, ""x"": [0.0, 0.7568560441119658, -17.69058637045061]}], ""solver_path"": ""general_convolution"", ""uncertified_profiles"": 0}"
foul_leaves_5_team,team-quarter,2015-16,9840,optimization,FTM,2,PERS_FOUL_DRAWN,8,Poisson,49667.13488422728,-24824.373231123594,[0.5496459209762594],"{""lam"": 3.3504721865487523}",2,True,poisson_convex_mle,12,18,2,-24839.75735609542,15.384124971824349,0.029082899971399456,"{""binomial_discrete_residual_mean"": null, ""binomial_discrete_residual_variance"": null, ""binomial_h_extension_used"": null, ""binomial_n_candidates"": 0, ""binomial_n_max"": null, ""binomial_n_min"": null, ""binomial_n_policy"": null, ""binomial_n_tie_break"": null, ""certified_profiles"": 1, ""optimizer_primary_failed_starts"": 0, ""optimizer_primary_successful_starts"": 2, ""optimizer_results"": [{""fun"": 24824.373231123616, ""jac"": [-0.0001770096705466795, 0.00010782337927373042], ""message"": ""CONVERGENCE: REL_REDUCTION_OF_F_<=_FACTR*EPSMCH"", ""method"": ""L-BFGS-B"", ""nfev"": 7, ""nit"": 5, ""status"": 0, ""success"": true, ""x"": [3.3504719780286503, 0.5496460022018217]}, {""fun"": 24824.373231123594, ""jac"": [6.8414337445199536e-06, 8.858656928900643e-06], ""message"": ""CONVERGENCE: REL_REDUCTION_OF_F_<=_FACTR*EPSMCH"", ""method"": ""L-BFGS-B"", ""nfev"": 9, ""nit"": 7, ""status"": 0, ""success"": true, ""x"": [3.3504721865487523, 0.5496459209762594]}], ""poisson_canonical_agreement_abs"": 0.0, ""solver_path"": ""poisson_convex"", ""uncertified_profiles"": 0}"
foul_leaves_5_team,team-quarter,2015-16,9840,optimization,FTM,2,PERS_FOUL_DRAWN,8,NB,47359.168647765764,-23665.793007397813,[0.47506052735987114],"{""p"": 0.4617321970098883, ""r"": 2.9933655853580867}",3,True,optimizer_converged_lbfgsb,20,98,2,-23672.086552552435,6.293545154621825,0.3850817999918945,"{""binomial_discrete_residual_mean"": null, ""binomial_discrete_residual_variance"": null, ""binomial_h_extension_used"": null, ""binomial_n_candidates"": 0, ""binomial_n_max"": null, ""binomial_n_min"": null, ""binomial_n_policy"": null, ""binomial_n_tie_break"": null, ""certified_profiles"": 1, ""optimizer_powell_attempted"": false, ""optimizer_powell_success"": false, ""optimizer_primary_failed_starts"": 0, ""optimizer_primary_successful_starts"": 2, ""optimizer_results"": [{""fun"": 23665.793007399232, ""jac"": [-0.0010913936427019754, -0.004001776712121566, 0.004001776689907243], ""message"": ""CONVERGENCE: REL_REDUCTION_OF_F_<=_FACTR*EPSMCH"", ""method"": ""L-BFGS-B"", ""nfev"": 44, ""nit"": 9, ""status"": 0, ""success"": true, ""x"": [0.4750607324193237, 1.0963990176271845, -0.1533702102585805]}, {""fun"": 23665.793007397813, ""jac"": [-0.0010913936427019754, -0.001091393648760427, 0.0021827872854039507], ""message"": ""CONVERGENCE: REL_REDUCTION_OF_F_<=_FACTR*EPSMCH"", ""method"": ""L-BFGS-B"", ""nfev"": 52, ""nit"": 11, ""status"": 0, ""success"": true, ""x"": [0.47506052735987114, 1.0963983682064673, -0.15337114852534176]}], ""solver_path"": ""general_convolution"", ""uncertified_profiles"": 0}"
foul_leaves_5_team,team-quarter,2015-16,9840,optimization,FTM,2,PERS_FOUL_DRAWN,8,ZIP,47655.281968240655,-23813.84966763526,[0.6464522621291975],"{""lam"": 3.9441125395827483, ""rho"": 0.1962771238850951}",3,True,optimizer_converged_lbfgsb,20,98,2,-23950.985826864497,137.13615922923782,0.11821260000579059,"{""binomial_discrete_residual_mean"": null, ""binomial_discrete_residual_variance"": null, ""binomial_h_extension_used"": null, ""binomial_n_candidates"": 0, ""binomial_n_max"": null, ""binomial_n_min"": null, ""binomial_n_policy"": null, ""binomial_n_tie_break"": null, ""certified_profiles"": 1, ""optimizer_powell_attempted"": false, ""optimizer_powell_success"": false, ""optimizer_primary_failed_starts"": 0, ""optimizer_primary_successful_starts"": 2, ""optimizer_results"": [{""fun"": 23813.84966763526, ""jac"": [0.0003637978788811745, -0.0007275957658402848, 0.0], ""message"": ""CONVERGENCE: REL_REDUCTION_OF_F_<=_FACTR*EPSMCH"", ""method"": ""L-BFGS-B"", ""nfev"": 48, ""nit"": 10, ""status"": 0, ""success"": true, ""x"": [0.6464522621291975, 1.372223970710256, -1.4097269703217994]}, {""fun"": 23813.849667642033, ""jac"": [-0.002910383031049396, -0.011641532253444557, -0.0014551915316805696], ""message"": ""CONVERGENCE: REL_REDUCTION_OF_F_<=_FACTR*EPSMCH"", ""method"": ""L-BFGS-B"", ""nfev"": 48, ""nit"": 10, ""status"": 0, ""success"": true, ""x"": [0.6464514351254105, 1.3722233290094137, -1.409731574919977]}], ""solver_path"": ""general_convolution"", ""uncertified_profiles"": 0}"
foul_leaves_5_team,team-quarter,2015-16,9840,optimization,FTM,2,PERS_FOUL_DRAWN,8,Geom,48329.65111786301,-24155.63134794146,[0.8180536944399518],"{""p"": 0.25973911431106855}",2,True,optimizer_converged_lbfgsb,11,47,2,-24231.80055832163,76.1692103801688,0.08680739998817444,"{""binomial_discrete_residual_mean"": null, ""binomial_discrete_residual_variance"": null, ""binomial_h_extension_used"": null, ""binomial_n_candidates"": 0, ""binomial_n_max"": null, ""binomial_n_min"": null, ""binomial_n_policy"": null, ""binomial_n_tie_break"": null, ""certified_profiles"": 1, ""optimizer_powell_attempted"": false, ""optimizer_powell_success"": false, ""optimizer_primary_failed_starts"": 0, ""optimizer_primary_successful_starts"": 2, ""optimizer_results"": [{""fun"": 24155.63134794146, ""jac"": [0.000727595757762349, 0.001091393648760427], ""message"": ""CONVERGENCE: REL_REDUCTION_OF_F_<=_FACTR*EPSMCH"", ""method"": ""L-BFGS-B"", ""nfev"": 21, ""nit"": 5, ""status"": 0, ""success"": true, ""x"": [0.8180536944399518, -1.0473249515256422]}, {""fun"": 24155.631347941544, ""jac"": [-0.0003637978788811745, 0.0], ""message"": ""CONVERGENCE: REL_REDUCTION_OF_F_<=_FACTR*EPSMCH"", ""method"": ""L-BFGS-B"", ""nfev"": 24, ""nit"": 6, ""status"": 0, ""success"": true, ""x"": [0.8180534712396046, -1.0473252161481408]}], ""solver_path"": ""general_convolution"", ""uncertified_profiles"": 0}"
foul_leaves_5_team,team-quarter,2015-16,9840,optimization,FTM,2,PERS_FOUL_DRAWN,8,Binomial,49899.47620563944,-24940.543891829675,[0.5690579599285104],"{""n"": 100, ""p"": 0.033142773847454704}",2,True,optimizer_converged_lbfgsb,10,47,2,-24949.673925548555,9.13003371888044,0.293652500025928,"{""binomial_discrete_residual_mean"": 3.204148306064356, ""binomial_discrete_residual_variance"": 6.981648589775346, ""binomial_h_extension_used"": true, ""binomial_n_candidates"": 1, ""binomial_n_max"": 100, ""binomial_n_min"": 100, ""binomial_n_policy"": ""paper_H_binomial_discrete_index_continuous_full_mle"", ""binomial_n_tie_break"": ""not_applicable_single_mom_index"", ""certified_profiles"": 1, ""optimizer_powell_attempted"": false, ""optimizer_powell_success"": false, ""optimizer_primary_failed_starts"": 0, ""optimizer_primary_successful_starts"": 2, ""optimizer_results"": [{""fun"": 24940.543891829675, ""jac"": [-0.0018189893944058726, -0.002910383063361139], ""message"": ""CONVERGENCE: REL_REDUCTION_OF_F_<=_FACTR*EPSMCH"", ""method"": ""L-BFGS-B"", ""nfev"": 21, ""nit"": 5, ""status"": 0, ""success"": true, ""x"": [0.5690579599285104, -3.373226128996935]}, {""fun"": 24940.543891829726, ""jac"": [0.000727595757762349, -0.004001776712121566], ""message"": ""CONVERGENCE: REL_REDUCTION_OF_F_<=_FACTR*EPSMCH"", ""method"": ""L-BFGS-B"", ""nfev"": 24, ""nit"": 5, ""status"": 0, ""success"": true, ""x"": [0.5690582222759498, -3.37322619744166]}], ""solver_path"": ""general_convolution"", ""uncertified_profiles"": 0}"
foul_leaves_5_team,team-quarter,2015-16,9840,optimization,FTM,2,PERS_FOUL_DRAWN,8,Bernoulli,inf,-inf,[],{},2,False,infeasible_conditional_support,0,0,0,-inf,0.0,5.9699988923966885e-05,"{""binomial_discrete_residual_mean"": null, ""binomial_discrete_residual_variance"": null, ""binomial_h_extension_used"": null, ""binomial_n_candidates"": 0, ""binomial_n_max"": null, ""binomial_n_min"": null, ""binomial_n_policy"": null, ""binomial_n_tie_break"": null, ""certified_profiles"": 0, ""solver_path"": ""conditional_support_check"", ""support_violating_rows"": 1334, ""uncertified_profiles"": 0}"
foul_leaves_5_team,team-quarter,2015-16,9840,optimization,FTM,2,FOUL;PERS_FOUL_DRAWN,9,Poisson,39171.708926731284,-19572.063146880573,"[0.9451082127999497, 0.0]","{""lam"": 0.013207984479424227}",3,True,poisson_convex_mle,56,98,2,-19686.34904235058,114.28589547000593,0.13867229997413233,"{""binomial_discrete_residual_mean"": null, ""binomial_discrete_residual_variance"": null, ""binomial_h_extension_used"": null, ""binomial_n_candidates"": 0, ""binomial_n_max"": null, ""binomial_n_min"": null, ""binomial_n_policy"": null, ""binomial_n_tie_break"": null, ""certified_profiles"": 1, ""optimizer_primary_failed_starts"": 0, ""optimizer_primary_successful_starts"": 2, ""optimizer_results"": [{""fun"": 19581.290476555685, ""jac"": [120.49954966467821, -761.0907636228394, 1905.490695091498], ""message"": ""CONVERGENCE: REL_REDUCTION_OF_F_<=_FACTR*EPSMCH"", ""method"": ""L-BFGS-B"", ""nfev"": 48, ""nit"": 27, ""status"": 0, ""success"": true, ""x"": [0.031949450586422914, 0.925620618228915, 0.0]}, {""fun"": 19572.063146880573, ""jac"": [0.0032780728204215848, 0.001181349718592628, 2182.3823498268866], ""message"": ""CONVERGENCE: REL_REDUCTION_OF_F_<=_FACTR*EPSMCH"", ""method"": ""L-BFGS-B"", ""nfev"": 48, ""nit"": 29, ""status"": 0, ""success"": true, ""x"": [0.013207984479424227, 0.9451082127999497, 0.0]}], ""poisson_canonical_agreement_abs"": 0.0, ""solver_path"": ""poisson_convex"", ""uncertified_profiles"": 0}"
foul_leaves_5_team,team-quarter,2015-16,9840,optimization,FTM,2,FOUL;PERS_FOUL_DRAWN,9,NB,39180.90831819628,-19572.065737118046,"[0.9451095795774606, 0.0]","{""p"": 0.9996375179182182, ""r"": 36.411056454395506}",4,True,optimizer_converged_lbfgsb,17,252,2,-19658.719813521264,86.65407640321791,0.9167145999963395,"{""binomial_discrete_residual_mean"": null, ""binomial_discrete_residual_variance"": null, ""binomial_h_extension_used"": null, ""binomial_n_candidates"": 0, ""binomial_n_max"": null, ""binomial_n_min"": null, ""binomial_n_policy"": null, ""binomial_n_tie_break"": null, ""certified_profiles"": 1, ""optimizer_powell_attempted"": false, ""optimizer_powell_success"": false, ""optimizer_primary_failed_starts"": 0, ""optimizer_primary_successful_starts"": 2, ""optimizer_results"": [{""fun"": 19572.065737118046, ""jac"": [0.015643308791890506, 2182.3874703841284, 0.0018189894146007119, 0.0007275957658402848], ""message"": ""CONVERGENCE: REL_REDUCTION_OF_F_<=_FACTR*EPSMCH"", ""method"": ""L-BFGS-B"", ""nfev"": 110, ""nit"": 16, ""status"": 0, ""success"": true, ""x"": [0.9451095795774606, 0.0, 3.594872477267513, 7.922172966664026]}, {""fun"": 19658.719813521264, ""jac"": [866.6589521561935, 2494.8476493591443, 11135.449482902566, 0.0], ""message"": ""CONVERGENCE: REL_REDUCTION_OF_F_<=_FACTR*EPSMCH"", ""method"": ""L-BFGS-B"", ""nfev"": 140, ""nit"": 1, ""status"": 0, ""success"": true, ""x"": [0.9662769177087209, 0.0, -18.420680743952367, -20.72326583594641]}], ""solver_path"": ""general_convolution"", ""uncertified_profiles"": 0}"
foul_leaves_5_team,team-quarter,2015-16,9840,optimization,FTM,2,FOUL;PERS_FOUL_DRAWN,9,ZIP,39180.90313772185,-19572.06314688083,"[0.9451082401353914, 0.0]","{""lam"": 0.013207765058043226, ""rho"": 1.0000000000000007e-09}",4,True,optimizer_converged_lbfgsb,37,237,2,-19617.27774769605,45.214600815219455,0.24867830000584945,"{""binomial_discrete_residual_mean"": null, ""binomial_discrete_residual_variance"": null, ""binomial_h_extension_used"": null, ""binomial_n_candidates"": 0, ""binomial_n_max"": null, ""binomial_n_min"": null, ""binomial_n_policy"": null, ""binomial_n_tie_break"": null, ""certified_profiles"": 1, ""optimizer_powell_attempted"": false, ""optimizer_powell_success"": false, ""optimizer_primary_failed_starts"": 0, ""optimizer_primary_successful_starts"": 2, ""optimizer_results"": [{""fun"": 19572.06314688083, ""jac"": [0.0003637978788811745, 2182.381649618037, -0.0003637978829201424, 0.0], ""message"": ""CONVERGENCE: REL_REDUCTION_OF_F_<=_FACTR*EPSMCH"", ""method"": ""L-BFGS-B"", ""nfev"": 140, ""nit"": 22, ""status"": 0, ""success"": true, ""x"": [0.9451082401353914, 0.0, -4.326950360375088, -20.72326583594641]}, {""fun"": 19572.063146883687, ""jac"": [0.012369127881959934, 2182.3863789904863, 0.0003637978829201424, 0.0], ""message"": ""CONVERGENCE: REL_REDUCTION_OF_F_<=_FACTR*EPSMCH"", ""method"": ""L-BFGS-B"", ""nfev"": 95, ""nit"": 15, ""status"": 0, ""success"": true, ""x"": [0.9451083937199488, 0.0, -4.326917011940971, -20.72326583594641]}], ""solver_path"": ""general_convolution"", ""uncertified_profiles"": 0}"
foul_leaves_5_team,team-quarter,2015-16,9840,optimization,FTM,2,FOUL;PERS_FOUL_DRAWN,9,Geom,39328.93887020139,-19650.678118615626,"[0.9478367481112873, 0.0]","{""p"": 0.999999990002726}",3,True,optimizer_converged_lbfgsb,34,286,2,-19672.533531859397,21.85541324377118,57.86603319999995,"{""binomial_discrete_residual_mean"": null, ""binomial_discrete_residual_variance"": null, ""binomial_h_extension_used"": null, ""binomial_n_candidates"": 0, ""binomial_n_max"": null, ""binomial_n_min"": null, ""binomial_n_policy"": null, ""binomial_n_tie_break"": null, ""certified_profiles"": 1, ""optimizer_powell_attempted"": false, ""optimizer_powell_success"": false, ""optimizer_primary_failed_starts"": 0, ""optimizer_primary_successful_starts"": 2, ""optimizer_results"": [{""fun"": 19650.678118615626, ""jac"": [-0.04838511789119621, 2186.4441805519164, 0.0], ""message"": ""CONVERGENCE: REL_REDUCTION_OF_F_<=_FACTR*EPSMCH"", ""method"": ""L-BFGS-B"", ""nfev"": 208, ""nit"": 30, ""status"": 0, ""success"": true, ""x"": [0.9478367481112873, 0.0, 18.420953367137937]}, {""fun"": 19658.65556869231, ""jac"": [12.759483005999435, 2191.00147660356, 50.351805311306514], ""message"": ""CONVERGENCE: REL_REDUCTION_OF_F_<=_FACTR*EPSMCH"", ""method"": ""L-BFGS-B"", ""nfev"": 76, ""nit"": 4, ""status"": 0, ""success"": true, ""x"": [0.9481041335972674, 0.0, 19.75024573058418]}], ""solver_path"": ""general_convolution"", ""uncertified_profiles"": 0}"
foul_leaves_5_team,team-quarter,2015-16,9840,optimization,FTM,2,FOUL;PERS_FOUL_DRAWN,9,Binomial,39171.61397971802,-19572.015673373942,"[0.945082348204008, 0.0]","{""n"": 2, ""p"": 0.006663603103563673}",3,True,optimizer_converged_lbfgsb,40,246,2,-19668.374649892292,96.35897651834966,0.665968100016471,"{""binomial_discrete_residual_mean"": -2.485925968520837, ""binomial_discrete_residual_variance"": -7.229691251205139, ""binomial_h_extension_used"": true, ""binomial_n_candidates"": 1, ""binomial_n_max"": 2, ""binomial_n_min"": 2, ""binomial_n_policy"": ""paper_H_binomial_discrete_index_continuous_full_mle"", ""binomial_n_tie_break"": ""not_applicable_single_mom_index"", ""certified_profiles"": 1, ""optimizer_powell_attempted"": false, ""optimizer_powell_success"": false, ""optimizer_primary_failed_starts"": 0, ""optimizer_primary_successful_starts"": 2, ""optimizer_results"": [{""fun"": 19572.015673379537, ""jac"": [-0.000727595757762349, 2182.3776478413492, 0.0], ""message"": ""CONVERGENCE: REL_REDUCTION_OF_F_<=_FACTR*EPSMCH"", ""method"": ""L-BFGS-B"", ""nfev"": 136, ""nit"": 22, ""status"": 0, ""success"": true, ""x"": [0.9450824081133969, 0.0, -5.004437337682874]}, {""fun"": 19572.015673373942, ""jac"": [0.0003637978788811745, 2182.3776478413492, 0.0], ""message"": ""CONVERGENCE: REL_REDUCTION_OF_F_<=_FACTR*EPSMCH"", ""method"": ""L-BFGS-B"", ""nfev"": 108, ""nit"": 18, ""status"": 0, ""success"": true, ""x"": [0.945082348204008, 0.0, -5.004409030148402]}], ""solver_path"": ""general_convolution"", ""uncertified_profiles"": 0}"
foul_leaves_5_team,team-quarter,2015-16,9840,optimization,FTM,2,FOUL;PERS_FOUL_DRAWN,9,Bernoulli,39171.51780892575,-19571.967587977808,"[0.9450558472630202, 0.0]","{""p"": 0.01344948931583619}",3,True,optimizer_converged_lbfgsb,39,222,2,-19672.533532349844,100.56594437203603,0.457766100007575,"{""binomial_discrete_residual_mean"": null, ""binomial_discrete_residual_variance"": null, ""binomial_h_extension_used"": null, ""binomial_n_candidates"": 0, ""binomial_n_max"": null, ""binomial_n_min"": null, ""binomial_n_policy"": null, ""binomial_n_tie_break"": null, ""certified_profiles"": 1, ""optimizer_powell_attempted"": false, ""optimizer_powell_success"": false, ""optimizer_primary_failed_starts"": 0, ""optimizer_primary_successful_starts"": 2, ""optimizer_results"": [{""fun"": 19571.967587983498, ""jac"": [-0.005456968183217618, 2182.371463277377, -0.0003637978829201424], ""message"": ""CONVERGENCE: REL_REDUCTION_OF_F_<=_FACTR*EPSMCH"", ""method"": ""L-BFGS-B"", ""nfev"": 96, ""nit"": 20, ""status"": 0, ""success"": true, ""x"": [0.9450558020295103, 0.0, -4.295295851823813]}, {""fun"": 19571.967587977808, ""jac"": [-0.000727595757762349, 2182.3732822667807, 0.0], ""message"": ""CONVERGENCE: REL_REDUCTION_OF_F_<=_FACTR*EPSMCH"", ""method"": ""L-BFGS-B"", ""nfev"": 124, ""nit"": 19, ""status"": 0, ""success"": true, ""x"": [0.9450558472630202, 0.0, -4.295273389817652]}], ""solver_path"": ""general_convolution"", ""uncertified_profiles"": 0}"
foul_leaves_5_team,team-quarter,2015-16,9840,optimization,FTM,2,FTA;PERS_FOUL_DRAWN,10,Poisson,32534.722346230206,-16253.569856630034,"[0.756856057876757, 0.0]","{""lam"": 0.0}",3,True,poisson_convex_mle,14,23,2,-16279.07282901372,25.50297238368512,0.03479049995075911,"{""binomial_discrete_residual_mean"": null, ""binomial_discrete_residual_variance"": null, ""binomial_h_extension_used"": null, ""binomial_n_candidates"": 0, ""binomial_n_max"": null, ""binomial_n_min"": null, ""binomial_n_policy"": null, ""binomial_n_tie_break"": null, ""certified_profiles"": 1, ""optimizer_primary_failed_starts"": 0, ""optimizer_primary_successful_starts"": 2, ""optimizer_results"": [{""fun"": 16253.569856630038, ""jac"": [507.31707708177487, -4.835186473428621e-08, 833.4766057689486], ""message"": ""CONVERGENCE: NORM_OF_PROJECTED_GRADIENT_<=_PGTOL"", ""method"": ""L-BFGS-B"", ""nfev"": 9, ""nit"": 5, ""status"": 0, ""success"": true, ""x"": [0.0, 0.7568560579418361, 0.0]}, {""fun"": 16253.569856630034, ""jac"": [507.3170762792951, -4.939583504892653e-06, 833.4766042630315], ""message"": ""CONVERGENCE: REL_REDUCTION_OF_F_<=_FACTR*EPSMCH"", ""method"": ""L-BFGS-B"", ""nfev"": 12, ""nit"": 9, ""status"": 0, ""success"": true, ""x"": [0.0, 0.756856057876757, 0.0]}], ""poisson_canonical_agreement_abs"": 0.0, ""solver_path"": ""poisson_convex"", ""uncertified_profiles"": 0}"
foul_leaves_5_team,team-quarter,2015-16,9840,optimization,FTM,2,FTA;PERS_FOUL_DRAWN,10,NB,32543.916834763484,-16253.569995401649,"[0.7568680766899057, 0.0]","{""p"": 0.9999999765515571, ""r"": 11.206001462453672}",4,True,optimizer_converged_lbfgsb,45,347,2,-16279.073233938565,25.503238536915887,1.219207800051663,"{""binomial_discrete_residual_mean"": null, ""binomial_discrete_residual_variance"": null, ""binomial_h_extension_used"": null, ""binomial_n_candidates"": 0, ""binomial_n_max"": null, ""binomial_n_min"": null, ""binomial_n_policy"": null, ""binomial_n_tie_break"": null, ""certified_profiles"": 1, ""optimizer_powell_attempted"": false, ""optimizer_powell_success"": false, ""optimizer_primary_failed_starts"": 0, ""optimizer_primary_successful_starts"": 2, ""optimizer_results"": [{""fun"": 16253.569995401649, ""jac"": [0.909676596142377, 833.7559847859666, 0.0018189894146007119, 0.0014551914024336086], ""message"": ""CONVERGENCE: REL_REDUCTION_OF_F_<=_FACTR*EPSMCH"", ""method"": ""L-BFGS-B"", ""nfev"": 195, ""nit"": 21, ""status"": 0, ""success"": true, ""x"": [0.7568680766899057, 0.0, 2.416449479649391, 17.568461724570152]}, {""fun"": 16253.572240799067, ""jac"": [0.01982698439902401, 833.4887752425857, 0.011459633311984485, -0.002000888356060783], ""message"": ""CONVERGENCE: REL_REDUCTION_OF_F_<=_FACTR*EPSMCH"", ""method"": ""L-BFGS-B"", ""nfev"": 150, ""nit"": 24, ""status"": 0, ""success"": true, ""x"": [0.7568555422704951, 0.0, -4.600479259801846, 7.668376490373784]}], ""solver_path"": ""general_convolution"", ""uncertified_profiles"": 0}"
foul_leaves_5_team,team-quarter,2015-16,9840,optimization,FTM,2,FTA;PERS_FOUL_DRAWN,10,ZIP,32543.9166647002,-16253.569910370006,"[0.7568572880093549, 0.0]","{""lam"": 3.2005248415817517e-07, ""rho"": 0.6693841378685796}",4,True,optimizer_converged_lbfgsb,60,402,2,-16279.072828989292,25.502918619285992,0.4147297000163235,"{""binomial_discrete_residual_mean"": null, ""binomial_discrete_residual_variance"": null, ""binomial_h_extension_used"": null, ""binomial_n_candidates"": 0, ""binomial_n_max"": null, ""binomial_n_min"": null, ""binomial_n_policy"": null, ""binomial_n_tie_break"": null, ""certified_profiles"": 1, ""optimizer_powell_attempted"": false, ""optimizer_powell_success"": false, ""optimizer_primary_failed_starts"": 0, ""optimizer_primary_successful_starts"": 2, ""optimizer_results"": [{""fun"": 16253.570021396741, ""jac"": [-0.06348272986476496, 833.4574886248447, 0.0, 0.0], ""message"": ""CONVERGENCE: REL_REDUCTION_OF_F_<=_FACTR*EPSMCH"", ""method"": ""L-BFGS-B"", ""nfev"": 175, ""nit"": 30, ""status"": 0, ""success"": true, ""x"": [0.7568551596950821, 0.0, -14.94027940530752, -20.723265797061163]}, {""fun"": 16253.569910370006, ""jac"": [0.09385985275134302, 833.5055099450983, 0.0, 0.0], ""message"": ""CONVERGENCE: REL_REDUCTION_OF_F_<=_FACTR*EPSMCH"", ""method"": ""L-BFGS-B"", ""nfev"": 225, ""nit"": 30, ""status"": 0, ""success"": true, ""x"": [0.7568572880093549, 0.0, -14.954780841607002, 0.7054009283883313]}], ""solver_path"": ""general_convolution"", ""uncertified_profiles"": 0}"
foul_leaves_5_team,team-quarter,2015-16,9840,optimization,FTM,2,FTA;PERS_FOUL_DRAWN,10,Geom,32534.722520373944,-16253.569943701903,"[0.7568560229846015, 0.0]","{""p"": 0.9999998283680783}",3,True,optimizer_converged_lbfgsb,58,270,2,-16280.968161453424,27.39821775152086,32.06111910002073,"{""binomial_discrete_residual_mean"": null, ""binomial_discrete_residual_variance"": null, ""binomial_h_extension_used"": null, ""binomial_n_candidates"": 0, ""binomial_n_max"": null, ""binomial_n_min"": null, ""binomial_n_policy"": null, ""binomial_n_tie_break"": null, ""certified_profiles"": 1, ""optimizer_powell_attempted"": false, ""optimizer_powell_success"": false, ""optimizer_primary_failed_starts"": 0, ""optimizer_primary_successful_starts"": 2, ""optimizer_results"": [{""fun"": 16253.570525968384, ""jac"": [0.08112692699050192, 833.503327157814, -0.0007275957012168043], ""message"": ""CONVERGENCE: REL_REDUCTION_OF_F_<=_FACTR*EPSMCH"", ""method"": ""L-BFGS-B"", ""nfev"": 112, ""nit"": 24, ""status"": 0, ""success"": true, ""x"": [0.7568569127441366, 0.0, 13.538425166662773]}, {""fun"": 16253.569943701903, ""jac"": [-0.0003637978788811745, 833.4764061146416, 0.0], ""message"": ""CONVERGENCE: REL_REDUCTION_OF_F_<=_FACTR*EPSMCH"", ""method"": ""L-BFGS-B"", ""nfev"": 156, ""nit"": 34, ""status"": 0, ""success"": true, ""x"": [0.7568560229846015, 0.0, 15.577913471487763]}], ""solver_path"": ""general_convolution"", ""uncertified_profiles"": 0}"
foul_leaves_5_team,team-quarter,2015-16,9840,optimization,FTM,2,FTA;PERS_FOUL_DRAWN,10,Binomial,32534.72235474857,-16253.569860889216,"[0.7568560502930222, 0.0]","{""n"": 2, ""p"": 4.197747931121966e-09}",3,True,optimizer_converged_lbfgsb,57,258,2,-16278.091526319895,24.521665430678695,0.7306010000174865,"{""binomial_discrete_residual_mean"": 0.04791326543565955, ""binomial_discrete_residual_variance"": -3.1423569856653986, ""binomial_h_extension_used"": true, ""binomial_n_candidates"": 1, ""binomial_n_max"": 2, ""binomial_n_min"": 2, ""binomial_n_policy"": ""paper_H_binomial_discrete_index_continuous_full_mle"", ""binomial_n_tie_break"": ""not_applicable_single_mom_index"", ""certified_profiles"": 1, ""optimizer_powell_attempted"": false, ""optimizer_powell_success"": false, ""optimizer_primary_failed_starts"": 0, ""optimizer_primary_successful_starts"": 2, ""optimizer_results"": [{""fun"": 16253.569860889216, ""jac"": [0.00018189893944058725, 833.4765880135819, 0.0], ""message"": ""CONVERGENCE: REL_REDUCTION_OF_F_<=_FACTR*EPSMCH"", ""method"": ""L-BFGS-B"", ""nfev"": 120, ""nit"": 28, ""status"": 0, ""success"": true, ""x"": [0.7568560502930222, 0.0, -19.28871765814538]}, {""fun"": 16253.570627646652, ""jac"": [0.04838511789119621, 833.4935046150349, 0.0007275957012168043], ""message"": ""CONVERGENCE: REL_REDUCTION_OF_F_<=_FACTR*EPSMCH"", ""method"": ""L-BFGS-B"", ""nfev"": 136, ""nit"": 29, ""status"": 0, ""success"": true, ""x"": [0.7568564466314313, 0.0, -14.090103362435539]}], ""solver_path"": ""general_convolution"", ""uncertified_profiles"": 0}"
foul_leaves_5_team,team-quarter,2015-16,9840,optimization,FTM,2,FTA;PERS_FOUL_DRAWN,10,Bernoulli,32534.72242568671,-16253.569896358285,"[0.7568560361264426, 0.0]","{""p"": 7.831048586917181e-08}",3,True,optimizer_converged_lbfgsb,62,286,2,-16277.087727239488,23.517830881202826,0.5860301000066102,"{""binomial_discrete_residual_mean"": null, ""binomial_discrete_residual_variance"": null, ""binomial_h_extension_used"": null, ""binomial_n_candidates"": 0, ""binomial_n_max"": null, ""binomial_n_min"": null, ""binomial_n_policy"": null, ""binomial_n_tie_break"": null, ""certified_profiles"": 1, ""optimizer_powell_attempted"": false, ""optimizer_powell_success"": false, ""optimizer_primary_failed_starts"": 0, ""optimizer_primary_successful_starts"": 2, ""optimizer_results"": [{""fun"": 16253.569908620324, ""jac"": [0.000727595757762349, 833.4769518114626, 0.0], ""message"": ""CONVERGENCE: REL_REDUCTION_OF_F_<=_FACTR*EPSMCH"", ""method"": ""L-BFGS-B"", ""nfev"": 116, ""nit"": 26, ""status"": 0, ""success"": true, ""x"": [0.7568560457398685, 0.0, -16.09358972475055]}, {""fun"": 16253.569896358285, ""jac"": [-0.0003637978788811745, 833.4764061146416, 0.0], ""message"": ""CONVERGENCE: REL_REDUCTION_OF_F_<=_FACTR*EPSMCH"", ""method"": ""L-BFGS-B"", ""nfev"": 168, ""nit"": 36, ""status"": 0, ""success"": true, ""x"": [0.7568560361264426, 0.0, -16.362584245459022]}], ""solver_path"": ""general_convolution"", ""uncertified_profiles"": 0}"
foul_leaves_5_team,team-quarter,2015-16,9840,optimization,FTM,2,FOUL;FTA;PERS_FOUL_DRAWN,11,Poisson,32543.916557220255,-16253.569856630034,"[0.0, 0.7568560627439157, 0.0]","{""lam"": 0.0}",4,True,poisson_convex_mle,15,42,2,-16269.051309647672,15.48145301763725,0.06639470002846792,"{""binomial_discrete_residual_mean"": null, ""binomial_discrete_residual_variance"": null, ""binomial_h_extension_used"": null, ""binomial_n_candidates"": 0, ""binomial_n_max"": null, ""binomial_n_min"": null, ""binomial_n_policy"": null, ""binomial_n_tie_break"": null, ""certified_profiles"": 1, ""optimizer_primary_failed_starts"": 0, ""optimizer_primary_successful_starts"": 2, ""optimizer_results"": [{""fun"": 16253.569856630038, ""jac"": [507.31707708815463, 1012.4680216120396, -9.439730774829513e-09, 833.476605780915], ""message"": ""CONVERGENCE: NORM_OF_PROJECTED_GRADIENT_<=_PGTOL"", ""method"": ""L-BFGS-B"", ""nfev"": 9, ""nit"": 5, ""status"": 0, ""success"": true, ""x"": [0.0, 0.0, 0.7568560579423539, 0.0]}, {""fun"": 16253.569856630034, ""jac"": [507.3171362955402, 1012.4683033119918, 0.00036086770165866255, 833.4767168882859], ""message"": ""CONVERGENCE: REL_REDUCTION_OF_F_<=_FACTR*EPSMCH"", ""method"": ""L-BFGS-B"", ""nfev"": 31, ""nit"": 10, ""status"": 0, ""success"": true, ""x"": [0.0, 0.0, 0.7568560627439157, 0.0]}], ""poisson_canonical_agreement_abs"": 0.0, ""solver_path"": ""poisson_convex"", ""uncertified_profiles"": 0}"
foul_leaves_5_team,team-quarter,2015-16,9840,optimization,FTM,2,FOUL;FTA;PERS_FOUL_DRAWN,11,NB,32553.110776969985,-16253.569861009877,"[0.0, 0.7568480645430568, 0.0]","{""p"": 0.999999996354253, ""r"": 1.0700541143170863}",5,True,optimizer_converged_lbfgsb,55,548,2,-16269.051563629044,15.481702619166754,2.0050982999964617,"{""binomial_discrete_residual_mean"": null, ""binomial_discrete_residual_variance"": null, ""binomial_h_extension_used"": null, ""binomial_n_candidates"": 0, ""binomial_n_max"": null, ""binomial_n_min"": null, ""binomial_n_policy"": null, ""binomial_n_tie_break"": null, ""certified_profiles"": 1, ""optimizer_powell_attempted"": false, ""optimizer_powell_success"": false, ""optimizer_primary_failed_starts"": 0, ""optimizer_primary_successful_starts"": 2, ""optimizer_results"": [{""fun"": 16253.569861009877, ""jac"": [1012.0003935298882, -0.5991751065172944, 833.2925062859431, 0.0, 0.0], ""message"": ""CONVERGENCE: REL_REDUCTION_OF_F_<=_FACTR*EPSMCH"", ""method"": ""L-BFGS-B"", ""nfev"": 234, ""nit"": 23, ""status"": 0, ""success"": true, ""x"": [0.0, 0.7568480645430568, 0.0, 0.06770922132310482, 19.42970454224507]}, {""fun"": 16253.573049499064, ""jac"": [1019.0067769144662, 8.36298563972044, 836.0584615729749, 0.011277734370524413, -0.0005456968243802135], ""message"": ""CONVERGENCE: REL_REDUCTION_OF_F_<=_FACTR*EPSMCH"", ""method"": ""L-BFGS-B"", ""nfev"": 312, ""nit"": 32, ""status"": 0, ""success"": true, ""x"": [0.0, 0.7569664423093875, 0.0, -4.73329663235405, 7.401203704094589]}], ""solver_path"": ""general_convolution"", ""uncertified_profiles"": 0}"
foul_leaves_5_team,team-quarter,2015-16,9840,optimization,FTM,2,FOUL;FTA;PERS_FOUL_DRAWN,11,ZIP,32553.110794606404,-16253.569869828087,"[0.0, 0.7568560532136976, 0.0]","{""lam"": 2.601537994954415e-08, ""rho"": 1.0001190140006141e-09}",5,True,optimizer_converged_lbfgsb,59,470,2,-16269.051309632603,15.481439804516413,0.5202194000012241,"{""binomial_discrete_residual_mean"": null, ""binomial_discrete_residual_variance"": null, ""binomial_h_extension_used"": null, ""binomial_n_candidates"": 0, ""binomial_n_max"": null, ""binomial_n_min"": null, ""binomial_n_policy"": null, ""binomial_n_tie_break"": null, ""certified_profiles"": 1, ""optimizer_powell_attempted"": false, ""optimizer_powell_success"": false, ""optimizer_primary_failed_starts"": 0, ""optimizer_primary_successful_starts"": 2, ""optimizer_results"": [{""fun"": 16253.569869828087, ""jac"": [1012.4678738065995, 0.0, 833.4765880135819, 0.0, 0.0], ""message"": ""CONVERGENCE: NORM_OF_PROJECTED_GRADIENT_<=_PGTOL"", ""method"": ""L-BFGS-B"", ""nfev"": 204, ""nit"": 28, ""status"": 0, ""success"": true, ""x"": [0.0, 0.7568560532136976, 0.0, -17.464577937292763, -20.723146829027282]}, {""fun"": 16253.569930404206, ""jac"": [1012.5790140591562, 0.14188117276365805, 833.5204256582074, 0.0, 0.0], ""message"": ""CONVERGENCE: REL_REDUCTION_OF_F_<=_FACTR*EPSMCH"", ""method"": ""L-BFGS-B"", ""nfev"": 264, ""nit"": 31, ""status"": 0, ""success"": true, ""x"": [0.0, 0.7568579153475719, 0.0, -15.036918237069173, 0.030521919396479913]}], ""solver_path"": ""general_convolution"", ""uncertified_profiles"": 0}"
foul_leaves_5_team,team-quarter,2015-16,9840,optimization,FTM,2,FOUL;FTA;PERS_FOUL_DRAWN,11,Geom,32543.91658417481,-16253.569870107312,"[0.0, 0.7568560463973885, 0.0]","{""p"": 0.9999999734342195}",4,True,optimizer_converged_lbfgsb,57,322,2,-16269.792484706342,16.22261459902984,35.04813779995311,"{""binomial_discrete_residual_mean"": null, ""binomial_discrete_residual_variance"": null, ""binomial_h_extension_used"": null, ""binomial_n_candidates"": 0, ""binomial_n_max"": null, ""binomial_n_min"": null, ""binomial_n_policy"": null, ""binomial_n_tie_break"": null, ""certified_profiles"": 1, ""optimizer_powell_attempted"": false, ""optimizer_powell_success"": false, ""optimizer_primary_failed_starts"": 0, ""optimizer_primary_successful_starts"": 2, ""optimizer_results"": [{""fun"": 16253.570068578429, ""jac"": [1012.469147099182, 0.0005456968183217618, 833.4773156093433, 0.0], ""message"": ""CONVERGENCE: REL_REDUCTION_OF_F_<=_FACTR*EPSMCH"", ""method"": ""L-BFGS-B"", ""nfev"": 145, ""nit"": 26, ""status"": 0, ""success"": true, ""x"": [0.0, 0.7568559883843535, 0.0, 14.688305112864358]}, {""fun"": 16253.569870107312, ""jac"": [1012.4680557055399, 0.0003637978788811745, 833.4767699125223, 0.0], ""message"": ""CONVERGENCE: REL_REDUCTION_OF_F_<=_FACTR*EPSMCH"", ""method"": ""L-BFGS-B"", ""nfev"": 175, ""nit"": 31, ""status"": 0, ""success"": true, ""x"": [0.0, 0.7568560463973885, 0.0, 17.44364187459414]}], ""solver_path"": ""general_convolution"", ""uncertified_profiles"": 0}"
foul_leaves_5_team,team-quarter,2015-16,9840,optimization,FTM,2,FOUL;FTA;PERS_FOUL_DRAWN,11,Binomial,32543.9166296738,-16253.569892856807,"[0.0, 0.7568560428014183, 0.0]","{""n"": 2, ""p"": 3.570426340976816e-08}",4,True,optimizer_converged_lbfgsb,58,357,2,-16268.672548561643,15.102655704835342,1.0581553999800235,"{""binomial_discrete_residual_mean"": 0.02961108942526902, ""binomial_discrete_residual_variance"": -3.227014968224524, ""binomial_h_extension_used"": true, ""binomial_n_candidates"": 1, ""binomial_n_max"": 2, ""binomial_n_min"": 2, ""binomial_n_policy"": ""paper_H_binomial_discrete_index_continuous_full_mle"", ""binomial_n_tie_break"": ""not_applicable_single_mom_index"", ""certified_profiles"": 1, ""optimizer_powell_attempted"": false, ""optimizer_powell_success"": false, ""optimizer_primary_failed_starts"": 0, ""optimizer_primary_successful_starts"": 2, ""optimizer_results"": [{""fun"": 16253.569892856807, ""jac"": [1012.4678738065995, -0.00018189893944058725, 833.4762242157012, -0.00018189892530420107], ""message"": ""CONVERGENCE: REL_REDUCTION_OF_F_<=_FACTR*EPSMCH"", ""method"": ""L-BFGS-B"", ""nfev"": 185, ""nit"": 29, ""status"": 0, ""success"": true, ""x"": [0.0, 0.7568560428014183, 0.0, -17.147995696344136]}, {""fun"": 16253.570817998705, ""jac"": [1012.6699635293335, 0.25356712158017863, 833.557169244159, 0.0010913935518252066], ""message"": ""CONVERGENCE: REL_REDUCTION_OF_F_<=_FACTR*EPSMCH"", ""method"": ""L-BFGS-B"", ""nfev"": 170, ""nit"": 29, ""status"": 0, ""success"": true, ""x"": [0.0, 0.756859119072862, 0.0, -13.869879886371699]}], ""solver_path"": ""general_convolution"", ""uncertified_profiles"": 0}"
foul_leaves_5_team,team-quarter,2015-16,9840,optimization,FTM,2,FOUL;FTA;PERS_FOUL_DRAWN,11,Bernoulli,32543.91655800217,-16253.569857020992,"[0.0, 0.756856057445325, 0.0]","{""p"": 7.706276187642318e-10}",4,True,optimizer_converged_lbfgsb,64,392,2,-16268.28832252359,14.71846550259761,0.7932730999891646,"{""binomial_discrete_residual_mean"": null, ""binomial_discrete_residual_variance"": null, ""binomial_h_extension_used"": null, ""binomial_n_candidates"": 0, ""binomial_n_max"": null, ""binomial_n_min"": null, ""binomial_n_policy"": null, ""binomial_n_tie_break"": null, ""certified_profiles"": 1, ""optimizer_powell_attempted"": false, ""optimizer_powell_success"": false, ""optimizer_primary_failed_starts"": 0, ""optimizer_primary_successful_starts"": 2, ""optimizer_results"": [{""fun"": 16253.569969530261, ""jac"": [1012.4720574822277, 0.004547473486014681, 833.4784070029855, 0.00018189892530420107], ""message"": ""CONVERGENCE: REL_REDUCTION_OF_F_<=_FACTR*EPSMCH"", ""method"": ""L-BFGS-B"", ""nfev"": 185, ""nit"": 26, ""status"": 0, ""success"": true, ""x"": [0.0, 0.7568560774709018, 0.0, -15.318142973157851]}, {""fun"": 16253.569857020992, ""jac"": [1012.4680557055399, 0.0, 833.4764061146416, 0.0], ""message"": ""CONVERGENCE: NORM_OF_PROJECTED_GRADIENT_<=_PGTOL"", ""method"": ""L-BFGS-B"", ""nfev"": 205, ""nit"": 38, ""status"": 0, ""success"": true, ""x"": [0.0, 0.756856057445325, 0.0, -20.983815843010884]}], ""solver_path"": ""general_convolution"", ""uncertified_profiles"": 0}"
foul_leaves_5_team,team-quarter,2015-16,9840,optimization,FTM,2,LOOSE_BALL_FOUL_DRAWN,16,Poisson,50955.08663179505,-25468.34910490748,[0.6808061222215851],"{""lam"": 4.173000307350679}",2,True,poisson_convex_mle,9,15,2,-25468.41709338321,0.0679884757300897,0.031873100029770285,"{""binomial_discrete_residual_mean"": null, ""binomial_discrete_residual_variance"": null, ""binomial_h_extension_used"": null, ""binomial_n_candidates"": 0, ""binomial_n_max"": null, ""binomial_n_min"": null, ""binomial_n_policy"": null, ""binomial_n_tie_break"": null, ""certified_profiles"": 1, ""optimizer_primary_failed_starts"": 0, ""optimizer_primary_successful_starts"": 2, ""optimizer_results"": [{""fun"": 25468.34910490748, ""jac"": [2.347762705134926e-05, 4.073768392620636e-05], ""message"": ""CONVERGENCE: REL_REDUCTION_OF_F_<=_FACTR*EPSMCH"", ""method"": ""L-BFGS-B"", ""nfev"": 6, ""nit"": 4, ""status"": 0, ""success"": true, ""x"": [4.173000307350679, 0.6808061222215851]}, {""fun"": 25468.34910490748, ""jac"": [7.35438222955187e-05, 0.00013389808040065176], ""message"": ""CONVERGENCE: REL_REDUCTION_OF_F_<=_FACTR*EPSMCH"", ""method"": ""L-BFGS-B"", ""nfev"": 7, ""nit"": 5, ""status"": 0, ""success"": true, ""x"": [4.173000295809459, 0.680806254203822]}], ""poisson_canonical_agreement_abs"": 0.0, ""solver_path"": ""poisson_convex"", ""uncertified_profiles"": 0}"
foul_leaves_5_team,team-quarter,2015-16,9840,optimization,FTM,2,LOOSE_BALL_FOUL_DRAWN,16,NB,47838.758520521325,-23905.587943775594,[0.496251888967318],"{""p"": 0.4630189752187079, ""r"": 3.645511794693057}",3,True,optimizer_converged_lbfgsb,20,122,2,-23908.933573547794,3.345629772200482,0.4300663000321947,"{""binomial_discrete_residual_mean"": null, ""binomial_discrete_residual_variance"": null, ""binomial_h_extension_used"": null, ""binomial_n_candidates"": 0, ""binomial_n_max"": null, ""binomial_n_min"": null, ""binomial_n_policy"": null, ""binomial_n_tie_break"": null, ""certified_profiles"": 1, ""optimizer_powell_attempted"": false, ""optimizer_powell_success"": false, ""optimizer_primary_failed_starts"": 0, ""optimizer_primary_successful_starts"": 2, ""optimizer_results"": [{""fun"": 23905.587943775594, ""jac"": [-0.0003637978809006584, 0.0, 0.0014551915236026337], ""message"": ""CONVERGENCE: REL_REDUCTION_OF_F_<=_FACTR*EPSMCH"", ""method"": ""L-BFGS-B"", ""nfev"": 60, ""nit"": 8, ""status"": 0, ""success"": true, ""x"": [0.496251888967318, 1.293496765670733, -0.14819472184154014]}, {""fun"": 23905.58794377581, ""jac"": [-0.0007275957618013168, -0.0003637978829201424, 0.0018189894045032922], ""message"": ""CONVERGENCE: REL_REDUCTION_OF_F_<=_FACTR*EPSMCH"", ""method"": ""L-BFGS-B"", ""nfev"": 60, ""nit"": 12, ""status"": 0, ""success"": true, ""x"": [0.4962517907881112, 1.2934973726169319, -0.1481941004196344]}], ""solver_path"": ""general_convolution"", ""uncertified_profiles"": 0}"
foul_leaves_5_team,team-quarter,2015-16,9840,optimization,FTM,2,LOOSE_BALL_FOUL_DRAWN,16,ZIP,49329.40145023413,-24650.909408631996,[0.8326942039540184],"{""lam"": 4.503342746226295, ""rho"": 0.08337745764468218}",3,True,optimizer_converged_lbfgsb,22,114,2,-25477.56867085162,826.6592622196222,0.10764670005301014,"{""binomial_discrete_residual_mean"": null, ""binomial_discrete_residual_variance"": null, ""binomial_h_extension_used"": null, ""binomial_n_candidates"": 0, ""binomial_n_max"": null, ""binomial_n_min"": null, ""binomial_n_policy"": null, ""binomial_n_tie_break"": null, ""certified_profiles"": 1, ""optimizer_powell_attempted"": false, ""optimizer_powell_success"": false, ""optimizer_primary_failed_starts"": 0, ""optimizer_primary_successful_starts"": 2, ""optimizer_results"": [{""fun"": 24650.909408631996, ""jac"": [-0.000727595757762349, 0.0, 0.0007275957658402848], ""message"": ""CONVERGENCE: REL_REDUCTION_OF_F_<=_FACTR*EPSMCH"", ""method"": ""L-BFGS-B"", ""nfev"": 56, ""nit"": 11, ""status"": 0, ""success"": true, ""x"": [0.8326942039540184, 1.5048199535075042, -2.397317784422534]}, {""fun"": 24650.909408635085, ""jac"": [0.000727595757762349, -0.006184564009642421, -0.0018189894146007119], ""message"": ""CONVERGENCE: REL_REDUCTION_OF_F_<=_FACTR*EPSMCH"", ""method"": ""L-BFGS-B"", ""nfev"": 56, ""nit"": 11, ""status"": 0, ""success"": true, ""x"": [0.832695554586034, 1.504819601659125, -2.39732360322665]}], ""solver_path"": ""general_convolution"", ""uncertified_profiles"": 0}"
foul_leaves_5_team,team-quarter,2015-16,9840,optimization,FTM,2,LOOSE_BALL_FOUL_DRAWN,16,Geom,50285.61344913934,-25133.612513579625,[1.282470531066236],"{""p"": 0.20023173623247337}",2,True,optimizer_converged_lbfgsb,11,68,2,-25192.164866889332,58.55235330970754,0.0637352000339888,"{""binomial_discrete_residual_mean"": null, ""binomial_discrete_residual_variance"": null, ""binomial_h_extension_used"": null, ""binomial_n_candidates"": 0, ""binomial_n_max"": null, ""binomial_n_min"": null, ""binomial_n_policy"": null, ""binomial_n_tie_break"": null, ""certified_profiles"": 1, ""optimizer_powell_attempted"": false, ""optimizer_powell_success"": false, ""optimizer_primary_failed_starts"": 0, ""optimizer_primary_successful_starts"": 2, ""optimizer_results"": [{""fun"": 25133.612513579632, ""jac"": [0.0003637978829201424, -0.0003637978829201424], ""message"": ""CONVERGENCE: REL_REDUCTION_OF_F_<=_FACTR*EPSMCH"", ""method"": ""L-BFGS-B"", ""nfev"": 45, ""nit"": 6, ""status"": 0, ""success"": true, ""x"": [1.282470916671698, -1.384846622697764]}, {""fun"": 25133.612513579625, ""jac"": [0.0, -0.001091393648760427], ""message"": ""CONVERGENCE: REL_REDUCTION_OF_F_<=_FACTR*EPSMCH"", ""method"": ""L-BFGS-B"", ""nfev"": 21, ""nit"": 5, ""status"": 0, ""success"": true, ""x"": [1.282470531066236, -1.384846638457332]}], ""solver_path"": ""general_convolution"", ""uncertified_profiles"": 0}"
foul_leaves_5_team,team-quarter,2015-16,9840,optimization,FTM,2,LOOSE_BALL_FOUL_DRAWN,16,Binomial,51383.231141381155,-25682.421359700533,[0.7208259602975915],"{""n"": 100, ""p"": 0.04161108121197009}",2,True,optimizer_converged_lbfgsb,11,86,2,-25682.62524087852,0.20388117798574967,0.5138590999995358,"{""binomial_discrete_residual_mean"": 4.168571336811705, ""binomial_discrete_residual_variance"": 8.657575446230606, ""binomial_h_extension_used"": true, ""binomial_n_candidates"": 1, ""binomial_n_max"": 100, ""binomial_n_min"": 100, ""binomial_n_policy"": ""paper_H_binomial_discrete_index_continuous_full_mle"", ""binomial_n_tie_break"": ""not_applicable_single_mom_index"", ""certified_profiles"": 1, ""optimizer_powell_attempted"": false, ""optimizer_powell_success"": false, ""optimizer_primary_failed_starts"": 0, ""optimizer_primary_successful_starts"": 2, ""optimizer_results"": [{""fun"": 25682.421359700787, ""jac"": [-0.000727595757762349, -0.0003637978829201424], ""message"": ""CONVERGENCE: REL_REDUCTION_OF_F_<=_FACTR*EPSMCH"", ""method"": ""L-BFGS-B"", ""nfev"": 60, ""nit"": 5, ""status"": 0, ""success"": true, ""x"": [0.720825063970453, -3.136887135261589]}, {""fun"": 25682.421359700533, ""jac"": [-0.0003637978788811745, -0.0014551915316805696], ""message"": ""CONVERGENCE: REL_REDUCTION_OF_F_<=_FACTR*EPSMCH"", ""method"": ""L-BFGS-B"", ""nfev"": 24, ""nit"": 6, ""status"": 0, ""success"": true, ""x"": [0.7208259602975915, -3.136887158011512]}], ""solver_path"": ""general_convolution"", ""uncertified_profiles"": 0}"
foul_leaves_5_team,team-quarter,2015-16,9840,optimization,FTM,2,LOOSE_BALL_FOUL_DRAWN,16,Bernoulli,inf,-inf,[],{},2,False,infeasible_conditional_support,0,0,0,-inf,0.0,7.71000050008297e-05,"{""binomial_discrete_residual_mean"": null, ""binomial_discrete_residual_variance"": null, ""binomial_h_extension_used"": null, ""binomial_n_candidates"": 0, ""binomial_n_max"": null, ""binomial_n_min"": null, ""binomial_n_policy"": null, ""binomial_n_tie_break"": null, ""certified_profiles"": 0, ""solver_path"": ""conditional_support_check"", ""support_violating_rows"": 6075, ""uncertified_profiles"": 0}"
foul_leaves_5_team,team-quarter,2015-16,9840,optimization,FTM,2,FOUL;LOOSE_BALL_FOUL_DRAWN,17,Poisson,39171.70892673109,-19572.063146880475,"[0.9451082473206392, 0.0]","{""lam"": 0.013207907633112286}",3,True,poisson_convex_mle,36,61,2,-20070.81765130291,498.7545044224353,0.10007819999009371,"{""binomial_discrete_residual_mean"": null, ""binomial_discrete_residual_variance"": null, ""binomial_h_extension_used"": null, ""binomial_n_candidates"": 0, ""binomial_n_max"": null, ""binomial_n_min"": null, ""binomial_n_policy"": null, ""binomial_n_tie_break"": null, ""certified_profiles"": 1, ""optimizer_primary_failed_starts"": 0, ""optimizer_primary_successful_starts"": 2, ""optimizer_results"": [{""fun"": 19572.063146880475, ""jac"": [0.0007749054977637115, 0.002075094674751199, 341.8713674105233], ""message"": ""CONVERGENCE: REL_REDUCTION_OF_F_<=_FACTR*EPSMCH"", ""method"": ""L-BFGS-B"", ""nfev"": 51, ""nit"": 32, ""status"": 0, ""success"": true, ""x"": [0.013207907633112286, 0.9451082473206392, 0.0]}, {""fun"": 19677.203285956537, ""jac"": [-336.05179564906575, -3222.196762260827, 156.85768562999957], ""message"": ""CONVERGENCE: REL_REDUCTION_OF_F_<=_FACTR*EPSMCH"", ""method"": ""L-BFGS-B"", ""nfev"": 8, ""nit"": 4, ""status"": 0, ""success"": true, ""x"": [0.0417283578443981, 0.8764381269641159, 0.0]}], ""poisson_canonical_agreement_abs"": 0.0, ""solver_path"": ""poisson_convex"", ""uncertified_profiles"": 0}"
foul_leaves_5_team,team-quarter,2015-16,9840,optimization,FTM,2,FOUL;LOOSE_BALL_FOUL_DRAWN,17,NB,39180.90370394994,-19572.063429994876,"[0.945107480301196, 0.0]","{""p"": 0.9999605276175472, ""r"": 334.79951388601944}",4,True,optimizer_converged_lbfgsb,54,412,2,-20251.621741333995,679.5583113391185,1.6772282000165433,"{""binomial_discrete_residual_mean"": null, ""binomial_discrete_residual_variance"": null, ""binomial_h_extension_used"": null, ""binomial_n_candidates"": 0, ""binomial_n_max"": null, ""binomial_n_min"": null, ""binomial_n_policy"": null, ""binomial_n_tie_break"": null, ""certified_profiles"": 1, ""optimizer_powell_attempted"": false, ""optimizer_powell_success"": false, ""optimizer_primary_failed_starts"": 0, ""optimizer_primary_successful_starts"": 2, ""optimizer_results"": [{""fun"": 19572.065738900525, ""jac"": [0.01127773424531641, 341.87141864094883, -0.0032741809462812814, -0.0007275957658402848], ""message"": ""CONVERGENCE: REL_REDUCTION_OF_F_<=_FACTR*EPSMCH"", ""method"": ""L-BFGS-B"", ""nfev"": 95, ""nit"": 17, ""status"": 0, ""success"": true, ""x"": [0.9451096807004001, 0.0, 3.59416802301778, 7.921538880262273]}, {""fun"": 19572.063429994876, ""jac"": [0.04474713910238447, 341.8736014282331, 0.007275957658402847, -0.0025465849542588154], ""message"": ""CONVERGENCE: REL_REDUCTION_OF_F_<=_FACTR*EPSMCH"", ""method"": ""L-BFGS-B"", ""nfev"": 315, ""nit"": 37, ""status"": 0, ""success"": true, ""x"": [0.945107480301196, 0.0, 5.813531886660919, 10.139869835843193]}], ""solver_path"": ""general_convolution"", ""uncertified_profiles"": 0}"
foul_leaves_5_team,team-quarter,2015-16,9840,optimization,FTM,2,FOUL;LOOSE_BALL_FOUL_DRAWN,17,ZIP,39180.90313772128,-19572.063146880548,"[0.9451082248849472, 0.0]","{""lam"": 0.013207923922696721, ""rho"": 1.0000000000000007e-09}",4,True,optimizer_converged_lbfgsb,61,457,2,-20408.3925067325,836.3293598519522,0.6140737000387162,"{""binomial_discrete_residual_mean"": null, ""binomial_discrete_residual_variance"": null, ""binomial_h_extension_used"": null, ""binomial_n_candidates"": 0, ""binomial_n_max"": null, ""binomial_n_min"": null, ""binomial_n_policy"": null, ""binomial_n_tie_break"": null, ""certified_profiles"": 1, ""optimizer_powell_attempted"": false, ""optimizer_powell_success"": false, ""optimizer_primary_failed_starts"": 0, ""optimizer_primary_successful_starts"": 2, ""optimizer_results"": [{""fun"": 19572.063146880548, ""jac"": [0.0010913936366435237, 341.8710548430681, 0.0, 0.0], ""message"": ""CONVERGENCE: REL_REDUCTION_OF_F_<=_FACTR*EPSMCH"", ""method"": ""L-BFGS-B"", ""nfev"": 165, ""nit"": 21, ""status"": 0, ""success"": true, ""x"": [0.9451082248849472, 0.0, -4.326938332322092, -20.72326583594641]}, {""fun"": 19572.063499755124, ""jac"": [-0.07312337365511608, 341.86741686426103, -0.005820766126722278, 0.0003637978829201424], ""message"": ""CONVERGENCE: REL_REDUCTION_OF_F_<=_FACTR*EPSMCH"", ""method"": ""L-BFGS-B"", ""nfev"": 290, ""nit"": 40, ""status"": 0, ""success"": true, ""x"": [0.9451092334605778, 0.0, -4.324180524138321, -5.599210991292826]}], ""solver_path"": ""general_convolution"", ""uncertified_profiles"": 0}"
foul_leaves_5_team,team-quarter,2015-16,9840,optimization,FTM,2,FOUL;LOOSE_BALL_FOUL_DRAWN,17,Geom,39171.89525938613,-19572.156313207997,"[0.9451511925165196, 0.0]","{""p"": 0.9871855921132034}",3,True,optimizer_converged_lbfgsb,33,230,2,-20107.54911196041,535.3927987524112,17.905090200016275,"{""binomial_discrete_residual_mean"": null, ""binomial_discrete_residual_variance"": null, ""binomial_h_extension_used"": null, ""binomial_n_candidates"": 0, ""binomial_n_max"": null, ""binomial_n_min"": null, ""binomial_n_policy"": null, ""binomial_n_tie_break"": null, ""certified_profiles"": 1, ""optimizer_powell_attempted"": false, ""optimizer_powell_success"": false, ""optimizer_primary_failed_starts"": 0, ""optimizer_primary_successful_starts"": 2, ""optimizer_results"": [{""fun"": 19572.156313745803, ""jac"": [-0.008367351214267014, 341.87651181127876, 0.0014551915316805696], ""message"": ""CONVERGENCE: REL_REDUCTION_OF_F_<=_FACTR*EPSMCH"", ""method"": ""L-BFGS-B"", ""nfev"": 148, ""nit"": 19, ""status"": 0, ""success"": true, ""x"": [0.9451560168102356, 0.0, 4.343820659803218]}, {""fun"": 19572.156313207997, ""jac"": [-0.2997694521980878, 341.8583219172433, -0.005456968243802135], ""message"": ""CONVERGENCE: REL_REDUCTION_OF_F_<=_FACTR*EPSMCH"", ""method"": ""L-BFGS-B"", ""nfev"": 80, ""nit"": 14, ""status"": 0, ""success"": true, ""x"": [0.9451511925165196, 0.0, 4.344287904294996]}], ""solver_path"": ""general_convolution"", ""uncertified_profiles"": 0}"
foul_leaves_5_team,team-quarter,2015-16,9840,optimization,FTM,2,FOUL;LOOSE_BALL_FOUL_DRAWN,17,Binomial,39171.61397971607,-19572.015673372967,"[0.9450823387615725, 0.0]","{""n"": 2, ""p"": 0.006663698516529364}",3,True,optimizer_converged_lbfgsb,35,182,2,-20120.25250352717,548.236830154201,0.6644684999482706,"{""binomial_discrete_residual_mean"": -1.1101003833826537, ""binomial_discrete_residual_variance"": -2.468672203957407, ""binomial_h_extension_used"": true, ""binomial_n_candidates"": 1, ""binomial_n_max"": 2, ""binomial_n_min"": 2, ""binomial_n_policy"": ""paper_H_binomial_discrete_index_continuous_full_mle"", ""binomial_n_tie_break"": ""not_applicable_single_mom_index"", ""certified_profiles"": 1, ""optimizer_powell_attempted"": false, ""optimizer_powell_success"": false, ""optimizer_primary_failed_starts"": 0, ""optimizer_primary_successful_starts"": 2, ""optimizer_results"": [{""fun"": 19572.01567337304, ""jac"": [0.001455191515524698, 341.8695996515453, 0.0], ""message"": ""CONVERGENCE: REL_REDUCTION_OF_F_<=_FACTR*EPSMCH"", ""method"": ""L-BFGS-B"", ""nfev"": 108, ""nit"": 20, ""status"": 0, ""success"": true, ""x"": [0.9450823481461221, 0.0, -5.004396798107221]}, {""fun"": 19572.015673372967, ""jac"": [0.001455191515524698, 341.8692358536646, 0.0], ""message"": ""CONVERGENCE: REL_REDUCTION_OF_F_<=_FACTR*EPSMCH"", ""method"": ""L-BFGS-B"", ""nfev"": 72, ""nit"": 15, ""status"": 0, ""success"": true, ""x"": [0.9450823387615725, 0.0, -5.0043946156731725]}], ""solver_path"": ""general_convolution"", ""uncertified_profiles"": 0}"
foul_leaves_5_team,team-quarter,2015-16,9840,optimization,FTM,2,FOUL;LOOSE_BALL_FOUL_DRAWN,17,Bernoulli,39171.51780892187,-19571.967587975865,"[0.9450557440811647, 0.0]","{""p"": 0.013450059518498378}",3,True,optimizer_converged_lbfgsb,36,198,2,-20416.543314699375,844.5757267235094,0.5195865000132471,"{""binomial_discrete_residual_mean"": null, ""binomial_discrete_residual_variance"": null, ""binomial_h_extension_used"": null, ""binomial_n_candidates"": 0, ""binomial_n_max"": null, ""binomial_n_min"": null, ""binomial_n_policy"": null, ""binomial_n_tie_break"": null, ""certified_profiles"": 1, ""optimizer_powell_attempted"": false, ""optimizer_powell_success"": false, ""optimizer_primary_failed_starts"": 0, ""optimizer_primary_successful_starts"": 2, ""optimizer_results"": [{""fun"": 19571.967587975865, ""jac"": [0.000727595757762349, 341.86741686426103, 0.0], ""message"": ""CONVERGENCE: REL_REDUCTION_OF_F_<=_FACTR*EPSMCH"", ""method"": ""L-BFGS-B"", ""nfev"": 120, ""nit"": 20, ""status"": 0, ""success"": true, ""x"": [0.9450557440811647, 0.0, -4.295230416880309]}, {""fun"": 19571.9675879812, ""jac"": [0.02255546849063282, 341.86887205578387, 0.0], ""message"": ""CONVERGENCE: REL_REDUCTION_OF_F_<=_FACTR*EPSMCH"", ""method"": ""L-BFGS-B"", ""nfev"": 76, ""nit"": 16, ""status"": 0, ""success"": true, ""x"": [0.9450562890467062, 0.0, -4.2952564372568816]}], ""solver_path"": ""general_convolution"", ""uncertified_profiles"": 0}"
foul_leaves_5_team,team-quarter,2015-16,9840,optimization,FTM,2,FTA;LOOSE_BALL_FOUL_DRAWN,18,Poisson,32534.722346230214,-16253.569856630038,"[0.7568560575776659, 0.0]","{""lam"": 0.0}",3,True,poisson_convex_mle,14,23,2,-16289.092995374865,35.52313874482752,0.050192900002002716,"{""binomial_discrete_residual_mean"": null, ""binomial_discrete_residual_variance"": null, ""binomial_h_extension_used"": null, ""binomial_n_candidates"": 0, ""binomial_n_max"": null, ""binomial_n_min"": null, ""binomial_n_policy"": null, ""binomial_n_tie_break"": null, ""certified_profiles"": 1, ""optimizer_primary_failed_starts"": 0, ""optimizer_primary_successful_starts"": 2, ""optimizer_results"": [{""fun"": 16253.569856630038, ""jac"": [507.31707259124727, -2.7418754370955867e-05, 144.01059475003217], ""message"": ""CONVERGENCE: REL_REDUCTION_OF_F_<=_FACTR*EPSMCH"", ""method"": ""L-BFGS-B"", ""nfev"": 9, ""nit"": 5, ""status"": 0, ""success"": true, ""x"": [0.0, 0.7568560575776659, 0.0]}, {""fun"": 16253.569856630038, ""jac"": [507.3170765666211, -3.188292254208136e-06, 144.01059593420382], ""message"": ""CONVERGENCE: REL_REDUCTION_OF_F_<=_FACTR*EPSMCH"", ""method"": ""L-BFGS-B"", ""nfev"": 12, ""nit"": 9, ""status"": 0, ""success"": true, ""x"": [0.0, 0.7568560579000584, 0.0]}], ""poisson_canonical_agreement_abs"": 0.0, ""solver_path"": ""poisson_convex"", ""uncertified_profiles"": 0}"
foul_leaves_5_team,team-quarter,2015-16,9840,optimization,FTM,2,FTA;LOOSE_BALL_FOUL_DRAWN,18,NB,32543.916558761193,-16253.569857400504,"[0.7568600774687245, 0.0]","{""p"": 0.9999999996667752, ""r"": 0.9661057709112302}",4,True,optimizer_converged_lbfgsb,50,402,2,-16289.093514611513,35.52365721100978,1.5199783999705687,"{""binomial_discrete_residual_mean"": null, ""binomial_discrete_residual_variance"": null, ""binomial_h_extension_used"": null, ""binomial_n_candidates"": 0, ""binomial_n_max"": null, ""binomial_n_min"": null, ""binomial_n_policy"": null, ""binomial_n_tie_break"": null, ""certified_profiles"": 1, ""optimizer_powell_attempted"": false, ""optimizer_powell_success"": false, ""optimizer_primary_failed_starts"": 0, ""optimizer_primary_successful_starts"": 2, ""optimizer_results"": [{""fun"": 16253.569857400504, ""jac"": [0.3044988246235431, 144.02576198335737, 0.0, 0.0], ""message"": ""CONVERGENCE: REL_REDUCTION_OF_F_<=_FACTR*EPSMCH"", ""method"": ""L-BFGS-B"", ""nfev"": 230, ""nit"": 24, ""status"": 0, ""success"": true, ""x"": [0.7568600774687245, 0.0, -0.03448195706669069, 21.82220415066745]}, {""fun"": 16253.570776800363, ""jac"": [-0.6821210229022022, 143.9775587641634, -0.0007275957658402848, -0.0014551914024336086], ""message"": ""CONVERGENCE: REL_REDUCTION_OF_F_<=_FACTR*EPSMCH"", ""method"": ""L-BFGS-B"", ""nfev"": 170, ""nit"": 26, ""status"": 0, ""success"": true, ""x"": [0.7568466548282254, 0.0, -4.026221391334037, 9.1974365097019]}], ""solver_path"": ""general_convolution"", ""uncertified_profiles"": 0}"
foul_leaves_5_team,team-quarter,2015-16,9840,optimization,FTM,2,FTA;LOOSE_BALL_FOUL_DRAWN,18,ZIP,32543.91677494475,-16253.569965492283,"[0.7568107790650779, 0.0]","{""lam"": 3.367323408847847e-07, ""rho"": 0.813555497253614}",4,True,optimizer_converged_lbfgsb,58,377,2,-16289.092995342975,35.52302985069218,0.5467437999905087,"{""binomial_discrete_residual_mean"": null, ""binomial_discrete_residual_variance"": null, ""binomial_h_extension_used"": null, ""binomial_n_candidates"": 0, ""binomial_n_max"": null, ""binomial_n_min"": null, ""binomial_n_policy"": null, ""binomial_n_tie_break"": null, ""certified_profiles"": 1, ""optimizer_powell_attempted"": false, ""optimizer_powell_success"": false, ""optimizer_primary_failed_starts"": 0, ""optimizer_primary_successful_starts"": 2, ""optimizer_results"": [{""fun"": 16253.569974894974, ""jac"": [-0.13442331624659398, 144.00411600945517, 0.0, 0.0], ""message"": ""CONVERGENCE: REL_REDUCTION_OF_F_<=_FACTR*EPSMCH"", ""method"": ""L-BFGS-B"", ""nfev"": 190, ""nit"": 28, ""status"": 0, ""success"": true, ""x"": [0.7568542255558084, 0.0, -15.272743076896418, -20.72326552940143]}, {""fun"": 16253.569965492283, ""jac"": [-3.401873965417863, 143.8445906387642, 0.00018189892530420107, 0.0], ""message"": ""CONVERGENCE: REL_REDUCTION_OF_F_<=_FACTR*EPSMCH"", ""method"": ""L-BFGS-B"", ""nfev"": 185, ""nit"": 30, ""status"": 0, ""success"": true, ""x"": [0.7568107790650779, 0.0, -14.903977462868268, 1.4732805222858452]}], ""solver_path"": ""general_convolution"", ""uncertified_profiles"": 0}"
foul_leaves_5_team,team-quarter,2015-16,9840,optimization,FTM,2,FTA;LOOSE_BALL_FOUL_DRAWN,18,Geom,32534.722353581932,-16253.569860305897,"[0.7568559710287457, 0.0]","{""p"": 0.9999999927548577}",3,True,optimizer_converged_lbfgsb,57,266,2,-16292.230356805387,38.660496499489454,27.603469200024847,"{""binomial_discrete_residual_mean"": null, ""binomial_discrete_residual_variance"": null, ""binomial_h_extension_used"": null, ""binomial_n_candidates"": 0, ""binomial_n_max"": null, ""binomial_n_min"": null, ""binomial_n_policy"": null, ""binomial_n_tie_break"": null, ""certified_profiles"": 1, ""optimizer_powell_attempted"": false, ""optimizer_powell_success"": false, ""optimizer_primary_failed_starts"": 0, ""optimizer_primary_successful_starts"": 2, ""optimizer_results"": [{""fun"": 16253.569860305897, ""jac"": [-0.00600266500153938, 144.01011867448688, 0.0], ""message"": ""CONVERGENCE: REL_REDUCTION_OF_F_<=_FACTR*EPSMCH"", ""method"": ""L-BFGS-B"", ""nfev"": 136, ""nit"": 29, ""status"": 0, ""success"": true, ""x"": [0.7568559710287457, 0.0, 18.74293462830827]}, {""fun"": 16253.569924287209, ""jac"": [-0.09131326759917481, 144.00629879673943, 0.0], ""message"": ""CONVERGENCE: REL_REDUCTION_OF_F_<=_FACTR*EPSMCH"", ""method"": ""L-BFGS-B"", ""nfev"": 128, ""nit"": 28, ""status"": 0, ""success"": true, ""x"": [0.7568548128371275, 0.0, 15.831025196537732]}], ""solver_path"": ""general_convolution"", ""uncertified_profiles"": 0}"
foul_leaves_5_team,team-quarter,2015-16,9840,optimization,FTM,2,FTA;LOOSE_BALL_FOUL_DRAWN,18,Binomial,32534.72262338015,-16253.569995205005,"[0.7568559971687349, 0.0]","{""n"": 2, ""p"": 1.3657627287122622e-07}",3,True,optimizer_converged_lbfgsb,59,290,2,-16287.4523125584,33.88231735339468,0.9388050999841653,"{""binomial_discrete_residual_mean"": 0.06226868296344623, ""binomial_discrete_residual_variance"": -3.068413271856847, ""binomial_h_extension_used"": true, ""binomial_n_candidates"": 1, ""binomial_n_max"": 2, ""binomial_n_min"": 2, ""binomial_n_policy"": ""paper_H_binomial_discrete_index_continuous_full_mle"", ""binomial_n_tie_break"": ""not_applicable_single_mom_index"", ""certified_profiles"": 1, ""optimizer_powell_attempted"": false, ""optimizer_powell_success"": false, ""optimizer_primary_failed_starts"": 0, ""optimizer_primary_successful_starts"": 2, ""optimizer_results"": [{""fun"": 16253.569995205005, ""jac"": [-0.000727595757762349, 144.01048247236758, 0.0], ""message"": ""CONVERGENCE: REL_REDUCTION_OF_F_<=_FACTR*EPSMCH"", ""method"": ""L-BFGS-B"", ""nfev"": 148, ""nit"": 28, ""status"": 0, ""success"": true, ""x"": [0.7568559971687349, 0.0, -15.806382466188698]}, {""fun"": 16253.570079120296, ""jac"": [0.0021827872732870473, 144.01102816918865, 0.00036379785060840214], ""message"": ""CONVERGENCE: REL_REDUCTION_OF_F_<=_FACTR*EPSMCH"", ""method"": ""L-BFGS-B"", ""nfev"": 140, ""nit"": 31, ""status"": 0, ""success"": true, ""x"": [0.7568560091512061, 0.0, -15.33291056081835]}], ""solver_path"": ""general_convolution"", ""uncertified_profiles"": 0}"
foul_leaves_5_team,team-quarter,2015-16,9840,optimization,FTM,2,FTA;LOOSE_BALL_FOUL_DRAWN,18,Bernoulli,32534.722356270737,-16253.5698616503,"[0.7568560526410576, 0.0]","{""p"": 9.895709319785134e-09}",3,True,optimizer_converged_lbfgsb,65,314,2,-16285.763509289616,32.19364763931662,0.745394799974747,"{""binomial_discrete_residual_mean"": null, ""binomial_discrete_residual_variance"": null, ""binomial_h_extension_used"": null, ""binomial_n_candidates"": 0, ""binomial_n_max"": null, ""binomial_n_min"": null, ""binomial_n_policy"": null, ""binomial_n_tie_break"": null, ""certified_profiles"": 1, ""optimizer_powell_attempted"": false, ""optimizer_powell_success"": false, ""optimizer_primary_failed_starts"": 0, ""optimizer_primary_successful_starts"": 2, ""optimizer_results"": [{""fun"": 16253.569899161197, ""jac"": [0.0, 144.01048247236758, 0.0], ""message"": ""CONVERGENCE: NORM_OF_PROJECTED_GRADIENT_<=_PGTOL"", ""method"": ""L-BFGS-B"", ""nfev"": 132, ""nit"": 27, ""status"": 0, ""success"": true, ""x"": [0.7568560410108405, 0.0, -16.29440973864806]}, {""fun"": 16253.5698616503, ""jac"": [0.0003637978788811745, 144.0108462702483, 0.0], ""message"": ""CONVERGENCE: REL_REDUCTION_OF_F_<=_FACTR*EPSMCH"", ""method"": ""L-BFGS-B"", ""nfev"": 180, ""nit"": 38, ""status"": 0, ""success"": true, ""x"": [0.7568560526410576, 0.0, -18.431164565897873]}], ""solver_path"": ""general_convolution"", ""uncertified_profiles"": 0}"
foul_leaves_5_team,team-quarter,2015-16,9840,optimization,FTM,2,FOUL;FTA;LOOSE_BALL_FOUL_DRAWN,19,Poisson,32543.916557220262,-16253.569856630038,"[0.0, 0.7568560505866592, 0.0]","{""lam"": 0.0}",4,True,poisson_convex_mle,15,22,2,-16258.196180187873,4.626323557835349,0.028594400035217404,"{""binomial_discrete_residual_mean"": null, ""binomial_discrete_residual_variance"": null, ""binomial_h_extension_used"": null, ""binomial_n_candidates"": 0, ""binomial_n_max"": null, ""binomial_n_min"": null, ""binomial_n_policy"": null, ""binomial_n_tie_break"": null, ""certified_profiles"": 1, ""optimizer_primary_failed_starts"": 0, ""optimizer_primary_successful_starts"": 2, ""optimizer_results"": [{""fun"": 16258.196180187873, ""jac"": [548.9068070280928, 1208.7521359365714, 221.9574617775831, 177.4559987940154], ""message"": ""CONVERGENCE: REL_REDUCTION_OF_F_<=_FACTR*EPSMCH"", ""method"": ""L-BFGS-B"", ""nfev"": 3, ""nit"": 1, ""status"": 0, ""success"": true, ""x"": [0.0, 0.0, 0.758481108088691, 0.027638803167611428]}, {""fun"": 16253.569856630038, ""jac"": [507.3169863861503, 1012.4675900652198, -0.0005528508126531051, 144.0105690715361], ""message"": ""CONVERGENCE: REL_REDUCTION_OF_F_<=_FACTR*EPSMCH"", ""method"": ""L-BFGS-B"", ""nfev"": 17, ""nit"": 14, ""status"": 0, ""success"": true, ""x"": [0.0, 0.0, 0.7568560505866592, 0.0]}], ""poisson_canonical_agreement_abs"": 0.0, ""solver_path"": ""poisson_convex"", ""uncertified_profiles"": 0}"
foul_leaves_5_team,team-quarter,2015-16,9840,optimization,FTM,2,FOUL;FTA;LOOSE_BALL_FOUL_DRAWN,19,NB,32553.11256822062,-16253.570756635194,"[0.0, 0.7568803636528837, 0.0]","{""p"": 0.9997074255821906, ""r"": 0.005905770349973923}",5,True,optimizer_converged_lbfgsb,32,332,2,-16258.20166949453,4.630912859336604,1.248589400027413,"{""binomial_discrete_residual_mean"": null, ""binomial_discrete_residual_variance"": null, ""binomial_h_extension_used"": null, ""binomial_n_candidates"": 0, ""binomial_n_max"": null, ""binomial_n_min"": null, ""binomial_n_policy"": null, ""binomial_n_tie_break"": null, ""certified_profiles"": 1, ""optimizer_powell_attempted"": false, ""optimizer_powell_success"": false, ""optimizer_primary_failed_starts"": 0, ""optimizer_primary_successful_starts"": 2, ""optimizer_results"": [{""fun"": 16253.574929749311, ""jac"": [1012.4867912963964, -0.001455191515524698, 144.01248336071149, 0.004183675628154801, -0.005638866684430233], ""message"": ""CONVERGENCE: REL_REDUCTION_OF_F_<=_FACTR*EPSMCH"", ""method"": ""L-BFGS-B"", ""nfev"": 60, ""nit"": 5, ""status"": 0, ""success"": true, ""x"": [0.0, 0.7568543988065054, 0.0, -2.6539421138400968e-05, 11.512936761951472]}, {""fun"": 16253.570756635194, ""jac"": [1013.9136065845378, 1.8475475278980449, 144.10125004360452, 0.025465851804409967, -0.00036379785060840214], ""message"": ""CONVERGENCE: REL_REDUCTION_OF_F_<=_FACTR*EPSMCH"", ""method"": ""L-BFGS-B"", ""nfev"": 270, ""nit"": 27, ""status"": 0, ""success"": true, ""x"": [0.0, 0.7568803636528837, 0.0, -5.131825380606405, 8.136498886564622]}], ""solver_path"": ""general_convolution"", ""uncertified_profiles"": 0}"
foul_leaves_5_team,team-quarter,2015-16,9840,optimization,FTM,2,FOUL;FTA;LOOSE_BALL_FOUL_DRAWN,19,ZIP,32553.110768311788,-16253.569856680779,"[0.0, 0.7568560441252752, 0.0]","{""lam"": 9.999999999999996e-11, ""rho"": 1.0000000000000007e-09}",5,True,optimizer_converged_lbfgsb,32,254,2,-16258.196180242761,4.626323561982645,0.30399069999111816,"{""binomial_discrete_residual_mean"": null, ""binomial_discrete_residual_variance"": null, ""binomial_h_extension_used"": null, ""binomial_n_candidates"": 0, ""binomial_n_max"": null, ""binomial_n_min"": null, ""binomial_n_policy"": null, ""binomial_n_tie_break"": null, ""certified_profiles"": 1, ""optimizer_powell_attempted"": false, ""optimizer_powell_success"": false, ""optimizer_primary_failed_starts"": 0, ""optimizer_primary_successful_starts"": 2, ""optimizer_results"": [{""fun"": 16253.569856680779, ""jac"": [1012.4673281097785, -0.0009094946972029363, 144.01048247236758, 0.0, 0.0], ""message"": ""CONVERGENCE: REL_REDUCTION_OF_F_<=_FACTR*EPSMCH"", ""method"": ""L-BFGS-B"", ""nfev"": 60, ""nit"": 5, ""status"": 0, ""success"": true, ""x"": [0.0, 0.7568560441252752, 0.0, -23.025850929940457, -20.72326583594641]}, {""fun"": 16253.570473898368, ""jac"": [1012.6579581992701, 0.24047039794045635, 144.02266970137134, 0.0005456967759126033, -0.0001818989404503292], ""message"": ""CONVERGENCE: REL_REDUCTION_OF_F_<=_FACTR*EPSMCH"", ""method"": ""L-BFGS-B"", ""nfev"": 192, ""nit"": 27, ""status"": 0, ""success"": true, ""x"": [0.0, 0.7568590503814279, 0.0, -12.979606171656725, -0.10851609635812082]}], ""solver_path"": ""general_convolution"", ""uncertified_profiles"": 0}"
foul_leaves_5_team,team-quarter,2015-16,9840,optimization,FTM,2,FOUL;FTA;LOOSE_BALL_FOUL_DRAWN,19,Geom,32543.916558234916,-16253.569857137365,"[0.0, 0.7568560433385704, 0.0]","{""p"": 0.9999999989999988}",4,True,optimizer_converged_lbfgsb,38,287,2,-16258.196180736777,4.62632359941199,42.19068649999099,"{""binomial_discrete_residual_mean"": null, ""binomial_discrete_residual_variance"": null, ""binomial_h_extension_used"": null, ""binomial_n_candidates"": 0, ""binomial_n_max"": null, ""binomial_n_min"": null, ""binomial_n_policy"": null, ""binomial_n_tie_break"": null, ""certified_profiles"": 1, ""optimizer_powell_attempted"": false, ""optimizer_powell_success"": false, ""optimizer_primary_failed_starts"": 0, ""optimizer_primary_successful_starts"": 2, ""optimizer_results"": [{""fun"": 16253.569857137365, ""jac"": [1012.4673281097785, -0.000727595757762349, 144.01048247236758, 0.0], ""message"": ""CONVERGENCE: REL_REDUCTION_OF_F_<=_FACTR*EPSMCH"", ""method"": ""L-BFGS-B"", ""nfev"": 50, ""nit"": 5, ""status"": 0, ""success"": true, ""x"": [0.0, 0.7568560433385704, 0.0, 20.723264601717176]}, {""fun"": 16253.570006449096, ""jac"": [1012.9468137165532, 0.6126356280358979, 144.04067769646645, -0.00036379785060840214], ""message"": ""CONVERGENCE: REL_REDUCTION_OF_F_<=_FACTR*EPSMCH"", ""method"": ""L-BFGS-B"", ""nfev"": 235, ""nit"": 33, ""status"": 0, ""success"": true, ""x"": [0.0, 0.7568641549666586, 0.0, 15.05199811906871]}], ""solver_path"": ""general_convolution"", ""uncertified_profiles"": 0}"
foul_leaves_5_team,team-quarter,2015-16,9840,optimization,FTM,2,FOUL;FTA;LOOSE_BALL_FOUL_DRAWN,19,Binomial,32543.916559249534,-16253.569857644674,"[0.0, 0.7568560502635988, 0.0]","{""n"": 2, ""p"": 1.0000000626186418e-09}",4,True,optimizer_converged_lbfgsb,32,207,2,-16258.196181285686,4.626323641012277,0.5914611999760382,"{""binomial_discrete_residual_mean"": -0.017607237091381123, ""binomial_discrete_residual_variance"": -3.4286415917039985, ""binomial_h_extension_used"": true, ""binomial_n_candidates"": 1, ""binomial_n_max"": 2, ""binomial_n_min"": 2, ""binomial_n_policy"": ""paper_H_binomial_discrete_index_continuous_full_mle"", ""binomial_n_tie_break"": ""not_applicable_single_mom_index"", ""certified_profiles"": 1, ""optimizer_powell_attempted"": false, ""optimizer_powell_success"": false, ""optimizer_primary_failed_starts"": 0, ""optimizer_primary_successful_starts"": 2, ""optimizer_results"": [{""fun"": 16253.569857644674, ""jac"": [1012.4678738065995, -0.00018189893944058725, 144.01048247236758, 0.0], ""message"": ""CONVERGENCE: REL_REDUCTION_OF_F_<=_FACTR*EPSMCH"", ""method"": ""L-BFGS-B"", ""nfev"": 50, ""nit"": 5, ""status"": 0, ""success"": true, ""x"": [0.0, 0.7568560502635988, 0.0, -20.72326577332777]}, {""fun"": 16253.571716640901, ""jac"": [1012.3643733095378, -0.1426087685214204, 144.00429790839553, 0.002000888178346212], ""message"": ""CONVERGENCE: REL_REDUCTION_OF_F_<=_FACTR*EPSMCH"", ""method"": ""L-BFGS-B"", ""nfev"": 155, ""nit"": 27, ""status"": 0, ""success"": true, ""x"": [0.0, 0.7568535532730325, 0.0, -13.209528310081094]}], ""solver_path"": ""general_convolution"", ""uncertified_profiles"": 0}"
foul_leaves_5_team,team-quarter,2015-16,9840,optimization,FTM,2,FOUL;FTA;LOOSE_BALL_FOUL_DRAWN,19,Bernoulli,32543.91655823493,-16253.569857137372,"[0.0, 0.756856037856493, 0.0]","{""p"": 1.0000000000000007e-09}",4,True,optimizer_converged_lbfgsb,37,252,2,-16258.19618073678,4.626323599408352,0.5242524000350386,"{""binomial_discrete_residual_mean"": null, ""binomial_discrete_residual_variance"": null, ""binomial_h_extension_used"": null, ""binomial_n_candidates"": 0, ""binomial_n_max"": null, ""binomial_n_min"": null, ""binomial_n_policy"": null, ""binomial_n_tie_break"": null, ""certified_profiles"": 1, ""optimizer_powell_attempted"": false, ""optimizer_powell_success"": false, ""optimizer_primary_failed_starts"": 0, ""optimizer_primary_successful_starts"": 2, ""optimizer_results"": [{""fun"": 16253.569857137372, ""jac"": [1012.4667824129574, -0.001455191515524698, 144.01048247236758, 0.0], ""message"": ""CONVERGENCE: REL_REDUCTION_OF_F_<=_FACTR*EPSMCH"", ""method"": ""L-BFGS-B"", ""nfev"": 50, ""nit"": 5, ""status"": 0, ""success"": true, ""x"": [0.0, 0.756856037856493, 0.0, -20.72326583594641]}, {""fun"": 16253.569861928108, ""jac"": [1012.4682376044802, 0.0, 144.01048247236758, 0.0], ""message"": ""CONVERGENCE: NORM_OF_PROJECTED_GRADIENT_<=_PGTOL"", ""method"": ""L-BFGS-B"", ""nfev"": 200, ""nit"": 32, ""status"": 0, ""success"": true, ""x"": [0.0, 0.7568560529457479, 0.0, -18.377304246644417]}], ""solver_path"": ""general_convolution"", ""uncertified_profiles"": 0}"
foul_leaves_5_team,team-quarter,2015-16,9840,optimization,FTM,2,PERS_FOUL_DRAWN;LOOSE_BALL_FOUL_DRAWN,24,Poisson,49413.48992134743,-24692.953644188645,"[0.5398931144462109, 0.6203960585039862]","{""lam"": 3.184303157312616}",3,True,poisson_convex_mle,17,23,2,-24714.142193783402,21.188549594757205,0.03862519998801872,"{""binomial_discrete_residual_mean"": null, ""binomial_discrete_residual_variance"": null, ""binomial_h_extension_used"": null, ""binomial_n_candidates"": 0, ""binomial_n_max"": null, ""binomial_n_min"": null, ""binomial_n_policy"": null, ""binomial_n_tie_break"": null, ""certified_profiles"": 1, ""optimizer_primary_failed_starts"": 0, ""optimizer_primary_successful_starts"": 2, ""optimizer_results"": [{""fun"": 24692.953644188645, ""jac"": [2.5049343321370543e-05, 8.616450924137098e-05, -2.017730372472215e-05], ""message"": ""CONVERGENCE: REL_REDUCTION_OF_F_<=_FACTR*EPSMCH"", ""method"": ""L-BFGS-B"", ""nfev"": 9, ""nit"": 7, ""status"": 0, ""success"": true, ""x"": [3.184303157312616, 0.5398931144462109, 0.6203960585039862]}, {""fun"": 24692.95364418866, ""jac"": [0.00018981582829269428, 0.0004274267907362628, -2.8328071387306863e-05], ""message"": ""CONVERGENCE: REL_REDUCTION_OF_F_<=_FACTR*EPSMCH"", ""method"": ""L-BFGS-B"", ""nfev"": 12, ""nit"": 10, ""status"": 0, ""success"": true, ""x"": [3.1843032203579793, 0.5398931321107048, 0.6203959762187776]}], ""poisson_canonical_agreement_abs"": 0.0, ""solver_path"": ""poisson_convex"", ""uncertified_profiles"": 0}"
foul_leaves_5_team,team-quarter,2015-16,9840,optimization,FTM,2,PERS_FOUL_DRAWN;LOOSE_BALL_FOUL_DRAWN,24,NB,47265.15197174576,-23614.18756389279,"[0.47656032525996916, 0.5139027178046682]","{""p"": 0.462458064375988, ""r"": 2.868339231546856}",4,True,optimizer_converged_lbfgsb,26,162,2,-23622.892387814572,8.704823921783827,0.7097617000108585,"{""binomial_discrete_residual_mean"": null, ""binomial_discrete_residual_variance"": null, ""binomial_h_extension_used"": null, ""binomial_n_candidates"": 0, ""binomial_n_max"": null, ""binomial_n_min"": null, ""binomial_n_policy"": null, ""binomial_n_tie_break"": null, ""certified_profiles"": 1, ""optimizer_powell_attempted"": false, ""optimizer_powell_success"": false, ""optimizer_primary_failed_starts"": 0, ""optimizer_primary_successful_starts"": 2, ""optimizer_results"": [{""fun"": 23614.18756389279, ""jac"": [0.010550138546119095, 0.002910383031049396, 0.012732925902204983, -0.013096723712423704], ""message"": ""CONVERGENCE: REL_REDUCTION_OF_F_<=_FACTR*EPSMCH"", ""method"": ""L-BFGS-B"", ""nfev"": 75, ""nit"": 12, ""status"": 0, ""success"": true, ""x"": [0.47656032525996916, 0.5139027178046682, 1.0537331973140887, -0.15045089550196325]}, {""fun"": 23614.187563907064, ""jac"": [-0.0007275957618013168, -0.0021827872732870473, -0.01564330896556612, 0.009094947022516462], ""message"": ""CONVERGENCE: REL_REDUCTION_OF_F_<=_FACTR*EPSMCH"", ""method"": ""L-BFGS-B"", ""nfev"": 85, ""nit"": 14, ""status"": 0, ""success"": true, ""x"": [0.47656147583150177, 0.5138950390779514, 1.0537288929069657, -0.15045348186890306]}], ""solver_path"": ""general_convolution"", ""uncertified_profiles"": 0}"
foul_leaves_5_team,team-quarter,2015-16,9840,optimization,FTM,2,PERS_FOUL_DRAWN;LOOSE_BALL_FOUL_DRAWN,24,ZIP,47409.480830699606,-23686.35199336971,"[0.6210870917198831, 0.6693987234693987]","{""lam"": 3.8446951522414485, ""rho"": 0.21493060098271496}",4,True,optimizer_converged_lbfgsb,27,162,2,-23783.03525061943,96.68325724971874,0.21492589998524636,"{""binomial_discrete_residual_mean"": null, ""binomial_discrete_residual_variance"": null, ""binomial_h_extension_used"": null, ""binomial_n_candidates"": 0, ""binomial_n_max"": null, ""binomial_n_min"": null, ""binomial_n_policy"": null, ""binomial_n_tie_break"": null, ""certified_profiles"": 1, ""optimizer_powell_attempted"": false, ""optimizer_powell_success"": false, ""optimizer_primary_failed_starts"": 0, ""optimizer_primary_successful_starts"": 2, ""optimizer_results"": [{""fun"": 23686.351993394026, ""jac"": [-0.013824319397484632, -0.003637978788811745, -0.028740032750691247, 0.0036379788292014237], ""message"": ""CONVERGENCE: REL_REDUCTION_OF_F_<=_FACTR*EPSMCH"", ""method"": ""L-BFGS-B"", ""nfev"": 70, ""nit"": 12, ""status"": 0, ""success"": true, ""x"": [0.6210863805256248, 0.6693936038423239, 1.3466932845922885, -1.295458366394838]}, {""fun"": 23686.35199336971, ""jac"": [-0.000727595757762349, 0.0003637978788811745, -0.0018189894146007119, 0.0003637978829201424], ""message"": ""CONVERGENCE: REL_REDUCTION_OF_F_<=_FACTR*EPSMCH"", ""method"": ""L-BFGS-B"", ""nfev"": 90, ""nit"": 15, ""status"": 0, ""success"": true, ""x"": [0.6210870917198831, 0.6693987234693987, 1.3466943156119646, -1.295456930372139]}], ""solver_path"": ""general_convolution"", ""uncertified_profiles"": 0}"
foul_leaves_5_team,team-quarter,2015-16,9840,optimization,FTM,2,PERS_FOUL_DRAWN;LOOSE_BALL_FOUL_DRAWN,24,Geom,48070.06544881301,-24021.241407921436,"[0.7736168313277554, 0.8227099067730141]","{""p"": 0.27112032165823946}",3,True,optimizer_converged_lbfgsb,19,94,2,-24076.865998034824,55.62459011338797,0.20190710003953427,"{""binomial_discrete_residual_mean"": null, ""binomial_discrete_residual_variance"": null, ""binomial_h_extension_used"": null, ""binomial_n_candidates"": 0, ""binomial_n_max"": null, ""binomial_n_min"": null, ""binomial_n_policy"": null, ""binomial_n_tie_break"": null, ""certified_profiles"": 1, ""optimizer_powell_attempted"": false, ""optimizer_powell_success"": false, ""optimizer_primary_failed_starts"": 0, ""optimizer_primary_successful_starts"": 2, ""optimizer_results"": [{""fun"": 24021.241407922796, ""jac"": [0.0, 0.000727595757762349, -0.002910383031049396], ""message"": ""CONVERGENCE: REL_REDUCTION_OF_F_<=_FACTR*EPSMCH"", ""method"": ""L-BFGS-B"", ""nfev"": 44, ""nit"": 9, ""status"": 0, ""success"": true, ""x"": [0.7736162877864294, 0.8227114420485881, -0.9889465908959318]}, {""fun"": 24021.241407921436, ""jac"": [0.0003637978788811745, 0.0, 0.0], ""message"": ""CONVERGENCE: REL_REDUCTION_OF_F_<=_FACTR*EPSMCH"", ""method"": ""L-BFGS-B"", ""nfev"": 48, ""nit"": 10, ""status"": 0, ""success"": true, ""x"": [0.7736168313277554, 0.8227099067730141, -0.9889459543971905]}], ""solver_path"": ""general_convolution"", ""uncertified_profiles"": 0}"
foul_leaves_5_team,team-quarter,2015-16,9840,optimization,FTM,2,PERS_FOUL_DRAWN;LOOSE_BALL_FOUL_DRAWN,24,Binomial,49616.57109011556,-24794.494228572712,"[0.5567957713452879, 0.640439282971766]","{""n"": 100, ""p"": 0.0314683103047742}",3,True,optimizer_converged_lbfgsb,15,86,2,-24808.58297763727,14.088749064558215,0.6464087999775074,"{""binomial_discrete_residual_mean"": 3.002159562362822, ""binomial_discrete_residual_variance"": 6.634308933618582, ""binomial_h_extension_used"": true, ""binomial_n_candidates"": 1, ""binomial_n_max"": 100, ""binomial_n_min"": 100, ""binomial_n_policy"": ""paper_H_binomial_discrete_index_continuous_full_mle"", ""binomial_n_tie_break"": ""not_applicable_single_mom_index"", ""certified_profiles"": 1, ""optimizer_powell_attempted"": false, ""optimizer_powell_success"": false, ""optimizer_primary_failed_starts"": 0, ""optimizer_primary_successful_starts"": 2, ""optimizer_results"": [{""fun"": 24794.494228572712, ""jac"": [-0.0025465851521682217, 0.0003637978788811745, -0.004001776712121566], ""message"": ""CONVERGENCE: REL_REDUCTION_OF_F_<=_FACTR*EPSMCH"", ""method"": ""L-BFGS-B"", ""nfev"": 36, ""nit"": 7, ""status"": 0, ""success"": true, ""x"": [0.5567957713452879, 0.640439282971766, -3.4268001853181045]}, {""fun"": 24794.494228573054, ""jac"": [0.0003637978788811745, 0.001455191515524698, 0.002910383063361139], ""message"": ""CONVERGENCE: REL_REDUCTION_OF_F_<=_FACTR*EPSMCH"", ""method"": ""L-BFGS-B"", ""nfev"": 48, ""nit"": 8, ""status"": 0, ""success"": true, ""x"": [0.5567957357260019, 0.6404402213698857, -3.426799918483055]}], ""solver_path"": ""general_convolution"", ""uncertified_profiles"": 0}"
foul_leaves_5_team,team-quarter,2015-16,9840,optimization,FTM,2,PERS_FOUL_DRAWN;LOOSE_BALL_FOUL_DRAWN,24,Bernoulli,inf,-inf,[],{},3,False,infeasible_conditional_support,0,0,0,-inf,0.0,7.750000804662704e-05,"{""binomial_discrete_residual_mean"": null, ""binomial_discrete_residual_variance"": null, ""binomial_h_extension_used"": null, ""binomial_n_candidates"": 0, ""binomial_n_max"": null, ""binomial_n_min"": null, ""binomial_n_policy"": null, ""binomial_n_tie_break"": null, ""certified_profiles"": 0, ""solver_path"": ""conditional_support_check"", ""support_violating_rows"": 993, ""uncertified_profiles"": 0}"
foul_leaves_5_team,team-quarter,2015-16,9840,optimization,FTM,2,FOUL;PERS_FOUL_DRAWN;LOOSE_BALL_FOUL_DRAWN,25,Poisson,39180.903137721056,-19572.063146880435,"[0.9451082269147224, 0.0, 0.0]","{""lam"": 0.013207890400046383}",4,True,poisson_convex_mle,57,99,2,-19843.06542469858,271.00227781814465,0.16820469999220222,"{""binomial_discrete_residual_mean"": null, ""binomial_discrete_residual_variance"": null, ""binomial_h_extension_used"": null, ""binomial_n_candidates"": 0, ""binomial_n_max"": null, ""binomial_n_min"": null, ""binomial_n_policy"": null, ""binomial_n_tie_break"": null, ""certified_profiles"": 1, ""optimizer_primary_failed_starts"": 0, ""optimizer_primary_successful_starts"": 2, ""optimizer_results"": [{""fun"": 19572.89923714497, ""jac"": [149.05131851282468, -99.44359904200024, 2144.650535497579, 335.8046445333066], ""message"": ""CONVERGENCE: REL_REDUCTION_OF_F_<=_FACTR*EPSMCH"", ""method"": ""L-BFGS-B"", ""nfev"": 48, ""nit"": 27, ""status"": 0, ""success"": true, ""x"": [0.020755334911258472, 0.9414795885985796, 0.0, 0.0]}, {""fun"": 19572.063146880435, ""jac"": [-6.493739414281663e-05, 0.0009268284330197218, 2182.3822881672095, 341.87130304454286], ""message"": ""CONVERGENCE: REL_REDUCTION_OF_F_<=_FACTR*EPSMCH"", ""method"": ""L-BFGS-B"", ""nfev"": 49, ""nit"": 30, ""status"": 0, ""success"": true, ""x"": [0.013207890400046383, 0.9451082269147224, 0.0, 0.0]}], ""poisson_canonical_agreement_abs"": 0.0, ""solver_path"": ""poisson_convex"", ""uncertified_profiles"": 0}"
foul_leaves_5_team,team-quarter,2015-16,9840,optimization,FTM,2,FOUL;PERS_FOUL_DRAWN;LOOSE_BALL_FOUL_DRAWN,25,NB,39190.10253202224,-19572.065738536003,"[0.9451091858839311, 0.0, 0.0]","{""p"": 0.9996373183123286, ""r"": 36.39113624276392}",5,True,optimizer_converged_lbfgsb,30,206,2,-19774.000158372874,201.9344198368708,0.7669107000110671,"{""binomial_discrete_residual_mean"": null, ""binomial_discrete_residual_variance"": null, ""binomial_h_extension_used"": null, ""binomial_n_candidates"": 0, ""binomial_n_max"": null, ""binomial_n_min"": null, ""binomial_n_policy"": null, ""binomial_n_tie_break"": null, ""certified_profiles"": 1, ""optimizer_powell_attempted"": false, ""optimizer_powell_success"": false, ""optimizer_primary_failed_starts"": 0, ""optimizer_primary_successful_starts"": 2, ""optimizer_results"": [{""fun"": 19572.065738536003, ""jac"": [-0.003274180909930571, 2182.380558224395, 341.8706910451874, -0.0014551915316805696, -0.0003637978829201424], ""message"": ""CONVERGENCE: REL_REDUCTION_OF_F_<=_FACTR*EPSMCH"", ""method"": ""L-BFGS-B"", ""nfev"": 108, ""nit"": 16, ""status"": 0, ""success"": true, ""x"": [0.9451091858839311, 0.0, 0.0, 3.594325235175188, 7.921622254390248]}, {""fun"": 19572.06573859813, ""jac"": [0.014188117276365807, 2182.385651394725, 341.87214623671025, -0.001091393648760427, -0.0032741809462812814], ""message"": ""CONVERGENCE: REL_REDUCTION_OF_F_<=_FACTR*EPSMCH"", ""method"": ""L-BFGS-B"", ""nfev"": 96, ""nit"": 14, ""status"": 0, ""success"": true, ""x"": [0.9451084306712724, 0.0, 0.0, 3.594622751582131, 7.921515432408625]}], ""solver_path"": ""general_convolution"", ""uncertified_profiles"": 0}"
foul_leaves_5_team,team-quarter,2015-16,9840,optimization,FTM,2,FOUL;PERS_FOUL_DRAWN;LOOSE_BALL_FOUL_DRAWN,25,ZIP,39190.09734871176,-19572.063146880762,"[0.9451082395307568, 0.0, 0.0]","{""lam"": 0.013207780742167554, ""rho"": 1.0000001939640996e-09}",5,True,optimizer_converged_lbfgsb,40,398,2,-19843.065424704575,271.0022778238126,0.4537086000200361,"{""binomial_discrete_residual_mean"": null, ""binomial_discrete_residual_variance"": null, ""binomial_h_extension_used"": null, ""binomial_n_candidates"": 0, ""binomial_n_max"": null, ""binomial_n_min"": null, ""binomial_n_policy"": null, ""binomial_n_tie_break"": null, ""certified_profiles"": 1, ""optimizer_powell_attempted"": false, ""optimizer_powell_success"": false, ""optimizer_primary_failed_starts"": 0, ""optimizer_primary_successful_starts"": 2, ""optimizer_results"": [{""fun"": 19572.063146880762, ""jac"": [0.0003637978788811745, 2182.3820134159178, 341.8710548430681, 0.0, 0.0], ""message"": ""CONVERGENCE: REL_REDUCTION_OF_F_<=_FACTR*EPSMCH"", ""method"": ""L-BFGS-B"", ""nfev"": 216, ""nit"": 23, ""status"": 0, ""success"": true, ""x"": [0.9451082395307568, 0.0, 0.0, -4.326949172883113, -20.72326564198233]}, {""fun"": 19572.063146881384, ""jac"": [0.0003637978788811745, 2182.3820134159178, 341.87141864094883, 0.0, 0.0], ""message"": ""CONVERGENCE: REL_REDUCTION_OF_F_<=_FACTR*EPSMCH"", ""method"": ""L-BFGS-B"", ""nfev"": 180, ""nit"": 17, ""status"": 0, ""success"": true, ""x"": [0.9451082483794885, 0.0, 0.0, -4.326957162133652, -20.72326583594641]}], ""solver_path"": ""general_convolution"", ""uncertified_profiles"": 0}"
foul_leaves_5_team,team-quarter,2015-16,9840,optimization,FTM,2,FOUL;PERS_FOUL_DRAWN;LOOSE_BALL_FOUL_DRAWN,25,Geom,39339.41861033181,-19651.320883185814,"[0.9478552961871992, 0.0, 0.0]","{""p"": 0.9999999910183269}",4,True,optimizer_converged_lbfgsb,28,217,2,-19829.249914744552,177.92903155873864,45.85186469997279,"{""binomial_discrete_residual_mean"": null, ""binomial_discrete_residual_variance"": null, ""binomial_h_extension_used"": null, ""binomial_n_candidates"": 0, ""binomial_n_max"": null, ""binomial_n_min"": null, ""binomial_n_policy"": null, ""binomial_n_tie_break"": null, ""certified_profiles"": 1, ""optimizer_powell_attempted"": false, ""optimizer_powell_success"": false, ""optimizer_primary_failed_starts"": 0, ""optimizer_primary_successful_starts"": 2, ""optimizer_results"": [{""fun"": 19660.775403982432, ""jac"": [-0.0018189893944058726, 2186.4605514565483, 342.5921022426337, 0.0], ""message"": ""CONVERGENCE: REL_REDUCTION_OF_F_<=_FACTR*EPSMCH"", ""method"": ""L-BFGS-B"", ""nfev"": 70, ""nit"": 8, ""status"": 0, ""success"": true, ""x"": [0.9478377270186316, 0.0, 0.0, 20.103834929116235]}, {""fun"": 19651.320883185814, ""jac"": [0.8403731002155131, 2186.7603209102526, 342.6401235628873, 14.832765965005773], ""message"": ""CONVERGENCE: REL_REDUCTION_OF_F_<=_FACTR*EPSMCH"", ""method"": ""L-BFGS-B"", ""nfev"": 145, ""nit"": 20, ""status"": 0, ""success"": true, ""x"": [0.9478552961871992, 0.0, 0.0, 18.52807965934072]}], ""solver_path"": ""general_convolution"", ""uncertified_profiles"": 0}"
foul_leaves_5_team,team-quarter,2015-16,9840,optimization,FTM,2,FOUL;PERS_FOUL_DRAWN;LOOSE_BALL_FOUL_DRAWN,25,Binomial,39180.80819070641,-19572.015673373113,"[0.9450823190163085, 0.0, 0.0]","{""n"": 2, ""p"": 0.006663670970609298}",4,True,optimizer_converged_lbfgsb,38,282,2,-19825.091033374283,253.07536000117034,0.9120557999704033,"{""binomial_discrete_residual_mean"": -2.961137289885511, ""binomial_discrete_residual_variance"": -9.049447789389372, ""binomial_h_extension_used"": true, ""binomial_n_candidates"": 1, ""binomial_n_max"": 2, ""binomial_n_min"": 2, ""binomial_n_policy"": ""paper_H_binomial_discrete_index_continuous_full_mle"", ""binomial_n_tie_break"": ""not_applicable_single_mom_index"", ""certified_profiles"": 1, ""optimizer_powell_attempted"": false, ""optimizer_powell_success"": false, ""optimizer_primary_failed_starts"": 0, ""optimizer_primary_successful_starts"": 2, ""optimizer_results"": [{""fun"": 19572.015673373113, ""jac"": [0.0, 2182.3772840434685, 341.8695996515453, 0.0], ""message"": ""CONVERGENCE: NORM_OF_PROJECTED_GRADIENT_<=_PGTOL"", ""method"": ""L-BFGS-B"", ""nfev"": 170, ""nit"": 22, ""status"": 0, ""success"": true, ""x"": [0.9450823190163085, 0.0, 0.0, -5.004398777140864]}, {""fun"": 19572.015673377347, ""jac"": [0.0, 2182.3772840434685, 341.8692358536646, 0.0], ""message"": ""CONVERGENCE: NORM_OF_PROJECTED_GRADIENT_<=_PGTOL"", ""method"": ""L-BFGS-B"", ""nfev"": 110, ""nit"": 16, ""status"": 0, ""success"": true, ""x"": [0.9450821973035706, 0.0, 0.0, -5.004351879233548]}], ""solver_path"": ""general_convolution"", ""uncertified_profiles"": 0}"
foul_leaves_5_team,team-quarter,2015-16,9840,optimization,FTM,2,FOUL;PERS_FOUL_DRAWN;LOOSE_BALL_FOUL_DRAWN,25,Bernoulli,39180.71201991077,-19571.96758797529,"[0.945055776669322, 0.0, 0.0]","{""p"": 0.01344988345989199}",4,True,optimizer_converged_lbfgsb,41,307,2,-19829.249915234992,257.28232725970156,0.742527499969583,"{""binomial_discrete_residual_mean"": null, ""binomial_discrete_residual_variance"": null, ""binomial_h_extension_used"": null, ""binomial_n_candidates"": 0, ""binomial_n_max"": null, ""binomial_n_min"": null, ""binomial_n_policy"": null, ""binomial_n_tie_break"": null, ""certified_profiles"": 1, ""optimizer_powell_attempted"": false, ""optimizer_powell_success"": false, ""optimizer_primary_failed_starts"": 0, ""optimizer_primary_successful_starts"": 2, ""optimizer_results"": [{""fun"": 19571.96758797529, ""jac"": [0.000727595757762349, 2182.374009862542, 341.86814446002245, 0.0003637978829201424], ""message"": ""CONVERGENCE: REL_REDUCTION_OF_F_<=_FACTR*EPSMCH"", ""method"": ""L-BFGS-B"", ""nfev"": 190, ""nit"": 23, ""status"": 0, ""success"": true, ""x"": [0.945055776669322, 0.0, 0.0, -4.295243685226141]}, {""fun"": 19571.967587975443, ""jac"": [0.0003637978788811745, 2182.3732822667807, 341.86778066214174, 0.0], ""message"": ""CONVERGENCE: REL_REDUCTION_OF_F_<=_FACTR*EPSMCH"", ""method"": ""L-BFGS-B"", ""nfev"": 115, ""nit"": 18, ""status"": 0, ""success"": true, ""x"": [0.9450557935004932, 0.0, 0.0, -4.295251295182661]}], ""solver_path"": ""general_convolution"", ""uncertified_profiles"": 0}"
foul_leaves_5_team,team-quarter,2015-16,9840,optimization,FTM,2,FTA;PERS_FOUL_DRAWN;LOOSE_BALL_FOUL_DRAWN,26,Poisson,32543.91655722026,-16253.569856630036,"[0.7568560579002364, 0.0, 0.0]","{""lam"": 0.0}",4,True,poisson_convex_mle,14,23,2,-16279.688389946492,26.118533316455796,0.04929160000756383,"{""binomial_discrete_residual_mean"": null, ""binomial_discrete_residual_variance"": null, ""binomial_h_extension_used"": null, ""binomial_n_candidates"": 0, ""binomial_n_max"": null, ""binomial_n_min"": null, ""binomial_n_policy"": null, ""binomial_n_tie_break"": null, ""certified_profiles"": 1, ""optimizer_primary_failed_starts"": 0, ""optimizer_primary_successful_starts"": 2, ""optimizer_results"": [{""fun"": 16253.569856630038, ""jac"": [507.3170761932764, -5.463803375960197e-06, 833.4766041016271, 144.01059582299655], ""message"": ""CONVERGENCE: REL_REDUCTION_OF_F_<=_FACTR*EPSMCH"", ""method"": ""L-BFGS-B"", ""nfev"": 9, ""nit"": 5, ""status"": 0, ""success"": true, ""x"": [0.0, 0.7568560578697823, 0.0, 0.0]}, {""fun"": 16253.569856630036, ""jac"": [507.31707656882475, -3.174915946146939e-06, 833.4766048063491, 144.01059593485803], ""message"": ""CONVERGENCE: REL_REDUCTION_OF_F_<=_FACTR*EPSMCH"", ""method"": ""L-BFGS-B"", ""nfev"": 12, ""nit"": 9, ""status"": 0, ""success"": true, ""x"": [0.0, 0.7568560579002364, 0.0, 0.0]}], ""poisson_canonical_agreement_abs"": 0.0, ""solver_path"": ""poisson_convex"", ""uncertified_profiles"": 0}"
foul_leaves_5_team,team-quarter,2015-16,9840,optimization,FTM,2,FTA;PERS_FOUL_DRAWN;LOOSE_BALL_FOUL_DRAWN,26,NB,32553.110767757687,-16253.569856403728,"[0.7568555335626859, 0.0, 0.0]","{""p"": 0.9999999986042389, ""r"": 3.866243503447792e-06}",5,True,optimizer_converged_lbfgsb,54,614,2,-16279.688781283308,26.118924879579936,2.518695499980822,"{""binomial_discrete_residual_mean"": null, ""binomial_discrete_residual_variance"": null, ""binomial_h_extension_used"": null, ""binomial_n_candidates"": 0, ""binomial_n_max"": null, ""binomial_n_min"": null, ""binomial_n_policy"": null, ""binomial_n_tie_break"": null, ""certified_profiles"": 1, ""optimizer_powell_attempted"": false, ""optimizer_powell_success"": false, ""optimizer_primary_failed_starts"": 0, ""optimizer_primary_successful_starts"": 2, ""optimizer_results"": [{""fun"": 16253.570667765634, ""jac"": [-0.08676579411316013, 833.4525773534551, 144.0072082914412, 0.0003637978829201424, 0.0005456967759126033], ""message"": ""CONVERGENCE: REL_REDUCTION_OF_F_<=_FACTR*EPSMCH"", ""method"": ""L-BFGS-B"", ""nfev"": 270, ""nit"": 28, ""status"": 0, ""success"": true, ""x"": [0.7568546113181612, 0.0, 0.0, 3.3007118337532972, 16.646990088108595]}, {""fun"": 16253.569856403728, ""jac"": [-0.03583409106979569, 833.4644007845782, 144.00866348296404, 46.160490274447106, 0.0], ""message"": ""CONVERGENCE: REL_REDUCTION_OF_F_<=_FACTR*EPSMCH"", ""method"": ""L-BFGS-B"", ""nfev"": 342, ""nit"": 26, ""status"": 0, ""success"": true, ""x"": [0.7568555335626859, 0.0, 0.0, -12.463227193272425, 20.389826063344035]}], ""solver_path"": ""general_convolution"", ""uncertified_profiles"": 0}"
foul_leaves_5_team,team-quarter,2015-16,9840,optimization,FTM,2,FTA;PERS_FOUL_DRAWN;LOOSE_BALL_FOUL_DRAWN,26,ZIP,32553.110833739443,-16253.569889394606,"[0.7568560426915155, 0.0, 0.0]","{""lam"": 2.414456529676313e-07, ""rho"": 0.7325113319248251}",5,True,optimizer_converged_lbfgsb,59,416,2,-16279.688389922816,26.11850052820955,0.512017700006254,"{""binomial_discrete_residual_mean"": null, ""binomial_discrete_residual_variance"": null, ""binomial_h_extension_used"": null, ""binomial_n_candidates"": 0, ""binomial_n_max"": null, ""binomial_n_min"": null, ""binomial_n_policy"": null, ""binomial_n_tie_break"": null, ""certified_profiles"": 1, ""optimizer_powell_attempted"": false, ""optimizer_powell_success"": false, ""optimizer_primary_failed_starts"": 0, ""optimizer_primary_successful_starts"": 2, ""optimizer_results"": [{""fun"": 16253.569913542677, ""jac"": [0.0003637978788811745, 833.4769518114626, 144.01066437130794, 0.0, 0.0], ""message"": ""CONVERGENCE: REL_REDUCTION_OF_F_<=_FACTR*EPSMCH"", ""method"": ""L-BFGS-B"", ""nfev"": 192, ""nit"": 28, ""status"": 0, ""success"": true, ""x"": [0.7568560436739955, 0.0, 0.0, -16.003129435576298, -20.72326034396549]}, {""fun"": 16253.569889394606, ""jac"": [0.0, 833.4764061146416, 144.01048247236758, 0.0, -0.0005456968243802135], ""message"": ""CONVERGENCE: REL_REDUCTION_OF_F_<=_FACTR*EPSMCH"", ""method"": ""L-BFGS-B"", ""nfev"": 222, ""nit"": 31, ""status"": 0, ""success"": true, ""x"": [0.7568560426915155, 0.0, 0.0, -15.236621428650471, 1.0074016078731423]}], ""solver_path"": ""general_convolution"", ""uncertified_profiles"": 0}"
foul_leaves_5_team,team-quarter,2015-16,9840,optimization,FTM,2,FTA;PERS_FOUL_DRAWN;LOOSE_BALL_FOUL_DRAWN,26,Geom,32543.916747361644,-16253.569951700729,"[0.7568560252764307, 0.0, 0.0]","{""p"": 0.9999998126011747}",4,True,optimizer_converged_lbfgsb,55,317,2,-16281.460432023465,27.89048032273604,37.20022310002241,"{""binomial_discrete_residual_mean"": null, ""binomial_discrete_residual_variance"": null, ""binomial_h_extension_used"": null, ""binomial_n_candidates"": 0, ""binomial_n_max"": null, ""binomial_n_min"": null, ""binomial_n_policy"": null, ""binomial_n_tie_break"": null, ""certified_profiles"": 1, ""optimizer_powell_attempted"": false, ""optimizer_powell_success"": false, ""optimizer_primary_failed_starts"": 0, ""optimizer_primary_successful_starts"": 2, ""optimizer_results"": [{""fun"": 16253.57054518687, ""jac"": [-0.0971340336612736, 833.4485755767673, 144.00611689779907, -0.0005456967759126033], ""message"": ""CONVERGENCE: REL_REDUCTION_OF_F_<=_FACTR*EPSMCH"", ""method"": ""L-BFGS-B"", ""nfev"": 155, ""nit"": 26, ""status"": 0, ""success"": true, ""x"": [0.7568545384982258, 0.0, 0.0, 13.510144443511674]}, {""fun"": 16253.569951700729, ""jac"": [0.00018189893944058725, 833.4769518114626, 144.01066437130794, 0.0], ""message"": ""CONVERGENCE: REL_REDUCTION_OF_F_<=_FACTR*EPSMCH"", ""method"": ""L-BFGS-B"", ""nfev"": 160, ""nit"": 29, ""status"": 0, ""success"": true, ""x"": [0.7568560252764307, 0.0, 0.0, 15.490026547569382]}], ""solver_path"": ""general_convolution"", ""uncertified_profiles"": 0}"
foul_leaves_5_team,team-quarter,2015-16,9840,optimization,FTM,2,FTA;PERS_FOUL_DRAWN;LOOSE_BALL_FOUL_DRAWN,26,Binomial,32543.91660959854,-16253.569882819176,"[0.7568560474713585, 0.0, 0.0]","{""n"": 2, ""p"": 2.5811410185888448e-08}",4,True,optimizer_converged_lbfgsb,57,352,2,-16278.771968223393,25.202085404216632,1.1221061000251211,"{""binomial_discrete_residual_mean"": 0.04631636616873358, ""binomial_discrete_residual_variance"": -3.143499271806137, ""binomial_h_extension_used"": true, ""binomial_n_candidates"": 1, ""binomial_n_max"": 2, ""binomial_n_min"": 2, ""binomial_n_policy"": ""paper_H_binomial_discrete_index_continuous_full_mle"", ""binomial_n_tie_break"": ""not_applicable_single_mom_index"", ""certified_profiles"": 1, ""optimizer_powell_attempted"": false, ""optimizer_powell_success"": false, ""optimizer_primary_failed_starts"": 0, ""optimizer_primary_successful_starts"": 2, ""optimizer_results"": [{""fun"": 16253.569882819176, ""jac"": [0.0, 833.4767699125223, 144.01066437130794, 0.0], ""message"": ""CONVERGENCE: NORM_OF_PROJECTED_GRADIENT_<=_PGTOL"", ""method"": ""L-BFGS-B"", ""nfev"": 180, ""nit"": 28, ""status"": 0, ""success"": true, ""x"": [0.7568560474713585, 0.0, 0.0, -17.47244916170647]}, {""fun"": 16253.570522588585, ""jac"": [-0.012551026821400522, 833.474587125238, 144.01030057342723, 0.0007275957012168043], ""message"": ""CONVERGENCE: REL_REDUCTION_OF_F_<=_FACTR*EPSMCH"", ""method"": ""L-BFGS-B"", ""nfev"": 170, ""nit"": 29, ""status"": 0, ""success"": true, ""x"": [0.7568556700935042, 0.0, 0.0, -14.236567760623675]}], ""solver_path"": ""general_convolution"", ""uncertified_profiles"": 0}"
foul_leaves_5_team,team-quarter,2015-16,9840,optimization,FTM,2,FTA;PERS_FOUL_DRAWN;LOOSE_BALL_FOUL_DRAWN,26,Bernoulli,32543.91691188087,-16253.570033960343,"[0.756856016682364, 0.0, 0.0]","{""p"": 3.49545379717518e-07}",4,True,optimizer_converged_lbfgsb,64,392,2,-16277.835215194616,24.26518123427377,0.9381182999932207,"{""binomial_discrete_residual_mean"": null, ""binomial_discrete_residual_variance"": null, ""binomial_h_extension_used"": null, ""binomial_n_candidates"": 0, ""binomial_n_max"": null, ""binomial_n_min"": null, ""binomial_n_policy"": null, ""binomial_n_tie_break"": null, ""certified_profiles"": 1, ""optimizer_powell_attempted"": false, ""optimizer_powell_success"": false, ""optimizer_primary_failed_starts"": 0, ""optimizer_primary_successful_starts"": 2, ""optimizer_results"": [{""fun"": 16253.570033960343, ""jac"": [0.0018189893944058726, 833.4776794072241, 144.0108462702483, 0.00018189892530420107], ""message"": ""CONVERGENCE: REL_REDUCTION_OF_F_<=_FACTR*EPSMCH"", ""method"": ""L-BFGS-B"", ""nfev"": 165, ""nit"": 28, ""status"": 0, ""success"": true, ""x"": [0.756856016682364, 0.0, 0.0, -14.86663209233174]}, {""fun"": 16253.570126776069, ""jac"": [1.306216284122857, 833.8794941664673, 144.07469279831275, 0.00018189892530420107], ""message"": ""CONVERGENCE: REL_REDUCTION_OF_F_<=_FACTR*EPSMCH"", ""method"": ""L-BFGS-B"", ""nfev"": 225, ""nit"": 36, ""status"": 0, ""success"": true, ""x"": [0.7568733463433772, 0.0, 0.0, -14.488570223546523]}], ""solver_path"": ""general_convolution"", ""uncertified_profiles"": 0}"
foul_leaves_5_team,team-quarter,2015-16,9840,optimization,FTM,2,FOUL;FTA;PERS_FOUL_DRAWN;LOOSE_BALL_FOUL_DRAWN,27,Poisson,32553.110768210307,-16253.569856630038,"[0.0, 0.7568560579523537, 0.0, 0.0]","{""lam"": 0.0}",5,True,poisson_convex_mle,19,27,2,-16262.025188067342,8.455331437304267,0.042736099974717945,"{""binomial_discrete_residual_mean"": null, ""binomial_discrete_residual_variance"": null, ""binomial_h_extension_used"": null, ""binomial_n_candidates"": 0, ""binomial_n_max"": null, ""binomial_n_min"": null, ""binomial_n_policy"": null, ""binomial_n_tie_break"": null, ""certified_profiles"": 1, ""optimizer_primary_failed_starts"": 0, ""optimizer_primary_successful_starts"": 2, ""optimizer_results"": [{""fun"": 16253.56985663004, ""jac"": [507.31707708560646, 1012.4680215999124, -2.494309114808857e-08, 833.4766057761419, 144.01059608880016], ""message"": ""CONVERGENCE: NORM_OF_PROJECTED_GRADIENT_<=_PGTOL"", ""method"": ""L-BFGS-B"", ""nfev"": 8, ""nit"": 5, ""status"": 0, ""success"": true, ""x"": [0.0, 0.0, 0.7568560579421477, 0.0, 0.0]}, {""fun"": 16253.569856630038, ""jac"": [507.31707721145915, 1012.4680221986994, 7.421386101214011e-07, 833.4766060123048, 144.0105961262886], ""message"": ""CONVERGENCE: NORM_OF_PROJECTED_GRADIENT_<=_PGTOL"", ""method"": ""L-BFGS-B"", ""nfev"": 17, ""nit"": 14, ""status"": 0, ""success"": true, ""x"": [0.0, 0.0, 0.7568560579523537, 0.0, 0.0]}], ""poisson_canonical_agreement_abs"": 0.0, ""solver_path"": ""poisson_convex"", ""uncertified_profiles"": 0}"
foul_leaves_5_team,team-quarter,2015-16,9840,optimization,FTM,2,FOUL;FTA;PERS_FOUL_DRAWN;LOOSE_BALL_FOUL_DRAWN,27,NB,32562.305596615683,-16253.570165337702,"[0.0, 0.7568376147925868, 0.0, 0.0]","{""p"": 0.9998922096534685, ""r"": 0.005412382665041289}",6,True,optimizer_converged_lbfgsb,54,569,2,-16262.025282317278,8.455116979575905,2.303785700001754,"{""binomial_discrete_residual_mean"": null, ""binomial_discrete_residual_variance"": null, ""binomial_h_extension_used"": null, ""binomial_n_candidates"": 0, ""binomial_n_max"": null, ""binomial_n_min"": null, ""binomial_n_policy"": null, ""binomial_n_tie_break"": null, ""certified_profiles"": 1, ""optimizer_powell_attempted"": false, ""optimizer_powell_success"": false, ""optimizer_primary_failed_starts"": 0, ""optimizer_primary_successful_starts"": 2, ""optimizer_results"": [{""fun"": 16253.570338136033, ""jac"": [1012.320899462793, -0.19063008853373545, 833.4189260494895, 144.00138752534986, 0.001091393648760427, 0.00036379785060840214], ""message"": ""CONVERGENCE: REL_REDUCTION_OF_F_<=_FACTR*EPSMCH"", ""method"": ""L-BFGS-B"", ""nfev"": 266, ""nit"": 29, ""status"": 0, ""success"": true, ""x"": [0.0, 0.7568533556423681, 0.0, 0.0, 2.3182492426217864, 16.186484753539553]}, {""fun"": 16253.570165337702, ""jac"": [1011.3943062606268, -1.3782482641413296, 833.0538548761979, 143.94372556125745, 0.03674358617493438, 0.0005456967759126033], ""message"": ""CONVERGENCE: REL_REDUCTION_OF_F_<=_FACTR*EPSMCH"", ""method"": ""L-BFGS-B"", ""nfev"": 301, ""nit"": 25, ""status"": 0, ""success"": true, ""x"": [0.0, 0.7568376147925868, 0.0, 0.0, -5.219065864402823, 9.135214657142955]}], ""solver_path"": ""general_convolution"", ""uncertified_profiles"": 0}"
foul_leaves_5_team,team-quarter,2015-16,9840,optimization,FTM,2,FOUL;FTA;PERS_FOUL_DRAWN;LOOSE_BALL_FOUL_DRAWN,27,ZIP,32562.305030453626,-16253.569882256674,"[0.0, 0.7568558725878665, 0.0, 0.0]","{""lam"": 1.0511815498543378e-07, ""rho"": 0.5194767721795593}",6,True,optimizer_converged_lbfgsb,59,527,2,-16262.0251880618,8.455305805126045,0.7462648999644443,"{""binomial_discrete_residual_mean"": null, ""binomial_discrete_residual_variance"": null, ""binomial_h_extension_used"": null, ""binomial_n_candidates"": 0, ""binomial_n_max"": null, ""binomial_n_min"": null, ""binomial_n_policy"": null, ""binomial_n_tie_break"": null, ""certified_profiles"": 1, ""optimizer_powell_attempted"": false, ""optimizer_powell_success"": false, ""optimizer_primary_failed_starts"": 0, ""optimizer_primary_successful_starts"": 2, ""optimizer_results"": [{""fun"": 16253.569979621312, ""jac"": [1012.4682376044802, -0.0003637978788811745, 833.4767699125223, 144.01066437130794, 0.0, 0.0], ""message"": ""CONVERGENCE: REL_REDUCTION_OF_F_<=_FACTR*EPSMCH"", ""method"": ""L-BFGS-B"", ""nfev"": 231, ""nit"": 29, ""status"": 0, ""success"": true, ""x"": [0.0, 0.7568560115278726, 0.0, 0.0, -15.232533622257533, -20.723376838597964]}, {""fun"": 16253.569882256674, ""jac"": [1012.4580512638204, -0.013096723639722283, 833.4725862368941, 144.01011867448688, 0.0, 0.0], ""message"": ""CONVERGENCE: REL_REDUCTION_OF_F_<=_FACTR*EPSMCH"", ""method"": ""L-BFGS-B"", ""nfev"": 294, ""nit"": 30, ""status"": 0, ""success"": true, ""x"": [0.0, 0.7568558725878665, 0.0, 0.0, -16.06818083387257, 0.07794652948262024]}], ""solver_path"": ""general_convolution"", ""uncertified_profiles"": 0}"
foul_leaves_5_team,team-quarter,2015-16,9840,optimization,FTM,2,FOUL;FTA;PERS_FOUL_DRAWN;LOOSE_BALL_FOUL_DRAWN,27,Geom,32553.110801181516,-16253.569873115643,"[0.0, 0.7568560581346525, 0.0, 0.0]","{""p"": 0.9999999675043398}",5,True,optimizer_converged_lbfgsb,61,512,2,-16262.126937470735,8.557064355092734,63.894313199969474,"{""binomial_discrete_residual_mean"": null, ""binomial_discrete_residual_variance"": null, ""binomial_h_extension_used"": null, ""binomial_n_candidates"": 0, ""binomial_n_max"": null, ""binomial_n_min"": null, ""binomial_n_policy"": null, ""binomial_n_tie_break"": null, ""certified_profiles"": 1, ""optimizer_powell_attempted"": false, ""optimizer_powell_success"": false, ""optimizer_primary_failed_starts"": 0, ""optimizer_primary_successful_starts"": 2, ""optimizer_results"": [{""fun"": 16253.569873115643, ""jac"": [1012.468601402361, 0.000727595757762349, 833.477133710403, 144.01066437130794, -0.00018189892530420107], ""message"": ""CONVERGENCE: REL_REDUCTION_OF_F_<=_FACTR*EPSMCH"", ""method"": ""L-BFGS-B"", ""nfev"": 204, ""nit"": 29, ""status"": 0, ""success"": true, ""x"": [0.0, 0.7568560581346525, 0.0, 0.0, 17.24215925396292]}, {""fun"": 16253.569908618902, ""jac"": [1012.4689652002417, 0.0010913936366435237, 833.4773156093433, 144.0108462702483, 0.0], ""message"": ""CONVERGENCE: REL_REDUCTION_OF_F_<=_FACTR*EPSMCH"", ""method"": ""L-BFGS-B"", ""nfev"": 306, ""nit"": 32, ""status"": 0, ""success"": true, ""x"": [0.0, 0.7568560477235203, 0.0, 0.0, 16.09361747939081]}], ""solver_path"": ""general_convolution"", ""uncertified_profiles"": 0}"
foul_leaves_5_team,team-quarter,2015-16,9840,optimization,FTM,2,FOUL;FTA;PERS_FOUL_DRAWN;LOOSE_BALL_FOUL_DRAWN,27,Binomial,32553.110884718586,-16253.569914884178,"[0.0, 0.7568560326523879, 0.0, 0.0]","{""n"": 2, ""p"": 5.741393090832682e-08}",5,True,optimizer_converged_lbfgsb,57,428,2,-16261.97390023912,8.403985354942051,1.363906200043857,"{""binomial_discrete_residual_mean"": 0.010854178297597272, ""binomial_discrete_residual_variance"": -3.3018258539065846, ""binomial_h_extension_used"": true, ""binomial_n_candidates"": 1, ""binomial_n_max"": 2, ""binomial_n_min"": 2, ""binomial_n_policy"": ""paper_H_binomial_discrete_index_continuous_full_mle"", ""binomial_n_tie_break"": ""not_applicable_single_mom_index"", ""certified_profiles"": 1, ""optimizer_powell_attempted"": false, ""optimizer_powell_success"": false, ""optimizer_primary_failed_starts"": 0, ""optimizer_primary_successful_starts"": 2, ""optimizer_results"": [{""fun"": 16253.569914884178, ""jac"": [1012.4678738065995, 0.0, 833.4764061146416, 144.01048247236758, 0.0], ""message"": ""CONVERGENCE: NORM_OF_PROJECTED_GRADIENT_<=_PGTOL"", ""method"": ""L-BFGS-B"", ""nfev"": 234, ""nit"": 29, ""status"": 0, ""success"": true, ""x"": [0.0, 0.7568560326523879, 0.0, 0.0, -16.672978806902197]}, {""fun"": 16253.570957211808, ""jac"": [1012.6828783540986, 0.2699380261298315, 833.5624443134293, 144.02412489289418, 0.0012732924771294077], ""message"": ""CONVERGENCE: REL_REDUCTION_OF_F_<=_FACTR*EPSMCH"", ""method"": ""L-BFGS-B"", ""nfev"": 192, ""nit"": 28, ""status"": 0, ""success"": true, ""x"": [0.0, 0.7568592825897867, 0.0, 0.0, -13.734636836179654]}], ""solver_path"": ""general_convolution"", ""uncertified_profiles"": 0}"
foul_leaves_5_team,team-quarter,2015-16,9840,optimization,FTM,2,FOUL;FTA;PERS_FOUL_DRAWN;LOOSE_BALL_FOUL_DRAWN,27,Bernoulli,32553.11082936716,-16253.569887208465,"[0.0, 0.7568563183457963, 0.0, 0.0]","{""p"": 6.026937724668307e-08}",5,True,optimizer_converged_lbfgsb,62,434,2,-16261.922336613765,8.352449405299922,0.9058432999881916,"{""binomial_discrete_residual_mean"": null, ""binomial_discrete_residual_variance"": null, ""binomial_h_extension_used"": null, ""binomial_n_candidates"": 0, ""binomial_n_max"": null, ""binomial_n_min"": null, ""binomial_n_policy"": null, ""binomial_n_tie_break"": null, ""certified_profiles"": 1, ""optimizer_powell_attempted"": false, ""optimizer_powell_success"": false, ""optimizer_primary_failed_starts"": 0, ""optimizer_primary_successful_starts"": 2, ""optimizer_results"": [{""fun"": 16253.569986614539, ""jac"": [1012.4684195034206, -0.00018189893944058725, 833.4767699125223, 144.01066437130794, 0.0], ""message"": ""CONVERGENCE: REL_REDUCTION_OF_F_<=_FACTR*EPSMCH"", ""method"": ""L-BFGS-B"", ""nfev"": 204, ""nit"": 30, ""status"": 0, ""success"": true, ""x"": [0.0, 0.7568560085609872, 0.0, 0.0, -15.17723112150532]}, {""fun"": 16253.569887208465, ""jac"": [1012.4842447112314, 0.02073647909622695, 833.4831363754347, 144.01175576495007, 0.0], ""message"": ""CONVERGENCE: REL_REDUCTION_OF_F_<=_FACTR*EPSMCH"", ""method"": ""L-BFGS-B"", ""nfev"": 228, ""nit"": 32, ""status"": 0, ""success"": true, ""x"": [0.0, 0.7568563183457963, 0.0, 0.0, -16.62444164196015]}], ""solver_path"": ""general_convolution"", ""uncertified_profiles"": 0}"
foul_leaves_5_team,team-quarter,2015-16,9840,optimization,PERS_FOUL_DRAWN,3,,0,Poisson,33623.662003279285,-16807.23389614462,[],"{""lam"": 1.8645325203252032}",1,True,analytic_mle,0,1,0,-16807.23389614462,0.0,0.0010180000099353492,"{""binomial_discrete_residual_mean"": null, ""binomial_discrete_residual_variance"": null, ""binomial_h_extension_used"": null, ""binomial_n_candidates"": 0, ""binomial_n_max"": null, ""binomial_n_min"": null, ""binomial_n_policy"": null, ""binomial_n_tie_break"": null, ""certified_profiles"": 1, ""solver_path"": ""analytic_root"", ""uncertified_profiles"": 0}"
foul_leaves_5_team,team-quarter,2015-16,9840,optimization,PERS_FOUL_DRAWN,3,,0,NB,33523.30411242299,-16752.457845221452,[],"{""p"": 0.8695216049319833, ""r"": 12.425435435344985}",2,True,optimizer_converged_lbfgsb,16,74,2,-16753.155256593946,0.6974113724936615,0.15337959997123107,"{""binomial_discrete_residual_mean"": null, ""binomial_discrete_residual_variance"": null, ""binomial_h_extension_used"": null, ""binomial_n_candidates"": 0, ""binomial_n_max"": null, ""binomial_n_min"": null, ""binomial_n_policy"": null, ""binomial_n_tie_break"": null, ""certified_profiles"": 1, ""optimizer_powell_attempted"": false, ""optimizer_powell_success"": false, ""optimizer_primary_failed_starts"": 0, ""optimizer_primary_successful_starts"": 2, ""optimizer_results"": [{""fun"": 16752.457845221452, ""jac"": [-0.002910383063361139, 0.004729372477961851], ""message"": ""CONVERGENCE: REL_REDUCTION_OF_F_<=_FACTR*EPSMCH"", ""method"": ""L-BFGS-B"", ""nfev"": 36, ""nit"": 8, ""status"": 0, ""success"": true, ""x"": [2.5197456164668153, 1.8967355229983425]}, {""fun"": 16752.457845221452, ""jac"": [-0.002910383063361139, 0.004729372477961851], ""message"": ""CONVERGENCE: REL_REDUCTION_OF_F_<=_FACTR*EPSMCH"", ""method"": ""L-BFGS-B"", ""nfev"": 36, ""nit"": 8, ""status"": 0, ""success"": true, ""x"": [2.5197456164668153, 1.8967355229983425]}], ""solver_path"": ""general_convolution"", ""uncertified_profiles"": 0}"
foul_leaves_5_team,team-quarter,2015-16,9840,optimization,PERS_FOUL_DRAWN,3,,0,ZIP,33623.15592743722,-16802.383752728565,[],"{""lam"": 1.8958477540448586, ""rho"": 0.016517799273064182}",2,True,optimizer_converged_lbfgsb,24,92,2,-16882.18616713454,79.80241440597456,0.08385600004112348,"{""binomial_discrete_residual_mean"": null, ""binomial_discrete_residual_variance"": null, ""binomial_h_extension_used"": null, ""binomial_n_candidates"": 0, ""binomial_n_max"": null, ""binomial_n_min"": null, ""binomial_n_policy"": null, ""binomial_n_tie_break"": null, ""certified_profiles"": 1, ""optimizer_powell_attempted"": false, ""optimizer_powell_success"": false, ""optimizer_primary_failed_starts"": 0, ""optimizer_primary_successful_starts"": 2, ""optimizer_results"": [{""fun"": 16802.383752728565, ""jac"": [0.0010913936366435237, 0.0003637978829201424], ""message"": ""CONVERGENCE: REL_REDUCTION_OF_F_<=_FACTR*EPSMCH"", ""method"": ""L-BFGS-B"", ""nfev"": 45, ""nit"": 12, ""status"": 0, ""success"": true, ""x"": [0.6396661021091858, -4.086660996474533]}, {""fun"": 16802.383752728565, ""jac"": [0.0010913936366435237, 0.0003637978829201424], ""message"": ""CONVERGENCE: REL_REDUCTION_OF_F_<=_FACTR*EPSMCH"", ""method"": ""L-BFGS-B"", ""nfev"": 45, ""nit"": 12, ""status"": 0, ""success"": true, ""x"": [0.6396661021091858, -4.086660996474533]}], ""solver_path"": ""general_convolution"", ""uncertified_profiles"": 0}"
foul_leaves_5_team,team-quarter,2015-16,9840,optimization,PERS_FOUL_DRAWN,3,,0,Geom,36476.74089848093,-18233.77334374544,[],"{""p"": 0.34909710150069184}",1,True,analytic_mle,0,1,0,-18233.77334374544,0.0,0.000522000016644597,"{""binomial_discrete_residual_mean"": null, ""binomial_discrete_residual_variance"": null, ""binomial_h_extension_used"": null, ""binomial_n_candidates"": 0, ""binomial_n_max"": null, ""binomial_n_min"": null, ""binomial_n_policy"": null, ""binomial_n_tie_break"": null, ""certified_profiles"": 1, ""solver_path"": ""analytic_root"", ""uncertified_profiles"": 0}"
foul_leaves_5_team,team-quarter,2015-16,9840,optimization,PERS_FOUL_DRAWN,3,,0,Binomial,33657.67176415775,-16824.23877658385,[],"{""n"": 100, ""p"": 0.01864532520325203}",1,True,analytic_mle,0,1,0,-16824.23877658385,0.0,0.0024682999937795103,"{""binomial_discrete_residual_mean"": 1.8645325203252032, ""binomial_discrete_residual_variance"": 2.180530675771696, ""binomial_h_extension_used"": true, ""binomial_n_candidates"": 1, ""binomial_n_max"": 100, ""binomial_n_min"": 100, ""binomial_n_policy"": ""paper_H_binomial_discrete_index_continuous_full_mle"", ""binomial_n_tie_break"": ""not_applicable_single_mom_index"", ""certified_profiles"": 1, ""solver_path"": ""analytic_root"", ""uncertified_profiles"": 0}"
foul_leaves_5_team,team-quarter,2015-16,9840,optimization,PERS_FOUL_DRAWN,3,,0,Bernoulli,inf,-inf,[],{},1,False,infeasible_root_support,0,0,0,-inf,0.0,3.50000336766243e-05,"{""binomial_discrete_residual_mean"": null, ""binomial_discrete_residual_variance"": null, ""binomial_h_extension_used"": null, ""binomial_n_candidates"": 0, ""binomial_n_max"": null, ""binomial_n_min"": null, ""binomial_n_policy"": null, ""binomial_n_tie_break"": null, ""certified_profiles"": 0, ""solver_path"": ""analytic_root"", ""uncertified_profiles"": 0}"
foul_leaves_5_team,team-quarter,2015-16,9840,optimization,PERS_FOUL_DRAWN,3,FOUL,1,Poisson,29062.802495560274,-14522.20703679009,[0.40397657209280874],"{""lam"": 0.0}",2,True,poisson_convex_mle,10,17,2,-14706.0719594118,183.8649226217094,0.022913600027095526,"{""binomial_discrete_residual_mean"": null, ""binomial_discrete_residual_variance"": null, ""binomial_h_extension_used"": null, ""binomial_n_candidates"": 0, ""binomial_n_max"": null, ""binomial_n_min"": null, ""binomial_n_policy"": null, ""binomial_n_tie_break"": null, ""certified_profiles"": 1, ""optimizer_primary_failed_starts"": 0, ""optimizer_primary_successful_starts"": 2, ""optimizer_results"": [{""fun"": 14706.0719594118, ""jac"": [1477.5723121053265, 5866.456697366614], ""message"": ""CONVERGENCE: REL_REDUCTION_OF_F_<=_FACTR*EPSMCH"", ""method"": ""L-BFGS-B"", ""nfev"": 3, ""nit"": 1, ""status"": 0, ""success"": true, ""x"": [0.0, 0.46389916211190035]}, {""fun"": 14522.20703679009, ""jac"": [237.15798978444943, -4.537383571978637e-06], ""message"": ""CONVERGENCE: REL_REDUCTION_OF_F_<=_FACTR*EPSMCH"", ""method"": ""L-BFGS-B"", ""nfev"": 12, ""nit"": 9, ""status"": 0, ""success"": true, ""x"": [0.0, 0.40397657209280874]}], ""poisson_canonical_agreement_abs"": 0.0, ""solver_path"": ""poisson_convex"", ""uncertified_profiles"": 0}"
foul_leaves_5_team,team-quarter,2015-16,9840,optimization,PERS_FOUL_DRAWN,3,FOUL,1,NB,29071.997173933643,-14522.207270481753,[0.40397662485223107],"{""p"": 0.9999999855485058, ""r"": 68.18426841428945}",3,True,optimizer_converged_lbfgsb,31,158,2,-14706.086735460613,183.8794649788597,0.37712089996784925,"{""binomial_discrete_residual_mean"": null, ""binomial_discrete_residual_variance"": null, ""binomial_h_extension_used"": null, ""binomial_n_candidates"": 0, ""binomial_n_max"": null, ""binomial_n_min"": null, ""binomial_n_policy"": null, ""binomial_n_tie_break"": null, ""certified_profiles"": 1, ""optimizer_powell_attempted"": false, ""optimizer_powell_success"": false, ""optimizer_primary_failed_starts"": 0, ""optimizer_primary_successful_starts"": 2, ""optimizer_results"": [{""fun"": 14522.209399717229, ""jac"": [-0.0001818989404503292, 0.001637090463200993, -0.002910382804867217], ""message"": ""CONVERGENCE: REL_REDUCTION_OF_F_<=_FACTR*EPSMCH"", ""method"": ""L-BFGS-B"", ""nfev"": 28, ""nit"": 4, ""status"": 0, ""success"": true, ""x"": [0.4039744626249906, -0.0018663445013938009, 11.514795284053895]}, {""fun"": 14522.207270481753, ""jac"": [0.03037712305520498, 0.0, 0.0], ""message"": ""CONVERGENCE: REL_REDUCTION_OF_F_<=_FACTR*EPSMCH"", ""method"": ""L-BFGS-B"", ""nfev"": 128, ""nit"": 27, ""status"": 0, ""success"": true, ""x"": [0.40397662485223107, 4.222213869829188, 18.05246799935294]}], ""solver_path"": ""general_convolution"", ""uncertified_profiles"": 0}"
foul_leaves_5_team,team-quarter,2015-16,9840,optimization,PERS_FOUL_DRAWN,3,FOUL,1,ZIP,29071.996706597747,-14522.207036813805,[0.40397656873454535],"{""lam"": 9.999999999999996e-11, ""rho"": 1.0000000000000007e-09}",3,True,optimizer_converged_lbfgsb,37,186,2,-14706.071959559555,183.86492274574994,0.2134207999915816,"{""binomial_discrete_residual_mean"": null, ""binomial_discrete_residual_variance"": null, ""binomial_h_extension_used"": null, ""binomial_n_candidates"": 0, ""binomial_n_max"": null, ""binomial_n_min"": null, ""binomial_n_policy"": null, ""binomial_n_tie_break"": null, ""certified_profiles"": 1, ""optimizer_powell_attempted"": false, ""optimizer_powell_success"": false, ""optimizer_primary_failed_starts"": 0, ""optimizer_primary_successful_starts"": 2, ""optimizer_results"": [{""fun"": 14522.207036813805, ""jac"": [0.0003637978809006584, 0.0, 0.0], ""message"": ""CONVERGENCE: REL_REDUCTION_OF_F_<=_FACTR*EPSMCH"", ""method"": ""L-BFGS-B"", ""nfev"": 28, ""nit"": 4, ""status"": 0, ""success"": true, ""x"": [0.40397656873454535, -23.025850929940457, -20.72326583594641]}, {""fun"": 14522.2071253084, ""jac"": [0.0001818989404503292, 0.0, 0.0], ""message"": ""CONVERGENCE: REL_REDUCTION_OF_F_<=_FACTR*EPSMCH"", ""method"": ""L-BFGS-B"", ""nfev"": 156, ""nit"": 33, ""status"": 0, ""success"": true, ""x"": [0.40397648999411734, -14.801028860241612, -20.723271035744133]}], ""solver_path"": ""general_convolution"", ""uncertified_profiles"": 0}"
foul_leaves_5_team,team-quarter,2015-16,9840,optimization,PERS_FOUL_DRAWN,3,FOUL,1,Geom,29062.80249603459,-14522.207037027249,[0.40397657142241455],"{""p"": 0.9999999989999999}",2,True,optimizer_converged_lbfgsb,33,125,2,-14706.07196088937,183.86492386212194,14.032630400033668,"{""binomial_discrete_residual_mean"": null, ""binomial_discrete_residual_variance"": null, ""binomial_h_extension_used"": null, ""binomial_n_candidates"": 0, ""binomial_n_max"": null, ""binomial_n_min"": null, ""binomial_n_policy"": null, ""binomial_n_tie_break"": null, ""certified_profiles"": 1, ""optimizer_powell_attempted"": false, ""optimizer_powell_success"": false, ""optimizer_primary_failed_starts"": 0, ""optimizer_primary_successful_starts"": 2, ""optimizer_results"": [{""fun"": 14522.207037027249, ""jac"": [0.0005456968213509877, 0.0], ""message"": ""CONVERGENCE: REL_REDUCTION_OF_F_<=_FACTR*EPSMCH"", ""method"": ""L-BFGS-B"", ""nfev"": 21, ""nit"": 4, ""status"": 0, ""success"": true, ""x"": [0.40397657142241455, 20.723265861206325]}, {""fun"": 14522.20718473873, ""jac"": [0.1145963324837074, 0.0], ""message"": ""CONVERGENCE: REL_REDUCTION_OF_F_<=_FACTR*EPSMCH"", ""method"": ""L-BFGS-B"", ""nfev"": 102, ""nit"": 29, ""status"": 0, ""success"": true, ""x"": [0.40397745432557175, 14.287767732127847]}], ""solver_path"": ""general_convolution"", ""uncertified_profiles"": 0}"
foul_leaves_5_team,team-quarter,2015-16,9840,optimization,PERS_FOUL_DRAWN,3,FOUL,1,Binomial,29062.802496508903,-14522.207037264405,[0.4039765690970282],"{""n"": 2, ""p"": 1.0000000014179491e-09}",2,True,optimizer_converged_lbfgsb,36,137,2,-14686.057344485938,163.8503072215335,0.36930520000169054,"{""binomial_discrete_residual_mean"": -0.2765695474059011, ""binomial_discrete_residual_variance"": -0.8741505966725751, ""binomial_h_extension_used"": true, ""binomial_n_candidates"": 1, ""binomial_n_max"": 2, ""binomial_n_min"": 2, ""binomial_n_policy"": ""paper_H_binomial_discrete_index_continuous_full_mle"", ""binomial_n_tie_break"": ""not_applicable_single_mom_index"", ""certified_profiles"": 1, ""optimizer_powell_attempted"": false, ""optimizer_powell_success"": false, ""optimizer_primary_failed_starts"": 0, ""optimizer_primary_successful_starts"": 2, ""optimizer_results"": [{""fun"": 14522.207037264405, ""jac"": [0.0003637978809006584, 0.0], ""message"": ""CONVERGENCE: REL_REDUCTION_OF_F_<=_FACTR*EPSMCH"", ""method"": ""L-BFGS-B"", ""nfev"": 21, ""nit"": 4, ""status"": 0, ""success"": true, ""x"": [0.4039765690970282, -20.723265834528462]}, {""fun"": 14522.207207169251, ""jac"": [-0.11496013036460806, 0.00018189892530420107], ""message"": ""CONVERGENCE: REL_REDUCTION_OF_F_<=_FACTR*EPSMCH"", ""method"": ""L-BFGS-B"", ""nfev"": 114, ""nit"": 32, ""status"": 0, ""success"": true, ""x"": [0.40397539031750157, -14.839708164282717]}], ""solver_path"": ""general_convolution"", ""uncertified_profiles"": 0}"
foul_leaves_5_team,team-quarter,2015-16,9840,optimization,PERS_FOUL_DRAWN,3,FOUL,1,Bernoulli,29062.802496034594,-14522.20703702725,[0.40397656965128365],"{""p"": 1.0000000000000007e-09}",2,True,optimizer_converged_lbfgsb,35,131,2,-14607.170764482613,84.96372745536246,0.35802839999087155,"{""binomial_discrete_residual_mean"": null, ""binomial_discrete_residual_variance"": null, ""binomial_h_extension_used"": null, ""binomial_n_candidates"": 0, ""binomial_n_max"": null, ""binomial_n_min"": null, ""binomial_n_policy"": null, ""binomial_n_tie_break"": null, ""certified_profiles"": 1, ""optimizer_powell_attempted"": false, ""optimizer_powell_success"": false, ""optimizer_primary_failed_starts"": 0, ""optimizer_primary_successful_starts"": 2, ""optimizer_results"": [{""fun"": 14522.20703702725, ""jac"": [0.0001818989404503292, 0.0], ""message"": ""CONVERGENCE: REL_REDUCTION_OF_F_<=_FACTR*EPSMCH"", ""method"": ""L-BFGS-B"", ""nfev"": 21, ""nit"": 4, ""status"": 0, ""success"": true, ""x"": [0.40397656965128365, -20.72326583594641]}, {""fun"": 14522.20707348905, ""jac"": [-0.003274180928105926, 0.0], ""message"": ""CONVERGENCE: REL_REDUCTION_OF_F_<=_FACTR*EPSMCH"", ""method"": ""L-BFGS-B"", ""nfev"": 108, ""nit"": 31, ""status"": 0, ""success"": true, ""x"": [0.40397650607151664, -15.681489987958345]}], ""solver_path"": ""general_convolution"", ""uncertified_profiles"": 0}"
foul_leaves_5_team,team-quarter,2015-16,9840,optimization,PERS_FOUL_DRAWN,3,FTA,2,Poisson,32530.534023084892,-16256.0728005524,[0.11531988242873063],"{""lam"": 1.197880468736434}",2,True,poisson_convex_mle,12,21,2,-16272.797802552383,16.72500199998285,0.040499099995940924,"{""binomial_discrete_residual_mean"": null, ""binomial_discrete_residual_variance"": null, ""binomial_h_extension_used"": null, ""binomial_n_candidates"": 0, ""binomial_n_max"": null, ""binomial_n_min"": null, ""binomial_n_policy"": null, ""binomial_n_tie_break"": null, ""certified_profiles"": 1, ""optimizer_primary_failed_starts"": 0, ""optimizer_primary_successful_starts"": 2, ""optimizer_results"": [{""fun"": 16256.0728005524, ""jac"": [1.7674364197750592e-06, 2.016347075661784e-05], ""message"": ""CONVERGENCE: REL_REDUCTION_OF_F_<=_FACTR*EPSMCH"", ""method"": ""L-BFGS-B"", ""nfev"": 8, ""nit"": 6, ""status"": 0, ""success"": true, ""x"": [1.197880468736434, 0.11531988242873063]}, {""fun"": 16256.072800552616, ""jac"": [-0.0012016916194553806, -0.009572415375848298], ""message"": ""CONVERGENCE: REL_REDUCTION_OF_F_<=_FACTR*EPSMCH"", ""method"": ""L-BFGS-B"", ""nfev"": 11, ""nit"": 6, ""status"": 0, ""success"": true, ""x"": [1.1978804880074674, 0.11531983430550281]}], ""poisson_canonical_agreement_abs"": 0.0, ""solver_path"": ""poisson_convex"", ""uncertified_profiles"": 0}"
foul_leaves_5_team,team-quarter,2015-16,9840,optimization,PERS_FOUL_DRAWN,3,FTA,2,NB,32539.730001429554,-16256.073684229708,[0.1153235564151447],"{""p"": 0.9999952743482803, ""r"": 253484.00156923392}",3,True,optimizer_converged_lbfgsb,65,378,2,-16285.559779034083,29.48609480437517,1.0091589000076056,"{""binomial_discrete_residual_mean"": null, ""binomial_discrete_residual_variance"": null, ""binomial_h_extension_used"": null, ""binomial_n_candidates"": 0, ""binomial_n_max"": null, ""binomial_n_min"": null, ""binomial_n_policy"": null, ""binomial_n_tie_break"": null, ""certified_profiles"": 1, ""optimizer_powell_attempted"": false, ""optimizer_powell_success"": false, ""optimizer_primary_failed_starts"": 0, ""optimizer_primary_successful_starts"": 2, ""optimizer_results"": [{""fun"": 16256.0739937166, ""jac"": [-1.633270586303506, -0.12842064126476596, 0.12551025845989874], ""message"": ""CONVERGENCE: REL_REDUCTION_OF_F_<=_FACTR*EPSMCH"", ""method"": ""L-BFGS-B"", ""nfev"": 156, ""nit"": 31, ""status"": 0, ""success"": true, ""x"": [0.11530539948692227, 12.148576719485371, 11.967979759329566]}, {""fun"": 16256.073684229708, ""jac"": [0.8358256313692628, 0.13860698108180122, -0.135696598276934], ""message"": ""CONVERGENCE: REL_REDUCTION_OF_F_<=_FACTR*EPSMCH"", ""method"": ""L-BFGS-B"", ""nfev"": 220, ""nit"": 34, ""status"": 0, ""success"": true, ""x"": [0.1153235564151447, 12.443055989841307, 12.262500350753253]}], ""solver_path"": ""general_convolution"", ""uncertified_profiles"": 0}"
foul_leaves_5_team,team-quarter,2015-16,9840,optimization,PERS_FOUL_DRAWN,3,FTA,2,ZIP,32539.728251898316,-16256.072809464089,[0.11531910179389164],"{""lam"": 1.1978872580902977, ""rho"": 5.73375450251878e-08}",3,True,optimizer_converged_lbfgsb,70,322,2,-16282.736459544589,26.663650080499792,0.4730361999827437,"{""binomial_discrete_residual_mean"": null, ""binomial_discrete_residual_variance"": null, ""binomial_h_extension_used"": null, ""binomial_n_candidates"": 0, ""binomial_n_max"": null, ""binomial_n_min"": null, ""binomial_n_policy"": null, ""binomial_n_tie_break"": null, ""certified_profiles"": 1, ""optimizer_powell_attempted"": false, ""optimizer_powell_success"": false, ""optimizer_primary_failed_starts"": 0, ""optimizer_primary_successful_starts"": 2, ""optimizer_results"": [{""fun"": 16256.072809464089, ""jac"": [0.020190782389986544, 0.019463186628185226, 0.0], ""message"": ""CONVERGENCE: REL_REDUCTION_OF_F_<=_FACTR*EPSMCH"", ""method"": ""L-BFGS-B"", ""nfev"": 148, ""nit"": 31, ""status"": 0, ""success"": true, ""x"": [0.11531910179389164, 0.18055938682596398, -16.67431013441991]}, {""fun"": 16256.072812337505, ""jac"": [-0.028740032591152015, -0.004729372451708559, 0.00036379785060840214], ""message"": ""CONVERGENCE: REL_REDUCTION_OF_F_<=_FACTR*EPSMCH"", ""method"": ""L-BFGS-B"", ""nfev"": 172, ""nit"": 39, ""status"": 0, ""success"": true, ""x"": [0.11531975501149846, 0.18055370103883334, -16.389678531754242]}], ""solver_path"": ""general_convolution"", ""uncertified_profiles"": 0}"
foul_leaves_5_team,team-quarter,2015-16,9840,optimization,PERS_FOUL_DRAWN,3,FTA,2,Geom,33503.19926256186,-16742.405420290885,[0.17368580112177895],"{""p"": 0.5374976513348384}",2,True,optimizer_converged_lbfgsb,22,80,2,-16817.353178490564,74.94775819967981,0.20358050003414974,"{""binomial_discrete_residual_mean"": null, ""binomial_discrete_residual_variance"": null, ""binomial_h_extension_used"": null, ""binomial_n_candidates"": 0, ""binomial_n_max"": null, ""binomial_n_min"": null, ""binomial_n_policy"": null, ""binomial_n_tie_break"": null, ""certified_profiles"": 1, ""optimizer_powell_attempted"": false, ""optimizer_powell_success"": false, ""optimizer_primary_failed_starts"": 0, ""optimizer_primary_successful_starts"": 2, ""optimizer_results"": [{""fun"": 16742.405420291143, ""jac"": [0.010186340665218436, -0.0007275957618013168], ""message"": ""CONVERGENCE: REL_REDUCTION_OF_F_<=_FACTR*EPSMCH"", ""method"": ""L-BFGS-B"", ""nfev"": 39, ""nit"": 11, ""status"": 0, ""success"": true, ""x"": [0.1736858656299965, 0.15027277268473296]}, {""fun"": 16742.405420290885, ""jac"": [0.0, 0.0003637978809006584], ""message"": ""CONVERGENCE: REL_REDUCTION_OF_F_<=_FACTR*EPSMCH"", ""method"": ""L-BFGS-B"", ""nfev"": 39, ""nit"": 11, ""status"": 0, ""success"": true, ""x"": [0.17368580112177895, 0.15027275524813832]}], ""solver_path"": ""general_convolution"", ""uncertified_profiles"": 0}"
foul_leaves_5_team,team-quarter,2015-16,9840,optimization,PERS_FOUL_DRAWN,3,FTA,2,Binomial,32526.32520309381,-16253.968390556858,[0.11533366466352211],"{""n"": 100, ""p"": 0.011978008808417859}",2,True,optimizer_converged_lbfgsb,11,56,2,-16270.878040125823,16.909649568964596,0.2333509000018239,"{""binomial_discrete_residual_mean"": 1.0819525254039455, ""binomial_discrete_residual_variance"": 1.1419388321913393, ""binomial_h_extension_used"": true, ""binomial_n_candidates"": 1, ""binomial_n_max"": 100, ""binomial_n_min"": 100, ""binomial_n_policy"": ""paper_H_binomial_discrete_index_continuous_full_mle"", ""binomial_n_tie_break"": ""not_applicable_single_mom_index"", ""certified_profiles"": 1, ""optimizer_powell_attempted"": false, ""optimizer_powell_success"": false, ""optimizer_primary_failed_starts"": 0, ""optimizer_primary_successful_starts"": 2, ""optimizer_results"": [{""fun"": 16253.968390587477, ""jac"": [0.10550138546119095, 0.020736479326448114], ""message"": ""CONVERGENCE: REL_REDUCTION_OF_F_<=_FACTR*EPSMCH"", ""method"": ""L-BFGS-B"", ""nfev"": 21, ""nit"": 5, ""status"": 0, ""success"": true, ""x"": [0.1153339020460923, -4.412630948968764]}, {""fun"": 16253.968390556858, ""jac"": [0.0020008883449536214, 0.0003637978829201424], ""message"": ""CONVERGENCE: REL_REDUCTION_OF_F_<=_FACTR*EPSMCH"", ""method"": ""L-BFGS-B"", ""nfev"": 33, ""nit"": 6, ""status"": 0, ""success"": true, ""x"": [0.11533366466352211, -4.412632586566207]}], ""solver_path"": ""general_convolution"", ""uncertified_profiles"": 0}"
foul_leaves_5_team,team-quarter,2015-16,9840,optimization,PERS_FOUL_DRAWN,3,FTA,2,Bernoulli,inf,-inf,[],{},2,False,infeasible_conditional_support,0,0,0,-inf,0.0,9.370001498609781e-05,"{""binomial_discrete_residual_mean"": null, ""binomial_discrete_residual_variance"": null, ""binomial_h_extension_used"": null, ""binomial_n_candidates"": 0, ""binomial_n_max"": null, ""binomial_n_min"": null, ""binomial_n_policy"": null, ""binomial_n_tie_break"": null, ""certified_profiles"": 0, ""solver_path"": ""conditional_support_check"", ""support_violating_rows"": 257, ""uncertified_profiles"": 0}"
foul_leaves_5_team,team-quarter,2015-16,9840,optimization,PERS_FOUL_DRAWN,3,FOUL;FTA,3,Poisson,33160.339009622214,-16566.378188326038,"[0.6257901985555435, 0.0]","{""lam"": 0.0}",3,True,poisson_convex_mle,2,8,2,-16566.378188326038,0.0,0.01428410003427416,"{""binomial_discrete_residual_mean"": null, ""binomial_discrete_residual_variance"": null, ""binomial_h_extension_used"": null, ""binomial_n_candidates"": 0, ""binomial_n_max"": null, ""binomial_n_min"": null, ""binomial_n_policy"": null, ""binomial_n_tie_break"": null, ""certified_profiles"": 1, ""optimizer_primary_failed_starts"": 1, ""optimizer_primary_successful_starts"": 1, ""optimizer_results"": [{""fun"": 23966.358919330858, ""jac"": [5810.59831828072, 26359.21383184592, 35848.82990675725], ""message"": ""CONVERGENCE: REL_REDUCTION_OF_F_<=_FACTR*EPSMCH"", ""method"": ""L-BFGS-B"", ""nfev"": 3, ""nit"": 1, ""status"": 0, ""success"": true, ""x"": [0.0, 0.9627541516239131, 0.0]}, {""fun"": 16566.378188326038, ""jac"": [3640.9204896625433, 16097.867433608571, 24522.19985654967], ""message"": ""CONVERGENCE: REL_REDUCTION_OF_F_<=_FACTR*EPSMCH"", ""method"": ""L-BFGS-B"", ""nfev"": 3, ""nit"": 1, ""status"": 0, ""success"": true, ""x"": [0.0, 0.6257901985555435, 0.0]}], ""poisson_canonical_agreement_abs"": 0.0, ""solver_path"": ""poisson_convex"", ""uncertified_profiles"": 0}"
foul_leaves_5_team,team-quarter,2015-16,9840,optimization,PERS_FOUL_DRAWN,3,FOUL;FTA,3,NB,29081.19534927769,-14522.209252658751,"[0.40397459275469555, 0.0]","{""p"": 0.9999903321890125, ""r"": 0.9663629453591891}",4,True,optimizer_converged_lbfgsb,12,87,2,-16566.414597648647,2044.2053449898958,0.22744019998935983,"{""binomial_discrete_residual_mean"": null, ""binomial_discrete_residual_variance"": null, ""binomial_h_extension_used"": null, ""binomial_n_candidates"": 0, ""binomial_n_max"": null, ""binomial_n_min"": null, ""binomial_n_policy"": null, ""binomial_n_tie_break"": null, ""certified_profiles"": 1, ""optimizer_powell_attempted"": false, ""optimizer_powell_success"": false, ""optimizer_primary_failed_starts"": 0, ""optimizer_primary_successful_starts"": 2, ""optimizer_results"": [{""fun"": 14522.209252658751, ""jac"": [-0.0003637978809006584, 6753.101661161054, 0.0021827872838893377, -0.0032741806554756193], ""message"": ""CONVERGENCE: REL_REDUCTION_OF_F_<=_FACTR*EPSMCH"", ""method"": ""L-BFGS-B"", ""nfev"": 50, ""nit"": 7, ""status"": 0, ""success"": true, ""x"": [0.40397459275469555, 0.0, -0.034215795501112006, 11.54669897776911]}, {""fun"": 14522.209347576852, ""jac"": [-0.001637090464052963, 6753.098932676949, 0.001818989403556659, -0.0025465849542588154], ""message"": ""CONVERGENCE: REL_REDUCTION_OF_F_<=_FACTR*EPSMCH"", ""method"": ""L-BFGS-B"", ""nfev"": 35, ""nit"": 5, ""status"": 0, ""success"": true, ""x"": [0.40397449417970394, 0.0, -0.013162972327197948, 11.525810529973299]}], ""solver_path"": ""general_convolution"", ""uncertified_profiles"": 0}"
foul_leaves_5_team,team-quarter,2015-16,9840,optimization,PERS_FOUL_DRAWN,3,FOUL;FTA,3,ZIP,29081.1909175878,-14522.207036813807,"[0.4039765687558853, 0.0]","{""lam"": 9.999999999999996e-11, ""rho"": 1.0000000000000007e-09}",4,True,optimizer_converged_lbfgsb,12,87,2,-16566.37818869013,2044.171151876324,0.12417640001513064,"{""binomial_discrete_residual_mean"": null, ""binomial_discrete_residual_variance"": null, ""binomial_h_extension_used"": null, ""binomial_n_candidates"": 0, ""binomial_n_max"": null, ""binomial_n_min"": null, ""binomial_n_policy"": null, ""binomial_n_tie_break"": null, ""certified_profiles"": 1, ""optimizer_powell_attempted"": false, ""optimizer_powell_success"": false, ""optimizer_primary_failed_starts"": 0, ""optimizer_primary_successful_starts"": 2, ""optimizer_results"": [{""fun"": 14522.207036813807, ""jac"": [0.0001818989404503292, 6753.1296735978685, 0.0, 0.0], ""message"": ""CONVERGENCE: REL_REDUCTION_OF_F_<=_FACTR*EPSMCH"", ""method"": ""L-BFGS-B"", ""nfev"": 50, ""nit"": 7, ""status"": 0, ""success"": true, ""x"": [0.4039765687558853, 0.0, -23.025850929940457, -20.72326583594641]}, {""fun"": 14522.207036813808, ""jac"": [0.0, 6753.1291279010475, 0.0, 0.0], ""message"": ""CONVERGENCE: NORM_OF_PROJECTED_GRADIENT_<=_PGTOL"", ""method"": ""L-BFGS-B"", ""nfev"": 35, ""nit"": 5, ""status"": 0, ""success"": true, ""x"": [0.4039765668955805, 0.0, -23.025850929940457, -20.72326583594641]}], ""solver_path"": ""general_convolution"", ""uncertified_profiles"": 0}"
foul_leaves_5_team,team-quarter,2015-16,9840,optimization,PERS_FOUL_DRAWN,3,FOUL;FTA,3,Geom,29071.996707024577,-14522.20703702722,"[0.4039765665338893, 0.0]","{""p"": 0.9999999990001371}",3,True,optimizer_converged_lbfgsb,12,70,2,-16566.37819196696,2044.1711549397405,12.462600899976678,"{""binomial_discrete_residual_mean"": null, ""binomial_discrete_residual_variance"": null, ""binomial_h_extension_used"": null, ""binomial_n_candidates"": 0, ""binomial_n_max"": null, ""binomial_n_min"": null, ""binomial_n_policy"": null, ""binomial_n_tie_break"": null, ""certified_profiles"": 1, ""optimizer_powell_attempted"": false, ""optimizer_powell_success"": false, ""optimizer_primary_failed_starts"": 0, ""optimizer_primary_successful_starts"": 2, ""optimizer_results"": [{""fun"": 14522.207037027249, ""jac"": [0.0001818989404503292, 6753.129855496809, 0.0], ""message"": ""CONVERGENCE: REL_REDUCTION_OF_F_<=_FACTR*EPSMCH"", ""method"": ""L-BFGS-B"", ""nfev"": 40, ""nit"": 7, ""status"": 0, ""success"": true, ""x"": [0.4039765700691255, 0.0, 20.72326586568377]}, {""fun"": 14522.20703702722, ""jac"": [-0.0001818989404503292, 6753.128946002107, 0.0], ""message"": ""CONVERGENCE: REL_REDUCTION_OF_F_<=_FACTR*EPSMCH"", ""method"": ""L-BFGS-B"", ""nfev"": 28, ""nit"": 5, ""status"": 0, ""success"": true, ""x"": [0.4039765665338893, 0.0, 20.723402893710034]}], ""solver_path"": ""general_convolution"", ""uncertified_profiles"": 0}"
foul_leaves_5_team,team-quarter,2015-16,9840,optimization,PERS_FOUL_DRAWN,3,FOUL;FTA,3,Binomial,29071.996707498954,-14522.207037264408,"[0.40397656632546736, 0.0]","{""n"": 2, ""p"": 1.0000000000000007e-09}",3,True,optimizer_converged_lbfgsb,12,70,2,-16566.37819560788,2044.1711583434699,0.21744410000974312,"{""binomial_discrete_residual_mean"": -2.579008389243053, ""binomial_discrete_residual_variance"": -6.197875165705453, ""binomial_h_extension_used"": true, ""binomial_n_candidates"": 1, ""binomial_n_max"": 2, ""binomial_n_min"": 2, ""binomial_n_policy"": ""paper_H_binomial_discrete_index_continuous_full_mle"", ""binomial_n_tie_break"": ""not_applicable_single_mom_index"", ""certified_profiles"": 1, ""optimizer_powell_attempted"": false, ""optimizer_powell_success"": false, ""optimizer_primary_failed_starts"": 0, ""optimizer_primary_successful_starts"": 2, ""optimizer_results"": [{""fun"": 14522.207037264408, ""jac"": [0.0, 6753.1291279010475, 0.0], ""message"": ""CONVERGENCE: NORM_OF_PROJECTED_GRADIENT_<=_PGTOL"", ""method"": ""L-BFGS-B"", ""nfev"": 40, ""nit"": 7, ""status"": 0, ""success"": true, ""x"": [0.40397656632546736, 0.0, -20.72326583594641]}, {""fun"": 14522.207037264408, ""jac"": [-0.0001818989404503292, 6753.1291279010475, -0.00036379785060840214], ""message"": ""CONVERGENCE: REL_REDUCTION_OF_F_<=_FACTR*EPSMCH"", ""method"": ""L-BFGS-B"", ""nfev"": 28, ""nit"": 5, ""status"": 0, ""success"": true, ""x"": [0.4039765662176022, 0.0, -20.72326583594641]}], ""solver_path"": ""general_convolution"", ""uncertified_profiles"": 0}"
foul_leaves_5_team,team-quarter,2015-16,9840,optimization,PERS_FOUL_DRAWN,3,FOUL;FTA,3,Bernoulli,29071.99670702464,-14522.20703702725,"[0.4039765666306452, 0.0]","{""p"": 1.0000000000000007e-09}",3,True,optimizer_converged_lbfgsb,12,70,2,-16566.37819196696,2044.1711549397096,0.17138509999495,"{""binomial_discrete_residual_mean"": null, ""binomial_discrete_residual_variance"": null, ""binomial_h_extension_used"": null, ""binomial_n_candidates"": 0, ""binomial_n_max"": null, ""binomial_n_min"": null, ""binomial_n_policy"": null, ""binomial_n_tie_break"": null, ""certified_profiles"": 1, ""optimizer_powell_attempted"": false, ""optimizer_powell_success"": false, ""optimizer_primary_failed_starts"": 0, ""optimizer_primary_successful_starts"": 2, ""optimizer_results"": [{""fun"": 14522.20703702725, ""jac"": [0.0001818989404503292, 6753.129309799988, 0.0], ""message"": ""CONVERGENCE: REL_REDUCTION_OF_F_<=_FACTR*EPSMCH"", ""method"": ""L-BFGS-B"", ""nfev"": 40, ""nit"": 7, ""status"": 0, ""success"": true, ""x"": [0.4039765666306452, 0.0, -20.72326583594641]}, {""fun"": 14522.20703702725, ""jac"": [-0.0001818989404503292, 6753.129309799988, 0.0], ""message"": ""CONVERGENCE: REL_REDUCTION_OF_F_<=_FACTR*EPSMCH"", ""method"": ""L-BFGS-B"", ""nfev"": 28, ""nit"": 5, ""status"": 0, ""success"": true, ""x"": [0.4039765643113893, 0.0, -20.72326583594641]}], ""solver_path"": ""general_convolution"", ""uncertified_profiles"": 0}"
foul_leaves_5_team,team-quarter,2015-16,9840,optimization,PERS_FOUL_DRAWN,3,FTM,4,Poisson,32695.52695146544,-16338.569264742673,[0.13499336702775117],"{""lam"": 1.2738953916325422}",2,True,poisson_convex_mle,16,22,2,-16345.894064419004,7.324799676331168,0.04429839999647811,"{""binomial_discrete_residual_mean"": null, ""binomial_discrete_residual_variance"": null, ""binomial_h_extension_used"": null, ""binomial_n_candidates"": 0, ""binomial_n_max"": null, ""binomial_n_min"": null, ""binomial_n_policy"": null, ""binomial_n_tie_break"": null, ""certified_profiles"": 1, ""optimizer_primary_failed_starts"": 0, ""optimizer_primary_successful_starts"": 2, ""optimizer_results"": [{""fun"": 16338.56926474268, ""jac"": [-0.00010713038153686849, 0.00035541804921934705], ""message"": ""CONVERGENCE: REL_REDUCTION_OF_F_<=_FACTR*EPSMCH"", ""method"": ""L-BFGS-B"", ""nfev"": 7, ""nit"": 5, ""status"": 0, ""success"": true, ""x"": [1.2738953127765953, 0.134993381036966]}, {""fun"": 16338.569264742673, ""jac"": [4.1490899224227995e-05, 0.0002330108952131038], ""message"": ""CONVERGENCE: REL_REDUCTION_OF_F_<=_FACTR*EPSMCH"", ""method"": ""L-BFGS-B"", ""nfev"": 13, ""nit"": 11, ""status"": 0, ""success"": true, ""x"": [1.2738953916325422, 0.13499336702775117]}], ""poisson_canonical_agreement_abs"": 0.0, ""solver_path"": ""poisson_convex"", ""uncertified_profiles"": 0}"
foul_leaves_5_team,team-quarter,2015-16,9840,optimization,PERS_FOUL_DRAWN,3,FTM,4,NB,32704.723132195773,-16338.570249612818,[0.1349964882339591],"{""p"": 0.9999914603235226, ""r"": 149171.09735507696}",3,True,optimizer_converged_lbfgsb,61,362,2,-16364.844045096515,26.27379548369754,0.95986579998862,"{""binomial_discrete_residual_mean"": null, ""binomial_discrete_residual_variance"": null, ""binomial_h_extension_used"": null, ""binomial_n_candidates"": 0, ""binomial_n_max"": null, ""binomial_n_min"": null, ""binomial_n_policy"": null, ""binomial_n_tie_break"": null, ""certified_profiles"": 1, ""optimizer_powell_attempted"": false, ""optimizer_powell_success"": false, ""optimizer_primary_failed_starts"": 0, ""optimizer_primary_successful_starts"": 2, ""optimizer_results"": [{""fun"": 16338.570249612818, ""jac"": [0.15661498772773347, -0.002182787103650413, 0.0023646860289546143], ""message"": ""CONVERGENCE: REL_REDUCTION_OF_F_<=_FACTR*EPSMCH"", ""method"": ""L-BFGS-B"", ""nfev"": 196, ""nit"": 29, ""status"": 0, ""success"": true, ""x"": [0.1349964882339591, 11.912849230526877, 11.670778894386189]}, {""fun"": 16338.571324424822, ""jac"": [5.97265170968656, 1.3507814193089973, -1.353328004263256], ""message"": ""CONVERGENCE: REL_REDUCTION_OF_F_<=_FACTR*EPSMCH"", ""method"": ""L-BFGS-B"", ""nfev"": 164, ""nit"": 32, ""status"": 0, ""success"": true, ""x"": [0.13503517852274768, 11.247557327860932, 11.005449285570126]}], ""solver_path"": ""general_convolution"", ""uncertified_profiles"": 0}"
foul_leaves_5_team,team-quarter,2015-16,9840,optimization,PERS_FOUL_DRAWN,3,FTM,4,ZIP,32704.721435909294,-16338.569401469578,[0.1349933804161937],"{""lam"": 1.2738967440025954, ""rho"": 1.1943894540532536e-06}",3,True,optimizer_converged_lbfgsb,64,330,2,-16365.79087123608,27.221469766502196,0.4839044000254944,"{""binomial_discrete_residual_mean"": null, ""binomial_discrete_residual_variance"": null, ""binomial_h_extension_used"": null, ""binomial_n_candidates"": 0, ""binomial_n_max"": null, ""binomial_n_min"": null, ""binomial_n_policy"": null, ""binomial_n_tie_break"": null, ""certified_profiles"": 1, ""optimizer_powell_attempted"": false, ""optimizer_powell_success"": false, ""optimizer_primary_failed_starts"": 0, ""optimizer_primary_successful_starts"": 2, ""optimizer_results"": [{""fun"": 16338.569445661564, ""jac"": [0.1837179298548325, 0.03838067643501947, 0.0], ""message"": ""CONVERGENCE: REL_REDUCTION_OF_F_<=_FACTR*EPSMCH"", ""method"": ""L-BFGS-B"", ""nfev"": 168, ""nit"": 29, ""status"": 0, ""success"": true, ""x"": [0.13499486512585948, 0.24208088969555602, -13.358567738155129]}, {""fun"": 16338.569401469578, ""jac"": [-0.0009094947022516461, -0.0003637978809006584, -0.00018189892530420107], ""message"": ""CONVERGENCE: REL_REDUCTION_OF_F_<=_FACTR*EPSMCH"", ""method"": ""L-BFGS-B"", ""nfev"": 160, ""nit"": 35, ""status"": 0, ""success"": true, ""x"": [0.1349933804161937, 0.24208050520176833, -13.6378742258635]}], ""solver_path"": ""general_convolution"", ""uncertified_profiles"": 0}"
foul_leaves_5_team,team-quarter,2015-16,9840,optimization,PERS_FOUL_DRAWN,3,FTM,4,Geom,33793.40247958106,-16887.507028800486,[0.2100943537593477],"{""p"": 0.5140580369493213}",2,True,optimizer_converged_lbfgsb,22,80,2,-16990.54017947092,103.03315067043513,0.20595490001142025,"{""binomial_discrete_residual_mean"": null, ""binomial_discrete_residual_variance"": null, ""binomial_h_extension_used"": null, ""binomial_n_candidates"": 0, ""binomial_n_max"": null, ""binomial_n_min"": null, ""binomial_n_policy"": null, ""binomial_n_tie_break"": null, ""certified_profiles"": 1, ""optimizer_powell_attempted"": false, ""optimizer_powell_success"": false, ""optimizer_primary_failed_starts"": 0, ""optimizer_primary_successful_starts"": 2, ""optimizer_results"": [{""fun"": 16887.507028800486, ""jac"": [0.0010913936427019754, 0.0003637978806482229], ""message"": ""CONVERGENCE: REL_REDUCTION_OF_F_<=_FACTR*EPSMCH"", ""method"": ""L-BFGS-B"", ""nfev"": 39, ""nit"": 11, ""status"": 0, ""success"": true, ""x"": [0.2100943537593477, 0.05624697225536102]}, {""fun"": 16887.507028800504, ""jac"": [0.002546585166304609, 0.0], ""message"": ""CONVERGENCE: REL_REDUCTION_OF_F_<=_FACTR*EPSMCH"", ""method"": ""L-BFGS-B"", ""nfev"": 39, ""nit"": 11, ""status"": 0, ""success"": true, ""x"": [0.2100943677323153, 0.05624697651105306]}], ""solver_path"": ""general_convolution"", ""uncertified_profiles"": 0}"
foul_leaves_5_team,team-quarter,2015-16,9840,optimization,PERS_FOUL_DRAWN,3,FTM,4,Binomial,32692.929671574366,-16337.270624797136,[0.13528588281162077],"{""n"": 100, ""p"": 0.012726154161740074}",2,True,optimizer_converged_lbfgsb,14,56,2,-16344.45499318657,7.184368389433075,0.26556760002858937,"{""binomial_discrete_residual_mean"": 1.1996562034082654, ""binomial_discrete_residual_variance"": 1.3075219355414749, ""binomial_h_extension_used"": true, ""binomial_n_candidates"": 1, ""binomial_n_max"": 100, ""binomial_n_min"": 100, ""binomial_n_policy"": ""paper_H_binomial_discrete_index_continuous_full_mle"", ""binomial_n_tie_break"": ""not_applicable_single_mom_index"", ""certified_profiles"": 1, ""optimizer_powell_attempted"": false, ""optimizer_powell_success"": false, ""optimizer_primary_failed_starts"": 0, ""optimizer_primary_successful_starts"": 2, ""optimizer_results"": [{""fun"": 16337.270624797173, ""jac"": [0.007275957618013169, 0.0009094947073003559], ""message"": ""CONVERGENCE: REL_REDUCTION_OF_F_<=_FACTR*EPSMCH"", ""method"": ""L-BFGS-B"", ""nfev"": 21, ""nit"": 5, ""status"": 0, ""success"": true, ""x"": [0.13528601374595847, -4.351288394491216]}, {""fun"": 16337.270624797136, ""jac"": [-0.0043655745708079015, 0.0], ""message"": ""CONVERGENCE: REL_REDUCTION_OF_F_<=_FACTR*EPSMCH"", ""method"": ""L-BFGS-B"", ""nfev"": 33, ""nit"": 9, ""status"": 0, ""success"": true, ""x"": [0.13528588281162077, -4.351288195017492]}], ""solver_path"": ""general_convolution"", ""uncertified_profiles"": 0}"
foul_leaves_5_team,team-quarter,2015-16,9840,optimization,PERS_FOUL_DRAWN,3,FTM,4,Bernoulli,inf,-inf,[],{},2,False,infeasible_conditional_support,0,0,0,-inf,0.0,8.219998562708497e-05,"{""binomial_discrete_residual_mean"": null, ""binomial_discrete_residual_variance"": null, ""binomial_h_extension_used"": null, ""binomial_n_candidates"": 0, ""binomial_n_max"": null, ""binomial_n_min"": null, ""binomial_n_policy"": null, ""binomial_n_tie_break"": null, ""certified_profiles"": 0, ""solver_path"": ""conditional_support_check"", ""support_violating_rows"": 346, ""uncertified_profiles"": 0}"
foul_leaves_5_team,team-quarter,2015-16,9840,optimization,PERS_FOUL_DRAWN,3,FOUL;FTM,5,Poisson,30049.023907363553,-15010.720637196708,"[0.5045050787757518, 0.0]","{""lam"": 0.0}",3,True,poisson_convex_mle,2,8,2,-15010.720637196708,0.0,0.014284799981396645,"{""binomial_discrete_residual_mean"": null, ""binomial_discrete_residual_variance"": null, ""binomial_h_extension_used"": null, ""binomial_n_candidates"": 0, ""binomial_n_max"": null, ""binomial_n_min"": null, ""binomial_n_policy"": null, ""binomial_n_tie_break"": null, ""certified_profiles"": 1, ""optimizer_primary_failed_starts"": 1, ""optimizer_primary_successful_starts"": 1, ""optimizer_results"": [{""fun"": 19444.70175286051, ""jac"": [4841.913390877808, 21777.88315697648, 23317.97599125812], ""message"": ""CONVERGENCE: REL_REDUCTION_OF_F_<=_FACTR*EPSMCH"", ""method"": ""L-BFGS-B"", ""nfev"": 3, ""nit"": 1, ""status"": 0, ""success"": true, ""x"": [0.0, 0.7761616596550027, 0.0]}, {""fun"": 15010.720637196708, ""jac"": [2150.6359859658924, 9049.666395348322, 12691.424601935392], ""message"": ""CONVERGENCE: REL_REDUCTION_OF_F_<=_FACTR*EPSMCH"", ""method"": ""L-BFGS-B"", ""nfev"": 3, ""nit"": 1, ""status"": 0, ""success"": true, ""x"": [0.0, 0.5045050787757518, 0.0]}], ""poisson_canonical_agreement_abs"": 0.0, ""solver_path"": ""poisson_convex"", ""uncertified_profiles"": 0}"
foul_leaves_5_team,team-quarter,2015-16,9840,optimization,PERS_FOUL_DRAWN,3,FOUL;FTM,5,NB,29081.195448355676,-14522.209302197745,"[0.40397454344187766, 0.0]","{""p"": 0.999990227640312, ""r"": 0.9773964705560974}",4,True,optimizer_converged_lbfgsb,11,87,2,-15010.742143817813,488.5328416200682,0.19531320000533015,"{""binomial_discrete_residual_mean"": null, ""binomial_discrete_residual_variance"": null, ""binomial_h_extension_used"": null, ""binomial_n_candidates"": 0, ""binomial_n_max"": null, ""binomial_n_min"": null, ""binomial_n_policy"": null, ""binomial_n_tie_break"": null, ""certified_profiles"": 1, ""optimizer_powell_attempted"": false, ""optimizer_powell_success"": false, ""optimizer_primary_failed_starts"": 0, ""optimizer_primary_successful_starts"": 2, ""optimizer_results"": [{""fun"": 14522.209302197745, ""jac"": [0.0, 5136.0057113924995, 0.002364686224213449, -0.0025465849542588154], ""message"": ""CONVERGENCE: REL_REDUCTION_OF_F_<=_FACTR*EPSMCH"", ""method"": ""L-BFGS-B"", ""nfev"": 45, ""nit"": 6, ""status"": 0, ""success"": true, ""x"": [0.40397454344187766, 0.0, -0.022862905206319072, 11.535942824817639]}, {""fun"": 14522.209388103422, ""jac"": [0.0001818989404503292, 5136.005529493559, 0.002182787284267991, -0.0023646860289546143], ""message"": ""CONVERGENCE: REL_REDUCTION_OF_F_<=_FACTR*EPSMCH"", ""method"": ""L-BFGS-B"", ""nfev"": 40, ""nit"": 5, ""status"": 0, ""success"": true, ""x"": [0.4039744708779961, 0.0, -0.004468368293529664, 11.517120111770167]}], ""solver_path"": ""general_convolution"", ""uncertified_profiles"": 0}"
foul_leaves_5_team,team-quarter,2015-16,9840,optimization,PERS_FOUL_DRAWN,3,FOUL;FTM,5,ZIP,29081.190917587795,-14522.207036813805,"[0.40397656581274916, 0.0]","{""lam"": 9.999999999999996e-11, ""rho"": 1.0000000000000007e-09}",4,True,optimizer_converged_lbfgsb,11,87,2,-15010.720637411769,488.5136005979639,0.12299110001185909,"{""binomial_discrete_residual_mean"": null, ""binomial_discrete_residual_variance"": null, ""binomial_h_extension_used"": null, ""binomial_n_candidates"": 0, ""binomial_n_max"": null, ""binomial_n_min"": null, ""binomial_n_policy"": null, ""binomial_n_tie_break"": null, ""certified_profiles"": 1, ""optimizer_powell_attempted"": false, ""optimizer_powell_success"": false, ""optimizer_primary_failed_starts"": 0, ""optimizer_primary_successful_starts"": 2, ""optimizer_results"": [{""fun"": 14522.207036813808, ""jac"": [0.0, 5136.02626597276, 0.0, 0.0], ""message"": ""CONVERGENCE: NORM_OF_PROJECTED_GRADIENT_<=_PGTOL"", ""method"": ""L-BFGS-B"", ""nfev"": 45, ""nit"": 6, ""status"": 0, ""success"": true, ""x"": [0.4039765669035488, 0.0, -23.025850929940457, -20.72326583594641]}, {""fun"": 14522.207036813805, ""jac"": [0.0001818989404503292, 5136.0264478717, 0.0, 0.0], ""message"": ""CONVERGENCE: REL_REDUCTION_OF_F_<=_FACTR*EPSMCH"", ""method"": ""L-BFGS-B"", ""nfev"": 40, ""nit"": 5, ""status"": 0, ""success"": true, ""x"": [0.40397656581274916, 0.0, -23.025850929940457, -20.72326583594641]}], ""solver_path"": ""general_convolution"", ""uncertified_profiles"": 0}"
foul_leaves_5_team,team-quarter,2015-16,9840,optimization,PERS_FOUL_DRAWN,3,FOUL;FTM,5,Geom,29071.996707024562,-14522.207037027212,"[0.403976568009888, 0.0]","{""p"": 0.9999999990001587}",3,True,optimizer_converged_lbfgsb,11,70,2,-15010.720639347343,488.5136023201303,11.607476499979384,"{""binomial_discrete_residual_mean"": null, ""binomial_discrete_residual_variance"": null, ""binomial_h_extension_used"": null, ""binomial_n_candidates"": 0, ""binomial_n_max"": null, ""binomial_n_min"": null, ""binomial_n_policy"": null, ""binomial_n_tie_break"": null, ""certified_profiles"": 1, ""optimizer_powell_attempted"": false, ""optimizer_powell_success"": false, ""optimizer_primary_failed_starts"": 0, ""optimizer_primary_successful_starts"": 2, ""optimizer_results"": [{""fun"": 14522.207037027212, ""jac"": [0.0001818989404503292, 5136.02662977064, 0.0], ""message"": ""CONVERGENCE: REL_REDUCTION_OF_F_<=_FACTR*EPSMCH"", ""method"": ""L-BFGS-B"", ""nfev"": 36, ""nit"": 6, ""status"": 0, ""success"": true, ""x"": [0.403976568009888, 0.0, 20.72342442563858]}, {""fun"": 14522.207037027249, ""jac"": [0.0003637978809006584, 5136.026811669581, 0.0], ""message"": ""CONVERGENCE: REL_REDUCTION_OF_F_<=_FACTR*EPSMCH"", ""method"": ""L-BFGS-B"", ""nfev"": 32, ""nit"": 5, ""status"": 0, ""success"": true, ""x"": [0.40397656907960167, 0.0, 20.72326586332329]}], ""solver_path"": ""general_convolution"", ""uncertified_profiles"": 0}"
foul_leaves_5_team,team-quarter,2015-16,9840,optimization,PERS_FOUL_DRAWN,3,FOUL;FTM,5,Binomial,29071.996707498954,-14522.207037264408,"[0.4039765642578347, 0.0]","{""n"": 2, ""p"": 1.0000000000000007e-09}",3,True,optimizer_converged_lbfgsb,11,70,2,-15010.720641497977,488.5136042335689,0.2490624000201933,"{""binomial_discrete_residual_mean"": -1.7178006031393906, ""binomial_discrete_residual_variance"": -3.9592303612807385, ""binomial_h_extension_used"": true, ""binomial_n_candidates"": 1, ""binomial_n_max"": 2, ""binomial_n_min"": 2, ""binomial_n_policy"": ""paper_H_binomial_discrete_index_continuous_full_mle"", ""binomial_n_tie_break"": ""not_applicable_single_mom_index"", ""certified_profiles"": 1, ""optimizer_powell_attempted"": false, ""optimizer_powell_success"": false, ""optimizer_primary_failed_starts"": 0, ""optimizer_primary_successful_starts"": 2, ""optimizer_results"": [{""fun"": 14522.207037264408, ""jac"": [0.0, 5136.02626597276, 0.0], ""message"": ""CONVERGENCE: NORM_OF_PROJECTED_GRADIENT_<=_PGTOL"", ""method"": ""L-BFGS-B"", ""nfev"": 36, ""nit"": 6, ""status"": 0, ""success"": true, ""x"": [0.4039765642578347, 0.0, -20.72326583594641]}, {""fun"": 14522.207037264408, ""jac"": [-0.0003637978809006584, 5136.02626597276, 0.0], ""message"": ""CONVERGENCE: REL_REDUCTION_OF_F_<=_FACTR*EPSMCH"", ""method"": ""L-BFGS-B"", ""nfev"": 32, ""nit"": 5, ""status"": 0, ""success"": true, ""x"": [0.40397656494372997, 0.0, -20.72326583594641]}], ""solver_path"": ""general_convolution"", ""uncertified_profiles"": 0}"
foul_leaves_5_team,team-quarter,2015-16,9840,optimization,PERS_FOUL_DRAWN,3,FOUL;FTM,5,Bernoulli,29071.99670702464,-14522.20703702725,"[0.4039765669139991, 0.0]","{""p"": 1.0000000000000007e-09}",3,True,optimizer_converged_lbfgsb,11,70,2,-15010.720639347343,488.5136023200921,0.17468229995574802,"{""binomial_discrete_residual_mean"": null, ""binomial_discrete_residual_variance"": null, ""binomial_h_extension_used"": null, ""binomial_n_candidates"": 0, ""binomial_n_max"": null, ""binomial_n_min"": null, ""binomial_n_policy"": null, ""binomial_n_tie_break"": null, ""certified_profiles"": 1, ""optimizer_powell_attempted"": false, ""optimizer_powell_success"": false, ""optimizer_primary_failed_starts"": 0, ""optimizer_primary_successful_starts"": 2, ""optimizer_results"": [{""fun"": 14522.20703702725, ""jac"": [-0.0001818989404503292, 5136.0264478717, 0.0], ""message"": ""CONVERGENCE: REL_REDUCTION_OF_F_<=_FACTR*EPSMCH"", ""method"": ""L-BFGS-B"", ""nfev"": 36, ""nit"": 6, ""status"": 0, ""success"": true, ""x"": [0.4039765669139991, 0.0, -20.72326583594641]}, {""fun"": 14522.20703702725, ""jac"": [0.0, 5136.02662977064, 0.0], ""message"": ""CONVERGENCE: NORM_OF_PROJECTED_GRADIENT_<=_PGTOL"", ""method"": ""L-BFGS-B"", ""nfev"": 32, ""nit"": 5, ""status"": 0, ""success"": true, ""x"": [0.40397656690226424, 0.0, -20.72326583594641]}], ""solver_path"": ""general_convolution"", ""uncertified_profiles"": 0}"
foul_leaves_5_team,team-quarter,2015-16,9840,optimization,PERS_FOUL_DRAWN,3,FTA;FTM,6,Poisson,32539.728234074937,-16256.0728005524,"[0.11531988131011926, 0.0]","{""lam"": 1.1978804493493576}",3,True,poisson_convex_mle,12,20,2,-16261.481576109582,5.408775557181798,0.04123630002140999,"{""binomial_discrete_residual_mean"": null, ""binomial_discrete_residual_variance"": null, ""binomial_h_extension_used"": null, ""binomial_n_candidates"": 0, ""binomial_n_max"": null, ""binomial_n_min"": null, ""binomial_n_policy"": null, ""binomial_n_tie_break"": null, ""certified_profiles"": 1, ""optimizer_primary_failed_starts"": 0, ""optimizer_primary_successful_starts"": 2, ""optimizer_results"": [{""fun"": 16256.0728005524, ""jac"": [-0.00013711311413544536, -0.0007432576239807531, 116.29619384636794], ""message"": ""CONVERGENCE: REL_REDUCTION_OF_F_<=_FACTR*EPSMCH"", ""method"": ""L-BFGS-B"", ""nfev"": 9, ""nit"": 7, ""status"": 0, ""success"": true, ""x"": [1.1978804493493576, 0.11531988131011926, 0.0]}, {""fun"": 16256.072800552583, ""jac"": [-0.00025995732980277353, -0.006551121872917065, 116.29186602673053], ""message"": ""CONVERGENCE: REL_REDUCTION_OF_F_<=_FACTR*EPSMCH"", ""method"": ""L-BFGS-B"", ""nfev"": 9, ""nit"": 5, ""status"": 0, ""success"": true, ""x"": [1.197880755044161, 0.11531981406886681, 0.0]}], ""poisson_canonical_agreement_abs"": 0.0, ""solver_path"": ""poisson_convex"", ""uncertified_profiles"": 0}"
foul_leaves_5_team,team-quarter,2015-16,9840,optimization,PERS_FOUL_DRAWN,3,FTA;FTM,6,NB,32548.926656041236,-16256.074906040525,"[0.1153198579447446, 0.0]","{""p"": 0.9999887196733283, ""r"": 106190.81457441156}",4,True,optimizer_converged_lbfgsb,31,277,2,-16297.970979981948,41.89607394142331,0.671326500014402,"{""binomial_discrete_residual_mean"": null, ""binomial_discrete_residual_variance"": null, ""binomial_h_extension_used"": null, ""binomial_n_candidates"": 0, ""binomial_n_max"": null, ""binomial_n_min"": null, ""binomial_n_policy"": null, ""binomial_n_tie_break"": null, ""certified_profiles"": 1, ""optimizer_powell_attempted"": false, ""optimizer_powell_success"": false, ""optimizer_primary_failed_starts"": 0, ""optimizer_primary_successful_starts"": 2, ""optimizer_results"": [{""fun"": 16256.074906040525, ""jac"": [-0.0010913936427019754, 116.29545042524114, -0.0025465849542588154, -0.0009094946265210054], ""message"": ""CONVERGENCE: REL_REDUCTION_OF_F_<=_FACTR*EPSMCH"", ""method"": ""L-BFGS-B"", ""nfev"": 45, ""nit"": 7, ""status"": 0, ""success"": true, ""x"": [0.1153198579447446, 0.0, 11.572992892282977, 11.392439071663446]}, {""fun"": 16256.07733335355, ""jac"": [-35.39298633812281, 89.67726898845285, -5.521723776534328, 5.531910116351363], ""message"": ""CONVERGENCE: REL_REDUCTION_OF_F_<=_FACTR*EPSMCH"", ""method"": ""L-BFGS-B"", ""nfev"": 230, ""nit"": 24, ""status"": 0, ""success"": true, ""x"": [0.11515317630324474, 0.0, 11.875354424013537, 11.694810539492565]}], ""solver_path"": ""general_convolution"", ""uncertified_profiles"": 0}"
foul_leaves_5_team,team-quarter,2015-16,9840,optimization,PERS_FOUL_DRAWN,3,FTA;FTM,6,ZIP,32548.922445374184,-16256.072800707,"[0.11531987896424259, 0.0]","{""lam"": 1.1978804725095304, ""rho"": 1.0000000000000007e-09}",4,True,optimizer_converged_lbfgsb,39,257,2,-16305.56459245042,49.491791743421345,0.2663921000203118,"{""binomial_discrete_residual_mean"": null, ""binomial_discrete_residual_variance"": null, ""binomial_h_extension_used"": null, ""binomial_n_candidates"": 0, ""binomial_n_max"": null, ""binomial_n_min"": null, ""binomial_n_policy"": null, ""binomial_n_tie_break"": null, ""certified_profiles"": 1, ""optimizer_powell_attempted"": false, ""optimizer_powell_success"": false, ""optimizer_primary_failed_starts"": 0, ""optimizer_primary_successful_starts"": 2, ""optimizer_results"": [{""fun"": 16256.072800707, ""jac"": [0.0003637978809006584, 116.29672371782362, -0.0001818989404503292, 0.0], ""message"": ""CONVERGENCE: REL_REDUCTION_OF_F_<=_FACTR*EPSMCH"", ""method"": ""L-BFGS-B"", ""nfev"": 45, ""nit"": 7, ""status"": 0, ""success"": true, ""x"": [0.11531987896424259, 0.0, 0.18055372218604035, -20.72326583594641]}, {""fun"": 16256.072828849612, ""jac"": [0.0, 116.29654181888327, -0.0001818989404503292, 0.0], ""message"": ""CONVERGENCE: REL_REDUCTION_OF_F_<=_FACTR*EPSMCH"", ""method"": ""L-BFGS-B"", ""nfev"": 210, ""nit"": 32, ""status"": 0, ""success"": true, ""x"": [0.11531987017677664, 0.0, 0.18055395939441565, -15.513572809572596]}], ""solver_path"": ""general_convolution"", ""uncertified_profiles"": 0}"
foul_leaves_5_team,team-quarter,2015-16,9840,optimization,PERS_FOUL_DRAWN,3,FTA;FTM,6,Geom,33512.393473551914,-16742.40542029089,"[0.17368580123933605, 0.0]","{""p"": 0.5374976570326194}",3,True,optimizer_converged_lbfgsb,23,114,2,-16752.68155595091,10.276135660020373,0.1816124000470154,"{""binomial_discrete_residual_mean"": null, ""binomial_discrete_residual_variance"": null, ""binomial_h_extension_used"": null, ""binomial_n_candidates"": 0, ""binomial_n_max"": null, ""binomial_n_min"": null, ""binomial_n_policy"": null, ""binomial_n_tie_break"": null, ""certified_profiles"": 1, ""optimizer_powell_attempted"": false, ""optimizer_powell_success"": false, ""optimizer_primary_failed_starts"": 0, ""optimizer_primary_successful_starts"": 2, ""optimizer_results"": [{""fun"": 16742.40542029116, ""jac"": [-0.008003553379814485, 67.04176485072821, 0.0010913936427019754], ""message"": ""CONVERGENCE: REL_REDUCTION_OF_F_<=_FACTR*EPSMCH"", ""method"": ""L-BFGS-B"", ""nfev"": 52, ""nit"": 10, ""status"": 0, ""success"": true, ""x"": [0.1736857795830667, 0.0, 0.15027304102491698]}, {""fun"": 16742.40542029089, ""jac"": [-0.0007275957618013168, 67.04722181893885, -0.0003637978809006584], ""message"": ""CONVERGENCE: REL_REDUCTION_OF_F_<=_FACTR*EPSMCH"", ""method"": ""L-BFGS-B"", ""nfev"": 60, ""nit"": 13, ""status"": 0, ""success"": true, ""x"": [0.17368580123933605, 0.0, 0.1502727781681716]}], ""solver_path"": ""general_convolution"", ""uncertified_profiles"": 0}"
foul_leaves_5_team,team-quarter,2015-16,9840,optimization,PERS_FOUL_DRAWN,3,FTA;FTM,6,Binomial,32525.131933839166,-16248.774650434514,"[0.11575467524631142, 0.0]","{""n"": 22, ""p"": 0.05433486073905818}",3,True,optimizer_converged_lbfgsb,12,78,2,-16255.059171343757,6.284520909242929,0.2512430000351742,"{""binomial_discrete_residual_mean"": 0.9412984362718824, ""binomial_discrete_residual_variance"": 0.9009880441705523, ""binomial_h_extension_used"": false, ""binomial_n_candidates"": 1, ""binomial_n_max"": 22, ""binomial_n_min"": 22, ""binomial_n_policy"": ""paper_H_binomial_discrete_index_continuous_full_mle"", ""binomial_n_tie_break"": ""not_applicable_single_mom_index"", ""certified_profiles"": 1, ""optimizer_powell_attempted"": false, ""optimizer_powell_success"": false, ""optimizer_primary_failed_starts"": 0, ""optimizer_primary_successful_starts"": 2, ""optimizer_results"": [{""fun"": 16248.774650497297, ""jac"": [0.07312337406103235, 117.20949260052294, 0.027466740160470748], ""message"": ""CONVERGENCE: REL_REDUCTION_OF_F_<=_FACTR*EPSMCH"", ""method"": ""L-BFGS-B"", ""nfev"": 32, ""nit"": 6, ""status"": 0, ""success"": true, ""x"": [0.11575413546504731, 0.0, -2.8567164927855924]}, {""fun"": 16248.774650434514, ""jac"": [-0.0001818989404503292, 117.15328582795337, 0.0], ""message"": ""CONVERGENCE: REL_REDUCTION_OF_F_<=_FACTR*EPSMCH"", ""method"": ""L-BFGS-B"", ""nfev"": 44, ""nit"": 6, ""status"": 0, ""success"": true, ""x"": [0.11575467524631142, 0.0, -2.856722507471196]}], ""solver_path"": ""general_convolution"", ""uncertified_profiles"": 0}"
foul_leaves_5_team,team-quarter,2015-16,9840,optimization,PERS_FOUL_DRAWN,3,FTA;FTM,6,Bernoulli,inf,-inf,[],{},3,False,infeasible_conditional_support,0,0,0,-inf,0.0,9.669997962191701e-05,"{""binomial_discrete_residual_mean"": null, ""binomial_discrete_residual_variance"": null, ""binomial_h_extension_used"": null, ""binomial_n_candidates"": 0, ""binomial_n_max"": null, ""binomial_n_min"": null, ""binomial_n_policy"": null, ""binomial_n_tie_break"": null, ""certified_profiles"": 0, ""solver_path"": ""conditional_support_check"", ""support_violating_rows"": 257, ""uncertified_profiles"": 0}"
foul_leaves_5_team,team-quarter,2015-16,9840,optimization,PERS_FOUL_DRAWN,3,FOUL;FTA;FTM,7,Poisson,33163.54791409756,-16563.385535068686,"[0.625604244519259, 0.0, 0.0]","{""lam"": 0.0}",4,True,poisson_convex_mle,2,8,2,-16563.385535068686,0.0,0.010433699993882328,"{""binomial_discrete_residual_mean"": null, ""binomial_discrete_residual_variance"": null, ""binomial_h_extension_used"": null, ""binomial_n_candidates"": 0, ""binomial_n_max"": null, ""binomial_n_min"": null, ""binomial_n_policy"": null, ""binomial_n_tie_break"": null, ""certified_profiles"": 1, ""optimizer_primary_failed_starts"": 1, ""optimizer_primary_successful_starts"": 1, ""optimizer_results"": [{""fun"": 23958.81880302863, ""jac"": [5809.40062259196, 26353.549410068867, 35842.57743194261, 27138.11462414625], ""message"": ""CONVERGENCE: REL_REDUCTION_OF_F_<=_FACTR*EPSMCH"", ""method"": ""L-BFGS-B"", ""nfev"": 3, ""nit"": 1, ""status"": 0, ""success"": true, ""x"": [0.0, 0.9624680684911676, 0.0, 0.0]}, {""fun"": 16563.385535068686, ""jac"": [3639.0778809106037, 16089.152938566323, 24512.580664526766, 18568.560960224677], ""message"": ""CONVERGENCE: REL_REDUCTION_OF_F_<=_FACTR*EPSMCH"", ""method"": ""L-BFGS-B"", ""nfev"": 3, ""nit"": 1, ""status"": 0, ""success"": true, ""x"": [0.0, 0.625604244519259, 0.0, 0.0]}], ""poisson_canonical_agreement_abs"": 0.0, ""solver_path"": ""poisson_convex"", ""uncertified_profiles"": 0}"
foul_leaves_5_team,team-quarter,2015-16,9840,optimization,PERS_FOUL_DRAWN,3,FOUL;FTA;FTM,7,NB,29090.389563138495,-14522.209254094132,"[0.4039745835914313, 0.0, 0.0]","{""p"": 0.9999903300795341, ""r"": 0.9667779512810746}",5,True,optimizer_converged_lbfgsb,12,104,2,-16563.421925965384,2041.2126718712516,0.2335668999585323,"{""binomial_discrete_residual_mean"": null, ""binomial_discrete_residual_variance"": null, ""binomial_h_extension_used"": null, ""binomial_n_candidates"": 0, ""binomial_n_max"": null, ""binomial_n_min"": null, ""binomial_n_policy"": null, ""binomial_n_tie_break"": null, ""certified_profiles"": 1, ""optimizer_powell_attempted"": false, ""optimizer_powell_success"": false, ""optimizer_primary_failed_starts"": 0, ""optimizer_primary_successful_starts"": 2, ""optimizer_results"": [{""fun"": 14522.209254094132, ""jac"": [-0.0012732925831523045, 6753.1009335652925, 5136.00589329144, 0.0021827872838893377, -0.002000888178346212], ""message"": ""CONVERGENCE: REL_REDUCTION_OF_F_<=_FACTR*EPSMCH"", ""method"": ""L-BFGS-B"", ""nfev"": 60, ""nit"": 7, ""status"": 0, ""success"": true, ""x"": [0.4039745835914313, 0.0, 0.0, -0.033786436286807255, 11.546480803399268]}, {""fun"": 14522.209349099123, ""jac"": [0.0005456968213509877, 6753.101297363173, 5136.00607519038, 0.002000888343912325, -0.0025465849542588154], ""message"": ""CONVERGENCE: REL_REDUCTION_OF_F_<=_FACTR*EPSMCH"", ""method"": ""L-BFGS-B"", ""nfev"": 42, ""nit"": 5, ""status"": 0, ""success"": true, ""x"": [0.4039745088614563, 0.0, 0.0, -0.012640309675253748, 11.525674659141119]}], ""solver_path"": ""general_convolution"", ""uncertified_profiles"": 0}"
foul_leaves_5_team,team-quarter,2015-16,9840,optimization,PERS_FOUL_DRAWN,3,FOUL;FTA;FTM,7,ZIP,29090.385128577847,-14522.207036813808,"[0.4039765665621765, 0.0, 0.0]","{""lam"": 9.999999999999996e-11, ""rho"": 1.0000000000000007e-09}",5,True,optimizer_converged_lbfgsb,12,104,2,-16563.38553543259,2041.1784986187813,0.12500199995702133,"{""binomial_discrete_residual_mean"": null, ""binomial_discrete_residual_variance"": null, ""binomial_h_extension_used"": null, ""binomial_n_candidates"": 0, ""binomial_n_max"": null, ""binomial_n_min"": null, ""binomial_n_policy"": null, ""binomial_n_tie_break"": null, ""certified_profiles"": 1, ""optimizer_powell_attempted"": false, ""optimizer_powell_success"": false, ""optimizer_primary_failed_starts"": 0, ""optimizer_primary_successful_starts"": 2, ""optimizer_results"": [{""fun"": 14522.207036813808, ""jac"": [0.0, 6753.129309799988, 5136.0264478717, 0.0, 0.0], ""message"": ""CONVERGENCE: NORM_OF_PROJECTED_GRADIENT_<=_PGTOL"", ""method"": ""L-BFGS-B"", ""nfev"": 60, ""nit"": 7, ""status"": 0, ""success"": true, ""x"": [0.4039765665621765, 0.0, 0.0, -23.025850929940457, -20.72326583594641]}, {""fun"": 14522.20703681381, ""jac"": [-0.0003637978809006584, 6753.128946002107, 5136.026084073819, 0.0, 0.0], ""message"": ""CONVERGENCE: REL_REDUCTION_OF_F_<=_FACTR*EPSMCH"", ""method"": ""L-BFGS-B"", ""nfev"": 42, ""nit"": 5, ""status"": 0, ""success"": true, ""x"": [0.4039765639657572, 0.0, 0.0, -23.025850929940457, -20.72326583594641]}], ""solver_path"": ""general_convolution"", ""uncertified_profiles"": 0}"
foul_leaves_5_team,team-quarter,2015-16,9840,optimization,PERS_FOUL_DRAWN,3,FOUL;FTA;FTM,7,Geom,29081.190918014614,-14522.207037027214,"[0.40397656748742383, 0.0, 0.0]","{""p"": 0.9999999990001491}",4,True,optimizer_converged_lbfgsb,12,87,2,-16563.38553870776,2041.178501680546,16.95708130003186,"{""binomial_discrete_residual_mean"": null, ""binomial_discrete_residual_variance"": null, ""binomial_h_extension_used"": null, ""binomial_n_candidates"": 0, ""binomial_n_max"": null, ""binomial_n_min"": null, ""binomial_n_policy"": null, ""binomial_n_tie_break"": null, ""certified_profiles"": 1, ""optimizer_powell_attempted"": false, ""optimizer_powell_success"": false, ""optimizer_primary_failed_starts"": 0, ""optimizer_primary_successful_starts"": 2, ""optimizer_results"": [{""fun"": 14522.207037027214, ""jac"": [-0.0001818989404503292, 6753.129491698928, 5136.0264478717, 0.0], ""message"": ""CONVERGENCE: REL_REDUCTION_OF_F_<=_FACTR*EPSMCH"", ""method"": ""L-BFGS-B"", ""nfev"": 50, ""nit"": 7, ""status"": 0, ""success"": true, ""x"": [0.40397656748742383, 0.0, 0.0, 20.723414936521745]}, {""fun"": 14522.207037027249, ""jac"": [0.0001818989404503292, 6753.1296735978685, 5136.02662977064, 0.0], ""message"": ""CONVERGENCE: REL_REDUCTION_OF_F_<=_FACTR*EPSMCH"", ""method"": ""L-BFGS-B"", ""nfev"": 35, ""nit"": 5, ""status"": 0, ""success"": true, ""x"": [0.4039765683092134, 0.0, 0.0, 20.723265864228342]}], ""solver_path"": ""general_convolution"", ""uncertified_profiles"": 0}"
foul_leaves_5_team,team-quarter,2015-16,9840,optimization,PERS_FOUL_DRAWN,3,FOUL;FTA;FTM,7,Binomial,29081.190918489003,-14522.207037264408,"[0.4039765653277436, 0.0, 0.0]","{""n"": 2, ""p"": 1.0000000000000007e-09}",4,True,optimizer_converged_lbfgsb,12,87,2,-16563.385542346838,2041.1785050824292,0.22124609997263178,"{""binomial_discrete_residual_mean"": -2.57768798766208, ""binomial_discrete_residual_variance"": -6.194216615317395, ""binomial_h_extension_used"": true, ""binomial_n_candidates"": 1, ""binomial_n_max"": 2, ""binomial_n_min"": 2, ""binomial_n_policy"": ""paper_H_binomial_discrete_index_continuous_full_mle"", ""binomial_n_tie_break"": ""not_applicable_single_mom_index"", ""certified_profiles"": 1, ""optimizer_powell_attempted"": false, ""optimizer_powell_success"": false, ""optimizer_primary_failed_starts"": 0, ""optimizer_primary_successful_starts"": 2, ""optimizer_results"": [{""fun"": 14522.207037264408, ""jac"": [0.0, 6753.1291279010475, 5136.0264478717, 0.0], ""message"": ""CONVERGENCE: NORM_OF_PROJECTED_GRADIENT_<=_PGTOL"", ""method"": ""L-BFGS-B"", ""nfev"": 50, ""nit"": 7, ""status"": 0, ""success"": true, ""x"": [0.4039765653277436, 0.0, 0.0, -20.72326583594641]}, {""fun"": 14522.207037264408, ""jac"": [-0.0001818989404503292, 6753.128946002107, 5136.0264478717, 0.0], ""message"": ""CONVERGENCE: REL_REDUCTION_OF_F_<=_FACTR*EPSMCH"", ""method"": ""L-BFGS-B"", ""nfev"": 35, ""nit"": 5, ""status"": 0, ""success"": true, ""x"": [0.40397656431167567, 0.0, 0.0, -20.72326583594641]}], ""solver_path"": ""general_convolution"", ""uncertified_profiles"": 0}"
foul_leaves_5_team,team-quarter,2015-16,9840,optimization,PERS_FOUL_DRAWN,3,FOUL;FTA;FTM,7,Bernoulli,29081.190918014687,-14522.20703702725,"[0.40397656570155277, 0.0, 0.0]","{""p"": 1.0000000000000007e-09}",4,True,optimizer_converged_lbfgsb,12,87,2,-16563.38553870776,2041.1785016805097,0.18286979995900765,"{""binomial_discrete_residual_mean"": null, ""binomial_discrete_residual_variance"": null, ""binomial_h_extension_used"": null, ""binomial_n_candidates"": 0, ""binomial_n_max"": null, ""binomial_n_min"": null, ""binomial_n_policy"": null, ""binomial_n_tie_break"": null, ""certified_profiles"": 1, ""optimizer_powell_attempted"": false, ""optimizer_powell_success"": false, ""optimizer_primary_failed_starts"": 0, ""optimizer_primary_successful_starts"": 2, ""optimizer_results"": [{""fun"": 14522.207037027252, ""jac"": [-0.0001818989404503292, 6753.1291279010475, 5136.02626597276, 0.0], ""message"": ""CONVERGENCE: REL_REDUCTION_OF_F_<=_FACTR*EPSMCH"", ""method"": ""L-BFGS-B"", ""nfev"": 50, ""nit"": 7, ""status"": 0, ""success"": true, ""x"": [0.4039765667717623, 0.0, 0.0, -20.72326583594641]}, {""fun"": 14522.20703702725, ""jac"": [-0.0001818989404503292, 6753.129309799988, 5136.0264478717, 0.0], ""message"": ""CONVERGENCE: REL_REDUCTION_OF_F_<=_FACTR*EPSMCH"", ""method"": ""L-BFGS-B"", ""nfev"": 35, ""nit"": 5, ""status"": 0, ""success"": true, ""x"": [0.40397656570155277, 0.0, 0.0, -20.72326583594641]}], ""solver_path"": ""general_convolution"", ""uncertified_profiles"": 0}"
foul_leaves_5_team,team-quarter,2015-16,9840,optimization,PERS_FOUL_DRAWN,3,LOOSE_BALL_FOUL_DRAWN,16,Poisson,33632.58981969743,-16807.10069885867,[0.01273282517606014],"{""lam"": 1.860748905316333}",2,True,poisson_convex_mle,6,13,2,-16807.100729804693,3.094602288911119e-05,0.029228599974885583,"{""binomial_discrete_residual_mean"": null, ""binomial_discrete_residual_variance"": null, ""binomial_h_extension_used"": null, ""binomial_n_candidates"": 0, ""binomial_n_max"": null, ""binomial_n_min"": null, ""binomial_n_policy"": null, ""binomial_n_tie_break"": null, ""certified_profiles"": 1, ""optimizer_primary_failed_starts"": 0, ""optimizer_primary_successful_starts"": 2, ""optimizer_results"": [{""fun"": 16807.10069885876, ""jac"": [0.00022514413113716714, 0.0006121700262258223], ""message"": ""CONVERGENCE: REL_REDUCTION_OF_F_<=_FACTR*EPSMCH"", ""method"": ""L-BFGS-B"", ""nfev"": 5, ""nit"": 2, ""status"": 0, ""success"": true, ""x"": [1.8607488494860234, 0.01273315587861412]}, {""fun"": 16807.10069885867, ""jac"": [4.860961833386135e-06, 6.4787273399424805e-06], ""message"": ""CONVERGENCE: REL_REDUCTION_OF_F_<=_FACTR*EPSMCH"", ""method"": ""L-BFGS-B"", ""nfev"": 6, ""nit"": 4, ""status"": 0, ""success"": true, ""x"": [1.860748905316333, 0.01273282517606014]}], ""poisson_canonical_agreement_abs"": 0.0, ""solver_path"": ""poisson_convex"", ""uncertified_profiles"": 0}"
foul_leaves_5_team,team-quarter,2015-16,9840,optimization,PERS_FOUL_DRAWN,3,LOOSE_BALL_FOUL_DRAWN,16,NB,33532.365318670425,-16752.391342850144,[0.009595573417613414],"{""p"": 0.8693985759452582, ""r"": 12.392993677815646}",3,True,optimizer_converged_lbfgsb,19,106,2,-16753.093331644384,0.7019887942406058,0.24642250000033528,"{""binomial_discrete_residual_mean"": null, ""binomial_discrete_residual_variance"": null, ""binomial_h_extension_used"": null, ""binomial_n_candidates"": 0, ""binomial_n_max"": null, ""binomial_n_min"": null, ""binomial_n_policy"": null, ""binomial_n_tie_break"": null, ""certified_profiles"": 1, ""optimizer_powell_attempted"": false, ""optimizer_powell_success"": false, ""optimizer_primary_failed_starts"": 0, ""optimizer_primary_successful_starts"": 2, ""optimizer_results"": [{""fun"": 16752.391342850144, ""jac"": [-0.0010913936421339955, -0.0036379788292014237, 0.0036379788292014237], ""message"": ""CONVERGENCE: REL_REDUCTION_OF_F_<=_FACTR*EPSMCH"", ""method"": ""L-BFGS-B"", ""nfev"": 56, ""nit"": 10, ""status"": 0, ""success"": true, ""x"": [0.009595573417613414, 2.517131286941047, 1.8956515598549368]}, {""fun"": 16752.391342861632, ""jac"": [0.0010913936421339955, 0.006184564009642421, -0.004001776712121566], ""message"": ""CONVERGENCE: REL_REDUCTION_OF_F_<=_FACTR*EPSMCH"", ""method"": ""L-BFGS-B"", ""nfev"": 48, ""nit"": 9, ""status"": 0, ""success"": true, ""x"": [0.009595944224708471, 2.517160883127803, 1.89568073037431]}], ""solver_path"": ""general_convolution"", ""uncertified_profiles"": 0}"
foul_leaves_5_team,team-quarter,2015-16,9840,optimization,PERS_FOUL_DRAWN,3,LOOSE_BALL_FOUL_DRAWN,16,ZIP,33631.980530433735,-16802.1989487318,[0.01519168491947534],"{""lam"": 1.8917094323814456, ""rho"": 0.01674699441427155}",3,True,optimizer_converged_lbfgsb,24,130,2,-16881.39088805492,79.19193932312191,0.12641509994864464,"{""binomial_discrete_residual_mean"": null, ""binomial_discrete_residual_variance"": null, ""binomial_h_extension_used"": null, ""binomial_n_candidates"": 0, ""binomial_n_max"": null, ""binomial_n_min"": null, ""binomial_n_policy"": null, ""binomial_n_tie_break"": null, ""certified_profiles"": 1, ""optimizer_powell_attempted"": false, ""optimizer_powell_success"": false, ""optimizer_primary_failed_starts"": 0, ""optimizer_primary_successful_starts"": 2, ""optimizer_results"": [{""fun"": 16802.1989487318, ""jac"": [-0.038562575355401175, 0.12223608730407465, 0.008731149190083417], ""message"": ""CONVERGENCE: REL_REDUCTION_OF_F_<=_FACTR*EPSMCH"", ""method"": ""L-BFGS-B"", ""nfev"": 64, ""nit"": 12, ""status"": 0, ""success"": true, ""x"": [0.01519168491947534, 0.6374808818701275, -4.072647663877934]}, {""fun"": 16802.19895589133, ""jac"": [-0.0651198206473284, 0.05347828819553266, 0.014188117433885553], ""message"": ""CONVERGENCE: REL_REDUCTION_OF_F_<=_FACTR*EPSMCH"", ""method"": ""L-BFGS-B"", ""nfev"": 64, ""nit"": 12, ""status"": 0, ""success"": true, ""x"": [0.015184644419551677, 0.6374866735913606, -4.072104794957836]}], ""solver_path"": ""general_convolution"", ""uncertified_profiles"": 0}"
foul_leaves_5_team,team-quarter,2015-16,9840,optimization,PERS_FOUL_DRAWN,3,LOOSE_BALL_FOUL_DRAWN,16,Geom,36137.905530207005,-18059.758554113458,[0.46452977470989437],"{""p"": 0.3667712111685868}",2,True,optimizer_converged_lbfgsb,10,50,2,-18223.298287371956,163.53973325849802,0.039402599970344454,"{""binomial_discrete_residual_mean"": null, ""binomial_discrete_residual_variance"": null, ""binomial_h_extension_used"": null, ""binomial_n_candidates"": 0, ""binomial_n_max"": null, ""binomial_n_min"": null, ""binomial_n_policy"": null, ""binomial_n_tie_break"": null, ""certified_profiles"": 1, ""optimizer_powell_attempted"": false, ""optimizer_powell_success"": false, ""optimizer_primary_failed_starts"": 0, ""optimizer_primary_successful_starts"": 2, ""optimizer_results"": [{""fun"": 18059.758554113458, ""jac"": [0.0003637978809006584, 0.0], ""message"": ""CONVERGENCE: REL_REDUCTION_OF_F_<=_FACTR*EPSMCH"", ""method"": ""L-BFGS-B"", ""nfev"": 24, ""nit"": 5, ""status"": 0, ""success"": true, ""x"": [0.46452977470989437, -0.546093541746784]}, {""fun"": 18059.758554113516, ""jac"": [0.0, 0.000727595757762349], ""message"": ""CONVERGENCE: REL_REDUCTION_OF_F_<=_FACTR*EPSMCH"", ""method"": ""L-BFGS-B"", ""nfev"": 24, ""nit"": 5, ""status"": 0, ""success"": true, ""x"": [0.46452970944021116, -0.5460934455665699]}], ""solver_path"": ""general_convolution"", ""uncertified_profiles"": 0}"
foul_leaves_5_team,team-quarter,2015-16,9840,optimization,PERS_FOUL_DRAWN,3,LOOSE_BALL_FOUL_DRAWN,16,Binomial,33666.400134891745,-16824.005856455828,[0.016620325591224342],"{""n"": 100, ""p"": 0.0185959365916736}",2,True,optimizer_converged_lbfgsb,8,44,2,-16824.017293480767,0.011437024939368712,0.2042180999997072,"{""binomial_discrete_residual_mean"": 1.8606910885490546, ""binomial_discrete_residual_variance"": 2.176637866933671, ""binomial_h_extension_used"": true, ""binomial_n_candidates"": 1, ""binomial_n_max"": 100, ""binomial_n_min"": 100, ""binomial_n_policy"": ""paper_H_binomial_discrete_index_continuous_full_mle"", ""binomial_n_tie_break"": ""not_applicable_single_mom_index"", ""certified_profiles"": 1, ""optimizer_powell_attempted"": false, ""optimizer_powell_success"": false, ""optimizer_primary_failed_starts"": 0, ""optimizer_primary_successful_starts"": 2, ""optimizer_results"": [{""fun"": 16824.005856455828, ""jac"": [0.0, -0.0003637978829201424], ""message"": ""CONVERGENCE: REL_REDUCTION_OF_F_<=_FACTR*EPSMCH"", ""method"": ""L-BFGS-B"", ""nfev"": 21, ""nit"": 4, ""status"": 0, ""success"": true, ""x"": [0.016620325591224342, -3.9660411700279408]}, {""fun"": 16824.005856455835, ""jac"": [0.0, -0.0007275957658402848], ""message"": ""CONVERGENCE: REL_REDUCTION_OF_F_<=_FACTR*EPSMCH"", ""method"": ""L-BFGS-B"", ""nfev"": 21, ""nit"": 4, ""status"": 0, ""success"": true, ""x"": [0.016620163562180414, -3.966041129409286]}], ""solver_path"": ""general_convolution"", ""uncertified_profiles"": 0}"
foul_leaves_5_team,team-quarter,2015-16,9840,optimization,PERS_FOUL_DRAWN,3,LOOSE_BALL_FOUL_DRAWN,16,Bernoulli,inf,-inf,[],{},2,False,infeasible_conditional_support,0,0,0,-inf,0.0,0.00014990003546699882,"{""binomial_discrete_residual_mean"": null, ""binomial_discrete_residual_variance"": null, ""binomial_h_extension_used"": null, ""binomial_n_candidates"": 0, ""binomial_n_max"": null, ""binomial_n_min"": null, ""binomial_n_policy"": null, ""binomial_n_tie_break"": null, ""certified_profiles"": 0, ""solver_path"": ""conditional_support_check"", ""support_violating_rows"": 3963, ""uncertified_profiles"": 0}"
foul_leaves_5_team,team-quarter,2015-16,9840,optimization,PERS_FOUL_DRAWN,3,FOUL;LOOSE_BALL_FOUL_DRAWN,17,Poisson,29071.996706550315,-14522.207036790089,"[0.40397657395987085, 0.0]","{""lam"": 0.0}",3,True,poisson_convex_mle,10,16,2,-14698.513037240653,176.30600045056417,0.04267599998274818,"{""binomial_discrete_residual_mean"": null, ""binomial_discrete_residual_variance"": null, ""binomial_h_extension_used"": null, ""binomial_n_candidates"": 0, ""binomial_n_max"": null, ""binomial_n_min"": null, ""binomial_n_policy"": null, ""binomial_n_tie_break"": null, ""certified_profiles"": 1, ""optimizer_primary_failed_starts"": 1, ""optimizer_primary_successful_starts"": 1, ""optimizer_results"": [{""fun"": 14950.259191615587, ""jac"": [2044.4694040735785, 8547.558636148271, 1077.768089267885], ""message"": ""CONVERGENCE: REL_REDUCTION_OF_F_<=_FACTR*EPSMCH"", ""method"": ""L-BFGS-B"", ""nfev"": 3, ""nit"": 1, ""status"": 0, ""success"": true, ""x"": [0.0, 0.4976342726001033, 0.0]}, {""fun"": 14522.207036790089, ""jac"": [237.1580341659874, 0.00020536219074074324, 649.7387354358389], ""message"": ""CONVERGENCE: REL_REDUCTION_OF_F_<=_FACTR*EPSMCH"", ""method"": ""L-BFGS-B"", ""nfev"": 11, ""nit"": 9, ""status"": 0, ""success"": true, ""x"": [0.0, 0.40397657395987085, 0.0]}], ""poisson_canonical_agreement_abs"": 0.0, ""solver_path"": ""poisson_convex"", ""uncertified_profiles"": 0}"
foul_leaves_5_team,team-quarter,2015-16,9840,optimization,PERS_FOUL_DRAWN,3,FOUL;LOOSE_BALL_FOUL_DRAWN,17,NB,29081.191631980262,-14522.207394010038,"[0.4039814615205564, 0.0]","{""p"": 0.9999999800734696, ""r"": 75.2675311432486}",4,True,optimizer_converged_lbfgsb,35,262,2,-14698.516096916172,176.30870290613348,0.6987122999853455,"{""binomial_discrete_residual_mean"": null, ""binomial_discrete_residual_variance"": null, ""binomial_h_extension_used"": null, ""binomial_n_candidates"": 0, ""binomial_n_max"": null, ""binomial_n_min"": null, ""binomial_n_policy"": null, ""binomial_n_tie_break"": null, ""certified_profiles"": 1, ""optimizer_powell_attempted"": false, ""optimizer_powell_success"": false, ""optimizer_primary_failed_starts"": 0, ""optimizer_primary_successful_starts"": 2, ""optimizer_results"": [{""fun"": 14522.209390281161, ""jac"": [-0.0009094947022516461, 649.7373760794289, 0.002182787284267991, -0.0018189892530420108], ""message"": ""CONVERGENCE: REL_REDUCTION_OF_F_<=_FACTR*EPSMCH"", ""method"": ""L-BFGS-B"", ""nfev"": 40, ""nit"": 5, ""status"": 0, ""success"": true, ""x"": [0.4039744646922595, 0.0, -0.0038444272664524067, 11.516818348469585]}, {""fun"": 14522.207394010038, ""jac"": [0.5857145882500601, 649.7677532024682, 0.0016370904731406407, 0.0007275957012168043], ""message"": ""CONVERGENCE: REL_REDUCTION_OF_F_<=_FACTR*EPSMCH"", ""method"": ""L-BFGS-B"", ""nfev"": 220, ""nit"": 30, ""status"": 0, ""success"": true, ""x"": [0.4039814615205564, 0.0, 4.321048848498526, 17.73121378401653]}], ""solver_path"": ""general_convolution"", ""uncertified_profiles"": 0}"
foul_leaves_5_team,team-quarter,2015-16,9840,optimization,PERS_FOUL_DRAWN,3,FOUL;LOOSE_BALL_FOUL_DRAWN,17,ZIP,29081.190917587795,-14522.207036813805,"[0.4039765678001711, 0.0]","{""lam"": 9.999999999999996e-11, ""rho"": 1.0000000000000007e-09}",4,True,optimizer_converged_lbfgsb,45,297,2,-14698.513037163386,176.30600034958115,0.4185507000074722,"{""binomial_discrete_residual_mean"": null, ""binomial_discrete_residual_variance"": null, ""binomial_h_extension_used"": null, ""binomial_n_candidates"": 0, ""binomial_n_max"": null, ""binomial_n_min"": null, ""binomial_n_policy"": null, ""binomial_n_tie_break"": null, ""certified_profiles"": 1, ""optimizer_powell_attempted"": false, ""optimizer_powell_success"": false, ""optimizer_primary_failed_starts"": 0, ""optimizer_primary_successful_starts"": 2, ""optimizer_results"": [{""fun"": 14522.207036813805, ""jac"": [0.0, 649.7390131698921, 0.0, 0.0], ""message"": ""CONVERGENCE: NORM_OF_PROJECTED_GRADIENT_<=_PGTOL"", ""method"": ""L-BFGS-B"", ""nfev"": 40, ""nit"": 5, ""status"": 0, ""success"": true, ""x"": [0.4039765678001711, 0.0, -23.025850929940457, -20.72326583594641]}, {""fun"": 14522.207088838655, ""jac"": [-0.0003637978809006584, 649.7386493720114, 0.00018189892530420107, 0.0], ""message"": ""CONVERGENCE: REL_REDUCTION_OF_F_<=_FACTR*EPSMCH"", ""method"": ""L-BFGS-B"", ""nfev"": 255, ""nit"": 40, ""status"": 0, ""success"": true, ""x"": [0.4039765179737208, 0.0, -15.33206061333052, -20.723265734160588]}], ""solver_path"": ""general_convolution"", ""uncertified_profiles"": 0}"
foul_leaves_5_team,team-quarter,2015-16,9840,optimization,PERS_FOUL_DRAWN,3,FOUL;LOOSE_BALL_FOUL_DRAWN,17,Geom,29071.99670702464,-14522.20703702725,"[0.40397656543595944, 0.0]","{""p"": 0.9999999989999999}",3,True,optimizer_converged_lbfgsb,33,162,2,-14799.356063257197,277.1490262299467,21.081959699979052,"{""binomial_discrete_residual_mean"": null, ""binomial_discrete_residual_variance"": null, ""binomial_h_extension_used"": null, ""binomial_n_candidates"": 0, ""binomial_n_max"": null, ""binomial_n_min"": null, ""binomial_n_policy"": null, ""binomial_n_tie_break"": null, ""certified_profiles"": 1, ""optimizer_powell_attempted"": false, ""optimizer_powell_success"": false, ""optimizer_primary_failed_starts"": 0, ""optimizer_primary_successful_starts"": 2, ""optimizer_results"": [{""fun"": 14522.20703702725, ""jac"": [-0.0003637978809006584, 649.7384674730711, 0.0], ""message"": ""CONVERGENCE: REL_REDUCTION_OF_F_<=_FACTR*EPSMCH"", ""method"": ""L-BFGS-B"", ""nfev"": 32, ""nit"": 5, ""status"": 0, ""success"": true, ""x"": [0.40397656543595944, 0.0, 20.723265862694543]}, {""fun"": 14522.207305112708, ""jac"": [0.05638867153960206, 649.7411959571764, -0.00036379785060840214], ""message"": ""CONVERGENCE: REL_REDUCTION_OF_F_<=_FACTR*EPSMCH"", ""method"": ""L-BFGS-B"", ""nfev"": 128, ""nit"": 28, ""status"": 0, ""success"": true, ""x"": [0.403976830743544, 0.0, 13.692108157893676]}], ""solver_path"": ""general_convolution"", ""uncertified_profiles"": 0}"
foul_leaves_5_team,team-quarter,2015-16,9840,optimization,PERS_FOUL_DRAWN,3,FOUL;LOOSE_BALL_FOUL_DRAWN,17,Binomial,29071.996707498954,-14522.207037264408,"[0.4039765663588228, 0.0]","{""n"": 2, ""p"": 1.0000000000000007e-09}",3,True,optimizer_converged_lbfgsb,33,170,2,-14639.011913083366,116.80487581895795,0.43712260003667325,"{""binomial_discrete_residual_mean"": -0.4322721671144605, ""binomial_discrete_residual_variance"": -1.167556899494296, ""binomial_h_extension_used"": true, ""binomial_n_candidates"": 1, ""binomial_n_max"": 2, ""binomial_n_min"": 2, ""binomial_n_policy"": ""paper_H_binomial_discrete_index_continuous_full_mle"", ""binomial_n_tie_break"": ""not_applicable_single_mom_index"", ""certified_profiles"": 1, ""optimizer_powell_attempted"": false, ""optimizer_powell_success"": false, ""optimizer_primary_failed_starts"": 0, ""optimizer_primary_successful_starts"": 2, ""optimizer_results"": [{""fun"": 14522.207037264408, ""jac"": [-0.0001818989404503292, 649.7384674730711, 0.0], ""message"": ""CONVERGENCE: REL_REDUCTION_OF_F_<=_FACTR*EPSMCH"", ""method"": ""L-BFGS-B"", ""nfev"": 32, ""nit"": 5, ""status"": 0, ""success"": true, ""x"": [0.4039765663588228, 0.0, -20.72326583594641]}, {""fun"": 14522.207241062337, ""jac"": [0.2813976608766593, 649.7526555904187, 0.0], ""message"": ""CONVERGENCE: REL_REDUCTION_OF_F_<=_FACTR*EPSMCH"", ""method"": ""L-BFGS-B"", ""nfev"": 136, ""nit"": 28, ""status"": 0, ""success"": true, ""x"": [0.4039788869902154, 0.0, -14.659647556586052]}], ""solver_path"": ""general_convolution"", ""uncertified_profiles"": 0}"
foul_leaves_5_team,team-quarter,2015-16,9840,optimization,PERS_FOUL_DRAWN,3,FOUL;LOOSE_BALL_FOUL_DRAWN,17,Bernoulli,29071.996707024642,-14522.207037027252,"[0.4039765651577222, 0.0]","{""p"": 1.0000000000000007e-09}",3,True,optimizer_converged_lbfgsb,40,206,2,-14577.474789842501,55.26775281524897,0.38127589999930933,"{""binomial_discrete_residual_mean"": null, ""binomial_discrete_residual_variance"": null, ""binomial_h_extension_used"": null, ""binomial_n_candidates"": 0, ""binomial_n_max"": null, ""binomial_n_min"": null, ""binomial_n_policy"": null, ""binomial_n_tie_break"": null, ""certified_profiles"": 1, ""optimizer_powell_attempted"": false, ""optimizer_powell_success"": false, ""optimizer_primary_failed_starts"": 0, ""optimizer_primary_successful_starts"": 2, ""optimizer_results"": [{""fun"": 14522.207037027252, ""jac"": [-0.0003637978809006584, 649.7384674730711, 0.0], ""message"": ""CONVERGENCE: REL_REDUCTION_OF_F_<=_FACTR*EPSMCH"", ""method"": ""L-BFGS-B"", ""nfev"": 32, ""nit"": 5, ""status"": 0, ""success"": true, ""x"": [0.4039765651577222, 0.0, -20.72326583594641]}, {""fun"": 14522.207054662125, ""jac"": [0.0, 649.7386493720114, 0.0], ""message"": ""CONVERGENCE: NORM_OF_PROJECTED_GRADIENT_<=_PGTOL"", ""method"": ""L-BFGS-B"", ""nfev"": 172, ""nit"": 35, ""status"": 0, ""success"": true, ""x"": [0.40397655139948485, 0.0, -16.40099973250324]}], ""solver_path"": ""general_convolution"", ""uncertified_profiles"": 0}"
foul_leaves_5_team,team-quarter,2015-16,9840,optimization,PERS_FOUL_DRAWN,3,FTA;LOOSE_BALL_FOUL_DRAWN,18,Poisson,32539.728234074933,-16256.072800552398,"[0.11531988253695843, 0.0]","{""lam"": 1.197880468423489}",3,True,poisson_convex_mle,12,21,2,-16276.869168080997,20.79636752859915,0.02944830001797527,"{""binomial_discrete_residual_mean"": null, ""binomial_discrete_residual_variance"": null, ""binomial_h_extension_used"": null, ""binomial_n_candidates"": 0, ""binomial_n_max"": null, ""binomial_n_min"": null, ""binomial_n_policy"": null, ""binomial_n_tie_break"": null, ""certified_profiles"": 1, ""optimizer_primary_failed_starts"": 0, ""optimizer_primary_successful_starts"": 2, ""optimizer_results"": [{""fun"": 16256.072800552398, ""jac"": [2.9664968792531e-06, 3.439098782109795e-05, 186.6594032375844], ""message"": ""CONVERGENCE: REL_REDUCTION_OF_F_<=_FACTR*EPSMCH"", ""method"": ""L-BFGS-B"", ""nfev"": 8, ""nit"": 6, ""status"": 0, ""success"": true, ""x"": [1.197880468423489, 0.11531988253695843, 0.0]}, {""fun"": 16256.072800552522, ""jac"": [-0.0009023568865984544, -0.007189709106341979, 186.65911351914508], ""message"": ""CONVERGENCE: REL_REDUCTION_OF_F_<=_FACTR*EPSMCH"", ""method"": ""L-BFGS-B"", ""nfev"": 11, ""nit"": 6, ""status"": 0, ""success"": true, ""x"": [1.1978804834181858, 0.11531984623326766, 0.0]}], ""poisson_canonical_agreement_abs"": 0.0, ""solver_path"": ""poisson_convex"", ""uncertified_profiles"": 0}"
foul_leaves_5_team,team-quarter,2015-16,9840,optimization,PERS_FOUL_DRAWN,3,FTA;LOOSE_BALL_FOUL_DRAWN,18,NB,32548.92276253899,-16256.072959289402,"[0.11531982506929211, 0.0]","{""p"": 0.9999991495157868, ""r"": 1408466.8276514644}",4,True,optimizer_converged_lbfgsb,56,457,2,-16287.540557369195,31.46759807979288,1.0577425999799743,"{""binomial_discrete_residual_mean"": null, ""binomial_discrete_residual_variance"": null, ""binomial_h_extension_used"": null, ""binomial_n_candidates"": 0, ""binomial_n_max"": null, ""binomial_n_min"": null, ""binomial_n_policy"": null, ""binomial_n_tie_break"": null, ""certified_profiles"": 1, ""optimizer_powell_attempted"": false, ""optimizer_powell_success"": false, ""optimizer_primary_failed_starts"": 0, ""optimizer_primary_successful_starts"": 2, ""optimizer_results"": [{""fun"": 16256.081224335707, ""jac"": [-0.10404619393758831, 186.64577510207891, -0.011641531219468869, 0.004183675281996625], ""message"": ""CONVERGENCE: REL_REDUCTION_OF_F_<=_FACTR*EPSMCH"", ""method"": ""L-BFGS-B"", ""nfev"": 140, ""nit"": 24, ""status"": 0, ""success"": true, ""x"": [0.11531874745269752, 0.0, 10.186650853314468, 10.006093001703226]}, {""fun"": 16256.072959289402, ""jac"": [-0.029103830472052675, 186.6574166342616, -0.005638866684430233, 0.00491127098321343], ""message"": ""CONVERGENCE: REL_REDUCTION_OF_F_<=_FACTR*EPSMCH"", ""method"": ""L-BFGS-B"", ""nfev"": 315, ""nit"": 32, ""status"": 0, ""success"": true, ""x"": [0.11531982506929211, 0.0, 14.158012314478066, 13.977459136579888]}], ""solver_path"": ""general_convolution"", ""uncertified_profiles"": 0}"
foul_leaves_5_team,team-quarter,2015-16,9840,optimization,PERS_FOUL_DRAWN,3,FTA;LOOSE_BALL_FOUL_DRAWN,18,ZIP,32548.922451432274,-16256.072803736044,"[0.11531993886533005, 0.0]","{""lam"": 1.1978799624481844, ""rho"": 2.0591203507445326e-08}",4,True,optimizer_converged_lbfgsb,67,387,2,-16284.789027991417,28.716224255373163,0.40187719999812543,"{""binomial_discrete_residual_mean"": null, ""binomial_discrete_residual_variance"": null, ""binomial_h_extension_used"": null, ""binomial_n_candidates"": 0, ""binomial_n_max"": null, ""binomial_n_min"": null, ""binomial_n_policy"": null, ""binomial_n_tie_break"": null, ""certified_profiles"": 1, ""optimizer_powell_attempted"": false, ""optimizer_powell_success"": false, ""optimizer_primary_failed_starts"": 0, ""optimizer_primary_successful_starts"": 2, ""optimizer_results"": [{""fun"": 16256.072803736044, ""jac"": [-0.0014551915236026337, 186.6590537247248, -0.001637090464052963, 0.0], ""message"": ""CONVERGENCE: REL_REDUCTION_OF_F_<=_FACTR*EPSMCH"", ""method"": ""L-BFGS-B"", ""nfev"": 175, ""nit"": 30, ""status"": 0, ""success"": true, ""x"": [0.11531993886533005, 0.0, 0.1805532963827434, -17.698401845957882]}, {""fun"": 16256.073046194568, ""jac"": [-0.004001776689907243, 186.65887182578444, -0.0003637978809006584, 0.0], ""message"": ""CONVERGENCE: REL_REDUCTION_OF_F_<=_FACTR*EPSMCH"", ""method"": ""L-BFGS-B"", ""nfev"": 210, ""nit"": 37, ""status"": 0, ""success"": true, ""x"": [0.11531984807924037, 0.0, 0.18055538653219155, -13.35248092348015]}], ""solver_path"": ""general_convolution"", ""uncertified_profiles"": 0}"
foul_leaves_5_team,team-quarter,2015-16,9840,optimization,PERS_FOUL_DRAWN,3,FTA;LOOSE_BALL_FOUL_DRAWN,18,Geom,33508.64070562896,-16740.52903632941,"[0.17201633327211732, 0.04735416984782321]","{""p"": 0.538777696574061}",3,True,optimizer_converged_lbfgsb,31,142,2,-16808.823244308085,68.29420797867351,0.2561228000558913,"{""binomial_discrete_residual_mean"": null, ""binomial_discrete_residual_variance"": null, ""binomial_h_extension_used"": null, ""binomial_n_candidates"": 0, ""binomial_n_max"": null, ""binomial_n_min"": null, ""binomial_n_policy"": null, ""binomial_n_tie_break"": null, ""certified_profiles"": 1, ""optimizer_powell_attempted"": false, ""optimizer_powell_success"": false, ""optimizer_primary_failed_starts"": 0, ""optimizer_primary_successful_starts"": 2, ""optimizer_results"": [{""fun"": 16740.52903634317, ""jac"": [0.04001776689907243, 0.00618456397101979, -0.007639755498913828], ""message"": ""CONVERGENCE: REL_REDUCTION_OF_F_<=_FACTR*EPSMCH"", ""method"": ""L-BFGS-B"", ""nfev"": 72, ""nit"": 16, ""status"": 0, ""success"": true, ""x"": [0.17201625418356958, 0.0473571247665504, 0.1554211540924392]}, {""fun"": 16740.52903632941, ""jac"": [0.005093170332609218, -0.0007275957612964458, -0.0014551915236026337], ""message"": ""CONVERGENCE: REL_REDUCTION_OF_F_<=_FACTR*EPSMCH"", ""method"": ""L-BFGS-B"", ""nfev"": 68, ""nit"": 15, ""status"": 0, ""success"": true, ""x"": [0.17201633327211732, 0.04735416984782321, 0.15542290227191116]}], ""solver_path"": ""general_convolution"", ""uncertified_profiles"": 0}"
foul_leaves_5_team,team-quarter,2015-16,9840,optimization,PERS_FOUL_DRAWN,3,FTA;LOOSE_BALL_FOUL_DRAWN,18,Binomial,32535.519414083898,-16253.96839055688,"[0.11533372754028527, 0.0]","{""n"": 100, ""p"": 0.011978003652568129}",3,True,optimizer_converged_lbfgsb,11,74,2,-16274.993571858926,21.025181302045894,0.2671138999867253,"{""binomial_discrete_residual_mean"": 1.0687277616318553, ""binomial_discrete_residual_variance"": 1.1199883060344111, ""binomial_h_extension_used"": true, ""binomial_n_candidates"": 1, ""binomial_n_max"": 100, ""binomial_n_min"": 100, ""binomial_n_policy"": ""paper_H_binomial_discrete_index_continuous_full_mle"", ""binomial_n_tie_break"": ""not_applicable_single_mom_index"", ""certified_profiles"": 1, ""optimizer_powell_attempted"": false, ""optimizer_powell_success"": false, ""optimizer_primary_failed_starts"": 0, ""optimizer_primary_successful_starts"": 2, ""optimizer_results"": [{""fun"": 16253.96839059649, ""jac"": [0.1195076038758663, 189.525235327892, 0.024010660272729398], ""message"": ""CONVERGENCE: REL_REDUCTION_OF_F_<=_FACTR*EPSMCH"", ""method"": ""L-BFGS-B"", ""nfev"": 28, ""nit"": 5, ""status"": 0, ""success"": true, ""x"": [0.1153339328159355, 0.0, -4.412630704642462]}, {""fun"": 16253.96839055688, ""jac"": [0.0012732925831523045, 189.5192326628603, 0.0], ""message"": ""CONVERGENCE: REL_REDUCTION_OF_F_<=_FACTR*EPSMCH"", ""method"": ""L-BFGS-B"", ""nfev"": 44, ""nit"": 6, ""status"": 0, ""success"": true, ""x"": [0.11533372754028527, 0.0, -4.412633022227628]}], ""solver_path"": ""general_convolution"", ""uncertified_profiles"": 0}"
foul_leaves_5_team,team-quarter,2015-16,9840,optimization,PERS_FOUL_DRAWN,3,FTA;LOOSE_BALL_FOUL_DRAWN,18,Bernoulli,inf,-inf,[],{},3,False,infeasible_conditional_support,0,0,0,-inf,0.0,7.98000255599618e-05,"{""binomial_discrete_residual_mean"": null, ""binomial_discrete_residual_variance"": null, ""binomial_h_extension_used"": null, ""binomial_n_candidates"": 0, ""binomial_n_max"": null, ""binomial_n_min"": null, ""binomial_n_policy"": null, ""binomial_n_tie_break"": null, ""certified_profiles"": 0, ""solver_path"": ""conditional_support_check"", ""support_violating_rows"": 193, ""uncertified_profiles"": 0}"
foul_leaves_5_team,team-quarter,2015-16,9840,optimization,PERS_FOUL_DRAWN,3,FOUL;FTA;LOOSE_BALL_FOUL_DRAWN,19,Poisson,29081.190917540363,-14522.207036790089,"[0.40397657166731965, 0.0, 0.0]","{""lam"": 0.0}",4,True,poisson_convex_mle,7,14,2,-17788.13871802703,3265.9316812369398,0.018874700006563216,"{""binomial_discrete_residual_mean"": null, ""binomial_discrete_residual_variance"": null, ""binomial_h_extension_used"": null, ""binomial_n_candidates"": 0, ""binomial_n_max"": null, ""binomial_n_min"": null, ""binomial_n_policy"": null, ""binomial_n_tie_break"": null, ""certified_profiles"": 1, ""optimizer_primary_failed_starts"": 0, ""optimizer_primary_successful_starts"": 2, ""optimizer_results"": [{""fun"": 14522.207036790089, ""jac"": [237.15797967022996, -5.237187492923567e-05, 6753.129158157287, 649.7387225294934], ""message"": ""CONVERGENCE: REL_REDUCTION_OF_F_<=_FACTR*EPSMCH"", ""method"": ""L-BFGS-B"", ""nfev"": 9, ""nit"": 6, ""status"": 0, ""success"": true, ""x"": [0.0, 0.40397657166731965, 0.0, 0.0]}, {""fun"": 17788.13871802703, ""jac"": [4259.534945431302, 19023.56319077152, 27751.627282033056, 1602.366721329552], ""message"": ""CONVERGENCE: REL_REDUCTION_OF_F_<=_FACTR*EPSMCH"", ""method"": ""L-BFGS-B"", ""nfev"": 3, ""nit"": 1, ""status"": 0, ""success"": true, ""x"": [0.0, 0.6951612741414336, 0.0, 0.0]}], ""poisson_canonical_agreement_abs"": 0.0, ""solver_path"": ""poisson_convex"", ""uncertified_profiles"": 0}"
foul_leaves_5_team,team-quarter,2015-16,9840,optimization,PERS_FOUL_DRAWN,3,FOUL;FTA;LOOSE_BALL_FOUL_DRAWN,19,NB,29090.389518658445,-14522.209231854107,"[0.4039746072184164, 0.0, 0.0]","{""p"": 0.9999903731743206, ""r"": 0.9613658993335903}",5,True,optimizer_converged_lbfgsb,12,104,2,-17788.181313434274,3265.9720815801666,0.2519012999837287,"{""binomial_discrete_residual_mean"": null, ""binomial_discrete_residual_variance"": null, ""binomial_h_extension_used"": null, ""binomial_n_candidates"": 0, ""binomial_n_max"": null, ""binomial_n_min"": null, ""binomial_n_policy"": null, ""binomial_n_tie_break"": null, ""certified_profiles"": 1, ""optimizer_powell_attempted"": false, ""optimizer_powell_success"": false, ""optimizer_primary_failed_starts"": 0, ""optimizer_primary_successful_starts"": 2, ""optimizer_results"": [{""fun"": 14522.209231854107, ""jac"": [-0.0009094947022516461, 6753.101661161054, 649.7375579783693, 0.0018189894032411148, -0.0023646860289546143], ""message"": ""CONVERGENCE: REL_REDUCTION_OF_F_<=_FACTR*EPSMCH"", ""method"": ""L-BFGS-B"", ""nfev"": 54, ""nit"": 6, ""status"": 0, ""success"": true, ""x"": [0.4039746072184164, 0.0, 0.0, -0.03940019395206238, 11.550947387929144]}, {""fun"": 14522.209326171233, ""jac"": [-0.0009094947022516461, 6753.09984217165, 649.7373760794289, 0.0018189894032411148, -0.0023646860289546143], ""message"": ""CONVERGENCE: REL_REDUCTION_OF_F_<=_FACTR*EPSMCH"", ""method"": ""L-BFGS-B"", ""nfev"": 48, ""nit"": 6, ""status"": 0, ""success"": true, ""x"": [0.4039745205570144, 0.0, 0.0, -0.017534630142002603, 11.530744858584418]}], ""solver_path"": ""general_convolution"", ""uncertified_profiles"": 0}"
foul_leaves_5_team,team-quarter,2015-16,9840,optimization,PERS_FOUL_DRAWN,3,FOUL;FTA;LOOSE_BALL_FOUL_DRAWN,19,ZIP,29090.385128577844,-14522.207036813807,"[0.40397656864044496, 0.0, 0.0]","{""lam"": 9.999999999999996e-11, ""rho"": 1.0000000000000007e-09}",5,True,optimizer_converged_lbfgsb,12,110,2,-17788.13871845298,3265.9316816391747,0.12484750000294298,"{""binomial_discrete_residual_mean"": null, ""binomial_discrete_residual_variance"": null, ""binomial_h_extension_used"": null, ""binomial_n_candidates"": 0, ""binomial_n_max"": null, ""binomial_n_min"": null, ""binomial_n_policy"": null, ""binomial_n_tie_break"": null, ""certified_profiles"": 1, ""optimizer_powell_attempted"": false, ""optimizer_powell_success"": false, ""optimizer_primary_failed_starts"": 0, ""optimizer_primary_successful_starts"": 2, ""optimizer_results"": [{""fun"": 14522.207036813807, ""jac"": [0.0003637978809006584, 6753.1296735978685, 649.7386493720114, 0.0, 0.0], ""message"": ""CONVERGENCE: REL_REDUCTION_OF_F_<=_FACTR*EPSMCH"", ""method"": ""L-BFGS-B"", ""nfev"": 54, ""nit"": 6, ""status"": 0, ""success"": true, ""x"": [0.40397656864044496, 0.0, 0.0, -23.025850929940457, -20.72326583594641]}, {""fun"": 14522.20703681381, ""jac"": [-0.0003637978809006584, 6753.128946002107, 649.7384674730711, 0.0, 0.0], ""message"": ""CONVERGENCE: REL_REDUCTION_OF_F_<=_FACTR*EPSMCH"", ""method"": ""L-BFGS-B"", ""nfev"": 54, ""nit"": 6, ""status"": 0, ""success"": true, ""x"": [0.4039765657014782, 0.0, 0.0, -23.025850929940457, -20.72326583594641]}], ""solver_path"": ""general_convolution"", ""uncertified_profiles"": 0}"
foul_leaves_5_team,team-quarter,2015-16,9840,optimization,PERS_FOUL_DRAWN,3,FOUL;FTA;LOOSE_BALL_FOUL_DRAWN,19,Geom,29081.190918014683,-14522.207037027249,"[0.40397656822681965, 0.0, 0.0]","{""p"": 0.9999999990000001}",4,True,optimizer_converged_lbfgsb,12,92,2,-17788.138722286563,3265.9316852593147,21.428303499997128,"{""binomial_discrete_residual_mean"": null, ""binomial_discrete_residual_variance"": null, ""binomial_h_extension_used"": null, ""binomial_n_candidates"": 0, ""binomial_n_max"": null, ""binomial_n_min"": null, ""binomial_n_policy"": null, ""binomial_n_tie_break"": null, ""certified_profiles"": 1, ""optimizer_powell_attempted"": false, ""optimizer_powell_success"": false, ""optimizer_primary_failed_starts"": 0, ""optimizer_primary_successful_starts"": 2, ""optimizer_results"": [{""fun"": 14522.207037027252, ""jac"": [-0.0003637978809006584, 6753.128946002107, 649.7384674730711, 0.0], ""message"": ""CONVERGENCE: REL_REDUCTION_OF_F_<=_FACTR*EPSMCH"", ""method"": ""L-BFGS-B"", ""nfev"": 45, ""nit"": 6, ""status"": 0, ""success"": true, ""x"": [0.4039765652129271, 0.0, 0.0, 20.723265863120545]}, {""fun"": 14522.207037027249, ""jac"": [0.0001818989404503292, 6753.129855496809, 649.7386493720114, 0.0], ""message"": ""CONVERGENCE: REL_REDUCTION_OF_F_<=_FACTR*EPSMCH"", ""method"": ""L-BFGS-B"", ""nfev"": 45, ""nit"": 6, ""status"": 0, ""success"": true, ""x"": [0.40397656822681965, 0.0, 0.0, 20.723265866338743]}], ""solver_path"": ""general_convolution"", ""uncertified_profiles"": 0}"
foul_leaves_5_team,team-quarter,2015-16,9840,optimization,PERS_FOUL_DRAWN,3,FOUL;FTA;LOOSE_BALL_FOUL_DRAWN,19,Binomial,29081.190918489003,-14522.207037264408,"[0.40397656467448795, 0.0, 0.0]","{""n"": 2, ""p"": 1.0000000000000007e-09}",4,True,optimizer_converged_lbfgsb,12,92,2,-17788.1387265461,3265.9316892816933,0.2343006000155583,"{""binomial_discrete_residual_mean"": -3.071590748343863, ""binomial_discrete_residual_variance"": -7.611198790008505, ""binomial_h_extension_used"": true, ""binomial_n_candidates"": 1, ""binomial_n_max"": 2, ""binomial_n_min"": 2, ""binomial_n_policy"": ""paper_H_binomial_discrete_index_continuous_full_mle"", ""binomial_n_tie_break"": ""not_applicable_single_mom_index"", ""certified_profiles"": 1, ""optimizer_powell_attempted"": false, ""optimizer_powell_success"": false, ""optimizer_primary_failed_starts"": 0, ""optimizer_primary_successful_starts"": 2, ""optimizer_results"": [{""fun"": 14522.207037264408, ""jac"": [0.0, 6753.129309799988, 649.7386493720114, 0.0], ""message"": ""CONVERGENCE: NORM_OF_PROJECTED_GRADIENT_<=_PGTOL"", ""method"": ""L-BFGS-B"", ""nfev"": 45, ""nit"": 6, ""status"": 0, ""success"": true, ""x"": [0.40397656467448795, 0.0, 0.0, -20.72326583594641]}, {""fun"": 14522.207037264408, ""jac"": [-0.0003637978809006584, 6753.129309799988, 649.7386493720114, 0.0], ""message"": ""CONVERGENCE: REL_REDUCTION_OF_F_<=_FACTR*EPSMCH"", ""method"": ""L-BFGS-B"", ""nfev"": 45, ""nit"": 6, ""status"": 0, ""success"": true, ""x"": [0.403976564865128, 0.0, 0.0, -20.72326583594641]}], ""solver_path"": ""general_convolution"", ""uncertified_profiles"": 0}"
foul_leaves_5_team,team-quarter,2015-16,9840,optimization,PERS_FOUL_DRAWN,3,FOUL;FTA;LOOSE_BALL_FOUL_DRAWN,19,Bernoulli,29081.190918014683,-14522.207037027249,"[0.40397656556283884, 0.0, 0.0]","{""p"": 1.0000000005539042e-09}",4,True,optimizer_converged_lbfgsb,12,92,2,-17788.138722286567,3265.9316852593183,0.20372970000607893,"{""binomial_discrete_residual_mean"": null, ""binomial_discrete_residual_variance"": null, ""binomial_h_extension_used"": null, ""binomial_n_candidates"": 0, ""binomial_n_max"": null, ""binomial_n_min"": null, ""binomial_n_policy"": null, ""binomial_n_tie_break"": null, ""certified_profiles"": 1, ""optimizer_powell_attempted"": false, ""optimizer_powell_success"": false, ""optimizer_primary_failed_starts"": 0, ""optimizer_primary_successful_starts"": 2, ""optimizer_results"": [{""fun"": 14522.207037027249, ""jac"": [0.0, 6753.129491698928, 649.7388312709518, 0.0], ""message"": ""CONVERGENCE: NORM_OF_PROJECTED_GRADIENT_<=_PGTOL"", ""method"": ""L-BFGS-B"", ""nfev"": 45, ""nit"": 6, ""status"": 0, ""success"": true, ""x"": [0.40397656556283884, 0.0, 0.0, -20.723265835392507]}, {""fun"": 14522.207037027249, ""jac"": [0.0001818989404503292, 6753.129491698928, 649.7388312709518, 0.0], ""message"": ""CONVERGENCE: REL_REDUCTION_OF_F_<=_FACTR*EPSMCH"", ""method"": ""L-BFGS-B"", ""nfev"": 45, ""nit"": 6, ""status"": 0, ""success"": true, ""x"": [0.40397656720161434, 0.0, 0.0, -20.72326583594641]}], ""solver_path"": ""general_convolution"", ""uncertified_profiles"": 0}"
foul_leaves_5_team,team-quarter,2015-16,9840,optimization,PERS_FOUL_DRAWN,3,FTM;LOOSE_BALL_FOUL_DRAWN,20,Poisson,32704.721162455488,-16338.569264742675,"[0.13499336742220006, 0.0]","{""lam"": 1.2738953923087244}",3,True,poisson_convex_mle,16,22,2,-16347.963798434801,9.39453369212606,0.03454550000606105,"{""binomial_discrete_residual_mean"": null, ""binomial_discrete_residual_variance"": null, ""binomial_h_extension_used"": null, ""binomial_n_candidates"": 0, ""binomial_n_max"": null, ""binomial_n_min"": null, ""binomial_n_policy"": null, ""binomial_n_tie_break"": null, ""certified_profiles"": 1, ""optimizer_primary_failed_starts"": 0, ""optimizer_primary_successful_starts"": 2, ""optimizer_results"": [{""fun"": 16338.569264742691, ""jac"": [-0.00017448686227794497, 0.0005795065433176205, 162.71071795288594], ""message"": ""CONVERGENCE: REL_REDUCTION_OF_F_<=_FACTR*EPSMCH"", ""method"": ""L-BFGS-B"", ""nfev"": 7, ""nit"": 5, ""status"": 0, ""success"": true, ""x"": [1.2738952640291048, 0.13499339088809542, 0.0]}, {""fun"": 16338.569264742675, ""jac"": [5.336004429068453e-05, 0.0002960938081741915, 162.71075164858303], ""message"": ""CONVERGENCE: REL_REDUCTION_OF_F_<=_FACTR*EPSMCH"", ""method"": ""L-BFGS-B"", ""nfev"": 13, ""nit"": 11, ""status"": 0, ""success"": true, ""x"": [1.2738953923087244, 0.13499336742220006, 0.0]}], ""poisson_canonical_agreement_abs"": 0.0, ""solver_path"": ""poisson_convex"", ""uncertified_profiles"": 0}"
foul_leaves_5_team,team-quarter,2015-16,9840,optimization,PERS_FOUL_DRAWN,3,FTM;LOOSE_BALL_FOUL_DRAWN,20,NB,32713.915446765786,-16338.5693014028,"[0.13498978176069967, 0.0]","{""p"": 0.9999997845730715, ""r"": 5913712.400783695}",4,True,optimizer_converged_lbfgsb,62,482,2,-16365.720463740487,27.1511623376864,1.2074150000116788,"{""binomial_discrete_residual_mean"": null, ""binomial_discrete_residual_variance"": null, ""binomial_h_extension_used"": null, ""binomial_n_candidates"": 0, ""binomial_n_max"": null, ""binomial_n_min"": null, ""binomial_n_policy"": null, ""binomial_n_tie_break"": null, ""certified_profiles"": 1, ""optimizer_powell_attempted"": false, ""optimizer_powell_success"": false, ""optimizer_primary_failed_starts"": 0, ""optimizer_primary_successful_starts"": 2, ""optimizer_results"": [{""fun"": 16338.5693014028, ""jac"": [1.1556039686809416, 162.8013706067577, 0.45511111111111113, -0.4201865174527045], ""message"": ""CONVERGENCE: REL_REDUCTION_OF_F_<=_FACTR*EPSMCH"", ""method"": ""L-BFGS-B"", ""nfev"": 260, ""nit"": 26, ""status"": 0, ""success"": true, ""x"": [0.13498978176069967, 0.0, 15.59278434797597, 15.350643847781962]}, {""fun"": 16338.569603255744, ""jac"": [1.3960743679562768, 162.80846466543153, 0.4672983391064926, -0.4729372057909228], ""message"": ""CONVERGENCE: REL_REDUCTION_OF_F_<=_FACTR*EPSMCH"", ""method"": ""L-BFGS-B"", ""nfev"": 220, ""nit"": 36, ""status"": 0, ""success"": true, ""x"": [0.13499387348094677, 0.0, 13.01729530899541, 12.775165174168029]}], ""solver_path"": ""general_convolution"", ""uncertified_profiles"": 0}"
foul_leaves_5_team,team-quarter,2015-16,9840,optimization,PERS_FOUL_DRAWN,3,FTM;LOOSE_BALL_FOUL_DRAWN,20,ZIP,32713.915421965477,-16338.569289002646,"[0.13499350292286183, 0.0]","{""lam"": 1.273895276191979, ""rho"": 2.1192639257584964e-07}",4,True,optimizer_converged_lbfgsb,67,432,2,-16366.042302659425,27.473013656779585,0.5013436999870464,"{""binomial_discrete_residual_mean"": null, ""binomial_discrete_residual_variance"": null, ""binomial_h_extension_used"": null, ""binomial_n_candidates"": 0, ""binomial_n_max"": null, ""binomial_n_min"": null, ""binomial_n_policy"": null, ""binomial_n_tie_break"": null, ""certified_profiles"": 1, ""optimizer_powell_attempted"": false, ""optimizer_powell_success"": false, ""optimizer_primary_failed_starts"": 0, ""optimizer_primary_successful_starts"": 2, ""optimizer_results"": [{""fun"": 16338.569289002646, ""jac"": [0.010004441724768108, 162.71096683340147, 0.0009094947022516461, 0.0], ""message"": ""CONVERGENCE: REL_REDUCTION_OF_F_<=_FACTR*EPSMCH"", ""method"": ""L-BFGS-B"", ""nfev"": 195, ""nit"": 30, ""status"": 0, ""success"": true, ""x"": [0.13499350292286183, 0.0, 0.24207935298007624, -15.367026615468435]}, {""fun"": 16338.56932249523, ""jac"": [-0.4109097064772937, 162.69150364678353, -0.06803020372842312, 0.0], ""message"": ""CONVERGENCE: REL_REDUCTION_OF_F_<=_FACTR*EPSMCH"", ""method"": ""L-BFGS-B"", ""nfev"": 235, ""nit"": 37, ""status"": 0, ""success"": true, ""x"": [0.13498894686694007, 0.0, 0.24208523654245123, -14.51238256863504]}], ""solver_path"": ""general_convolution"", ""uncertified_profiles"": 0}"
foul_leaves_5_team,team-quarter,2015-16,9840,optimization,PERS_FOUL_DRAWN,3,FTM;LOOSE_BALL_FOUL_DRAWN,20,Geom,33791.127852865524,-16881.772609947693,"[0.2063986498115546, 0.08336740333729854]","{""p"": 0.5163416981474219}",3,True,optimizer_converged_lbfgsb,33,150,2,-16982.852310192917,101.07970024522365,0.3435810999944806,"{""binomial_discrete_residual_mean"": null, ""binomial_discrete_residual_variance"": null, ""binomial_h_extension_used"": null, ""binomial_n_candidates"": 0, ""binomial_n_max"": null, ""binomial_n_min"": null, ""binomial_n_policy"": null, ""binomial_n_tie_break"": null, ""certified_profiles"": 1, ""optimizer_powell_attempted"": false, ""optimizer_powell_success"": false, ""optimizer_primary_failed_starts"": 0, ""optimizer_primary_successful_starts"": 2, ""optimizer_results"": [{""fun"": 16881.772609947693, ""jac"": [-0.01127773430792041, 0.0003637978809006584, 0.0010913936427019754], ""message"": ""CONVERGENCE: REL_REDUCTION_OF_F_<=_FACTR*EPSMCH"", ""method"": ""L-BFGS-B"", ""nfev"": 72, ""nit"": 16, ""status"": 0, ""success"": true, ""x"": [0.2063986498115546, 0.08336740333729854, 0.06539008255024865]}, {""fun"": 16881.77260995046, ""jac"": [0.01673470252143029, 0.0003637978809006584, 0.0010913936427019754], ""message"": ""CONVERGENCE: REL_REDUCTION_OF_F_<=_FACTR*EPSMCH"", ""method"": ""L-BFGS-B"", ""nfev"": 76, ""nit"": 17, ""status"": 0, ""success"": true, ""x"": [0.20639916453221585, 0.08336657621397107, 0.06539157239506581]}], ""solver_path"": ""general_convolution"", ""uncertified_profiles"": 0}"
foul_leaves_5_team,team-quarter,2015-16,9840,optimization,PERS_FOUL_DRAWN,3,FTM;LOOSE_BALL_FOUL_DRAWN,20,Binomial,32702.12388256417,-16337.270624797016,"[0.1352859374275994, 0.0]","{""n"": 100, ""p"": 0.0127261525776052}",3,True,optimizer_converged_lbfgsb,14,74,2,-16346.521424631146,9.250799834129793,0.2833628000225872,"{""binomial_discrete_residual_mean"": 1.1898600025285493, ""binomial_discrete_residual_variance"": 1.291547359914073, ""binomial_h_extension_used"": true, ""binomial_n_candidates"": 1, ""binomial_n_max"": 100, ""binomial_n_min"": 100, ""binomial_n_policy"": ""paper_H_binomial_discrete_index_continuous_full_mle"", ""binomial_n_tie_break"": ""not_applicable_single_mom_index"", ""certified_profiles"": 1, ""optimizer_powell_attempted"": false, ""optimizer_powell_success"": false, ""optimizer_primary_failed_starts"": 0, ""optimizer_primary_successful_starts"": 2, ""optimizer_results"": [{""fun"": 16337.270624797446, ""jac"": [0.010004441724768108, 165.43672245461494, 0.0025465851804409964], ""message"": ""CONVERGENCE: REL_REDUCTION_OF_F_<=_FACTR*EPSMCH"", ""method"": ""L-BFGS-B"", ""nfev"": 28, ""nit"": 5, ""status"": 0, ""success"": true, ""x"": [0.13528597981445997, 0.0, -4.351288115464602]}, {""fun"": 16337.270624797016, ""jac"": [-0.0009094947022516461, 165.43599485885352, 0.0], ""message"": ""CONVERGENCE: REL_REDUCTION_OF_F_<=_FACTR*EPSMCH"", ""method"": ""L-BFGS-B"", ""nfev"": 44, ""nit"": 9, ""status"": 0, ""success"": true, ""x"": [0.1352859374275994, 0.0, -4.351288321100735]}], ""solver_path"": ""general_convolution"", ""uncertified_profiles"": 0}"
foul_leaves_5_team,team-quarter,2015-16,9840,optimization,PERS_FOUL_DRAWN,3,FTM;LOOSE_BALL_FOUL_DRAWN,20,Bernoulli,inf,-inf,[],{},3,False,infeasible_conditional_support,0,0,0,-inf,0.0,7.100001676008105e-05,"{""binomial_discrete_residual_mean"": null, ""binomial_discrete_residual_variance"": null, ""binomial_h_extension_used"": null, ""binomial_n_candidates"": 0, ""binomial_n_max"": null, ""binomial_n_min"": null, ""binomial_n_policy"": null, ""binomial_n_tie_break"": null, ""certified_profiles"": 0, ""solver_path"": ""conditional_support_check"", ""support_violating_rows"": 265, ""uncertified_profiles"": 0}"
foul_leaves_5_team,team-quarter,2015-16,9840,optimization,PERS_FOUL_DRAWN,3,FOUL;FTM;LOOSE_BALL_FOUL_DRAWN,21,Poisson,31054.185792776374,-15508.704474408094,"[0.5513121084289143, 0.0, 0.0]","{""lam"": 0.0}",4,True,poisson_convex_mle,2,8,2,-15508.704474408094,0.0,0.010281399998348206,"{""binomial_discrete_residual_mean"": null, ""binomial_discrete_residual_variance"": null, ""binomial_h_extension_used"": null, ""binomial_n_candidates"": 0, ""binomial_n_max"": null, ""binomial_n_min"": null, ""binomial_n_policy"": null, ""binomial_n_tie_break"": null, ""certified_profiles"": 1, ""optimizer_primary_failed_starts"": 1, ""optimizer_primary_successful_starts"": 1, ""optimizer_results"": [{""fun"": 21087.34069861776, ""jac"": [5266.25667038394, 23784.786359536425, 24993.502140348643, 1840.7907453217517], ""message"": ""CONVERGENCE: REL_REDUCTION_OF_F_<=_FACTR*EPSMCH"", ""method"": ""L-BFGS-B"", ""nfev"": 3, ""nit"": 1, ""status"": 0, ""success"": true, ""x"": [0.0, 0.848172474506022, 0.0, 0.0]}, {""fun"": 15508.704474408094, ""jac"": [2803.4718005910904, 12137.209783903414, 15269.157138998547, 1257.5242235719304], ""message"": ""CONVERGENCE: REL_REDUCTION_OF_F_<=_FACTR*EPSMCH"", ""method"": ""L-BFGS-B"", ""nfev"": 3, ""nit"": 1, ""status"": 0, ""success"": true, ""x"": [0.0, 0.5513121084289143, 0.0, 0.0]}], ""poisson_canonical_agreement_abs"": 0.0, ""solver_path"": ""poisson_convex"", ""uncertified_profiles"": 0}"
foul_leaves_5_team,team-quarter,2015-16,9840,optimization,PERS_FOUL_DRAWN,3,FOUL;FTM;LOOSE_BALL_FOUL_DRAWN,21,NB,29090.389619642763,-14522.209282346266,"[0.4039745646958631, 0.0, 0.0]","{""p"": 0.999990270626967, ""r"": 0.9731127063047785}",5,True,optimizer_converged_lbfgsb,12,104,2,-15508.732509324616,986.5232269783501,0.2474852000013925,"{""binomial_discrete_residual_mean"": null, ""binomial_discrete_residual_variance"": null, ""binomial_h_extension_used"": null, ""binomial_n_candidates"": 0, ""binomial_n_max"": null, ""binomial_n_min"": null, ""binomial_n_policy"": null, ""binomial_n_tie_break"": null, ""certified_profiles"": 1, ""optimizer_powell_attempted"": false, ""optimizer_powell_success"": false, ""optimizer_primary_failed_starts"": 0, ""optimizer_primary_successful_starts"": 2, ""optimizer_results"": [{""fun"": 14522.209282346266, ""jac"": [0.0, 5136.006438988261, 649.7377398773097, 0.002728484104861672, -0.0014551914024336086], ""message"": ""CONVERGENCE: REL_REDUCTION_OF_F_<=_FACTR*EPSMCH"", ""method"": ""L-BFGS-B"", ""nfev"": 54, ""nit"": 6, ""status"": 0, ""success"": true, ""x"": [0.4039745646958631, 0.0, 0.0, -0.02725536968648983, 11.540351370912749]}, {""fun"": 14522.209373086067, ""jac"": [-0.0003637978809006584, 5136.005165695678, 649.7377398773097, 0.002546585164979323, -0.002910382804867217], ""message"": ""CONVERGENCE: REL_REDUCTION_OF_F_<=_FACTR*EPSMCH"", ""method"": ""L-BFGS-B"", ""nfev"": 48, ""nit"": 6, ""status"": 0, ""success"": true, ""x"": [0.40397448671692077, 0.0, 0.0, -0.007593580754832668, 11.520401817854289]}], ""solver_path"": ""general_convolution"", ""uncertified_profiles"": 0}"
foul_leaves_5_team,team-quarter,2015-16,9840,optimization,PERS_FOUL_DRAWN,3,FOUL;FTM;LOOSE_BALL_FOUL_DRAWN,21,ZIP,29090.385128577844,-14522.207036813807,"[0.40397656993716674, 0.0, 0.0]","{""lam"": 9.999999999999996e-11, ""rho"": 1.0000000000000007e-09}",5,True,optimizer_converged_lbfgsb,12,104,2,-15508.704474688442,986.4974378746356,0.14847740001277998,"{""binomial_discrete_residual_mean"": null, ""binomial_discrete_residual_variance"": null, ""binomial_h_extension_used"": null, ""binomial_n_candidates"": 0, ""binomial_n_max"": null, ""binomial_n_min"": null, ""binomial_n_policy"": null, ""binomial_n_tie_break"": null, ""certified_profiles"": 1, ""optimizer_powell_attempted"": false, ""optimizer_powell_success"": false, ""optimizer_primary_failed_starts"": 0, ""optimizer_primary_successful_starts"": 2, ""optimizer_results"": [{""fun"": 14522.207036813808, ""jac"": [-0.0001818989404503292, 5136.0264478717, 649.7386493720114, 0.0, 0.0], ""message"": ""CONVERGENCE: REL_REDUCTION_OF_F_<=_FACTR*EPSMCH"", ""method"": ""L-BFGS-B"", ""nfev"": 54, ""nit"": 6, ""status"": 0, ""success"": true, ""x"": [0.40397656588314346, 0.0, 0.0, -23.025850929940457, -20.72326583594641]}, {""fun"": 14522.207036813807, ""jac"": [0.0003637978809006584, 5136.02662977064, 649.7384674730711, 0.0, 0.0], ""message"": ""CONVERGENCE: REL_REDUCTION_OF_F_<=_FACTR*EPSMCH"", ""method"": ""L-BFGS-B"", ""nfev"": 48, ""nit"": 6, ""status"": 0, ""success"": true, ""x"": [0.40397656993716674, 0.0, 0.0, -23.025850929940457, -20.72326583594641]}], ""solver_path"": ""general_convolution"", ""uncertified_profiles"": 0}"
foul_leaves_5_team,team-quarter,2015-16,9840,optimization,PERS_FOUL_DRAWN,3,FOUL;FTM;LOOSE_BALL_FOUL_DRAWN,21,Geom,29081.190918014683,-14522.207037027249,"[0.4039765668165916, 0.0, 0.0]","{""p"": 0.9999999989999999}",4,True,optimizer_converged_lbfgsb,12,87,2,-15508.704477211568,986.4974401843192,20.155408299993724,"{""binomial_discrete_residual_mean"": null, ""binomial_discrete_residual_variance"": null, ""binomial_h_extension_used"": null, ""binomial_n_candidates"": 0, ""binomial_n_max"": null, ""binomial_n_min"": null, ""binomial_n_policy"": null, ""binomial_n_tie_break"": null, ""certified_profiles"": 1, ""optimizer_powell_attempted"": false, ""optimizer_powell_success"": false, ""optimizer_primary_failed_starts"": 0, ""optimizer_primary_successful_starts"": 2, ""optimizer_results"": [{""fun"": 14522.20703702725, ""jac"": [-0.0001818989404503292, 5136.0264478717, 649.7384674730711, 0.0], ""message"": ""CONVERGENCE: REL_REDUCTION_OF_F_<=_FACTR*EPSMCH"", ""method"": ""L-BFGS-B"", ""nfev"": 45, ""nit"": 6, ""status"": 0, ""success"": true, ""x"": [0.40397656687868577, 0.0, 0.0, 20.723265865142142]}, {""fun"": 14522.207037027249, ""jac"": [0.0, 5136.02662977064, 649.7390131698921, 0.0], ""message"": ""CONVERGENCE: NORM_OF_PROJECTED_GRADIENT_<=_PGTOL"", ""method"": ""L-BFGS-B"", ""nfev"": 40, ""nit"": 6, ""status"": 0, ""success"": true, ""x"": [0.4039765668165916, 0.0, 0.0, 20.723265864228342]}], ""solver_path"": ""general_convolution"", ""uncertified_profiles"": 0}"
foul_leaves_5_team,team-quarter,2015-16,9840,optimization,PERS_FOUL_DRAWN,3,FOUL;FTM;LOOSE_BALL_FOUL_DRAWN,21,Binomial,29081.190918489,-14522.207037264407,"[0.40397656552406747, 0.0, 0.0]","{""n"": 2, ""p"": 1.0000000000000007e-09}",4,True,optimizer_converged_lbfgsb,12,87,2,-15508.704480015036,986.4974427506295,0.22300610004458576,"{""binomial_discrete_residual_mean"": -2.0501627136347045, ""binomial_discrete_residual_variance"": -4.7881529209986295, ""binomial_h_extension_used"": true, ""binomial_n_candidates"": 1, ""binomial_n_max"": 2, ""binomial_n_min"": 2, ""binomial_n_policy"": ""paper_H_binomial_discrete_index_continuous_full_mle"", ""binomial_n_tie_break"": ""not_applicable_single_mom_index"", ""certified_profiles"": 1, ""optimizer_powell_attempted"": false, ""optimizer_powell_success"": false, ""optimizer_primary_failed_starts"": 0, ""optimizer_primary_successful_starts"": 2, ""optimizer_results"": [{""fun"": 14522.207037264408, ""jac"": [-0.0003637978809006584, 5136.026084073819, 649.7388312709518, 0.0], ""message"": ""CONVERGENCE: REL_REDUCTION_OF_F_<=_FACTR*EPSMCH"", ""method"": ""L-BFGS-B"", ""nfev"": 45, ""nit"": 6, ""status"": 0, ""success"": true, ""x"": [0.4039765632403753, 0.0, 0.0, -20.72326583594641]}, {""fun"": 14522.207037264407, ""jac"": [0.0001818989404503292, 5136.0264478717, 649.7388312709518, 0.0], ""message"": ""CONVERGENCE: REL_REDUCTION_OF_F_<=_FACTR*EPSMCH"", ""method"": ""L-BFGS-B"", ""nfev"": 40, ""nit"": 6, ""status"": 0, ""success"": true, ""x"": [0.40397656552406747, 0.0, 0.0, -20.72326583594641]}], ""solver_path"": ""general_convolution"", ""uncertified_profiles"": 0}"
foul_leaves_5_team,team-quarter,2015-16,9840,optimization,PERS_FOUL_DRAWN,3,FOUL;FTM;LOOSE_BALL_FOUL_DRAWN,21,Bernoulli,29081.190918014683,-14522.207037027249,"[0.40397656708789764, 0.0, 0.0]","{""p"": 1.0000000000000007e-09}",4,True,optimizer_converged_lbfgsb,12,87,2,-15508.704477211568,986.4974401843192,0.1761436000233516,"{""binomial_discrete_residual_mean"": null, ""binomial_discrete_residual_variance"": null, ""binomial_h_extension_used"": null, ""binomial_n_candidates"": 0, ""binomial_n_max"": null, ""binomial_n_min"": null, ""binomial_n_policy"": null, ""binomial_n_tie_break"": null, ""certified_profiles"": 1, ""optimizer_powell_attempted"": false, ""optimizer_powell_success"": false, ""optimizer_primary_failed_starts"": 0, ""optimizer_primary_successful_starts"": 2, ""optimizer_results"": [{""fun"": 14522.20703702725, ""jac"": [-0.0001818989404503292, 5136.0264478717, 649.7386493720114, 0.0], ""message"": ""CONVERGENCE: REL_REDUCTION_OF_F_<=_FACTR*EPSMCH"", ""method"": ""L-BFGS-B"", ""nfev"": 45, ""nit"": 6, ""status"": 0, ""success"": true, ""x"": [0.40397656579696706, 0.0, 0.0, -20.72326583594641]}, {""fun"": 14522.207037027249, ""jac"": [0.0, 5136.02662977064, 649.7386493720114, 0.0], ""message"": ""CONVERGENCE: NORM_OF_PROJECTED_GRADIENT_<=_PGTOL"", ""method"": ""L-BFGS-B"", ""nfev"": 40, ""nit"": 6, ""status"": 0, ""success"": true, ""x"": [0.40397656708789764, 0.0, 0.0, -20.72326583594641]}], ""solver_path"": ""general_convolution"", ""uncertified_profiles"": 0}"
foul_leaves_5_team,team-quarter,2015-16,9840,optimization,PERS_FOUL_DRAWN,3,FTA;FTM;LOOSE_BALL_FOUL_DRAWN,22,Poisson,32548.922445064985,-16256.0728005524,"[0.11531988099780179, 0.0, 0.0]","{""lam"": 1.1978804731166808}",4,True,poisson_convex_mle,13,21,2,-16260.312065612474,4.2392650600741035,0.028402899974025786,"{""binomial_discrete_residual_mean"": null, ""binomial_discrete_residual_variance"": null, ""binomial_h_extension_used"": null, ""binomial_n_candidates"": 0, ""binomial_n_max"": null, ""binomial_n_min"": null, ""binomial_n_policy"": null, ""binomial_n_tie_break"": null, ""certified_profiles"": 1, ""optimizer_primary_failed_starts"": 0, ""optimizer_primary_successful_starts"": 2, ""optimizer_results"": [{""fun"": 16256.072800552402, ""jac"": [-0.00017107776028169042, -0.0009297978274371843, 116.29605293588253, 186.65935561906656], ""message"": ""CONVERGENCE: REL_REDUCTION_OF_F_<=_FACTR*EPSMCH"", ""method"": ""L-BFGS-B"", ""nfev"": 9, ""nit"": 7, ""status"": 0, ""success"": true, ""x"": [1.1978804445978515, 0.11531988103864467, 0.0, 0.0]}, {""fun"": 16256.0728005524, ""jac"": [-1.2729120606902455e-05, -0.00016133333859080778, 116.29663459658015, 186.65939687379947], ""message"": ""CONVERGENCE: REL_REDUCTION_OF_F_<=_FACTR*EPSMCH"", ""method"": ""L-BFGS-B"", ""nfev"": 10, ""nit"": 6, ""status"": 0, ""success"": true, ""x"": [1.1978804731166808, 0.11531988099780179, 0.0, 0.0]}], ""poisson_canonical_agreement_abs"": 0.0, ""solver_path"": ""poisson_convex"", ""uncertified_profiles"": 0}"
foul_leaves_5_team,team-quarter,2015-16,9840,optimization,PERS_FOUL_DRAWN,3,FTA;FTM;LOOSE_BALL_FOUL_DRAWN,22,NB,32558.11915320707,-16256.07404912842,"[0.11528903586784674, 0.0, 0.0]","{""p"": 0.9999936350694733, ""r"": 188208.01521697137}",5,True,optimizer_converged_lbfgsb,31,326,2,-16296.144018143803,40.06996901538332,0.8277199000003748,"{""binomial_discrete_residual_mean"": null, ""binomial_discrete_residual_variance"": null, ""binomial_h_extension_used"": null, ""binomial_n_candidates"": 0, ""binomial_n_max"": null, ""binomial_n_min"": null, ""binomial_n_policy"": null, ""binomial_n_tie_break"": null, ""certified_profiles"": 1, ""optimizer_powell_attempted"": false, ""optimizer_powell_success"": false, ""optimizer_primary_failed_starts"": 0, ""optimizer_primary_successful_starts"": 2, ""optimizer_results"": [{""fun"": 16256.074919321203, ""jac"": [0.0003637978809006584, 116.29654181888327, 186.65687093744054, -0.002182787103650413, 0.0007275957012168043], ""message"": ""CONVERGENCE: REL_REDUCTION_OF_F_<=_FACTR*EPSMCH"", ""method"": ""L-BFGS-B"", ""nfev"": 54, ""nit"": 7, ""status"": 0, ""success"": true, ""x"": [0.11531988296793133, 0.0, 0.0, 11.566705377184045, 11.386151683243735]}, {""fun"": 16256.07404912842, ""jac"": [-4.901448849374571, 112.61763575021178, 186.47788238013163, -0.6191839417355005, 0.618820143884892], ""message"": ""CONVERGENCE: REL_REDUCTION_OF_F_<=_FACTR*EPSMCH"", ""method"": ""L-BFGS-B"", ""nfev"": 270, ""nit"": 24, ""status"": 0, ""success"": true, ""x"": [0.11528903586784674, 0.0, 0.0, 12.145303094052103, 11.96470087595172]}], ""solver_path"": ""general_convolution"", ""uncertified_profiles"": 0}"
foul_leaves_5_team,team-quarter,2015-16,9840,optimization,PERS_FOUL_DRAWN,3,FTA;FTM;LOOSE_BALL_FOUL_DRAWN,22,ZIP,32558.116656398375,-16256.072800724072,"[0.11531956469063437, 0.0, 0.0]","{""lam"": 1.1978798476552492, ""rho"": 1.0000000000000007e-09}",5,True,optimizer_converged_lbfgsb,38,296,2,-16302.935496554579,46.86269583050671,0.3230360000161454,"{""binomial_discrete_residual_mean"": null, ""binomial_discrete_residual_variance"": null, ""binomial_h_extension_used"": null, ""binomial_n_candidates"": 0, ""binomial_n_max"": null, ""binomial_n_min"": null, ""binomial_n_policy"": null, ""binomial_n_tie_break"": null, ""certified_profiles"": 1, ""optimizer_powell_attempted"": false, ""optimizer_powell_success"": false, ""optimizer_primary_failed_starts"": 0, ""optimizer_primary_successful_starts"": 2, ""optimizer_results"": [{""fun"": 16256.072800724072, ""jac"": [-0.08294591684535012, 116.234332381282, 186.65577954379842, -0.014551915236026338, 0.0], ""message"": ""CONVERGENCE: REL_REDUCTION_OF_F_<=_FACTR*EPSMCH"", ""method"": ""L-BFGS-B"", ""nfev"": 48, ""nit"": 6, ""status"": 0, ""success"": true, ""x"": [0.11531956469063437, 0.0, 0.0, 0.18055320055265658, -20.72326583594641]}, {""fun"": 16256.072885867397, ""jac"": [0.14333636507485942, 116.40368029475212, 186.66378309717402, 0.012005330069721728, 0.00036379785060840214], ""message"": ""CONVERGENCE: REL_REDUCTION_OF_F_<=_FACTR*EPSMCH"", ""method"": ""L-BFGS-B"", ""nfev"": 246, ""nit"": 32, ""status"": 0, ""success"": true, ""x"": [0.11532109444394063, 0.0, 0.0, 0.18055081841916396, -14.410754585480229]}], ""solver_path"": ""general_convolution"", ""uncertified_profiles"": 0}"
foul_leaves_5_team,team-quarter,2015-16,9840,optimization,PERS_FOUL_DRAWN,3,FTA;FTM;LOOSE_BALL_FOUL_DRAWN,22,Geom,33517.83491661775,-16740.529036328782,"[0.1720163345234708, 0.0, 0.04735490141232256]","{""p"": 0.5387778516154987}",4,True,optimizer_converged_lbfgsb,33,192,2,-16749.92904323811,9.400006909327203,0.33657589997164905,"{""binomial_discrete_residual_mean"": null, ""binomial_discrete_residual_variance"": null, ""binomial_h_extension_used"": null, ""binomial_n_candidates"": 0, ""binomial_n_max"": null, ""binomial_n_min"": null, ""binomial_n_policy"": null, ""binomial_n_tie_break"": null, ""certified_profiles"": 1, ""optimizer_powell_attempted"": false, ""optimizer_powell_success"": false, ""optimizer_primary_failed_starts"": 0, ""optimizer_primary_successful_starts"": 2, ""optimizer_results"": [{""fun"": 16740.529036328782, ""jac"": [0.0010913936427019754, 66.92971510346979, -0.0003637978806482229, 0.0], ""message"": ""CONVERGENCE: REL_REDUCTION_OF_F_<=_FACTR*EPSMCH"", ""method"": ""L-BFGS-B"", ""nfev"": 100, ""nit"": 17, ""status"": 0, ""success"": true, ""x"": [0.1720163345234708, 0.0, 0.04735490141232256, 0.15542352619044636]}, {""fun"": 16740.529036328895, ""jac"": [-0.0007275957618013168, 66.92862370982766, 0.0007275957612964458, 0.0], ""message"": ""CONVERGENCE: REL_REDUCTION_OF_F_<=_FACTR*EPSMCH"", ""method"": ""L-BFGS-B"", ""nfev"": 90, ""nit"": 16, ""status"": 0, ""success"": true, ""x"": [0.17201628352376766, 0.0, 0.04735511967814292, 0.15542321254825708]}], ""solver_path"": ""general_convolution"", ""uncertified_profiles"": 0}"
foul_leaves_5_team,team-quarter,2015-16,9840,optimization,PERS_FOUL_DRAWN,3,FTA;FTM;LOOSE_BALL_FOUL_DRAWN,22,Binomial,32532.407255348655,-16247.815205694234,"[0.11606397158345018, 0.0, 0.0]","{""n"": 17, ""p"": 0.07021052745914924}",4,True,optimizer_converged_lbfgsb,14,102,2,-16253.213718260515,5.39851256628026,0.3487592000165023,"{""binomial_discrete_residual_mean"": 0.929530476980875, ""binomial_discrete_residual_variance"": 0.8800788548298284, ""binomial_h_extension_used"": false, ""binomial_n_candidates"": 1, ""binomial_n_max"": 17, ""binomial_n_min"": 17, ""binomial_n_policy"": ""paper_H_binomial_discrete_index_continuous_full_mle"", ""binomial_n_tie_break"": ""not_applicable_single_mom_index"", ""certified_profiles"": 1, ""optimizer_powell_attempted"": false, ""optimizer_powell_success"": false, ""optimizer_primary_failed_starts"": 0, ""optimizer_primary_successful_starts"": 2, ""optimizer_results"": [{""fun"": 16247.815205694344, ""jac"": [-0.0052750692730595475, 117.01486073434353, 201.99513528496027, 0.0001818989414600712], ""message"": ""CONVERGENCE: REL_REDUCTION_OF_F_<=_FACTR*EPSMCH"", ""method"": ""L-BFGS-B"", ""nfev"": 50, ""nit"": 8, ""status"": 0, ""success"": true, ""x"": [0.11606393870823815, 0.0, 0.0, -2.5834598706362635]}, {""fun"": 16247.815205694234, ""jac"": [0.0003637978809006584, 117.01886251103133, 201.99549908284098, 0.0001818989414600712], ""message"": ""CONVERGENCE: REL_REDUCTION_OF_F_<=_FACTR*EPSMCH"", ""method"": ""L-BFGS-B"", ""nfev"": 50, ""nit"": 6, ""status"": 0, ""success"": true, ""x"": [0.11606397158345018, 0.0, 0.0, -2.583459923315077]}], ""solver_path"": ""general_convolution"", ""uncertified_profiles"": 0}"
foul_leaves_5_team,team-quarter,2015-16,9840,optimization,PERS_FOUL_DRAWN,3,FTA;FTM;LOOSE_BALL_FOUL_DRAWN,22,Bernoulli,inf,-inf,[],{},4,False,infeasible_conditional_support,0,0,0,-inf,0.0,0.00011089997133240104,"{""binomial_discrete_residual_mean"": null, ""binomial_discrete_residual_variance"": null, ""binomial_h_extension_used"": null, ""binomial_n_candidates"": 0, ""binomial_n_max"": null, ""binomial_n_min"": null, ""binomial_n_policy"": null, ""binomial_n_tie_break"": null, ""certified_profiles"": 0, ""solver_path"": ""conditional_support_check"", ""support_violating_rows"": 193, ""uncertified_profiles"": 0}"
foul_leaves_5_team,team-quarter,2015-16,9840,optimization,PERS_FOUL_DRAWN,3,FOUL;FTA;FTM;LOOSE_BALL_FOUL_DRAWN,23,Poisson,29090.385128530415,-14522.207036790092,"[0.40397657166252837, 0.0, 0.0, 0.0]","{""lam"": 0.0}",5,True,poisson_convex_mle,7,14,2,-17785.50355770717,3263.296520917076,0.023913900018669665,"{""binomial_discrete_residual_mean"": null, ""binomial_discrete_residual_variance"": null, ""binomial_h_extension_used"": null, ""binomial_n_candidates"": 0, ""binomial_n_max"": null, ""binomial_n_min"": null, ""binomial_n_policy"": null, ""binomial_n_tie_break"": null, ""certified_profiles"": 1, ""optimizer_primary_failed_starts"": 0, ""optimizer_primary_successful_starts"": 2, ""optimizer_results"": [{""fun"": 14522.207036790092, ""jac"": [237.15797955634292, -5.2910524900084965e-05, 6753.129157562641, 5136.026436611286, 649.7387225025213], ""message"": ""CONVERGENCE: REL_REDUCTION_OF_F_<=_FACTR*EPSMCH"", ""method"": ""L-BFGS-B"", ""nfev"": 9, ""nit"": 6, ""status"": 0, ""success"": true, ""x"": [0.0, 0.40397657166252837, 0.0, 0.0, 0.0]}, {""fun"": 17785.50355770717, ""jac"": [4258.422582238021, 19018.302343334268, 27745.8202787053, 21014.053306851347, 1602.10327801438], ""message"": ""CONVERGENCE: REL_REDUCTION_OF_F_<=_FACTR*EPSMCH"", ""method"": ""L-BFGS-B"", ""nfev"": 3, ""nit"": 1, ""status"": 0, ""success"": true, ""x"": [0.0, 0.6950227341272333, 0.0, 0.0, 0.0]}], ""poisson_canonical_agreement_abs"": 0.0, ""solver_path"": ""poisson_convex"", ""uncertified_profiles"": 0}"
foul_leaves_5_team,team-quarter,2015-16,9840,optimization,PERS_FOUL_DRAWN,3,FOUL;FTA;FTM;LOOSE_BALL_FOUL_DRAWN,23,NB,29099.58372968769,-14522.209231873705,"[0.4039746099231527, 0.0, 0.0, 0.0]","{""p"": 0.9999903796667988, ""r"": 0.9620233234626908}",6,True,optimizer_converged_lbfgsb,12,121,2,-17785.546141990886,3263.336910117181,0.28201150003587827,"{""binomial_discrete_residual_mean"": null, ""binomial_discrete_residual_variance"": null, ""binomial_h_extension_used"": null, ""binomial_n_candidates"": 0, ""binomial_n_max"": null, ""binomial_n_min"": null, ""binomial_n_policy"": null, ""binomial_n_tie_break"": null, ""certified_profiles"": 1, ""optimizer_powell_attempted"": false, ""optimizer_powell_success"": false, ""optimizer_primary_failed_starts"": 0, ""optimizer_primary_successful_starts"": 2, ""optimizer_results"": [{""fun"": 14522.209231873705, ""jac"": [-0.0001818989404503292, 6753.102206857875, 5136.006620887201, 649.7375579783693, 0.0021827872838893377, -0.0018189892530420108], ""message"": ""CONVERGENCE: REL_REDUCTION_OF_F_<=_FACTR*EPSMCH"", ""method"": ""L-BFGS-B"", ""nfev"": 63, ""nit"": 6, ""status"": 0, ""success"": true, ""x"": [0.4039746099231527, 0.0, 0.0, 0.0, -0.03871658384661827, 11.551622037207487]}, {""fun"": 14522.209324799016, ""jac"": [0.0010913936427019754, 6753.101479262114, 5136.006257089321, 649.7375579783693, 0.0021827872838893377, -0.0007275957012168043], ""message"": ""CONVERGENCE: REL_REDUCTION_OF_F_<=_FACTR*EPSMCH"", ""method"": ""L-BFGS-B"", ""nfev"": 56, ""nit"": 6, ""status"": 0, ""success"": true, ""x"": [0.40397452844751386, 0.0, 0.0, 0.0, -0.0178344281120622, 11.531044584231852]}], ""solver_path"": ""general_convolution"", ""uncertified_profiles"": 0}"
foul_leaves_5_team,team-quarter,2015-16,9840,optimization,PERS_FOUL_DRAWN,3,FOUL;FTA;FTM;LOOSE_BALL_FOUL_DRAWN,23,ZIP,29099.57933956789,-14522.207036813805,"[0.4039765692764156, 0.0, 0.0, 0.0]","{""lam"": 9.999999999999996e-11, ""rho"": 1.0000000000000007e-09}",6,True,optimizer_converged_lbfgsb,12,128,2,-17785.50355813301,3263.2965213192037,0.13423079997301102,"{""binomial_discrete_residual_mean"": null, ""binomial_discrete_residual_variance"": null, ""binomial_h_extension_used"": null, ""binomial_n_candidates"": 0, ""binomial_n_max"": null, ""binomial_n_min"": null, ""binomial_n_policy"": null, ""binomial_n_tie_break"": null, ""certified_profiles"": 1, ""optimizer_powell_attempted"": false, ""optimizer_powell_success"": false, ""optimizer_primary_failed_starts"": 0, ""optimizer_primary_successful_starts"": 2, ""optimizer_results"": [{""fun"": 14522.207036813805, ""jac"": [0.0003637978809006584, 6753.129855496809, 5136.026993568521, 649.7388312709518, 0.0, 0.0], ""message"": ""CONVERGENCE: REL_REDUCTION_OF_F_<=_FACTR*EPSMCH"", ""method"": ""L-BFGS-B"", ""nfev"": 63, ""nit"": 6, ""status"": 0, ""success"": true, ""x"": [0.4039765692764156, 0.0, 0.0, 0.0, -23.025850929940457, -20.72326583594641]}, {""fun"": 14522.207036813808, ""jac"": [0.0, 6753.129491698928, 5136.0264478717, 649.7384674730711, 0.0, 0.0], ""message"": ""CONVERGENCE: NORM_OF_PROJECTED_GRADIENT_<=_PGTOL"", ""method"": ""L-BFGS-B"", ""nfev"": 63, ""nit"": 6, ""status"": 0, ""success"": true, ""x"": [0.403976567490497, 0.0, 0.0, 0.0, -23.025850929940457, -20.72326583594641]}], ""solver_path"": ""general_convolution"", ""uncertified_profiles"": 0}"
foul_leaves_5_team,team-quarter,2015-16,9840,optimization,PERS_FOUL_DRAWN,3,FOUL;FTA;FTM;LOOSE_BALL_FOUL_DRAWN,23,Geom,29090.385129004728,-14522.207037027249,"[0.4039765678504685, 0.0, 0.0, 0.0]","{""p"": 0.9999999989999999}",5,True,optimizer_converged_lbfgsb,12,110,2,-17785.50356196559,3263.2965249383415,24.601254000037443,"{""binomial_discrete_residual_mean"": null, ""binomial_discrete_residual_variance"": null, ""binomial_h_extension_used"": null, ""binomial_n_candidates"": 0, ""binomial_n_max"": null, ""binomial_n_min"": null, ""binomial_n_policy"": null, ""binomial_n_tie_break"": null, ""certified_profiles"": 1, ""optimizer_powell_attempted"": false, ""optimizer_powell_success"": false, ""optimizer_primary_failed_starts"": 0, ""optimizer_primary_successful_starts"": 2, ""optimizer_results"": [{""fun"": 14522.20703702725, ""jac"": [-0.0001818989404503292, 6753.129309799988, 5136.0264478717, 649.7388312709518, 0.0], ""message"": ""CONVERGENCE: REL_REDUCTION_OF_F_<=_FACTR*EPSMCH"", ""method"": ""L-BFGS-B"", ""nfev"": 54, ""nit"": 6, ""status"": 0, ""success"": true, ""x"": [0.4039765664927447, 0.0, 0.0, 0.0, 20.723265865021112]}, {""fun"": 14522.207037027249, ""jac"": [0.0003637978809006584, 6753.1296735978685, 5136.02662977064, 649.7388312709518, 0.0], ""message"": ""CONVERGENCE: REL_REDUCTION_OF_F_<=_FACTR*EPSMCH"", ""method"": ""L-BFGS-B"", ""nfev"": 54, ""nit"": 6, ""status"": 0, ""success"": true, ""x"": [0.4039765678504685, 0.0, 0.0, 0.0, 20.723265864228342]}], ""solver_path"": ""general_convolution"", ""uncertified_profiles"": 0}"
foul_leaves_5_team,team-quarter,2015-16,9840,optimization,PERS_FOUL_DRAWN,3,FOUL;FTA;FTM;LOOSE_BALL_FOUL_DRAWN,23,Binomial,29090.385129479047,-14522.207037264408,"[0.4039765662477528, 0.0, 0.0, 0.0]","{""n"": 2, ""p"": 1.0000000000000007e-09}",5,True,optimizer_converged_lbfgsb,12,110,2,-17785.50356622401,3263.296528959603,0.2811303000198677,"{""binomial_discrete_residual_mean"": -3.0706070189372143, ""binomial_discrete_residual_variance"": -7.608279887441006, ""binomial_h_extension_used"": true, ""binomial_n_candidates"": 1, ""binomial_n_max"": 2, ""binomial_n_min"": 2, ""binomial_n_policy"": ""paper_H_binomial_discrete_index_continuous_full_mle"", ""binomial_n_tie_break"": ""not_applicable_single_mom_index"", ""certified_profiles"": 1, ""optimizer_powell_attempted"": false, ""optimizer_powell_success"": false, ""optimizer_primary_failed_starts"": 0, ""optimizer_primary_successful_starts"": 2, ""optimizer_results"": [{""fun"": 14522.207037264408, ""jac"": [0.0, 6753.129309799988, 5136.0264478717, 649.7386493720114, 0.0], ""message"": ""CONVERGENCE: NORM_OF_PROJECTED_GRADIENT_<=_PGTOL"", ""method"": ""L-BFGS-B"", ""nfev"": 54, ""nit"": 6, ""status"": 0, ""success"": true, ""x"": [0.4039765662477528, 0.0, 0.0, 0.0, -20.72326583594641]}, {""fun"": 14522.207037264408, ""jac"": [0.0001818989404503292, 6753.129309799988, 5136.0264478717, 649.7386493720114, 0.0], ""message"": ""CONVERGENCE: REL_REDUCTION_OF_F_<=_FACTR*EPSMCH"", ""method"": ""L-BFGS-B"", ""nfev"": 54, ""nit"": 6, ""status"": 0, ""success"": true, ""x"": [0.4039765665784923, 0.0, 0.0, 0.0, -20.72326583594641]}], ""solver_path"": ""general_convolution"", ""uncertified_profiles"": 0}"
foul_leaves_5_team,team-quarter,2015-16,9840,optimization,PERS_FOUL_DRAWN,3,FOUL;FTA;FTM;LOOSE_BALL_FOUL_DRAWN,23,Bernoulli,29090.38512900473,-14522.20703702725,"[0.40397656547993444, 0.0, 0.0, 0.0]","{""p"": 1.0000000000000007e-09}",5,True,optimizer_converged_lbfgsb,12,110,2,-17785.50356196559,3263.2965249383396,0.2113660000031814,"{""binomial_discrete_residual_mean"": null, ""binomial_discrete_residual_variance"": null, ""binomial_h_extension_used"": null, ""binomial_n_candidates"": 0, ""binomial_n_max"": null, ""binomial_n_min"": null, ""binomial_n_policy"": null, ""binomial_n_tie_break"": null, ""certified_profiles"": 1, ""optimizer_powell_attempted"": false, ""optimizer_powell_success"": false, ""optimizer_primary_failed_starts"": 0, ""optimizer_primary_successful_starts"": 2, ""optimizer_results"": [{""fun"": 14522.20703702725, ""jac"": [-0.0001818989404503292, 6753.129309799988, 5136.0264478717, 649.7386493720114, 0.0], ""message"": ""CONVERGENCE: REL_REDUCTION_OF_F_<=_FACTR*EPSMCH"", ""method"": ""L-BFGS-B"", ""nfev"": 54, ""nit"": 6, ""status"": 0, ""success"": true, ""x"": [0.40397656547993444, 0.0, 0.0, 0.0, -20.72326583594641]}, {""fun"": 14522.20703702725, ""jac"": [0.0001818989404503292, 6753.1296735978685, 5136.02662977064, 649.7386493720114, 0.0], ""message"": ""CONVERGENCE: REL_REDUCTION_OF_F_<=_FACTR*EPSMCH"", ""method"": ""L-BFGS-B"", ""nfev"": 54, ""nit"": 6, ""status"": 0, ""success"": true, ""x"": [0.4039765693441539, 0.0, 0.0, 0.0, -20.723265835106492]}], ""solver_path"": ""general_convolution"", ""uncertified_profiles"": 0}"
foul_leaves_5_team,team-quarter,2015-16,9840,optimization,LOOSE_BALL_FOUL_DRAWN,4,,0,Poisson,13590.98919457225,-6790.897491791102,[],"{""lam"": 0.29715447154471547}",1,True,analytic_mle,0,1,0,-6790.897491791102,0.0,0.0007744000176899135,"{""binomial_discrete_residual_mean"": null, ""binomial_discrete_residual_variance"": null, ""binomial_h_extension_used"": null, ""binomial_n_candidates"": 0, ""binomial_n_max"": null, ""binomial_n_min"": null, ""binomial_n_policy"": null, ""binomial_n_tie_break"": null, ""certified_profiles"": 1, ""solver_path"": ""analytic_root"", ""uncertified_profiles"": 0}"
foul_leaves_5_team,team-quarter,2015-16,9840,optimization,LOOSE_BALL_FOUL_DRAWN,4,,0,NB,13594.746133312245,-6788.178855666076,[],"{""p"": 0.9672028703514605, ""r"": 8.76322412715699}",2,True,optimizer_converged_lbfgsb,18,110,2,-6788.179810905656,0.0009552395804348635,0.10209309996571392,"{""binomial_discrete_residual_mean"": null, ""binomial_discrete_residual_variance"": null, ""binomial_h_extension_used"": null, ""binomial_n_candidates"": 0, ""binomial_n_max"": null, ""binomial_n_min"": null, ""binomial_n_policy"": null, ""binomial_n_tie_break"": null, ""certified_profiles"": 1, ""optimizer_powell_attempted"": false, ""optimizer_powell_success"": false, ""optimizer_primary_failed_starts"": 0, ""optimizer_primary_successful_starts"": 2, ""optimizer_results"": [{""fun"": 6788.178855666076, ""jac"": [-0.00045474735365017796, 0.0005456968243802135], ""message"": ""CONVERGENCE: REL_REDUCTION_OF_F_<=_FACTR*EPSMCH"", ""method"": ""L-BFGS-B"", ""nfev"": 54, ""nit"": 9, ""status"": 0, ""success"": true, ""x"": [2.170563888279447, 3.384067266142379]}, {""fun"": 6788.178855666076, ""jac"": [-0.00045474735365017796, 0.0005456968243802135], ""message"": ""CONVERGENCE: REL_REDUCTION_OF_F_<=_FACTR*EPSMCH"", ""method"": ""L-BFGS-B"", ""nfev"": 54, ""nit"": 9, ""status"": 0, ""success"": true, ""x"": [2.170563888279447, 3.384067266142379]}], ""solver_path"": ""general_convolution"", ""uncertified_profiles"": 0}"
foul_leaves_5_team,team-quarter,2015-16,9840,optimization,LOOSE_BALL_FOUL_DRAWN,4,,0,ZIP,13596.485963832714,-6789.048770926311,[],"{""lam"": 0.32364543387504835, ""rho"": 0.08185198650730884}",2,True,optimizer_converged_lbfgsb,14,62,2,-6789.210961888951,0.16219096264012478,0.04894199996488169,"{""binomial_discrete_residual_mean"": null, ""binomial_discrete_residual_variance"": null, ""binomial_h_extension_used"": null, ""binomial_n_candidates"": 0, ""binomial_n_max"": null, ""binomial_n_min"": null, ""binomial_n_policy"": null, ""binomial_n_tie_break"": null, ""certified_profiles"": 1, ""optimizer_powell_attempted"": false, ""optimizer_powell_success"": false, ""optimizer_primary_failed_starts"": 0, ""optimizer_primary_successful_starts"": 2, ""optimizer_results"": [{""fun"": 6789.048770926311, ""jac"": [-0.0006366462951102491, 0.0], ""message"": ""CONVERGENCE: REL_REDUCTION_OF_F_<=_FACTR*EPSMCH"", ""method"": ""L-BFGS-B"", ""nfev"": 30, ""nit"": 7, ""status"": 0, ""success"": true, ""x"": [-1.1281067023087452, -2.417446038747026]}, {""fun"": 6789.048770926311, ""jac"": [-0.0006366462951102491, 0.0], ""message"": ""CONVERGENCE: REL_REDUCTION_OF_F_<=_FACTR*EPSMCH"", ""method"": ""L-BFGS-B"", ""nfev"": 30, ""nit"": 7, ""status"": 0, ""success"": true, ""x"": [-1.1281067023087452, -2.417446038747026]}], ""solver_path"": ""general_convolution"", ""uncertified_profiles"": 0}"
foul_leaves_5_team,team-quarter,2015-16,9840,optimization,LOOSE_BALL_FOUL_DRAWN,4,,0,Geom,13747.457020732625,-6869.131404871289,[],"{""p"": 0.770918207458477}",1,True,analytic_mle,0,1,0,-6869.131404871289,0.0,0.0007352999527938664,"{""binomial_discrete_residual_mean"": null, ""binomial_discrete_residual_variance"": null, ""binomial_h_extension_used"": null, ""binomial_n_candidates"": 0, ""binomial_n_max"": null, ""binomial_n_min"": null, ""binomial_n_policy"": null, ""binomial_n_tie_break"": null, ""certified_profiles"": 1, ""solver_path"": ""analytic_root"", ""uncertified_profiles"": 0}"
foul_leaves_5_team,team-quarter,2015-16,9840,optimization,LOOSE_BALL_FOUL_DRAWN,4,,0,Binomial,13592.053685898596,-6791.429737454275,[],"{""n"": 100, ""p"": 0.0029715447154471547}",1,True,analytic_mle,0,1,0,-6791.429737454275,0.0,0.0014622000162489712,"{""binomial_discrete_residual_mean"": 0.29715447154471547, ""binomial_discrete_residual_variance"": 0.30743092735805394, ""binomial_h_extension_used"": true, ""binomial_n_candidates"": 1, ""binomial_n_max"": 100, ""binomial_n_min"": 100, ""binomial_n_policy"": ""paper_H_binomial_discrete_index_continuous_full_mle"", ""binomial_n_tie_break"": ""not_applicable_single_mom_index"", ""certified_profiles"": 1, ""solver_path"": ""analytic_root"", ""uncertified_profiles"": 0}"
foul_leaves_5_team,team-quarter,2015-16,9840,optimization,LOOSE_BALL_FOUL_DRAWN,4,,0,Bernoulli,inf,-inf,[],{},1,False,infeasible_root_support,0,0,0,-inf,0.0,3.220001235604286e-05,"{""binomial_discrete_residual_mean"": null, ""binomial_discrete_residual_variance"": null, ""binomial_h_extension_used"": null, ""binomial_n_candidates"": 0, ""binomial_n_max"": null, ""binomial_n_min"": null, ""binomial_n_policy"": null, ""binomial_n_tie_break"": null, ""certified_profiles"": 0, ""solver_path"": ""analytic_root"", ""uncertified_profiles"": 0}"
foul_leaves_5_team,team-quarter,2015-16,9840,optimization,LOOSE_BALL_FOUL_DRAWN,4,FOUL,1,Poisson,12878.565585976183,-6430.088581998045,[0.06438259637731825],"{""lam"": 0.0}",2,True,poisson_convex_mle,7,16,2,-6444.6073918908305,14.518809892785612,0.022960000031162053,"{""binomial_discrete_residual_mean"": null, ""binomial_discrete_residual_variance"": null, ""binomial_h_extension_used"": null, ""binomial_n_candidates"": 0, ""binomial_n_max"": null, ""binomial_n_min"": null, ""binomial_n_policy"": null, ""binomial_n_tie_break"": null, ""certified_profiles"": 1, ""optimizer_primary_failed_starts"": 0, ""optimizer_primary_successful_starts"": 2, ""optimizer_results"": [{""fun"": 6444.6073918908305, ""jac"": [1198.7474028369295, 4240.676271517201], ""message"": ""CONVERGENCE: REL_REDUCTION_OF_F_<=_FACTR*EPSMCH"", ""method"": ""L-BFGS-B"", ""nfev"": 3, ""nit"": 1, ""status"": 0, ""success"": true, ""x"": [0.0, 0.07101340645871676]}, {""fun"": 6430.088581998045, ""jac"": [308.77855937217413, -4.547363532481086e-05], ""message"": ""CONVERGENCE: REL_REDUCTION_OF_F_<=_FACTR*EPSMCH"", ""method"": ""L-BFGS-B"", ""nfev"": 11, ""nit"": 6, ""status"": 0, ""success"": true, ""x"": [0.0, 0.06438259637731825]}], ""poisson_canonical_agreement_abs"": 0.0, ""solver_path"": ""poisson_convex"", ""uncertified_profiles"": 0}"
foul_leaves_5_team,team-quarter,2015-16,9840,optimization,LOOSE_BALL_FOUL_DRAWN,4,FOUL,1,NB,12887.760416473944,-6430.088891751902,[0.06438242579325729],"{""p"": 0.999951105944124, ""r"": 0.020512443983354462}",3,True,optimizer_converged_lbfgsb,29,202,2,-6444.61938105009,14.530489298187604,0.3150351000367664,"{""binomial_discrete_residual_mean"": null, ""binomial_discrete_residual_variance"": null, ""binomial_h_extension_used"": null, ""binomial_n_candidates"": 0, ""binomial_n_max"": null, ""binomial_n_min"": null, ""binomial_n_policy"": null, ""binomial_n_tie_break"": null, ""certified_profiles"": 1, ""optimizer_powell_attempted"": false, ""optimizer_powell_success"": false, ""optimizer_primary_failed_starts"": 0, ""optimizer_primary_successful_starts"": 2, ""optimizer_results"": [{""fun"": 6430.091663395832, ""jac"": [-0.0010913936427019754, 0.0031832314562241534, -0.0030922817301714182], ""message"": ""CONVERGENCE: REL_REDUCTION_OF_F_<=_FACTR*EPSMCH"", ""method"": ""L-BFGS-B"", ""nfev"": 28, ""nit"": 4, ""status"": 0, ""success"": true, ""x"": [0.06438049598936552, -0.0011313505220425795, 11.514028320137351]}, {""fun"": 6430.088891751902, ""jac"": [0.031650415638357285, 0.0020918378267908186, -0.00018189892530420107], ""message"": ""CONVERGENCE: REL_REDUCTION_OF_F_<=_FACTR*EPSMCH"", ""method"": ""L-BFGS-B"", ""nfev"": 172, ""nit"": 25, ""status"": 0, ""success"": true, ""x"": [0.06438242579325729, -3.886723553423796, 9.925805830349832]}], ""solver_path"": ""general_convolution"", ""uncertified_profiles"": 0}"
foul_leaves_5_team,team-quarter,2015-16,9840,optimization,LOOSE_BALL_FOUL_DRAWN,4,FOUL,1,ZIP,12887.759797027999,-6430.0885820289295,[0.06438259178117817],"{""lam"": 9.999999999999996e-11, ""rho"": 1.0000000000000007e-09}",3,True,optimizer_converged_lbfgsb,35,198,2,-6444.607392010705,14.51880998177512,0.1546793999732472,"{""binomial_discrete_residual_mean"": null, ""binomial_discrete_residual_variance"": null, ""binomial_h_extension_used"": null, ""binomial_n_candidates"": 0, ""binomial_n_max"": null, ""binomial_n_min"": null, ""binomial_n_policy"": null, ""binomial_n_tie_break"": null, ""certified_profiles"": 1, ""optimizer_powell_attempted"": false, ""optimizer_powell_success"": false, ""optimizer_primary_failed_starts"": 0, ""optimizer_primary_successful_starts"": 2, ""optimizer_results"": [{""fun"": 6430.0885820289295, ""jac"": [0.00027284841067549384, 0.0, 0.0], ""message"": ""CONVERGENCE: REL_REDUCTION_OF_F_<=_FACTR*EPSMCH"", ""method"": ""L-BFGS-B"", ""nfev"": 28, ""nit"": 4, ""status"": 0, ""success"": true, ""x"": [0.06438259178117817, -23.025850929940457, -20.72326583594641]}, {""fun"": 6430.088670122768, ""jac"": [0.09440555009372087, 0.00018189892530420107, -9.09494702251646e-05], ""message"": ""CONVERGENCE: REL_REDUCTION_OF_F_<=_FACTR*EPSMCH"", ""method"": ""L-BFGS-B"", ""nfev"": 168, ""nit"": 31, ""status"": 0, ""success"": true, ""x"": [0.0643826654298857, -14.413070735726526, -0.074933408397344]}], ""solver_path"": ""general_convolution"", ""uncertified_profiles"": 0}"
foul_leaves_5_team,team-quarter,2015-16,9840,optimization,LOOSE_BALL_FOUL_DRAWN,4,FOUL,1,Geom,12878.565586593752,-6430.088582306829,[0.06438259136690135],"{""p"": 0.999999999000007}",2,True,optimizer_converged_lbfgsb,33,131,2,-6444.607393089578,14.518810782748915,15.548896500025876,"{""binomial_discrete_residual_mean"": null, ""binomial_discrete_residual_variance"": null, ""binomial_h_extension_used"": null, ""binomial_n_candidates"": 0, ""binomial_n_max"": null, ""binomial_n_min"": null, ""binomial_n_policy"": null, ""binomial_n_tie_break"": null, ""certified_profiles"": 1, ""optimizer_powell_attempted"": false, ""optimizer_powell_success"": false, ""optimizer_primary_failed_starts"": 0, ""optimizer_primary_successful_starts"": 2, ""optimizer_results"": [{""fun"": 6430.088582306829, ""jac"": [0.0, 0.0], ""message"": ""CONVERGENCE: NORM_OF_PROJECTED_GRADIENT_<=_PGTOL"", ""method"": ""L-BFGS-B"", ""nfev"": 21, ""nit"": 4, ""status"": 0, ""success"": true, ""x"": [0.06438259136690135, 20.723272826511984]}, {""fun"": 6430.088624455837, ""jac"": [0.0003637978809006584, -0.00018189892530420107], ""message"": ""CONVERGENCE: REL_REDUCTION_OF_F_<=_FACTR*EPSMCH"", ""method"": ""L-BFGS-B"", ""nfev"": 108, ""nit"": 29, ""status"": 0, ""success"": true, ""x"": [0.06438256324449887, 15.799626921015788]}], ""solver_path"": ""general_convolution"", ""uncertified_profiles"": 0}"
foul_leaves_5_team,team-quarter,2015-16,9840,optimization,LOOSE_BALL_FOUL_DRAWN,4,FOUL,1,Binomial,12878.5655872113,-6430.088582615604,[0.06438259128904783],"{""n"": 2, ""p"": 9.999911206226207e-10}",2,True,optimizer_converged_lbfgsb,29,125,2,-6444.607394288325,14.518811672721313,0.44786900002509356,"{""binomial_discrete_residual_mean"": -0.030604153224499997, ""binomial_discrete_residual_variance"": -0.0417358761000039, ""binomial_h_extension_used"": true, ""binomial_n_candidates"": 1, ""binomial_n_max"": 2, ""binomial_n_min"": 2, ""binomial_n_policy"": ""paper_H_binomial_discrete_index_continuous_full_mle"", ""binomial_n_tie_break"": ""not_applicable_single_mom_index"", ""certified_profiles"": 1, ""optimizer_powell_attempted"": false, ""optimizer_powell_success"": false, ""optimizer_primary_failed_starts"": 0, ""optimizer_primary_successful_starts"": 2, ""optimizer_results"": [{""fun"": 6430.088582615604, ""jac"": [0.00027284841067549384, 0.0], ""message"": ""CONVERGENCE: REL_REDUCTION_OF_F_<=_FACTR*EPSMCH"", ""method"": ""L-BFGS-B"", ""nfev"": 21, ""nit"": 4, ""status"": 0, ""success"": true, ""x"": [0.06438259128904783, -20.72327471536322]}, {""fun"": 6430.088957694433, ""jac"": [-0.2594788385523946, 0.00027284838795630165], ""message"": ""CONVERGENCE: REL_REDUCTION_OF_F_<=_FACTR*EPSMCH"", ""method"": ""L-BFGS-B"", ""nfev"": 102, ""nit"": 25, ""status"": 0, ""success"": true, ""x"": [0.06438196845683752, -14.312644636300215]}], ""solver_path"": ""general_convolution"", ""uncertified_profiles"": 0}"
foul_leaves_5_team,team-quarter,2015-16,9840,optimization,LOOSE_BALL_FOUL_DRAWN,4,FOUL,1,Bernoulli,12878.565586593755,-6430.088582306831,[0.06438259131150265],"{""p"": 1.0000000000000007e-09}",2,True,optimizer_converged_lbfgsb,31,176,2,-6444.607393089578,14.518810782747096,0.5367712999577634,"{""binomial_discrete_residual_mean"": null, ""binomial_discrete_residual_variance"": null, ""binomial_h_extension_used"": null, ""binomial_n_candidates"": 0, ""binomial_n_max"": null, ""binomial_n_min"": null, ""binomial_n_policy"": null, ""binomial_n_tie_break"": null, ""certified_profiles"": 1, ""optimizer_powell_attempted"": false, ""optimizer_powell_success"": false, ""optimizer_primary_failed_starts"": 0, ""optimizer_primary_successful_starts"": 2, ""optimizer_results"": [{""fun"": 6430.088582306831, ""jac"": [0.0, 0.0], ""message"": ""CONVERGENCE: NORM_OF_PROJECTED_GRADIENT_<=_PGTOL"", ""method"": ""L-BFGS-B"", ""nfev"": 21, ""nit"": 4, ""status"": 0, ""success"": true, ""x"": [0.06438259131150265, -20.72326583594641]}, {""fun"": 6430.0885869031645, ""jac"": [2.2517269838346254, 0.0], ""message"": ""CONVERGENCE: REL_REDUCTION_OF_F_<=_FACTR*EPSMCH"", ""method"": ""L-BFGS-B"", ""nfev"": 153, ""nit"": 27, ""status"": 0, ""success"": true, ""x"": [0.06438578261221325, -19.26847498318956]}], ""solver_path"": ""general_convolution"", ""uncertified_profiles"": 0}"
foul_leaves_5_team,team-quarter,2015-16,9840,optimization,LOOSE_BALL_FOUL_DRAWN,4,FTA,2,Poisson,13439.036768756805,-6710.324173388356,[0.017824831601371587],"{""lam"": 0.19411100323083252}",2,True,poisson_convex_mle,12,22,2,-6711.755552379567,1.4313789912112043,0.04641460004495457,"{""binomial_discrete_residual_mean"": null, ""binomial_discrete_residual_variance"": null, ""binomial_h_extension_used"": null, ""binomial_n_candidates"": 0, ""binomial_n_max"": null, ""binomial_n_min"": null, ""binomial_n_policy"": null, ""binomial_n_tie_break"": null, ""certified_profiles"": 1, ""optimizer_primary_failed_starts"": 0, ""optimizer_primary_successful_starts"": 2, ""optimizer_results"": [{""fun"": 6710.324173388356, ""jac"": [-9.20288830617011e-05, 0.00058724999350801], ""message"": ""CONVERGENCE: REL_REDUCTION_OF_F_<=_FACTR*EPSMCH"", ""method"": ""L-BFGS-B"", ""nfev"": 8, ""nit"": 5, ""status"": 0, ""success"": true, ""x"": [0.19411100323083252, 0.017824831601371587]}, {""fun"": 6710.324173388356, ""jac"": [-2.3864287427954878e-05, 9.406991345883853e-05], ""message"": ""CONVERGENCE: REL_REDUCTION_OF_F_<=_FACTR*EPSMCH"", ""method"": ""L-BFGS-B"", ""nfev"": 12, ""nit"": 7, ""status"": 0, ""success"": true, ""x"": [0.1941110136070832, 0.017824829884515146]}], ""poisson_canonical_agreement_abs"": 0.0, ""solver_path"": ""poisson_convex"", ""uncertified_profiles"": 0}"
foul_leaves_5_team,team-quarter,2015-16,9840,optimization,LOOSE_BALL_FOUL_DRAWN,4,FTA,2,NB,13448.020062544665,-6710.218714787263,[0.017812310219596346],"{""p"": 0.9907637057961867, ""r"": 20.82975427737915}",3,True,optimizer_converged_lbfgsb,53,254,2,-6711.921865647066,1.7031508598029177,0.5987687999731861,"{""binomial_discrete_residual_mean"": null, ""binomial_discrete_residual_variance"": null, ""binomial_h_extension_used"": null, ""binomial_n_candidates"": 0, ""binomial_n_max"": null, ""binomial_n_min"": null, ""binomial_n_policy"": null, ""binomial_n_tie_break"": null, ""certified_profiles"": 1, ""optimizer_powell_attempted"": false, ""optimizer_powell_success"": false, ""optimizer_primary_failed_starts"": 0, ""optimizer_primary_successful_starts"": 2, ""optimizer_results"": [{""fun"": 6710.218714787263, ""jac"": [-0.04056346369227686, -0.0001818989414600712, 0.0003637978829201424], ""message"": ""CONVERGENCE: REL_REDUCTION_OF_F_<=_FACTR*EPSMCH"", ""method"": ""L-BFGS-B"", ""nfev"": 112, ""nit"": 24, ""status"": 0, ""success"": true, ""x"": [0.017812310219596346, 3.036382458630048, 4.675335320719227]}, {""fun"": 6710.218715442818, ""jac"": [1.1188603819336096, 0.01546141002410605, -0.015552359494836087], ""message"": ""CONVERGENCE: REL_REDUCTION_OF_F_<=_FACTR*EPSMCH"", ""method"": ""L-BFGS-B"", ""nfev"": 140, ""nit"": 29, ""status"": 0, ""success"": true, ""x"": [0.01781390734544262, 3.0351559696209116, 4.67413724141643]}], ""solver_path"": ""general_convolution"", ""uncertified_profiles"": 0}"
foul_leaves_5_team,team-quarter,2015-16,9840,optimization,LOOSE_BALL_FOUL_DRAWN,4,FTA,2,ZIP,13448.16937046216,-6710.29336874601,[0.01782097422245051],"{""lam"": 0.1990392790646688, ""rho"": 0.02465293310496503}",3,True,optimizer_converged_lbfgsb,61,278,2,-6712.186045462903,1.8926767168932201,0.4432692999835126,"{""binomial_discrete_residual_mean"": null, ""binomial_discrete_residual_variance"": null, ""binomial_h_extension_used"": null, ""binomial_n_candidates"": 0, ""binomial_n_max"": null, ""binomial_n_min"": null, ""binomial_n_policy"": null, ""binomial_n_tie_break"": null, ""certified_profiles"": 1, ""optimizer_powell_attempted"": false, ""optimizer_powell_success"": false, ""optimizer_primary_failed_starts"": 0, ""optimizer_primary_successful_starts"": 2, ""optimizer_results"": [{""fun"": 6710.2933688129415, ""jac"": [0.3258719515906457, 0.0173713489094368, -0.0003637978829201424], ""message"": ""CONVERGENCE: REL_REDUCTION_OF_F_<=_FACTR*EPSMCH"", ""method"": ""L-BFGS-B"", ""nfev"": 120, ""nit"": 27, ""status"": 0, ""success"": true, ""x"": [0.017821178730576752, -1.6142440203998563, -3.677963927182859]}, {""fun"": 6710.29336874601, ""jac"": [-0.2995875547138116, -0.003547029358471388, 0.0003637978829201424], ""message"": ""CONVERGENCE: REL_REDUCTION_OF_F_<=_FACTR*EPSMCH"", ""method"": ""L-BFGS-B"", ""nfev"": 156, ""nit"": 34, ""status"": 0, ""success"": true, ""x"": [0.01782097422245051, -1.6142530915004383, -3.677897490233778]}], ""solver_path"": ""general_convolution"", ""uncertified_profiles"": 0}"
foul_leaves_5_team,team-quarter,2015-16,9840,optimization,LOOSE_BALL_FOUL_DRAWN,4,FTA,2,Geom,13483.539534940159,-6732.575556480033,[0.021137342058404247],"{""p"": 0.8510915450281056}",2,True,optimizer_converged_lbfgsb,22,98,2,-6732.842574243532,0.2670177634990978,0.36722750001354143,"{""binomial_discrete_residual_mean"": null, ""binomial_discrete_residual_variance"": null, ""binomial_h_extension_used"": null, ""binomial_n_candidates"": 0, ""binomial_n_max"": null, ""binomial_n_min"": null, ""binomial_n_policy"": null, ""binomial_n_tie_break"": null, ""certified_profiles"": 1, ""optimizer_powell_attempted"": false, ""optimizer_powell_success"": false, ""optimizer_primary_failed_starts"": 0, ""optimizer_primary_successful_starts"": 2, ""optimizer_results"": [{""fun"": 6732.575556480033, ""jac"": [0.006275513441181846, -9.09494707300356e-05], ""message"": ""CONVERGENCE: REL_REDUCTION_OF_F_<=_FACTR*EPSMCH"", ""method"": ""L-BFGS-B"", ""nfev"": 42, ""nit"": 7, ""status"": 0, ""success"": true, ""x"": [0.021137342058404247, 1.743187975298786]}, {""fun"": 6732.5755564800775, ""jac"": [0.0011823431121067245, 0.0001818989414600712], ""message"": ""CONVERGENCE: REL_REDUCTION_OF_F_<=_FACTR*EPSMCH"", ""method"": ""L-BFGS-B"", ""nfev"": 54, ""nit"": 15, ""status"": 0, ""success"": true, ""x"": [0.021137331606240296, 1.7431876774277324]}], ""solver_path"": ""general_convolution"", ""uncertified_profiles"": 0}"
foul_leaves_5_team,team-quarter,2015-16,9840,optimization,LOOSE_BALL_FOUL_DRAWN,4,FTA,2,Binomial,13439.135536169306,-6710.373557094606,[0.017831704477058057],"{""n"": 100, ""p"": 0.0019407127890204146}",2,True,optimizer_converged_lbfgsb,19,74,2,-6711.7999285735,1.4263714788939978,0.2239177000010386,"{""binomial_discrete_residual_mean"": 0.1804687133217781, ""binomial_discrete_residual_variance"": 0.18505351780815346, ""binomial_h_extension_used"": true, ""binomial_n_candidates"": 1, ""binomial_n_max"": 100, ""binomial_n_min"": 100, ""binomial_n_policy"": ""paper_H_binomial_discrete_index_continuous_full_mle"", ""binomial_n_tie_break"": ""not_applicable_single_mom_index"", ""certified_profiles"": 1, ""optimizer_powell_attempted"": false, ""optimizer_powell_success"": false, ""optimizer_primary_failed_starts"": 0, ""optimizer_primary_successful_starts"": 2, ""optimizer_results"": [{""fun"": 6710.373557094662, ""jac"": [0.007185008142802403, 0.0001818989414600712], ""message"": ""CONVERGENCE: REL_REDUCTION_OF_F_<=_FACTR*EPSMCH"", ""method"": ""L-BFGS-B"", ""nfev"": 21, ""nit"": 5, ""status"": 0, ""success"": true, ""x"": [0.017831699657626945, -6.242757092212976]}, {""fun"": 6710.373557094606, ""jac"": [0.004820321918588954, 0.00027284841219010677], ""message"": ""CONVERGENCE: REL_REDUCTION_OF_F_<=_FACTR*EPSMCH"", ""method"": ""L-BFGS-B"", ""nfev"": 51, ""nit"": 14, ""status"": 0, ""success"": true, ""x"": [0.017831704477058057, -6.242757357955058]}], ""solver_path"": ""general_convolution"", ""uncertified_profiles"": 0}"
foul_leaves_5_team,team-quarter,2015-16,9840,optimization,LOOSE_BALL_FOUL_DRAWN,4,FTA,2,Bernoulli,inf,-inf,[],{},2,False,infeasible_conditional_support,0,0,0,-inf,0.0,8.179998258128762e-05,"{""binomial_discrete_residual_mean"": null, ""binomial_discrete_residual_variance"": null, ""binomial_h_extension_used"": null, ""binomial_n_candidates"": 0, ""binomial_n_max"": null, ""binomial_n_min"": null, ""binomial_n_policy"": null, ""binomial_n_tie_break"": null, ""certified_profiles"": 0, ""solver_path"": ""conditional_support_check"", ""support_violating_rows"": 17, ""uncertified_profiles"": 0}"
foul_leaves_5_team,team-quarter,2015-16,9840,optimization,LOOSE_BALL_FOUL_DRAWN,4,FOUL;FTA,3,Poisson,13480.314782620015,-6726.366074824938,"[0.09786840148102452, 0.0]","{""lam"": 0.0}",3,True,poisson_convex_mle,2,8,2,-6726.366074824938,0.0,0.02119719999609515,"{""binomial_discrete_residual_mean"": null, ""binomial_discrete_residual_variance"": null, ""binomial_h_extension_used"": null, ""binomial_n_candidates"": 0, ""binomial_n_max"": null, ""binomial_n_min"": null, ""binomial_n_policy"": null, ""binomial_n_tie_break"": null, ""certified_profiles"": 1, ""optimizer_primary_failed_starts"": 1, ""optimizer_primary_successful_starts"": 1, ""optimizer_results"": [{""fun"": 7860.1060013733295, ""jac"": [5764.434210525598, 25996.044516528847, 35477.08464718781], ""message"": ""CONVERGENCE: REL_REDUCTION_OF_F_<=_FACTR*EPSMCH"", ""method"": ""L-BFGS-B"", ""nfev"": 3, ""nit"": 1, ""status"": 0, ""success"": true, ""x"": [0.0, 0.15056677150926848, 0.0]}, {""fun"": 6726.366074824938, ""jac"": [3569.8987854240168, 15539.145410044075, 23950.284072596492], ""message"": ""CONVERGENCE: REL_REDUCTION_OF_F_<=_FACTR*EPSMCH"", ""method"": ""L-BFGS-B"", ""nfev"": 3, ""nit"": 1, ""status"": 0, ""success"": true, ""x"": [0.0, 0.09786840148102452, 0.0]}], ""poisson_canonical_agreement_abs"": 0.0, ""solver_path"": ""poisson_convex"", ""uncertified_profiles"": 0}"
foul_leaves_5_team,team-quarter,2015-16,9840,optimization,LOOSE_BALL_FOUL_DRAWN,4,FOUL;FTA,3,NB,12896.9597896144,-6430.091472827107,"[0.06438062376160494, 0.0]","{""p"": 0.9999903271923541, ""r"": 0.9677240891178519}",4,True,optimizer_converged_lbfgsb,12,87,2,-6726.401774639156,296.31030181204915,0.19169149996014312,"{""binomial_discrete_residual_mean"": null, ""binomial_discrete_residual_variance"": null, ""binomial_h_extension_used"": null, ""binomial_n_candidates"": 0, ""binomial_n_max"": null, ""binomial_n_min"": null, ""binomial_n_policy"": null, ""binomial_n_tie_break"": null, ""certified_profiles"": 1, ""optimizer_powell_attempted"": false, ""optimizer_powell_success"": false, ""optimizer_primary_failed_starts"": 0, ""optimizer_primary_successful_starts"": 2, ""optimizer_results"": [{""fun"": 6430.091472827107, ""jac"": [-0.0022737367556291154, 6821.073839091696, 0.0029103830451857834, -0.002910382804867217], ""message"": ""CONVERGENCE: REL_REDUCTION_OF_F_<=_FACTR*EPSMCH"", ""method"": ""L-BFGS-B"", ""nfev"": 50, ""nit"": 7, ""status"": 0, ""success"": true, ""x"": [0.06438062376160494, 0.0, -0.03280826423791912, 11.546182271772993]}, {""fun"": 6430.091595747289, ""jac"": [-0.0022737367556291154, 6821.066654083552, 0.0028194335755128215, -0.0030013322675193177], ""message"": ""CONVERGENCE: REL_REDUCTION_OF_F_<=_FACTR*EPSMCH"", ""method"": ""L-BFGS-B"", ""nfev"": 35, ""nit"": 5, ""status"": 0, ""success"": true, ""x"": [0.06438054016622827, 0.0, -0.012115776704684469, 11.525239081956864]}], ""solver_path"": ""general_convolution"", ""uncertified_profiles"": 0}"
foul_leaves_5_team,team-quarter,2015-16,9840,optimization,LOOSE_BALL_FOUL_DRAWN,4,FOUL;FTA,3,ZIP,12896.95400801804,-6430.088582028927,"[0.0643825926330838, 0.0]","{""lam"": 9.999999999999996e-11, ""rho"": 1.0000000000000007e-09}",4,True,optimizer_converged_lbfgsb,11,82,2,-6726.366075181926,296.27749315299934,0.1396439999807626,"{""binomial_discrete_residual_mean"": null, ""binomial_discrete_residual_variance"": null, ""binomial_h_extension_used"": null, ""binomial_n_candidates"": 0, ""binomial_n_max"": null, ""binomial_n_min"": null, ""binomial_n_policy"": null, ""binomial_n_tie_break"": null, ""certified_profiles"": 1, ""optimizer_powell_attempted"": false, ""optimizer_powell_success"": false, ""optimizer_primary_failed_starts"": 0, ""optimizer_primary_successful_starts"": 2, ""optimizer_results"": [{""fun"": 6430.08858202893, ""jac"": [0.0, 6821.2465521355625, 0.0, 0.0], ""message"": ""CONVERGENCE: NORM_OF_PROJECTED_GRADIENT_<=_PGTOL"", ""method"": ""L-BFGS-B"", ""nfev"": 50, ""nit"": 7, ""status"": 0, ""success"": true, ""x"": [0.0643825914902122, 0.0, -23.025850929940457, -20.72326583594641]}, {""fun"": 6430.088582028927, ""jac"": [0.0009094947022516461, 6821.247370680794, 0.0, 0.0], ""message"": ""CONVERGENCE: REL_REDUCTION_OF_F_<=_FACTR*EPSMCH"", ""method"": ""L-BFGS-B"", ""nfev"": 30, ""nit"": 4, ""status"": 0, ""success"": true, ""x"": [0.0643825926330838, 0.0, -23.025850929940457, -20.72326583594641]}], ""solver_path"": ""general_convolution"", ""uncertified_profiles"": 0}"
foul_leaves_5_team,team-quarter,2015-16,9840,optimization,LOOSE_BALL_FOUL_DRAWN,4,FOUL;FTA,3,Geom,12887.759797583802,-6430.088582306831,"[0.06438259142103618, 0.0]","{""p"": 0.9999999989999999}",3,True,optimizer_converged_lbfgsb,11,66,2,-6726.366078394837,296.27749608800605,14.975222300039604,"{""binomial_discrete_residual_mean"": null, ""binomial_discrete_residual_variance"": null, ""binomial_h_extension_used"": null, ""binomial_n_candidates"": 0, ""binomial_n_max"": null, ""binomial_n_min"": null, ""binomial_n_policy"": null, ""binomial_n_tie_break"": null, ""certified_profiles"": 1, ""optimizer_powell_attempted"": false, ""optimizer_powell_success"": false, ""optimizer_primary_failed_starts"": 0, ""optimizer_primary_successful_starts"": 2, ""optimizer_results"": [{""fun"": 6430.088582306831, ""jac"": [9.09494702251646e-05, 6821.2465521355625, 0.0], ""message"": ""CONVERGENCE: REL_REDUCTION_OF_F_<=_FACTR*EPSMCH"", ""method"": ""L-BFGS-B"", ""nfev"": 40, ""nit"": 7, ""status"": 0, ""success"": true, ""x"": [0.06438259142103618, 0.0, 20.72326586448875]}, {""fun"": 6430.088582306831, ""jac"": [0.0001818989404503292, 6821.246734034503, 0.0], ""message"": ""CONVERGENCE: REL_REDUCTION_OF_F_<=_FACTR*EPSMCH"", ""method"": ""L-BFGS-B"", ""nfev"": 24, ""nit"": 4, ""status"": 0, ""success"": true, ""x"": [0.06438259170487574, 0.0, 20.72326586426669]}], ""solver_path"": ""general_convolution"", ""uncertified_profiles"": 0}"
foul_leaves_5_team,team-quarter,2015-16,9840,optimization,LOOSE_BALL_FOUL_DRAWN,4,FOUL;FTA,3,Binomial,12887.75979820136,-6430.08858261561,"[0.06438259087745268, 0.0]","{""n"": 2, ""p"": 1.0000000000527124e-09}",3,True,optimizer_converged_lbfgsb,12,70,2,-6726.366081964736,296.2774993491257,0.19617919996380806,"{""binomial_discrete_residual_mean"": -0.397778505575705, ""binomial_discrete_residual_variance"": -0.483742424573392, ""binomial_h_extension_used"": true, ""binomial_n_candidates"": 1, ""binomial_n_max"": 2, ""binomial_n_min"": 2, ""binomial_n_policy"": ""paper_H_binomial_discrete_index_continuous_full_mle"", ""binomial_n_tie_break"": ""not_applicable_single_mom_index"", ""certified_profiles"": 1, ""optimizer_powell_attempted"": false, ""optimizer_powell_success"": false, ""optimizer_primary_failed_starts"": 0, ""optimizer_primary_successful_starts"": 2, ""optimizer_results"": [{""fun"": 6430.08858261561, ""jac"": [-9.09494702251646e-05, 6821.246370236622, 0.0], ""message"": ""CONVERGENCE: REL_REDUCTION_OF_F_<=_FACTR*EPSMCH"", ""method"": ""L-BFGS-B"", ""nfev"": 40, ""nit"": 7, ""status"": 0, ""success"": true, ""x"": [0.06438259087745268, 0.0, -20.7232658358937]}, {""fun"": 6430.08858261561, ""jac"": [0.0, 6821.246461186092, 9.094946265210054e-05], ""message"": ""CONVERGENCE: REL_REDUCTION_OF_F_<=_FACTR*EPSMCH"", ""method"": ""L-BFGS-B"", ""nfev"": 28, ""nit"": 5, ""status"": 0, ""success"": true, ""x"": [0.06438259097852814, 0.0, -20.72326583594641]}], ""solver_path"": ""general_convolution"", ""uncertified_profiles"": 0}"
foul_leaves_5_team,team-quarter,2015-16,9840,optimization,LOOSE_BALL_FOUL_DRAWN,4,FOUL;FTA,3,Bernoulli,12887.7597975838,-6430.08858230683,"[0.0643825913731475, 0.0]","{""p"": 1.0000000000385262e-09}",3,True,optimizer_converged_lbfgsb,12,70,2,-6726.366078394837,296.27749608800696,0.18821019999450073,"{""binomial_discrete_residual_mean"": null, ""binomial_discrete_residual_variance"": null, ""binomial_h_extension_used"": null, ""binomial_n_candidates"": 0, ""binomial_n_max"": null, ""binomial_n_min"": null, ""binomial_n_policy"": null, ""binomial_n_tie_break"": null, ""certified_profiles"": 1, ""optimizer_powell_attempted"": false, ""optimizer_powell_success"": false, ""optimizer_primary_failed_starts"": 0, ""optimizer_primary_successful_starts"": 2, ""optimizer_results"": [{""fun"": 6430.088582306831, ""jac"": [9.09494702251646e-05, 6821.246370236622, 0.0], ""message"": ""CONVERGENCE: REL_REDUCTION_OF_F_<=_FACTR*EPSMCH"", ""method"": ""L-BFGS-B"", ""nfev"": 40, ""nit"": 7, ""status"": 0, ""success"": true, ""x"": [0.06438259110232938, 0.0, -20.723265835850288]}, {""fun"": 6430.08858230683, ""jac"": [0.00027284841067549384, 6821.2465521355625, 0.0], ""message"": ""CONVERGENCE: REL_REDUCTION_OF_F_<=_FACTR*EPSMCH"", ""method"": ""L-BFGS-B"", ""nfev"": 28, ""nit"": 5, ""status"": 0, ""success"": true, ""x"": [0.0643825913731475, 0.0, -20.723265835907885]}], ""solver_path"": ""general_convolution"", ""uncertified_profiles"": 0}"
foul_leaves_5_team,team-quarter,2015-16,9840,optimization,LOOSE_BALL_FOUL_DRAWN,4,FTM,4,Poisson,13453.956547639464,-6717.784062829685,[0.021343938761150198],"{""lam"": 0.2037682317347415}",2,True,poisson_convex_mle,11,21,2,-6718.697539404662,0.9134765749768121,0.05107129999669269,"{""binomial_discrete_residual_mean"": null, ""binomial_discrete_residual_variance"": null, ""binomial_h_extension_used"": null, ""binomial_n_candidates"": 0, ""binomial_n_max"": null, ""binomial_n_min"": null, ""binomial_n_policy"": null, ""binomial_n_tie_break"": null, ""certified_profiles"": 1, ""optimizer_primary_failed_starts"": 0, ""optimizer_primary_successful_starts"": 2, ""optimizer_results"": [{""fun"": 6717.784062829685, ""jac"": [-4.07523147938349e-05, 0.0001901093562821643], ""message"": ""CONVERGENCE: REL_REDUCTION_OF_F_<=_FACTR*EPSMCH"", ""method"": ""L-BFGS-B"", ""nfev"": 8, ""nit"": 5, ""status"": 0, ""success"": true, ""x"": [0.2037682317347415, 0.021343938761150198]}, {""fun"": 6717.784062829685, ""jac"": [4.403185817025701e-05, 0.00011890599915886924], ""message"": ""CONVERGENCE: REL_REDUCTION_OF_F_<=_FACTR*EPSMCH"", ""method"": ""L-BFGS-B"", ""nfev"": 11, ""nit"": 6, ""status"": 0, ""success"": true, ""x"": [0.20376823890097875, 0.021343937489247802]}], ""poisson_canonical_agreement_abs"": 0.0, ""solver_path"": ""poisson_convex"", ""uncertified_profiles"": 0}"
foul_leaves_5_team,team-quarter,2015-16,9840,optimization,LOOSE_BALL_FOUL_DRAWN,4,FTM,4,NB,13462.8657151839,-6717.64154110688,[0.021315354526078495],"{""p"": 0.9896181444309538, ""r"": 19.4354701271483}",3,True,optimizer_converged_lbfgsb,43,226,2,-6718.888699150728,1.2471580438477758,0.5171915999962948,"{""binomial_discrete_residual_mean"": null, ""binomial_discrete_residual_variance"": null, ""binomial_h_extension_used"": null, ""binomial_n_candidates"": 0, ""binomial_n_max"": null, ""binomial_n_min"": null, ""binomial_n_policy"": null, ""binomial_n_tie_break"": null, ""certified_profiles"": 1, ""optimizer_powell_attempted"": false, ""optimizer_powell_success"": false, ""optimizer_primary_failed_starts"": 0, ""optimizer_primary_successful_starts"": 2, ""optimizer_results"": [{""fun"": 6717.641541166762, ""jac"": [0.004365574567778675, 0.0001818989414600712, -0.0001818989414600712], ""message"": ""CONVERGENCE: REL_REDUCTION_OF_F_<=_FACTR*EPSMCH"", ""method"": ""L-BFGS-B"", ""nfev"": 108, ""nit"": 23, ""status"": 0, ""success"": true, ""x"": [0.02131489047238221, 2.9662736233636817, 4.556421982423815]}, {""fun"": 6717.64154110688, ""jac"": [0.06612026480781452, -0.00391082724139153, 0.004092726182851602], ""message"": ""CONVERGENCE: REL_REDUCTION_OF_F_<=_FACTR*EPSMCH"", ""method"": ""L-BFGS-B"", ""nfev"": 116, ""nit"": 20, ""status"": 0, ""success"": true, ""x"": [0.021315354526078495, 2.967099753728538, 4.557259530387678]}], ""solver_path"": ""general_convolution"", ""uncertified_profiles"": 0}"
foul_leaves_5_team,team-quarter,2015-16,9840,optimization,LOOSE_BALL_FOUL_DRAWN,4,FTM,4,ZIP,13463.0181243847,-6717.71774570728,[0.02133138051852995],"{""lam"": 0.21074489324644877, ""rho"": 0.03284006943516741}",3,True,optimizer_converged_lbfgsb,55,258,2,-6719.138930326539,1.4211846192583835,0.40910240000812337,"{""binomial_discrete_residual_mean"": null, ""binomial_discrete_residual_variance"": null, ""binomial_h_extension_used"": null, ""binomial_n_candidates"": 0, ""binomial_n_max"": null, ""binomial_n_min"": null, ""binomial_n_policy"": null, ""binomial_n_tie_break"": null, ""certified_profiles"": 1, ""optimizer_powell_attempted"": false, ""optimizer_powell_success"": false, ""optimizer_primary_failed_starts"": 0, ""optimizer_primary_successful_starts"": 2, ""optimizer_results"": [{""fun"": 6717.717745801427, ""jac"": [-0.16407284417234855, -0.009185896543733595, 0.0001818989414600712], ""message"": ""CONVERGENCE: REL_REDUCTION_OF_F_<=_FACTR*EPSMCH"", ""method"": ""L-BFGS-B"", ""nfev"": 116, ""nit"": 26, ""status"": 0, ""success"": true, ""x"": [0.021331255372443868, -1.557191014114682, -3.385040561065636]}, {""fun"": 6717.71774570728, ""jac"": [0.13906173987778322, 0.005275069302342064, -9.09494707300356e-05], ""message"": ""CONVERGENCE: REL_REDUCTION_OF_F_<=_FACTR*EPSMCH"", ""method"": ""L-BFGS-B"", ""nfev"": 140, ""nit"": 29, ""status"": 0, ""success"": true, ""x"": [0.02133138051852995, -1.5571069137273321, -3.3827144712302077]}], ""solver_path"": ""general_convolution"", ""uncertified_profiles"": 0}"
foul_leaves_5_team,team-quarter,2015-16,9840,optimization,LOOSE_BALL_FOUL_DRAWN,4,FTM,4,Geom,13505.738969859474,-6743.675273939691,[0.02563199865950342],"{""p"": 0.8438771153468801}",2,True,optimizer_converged_lbfgsb,21,95,2,-6744.3308649093005,0.6555909696098752,0.3657109999912791,"{""binomial_discrete_residual_mean"": null, ""binomial_discrete_residual_variance"": null, ""binomial_h_extension_used"": null, ""binomial_n_candidates"": 0, ""binomial_n_max"": null, ""binomial_n_min"": null, ""binomial_n_policy"": null, ""binomial_n_tie_break"": null, ""certified_profiles"": 1, ""optimizer_powell_attempted"": false, ""optimizer_powell_success"": false, ""optimizer_primary_failed_starts"": 0, ""optimizer_primary_successful_starts"": 2, ""optimizer_results"": [{""fun"": 6743.675273939691, ""jac"": [0.0018189894032411148, 9.09494707300356e-05], ""message"": ""CONVERGENCE: REL_REDUCTION_OF_F_<=_FACTR*EPSMCH"", ""method"": ""L-BFGS-B"", ""nfev"": 42, ""nit"": 7, ""status"": 0, ""success"": true, ""x"": [0.02563199865950342, 1.6873634667706403]}, {""fun"": 6743.675273939748, ""jac"": [0.008458300725071184, -0.0003637978829201424], ""message"": ""CONVERGENCE: REL_REDUCTION_OF_F_<=_FACTR*EPSMCH"", ""method"": ""L-BFGS-B"", ""nfev"": 51, ""nit"": 14, ""status"": 0, ""success"": true, ""x"": [0.025631998604117818, 1.6873631392417274]}], ""solver_path"": ""general_convolution"", ""uncertified_profiles"": 0}"
foul_leaves_5_team,team-quarter,2015-16,9840,optimization,LOOSE_BALL_FOUL_DRAWN,4,FTM,4,Binomial,13454.080568476082,-6717.846073247994,[0.021355744624887225],"{""n"": 100, ""p"": 0.0020371654269929116}",2,True,optimizer_converged_lbfgsb,17,71,2,-6718.75291210785,0.9068388598552701,0.20961779996287078,"{""binomial_discrete_residual_mean"": 0.19332756977032733, ""binomial_discrete_residual_variance"": 0.19852853760834266, ""binomial_h_extension_used"": true, ""binomial_n_candidates"": 1, ""binomial_n_max"": 100, ""binomial_n_min"": 100, ""binomial_n_policy"": ""paper_H_binomial_discrete_index_continuous_full_mle"", ""binomial_n_tie_break"": ""not_applicable_single_mom_index"", ""certified_profiles"": 1, ""optimizer_powell_attempted"": false, ""optimizer_powell_success"": false, ""optimizer_primary_failed_starts"": 0, ""optimizer_primary_successful_starts"": 2, ""optimizer_results"": [{""fun"": 6717.846073247994, ""jac"": [-0.0019099388734031704, 0.0], ""message"": ""CONVERGENCE: REL_REDUCTION_OF_F_<=_FACTR*EPSMCH"", ""method"": ""L-BFGS-B"", ""nfev"": 21, ""nit"": 5, ""status"": 0, ""success"": true, ""x"": [0.021355744624887225, -6.194156690672741]}, {""fun"": 6717.8460732480125, ""jac"": [0.005638867150047456, 0.0003637978829201424], ""message"": ""CONVERGENCE: REL_REDUCTION_OF_F_<=_FACTR*EPSMCH"", ""method"": ""L-BFGS-B"", ""nfev"": 48, ""nit"": 12, ""status"": 0, ""success"": true, ""x"": [0.021355740071176615, -6.194156271181579]}], ""solver_path"": ""general_convolution"", ""uncertified_profiles"": 0}"
foul_leaves_5_team,team-quarter,2015-16,9840,optimization,LOOSE_BALL_FOUL_DRAWN,4,FTM,4,Bernoulli,inf,-inf,[],{},2,False,infeasible_conditional_support,0,0,0,-inf,0.0,9.200000204145908e-05,"{""binomial_discrete_residual_mean"": null, ""binomial_discrete_residual_variance"": null, ""binomial_h_extension_used"": null, ""binomial_n_candidates"": 0, ""binomial_n_max"": null, ""binomial_n_min"": null, ""binomial_n_policy"": null, ""binomial_n_tie_break"": null, ""certified_profiles"": 0, ""solver_path"": ""conditional_support_check"", ""support_violating_rows"": 22, ""uncertified_profiles"": 0}"
foul_leaves_5_team,team-quarter,2015-16,9840,optimization,LOOSE_BALL_FOUL_DRAWN,4,FOUL;FTM,5,Poisson,12976.841918347798,-6474.629642688829,"[0.0762833501195884, 0.0]","{""lam"": 0.0}",3,True,poisson_convex_mle,2,8,2,-6474.629642688829,0.0,0.018707400013227016,"{""binomial_discrete_residual_mean"": null, ""binomial_discrete_residual_variance"": null, ""binomial_h_extension_used"": null, ""binomial_n_candidates"": 0, ""binomial_n_max"": null, ""binomial_n_min"": null, ""binomial_n_policy"": null, ""binomial_n_tie_break"": null, ""certified_profiles"": 1, ""optimizer_primary_failed_starts"": 1, ""optimizer_primary_successful_starts"": 1, ""optimizer_results"": [{""fun"": 7080.512119358999, ""jac"": [4611.2166767544, 20500.9956508145, 22204.528890029986], ""message"": ""CONVERGENCE: REL_REDUCTION_OF_F_<=_FACTR*EPSMCH"", ""method"": ""L-BFGS-B"", ""nfev"": 3, ""nit"": 1, ""status"": 0, ""success"": true, ""x"": [0.0, 0.11735900018398214, 0.0]}, {""fun"": 6474.629642688829, ""jac"": [1795.7179642375381, 7085.224078175817, 10978.429061584513], ""message"": ""CONVERGENCE: REL_REDUCTION_OF_F_<=_FACTR*EPSMCH"", ""method"": ""L-BFGS-B"", ""nfev"": 3, ""nit"": 1, ""status"": 0, ""success"": true, ""x"": [0.0, 0.0762833501195884, 0.0]}], ""poisson_canonical_agreement_abs"": 0.0, ""solver_path"": ""poisson_convex"", ""uncertified_profiles"": 0}"
foul_leaves_5_team,team-quarter,2015-16,9840,optimization,LOOSE_BALL_FOUL_DRAWN,4,FOUL;FTM,5,NB,12896.959932154175,-6430.091544096995,"[0.0643805753238324, 0.0]","{""p"": 0.9999902052001663, ""r"": 0.9792287320858872}",4,True,optimizer_converged_lbfgsb,10,82,2,-6474.647601318847,44.556057221851916,0.17053320002742112,"{""binomial_discrete_residual_mean"": null, ""binomial_discrete_residual_variance"": null, ""binomial_h_extension_used"": null, ""binomial_n_candidates"": 0, ""binomial_n_max"": null, ""binomial_n_min"": null, ""binomial_n_policy"": null, ""binomial_n_tie_break"": null, ""certified_profiles"": 1, ""optimizer_powell_attempted"": false, ""optimizer_powell_success"": false, ""optimizer_primary_failed_starts"": 0, ""optimizer_primary_successful_starts"": 2, ""optimizer_results"": [{""fun"": 6430.091544096995, ""jac"": [-0.0022737367556291154, 5049.495666753501, 0.0030013325153478393, -0.002910382804867217], ""message"": ""CONVERGENCE: REL_REDUCTION_OF_F_<=_FACTR*EPSMCH"", ""method"": ""L-BFGS-B"", ""nfev"": 45, ""nit"": 6, ""status"": 0, ""success"": true, ""x"": [0.0643805753238324, 0.0, -0.020990025246582337, 11.533649147484281]}, {""fun"": 6430.091652979751, ""jac"": [-0.0006366462915761523, 5049.492119724164, 0.0030922819860463207, -0.0030922817301714182], ""message"": ""CONVERGENCE: REL_REDUCTION_OF_F_<=_FACTR*EPSMCH"", ""method"": ""L-BFGS-B"", ""nfev"": 35, ""nit"": 4, ""status"": 0, ""success"": true, ""x"": [0.06438050365241273, 0.0, -0.0028198720654043366, 11.515725336611432]}], ""solver_path"": ""general_convolution"", ""uncertified_profiles"": 0}"
foul_leaves_5_team,team-quarter,2015-16,9840,optimization,LOOSE_BALL_FOUL_DRAWN,4,FOUL;FTM,5,ZIP,12896.954008018041,-6430.088582028928,"[0.06438259237356987, 0.0]","{""lam"": 9.999999999999996e-11, ""rho"": 1.0000000000000007e-09}",4,True,optimizer_converged_lbfgsb,10,82,2,-6474.629642868402,44.541060839474085,0.12340859998948872,"{""binomial_discrete_residual_mean"": null, ""binomial_discrete_residual_variance"": null, ""binomial_h_extension_used"": null, ""binomial_n_candidates"": 0, ""binomial_n_max"": null, ""binomial_n_min"": null, ""binomial_n_policy"": null, ""binomial_n_tie_break"": null, ""certified_profiles"": 1, ""optimizer_powell_attempted"": false, ""optimizer_powell_success"": false, ""optimizer_primary_failed_starts"": 0, ""optimizer_primary_successful_starts"": 2, ""optimizer_results"": [{""fun"": 6430.08858202893, ""jac"": [9.09494702251646e-05, 5049.62881677784, 0.0, 0.0], ""message"": ""CONVERGENCE: REL_REDUCTION_OF_F_<=_FACTR*EPSMCH"", ""method"": ""L-BFGS-B"", ""nfev"": 45, ""nit"": 6, ""status"": 0, ""success"": true, ""x"": [0.06438259150831382, 0.0, -23.025850929940457, -20.72326583594641]}, {""fun"": 6430.088582028928, ""jac"": [0.0006366462915761523, 5049.629180575721, 0.0, 0.0], ""message"": ""CONVERGENCE: REL_REDUCTION_OF_F_<=_FACTR*EPSMCH"", ""method"": ""L-BFGS-B"", ""nfev"": 35, ""nit"": 4, ""status"": 0, ""success"": true, ""x"": [0.06438259237356987, 0.0, -23.025850929940457, -20.72326583594641]}], ""solver_path"": ""general_convolution"", ""uncertified_profiles"": 0}"
foul_leaves_5_team,team-quarter,2015-16,9840,optimization,LOOSE_BALL_FOUL_DRAWN,4,FOUL;FTM,5,Geom,12887.759797583794,-6430.088582306827,"[0.06438259238353262, 0.0]","{""p"": 0.9999999989999999}",3,True,optimizer_converged_lbfgsb,10,66,2,-6474.6296444845475,44.54106217772005,12.718707799969707,"{""binomial_discrete_residual_mean"": null, ""binomial_discrete_residual_variance"": null, ""binomial_h_extension_used"": null, ""binomial_n_candidates"": 0, ""binomial_n_max"": null, ""binomial_n_min"": null, ""binomial_n_policy"": null, ""binomial_n_tie_break"": null, ""certified_profiles"": 1, ""optimizer_powell_attempted"": false, ""optimizer_powell_success"": false, ""optimizer_primary_failed_starts"": 0, ""optimizer_primary_successful_starts"": 2, ""optimizer_results"": [{""fun"": 6430.088582306831, ""jac"": [0.0, 5049.6286348789, 9.094946265210054e-05], ""message"": ""CONVERGENCE: REL_REDUCTION_OF_F_<=_FACTR*EPSMCH"", ""method"": ""L-BFGS-B"", ""nfev"": 36, ""nit"": 6, ""status"": 0, ""success"": true, ""x"": [0.06438259119332153, 0.0, 20.723265864385176]}, {""fun"": 6430.088582306827, ""jac"": [0.0009094947022516461, 5049.6294534241315, 0.00018189892530420107], ""message"": ""CONVERGENCE: REL_REDUCTION_OF_F_<=_FACTR*EPSMCH"", ""method"": ""L-BFGS-B"", ""nfev"": 28, ""nit"": 4, ""status"": 0, ""success"": true, ""x"": [0.06438259238353262, 0.0, 20.723265864378618]}], ""solver_path"": ""general_convolution"", ""uncertified_profiles"": 0}"
foul_leaves_5_team,team-quarter,2015-16,9840,optimization,LOOSE_BALL_FOUL_DRAWN,4,FOUL;FTM,5,Binomial,12887.759798201354,-6430.088582615607,"[0.06438259194819826, 0.0]","{""n"": 2, ""p"": 1.0000000000000007e-09}",3,True,optimizer_converged_lbfgsb,10,66,2,-6474.629646280266,44.541063664658395,0.1904985000146553,"{""binomial_discrete_residual_mean"": -0.24450979190607042, ""binomial_discrete_residual_variance"": -0.29270316609393854, ""binomial_h_extension_used"": true, ""binomial_n_candidates"": 1, ""binomial_n_max"": 2, ""binomial_n_min"": 2, ""binomial_n_policy"": ""paper_H_binomial_discrete_index_continuous_full_mle"", ""binomial_n_tie_break"": ""not_applicable_single_mom_index"", ""certified_profiles"": 1, ""optimizer_powell_attempted"": false, ""optimizer_powell_success"": false, ""optimizer_primary_failed_starts"": 0, ""optimizer_primary_successful_starts"": 2, ""optimizer_results"": [{""fun"": 6430.08858261561, ""jac"": [0.0, 5049.62872582837, 0.0], ""message"": ""CONVERGENCE: NORM_OF_PROJECTED_GRADIENT_<=_PGTOL"", ""method"": ""L-BFGS-B"", ""nfev"": 36, ""nit"": 6, ""status"": 0, ""success"": true, ""x"": [0.06438259115263302, 0.0, -20.72326583594641]}, {""fun"": 6430.088582615607, ""jac"": [0.0007275957618013168, 5049.629180575721, 0.0], ""message"": ""CONVERGENCE: REL_REDUCTION_OF_F_<=_FACTR*EPSMCH"", ""method"": ""L-BFGS-B"", ""nfev"": 28, ""nit"": 4, ""status"": 0, ""success"": true, ""x"": [0.06438259194819826, 0.0, -20.72326583594641]}], ""solver_path"": ""general_convolution"", ""uncertified_profiles"": 0}"
foul_leaves_5_team,team-quarter,2015-16,9840,optimization,LOOSE_BALL_FOUL_DRAWN,4,FOUL;FTM,5,Bernoulli,12887.759797583796,-6430.088582306828,"[0.06438259222274138, 0.0]","{""p"": 1.0000000000000007e-09}",3,True,optimizer_converged_lbfgsb,10,66,2,-6474.629644484547,44.54106217771823,0.1767657999880612,"{""binomial_discrete_residual_mean"": null, ""binomial_discrete_residual_variance"": null, ""binomial_h_extension_used"": null, ""binomial_n_candidates"": 0, ""binomial_n_max"": null, ""binomial_n_min"": null, ""binomial_n_policy"": null, ""binomial_n_tie_break"": null, ""certified_profiles"": 1, ""optimizer_powell_attempted"": false, ""optimizer_powell_success"": false, ""optimizer_primary_failed_starts"": 0, ""optimizer_primary_successful_starts"": 2, ""optimizer_results"": [{""fun"": 6430.088582306831, ""jac"": [0.00027284841067549384, 5049.62881677784, 0.0], ""message"": ""CONVERGENCE: REL_REDUCTION_OF_F_<=_FACTR*EPSMCH"", ""method"": ""L-BFGS-B"", ""nfev"": 36, ""nit"": 6, ""status"": 0, ""success"": true, ""x"": [0.06438259133042207, 0.0, -20.72326583594641]}, {""fun"": 6430.088582306828, ""jac"": [0.0006366462915761523, 5049.629271525191, 0.0], ""message"": ""CONVERGENCE: REL_REDUCTION_OF_F_<=_FACTR*EPSMCH"", ""method"": ""L-BFGS-B"", ""nfev"": 28, ""nit"": 4, ""status"": 0, ""success"": true, ""x"": [0.06438259222274138, 0.0, -20.72326583594641]}], ""solver_path"": ""general_convolution"", ""uncertified_profiles"": 0}"
foul_leaves_5_team,team-quarter,2015-16,9840,optimization,LOOSE_BALL_FOUL_DRAWN,4,FTA;FTM,6,Poisson,13448.02395222952,-6710.22065962969,"[0.016012377275726908, 0.002406621364889688]","{""lam"": 0.1940589287443554}",3,True,poisson_convex_mle,24,33,2,-6711.684014204623,1.4633545749329642,0.08121199999004602,"{""binomial_discrete_residual_mean"": null, ""binomial_discrete_residual_variance"": null, ""binomial_h_extension_used"": null, ""binomial_n_candidates"": 0, ""binomial_n_max"": null, ""binomial_n_min"": null, ""binomial_n_policy"": null, ""binomial_n_tie_break"": null, ""certified_profiles"": 1, ""optimizer_primary_failed_starts"": 0, ""optimizer_primary_successful_starts"": 2, ""optimizer_results"": [{""fun"": 6710.220659632045, ""jac"": [-0.0049065073519045654, -0.03291858495958877, -0.012180016241003955], ""message"": ""CONVERGENCE: REL_REDUCTION_OF_F_<=_FACTR*EPSMCH"", ""method"": ""L-BFGS-B"", ""nfev"": 14, ""nit"": 11, ""status"": 0, ""success"": true, ""x"": [0.1940588634221818, 0.01601199312957939, 0.002407104224578354]}, {""fun"": 6710.22065962969, ""jac"": [0.0006557061596410563, 0.004562915212375174, -0.0012005429463783912], ""message"": ""CONVERGENCE: REL_REDUCTION_OF_F_<=_FACTR*EPSMCH"", ""method"": ""L-BFGS-B"", ""nfev"": 17, ""nit"": 13, ""status"": 0, ""success"": true, ""x"": [0.1940589287443554, 0.016012377275726908, 0.002406621364889688]}], ""poisson_canonical_agreement_abs"": 0.0, ""solver_path"": ""poisson_convex"", ""uncertified_profiles"": 0}"
foul_leaves_5_team,team-quarter,2015-16,9840,optimization,LOOSE_BALL_FOUL_DRAWN,4,FTA;FTM,6,NB,13457.013584176319,-6710.118370108066,"[0.01602303449815422, 0.0023765959017112786]","{""p"": 0.9908904975801429, ""r"": 21.116469525954805}",4,True,optimizer_converged_lbfgsb,67,387,2,-6711.856804587188,1.738434479121679,0.8275021000299603,"{""binomial_discrete_residual_mean"": null, ""binomial_discrete_residual_variance"": null, ""binomial_h_extension_used"": null, ""binomial_n_candidates"": 0, ""binomial_n_max"": null, ""binomial_n_min"": null, ""binomial_n_policy"": null, ""binomial_n_tie_break"": null, ""certified_profiles"": 1, ""optimizer_powell_attempted"": false, ""optimizer_powell_success"": false, ""optimizer_primary_failed_starts"": 0, ""optimizer_primary_successful_starts"": 2, ""optimizer_results"": [{""fun"": 6710.118370991839, ""jac"": [0.28194335750237276, 0.34724507713896624, 0.026739144394630463, -0.02637534651171032], ""message"": ""CONVERGENCE: REL_REDUCTION_OF_F_<=_FACTR*EPSMCH"", ""method"": ""L-BFGS-B"", ""nfev"": 175, ""nit"": 30, ""status"": 0, ""success"": true, ""x"": [0.016019445157009673, 0.0023803033534740468, 3.0520118938381646, 4.691205940968524]}, {""fun"": 6710.118370108066, ""jac"": [0.04374669514794881, 0.03519744495882136, 0.0020918378267908186, -0.0019099388853307474], ""message"": ""CONVERGENCE: REL_REDUCTION_OF_F_<=_FACTR*EPSMCH"", ""method"": ""L-BFGS-B"", ""nfev"": 210, ""nit"": 37, ""status"": 0, ""success"": true, ""x"": [0.01602303449815422, 0.0023765959017112786, 3.0500532822679998, 4.68928594066826]}], ""solver_path"": ""general_convolution"", ""uncertified_profiles"": 0}"
foul_leaves_5_team,team-quarter,2015-16,9840,optimization,LOOSE_BALL_FOUL_DRAWN,4,FTA;FTM,6,ZIP,13457.157238713244,-6710.190197376529,"[0.016009762494121144, 0.002405643581111806]","{""lam"": 0.1989558945935873, ""rho"": 0.024513772833413734}",4,True,optimizer_converged_lbfgsb,76,442,2,-6712.113476120622,1.9232787440932952,0.6733443000121042,"{""binomial_discrete_residual_mean"": null, ""binomial_discrete_residual_variance"": null, ""binomial_h_extension_used"": null, ""binomial_n_candidates"": 0, ""binomial_n_max"": null, ""binomial_n_min"": null, ""binomial_n_policy"": null, ""binomial_n_tie_break"": null, ""certified_profiles"": 1, ""optimizer_powell_attempted"": false, ""optimizer_powell_success"": false, ""optimizer_primary_failed_starts"": 0, ""optimizer_primary_successful_starts"": 2, ""optimizer_results"": [{""fun"": 6710.190197376529, ""jac"": [0.07257767718932048, 0.027557689463883386, 0.0030013325340911747, 0.0], ""message"": ""CONVERGENCE: REL_REDUCTION_OF_F_<=_FACTR*EPSMCH"", ""method"": ""L-BFGS-B"", ""nfev"": 185, ""nit"": 33, ""status"": 0, ""success"": true, ""x"": [0.016009762494121144, 0.002405643581111806, -1.614672114030461, -3.6837009251550934]}, {""fun"": 6710.190197392502, ""jac"": [0.22919266480838046, 0.22109816200231192, 0.007457856599862919, -9.09494707300356e-05], ""message"": ""CONVERGENCE: REL_REDUCTION_OF_F_<=_FACTR*EPSMCH"", ""method"": ""L-BFGS-B"", ""nfev"": 255, ""nit"": 43, ""status"": 0, ""success"": true, ""x"": [0.016008274899986005, 0.002407753186464989, -1.614680970076971, -3.6840858296731374]}], ""solver_path"": ""general_convolution"", ""uncertified_profiles"": 0}"
foul_leaves_5_team,team-quarter,2015-16,9840,optimization,LOOSE_BALL_FOUL_DRAWN,4,FTA;FTM,6,Geom,13492.56127970587,-6732.489323367865,"[0.01946134356155774, 0.002223472046196367]","{""p"": 0.8511202469712478}",3,True,optimizer_converged_lbfgsb,23,142,2,-6732.751888121076,0.2625647532113362,0.5496866999892518,"{""binomial_discrete_residual_mean"": null, ""binomial_discrete_residual_variance"": null, ""binomial_h_extension_used"": null, ""binomial_n_candidates"": 0, ""binomial_n_max"": null, ""binomial_n_min"": null, ""binomial_n_policy"": null, ""binomial_n_tie_break"": null, ""certified_profiles"": 1, ""optimizer_powell_attempted"": false, ""optimizer_powell_success"": false, ""optimizer_primary_failed_starts"": 0, ""optimizer_primary_successful_starts"": 2, ""optimizer_results"": [{""fun"": 6732.489323368054, ""jac"": [0.00982254277750202, 0.010095391189739457, 0.00027284841219010677], ""message"": ""CONVERGENCE: REL_REDUCTION_OF_F_<=_FACTR*EPSMCH"", ""method"": ""L-BFGS-B"", ""nfev"": 60, ""nit"": 9, ""status"": 0, ""success"": true, ""x"": [0.01946128662322349, 0.002223604777749231, 1.7434159324413063]}, {""fun"": 6732.489323367865, ""jac"": [-0.005184119799237177, -0.005820766091381309, 0.0], ""message"": ""CONVERGENCE: REL_REDUCTION_OF_F_<=_FACTR*EPSMCH"", ""method"": ""L-BFGS-B"", ""nfev"": 80, ""nit"": 14, ""status"": 0, ""success"": true, ""x"": [0.01946134356155774, 0.002223472046196367, 1.7434144659086628]}], ""solver_path"": ""general_convolution"", ""uncertified_profiles"": 0}"
foul_leaves_5_team,team-quarter,2015-16,9840,optimization,LOOSE_BALL_FOUL_DRAWN,4,FTA;FTM,6,Binomial,13448.121282433598,-6710.269324731729,"[0.016013854276870628, 0.0024135968345616217]","{""n"": 100, ""p"": 0.001940198338979027}",3,True,optimizer_converged_lbfgsb,24,130,2,-6711.727728943491,1.4584042117612626,0.3783773999894038,"{""binomial_discrete_residual_mean"": 0.18028191783769676, ""binomial_discrete_residual_variance"": 0.18485625948892434, ""binomial_h_extension_used"": true, ""binomial_n_candidates"": 1, ""binomial_n_max"": 100, ""binomial_n_min"": 100, ""binomial_n_policy"": ""paper_H_binomial_discrete_index_continuous_full_mle"", ""binomial_n_tie_break"": ""not_applicable_single_mom_index"", ""certified_profiles"": 1, ""optimizer_powell_attempted"": false, ""optimizer_powell_success"": false, ""optimizer_primary_failed_starts"": 0, ""optimizer_primary_successful_starts"": 2, ""optimizer_results"": [{""fun"": 6710.269324732513, ""jac"": [0.0055479176798854, 0.010913936421339955, 0.0001818989414600712], ""message"": ""CONVERGENCE: REL_REDUCTION_OF_F_<=_FACTR*EPSMCH"", ""method"": ""L-BFGS-B"", ""nfev"": 44, ""nit"": 8, ""status"": 0, ""success"": true, ""x"": [0.016013738981827102, 0.002413749831149968, -6.243022829723847]}, {""fun"": 6710.269324731729, ""jac"": [0.0, 0.0012732925824896614, 0.0], ""message"": ""CONVERGENCE: REL_REDUCTION_OF_F_<=_FACTR*EPSMCH"", ""method"": ""L-BFGS-B"", ""nfev"": 84, ""nit"": 16, ""status"": 0, ""success"": true, ""x"": [0.016013854276870628, 0.0024135968345616217, -6.243022991583711]}], ""solver_path"": ""general_convolution"", ""uncertified_profiles"": 0}"
foul_leaves_5_team,team-quarter,2015-16,9840,optimization,LOOSE_BALL_FOUL_DRAWN,4,FTA;FTM,6,Bernoulli,inf,-inf,[],{},3,False,infeasible_conditional_support,0,0,0,-inf,0.0,0.00019049999536946416,"{""binomial_discrete_residual_mean"": null, ""binomial_discrete_residual_variance"": null, ""binomial_h_extension_used"": null, ""binomial_n_candidates"": 0, ""binomial_n_max"": null, ""binomial_n_min"": null, ""binomial_n_policy"": null, ""binomial_n_tie_break"": null, ""certified_profiles"": 0, ""solver_path"": ""conditional_support_check"", ""support_violating_rows"": 17, ""uncertified_profiles"": 0}"
foul_leaves_5_team,team-quarter,2015-16,9840,optimization,LOOSE_BALL_FOUL_DRAWN,4,FOUL;FTA;FTM,7,Poisson,13640.877225899221,-6802.050190969518,"[0.09796420562915929, 0.0, 0.003992173862422934]","{""lam"": 0.0}",4,True,poisson_convex_mle,2,8,2,-6802.050190969518,0.0,0.022319299983792007,"{""binomial_discrete_residual_mean"": null, ""binomial_discrete_residual_variance"": null, ""binomial_h_extension_used"": null, ""binomial_n_candidates"": 0, ""binomial_n_max"": null, ""binomial_n_min"": null, ""binomial_n_policy"": null, ""binomial_n_tie_break"": null, ""certified_profiles"": 1, ""optimizer_primary_failed_starts"": 1, ""optimizer_primary_successful_starts"": 1, ""optimizer_results"": [{""fun"": 8030.681095782068, ""jac"": [5887.133913910851, 26650.100228707073, 36313.826837216184, 27469.125616555175], ""message"": ""CONVERGENCE: REL_REDUCTION_OF_F_<=_FACTR*EPSMCH"", ""method"": ""L-BFGS-B"", ""nfev"": 3, ""nit"": 1, ""status"": 0, ""success"": true, ""x"": [0.0, 0.1507141625063989, 0.0, 0.00614180594218913]}, {""fun"": 6802.050190969518, ""jac"": [3758.6675598628335, 16545.384967241615, 25237.579749563403, 19077.8086408542], ""message"": ""CONVERGENCE: REL_REDUCTION_OF_F_<=_FACTR*EPSMCH"", ""method"": ""L-BFGS-B"", ""nfev"": 3, ""nit"": 1, ""status"": 0, ""success"": true, ""x"": [0.0, 0.09796420562915929, 0.0, 0.003992173862422934]}], ""poisson_canonical_agreement_abs"": 0.0, ""solver_path"": ""poisson_convex"", ""uncertified_profiles"": 0}"
foul_leaves_5_team,team-quarter,2015-16,9840,optimization,LOOSE_BALL_FOUL_DRAWN,4,FOUL;FTA;FTM,7,NB,12906.153992624408,-6430.0914688370885,"[0.06438062665468665, 0.0, 0.0]","{""p"": 0.9999903308478175, ""r"": 0.9667539301773524}",5,True,optimizer_converged_lbfgsb,13,110,2,-6802.087778419391,371.9963095823023,0.22693270002491772,"{""binomial_discrete_residual_mean"": null, ""binomial_discrete_residual_variance"": null, ""binomial_h_extension_used"": null, ""binomial_n_candidates"": 0, ""binomial_n_max"": null, ""binomial_n_min"": null, ""binomial_n_policy"": null, ""binomial_n_tie_break"": null, ""certified_profiles"": 1, ""optimizer_powell_attempted"": false, ""optimizer_powell_success"": false, ""optimizer_primary_failed_starts"": 0, ""optimizer_primary_successful_starts"": 2, ""optimizer_results"": [{""fun"": 6430.0914688370885, ""jac"": [-0.0021827872854039507, 6821.074111940106, 5049.499031883897, 0.002728484104861672, -0.0030013322675193177], ""message"": ""CONVERGENCE: REL_REDUCTION_OF_F_<=_FACTR*EPSMCH"", ""method"": ""L-BFGS-B"", ""nfev"": 60, ""nit"": 7, ""status"": 0, ""success"": true, ""x"": [0.06438062665468665, 0.0, 0.0, -0.033811283152745925, 11.546560258160993]}, {""fun"": 6430.0915916055355, ""jac"": [-0.0023646862258542797, 6821.067017881433, 5049.493665865157, 0.0030013325158684875, -0.0030013322675193177], ""message"": ""CONVERGENCE: REL_REDUCTION_OF_F_<=_FACTR*EPSMCH"", ""method"": ""L-BFGS-B"", ""nfev"": 48, ""nit"": 6, ""status"": 0, ""success"": true, ""x"": [0.0643805431579371, 0.0, 0.0, -0.012896576053399632, 11.525833318214701]}], ""solver_path"": ""general_convolution"", ""uncertified_profiles"": 0}"
foul_leaves_5_team,team-quarter,2015-16,9840,optimization,LOOSE_BALL_FOUL_DRAWN,4,FOUL;FTA;FTM,7,ZIP,12906.148219008093,-6430.088582028931,"[0.06438259143049326, 0.0, 0.0]","{""lam"": 9.999999999999996e-11, ""rho"": 1.0000000000000007e-09}",5,True,optimizer_converged_lbfgsb,13,110,2,-6802.050191345383,371.96160931645136,0.1740972000407055,"{""binomial_discrete_residual_mean"": null, ""binomial_discrete_residual_variance"": null, ""binomial_h_extension_used"": null, ""binomial_n_candidates"": 0, ""binomial_n_max"": null, ""binomial_n_min"": null, ""binomial_n_policy"": null, ""binomial_n_tie_break"": null, ""certified_profiles"": 1, ""optimizer_powell_attempted"": false, ""optimizer_powell_success"": false, ""optimizer_primary_failed_starts"": 0, ""optimizer_primary_successful_starts"": 2, ""optimizer_results"": [{""fun"": 6430.088582028931, ""jac"": [-0.0001818989404503292, 6821.246461186092, 5049.6286348789, 0.0, 0.0], ""message"": ""CONVERGENCE: REL_REDUCTION_OF_F_<=_FACTR*EPSMCH"", ""method"": ""L-BFGS-B"", ""nfev"": 60, ""nit"": 7, ""status"": 0, ""success"": true, ""x"": [0.06438259143049326, 0.0, 0.0, -23.025850929940457, -20.72326583594641]}, {""fun"": 6430.088582028931, ""jac"": [0.0, 6821.246279287152, 5049.6286348789, 0.0, 0.0], ""message"": ""CONVERGENCE: NORM_OF_PROJECTED_GRADIENT_<=_PGTOL"", ""method"": ""L-BFGS-B"", ""nfev"": 48, ""nit"": 6, ""status"": 0, ""success"": true, ""x"": [0.06438259135285869, 0.0, 0.0, -23.025850929940457, -20.72326583594641]}], ""solver_path"": ""general_convolution"", ""uncertified_profiles"": 0}"
foul_leaves_5_team,team-quarter,2015-16,9840,optimization,LOOSE_BALL_FOUL_DRAWN,4,FOUL;FTA;FTM,7,Geom,12896.954008573848,-6430.088582306831,"[0.06438259121671103, 0.0, 0.0]","{""p"": 0.9999999989999999}",4,True,optimizer_converged_lbfgsb,13,92,2,-6802.050194728185,371.9616124213535,16.26645469997311,"{""binomial_discrete_residual_mean"": null, ""binomial_discrete_residual_variance"": null, ""binomial_h_extension_used"": null, ""binomial_n_candidates"": 0, ""binomial_n_max"": null, ""binomial_n_min"": null, ""binomial_n_policy"": null, ""binomial_n_tie_break"": null, ""certified_profiles"": 1, ""optimizer_powell_attempted"": false, ""optimizer_powell_success"": false, ""optimizer_primary_failed_starts"": 0, ""optimizer_primary_successful_starts"": 2, ""optimizer_results"": [{""fun"": 6430.088582306831, ""jac"": [0.0, 6821.246461186092, 5049.62881677784, 0.0], ""message"": ""CONVERGENCE: NORM_OF_PROJECTED_GRADIENT_<=_PGTOL"", ""method"": ""L-BFGS-B"", ""nfev"": 50, ""nit"": 7, ""status"": 0, ""success"": true, ""x"": [0.06438259121671103, 0.0, 0.0, 20.7232658645842]}, {""fun"": 6430.088582306832, ""jac"": [0.0, 6821.246370236622, 5049.62854392943, 0.0], ""message"": ""CONVERGENCE: NORM_OF_PROJECTED_GRADIENT_<=_PGTOL"", ""method"": ""L-BFGS-B"", ""nfev"": 40, ""nit"": 6, ""status"": 0, ""success"": true, ""x"": [0.06438259125753493, 0.0, 0.0, 20.723265864359174]}], ""solver_path"": ""general_convolution"", ""uncertified_profiles"": 0}"
foul_leaves_5_team,team-quarter,2015-16,9840,optimization,LOOSE_BALL_FOUL_DRAWN,4,FOUL;FTA;FTM,7,Binomial,12896.954009191406,-6430.08858261561,"[0.06438259103234478, 0.0, 0.0]","{""n"": 2, ""p"": 1.0000000000000007e-09}",4,True,optimizer_converged_lbfgsb,13,92,2,-6802.050198486852,371.96161587124243,0.2626643999828957,"{""binomial_discrete_residual_mean"": -0.4253310544328944, ""binomial_discrete_residual_variance"": -0.5209019072289537, ""binomial_h_extension_used"": true, ""binomial_n_candidates"": 1, ""binomial_n_max"": 2, ""binomial_n_min"": 2, ""binomial_n_policy"": ""paper_H_binomial_discrete_index_continuous_full_mle"", ""binomial_n_tie_break"": ""not_applicable_single_mom_index"", ""certified_profiles"": 1, ""optimizer_powell_attempted"": false, ""optimizer_powell_success"": false, ""optimizer_primary_failed_starts"": 0, ""optimizer_primary_successful_starts"": 2, ""optimizer_results"": [{""fun"": 6430.08858261561, ""jac"": [0.0, 6821.246370236622, 5049.62854392943, 0.0], ""message"": ""CONVERGENCE: NORM_OF_PROJECTED_GRADIENT_<=_PGTOL"", ""method"": ""L-BFGS-B"", ""nfev"": 50, ""nit"": 7, ""status"": 0, ""success"": true, ""x"": [0.06438259103234478, 0.0, 0.0, -20.72326583594641]}, {""fun"": 6430.088582615611, ""jac"": [-0.00027284841067549384, 6821.246188337682, 5049.62854392943, 0.0], ""message"": ""CONVERGENCE: REL_REDUCTION_OF_F_<=_FACTR*EPSMCH"", ""method"": ""L-BFGS-B"", ""nfev"": 40, ""nit"": 6, ""status"": 0, ""success"": true, ""x"": [0.06438259083206745, 0.0, 0.0, -20.723265835875807]}], ""solver_path"": ""general_convolution"", ""uncertified_profiles"": 0}"
foul_leaves_5_team,team-quarter,2015-16,9840,optimization,LOOSE_BALL_FOUL_DRAWN,4,FOUL;FTA;FTM,7,Bernoulli,12896.954008573848,-6430.088582306831,"[0.06438259130276086, 0.0, 0.0]","{""p"": 1.0000000000000007e-09}",4,True,optimizer_converged_lbfgsb,13,92,2,-6802.050194728185,371.9616124213535,0.2551147000049241,"{""binomial_discrete_residual_mean"": null, ""binomial_discrete_residual_variance"": null, ""binomial_h_extension_used"": null, ""binomial_n_candidates"": 0, ""binomial_n_max"": null, ""binomial_n_min"": null, ""binomial_n_policy"": null, ""binomial_n_tie_break"": null, ""certified_profiles"": 1, ""optimizer_powell_attempted"": false, ""optimizer_powell_success"": false, ""optimizer_primary_failed_starts"": 0, ""optimizer_primary_successful_starts"": 2, ""optimizer_results"": [{""fun"": 6430.088582306831, ""jac"": [9.09494702251646e-05, 6821.2465521355625, 5049.62881677784, 0.0], ""message"": ""CONVERGENCE: REL_REDUCTION_OF_F_<=_FACTR*EPSMCH"", ""method"": ""L-BFGS-B"", ""nfev"": 50, ""nit"": 7, ""status"": 0, ""success"": true, ""x"": [0.06438259130276086, 0.0, 0.0, -20.72326583594641]}, {""fun"": 6430.088582306831, ""jac"": [0.0001818989404503292, 6821.2465521355625, 5049.62881677784, 0.0], ""message"": ""CONVERGENCE: REL_REDUCTION_OF_F_<=_FACTR*EPSMCH"", ""method"": ""L-BFGS-B"", ""nfev"": 40, ""nit"": 6, ""status"": 0, ""success"": true, ""x"": [0.0643825914114088, 0.0, 0.0, -20.72326583590187]}], ""solver_path"": ""general_convolution"", ""uncertified_profiles"": 0}"
foul_leaves_5_team,team-quarter,2015-16,9840,optimization,LOOSE_BALL_FOUL_DRAWN,4,PERS_FOUL_DRAWN,8,Poisson,13599.948961608443,-6790.780269814175,[0.0017871270508126166],"{""lam"": 0.29382231572401357}",2,True,poisson_convex_mle,7,15,2,-6790.780315759978,4.594580332195619e-05,0.043326000042725354,"{""binomial_discrete_residual_mean"": null, ""binomial_discrete_residual_variance"": null, ""binomial_h_extension_used"": null, ""binomial_n_candidates"": 0, ""binomial_n_max"": null, ""binomial_n_min"": null, ""binomial_n_policy"": null, ""binomial_n_tie_break"": null, ""certified_profiles"": 1, ""optimizer_primary_failed_starts"": 0, ""optimizer_primary_successful_starts"": 2, ""optimizer_results"": [{""fun"": 6790.780269814175, ""jac"": [2.2349744561722673e-05, 8.880164927305145e-05], ""message"": ""CONVERGENCE: REL_REDUCTION_OF_F_<=_FACTR*EPSMCH"", ""method"": ""L-BFGS-B"", ""nfev"": 5, ""nit"": 3, ""status"": 0, ""success"": true, ""x"": [0.29382231572401357, 0.0017871270508126166]}, {""fun"": 6790.780269814177, ""jac"": [-2.0915441499624876e-05, -0.00019436545970208385], ""message"": ""CONVERGENCE: REL_REDUCTION_OF_F_<=_FACTR*EPSMCH"", ""method"": ""L-BFGS-B"", ""nfev"": 8, ""nit"": 4, ""status"": 0, ""success"": true, ""x"": [0.2938223195714619, 0.0017871242668575866]}], ""poisson_canonical_agreement_abs"": 0.0, ""solver_path"": ""poisson_convex"", ""uncertified_profiles"": 0}"
foul_leaves_5_team,team-quarter,2015-16,9840,optimization,LOOSE_BALL_FOUL_DRAWN,4,PERS_FOUL_DRAWN,8,NB,13603.804128176685,-6788.110747603273,[0.0013900283409281837],"{""p"": 0.9671750975375142, ""r"": 8.67919196334648}",3,True,optimizer_converged_lbfgsb,24,142,2,-6788.1139016792,0.0031540759273411823,0.3228629999794066,"{""binomial_discrete_residual_mean"": null, ""binomial_discrete_residual_variance"": null, ""binomial_h_extension_used"": null, ""binomial_n_candidates"": 0, ""binomial_n_max"": null, ""binomial_n_min"": null, ""binomial_n_policy"": null, ""binomial_n_tie_break"": null, ""certified_profiles"": 1, ""optimizer_powell_attempted"": false, ""optimizer_powell_success"": false, ""optimizer_primary_failed_starts"": 0, ""optimizer_primary_successful_starts"": 2, ""optimizer_results"": [{""fun"": 6788.110747603273, ""jac"": [-0.010004441719561625, -0.0010004441780303915, 0.0006366462951102491], ""message"": ""CONVERGENCE: REL_REDUCTION_OF_F_<=_FACTR*EPSMCH"", ""method"": ""L-BFGS-B"", ""nfev"": 72, ""nit"": 14, ""status"": 0, ""success"": true, ""x"": [0.0013900283409281837, 2.1609284325585905, 3.3831921032616976]}, {""fun"": 6788.110747606797, ""jac"": [0.00045474735088916476, 0.00045474735365017796, -0.0005456968243802135], ""message"": ""CONVERGENCE: REL_REDUCTION_OF_F_<=_FACTR*EPSMCH"", ""method"": ""L-BFGS-B"", ""nfev"": 68, ""nit"": 10, ""status"": 0, ""success"": true, ""x"": [0.0013900678581383354, 2.1608715690244096, 3.3831349418973766]}], ""solver_path"": ""general_convolution"", ""uncertified_profiles"": 0}"
foul_leaves_5_team,team-quarter,2015-16,9840,optimization,LOOSE_BALL_FOUL_DRAWN,4,PERS_FOUL_DRAWN,8,ZIP,13605.51125587867,-6788.964311454265,[0.0015396501351623182],"{""lam"": 0.3208391360895028, ""rho"": 0.08276858275631989}",3,True,optimizer_converged_lbfgsb,28,150,2,-6789.136263405975,0.17195195171007072,0.24421160004567355,"{""binomial_discrete_residual_mean"": null, ""binomial_discrete_residual_variance"": null, ""binomial_h_extension_used"": null, ""binomial_n_candidates"": 0, ""binomial_n_max"": null, ""binomial_n_min"": null, ""binomial_n_policy"": null, ""binomial_n_tie_break"": null, ""certified_profiles"": 1, ""optimizer_powell_attempted"": false, ""optimizer_powell_success"": false, ""optimizer_primary_failed_starts"": 0, ""optimizer_primary_successful_starts"": 2, ""optimizer_results"": [{""fun"": 6788.964311454265, ""jac"": [9.094947017783296e-05, -0.0001818989414600712, -0.0001818989414600712], ""message"": ""CONVERGENCE: REL_REDUCTION_OF_F_<=_FACTR*EPSMCH"", ""method"": ""L-BFGS-B"", ""nfev"": 76, ""nit"": 16, ""status"": 0, ""success"": true, ""x"": [0.0015396501351623182, -1.1368154151391303, -2.4053112497473133]}, {""fun"": 6788.964311470891, ""jac"": [-0.008458300726538465, -0.0034560798877413526, 0.0], ""message"": ""CONVERGENCE: REL_REDUCTION_OF_F_<=_FACTR*EPSMCH"", ""method"": ""L-BFGS-B"", ""nfev"": 72, ""nit"": 12, ""status"": 0, ""success"": true, ""x"": [0.00153980069334149, -1.1368225991378862, -2.405372422396039]}], ""solver_path"": ""general_convolution"", ""uncertified_profiles"": 0}"
foul_leaves_5_team,team-quarter,2015-16,9840,optimization,LOOSE_BALL_FOUL_DRAWN,4,PERS_FOUL_DRAWN,8,Geom,13719.83053725876,-6850.721057639334,[0.0198945092121252],"{""p"": 0.7936126778360263}",2,True,optimizer_converged_lbfgsb,21,89,2,-6865.772319232032,15.05126159269821,0.32719250000081956,"{""binomial_discrete_residual_mean"": null, ""binomial_discrete_residual_variance"": null, ""binomial_h_extension_used"": null, ""binomial_n_candidates"": 0, ""binomial_n_max"": null, ""binomial_n_min"": null, ""binomial_n_policy"": null, ""binomial_n_tie_break"": null, ""certified_profiles"": 1, ""optimizer_powell_attempted"": false, ""optimizer_powell_success"": false, ""optimizer_primary_failed_starts"": 0, ""optimizer_primary_successful_starts"": 2, ""optimizer_results"": [{""fun"": 6850.7210576398875, ""jac"": [0.014006218404956583, -0.0006366462951102491], ""message"": ""CONVERGENCE: REL_REDUCTION_OF_F_<=_FACTR*EPSMCH"", ""method"": ""L-BFGS-B"", ""nfev"": 42, ""nit"": 10, ""status"": 0, ""success"": true, ""x"": [0.019894614488797244, 1.3468412143924033]}, {""fun"": 6850.721057639334, ""jac"": [0.0002728484104861672, -0.0001818989414600712], ""message"": ""CONVERGENCE: REL_REDUCTION_OF_F_<=_FACTR*EPSMCH"", ""method"": ""L-BFGS-B"", ""nfev"": 45, ""nit"": 11, ""status"": 0, ""success"": true, ""x"": [0.0198945092121252, 1.3468409228421203]}], ""solver_path"": ""general_convolution"", ""uncertified_profiles"": 0}"
foul_leaves_5_team,team-quarter,2015-16,9840,optimization,LOOSE_BALL_FOUL_DRAWN,4,PERS_FOUL_DRAWN,8,Binomial,13600.97648056555,-6791.294029292729,[0.0019167469536660077],"{""n"": 100, ""p"": 0.002935806528392659}",2,True,optimizer_converged_lbfgsb,8,56,2,-6791.294354544558,0.00032525182905374095,0.14288739999756217,"{""binomial_discrete_residual_mean"": 0.2937561366761769, ""binomial_discrete_residual_variance"": 0.3040253488868671, ""binomial_h_extension_used"": true, ""binomial_n_candidates"": 1, ""binomial_n_max"": 100, ""binomial_n_min"": 100, ""binomial_n_policy"": ""paper_H_binomial_discrete_index_continuous_full_mle"", ""binomial_n_tie_break"": ""not_applicable_single_mom_index"", ""certified_profiles"": 1, ""optimizer_powell_attempted"": false, ""optimizer_powell_success"": false, ""optimizer_primary_failed_starts"": 0, ""optimizer_primary_successful_starts"": 2, ""optimizer_results"": [{""fun"": 6791.294029292772, ""jac"": [0.0, 0.00027284841219010677], ""message"": ""CONVERGENCE: REL_REDUCTION_OF_F_<=_FACTR*EPSMCH"", ""method"": ""L-BFGS-B"", ""nfev"": 27, ""nit"": 4, ""status"": 0, ""success"": true, ""x"": [0.0019167295055210701, -5.827832799965802]}, {""fun"": 6791.294029292729, ""jac"": [0.0007275957614226637, 0.0001818989414600712], ""message"": ""CONVERGENCE: REL_REDUCTION_OF_F_<=_FACTR*EPSMCH"", ""method"": ""L-BFGS-B"", ""nfev"": 27, ""nit"": 4, ""status"": 0, ""success"": true, ""x"": [0.0019167469536660077, -5.827832942263625]}], ""solver_path"": ""general_convolution"", ""uncertified_profiles"": 0}"
foul_leaves_5_team,team-quarter,2015-16,9840,optimization,LOOSE_BALL_FOUL_DRAWN,4,PERS_FOUL_DRAWN,8,Bernoulli,inf,-inf,[],{},2,False,infeasible_conditional_support,0,0,0,-inf,0.0,9.61000332608819e-05,"{""binomial_discrete_residual_mean"": null, ""binomial_discrete_residual_variance"": null, ""binomial_h_extension_used"": null, ""binomial_n_candidates"": 0, ""binomial_n_max"": null, ""binomial_n_min"": null, ""binomial_n_policy"": null, ""binomial_n_tie_break"": null, ""certified_profiles"": 0, ""solver_path"": ""conditional_support_check"", ""support_violating_rows"": 60, ""uncertified_profiles"": 0}"
foul_leaves_5_team,team-quarter,2015-16,9840,optimization,LOOSE_BALL_FOUL_DRAWN,4,FOUL;PERS_FOUL_DRAWN,9,Poisson,13010.62881950776,-6491.52309326881,"[0.07849717398157083, 0.0]","{""lam"": 0.0}",3,True,poisson_convex_mle,2,8,2,-6491.52309326881,0.0,0.017013499978929758,"{""binomial_discrete_residual_mean"": null, ""binomial_discrete_residual_variance"": null, ""binomial_h_extension_used"": null, ""binomial_n_candidates"": 0, ""binomial_n_max"": null, ""binomial_n_min"": null, ""binomial_n_policy"": null, ""binomial_n_tie_break"": null, ""certified_profiles"": 1, ""optimizer_primary_failed_starts"": 1, ""optimizer_primary_successful_starts"": 1, ""optimizer_results"": [{""fun"": 7151.544121601331, ""jac"": [4758.681925539752, 21203.66338204474, 10739.256335156975], ""message"": ""CONVERGENCE: REL_REDUCTION_OF_F_<=_FACTR*EPSMCH"", ""method"": ""L-BFGS-B"", ""nfev"": 3, ""nit"": 1, ""status"": 0, ""success"": true, ""x"": [0.0, 0.1207648830485705, 0.0]}, {""fun"": 6491.52309326881, ""jac"": [2022.587577753432, 8166.251356991786, 6642.778977164572], ""message"": ""CONVERGENCE: REL_REDUCTION_OF_F_<=_FACTR*EPSMCH"", ""method"": ""L-BFGS-B"", ""nfev"": 3, ""nit"": 1, ""status"": 0, ""success"": true, ""x"": [0.0, 0.07849717398157083, 0.0]}], ""poisson_canonical_agreement_abs"": 0.0, ""solver_path"": ""poisson_convex"", ""uncertified_profiles"": 0}"
foul_leaves_5_team,team-quarter,2015-16,9840,optimization,LOOSE_BALL_FOUL_DRAWN,4,FOUL;PERS_FOUL_DRAWN,9,NB,12896.959915655028,-6430.091535847421,"[0.06438058173262738, 0.0]","{""p"": 0.9999902192211143, ""r"": 0.9779017750432466}",4,True,optimizer_converged_lbfgsb,9,77,2,-6491.543320508994,61.451784661572674,0.16119920002529398,"{""binomial_discrete_residual_mean"": null, ""binomial_discrete_residual_variance"": null, ""binomial_h_extension_used"": null, ""binomial_n_candidates"": 0, ""binomial_n_max"": null, ""binomial_n_min"": null, ""binomial_n_policy"": null, ""binomial_n_tie_break"": null, ""certified_profiles"": 1, ""optimizer_powell_attempted"": false, ""optimizer_powell_success"": false, ""optimizer_primary_failed_starts"": 0, ""optimizer_primary_successful_starts"": 2, ""optimizer_results"": [{""fun"": 6430.091535847421, ""jac"": [-0.0017280399342781275, 4076.8282815406565, 0.0029103830451857834, -0.0030013322675193177], ""message"": ""CONVERGENCE: REL_REDUCTION_OF_F_<=_FACTR*EPSMCH"", ""method"": ""L-BFGS-B"", ""nfev"": 40, ""nit"": 5, ""status"": 0, ""success"": true, ""x"": [0.06438058173262738, 0.0, -0.02234604850731123, 11.5350816555985]}, {""fun"": 6430.091647889397, ""jac"": [-0.0009094947022516461, 4076.8273720459547, 0.0031832314562241534, -0.0030013322675193177], ""message"": ""CONVERGENCE: REL_REDUCTION_OF_F_<=_FACTR*EPSMCH"", ""method"": ""L-BFGS-B"", ""nfev"": 35, ""nit"": 4, ""status"": 0, ""success"": true, ""x"": [0.06438050678667633, 0.0, -0.003673755633089153, 11.516530152172917]}], ""solver_path"": ""general_convolution"", ""uncertified_profiles"": 0}"
foul_leaves_5_team,team-quarter,2015-16,9840,optimization,LOOSE_BALL_FOUL_DRAWN,4,FOUL;PERS_FOUL_DRAWN,9,ZIP,12896.954008018034,-6430.088582028924,"[0.06438259349127612, 0.0]","{""lam"": 9.999999999999996e-11, ""rho"": 1.0000000000000007e-09}",4,True,optimizer_converged_lbfgsb,10,82,2,-6491.523093471068,61.43451144214396,0.1312201000400819,"{""binomial_discrete_residual_mean"": null, ""binomial_discrete_residual_variance"": null, ""binomial_h_extension_used"": null, ""binomial_n_candidates"": 0, ""binomial_n_max"": null, ""binomial_n_min"": null, ""binomial_n_policy"": null, ""binomial_n_tie_break"": null, ""certified_profiles"": 1, ""optimizer_powell_attempted"": false, ""optimizer_powell_success"": false, ""optimizer_primary_failed_starts"": 0, ""optimizer_primary_successful_starts"": 2, ""optimizer_results"": [{""fun"": 6430.088582028924, ""jac"": [0.0015461409938277984, 4076.86593462131, 0.0, 0.0], ""message"": ""CONVERGENCE: REL_REDUCTION_OF_F_<=_FACTR*EPSMCH"", ""method"": ""L-BFGS-B"", ""nfev"": 40, ""nit"": 5, ""status"": 0, ""success"": true, ""x"": [0.06438259349127612, 0.0, -23.025850929940457, -20.72326583594641]}, {""fun"": 6430.088582028931, ""jac"": [-0.0001818989404503292, 4076.865388924489, 0.0, 0.0], ""message"": ""CONVERGENCE: REL_REDUCTION_OF_F_<=_FACTR*EPSMCH"", ""method"": ""L-BFGS-B"", ""nfev"": 40, ""nit"": 5, ""status"": 0, ""success"": true, ""x"": [0.06438259113019011, 0.0, -23.025850929940457, -20.72326583594641]}], ""solver_path"": ""general_convolution"", ""uncertified_profiles"": 0}"
foul_leaves_5_team,team-quarter,2015-16,9840,optimization,LOOSE_BALL_FOUL_DRAWN,4,FOUL;PERS_FOUL_DRAWN,9,Geom,12887.759797583793,-6430.0885823068265,"[0.06438259296220432, 0.0]","{""p"": 0.9999999989999999}",3,True,optimizer_converged_lbfgsb,10,66,2,-6491.523095291397,61.434512984570574,12.547416399989743,"{""binomial_discrete_residual_mean"": null, ""binomial_discrete_residual_variance"": null, ""binomial_h_extension_used"": null, ""binomial_n_candidates"": 0, ""binomial_n_max"": null, ""binomial_n_min"": null, ""binomial_n_policy"": null, ""binomial_n_tie_break"": null, ""certified_profiles"": 1, ""optimizer_powell_attempted"": false, ""optimizer_powell_success"": false, ""optimizer_primary_failed_starts"": 0, ""optimizer_primary_successful_starts"": 2, ""optimizer_results"": [{""fun"": 6430.0885823068265, ""jac"": [0.0011823431129271398, 4076.8658436718397, 0.0], ""message"": ""CONVERGENCE: REL_REDUCTION_OF_F_<=_FACTR*EPSMCH"", ""method"": ""L-BFGS-B"", ""nfev"": 32, ""nit"": 5, ""status"": 0, ""success"": true, ""x"": [0.06438259296220432, 0.0, 20.723265864940153]}, {""fun"": 6430.088582306832, ""jac"": [-0.0001818989404503292, 4076.865388924489, 0.0], ""message"": ""CONVERGENCE: REL_REDUCTION_OF_F_<=_FACTR*EPSMCH"", ""method"": ""L-BFGS-B"", ""nfev"": 32, ""nit"": 5, ""status"": 0, ""success"": true, ""x"": [0.06438259111172377, 0.0, 20.723265864228342]}], ""solver_path"": ""general_convolution"", ""uncertified_profiles"": 0}"
foul_leaves_5_team,team-quarter,2015-16,9840,optimization,LOOSE_BALL_FOUL_DRAWN,4,FOUL;PERS_FOUL_DRAWN,9,Binomial,12887.759798201343,-6430.088582615602,"[0.06438259420900364, 0.0]","{""n"": 2, ""p"": 1.0000000000797413e-09}",3,True,optimizer_converged_lbfgsb,11,74,2,-6491.523097313984,61.43451469838237,0.20980700000654906,"{""binomial_discrete_residual_mean"": -0.26022946428189814, ""binomial_discrete_residual_variance"": -0.3118657962175403, ""binomial_h_extension_used"": true, ""binomial_n_candidates"": 1, ""binomial_n_max"": 2, ""binomial_n_min"": 2, ""binomial_n_policy"": ""paper_H_binomial_discrete_index_continuous_full_mle"", ""binomial_n_tie_break"": ""not_applicable_single_mom_index"", ""certified_profiles"": 1, ""optimizer_powell_attempted"": false, ""optimizer_powell_success"": false, ""optimizer_primary_failed_starts"": 0, ""optimizer_primary_successful_starts"": 2, ""optimizer_results"": [{""fun"": 6430.088582615602, ""jac"": [0.0023646862258542797, 4076.8662984191906, 0.0], ""message"": ""CONVERGENCE: REL_REDUCTION_OF_F_<=_FACTR*EPSMCH"", ""method"": ""L-BFGS-B"", ""nfev"": 40, ""nit"": 6, ""status"": 0, ""success"": true, ""x"": [0.06438259420900364, 0.0, -20.72326583586667]}, {""fun"": 6430.088582615611, ""jac"": [-9.09494702251646e-05, 4076.865388924489, -9.094946265210054e-05], ""message"": ""CONVERGENCE: REL_REDUCTION_OF_F_<=_FACTR*EPSMCH"", ""method"": ""L-BFGS-B"", ""nfev"": 32, ""nit"": 5, ""status"": 0, ""success"": true, ""x"": [0.06438259088601989, 0.0, -20.72326583583467]}], ""solver_path"": ""general_convolution"", ""uncertified_profiles"": 0}"
foul_leaves_5_team,team-quarter,2015-16,9840,optimization,LOOSE_BALL_FOUL_DRAWN,4,FOUL;PERS_FOUL_DRAWN,9,Bernoulli,12887.759797583787,-6430.088582306824,"[0.06438259421817709, 0.0]","{""p"": 1.0000000000944957e-09}",3,True,optimizer_converged_lbfgsb,11,82,2,-6491.523095291397,61.4345129845733,0.20373060001293197,"{""binomial_discrete_residual_mean"": null, ""binomial_discrete_residual_variance"": null, ""binomial_h_extension_used"": null, ""binomial_n_candidates"": 0, ""binomial_n_max"": null, ""binomial_n_min"": null, ""binomial_n_policy"": null, ""binomial_n_tie_break"": null, ""certified_profiles"": 1, ""optimizer_powell_attempted"": false, ""optimizer_powell_success"": false, ""optimizer_primary_failed_starts"": 0, ""optimizer_primary_successful_starts"": 2, ""optimizer_results"": [{""fun"": 6430.088582306824, ""jac"": [0.0021827872854039507, 4076.8662074697204, 0.0], ""message"": ""CONVERGENCE: REL_REDUCTION_OF_F_<=_FACTR*EPSMCH"", ""method"": ""L-BFGS-B"", ""nfev"": 48, ""nit"": 6, ""status"": 0, ""success"": true, ""x"": [0.06438259421817709, 0.0, -20.723265835851915]}, {""fun"": 6430.088582306832, ""jac"": [-9.09494702251646e-05, 4076.865479873959, 0.0], ""message"": ""CONVERGENCE: REL_REDUCTION_OF_F_<=_FACTR*EPSMCH"", ""method"": ""L-BFGS-B"", ""nfev"": 32, ""nit"": 5, ""status"": 0, ""success"": true, ""x"": [0.06438259121918626, 0.0, -20.72326583594641]}], ""solver_path"": ""general_convolution"", ""uncertified_profiles"": 0}"
foul_leaves_5_team,team-quarter,2015-16,9840,optimization,LOOSE_BALL_FOUL_DRAWN,4,FTA;PERS_FOUL_DRAWN,10,Poisson,13448.23097974685,-6710.324173388355,"[0.01782482959081798, 0.0]","{""lam"": 0.19411101605364614}",3,True,poisson_convex_mle,12,22,2,-6712.809011290417,2.4848379020622815,0.058346399979200214,"{""binomial_discrete_residual_mean"": null, ""binomial_discrete_residual_variance"": null, ""binomial_h_extension_used"": null, ""binomial_n_candidates"": 0, ""binomial_n_max"": null, ""binomial_n_min"": null, ""binomial_n_policy"": null, ""binomial_n_tie_break"": null, ""certified_profiles"": 1, ""optimizer_primary_failed_starts"": 0, ""optimizer_primary_successful_starts"": 2, ""optimizer_results"": [{""fun"": 6710.324173388355, ""jac"": [1.1262846904003254e-05, 0.00012486657556110003, 1166.9167436387343], ""message"": ""CONVERGENCE: REL_REDUCTION_OF_F_<=_FACTR*EPSMCH"", ""method"": ""L-BFGS-B"", ""nfev"": 9, ""nit"": 6, ""status"": 0, ""success"": true, ""x"": [0.19411101605364614, 0.01782482959081798, 0.0]}, {""fun"": 6710.324173388356, ""jac"": [2.1005816009278533e-05, 5.133048523475736e-05, 1166.9167445886426], ""message"": ""CONVERGENCE: REL_REDUCTION_OF_F_<=_FACTR*EPSMCH"", ""method"": ""L-BFGS-B"", ""nfev"": 11, ""nit"": 6, ""status"": 0, ""success"": true, ""x"": [0.19411101756774513, 0.017824829339107753, 0.0]}], ""poisson_canonical_agreement_abs"": 0.0, ""solver_path"": ""poisson_convex"", ""uncertified_profiles"": 0}"
foul_leaves_5_team,team-quarter,2015-16,9840,optimization,LOOSE_BALL_FOUL_DRAWN,4,FTA;PERS_FOUL_DRAWN,10,NB,13457.214273490032,-6710.218714764923,"[0.017812472670407337, 0.0]","{""p"": 0.9907611739833732, ""r"": 20.823917104762298}",4,True,optimizer_converged_lbfgsb,52,307,2,-6713.30436226355,3.085647498626713,0.6230719999875873,"{""binomial_discrete_residual_mean"": null, ""binomial_discrete_residual_variance"": null, ""binomial_h_extension_used"": null, ""binomial_n_candidates"": 0, ""binomial_n_max"": null, ""binomial_n_min"": null, ""binomial_n_policy"": null, ""binomial_n_tie_break"": null, ""certified_profiles"": 1, ""optimizer_powell_attempted"": false, ""optimizer_powell_success"": false, ""optimizer_primary_failed_starts"": 0, ""optimizer_primary_successful_starts"": 2, ""optimizer_results"": [{""fun"": 6710.218714784817, ""jac"": [0.0673935573900833, 1157.3435585887637, 0.003183231475551246, -0.003365130417011317], ""message"": ""CONVERGENCE: REL_REDUCTION_OF_F_<=_FACTR*EPSMCH"", ""method"": ""L-BFGS-B"", ""nfev"": 125, ""nit"": 22, ""status"": 0, ""success"": true, ""x"": [0.017812351043324876, 0.0, 3.035382628213446, 4.674333808244778]}, {""fun"": 6710.218714764923, ""jac"": [0.05229594534318205, 1157.3343726922758, 0.00027284841219010677, -0.0001818989414600712], ""message"": ""CONVERGENCE: REL_REDUCTION_OF_F_<=_FACTR*EPSMCH"", ""method"": ""L-BFGS-B"", ""nfev"": 180, ""nit"": 30, ""status"": 0, ""success"": true, ""x"": [0.017812472670407337, 0.0, 3.0361021869295532, 4.675058687210793]}], ""solver_path"": ""general_convolution"", ""uncertified_profiles"": 0}"
foul_leaves_5_team,team-quarter,2015-16,9840,optimization,LOOSE_BALL_FOUL_DRAWN,4,FTA;PERS_FOUL_DRAWN,10,ZIP,13457.363581163383,-6710.293368601599,"[0.01782130205602385, 0.0]","{""lam"": 0.19903150280979687, ""rho"": 0.024620162389772667}",4,True,optimizer_converged_lbfgsb,57,337,2,-6713.803267386684,3.50989878508517,0.4949997999938205,"{""binomial_discrete_residual_mean"": null, ""binomial_discrete_residual_variance"": null, ""binomial_h_extension_used"": null, ""binomial_n_candidates"": 0, ""binomial_n_max"": null, ""binomial_n_min"": null, ""binomial_n_policy"": null, ""binomial_n_tie_break"": null, ""certified_profiles"": 1, ""optimizer_powell_attempted"": false, ""optimizer_powell_success"": false, ""optimizer_primary_failed_starts"": 0, ""optimizer_primary_successful_starts"": 2, ""optimizer_results"": [{""fun"": 6710.293368612865, ""jac"": [0.047384673954431036, 1162.1021258179098, 0.0022737367682508897, 0.0], ""message"": ""CONVERGENCE: REL_REDUCTION_OF_F_<=_FACTR*EPSMCH"", ""method"": ""L-BFGS-B"", ""nfev"": 150, ""nit"": 27, ""status"": 0, ""success"": true, ""x"": [0.017821380559167144, 0.0, -1.6142844808982701, -3.6789396191416075]}, {""fun"": 6710.293368601599, ""jac"": [-0.04802132024556543, 1162.0799341471866, 0.0001818989414600712, 9.09494707300356e-05], ""message"": ""CONVERGENCE: REL_REDUCTION_OF_F_<=_FACTR*EPSMCH"", ""method"": ""L-BFGS-B"", ""nfev"": 185, ""nit"": 30, ""status"": 0, ""success"": true, ""x"": [0.01782130205602385, 0.0, -1.6142921612097816, -3.679261255586199]}], ""solver_path"": ""general_convolution"", ""uncertified_profiles"": 0}"
foul_leaves_5_team,team-quarter,2015-16,9840,optimization,LOOSE_BALL_FOUL_DRAWN,4,FTA;PERS_FOUL_DRAWN,10,Geom,13492.733745930242,-6732.575556480051,"[0.021137336568208466, 0.0]","{""p"": 0.8510915422893087}",3,True,optimizer_converged_lbfgsb,20,102,2,-6733.203292254653,0.6277357746021153,0.39867630001390353,"{""binomial_discrete_residual_mean"": null, ""binomial_discrete_residual_variance"": null, ""binomial_h_extension_used"": null, ""binomial_n_candidates"": 0, ""binomial_n_max"": null, ""binomial_n_min"": null, ""binomial_n_policy"": null, ""binomial_n_tie_break"": null, ""certified_profiles"": 1, ""optimizer_powell_attempted"": false, ""optimizer_powell_success"": false, ""optimizer_primary_failed_starts"": 0, ""optimizer_primary_successful_starts"": 2, ""optimizer_results"": [{""fun"": 6732.575556480051, ""jac"": [-0.00018189894032411146, 617.4485861265566, 0.0], ""message"": ""CONVERGENCE: REL_REDUCTION_OF_F_<=_FACTR*EPSMCH"", ""method"": ""L-BFGS-B"", ""nfev"": 28, ""nit"": 5, ""status"": 0, ""success"": true, ""x"": [0.021137336568208466, 0.0, 1.7431879536883175]}, {""fun"": 6732.575556480184, ""jac"": [0.012551026882363692, 617.453406448476, -0.0007275957658402848], ""message"": ""CONVERGENCE: REL_REDUCTION_OF_F_<=_FACTR*EPSMCH"", ""method"": ""L-BFGS-B"", ""nfev"": 72, ""nit"": 15, ""status"": 0, ""success"": true, ""x"": [0.021137333142075845, 0.0, 1.7431873059803187]}], ""solver_path"": ""general_convolution"", ""uncertified_profiles"": 0}"
foul_leaves_5_team,team-quarter,2015-16,9840,optimization,LOOSE_BALL_FOUL_DRAWN,4,FTA;PERS_FOUL_DRAWN,10,Binomial,13448.329747159349,-6710.373557094605,"[0.01783170449624561, 0.0]","{""n"": 100, ""p"": 0.001940712581215678}",3,True,optimizer_converged_lbfgsb,18,98,2,-6712.876379622268,2.5028225276637386,0.2694257000111975,"{""binomial_discrete_residual_mean"": 0.1665625126424752, ""binomial_discrete_residual_variance"": 0.16970985617391882, ""binomial_h_extension_used"": true, ""binomial_n_candidates"": 1, ""binomial_n_max"": 100, ""binomial_n_min"": 100, ""binomial_n_policy"": ""paper_H_binomial_discrete_index_continuous_full_mle"", ""binomial_n_tie_break"": ""not_applicable_single_mom_index"", ""certified_profiles"": 1, ""optimizer_powell_attempted"": false, ""optimizer_powell_success"": false, ""optimizer_primary_failed_starts"": 0, ""optimizer_primary_successful_starts"": 2, ""optimizer_results"": [{""fun"": 6710.373557094614, ""jac"": [-0.0021827872838893377, 1168.4174751280807, -0.0001818989414600712], ""message"": ""CONVERGENCE: REL_REDUCTION_OF_F_<=_FACTR*EPSMCH"", ""method"": ""L-BFGS-B"", ""nfev"": 32, ""nit"": 6, ""status"": 0, ""success"": true, ""x"": [0.01783170553211356, 0.0, -6.242757608689611]}, {""fun"": 6710.373557094605, ""jac"": [0.0010913936419446688, 1168.4185665217228, 0.0], ""message"": ""CONVERGENCE: REL_REDUCTION_OF_F_<=_FACTR*EPSMCH"", ""method"": ""L-BFGS-B"", ""nfev"": 64, ""nit"": 12, ""status"": 0, ""success"": true, ""x"": [0.01783170449624561, 0.0, -6.242757465239774]}], ""solver_path"": ""general_convolution"", ""uncertified_profiles"": 0}"
foul_leaves_5_team,team-quarter,2015-16,9840,optimization,LOOSE_BALL_FOUL_DRAWN,4,FTA;PERS_FOUL_DRAWN,10,Bernoulli,inf,-inf,[],{},3,False,infeasible_conditional_support,0,0,0,-inf,0.0,9.929999941959977e-05,"{""binomial_discrete_residual_mean"": null, ""binomial_discrete_residual_variance"": null, ""binomial_h_extension_used"": null, ""binomial_n_candidates"": 0, ""binomial_n_max"": null, ""binomial_n_min"": null, ""binomial_n_policy"": null, ""binomial_n_tie_break"": null, ""certified_profiles"": 0, ""solver_path"": ""conditional_support_check"", ""support_violating_rows"": 1, ""uncertified_profiles"": 0}"
foul_leaves_5_team,team-quarter,2015-16,9840,optimization,LOOSE_BALL_FOUL_DRAWN,4,FOUL;FTA;PERS_FOUL_DRAWN,11,Poisson,20862.862223634995,-10413.042689837404,"[0.23560686552493926, 0.0, 0.0]","{""lam"": 0.0}",4,True,poisson_convex_mle,2,8,2,-10413.042689837404,0.0,0.01948780001839623,"{""binomial_discrete_residual_mean"": null, ""binomial_discrete_residual_variance"": null, ""binomial_h_extension_used"": null, ""binomial_n_candidates"": 0, ""binomial_n_max"": null, ""binomial_n_min"": null, ""binomial_n_policy"": null, ""binomial_n_tie_break"": null, ""certified_profiles"": 1, ""optimizer_primary_failed_starts"": 1, ""optimizer_primary_successful_starts"": 1, ""optimizer_results"": [{""fun"": 14915.144968780336, ""jac"": [8147.056511031969, 37349.172253849916, 47991.81181375372, 15812.326926124006], ""message"": ""CONVERGENCE: REL_REDUCTION_OF_F_<=_FACTR*EPSMCH"", ""method"": ""L-BFGS-B"", ""nfev"": 3, ""nit"": 1, ""status"": 0, ""success"": true, ""x"": [0.0, 0.36247210080759884, 0.0, 0.0]}, {""fun"": 10413.042689837404, ""jac"": [7235.471555433788, 33005.49577515331, 43203.71048269843, 14447.50296326777], ""message"": ""CONVERGENCE: REL_REDUCTION_OF_F_<=_FACTR*EPSMCH"", ""method"": ""L-BFGS-B"", ""nfev"": 3, ""nit"": 1, ""status"": 0, ""success"": true, ""x"": [0.0, 0.23560686552493926, 0.0, 0.0]}], ""poisson_canonical_agreement_abs"": 0.0, ""solver_path"": ""poisson_convex"", ""uncertified_profiles"": 0}"
foul_leaves_5_team,team-quarter,2015-16,9840,optimization,LOOSE_BALL_FOUL_DRAWN,4,FOUL;FTA;PERS_FOUL_DRAWN,11,NB,12906.153620635181,-6430.091282842475,"[0.06438075428299692, 0.0, 0.0]","{""p"": 0.9999906468056715, ""r"": 0.9350296870778481}",5,True,optimizer_converged_lbfgsb,15,146,2,-10413.115044440703,3983.023761598228,0.3140115999849513,"{""binomial_discrete_residual_mean"": null, ""binomial_discrete_residual_variance"": null, ""binomial_h_extension_used"": null, ""binomial_n_candidates"": 0, ""binomial_n_max"": null, ""binomial_n_min"": null, ""binomial_n_policy"": null, ""binomial_n_tie_break"": null, ""certified_profiles"": 1, ""optimizer_powell_attempted"": false, ""optimizer_powell_success"": false, ""optimizer_primary_failed_starts"": 0, ""optimizer_primary_successful_starts"": 2, ""optimizer_results"": [{""fun"": 6430.091282842475, ""jac"": [-0.0014551915236026337, 6821.08611727017, 4076.831555721583, 0.0024556356960794444, -0.002910382804867217], ""message"": ""CONVERGENCE: REL_REDUCTION_OF_F_<=_FACTR*EPSMCH"", ""method"": ""L-BFGS-B"", ""nfev"": 78, ""nit"": 8, ""status"": 0, ""success"": true, ""x"": [0.06438075428299692, 0.0, 0.0, -0.06717699931209974, 11.579783280365652]}, {""fun"": 6430.09136215875, ""jac"": [-0.0020008883449536214, 6821.080569352489, 4076.830555277411, 0.002819433575023728, -0.0027284838795630165], ""message"": ""CONVERGENCE: REL_REDUCTION_OF_F_<=_FACTR*EPSMCH"", ""method"": ""L-BFGS-B"", ""nfev"": 66, ""nit"": 7, ""status"": 0, ""success"": true, ""x"": [0.06438069920277359, 0.0, 0.0, -0.05249108833763641, 11.565528742500003]}], ""solver_path"": ""general_convolution"", ""uncertified_profiles"": 0}"
foul_leaves_5_team,team-quarter,2015-16,9840,optimization,LOOSE_BALL_FOUL_DRAWN,4,FOUL;FTA;PERS_FOUL_DRAWN,11,ZIP,12906.148219008091,-6430.08858202893,"[0.06438259140654472, 0.0, 0.0]","{""lam"": 9.999999999999996e-11, ""rho"": 1.0000000000000007e-09}",5,True,optimizer_converged_lbfgsb,16,152,2,-10413.042690560951,3982.9541085320207,0.2420496999984607,"{""binomial_discrete_residual_mean"": null, ""binomial_discrete_residual_variance"": null, ""binomial_h_extension_used"": null, ""binomial_n_candidates"": 0, ""binomial_n_max"": null, ""binomial_n_min"": null, ""binomial_n_policy"": null, ""binomial_n_tie_break"": null, ""certified_profiles"": 1, ""optimizer_powell_attempted"": false, ""optimizer_powell_success"": false, ""optimizer_primary_failed_starts"": 0, ""optimizer_primary_successful_starts"": 2, ""optimizer_results"": [{""fun"": 6430.088582028935, ""jac"": [-0.0007275957618013168, 6821.245551691391, 4076.8652979750186, 0.0, 0.0], ""message"": ""CONVERGENCE: REL_REDUCTION_OF_F_<=_FACTR*EPSMCH"", ""method"": ""L-BFGS-B"", ""nfev"": 78, ""nit"": 8, ""status"": 0, ""success"": true, ""x"": [0.06438259023584733, 0.0, 0.0, -23.025850929940457, -20.72326583594641]}, {""fun"": 6430.08858202893, ""jac"": [0.0, 6821.246370236622, 4076.865570823429, 0.0, 0.0], ""message"": ""CONVERGENCE: NORM_OF_PROJECTED_GRADIENT_<=_PGTOL"", ""method"": ""L-BFGS-B"", ""nfev"": 72, ""nit"": 8, ""status"": 0, ""success"": true, ""x"": [0.06438259140654472, 0.0, 0.0, -23.025850929940457, -20.72326583594641]}], ""solver_path"": ""general_convolution"", ""uncertified_profiles"": 0}"
foul_leaves_5_team,team-quarter,2015-16,9840,optimization,LOOSE_BALL_FOUL_DRAWN,4,FOUL;FTA;PERS_FOUL_DRAWN,11,Geom,12896.954008573843,-6430.088582306828,"[0.06438259111853703, 0.0, 0.0]","{""p"": 0.9999999990000101}",4,True,optimizer_converged_lbfgsb,16,127,2,-10413.042697072877,3982.9541147660484,17.4332322999835,"{""binomial_discrete_residual_mean"": null, ""binomial_discrete_residual_variance"": null, ""binomial_h_extension_used"": null, ""binomial_n_candidates"": 0, ""binomial_n_max"": null, ""binomial_n_min"": null, ""binomial_n_policy"": null, ""binomial_n_tie_break"": null, ""certified_profiles"": 1, ""optimizer_powell_attempted"": false, ""optimizer_powell_success"": false, ""optimizer_primary_failed_starts"": 0, ""optimizer_primary_successful_starts"": 2, ""optimizer_results"": [{""fun"": 6430.088582306834, ""jac"": [-0.00045474735112582305, 6821.245915489271, 4076.865388924489, 0.0], ""message"": ""CONVERGENCE: REL_REDUCTION_OF_F_<=_FACTR*EPSMCH"", ""method"": ""L-BFGS-B"", ""nfev"": 65, ""nit"": 8, ""status"": 0, ""success"": true, ""x"": [0.06438259065798081, 0.0, 0.0, 20.723265870463205]}, {""fun"": 6430.088582306828, ""jac"": [0.0, 6821.246370236622, 4076.865388924489, 0.0], ""message"": ""CONVERGENCE: NORM_OF_PROJECTED_GRADIENT_<=_PGTOL"", ""method"": ""L-BFGS-B"", ""nfev"": 60, ""nit"": 8, ""status"": 0, ""success"": true, ""x"": [0.06438259111853703, 0.0, 0.0, 20.723275899069048]}], ""solver_path"": ""general_convolution"", ""uncertified_profiles"": 0}"
foul_leaves_5_team,team-quarter,2015-16,9840,optimization,LOOSE_BALL_FOUL_DRAWN,4,FOUL;FTA;PERS_FOUL_DRAWN,11,Binomial,12896.954009191408,-6430.088582615611,"[0.06438259120887962, 0.0, 0.0]","{""n"": 2, ""p"": 1.0000000000000007e-09}",4,True,optimizer_converged_lbfgsb,17,132,2,-10413.042704308347,3982.9541216927364,0.35059829999227077,"{""binomial_discrete_residual_mean"": -1.3758163547030395, ""binomial_discrete_residual_variance"": -1.9233009694188472, ""binomial_h_extension_used"": true, ""binomial_n_candidates"": 1, ""binomial_n_max"": 2, ""binomial_n_min"": 2, ""binomial_n_policy"": ""paper_H_binomial_discrete_index_continuous_full_mle"", ""binomial_n_tie_break"": ""not_applicable_single_mom_index"", ""certified_profiles"": 1, ""optimizer_powell_attempted"": false, ""optimizer_powell_success"": false, ""optimizer_primary_failed_starts"": 0, ""optimizer_primary_successful_starts"": 2, ""optimizer_results"": [{""fun"": 6430.088582615611, ""jac"": [0.0, 6821.246370236622, 4076.8652979750186, 0.0], ""message"": ""CONVERGENCE: NORM_OF_PROJECTED_GRADIENT_<=_PGTOL"", ""method"": ""L-BFGS-B"", ""nfev"": 70, ""nit"": 9, ""status"": 0, ""success"": true, ""x"": [0.06438259120887962, 0.0, 0.0, -20.72326583594641]}, {""fun"": 6430.088582615612, ""jac"": [-0.0001818989404503292, 6821.246188337682, 4076.8652070255484, -0.00018189892530420107], ""message"": ""CONVERGENCE: REL_REDUCTION_OF_F_<=_FACTR*EPSMCH"", ""method"": ""L-BFGS-B"", ""nfev"": 60, ""nit"": 8, ""status"": 0, ""success"": true, ""x"": [0.06438259090955062, 0.0, 0.0, -20.72326583594641]}], ""solver_path"": ""general_convolution"", ""uncertified_profiles"": 0}"
foul_leaves_5_team,team-quarter,2015-16,9840,optimization,LOOSE_BALL_FOUL_DRAWN,4,FOUL;FTA;PERS_FOUL_DRAWN,11,Bernoulli,12896.954008573846,-6430.08858230683,"[0.06438259156886357, 0.0, 0.0]","{""p"": 1.0000000000463991e-09}",4,True,optimizer_converged_lbfgsb,17,132,2,-10413.042697072877,3982.9541147660466,0.3651016000076197,"{""binomial_discrete_residual_mean"": null, ""binomial_discrete_residual_variance"": null, ""binomial_h_extension_used"": null, ""binomial_n_candidates"": 0, ""binomial_n_max"": null, ""binomial_n_min"": null, ""binomial_n_policy"": null, ""binomial_n_tie_break"": null, ""certified_profiles"": 1, ""optimizer_powell_attempted"": false, ""optimizer_powell_success"": false, ""optimizer_primary_failed_starts"": 0, ""optimizer_primary_successful_starts"": 2, ""optimizer_results"": [{""fun"": 6430.08858230683, ""jac"": [0.0001818989404503292, 6821.246734034503, 4076.865570823429, 0.0], ""message"": ""CONVERGENCE: REL_REDUCTION_OF_F_<=_FACTR*EPSMCH"", ""method"": ""L-BFGS-B"", ""nfev"": 70, ""nit"": 9, ""status"": 0, ""success"": true, ""x"": [0.06438259156886357, 0.0, 0.0, -20.723265835900012]}, {""fun"": 6430.088582306831, ""jac"": [9.09494702251646e-05, 6821.246461186092, 4076.865479873959, 0.0], ""message"": ""CONVERGENCE: REL_REDUCTION_OF_F_<=_FACTR*EPSMCH"", ""method"": ""L-BFGS-B"", ""nfev"": 60, ""nit"": 8, ""status"": 0, ""success"": true, ""x"": [0.06438259134395925, 0.0, 0.0, -20.723265835895816]}], ""solver_path"": ""general_convolution"", ""uncertified_profiles"": 0}"
foul_leaves_5_team,team-quarter,2015-16,9840,optimization,LOOSE_BALL_FOUL_DRAWN,4,FTM;PERS_FOUL_DRAWN,12,Poisson,13463.15075862951,-6717.784062829685,"[0.021343937684132373, 0.0]","{""lam"": 0.20376823701894242}",3,True,poisson_convex_mle,12,22,2,-6720.972824314996,3.1887614853103514,0.05195829999865964,"{""binomial_discrete_residual_mean"": null, ""binomial_discrete_residual_variance"": null, ""binomial_h_extension_used"": null, ""binomial_n_candidates"": 0, ""binomial_n_max"": null, ""binomial_n_min"": null, ""binomial_n_policy"": null, ""binomial_n_tie_break"": null, ""certified_profiles"": 1, ""optimizer_primary_failed_starts"": 0, ""optimizer_primary_successful_starts"": 2, ""optimizer_results"": [{""fun"": 6717.784062829685, ""jac"": [3.789849955637692e-06, 2.853706757832697e-05, 1019.7689015019389], ""message"": ""CONVERGENCE: REL_REDUCTION_OF_F_<=_FACTR*EPSMCH"", ""method"": ""L-BFGS-B"", ""nfev"": 9, ""nit"": 6, ""status"": 0, ""success"": true, ""x"": [0.20376823701894242, 0.021343937684132373, 0.0]}, {""fun"": 6717.784062829685, ""jac"": [-1.7196534102481564e-05, -6.872444436112346e-05, 1019.7688637348011], ""message"": ""CONVERGENCE: REL_REDUCTION_OF_F_<=_FACTR*EPSMCH"", ""method"": ""L-BFGS-B"", ""nfev"": 11, ""nit"": 6, ""status"": 0, ""success"": true, ""x"": [0.203768236650916, 0.021343937620700734, 0.0]}], ""poisson_canonical_agreement_abs"": 0.0, ""solver_path"": ""poisson_convex"", ""uncertified_profiles"": 0}"
foul_leaves_5_team,team-quarter,2015-16,9840,optimization,LOOSE_BALL_FOUL_DRAWN,4,FTM;PERS_FOUL_DRAWN,12,NB,13472.059926151862,-6717.641541095838,"[0.021314901400699294, 0.0]","{""p"": 0.989622313224045, ""r"": 19.443573704926038}",4,True,optimizer_converged_lbfgsb,50,297,2,-6721.216191475092,3.574650379254308,0.6947021000087261,"{""binomial_discrete_residual_mean"": null, ""binomial_discrete_residual_variance"": null, ""binomial_h_extension_used"": null, ""binomial_n_candidates"": 0, ""binomial_n_max"": null, ""binomial_n_min"": null, ""binomial_n_policy"": null, ""binomial_n_tie_break"": null, ""certified_profiles"": 1, ""optimizer_powell_attempted"": false, ""optimizer_powell_success"": false, ""optimizer_primary_failed_starts"": 0, ""optimizer_primary_successful_starts"": 2, ""optimizer_results"": [{""fun"": 6717.641541095838, ""jac"": [0.0015461409927549476, 1008.5661415359937, 9.09494707300356e-05, 0.0], ""message"": ""CONVERGENCE: REL_REDUCTION_OF_F_<=_FACTR*EPSMCH"", ""method"": ""L-BFGS-B"", ""nfev"": 130, ""nit"": 23, ""status"": 0, ""success"": true, ""x"": [0.021314901400699294, 0.0, 2.9675166146950827, 4.557665369596556]}, {""fun"": 6717.641541103139, ""jac"": [-0.036106939654336125, 1008.568870020099, 0.0019099388853307474, -0.0014551915316805696], ""message"": ""CONVERGENCE: REL_REDUCTION_OF_F_<=_FACTR*EPSMCH"", ""method"": ""L-BFGS-B"", ""nfev"": 165, ""nit"": 27, ""status"": 0, ""success"": true, ""x"": [0.021314681364356453, 0.0, 2.9675028867625453, 4.557646540211418]}], ""solver_path"": ""general_convolution"", ""uncertified_profiles"": 0}"
foul_leaves_5_team,team-quarter,2015-16,9840,optimization,LOOSE_BALL_FOUL_DRAWN,4,FTM;PERS_FOUL_DRAWN,12,ZIP,13472.212335250784,-6717.717745645299,"[0.02133128954987956, 0.0]","{""lam"": 0.2107399265549079, ""rho"": 0.03281928592712022}",4,True,optimizer_converged_lbfgsb,55,322,2,-6721.401201961415,3.683456316115553,0.4682497000321746,"{""binomial_discrete_residual_mean"": null, ""binomial_discrete_residual_variance"": null, ""binomial_h_extension_used"": null, ""binomial_n_candidates"": 0, ""binomial_n_max"": null, ""binomial_n_min"": null, ""binomial_n_policy"": null, ""binomial_n_tie_break"": null, ""certified_profiles"": 1, ""optimizer_powell_attempted"": false, ""optimizer_powell_success"": false, ""optimizer_primary_failed_starts"": 0, ""optimizer_primary_successful_starts"": 2, ""optimizer_results"": [{""fun"": 6717.717745650075, ""jac"": [-0.02046363078646254, 1012.7275345439557, 0.0010004441780303915, -0.0001818989414600712], ""message"": ""CONVERGENCE: REL_REDUCTION_OF_F_<=_FACTR*EPSMCH"", ""method"": ""L-BFGS-B"", ""nfev"": 130, ""nit"": 23, ""status"": 0, ""success"": true, ""x"": [0.021331116326453736, 0.0, -1.557144768608212, -3.3839226765979546]}, {""fun"": 6717.717745645299, ""jac"": [0.013096723703336026, 1012.7223504241556, 0.0, 0.0], ""message"": ""CONVERGENCE: REL_REDUCTION_OF_F_<=_FACTR*EPSMCH"", ""method"": ""L-BFGS-B"", ""nfev"": 190, ""nit"": 32, ""status"": 0, ""success"": true, ""x"": [0.02133128954987956, 0.0, -1.5571304813212656, -3.383369030966806]}], ""solver_path"": ""general_convolution"", ""uncertified_profiles"": 0}"
foul_leaves_5_team,team-quarter,2015-16,9840,optimization,LOOSE_BALL_FOUL_DRAWN,4,FTM;PERS_FOUL_DRAWN,12,Geom,13514.933180849535,-6743.675273939698,"[0.025632000762875095, 0.0]","{""p"": 0.8438771368672963}",3,True,optimizer_converged_lbfgsb,17,98,2,-6743.691241249984,0.015967310286214342,0.3794505000114441,"{""binomial_discrete_residual_mean"": null, ""binomial_discrete_residual_variance"": null, ""binomial_h_extension_used"": null, ""binomial_n_candidates"": 0, ""binomial_n_max"": null, ""binomial_n_min"": null, ""binomial_n_policy"": null, ""binomial_n_tie_break"": null, ""certified_profiles"": 1, ""optimizer_powell_attempted"": false, ""optimizer_powell_success"": false, ""optimizer_primary_failed_starts"": 0, ""optimizer_primary_successful_starts"": 2, ""optimizer_results"": [{""fun"": 6743.675273939698, ""jac"": [0.0, 379.98715924913995, 0.0], ""message"": ""CONVERGENCE: NORM_OF_PROJECTED_GRADIENT_<=_PGTOL"", ""method"": ""L-BFGS-B"", ""nfev"": 28, ""nit"": 4, ""status"": 0, ""success"": true, ""x"": [0.025632000762875095, 0.0, 1.68736363011529]}, {""fun"": 6743.675273939703, ""jac"": [0.0007275957612964458, 379.9881596933119, -0.0001818989414600712], ""message"": ""CONVERGENCE: REL_REDUCTION_OF_F_<=_FACTR*EPSMCH"", ""method"": ""L-BFGS-B"", ""nfev"": 68, ""nit"": 13, ""status"": 0, ""success"": true, ""x"": [0.025631994391496972, 0.0, 1.6873633652278164]}], ""solver_path"": ""general_convolution"", ""uncertified_profiles"": 0}"
foul_leaves_5_team,team-quarter,2015-16,9840,optimization,LOOSE_BALL_FOUL_DRAWN,4,FTM;PERS_FOUL_DRAWN,12,Binomial,13463.274779466106,-6717.846073247983,"[0.021355745207095295, 0.0]","{""n"": 100, ""p"": 0.0020371659221170807}",3,True,optimizer_converged_lbfgsb,16,94,2,-6721.0617387646125,3.2156655166290875,0.2795130999875255,"{""binomial_discrete_residual_mean"": 0.18371118509148288, ""binomial_discrete_residual_variance"": 0.18792843637002374, ""binomial_h_extension_used"": true, ""binomial_n_candidates"": 1, ""binomial_n_max"": 100, ""binomial_n_min"": 100, ""binomial_n_policy"": ""paper_H_binomial_discrete_index_continuous_full_mle"", ""binomial_n_tie_break"": ""not_applicable_single_mom_index"", ""certified_profiles"": 1, ""optimizer_powell_attempted"": false, ""optimizer_powell_success"": false, ""optimizer_primary_failed_starts"": 0, ""optimizer_primary_successful_starts"": 2, ""optimizer_results"": [{""fun"": 6717.846073249787, ""jac"": [-0.03501554601239146, 1021.3099812972359, -0.0023646862389809253], ""message"": ""CONVERGENCE: REL_REDUCTION_OF_F_<=_FACTR*EPSMCH"", ""method"": ""L-BFGS-B"", ""nfev"": 28, ""nit"": 5, ""status"": 0, ""success"": true, ""x"": [0.021355759473418414, 0.0, -6.194158390439344]}, {""fun"": 6717.846073247983, ""jac"": [0.00491127138875101, 1021.3292625849135, 0.00027284841219010677], ""message"": ""CONVERGENCE: REL_REDUCTION_OF_F_<=_FACTR*EPSMCH"", ""method"": ""L-BFGS-B"", ""nfev"": 64, ""nit"": 11, ""status"": 0, ""success"": true, ""x"": [0.021355745207095295, 0.0, -6.1941564471309984]}], ""solver_path"": ""general_convolution"", ""uncertified_profiles"": 0}"
foul_leaves_5_team,team-quarter,2015-16,9840,optimization,LOOSE_BALL_FOUL_DRAWN,4,FTM;PERS_FOUL_DRAWN,12,Bernoulli,inf,-inf,[],{},3,False,infeasible_conditional_support,0,0,0,-inf,0.0,0.00018799997633323073,"{""binomial_discrete_residual_mean"": null, ""binomial_discrete_residual_variance"": null, ""binomial_h_extension_used"": null, ""binomial_n_candidates"": 0, ""binomial_n_max"": null, ""binomial_n_min"": null, ""binomial_n_policy"": null, ""binomial_n_tie_break"": null, ""certified_profiles"": 0, ""solver_path"": ""conditional_support_check"", ""support_violating_rows"": 4, ""uncertified_profiles"": 0}"
foul_leaves_5_team,team-quarter,2015-16,9840,optimization,LOOSE_BALL_FOUL_DRAWN,4,FOUL;FTM;PERS_FOUL_DRAWN,13,Poisson,16327.344363011558,-8145.283759525686,"[0.16126562927009616, 0.0, 0.0]","{""lam"": 0.0}",4,True,poisson_convex_mle,2,8,2,-8145.283759525686,0.0,0.022460800013504922,"{""binomial_discrete_residual_mean"": null, ""binomial_discrete_residual_variance"": null, ""binomial_h_extension_used"": null, ""binomial_n_candidates"": 0, ""binomial_n_max"": null, ""binomial_n_min"": null, ""binomial_n_policy"": null, ""binomial_n_tie_break"": null, ""certified_profiles"": 1, ""optimizer_primary_failed_starts"": 1, ""optimizer_primary_successful_starts"": 1, ""optimizer_results"": [{""fun"": 10829.388261526336, ""jac"": [7366.632855668477, 33630.47565360184, 33191.064581162194, 14643.877513396488], ""message"": ""CONVERGENCE: REL_REDUCTION_OF_F_<=_FACTR*EPSMCH"", ""method"": ""L-BFGS-B"", ""nfev"": 3, ""nit"": 1, ""status"": 0, ""success"": true, ""x"": [0.0, 0.24810096810784024, 0.0, 0.0]}, {""fun"": 8145.283759525686, ""jac"": [6034.819777951436, 27284.424082464117, 27880.791663326134, 12649.888482148266], ""message"": ""CONVERGENCE: REL_REDUCTION_OF_F_<=_FACTR*EPSMCH"", ""method"": ""L-BFGS-B"", ""nfev"": 3, ""nit"": 1, ""status"": 0, ""success"": true, ""x"": [0.0, 0.16126562927009616, 0.0, 0.0]}], ""poisson_canonical_agreement_abs"": 0.0, ""solver_path"": ""poisson_convex"", ""uncertified_profiles"": 0}"
foul_leaves_5_team,team-quarter,2015-16,9840,optimization,LOOSE_BALL_FOUL_DRAWN,4,FOUL;FTM;PERS_FOUL_DRAWN,13,NB,12906.153757011447,-6430.091351030608,"[0.06438070742839848, 0.0, 0.0]","{""p"": 0.9999905321802497, ""r"": 0.9470270840652084}",5,True,optimizer_converged_lbfgsb,15,134,2,-8145.344107866609,1715.252756836001,0.29164559999480844,"{""binomial_discrete_residual_mean"": null, ""binomial_discrete_residual_variance"": null, ""binomial_h_extension_used"": null, ""binomial_n_candidates"": 0, ""binomial_n_max"": null, ""binomial_n_min"": null, ""binomial_n_policy"": null, ""binomial_n_tie_break"": null, ""certified_profiles"": 1, ""optimizer_powell_attempted"": false, ""optimizer_powell_success"": false, ""optimizer_primary_failed_starts"": 0, ""optimizer_primary_successful_starts"": 2, ""optimizer_results"": [{""fun"": 6430.091351030608, ""jac"": [-0.0017280399342781275, 5049.504579801578, 4076.830646226881, 0.0025465851645375607, -0.0030922817301714182], ""message"": ""CONVERGENCE: REL_REDUCTION_OF_F_<=_FACTR*EPSMCH"", ""method"": ""L-BFGS-B"", ""nfev"": 72, ""nit"": 8, ""status"": 0, ""success"": true, ""x"": [0.06438070742839848, 0.0, 0.0, -0.05442758634736235, 11.567602436419422]}, {""fun"": 6430.091454414314, ""jac"": [-0.002091837815178786, 5049.4996685301885, 4076.8293729342986, 0.0030013325153478393, -0.0028194333422151166], ""message"": ""CONVERGENCE: REL_REDUCTION_OF_F_<=_FACTR*EPSMCH"", ""method"": ""L-BFGS-B"", ""nfev"": 60, ""nit"": 7, ""status"": 0, ""success"": true, ""x"": [0.06438063631753423, 0.0, 0.0, -0.03629161767650061, 11.549087796833936]}], ""solver_path"": ""general_convolution"", ""uncertified_profiles"": 0}"
foul_leaves_5_team,team-quarter,2015-16,9840,optimization,LOOSE_BALL_FOUL_DRAWN,4,FOUL;FTM;PERS_FOUL_DRAWN,13,ZIP,12906.148219008091,-6430.08858202893,"[0.06438259141944772, 0.0, 0.0]","{""lam"": 9.999999999999996e-11, ""rho"": 1.0000000000000007e-09}",5,True,optimizer_converged_lbfgsb,15,134,2,-8145.2837601291685,1715.195178100238,0.218054500001017,"{""binomial_discrete_residual_mean"": null, ""binomial_discrete_residual_variance"": null, ""binomial_h_extension_used"": null, ""binomial_n_candidates"": 0, ""binomial_n_max"": null, ""binomial_n_min"": null, ""binomial_n_policy"": null, ""binomial_n_tie_break"": null, ""certified_profiles"": 1, ""optimizer_powell_attempted"": false, ""optimizer_powell_success"": false, ""optimizer_primary_failed_starts"": 0, ""optimizer_primary_successful_starts"": 2, ""optimizer_results"": [{""fun"": 6430.08858202893, ""jac"": [9.09494702251646e-05, 5049.62881677784, 4076.865570823429, 0.0, 0.0], ""message"": ""CONVERGENCE: REL_REDUCTION_OF_F_<=_FACTR*EPSMCH"", ""method"": ""L-BFGS-B"", ""nfev"": 72, ""nit"": 8, ""status"": 0, ""success"": true, ""x"": [0.06438259141944772, 0.0, 0.0, -23.025850929940457, -20.72326583594641]}, {""fun"": 6430.088582028932, ""jac"": [-0.0001818989404503292, 5049.62854392943, 4076.8652070255484, 0.0, 0.0], ""message"": ""CONVERGENCE: REL_REDUCTION_OF_F_<=_FACTR*EPSMCH"", ""method"": ""L-BFGS-B"", ""nfev"": 60, ""nit"": 7, ""status"": 0, ""success"": true, ""x"": [0.06438259133534172, 0.0, 0.0, -23.025850929940457, -20.72326583594641]}], ""solver_path"": ""general_convolution"", ""uncertified_profiles"": 0}"
foul_leaves_5_team,team-quarter,2015-16,9840,optimization,LOOSE_BALL_FOUL_DRAWN,4,FOUL;FTM;PERS_FOUL_DRAWN,13,Geom,12896.954008573734,-6430.088582306774,"[0.06438259154073103, 0.0, 0.0]","{""p"": 0.9999999990001862}",4,True,optimizer_converged_lbfgsb,15,112,2,-8145.283765560508,1715.1951832537343,16.12959140003659,"{""binomial_discrete_residual_mean"": null, ""binomial_discrete_residual_variance"": null, ""binomial_h_extension_used"": null, ""binomial_n_candidates"": 0, ""binomial_n_max"": null, ""binomial_n_min"": null, ""binomial_n_policy"": null, ""binomial_n_tie_break"": null, ""certified_profiles"": 1, ""optimizer_powell_attempted"": false, ""optimizer_powell_success"": false, ""optimizer_primary_failed_starts"": 0, ""optimizer_primary_successful_starts"": 2, ""optimizer_results"": [{""fun"": 6430.088582306774, ""jac"": [0.0001818989404503292, 5049.62872582837, 4076.865479873959, 0.0], ""message"": ""CONVERGENCE: REL_REDUCTION_OF_F_<=_FACTR*EPSMCH"", ""method"": ""L-BFGS-B"", ""nfev"": 60, ""nit"": 8, ""status"": 0, ""success"": true, ""x"": [0.06438259154073103, 0.0, 0.0, 20.72345210049778]}, {""fun"": 6430.08858230683, ""jac"": [0.0001818989404503292, 5049.62881677784, 4076.865570823429, 0.0], ""message"": ""CONVERGENCE: REL_REDUCTION_OF_F_<=_FACTR*EPSMCH"", ""method"": ""L-BFGS-B"", ""nfev"": 50, ""nit"": 7, ""status"": 0, ""success"": true, ""x"": [0.0643825912244688, 0.0, 0.0, 20.723265865396144]}], ""solver_path"": ""general_convolution"", ""uncertified_profiles"": 0}"
foul_leaves_5_team,team-quarter,2015-16,9840,optimization,LOOSE_BALL_FOUL_DRAWN,4,FOUL;FTM;PERS_FOUL_DRAWN,13,Binomial,12896.954009191391,-6430.088582615603,"[0.0643825943597614, 0.0, 0.0]","{""n"": 2, ""p"": 1.0000000008307388e-09}",4,True,optimizer_converged_lbfgsb,15,122,2,-8145.2837715953265,1715.1951889797238,0.31642870005453005,"{""binomial_discrete_residual_mean"": -0.8479424357302512, ""binomial_discrete_residual_variance"": -1.0989759300464876, ""binomial_h_extension_used"": true, ""binomial_n_candidates"": 1, ""binomial_n_max"": 2, ""binomial_n_min"": 2, ""binomial_n_policy"": ""paper_H_binomial_discrete_index_continuous_full_mle"", ""binomial_n_tie_break"": ""not_applicable_single_mom_index"", ""certified_profiles"": 1, ""optimizer_powell_attempted"": false, ""optimizer_powell_success"": false, ""optimizer_primary_failed_starts"": 0, ""optimizer_primary_successful_starts"": 2, ""optimizer_results"": [{""fun"": 6430.088582615603, ""jac"": [0.0021827872854039507, 5049.630544817774, 4076.86611652025, 0.0], ""message"": ""CONVERGENCE: REL_REDUCTION_OF_F_<=_FACTR*EPSMCH"", ""method"": ""L-BFGS-B"", ""nfev"": 70, ""nit"": 8, ""status"": 0, ""success"": true, ""x"": [0.0643825943597614, 0.0, 0.0, -20.723265835115672]}, {""fun"": 6430.088582615608, ""jac"": [0.00027284841067549384, 5049.62881677784, 4076.865479873959, 0.0], ""message"": ""CONVERGENCE: REL_REDUCTION_OF_F_<=_FACTR*EPSMCH"", ""method"": ""L-BFGS-B"", ""nfev"": 50, ""nit"": 7, ""status"": 0, ""success"": true, ""x"": [0.06438259134218191, 0.0, 0.0, -20.72326734107926]}], ""solver_path"": ""general_convolution"", ""uncertified_profiles"": 0}"
foul_leaves_5_team,team-quarter,2015-16,9840,optimization,LOOSE_BALL_FOUL_DRAWN,4,FOUL;FTM;PERS_FOUL_DRAWN,13,Bernoulli,12896.954008573832,-6430.088582306823,"[0.06438259518184238, 0.0, 0.0]","{""p"": 1.0000000002618747e-09}",4,True,optimizer_converged_lbfgsb,15,182,2,-8145.283765560507,1715.1951832536843,0.4488481000298634,"{""binomial_discrete_residual_mean"": null, ""binomial_discrete_residual_variance"": null, ""binomial_h_extension_used"": null, ""binomial_n_candidates"": 0, ""binomial_n_max"": null, ""binomial_n_min"": null, ""binomial_n_policy"": null, ""binomial_n_tie_break"": null, ""certified_profiles"": 1, ""optimizer_powell_attempted"": false, ""optimizer_powell_success"": false, ""optimizer_primary_failed_starts"": 0, ""optimizer_primary_successful_starts"": 2, ""optimizer_results"": [{""fun"": 6430.088582306823, ""jac"": [0.0029103830472052674, 5049.631090514595, 4076.8663893686607, 0.0], ""message"": ""CONVERGENCE: REL_REDUCTION_OF_F_<=_FACTR*EPSMCH"", ""method"": ""L-BFGS-B"", ""nfev"": 130, ""nit"": 8, ""status"": 0, ""success"": true, ""x"": [0.06438259518184238, 0.0, 0.0, -20.723265835684536]}, {""fun"": 6430.088582306831, ""jac"": [0.0001818989404503292, 5049.62881677784, 4076.865479873959, 0.0], ""message"": ""CONVERGENCE: REL_REDUCTION_OF_F_<=_FACTR*EPSMCH"", ""method"": ""L-BFGS-B"", ""nfev"": 50, ""nit"": 7, ""status"": 0, ""success"": true, ""x"": [0.06438259152215231, 0.0, 0.0, -20.72326583594641]}], ""solver_path"": ""general_convolution"", ""uncertified_profiles"": 0}"
foul_leaves_5_team,team-quarter,2015-16,9840,optimization,LOOSE_BALL_FOUL_DRAWN,4,FTA;FTM;PERS_FOUL_DRAWN,14,Poisson,13457.218163219,-6710.220659629407,"[0.016012274611625063, 0.0024067407578094264, 0.0]","{""lam"": 0.19405896822268612}",4,True,poisson_convex_mle,26,36,2,-6712.710064776456,2.489405147049183,0.08593459997791797,"{""binomial_discrete_residual_mean"": null, ""binomial_discrete_residual_variance"": null, ""binomial_h_extension_used"": null, ""binomial_n_candidates"": 0, ""binomial_n_max"": null, ""binomial_n_min"": null, ""binomial_n_policy"": null, ""binomial_n_tie_break"": null, ""certified_profiles"": 1, ""optimizer_primary_failed_starts"": 0, ""optimizer_primary_successful_starts"": 2, ""optimizer_results"": [{""fun"": 6710.220659629661, ""jac"": [-0.003626968529971464, -0.018160053464271186, -0.011159136097347755, 1164.1803045321192], ""message"": ""CONVERGENCE: REL_REDUCTION_OF_F_<=_FACTR*EPSMCH"", ""method"": ""L-BFGS-B"", ""nfev"": 15, ""nit"": 12, ""status"": 0, ""success"": true, ""x"": [0.19405881950734774, 0.016012222507493803, 0.0024068225081948546, 0.0]}, {""fun"": 6710.220659629407, ""jac"": [-9.23262019156823e-05, -0.00533275069614092, -0.004374764057892833, 1164.1856285082713], ""message"": ""CONVERGENCE: REL_REDUCTION_OF_F_<=_FACTR*EPSMCH"", ""method"": ""L-BFGS-B"", ""nfev"": 19, ""nit"": 14, ""status"": 0, ""success"": true, ""x"": [0.19405896822268612, 0.016012274611625063, 0.0024067407578094264, 0.0]}], ""poisson_canonical_agreement_abs"": 0.0, ""solver_path"": ""poisson_convex"", ""uncertified_profiles"": 0}"
foul_leaves_5_team,team-quarter,2015-16,9840,optimization,LOOSE_BALL_FOUL_DRAWN,4,FTA;FTM;PERS_FOUL_DRAWN,14,NB,13466.207795244747,-6710.118370147258,"[0.016023101516710037, 0.002376521488220386, 0.0]","{""p"": 0.9908874992626021, ""r"": 21.109417232316684}",5,True,optimizer_converged_lbfgsb,64,440,2,-6713.214172321233,3.0958021739743344,0.9026769999763928,"{""binomial_discrete_residual_mean"": null, ""binomial_discrete_residual_variance"": null, ""binomial_h_extension_used"": null, ""binomial_n_candidates"": 0, ""binomial_n_max"": null, ""binomial_n_min"": null, ""binomial_n_policy"": null, ""binomial_n_tie_break"": null, ""certified_profiles"": 1, ""optimizer_powell_attempted"": false, ""optimizer_powell_success"": false, ""optimizer_primary_failed_starts"": 0, ""optimizer_primary_successful_starts"": 2, ""optimizer_results"": [{""fun"": 6710.118370163928, ""jac"": [-0.09404175214756563, -0.08176357368987183, 1154.6709174581338, -0.0022737367682508897, 0.002455635709710961], ""message"": ""CONVERGENCE: REL_REDUCTION_OF_F_<=_FACTR*EPSMCH"", ""method"": ""L-BFGS-B"", ""nfev"": 192, ""nit"": 28, ""status"": 0, ""success"": true, ""x"": [0.016023226967187523, 0.00237626832561485, 0.0, 3.051358852008354, 4.690593549810944]}, {""fun"": 6710.118370147258, ""jac"": [-0.0060026650306956785, -0.004729372449247314, 1154.6755558811128, -0.00027284841219010677, 0.0], ""message"": ""CONVERGENCE: REL_REDUCTION_OF_F_<=_FACTR*EPSMCH"", ""method"": ""L-BFGS-B"", ""nfev"": 246, ""nit"": 36, ""status"": 0, ""success"": true, ""x"": [0.016023101516710037, 0.002376521488220386, 0.0, 3.049719255241211, 4.68895382719013]}], ""solver_path"": ""general_convolution"", ""uncertified_profiles"": 0}"
foul_leaves_5_team,team-quarter,2015-16,9840,optimization,LOOSE_BALL_FOUL_DRAWN,4,FTA;FTM;PERS_FOUL_DRAWN,14,ZIP,13466.351449611875,-6710.190197330822,"[0.016009342320638, 0.002406075027679064, 0.0]","{""lam"": 0.19894581439444353, ""rho"": 0.024465798867430038}",5,True,optimizer_converged_lbfgsb,86,596,2,-6713.70696970561,3.516772374788161,0.9282247999799438,"{""binomial_discrete_residual_mean"": null, ""binomial_discrete_residual_variance"": null, ""binomial_h_extension_used"": null, ""binomial_n_candidates"": 0, ""binomial_n_max"": null, ""binomial_n_min"": null, ""binomial_n_policy"": null, ""binomial_n_tie_break"": null, ""certified_profiles"": 1, ""optimizer_powell_attempted"": false, ""optimizer_powell_success"": false, ""optimizer_primary_failed_starts"": 0, ""optimizer_primary_successful_starts"": 2, ""optimizer_results"": [{""fun"": 6710.190197330822, ""jac"": [-0.10104486135004392, -0.08822098607249797, 1159.3131603149232, -0.0019099388853307474, 9.09494707300356e-05], ""message"": ""CONVERGENCE: REL_REDUCTION_OF_F_<=_FACTR*EPSMCH"", ""method"": ""L-BFGS-B"", ""nfev"": 264, ""nit"": 38, ""status"": 0, ""success"": true, ""x"": [0.016009342320638, 0.002406075027679064, 0.0, -1.6147227808103126, -3.6857090418640372]}, {""fun"": 6710.190197378984, ""jac"": [0.08076312950390549, 0.05802576197345743, 1159.3450835789554, 0.0020918378267908186, 9.09494707300356e-05], ""message"": ""CONVERGENCE: REL_REDUCTION_OF_F_<=_FACTR*EPSMCH"", ""method"": ""L-BFGS-B"", ""nfev"": 330, ""nit"": 48, ""status"": 0, ""success"": true, ""x"": [0.016009319735378495, 0.002406330454596247, 0.0, -1.614670832089344, -3.683536172834328]}], ""solver_path"": ""general_convolution"", ""uncertified_profiles"": 0}"
foul_leaves_5_team,team-quarter,2015-16,9840,optimization,LOOSE_BALL_FOUL_DRAWN,4,FTA;FTM;PERS_FOUL_DRAWN,14,Geom,13501.755490695765,-6732.489323367789,"[0.019461310086455637, 0.0022235267011041456, 0.0]","{""p"": 0.8511202694962654}",4,True,optimizer_converged_lbfgsb,30,177,2,-6733.128031978723,0.6387086109334632,0.6522588999941945,"{""binomial_discrete_residual_mean"": null, ""binomial_discrete_residual_variance"": null, ""binomial_h_extension_used"": null, ""binomial_n_candidates"": 0, ""binomial_n_max"": null, ""binomial_n_min"": null, ""binomial_n_policy"": null, ""binomial_n_tie_break"": null, ""certified_profiles"": 1, ""optimizer_powell_attempted"": false, ""optimizer_powell_success"": false, ""optimizer_primary_failed_starts"": 0, ""optimizer_primary_successful_starts"": 2, ""optimizer_results"": [{""fun"": 6732.4893233679195, ""jac"": [0.005275069269399232, 0.006912159733515304, 613.9754077594262, 0.0], ""message"": ""CONVERGENCE: REL_REDUCTION_OF_F_<=_FACTR*EPSMCH"", ""method"": ""L-BFGS-B"", ""nfev"": 60, ""nit"": 10, ""status"": 0, ""success"": true, ""x"": [0.019461261452961825, 0.0022236049367888337, 0.0, 1.7434149227603934]}, {""fun"": 6732.489323367789, ""jac"": [-9.094947016205573e-05, 0.0, 613.9746801636647, 9.09494707300356e-05], ""message"": ""CONVERGENCE: REL_REDUCTION_OF_F_<=_FACTR*EPSMCH"", ""method"": ""L-BFGS-B"", ""nfev"": 115, ""nit"": 20, ""status"": 0, ""success"": true, ""x"": [0.019461310086455637, 0.0022235267011041456, 0.0, 1.7434146436705305]}], ""solver_path"": ""general_convolution"", ""uncertified_profiles"": 0}"
foul_leaves_5_team,team-quarter,2015-16,9840,optimization,LOOSE_BALL_FOUL_DRAWN,4,FTA;FTM;PERS_FOUL_DRAWN,14,Binomial,13457.315493423548,-6710.269324731681,"[0.016013876380982055, 0.002413568263202343, 0.0]","{""n"": 100, ""p"": 0.0019401981785902452}",4,True,optimizer_converged_lbfgsb,27,172,2,-6712.7767411095765,2.5074163778954244,0.44029129995033145,"{""binomial_discrete_residual_mean"": 0.1664512988628899, ""binomial_discrete_residual_variance"": 0.16959612088158377, ""binomial_h_extension_used"": true, ""binomial_n_candidates"": 1, ""binomial_n_max"": 100, ""binomial_n_min"": 100, ""binomial_n_policy"": ""paper_H_binomial_discrete_index_continuous_full_mle"", ""binomial_n_tie_break"": ""not_applicable_single_mom_index"", ""certified_profiles"": 1, ""optimizer_powell_attempted"": false, ""optimizer_powell_success"": false, ""optimizer_primary_failed_starts"": 0, ""optimizer_primary_successful_starts"": 2, ""optimizer_results"": [{""fun"": 6710.269324731681, ""jac"": [-0.0020918378137272818, -0.0013642420526674944, 1165.704452432692, 0.0], ""message"": ""CONVERGENCE: REL_REDUCTION_OF_F_<=_FACTR*EPSMCH"", ""method"": ""L-BFGS-B"", ""nfev"": 65, ""nit"": 10, ""status"": 0, ""success"": true, ""x"": [0.016013876380982055, 0.002413568263202343, 0.0, -6.243023074410593]}, {""fun"": 6710.269324756481, ""jac"": [-0.12396412783088197, -0.08085407898809349, 1165.69308374892, 0.0007275957658402848], ""message"": ""CONVERGENCE: REL_REDUCTION_OF_F_<=_FACTR*EPSMCH"", ""method"": ""L-BFGS-B"", ""nfev"": 105, ""nit"": 17, ""status"": 0, ""success"": true, ""x"": [0.016013332579336736, 0.002413901847215057, 0.0, -6.2430150933919615]}], ""solver_path"": ""general_convolution"", ""uncertified_profiles"": 0}"
foul_leaves_5_team,team-quarter,2015-16,9840,optimization,LOOSE_BALL_FOUL_DRAWN,4,FTA;FTM;PERS_FOUL_DRAWN,14,Bernoulli,inf,-inf,[],{},4,False,infeasible_conditional_support,0,0,0,-inf,0.0,0.00012390001211315393,"{""binomial_discrete_residual_mean"": null, ""binomial_discrete_residual_variance"": null, ""binomial_h_extension_used"": null, ""binomial_n_candidates"": 0, ""binomial_n_max"": null, ""binomial_n_min"": null, ""binomial_n_policy"": null, ""binomial_n_tie_break"": null, ""certified_profiles"": 0, ""solver_path"": ""conditional_support_check"", ""support_violating_rows"": 1, ""uncertified_profiles"": 0}"
foul_leaves_5_team,team-quarter,2015-16,9840,optimization,LOOSE_BALL_FOUL_DRAWN,4,FOUL;FTA;FTM;PERS_FOUL_DRAWN,15,Poisson,21022.928060936123,-10488.478502992946,"[0.23562507118471368, 0.0, 0.0022871064580496795, 0.0]","{""lam"": 0.0}",5,True,poisson_convex_mle,2,8,2,-10488.478502992946,0.0,0.0136709000216797,"{""binomial_discrete_residual_mean"": null, ""binomial_discrete_residual_variance"": null, ""binomial_h_extension_used"": null, ""binomial_n_candidates"": 0, ""binomial_n_max"": null, ""binomial_n_min"": null, ""binomial_n_policy"": null, ""binomial_n_tie_break"": null, ""certified_profiles"": 1, ""optimizer_primary_failed_starts"": 1, ""optimizer_primary_successful_starts"": 1, ""optimizer_results"": [{""fun"": 15044.046578711193, ""jac"": [8159.302217621339, 37414.66461961884, 48075.99923691, 36369.978590518556, 15831.094124134965], ""message"": ""CONVERGENCE: REL_REDUCTION_OF_F_<=_FACTR*EPSMCH"", ""method"": ""L-BFGS-B"", ""nfev"": 3, ""nit"": 1, ""status"": 0, ""success"": true, ""x"": [0.0, 0.3625001095149441, 0.0, 0.00351862532007643, 0.0]}, {""fun"": 10488.478502992946, ""jac"": [7254.311104032871, 33106.253260951984, 43333.22959524636, 32771.42860079826, 14476.375575592268], ""message"": ""CONVERGENCE: REL_REDUCTION_OF_F_<=_FACTR*EPSMCH"", ""method"": ""L-BFGS-B"", ""nfev"": 3, ""nit"": 1, ""status"": 0, ""success"": true, ""x"": [0.0, 0.23562507118471368, 0.0, 0.0022871064580496795, 0.0]}], ""poisson_canonical_agreement_abs"": 0.0, ""solver_path"": ""poisson_convex"", ""uncertified_profiles"": 0}"
foul_leaves_5_team,team-quarter,2015-16,9840,optimization,LOOSE_BALL_FOUL_DRAWN,4,FOUL;FTA;FTM;PERS_FOUL_DRAWN,15,NB,12915.347830784185,-6430.091282421954,"[0.06438075453349527, 0.0, 0.0, 0.0]","{""p"": 0.999990649632012, ""r"": 0.9351667194846497}",6,True,optimizer_converged_lbfgsb,15,170,2,-10488.55104598846,4058.459763566507,0.33147639996604994,"{""binomial_discrete_residual_mean"": null, ""binomial_discrete_residual_variance"": null, ""binomial_h_extension_used"": null, ""binomial_n_candidates"": 0, ""binomial_n_max"": null, ""binomial_n_min"": null, ""binomial_n_policy"": null, ""binomial_n_tie_break"": null, ""certified_profiles"": 1, ""optimizer_powell_attempted"": false, ""optimizer_powell_success"": false, ""optimizer_primary_failed_starts"": 0, ""optimizer_primary_successful_starts"": 2, ""optimizer_results"": [{""fun"": 6430.091282421954, ""jac"": [-0.0010913936427019754, 6821.08629916911, 5049.508217780385, 4076.8318285699934, 0.0029103830472052674, -0.0025465849542588154], ""message"": ""CONVERGENCE: REL_REDUCTION_OF_F_<=_FACTR*EPSMCH"", ""method"": ""L-BFGS-B"", ""nfev"": 91, ""nit"": 8, ""status"": 0, ""success"": true, ""x"": [0.06438075453349527, 0.0, 0.0, 0.0, -0.0670304559794679, 11.58008550802584]}, {""fun"": 6430.091361040927, ""jac"": [-0.0018189894045032922, 6821.08102409984, 5049.504125054227, 4076.830555277411, 0.002728484104861672, -0.0028194333422151166], ""message"": ""CONVERGENCE: REL_REDUCTION_OF_F_<=_FACTR*EPSMCH"", ""method"": ""L-BFGS-B"", ""nfev"": 77, ""nit"": 7, ""status"": 0, ""success"": true, ""x"": [0.06438070048424674, 0.0, 0.0, 0.0, -0.05275823476905026, 11.565663695477934]}], ""solver_path"": ""general_convolution"", ""uncertified_profiles"": 0}"
foul_leaves_5_team,team-quarter,2015-16,9840,optimization,LOOSE_BALL_FOUL_DRAWN,4,FOUL;FTA;FTM;PERS_FOUL_DRAWN,15,ZIP,12915.342429998136,-6430.0885820289295,"[0.06438259153364013, 0.0, 0.0, 0.0]","{""lam"": 9.999999999999996e-11, ""rho"": 1.0000000000000007e-09}",6,True,optimizer_converged_lbfgsb,16,177,2,-10488.478503718377,4058.389921689448,0.2565904000075534,"{""binomial_discrete_residual_mean"": null, ""binomial_discrete_residual_variance"": null, ""binomial_h_extension_used"": null, ""binomial_n_candidates"": 0, ""binomial_n_max"": null, ""binomial_n_min"": null, ""binomial_n_policy"": null, ""binomial_n_tie_break"": null, ""certified_profiles"": 1, ""optimizer_powell_attempted"": false, ""optimizer_powell_success"": false, ""optimizer_primary_failed_starts"": 0, ""optimizer_primary_successful_starts"": 2, ""optimizer_results"": [{""fun"": 6430.088582028931, ""jac"": [-0.0001818989404503292, 6821.246370236622, 5049.62854392943, 4076.865388924489, 0.0, 0.0], ""message"": ""CONVERGENCE: REL_REDUCTION_OF_F_<=_FACTR*EPSMCH"", ""method"": ""L-BFGS-B"", ""nfev"": 91, ""nit"": 8, ""status"": 0, ""success"": true, ""x"": [0.06438259130070366, 0.0, 0.0, 0.0, -23.025850929940457, -20.72326583594641]}, {""fun"": 6430.0885820289295, ""jac"": [0.0001818989404503292, 6821.246643085033, 5049.62881677784, 4076.865570823429, 0.0, 0.0], ""message"": ""CONVERGENCE: REL_REDUCTION_OF_F_<=_FACTR*EPSMCH"", ""method"": ""L-BFGS-B"", ""nfev"": 84, ""nit"": 8, ""status"": 0, ""success"": true, ""x"": [0.06438259153364013, 0.0, 0.0, 0.0, -23.025850929940457, -20.72326583594641]}], ""solver_path"": ""general_convolution"", ""uncertified_profiles"": 0}"
foul_leaves_5_team,team-quarter,2015-16,9840,optimization,LOOSE_BALL_FOUL_DRAWN,4,FOUL;FTA;FTM;PERS_FOUL_DRAWN,15,Geom,12906.148219563853,-6430.088582306811,"[0.06438259113992119, 0.0, 0.0, 0.0]","{""p"": 0.9999999990000674}",5,True,optimizer_converged_lbfgsb,16,152,2,-10488.47851024726,4058.3899279404486,18.9000671999529,"{""binomial_discrete_residual_mean"": null, ""binomial_discrete_residual_variance"": null, ""binomial_h_extension_used"": null, ""binomial_n_candidates"": 0, ""binomial_n_max"": null, ""binomial_n_min"": null, ""binomial_n_policy"": null, ""binomial_n_tie_break"": null, ""certified_profiles"": 1, ""optimizer_powell_attempted"": false, ""optimizer_powell_success"": false, ""optimizer_primary_failed_starts"": 0, ""optimizer_primary_successful_starts"": 2, ""optimizer_results"": [{""fun"": 6430.088582306821, ""jac"": [-0.0001818989404503292, 6821.246279287152, 5049.62854392943, 4076.865388924489, 0.0], ""message"": ""CONVERGENCE: REL_REDUCTION_OF_F_<=_FACTR*EPSMCH"", ""method"": ""L-BFGS-B"", ""nfev"": 78, ""nit"": 8, ""status"": 0, ""success"": true, ""x"": [0.06438259094827493, 0.0, 0.0, 0.0, 20.723302036995392]}, {""fun"": 6430.088582306811, ""jac"": [-9.09494702251646e-05, 6821.246279287152, 5049.62854392943, 4076.865479873959, 0.0], ""message"": ""CONVERGENCE: REL_REDUCTION_OF_F_<=_FACTR*EPSMCH"", ""method"": ""L-BFGS-B"", ""nfev"": 72, ""nit"": 8, ""status"": 0, ""success"": true, ""x"": [0.06438259113992119, 0.0, 0.0, 0.0, 20.723333190439337]}], ""solver_path"": ""general_convolution"", ""uncertified_profiles"": 0}"
foul_leaves_5_team,team-quarter,2015-16,9840,optimization,LOOSE_BALL_FOUL_DRAWN,4,FOUL;FTA;FTM;PERS_FOUL_DRAWN,15,Binomial,12906.14822018145,-6430.08858261561,"[0.06438259134385446, 0.0, 0.0, 0.0]","{""n"": 2, ""p"": 1.0000000000471097e-09}",5,True,optimizer_converged_lbfgsb,17,158,2,-10488.47851750157,4058.3899348859595,0.408066600037273,"{""binomial_discrete_residual_mean"": -1.391340685938613, ""binomial_discrete_residual_variance"": -1.9515326429591497, ""binomial_h_extension_used"": true, ""binomial_n_candidates"": 1, ""binomial_n_max"": 2, ""binomial_n_min"": 2, ""binomial_n_policy"": ""paper_H_binomial_discrete_index_continuous_full_mle"", ""binomial_n_tie_break"": ""not_applicable_single_mom_index"", ""certified_profiles"": 1, ""optimizer_powell_attempted"": false, ""optimizer_powell_success"": false, ""optimizer_primary_failed_starts"": 0, ""optimizer_primary_successful_starts"": 2, ""optimizer_results"": [{""fun"": 6430.08858261561, ""jac"": [0.0, 6821.246461186092, 5049.62881677784, 4076.865388924489, 0.0], ""message"": ""CONVERGENCE: NORM_OF_PROJECTED_GRADIENT_<=_PGTOL"", ""method"": ""L-BFGS-B"", ""nfev"": 84, ""nit"": 9, ""status"": 0, ""success"": true, ""x"": [0.06438259134385446, 0.0, 0.0, 0.0, -20.7232658358993]}, {""fun"": 6430.08858261561, ""jac"": [9.09494702251646e-05, 6821.246461186092, 5049.62872582837, 4076.865388924489, -9.094946265210054e-05], ""message"": ""CONVERGENCE: REL_REDUCTION_OF_F_<=_FACTR*EPSMCH"", ""method"": ""L-BFGS-B"", ""nfev"": 72, ""nit"": 8, ""status"": 0, ""success"": true, ""x"": [0.06438259116014487, 0.0, 0.0, 0.0, -20.723265835421856]}], ""solver_path"": ""general_convolution"", ""uncertified_profiles"": 0}"
foul_leaves_5_team,team-quarter,2015-16,9840,optimization,LOOSE_BALL_FOUL_DRAWN,4,FOUL;FTA;FTM;PERS_FOUL_DRAWN,15,Bernoulli,12906.148219563891,-6430.08858230683,"[0.06438259164437712, 0.0, 0.0, 0.0]","{""p"": 1.0000000000776913e-09}",5,True,optimizer_converged_lbfgsb,17,158,2,-10488.478510247258,4058.3899279404277,0.40438379999250174,"{""binomial_discrete_residual_mean"": null, ""binomial_discrete_residual_variance"": null, ""binomial_h_extension_used"": null, ""binomial_n_candidates"": 0, ""binomial_n_max"": null, ""binomial_n_min"": null, ""binomial_n_policy"": null, ""binomial_n_tie_break"": null, ""certified_profiles"": 1, ""optimizer_powell_attempted"": false, ""optimizer_powell_success"": false, ""optimizer_primary_failed_starts"": 0, ""optimizer_primary_successful_starts"": 2, ""optimizer_results"": [{""fun"": 6430.08858230683, ""jac"": [0.00045474735112582305, 6821.246734034503, 5049.628998676781, 4076.8656617728993, 0.0], ""message"": ""CONVERGENCE: REL_REDUCTION_OF_F_<=_FACTR*EPSMCH"", ""method"": ""L-BFGS-B"", ""nfev"": 84, ""nit"": 9, ""status"": 0, ""success"": true, ""x"": [0.06438259164437712, 0.0, 0.0, 0.0, -20.72326583586872]}, {""fun"": 6430.088582306833, ""jac"": [0.0, 6821.246279287152, 5049.62854392943, 4076.865388924489, 0.0], ""message"": ""CONVERGENCE: NORM_OF_PROJECTED_GRADIENT_<=_PGTOL"", ""method"": ""L-BFGS-B"", ""nfev"": 72, ""nit"": 8, ""status"": 0, ""success"": true, ""x"": [0.06438259127161575, 0.0, 0.0, 0.0, -20.72326583594641]}], ""solver_path"": ""general_convolution"", ""uncertified_profiles"": 0}"
