dataset,unit,season,n,estimator,child,child_index,parent_set,parent_mask,family,bic,loglik,alpha,params,parameter_count,success,status,nit,nfev,starts,moment_loglik,loglik_improvement,runtime_sec,diagnostics
foul_leaves_5_team,team-quarter,2016-17,9840,optimization,FOUL,0,,0,Poisson,41401.056005651444,-20695.930897330698,[],"{""lam"": 4.5354674796747965}",1,True,analytic_mle,0,1,0,-20695.930897330698,0.0,0.00211130001116544,"{""binomial_discrete_residual_mean"": null, ""binomial_discrete_residual_variance"": null, ""binomial_h_extension_used"": null, ""binomial_n_candidates"": 0, ""binomial_n_max"": null, ""binomial_n_min"": null, ""binomial_n_policy"": null, ""binomial_n_tie_break"": null, ""certified_profiles"": 1, ""solver_path"": ""analytic_root"", ""uncertified_profiles"": 0}"
foul_leaves_5_team,team-quarter,2016-17,9840,optimization,FOUL,0,,0,NB,41410.26026544658,-20695.935921733246,[],"{""p"": 0.9999899999996881, ""r"": 453542.2407985102}",2,True,optimizer_converged_lbfgsb,2,20,2,-20695.935921733333,8.731149137020111e-11,0.09595300001092255,"{""binomial_discrete_residual_mean"": null, ""binomial_discrete_residual_variance"": null, ""binomial_h_extension_used"": null, ""binomial_n_candidates"": 0, ""binomial_n_max"": null, ""binomial_n_min"": null, ""binomial_n_policy"": null, ""binomial_n_tie_break"": null, ""certified_profiles"": 1, ""optimizer_powell_attempted"": false, ""optimizer_powell_success"": false, ""optimizer_primary_failed_starts"": 0, ""optimizer_primary_successful_starts"": 2, ""optimizer_results"": [{""fun"": 20695.935921733246, ""jac"": [0.0, -0.002182787103650413], ""message"": ""CONVERGENCE: REL_REDUCTION_OF_F_<=_FACTR*EPSMCH"", ""method"": ""L-BFGS-B"", ""nfev"": 9, ""nit"": 1, ""status"": 0, ""success"": true, ""x"": [13.024843688187591, 11.51291543372984]}, {""fun"": 20695.935921733246, ""jac"": [0.0, -0.002182787103650413], ""message"": ""CONVERGENCE: REL_REDUCTION_OF_F_<=_FACTR*EPSMCH"", ""method"": ""L-BFGS-B"", ""nfev"": 9, ""nit"": 1, ""status"": 0, ""success"": true, ""x"": [13.024843688187591, 11.51291543372984]}], ""solver_path"": ""general_convolution"", ""uncertified_profiles"": 0}"
foul_leaves_5_team,team-quarter,2016-17,9840,optimization,FOUL,0,,0,ZIP,41410.25022438329,-20695.930901201602,[],"{""lam"": 4.5354674796747965, ""rho"": 1.0000000000000007e-09}",2,True,optimizer_converged_lbfgsb,0,8,2,-20695.930901201602,0.0,0.009505000023636967,"{""binomial_discrete_residual_mean"": null, ""binomial_discrete_residual_variance"": null, ""binomial_h_extension_used"": null, ""binomial_n_candidates"": 0, ""binomial_n_max"": null, ""binomial_n_min"": null, ""binomial_n_policy"": null, ""binomial_n_tie_break"": null, ""certified_profiles"": 1, ""optimizer_powell_attempted"": false, ""optimizer_powell_success"": false, ""optimizer_primary_failed_starts"": 0, ""optimizer_primary_successful_starts"": 2, ""optimizer_results"": [{""fun"": 20695.930901201602, ""jac"": [0.0, 0.0], ""message"": ""CONVERGENCE: NORM_OF_PROJECTED_GRADIENT_<=_PGTOL"", ""method"": ""L-BFGS-B"", ""nfev"": 3, ""nit"": 0, ""status"": 0, ""success"": true, ""x"": [1.5119281608729296, -20.72326583594641]}, {""fun"": 20695.930901201602, ""jac"": [0.0, 0.0], ""message"": ""CONVERGENCE: NORM_OF_PROJECTED_GRADIENT_<=_PGTOL"", ""method"": ""L-BFGS-B"", ""nfev"": 3, ""nit"": 0, ""status"": 0, ""success"": true, ""x"": [1.5119281608729296, -20.72326583594641]}], ""solver_path"": ""general_convolution"", ""uncertified_profiles"": 0}"
foul_leaves_5_team,team-quarter,2016-17,9840,optimization,FOUL,0,,0,Geom,51469.603850697276,-25730.204819853614,[],"{""p"": 0.1806532155905194}",1,True,analytic_mle,0,1,0,-25730.204819853614,0.0,0.0009304999839514494,"{""binomial_discrete_residual_mean"": null, ""binomial_discrete_residual_variance"": null, ""binomial_h_extension_used"": null, ""binomial_n_candidates"": 0, ""binomial_n_max"": null, ""binomial_n_min"": null, ""binomial_n_policy"": null, ""binomial_n_tie_break"": null, ""certified_profiles"": 1, ""solver_path"": ""analytic_root"", ""uncertified_profiles"": 0}"
foul_leaves_5_team,team-quarter,2016-17,9840,optimization,FOUL,0,,0,Binomial,41347.38458066463,-20669.09518483729,[],"{""n"": 44, ""p"": 0.10307880635624538}",1,True,analytic_mle,0,1,0,-20669.09518483729,0.0,0.0048177000135183334,"{""binomial_discrete_residual_mean"": 4.5354674796747965, ""binomial_discrete_residual_variance"": 4.07231929365788, ""binomial_h_extension_used"": false, ""binomial_n_candidates"": 1, ""binomial_n_max"": 44, ""binomial_n_min"": 44, ""binomial_n_policy"": ""paper_H_binomial_discrete_index_continuous_full_mle"", ""binomial_n_tie_break"": ""not_applicable_single_mom_index"", ""certified_profiles"": 1, ""solver_path"": ""analytic_root"", ""uncertified_profiles"": 0}"
foul_leaves_5_team,team-quarter,2016-17,9840,optimization,FOUL,0,,0,Bernoulli,inf,-inf,[],{},1,False,infeasible_root_support,0,0,0,-inf,0.0,0.0002038999809883535,"{""binomial_discrete_residual_mean"": null, ""binomial_discrete_residual_variance"": null, ""binomial_h_extension_used"": null, ""binomial_n_candidates"": 0, ""binomial_n_max"": null, ""binomial_n_min"": null, ""binomial_n_policy"": null, ""binomial_n_tie_break"": null, ""certified_profiles"": 0, ""solver_path"": ""analytic_root"", ""uncertified_profiles"": 0}"
foul_leaves_5_team,team-quarter,2016-17,9840,optimization,FOUL,0,FTA,2,Poisson,35274.49382739183,-17628.05270270587,[0.4648040333317164],"{""lam"": 1.877440253105686}",2,True,poisson_convex_mle,15,21,2,-17628.324989230714,0.27228652484336635,0.04425099998479709,"{""binomial_discrete_residual_mean"": null, ""binomial_discrete_residual_variance"": null, ""binomial_h_extension_used"": null, ""binomial_n_candidates"": 0, ""binomial_n_max"": null, ""binomial_n_min"": null, ""binomial_n_policy"": null, ""binomial_n_tie_break"": null, ""certified_profiles"": 1, ""optimizer_primary_failed_starts"": 0, ""optimizer_primary_successful_starts"": 2, ""optimizer_results"": [{""fun"": 17628.05270270587, ""jac"": [-4.0309747315836475e-05, -0.00015953366641840994], ""message"": ""CONVERGENCE: REL_REDUCTION_OF_F_<=_FACTR*EPSMCH"", ""method"": ""L-BFGS-B"", ""nfev"": 6, ""nit"": 4, ""status"": 0, ""success"": true, ""x"": [1.877440253105686, 0.4648040333317164]}, {""fun"": 17628.052702705983, ""jac"": [-0.00015974121193562674, 0.0017517055841020923], ""message"": ""CONVERGENCE: REL_REDUCTION_OF_F_<=_FACTR*EPSMCH"", ""method"": ""L-BFGS-B"", ""nfev"": 13, ""nit"": 11, ""status"": 0, ""success"": true, ""x"": [1.8774398193042217, 0.46480412099201923]}], ""poisson_canonical_agreement_abs"": 0.0, ""solver_path"": ""poisson_convex"", ""uncertified_profiles"": 0}"
foul_leaves_5_team,team-quarter,2016-17,9840,optimization,FOUL,0,FTA,2,NB,35283.71308462662,-17628.065225828243,[0.4648055941264932],"{""p"": 0.9999917996544689, ""r"": 228943.61036241864}",3,True,optimizer_converged_lbfgsb,12,70,2,-17628.340121894867,0.27489606662493316,0.239337999955751,"{""binomial_discrete_residual_mean"": null, ""binomial_discrete_residual_variance"": null, ""binomial_h_extension_used"": null, ""binomial_n_candidates"": 0, ""binomial_n_max"": null, ""binomial_n_min"": null, ""binomial_n_policy"": null, ""binomial_n_tie_break"": null, ""certified_profiles"": 1, ""optimizer_powell_attempted"": false, ""optimizer_powell_success"": false, ""optimizer_primary_failed_starts"": 0, ""optimizer_primary_successful_starts"": 2, ""optimizer_results"": [{""fun"": 17628.068070570844, ""jac"": [-0.005456968213509877, -0.009094946265210055, -0.006912159161559641], ""message"": ""CONVERGENCE: REL_REDUCTION_OF_F_<=_FACTR*EPSMCH"", ""method"": ""L-BFGS-B"", ""nfev"": 28, ""nit"": 4, ""status"": 0, ""success"": true, ""x"": [0.4648055689443663, 12.136528188687537, 11.506623218577875]}, {""fun"": 17628.065225828243, ""jac"": [0.0021827872854039507, -0.012732924771294075, -0.006912159161559641], ""message"": ""CONVERGENCE: REL_REDUCTION_OF_F_<=_FACTR*EPSMCH"", ""method"": ""L-BFGS-B"", ""nfev"": 40, ""nit"": 8, ""status"": 0, ""success"": true, ""x"": [0.4648055941264932, 12.34123100925473, 11.711326066278737]}], ""solver_path"": ""general_convolution"", ""uncertified_profiles"": 0}"
foul_leaves_5_team,team-quarter,2016-17,9840,optimization,FOUL,0,FTA,2,ZIP,35283.68804481706,-17628.052705923463,[0.4648040498325489],"{""lam"": 1.8774402325925899, ""rho"": 1.0000000000000007e-09}",3,True,optimizer_converged_lbfgsb,13,70,2,-17628.32499239456,0.27228647109586746,0.09247919998597354,"{""binomial_discrete_residual_mean"": null, ""binomial_discrete_residual_variance"": null, ""binomial_h_extension_used"": null, ""binomial_n_candidates"": 0, ""binomial_n_max"": null, ""binomial_n_min"": null, ""binomial_n_policy"": null, ""binomial_n_tie_break"": null, ""certified_profiles"": 1, ""optimizer_powell_attempted"": false, ""optimizer_powell_success"": false, ""optimizer_primary_failed_starts"": 0, ""optimizer_primary_successful_starts"": 2, ""optimizer_results"": [{""fun"": 17628.052705923525, ""jac"": [-0.0021827872854039507, -0.0010913936366435237, 0.0], ""message"": ""CONVERGENCE: REL_REDUCTION_OF_F_<=_FACTR*EPSMCH"", ""method"": ""L-BFGS-B"", ""nfev"": 24, ""nit"": 4, ""status"": 0, ""success"": true, ""x"": [0.46480402758391637, 0.6299091801404544, -20.72326581439992]}, {""fun"": 17628.052705923463, ""jac"": [0.0010913936427019754, 0.0, 0.0], ""message"": ""CONVERGENCE: REL_REDUCTION_OF_F_<=_FACTR*EPSMCH"", ""method"": ""L-BFGS-B"", ""nfev"": 44, ""nit"": 9, ""status"": 0, ""success"": true, ""x"": [0.4648040498325489, 0.6299092706435118, -20.72326583594641]}], ""solver_path"": ""general_convolution"", ""uncertified_profiles"": 0}"
foul_leaves_5_team,team-quarter,2016-17,9840,optimization,FOUL,0,FTA,2,Geom,37546.5838634348,-18764.097720727354,[0.6365774497030643],"{""p"": 0.5276662903569271}",2,True,optimizer_converged_lbfgsb,18,74,2,-19559.999575528123,795.9018548007698,0.12927679996937513,"{""binomial_discrete_residual_mean"": null, ""binomial_discrete_residual_variance"": null, ""binomial_h_extension_used"": null, ""binomial_n_candidates"": 0, ""binomial_n_max"": null, ""binomial_n_min"": null, ""binomial_n_policy"": null, ""binomial_n_tie_break"": null, ""certified_profiles"": 1, ""optimizer_powell_attempted"": false, ""optimizer_powell_success"": false, ""optimizer_primary_failed_starts"": 0, ""optimizer_primary_successful_starts"": 2, ""optimizer_results"": [{""fun"": 18764.09772072863, ""jac"": [0.003274180909930571, 0.0018189894045032922], ""message"": ""CONVERGENCE: REL_REDUCTION_OF_F_<=_FACTR*EPSMCH"", ""method"": ""L-BFGS-B"", ""nfev"": 33, ""nit"": 9, ""status"": 0, ""success"": true, ""x"": [0.6365776131304781, 0.11077946077681405]}, {""fun"": 18764.097720727354, ""jac"": [0.0, 0.0], ""message"": ""CONVERGENCE: NORM_OF_PROJECTED_GRADIENT_<=_PGTOL"", ""method"": ""L-BFGS-B"", ""nfev"": 39, ""nit"": 9, ""status"": 0, ""success"": true, ""x"": [0.6365774497030643, 0.11077831032857498]}], ""solver_path"": ""general_convolution"", ""uncertified_profiles"": 0}"
foul_leaves_5_team,team-quarter,2016-17,9840,optimization,FOUL,0,FTA,2,Binomial,inf,-inf,[],"{""n"": 2}",2,False,infeasible_conditional_support,0,0,0,-inf,0.0,0.0004786999779753387,"{""binomial_discrete_residual_mean"": 1.8539335627218496, ""binomial_discrete_residual_variance"": -1.5523070793488878, ""binomial_h_extension_used"": true, ""binomial_n_candidates"": 1, ""binomial_n_max"": 2, ""binomial_n_min"": 2, ""binomial_n_policy"": ""paper_H_binomial_discrete_index_continuous_full_mle"", ""binomial_n_tie_break"": ""not_applicable_single_mom_index"", ""certified_profiles"": 0, ""solver_path"": ""conditional_support_check"", ""support_violating_rows"": 157, ""uncertified_profiles"": 0}"
foul_leaves_5_team,team-quarter,2016-17,9840,optimization,FOUL,0,FTA,2,Bernoulli,inf,-inf,[],{},2,False,infeasible_conditional_support,0,0,0,-inf,0.0,0.0001960000372491777,"{""binomial_discrete_residual_mean"": null, ""binomial_discrete_residual_variance"": null, ""binomial_h_extension_used"": null, ""binomial_n_candidates"": 0, ""binomial_n_max"": null, ""binomial_n_min"": null, ""binomial_n_policy"": null, ""binomial_n_tie_break"": null, ""certified_profiles"": 0, ""solver_path"": ""conditional_support_check"", ""support_violating_rows"": 307, ""uncertified_profiles"": 0}"
foul_leaves_5_team,team-quarter,2016-17,9840,optimization,FOUL,0,FTM,4,Poisson,36090.59731527761,-18036.104446648762,[0.53104514168368],"{""lam"": 2.191529228711539}",2,True,poisson_convex_mle,19,25,2,-18036.1594547868,0.0550081380388292,0.047496399958617985,"{""binomial_discrete_residual_mean"": null, ""binomial_discrete_residual_variance"": null, ""binomial_h_extension_used"": null, ""binomial_n_candidates"": 0, ""binomial_n_max"": null, ""binomial_n_min"": null, ""binomial_n_policy"": null, ""binomial_n_tie_break"": null, ""certified_profiles"": 1, ""optimizer_primary_failed_starts"": 0, ""optimizer_primary_successful_starts"": 2, ""optimizer_results"": [{""fun"": 18036.104446651218, ""jac"": [-0.002076669962378208, 0.0003809202264322131], ""message"": ""CONVERGENCE: REL_REDUCTION_OF_F_<=_FACTR*EPSMCH"", ""method"": ""L-BFGS-B"", ""nfev"": 10, ""nit"": 8, ""status"": 0, ""success"": true, ""x"": [2.191526949069835, 0.5310455533330408]}, {""fun"": 18036.104446648762, ""jac"": [3.429510961039384e-05, 0.00024285769674858848], ""message"": ""CONVERGENCE: REL_REDUCTION_OF_F_<=_FACTR*EPSMCH"", ""method"": ""L-BFGS-B"", ""nfev"": 13, ""nit"": 11, ""status"": 0, ""success"": true, ""x"": [2.191529228711539, 0.53104514168368]}], ""poisson_canonical_agreement_abs"": 0.0, ""solver_path"": ""poisson_convex"", ""uncertified_profiles"": 0}"
foul_leaves_5_team,team-quarter,2016-17,9840,optimization,FOUL,0,FTM,4,NB,36099.818245989976,-18036.11780650992,[0.5310468070497536],"{""p"": 0.9999914792412241, ""r"": 257195.8174845957}",3,True,optimizer_converged_lbfgsb,11,62,2,-18036.175182819174,0.05737630925432313,0.21337200002744794,"{""binomial_discrete_residual_mean"": null, ""binomial_discrete_residual_variance"": null, ""binomial_h_extension_used"": null, ""binomial_n_candidates"": 0, ""binomial_n_max"": null, ""binomial_n_min"": null, ""binomial_n_policy"": null, ""binomial_n_tie_break"": null, ""certified_profiles"": 1, ""optimizer_powell_attempted"": false, ""optimizer_powell_success"": false, ""optimizer_primary_failed_starts"": 0, ""optimizer_primary_successful_starts"": 2, ""optimizer_results"": [{""fun"": 18036.120089167118, ""jac"": [0.0010913936366435237, -0.0047293720579092285, -0.004365574207300826], ""message"": ""CONVERGENCE: REL_REDUCTION_OF_F_<=_FACTR*EPSMCH"", ""method"": ""L-BFGS-B"", ""nfev"": 24, ""nit"": 4, ""status"": 0, ""success"": true, ""x"": [0.5310469327562736, 12.299854493159756, 11.515258107538783]}, {""fun"": 18036.11780650992, ""jac"": [-0.0025465851521682217, -0.017462296829203305, -0.005820765609734434], ""message"": ""CONVERGENCE: REL_REDUCTION_OF_F_<=_FACTR*EPSMCH"", ""method"": ""L-BFGS-B"", ""nfev"": 36, ""nit"": 7, ""status"": 0, ""success"": true, ""x"": [0.5310468070497536, 12.457593009489411, 11.672996642098678]}], ""solver_path"": ""general_convolution"", ""uncertified_profiles"": 0}"
foul_leaves_5_team,team-quarter,2016-17,9840,optimization,FOUL,0,FTM,4,ZIP,36099.79153387479,-18036.104450452327,[0.5310451200345462],"{""lam"": 2.191529266302986, ""rho"": 1.0000000000000007e-09}",3,True,optimizer_converged_lbfgsb,13,70,2,-18036.159458613223,0.05500816089625005,0.0806892000255175,"{""binomial_discrete_residual_mean"": null, ""binomial_discrete_residual_variance"": null, ""binomial_h_extension_used"": null, ""binomial_n_candidates"": 0, ""binomial_n_max"": null, ""binomial_n_min"": null, ""binomial_n_policy"": null, ""binomial_n_tie_break"": null, ""certified_profiles"": 1, ""optimizer_powell_attempted"": false, ""optimizer_powell_success"": false, ""optimizer_primary_failed_starts"": 0, ""optimizer_primary_successful_starts"": 2, ""optimizer_results"": [{""fun"": 18036.104450452352, ""jac"": [-0.000727595757762349, -0.0010913936366435237, 0.0], ""message"": ""CONVERGENCE: REL_REDUCTION_OF_F_<=_FACTR*EPSMCH"", ""method"": ""L-BFGS-B"", ""nfev"": 28, ""nit"": 5, ""status"": 0, ""success"": true, ""x"": [0.5310451582984806, 0.784599480886684, -20.72326583594641]}, {""fun"": 18036.104450452327, ""jac"": [-0.0003637978788811745, -0.0003637978788811745, 0.0], ""message"": ""CONVERGENCE: REL_REDUCTION_OF_F_<=_FACTR*EPSMCH"", ""method"": ""L-BFGS-B"", ""nfev"": 40, ""nit"": 8, ""status"": 0, ""success"": true, ""x"": [0.5310451200345462, 0.7845995952493345, -20.72326583594641]}], ""solver_path"": ""general_convolution"", ""uncertified_profiles"": 0}"
foul_leaves_5_team,team-quarter,2016-17,9840,optimization,FOUL,0,FTM,4,Geom,39047.50492013648,-19514.558249078196,[0.7703630302490868],"{""p"": 0.46833521998697536}",2,True,optimizer_converged_lbfgsb,15,62,2,-20436.722144808118,922.1638957299219,0.09888669999781996,"{""binomial_discrete_residual_mean"": null, ""binomial_discrete_residual_variance"": null, ""binomial_h_extension_used"": null, ""binomial_n_candidates"": 0, ""binomial_n_max"": null, ""binomial_n_min"": null, ""binomial_n_policy"": null, ""binomial_n_tie_break"": null, ""certified_profiles"": 1, ""optimizer_powell_attempted"": false, ""optimizer_powell_success"": false, ""optimizer_primary_failed_starts"": 0, ""optimizer_primary_successful_starts"": 2, ""optimizer_results"": [{""fun"": 19514.558249078425, ""jac"": [-0.003637978788811745, -0.0007275957618013168], ""message"": ""CONVERGENCE: REL_REDUCTION_OF_F_<=_FACTR*EPSMCH"", ""method"": ""L-BFGS-B"", ""nfev"": 30, ""nit"": 7, ""status"": 0, ""success"": true, ""x"": [0.7703628230440388, -0.1268295854211265]}, {""fun"": 19514.558249078196, ""jac"": [0.000727595757762349, 0.0010913936427019754], ""message"": ""CONVERGENCE: REL_REDUCTION_OF_F_<=_FACTR*EPSMCH"", ""method"": ""L-BFGS-B"", ""nfev"": 30, ""nit"": 8, ""status"": 0, ""success"": true, ""x"": [0.7703630302490868, -0.12682885644613243]}], ""solver_path"": ""general_convolution"", ""uncertified_profiles"": 0}"
foul_leaves_5_team,team-quarter,2016-17,9840,optimization,FOUL,0,FTM,4,Binomial,inf,-inf,[],"{""n"": 3}",2,False,infeasible_conditional_support,0,0,0,-inf,0.0,0.0004878999898210168,"{""binomial_discrete_residual_mean"": 2.2018104034309367, ""binomial_discrete_residual_variance"": -0.8029658953496037, ""binomial_h_extension_used"": true, ""binomial_n_candidates"": 1, ""binomial_n_max"": 3, ""binomial_n_min"": 3, ""binomial_n_policy"": ""paper_H_binomial_discrete_index_continuous_full_mle"", ""binomial_n_tie_break"": ""not_applicable_single_mom_index"", ""certified_profiles"": 0, ""solver_path"": ""conditional_support_check"", ""support_violating_rows"": 101, ""uncertified_profiles"": 0}"
foul_leaves_5_team,team-quarter,2016-17,9840,optimization,FOUL,0,FTM,4,Bernoulli,inf,-inf,[],{},2,False,infeasible_conditional_support,0,0,0,-inf,0.0,0.00021780002862215042,"{""binomial_discrete_residual_mean"": null, ""binomial_discrete_residual_variance"": null, ""binomial_h_extension_used"": null, ""binomial_n_candidates"": 0, ""binomial_n_max"": null, ""binomial_n_min"": null, ""binomial_n_policy"": null, ""binomial_n_tie_break"": null, ""certified_profiles"": 0, ""solver_path"": ""conditional_support_check"", ""support_violating_rows"": 462, ""uncertified_profiles"": 0}"
foul_leaves_5_team,team-quarter,2016-17,9840,optimization,FOUL,0,FTA;FTM,6,Poisson,35283.68803838188,-17628.05270270587,"[0.46480403268360415, 0.0]","{""lam"": 1.8774402720398111}",3,True,poisson_convex_mle,22,29,2,-17641.11701090384,13.064308197968785,0.044838600035291165,"{""binomial_discrete_residual_mean"": null, ""binomial_discrete_residual_variance"": null, ""binomial_h_extension_used"": null, ""binomial_n_candidates"": 0, ""binomial_n_max"": null, ""binomial_n_min"": null, ""binomial_n_policy"": null, ""binomial_n_tie_break"": null, ""certified_profiles"": 1, ""optimizer_primary_failed_starts"": 0, ""optimizer_primary_successful_starts"": 2, ""optimizer_results"": [{""fun"": 17628.05270270587, ""jac"": [5.221068022365216e-10, 2.11808242056577e-08, 60.689736547527474], ""message"": ""CONVERGENCE: NORM_OF_PROJECTED_GRADIENT_<=_PGTOL"", ""method"": ""L-BFGS-B"", ""nfev"": 8, ""nit"": 6, ""status"": 0, ""success"": true, ""x"": [1.8774402720398111, 0.46480403268360415, 0.0]}, {""fun"": 17628.052702706274, ""jac"": [0.0012589006248049373, 0.007799661721605844, 60.69574828171949], ""message"": ""CONVERGENCE: REL_REDUCTION_OF_F_<=_FACTR*EPSMCH"", ""method"": ""L-BFGS-B"", ""nfev"": 19, ""nit"": 16, ""status"": 0, ""success"": true, ""x"": [1.8774404170942727, 0.4648041137463013, 0.0]}], ""poisson_canonical_agreement_abs"": 0.0, ""solver_path"": ""poisson_convex"", ""uncertified_profiles"": 0}"
foul_leaves_5_team,team-quarter,2016-17,9840,optimization,FOUL,0,FTA;FTM,6,NB,35292.90770421234,-17628.065430126077,"[0.46480531431182864, 0.0]","{""p"": 0.9999916658767747, ""r"": 225268.69562008584}",4,True,optimizer_converged_lbfgsb,18,127,2,-17641.131263510142,13.065833384065627,0.38887600001180544,"{""binomial_discrete_residual_mean"": null, ""binomial_discrete_residual_variance"": null, ""binomial_h_extension_used"": null, ""binomial_n_candidates"": 0, ""binomial_n_max"": null, ""binomial_n_min"": null, ""binomial_n_policy"": null, ""binomial_n_tie_break"": null, ""certified_profiles"": 1, ""optimizer_powell_attempted"": false, ""optimizer_powell_success"": false, ""optimizer_primary_failed_starts"": 0, ""optimizer_primary_successful_starts"": 2, ""optimizer_results"": [{""fun"": 17628.068675173665, ""jac"": [0.0029103830472052674, 60.69130904506892, -0.011641531219468869, -0.014188116173727684], ""message"": ""CONVERGENCE: REL_REDUCTION_OF_F_<=_FACTR*EPSMCH"", ""method"": ""L-BFGS-B"", ""nfev"": 40, ""nit"": 6, ""status"": 0, ""success"": true, ""x"": [0.464805688896866, 0.0, 12.097940165488076, 11.468035194017647]}, {""fun"": 17628.065430126077, ""jac"": [-0.012732925831523046, 60.679667512886226, -0.006548361310951239, -0.0018189892530420108], ""message"": ""CONVERGENCE: REL_REDUCTION_OF_F_<=_FACTR*EPSMCH"", ""method"": ""L-BFGS-B"", ""nfev"": 85, ""nit"": 12, ""status"": 0, ""success"": true, ""x"": [0.46480531431182864, 0.0, 12.325049171449567, 11.695143905061736]}], ""solver_path"": ""general_convolution"", ""uncertified_profiles"": 0}"
foul_leaves_5_team,team-quarter,2016-17,9840,optimization,FOUL,0,FTA;FTM,6,ZIP,35292.882255807104,-17628.05270592346,"[0.4648040260679041, 0.0]","{""lam"": 1.8774402735954705, ""rho"": 1.0000000000000007e-09}",4,True,optimizer_converged_lbfgsb,20,132,2,-17641.11701376129,13.064307837830711,0.12366959999781102,"{""binomial_discrete_residual_mean"": null, ""binomial_discrete_residual_variance"": null, ""binomial_h_extension_used"": null, ""binomial_n_candidates"": 0, ""binomial_n_max"": null, ""binomial_n_min"": null, ""binomial_n_policy"": null, ""binomial_n_tie_break"": null, ""certified_profiles"": 1, ""optimizer_powell_attempted"": false, ""optimizer_powell_success"": false, ""optimizer_primary_failed_starts"": 0, ""optimizer_primary_successful_starts"": 2, ""optimizer_results"": [{""fun"": 17628.052705923466, ""jac"": [0.0, 60.689490055665374, 0.0, 0.0], ""message"": ""CONVERGENCE: NORM_OF_PROJECTED_GRADIENT_<=_PGTOL"", ""method"": ""L-BFGS-B"", ""nfev"": 45, ""nit"": 6, ""status"": 0, ""success"": true, ""x"": [0.4648040059262668, 0.0, 0.6299093668751883, -20.72326583594641]}, {""fun"": 17628.05270592346, ""jac"": [0.0, 60.689490055665374, 0.0, 0.0], ""message"": ""CONVERGENCE: NORM_OF_PROJECTED_GRADIENT_<=_PGTOL"", ""method"": ""L-BFGS-B"", ""nfev"": 85, ""nit"": 14, ""status"": 0, ""success"": true, ""x"": [0.4648040260679041, 0.0, 0.6299092924832911, -20.72326583594641]}], ""solver_path"": ""general_convolution"", ""uncertified_profiles"": 0}"
foul_leaves_5_team,team-quarter,2016-17,9840,optimization,FOUL,0,FTA;FTM,6,Geom,37555.77807442488,-18764.09772072737,"[0.6365774520929907, 0.0]","{""p"": 0.5276663099590488}",3,True,optimizer_converged_lbfgsb,28,150,2,-19365.641739520983,601.544018793611,0.2069855000008829,"{""binomial_discrete_residual_mean"": null, ""binomial_discrete_residual_variance"": null, ""binomial_h_extension_used"": null, ""binomial_n_candidates"": 0, ""binomial_n_max"": null, ""binomial_n_min"": null, ""binomial_n_policy"": null, ""binomial_n_tie_break"": null, ""certified_profiles"": 1, ""optimizer_powell_attempted"": false, ""optimizer_powell_success"": false, ""optimizer_primary_failed_starts"": 0, ""optimizer_primary_successful_starts"": 2, ""optimizer_results"": [{""fun"": 18764.09772073668, ""jac"": [-0.03383320273594923, 53.418625611811876, 0.0014551915236026337], ""message"": ""CONVERGENCE: REL_REDUCTION_OF_F_<=_FACTR*EPSMCH"", ""method"": ""L-BFGS-B"", ""nfev"": 84, ""nit"": 16, ""status"": 0, ""success"": true, ""x"": [0.6365768555720077, 0.0, 0.11077732966088137]}, {""fun"": 18764.09772072737, ""jac"": [-0.000727595757762349, 53.44445526134223, 0.0003637978809006584], ""message"": ""CONVERGENCE: REL_REDUCTION_OF_F_<=_FACTR*EPSMCH"", ""method"": ""L-BFGS-B"", ""nfev"": 64, ""nit"": 12, ""status"": 0, ""success"": true, ""x"": [0.6365774520929907, 0.0, 0.11077838897786237]}], ""solver_path"": ""general_convolution"", ""uncertified_profiles"": 0}"
foul_leaves_5_team,team-quarter,2016-17,9840,optimization,FOUL,0,FTA;FTM,6,Binomial,inf,-inf,[],"{""n"": 2}",3,False,infeasible_conditional_support,0,0,0,-inf,0.0,0.00033760000951588154,"{""binomial_discrete_residual_mean"": 1.7161840078324992, ""binomial_discrete_residual_variance"": -2.0001944676871353, ""binomial_h_extension_used"": true, ""binomial_n_candidates"": 1, ""binomial_n_max"": 2, ""binomial_n_min"": 2, ""binomial_n_policy"": ""paper_H_binomial_discrete_index_continuous_full_mle"", ""binomial_n_tie_break"": ""not_applicable_single_mom_index"", ""certified_profiles"": 0, ""solver_path"": ""conditional_support_check"", ""support_violating_rows"": 157, ""uncertified_profiles"": 0}"
foul_leaves_5_team,team-quarter,2016-17,9840,optimization,FOUL,0,FTA;FTM,6,Bernoulli,inf,-inf,[],{},3,False,infeasible_conditional_support,0,0,0,-inf,0.0,0.0001506999833509326,"{""binomial_discrete_residual_mean"": null, ""binomial_discrete_residual_variance"": null, ""binomial_h_extension_used"": null, ""binomial_n_candidates"": 0, ""binomial_n_max"": null, ""binomial_n_min"": null, ""binomial_n_policy"": null, ""binomial_n_tie_break"": null, ""certified_profiles"": 0, ""solver_path"": ""conditional_support_check"", ""support_violating_rows"": 307, ""uncertified_profiles"": 0}"
foul_leaves_5_team,team-quarter,2016-17,9840,optimization,FOUL,0,PERS_FOUL_DRAWN,8,Poisson,38267.79617409649,-19124.7038760582,[0.8917613887956689],"{""lam"": 2.997360343084462}",2,True,poisson_convex_mle,10,17,2,-19124.811725725758,0.10784966755818459,0.02100920001976192,"{""binomial_discrete_residual_mean"": null, ""binomial_discrete_residual_variance"": null, ""binomial_h_extension_used"": null, ""binomial_n_candidates"": 0, ""binomial_n_max"": null, ""binomial_n_min"": null, ""binomial_n_policy"": null, ""binomial_n_tie_break"": null, ""certified_profiles"": 1, ""optimizer_primary_failed_starts"": 0, ""optimizer_primary_successful_starts"": 2, ""optimizer_results"": [{""fun"": 19124.7038760582, ""jac"": [1.5633006119508686e-05, 2.2128620658090625e-05], ""message"": ""CONVERGENCE: REL_REDUCTION_OF_F_<=_FACTR*EPSMCH"", ""method"": ""L-BFGS-B"", ""nfev"": 6, ""nit"": 4, ""status"": 0, ""success"": true, ""x"": [2.997360343084462, 0.8917613887956689]}, {""fun"": 19124.7038760582, ""jac"": [-1.0000818436384229e-05, -1.697170092995748e-05], ""message"": ""CONVERGENCE: REL_REDUCTION_OF_F_<=_FACTR*EPSMCH"", ""method"": ""L-BFGS-B"", ""nfev"": 9, ""nit"": 6, ""status"": 0, ""success"": true, ""x"": [2.997360333311228, 0.8917613878804357]}], ""poisson_canonical_agreement_abs"": 0.0, ""solver_path"": ""poisson_convex"", ""uncertified_profiles"": 0}"
foul_leaves_5_team,team-quarter,2016-17,9840,optimization,FOUL,0,PERS_FOUL_DRAWN,8,NB,38277.013179038804,-19124.715273034333,[0.8917651896002503],"{""p"": 0.9999907811469964, ""r"": 325130.0500151197}",3,True,optimizer_converged_lbfgsb,11,62,2,-19124.824035648067,0.10876261373414309,0.18773149995831773,"{""binomial_discrete_residual_mean"": null, ""binomial_discrete_residual_variance"": null, ""binomial_h_extension_used"": null, ""binomial_n_candidates"": 0, ""binomial_n_max"": null, ""binomial_n_min"": null, ""binomial_n_policy"": null, ""binomial_n_tie_break"": null, ""certified_profiles"": 1, ""optimizer_powell_attempted"": false, ""optimizer_powell_success"": false, ""optimizer_primary_failed_starts"": 0, ""optimizer_primary_successful_starts"": 2, ""optimizer_results"": [{""fun"": 19124.7162652425, ""jac"": [-0.0021827872732870473, -0.006912159161559641, -0.0010913935518252066], ""message"": ""CONVERGENCE: REL_REDUCTION_OF_F_<=_FACTR*EPSMCH"", ""method"": ""L-BFGS-B"", ""nfev"": 28, ""nit"": 5, ""status"": 0, ""success"": true, ""x"": [0.8917636717518272, 12.608505207697535, 11.51077424029633]}, {""fun"": 19124.715273034333, ""jac"": [0.001455191515524698, -0.018553690381028512, 0.0018189892530420108], ""message"": ""CONVERGENCE: REL_REDUCTION_OF_F_<=_FACTR*EPSMCH"", ""method"": ""L-BFGS-B"", ""nfev"": 32, ""nit"": 6, ""status"": 0, ""success"": true, ""x"": [0.8917651896002503, 12.691980535164333, 11.59425071231363]}], ""solver_path"": ""general_convolution"", ""uncertified_profiles"": 0}"
foul_leaves_5_team,team-quarter,2016-17,9840,optimization,FOUL,0,PERS_FOUL_DRAWN,8,ZIP,38276.99039462042,-19124.703880825142,[0.8917613043552758],"{""lam"": 2.9973604554394697, ""rho"": 1.0000001197807551e-09}",3,True,optimizer_converged_lbfgsb,9,58,2,-19124.8117304678,0.10784964265985764,0.05487910000374541,"{""binomial_discrete_residual_mean"": null, ""binomial_discrete_residual_variance"": null, ""binomial_h_extension_used"": null, ""binomial_n_candidates"": 0, ""binomial_n_max"": null, ""binomial_n_min"": null, ""binomial_n_policy"": null, ""binomial_n_tie_break"": null, ""certified_profiles"": 1, ""optimizer_powell_attempted"": false, ""optimizer_powell_success"": false, ""optimizer_primary_failed_starts"": 0, ""optimizer_primary_successful_starts"": 2, ""optimizer_results"": [{""fun"": 19124.70388082515, ""jac"": [0.0010913936366435237, 0.0007275957658402848, 0.0], ""message"": ""CONVERGENCE: REL_REDUCTION_OF_F_<=_FACTR*EPSMCH"", ""method"": ""L-BFGS-B"", ""nfev"": 24, ""nit"": 4, ""status"": 0, ""success"": true, ""x"": [0.8917614820736453, 1.0977319918463855, -20.723265044353873]}, {""fun"": 19124.703880825142, ""jac"": [-0.0003637978788811745, 0.0, 0.0], ""message"": ""CONVERGENCE: REL_REDUCTION_OF_F_<=_FACTR*EPSMCH"", ""method"": ""L-BFGS-B"", ""nfev"": 32, ""nit"": 5, ""status"": 0, ""success"": true, ""x"": [0.8917613043552758, 1.0977320531876607, -20.723265716165663]}], ""solver_path"": ""general_convolution"", ""uncertified_profiles"": 0}"
foul_leaves_5_team,team-quarter,2016-17,9840,optimization,FOUL,0,PERS_FOUL_DRAWN,8,Geom,42570.08823423794,-21275.849906128926,[1.5520265083189366],"{""p"": 0.3498292849254892}",2,True,optimizer_converged_lbfgsb,12,44,2,-22312.551262564997,1036.7013564360714,0.06080929999006912,"{""binomial_discrete_residual_mean"": null, ""binomial_discrete_residual_variance"": null, ""binomial_h_extension_used"": null, ""binomial_n_candidates"": 0, ""binomial_n_max"": null, ""binomial_n_min"": null, ""binomial_n_policy"": null, ""binomial_n_tie_break"": null, ""certified_profiles"": 1, ""optimizer_powell_attempted"": false, ""optimizer_powell_success"": false, ""optimizer_primary_failed_starts"": 0, ""optimizer_primary_successful_starts"": 2, ""optimizer_results"": [{""fun"": 21275.849906129108, ""jac"": [-0.0003637978829201424, -0.000727595757762349], ""message"": ""CONVERGENCE: REL_REDUCTION_OF_F_<=_FACTR*EPSMCH"", ""method"": ""L-BFGS-B"", ""nfev"": 21, ""nit"": 6, ""status"": 0, ""success"": true, ""x"": [1.5520263468639137, -0.619789949706139]}, {""fun"": 21275.849906128926, ""jac"": [-0.0007275957658402848, 0.0], ""message"": ""CONVERGENCE: REL_REDUCTION_OF_F_<=_FACTR*EPSMCH"", ""method"": ""L-BFGS-B"", ""nfev"": 21, ""nit"": 6, ""status"": 0, ""success"": true, ""x"": [1.5520265083189366, -0.6197896888469795]}], ""solver_path"": ""general_convolution"", ""uncertified_profiles"": 0}"
foul_leaves_5_team,team-quarter,2016-17,9840,optimization,FOUL,0,PERS_FOUL_DRAWN,8,Binomial,inf,-inf,[],"{""n"": 4}",2,False,infeasible_conditional_support,0,0,0,-inf,0.0,0.00028989999555051327,"{""binomial_discrete_residual_mean"": 2.984508780941375, ""binomial_discrete_residual_variance"": 0.9741444170149405, ""binomial_h_extension_used"": false, ""binomial_n_candidates"": 1, ""binomial_n_max"": 4, ""binomial_n_min"": 4, ""binomial_n_policy"": ""paper_H_binomial_discrete_index_continuous_full_mle"", ""binomial_n_tie_break"": ""not_applicable_single_mom_index"", ""certified_profiles"": 0, ""solver_path"": ""conditional_support_check"", ""support_violating_rows"": 309, ""uncertified_profiles"": 0}"
foul_leaves_5_team,team-quarter,2016-17,9840,optimization,FOUL,0,PERS_FOUL_DRAWN,8,Bernoulli,inf,-inf,[],{},2,False,infeasible_conditional_support,0,0,0,-inf,0.0,0.00015740003436803818,"{""binomial_discrete_residual_mean"": null, ""binomial_discrete_residual_variance"": null, ""binomial_h_extension_used"": null, ""binomial_n_candidates"": 0, ""binomial_n_max"": null, ""binomial_n_min"": null, ""binomial_n_policy"": null, ""binomial_n_tie_break"": null, ""certified_profiles"": 0, ""solver_path"": ""conditional_support_check"", ""support_violating_rows"": 1473, ""uncertified_profiles"": 0}"
foul_leaves_5_team,team-quarter,2016-17,9840,optimization,FOUL,0,FTA;PERS_FOUL_DRAWN,10,Poisson,33578.49488042588,-16775.456123727872,"[0.4257953372604349, 0.6860038385657233]","{""lam"": 0.9172981110258512}",3,True,poisson_convex_mle,26,33,2,-16806.320171140615,30.864047412742366,0.04209210001863539,"{""binomial_discrete_residual_mean"": null, ""binomial_discrete_residual_variance"": null, ""binomial_h_extension_used"": null, ""binomial_n_candidates"": 0, ""binomial_n_max"": null, ""binomial_n_min"": null, ""binomial_n_policy"": null, ""binomial_n_tie_break"": null, ""certified_profiles"": 1, ""optimizer_primary_failed_starts"": 0, ""optimizer_primary_successful_starts"": 2, ""optimizer_results"": [{""fun"": 16775.456123727872, ""jac"": [-4.508454921392513e-06, -1.1107245583730219e-05, -1.096382456822198e-05], ""message"": ""CONVERGENCE: REL_REDUCTION_OF_F_<=_FACTR*EPSMCH"", ""method"": ""L-BFGS-B"", ""nfev"": 13, ""nit"": 10, ""status"": 0, ""success"": true, ""x"": [0.9172981110258512, 0.4257953372604349, 0.6860038385657233]}, {""fun"": 16775.45612372836, ""jac"": [0.0008135610460193732, 3.404314591648472e-05, -1.7561044991509789e-06], ""message"": ""CONVERGENCE: REL_REDUCTION_OF_F_<=_FACTR*EPSMCH"", ""method"": ""L-BFGS-B"", ""nfev"": 18, ""nit"": 16, ""status"": 0, ""success"": true, ""x"": [0.9172993157057272, 0.42579521862234776, 0.6860035791849646]}], ""poisson_canonical_agreement_abs"": 0.0, ""solver_path"": ""poisson_convex"", ""uncertified_profiles"": 0}"
foul_leaves_5_team,team-quarter,2016-17,9840,optimization,FOUL,0,FTA;PERS_FOUL_DRAWN,10,NB,33587.70146614937,-16775.46231109459,"[0.42579628502426736, 0.6860071727494174]","{""p"": 0.9999937874343139, ""r"": 147649.53961382748}",4,True,optimizer_converged_lbfgsb,20,122,2,-16806.332398503513,30.8700874089227,0.36549910000758246,"{""binomial_discrete_residual_mean"": null, ""binomial_discrete_residual_variance"": null, ""binomial_h_extension_used"": null, ""binomial_n_candidates"": 0, ""binomial_n_max"": null, ""binomial_n_min"": null, ""binomial_n_policy"": null, ""binomial_n_tie_break"": null, ""certified_profiles"": 1, ""optimizer_powell_attempted"": false, ""optimizer_powell_success"": false, ""optimizer_primary_failed_starts"": 0, ""optimizer_primary_successful_starts"": 2, ""optimizer_results"": [{""fun"": 16775.46479255221, ""jac"": [-0.035652192328264526, -0.01200533000307876, -0.014915711874944488, 0.0047293720579092285], ""message"": ""CONVERGENCE: REL_REDUCTION_OF_F_<=_FACTR*EPSMCH"", ""method"": ""L-BFGS-B"", ""nfev"": 50, ""nit"": 8, ""status"": 0, ""success"": true, ""x"": [0.4257972839648543, 0.6860080938205306, 11.565363738680633, 11.651709620532461]}, {""fun"": 16775.46231109459, ""jac"": [0.005093170332609218, 0.005093170304336443, 0.0025465849542588154, -0.009094946265210055], ""message"": ""CONVERGENCE: REL_REDUCTION_OF_F_<=_FACTR*EPSMCH"", ""method"": ""L-BFGS-B"", ""nfev"": 70, ""nit"": 12, ""status"": 0, ""success"": true, ""x"": [0.42579628502426736, 0.6860071727494174, 11.902596769075961, 11.988930380779445]}], ""solver_path"": ""general_convolution"", ""uncertified_profiles"": 0}"
foul_leaves_5_team,team-quarter,2016-17,9840,optimization,FOUL,0,FTA;PERS_FOUL_DRAWN,10,ZIP,33587.68909353772,-16775.45612478877,"[0.42579534545351655, 0.6860037370906487]","{""lam"": 0.9172981925170542, ""rho"": 1.0000000000000007e-09}",4,True,optimizer_converged_lbfgsb,23,142,2,-16806.320172771477,30.864047982708144,0.13076769997132942,"{""binomial_discrete_residual_mean"": null, ""binomial_discrete_residual_variance"": null, ""binomial_h_extension_used"": null, ""binomial_n_candidates"": 0, ""binomial_n_max"": null, ""binomial_n_min"": null, ""binomial_n_policy"": null, ""binomial_n_tie_break"": null, ""certified_profiles"": 1, ""optimizer_powell_attempted"": false, ""optimizer_powell_success"": false, ""optimizer_primary_failed_starts"": 0, ""optimizer_primary_successful_starts"": 2, ""optimizer_results"": [{""fun"": 16775.45612478877, ""jac"": [0.0003637978809006584, 0.0, 0.0, 0.0], ""message"": ""CONVERGENCE: REL_REDUCTION_OF_F_<=_FACTR*EPSMCH"", ""method"": ""L-BFGS-B"", ""nfev"": 60, ""nit"": 9, ""status"": 0, ""success"": true, ""x"": [0.42579534545351655, 0.6860037370906487, -0.08632267690665207, -20.72326583594641]}, {""fun"": 16775.45612478895, ""jac"": [-0.0014551915236026337, 0.0, -0.0007275957618013168, 0.0], ""message"": ""CONVERGENCE: REL_REDUCTION_OF_F_<=_FACTR*EPSMCH"", ""method"": ""L-BFGS-B"", ""nfev"": 80, ""nit"": 14, ""status"": 0, ""success"": true, ""x"": [0.4257953760614948, 0.6860040444406595, -0.08632355260791777, -20.723265826197466]}], ""solver_path"": ""general_convolution"", ""uncertified_profiles"": 0}"
foul_leaves_5_team,team-quarter,2016-17,9840,optimization,FOUL,0,FTA;PERS_FOUL_DRAWN,10,Geom,34079.68860396952,-17026.05298549969,"[0.49485812541310026, 0.8372542961322313]","{""p"": 0.7927201162613483}",3,True,optimizer_converged_lbfgsb,28,142,2,-17836.434489708176,810.3815042084861,0.2085112999775447,"{""binomial_discrete_residual_mean"": null, ""binomial_discrete_residual_variance"": null, ""binomial_h_extension_used"": null, ""binomial_n_candidates"": 0, ""binomial_n_max"": null, ""binomial_n_min"": null, ""binomial_n_policy"": null, ""binomial_n_tie_break"": null, ""certified_profiles"": 1, ""optimizer_powell_attempted"": false, ""optimizer_powell_success"": false, ""optimizer_primary_failed_starts"": 0, ""optimizer_primary_successful_starts"": 2, ""optimizer_results"": [{""fun"": 17026.05298549969, ""jac"": [-0.002546585166304609, -0.0003637978788811745, 0.001091393648760427], ""message"": ""CONVERGENCE: REL_REDUCTION_OF_F_<=_FACTR*EPSMCH"", ""method"": ""L-BFGS-B"", ""nfev"": 68, ""nit"": 15, ""status"": 0, ""success"": true, ""x"": [0.49485812541310026, 0.8372542961322313, 1.341400241048573]}, {""fun"": 17026.0529855585, ""jac"": [-0.014188117355125679, 0.0003637978788811745, -0.004001776712121566], ""message"": ""CONVERGENCE: REL_REDUCTION_OF_F_<=_FACTR*EPSMCH"", ""method"": ""L-BFGS-B"", ""nfev"": 72, ""nit"": 13, ""status"": 0, ""success"": true, ""x"": [0.49485716554262416, 0.8372534259017773, 1.3413731494768457]}], ""solver_path"": ""general_convolution"", ""uncertified_profiles"": 0}"
foul_leaves_5_team,team-quarter,2016-17,9840,optimization,FOUL,0,FTA;PERS_FOUL_DRAWN,10,Binomial,30874.35905558135,-15423.388211305606,"[0.33458809726199107, 0.49411576449898353]","{""n"": 2, ""p"": 0.8849218155637016}",3,True,optimizer_converged_lbfgsb,21,154,2,-15925.652235884805,502.26402457919903,0.38638010004069656,"{""binomial_discrete_residual_mean"": 1.210984542697692, ""binomial_discrete_residual_variance"": -2.79962764667163, ""binomial_h_extension_used"": true, ""binomial_n_candidates"": 1, ""binomial_n_max"": 2, ""binomial_n_min"": 2, ""binomial_n_policy"": ""paper_H_binomial_discrete_index_continuous_full_mle"", ""binomial_n_tie_break"": ""not_applicable_single_mom_index"", ""certified_profiles"": 1, ""optimizer_powell_attempted"": false, ""optimizer_powell_success"": false, ""optimizer_primary_failed_starts"": 0, ""optimizer_primary_successful_starts"": 2, ""optimizer_results"": [{""fun"": 15423.388211305606, ""jac"": [0.004001776689907243, -0.0003637978809006584, 0.0], ""message"": ""CONVERGENCE: REL_REDUCTION_OF_F_<=_FACTR*EPSMCH"", ""method"": ""L-BFGS-B"", ""nfev"": 44, ""nit"": 10, ""status"": 0, ""success"": true, ""x"": [0.33458809726199107, 0.49411576449898353, 2.0398875350861227]}, {""fun"": 24538.186666865968, ""jac"": [-0.15097612057377324, -0.002546585166304609, 0.0], ""message"": ""CONVERGENCE: REL_REDUCTION_OF_F_<=_FACTR*EPSMCH"", ""method"": ""L-BFGS-B"", ""nfev"": 108, ""nit"": 11, ""status"": 0, ""success"": true, ""x"": [0.314635785436094, 0.4576997978303249, 20.594901686783338]}], ""solver_path"": ""general_convolution"", ""uncertified_profiles"": 0}"
foul_leaves_5_team,team-quarter,2016-17,9840,optimization,FOUL,0,FTA;PERS_FOUL_DRAWN,10,Bernoulli,inf,-inf,[],{},3,False,infeasible_conditional_support,0,0,0,-inf,0.0,0.00021249998826533556,"{""binomial_discrete_residual_mean"": null, ""binomial_discrete_residual_variance"": null, ""binomial_h_extension_used"": null, ""binomial_n_candidates"": 0, ""binomial_n_max"": null, ""binomial_n_min"": null, ""binomial_n_policy"": null, ""binomial_n_tie_break"": null, ""certified_profiles"": 0, ""solver_path"": ""conditional_support_check"", ""support_violating_rows"": 3, ""uncertified_profiles"": 0}"
foul_leaves_5_team,team-quarter,2016-17,9840,optimization,FOUL,0,FTM;PERS_FOUL_DRAWN,12,Poisson,34300.501424721704,-17136.459395875783,"[0.47569309910279517, 0.7041945801797214]","{""lam"": 1.2212507375900592}",3,True,poisson_convex_mle,22,29,2,-17156.898485354744,20.43908947896125,0.035360499983653426,"{""binomial_discrete_residual_mean"": null, ""binomial_discrete_residual_variance"": null, ""binomial_h_extension_used"": null, ""binomial_n_candidates"": 0, ""binomial_n_max"": null, ""binomial_n_min"": null, ""binomial_n_policy"": null, ""binomial_n_tie_break"": null, ""certified_profiles"": 1, ""optimizer_primary_failed_starts"": 0, ""optimizer_primary_successful_starts"": 2, ""optimizer_results"": [{""fun"": 17136.459395875783, ""jac"": [5.460173846927319e-05, 0.00016596769722809768, 0.0002943744771961576], ""message"": ""CONVERGENCE: REL_REDUCTION_OF_F_<=_FACTR*EPSMCH"", ""method"": ""L-BFGS-B"", ""nfev"": 13, ""nit"": 10, ""status"": 0, ""success"": true, ""x"": [1.2212507375900592, 0.47569309910279517, 0.7041945801797214]}, {""fun"": 17136.45939588074, ""jac"": [-0.003972970934899678, -0.021572450181309932, -0.005245048955451637], ""message"": ""CONVERGENCE: REL_REDUCTION_OF_F_<=_FACTR*EPSMCH"", ""method"": ""L-BFGS-B"", ""nfev"": 14, ""nit"": 12, ""status"": 0, ""success"": true, ""x"": [1.2212504652559344, 0.47569263664361894, 0.7041947925872896]}], ""poisson_canonical_agreement_abs"": 0.0, ""solver_path"": ""poisson_convex"", ""uncertified_profiles"": 0}"
foul_leaves_5_team,team-quarter,2016-17,9840,optimization,FOUL,0,FTM;PERS_FOUL_DRAWN,12,NB,34309.71191084581,-17136.46753344281,"[0.4756945562924963, 0.7041971076094082]","{""p"": 0.9999930584316736, ""r"": 175930.208241706}",4,True,optimizer_converged_lbfgsb,19,117,2,-17156.91177435646,20.444240913649992,0.3386970999999903,"{""binomial_discrete_residual_mean"": null, ""binomial_discrete_residual_variance"": null, ""binomial_h_extension_used"": null, ""binomial_n_candidates"": 0, ""binomial_n_max"": null, ""binomial_n_min"": null, ""binomial_n_policy"": null, ""binomial_n_tie_break"": null, ""certified_profiles"": 1, ""optimizer_powell_attempted"": false, ""optimizer_powell_success"": false, ""optimizer_primary_failed_starts"": 0, ""optimizer_primary_successful_starts"": 2, ""optimizer_results"": [{""fun"": 17136.470119450263, ""jac"": [0.004001776689907243, 0.0021827872732870473, 0.0032741806554756193, -0.006548361310951239], ""message"": ""CONVERGENCE: REL_REDUCTION_OF_F_<=_FACTR*EPSMCH"", ""method"": ""L-BFGS-B"", ""nfev"": 50, ""nit"": 8, ""status"": 0, ""success"": true, ""x"": [0.4756953179412773, 0.7041990512572257, 11.801884525933982, 11.602022745724232]}, {""fun"": 17136.46753344281, ""jac"": [-0.0018189894045032922, -0.0018189893944058726, 0.0025465849542588154, 0.0], ""message"": ""CONVERGENCE: REL_REDUCTION_OF_F_<=_FACTR*EPSMCH"", ""method"": ""L-BFGS-B"", ""nfev"": 65, ""nit"": 11, ""status"": 0, ""success"": true, ""x"": [0.4756945562924963, 0.7041971076094082, 12.077842651294677, 11.87797588377349]}], ""solver_path"": ""general_convolution"", ""uncertified_profiles"": 0}"
foul_leaves_5_team,team-quarter,2016-17,9840,optimization,FOUL,0,FTM;PERS_FOUL_DRAWN,12,ZIP,34309.69563909383,-17136.45939756682,"[0.4756930141025521, 0.7041946583974966]","{""lam"": 1.2212510547065516, ""rho"": 1.0000000000000007e-09}",4,True,optimizer_converged_lbfgsb,18,122,2,-17156.898487557162,20.439089990341017,0.11277970002265647,"{""binomial_discrete_residual_mean"": null, ""binomial_discrete_residual_variance"": null, ""binomial_h_extension_used"": null, ""binomial_n_candidates"": 0, ""binomial_n_max"": null, ""binomial_n_min"": null, ""binomial_n_policy"": null, ""binomial_n_tie_break"": null, ""certified_profiles"": 1, ""optimizer_powell_attempted"": false, ""optimizer_powell_success"": false, ""optimizer_primary_failed_starts"": 0, ""optimizer_primary_successful_starts"": 2, ""optimizer_results"": [{""fun"": 17136.45939756682, ""jac"": [0.0, 0.000727595757762349, 0.0003637978809006584, 0.0], ""message"": ""CONVERGENCE: REL_REDUCTION_OF_F_<=_FACTR*EPSMCH"", ""method"": ""L-BFGS-B"", ""nfev"": 55, ""nit"": 7, ""status"": 0, ""success"": true, ""x"": [0.4756930141025521, 0.7041946583974966, 0.19987578800318395, -20.72326583594641]}, {""fun"": 17136.459397567647, ""jac"": [0.005456968213509877, 0.0, 0.0, 0.0], ""message"": ""CONVERGENCE: REL_REDUCTION_OF_F_<=_FACTR*EPSMCH"", ""method"": ""L-BFGS-B"", ""nfev"": 65, ""nit"": 11, ""status"": 0, ""success"": true, ""x"": [0.47569343992361773, 0.704194375467346, 0.19987474470755906, -20.72326583594641]}], ""solver_path"": ""general_convolution"", ""uncertified_profiles"": 0}"
foul_leaves_5_team,team-quarter,2016-17,9840,optimization,FOUL,0,FTM;PERS_FOUL_DRAWN,12,Geom,35199.04592298413,-17585.731645006996,"[0.5808897251335513, 0.9018915991019656]","{""p"": 0.7062424194737517}",3,True,optimizer_converged_lbfgsb,21,114,2,-18489.940531364107,904.2088863571116,0.16736399999354035,"{""binomial_discrete_residual_mean"": null, ""binomial_discrete_residual_variance"": null, ""binomial_h_extension_used"": null, ""binomial_n_candidates"": 0, ""binomial_n_max"": null, ""binomial_n_min"": null, ""binomial_n_policy"": null, ""binomial_n_tie_break"": null, ""certified_profiles"": 1, ""optimizer_powell_attempted"": false, ""optimizer_powell_success"": false, ""optimizer_primary_failed_starts"": 0, ""optimizer_primary_successful_starts"": 2, ""optimizer_results"": [{""fun"": 17585.731645006996, ""jac"": [0.0, -0.0003637978788811745, 0.0003637978788811745], ""message"": ""CONVERGENCE: REL_REDUCTION_OF_F_<=_FACTR*EPSMCH"", ""method"": ""L-BFGS-B"", ""nfev"": 60, ""nit"": 11, ""status"": 0, ""success"": true, ""x"": [0.5808897251335513, 0.9018915991019656, 0.877203677742352]}, {""fun"": 17585.731645030803, ""jac"": [-0.04183675607133507, -0.018917489701821076, 0.0025465851521682217], ""message"": ""CONVERGENCE: REL_REDUCTION_OF_F_<=_FACTR*EPSMCH"", ""method"": ""L-BFGS-B"", ""nfev"": 52, ""nit"": 10, ""status"": 0, ""success"": true, ""x"": [0.5808892347261302, 0.9018901240314644, 0.8772035623290849]}], ""solver_path"": ""general_convolution"", ""uncertified_profiles"": 0}"
foul_leaves_5_team,team-quarter,2016-17,9840,optimization,FOUL,0,FTM;PERS_FOUL_DRAWN,12,Binomial,inf,-inf,[],"{""n"": 2}",3,False,infeasible_conditional_support,0,0,0,-inf,0.0,0.00021169998217374086,"{""binomial_discrete_residual_mean"": 1.4596411694193145, ""binomial_discrete_residual_variance"": -2.2536126152624982, ""binomial_h_extension_used"": true, ""binomial_n_candidates"": 1, ""binomial_n_max"": 2, ""binomial_n_min"": 2, ""binomial_n_policy"": ""paper_H_binomial_discrete_index_continuous_full_mle"", ""binomial_n_tie_break"": ""not_applicable_single_mom_index"", ""certified_profiles"": 0, ""solver_path"": ""conditional_support_check"", ""support_violating_rows"": 3, ""uncertified_profiles"": 0}"
foul_leaves_5_team,team-quarter,2016-17,9840,optimization,FOUL,0,FTM;PERS_FOUL_DRAWN,12,Bernoulli,inf,-inf,[],{},3,False,infeasible_conditional_support,0,0,0,-inf,0.0,3.980001201853156e-05,"{""binomial_discrete_residual_mean"": null, ""binomial_discrete_residual_variance"": null, ""binomial_h_extension_used"": null, ""binomial_n_candidates"": 0, ""binomial_n_max"": null, ""binomial_n_min"": null, ""binomial_n_policy"": null, ""binomial_n_tie_break"": null, ""certified_profiles"": 0, ""solver_path"": ""conditional_support_check"", ""support_violating_rows"": 18, ""uncertified_profiles"": 0}"
foul_leaves_5_team,team-quarter,2016-17,9840,optimization,FOUL,0,FTA;FTM;PERS_FOUL_DRAWN,14,Poisson,33587.68909141593,-16775.456123727872,"[0.42579533916700607, 0.0, 0.6860038335540125]","{""lam"": 0.917298104032618}",4,True,poisson_convex_mle,29,37,2,-16793.719675916887,18.263552189015172,0.0428165000048466,"{""binomial_discrete_residual_mean"": null, ""binomial_discrete_residual_variance"": null, ""binomial_h_extension_used"": null, ""binomial_n_candidates"": 0, ""binomial_n_max"": null, ""binomial_n_min"": null, ""binomial_n_policy"": null, ""binomial_n_tie_break"": null, ""certified_profiles"": 1, ""optimizer_primary_failed_starts"": 0, ""optimizer_primary_successful_starts"": 2, ""optimizer_results"": [{""fun"": 16775.456123727872, ""jac"": [-1.8921112255654293e-05, -3.3169755777606724e-05, 73.92832266107251, -4.590923566460958e-05], ""message"": ""CONVERGENCE: REL_REDUCTION_OF_F_<=_FACTR*EPSMCH"", ""method"": ""L-BFGS-B"", ""nfev"": 14, ""nit"": 11, ""status"": 0, ""success"": true, ""x"": [0.917298104032618, 0.42579533916700607, 0.0, 0.6860038335540125]}, {""fun"": 16775.45612373268, ""jac"": [0.0019388943555105342, -0.002758957150724939, 73.92621364632471, 0.0053718088413621246], ""message"": ""CONVERGENCE: REL_REDUCTION_OF_F_<=_FACTR*EPSMCH"", ""method"": ""L-BFGS-B"", ""nfev"": 21, ""nit"": 18, ""status"": 0, ""success"": true, ""x"": [0.9172996808503646, 0.4257948455504392, 0.0, 0.6860048123584612]}], ""poisson_canonical_agreement_abs"": 0.0, ""solver_path"": ""poisson_convex"", ""uncertified_profiles"": 0}"
foul_leaves_5_team,team-quarter,2016-17,9840,optimization,FOUL,0,FTA;FTM;PERS_FOUL_DRAWN,14,NB,33596.89591028074,-16775.462427665254,"[0.4257968590568618, 0.0, 0.6860051967665785]","{""p"": 0.9999936703950629, ""r"": 144919.10799163277}",5,True,optimizer_converged_lbfgsb,21,158,2,-16793.730959625675,18.26853196042066,0.4622189999790862,"{""binomial_discrete_residual_mean"": null, ""binomial_discrete_residual_variance"": null, ""binomial_h_extension_used"": null, ""binomial_n_candidates"": 0, ""binomial_n_max"": null, ""binomial_n_min"": null, ""binomial_n_policy"": null, ""binomial_n_tie_break"": null, ""certified_profiles"": 1, ""optimizer_powell_attempted"": false, ""optimizer_powell_success"": false, ""optimizer_primary_failed_starts"": 0, ""optimizer_primary_successful_starts"": 2, ""optimizer_results"": [{""fun"": 16775.465299596006, ""jac"": [0.0018189894045032922, 73.92991392407566, -0.000727595757762349, -0.010913935518252066, -0.0032741806554756193], ""message"": ""CONVERGENCE: REL_REDUCTION_OF_F_<=_FACTR*EPSMCH"", ""method"": ""L-BFGS-B"", ""nfev"": 72, ""nit"": 9, ""status"": 0, ""success"": true, ""x"": [0.42579777183430717, 0.0, 0.6860087451967566, 11.508517373639572, 11.59486435065056]}, {""fun"": 16775.462427665254, ""jac"": [-0.004729372451708559, 73.92482075374573, -0.0076397554565046655, -0.0010913935518252066, -0.002182787103650413], ""message"": ""CONVERGENCE: REL_REDUCTION_OF_F_<=_FACTR*EPSMCH"", ""method"": ""L-BFGS-B"", ""nfev"": 84, ""nit"": 12, ""status"": 0, ""success"": true, ""x"": [0.4257968590568618, 0.0, 0.6860051967665785, 11.883930989812267, 11.97026640532685]}], ""solver_path"": ""general_convolution"", ""uncertified_profiles"": 0}"
foul_leaves_5_team,team-quarter,2016-17,9840,optimization,FOUL,0,FTA;FTM;PERS_FOUL_DRAWN,14,ZIP,33596.8833045284,-16775.45612478908,"[0.42579528330290034, 0.0, 0.686004059919766]","{""lam"": 0.9172976286876939, ""rho"": 1.0000000264042237e-09}",5,True,optimizer_converged_lbfgsb,27,194,2,-16793.71967728909,18.26355250000779,0.17727169999852777,"{""binomial_discrete_residual_mean"": null, ""binomial_discrete_residual_variance"": null, ""binomial_h_extension_used"": null, ""binomial_n_candidates"": 0, ""binomial_n_max"": null, ""binomial_n_min"": null, ""binomial_n_policy"": null, ""binomial_n_tie_break"": null, ""certified_profiles"": 1, ""optimizer_powell_attempted"": false, ""optimizer_powell_success"": false, ""optimizer_primary_failed_starts"": 0, ""optimizer_primary_successful_starts"": 2, ""optimizer_results"": [{""fun"": 16775.456124802524, ""jac"": [0.0061845639753111935, 73.93282430712134, -0.0076397554565046655, 0.0014551915236026337, 0.0], ""message"": ""CONVERGENCE: REL_REDUCTION_OF_F_<=_FACTR*EPSMCH"", ""method"": ""L-BFGS-B"", ""nfev"": 84, ""nit"": 11, ""status"": 0, ""success"": true, ""x"": [0.42579547794143396, 0.0, 0.686001079065517, -0.0863185910569028, -20.72326583594641]}, {""fun"": 16775.45612478908, ""jac"": [-0.005820766094410535, 73.92372936010361, -0.0010913936366435237, -0.0010913936427019754, 0.0], ""message"": ""CONVERGENCE: REL_REDUCTION_OF_F_<=_FACTR*EPSMCH"", ""method"": ""L-BFGS-B"", ""nfev"": 108, ""nit"": 16, ""status"": 0, ""success"": true, ""x"": [0.42579528330290034, 0.0, 0.686004059919766, -0.08632329156995151, -20.723265809542188]}], ""solver_path"": ""general_convolution"", ""uncertified_profiles"": 0}"
foul_leaves_5_team,team-quarter,2016-17,9840,optimization,FOUL,0,FTA;FTM;PERS_FOUL_DRAWN,14,Geom,34088.88281495967,-17026.05298549974,"[0.4948580161515127, 0.0, 0.8372546584098451]","{""p"": 0.792719860093331}",4,True,optimizer_converged_lbfgsb,31,177,2,-17664.920790338714,638.8678048389738,0.25673869997262955,"{""binomial_discrete_residual_mean"": null, ""binomial_discrete_residual_variance"": null, ""binomial_h_extension_used"": null, ""binomial_n_candidates"": 0, ""binomial_n_max"": null, ""binomial_n_min"": null, ""binomial_n_policy"": null, ""binomial_n_tie_break"": null, ""certified_profiles"": 1, ""optimizer_powell_attempted"": false, ""optimizer_powell_success"": false, ""optimizer_primary_failed_starts"": 0, ""optimizer_primary_successful_starts"": 2, ""optimizer_results"": [{""fun"": 17026.05298549974, ""jac"": [-0.0007275957618013168, 79.62589734233916, 0.0025465851521682217, 0.0003637978829201424], ""message"": ""CONVERGENCE: REL_REDUCTION_OF_F_<=_FACTR*EPSMCH"", ""method"": ""L-BFGS-B"", ""nfev"": 85, ""nit"": 15, ""status"": 0, ""success"": true, ""x"": [0.4948580161515127, 0.0, 0.8372546584098451, 1.3413986820429793]}, {""fun"": 17026.052985500937, ""jac"": [-0.012369127950622387, 79.61680239532143, -0.001455191515524698, 0.0], ""message"": ""CONVERGENCE: REL_REDUCTION_OF_F_<=_FACTR*EPSMCH"", ""method"": ""L-BFGS-B"", ""nfev"": 90, ""nit"": 16, ""status"": 0, ""success"": true, ""x"": [0.49485796170389257, 0.0, 0.8372545014562376, 1.341400377727985]}], ""solver_path"": ""general_convolution"", ""uncertified_profiles"": 0}"
foul_leaves_5_team,team-quarter,2016-17,9840,optimization,FOUL,0,FTA;FTM;PERS_FOUL_DRAWN,14,Binomial,30883.55326657519,-15423.388211307501,"[0.33458794336036307, 0.0, 0.4941157055012999]","{""n"": 2, ""p"": 0.8849221780086245}",4,True,optimizer_converged_lbfgsb,24,242,2,-16080.933040058379,657.5448287508771,0.5715273999958299,"{""binomial_discrete_residual_mean"": 1.0806545539782118, ""binomial_discrete_residual_variance"": -3.223019713342871, ""binomial_h_extension_used"": true, ""binomial_n_candidates"": 1, ""binomial_n_max"": 2, ""binomial_n_min"": 2, ""binomial_n_policy"": ""paper_H_binomial_discrete_index_continuous_full_mle"", ""binomial_n_tie_break"": ""not_applicable_single_mom_index"", ""certified_profiles"": 1, ""optimizer_powell_attempted"": false, ""optimizer_powell_success"": false, ""optimizer_primary_failed_starts"": 0, ""optimizer_primary_successful_starts"": 2, ""optimizer_results"": [{""fun"": 15423.388211307501, ""jac"": [-0.004729372451708559, 113.52422006893903, -0.0018189894045032922, 0.0007275957658402848], ""message"": ""CONVERGENCE: REL_REDUCTION_OF_F_<=_FACTR*EPSMCH"", ""method"": ""L-BFGS-B"", ""nfev"": 70, ""nit"": 11, ""status"": 0, ""success"": true, ""x"": [0.33458794336036307, 0.0, 0.4941157055012999, 2.0398910942231803]}, {""fun"": 24578.141578455266, ""jac"": [0.0, 128.31405911128968, -0.0007275957618013168, 0.0], ""message"": ""CONVERGENCE: REL_REDUCTION_OF_F_<=_FACTR*EPSMCH"", ""method"": ""L-BFGS-B"", ""nfev"": 170, ""nit"": 13, ""status"": 0, ""success"": true, ""x"": [0.3146380010381444, 0.0, 0.45769529900925104, 20.671151556927022]}], ""solver_path"": ""general_convolution"", ""uncertified_profiles"": 0}"
foul_leaves_5_team,team-quarter,2016-17,9840,optimization,FOUL,0,FTA;FTM;PERS_FOUL_DRAWN,14,Bernoulli,inf,-inf,[],{},4,False,infeasible_conditional_support,0,0,0,-inf,0.0,0.00015430001076310873,"{""binomial_discrete_residual_mean"": null, ""binomial_discrete_residual_variance"": null, ""binomial_h_extension_used"": null, ""binomial_n_candidates"": 0, ""binomial_n_max"": null, ""binomial_n_min"": null, ""binomial_n_policy"": null, ""binomial_n_tie_break"": null, ""certified_profiles"": 0, ""solver_path"": ""conditional_support_check"", ""support_violating_rows"": 3, ""uncertified_profiles"": 0}"
foul_leaves_5_team,team-quarter,2016-17,9840,optimization,FOUL,0,LOOSE_BALL_FOUL_DRAWN,16,Poisson,40828.40789290864,-20405.009735464275,[0.9607708753362816],"{""lam"": 4.234836023864695}",2,True,poisson_convex_mle,9,16,2,-20405.037264781582,0.027529317307198653,0.025412100018002093,"{""binomial_discrete_residual_mean"": null, ""binomial_discrete_residual_variance"": null, ""binomial_h_extension_used"": null, ""binomial_n_candidates"": 0, ""binomial_n_max"": null, ""binomial_n_min"": null, ""binomial_n_policy"": null, ""binomial_n_tie_break"": null, ""certified_profiles"": 1, ""optimizer_primary_failed_starts"": 0, ""optimizer_primary_successful_starts"": 2, ""optimizer_results"": [{""fun"": 20405.009735464275, ""jac"": [-2.0873911488195063e-09, -2.2339931016190917e-09], ""message"": ""CONVERGENCE: NORM_OF_PROJECTED_GRADIENT_<=_PGTOL"", ""method"": ""L-BFGS-B"", ""nfev"": 7, ""nit"": 4, ""status"": 0, ""success"": true, ""x"": [4.234836023864695, 0.9607708753362816]}, {""fun"": 20405.009735464297, ""jac"": [0.00011419249236543916, 0.00017614809975541323], ""message"": ""CONVERGENCE: REL_REDUCTION_OF_F_<=_FACTR*EPSMCH"", ""method"": ""L-BFGS-B"", ""nfev"": 7, ""nit"": 5, ""status"": 0, ""success"": true, ""x"": [4.23483600879116, 0.9607711355373386]}], ""poisson_canonical_agreement_abs"": 0.0, ""solver_path"": ""poisson_convex"", ""uncertified_profiles"": 0}"
foul_leaves_5_team,team-quarter,2016-17,9840,optimization,FOUL,0,LOOSE_BALL_FOUL_DRAWN,16,NB,40837.6154025576,-20405.016384793733,[0.9607732993617981],"{""p"": 0.9999901245453708, ""r"": 428820.16905561514}",3,True,optimizer_converged_lbfgsb,14,82,2,-20405.044006396456,0.027621602723229444,0.2192157999961637,"{""binomial_discrete_residual_mean"": null, ""binomial_discrete_residual_variance"": null, ""binomial_h_extension_used"": null, ""binomial_n_candidates"": 0, ""binomial_n_max"": null, ""binomial_n_min"": null, ""binomial_n_policy"": null, ""binomial_n_tie_break"": null, ""certified_profiles"": 1, ""optimizer_powell_attempted"": false, ""optimizer_powell_success"": false, ""optimizer_primary_failed_starts"": 0, ""optimizer_primary_successful_starts"": 2, ""optimizer_results"": [{""fun"": 20405.016466172456, ""jac"": [0.0010913936366435237, -0.005093169908517631, 0.006548361310951239], ""message"": ""CONVERGENCE: REL_REDUCTION_OF_F_<=_FACTR*EPSMCH"", ""method"": ""L-BFGS-B"", ""nfev"": 40, ""nit"": 7, ""status"": 0, ""success"": true, ""x"": [0.9607756163136109, 12.956629009425763, 11.51328471931647]}, {""fun"": 20405.016384793733, ""jac"": [0.0003637978788811745, 0.0032741806554756193, -0.0047293720579092285], ""message"": ""CONVERGENCE: REL_REDUCTION_OF_F_<=_FACTR*EPSMCH"", ""method"": ""L-BFGS-B"", ""nfev"": 40, ""nit"": 7, ""status"": 0, ""success"": true, ""x"": [0.9607732993617981, 12.968792923676448, 11.525448334335513]}], ""solver_path"": ""general_convolution"", ""uncertified_profiles"": 0}"
foul_leaves_5_team,team-quarter,2016-17,9840,optimization,FOUL,0,LOOSE_BALL_FOUL_DRAWN,16,ZIP,40837.6021129705,-20405.00974000018,[0.9607713319021379],"{""lam"": 4.234835860216201, ""rho"": 1.0000000000000007e-09}",3,True,optimizer_converged_lbfgsb,11,70,2,-20405.037269317174,0.027529316994332476,0.06051179999485612,"{""binomial_discrete_residual_mean"": null, ""binomial_discrete_residual_variance"": null, ""binomial_h_extension_used"": null, ""binomial_n_candidates"": 0, ""binomial_n_max"": null, ""binomial_n_min"": null, ""binomial_n_policy"": null, ""binomial_n_tie_break"": null, ""certified_profiles"": 1, ""optimizer_powell_attempted"": false, ""optimizer_powell_success"": false, ""optimizer_primary_failed_starts"": 0, ""optimizer_primary_successful_starts"": 2, ""optimizer_results"": [{""fun"": 20405.00974000022, ""jac"": [-0.0003637978788811745, -0.001091393648760427, 0.0], ""message"": ""CONVERGENCE: REL_REDUCTION_OF_F_<=_FACTR*EPSMCH"", ""method"": ""L-BFGS-B"", ""nfev"": 32, ""nit"": 5, ""status"": 0, ""success"": true, ""x"": [0.960770305583294, 1.4433446254003914, -20.72326583594641]}, {""fun"": 20405.00974000018, ""jac"": [0.0, 0.0, 0.0], ""message"": ""CONVERGENCE: NORM_OF_PROJECTED_GRADIENT_<=_PGTOL"", ""method"": ""L-BFGS-B"", ""nfev"": 36, ""nit"": 6, ""status"": 0, ""success"": true, ""x"": [0.9607713319021379, 1.4433445694346578, -20.72326583594641]}], ""solver_path"": ""general_convolution"", ""uncertified_profiles"": 0}"
foul_leaves_5_team,team-quarter,2016-17,9840,optimization,FOUL,0,LOOSE_BALL_FOUL_DRAWN,16,Geom,49273.33349362735,-24627.472535823632,[2.5229462461816867],"{""p"": 0.2107027983275797}",2,True,optimizer_converged_lbfgsb,13,53,2,-25112.053728046343,484.58119222271125,0.040024799993261695,"{""binomial_discrete_residual_mean"": null, ""binomial_discrete_residual_variance"": null, ""binomial_h_extension_used"": null, ""binomial_n_candidates"": 0, ""binomial_n_max"": null, ""binomial_n_min"": null, ""binomial_n_policy"": null, ""binomial_n_tie_break"": null, ""certified_profiles"": 1, ""optimizer_powell_attempted"": false, ""optimizer_powell_success"": false, ""optimizer_primary_failed_starts"": 0, ""optimizer_primary_successful_starts"": 2, ""optimizer_results"": [{""fun"": 24627.472535823814, ""jac"": [0.0, -0.0007275957658402848], ""message"": ""CONVERGENCE: REL_REDUCTION_OF_F_<=_FACTR*EPSMCH"", ""method"": ""L-BFGS-B"", ""nfev"": 24, ""nit"": 6, ""status"": 0, ""success"": true, ""x"": [2.522948186035676, -1.320694128409195]}, {""fun"": 24627.472535823632, ""jac"": [-0.0003637978829201424, -0.0014551915316805696], ""message"": ""CONVERGENCE: REL_REDUCTION_OF_F_<=_FACTR*EPSMCH"", ""method"": ""L-BFGS-B"", ""nfev"": 27, ""nit"": 7, ""status"": 0, ""success"": true, ""x"": [2.5229462461816867, -1.320694329558785]}], ""solver_path"": ""general_convolution"", ""uncertified_profiles"": 0}"
foul_leaves_5_team,team-quarter,2016-17,9840,optimization,FOUL,0,LOOSE_BALL_FOUL_DRAWN,16,Binomial,40729.06927858632,-20355.340428303116,[0.9373911604788137],"{""n"": 24, ""p"": 0.17675632005077457}",2,True,optimizer_converged_lbfgsb,12,53,2,-20355.401542683976,0.06111438086009002,0.2451967999804765,"{""binomial_discrete_residual_mean"": 4.237908792769613, ""binomial_discrete_residual_variance"": 3.4932158122565604, ""binomial_h_extension_used"": false, ""binomial_n_candidates"": 1, ""binomial_n_max"": 24, ""binomial_n_min"": 24, ""binomial_n_policy"": ""paper_H_binomial_discrete_index_continuous_full_mle"", ""binomial_n_tie_break"": ""not_applicable_single_mom_index"", ""certified_profiles"": 1, ""optimizer_powell_attempted"": false, ""optimizer_powell_success"": false, ""optimizer_primary_failed_starts"": 0, ""optimizer_primary_successful_starts"": 2, ""optimizer_results"": [{""fun"": 20355.34042830312, ""jac"": [-0.0003637978788811745, 0.002182787297520854], ""message"": ""CONVERGENCE: REL_REDUCTION_OF_F_<=_FACTR*EPSMCH"", ""method"": ""L-BFGS-B"", ""nfev"": 27, ""nit"": 6, ""status"": 0, ""success"": true, ""x"": [0.9373912386081452, -1.5384801506713073]}, {""fun"": 20355.340428303116, ""jac"": [0.0, 0.0003637978829201424], ""message"": ""CONVERGENCE: REL_REDUCTION_OF_F_<=_FACTR*EPSMCH"", ""method"": ""L-BFGS-B"", ""nfev"": 24, ""nit"": 6, ""status"": 0, ""success"": true, ""x"": [0.9373911604788137, -1.538480183131744]}], ""solver_path"": ""general_convolution"", ""uncertified_profiles"": 0}"
foul_leaves_5_team,team-quarter,2016-17,9840,optimization,FOUL,0,LOOSE_BALL_FOUL_DRAWN,16,Bernoulli,inf,-inf,[],{},2,False,infeasible_conditional_support,0,0,0,-inf,0.0,0.00019350001821294427,"{""binomial_discrete_residual_mean"": null, ""binomial_discrete_residual_variance"": null, ""binomial_h_extension_used"": null, ""binomial_n_candidates"": 0, ""binomial_n_max"": null, ""binomial_n_min"": null, ""binomial_n_policy"": null, ""binomial_n_tie_break"": null, ""certified_profiles"": 0, ""solver_path"": ""conditional_support_check"", ""support_violating_rows"": 6759, ""uncertified_profiles"": 0}"
foul_leaves_5_team,team-quarter,2016-17,9840,optimization,FOUL,0,FTA;LOOSE_BALL_FOUL_DRAWN,18,Poisson,34984.7978380858,-17478.60760255783,"[0.4567624618477298, 0.6575394457327091]","{""lam"": 1.7176784112102115}",3,True,poisson_convex_mle,24,32,2,-17479.262624818464,0.6550222606347234,0.041186499991454184,"{""binomial_discrete_residual_mean"": null, ""binomial_discrete_residual_variance"": null, ""binomial_h_extension_used"": null, ""binomial_n_candidates"": 0, ""binomial_n_max"": null, ""binomial_n_min"": null, ""binomial_n_policy"": null, ""binomial_n_tie_break"": null, ""certified_profiles"": 1, ""optimizer_primary_failed_starts"": 0, ""optimizer_primary_successful_starts"": 2, ""optimizer_results"": [{""fun"": 17478.60760255783, ""jac"": [6.277443134194982e-07, 1.925787046275218e-06, 1.2767610854780287e-05], ""message"": ""CONVERGENCE: REL_REDUCTION_OF_F_<=_FACTR*EPSMCH"", ""method"": ""L-BFGS-B"", ""nfev"": 9, ""nit"": 6, ""status"": 0, ""success"": true, ""x"": [1.7176784112102115, 0.4567624618477298, 0.6575394457327091]}, {""fun"": 17478.607602661687, ""jac"": [-0.017966527984356162, -0.09287681059754505, 0.002054044095642027], ""message"": ""CONVERGENCE: REL_REDUCTION_OF_F_<=_FACTR*EPSMCH"", ""method"": ""L-BFGS-B"", ""nfev"": 21, ""nit"": 18, ""status"": 0, ""success"": true, ""x"": [1.7176715082199496, 0.4567618005955248, 0.6575502258102028]}], ""poisson_canonical_agreement_abs"": 0.0, ""solver_path"": ""poisson_convex"", ""uncertified_profiles"": 0}"
foul_leaves_5_team,team-quarter,2016-17,9840,optimization,FOUL,0,FTA;LOOSE_BALL_FOUL_DRAWN,18,NB,34994.01531460664,-17478.619235323225,"[0.45676370570006436, 0.6575418283319108]","{""p"": 0.9999920301906046, ""r"": 215520.52170162374}",4,True,optimizer_converged_lbfgsb,19,122,2,-17479.277258266433,0.6580229432074702,0.35972140001831576,"{""binomial_discrete_residual_mean"": null, ""binomial_discrete_residual_variance"": null, ""binomial_h_extension_used"": null, ""binomial_n_candidates"": 0, ""binomial_n_max"": null, ""binomial_n_min"": null, ""binomial_n_policy"": null, ""binomial_n_tie_break"": null, ""certified_profiles"": 1, ""optimizer_powell_attempted"": false, ""optimizer_powell_success"": false, ""optimizer_primary_failed_starts"": 0, ""optimizer_primary_successful_starts"": 2, ""optimizer_results"": [{""fun"": 17478.622178238373, ""jac"": [0.0, 0.0003637978788811745, -0.005093169908517631, -0.01346052047251088], ""message"": ""CONVERGENCE: REL_REDUCTION_OF_F_<=_FACTR*EPSMCH"", ""method"": ""L-BFGS-B"", ""nfev"": 45, ""nit"": 6, ""status"": 0, ""success"": true, ""x"": [0.4567639159533374, 0.6575425432959249, 12.05528133352142, 11.514312436876661]}, {""fun"": 17478.619235323225, ""jac"": [-0.002546585166304609, 0.0, -0.0047293720579092285, -0.006912159161559641], ""message"": ""CONVERGENCE: REL_REDUCTION_OF_F_<=_FACTR*EPSMCH"", ""method"": ""L-BFGS-B"", ""nfev"": 75, ""nit"": 13, ""status"": 0, ""success"": true, ""x"": [0.45676370570006436, 0.6575418283319108, 12.28081141230581, 11.73984201084651]}], ""solver_path"": ""general_convolution"", ""uncertified_profiles"": 0}"
foul_leaves_5_team,team-quarter,2016-17,9840,optimization,FOUL,0,FTA;LOOSE_BALL_FOUL_DRAWN,18,ZIP,34993.99205481259,-17478.6076054262,"[0.45676245210880734, 0.6575395852173476]","{""lam"": 1.717678415617971, ""rho"": 1.0000000000000007e-09}",4,True,optimizer_converged_lbfgsb,19,127,2,-17479.26262769869,0.6550222724872583,0.11719090002588928,"{""binomial_discrete_residual_mean"": null, ""binomial_discrete_residual_variance"": null, ""binomial_h_extension_used"": null, ""binomial_n_candidates"": 0, ""binomial_n_max"": null, ""binomial_n_min"": null, ""binomial_n_policy"": null, ""binomial_n_tie_break"": null, ""certified_profiles"": 1, ""optimizer_powell_attempted"": false, ""optimizer_powell_success"": false, ""optimizer_primary_failed_starts"": 0, ""optimizer_primary_successful_starts"": 2, ""optimizer_results"": [{""fun"": 17478.6076054262, ""jac"": [-0.0003637978809006584, 0.0, -0.0003637978788811745, 0.0], ""message"": ""CONVERGENCE: REL_REDUCTION_OF_F_<=_FACTR*EPSMCH"", ""method"": ""L-BFGS-B"", ""nfev"": 45, ""nit"": 6, ""status"": 0, ""success"": true, ""x"": [0.45676245210880734, 0.6575395852173476, 0.5409736207193842, -20.72326583594641]}, {""fun"": 17478.607605436395, ""jac"": [0.008367351260715144, -0.002910383031049396, 0.001455191515524698, 0.0], ""message"": ""CONVERGENCE: REL_REDUCTION_OF_F_<=_FACTR*EPSMCH"", ""method"": ""L-BFGS-B"", ""nfev"": 80, ""nit"": 13, ""status"": 0, ""success"": true, ""x"": [0.4567627274167618, 0.6575338733692586, 0.5409739047101155, -20.72326583594641]}], ""solver_path"": ""general_convolution"", ""uncertified_profiles"": 0}"
foul_leaves_5_team,team-quarter,2016-17,9840,optimization,FOUL,0,FTA;LOOSE_BALL_FOUL_DRAWN,18,Geom,36887.87329319293,-18430.145330111398,"[0.6059161222252737, 0.9514214261782953]","{""p"": 0.5640886444873981}",3,True,optimizer_converged_lbfgsb,23,114,2,-19218.21240018827,788.0670700768715,0.16666490002535284,"{""binomial_discrete_residual_mean"": null, ""binomial_discrete_residual_variance"": null, ""binomial_h_extension_used"": null, ""binomial_n_candidates"": 0, ""binomial_n_max"": null, ""binomial_n_min"": null, ""binomial_n_policy"": null, ""binomial_n_tie_break"": null, ""certified_profiles"": 1, ""optimizer_powell_attempted"": false, ""optimizer_powell_success"": false, ""optimizer_primary_failed_starts"": 0, ""optimizer_primary_successful_starts"": 2, ""optimizer_results"": [{""fun"": 18430.14533011159, ""jac"": [0.0010913936366435237, 0.0, 0.0], ""message"": ""CONVERGENCE: REL_REDUCTION_OF_F_<=_FACTR*EPSMCH"", ""method"": ""L-BFGS-B"", ""nfev"": 56, ""nit"": 12, ""status"": 0, ""success"": true, ""x"": [0.6059161694379194, 0.9514219125143362, 0.2577730585908056]}, {""fun"": 18430.145330111398, ""jac"": [0.0, -0.0003637978788811745, 0.0003637978809006584], ""message"": ""CONVERGENCE: REL_REDUCTION_OF_F_<=_FACTR*EPSMCH"", ""method"": ""L-BFGS-B"", ""nfev"": 56, ""nit"": 11, ""status"": 0, ""success"": true, ""x"": [0.6059161222252737, 0.9514214261782953, 0.25777250059128165]}], ""solver_path"": ""general_convolution"", ""uncertified_profiles"": 0}"
foul_leaves_5_team,team-quarter,2016-17,9840,optimization,FOUL,0,FTA;LOOSE_BALL_FOUL_DRAWN,18,Binomial,inf,-inf,[],"{""n"": 2}",3,False,infeasible_conditional_support,0,0,0,-inf,0.0,0.00027279998175799847,"{""binomial_discrete_residual_mean"": 1.7224614151928237, ""binomial_discrete_residual_variance"": -1.7990701268231053, ""binomial_h_extension_used"": true, ""binomial_n_candidates"": 1, ""binomial_n_max"": 2, ""binomial_n_min"": 2, ""binomial_n_policy"": ""paper_H_binomial_discrete_index_continuous_full_mle"", ""binomial_n_tie_break"": ""not_applicable_single_mom_index"", ""certified_profiles"": 0, ""solver_path"": ""conditional_support_check"", ""support_violating_rows"": 91, ""uncertified_profiles"": 0}"
foul_leaves_5_team,team-quarter,2016-17,9840,optimization,FOUL,0,FTA;LOOSE_BALL_FOUL_DRAWN,18,Bernoulli,inf,-inf,[],{},3,False,infeasible_conditional_support,0,0,0,-inf,0.0,9.470002260059118e-05,"{""binomial_discrete_residual_mean"": null, ""binomial_discrete_residual_variance"": null, ""binomial_h_extension_used"": null, ""binomial_n_candidates"": 0, ""binomial_n_max"": null, ""binomial_n_min"": null, ""binomial_n_policy"": null, ""binomial_n_tie_break"": null, ""certified_profiles"": 0, ""solver_path"": ""conditional_support_check"", ""support_violating_rows"": 197, ""uncertified_profiles"": 0}"
foul_leaves_5_team,team-quarter,2016-17,9840,optimization,FOUL,0,FTM;LOOSE_BALL_FOUL_DRAWN,20,Poisson,35755.33800931799,-17863.877688173925,"[0.5211069160061824, 0.710530689221873]","{""lam"": 2.0130649476947693}",3,True,poisson_convex_mle,30,36,2,-17864.434555288382,0.5568671144574182,0.041798099991865456,"{""binomial_discrete_residual_mean"": null, ""binomial_discrete_residual_variance"": null, ""binomial_h_extension_used"": null, ""binomial_n_candidates"": 0, ""binomial_n_max"": null, ""binomial_n_min"": null, ""binomial_n_policy"": null, ""binomial_n_tie_break"": null, ""certified_profiles"": 1, ""optimizer_primary_failed_starts"": 0, ""optimizer_primary_successful_starts"": 2, ""optimizer_results"": [{""fun"": 17863.87768817596, ""jac"": [0.0023290418445753858, 0.002111748562640514, 0.0016568418860245515], ""message"": ""CONVERGENCE: REL_REDUCTION_OF_F_<=_FACTR*EPSMCH"", ""method"": ""L-BFGS-B"", ""nfev"": 15, ""nit"": 13, ""status"": 0, ""success"": true, ""x"": [2.0130681989476273, 0.5211062460958629, 0.7105324482381276]}, {""fun"": 17863.877688173925, ""jac"": [-0.0011087889881338242, 0.0018271062583608, -9.379225140193626e-05], ""message"": ""CONVERGENCE: REL_REDUCTION_OF_F_<=_FACTR*EPSMCH"", ""method"": ""L-BFGS-B"", ""nfev"": 19, ""nit"": 17, ""status"": 0, ""success"": true, ""x"": [2.0130649476947693, 0.5211069160061824, 0.710530689221873]}], ""poisson_canonical_agreement_abs"": 0.0, ""solver_path"": ""poisson_convex"", ""uncertified_profiles"": 0}"
foul_leaves_5_team,team-quarter,2016-17,9840,optimization,FOUL,0,FTM;LOOSE_BALL_FOUL_DRAWN,20,NB,35764.557459084885,-17863.89030756235,"[0.5211079661875814, 0.7105342902803813]","{""p"": 0.9999916901641809, ""r"": 242248.34385970645}",4,True,optimizer_converged_lbfgsb,21,132,2,-17864.449897613755,0.5595900514053938,0.41603540000505745,"{""binomial_discrete_residual_mean"": null, ""binomial_discrete_residual_variance"": null, ""binomial_h_extension_used"": null, ""binomial_n_candidates"": 0, ""binomial_n_max"": null, ""binomial_n_min"": null, ""binomial_n_policy"": null, ""binomial_n_tie_break"": null, ""certified_profiles"": 1, ""optimizer_powell_attempted"": false, ""optimizer_powell_success"": false, ""optimizer_primary_failed_starts"": 0, ""optimizer_primary_successful_starts"": 2, ""optimizer_results"": [{""fun"": 17863.89276347205, ""jac"": [-0.003274180909930571, 0.003274180909930571, -0.008731148414601653, -0.010550137667643664], ""message"": ""CONVERGENCE: REL_REDUCTION_OF_F_<=_FACTR*EPSMCH"", ""method"": ""L-BFGS-B"", ""nfev"": 60, ""nit"": 9, ""status"": 0, ""success"": true, ""x"": [0.5211082840315504, 0.7105396531213245, 12.219894428488061, 11.520239959662398]}, {""fun"": 17863.89030756235, ""jac"": [0.0040017766676929195, 0.0010913936366435237, -0.00036379785060840214, -0.01346052047251088], ""message"": ""CONVERGENCE: REL_REDUCTION_OF_F_<=_FACTR*EPSMCH"", ""method"": ""L-BFGS-B"", ""nfev"": 70, ""nit"": 12, ""status"": 0, ""success"": true, ""x"": [0.5211079661875814, 0.7105342902803813, 12.397718693237204, 11.698062396440402]}], ""solver_path"": ""general_convolution"", ""uncertified_profiles"": 0}"
foul_leaves_5_team,team-quarter,2016-17,9840,optimization,FOUL,0,FTM;LOOSE_BALL_FOUL_DRAWN,20,ZIP,35764.53222723753,-17863.87769163867,"[0.5211066494530024, 0.710531787973719]","{""lam"": 2.013065950254264, ""rho"": 1.0000000000000007e-09}",4,True,optimizer_converged_lbfgsb,20,122,2,-17864.434558821195,0.5568671825240017,0.11656340002082288,"{""binomial_discrete_residual_mean"": null, ""binomial_discrete_residual_variance"": null, ""binomial_h_extension_used"": null, ""binomial_n_candidates"": 0, ""binomial_n_max"": null, ""binomial_n_min"": null, ""binomial_n_policy"": null, ""binomial_n_tie_break"": null, ""certified_profiles"": 1, ""optimizer_powell_attempted"": false, ""optimizer_powell_success"": false, ""optimizer_primary_failed_starts"": 0, ""optimizer_primary_successful_starts"": 2, ""optimizer_results"": [{""fun"": 17863.87769163867, ""jac"": [0.0003637978788811745, 0.000727595757762349, -0.000727595757762349, 0.0], ""message"": ""CONVERGENCE: REL_REDUCTION_OF_F_<=_FACTR*EPSMCH"", ""method"": ""L-BFGS-B"", ""nfev"": 50, ""nit"": 8, ""status"": 0, ""success"": true, ""x"": [0.5211066494530024, 0.710531787973719, 0.6996589082939935, -20.72326583594641]}, {""fun"": 17863.877691643112, ""jac"": [-0.005456968183217618, 0.001455191515524698, -0.004729372425455269, 0.0], ""message"": ""CONVERGENCE: REL_REDUCTION_OF_F_<=_FACTR*EPSMCH"", ""method"": ""L-BFGS-B"", ""nfev"": 70, ""nit"": 12, ""status"": 0, ""success"": true, ""x"": [0.5211066975055348, 0.7105339342940442, 0.6996581053914112, -20.72326583594641]}], ""solver_path"": ""general_convolution"", ""uncertified_profiles"": 0}"
foul_leaves_5_team,team-quarter,2016-17,9840,optimization,FOUL,0,FTM;LOOSE_BALL_FOUL_DRAWN,20,Geom,38260.62235252683,-19116.519859778346,"[0.7284240564213595, 1.0764247046979178]","{""p"": 0.5041559047791673}",3,True,optimizer_converged_lbfgsb,20,106,2,-20029.314455376607,912.7945955982614,0.14998630003537983,"{""binomial_discrete_residual_mean"": null, ""binomial_discrete_residual_variance"": null, ""binomial_h_extension_used"": null, ""binomial_n_candidates"": 0, ""binomial_n_max"": null, ""binomial_n_min"": null, ""binomial_n_policy"": null, ""binomial_n_tie_break"": null, ""certified_profiles"": 1, ""optimizer_powell_attempted"": false, ""optimizer_powell_success"": false, ""optimizer_primary_failed_starts"": 0, ""optimizer_primary_successful_starts"": 2, ""optimizer_results"": [{""fun"": 19116.519859778346, ""jac"": [-0.0018189893944058726, 0.0, 0.0007275957612964458], ""message"": ""CONVERGENCE: REL_REDUCTION_OF_F_<=_FACTR*EPSMCH"", ""method"": ""L-BFGS-B"", ""nfev"": 52, ""nit"": 10, ""status"": 0, ""success"": true, ""x"": [0.7284240564213595, 1.0764247046979178, 0.01662400195330887]}, {""fun"": 19116.51985978432, ""jac"": [0.010186340608672887, -0.001091393648760427, -0.004365574567778675], ""message"": ""CONVERGENCE: REL_REDUCTION_OF_F_<=_FACTR*EPSMCH"", ""method"": ""L-BFGS-B"", ""nfev"": 52, ""nit"": 10, ""status"": 0, ""success"": true, ""x"": [0.7284242473626021, 1.0764217173441617, 0.016622171857362956]}], ""solver_path"": ""general_convolution"", ""uncertified_profiles"": 0}"
foul_leaves_5_team,team-quarter,2016-17,9840,optimization,FOUL,0,FTM;LOOSE_BALL_FOUL_DRAWN,20,Binomial,inf,-inf,[],"{""n"": 3}",3,False,infeasible_conditional_support,0,0,0,-inf,0.0,0.0002961999853141606,"{""binomial_discrete_residual_mean"": 2.0426397593601937, ""binomial_discrete_residual_variance"": -1.1050471157173805, ""binomial_h_extension_used"": true, ""binomial_n_candidates"": 1, ""binomial_n_max"": 3, ""binomial_n_min"": 3, ""binomial_n_policy"": ""paper_H_binomial_discrete_index_continuous_full_mle"", ""binomial_n_tie_break"": ""not_applicable_single_mom_index"", ""certified_profiles"": 0, ""solver_path"": ""conditional_support_check"", ""support_violating_rows"": 55, ""uncertified_profiles"": 0}"
foul_leaves_5_team,team-quarter,2016-17,9840,optimization,FOUL,0,FTM;LOOSE_BALL_FOUL_DRAWN,20,Bernoulli,inf,-inf,[],{},3,False,infeasible_conditional_support,0,0,0,-inf,0.0,0.00013760000001639128,"{""binomial_discrete_residual_mean"": null, ""binomial_discrete_residual_variance"": null, ""binomial_h_extension_used"": null, ""binomial_n_candidates"": 0, ""binomial_n_max"": null, ""binomial_n_min"": null, ""binomial_n_policy"": null, ""binomial_n_tie_break"": null, ""certified_profiles"": 0, ""solver_path"": ""conditional_support_check"", ""support_violating_rows"": 312, ""uncertified_profiles"": 0}"
foul_leaves_5_team,team-quarter,2016-17,9840,optimization,FOUL,0,FTA;FTM;LOOSE_BALL_FOUL_DRAWN,22,Poisson,34993.99204907592,-17478.607602557866,"[0.4567624593123123, 0.0, 0.6575392182895531]","{""lam"": 1.7176783520798375}",4,True,poisson_convex_mle,33,40,2,-17485.03339610897,6.425793551105016,0.04999349999707192,"{""binomial_discrete_residual_mean"": null, ""binomial_discrete_residual_variance"": null, ""binomial_h_extension_used"": null, ""binomial_n_candidates"": 0, ""binomial_n_max"": null, ""binomial_n_min"": null, ""binomial_n_policy"": null, ""binomial_n_tie_break"": null, ""certified_profiles"": 1, ""optimizer_primary_failed_starts"": 0, ""optimizer_primary_successful_starts"": 2, ""optimizer_results"": [{""fun"": 17478.607602557866, ""jac"": [-0.00032131674013147205, -0.001581480002229796, 43.64371191414347, -0.00021318612214038524], ""message"": ""CONVERGENCE: REL_REDUCTION_OF_F_<=_FACTR*EPSMCH"", ""method"": ""L-BFGS-B"", ""nfev"": 15, ""nit"": 13, ""status"": 0, ""success"": true, ""x"": [1.7176783520798375, 0.4567624593123123, 0.0, 0.6575392182895531]}, {""fun"": 17478.607602560172, ""jac"": [-0.0006989127757668356, -0.010111122420696006, 43.63708117146129, 0.0010221747266081493], ""message"": ""CONVERGENCE: REL_REDUCTION_OF_F_<=_FACTR*EPSMCH"", ""method"": ""L-BFGS-B"", ""nfev"": 23, ""nit"": 20, ""status"": 0, ""success"": true, ""x"": [1.7176788696613343, 0.4567621772938464, 0.0, 0.6575415060950802]}], ""poisson_canonical_agreement_abs"": 0.0, ""solver_path"": ""poisson_convex"", ""uncertified_profiles"": 0}"
foul_leaves_5_team,team-quarter,2016-17,9840,optimization,FOUL,0,FTA;FTM;LOOSE_BALL_FOUL_DRAWN,22,NB,35003.20980544498,-17478.619375247374,"[0.4567639576586918, 0.0, 0.6575440412839122]","{""p"": 0.9999919343314785, ""r"": 212958.8009052358}",5,True,optimizer_converged_lbfgsb,25,188,2,-17485.047368720538,6.427993473163951,0.5784359999815933,"{""binomial_discrete_residual_mean"": null, ""binomial_discrete_residual_variance"": null, ""binomial_h_extension_used"": null, ""binomial_n_candidates"": 0, ""binomial_n_max"": null, ""binomial_n_min"": null, ""binomial_n_policy"": null, ""binomial_n_tie_break"": null, ""certified_profiles"": 1, ""optimizer_powell_attempted"": false, ""optimizer_powell_success"": false, ""optimizer_primary_failed_starts"": 0, ""optimizer_primary_successful_starts"": 2, ""optimizer_results"": [{""fun"": 17478.62263306263, ""jac"": [-0.002546585166304609, 43.642285163514316, 0.0, -0.00836735056399325, -0.010186339817035261], ""message"": ""CONVERGENCE: REL_REDUCTION_OF_F_<=_FACTR*EPSMCH"", ""method"": ""L-BFGS-B"", ""nfev"": 78, ""nit"": 10, ""status"": 0, ""success"": true, ""x"": [0.45676405508238044, 0.0, 0.6575432504803951, 12.02455327553641, 11.483585104149109]}, {""fun"": 17478.619375247374, ""jac"": [-0.0007275957618013168, 43.64410415291786, 0.0010913936366435237, -0.010186339817035261, -0.0007275957012168043], ""message"": ""CONVERGENCE: REL_REDUCTION_OF_F_<=_FACTR*EPSMCH"", ""method"": ""L-BFGS-B"", ""nfev"": 108, ""nit"": 15, ""status"": 0, ""success"": true, ""x"": [0.4567639576586918, 0.0, 0.6575440412839122, 12.268854003002811, 11.727885892424512]}], ""solver_path"": ""general_convolution"", ""uncertified_profiles"": 0}"
foul_leaves_5_team,team-quarter,2016-17,9840,optimization,FOUL,0,FTA;FTM;LOOSE_BALL_FOUL_DRAWN,22,ZIP,35003.18626580262,-17478.607605426194,"[0.4567624642455503, 0.0, 0.65753950156361]","{""lam"": 1.7176783401698048, ""rho"": 1.000000005643323e-09}",5,True,optimizer_converged_lbfgsb,26,188,2,-17485.033398760424,6.425793334230548,0.1761500999564305,"{""binomial_discrete_residual_mean"": null, ""binomial_discrete_residual_variance"": null, ""binomial_h_extension_used"": null, ""binomial_n_candidates"": 0, ""binomial_n_max"": null, ""binomial_n_min"": null, ""binomial_n_policy"": null, ""binomial_n_tie_break"": null, ""certified_profiles"": 1, ""optimizer_powell_attempted"": false, ""optimizer_powell_success"": false, ""optimizer_primary_failed_starts"": 0, ""optimizer_primary_successful_starts"": 2, ""optimizer_results"": [{""fun"": 17478.607605426816, ""jac"": [0.005093170332609218, 43.64883352536708, 0.0010913936366435237, 0.0018189893944058726, 0.0], ""message"": ""CONVERGENCE: REL_REDUCTION_OF_F_<=_FACTR*EPSMCH"", ""method"": ""L-BFGS-B"", ""nfev"": 78, ""nit"": 11, ""status"": 0, ""success"": true, ""x"": [0.4567624808599187, 0.0, 0.6575406214528687, 0.540973605288025, -20.72326583594641]}, {""fun"": 17478.607605426194, ""jac"": [0.0, 43.64483174867928, 0.0, 0.0, 0.0], ""message"": ""CONVERGENCE: NORM_OF_PROJECTED_GRADIENT_<=_PGTOL"", ""method"": ""L-BFGS-B"", ""nfev"": 108, ""nit"": 15, ""status"": 0, ""success"": true, ""x"": [0.4567624642455503, 0.0, 0.65753950156361, 0.5409735767948828, -20.723265830303088]}], ""solver_path"": ""general_convolution"", ""uncertified_profiles"": 0}"
foul_leaves_5_team,team-quarter,2016-17,9840,optimization,FOUL,0,FTA;FTM;LOOSE_BALL_FOUL_DRAWN,22,Geom,36897.06750418529,-18430.14533011255,"[0.6059160553776171, 0.0, 0.9514229523524259]","{""p"": 0.5640888564681316}",4,True,optimizer_converged_lbfgsb,30,172,2,-19074.53934727927,644.39401716672,0.24638829997275025,"{""binomial_discrete_residual_mean"": null, ""binomial_discrete_residual_variance"": null, ""binomial_h_extension_used"": null, ""binomial_n_candidates"": 0, ""binomial_n_max"": null, ""binomial_n_min"": null, ""binomial_n_policy"": null, ""binomial_n_tie_break"": null, ""certified_profiles"": 1, ""optimizer_powell_attempted"": false, ""optimizer_powell_success"": false, ""optimizer_primary_failed_starts"": 0, ""optimizer_primary_successful_starts"": 2, ""optimizer_results"": [{""fun"": 18430.145330113308, ""jac"": [0.003637978788811745, 32.58537617512047, 0.0018189893944058726, -0.0010913936427019754], ""message"": ""CONVERGENCE: REL_REDUCTION_OF_F_<=_FACTR*EPSMCH"", ""method"": ""L-BFGS-B"", ""nfev"": 75, ""nit"": 13, ""status"": 0, ""success"": true, ""x"": [0.6059160400122159, 0.0, 0.9514239549898867, 0.2577721326443852]}, {""fun"": 18430.14533011255, ""jac"": [-0.005456968183217618, 32.57810021750629, 0.000727595757762349, 0.0014551915236026337], ""message"": ""CONVERGENCE: REL_REDUCTION_OF_F_<=_FACTR*EPSMCH"", ""method"": ""L-BFGS-B"", ""nfev"": 95, ""nit"": 17, ""status"": 0, ""success"": true, ""x"": [0.6059160553776171, 0.0, 0.9514229523524259, 0.2577733626778427]}], ""solver_path"": ""general_convolution"", ""uncertified_profiles"": 0}"
foul_leaves_5_team,team-quarter,2016-17,9840,optimization,FOUL,0,FTA;FTM;LOOSE_BALL_FOUL_DRAWN,22,Binomial,inf,-inf,[],"{""n"": 2}",4,False,infeasible_conditional_support,0,0,0,-inf,0.0,0.0004685999592766166,"{""binomial_discrete_residual_mean"": 1.6197011946555957, ""binomial_discrete_residual_variance"": -2.1318439736505543, ""binomial_h_extension_used"": true, ""binomial_n_candidates"": 1, ""binomial_n_max"": 2, ""binomial_n_min"": 2, ""binomial_n_policy"": ""paper_H_binomial_discrete_index_continuous_full_mle"", ""binomial_n_tie_break"": ""not_applicable_single_mom_index"", ""certified_profiles"": 0, ""solver_path"": ""conditional_support_check"", ""support_violating_rows"": 91, ""uncertified_profiles"": 0}"
foul_leaves_5_team,team-quarter,2016-17,9840,optimization,FOUL,0,FTA;FTM;LOOSE_BALL_FOUL_DRAWN,22,Bernoulli,inf,-inf,[],{},4,False,infeasible_conditional_support,0,0,0,-inf,0.0,0.00011720001930370927,"{""binomial_discrete_residual_mean"": null, ""binomial_discrete_residual_variance"": null, ""binomial_h_extension_used"": null, ""binomial_n_candidates"": 0, ""binomial_n_max"": null, ""binomial_n_min"": null, ""binomial_n_policy"": null, ""binomial_n_tie_break"": null, ""certified_profiles"": 0, ""solver_path"": ""conditional_support_check"", ""support_violating_rows"": 197, ""uncertified_profiles"": 0}"
foul_leaves_5_team,team-quarter,2016-17,9840,optimization,FOUL,0,PERS_FOUL_DRAWN;LOOSE_BALL_FOUL_DRAWN,24,Poisson,37663.39675514232,-18817.90706108609,"[0.8928391961423441, 0.9516791213349509]","{""lam"": 2.697714860456253}",3,True,poisson_convex_mle,14,22,2,-18817.980086358057,0.07302527196588926,0.026490500022191554,"{""binomial_discrete_residual_mean"": null, ""binomial_discrete_residual_variance"": null, ""binomial_h_extension_used"": null, ""binomial_n_candidates"": 0, ""binomial_n_max"": null, ""binomial_n_min"": null, ""binomial_n_policy"": null, ""binomial_n_tie_break"": null, ""certified_profiles"": 1, ""optimizer_primary_failed_starts"": 0, ""optimizer_primary_successful_starts"": 2, ""optimizer_results"": [{""fun"": 18817.90706108609, ""jac"": [0.00015051787525521831, 0.000375998067255523, 0.0003537406460836223], ""message"": ""CONVERGENCE: REL_REDUCTION_OF_F_<=_FACTR*EPSMCH"", ""method"": ""L-BFGS-B"", ""nfev"": 9, ""nit"": 6, ""status"": 0, ""success"": true, ""x"": [2.697714860456253, 0.8928391961423441, 0.9516791213349509]}, {""fun"": 18817.90706108609, ""jac"": [2.211831820631005e-05, 4.0218852802809124e-05, 0.00033024151157690085], ""message"": ""CONVERGENCE: REL_REDUCTION_OF_F_<=_FACTR*EPSMCH"", ""method"": ""L-BFGS-B"", ""nfev"": 11, ""nit"": 8, ""status"": 0, ""success"": true, ""x"": [2.6977148614520243, 0.8928391530476479, 0.9516791385674692]}], ""poisson_canonical_agreement_abs"": 0.0, ""solver_path"": ""poisson_convex"", ""uncertified_profiles"": 0}"
foul_leaves_5_team,team-quarter,2016-17,9840,optimization,FOUL,0,PERS_FOUL_DRAWN;LOOSE_BALL_FOUL_DRAWN,24,NB,37672.61420233768,-18817.918679188748,"[0.8928423223085467, 0.9516843222525068]","{""p"": 0.9999910104160461, ""r"": 300089.7742410707}",4,True,optimizer_converged_lbfgsb,19,127,2,-18817.99298917566,0.07430998691052082,0.4662652999977581,"{""binomial_discrete_residual_mean"": null, ""binomial_discrete_residual_variance"": null, ""binomial_h_extension_used"": null, ""binomial_n_candidates"": 0, ""binomial_n_max"": null, ""binomial_n_min"": null, ""binomial_n_policy"": null, ""binomial_n_tie_break"": null, ""certified_profiles"": 1, ""optimizer_powell_attempted"": false, ""optimizer_powell_success"": false, ""optimizer_primary_failed_starts"": 0, ""optimizer_primary_successful_starts"": 2, ""optimizer_results"": [{""fun"": 18817.91999626226, ""jac"": [0.0010913936366435237, 0.0018189893944058726, -0.008731148414601653, -0.005456967759126033], ""message"": ""CONVERGENCE: REL_REDUCTION_OF_F_<=_FACTR*EPSMCH"", ""method"": ""L-BFGS-B"", ""nfev"": 50, ""nit"": 7, ""status"": 0, ""success"": true, ""x"": [0.892842171993508, 0.9516837459894287, 12.504450780981184, 11.512047919632295]}, {""fun"": 18817.918679188748, ""jac"": [-0.005456968183217618, 0.0003637978788811745, -0.023283062438937737, 0.013096722621902477], ""message"": ""CONVERGENCE: REL_REDUCTION_OF_F_<=_FACTR*EPSMCH"", ""method"": ""L-BFGS-B"", ""nfev"": 75, ""nit"": 12, ""status"": 0, ""success"": true, ""x"": [0.8928423223085467, 0.9516843222525068, 12.61183695634298, 11.619434999696697]}], ""solver_path"": ""general_convolution"", ""uncertified_profiles"": 0}"
foul_leaves_5_team,team-quarter,2016-17,9840,optimization,FOUL,0,PERS_FOUL_DRAWN;LOOSE_BALL_FOUL_DRAWN,24,ZIP,37672.59097498303,-18817.907065511423,"[0.8928392010927011, 0.9516791599564628]","{""lam"": 2.6977147542800317, ""rho"": 1.0000000000000007e-09}",4,True,optimizer_converged_lbfgsb,15,102,2,-18817.980090772893,0.0730252614703204,0.13549780001631007,"{""binomial_discrete_residual_mean"": null, ""binomial_discrete_residual_variance"": null, ""binomial_h_extension_used"": null, ""binomial_n_candidates"": 0, ""binomial_n_max"": null, ""binomial_n_min"": null, ""binomial_n_policy"": null, ""binomial_n_tie_break"": null, ""certified_profiles"": 1, ""optimizer_powell_attempted"": false, ""optimizer_powell_success"": false, ""optimizer_primary_failed_starts"": 0, ""optimizer_primary_successful_starts"": 2, ""optimizer_results"": [{""fun"": 18817.907065511718, ""jac"": [-0.0018189893944058726, 0.0003637978788811745, -0.000727595757762349, 0.0], ""message"": ""CONVERGENCE: REL_REDUCTION_OF_F_<=_FACTR*EPSMCH"", ""method"": ""L-BFGS-B"", ""nfev"": 40, ""nit"": 6, ""status"": 0, ""success"": true, ""x"": [0.892838715424517, 0.951678841431381, 0.9924052603612309, -20.72326583594641]}, {""fun"": 18817.907065511423, ""jac"": [0.0, 0.0003637978788811745, -0.0003637978788811745, 0.0], ""message"": ""CONVERGENCE: REL_REDUCTION_OF_F_<=_FACTR*EPSMCH"", ""method"": ""L-BFGS-B"", ""nfev"": 60, ""nit"": 9, ""status"": 0, ""success"": true, ""x"": [0.8928392010927011, 0.9516791599564628, 0.9924050273186199, -20.72326583594641]}], ""solver_path"": ""general_convolution"", ""uncertified_profiles"": 0}"
foul_leaves_5_team,team-quarter,2016-17,9840,optimization,FOUL,0,PERS_FOUL_DRAWN;LOOSE_BALL_FOUL_DRAWN,24,Geom,41277.6820433504,-20625.049705190133,"[1.4452164854435732, 1.5287637823464493]","{""p"": 0.3899543459153309}",3,True,optimizer_converged_lbfgsb,21,94,2,-21633.42398093882,1008.3742757486871,0.18952670000726357,"{""binomial_discrete_residual_mean"": null, ""binomial_discrete_residual_variance"": null, ""binomial_h_extension_used"": null, ""binomial_n_candidates"": 0, ""binomial_n_max"": null, ""binomial_n_min"": null, ""binomial_n_policy"": null, ""binomial_n_tie_break"": null, ""certified_profiles"": 1, ""optimizer_powell_attempted"": false, ""optimizer_powell_success"": false, ""optimizer_primary_failed_starts"": 0, ""optimizer_primary_successful_starts"": 2, ""optimizer_results"": [{""fun"": 20625.049705190264, ""jac"": [-0.0003637978829201424, -0.0007275957658402848, -0.0010913936427019754], ""message"": ""CONVERGENCE: REL_REDUCTION_OF_F_<=_FACTR*EPSMCH"", ""method"": ""L-BFGS-B"", ""nfev"": 44, ""nit"": 10, ""status"": 0, ""success"": true, ""x"": [1.4452163698020652, 1.5287638847919807, -0.44750428727038805]}, {""fun"": 20625.049705190133, ""jac"": [-0.0003637978829201424, 0.0, -0.0007275957618013168], ""message"": ""CONVERGENCE: REL_REDUCTION_OF_F_<=_FACTR*EPSMCH"", ""method"": ""L-BFGS-B"", ""nfev"": 48, ""nit"": 11, ""status"": 0, ""success"": true, ""x"": [1.4452164854435732, 1.5287637823464493, -0.4475041266126614]}], ""solver_path"": ""general_convolution"", ""uncertified_profiles"": 0}"
foul_leaves_5_team,team-quarter,2016-17,9840,optimization,FOUL,0,PERS_FOUL_DRAWN;LOOSE_BALL_FOUL_DRAWN,24,Binomial,inf,-inf,[],"{""n"": 3}",3,False,infeasible_conditional_support,0,0,0,-inf,0.0,0.00048129999777302146,"{""binomial_discrete_residual_mean"": 2.692882866114915, ""binomial_discrete_residual_variance"": 0.4067349999717169, ""binomial_h_extension_used"": false, ""binomial_n_candidates"": 1, ""binomial_n_max"": 3, ""binomial_n_min"": 3, ""binomial_n_policy"": ""paper_H_binomial_discrete_index_continuous_full_mle"", ""binomial_n_tie_break"": ""not_applicable_single_mom_index"", ""certified_profiles"": 0, ""solver_path"": ""conditional_support_check"", ""support_violating_rows"": 367, ""uncertified_profiles"": 0}"
foul_leaves_5_team,team-quarter,2016-17,9840,optimization,FOUL,0,PERS_FOUL_DRAWN;LOOSE_BALL_FOUL_DRAWN,24,Bernoulli,inf,-inf,[],{},3,False,infeasible_conditional_support,0,0,0,-inf,0.0,0.00019950000569224358,"{""binomial_discrete_residual_mean"": null, ""binomial_discrete_residual_variance"": null, ""binomial_h_extension_used"": null, ""binomial_n_candidates"": 0, ""binomial_n_max"": null, ""binomial_n_min"": null, ""binomial_n_policy"": null, ""binomial_n_tie_break"": null, ""certified_profiles"": 0, ""solver_path"": ""conditional_support_check"", ""support_violating_rows"": 1021, ""uncertified_profiles"": 0}"
foul_leaves_5_team,team-quarter,2016-17,9840,optimization,FOUL,0,FTA;PERS_FOUL_DRAWN;LOOSE_BALL_FOUL_DRAWN,26,Poisson,33176.31682019786,-16569.76998811884,"[0.4193533417227809, 0.7048756045147934, 0.7472078502147929]","{""lam"": 0.6877807795469607}",4,True,poisson_convex_mle,34,43,2,-16614.57411577029,44.80412765145229,0.06941330002155155,"{""binomial_discrete_residual_mean"": null, ""binomial_discrete_residual_variance"": null, ""binomial_h_extension_used"": null, ""binomial_n_candidates"": 0, ""binomial_n_max"": null, ""binomial_n_min"": null, ""binomial_n_policy"": null, ""binomial_n_tie_break"": null, ""certified_profiles"": 1, ""optimizer_primary_failed_starts"": 0, ""optimizer_primary_successful_starts"": 2, ""optimizer_results"": [{""fun"": 16569.769988137257, ""jac"": [-0.006772963287821732, -0.024891956486742473, -0.017045525350582125, 0.004927758487729417], ""message"": ""CONVERGENCE: REL_REDUCTION_OF_F_<=_FACTR*EPSMCH"", ""method"": ""L-BFGS-B"", ""nfev"": 17, ""nit"": 13, ""status"": 0, ""success"": true, ""x"": [0.6877788697199091, 0.41935235513991326, 0.704876502416904, 0.7472205642055586]}, {""fun"": 16569.76998811884, ""jac"": [-0.001847642203807176, 0.01746477793123269, -0.011567814216212113, -0.0018814163100009385], ""message"": ""CONVERGENCE: REL_REDUCTION_OF_F_<=_FACTR*EPSMCH"", ""method"": ""L-BFGS-B"", ""nfev"": 24, ""nit"": 21, ""status"": 0, ""success"": true, ""x"": [0.6877807795469607, 0.4193533417227809, 0.7048756045147934, 0.7472078502147929]}], ""poisson_canonical_agreement_abs"": 0.0, ""solver_path"": ""poisson_convex"", ""uncertified_profiles"": 0}"
foul_leaves_5_team,team-quarter,2016-17,9840,optimization,FOUL,0,FTA;PERS_FOUL_DRAWN;LOOSE_BALL_FOUL_DRAWN,26,NB,33185.51990119639,-16569.77442312308,"[0.419353789618649, 0.7048822867316222, 0.7472137153278791]","{""p"": 0.9999945042415593, ""r"": 125144.04144696363}",5,True,optimizer_converged_lbfgsb,29,212,2,-16614.58537835627,44.810955233191635,0.7100203999434598,"{""binomial_discrete_residual_mean"": null, ""binomial_discrete_residual_variance"": null, ""binomial_h_extension_used"": null, ""binomial_n_candidates"": 0, ""binomial_n_max"": null, ""binomial_n_min"": null, ""binomial_n_policy"": null, ""binomial_n_tie_break"": null, ""certified_profiles"": 1, ""optimizer_powell_attempted"": false, ""optimizer_powell_success"": false, ""optimizer_primary_failed_starts"": 0, ""optimizer_primary_successful_starts"": 2, ""optimizer_results"": [{""fun"": 16569.776486268805, ""jac"": [-0.007275957618013169, -0.0010913936366435237, 0.0010913936366435237, -0.0018189892530420108, -0.0036379785060840215], ""message"": ""CONVERGENCE: REL_REDUCTION_OF_F_<=_FACTR*EPSMCH"", ""method"": ""L-BFGS-B"", ""nfev"": 96, ""nit"": 13, ""status"": 0, ""success"": true, ""x"": [0.4193534081372737, 0.7048819289516552, 0.7472156791557713, 11.355229435198625, 11.729533783390362]}, {""fun"": 16569.77442312308, ""jac"": [-0.0003637978809006584, 0.0, -0.0003637978788811745, -0.00036379785060840214, -0.0010913935518252066], ""message"": ""CONVERGENCE: REL_REDUCTION_OF_F_<=_FACTR*EPSMCH"", ""method"": ""L-BFGS-B"", ""nfev"": 114, ""nit"": 16, ""status"": 0, ""success"": true, ""x"": [0.419353789618649, 0.7048822867316222, 0.7472137153278791, 11.737220684435725, 12.111528460096102]}], ""solver_path"": ""general_convolution"", ""uncertified_profiles"": 0}"
foul_leaves_5_team,team-quarter,2016-17,9840,optimization,FOUL,0,FTA;PERS_FOUL_DRAWN;LOOSE_BALL_FOUL_DRAWN,26,ZIP,33185.511032390044,-16569.769988719905,"[0.4193521027843371, 0.7048784757324955, 0.7472107476915313]","{""lam"": 0.6877824207271557, ""rho"": 9.999996593668414e-10}",5,True,optimizer_converged_lbfgsb,31,224,2,-16614.57411704068,44.80412832077491,0.26979399996344,"{""binomial_discrete_residual_mean"": null, ""binomial_discrete_residual_variance"": null, ""binomial_h_extension_used"": null, ""binomial_n_candidates"": 0, ""binomial_n_max"": null, ""binomial_n_min"": null, ""binomial_n_policy"": null, ""binomial_n_tie_break"": null, ""certified_profiles"": 1, ""optimizer_powell_attempted"": false, ""optimizer_powell_success"": false, ""optimizer_primary_failed_starts"": 0, ""optimizer_primary_successful_starts"": 2, ""optimizer_results"": [{""fun"": 16569.769988860775, ""jac"": [0.08694769353525737, 0.000727595757762349, -0.003637978788811745, 0.0014551915236026337, 0.0], ""message"": ""CONVERGENCE: REL_REDUCTION_OF_F_<=_FACTR*EPSMCH"", ""method"": ""L-BFGS-B"", ""nfev"": 102, ""nit"": 14, ""status"": 0, ""success"": true, ""x"": [0.41935531596543946, 0.7048766319091005, 0.7472029908141619, -0.37429612477057633, -20.72326583594641]}, {""fun"": 16569.769988719905, ""jac"": [0.0010913936427019754, 0.0, 0.0003637978788811745, 0.0003637978809006584, 0.0], ""message"": ""CONVERGENCE: REL_REDUCTION_OF_F_<=_FACTR*EPSMCH"", ""method"": ""L-BFGS-B"", ""nfev"": 120, ""nit"": 17, ""status"": 0, ""success"": true, ""x"": [0.4193521027843371, 0.7048784757324955, 0.7472107476915313, -0.37428274000912365, -20.723266176579628]}], ""solver_path"": ""general_convolution"", ""uncertified_profiles"": 0}"
foul_leaves_5_team,team-quarter,2016-17,9840,optimization,FOUL,0,FTA;PERS_FOUL_DRAWN;LOOSE_BALL_FOUL_DRAWN,26,Geom,33437.124875741945,-16700.17401589088,"[0.4712893616990648, 0.8191327957221582, 0.8578047133147635]","{""p"": 0.8627360306410251}",4,True,optimizer_converged_lbfgsb,38,222,2,-17456.291355175137,756.1173392842575,0.4583505000337027,"{""binomial_discrete_residual_mean"": null, ""binomial_discrete_residual_variance"": null, ""binomial_h_extension_used"": null, ""binomial_n_candidates"": 0, ""binomial_n_max"": null, ""binomial_n_min"": null, ""binomial_n_policy"": null, ""binomial_n_tie_break"": null, ""certified_profiles"": 1, ""optimizer_powell_attempted"": false, ""optimizer_powell_success"": false, ""optimizer_primary_failed_starts"": 0, ""optimizer_primary_successful_starts"": 2, ""optimizer_results"": [{""fun"": 16700.17401589088, ""jac"": [-0.0010913936427019754, 0.000727595757762349, 0.000727595757762349, -0.001091393648760427], ""message"": ""CONVERGENCE: REL_REDUCTION_OF_F_<=_FACTR*EPSMCH"", ""method"": ""L-BFGS-B"", ""nfev"": 120, ""nit"": 21, ""status"": 0, ""success"": true, ""x"": [0.4712893616990648, 0.8191327957221582, 0.8578047133147635, 1.8382029145784033]}, {""fun"": 16700.1740158928, ""jac"": [-0.0014551915236026337, -0.0010913936366435237, 0.0003637978788811745, 0.0007275957658402848], ""message"": ""CONVERGENCE: REL_REDUCTION_OF_F_<=_FACTR*EPSMCH"", ""method"": ""L-BFGS-B"", ""nfev"": 100, ""nit"": 17, ""status"": 0, ""success"": true, ""x"": [0.47128962369795735, 0.8191329249412027, 0.8578052366552624, 1.8382164494236222]}], ""solver_path"": ""general_convolution"", ""uncertified_profiles"": 0}"
foul_leaves_5_team,team-quarter,2016-17,9840,optimization,FOUL,0,FTA;PERS_FOUL_DRAWN;LOOSE_BALL_FOUL_DRAWN,26,Binomial,30580.69303470137,-15271.958095370592,"[0.3133911917140992, 0.47228559966392447, 0.5156923848918032]","{""n"": 2, ""p"": 0.883674410268391}",4,True,optimizer_converged_lbfgsb,33,252,2,-15902.862498220571,630.9044028499793,0.7938609000411816,"{""binomial_discrete_residual_mean"": 1.0613854345519647, ""binomial_discrete_residual_variance"": -3.0809806706752783, ""binomial_h_extension_used"": true, ""binomial_n_candidates"": 1, ""binomial_n_max"": 2, ""binomial_n_min"": 2, ""binomial_n_policy"": ""paper_H_binomial_discrete_index_continuous_full_mle"", ""binomial_n_tie_break"": ""not_applicable_single_mom_index"", ""certified_profiles"": 1, ""optimizer_powell_attempted"": false, ""optimizer_powell_success"": false, ""optimizer_primary_failed_starts"": 0, ""optimizer_primary_successful_starts"": 2, ""optimizer_results"": [{""fun"": 15271.958095370592, ""jac"": [-0.013460521593324361, -0.0027284841067549384, -0.000727595757762349, 0.002182787297520854], ""message"": ""CONVERGENCE: REL_REDUCTION_OF_F_<=_FACTR*EPSMCH"", ""method"": ""L-BFGS-B"", ""nfev"": 80, ""nit"": 15, ""status"": 0, ""success"": true, ""x"": [0.3133911917140992, 0.47228559966392447, 0.5156923848918032, 2.0276956132101174]}, {""fun"": 24374.150729512967, ""jac"": [-1.3231328928356947, -0.5744368539421397, 0.021827872854039507, 0.0], ""message"": ""CONVERGENCE: REL_REDUCTION_OF_F_<=_FACTR*EPSMCH"", ""method"": ""L-BFGS-B"", ""nfev"": 170, ""nit"": 18, ""status"": 0, ""success"": true, ""x"": [0.2946705269992389, 0.4368107062835378, 0.4798351817353118, 20.565283105998542]}], ""solver_path"": ""general_convolution"", ""uncertified_profiles"": 0}"
foul_leaves_5_team,team-quarter,2016-17,9840,optimization,FOUL,0,FTA;PERS_FOUL_DRAWN;LOOSE_BALL_FOUL_DRAWN,26,Bernoulli,30924.292285746364,-15443.757720893089,"[0.389948379911258, 0.6479202656632483, 0.6882657779307746]","{""p"": 0.9726160398631042}",4,True,optimizer_converged_lbfgsb,51,312,2,-15897.15332070604,453.39559981295133,0.6571425999864005,"{""binomial_discrete_residual_mean"": null, ""binomial_discrete_residual_variance"": null, ""binomial_h_extension_used"": null, ""binomial_n_candidates"": 0, ""binomial_n_max"": null, ""binomial_n_min"": null, ""binomial_n_policy"": null, ""binomial_n_tie_break"": null, ""certified_profiles"": 1, ""optimizer_powell_attempted"": false, ""optimizer_powell_success"": false, ""optimizer_primary_failed_starts"": 0, ""optimizer_primary_successful_starts"": 2, ""optimizer_results"": [{""fun"": 15443.757720893089, ""jac"": [0.0, 0.0005456968183217618, 0.0, 0.0007275957658402848], ""message"": ""CONVERGENCE: REL_REDUCTION_OF_F_<=_FACTR*EPSMCH"", ""method"": ""L-BFGS-B"", ""nfev"": 135, ""nit"": 23, ""status"": 0, ""success"": true, ""x"": [0.389948379911258, 0.6479202656632483, 0.6882657779307746, 3.5700319440514274]}, {""fun"": 15443.757720900474, ""jac"": [-0.008549250201165473, 0.004729372425455269, -0.0003637978788811745, -0.0005456968243802135], ""message"": ""CONVERGENCE: REL_REDUCTION_OF_F_<=_FACTR*EPSMCH"", ""method"": ""L-BFGS-B"", ""nfev"": 175, ""nit"": 28, ""status"": 0, ""success"": true, ""x"": [0.38994808923549024, 0.6479213983781086, 0.6882657178008246, 3.5700165879194277]}], ""solver_path"": ""general_convolution"", ""uncertified_profiles"": 0}"
foul_leaves_5_team,team-quarter,2016-17,9840,optimization,FOUL,0,FTM;PERS_FOUL_DRAWN;LOOSE_BALL_FOUL_DRAWN,28,Poisson,33861.05271670667,-16912.13793637324,"[0.466858357406534, 0.7193448119890592, 0.7866381550523807]","{""lam"": 0.9879706953853147}",4,True,poisson_convex_mle,32,39,2,-16941.57974466409,29.441808290848712,0.0599499000236392,"{""binomial_discrete_residual_mean"": null, ""binomial_discrete_residual_variance"": null, ""binomial_h_extension_used"": null, ""binomial_n_candidates"": 0, ""binomial_n_max"": null, ""binomial_n_min"": null, ""binomial_n_policy"": null, ""binomial_n_tie_break"": null, ""certified_profiles"": 1, ""optimizer_primary_failed_starts"": 0, ""optimizer_primary_successful_starts"": 2, ""optimizer_results"": [{""fun"": 16912.13793637437, ""jac"": [-0.0017973822476342605, -0.0051284609142854265, -0.004752865469804135, -0.00032992880479298936], ""message"": ""CONVERGENCE: REL_REDUCTION_OF_F_<=_FACTR*EPSMCH"", ""method"": ""L-BFGS-B"", ""nfev"": 18, ""nit"": 15, ""status"": 0, ""success"": true, ""x"": [0.987969958742897, 0.46685858714090855, 0.7193440685693958, 0.7866378918481325]}, {""fun"": 16912.13793637324, ""jac"": [0.000902294450291663, 0.0013025689919672345, 0.0013843228556034148, 0.0004507733464702568], ""message"": ""CONVERGENCE: REL_REDUCTION_OF_F_<=_FACTR*EPSMCH"", ""method"": ""L-BFGS-B"", ""nfev"": 19, ""nit"": 17, ""status"": 0, ""success"": true, ""x"": [0.9879706953853147, 0.466858357406534, 0.7193448119890592, 0.7866381550523807]}], ""poisson_canonical_agreement_abs"": 0.0, ""solver_path"": ""poisson_convex"", ""uncertified_profiles"": 0}"
foul_leaves_5_team,team-quarter,2016-17,9840,optimization,FOUL,0,FTM;PERS_FOUL_DRAWN;LOOSE_BALL_FOUL_DRAWN,28,NB,33870.26007779103,-16912.144511420396,"[0.4668625333143417, 0.7193438569841368, 0.7866453539761954]","{""p"": 0.9999936118727568, ""r"": 154653.10007806323}",5,True,optimizer_converged_lbfgsb,26,188,2,-16941.59218941316,29.44767799276451,0.657927300024312,"{""binomial_discrete_residual_mean"": null, ""binomial_discrete_residual_variance"": null, ""binomial_h_extension_used"": null, ""binomial_n_candidates"": 0, ""binomial_n_max"": null, ""binomial_n_min"": null, ""binomial_n_policy"": null, ""binomial_n_tie_break"": null, ""certified_profiles"": 1, ""optimizer_powell_attempted"": false, ""optimizer_powell_success"": false, ""optimizer_primary_failed_starts"": 0, ""optimizer_primary_successful_starts"": 2, ""optimizer_results"": [{""fun"": 16912.14696304711, ""jac"": [0.008003553379814485, 0.002910383031049396, 0.003274180909930571, 0.0061845634603428365, -0.005820765609734434], ""message"": ""CONVERGENCE: REL_REDUCTION_OF_F_<=_FACTR*EPSMCH"", ""method"": ""L-BFGS-B"", ""nfev"": 90, ""nit"": 12, ""status"": 0, ""success"": true, ""x"": [0.46686031360594465, 0.7193482861726166, 0.7866453274008839, 11.632022966483365, 11.644140996304953]}, {""fun"": 16912.144511420396, ""jac"": [0.012369127950622387, -0.02182787273287047, 0.001455191515524698, -0.010913935518252066, 0.005093169908517631], ""message"": ""CONVERGENCE: REL_REDUCTION_OF_F_<=_FACTR*EPSMCH"", ""method"": ""L-BFGS-B"", ""nfev"": 96, ""nit"": 14, ""status"": 0, ""success"": true, ""x"": [0.4668625333143417, 0.7193438569841368, 0.7866453539761954, 11.948939823680574, 11.961063020550831]}], ""solver_path"": ""general_convolution"", ""uncertified_profiles"": 0}"
foul_leaves_5_team,team-quarter,2016-17,9840,optimization,FOUL,0,FTM;PERS_FOUL_DRAWN;LOOSE_BALL_FOUL_DRAWN,28,ZIP,33870.24693007719,-16912.13793756348,"[0.46685836396259034, 0.7193447074440127, 0.7866387947447634]","{""lam"": 0.9879705920674668, ""rho"": 1.0000000000000007e-09}",5,True,optimizer_converged_lbfgsb,25,194,2,-16941.579746440366,29.44180887688708,0.2417412999784574,"{""binomial_discrete_residual_mean"": null, ""binomial_discrete_residual_variance"": null, ""binomial_h_extension_used"": null, ""binomial_n_candidates"": 0, ""binomial_n_max"": null, ""binomial_n_min"": null, ""binomial_n_policy"": null, ""binomial_n_tie_break"": null, ""certified_profiles"": 1, ""optimizer_powell_attempted"": false, ""optimizer_powell_success"": false, ""optimizer_primary_failed_starts"": 0, ""optimizer_primary_successful_starts"": 2, ""optimizer_results"": [{""fun"": 16912.13793756348, ""jac"": [0.0010913936427019754, 0.000727595757762349, 0.000727595757762349, 0.0007275957614226637, 0.0], ""message"": ""CONVERGENCE: REL_REDUCTION_OF_F_<=_FACTR*EPSMCH"", ""method"": ""L-BFGS-B"", ""nfev"": 90, ""nit"": 11, ""status"": 0, ""success"": true, ""x"": [0.46685836396259034, 0.7193447074440127, 0.7866387947447634, -0.012102346791158958, -20.72326583594641]}, {""fun"": 16912.137937598756, ""jac"": [0.019645085568635555, 0.02255546849063282, 0.003637978788811745, 0.0080035533756493, 0.0], ""message"": ""CONVERGENCE: REL_REDUCTION_OF_F_<=_FACTR*EPSMCH"", ""method"": ""L-BFGS-B"", ""nfev"": 102, ""nit"": 14, ""status"": 0, ""success"": true, ""x"": [0.4668576805287392, 0.7193480613742873, 0.7866401373580587, -0.01210215325322014, -20.72326525011184]}], ""solver_path"": ""general_convolution"", ""uncertified_profiles"": 0}"
foul_leaves_5_team,team-quarter,2016-17,9840,optimization,FOUL,0,FTM;PERS_FOUL_DRAWN;LOOSE_BALL_FOUL_DRAWN,28,Geom,34441.261202936796,-17202.242179488305,"[0.5505080553634107, 0.8769970326505343, 0.9437092932414627]","{""p"": 0.7706006806566866}",4,True,optimizer_converged_lbfgsb,28,182,2,-18047.500729502866,845.2585500145615,0.39577379997354,"{""binomial_discrete_residual_mean"": null, ""binomial_discrete_residual_variance"": null, ""binomial_h_extension_used"": null, ""binomial_n_candidates"": 0, ""binomial_n_max"": null, ""binomial_n_min"": null, ""binomial_n_policy"": null, ""binomial_n_tie_break"": null, ""certified_profiles"": 1, ""optimizer_powell_attempted"": false, ""optimizer_powell_success"": false, ""optimizer_primary_failed_starts"": 0, ""optimizer_primary_successful_starts"": 2, ""optimizer_results"": [{""fun"": 17202.242179488538, ""jac"": [0.0, 0.0, -0.0003637978788811745, 0.0007275957658402848], ""message"": ""CONVERGENCE: REL_REDUCTION_OF_F_<=_FACTR*EPSMCH"", ""method"": ""L-BFGS-B"", ""nfev"": 90, ""nit"": 14, ""status"": 0, ""success"": true, ""x"": [0.5505081814453208, 0.8769971304633865, 0.9437093148190345, 1.2117086910373265]}, {""fun"": 17202.242179488305, ""jac"": [-0.000727595757762349, 0.0, -0.0003637978788811745, -0.0007275957658402848], ""message"": ""CONVERGENCE: REL_REDUCTION_OF_F_<=_FACTR*EPSMCH"", ""method"": ""L-BFGS-B"", ""nfev"": 90, ""nit"": 14, ""status"": 0, ""success"": true, ""x"": [0.5505080553634107, 0.8769970326505343, 0.9437092932414627, 1.2117060778994546]}], ""solver_path"": ""general_convolution"", ""uncertified_profiles"": 0}"
foul_leaves_5_team,team-quarter,2016-17,9840,optimization,FOUL,0,FTM;PERS_FOUL_DRAWN;LOOSE_BALL_FOUL_DRAWN,28,Binomial,inf,-inf,[],"{""n"": 2}",4,False,infeasible_conditional_support,0,0,0,-inf,0.0,0.0003768000169657171,"{""binomial_discrete_residual_mean"": 1.2842179254169102, ""binomial_discrete_residual_variance"": -2.5869949741284777, ""binomial_h_extension_used"": true, ""binomial_n_candidates"": 1, ""binomial_n_max"": 2, ""binomial_n_min"": 2, ""binomial_n_policy"": ""paper_H_binomial_discrete_index_continuous_full_mle"", ""binomial_n_tie_break"": ""not_applicable_single_mom_index"", ""certified_profiles"": 0, ""solver_path"": ""conditional_support_check"", ""support_violating_rows"": 2, ""uncertified_profiles"": 0}"
foul_leaves_5_team,team-quarter,2016-17,9840,optimization,FOUL,0,FTM;PERS_FOUL_DRAWN;LOOSE_BALL_FOUL_DRAWN,28,Bernoulli,inf,-inf,[],{},4,False,infeasible_conditional_support,0,0,0,-inf,0.0,4.4199987314641476e-05,"{""binomial_discrete_residual_mean"": null, ""binomial_discrete_residual_variance"": null, ""binomial_h_extension_used"": null, ""binomial_n_candidates"": 0, ""binomial_n_max"": null, ""binomial_n_min"": null, ""binomial_n_policy"": null, ""binomial_n_tie_break"": null, ""certified_profiles"": 0, ""solver_path"": ""conditional_support_check"", ""support_violating_rows"": 6, ""uncertified_profiles"": 0}"
foul_leaves_5_team,team-quarter,2016-17,9840,optimization,FOUL,0,FTA;FTM;PERS_FOUL_DRAWN;LOOSE_BALL_FOUL_DRAWN,30,Poisson,33185.511031124784,-16569.769988087275,"[0.4193521579508834, 0.0, 0.7048786167104725, 0.7472107191529701]","{""lam"": 0.6877817920428289}",5,True,poisson_convex_mle,41,50,2,-16600.754053518835,30.98406543155943,0.08513069996843114,"{""binomial_discrete_residual_mean"": null, ""binomial_discrete_residual_variance"": null, ""binomial_h_extension_used"": null, ""binomial_n_candidates"": 0, ""binomial_n_max"": null, ""binomial_n_min"": null, ""binomial_n_policy"": null, ""binomial_n_tie_break"": null, ""certified_profiles"": 1, ""optimizer_primary_failed_starts"": 0, ""optimizer_primary_successful_starts"": 2, ""optimizer_results"": [{""fun"": 16569.769988087275, ""jac"": [-0.00010259318486749436, -0.00010503151260721211, 52.63506860452309, -0.00011890741713571629, -9.904304258956387e-07], ""message"": ""CONVERGENCE: REL_REDUCTION_OF_F_<=_FACTR*EPSMCH"", ""method"": ""L-BFGS-B"", ""nfev"": 20, ""nit"": 16, ""status"": 0, ""success"": true, ""x"": [0.6877817920428289, 0.4193521579508834, 0.0, 0.7048786167104725, 0.7472107191529701]}, {""fun"": 16569.769988096923, ""jac"": [0.0035453387589390317, -0.0019109728988802033, 52.633677629764804, 0.006449387631739967, -1.0363666040014152e-05], ""message"": ""CONVERGENCE: REL_REDUCTION_OF_F_<=_FACTR*EPSMCH"", ""method"": ""L-BFGS-B"", ""nfev"": 28, ""nit"": 25, ""status"": 0, ""success"": true, ""x"": [0.6877856766965401, 0.41935143591203505, 0.0, 0.7048793205347524, 0.7472096909205035]}], ""poisson_canonical_agreement_abs"": 0.0, ""solver_path"": ""poisson_convex"", ""uncertified_profiles"": 0}"
foul_leaves_5_team,team-quarter,2016-17,9840,optimization,FOUL,0,FTA;FTM;PERS_FOUL_DRAWN;LOOSE_BALL_FOUL_DRAWN,30,NB,33194.714228968325,-16569.774481514025,"[0.4193537049911094, 0.0, 0.7048822056545414, 0.747214130173488]","{""p"": 0.9999944318805094, ""r"": 123517.80706424886}",6,True,optimizer_converged_lbfgsb,31,268,2,-16600.764596486304,30.990114972279116,0.8467520999838598,"{""binomial_discrete_residual_mean"": null, ""binomial_discrete_residual_variance"": null, ""binomial_h_extension_used"": null, ""binomial_n_candidates"": 0, ""binomial_n_max"": null, ""binomial_n_min"": null, ""binomial_n_policy"": null, ""binomial_n_tie_break"": null, ""certified_profiles"": 1, ""optimizer_powell_attempted"": false, ""optimizer_powell_success"": false, ""optimizer_primary_failed_starts"": 0, ""optimizer_primary_successful_starts"": 2, ""optimizer_results"": [{""fun"": 16569.77678917827, ""jac"": [0.12005330069721729, 52.72740963846445, 0.0742147672917596, 0.017098500307415204, 0.013096722621902477, -0.017826094679811708], ""message"": ""CONVERGENCE: REL_REDUCTION_OF_F_<=_FACTR*EPSMCH"", ""method"": ""L-BFGS-B"", ""nfev"": 126, ""nit"": 13, ""status"": 0, ""success"": true, ""x"": [0.4193539807621746, 0.0, 0.7048951943643652, 0.747233290379646, 11.309720795313126, 11.684051602957103]}, {""fun"": 16569.774481514025, ""jac"": [-0.0003637978809006584, 52.63464117888361, -0.000727595757762349, 0.0003637978788811745, 0.0014551914024336086, 0.00036379785060840214], ""message"": ""CONVERGENCE: REL_REDUCTION_OF_F_<=_FACTR*EPSMCH"", ""method"": ""L-BFGS-B"", ""nfev"": 140, ""nit"": 18, ""status"": 0, ""success"": true, ""x"": [0.4193537049911094, 0.0, 0.7048822056545414, 0.747214130173488, 11.72414061141131, 12.098447606809682]}], ""solver_path"": ""general_convolution"", ""uncertified_profiles"": 0}"
foul_leaves_5_team,team-quarter,2016-17,9840,optimization,FOUL,0,FTA;FTM;PERS_FOUL_DRAWN;LOOSE_BALL_FOUL_DRAWN,30,ZIP,33194.70524338005,-16569.769988719887,"[0.4193521995872941, 0.0, 0.7048785746518279, 0.7472109319786011]","{""lam"": 0.6877815377756293, ""rho"": 1.0000000000000007e-09}",6,True,optimizer_converged_lbfgsb,37,289,2,-16600.75405461619,30.984065896303946,0.3404924999922514,"{""binomial_discrete_residual_mean"": null, ""binomial_discrete_residual_variance"": null, ""binomial_h_extension_used"": null, ""binomial_n_candidates"": 0, ""binomial_n_max"": null, ""binomial_n_min"": null, ""binomial_n_policy"": null, ""binomial_n_tie_break"": null, ""certified_profiles"": 1, ""optimizer_powell_attempted"": false, ""optimizer_powell_success"": false, ""optimizer_primary_failed_starts"": 0, ""optimizer_primary_successful_starts"": 2, ""optimizer_results"": [{""fun"": 16569.769988719887, ""jac"": [0.0003637978809006584, 52.63536877464503, -0.0003637978788811745, 0.0003637978788811745, 0.0, 0.0], ""message"": ""CONVERGENCE: REL_REDUCTION_OF_F_<=_FACTR*EPSMCH"", ""method"": ""L-BFGS-B"", ""nfev"": 133, ""nit"": 17, ""status"": 0, ""success"": true, ""x"": [0.4193521995872941, 0.0, 0.7048785746518279, 0.7472109319786011, -0.3742840237757138, -20.72326583594641]}, {""fun"": 16569.76998878134, ""jac"": [0.0472937245170856, 52.67138476483524, -0.009822542729791712, 0.0025465851521682217, 0.0029103830472052674, 0.0], ""message"": ""CONVERGENCE: REL_REDUCTION_OF_F_<=_FACTR*EPSMCH"", ""method"": ""L-BFGS-B"", ""nfev"": 154, ""nit"": 20, ""status"": 0, ""success"": true, ""x"": [0.4193535209541265, 0.0, 0.7048737876317883, 0.7472123845155622, -0.3742810280557353, -20.72326583594641]}], ""solver_path"": ""general_convolution"", ""uncertified_profiles"": 0}"
foul_leaves_5_team,team-quarter,2016-17,9840,optimization,FOUL,0,FTA;FTM;PERS_FOUL_DRAWN;LOOSE_BALL_FOUL_DRAWN,30,Geom,33446.31908673627,-16700.17401589302,"[0.4712893432380275, 0.0, 0.8191338090090308, 0.8578051524761899]","{""p"": 0.8627366586010948}",5,True,optimizer_converged_lbfgsb,39,266,2,-17334.93885577764,634.7648398846213,0.5154352000099607,"{""binomial_discrete_residual_mean"": null, ""binomial_discrete_residual_variance"": null, ""binomial_h_extension_used"": null, ""binomial_n_candidates"": 0, ""binomial_n_max"": null, ""binomial_n_min"": null, ""binomial_n_policy"": null, ""binomial_n_tie_break"": null, ""certified_profiles"": 1, ""optimizer_powell_attempted"": false, ""optimizer_powell_success"": false, ""optimizer_primary_failed_starts"": 0, ""optimizer_primary_successful_starts"": 2, ""optimizer_results"": [{""fun"": 16700.17401590172, ""jac"": [0.032741809281059256, 54.90874173119664, 0.00873114909314819, 0.0025465851521682217, -0.0018189894146007119], ""message"": ""CONVERGENCE: REL_REDUCTION_OF_F_<=_FACTR*EPSMCH"", ""method"": ""L-BFGS-B"", ""nfev"": 144, ""nit"": 21, ""status"": 0, ""success"": true, ""x"": [0.4712896632782772, 0.0, 0.8191326476968287, 0.8578057918276014, 1.8381977714724682]}, {""fun"": 16700.17401589302, ""jac"": [0.00691215973711251, 54.88873284775764, 0.006548361819861142, 0.001455191515524698, -0.0007275957658402848], ""message"": ""CONVERGENCE: REL_REDUCTION_OF_F_<=_FACTR*EPSMCH"", ""method"": ""L-BFGS-B"", ""nfev"": 120, ""nit"": 18, ""status"": 0, ""success"": true, ""x"": [0.4712893432380275, 0.0, 0.8191338090090308, 0.8578051524761899, 1.8382082172944871]}], ""solver_path"": ""general_convolution"", ""uncertified_profiles"": 0}"
foul_leaves_5_team,team-quarter,2016-17,9840,optimization,FOUL,0,FTA;FTM;PERS_FOUL_DRAWN;LOOSE_BALL_FOUL_DRAWN,30,Binomial,30589.88724567224,-15271.958095361004,"[0.3133913887694378, 0.0, 0.47228598236965713, 0.5156920463982416]","{""n"": 2, ""p"": 0.8836736720780758}",5,True,optimizer_converged_lbfgsb,34,314,2,-16001.290571563739,729.332476202735,0.9029869999503717,"{""binomial_discrete_residual_mean"": 0.9685479976745639, ""binomial_discrete_residual_variance"": -3.3812645606650897, ""binomial_h_extension_used"": true, ""binomial_n_candidates"": 1, ""binomial_n_max"": 2, ""binomial_n_min"": 2, ""binomial_n_policy"": ""paper_H_binomial_discrete_index_continuous_full_mle"", ""binomial_n_tie_break"": ""not_applicable_single_mom_index"", ""certified_profiles"": 1, ""optimizer_powell_attempted"": false, ""optimizer_powell_success"": false, ""optimizer_primary_failed_starts"": 0, ""optimizer_primary_successful_starts"": 2, ""optimizer_results"": [{""fun"": 15271.958095361004, ""jac"": [-0.004183675630357572, 88.68792065186426, 0.0001818989404503292, -0.0010913936366435237, -0.0001818989414600712], ""message"": ""CONVERGENCE: REL_REDUCTION_OF_F_<=_FACTR*EPSMCH"", ""method"": ""L-BFGS-B"", ""nfev"": 114, ""nit"": 15, ""status"": 0, ""success"": true, ""x"": [0.3133913887694378, 0.0, 0.47228598236965713, 0.5156920463982416, 2.027688431967414]}, {""fun"": 24399.225495286657, ""jac"": [-0.0007275957618013168, 102.31451597064734, -0.0014551915236026337, 0.0, 0.0], ""message"": ""CONVERGENCE: REL_REDUCTION_OF_F_<=_FACTR*EPSMCH"", ""method"": ""L-BFGS-B"", ""nfev"": 198, ""nit"": 19, ""status"": 0, ""success"": true, ""x"": [0.2946750398522587, 0.0, 0.43684738627857206, 0.4797552322564468, 20.613135738244928]}], ""solver_path"": ""general_convolution"", ""uncertified_profiles"": 0}"
foul_leaves_5_team,team-quarter,2016-17,9840,optimization,FOUL,0,FTA;FTM;PERS_FOUL_DRAWN;LOOSE_BALL_FOUL_DRAWN,30,Bernoulli,30933.486496735895,-15443.757720892832,"[0.38994839966347405, 0.0, 0.6479201746244438, 0.6882658815002173]","{""p"": 0.9726160075478654}",5,True,optimizer_converged_lbfgsb,43,314,2,-15454.609928938047,10.852208045214866,0.6628384999930859,"{""binomial_discrete_residual_mean"": null, ""binomial_discrete_residual_variance"": null, ""binomial_h_extension_used"": null, ""binomial_n_candidates"": 0, ""binomial_n_max"": null, ""binomial_n_min"": null, ""binomial_n_policy"": null, ""binomial_n_tie_break"": null, ""certified_profiles"": 1, ""optimizer_powell_attempted"": false, ""optimizer_powell_success"": false, ""optimizer_primary_failed_starts"": 0, ""optimizer_primary_successful_starts"": 2, ""optimizer_results"": [{""fun"": 15443.75772170589, ""jac"": [0.07148628359697938, 72.71301001310349, 0.00727595757762349, -0.03346940485706806, 0.0018189894146007119], ""message"": ""CONVERGENCE: REL_REDUCTION_OF_F_<=_FACTR*EPSMCH"", ""method"": ""L-BFGS-B"", ""nfev"": 114, ""nit"": 16, ""status"": 0, ""success"": true, ""x"": [0.38995085575918287, 0.0, 0.6479199105997305, 0.6882238461999389, 3.570056312083182]}, {""fun"": 15443.757720892832, ""jac"": [-0.0003637978809006584, 72.6560756447725, -0.0003637978788811745, 0.0, 0.0], ""message"": ""CONVERGENCE: REL_REDUCTION_OF_F_<=_FACTR*EPSMCH"", ""method"": ""L-BFGS-B"", ""nfev"": 198, ""nit"": 27, ""status"": 0, ""success"": true, ""x"": [0.38994839966347405, 0.0, 0.6479201746244438, 0.6882658815002173, 3.570030730747958]}], ""solver_path"": ""general_convolution"", ""uncertified_profiles"": 0}"
foul_leaves_5_team,team-quarter,2016-17,9840,optimization,FTA,1,,0,Poisson,56981.940856509354,-28486.373322759653,[],"{""lam"": 5.71859756097561}",1,True,analytic_mle,0,1,0,-28486.373322759653,0.0,0.000652400020044297,"{""binomial_discrete_residual_mean"": null, ""binomial_discrete_residual_variance"": null, ""binomial_h_extension_used"": null, ""binomial_n_candidates"": 0, ""binomial_n_max"": null, ""binomial_n_min"": null, ""binomial_n_policy"": null, ""binomial_n_tie_break"": null, ""certified_profiles"": 1, ""solver_path"": ""analytic_root"", ""uncertified_profiles"": 0}"
foul_leaves_5_team,team-quarter,2016-17,9840,optimization,FTA,1,,0,NB,52112.01634431331,-26046.813961166612,[],"{""p"": 0.4033066186164345, ""r"": 3.86521507123386}",2,True,optimizer_converged_lbfgsb,14,62,2,-26054.138045981417,7.324084814805246,0.3006504999939352,"{""binomial_discrete_residual_mean"": null, ""binomial_discrete_residual_variance"": null, ""binomial_h_extension_used"": null, ""binomial_n_candidates"": 0, ""binomial_n_max"": null, ""binomial_n_min"": null, ""binomial_n_policy"": null, ""binomial_n_tie_break"": null, ""certified_profiles"": 1, ""optimizer_powell_attempted"": false, ""optimizer_powell_success"": false, ""optimizer_primary_failed_starts"": 0, ""optimizer_primary_successful_starts"": 2, ""optimizer_results"": [{""fun"": 26046.813961166612, ""jac"": [-0.002182787297520854, 0.0007275957618013168], ""message"": ""CONVERGENCE: REL_REDUCTION_OF_F_<=_FACTR*EPSMCH"", ""method"": ""L-BFGS-B"", ""nfev"": 30, ""nit"": 7, ""status"": 0, ""success"": true, ""x"": [1.3520173263473207, -0.3917062695391766]}, {""fun"": 26046.813961166612, ""jac"": [-0.002182787297520854, 0.0007275957618013168], ""message"": ""CONVERGENCE: REL_REDUCTION_OF_F_<=_FACTR*EPSMCH"", ""method"": ""L-BFGS-B"", ""nfev"": 30, ""nit"": 7, ""status"": 0, ""success"": true, ""x"": [1.3520173263473207, -0.3917062695391766]}], ""solver_path"": ""general_convolution"", ""uncertified_profiles"": 0}"
foul_leaves_5_team,team-quarter,2016-17,9840,optimization,FTA,1,,0,ZIP,55017.99258519376,-27499.802081606835,[],"{""lam"": 6.011252392570402, ""rho"": 0.0486847281343439}",2,True,optimizer_converged_lbfgsb,20,80,2,-29081.792573401566,1581.9904917947315,0.07951740000862628,"{""binomial_discrete_residual_mean"": null, ""binomial_discrete_residual_variance"": null, ""binomial_h_extension_used"": null, ""binomial_n_candidates"": 0, ""binomial_n_max"": null, ""binomial_n_min"": null, ""binomial_n_policy"": null, ""binomial_n_tie_break"": null, ""certified_profiles"": 1, ""optimizer_powell_attempted"": false, ""optimizer_powell_success"": false, ""optimizer_primary_failed_starts"": 0, ""optimizer_primary_successful_starts"": 2, ""optimizer_results"": [{""fun"": 27499.802081606835, ""jac"": [-0.004001776712121566, 0.0018189894146007119], ""message"": ""CONVERGENCE: REL_REDUCTION_OF_F_<=_FACTR*EPSMCH"", ""method"": ""L-BFGS-B"", ""nfev"": 39, ""nit"": 10, ""status"": 0, ""success"": true, ""x"": [1.7936331116251107, -2.9724801335252664]}, {""fun"": 27499.802081606835, ""jac"": [-0.004001776712121566, 0.0018189894146007119], ""message"": ""CONVERGENCE: REL_REDUCTION_OF_F_<=_FACTR*EPSMCH"", ""method"": ""L-BFGS-B"", ""nfev"": 39, ""nit"": 10, ""status"": 0, ""success"": true, ""x"": [1.7936331116251107, -2.9724801335252664]}], ""solver_path"": ""general_convolution"", ""uncertified_profiles"": 0}"
foul_leaves_5_team,team-quarter,2016-17,9840,optimization,FTA,1,,0,Geom,55634.022379956856,-27812.414084483404,[],"{""p"": 0.14884058628669963}",1,True,analytic_mle,0,1,0,-27812.414084483404,0.0,0.0005323000368662179,"{""binomial_discrete_residual_mean"": null, ""binomial_discrete_residual_variance"": null, ""binomial_h_extension_used"": null, ""binomial_n_candidates"": 0, ""binomial_n_max"": null, ""binomial_n_min"": null, ""binomial_n_policy"": null, ""binomial_n_tie_break"": null, ""certified_profiles"": 1, ""solver_path"": ""analytic_root"", ""uncertified_profiles"": 0}"
foul_leaves_5_team,team-quarter,2016-17,9840,optimization,FTA,1,,0,Binomial,57808.08157554952,-28899.443682279736,[],"{""n"": 100, ""p"": 0.0571859756097561}",1,True,analytic_mle,0,1,0,-28899.443682279736,0.0,0.004703499958850443,"{""binomial_discrete_residual_mean"": 5.71859756097561, ""binomial_discrete_residual_variance"": 13.384938683571285, ""binomial_h_extension_used"": true, ""binomial_n_candidates"": 1, ""binomial_n_max"": 100, ""binomial_n_min"": 100, ""binomial_n_policy"": ""paper_H_binomial_discrete_index_continuous_full_mle"", ""binomial_n_tie_break"": ""not_applicable_single_mom_index"", ""certified_profiles"": 1, ""solver_path"": ""analytic_root"", ""uncertified_profiles"": 0}"
foul_leaves_5_team,team-quarter,2016-17,9840,optimization,FTA,1,,0,Bernoulli,inf,-inf,[],{},1,False,infeasible_root_support,0,0,0,-inf,0.0,3.0499999411404133e-05,"{""binomial_discrete_residual_mean"": null, ""binomial_discrete_residual_variance"": null, ""binomial_h_extension_used"": null, ""binomial_n_candidates"": 0, ""binomial_n_max"": null, ""binomial_n_min"": null, ""binomial_n_policy"": null, ""binomial_n_tie_break"": null, ""certified_profiles"": 0, ""solver_path"": ""analytic_root"", ""uncertified_profiles"": 0}"
foul_leaves_5_team,team-quarter,2016-17,9840,optimization,FTA,1,FOUL,1,Poisson,41351.92519779246,-20666.768387906184,[1.255172934022292],"{""lam"": 0.025801537102270587}",2,True,poisson_convex_mle,34,60,2,-21376.79055505584,710.0221671496547,0.0954382999916561,"{""binomial_discrete_residual_mean"": null, ""binomial_discrete_residual_variance"": null, ""binomial_h_extension_used"": null, ""binomial_n_candidates"": 0, ""binomial_n_max"": null, ""binomial_n_min"": null, ""binomial_n_policy"": null, ""binomial_n_tie_break"": null, ""certified_profiles"": 1, ""optimizer_primary_failed_starts"": 0, ""optimizer_primary_successful_starts"": 2, ""optimizer_results"": [{""fun"": 20666.768387906184, ""jac"": [-3.3823938436761125e-06, -1.868688732642454e-06], ""message"": ""CONVERGENCE: REL_REDUCTION_OF_F_<=_FACTR*EPSMCH"", ""method"": ""L-BFGS-B"", ""nfev"": 51, ""nit"": 31, ""status"": 0, ""success"": true, ""x"": [0.025801537102270587, 1.255172934022292]}, {""fun"": 21281.376779471015, ""jac"": [713.4253669094467, -409.8069580085678], ""message"": ""CONVERGENCE: REL_REDUCTION_OF_F_<=_FACTR*EPSMCH"", ""method"": ""L-BFGS-B"", ""nfev"": 7, ""nit"": 3, ""status"": 0, ""success"": true, ""x"": [1.0648581312045091, 1.0336084798007952]}], ""poisson_canonical_agreement_abs"": 0.0, ""solver_path"": ""poisson_convex"", ""uncertified_profiles"": 0}"
foul_leaves_5_team,team-quarter,2016-17,9840,optimization,FTA,1,FOUL,1,NB,41357.255776032776,-20664.83657153132,[1.256263202858749],"{""p"": 0.8855917976250951, ""r"": 0.16143956577466861}",3,True,optimizer_converged_lbfgsb,34,214,2,-21702.367825778674,1037.5312542473548,0.9153778000036255,"{""binomial_discrete_residual_mean"": null, ""binomial_discrete_residual_variance"": null, ""binomial_h_extension_used"": null, ""binomial_n_candidates"": 0, ""binomial_n_max"": null, ""binomial_n_min"": null, ""binomial_n_policy"": null, ""binomial_n_tie_break"": null, ""certified_profiles"": 1, ""optimizer_powell_attempted"": false, ""optimizer_powell_success"": false, ""optimizer_primary_failed_starts"": 0, ""optimizer_primary_successful_starts"": 2, ""optimizer_results"": [{""fun"": 20666.7306471518, ""jac"": [0.0018189894146007119, 0.020736479326448114, 0.018917489911847402], ""message"": ""CONVERGENCE: REL_REDUCTION_OF_F_<=_FACTR*EPSMCH"", ""method"": ""L-BFGS-B"", ""nfev"": 68, ""nit"": 13, ""status"": 0, ""success"": true, ""x"": [1.255187630058014, 3.74170414044847, 7.401677752162885]}, {""fun"": 20664.83657153132, ""jac"": [-0.004001776712121566, 0.0003637978829201424, 0.0007275957658402848], ""message"": ""CONVERGENCE: REL_REDUCTION_OF_F_<=_FACTR*EPSMCH"", ""method"": ""L-BFGS-B"", ""nfev"": 144, ""nit"": 21, ""status"": 0, ""success"": true, ""x"": [1.256263202858749, -1.8236244120814675, 2.046483343953807]}], ""solver_path"": ""general_convolution"", ""uncertified_profiles"": 0}"
foul_leaves_5_team,team-quarter,2016-17,9840,optimization,FTA,1,FOUL,1,ZIP,41356.894089692316,-20664.65572836109,[1.256285961947518],"{""lam"": 0.15977245669249104, ""rho"": 0.8701064883148033}",3,True,optimizer_converged_lbfgsb,41,206,2,-22022.26178733696,1357.6060589758708,0.250829300028272,"{""binomial_discrete_residual_mean"": null, ""binomial_discrete_residual_variance"": null, ""binomial_h_extension_used"": null, ""binomial_n_candidates"": 0, ""binomial_n_max"": null, ""binomial_n_min"": null, ""binomial_n_policy"": null, ""binomial_n_tie_break"": null, ""certified_profiles"": 1, ""optimizer_powell_attempted"": false, ""optimizer_powell_success"": false, ""optimizer_primary_failed_starts"": 0, ""optimizer_primary_successful_starts"": 2, ""optimizer_results"": [{""fun"": 20666.768387918328, ""jac"": [0.0007275957658402848, -0.0007275957658402848, 0.0], ""message"": ""CONVERGENCE: REL_REDUCTION_OF_F_<=_FACTR*EPSMCH"", ""method"": ""L-BFGS-B"", ""nfev"": 104, ""nit"": 20, ""status"": 0, ""success"": true, ""x"": [1.255173220030854, -3.657370617788918, -20.72326583594641]}, {""fun"": 20664.65572836109, ""jac"": [0.0, 0.0, -0.0007275957658402848], ""message"": ""CONVERGENCE: REL_REDUCTION_OF_F_<=_FACTR*EPSMCH"", ""method"": ""L-BFGS-B"", ""nfev"": 100, ""nit"": 21, ""status"": 0, ""success"": true, ""x"": [1.256285961947518, -1.8340046216291834, 1.9019006306268964]}], ""solver_path"": ""general_convolution"", ""uncertified_profiles"": 0}"
foul_leaves_5_team,team-quarter,2016-17,9840,optimization,FTA,1,FOUL,1,Geom,41349.898870481404,-20665.755224250657,[1.2554007045865045],"{""p"": 0.9758268233796715}",2,True,optimizer_converged_lbfgsb,19,107,2,-21491.848026432035,826.0928021813779,7.892265499976929,"{""binomial_discrete_residual_mean"": null, ""binomial_discrete_residual_variance"": null, ""binomial_h_extension_used"": null, ""binomial_n_candidates"": 0, ""binomial_n_max"": null, ""binomial_n_min"": null, ""binomial_n_policy"": null, ""binomial_n_tie_break"": null, ""certified_profiles"": 1, ""optimizer_powell_attempted"": false, ""optimizer_powell_success"": false, ""optimizer_primary_failed_starts"": 0, ""optimizer_primary_successful_starts"": 2, ""optimizer_results"": [{""fun"": 20833.08878115692, ""jac"": [0.5176843873953626, 106.09509476862954], ""message"": ""CONVERGENCE: REL_REDUCTION_OF_F_<=_FACTR*EPSMCH"", ""method"": ""L-BFGS-B"", ""nfev"": 51, ""nit"": 5, ""status"": 0, ""success"": true, ""x"": [1.2606299132079462, 19.889413818040307]}, {""fun"": 20665.755224250657, ""jac"": [0.025465851804409967, -0.002182787297520854], ""message"": ""CONVERGENCE: REL_REDUCTION_OF_F_<=_FACTR*EPSMCH"", ""method"": ""L-BFGS-B"", ""nfev"": 54, ""nit"": 14, ""status"": 0, ""success"": true, ""x"": [1.2554007045865045, 3.698041521297975]}], ""solver_path"": ""general_convolution"", ""uncertified_profiles"": 0}"
foul_leaves_5_team,team-quarter,2016-17,9840,optimization,FTA,1,FOUL,1,Binomial,41354.30679526963,-20667.95918664477,[1.2550472972585214],"{""n"": 2, ""p"": 0.013185624931811973}",2,True,optimizer_converged_lbfgsb,26,101,2,-21495.44708001123,827.4878933664586,0.28309629997238517,"{""binomial_discrete_residual_mean"": -1.2716149844896911, ""binomial_discrete_residual_variance"": -3.278658786723307, ""binomial_h_extension_used"": true, ""binomial_n_candidates"": 1, ""binomial_n_max"": 2, ""binomial_n_min"": 2, ""binomial_n_policy"": ""paper_H_binomial_discrete_index_continuous_full_mle"", ""binomial_n_tie_break"": ""not_applicable_single_mom_index"", ""certified_profiles"": 1, ""optimizer_powell_attempted"": false, ""optimizer_powell_success"": false, ""optimizer_primary_failed_starts"": 0, ""optimizer_primary_successful_starts"": 2, ""optimizer_results"": [{""fun"": 20730.69620090988, ""jac"": [-2166.9602706244136, -11.70337789354098], ""message"": ""CONVERGENCE: REL_REDUCTION_OF_F_<=_FACTR*EPSMCH"", ""method"": ""L-BFGS-B"", ""nfev"": 45, ""nit"": 11, ""status"": 0, ""success"": true, ""x"": [1.198165173344498, -4.630603149463807]}, {""fun"": 20667.95918664477, ""jac"": [-0.001091393648760427, 0.0003637978829201424], ""message"": ""CONVERGENCE: REL_REDUCTION_OF_F_<=_FACTR*EPSMCH"", ""method"": ""L-BFGS-B"", ""nfev"": 54, ""nit"": 15, ""status"": 0, ""success"": true, ""x"": [1.2550472972585214, -4.315354736044844]}], ""solver_path"": ""general_convolution"", ""uncertified_profiles"": 0}"
foul_leaves_5_team,team-quarter,2016-17,9840,optimization,FTA,1,FOUL,1,Bernoulli,inf,-inf,[],{},2,False,infeasible_conditional_support,0,0,0,-inf,0.0,8.079997496679425e-05,"{""binomial_discrete_residual_mean"": null, ""binomial_discrete_residual_variance"": null, ""binomial_h_extension_used"": null, ""binomial_n_candidates"": 0, ""binomial_n_max"": null, ""binomial_n_min"": null, ""binomial_n_policy"": null, ""binomial_n_tie_break"": null, ""certified_profiles"": 0, ""solver_path"": ""conditional_support_check"", ""support_violating_rows"": 2, ""uncertified_profiles"": 0}"
foul_leaves_5_team,team-quarter,2016-17,9840,optimization,FTA,1,FTM,4,Poisson,36278.72587957075,-18130.168728795332,[1.166744611601115],"{""lam"": 0.5687955205815522}",2,True,poisson_convex_mle,17,25,2,-18144.944465685938,14.775736890605913,0.0392050999798812,"{""binomial_discrete_residual_mean"": null, ""binomial_discrete_residual_variance"": null, ""binomial_h_extension_used"": null, ""binomial_n_candidates"": 0, ""binomial_n_max"": null, ""binomial_n_min"": null, ""binomial_n_policy"": null, ""binomial_n_tie_break"": null, ""certified_profiles"": 1, ""optimizer_primary_failed_starts"": 0, ""optimizer_primary_successful_starts"": 2, ""optimizer_results"": [{""fun"": 18130.168728795332, ""jac"": [-3.132214860590565e-05, -7.593949394912869e-05], ""message"": ""CONVERGENCE: REL_REDUCTION_OF_F_<=_FACTR*EPSMCH"", ""method"": ""L-BFGS-B"", ""nfev"": 10, ""nit"": 7, ""status"": 0, ""success"": true, ""x"": [0.5687955205815522, 1.166744611601115]}, {""fun"": 18130.168728795332, ""jac"": [-1.4511452827159488e-05, -6.298871807697282e-05], ""message"": ""CONVERGENCE: REL_REDUCTION_OF_F_<=_FACTR*EPSMCH"", ""method"": ""L-BFGS-B"", ""nfev"": 13, ""nit"": 10, ""status"": 0, ""success"": true, ""x"": [0.568795528858182, 1.1667446102940158]}], ""poisson_canonical_agreement_abs"": 0.0, ""solver_path"": ""poisson_convex"", ""uncertified_profiles"": 0}"
foul_leaves_5_team,team-quarter,2016-17,9840,optimization,FTA,1,FTM,4,NB,36287.92086493138,-18130.16911598062,[1.166824352116745],"{""p"": 0.999998191247597, ""r"": 314405.1942216772}",3,True,optimizer_converged_lbfgsb,42,278,2,-18144.94716732846,14.77805134783921,1.2288173999986611,"{""binomial_discrete_residual_mean"": null, ""binomial_discrete_residual_variance"": null, ""binomial_h_extension_used"": null, ""binomial_n_candidates"": 0, ""binomial_n_max"": null, ""binomial_n_min"": null, ""binomial_n_policy"": null, ""binomial_n_tie_break"": null, ""certified_profiles"": 1, ""optimizer_powell_attempted"": false, ""optimizer_powell_success"": false, ""optimizer_primary_failed_starts"": 0, ""optimizer_primary_successful_starts"": 2, ""optimizer_results"": [{""fun"": 18130.170328209562, ""jac"": [0.004365574595041708, 0.002910382804867217, 0.002182787103650413], ""message"": ""CONVERGENCE: REL_REDUCTION_OF_F_<=_FACTR*EPSMCH"", ""method"": ""L-BFGS-B"", ""nfev"": 44, ""nit"": 7, ""status"": 0, ""success"": true, ""x"": [1.166745962318981, 11.056332716849594, 11.620576130448043]}, {""fun"": 18130.16911598062, ""jac"": [1.9150320556916294, 0.11095834443556266, -0.11095834443556266], ""message"": ""CONVERGENCE: REL_REDUCTION_OF_F_<=_FACTR*EPSMCH"", ""method"": ""L-BFGS-B"", ""nfev"": 232, ""nit"": 35, ""status"": 0, ""success"": true, ""x"": [1.166824352116745, 12.658437860462032, 13.222871421738633]}], ""solver_path"": ""general_convolution"", ""uncertified_profiles"": 0}"
foul_leaves_5_team,team-quarter,2016-17,9840,optimization,FTA,1,FTM,4,ZIP,36287.92009080126,-18130.16872891556,[1.166744588013147],"{""lam"": 0.5687956399291452, ""rho"": 1.0000004237710604e-09}",3,True,optimizer_converged_lbfgsb,42,234,2,-18144.944465771252,14.77573685569223,0.25656160002108663,"{""binomial_discrete_residual_mean"": null, ""binomial_discrete_residual_variance"": null, ""binomial_h_extension_used"": null, ""binomial_n_candidates"": 0, ""binomial_n_max"": null, ""binomial_n_min"": null, ""binomial_n_policy"": null, ""binomial_n_tie_break"": null, ""certified_profiles"": 1, ""optimizer_powell_attempted"": false, ""optimizer_powell_success"": false, ""optimizer_primary_failed_starts"": 0, ""optimizer_primary_successful_starts"": 2, ""optimizer_results"": [{""fun"": 18130.16872891556, ""jac"": [-0.0003637978829201424, -0.000727595757762349, 0.0], ""message"": ""CONVERGENCE: REL_REDUCTION_OF_F_<=_FACTR*EPSMCH"", ""method"": ""L-BFGS-B"", ""nfev"": 40, ""nit"": 7, ""status"": 0, ""success"": true, ""x"": [1.166744588013147, -0.5642340659072511, -20.72326541217544]}, {""fun"": 18130.16878064383, ""jac"": [-0.0025465851804409964, -0.0018189893944058726, 0.0], ""message"": ""CONVERGENCE: REL_REDUCTION_OF_F_<=_FACTR*EPSMCH"", ""method"": ""L-BFGS-B"", ""nfev"": 192, ""nit"": 35, ""status"": 0, ""success"": true, ""x"": [1.166744869238339, -0.5642366183721632, -14.656470915814161]}], ""solver_path"": ""general_convolution"", ""uncertified_profiles"": 0}"
foul_leaves_5_team,team-quarter,2016-17,9840,optimization,FTA,1,FTM,4,Geom,36436.53135559921,-18209.07146680956,[1.2119450305571837],"{""p"": 0.7303060238972445}",2,True,optimizer_converged_lbfgsb,19,80,2,-18347.583372329766,138.5119055202049,0.14388079999480397,"{""binomial_discrete_residual_mean"": null, ""binomial_discrete_residual_variance"": null, ""binomial_h_extension_used"": null, ""binomial_n_candidates"": 0, ""binomial_n_max"": null, ""binomial_n_min"": null, ""binomial_n_policy"": null, ""binomial_n_tie_break"": null, ""certified_profiles"": 1, ""optimizer_powell_attempted"": false, ""optimizer_powell_success"": false, ""optimizer_primary_failed_starts"": 0, ""optimizer_primary_successful_starts"": 2, ""optimizer_results"": [{""fun"": 18209.071466811245, ""jac"": [0.0003637978829201424, 0.001455191515524698], ""message"": ""CONVERGENCE: REL_REDUCTION_OF_F_<=_FACTR*EPSMCH"", ""method"": ""L-BFGS-B"", ""nfev"": 33, ""nit"": 8, ""status"": 0, ""success"": true, ""x"": [1.2119452369136772, 0.996178670635278]}, {""fun"": 18209.07146680956, ""jac"": [0.0003637978829201424, 0.0], ""message"": ""CONVERGENCE: REL_REDUCTION_OF_F_<=_FACTR*EPSMCH"", ""method"": ""L-BFGS-B"", ""nfev"": 45, ""nit"": 11, ""status"": 0, ""success"": true, ""x"": [1.2119450305571837, 0.9961757627678425]}], ""solver_path"": ""general_convolution"", ""uncertified_profiles"": 0}"
foul_leaves_5_team,team-quarter,2016-17,9840,optimization,FTA,1,FTM,4,Binomial,inf,-inf,[],"{""n"": 2}",2,False,infeasible_conditional_support,0,0,0,-inf,0.0,0.00036150001687929034,"{""binomial_discrete_residual_mean"": 0.7055106128520281, ""binomial_discrete_residual_variance"": -3.356808448597212, ""binomial_h_extension_used"": true, ""binomial_n_candidates"": 1, ""binomial_n_max"": 2, ""binomial_n_min"": 2, ""binomial_n_policy"": ""paper_H_binomial_discrete_index_continuous_full_mle"", ""binomial_n_tie_break"": ""not_applicable_single_mom_index"", ""certified_profiles"": 0, ""solver_path"": ""conditional_support_check"", ""support_violating_rows"": 22, ""uncertified_profiles"": 0}"
foul_leaves_5_team,team-quarter,2016-17,9840,optimization,FTA,1,FTM,4,Bernoulli,inf,-inf,[],{},2,False,infeasible_conditional_support,0,0,0,-inf,0.0,3.7699996028095484e-05,"{""binomial_discrete_residual_mean"": null, ""binomial_discrete_residual_variance"": null, ""binomial_h_extension_used"": null, ""binomial_n_candidates"": 0, ""binomial_n_max"": null, ""binomial_n_min"": null, ""binomial_n_policy"": null, ""binomial_n_tie_break"": null, ""certified_profiles"": 0, ""solver_path"": ""conditional_support_check"", ""support_violating_rows"": 93, ""uncertified_profiles"": 0}"
foul_leaves_5_team,team-quarter,2016-17,9840,optimization,FTA,1,FOUL;FTM,5,Poisson,35621.77477361994,-17797.0960703249,"[0.3149881604964492, 0.9674484284843632]","{""lam"": 0.019834208380210525}",3,True,poisson_convex_mle,40,65,2,-18186.745786748797,389.6497164238972,0.09351620002416894,"{""binomial_discrete_residual_mean"": null, ""binomial_discrete_residual_variance"": null, ""binomial_h_extension_used"": null, ""binomial_n_candidates"": 0, ""binomial_n_max"": null, ""binomial_n_min"": null, ""binomial_n_policy"": null, ""binomial_n_tie_break"": null, ""certified_profiles"": 1, ""optimizer_primary_failed_starts"": 0, ""optimizer_primary_successful_starts"": 2, ""optimizer_results"": [{""fun"": 17797.0960703249, ""jac"": [-0.007177677375045377, -0.003611535570854585, -0.003461533702235897], ""message"": ""CONVERGENCE: REL_REDUCTION_OF_F_<=_FACTR*EPSMCH"", ""method"": ""L-BFGS-B"", ""nfev"": 50, ""nit"": 31, ""status"": 0, ""success"": true, ""x"": [0.019834208380210525, 0.3149881604964492, 0.9674484284843632]}, {""fun"": 17976.762661699395, ""jac"": [-752.1183705084086, -4053.4857567986905, -3075.4628930383524], ""message"": ""CONVERGENCE: REL_REDUCTION_OF_F_<=_FACTR*EPSMCH"", ""method"": ""L-BFGS-B"", ""nfev"": 13, ""nit"": 9, ""status"": 0, ""success"": true, ""x"": [0.06005494490369423, 0.20499335325006124, 0.9816769626847408]}], ""poisson_canonical_agreement_abs"": 0.0, ""solver_path"": ""poisson_convex"", ""uncertified_profiles"": 0}"
foul_leaves_5_team,team-quarter,2016-17,9840,optimization,FTA,1,FOUL;FTM,5,NB,35630.972411460956,-17797.097783750385,"[0.3149855300931636, 0.967449411523851]","{""p"": 0.9998892526455186, ""r"": 179.15361009037548}",4,True,optimizer_converged_lbfgsb,64,492,2,-18129.193343813287,332.0955600629022,2.0866580000147223,"{""binomial_discrete_residual_mean"": null, ""binomial_discrete_residual_variance"": null, ""binomial_h_extension_used"": null, ""binomial_n_candidates"": 0, ""binomial_n_max"": null, ""binomial_n_min"": null, ""binomial_n_policy"": null, ""binomial_n_tie_break"": null, ""certified_profiles"": 1, ""optimizer_powell_attempted"": false, ""optimizer_powell_success"": false, ""optimizer_primary_failed_starts"": 0, ""optimizer_primary_successful_starts"": 2, ""optimizer_results"": [{""fun"": 17797.102937375093, ""jac"": [0.0036379788090065844, 0.0040017766676929195, -0.002182787297520854, -0.0036379788292014237], ""message"": ""CONVERGENCE: REL_REDUCTION_OF_F_<=_FACTR*EPSMCH"", ""method"": ""L-BFGS-B"", ""nfev"": 130, ""nit"": 21, ""status"": 0, ""success"": true, ""x"": [0.314996824918951, 0.9674465562951514, 3.797300316484569, 7.719150855688453]}, {""fun"": 17797.097783750385, ""jac"": [0.0014551915236026337, 0.0018189893944058726, 0.0036379788292014237, -0.005456967759126033], ""message"": ""CONVERGENCE: REL_REDUCTION_OF_F_<=_FACTR*EPSMCH"", ""method"": ""L-BFGS-B"", ""nfev"": 360, ""nit"": 43, ""status"": 0, ""success"": true, ""x"": [0.3149855300931636, 0.967449411523851, 5.188243594764092, 9.108148283139231]}], ""solver_path"": ""general_convolution"", ""uncertified_profiles"": 0}"
foul_leaves_5_team,team-quarter,2016-17,9840,optimization,FTA,1,FOUL;FTM,5,ZIP,35630.9689846087,-17797.096070324256,"[0.3149879578306671, 0.9674486705594036]","{""lam"": 0.019834385270774073, ""rho"": 1.0000000000000007e-09}",4,True,optimizer_converged_lbfgsb,61,407,2,-18186.7457867538,389.64971642954333,0.4360294999787584,"{""binomial_discrete_residual_mean"": null, ""binomial_discrete_residual_variance"": null, ""binomial_h_extension_used"": null, ""binomial_n_candidates"": 0, ""binomial_n_max"": null, ""binomial_n_min"": null, ""binomial_n_policy"": null, ""binomial_n_tie_break"": null, ""certified_profiles"": 1, ""optimizer_powell_attempted"": false, ""optimizer_powell_success"": false, ""optimizer_primary_failed_starts"": 0, ""optimizer_primary_successful_starts"": 2, ""optimizer_results"": [{""fun"": 17797.096070324256, ""jac"": [-0.0018189894045032922, -0.0003637978788811745, 0.0, 0.0], ""message"": ""CONVERGENCE: REL_REDUCTION_OF_F_<=_FACTR*EPSMCH"", ""method"": ""L-BFGS-B"", ""nfev"": 145, ""nit"": 19, ""status"": 0, ""success"": true, ""x"": [0.3149879578306671, 0.9674486705594036, -3.920338217642615, -20.72326583594641]}, {""fun"": 17797.096141744398, ""jac"": [-0.019281287687734898, 0.024374457885038694, 0.0, 0.0], ""message"": ""CONVERGENCE: REL_REDUCTION_OF_F_<=_FACTR*EPSMCH"", ""method"": ""L-BFGS-B"", ""nfev"": 260, ""nit"": 42, ""status"": 0, ""success"": true, ""x"": [0.31498341876854935, 0.9674537888073813, -3.9201151355458403, -8.369913974245693]}], ""solver_path"": ""general_convolution"", ""uncertified_profiles"": 0}"
foul_leaves_5_team,team-quarter,2016-17,9840,optimization,FTA,1,FOUL;FTM,5,Geom,35622.34178824113,-17797.379577635496,"[0.31547268642242915, 0.9673271090707966]","{""p"": 0.9821369941395307}",3,True,optimizer_converged_lbfgsb,26,166,2,-18175.23286196222,377.85328432672395,13.107748200010974,"{""binomial_discrete_residual_mean"": null, ""binomial_discrete_residual_variance"": null, ""binomial_h_extension_used"": null, ""binomial_n_candidates"": 0, ""binomial_n_max"": null, ""binomial_n_min"": null, ""binomial_n_policy"": null, ""binomial_n_tie_break"": null, ""certified_profiles"": 1, ""optimizer_powell_attempted"": false, ""optimizer_powell_success"": false, ""optimizer_primary_failed_starts"": 0, ""optimizer_primary_successful_starts"": 2, ""optimizer_results"": [{""fun"": 17872.69068451525, ""jac"": [0.005093170332609218, 0.004729372425455269, 0.0], ""message"": ""CONVERGENCE: REL_REDUCTION_OF_F_<=_FACTR*EPSMCH"", ""method"": ""L-BFGS-B"", ""nfev"": 80, ""nit"": 9, ""status"": 0, ""success"": true, ""x"": [0.3209647781750514, 0.9656858605177314, 20.01488221933759]}, {""fun"": 17797.379577635496, ""jac"": [0.10659277910389292, 0.11968950215190642, -0.0014551915316805696], ""message"": ""CONVERGENCE: REL_REDUCTION_OF_F_<=_FACTR*EPSMCH"", ""method"": ""L-BFGS-B"", ""nfev"": 84, ""nit"": 17, ""status"": 0, ""success"": true, ""x"": [0.31547268642242915, 0.9673271090707966, 4.006998941312887]}], ""solver_path"": ""general_convolution"", ""uncertified_profiles"": 0}"
foul_leaves_5_team,team-quarter,2016-17,9840,optimization,FTA,1,FOUL;FTM,5,Binomial,35621.453862308044,-17796.935614668953,"[0.31467313991010437, 0.9675292071536571]","{""n"": 2, ""p"": 0.010452441736259543}",3,True,optimizer_converged_lbfgsb,42,306,2,-18171.76712768156,374.8315130126066,0.8387015000334941,"{""binomial_discrete_residual_mean"": -0.4690485960397357, ""binomial_discrete_residual_variance"": -4.966957325182422, ""binomial_h_extension_used"": true, ""binomial_n_candidates"": 1, ""binomial_n_max"": 2, ""binomial_n_min"": 2, ""binomial_n_policy"": ""paper_H_binomial_discrete_index_continuous_full_mle"", ""binomial_n_tie_break"": ""not_applicable_single_mom_index"", ""certified_profiles"": 1, ""optimizer_powell_attempted"": false, ""optimizer_powell_success"": false, ""optimizer_primary_failed_starts"": 0, ""optimizer_primary_successful_starts"": 2, ""optimizer_results"": [{""fun"": 17826.217522522795, ""jac"": [-513.0754291685065, 165.56041474024468, -4.869070865003185], ""message"": ""CONVERGENCE: REL_REDUCTION_OF_F_<=_FACTR*EPSMCH"", ""method"": ""L-BFGS-B"", ""nfev"": 80, ""nit"": 10, ""status"": 0, ""success"": true, ""x"": [0.2530107701517245, 1.0360044610675145, -6.86709039034144]}, {""fun"": 17796.935614668953, ""jac"": [-0.017098500402330945, -0.014188117276365807, 0.0], ""message"": ""CONVERGENCE: REL_REDUCTION_OF_F_<=_FACTR*EPSMCH"", ""method"": ""L-BFGS-B"", ""nfev"": 224, ""nit"": 32, ""status"": 0, ""success"": true, ""x"": [0.31467313991010437, 0.9675292071536571, -4.550412216723063]}], ""solver_path"": ""general_convolution"", ""uncertified_profiles"": 0}"
foul_leaves_5_team,team-quarter,2016-17,9840,optimization,FTA,1,FOUL;FTM,5,Bernoulli,35621.09935208301,-17796.758359556436,"[0.31428504791817735, 0.9676293656379205]","{""p"": 0.022228200823116342}",3,True,optimizer_converged_lbfgsb,35,182,2,-18175.23286237092,378.4745028144862,0.36378350004088134,"{""binomial_discrete_residual_mean"": null, ""binomial_discrete_residual_variance"": null, ""binomial_h_extension_used"": null, ""binomial_n_candidates"": 0, ""binomial_n_max"": null, ""binomial_n_min"": null, ""binomial_n_policy"": null, ""binomial_n_tie_break"": null, ""certified_profiles"": 1, ""optimizer_powell_attempted"": false, ""optimizer_powell_success"": false, ""optimizer_primary_failed_starts"": 0, ""optimizer_primary_successful_starts"": 2, ""optimizer_results"": [{""fun"": 17829.328117952762, ""jac"": [-525.0676625145159, 160.00085549345906, -4.93237169663129], ""message"": ""CONVERGENCE: REL_REDUCTION_OF_F_<=_FACTR*EPSMCH"", ""method"": ""L-BFGS-B"", ""nfev"": 72, ""nit"": 10, ""status"": 0, ""success"": true, ""x"": [0.25273153644168517, 1.036303349306475, -6.76886003922662]}, {""fun"": 17796.758359556436, ""jac"": [0.019645085568635555, 0.026193447279444566, -0.0003637978829201424], ""message"": ""CONVERGENCE: REL_REDUCTION_OF_F_<=_FACTR*EPSMCH"", ""method"": ""L-BFGS-B"", ""nfev"": 108, ""nit"": 25, ""status"": 0, ""success"": true, ""x"": [0.31428504791817735, 0.9676293656379205, -3.78391451856512]}], ""solver_path"": ""general_convolution"", ""uncertified_profiles"": 0}"
foul_leaves_5_team,team-quarter,2016-17,9840,optimization,FTA,1,PERS_FOUL_DRAWN,8,Poisson,55352.10323432778,-27666.857406173844,[0.6792164400893367],"{""lam"": 4.54708733316358}",2,True,poisson_convex_mle,11,17,2,-27681.025998024874,14.168591851030214,0.025895200029481202,"{""binomial_discrete_residual_mean"": null, ""binomial_discrete_residual_variance"": null, ""binomial_h_extension_used"": null, ""binomial_n_candidates"": 0, ""binomial_n_max"": null, ""binomial_n_min"": null, ""binomial_n_policy"": null, ""binomial_n_tie_break"": null, ""certified_profiles"": 1, ""optimizer_primary_failed_starts"": 0, ""optimizer_primary_successful_starts"": 2, ""optimizer_results"": [{""fun"": 27666.85740617385, ""jac"": [-9.749398134140108e-05, 3.94536448165006e-05], ""message"": ""CONVERGENCE: REL_REDUCTION_OF_F_<=_FACTR*EPSMCH"", ""method"": ""L-BFGS-B"", ""nfev"": 7, ""nit"": 5, ""status"": 0, ""success"": true, ""x"": [4.547087056205147, 0.6792165301923937]}, {""fun"": 27666.857406173844, ""jac"": [0.00015330868925633734, 0.00012134254022599933], ""message"": ""CONVERGENCE: REL_REDUCTION_OF_F_<=_FACTR*EPSMCH"", ""method"": ""L-BFGS-B"", ""nfev"": 8, ""nit"": 6, ""status"": 0, ""success"": true, ""x"": [4.54708733316358, 0.6792164400893367]}], ""poisson_canonical_agreement_abs"": 0.0, ""solver_path"": ""poisson_convex"", ""uncertified_profiles"": 0}"
foul_leaves_5_team,team-quarter,2016-17,9840,optimization,FTA,1,PERS_FOUL_DRAWN,8,NB,51755.91295455587,-25864.165160792865,[0.49802229352313093],"{""p"": 0.40216570194326223, ""r"": 3.2690807166250906}",3,True,optimizer_converged_lbfgsb,14,82,2,-25864.186227987004,0.02106719413859537,0.36355869995895773,"{""binomial_discrete_residual_mean"": null, ""binomial_discrete_residual_variance"": null, ""binomial_h_extension_used"": null, ""binomial_n_candidates"": 0, ""binomial_n_max"": null, ""binomial_n_min"": null, ""binomial_n_policy"": null, ""binomial_n_tie_break"": null, ""certified_profiles"": 1, ""optimizer_powell_attempted"": false, ""optimizer_powell_success"": false, ""optimizer_primary_failed_starts"": 0, ""optimizer_primary_successful_starts"": 2, ""optimizer_results"": [{""fun"": 25864.16516080033, ""jac"": [0.0021827872854039507, 0.008003553424243132, -0.005093170332609218], ""message"": ""CONVERGENCE: REL_REDUCTION_OF_F_<=_FACTR*EPSMCH"", ""method"": ""L-BFGS-B"", ""nfev"": 44, ""nit"": 8, ""status"": 0, ""success"": true, ""x"": [0.49802095808901303, 1.1845129904631935, -0.3964459883316004]}, {""fun"": 25864.165160792865, ""jac"": [0.0007275957618013168, -0.0014551915316805696, 0.0014551915236026337], ""message"": ""CONVERGENCE: REL_REDUCTION_OF_F_<=_FACTR*EPSMCH"", ""method"": ""L-BFGS-B"", ""nfev"": 36, ""nit"": 6, ""status"": 0, ""success"": true, ""x"": [0.49802229352313093, 1.1845088189713786, -0.3964494244233455]}], ""solver_path"": ""general_convolution"", ""uncertified_profiles"": 0}"
foul_leaves_5_team,team-quarter,2016-17,9840,optimization,FTA,1,PERS_FOUL_DRAWN,8,ZIP,52498.463772480434,-26235.44056975515,[0.8993273053232017],"{""lam"": 5.131474826439246, ""rho"": 0.1878668449075993}",3,True,optimizer_converged_lbfgsb,21,102,2,-26518.178933231073,282.7383634759244,0.1305222000228241,"{""binomial_discrete_residual_mean"": null, ""binomial_discrete_residual_variance"": null, ""binomial_h_extension_used"": null, ""binomial_n_candidates"": 0, ""binomial_n_max"": null, ""binomial_n_min"": null, ""binomial_n_policy"": null, ""binomial_n_tie_break"": null, ""certified_profiles"": 1, ""optimizer_powell_attempted"": false, ""optimizer_powell_success"": false, ""optimizer_primary_failed_starts"": 0, ""optimizer_primary_successful_starts"": 2, ""optimizer_results"": [{""fun"": 26235.44056975515, ""jac"": [-0.0003637978788811745, 0.0014551915316805696, 0.0], ""message"": ""CONVERGENCE: REL_REDUCTION_OF_F_<=_FACTR*EPSMCH"", ""method"": ""L-BFGS-B"", ""nfev"": 48, ""nit"": 10, ""status"": 0, ""success"": true, ""x"": [0.8993273053232017, 1.6353931083991593, -1.463930870702782]}, {""fun"": 26235.44056975535, ""jac"": [0.000727595757762349, 0.0032741809462812814, -0.0003637978829201424], ""message"": ""CONVERGENCE: REL_REDUCTION_OF_F_<=_FACTR*EPSMCH"", ""method"": ""L-BFGS-B"", ""nfev"": 52, ""nit"": 11, ""status"": 0, ""success"": true, ""x"": [0.8993274890058154, 1.6353931764968064, -1.463930751999246]}], ""solver_path"": ""general_convolution"", ""uncertified_profiles"": 0}"
foul_leaves_5_team,team-quarter,2016-17,9840,optimization,FTA,1,PERS_FOUL_DRAWN,8,Geom,53222.745301883166,-26602.178439951538,[1.053654243187966],"{""p"": 0.20402921930516005}",2,True,optimizer_converged_lbfgsb,11,47,2,-26701.586753735355,99.408313783817,0.07550679997075349,"{""binomial_discrete_residual_mean"": null, ""binomial_discrete_residual_variance"": null, ""binomial_h_extension_used"": null, ""binomial_n_candidates"": 0, ""binomial_n_max"": null, ""binomial_n_min"": null, ""binomial_n_policy"": null, ""binomial_n_tie_break"": null, ""certified_profiles"": 1, ""optimizer_powell_attempted"": false, ""optimizer_powell_success"": false, ""optimizer_primary_failed_starts"": 0, ""optimizer_primary_successful_starts"": 2, ""optimizer_results"": [{""fun"": 26602.17843995159, ""jac"": [0.0007275957658402848, 0.0007275957658402848], ""message"": ""CONVERGENCE: REL_REDUCTION_OF_F_<=_FACTR*EPSMCH"", ""method"": ""L-BFGS-B"", ""nfev"": 21, ""nit"": 5, ""status"": 0, ""success"": true, ""x"": [1.0536548911888128, -1.3612987182215968]}, {""fun"": 26602.178439951538, ""jac"": [-0.0003637978829201424, -0.0014551915316805696], ""message"": ""CONVERGENCE: REL_REDUCTION_OF_F_<=_FACTR*EPSMCH"", ""method"": ""L-BFGS-B"", ""nfev"": 24, ""nit"": 6, ""status"": 0, ""success"": true, ""x"": [1.053654243187966, -1.3612992620252926]}], ""solver_path"": ""general_convolution"", ""uncertified_profiles"": 0}"
foul_leaves_5_team,team-quarter,2016-17,9840,optimization,FTA,1,PERS_FOUL_DRAWN,8,Binomial,55770.43096150242,-27876.021269761164,[0.7183595060217757],"{""n"": 100, ""p"": 0.04479573393762611}",2,True,optimizer_converged_lbfgsb,10,50,2,-27881.017140042833,4.99587028166934,0.37648850004188716,"{""binomial_discrete_residual_mean"": 4.388413193334082, ""binomial_discrete_residual_variance"": 10.916670594797019, ""binomial_h_extension_used"": true, ""binomial_n_candidates"": 1, ""binomial_n_max"": 100, ""binomial_n_min"": 100, ""binomial_n_policy"": ""paper_H_binomial_discrete_index_continuous_full_mle"", ""binomial_n_tie_break"": ""not_applicable_single_mom_index"", ""certified_profiles"": 1, ""optimizer_powell_attempted"": false, ""optimizer_powell_success"": false, ""optimizer_primary_failed_starts"": 0, ""optimizer_primary_successful_starts"": 2, ""optimizer_results"": [{""fun"": 27876.021269761164, ""jac"": [0.0, 0.0007275957658402848], ""message"": ""CONVERGENCE: REL_REDUCTION_OF_F_<=_FACTR*EPSMCH"", ""method"": ""L-BFGS-B"", ""nfev"": 24, ""nit"": 5, ""status"": 0, ""success"": true, ""x"": [0.7183595060217757, -3.0598122984938367]}, {""fun"": 27876.021269761186, ""jac"": [0.0, 0.002182787297520854], ""message"": ""CONVERGENCE: REL_REDUCTION_OF_F_<=_FACTR*EPSMCH"", ""method"": ""L-BFGS-B"", ""nfev"": 24, ""nit"": 5, ""status"": 0, ""success"": true, ""x"": [0.7183592588820806, -3.059812171635615]}], ""solver_path"": ""general_convolution"", ""uncertified_profiles"": 0}"
foul_leaves_5_team,team-quarter,2016-17,9840,optimization,FTA,1,PERS_FOUL_DRAWN,8,Bernoulli,inf,-inf,[],{},2,False,infeasible_conditional_support,0,0,0,-inf,0.0,6.180000491440296e-05,"{""binomial_discrete_residual_mean"": null, ""binomial_discrete_residual_variance"": null, ""binomial_h_extension_used"": null, ""binomial_n_candidates"": 0, ""binomial_n_max"": null, ""binomial_n_min"": null, ""binomial_n_policy"": null, ""binomial_n_tie_break"": null, ""certified_profiles"": 0, ""solver_path"": ""conditional_support_check"", ""support_violating_rows"": 1634, ""uncertified_profiles"": 0}"
foul_leaves_5_team,team-quarter,2016-17,9840,optimization,FTA,1,FOUL;PERS_FOUL_DRAWN,9,Poisson,41361.11940878257,-20666.768387906217,"[1.2551728983106263, 0.0]","{""lam"": 0.02580152272830922}",3,True,poisson_convex_mle,49,90,2,-20872.15098940752,205.38260150130372,0.12854639999568462,"{""binomial_discrete_residual_mean"": null, ""binomial_discrete_residual_variance"": null, ""binomial_h_extension_used"": null, ""binomial_n_candidates"": 0, ""binomial_n_max"": null, ""binomial_n_min"": null, ""binomial_n_policy"": null, ""binomial_n_tie_break"": null, ""certified_profiles"": 1, ""optimizer_primary_failed_starts"": 1, ""optimizer_primary_successful_starts"": 1, ""optimizer_results"": [{""fun"": 25167.94298262846, ""jac"": [3138.572184869061, 13953.963572624856, 6824.447951791378], ""message"": ""CONVERGENCE: REL_REDUCTION_OF_F_<=_FACTR*EPSMCH"", ""method"": ""L-BFGS-B"", ""nfev"": 40, ""nit"": 20, ""status"": 0, ""success"": true, ""x"": [0.047174228449151125, 1.8241173224289198, 0.0]}, {""fun"": 20666.768387906217, ""jac"": [-0.0005364193051633492, -0.001373363035810371, 2209.826031584926], ""message"": ""CONVERGENCE: REL_REDUCTION_OF_F_<=_FACTR*EPSMCH"", ""method"": ""L-BFGS-B"", ""nfev"": 48, ""nit"": 29, ""status"": 0, ""success"": true, ""x"": [0.02580152272830922, 1.2551728983106263, 0.0]}], ""poisson_canonical_agreement_abs"": 0.0, ""solver_path"": ""poisson_convex"", ""uncertified_profiles"": 0}"
foul_leaves_5_team,team-quarter,2016-17,9840,optimization,FTA,1,FOUL;PERS_FOUL_DRAWN,9,NB,41366.44998729383,-20664.836571666823,"[1.2562639576617038, 0.0]","{""p"": 0.8855671304278492, ""r"": 0.16140245849407434}",4,True,optimizer_converged_lbfgsb,26,332,2,-20784.654546620808,119.81797495398496,1.5045499000116251,"{""binomial_discrete_residual_mean"": null, ""binomial_discrete_residual_variance"": null, ""binomial_h_extension_used"": null, ""binomial_n_candidates"": 0, ""binomial_n_max"": null, ""binomial_n_min"": null, ""binomial_n_policy"": null, ""binomial_n_tie_break"": null, ""certified_profiles"": 1, ""optimizer_powell_attempted"": false, ""optimizer_powell_success"": false, ""optimizer_primary_failed_starts"": 0, ""optimizer_primary_successful_starts"": 2, ""optimizer_results"": [{""fun"": 20664.836571666823, ""jac"": [0.024010660272729398, 2210.2973161963746, -0.0007275957658402848, -0.0003637978829201424], ""message"": ""CONVERGENCE: REL_REDUCTION_OF_F_<=_FACTR*EPSMCH"", ""method"": ""L-BFGS-B"", ""nfev"": 210, ""nit"": 24, ""status"": 0, ""success"": true, ""x"": [1.2562639576617038, 0.0, -1.8238542909570057, 2.046239905997566]}, {""fun"": 20784.654514078753, ""jac"": [470.80684739380473, 2371.240043430589, 11376.539773692157, 0.0], ""message"": ""CONVERGENCE: REL_REDUCTION_OF_F_<=_FACTR*EPSMCH"", ""method"": ""L-BFGS-B"", ""nfev"": 120, ""nit"": 2, ""status"": 0, ""success"": true, ""x"": [1.2740557423868342, 0.0, -18.42068076265063, -20.72326583594641]}], ""solver_path"": ""general_convolution"", ""uncertified_profiles"": 0}"
foul_leaves_5_team,team-quarter,2016-17,9840,optimization,FTA,1,FOUL;PERS_FOUL_DRAWN,9,ZIP,41370.31361977286,-20666.768387906337,"[1.2551728455090867, 0.0]","{""lam"": 0.0258019995913354, ""rho"": 1.0000013267491657e-09}",4,True,optimizer_converged_lbfgsb,32,227,2,-20745.513947579184,78.74555967284687,0.24347760004457086,"{""binomial_discrete_residual_mean"": null, ""binomial_discrete_residual_variance"": null, ""binomial_h_extension_used"": null, ""binomial_n_candidates"": 0, ""binomial_n_max"": null, ""binomial_n_min"": null, ""binomial_n_policy"": null, ""binomial_n_tie_break"": null, ""certified_profiles"": 1, ""optimizer_powell_attempted"": false, ""optimizer_powell_success"": false, ""optimizer_primary_failed_starts"": 0, ""optimizer_primary_successful_starts"": 2, ""optimizer_results"": [{""fun"": 20666.768387906563, ""jac"": [0.001091393648760427, 2209.826561738737, 0.0007275957658402848, 0.0], ""message"": ""CONVERGENCE: REL_REDUCTION_OF_F_<=_FACTR*EPSMCH"", ""method"": ""L-BFGS-B"", ""nfev"": 140, ""nit"": 20, ""status"": 0, ""success"": true, ""x"": [1.2551728235238353, 0.0, -3.6573021685559817, -20.72326583594641]}, {""fun"": 20666.768387906337, ""jac"": [0.0003637978829201424, 2209.8258341429755, 0.0, 0.0], ""message"": ""CONVERGENCE: REL_REDUCTION_OF_F_<=_FACTR*EPSMCH"", ""method"": ""L-BFGS-B"", ""nfev"": 85, ""nit"": 12, ""status"": 0, ""success"": true, ""x"": [1.2551728455090867, 0.0, -3.6573032865176778, -20.723264509198124]}], ""solver_path"": ""general_convolution"", ""uncertified_profiles"": 0}"
foul_leaves_5_team,team-quarter,2016-17,9840,optimization,FTA,1,FOUL;PERS_FOUL_DRAWN,9,Geom,41690.23780715695,-20831.327587093405,"[1.260639660227619, 0.0]","{""p"": 0.9999999972980838}",3,True,optimizer_converged_lbfgsb,9,130,2,-20845.436258575766,14.108671482361387,21.832955400052015,"{""binomial_discrete_residual_mean"": null, ""binomial_discrete_residual_variance"": null, ""binomial_h_extension_used"": null, ""binomial_n_candidates"": 0, ""binomial_n_max"": null, ""binomial_n_min"": null, ""binomial_n_policy"": null, ""binomial_n_tie_break"": null, ""certified_profiles"": 1, ""optimizer_powell_attempted"": false, ""optimizer_powell_success"": false, ""optimizer_primary_failed_starts"": 0, ""optimizer_primary_successful_starts"": 2, ""optimizer_results"": [{""fun"": 20834.956557073605, ""jac"": [12.210512142331659, 2219.6065401658416, 125.70598170352606], ""message"": ""CONVERGENCE: REL_REDUCTION_OF_F_<=_FACTR*EPSMCH"", ""method"": ""L-BFGS-B"", ""nfev"": 80, ""nit"": 5, ""status"": 0, ""success"": true, ""x"": [1.2609602876033124, 0.0, 20.05902049745333]}, {""fun"": 20831.327587093405, ""jac"": [0.8629285782865777, 2215.8539650263265, 90.3979451105782], ""message"": ""CONVERGENCE: REL_REDUCTION_OF_F_<=_FACTR*EPSMCH"", ""method"": ""L-BFGS-B"", ""nfev"": 48, ""nit"": 4, ""status"": 0, ""success"": true, ""x"": [1.260639660227619, 0.0, 19.729304628664565]}], ""solver_path"": ""general_convolution"", ""uncertified_profiles"": 0}"
foul_leaves_5_team,team-quarter,2016-17,9840,optimization,FTA,1,FOUL;PERS_FOUL_DRAWN,9,Binomial,41363.501006260245,-20667.959186645054,"[1.2550471983400417, 0.0]","{""n"": 2, ""p"": 0.013185767458623621}",3,True,optimizer_converged_lbfgsb,26,182,2,-20840.58422972481,172.62504307975541,0.48320960003184155,"{""binomial_discrete_residual_mean"": -3.1713076496365655, ""binomial_discrete_residual_variance"": -11.150557344981898, ""binomial_h_extension_used"": true, ""binomial_n_candidates"": 1, ""binomial_n_max"": 2, ""binomial_n_min"": 2, ""binomial_n_policy"": ""paper_H_binomial_discrete_index_continuous_full_mle"", ""binomial_n_tie_break"": ""not_applicable_single_mom_index"", ""certified_profiles"": 1, ""optimizer_powell_attempted"": false, ""optimizer_powell_success"": false, ""optimizer_primary_failed_starts"": 0, ""optimizer_primary_successful_starts"": 2, ""optimizer_results"": [{""fun"": 20667.959186645054, ""jac"": [-0.002182787297520854, 2209.7909095464274, 0.0], ""message"": ""CONVERGENCE: REL_REDUCTION_OF_F_<=_FACTR*EPSMCH"", ""method"": ""L-BFGS-B"", ""nfev"": 136, ""nit"": 20, ""status"": 0, ""success"": true, ""x"": [1.2550471983400417, 0.0, -4.315343782414794]}, {""fun"": 20755.729978748215, ""jac"": [-1814.096333075436, 1615.6995116034523, -10.993971045385914], ""message"": ""CONVERGENCE: REL_REDUCTION_OF_F_<=_FACTR*EPSMCH"", ""method"": ""L-BFGS-B"", ""nfev"": 44, ""nit"": 6, ""status"": 0, ""success"": true, ""x"": [1.2113356489957146, 0.0, -9.284503720141812]}], ""solver_path"": ""general_convolution"", ""uncertified_profiles"": 0}"
foul_leaves_5_team,team-quarter,2016-17,9840,optimization,FTA,1,FOUL;PERS_FOUL_DRAWN,9,Bernoulli,inf,-inf,[],{},3,False,infeasible_conditional_support,0,0,0,-inf,0.0,8.849997539073229e-05,"{""binomial_discrete_residual_mean"": null, ""binomial_discrete_residual_variance"": null, ""binomial_h_extension_used"": null, ""binomial_n_candidates"": 0, ""binomial_n_max"": null, ""binomial_n_min"": null, ""binomial_n_policy"": null, ""binomial_n_tie_break"": null, ""certified_profiles"": 0, ""solver_path"": ""conditional_support_check"", ""support_violating_rows"": 2, ""uncertified_profiles"": 0}"
foul_leaves_5_team,team-quarter,2016-17,9840,optimization,FTA,1,FTM;PERS_FOUL_DRAWN,12,Poisson,36286.0942049496,-18129.25578598973,"[1.1646093170964695, 0.020668502438240387]","{""lam"": 0.5425712960378068}",3,True,poisson_convex_mle,14,23,2,-18159.040599991746,29.784814002014173,0.03153179999208078,"{""binomial_discrete_residual_mean"": null, ""binomial_discrete_residual_variance"": null, ""binomial_h_extension_used"": null, ""binomial_n_candidates"": 0, ""binomial_n_max"": null, ""binomial_n_min"": null, ""binomial_n_policy"": null, ""binomial_n_tie_break"": null, ""certified_profiles"": 1, ""optimizer_primary_failed_starts"": 1, ""optimizer_primary_successful_starts"": 1, ""optimizer_results"": [{""fun"": 18129.25578598973, ""jac"": [-0.000993179509734432, -0.00018654214346724984, -0.0003557534424771802], ""message"": ""CONVERGENCE: REL_REDUCTION_OF_F_<=_FACTR*EPSMCH"", ""method"": ""L-BFGS-B"", ""nfev"": 12, ""nit"": 10, ""status"": 0, ""success"": true, ""x"": [0.5425712960378068, 1.1646093170964695, 0.020668502438240387]}, {""fun"": 18848.537322746804, ""jac"": [901.4306398372054, -760.2220515500594, 949.4016473230498], ""message"": ""CONVERGENCE: REL_REDUCTION_OF_F_<=_FACTR*EPSMCH"", ""method"": ""L-BFGS-B"", ""nfev"": 9, ""nit"": 4, ""status"": 0, ""success"": true, ""x"": [1.7302524740556997, 0.9233529421186594, 0.0]}], ""poisson_canonical_agreement_abs"": 0.0, ""solver_path"": ""poisson_convex"", ""uncertified_profiles"": 0}"
foul_leaves_5_team,team-quarter,2016-17,9840,optimization,FTA,1,FTM;PERS_FOUL_DRAWN,12,NB,36295.29020416071,-18129.25668010026,"[1.1646773384785265, 0.020641150213580737]","{""p"": 0.999994943241192, ""r"": 107273.87240140304}",4,True,optimizer_converged_lbfgsb,40,327,2,-18159.04274907309,29.786068972829526,1.4601633000420406,"{""binomial_discrete_residual_mean"": null, ""binomial_discrete_residual_variance"": null, ""binomial_h_extension_used"": null, ""binomial_n_candidates"": 0, ""binomial_n_max"": null, ""binomial_n_min"": null, ""binomial_n_policy"": null, ""binomial_n_tie_break"": null, ""certified_profiles"": 1, ""optimizer_powell_attempted"": false, ""optimizer_powell_success"": false, ""optimizer_primary_failed_starts"": 0, ""optimizer_primary_successful_starts"": 2, ""optimizer_results"": [{""fun"": 18129.257415835353, ""jac"": [-0.0018189894146007119, -0.0018189894032411148, -0.005820765609734434, -0.0007275957012168043], ""message"": ""CONVERGENCE: REL_REDUCTION_OF_F_<=_FACTR*EPSMCH"", ""method"": ""L-BFGS-B"", ""nfev"": 50, ""nit"": 8, ""status"": 0, ""success"": true, ""x"": [1.1646102159264167, 0.020669924256631604, 10.936697852936668, 11.548145550573969]}, {""fun"": 18129.25668010026, ""jac"": [1.203443396699831, 0.013824319464632471, -0.0061845634603428365, 0.0], ""message"": ""CONVERGENCE: REL_REDUCTION_OF_F_<=_FACTR*EPSMCH"", ""method"": ""L-BFGS-B"", ""nfev"": 275, ""nit"": 32, ""status"": 0, ""success"": true, ""x"": [1.1646773384785265, 0.020641150213580737, 11.583140398514834, 12.194779774900981]}], ""solver_path"": ""general_convolution"", ""uncertified_profiles"": 0}"
foul_leaves_5_team,team-quarter,2016-17,9840,optimization,FTA,1,FTM;PERS_FOUL_DRAWN,12,ZIP,36295.28841615891,-18129.255786099362,"[1.164609210656827, 0.02066853987255019]","{""lam"": 0.5425716554277311, ""rho"": 1.0000000000000007e-09}",4,True,optimizer_converged_lbfgsb,46,282,2,-18159.04060003256,29.784813933198166,0.3083647000021301,"{""binomial_discrete_residual_mean"": null, ""binomial_discrete_residual_variance"": null, ""binomial_h_extension_used"": null, ""binomial_n_candidates"": 0, ""binomial_n_max"": null, ""binomial_n_min"": null, ""binomial_n_policy"": null, ""binomial_n_tie_break"": null, ""certified_profiles"": 1, ""optimizer_powell_attempted"": false, ""optimizer_powell_success"": false, ""optimizer_primary_failed_starts"": 0, ""optimizer_primary_successful_starts"": 2, ""optimizer_results"": [{""fun"": 18129.255786099362, ""jac"": [-0.0007275957658402848, 0.0003637978806482229, -0.0003637978788811745, 0.0], ""message"": ""CONVERGENCE: REL_REDUCTION_OF_F_<=_FACTR*EPSMCH"", ""method"": ""L-BFGS-B"", ""nfev"": 65, ""nit"": 11, ""status"": 0, ""success"": true, ""x"": [1.164609210656827, 0.02066853987255019, -0.6114351185520581, -20.72326583594641]}, {""fun"": 18129.25594488375, ""jac"": [0.012369128019284841, -0.0018189894032411148, 0.02401066000615752, 0.0], ""message"": ""CONVERGENCE: REL_REDUCTION_OF_F_<=_FACTR*EPSMCH"", ""method"": ""L-BFGS-B"", ""nfev"": 215, ""nit"": 35, ""status"": 0, ""success"": true, ""x"": [1.16460612017176, 0.020654747374724076, -0.6113573673048308, -13.452007587235116]}], ""solver_path"": ""general_convolution"", ""uncertified_profiles"": 0}"
foul_leaves_5_team,team-quarter,2016-17,9840,optimization,FTA,1,FTM;PERS_FOUL_DRAWN,12,Geom,36403.023709613255,-18187.72053832156,"[1.1919305077561135, 0.08892440523944127]","{""p"": 0.7667226856770691}",3,True,optimizer_converged_lbfgsb,22,110,2,-18295.52970335162,107.80916503006301,0.1977560999803245,"{""binomial_discrete_residual_mean"": null, ""binomial_discrete_residual_variance"": null, ""binomial_h_extension_used"": null, ""binomial_n_candidates"": 0, ""binomial_n_max"": null, ""binomial_n_min"": null, ""binomial_n_policy"": null, ""binomial_n_tie_break"": null, ""certified_profiles"": 1, ""optimizer_powell_attempted"": false, ""optimizer_powell_success"": false, ""optimizer_primary_failed_starts"": 0, ""optimizer_primary_successful_starts"": 2, ""optimizer_results"": [{""fun"": 18187.72053832156, ""jac"": [-0.0032741809462812814, -0.0010913936427019754, -0.0003637978829201424], ""message"": ""CONVERGENCE: REL_REDUCTION_OF_F_<=_FACTR*EPSMCH"", ""method"": ""L-BFGS-B"", ""nfev"": 48, ""nit"": 10, ""status"": 0, ""success"": true, ""x"": [1.1919305077561135, 0.08892440523944127, 1.1898972427762418]}, {""fun"": 18187.72053832159, ""jac"": [0.0, 0.0, 0.0], ""message"": ""CONVERGENCE: NORM_OF_PROJECTED_GRADIENT_<=_PGTOL"", ""method"": ""L-BFGS-B"", ""nfev"": 60, ""nit"": 12, ""status"": 0, ""success"": true, ""x"": [1.1919305987789288, 0.08892429193784107, 1.1898964221403268]}], ""solver_path"": ""general_convolution"", ""uncertified_profiles"": 0}"
foul_leaves_5_team,team-quarter,2016-17,9840,optimization,FTA,1,FTM;PERS_FOUL_DRAWN,12,Binomial,inf,-inf,[],"{""n"": 2}",3,False,infeasible_conditional_support,0,0,0,-inf,0.0,0.00024850002955645323,"{""binomial_discrete_residual_mean"": 0.5821419480945265, ""binomial_discrete_residual_variance"": -3.49975338073666, ""binomial_h_extension_used"": true, ""binomial_n_candidates"": 1, ""binomial_n_max"": 2, ""binomial_n_min"": 2, ""binomial_n_policy"": ""paper_H_binomial_discrete_index_continuous_full_mle"", ""binomial_n_tie_break"": ""not_applicable_single_mom_index"", ""certified_profiles"": 0, ""solver_path"": ""conditional_support_check"", ""support_violating_rows"": 4, ""uncertified_profiles"": 0}"
foul_leaves_5_team,team-quarter,2016-17,9840,optimization,FTA,1,FTM;PERS_FOUL_DRAWN,12,Bernoulli,inf,-inf,[],{},3,False,infeasible_conditional_support,0,0,0,-inf,0.0,3.789999755099416e-05,"{""binomial_discrete_residual_mean"": null, ""binomial_discrete_residual_variance"": null, ""binomial_h_extension_used"": null, ""binomial_n_candidates"": 0, ""binomial_n_max"": null, ""binomial_n_min"": null, ""binomial_n_policy"": null, ""binomial_n_tie_break"": null, ""certified_profiles"": 0, ""solver_path"": ""conditional_support_check"", ""support_violating_rows"": 22, ""uncertified_profiles"": 0}"
foul_leaves_5_team,team-quarter,2016-17,9840,optimization,FTA,1,FOUL;FTM;PERS_FOUL_DRAWN,13,Poisson,35630.96898460655,-17797.096070323183,"[0.31498805299864346, 0.9674485300625572, 0.0]","{""lam"": 0.01983469494619824}",4,True,poisson_convex_mle,42,67,2,-19205.77606454267,1408.6799942194884,0.09768700000131503,"{""binomial_discrete_residual_mean"": null, ""binomial_discrete_residual_variance"": null, ""binomial_h_extension_used"": null, ""binomial_n_candidates"": 0, ""binomial_n_max"": null, ""binomial_n_min"": null, ""binomial_n_policy"": null, ""binomial_n_tie_break"": null, ""certified_profiles"": 1, ""optimizer_primary_failed_starts"": 0, ""optimizer_primary_successful_starts"": 2, ""optimizer_results"": [{""fun"": 17797.096070323183, ""jac"": [6.26161806973613e-05, -0.00012780805977286036, -0.00019407743350541296, 1059.4988392953805], ""message"": ""CONVERGENCE: REL_REDUCTION_OF_F_<=_FACTR*EPSMCH"", ""method"": ""L-BFGS-B"", ""nfev"": 52, ""nit"": 33, ""status"": 0, ""success"": true, ""x"": [0.01983469494619824, 0.31498805299864346, 0.9674485300625572, 0.0]}, {""fun"": 17964.61024120954, ""jac"": [-55.69061414253829, -1923.8201352618678, -866.2340403534199, 92.25334046752542], ""message"": ""CONVERGENCE: REL_REDUCTION_OF_F_<=_FACTR*EPSMCH"", ""method"": ""L-BFGS-B"", ""nfev"": 13, ""nit"": 9, ""status"": 0, ""success"": true, ""x"": [0.364651214408626, 0.11244227568443194, 1.0706525980561552, 0.0]}], ""poisson_canonical_agreement_abs"": 0.0, ""solver_path"": ""poisson_convex"", ""uncertified_profiles"": 0}"
foul_leaves_5_team,team-quarter,2016-17,9840,optimization,FTA,1,FOUL;FTM;PERS_FOUL_DRAWN,13,NB,35640.166787307666,-17797.097866178716,"[0.31495940393609495, 0.9674672063119314, 0.0]","{""p"": 0.9998842464038483, ""r"": 171.27093909312018}",5,True,optimizer_converged_lbfgsb,58,536,2,-19540.702937890437,1743.6050717117214,2.2685042999801226,"{""binomial_discrete_residual_mean"": null, ""binomial_discrete_residual_variance"": null, ""binomial_h_extension_used"": null, ""binomial_n_candidates"": 0, ""binomial_n_max"": null, ""binomial_n_min"": null, ""binomial_n_policy"": null, ""binomial_n_tie_break"": null, ""certified_profiles"": 1, ""optimizer_powell_attempted"": false, ""optimizer_powell_success"": false, ""optimizer_primary_failed_starts"": 0, ""optimizer_primary_successful_starts"": 2, ""optimizer_results"": [{""fun"": 17797.102933597842, ""jac"": [-0.0003637978809006584, -0.001455191515524698, 1059.50421129819, -0.004001776712121566, -0.004365574595041708], ""message"": ""CONVERGENCE: REL_REDUCTION_OF_F_<=_FACTR*EPSMCH"", ""method"": ""L-BFGS-B"", ""nfev"": 132, ""nit"": 18, ""status"": 0, ""success"": true, ""x"": [0.3149970388986718, 0.9674462638913303, 0.0, 3.797843829116036, 7.71970863238432]}, {""fun"": 17797.097866178716, ""jac"": [-0.6140908229603115, -0.3539753361513828, 1059.239002643153, 0.0018189894146007119, 0.004365574207300826], ""message"": ""CONVERGENCE: REL_REDUCTION_OF_F_<=_FACTR*EPSMCH"", ""method"": ""L-BFGS-B"", ""nfev"": 402, ""nit"": 40, ""status"": 0, ""success"": true, ""x"": [0.31495940393609495, 0.9674672063119314, 0.0, 5.143246741744328, 9.063931036919165]}], ""solver_path"": ""general_convolution"", ""uncertified_profiles"": 0}"
foul_leaves_5_team,team-quarter,2016-17,9840,optimization,FTA,1,FOUL;FTM;PERS_FOUL_DRAWN,13,ZIP,35640.16319560202,-17797.096070325893,"[0.3149880185231036, 0.9674484559364714, 0.0]","{""lam"": 0.01983527728150022, ""rho"": 1.0000000079962248e-09}",5,True,optimizer_converged_lbfgsb,74,626,2,-19776.712887414946,1979.6168170890523,0.6973964999779128,"{""binomial_discrete_residual_mean"": null, ""binomial_discrete_residual_variance"": null, ""binomial_h_extension_used"": null, ""binomial_n_candidates"": 0, ""binomial_n_max"": null, ""binomial_n_min"": null, ""binomial_n_policy"": null, ""binomial_n_tie_break"": null, ""certified_profiles"": 1, ""optimizer_powell_attempted"": false, ""optimizer_powell_success"": false, ""optimizer_primary_failed_starts"": 0, ""optimizer_primary_successful_starts"": 2, ""optimizer_results"": [{""fun"": 17797.096070325893, ""jac"": [0.0018189894045032922, 0.0003637978788811745, 1059.4994819257408, 0.0003637978829201424, 0.0], ""message"": ""CONVERGENCE: REL_REDUCTION_OF_F_<=_FACTR*EPSMCH"", ""method"": ""L-BFGS-B"", ""nfev"": 204, ""nit"": 25, ""status"": 0, ""success"": true, ""x"": [0.3149880185231036, 0.9674484559364714, 0.0, -3.9202932457084514, -20.723265827950186]}, {""fun"": 17797.096141853104, ""jac"": [0.19754224932905753, 0.14333636427918275, 1059.580608853139, -0.0018189894146007119, 0.00036379785060840214], ""message"": ""CONVERGENCE: REL_REDUCTION_OF_F_<=_FACTR*EPSMCH"", ""method"": ""L-BFGS-B"", ""nfev"": 420, ""nit"": 49, ""status"": 0, ""success"": true, ""x"": [0.31499775056951757, 0.9674454544778311, 0.0, -3.920606454959313, -8.382736908071475]}], ""solver_path"": ""general_convolution"", ""uncertified_profiles"": 0}"
foul_leaves_5_team,team-quarter,2016-17,9840,optimization,FTA,1,FOUL;FTM;PERS_FOUL_DRAWN,13,Geom,35631.53599849939,-17797.379577269603,"[0.3154735694451478, 0.9673232123585573, 0.0]","{""p"": 0.9821376433490911}",4,True,optimizer_converged_lbfgsb,34,267,2,-19453.65056877719,1656.2709915075866,18.939602400001604,"{""binomial_discrete_residual_mean"": null, ""binomial_discrete_residual_variance"": null, ""binomial_h_extension_used"": null, ""binomial_n_candidates"": 0, ""binomial_n_max"": null, ""binomial_n_min"": null, ""binomial_n_policy"": null, ""binomial_n_tie_break"": null, ""certified_profiles"": 1, ""optimizer_powell_attempted"": false, ""optimizer_powell_success"": false, ""optimizer_primary_failed_starts"": 0, ""optimizer_primary_successful_starts"": 2, ""optimizer_results"": [{""fun"": 17871.514689760155, ""jac"": [0.0, 0.0021827872732870473, 1066.0616680979729, 0.0], ""message"": ""CONVERGENCE: REL_REDUCTION_OF_F_<=_FACTR*EPSMCH"", ""method"": ""L-BFGS-B"", ""nfev"": 115, ""nit"": 13, ""status"": 0, ""success"": true, ""x"": [0.32096445298746956, 0.9656861025880938, 0.0, 19.779683168631617]}, {""fun"": 17797.379577269603, ""jac"": [0.005456968213509877, 0.010913936366435235, 1059.8778317216784, 0.0003637978829201424], ""message"": ""CONVERGENCE: REL_REDUCTION_OF_F_<=_FACTR*EPSMCH"", ""method"": ""L-BFGS-B"", ""nfev"": 150, ""nit"": 21, ""status"": 0, ""success"": true, ""x"": [0.3154735694451478, 0.9673232123585573, 0.0, 4.007035946793131]}], ""solver_path"": ""general_convolution"", ""uncertified_profiles"": 0}"
foul_leaves_5_team,team-quarter,2016-17,9840,optimization,FTA,1,FOUL;FTM;PERS_FOUL_DRAWN,13,Binomial,35630.648073277116,-17796.935614658465,"[0.31467316328207645, 0.9675293749746177, 0.0]","{""n"": 2, ""p"": 0.010453058507723344}",4,True,optimizer_converged_lbfgsb,44,342,2,-19104.851392038534,1307.915777380069,0.9664853000431322,"{""binomial_discrete_residual_mean"": -1.4040292034706656, ""binomial_discrete_residual_variance"": -7.7133650090812065, ""binomial_h_extension_used"": true, ""binomial_n_candidates"": 1, ""binomial_n_max"": 2, ""binomial_n_min"": 2, ""binomial_n_policy"": ""paper_H_binomial_discrete_index_continuous_full_mle"", ""binomial_n_tie_break"": ""not_applicable_single_mom_index"", ""certified_profiles"": 1, ""optimizer_powell_attempted"": false, ""optimizer_powell_success"": false, ""optimizer_primary_failed_starts"": 0, ""optimizer_primary_successful_starts"": 2, ""optimizer_results"": [{""fun"": 17796.93561466189, ""jac"": [0.0003637978809006584, 0.0003637978788811745, 1059.2582839308307, 0.0], ""message"": ""CONVERGENCE: REL_REDUCTION_OF_F_<=_FACTR*EPSMCH"", ""method"": ""L-BFGS-B"", ""nfev"": 175, ""nit"": 22, ""status"": 0, ""success"": true, ""x"": [0.3146729911163214, 0.9675294099480468, 0.0, -4.550321715966611]}, {""fun"": 17796.935614658465, ""jac"": [0.0003637978809006584, 0.0010913936366435237, 1059.2586477287114, -0.0003637978829201424], ""message"": ""CONVERGENCE: REL_REDUCTION_OF_F_<=_FACTR*EPSMCH"", ""method"": ""L-BFGS-B"", ""nfev"": 165, ""nit"": 22, ""status"": 0, ""success"": true, ""x"": [0.31467316328207645, 0.9675293749746177, 0.0, -4.550352587772311]}], ""solver_path"": ""general_convolution"", ""uncertified_profiles"": 0}"
foul_leaves_5_team,team-quarter,2016-17,9840,optimization,FTA,1,FOUL;FTM;PERS_FOUL_DRAWN,13,Bernoulli,35630.29356304743,-17796.758359543623,"[0.3142852989273155, 0.9676280845891265, 0.0]","{""p"": 0.022229500841912424}",4,True,optimizer_converged_lbfgsb,53,392,2,-19819.178408937885,2022.4200493942626,0.8213424000423402,"{""binomial_discrete_residual_mean"": null, ""binomial_discrete_residual_variance"": null, ""binomial_h_extension_used"": null, ""binomial_n_candidates"": 0, ""binomial_n_max"": null, ""binomial_n_min"": null, ""binomial_n_policy"": null, ""binomial_n_tie_break"": null, ""certified_profiles"": 1, ""optimizer_powell_attempted"": false, ""optimizer_powell_success"": false, ""optimizer_primary_failed_starts"": 0, ""optimizer_primary_successful_starts"": 2, ""optimizer_results"": [{""fun"": 17796.758359547493, ""jac"": [0.007275957618013169, 0.0040017766676929195, 1058.9716112008318, -0.0003637978829201424], ""message"": ""CONVERGENCE: REL_REDUCTION_OF_F_<=_FACTR*EPSMCH"", ""method"": ""L-BFGS-B"", ""nfev"": 165, ""nit"": 22, ""status"": 0, ""success"": true, ""x"": [0.3142861555653543, 0.9676277034942188, 0.0, -3.783927742830718]}, {""fun"": 17796.758359543623, ""jac"": [0.0, 0.0, 1058.9679732220247, 0.0], ""message"": ""CONVERGENCE: NORM_OF_PROJECTED_GRADIENT_<=_PGTOL"", ""method"": ""L-BFGS-B"", ""nfev"": 225, ""nit"": 31, ""status"": 0, ""success"": true, ""x"": [0.3142852989273155, 0.9676280845891265, 0.0, -3.7838547055904534]}], ""solver_path"": ""general_convolution"", ""uncertified_profiles"": 0}"
foul_leaves_5_team,team-quarter,2016-17,9840,optimization,FTA,1,LOOSE_BALL_FOUL_DRAWN,16,Poisson,56709.82442456811,-28345.71800129401,[0.7389732707285943],"{""lam"": 5.487368018238001}",2,True,poisson_convex_mle,8,15,2,-28345.718055246572,5.3952560847392306e-05,0.025481200020294636,"{""binomial_discrete_residual_mean"": null, ""binomial_discrete_residual_variance"": null, ""binomial_h_extension_used"": null, ""binomial_n_candidates"": 0, ""binomial_n_max"": null, ""binomial_n_min"": null, ""binomial_n_policy"": null, ""binomial_n_tie_break"": null, ""certified_profiles"": 1, ""optimizer_primary_failed_starts"": 0, ""optimizer_primary_successful_starts"": 2, ""optimizer_results"": [{""fun"": 28345.71800129401, ""jac"": [5.0291819597703125e-09, 1.0394967442373115e-08], ""message"": ""CONVERGENCE: NORM_OF_PROJECTED_GRADIENT_<=_PGTOL"", ""method"": ""L-BFGS-B"", ""nfev"": 6, ""nit"": 3, ""status"": 0, ""success"": true, ""x"": [5.487368018238001, 0.7389732707285943]}, {""fun"": 28345.718001294015, ""jac"": [1.929919888465914e-05, 3.165122023185418e-05], ""message"": ""CONVERGENCE: REL_REDUCTION_OF_F_<=_FACTR*EPSMCH"", ""method"": ""L-BFGS-B"", ""nfev"": 7, ""nit"": 5, ""status"": 0, ""success"": true, ""x"": [5.487368014175356, 0.738973325692012]}], ""poisson_canonical_agreement_abs"": 0.0, ""solver_path"": ""poisson_convex"", ""uncertified_profiles"": 0}"
foul_leaves_5_team,team-quarter,2016-17,9840,optimization,FTA,1,LOOSE_BALL_FOUL_DRAWN,16,NB,52060.95087553443,-26016.684121282145,[0.4859940718707205],"{""p"": 0.4025531073800829, ""r"": 3.7506647538760762}",3,True,optimizer_converged_lbfgsb,22,114,2,-26021.919881689806,5.235760407660564,0.5679587000049651,"{""binomial_discrete_residual_mean"": null, ""binomial_discrete_residual_variance"": null, ""binomial_h_extension_used"": null, ""binomial_n_candidates"": 0, ""binomial_n_max"": null, ""binomial_n_min"": null, ""binomial_n_policy"": null, ""binomial_n_tie_break"": null, ""certified_profiles"": 1, ""optimizer_powell_attempted"": false, ""optimizer_powell_success"": false, ""optimizer_primary_failed_starts"": 0, ""optimizer_primary_successful_starts"": 2, ""optimizer_results"": [{""fun"": 26016.684121282204, ""jac"": [0.0, 0.0014551915316805696, 0.0], ""message"": ""CONVERGENCE: REL_REDUCTION_OF_F_<=_FACTR*EPSMCH"", ""method"": ""L-BFGS-B"", ""nfev"": 44, ""nit"": 8, ""status"": 0, ""success"": true, ""x"": [0.48599290004803414, 1.321933503029861, -0.39483787250641006]}, {""fun"": 26016.684121282145, ""jac"": [0.0, 0.0036379788292014237, -0.003274180928105926], ""message"": ""CONVERGENCE: REL_REDUCTION_OF_F_<=_FACTR*EPSMCH"", ""method"": ""L-BFGS-B"", ""nfev"": 68, ""nit"": 14, ""status"": 0, ""success"": true, ""x"": [0.4859940718707205, 1.3219330919725443, -0.39483836525463073]}], ""solver_path"": ""general_convolution"", ""uncertified_profiles"": 0}"
foul_leaves_5_team,team-quarter,2016-17,9840,optimization,FTA,1,LOOSE_BALL_FOUL_DRAWN,16,ZIP,54550.82989420925,-27261.623630619557,[1.0552353388578337],"{""lam"": 5.796204836456168, ""rho"": 0.07035588826770517}",3,True,optimizer_converged_lbfgsb,24,126,2,-28486.646499306178,1225.0228686866212,0.12644099997123703,"{""binomial_discrete_residual_mean"": null, ""binomial_discrete_residual_variance"": null, ""binomial_h_extension_used"": null, ""binomial_n_candidates"": 0, ""binomial_n_max"": null, ""binomial_n_min"": null, ""binomial_n_policy"": null, ""binomial_n_tie_break"": null, ""certified_profiles"": 1, ""optimizer_powell_attempted"": false, ""optimizer_powell_success"": false, ""optimizer_primary_failed_starts"": 0, ""optimizer_primary_successful_starts"": 2, ""optimizer_results"": [{""fun"": 27261.62363061966, ""jac"": [0.0003637978829201424, 0.0007275957658402848, 0.0], ""message"": ""CONVERGENCE: REL_REDUCTION_OF_F_<=_FACTR*EPSMCH"", ""method"": ""L-BFGS-B"", ""nfev"": 64, ""nit"": 12, ""status"": 0, ""success"": true, ""x"": [1.0552366065599776, 1.7572033231354385, -2.5812342885338273]}, {""fun"": 27261.623630619557, ""jac"": [0.0003637978829201424, 0.001091393648760427, 0.0], ""message"": ""CONVERGENCE: REL_REDUCTION_OF_F_<=_FACTR*EPSMCH"", ""method"": ""L-BFGS-B"", ""nfev"": 60, ""nit"": 12, ""status"": 0, ""success"": true, ""x"": [1.0552353388578337, 1.757203364837437, -2.5812353576818587]}], ""solver_path"": ""general_convolution"", ""uncertified_profiles"": 0}"
foul_leaves_5_team,team-quarter,2016-17,9840,optimization,FTA,1,LOOSE_BALL_FOUL_DRAWN,16,Geom,55003.897272804454,-27492.754425412182,[1.620377708324823],"{""p"": 0.16098986130456647}",2,True,optimizer_converged_lbfgsb,10,44,2,-27591.755245979904,99.00082056772226,0.047824100009165704,"{""binomial_discrete_residual_mean"": null, ""binomial_discrete_residual_variance"": null, ""binomial_h_extension_used"": null, ""binomial_n_candidates"": 0, ""binomial_n_max"": null, ""binomial_n_min"": null, ""binomial_n_policy"": null, ""binomial_n_tie_break"": null, ""certified_profiles"": 1, ""optimizer_powell_attempted"": false, ""optimizer_powell_success"": false, ""optimizer_primary_failed_starts"": 0, ""optimizer_primary_successful_starts"": 2, ""optimizer_results"": [{""fun"": 27492.75442541224, ""jac"": [0.0, -0.0007275957658402848], ""message"": ""CONVERGENCE: REL_REDUCTION_OF_F_<=_FACTR*EPSMCH"", ""method"": ""L-BFGS-B"", ""nfev"": 21, ""nit"": 5, ""status"": 0, ""success"": true, ""x"": [1.6203775528720905, -1.6508814452752598]}, {""fun"": 27492.754425412182, ""jac"": [0.0, -0.0014551915316805696], ""message"": ""CONVERGENCE: REL_REDUCTION_OF_F_<=_FACTR*EPSMCH"", ""method"": ""L-BFGS-B"", ""nfev"": 21, ""nit"": 5, ""status"": 0, ""success"": true, ""x"": [1.620377708324823, -1.6508814009177324]}], ""solver_path"": ""general_convolution"", ""uncertified_profiles"": 0}"
foul_leaves_5_team,team-quarter,2016-17,9840,optimization,FTA,1,LOOSE_BALL_FOUL_DRAWN,16,Binomial,57441.26411258766,-28711.437845303786,[0.8155481227090025],"{""n"": 100, ""p"": 0.054634072646846145}",2,True,optimizer_converged_lbfgsb,11,53,2,-28712.97675918315,1.538913879365282,0.43704309995519,"{""binomial_discrete_residual_mean"": 5.487516270703505, ""binomial_discrete_residual_variance"": 12.984059693538471, ""binomial_h_extension_used"": true, ""binomial_n_candidates"": 1, ""binomial_n_max"": 100, ""binomial_n_min"": 100, ""binomial_n_policy"": ""paper_H_binomial_discrete_index_continuous_full_mle"", ""binomial_n_tie_break"": ""not_applicable_single_mom_index"", ""certified_profiles"": 1, ""optimizer_powell_attempted"": false, ""optimizer_powell_success"": false, ""optimizer_primary_failed_starts"": 0, ""optimizer_primary_successful_starts"": 2, ""optimizer_results"": [{""fun"": 28711.437845303954, ""jac"": [-0.000727595757762349, 0.0], ""message"": ""CONVERGENCE: REL_REDUCTION_OF_F_<=_FACTR*EPSMCH"", ""method"": ""L-BFGS-B"", ""nfev"": 24, ""nit"": 5, ""status"": 0, ""success"": true, ""x"": [0.8155475858827328, -2.8509143373639128]}, {""fun"": 28711.437845303786, ""jac"": [-0.0003637978788811745, -0.0007275957658402848], ""message"": ""CONVERGENCE: REL_REDUCTION_OF_F_<=_FACTR*EPSMCH"", ""method"": ""L-BFGS-B"", ""nfev"": 27, ""nit"": 6, ""status"": 0, ""success"": true, ""x"": [0.8155481227090025, -2.8509143479847574]}], ""solver_path"": ""general_convolution"", ""uncertified_profiles"": 0}"
foul_leaves_5_team,team-quarter,2016-17,9840,optimization,FTA,1,LOOSE_BALL_FOUL_DRAWN,16,Bernoulli,inf,-inf,[],{},2,False,infeasible_conditional_support,0,0,0,-inf,0.0,6.170000415295362e-05,"{""binomial_discrete_residual_mean"": null, ""binomial_discrete_residual_variance"": null, ""binomial_h_extension_used"": null, ""binomial_n_candidates"": 0, ""binomial_n_max"": null, ""binomial_n_min"": null, ""binomial_n_policy"": null, ""binomial_n_tie_break"": null, ""certified_profiles"": 0, ""solver_path"": ""conditional_support_check"", ""support_violating_rows"": 6530, ""uncertified_profiles"": 0}"
foul_leaves_5_team,team-quarter,2016-17,9840,optimization,FTA,1,FOUL;LOOSE_BALL_FOUL_DRAWN,17,Poisson,41361.11941023594,-20666.7683886329,"[1.2551729123203457, 0.0]","{""lam"": 0.02579269620918073}",3,True,poisson_convex_mle,34,61,2,-21239.58274242025,572.8143537873511,0.10616879997542128,"{""binomial_discrete_residual_mean"": null, ""binomial_discrete_residual_variance"": null, ""binomial_h_extension_used"": null, ""binomial_n_candidates"": 0, ""binomial_n_max"": null, ""binomial_n_min"": null, ""binomial_n_policy"": null, ""binomial_n_tie_break"": null, ""certified_profiles"": 1, ""optimizer_primary_failed_starts"": 0, ""optimizer_primary_successful_starts"": 2, ""optimizer_results"": [{""fun"": 20666.7683886329, ""jac"": [-0.1642486692110765, -0.0667070967675727, 417.4350243141422], ""message"": ""CONVERGENCE: REL_REDUCTION_OF_F_<=_FACTR*EPSMCH"", ""method"": ""L-BFGS-B"", ""nfev"": 52, ""nit"": 31, ""status"": 0, ""success"": true, ""x"": [0.02579269620918073, 1.2551729123203457, 0.0]}, {""fun"": 21157.126346542707, ""jac"": [677.221275450534, -331.8740450152294, 366.7436094372094], ""message"": ""CONVERGENCE: REL_REDUCTION_OF_F_<=_FACTR*EPSMCH"", ""method"": ""L-BFGS-B"", ""nfev"": 7, ""nit"": 3, ""status"": 0, ""success"": true, ""x"": [0.904177800805474, 1.0672883902462718, 0.0]}], ""poisson_canonical_agreement_abs"": 0.0, ""solver_path"": ""poisson_convex"", ""uncertified_profiles"": 0}"
foul_leaves_5_team,team-quarter,2016-17,9840,optimization,FTA,1,FOUL;LOOSE_BALL_FOUL_DRAWN,17,NB,41366.44998695391,-20664.83657149686,"[1.256262992533541, 0.0]","{""p"": 0.8856352365675456, ""r"": 0.16151076145093549}",4,True,optimizer_converged_lbfgsb,50,342,2,-21546.904691243326,882.0681197464655,1.5379054000368342,"{""binomial_discrete_residual_mean"": null, ""binomial_discrete_residual_variance"": null, ""binomial_h_extension_used"": null, ""binomial_n_candidates"": 0, ""binomial_n_max"": null, ""binomial_n_min"": null, ""binomial_n_policy"": null, ""binomial_n_tie_break"": null, ""certified_profiles"": 1, ""optimizer_powell_attempted"": false, ""optimizer_powell_success"": false, ""optimizer_primary_failed_starts"": 0, ""optimizer_primary_successful_starts"": 2, ""optimizer_results"": [{""fun"": 20664.83657149686, ""jac"": [-0.009822542838843843, 417.5220965407789, -0.0007275957658402848, 0.0007275957658402848], ""message"": ""CONVERGENCE: REL_REDUCTION_OF_F_<=_FACTR*EPSMCH"", ""method"": ""L-BFGS-B"", ""nfev"": 205, ""nit"": 28, ""status"": 0, ""success"": true, ""x"": [1.256262992533541, 0.0, -1.8231835041682793, 2.0469121494120914]}, {""fun"": 20664.83657413249, ""jac"": [-0.2575689011074608, 417.5071808276698, 0.0007275957658402848, 0.0014551915316805696], ""message"": ""CONVERGENCE: REL_REDUCTION_OF_F_<=_FACTR*EPSMCH"", ""method"": ""L-BFGS-B"", ""nfev"": 135, ""nit"": 22, ""status"": 0, ""success"": true, ""x"": [1.2562544915900542, 0.0, -1.8214425958773206, 2.048335538694079]}], ""solver_path"": ""general_convolution"", ""uncertified_profiles"": 0}"
foul_leaves_5_team,team-quarter,2016-17,9840,optimization,FTA,1,FOUL;LOOSE_BALL_FOUL_DRAWN,17,ZIP,41366.08830076879,-20664.6557284043,"[1.2562876343428253, 0.0]","{""lam"": 0.15988456970606146, ""rho"": 0.8702028260905635}",4,True,optimizer_converged_lbfgsb,44,297,2,-21834.066076753817,1169.4103483495164,0.37127570004668087,"{""binomial_discrete_residual_mean"": null, ""binomial_discrete_residual_variance"": null, ""binomial_h_extension_used"": null, ""binomial_n_candidates"": 0, ""binomial_n_max"": null, ""binomial_n_min"": null, ""binomial_n_policy"": null, ""binomial_n_tie_break"": null, ""certified_profiles"": 1, ""optimizer_powell_attempted"": false, ""optimizer_powell_success"": false, ""optimizer_primary_failed_starts"": 0, ""optimizer_primary_successful_starts"": 2, ""optimizer_results"": [{""fun"": 20666.76838792476, ""jac"": [0.0007275957658402848, 417.4387868260965, 0.001091393648760427, 0.0], ""message"": ""CONVERGENCE: REL_REDUCTION_OF_F_<=_FACTR*EPSMCH"", ""method"": ""L-BFGS-B"", ""nfev"": 145, ""nit"": 19, ""status"": 0, ""success"": true, ""x"": [1.2551726119673623, 0.0, -3.657261365318106, -20.72326583594641]}, {""fun"": 20664.6557284043, ""jac"": [0.05165929937466022, 417.5140929874033, 0.0014551915316805696, -0.0003637978829201424], ""message"": ""CONVERGENCE: REL_REDUCTION_OF_F_<=_FACTR*EPSMCH"", ""method"": ""L-BFGS-B"", ""nfev"": 150, ""nit"": 25, ""status"": 0, ""success"": true, ""x"": [1.2562876343428253, 0.0, -1.833303163448016, 1.9027532865362926]}], ""solver_path"": ""general_convolution"", ""uncertified_profiles"": 0}"
foul_leaves_5_team,team-quarter,2016-17,9840,optimization,FTA,1,FOUL;LOOSE_BALL_FOUL_DRAWN,17,Geom,41359.09308287903,-20665.755224954446,"[1.2553975366236108, 0.0]","{""p"": 0.9758238388789949}",3,True,optimizer_converged_lbfgsb,21,122,2,-21334.21301725626,668.4577923018151,8.596840300015174,"{""binomial_discrete_residual_mean"": null, ""binomial_discrete_residual_variance"": null, ""binomial_h_extension_used"": null, ""binomial_n_candidates"": 0, ""binomial_n_max"": null, ""binomial_n_min"": null, ""binomial_n_policy"": null, ""binomial_n_tie_break"": null, ""certified_profiles"": 1, ""optimizer_powell_attempted"": false, ""optimizer_powell_success"": false, ""optimizer_primary_failed_starts"": 0, ""optimizer_primary_successful_starts"": 2, ""optimizer_results"": [{""fun"": 20829.695576920512, ""jac"": [-0.0025465851804409964, 418.5072612017393, 0.0], ""message"": ""CONVERGENCE: REL_REDUCTION_OF_F_<=_FACTR*EPSMCH"", ""method"": ""L-BFGS-B"", ""nfev"": 52, ""nit"": 8, ""status"": 0, ""success"": true, ""x"": [1.2606152328352684, 0.0, 19.580940996357903]}, {""fun"": 20665.755224954446, ""jac"": [-0.06912159775482705, 417.44569898582995, -0.005456968243802135], ""message"": ""CONVERGENCE: REL_REDUCTION_OF_F_<=_FACTR*EPSMCH"", ""method"": ""L-BFGS-B"", ""nfev"": 68, ""nit"": 13, ""status"": 0, ""success"": true, ""x"": [1.2553975366236108, 0.0, 3.6979150071600584]}], ""solver_path"": ""general_convolution"", ""uncertified_profiles"": 0}"
foul_leaves_5_team,team-quarter,2016-17,9840,optimization,FTA,1,FOUL;LOOSE_BALL_FOUL_DRAWN,17,Binomial,41363.50100626384,-20667.95918664685,"[1.255047179140945, 0.0]","{""n"": 2, ""p"": 0.013185464518341426}",3,True,optimizer_converged_lbfgsb,32,178,2,-21286.935770139804,618.9765834929531,0.5942537999944761,"{""binomial_discrete_residual_mean"": -1.529187793099001, ""binomial_discrete_residual_variance"": -4.262248353621815, ""binomial_h_extension_used"": true, ""binomial_n_candidates"": 1, ""binomial_n_max"": 2, ""binomial_n_min"": 2, ""binomial_n_policy"": ""paper_H_binomial_discrete_index_continuous_full_mle"", ""binomial_n_tie_break"": ""not_applicable_single_mom_index"", ""certified_profiles"": 1, ""optimizer_powell_attempted"": false, ""optimizer_powell_success"": false, ""optimizer_primary_failed_starts"": 0, ""optimizer_primary_successful_starts"": 2, ""optimizer_results"": [{""fun"": 20667.95918665024, ""jac"": [-0.0036379788292014237, 417.4322384642437, -0.0003637978829201424], ""message"": ""CONVERGENCE: REL_REDUCTION_OF_F_<=_FACTR*EPSMCH"", ""method"": ""L-BFGS-B"", ""nfev"": 112, ""nit"": 19, ""status"": 0, ""success"": true, ""x"": [1.2550473652461709, 0.0, -4.315382417052338]}, {""fun"": 20667.95918664685, ""jac"": [-0.007275957658402847, 417.431874666363, -0.0003637978829201424], ""message"": ""CONVERGENCE: REL_REDUCTION_OF_F_<=_FACTR*EPSMCH"", ""method"": ""L-BFGS-B"", ""nfev"": 64, ""nit"": 13, ""status"": 0, ""success"": true, ""x"": [1.255047179140945, 0.0, -4.315367064460153]}], ""solver_path"": ""general_convolution"", ""uncertified_profiles"": 0}"
foul_leaves_5_team,team-quarter,2016-17,9840,optimization,FTA,1,FOUL;LOOSE_BALL_FOUL_DRAWN,17,Bernoulli,inf,-inf,[],{},3,False,infeasible_conditional_support,0,0,0,-inf,0.0,7.050001295283437e-05,"{""binomial_discrete_residual_mean"": null, ""binomial_discrete_residual_variance"": null, ""binomial_h_extension_used"": null, ""binomial_n_candidates"": 0, ""binomial_n_max"": null, ""binomial_n_min"": null, ""binomial_n_policy"": null, ""binomial_n_tie_break"": null, ""certified_profiles"": 0, ""solver_path"": ""conditional_support_check"", ""support_violating_rows"": 2, ""uncertified_profiles"": 0}"
foul_leaves_5_team,team-quarter,2016-17,9840,optimization,FTA,1,FTM;LOOSE_BALL_FOUL_DRAWN,20,Poisson,36283.84229656524,-18128.129831797552,"[1.165407146561905, 0.06970157368100262]","{""lam"": 0.5528887737459026}",3,True,poisson_convex_mle,20,28,2,-18144.59469441286,16.46486261530663,0.058058900001924485,"{""binomial_discrete_residual_mean"": null, ""binomial_discrete_residual_variance"": null, ""binomial_h_extension_used"": null, ""binomial_n_candidates"": 0, ""binomial_n_max"": null, ""binomial_n_min"": null, ""binomial_n_policy"": null, ""binomial_n_tie_break"": null, ""certified_profiles"": 1, ""optimizer_primary_failed_starts"": 0, ""optimizer_primary_successful_starts"": 2, ""optimizer_results"": [{""fun"": 18128.129831797552, ""jac"": [0.00016422526383053082, -0.00020079524381344527, 0.0001680026446262417], ""message"": ""CONVERGENCE: REL_REDUCTION_OF_F_<=_FACTR*EPSMCH"", ""method"": ""L-BFGS-B"", ""nfev"": 11, ""nit"": 8, ""status"": 0, ""success"": true, ""x"": [0.5528887737459026, 1.165407146561905, 0.06970157368100262]}, {""fun"": 18128.129831805465, ""jac"": [9.482825904427727e-05, -0.0050833292809358, 0.0033293057727572517], ""message"": ""CONVERGENCE: REL_REDUCTION_OF_F_<=_FACTR*EPSMCH"", ""method"": ""L-BFGS-B"", ""nfev"": 15, ""nit"": 12, ""status"": 0, ""success"": true, ""x"": [0.5528884700759455, 1.1654068029762423, 0.06970560180017124]}], ""poisson_canonical_agreement_abs"": 0.0, ""solver_path"": ""poisson_convex"", ""uncertified_profiles"": 0}"
foul_leaves_5_team,team-quarter,2016-17,9840,optimization,FTA,1,FTM;LOOSE_BALL_FOUL_DRAWN,20,NB,36293.03970196889,-18128.131429004352,"[1.1654070771649743, 0.06969899139102012]","{""p"": 0.9999909250393026, ""r"": 60924.382114118685}",4,True,optimizer_converged_lbfgsb,39,292,2,-18144.597292468334,16.465863463981805,1.4145501999882981,"{""binomial_discrete_residual_mean"": null, ""binomial_discrete_residual_variance"": null, ""binomial_h_extension_used"": null, ""binomial_n_candidates"": 0, ""binomial_n_max"": null, ""binomial_n_min"": null, ""binomial_n_policy"": null, ""binomial_n_tie_break"": null, ""certified_profiles"": 1, ""optimizer_powell_attempted"": false, ""optimizer_powell_success"": false, ""optimizer_primary_failed_starts"": 0, ""optimizer_primary_successful_starts"": 2, ""optimizer_results"": [{""fun"": 18128.131429004352, ""jac"": [0.005456968243802135, 0.0003637978809006584, 0.0047293720579092285, -0.009458744115818457], ""message"": ""CONVERGENCE: REL_REDUCTION_OF_F_<=_FACTR*EPSMCH"", ""method"": ""L-BFGS-B"", ""nfev"": 55, ""nit"": 9, ""status"": 0, ""success"": true, ""x"": [1.1654070771649743, 0.06969899139102012, 11.017388736695876, 11.609982433686262]}, {""fun"": 18128.13287332999, ""jac"": [0.6926711690799511, -0.06621121432391984, -0.05529727329247713, 0.0512954969357847], ""message"": ""CONVERGENCE: REL_REDUCTION_OF_F_<=_FACTR*EPSMCH"", ""method"": ""L-BFGS-B"", ""nfev"": 235, ""nit"": 30, ""status"": 0, ""success"": true, ""x"": [1.1654589851054036, 0.06962549826617374, 10.38143930030639, 10.974270093980545]}], ""solver_path"": ""general_convolution"", ""uncertified_profiles"": 0}"
foul_leaves_5_team,team-quarter,2016-17,9840,optimization,FTA,1,FTM;LOOSE_BALL_FOUL_DRAWN,20,ZIP,36293.03650778147,-18128.129831910643,"[1.1654072602834946, 0.06970106477182467]","{""lam"": 0.5528884212126024, ""rho"": 1.0000000000000007e-09}",4,True,optimizer_converged_lbfgsb,45,262,2,-18144.594694485288,16.46486257464494,0.29642749996855855,"{""binomial_discrete_residual_mean"": null, ""binomial_discrete_residual_variance"": null, ""binomial_h_extension_used"": null, ""binomial_n_candidates"": 0, ""binomial_n_max"": null, ""binomial_n_min"": null, ""binomial_n_policy"": null, ""binomial_n_tie_break"": null, ""certified_profiles"": 1, ""optimizer_powell_attempted"": false, ""optimizer_powell_success"": false, ""optimizer_primary_failed_starts"": 0, ""optimizer_primary_successful_starts"": 2, ""optimizer_results"": [{""fun"": 18128.129831910643, ""jac"": [0.0003637978829201424, -0.0003637978809006584, 0.0, 0.0], ""message"": ""CONVERGENCE: REL_REDUCTION_OF_F_<=_FACTR*EPSMCH"", ""method"": ""L-BFGS-B"", ""nfev"": 60, ""nit"": 9, ""status"": 0, ""success"": true, ""x"": [1.1654072602834946, 0.06970106477182467, -0.5925990677772267, -20.72326583594641]}, {""fun"": 18128.130087115995, ""jac"": [0.0007275957658402848, 0.0003637978809006584, 0.0003637978788811745, 0.00036379785060840214], ""message"": ""CONVERGENCE: REL_REDUCTION_OF_F_<=_FACTR*EPSMCH"", ""method"": ""L-BFGS-B"", ""nfev"": 200, ""nit"": 36, ""status"": 0, ""success"": true, ""x"": [1.1654073706155947, 0.06970201821723511, -0.5925981038837231, -13.000107268942436]}], ""solver_path"": ""general_convolution"", ""uncertified_profiles"": 0}"
foul_leaves_5_team,team-quarter,2016-17,9840,optimization,FTA,1,FTM;LOOSE_BALL_FOUL_DRAWN,20,Geom,36427.198823102684,-18199.808095066273,"[1.2059958131093742, 0.1422652167824297]","{""p"": 0.7401749795739372}",3,True,optimizer_converged_lbfgsb,20,106,2,-18328.37696289153,128.56886782525544,0.22710139997070655,"{""binomial_discrete_residual_mean"": null, ""binomial_discrete_residual_variance"": null, ""binomial_h_extension_used"": null, ""binomial_n_candidates"": 0, ""binomial_n_max"": null, ""binomial_n_min"": null, ""binomial_n_policy"": null, ""binomial_n_tie_break"": null, ""certified_profiles"": 1, ""optimizer_powell_attempted"": false, ""optimizer_powell_success"": false, ""optimizer_primary_failed_starts"": 0, ""optimizer_primary_successful_starts"": 2, ""optimizer_results"": [{""fun"": 18199.808095066273, ""jac"": [-0.0007275957658402848, 0.0003637978809006584, -0.0003637978829201424], ""message"": ""CONVERGENCE: REL_REDUCTION_OF_F_<=_FACTR*EPSMCH"", ""method"": ""L-BFGS-B"", ""nfev"": 48, ""nit"": 9, ""status"": 0, ""success"": true, ""x"": [1.2059958131093742, 0.1422652167824297, 1.0468782110407422]}, {""fun"": 18199.808095071912, ""jac"": [-0.014188117433885553, -0.0010913936427019754, 0.0032741809462812814], ""message"": ""CONVERGENCE: REL_REDUCTION_OF_F_<=_FACTR*EPSMCH"", ""method"": ""L-BFGS-B"", ""nfev"": 56, ""nit"": 11, ""status"": 0, ""success"": true, ""x"": [1.2059956628993722, 0.1422650692972532, 1.0468819231421727]}], ""solver_path"": ""general_convolution"", ""uncertified_profiles"": 0}"
foul_leaves_5_team,team-quarter,2016-17,9840,optimization,FTA,1,FTM;LOOSE_BALL_FOUL_DRAWN,20,Binomial,inf,-inf,[],"{""n"": 2}",3,False,infeasible_conditional_support,0,0,0,-inf,0.0,0.00024359999224543571,"{""binomial_discrete_residual_mean"": 0.6714570643305366, ""binomial_discrete_residual_variance"": -3.3974032836190435, ""binomial_h_extension_used"": true, ""binomial_n_candidates"": 1, ""binomial_n_max"": 2, ""binomial_n_min"": 2, ""binomial_n_policy"": ""paper_H_binomial_discrete_index_continuous_full_mle"", ""binomial_n_tie_break"": ""not_applicable_single_mom_index"", ""certified_profiles"": 0, ""solver_path"": ""conditional_support_check"", ""support_violating_rows"": 17, ""uncertified_profiles"": 0}"
foul_leaves_5_team,team-quarter,2016-17,9840,optimization,FTA,1,FTM;LOOSE_BALL_FOUL_DRAWN,20,Bernoulli,inf,-inf,[],{},3,False,infeasible_conditional_support,0,0,0,-inf,0.0,3.960001049563289e-05,"{""binomial_discrete_residual_mean"": null, ""binomial_discrete_residual_variance"": null, ""binomial_h_extension_used"": null, ""binomial_n_candidates"": 0, ""binomial_n_max"": null, ""binomial_n_min"": null, ""binomial_n_policy"": null, ""binomial_n_tie_break"": null, ""certified_profiles"": 0, ""solver_path"": ""conditional_support_check"", ""support_violating_rows"": 76, ""uncertified_profiles"": 0}"
foul_leaves_5_team,team-quarter,2016-17,9840,optimization,FTA,1,FOUL;FTM;LOOSE_BALL_FOUL_DRAWN,21,Poisson,35630.96898460855,-17797.096070324184,"[0.31498789442180514, 0.9674489134885962, 0.0]","{""lam"": 0.01983471879601608}",4,True,poisson_convex_mle,39,64,2,-18292.79407936785,495.6980090436664,0.0862427000538446,"{""binomial_discrete_residual_mean"": null, ""binomial_discrete_residual_variance"": null, ""binomial_h_extension_used"": null, ""binomial_n_candidates"": 0, ""binomial_n_max"": null, ""binomial_n_min"": null, ""binomial_n_policy"": null, ""binomial_n_tie_break"": null, ""certified_profiles"": 1, ""optimizer_primary_failed_starts"": 0, ""optimizer_primary_successful_starts"": 2, ""optimizer_results"": [{""fun"": 17797.096070324184, ""jac"": [0.0015884501741023627, 0.006247940141918207, 0.007839388903946087, 168.89849685037035], ""message"": ""CONVERGENCE: REL_REDUCTION_OF_F_<=_FACTR*EPSMCH"", ""method"": ""L-BFGS-B"", ""nfev"": 50, ""nit"": 31, ""status"": 0, ""success"": true, ""x"": [0.01983471879601608, 0.31498789442180514, 0.9674489134885962, 0.0]}, {""fun"": 18160.622794974213, ""jac"": [-148.03664414724986, -3182.2132483850155, -2373.5246036291956, -105.80611533115875], ""message"": ""CONVERGENCE: REL_REDUCTION_OF_F_<=_FACTR*EPSMCH"", ""method"": ""L-BFGS-B"", ""nfev"": 12, ""nit"": 8, ""status"": 0, ""success"": true, ""x"": [0.6741216237300836, 0.04925575967473043, 1.0300694359106595, 0.0]}], ""poisson_canonical_agreement_abs"": 0.0, ""solver_path"": ""poisson_convex"", ""uncertified_profiles"": 0}"
foul_leaves_5_team,team-quarter,2016-17,9840,optimization,FTA,1,FOUL;FTM;LOOSE_BALL_FOUL_DRAWN,21,NB,35640.16332418464,-17797.096134617204,"[0.31499896609380257, 0.9674514656781681, 0.0]","{""p"": 0.999996067348883, ""r"": 5039.781880167211}",5,True,optimizer_converged_lbfgsb,57,458,2,-18235.24309114298,438.14695652577575,1.939983599993866,"{""binomial_discrete_residual_mean"": null, ""binomial_discrete_residual_variance"": null, ""binomial_h_extension_used"": null, ""binomial_n_candidates"": 0, ""binomial_n_max"": null, ""binomial_n_min"": null, ""binomial_n_policy"": null, ""binomial_n_tie_break"": null, ""certified_profiles"": 1, ""optimizer_powell_attempted"": false, ""optimizer_powell_success"": false, ""optimizer_primary_failed_starts"": 0, ""optimizer_primary_successful_starts"": 2, ""optimizer_results"": [{""fun"": 17797.102937321535, ""jac"": [0.0003637978809006584, -0.001455191515524698, 168.89971448108554, -0.0007275957658402848, -0.0036379788292014237], ""message"": ""CONVERGENCE: REL_REDUCTION_OF_F_<=_FACTR*EPSMCH"", ""method"": ""L-BFGS-B"", ""nfev"": 138, ""nit"": 18, ""status"": 0, ""success"": true, ""x"": [0.3149978887485543, 0.9674459051508956, 0.0, 3.7972481385329195, 7.719228460984863]}, {""fun"": 17797.096134617204, ""jac"": [0.39981387110982364, 0.3557943255457887, 168.9262717263773, -0.0047293720579092285, 0.0018189892530420108], ""message"": ""CONVERGENCE: REL_REDUCTION_OF_F_<=_FACTR*EPSMCH"", ""method"": ""L-BFGS-B"", ""nfev"": 318, ""nit"": 39, ""status"": 0, ""success"": true, ""x"": [0.31499896609380257, 0.9674514656781681, 0.0, 8.525118082384305, 12.44619284239706]}], ""solver_path"": ""general_convolution"", ""uncertified_profiles"": 0}"
foul_leaves_5_team,team-quarter,2016-17,9840,optimization,FTA,1,FOUL;FTM;LOOSE_BALL_FOUL_DRAWN,21,ZIP,35640.16319563074,-17797.096070340252,"[0.31498885556168454, 0.9674486421731266, 0.0]","{""lam"": 0.01983355064399923, ""rho"": 1.0000001107243823e-09}",5,True,optimizer_converged_lbfgsb,64,512,2,-18292.794079372852,495.69800903259966,0.6419105000095442,"{""binomial_discrete_residual_mean"": null, ""binomial_discrete_residual_variance"": null, ""binomial_h_extension_used"": null, ""binomial_n_candidates"": 0, ""binomial_n_max"": null, ""binomial_n_min"": null, ""binomial_n_policy"": null, ""binomial_n_tie_break"": null, ""certified_profiles"": 1, ""optimizer_powell_attempted"": false, ""optimizer_powell_success"": false, ""optimizer_primary_failed_starts"": 0, ""optimizer_primary_successful_starts"": 2, ""optimizer_results"": [{""fun"": 17797.096070340252, ""jac"": [0.02582964954394675, 0.022191670611751646, 168.90007827896625, 0.0, 0.0], ""message"": ""CONVERGENCE: REL_REDUCTION_OF_F_<=_FACTR*EPSMCH"", ""method"": ""L-BFGS-B"", ""nfev"": 180, ""nit"": 20, ""status"": 0, ""success"": true, ""x"": [0.31498885556168454, 0.9674486421731266, 0.0, -3.920380298318391, -20.723265725222035]}, {""fun"": 17797.09620664768, ""jac"": [-0.021464074973138847, 0.010550138487554062, 168.89607650227845, -0.0014551915316805696, 0.0003637978829201424], ""message"": ""CONVERGENCE: REL_REDUCTION_OF_F_<=_FACTR*EPSMCH"", ""method"": ""L-BFGS-B"", ""nfev"": 330, ""nit"": 44, ""status"": 0, ""success"": true, ""x"": [0.31498673186802295, 0.9674515838328049, 0.0, -3.920251228981275, -7.724383607622957]}], ""solver_path"": ""general_convolution"", ""uncertified_profiles"": 0}"
foul_leaves_5_team,team-quarter,2016-17,9840,optimization,FTA,1,FOUL;FTM;LOOSE_BALL_FOUL_DRAWN,21,Geom,35631.53599508247,-17797.379575561143,"[0.3154777918641701, 0.967321617384334, 0.0]","{""p"": 0.9821505977579276}",4,True,optimizer_converged_lbfgsb,28,312,2,-18281.281154712204,483.901579151061,29.672652000037488,"{""binomial_discrete_residual_mean"": null, ""binomial_discrete_residual_variance"": null, ""binomial_h_extension_used"": null, ""binomial_n_candidates"": 0, ""binomial_n_max"": null, ""binomial_n_min"": null, ""binomial_n_policy"": null, ""binomial_n_tie_break"": null, ""certified_profiles"": 1, ""optimizer_powell_attempted"": false, ""optimizer_powell_success"": false, ""optimizer_primary_failed_starts"": 0, ""optimizer_primary_successful_starts"": 2, ""optimizer_results"": [{""fun"": 17874.53163484847, ""jac"": [1.2572854763926755, 3.3982359866290515, 170.20392988342792, 79.00088604671818], ""message"": ""CONVERGENCE: REL_REDUCTION_OF_F_<=_FACTR*EPSMCH"", ""method"": ""L-BFGS-B"", ""nfev"": 175, ""nit"": 9, ""status"": 0, ""success"": true, ""x"": [0.32074036647087256, 0.9660011954402389, 0.0, 20.382993391333894]}, {""fun"": 17797.379575561143, ""jac"": [0.0007275957618013168, 0.0010913936366435237, 168.98084140848368, -0.0003637978829201424], ""message"": ""CONVERGENCE: REL_REDUCTION_OF_F_<=_FACTR*EPSMCH"", ""method"": ""L-BFGS-B"", ""nfev"": 135, ""nit"": 19, ""status"": 0, ""success"": true, ""x"": [0.3154777918641701, 0.967321617384334, 0.0, 4.007774634976089]}], ""solver_path"": ""general_convolution"", ""uncertified_profiles"": 0}"
foul_leaves_5_team,team-quarter,2016-17,9840,optimization,FTA,1,FOUL;FTM;LOOSE_BALL_FOUL_DRAWN,21,Binomial,35630.64807330229,-17796.935614671052,"[0.31467273320155614, 0.9675305903364946, 0.0]","{""n"": 2, ""p"": 0.010453087585032893}",4,True,optimizer_converged_lbfgsb,45,347,2,-18277.815420577015,480.8798059059627,0.9805260999710299,"{""binomial_discrete_residual_mean"": -0.5604624408812242, ""binomial_discrete_residual_variance"": -5.202690677631841, ""binomial_h_extension_used"": true, ""binomial_n_candidates"": 1, ""binomial_n_max"": 2, ""binomial_n_min"": 2, ""binomial_n_policy"": ""paper_H_binomial_discrete_index_continuous_full_mle"", ""binomial_n_tie_break"": ""not_applicable_single_mom_index"", ""certified_profiles"": 1, ""optimizer_powell_attempted"": false, ""optimizer_powell_success"": false, ""optimizer_primary_failed_starts"": 0, ""optimizer_primary_successful_starts"": 2, ""optimizer_results"": [{""fun"": 17796.935614678696, ""jac"": [0.0, -0.000727595757762349, 168.846599990502, 0.0003637978829201424], ""message"": ""CONVERGENCE: REL_REDUCTION_OF_F_<=_FACTR*EPSMCH"", ""method"": ""L-BFGS-B"", ""nfev"": 180, ""nit"": 20, ""status"": 0, ""success"": true, ""x"": [0.31467273088689895, 0.9675294045306443, 0.0, -4.550268837877001]}, {""fun"": 17796.935614671052, ""jac"": [0.0236468622585428, 0.028376234552731614, 168.84769138414413, 0.0], ""message"": ""CONVERGENCE: REL_REDUCTION_OF_F_<=_FACTR*EPSMCH"", ""method"": ""L-BFGS-B"", ""nfev"": 165, ""nit"": 25, ""status"": 0, ""success"": true, ""x"": [0.31467273320155614, 0.9675305903364946, 0.0, -4.5503497766882015]}], ""solver_path"": ""general_convolution"", ""uncertified_profiles"": 0}"
foul_leaves_5_team,team-quarter,2016-17,9840,optimization,FTA,1,FOUL;FTM;LOOSE_BALL_FOUL_DRAWN,21,Bernoulli,35630.2935630471,-17796.758359543455,"[0.31428584941139454, 0.9676274356429826, 0.0]","{""p"": 0.022228956474448825}",4,True,optimizer_converged_lbfgsb,48,327,2,-18281.2811551209,484.52279557744623,0.6401687000179663,"{""binomial_discrete_residual_mean"": null, ""binomial_discrete_residual_variance"": null, ""binomial_h_extension_used"": null, ""binomial_n_candidates"": 0, ""binomial_n_max"": null, ""binomial_n_min"": null, ""binomial_n_policy"": null, ""binomial_n_tie_break"": null, ""certified_profiles"": 1, ""optimizer_powell_attempted"": false, ""optimizer_powell_success"": false, ""optimizer_primary_failed_starts"": 0, ""optimizer_primary_successful_starts"": 2, ""optimizer_results"": [{""fun"": 17796.758359545685, ""jac"": [-0.0029103830472052674, -0.003637978788811745, 168.78439055290073, -0.0003637978829201424], ""message"": ""CONVERGENCE: REL_REDUCTION_OF_F_<=_FACTR*EPSMCH"", ""method"": ""L-BFGS-B"", ""nfev"": 170, ""nit"": 21, ""status"": 0, ""success"": true, ""x"": [0.31428580783692583, 0.9676277833445411, 0.0, -3.783921516712983]}, {""fun"": 17796.758359543455, ""jac"": [-0.0043655745708079015, -0.008003553335385839, 168.78402675502002, 0.0], ""message"": ""CONVERGENCE: REL_REDUCTION_OF_F_<=_FACTR*EPSMCH"", ""method"": ""L-BFGS-B"", ""nfev"": 155, ""nit"": 27, ""status"": 0, ""success"": true, ""x"": [0.31428584941139454, 0.9676274356429826, 0.0, -3.7838797511486884]}], ""solver_path"": ""general_convolution"", ""uncertified_profiles"": 0}"
foul_leaves_5_team,team-quarter,2016-17,9840,optimization,FTA,1,PERS_FOUL_DRAWN;LOOSE_BALL_FOUL_DRAWN,24,Poisson,55122.28097654403,-27547.349171786947,"[0.6699897097618155, 0.671358766591478]","{""lam"": 4.352928968546378}",3,True,poisson_convex_mle,14,21,2,-27565.414054976143,18.064883189195825,0.027024800016079098,"{""binomial_discrete_residual_mean"": null, ""binomial_discrete_residual_variance"": null, ""binomial_h_extension_used"": null, ""binomial_n_candidates"": 0, ""binomial_n_max"": null, ""binomial_n_min"": null, ""binomial_n_policy"": null, ""binomial_n_tie_break"": null, ""certified_profiles"": 1, ""optimizer_primary_failed_starts"": 0, ""optimizer_primary_successful_starts"": 2, ""optimizer_results"": [{""fun"": 27547.349171786947, ""jac"": [6.94527152234059e-06, 2.8538226331420447e-05, -3.639654813980542e-06], ""message"": ""CONVERGENCE: REL_REDUCTION_OF_F_<=_FACTR*EPSMCH"", ""method"": ""L-BFGS-B"", ""nfev"": 9, ""nit"": 7, ""status"": 0, ""success"": true, ""x"": [4.352928968546378, 0.6699897097618155, 0.671358766591478]}, {""fun"": 27547.34917178927, ""jac"": [-0.0011156356737132, -0.004316231661789516, 0.0005942842574810925], ""message"": ""CONVERGENCE: REL_REDUCTION_OF_F_<=_FACTR*EPSMCH"", ""method"": ""L-BFGS-B"", ""nfev"": 10, ""nit"": 7, ""status"": 0, ""success"": true, ""x"": [4.352929070618622, 0.6699888649956647, 0.6713606947954867]}], ""poisson_canonical_agreement_abs"": 0.0, ""solver_path"": ""poisson_convex"", ""uncertified_profiles"": 0}"
foul_leaves_5_team,team-quarter,2016-17,9840,optimization,FTA,1,PERS_FOUL_DRAWN;LOOSE_BALL_FOUL_DRAWN,24,NB,51697.35773854672,-25830.290447293268,"[0.49904973758628274, 0.49612987416294124]","{""p"": 0.4012179008700106, ""r"": 3.151004349753989}",4,True,optimizer_converged_lbfgsb,20,132,2,-25830.461530756027,0.17108346275927033,0.5836659000487998,"{""binomial_discrete_residual_mean"": null, ""binomial_discrete_residual_variance"": null, ""binomial_h_extension_used"": null, ""binomial_n_candidates"": 0, ""binomial_n_max"": null, ""binomial_n_min"": null, ""binomial_n_policy"": null, ""binomial_n_tie_break"": null, ""certified_profiles"": 1, ""optimizer_powell_attempted"": false, ""optimizer_powell_success"": false, ""optimizer_primary_failed_starts"": 0, ""optimizer_primary_successful_starts"": 2, ""optimizer_results"": [{""fun"": 25830.290447356703, ""jac"": [0.019645085568635555, 0.0036379788090065844, 0.014551915316805695, -0.018917489806834237], ""message"": ""CONVERGENCE: REL_REDUCTION_OF_F_<=_FACTR*EPSMCH"", ""method"": ""L-BFGS-B"", ""nfev"": 65, ""nit"": 10, ""status"": 0, ""success"": true, ""x"": [0.4990652735506775, 0.49613736343360987, 1.1477144589746553, -0.40039531434843684]}, {""fun"": 25830.290447293268, ""jac"": [-0.013460521593324361, 0.0003637978809006584, -0.008367351307163274, 0.004001776689907243], ""message"": ""CONVERGENCE: REL_REDUCTION_OF_F_<=_FACTR*EPSMCH"", ""method"": ""L-BFGS-B"", ""nfev"": 65, ""nit"": 10, ""status"": 0, ""success"": true, ""x"": [0.49904973758628274, 0.49612987416294124, 1.1477212432102333, -0.4003930841136465]}], ""solver_path"": ""general_convolution"", ""uncertified_profiles"": 0}"
foul_leaves_5_team,team-quarter,2016-17,9840,optimization,FTA,1,PERS_FOUL_DRAWN;LOOSE_BALL_FOUL_DRAWN,24,ZIP,52221.40842090115,-26092.31578847048,"[0.8594063965997748, 0.8413784973410692]","{""lam"": 5.016196242560584, ""rho"": 0.20796091392549404}",4,True,optimizer_converged_lbfgsb,27,162,2,-26302.651195209102,210.3354067386208,0.19906439998885617,"{""binomial_discrete_residual_mean"": null, ""binomial_discrete_residual_variance"": null, ""binomial_h_extension_used"": null, ""binomial_n_candidates"": 0, ""binomial_n_max"": null, ""binomial_n_min"": null, ""binomial_n_policy"": null, ""binomial_n_tie_break"": null, ""certified_profiles"": 1, ""optimizer_powell_attempted"": false, ""optimizer_powell_success"": false, ""optimizer_primary_failed_starts"": 0, ""optimizer_primary_successful_starts"": 2, ""optimizer_results"": [{""fun"": 26092.315788485528, ""jac"": [-0.003274180909930571, 0.0025465851521682217, -0.008003553424243132, 0.0025465851804409964], ""message"": ""CONVERGENCE: REL_REDUCTION_OF_F_<=_FACTR*EPSMCH"", ""method"": ""L-BFGS-B"", ""nfev"": 75, ""nit"": 13, ""status"": 0, ""success"": true, ""x"": [0.8594056944617389, 0.8413844530628143, 1.612671681446566, -1.337258310996657]}, {""fun"": 26092.31578847048, ""jac"": [0.0018189893944058726, 0.000727595757762349, -0.001091393648760427, -0.0003637978829201424], ""message"": ""CONVERGENCE: REL_REDUCTION_OF_F_<=_FACTR*EPSMCH"", ""method"": ""L-BFGS-B"", ""nfev"": 85, ""nit"": 14, ""status"": 0, ""success"": true, ""x"": [0.8594063965997748, 0.8413784973410692, 1.6126719258828233, -1.3372605934773105]}], ""solver_path"": ""general_convolution"", ""uncertified_profiles"": 0}"
foul_leaves_5_team,team-quarter,2016-17,9840,optimization,FTA,1,PERS_FOUL_DRAWN;LOOSE_BALL_FOUL_DRAWN,24,Geom,52955.97901856229,-26464.198192796077,"[0.9838722677459515, 1.0026109348033367]","{""p"": 0.2124091963588679}",3,True,optimizer_converged_lbfgsb,20,98,2,-26544.34340079045,80.14520799437378,0.1765059000463225,"{""binomial_discrete_residual_mean"": null, ""binomial_discrete_residual_variance"": null, ""binomial_h_extension_used"": null, ""binomial_n_candidates"": 0, ""binomial_n_max"": null, ""binomial_n_min"": null, ""binomial_n_policy"": null, ""binomial_n_tie_break"": null, ""certified_profiles"": 1, ""optimizer_powell_attempted"": false, ""optimizer_powell_success"": false, ""optimizer_primary_failed_starts"": 0, ""optimizer_primary_successful_starts"": 2, ""optimizer_results"": [{""fun"": 26464.198192796077, ""jac"": [-0.0010913936366435237, -0.0003637978829201424, -0.0003637978829201424], ""message"": ""CONVERGENCE: REL_REDUCTION_OF_F_<=_FACTR*EPSMCH"", ""method"": ""L-BFGS-B"", ""nfev"": 48, ""nit"": 10, ""status"": 0, ""success"": true, ""x"": [0.9838722677459515, 1.0026109348033367, -1.310464084474884]}, {""fun"": 26464.198192796164, ""jac"": [0.0003637978788811745, -0.0003637978829201424, 0.0003637978829201424], ""message"": ""CONVERGENCE: REL_REDUCTION_OF_F_<=_FACTR*EPSMCH"", ""method"": ""L-BFGS-B"", ""nfev"": 48, ""nit"": 10, ""status"": 0, ""success"": true, ""x"": [0.9838727022640954, 1.002610633245202, -1.3104639291982982]}], ""solver_path"": ""general_convolution"", ""uncertified_profiles"": 0}"
foul_leaves_5_team,team-quarter,2016-17,9840,optimization,FTA,1,PERS_FOUL_DRAWN;LOOSE_BALL_FOUL_DRAWN,24,Binomial,55494.58869941479,-27733.503033222325,"[0.7052466327411782, 0.7118204584207711]","{""n"": 100, ""p"": 0.04279457167092642}",3,True,optimizer_converged_lbfgsb,18,94,2,-27741.164043126355,7.661009904029925,0.8371500000357628,"{""binomial_discrete_residual_mean"": 4.1621851183651835, ""binomial_discrete_residual_variance"": 10.52448036916248, ""binomial_h_extension_used"": true, ""binomial_n_candidates"": 1, ""binomial_n_max"": 100, ""binomial_n_min"": 100, ""binomial_n_policy"": ""paper_H_binomial_discrete_index_continuous_full_mle"", ""binomial_n_tie_break"": ""not_applicable_single_mom_index"", ""certified_profiles"": 1, ""optimizer_powell_attempted"": false, ""optimizer_powell_success"": false, ""optimizer_primary_failed_starts"": 0, ""optimizer_primary_successful_starts"": 2, ""optimizer_results"": [{""fun"": 27733.503033224293, ""jac"": [0.000727595757762349, -0.0010913936366435237, 0.0014551915316805696], ""message"": ""CONVERGENCE: REL_REDUCTION_OF_F_<=_FACTR*EPSMCH"", ""method"": ""L-BFGS-B"", ""nfev"": 40, ""nit"": 8, ""status"": 0, ""success"": true, ""x"": [0.7052463561321758, 0.7118171150939457, -3.1076063334386155]}, {""fun"": 27733.503033222325, ""jac"": [0.000727595757762349, 0.0, 0.0007275957658402848], ""message"": ""CONVERGENCE: REL_REDUCTION_OF_F_<=_FACTR*EPSMCH"", ""method"": ""L-BFGS-B"", ""nfev"": 52, ""nit"": 10, ""status"": 0, ""success"": true, ""x"": [0.7052466327411782, 0.7118204584207711, -3.107606762642562]}], ""solver_path"": ""general_convolution"", ""uncertified_profiles"": 0}"
foul_leaves_5_team,team-quarter,2016-17,9840,optimization,FTA,1,PERS_FOUL_DRAWN;LOOSE_BALL_FOUL_DRAWN,24,Bernoulli,inf,-inf,[],{},3,False,infeasible_conditional_support,0,0,0,-inf,0.0,8.249998791143298e-05,"{""binomial_discrete_residual_mean"": null, ""binomial_discrete_residual_variance"": null, ""binomial_h_extension_used"": null, ""binomial_n_candidates"": 0, ""binomial_n_max"": null, ""binomial_n_min"": null, ""binomial_n_policy"": null, ""binomial_n_tie_break"": null, ""certified_profiles"": 0, ""solver_path"": ""conditional_support_check"", ""support_violating_rows"": 1201, ""uncertified_profiles"": 0}"
foul_leaves_5_team,team-quarter,2016-17,9840,optimization,FTA,1,FOUL;PERS_FOUL_DRAWN;LOOSE_BALL_FOUL_DRAWN,25,Poisson,41370.31361977258,-20666.7683879062,"[1.255172960341265, 0.0, 0.0]","{""lam"": 0.025801548251178284}",4,True,poisson_convex_mle,56,99,2,-21063.748615990735,396.98022808453607,0.13380700000561774,"{""binomial_discrete_residual_mean"": null, ""binomial_discrete_residual_variance"": null, ""binomial_h_extension_used"": null, ""binomial_n_candidates"": 0, ""binomial_n_max"": null, ""binomial_n_min"": null, ""binomial_n_policy"": null, ""binomial_n_tie_break"": null, ""certified_profiles"": 1, ""optimizer_primary_failed_starts"": 0, ""optimizer_primary_successful_starts"": 2, ""optimizer_results"": [{""fun"": 20710.126089242436, ""jac"": [114.04938890070832, -1222.0135067129338, 1785.2569752623465, 340.78051814244327], ""message"": ""CONVERGENCE: REL_REDUCTION_OF_F_<=_FACTR*EPSMCH"", ""method"": ""L-BFGS-B"", ""nfev"": 48, ""nit"": 27, ""status"": 0, ""success"": true, ""x"": [0.11400532880903205, 1.2030746014921792, 0.0, 0.0]}, {""fun"": 20666.7683879062, ""jac"": [0.0003997646749667183, 0.0010130455294756757, 2209.8268156075237, 417.4387001867002], ""message"": ""CONVERGENCE: REL_REDUCTION_OF_F_<=_FACTR*EPSMCH"", ""method"": ""L-BFGS-B"", ""nfev"": 49, ""nit"": 29, ""status"": 0, ""success"": true, ""x"": [0.025801548251178284, 1.255172960341265, 0.0, 0.0]}], ""poisson_canonical_agreement_abs"": 0.0, ""solver_path"": ""poisson_convex"", ""uncertified_profiles"": 0}"
foul_leaves_5_team,team-quarter,2016-17,9840,optimization,FTA,1,FOUL;PERS_FOUL_DRAWN;LOOSE_BALL_FOUL_DRAWN,25,NB,41379.43229090857,-20666.730617979167,"[1.2551871634251206, 0.0, 0.0]","{""p"": 0.9993896936577943, ""r"": 42.13479304428397}",5,True,optimizer_converged_lbfgsb,24,176,2,-20935.731812279526,269.0011943003592,0.7716505999560468,"{""binomial_discrete_residual_mean"": null, ""binomial_discrete_residual_variance"": null, ""binomial_h_extension_used"": null, ""binomial_n_candidates"": 0, ""binomial_n_max"": null, ""binomial_n_min"": null, ""binomial_n_policy"": null, ""binomial_n_tie_break"": null, ""certified_profiles"": 1, ""optimizer_powell_attempted"": false, ""optimizer_powell_success"": false, ""optimizer_primary_failed_starts"": 0, ""optimizer_primary_successful_starts"": 2, ""optimizer_results"": [{""fun"": 20666.730617979167, ""jac"": [-0.03201421369697253, 2209.8269255366176, 417.4387868260965, 0.019281287794767545, 0.019281287794767545], ""message"": ""CONVERGENCE: REL_REDUCTION_OF_F_<=_FACTR*EPSMCH"", ""method"": ""L-BFGS-B"", ""nfev"": 84, ""nit"": 12, ""status"": 0, ""success"": true, ""x"": [1.2551871634251206, 0.0, 0.0, 3.740873837482907, 7.400939033865046]}, {""fun"": 20666.730647845412, ""jac"": [-0.004729372477961851, 2209.8349290899932, 417.4398782197386, 0.018189894146007118, 0.016007106848486264], ""message"": ""CONVERGENCE: REL_REDUCTION_OF_F_<=_FACTR*EPSMCH"", ""method"": ""L-BFGS-B"", ""nfev"": 90, ""nit"": 12, ""status"": 0, ""success"": true, ""x"": [1.255186610302103, 0.0, 0.0, 3.7417961672228692, 7.401614861142341]}], ""solver_path"": ""general_convolution"", ""uncertified_profiles"": 0}"
foul_leaves_5_team,team-quarter,2016-17,9840,optimization,FTA,1,FOUL;PERS_FOUL_DRAWN;LOOSE_BALL_FOUL_DRAWN,25,ZIP,41379.50783075952,-20666.76838790464,"[1.2551730127906315, 0.0, 0.0]","{""lam"": 0.02580155672511496, ""rho"": 1.0000000000000007e-09}",5,True,optimizer_converged_lbfgsb,37,302,2,-21063.748615999735,396.9802280950935,0.35919129999820143,"{""binomial_discrete_residual_mean"": null, ""binomial_discrete_residual_variance"": null, ""binomial_h_extension_used"": null, ""binomial_n_candidates"": 0, ""binomial_n_max"": null, ""binomial_n_min"": null, ""binomial_n_policy"": null, ""binomial_n_tie_break"": null, ""certified_profiles"": 1, ""optimizer_powell_attempted"": false, ""optimizer_powell_success"": false, ""optimizer_primary_failed_starts"": 0, ""optimizer_primary_successful_starts"": 2, ""optimizer_results"": [{""fun"": 20666.76838790464, ""jac"": [0.0036379788292014237, 2209.827653132379, 417.4391506239772, 0.0003637978829201424, 0.0], ""message"": ""CONVERGENCE: REL_REDUCTION_OF_F_<=_FACTR*EPSMCH"", ""method"": ""L-BFGS-B"", ""nfev"": 186, ""nit"": 21, ""status"": 0, ""success"": true, ""x"": [1.2551730127906315, 0.0, 0.0, -3.6573204506920898, -20.72326583594641]}, {""fun"": 20666.768387904664, ""jac"": [0.0007275957658402848, 2209.826561738737, 417.43842302821577, -0.0007275957658402848, 0.0], ""message"": ""CONVERGENCE: REL_REDUCTION_OF_F_<=_FACTR*EPSMCH"", ""method"": ""L-BFGS-B"", ""nfev"": 114, ""nit"": 16, ""status"": 0, ""success"": true, ""x"": [1.2551729985571474, 0.0, 0.0, -3.657325649881666, -20.72326583594641]}], ""solver_path"": ""general_convolution"", ""uncertified_profiles"": 0}"
foul_leaves_5_team,team-quarter,2016-17,9840,optimization,FTA,1,FOUL;PERS_FOUL_DRAWN;LOOSE_BALL_FOUL_DRAWN,25,Geom,41701.58767842398,-20832.405417231897,"[1.2606153832934326, 0.0, 0.0]","{""p"": 0.9999999975502751}",4,True,optimizer_converged_lbfgsb,14,192,2,-21037.03388573792,204.62846850602364,31.171460599987768,"{""binomial_discrete_residual_mean"": null, ""binomial_discrete_residual_variance"": null, ""binomial_h_extension_used"": null, ""binomial_n_candidates"": 0, ""binomial_n_max"": null, ""binomial_n_min"": null, ""binomial_n_policy"": null, ""binomial_n_tie_break"": null, ""certified_profiles"": 1, ""optimizer_powell_attempted"": false, ""optimizer_powell_success"": false, ""optimizer_primary_failed_starts"": 0, ""optimizer_primary_successful_starts"": 2, ""optimizer_results"": [{""fun"": 20835.300433321194, ""jac"": [0.001091393648760427, 2215.569475083612, 418.50762499962, 0.0], ""message"": ""CONVERGENCE: REL_REDUCTION_OF_F_<=_FACTR*EPSMCH"", ""method"": ""L-BFGS-B"", ""nfev"": 90, ""nit"": 8, ""status"": 0, ""success"": true, ""x"": [1.2606153007408767, 0.0, 0.0, 20.090473453182693]}, {""fun"": 20832.405417231897, ""jac"": [0.004001776712121566, 2215.570566477254, 418.50798879750073, 0.0], ""message"": ""CONVERGENCE: REL_REDUCTION_OF_F_<=_FACTR*EPSMCH"", ""method"": ""L-BFGS-B"", ""nfev"": 100, ""nit"": 6, ""status"": 0, ""success"": true, ""x"": [1.2606153832934326, 0.0, 0.0, 19.82729007515862]}], ""solver_path"": ""general_convolution"", ""uncertified_profiles"": 0}"
foul_leaves_5_team,team-quarter,2016-17,9840,optimization,FTA,1,FOUL;PERS_FOUL_DRAWN;LOOSE_BALL_FOUL_DRAWN,25,Binomial,41372.695217249784,-20667.9591866448,"[1.2550472572625213, 0.0, 0.0]","{""n"": 2, ""p"": 0.013185728588462616}",4,True,optimizer_converged_lbfgsb,36,302,2,-21032.181857530217,364.22267088541776,0.9537764999549836,"{""binomial_discrete_residual_mean"": -3.8298973389746465, ""binomial_discrete_residual_variance"": -14.213154817600497, ""binomial_h_extension_used"": true, ""binomial_n_candidates"": 1, ""binomial_n_max"": 2, ""binomial_n_min"": 2, ""binomial_n_policy"": ""paper_H_binomial_discrete_index_continuous_full_mle"", ""binomial_n_tie_break"": ""not_applicable_single_mom_index"", ""certified_profiles"": 1, ""optimizer_powell_attempted"": false, ""optimizer_powell_success"": false, ""optimizer_primary_failed_starts"": 0, ""optimizer_primary_successful_starts"": 2, ""optimizer_results"": [{""fun"": 20667.95918666089, ""jac"": [0.005093170360881993, 2209.7934561315924, 417.4326022621244, -0.0007275957658402848], ""message"": ""CONVERGENCE: REL_REDUCTION_OF_F_<=_FACTR*EPSMCH"", ""method"": ""L-BFGS-B"", ""nfev"": 160, ""nit"": 20, ""status"": 0, ""success"": true, ""x"": [1.2550477381438787, 0.0, 0.0, -4.315404978275223]}, {""fun"": 20667.9591866448, ""jac"": [0.0, 2209.791273344308, 417.4322384642437, 0.0003637978829201424], ""message"": ""CONVERGENCE: REL_REDUCTION_OF_F_<=_FACTR*EPSMCH"", ""method"": ""L-BFGS-B"", ""nfev"": 140, ""nit"": 16, ""status"": 0, ""success"": true, ""x"": [1.2550472572625213, 0.0, 0.0, -4.315346769696327]}], ""solver_path"": ""general_convolution"", ""uncertified_profiles"": 0}"
foul_leaves_5_team,team-quarter,2016-17,9840,optimization,FTA,1,FOUL;PERS_FOUL_DRAWN;LOOSE_BALL_FOUL_DRAWN,25,Bernoulli,inf,-inf,[],{},4,False,infeasible_conditional_support,0,0,0,-inf,0.0,0.0001700000138953328,"{""binomial_discrete_residual_mean"": null, ""binomial_discrete_residual_variance"": null, ""binomial_h_extension_used"": null, ""binomial_n_candidates"": 0, ""binomial_n_max"": null, ""binomial_n_min"": null, ""binomial_n_policy"": null, ""binomial_n_tie_break"": null, ""certified_profiles"": 0, ""solver_path"": ""conditional_support_check"", ""support_violating_rows"": 2, ""uncertified_profiles"": 0}"
foul_leaves_5_team,team-quarter,2016-17,9840,optimization,FTA,1,FTM;PERS_FOUL_DRAWN;LOOSE_BALL_FOUL_DRAWN,28,Poisson,36291.02516722183,-18127.12416163082,"[1.1631425151211594, 0.02165029064112986, 0.07136775763800716]","{""lam"": 0.5250207728558245}",4,True,poisson_convex_mle,21,31,2,-18158.755718121087,31.63155649026521,0.0721664999728091,"{""binomial_discrete_residual_mean"": null, ""binomial_discrete_residual_variance"": null, ""binomial_h_extension_used"": null, ""binomial_n_candidates"": 0, ""binomial_n_max"": null, ""binomial_n_min"": null, ""binomial_n_policy"": null, ""binomial_n_tie_break"": null, ""certified_profiles"": 1, ""optimizer_primary_failed_starts"": 0, ""optimizer_primary_successful_starts"": 2, ""optimizer_results"": [{""fun"": 18127.12416163082, ""jac"": [5.645963083367178e-05, 0.0001175705878182498, -3.291924141990421e-05, 0.00020304786535119135], ""message"": ""CONVERGENCE: REL_REDUCTION_OF_F_<=_FACTR*EPSMCH"", ""method"": ""L-BFGS-B"", ""nfev"": 11, ""nit"": 9, ""status"": 0, ""success"": true, ""x"": [0.5250207728558245, 1.1631425151211594, 0.02165029064112986, 0.07136775763800716]}, {""fun"": 18127.124161631073, ""jac"": [0.0004876589698383782, -0.001511380643648863, 0.0002378582252617889, -0.0002154703727010876], ""message"": ""CONVERGENCE: REL_REDUCTION_OF_F_<=_FACTR*EPSMCH"", ""method"": ""L-BFGS-B"", ""nfev"": 18, ""nit"": 12, ""status"": 0, ""success"": true, ""x"": [0.525021377416124, 1.1631423919722845, 0.021650261441190883, 0.07136717400385077]}], ""poisson_canonical_agreement_abs"": 0.0, ""solver_path"": ""poisson_convex"", ""uncertified_profiles"": 0}"
foul_leaves_5_team,team-quarter,2016-17,9840,optimization,FTA,1,FTM;PERS_FOUL_DRAWN;LOOSE_BALL_FOUL_DRAWN,28,NB,36300.221797822865,-18127.125371436316,"[1.1631209240031974, 0.021644943991652427, 0.07139927866037826]","{""p"": 0.9999927818033021, ""r"": 72749.44486714563}",5,True,optimizer_converged_lbfgsb,48,440,2,-18158.757748496635,31.632377060319413,2.2558168999967165,"{""binomial_discrete_residual_mean"": null, ""binomial_discrete_residual_variance"": null, ""binomial_h_extension_used"": null, ""binomial_n_candidates"": 0, ""binomial_n_max"": null, ""binomial_n_min"": null, ""binomial_n_policy"": null, ""binomial_n_tie_break"": null, ""certified_profiles"": 1, ""optimizer_powell_attempted"": false, ""optimizer_powell_success"": false, ""optimizer_primary_failed_starts"": 0, ""optimizer_primary_successful_starts"": 2, ""optimizer_results"": [{""fun"": 18127.1257927984, ""jac"": [-0.013460521668045268, -0.012005330061391357, -0.0003637978809006584, -0.002182787103650413, -0.0014551914024336086], ""message"": ""CONVERGENCE: REL_REDUCTION_OF_F_<=_FACTR*EPSMCH"", ""method"": ""L-BFGS-B"", ""nfev"": 90, ""nit"": 12, ""status"": 0, ""success"": true, ""x"": [1.163143160421415, 0.021649633642437667, 0.07136847896271648, 10.887342014088539, 11.531666173293832]}, {""fun"": 18127.125371436316, ""jac"": [-0.018917489911847402, 0.19099388734031705, 0.06293703339581391, 0.10550137667643662, -0.09640643041122657], ""message"": ""CONVERGENCE: REL_REDUCTION_OF_F_<=_FACTR*EPSMCH"", ""method"": ""L-BFGS-B"", ""nfev"": 348, ""nit"": 36, ""status"": 0, ""success"": true, ""x"": [1.1631209240031974, 0.021644943991652427, 0.07139927866037826, 11.194776554312469, 11.838898182852821]}], ""solver_path"": ""general_convolution"", ""uncertified_profiles"": 0}"
foul_leaves_5_team,team-quarter,2016-17,9840,optimization,FTA,1,FTM;PERS_FOUL_DRAWN;LOOSE_BALL_FOUL_DRAWN,28,ZIP,36300.2193784307,-18127.124161740234,"[1.1631424437048814, 0.021648696717301904, 0.07136666699112776]","{""lam"": 0.5250241690838879, ""rho"": 1.0000000000000007e-09}",5,True,optimizer_converged_lbfgsb,48,362,2,-18158.75571815197,31.6315564117358,0.4359196999575943,"{""binomial_discrete_residual_mean"": null, ""binomial_discrete_residual_variance"": null, ""binomial_h_extension_used"": null, ""binomial_n_candidates"": 0, ""binomial_n_max"": null, ""binomial_n_min"": null, ""binomial_n_policy"": null, ""binomial_n_tie_break"": null, ""certified_profiles"": 1, ""optimizer_powell_attempted"": false, ""optimizer_powell_success"": false, ""optimizer_primary_failed_starts"": 0, ""optimizer_primary_successful_starts"": 2, ""optimizer_results"": [{""fun"": 18127.124161740234, ""jac"": [-0.0007275957658402848, -0.004365574567778675, -0.0003637978809006584, 0.000727595757762349, 0.0], ""message"": ""CONVERGENCE: REL_REDUCTION_OF_F_<=_FACTR*EPSMCH"", ""method"": ""L-BFGS-B"", ""nfev"": 78, ""nit"": 11, ""status"": 0, ""success"": true, ""x"": [1.1631424437048814, 0.021648696717301904, 0.07136666699112776, -0.6443109810998908, -20.72326583594641]}, {""fun"": 18127.124240708057, ""jac"": [-0.009458744955923701, 0.0025465851645375607, -0.005820766094410535, 0.006548361819861142, 0.00036379785060840214], ""message"": ""CONVERGENCE: REL_REDUCTION_OF_F_<=_FACTR*EPSMCH"", ""method"": ""L-BFGS-B"", ""nfev"": 282, ""nit"": 37, ""status"": 0, ""success"": true, ""x"": [1.1631411388101838, 0.021647515951903017, 0.0713571894252656, -0.6442907850933414, -14.075108946869593]}], ""solver_path"": ""general_convolution"", ""uncertified_profiles"": 0}"
foul_leaves_5_team,team-quarter,2016-17,9840,optimization,FTA,1,FTM;PERS_FOUL_DRAWN;LOOSE_BALL_FOUL_DRAWN,28,Geom,36397.407082500424,-18180.31511927012,"[1.1873657046582786, 0.08539771224891132, 0.12905829491231127]","{""p"": 0.775133130527138}",4,True,optimizer_converged_lbfgsb,24,152,2,-18278.436881035894,98.12176176577486,0.3085613999865018,"{""binomial_discrete_residual_mean"": null, ""binomial_discrete_residual_variance"": null, ""binomial_h_extension_used"": null, ""binomial_n_candidates"": 0, ""binomial_n_max"": null, ""binomial_n_min"": null, ""binomial_n_policy"": null, ""binomial_n_tie_break"": null, ""certified_profiles"": 1, ""optimizer_powell_attempted"": false, ""optimizer_powell_success"": false, ""optimizer_primary_failed_starts"": 0, ""optimizer_primary_successful_starts"": 2, ""optimizer_results"": [{""fun"": 18180.31511927012, ""jac"": [0.0003637978829201424, 0.0, 0.0010913936427019754, 0.0007275957658402848], ""message"": ""CONVERGENCE: REL_REDUCTION_OF_F_<=_FACTR*EPSMCH"", ""method"": ""L-BFGS-B"", ""nfev"": 65, ""nit"": 11, ""status"": 0, ""success"": true, ""x"": [1.1873657046582786, 0.08539771224891132, 0.12905829491231127, 1.237526260071606]}, {""fun"": 18180.31511930682, ""jac"": [0.017826096263086975, 0.013460521593324361, 0.0043655745708079015, 0.002182787297520854], ""message"": ""CONVERGENCE: REL_REDUCTION_OF_F_<=_FACTR*EPSMCH"", ""method"": ""L-BFGS-B"", ""nfev"": 85, ""nit"": 13, ""status"": 0, ""success"": true, ""x"": [1.1873660132865478, 0.08540014852842587, 0.1290606901978234, 1.2375412777630364]}], ""solver_path"": ""general_convolution"", ""uncertified_profiles"": 0}"
foul_leaves_5_team,team-quarter,2016-17,9840,optimization,FTA,1,FTM;PERS_FOUL_DRAWN;LOOSE_BALL_FOUL_DRAWN,28,Binomial,inf,-inf,[],"{""n"": 2}",4,False,infeasible_conditional_support,0,0,0,-inf,0.0,0.0002182999742217362,"{""binomial_discrete_residual_mean"": 0.5450178695796204, ""binomial_discrete_residual_variance"": -3.5439517316847162, ""binomial_h_extension_used"": true, ""binomial_n_candidates"": 1, ""binomial_n_max"": 2, ""binomial_n_min"": 2, ""binomial_n_policy"": ""paper_H_binomial_discrete_index_continuous_full_mle"", ""binomial_n_tie_break"": ""not_applicable_single_mom_index"", ""certified_profiles"": 0, ""solver_path"": ""conditional_support_check"", ""support_violating_rows"": 3, ""uncertified_profiles"": 0}"
foul_leaves_5_team,team-quarter,2016-17,9840,optimization,FTA,1,FTM;PERS_FOUL_DRAWN;LOOSE_BALL_FOUL_DRAWN,28,Bernoulli,inf,-inf,[],{},4,False,infeasible_conditional_support,0,0,0,-inf,0.0,4.20999713242054e-05,"{""binomial_discrete_residual_mean"": null, ""binomial_discrete_residual_variance"": null, ""binomial_h_extension_used"": null, ""binomial_n_candidates"": 0, ""binomial_n_max"": null, ""binomial_n_min"": null, ""binomial_n_policy"": null, ""binomial_n_tie_break"": null, ""certified_profiles"": 0, ""solver_path"": ""conditional_support_check"", ""support_violating_rows"": 17, ""uncertified_profiles"": 0}"
foul_leaves_5_team,team-quarter,2016-17,9840,optimization,FTA,1,FOUL;FTM;PERS_FOUL_DRAWN;LOOSE_BALL_FOUL_DRAWN,29,Poisson,35644.47262585665,-17799.25078545321,"[0.312971389462265, 0.9611940153987626, 0.0, 0.0]","{""lam"": 0.04073534647389836}",5,True,poisson_convex_mle,35,62,2,-19120.64719003014,1321.3964045769317,0.09722130000591278,"{""binomial_discrete_residual_mean"": null, ""binomial_discrete_residual_variance"": null, ""binomial_h_extension_used"": null, ""binomial_n_candidates"": 0, ""binomial_n_max"": null, ""binomial_n_min"": null, ""binomial_n_policy"": null, ""binomial_n_tie_break"": null, ""certified_profiles"": 1, ""optimizer_primary_failed_starts"": 0, ""optimizer_primary_successful_starts"": 2, ""optimizer_results"": [{""fun"": 17799.25078545321, ""jac"": [125.51672698966712, -94.38533652772468, -136.8700063909891, 1026.9348765672087, 163.1234212939063], ""message"": ""CONVERGENCE: REL_REDUCTION_OF_F_<=_FACTR*EPSMCH"", ""method"": ""L-BFGS-B"", ""nfev"": 47, ""nit"": 26, ""status"": 0, ""success"": true, ""x"": [0.04073534647389836, 0.312971389462265, 0.9611940153987626, 0.0, 0.0]}, {""fun"": 17897.012944818693, ""jac"": [30.891405117304227, -1242.300748957237, -354.5593512093191, 396.17870096551684, 40.546418146342944], ""message"": ""CONVERGENCE: REL_REDUCTION_OF_F_<=_FACTR*EPSMCH"", ""method"": ""L-BFGS-B"", ""nfev"": 13, ""nit"": 9, ""status"": 0, ""success"": true, ""x"": [0.2499156592603159, 0.15926074520020694, 1.062290650541545, 0.0, 0.0]}], ""poisson_canonical_agreement_abs"": 3.637978807091713e-12, ""solver_path"": ""poisson_convex"", ""uncertified_profiles"": 0}"
foul_leaves_5_team,team-quarter,2016-17,9840,optimization,FTA,1,FOUL;FTM;PERS_FOUL_DRAWN;LOOSE_BALL_FOUL_DRAWN,29,NB,35649.357719929176,-17797.09622699445,"[0.3149944212854122, 0.9674368116103795, 0.0, 0.0]","{""p"": 0.9999899133352109, ""r"": 1966.5921680348667}",6,True,optimizer_converged_lbfgsb,55,534,2,-19383.8952623714,1586.7990353769492,2.3742910000146367,"{""binomial_discrete_residual_mean"": null, ""binomial_discrete_residual_variance"": null, ""binomial_h_extension_used"": null, ""binomial_n_candidates"": 0, ""binomial_n_max"": null, ""binomial_n_min"": null, ""binomial_n_policy"": null, ""binomial_n_tie_break"": null, ""certified_profiles"": 1, ""optimizer_powell_attempted"": false, ""optimizer_powell_success"": false, ""optimizer_primary_failed_starts"": 0, ""optimizer_primary_successful_starts"": 2, ""optimizer_results"": [{""fun"": 17797.102936411266, ""jac"": [0.022919266496741482, 0.025102053642801044, 1059.5122148515657, 168.90080587472767, -0.004729372477961851, -0.004001776712121566], ""message"": ""CONVERGENCE: REL_REDUCTION_OF_F_<=_FACTR*EPSMCH"", ""method"": ""L-BFGS-B"", ""nfev"": 161, ""nit"": 18, ""status"": 0, ""success"": true, ""x"": [0.3149969945226102, 0.9674472368683712, 0.0, 0.0, 3.7974159731602835, 7.719319773527597]}, {""fun"": 17797.09622699445, ""jac"": [-0.1102307579128995, -0.17862475853065668, 1059.4711056910455, 168.89316611923277, 0.002182787297520854, -0.00036379785060840214], ""message"": ""CONVERGENCE: REL_REDUCTION_OF_F_<=_FACTR*EPSMCH"", ""method"": ""L-BFGS-B"", ""nfev"": 371, ""nit"": 37, ""status"": 0, ""success"": true, ""x"": [0.3149944212854122, 0.9674368116103795, 0.0, 0.0, 7.5840574598479735, 11.504286237701777]}], ""solver_path"": ""general_convolution"", ""uncertified_profiles"": 0}"
foul_leaves_5_team,team-quarter,2016-17,9840,optimization,FTA,1,FOUL;FTM;PERS_FOUL_DRAWN;LOOSE_BALL_FOUL_DRAWN,29,ZIP,35649.35740659021,-17797.096070324966,"[0.3149882439057231, 0.9674484130915071, 0.0, 0.0]","{""lam"": 0.019834223708520705, ""rho"": 1.0000000000000007e-09}",6,True,optimizer_converged_lbfgsb,75,723,2,-19545.709950768447,1748.6138804434813,1.0103701999760233,"{""binomial_discrete_residual_mean"": null, ""binomial_discrete_residual_variance"": null, ""binomial_h_extension_used"": null, ""binomial_n_candidates"": 0, ""binomial_n_max"": null, ""binomial_n_min"": null, ""binomial_n_policy"": null, ""binomial_n_tie_break"": null, ""certified_profiles"": 1, ""optimizer_powell_attempted"": false, ""optimizer_powell_success"": false, ""optimizer_primary_failed_starts"": 0, ""optimizer_primary_successful_starts"": 2, ""optimizer_results"": [{""fun"": 17797.096070324966, ""jac"": [-0.0003637978809006584, -0.0010913936366435237, 1059.4987543299794, 168.897895491682, -0.0007275957658402848, 0.0], ""message"": ""CONVERGENCE: REL_REDUCTION_OF_F_<=_FACTR*EPSMCH"", ""method"": ""L-BFGS-B"", ""nfev"": 266, ""nit"": 25, ""status"": 0, ""success"": true, ""x"": [0.3149882439057231, 0.9674484130915071, 0.0, 0.0, -3.920346363239727, -20.72326583594641]}, {""fun"": 17797.09627437545, ""jac"": [0.008367351260715144, 0.0025465851521682217, 1059.5034837024286, 168.89898688532412, 0.0, 0.0007275957658402848], ""message"": ""CONVERGENCE: REL_REDUCTION_OF_F_<=_FACTR*EPSMCH"", ""method"": ""L-BFGS-B"", ""nfev"": 455, ""nit"": 50, ""status"": 0, ""success"": true, ""x"": [0.314989391124721, 0.9674477937793508, 0.0, 0.0, -3.919778651809914, -7.318606229460949]}], ""solver_path"": ""general_convolution"", ""uncertified_profiles"": 0}"
foul_leaves_5_team,team-quarter,2016-17,9840,optimization,FTA,1,FOUL;FTM;PERS_FOUL_DRAWN;LOOSE_BALL_FOUL_DRAWN,29,Geom,35640.73020608947,-17797.37957556962,"[0.31547804312305183, 0.9673210744385919, 0.0, 0.0]","{""p"": 0.9821523205906948}",5,True,optimizer_converged_lbfgsb,33,302,2,-19272.920737611177,1475.541162041558,21.361975799954962,"{""binomial_discrete_residual_mean"": null, ""binomial_discrete_residual_variance"": null, ""binomial_h_extension_used"": null, ""binomial_n_candidates"": 0, ""binomial_n_max"": null, ""binomial_n_min"": null, ""binomial_n_policy"": null, ""binomial_n_tie_break"": null, ""certified_profiles"": 1, ""optimizer_powell_attempted"": false, ""optimizer_powell_success"": false, ""optimizer_primary_failed_starts"": 0, ""optimizer_primary_successful_starts"": 2, ""optimizer_results"": [{""fun"": 17876.08520369677, ""jac"": [0.01382431947422502, 0.0076397554565046655, 1066.0682164598256, 170.20429368130863, 0.0], ""message"": ""CONVERGENCE: REL_REDUCTION_OF_F_<=_FACTR*EPSMCH"", ""method"": ""L-BFGS-B"", ""nfev"": 132, ""nit"": 12, ""status"": 0, ""success"": true, ""x"": [0.32096542440575965, 0.9656853266179493, 0.0, 0.0, 20.693786157258817]}, {""fun"": 17797.37957556962, ""jac"": [-0.0236468622585428, -0.018189893944058726, 1059.8734661471099, 168.9775672275573, 0.0007275957658402848], ""message"": ""CONVERGENCE: REL_REDUCTION_OF_F_<=_FACTR*EPSMCH"", ""method"": ""L-BFGS-B"", ""nfev"": 168, ""nit"": 21, ""status"": 0, ""success"": true, ""x"": [0.31547804312305183, 0.9673210744385919, 0.0, 0.0, 4.007872914250246]}], ""solver_path"": ""general_convolution"", ""uncertified_profiles"": 0}"
foul_leaves_5_team,team-quarter,2016-17,9840,optimization,FTA,1,FOUL;FTM;PERS_FOUL_DRAWN;LOOSE_BALL_FOUL_DRAWN,29,Binomial,35639.84228426804,-17796.9356146589,"[0.31467328736844996, 0.9675293890363207, 0.0, 0.0]","{""n"": 2, ""p"": 0.010452837963885781}",5,True,optimizer_converged_lbfgsb,48,392,2,-19040.801853069635,1243.8662384107338,1.3148952000192367,"{""binomial_discrete_residual_mean"": -1.8388104963164515, ""binomial_discrete_residual_variance"": -9.076122304197517, ""binomial_h_extension_used"": true, ""binomial_n_candidates"": 1, ""binomial_n_max"": 2, ""binomial_n_min"": 2, ""binomial_n_policy"": ""paper_H_binomial_discrete_index_continuous_full_mle"", ""binomial_n_tie_break"": ""not_applicable_single_mom_index"", ""certified_profiles"": 1, ""optimizer_powell_attempted"": false, ""optimizer_powell_success"": false, ""optimizer_primary_failed_starts"": 0, ""optimizer_primary_successful_starts"": 2, ""optimizer_results"": [{""fun"": 17796.93561466471, ""jac"": [0.019645085568635555, 0.019645085459583423, 1059.2651960905641, 168.84769138414413, 0.0], ""message"": ""CONVERGENCE: REL_REDUCTION_OF_F_<=_FACTR*EPSMCH"", ""method"": ""L-BFGS-B"", ""nfev"": 222, ""nit"": 24, ""status"": 0, ""success"": true, ""x"": [0.31467317101749165, 0.967529881331979, 0.0, 0.0, -4.550341904653472]}, {""fun"": 17796.9356146589, ""jac"": [0.0018189894045032922, 0.0018189893944058726, 1059.259011526592, 168.846599990502, 0.0], ""message"": ""CONVERGENCE: REL_REDUCTION_OF_F_<=_FACTR*EPSMCH"", ""method"": ""L-BFGS-B"", ""nfev"": 168, ""nit"": 24, ""status"": 0, ""success"": true, ""x"": [0.31467328736844996, 0.9675293890363207, 0.0, 0.0, -4.5503739093667495]}], ""solver_path"": ""general_convolution"", ""uncertified_profiles"": 0}"
foul_leaves_5_team,team-quarter,2016-17,9840,optimization,FTA,1,FOUL;FTM;PERS_FOUL_DRAWN;LOOSE_BALL_FOUL_DRAWN,29,Bernoulli,35639.48777403435,-17796.75835954206,"[0.3142853480249259, 0.9676281042494592, 0.0, 0.0]","{""p"": 0.02222902216993498}",5,True,optimizer_converged_lbfgsb,46,392,2,-19097.841858559033,1301.083499016975,0.8260294999927282,"{""binomial_discrete_residual_mean"": null, ""binomial_discrete_residual_variance"": null, ""binomial_h_extension_used"": null, ""binomial_n_candidates"": 0, ""binomial_n_max"": null, ""binomial_n_min"": null, ""binomial_n_policy"": null, ""binomial_n_tie_break"": null, ""certified_profiles"": 1, ""optimizer_powell_attempted"": false, ""optimizer_powell_success"": false, ""optimizer_primary_failed_starts"": 0, ""optimizer_primary_successful_starts"": 2, ""optimizer_results"": [{""fun"": 17796.75835954206, ""jac"": [-0.0018189894045032922, -0.000727595757762349, 1058.967609424144, 168.78402675502002, 0.0003637978829201424], ""message"": ""CONVERGENCE: REL_REDUCTION_OF_F_<=_FACTR*EPSMCH"", ""method"": ""L-BFGS-B"", ""nfev"": 222, ""nit"": 24, ""status"": 0, ""success"": true, ""x"": [0.3142853480249259, 0.9676281042494592, 0.0, 0.0, -3.783876728562757]}, {""fun"": 17796.75835954625, ""jac"": [-0.0014551915236026337, 0.001455191515524698, 1058.9668818283826, 168.78402675502002, 0.0], ""message"": ""CONVERGENCE: REL_REDUCTION_OF_F_<=_FACTR*EPSMCH"", ""method"": ""L-BFGS-B"", ""nfev"": 168, ""nit"": 22, ""status"": 0, ""success"": true, ""x"": [0.3142848934753458, 0.9676284523066514, 0.0, 0.0, -3.783841251315702]}], ""solver_path"": ""general_convolution"", ""uncertified_profiles"": 0}"
foul_leaves_5_team,team-quarter,2016-17,9840,optimization,FTM,2,,0,Poisson,51293.49152424097,-25642.14865662546,[],"{""lam"": 4.413821138211382}",1,True,analytic_mle,0,1,0,-25642.14865662546,0.0,0.0006569999968633056,"{""binomial_discrete_residual_mean"": null, ""binomial_discrete_residual_variance"": null, ""binomial_h_extension_used"": null, ""binomial_n_candidates"": 0, ""binomial_n_max"": null, ""binomial_n_min"": null, ""binomial_n_policy"": null, ""binomial_n_tie_break"": null, ""certified_profiles"": 1, ""solver_path"": ""analytic_root"", ""uncertified_profiles"": 0}"
foul_leaves_5_team,team-quarter,2016-17,9840,optimization,FTM,2,,0,NB,47980.88254451157,-23981.24706126574,[],"{""p"": 0.4645650403119408, ""r"": 3.8296098475783995}",2,True,optimizer_converged_lbfgsb,14,62,2,-23985.43981815493,4.192756889187876,0.20278009999310598,"{""binomial_discrete_residual_mean"": null, ""binomial_discrete_residual_variance"": null, ""binomial_h_extension_used"": null, ""binomial_n_candidates"": 0, ""binomial_n_max"": null, ""binomial_n_min"": null, ""binomial_n_policy"": null, ""binomial_n_tie_break"": null, ""certified_profiles"": 1, ""optimizer_powell_attempted"": false, ""optimizer_powell_success"": false, ""optimizer_primary_failed_starts"": 0, ""optimizer_primary_successful_starts"": 2, ""optimizer_results"": [{""fun"": 23981.24706126574, ""jac"": [-0.001091393648760427, 0.0], ""message"": ""CONVERGENCE: REL_REDUCTION_OF_F_<=_FACTR*EPSMCH"", ""method"": ""L-BFGS-B"", ""nfev"": 30, ""nit"": 7, ""status"": 0, ""success"": true, ""x"": [1.3427629305307085, -0.14197785469434152]}, {""fun"": 23981.24706126574, ""jac"": [-0.001091393648760427, 0.0], ""message"": ""CONVERGENCE: REL_REDUCTION_OF_F_<=_FACTR*EPSMCH"", ""method"": ""L-BFGS-B"", ""nfev"": 30, ""nit"": 7, ""status"": 0, ""success"": true, ""x"": [1.3427629305307085, -0.14197785469434152]}], ""solver_path"": ""general_convolution"", ""uncertified_profiles"": 0}"
foul_leaves_5_team,team-quarter,2016-17,9840,optimization,FTM,2,,0,ZIP,49805.41825953598,-24893.514918777946,[],"{""lam"": 4.7058013149449955, ""rho"": 0.062046714986635707}",2,True,optimizer_converged_lbfgsb,20,80,2,-26021.292769986037,1127.7778512080913,0.07557169999927282,"{""binomial_discrete_residual_mean"": null, ""binomial_discrete_residual_variance"": null, ""binomial_h_extension_used"": null, ""binomial_n_candidates"": 0, ""binomial_n_max"": null, ""binomial_n_min"": null, ""binomial_n_policy"": null, ""binomial_n_tie_break"": null, ""certified_profiles"": 1, ""optimizer_powell_attempted"": false, ""optimizer_powell_success"": false, ""optimizer_primary_failed_starts"": 0, ""optimizer_primary_successful_starts"": 2, ""optimizer_results"": [{""fun"": 24893.514918777946, ""jac"": [0.0003637978829201424, -0.0014551915316805696], ""message"": ""CONVERGENCE: REL_REDUCTION_OF_F_<=_FACTR*EPSMCH"", ""method"": ""L-BFGS-B"", ""nfev"": 39, ""nit"": 10, ""status"": 0, ""success"": true, ""x"": [1.5487960698952012, -2.7158125761510976]}, {""fun"": 24893.514918777946, ""jac"": [0.0003637978829201424, -0.0014551915316805696], ""message"": ""CONVERGENCE: REL_REDUCTION_OF_F_<=_FACTR*EPSMCH"", ""method"": ""L-BFGS-B"", ""nfev"": 39, ""nit"": 10, ""status"": 0, ""success"": true, ""x"": [1.5487960698952012, -2.7158125761510976]}], ""solver_path"": ""general_convolution"", ""uncertified_profiles"": 0}"
foul_leaves_5_team,team-quarter,2016-17,9840,optimization,FTM,2,,0,Geom,50986.7085164491,-25488.757152729526,[],"{""p"": 0.1847124192821745}",1,True,analytic_mle,0,1,0,-25488.757152729526,0.0,0.00048349995631724596,"{""binomial_discrete_residual_mean"": null, ""binomial_discrete_residual_variance"": null, ""binomial_h_extension_used"": null, ""binomial_n_candidates"": 0, ""binomial_n_max"": null, ""binomial_n_min"": null, ""binomial_n_policy"": null, ""binomial_n_tie_break"": null, ""certified_profiles"": 1, ""solver_path"": ""analytic_root"", ""uncertified_profiles"": 0}"
foul_leaves_5_team,team-quarter,2016-17,9840,optimization,FTM,2,,0,Binomial,51789.87940280722,-25890.342595908587,[],"{""n"": 100, ""p"": 0.04413821138211382}",1,True,analytic_mle,0,1,0,-25890.342595908587,0.0,0.003989000048022717,"{""binomial_discrete_residual_mean"": 4.413821138211382, ""binomial_discrete_residual_variance"": 9.092166699715774, ""binomial_h_extension_used"": true, ""binomial_n_candidates"": 1, ""binomial_n_max"": 100, ""binomial_n_min"": 100, ""binomial_n_policy"": ""paper_H_binomial_discrete_index_continuous_full_mle"", ""binomial_n_tie_break"": ""not_applicable_single_mom_index"", ""certified_profiles"": 1, ""solver_path"": ""analytic_root"", ""uncertified_profiles"": 0}"
foul_leaves_5_team,team-quarter,2016-17,9840,optimization,FTM,2,,0,Bernoulli,inf,-inf,[],{},1,False,infeasible_root_support,0,0,0,-inf,0.0,2.7499976567924023e-05,"{""binomial_discrete_residual_mean"": null, ""binomial_discrete_residual_variance"": null, ""binomial_h_extension_used"": null, ""binomial_n_candidates"": 0, ""binomial_n_max"": null, ""binomial_n_min"": null, ""binomial_n_policy"": null, ""binomial_n_tie_break"": null, ""certified_profiles"": 0, ""solver_path"": ""analytic_root"", ""uncertified_profiles"": 0}"
foul_leaves_5_team,team-quarter,2016-17,9840,optimization,FTM,2,FOUL,1,Poisson,39369.818076867596,-19675.714827443753,[0.9620650244692475],"{""lam"": 0.05727290379854948}",2,True,poisson_convex_mle,27,54,2,-20230.76356141921,555.0487339754582,0.07254139997530729,"{""binomial_discrete_residual_mean"": null, ""binomial_discrete_residual_variance"": null, ""binomial_h_extension_used"": null, ""binomial_n_candidates"": 0, ""binomial_n_max"": null, ""binomial_n_min"": null, ""binomial_n_policy"": null, ""binomial_n_tie_break"": null, ""certified_profiles"": 1, ""optimizer_primary_failed_starts"": 0, ""optimizer_primary_successful_starts"": 2, ""optimizer_results"": [{""fun"": 19675.714827443753, ""jac"": [334.945710556199, 50.28977847317256], ""message"": ""CONVERGENCE: REL_REDUCTION_OF_F_<=_FACTR*EPSMCH"", ""method"": ""L-BFGS-B"", ""nfev"": 44, ""nit"": 23, ""status"": 0, ""success"": true, ""x"": [0.05727290379854948, 0.9620650244692475]}, {""fun"": 19837.783290398424, ""jac"": [-159.95551045011823, -3128.5151474879513], ""message"": ""CONVERGENCE: REL_REDUCTION_OF_F_<=_FACTR*EPSMCH"", ""method"": ""L-BFGS-B"", ""nfev"": 8, ""nit"": 4, ""status"": 0, ""success"": true, ""x"": [0.21080014619677634, 0.8652880659476601]}], ""poisson_canonical_agreement_abs"": 0.0, ""solver_path"": ""poisson_convex"", ""uncertified_profiles"": 0}"
foul_leaves_5_team,team-quarter,2016-17,9840,optimization,FTM,2,FOUL,1,NB,39350.839386978616,-19661.62837700424,[0.9711755524527447],"{""p"": 0.7522534306956968, ""r"": 0.027586633759125317}",3,True,optimizer_converged_lbfgsb,34,230,2,-20428.62450888331,766.9961318790702,0.8729189999867231,"{""binomial_discrete_residual_mean"": null, ""binomial_discrete_residual_variance"": null, ""binomial_h_extension_used"": null, ""binomial_n_candidates"": 0, ""binomial_n_max"": null, ""binomial_n_min"": null, ""binomial_n_policy"": null, ""binomial_n_tie_break"": null, ""certified_profiles"": 1, ""optimizer_powell_attempted"": false, ""optimizer_powell_success"": false, ""optimizer_primary_failed_starts"": 0, ""optimizer_primary_successful_starts"": 2, ""optimizer_results"": [{""fun"": 19666.04428813962, ""jac"": [-0.005456968183217618, 0.0360159904090941, 0.02764863910193082], ""message"": ""CONVERGENCE: REL_REDUCTION_OF_F_<=_FACTR*EPSMCH"", ""method"": ""L-BFGS-B"", ""nfev"": 76, ""nit"": 16, ""status"": 0, ""success"": true, ""x"": [0.9699217101794451, 3.3194597314004803, 7.534666917673989]}, {""fun"": 19661.62837700424, ""jac"": [-0.003274180909930571, 0.0, 0.002182787297520854], ""message"": ""CONVERGENCE: REL_REDUCTION_OF_F_<=_FACTR*EPSMCH"", ""method"": ""L-BFGS-B"", ""nfev"": 152, ""nit"": 18, ""status"": 0, ""success"": true, ""x"": [0.9711755524527447, -3.5904239076521085, 1.1106669503741977]}], ""solver_path"": ""general_convolution"", ""uncertified_profiles"": 0}"
foul_leaves_5_team,team-quarter,2016-17,9840,optimization,FTM,2,FOUL,1,ZIP,39349.99450379016,-19661.205935410013,[0.9711891209645922],"{""lam"": 0.373482377611072, ""rho"": 0.9758314209349933}",3,True,optimizer_converged_lbfgsb,41,198,2,-20603.664461576318,942.4585261663051,0.2338119000196457,"{""binomial_discrete_residual_mean"": null, ""binomial_discrete_residual_variance"": null, ""binomial_h_extension_used"": null, ""binomial_n_candidates"": 0, ""binomial_n_max"": null, ""binomial_n_min"": null, ""binomial_n_policy"": null, ""binomial_n_tie_break"": null, ""certified_profiles"": 1, ""optimizer_powell_attempted"": false, ""optimizer_powell_success"": false, ""optimizer_primary_failed_starts"": 0, ""optimizer_primary_successful_starts"": 2, ""optimizer_results"": [{""fun"": 19666.111189513325, ""jac"": [-0.0003637978788811745, -0.0003637978829201424, -0.00036379785060840214], ""message"": ""CONVERGENCE: REL_REDUCTION_OF_F_<=_FACTR*EPSMCH"", ""method"": ""L-BFGS-B"", ""nfev"": 80, ""nit"": 16, ""status"": 0, ""success"": true, ""x"": [0.9699042958768707, -4.209635790154302, -20.72326583594641]}, {""fun"": 19661.205935410013, ""jac"": [0.021464074853989296, 0.000727595757762349, 0.0007275957658402848], ""message"": ""CONVERGENCE: REL_REDUCTION_OF_F_<=_FACTR*EPSMCH"", ""method"": ""L-BFGS-B"", ""nfev"": 116, ""nit"": 25, ""status"": 0, ""success"": true, ""x"": [0.9711891209645922, -0.9848844572865576, 3.698236443256632]}], ""solver_path"": ""general_convolution"", ""uncertified_profiles"": 0}"
foul_leaves_5_team,team-quarter,2016-17,9840,optimization,FTM,2,FOUL,1,Geom,39348.06143570005,-19664.83650685998,[0.9699710487173957],"{""p"": 0.9856705162915554}",2,True,optimizer_converged_lbfgsb,20,119,2,-20282.429618270893,617.5931114109117,10.250210199970752,"{""binomial_discrete_residual_mean"": null, ""binomial_discrete_residual_variance"": null, ""binomial_h_extension_used"": null, ""binomial_n_candidates"": 0, ""binomial_n_max"": null, ""binomial_n_min"": null, ""binomial_n_policy"": null, ""binomial_n_tie_break"": null, ""certified_profiles"": 1, ""optimizer_powell_attempted"": false, ""optimizer_powell_success"": false, ""optimizer_primary_failed_starts"": 0, ""optimizer_primary_successful_starts"": 2, ""optimizer_results"": [{""fun"": 19754.303338058857, ""jac"": [0.5558831589304347, 73.48425544009237], ""message"": ""CONVERGENCE: REL_REDUCTION_OF_F_<=_FACTR*EPSMCH"", ""method"": ""L-BFGS-B"", ""nfev"": 63, ""nit"": 5, ""status"": 0, ""success"": true, ""x"": [0.9730565458491435, 20.128285180919576]}, {""fun"": 19664.83650685998, ""jac"": [-0.11350493821092646, -0.005820766126722278], ""message"": ""CONVERGENCE: REL_REDUCTION_OF_F_<=_FACTR*EPSMCH"", ""method"": ""L-BFGS-B"", ""nfev"": 54, ""nit"": 15, ""status"": 0, ""success"": true, ""x"": [0.9699710487173957, 4.231002924310781]}], ""solver_path"": ""general_convolution"", ""uncertified_profiles"": 0}"
foul_leaves_5_team,team-quarter,2016-17,9840,optimization,FTM,2,FOUL,1,Binomial,39353.26919062074,-19667.440384320325,[0.9698671319568436],"{""n"": 2, ""p"": 0.007509972796915968}",2,True,optimizer_converged_lbfgsb,33,155,2,-20312.06981329684,644.6294289765137,0.43383039999753237,"{""binomial_discrete_residual_mean"": -0.9400748901435341, ""binomial_discrete_residual_variance"": -1.9363596372006677, ""binomial_h_extension_used"": true, ""binomial_n_candidates"": 1, ""binomial_n_max"": 2, ""binomial_n_min"": 2, ""binomial_n_policy"": ""paper_H_binomial_discrete_index_continuous_full_mle"", ""binomial_n_tie_break"": ""not_applicable_single_mom_index"", ""certified_profiles"": 1, ""optimizer_powell_attempted"": false, ""optimizer_powell_success"": false, ""optimizer_primary_failed_starts"": 0, ""optimizer_primary_successful_starts"": 2, ""optimizer_results"": [{""fun"": 19667.440384320325, ""jac"": [-0.003274180909930571, 0.0], ""message"": ""CONVERGENCE: REL_REDUCTION_OF_F_<=_FACTR*EPSMCH"", ""method"": ""L-BFGS-B"", ""nfev"": 99, ""nit"": 18, ""status"": 0, ""success"": true, ""x"": [0.9698671319568436, -4.883985120831484]}, {""fun"": 19667.440384323327, ""jac"": [0.0003637978788811745, 0.0003637978829201424], ""message"": ""CONVERGENCE: REL_REDUCTION_OF_F_<=_FACTR*EPSMCH"", ""method"": ""L-BFGS-B"", ""nfev"": 54, ""nit"": 15, ""status"": 0, ""success"": true, ""x"": [0.9698671108998964, -4.883954736508965]}], ""solver_path"": ""general_convolution"", ""uncertified_profiles"": 0}"
foul_leaves_5_team,team-quarter,2016-17,9840,optimization,FTM,2,FOUL,1,Bernoulli,inf,-inf,[],{},2,False,infeasible_conditional_support,0,0,0,-inf,0.0,7.950002327561378e-05,"{""binomial_discrete_residual_mean"": null, ""binomial_discrete_residual_variance"": null, ""binomial_h_extension_used"": null, ""binomial_n_candidates"": 0, ""binomial_n_max"": null, ""binomial_n_min"": null, ""binomial_n_policy"": null, ""binomial_n_tie_break"": null, ""certified_profiles"": 0, ""solver_path"": ""conditional_support_check"", ""support_violating_rows"": 2, ""uncertified_profiles"": 0}"
foul_leaves_5_team,team-quarter,2016-17,9840,optimization,FTM,2,FTA,2,Poisson,32472.387765849675,-16226.999671934791,[0.7718362920953207],"{""lam"": 0.0}",2,True,poisson_convex_mle,13,19,2,-16227.947830017452,0.9481580826613936,0.030558299971744418,"{""binomial_discrete_residual_mean"": null, ""binomial_discrete_residual_variance"": null, ""binomial_h_extension_used"": null, ""binomial_n_candidates"": 0, ""binomial_n_max"": null, ""binomial_n_min"": null, ""binomial_n_policy"": null, ""binomial_n_tie_break"": null, ""certified_profiles"": 1, ""optimizer_primary_failed_starts"": 0, ""optimizer_primary_successful_starts"": 2, ""optimizer_results"": [{""fun"": 16226.999671934795, ""jac"": [507.03824964273787, 0.000324749527088386], ""message"": ""CONVERGENCE: REL_REDUCTION_OF_F_<=_FACTR*EPSMCH"", ""method"": ""L-BFGS-B"", ""nfev"": 5, ""nit"": 3, ""status"": 0, ""success"": true, ""x"": [0.0, 0.7718362966830778]}, {""fun"": 16226.999671934791, ""jac"": [507.0381941680842, -9.722540054379891e-06], ""message"": ""CONVERGENCE: REL_REDUCTION_OF_F_<=_FACTR*EPSMCH"", ""method"": ""L-BFGS-B"", ""nfev"": 12, ""nit"": 10, ""status"": 0, ""success"": true, ""x"": [0.0, 0.7718362920953207]}], ""poisson_canonical_agreement_abs"": 0.0, ""solver_path"": ""poisson_convex"", ""uncertified_profiles"": 0}"
foul_leaves_5_team,team-quarter,2016-17,9840,optimization,FTM,2,FTA,2,NB,32481.581982773965,-16226.999674901914,[0.771834739890744],"{""p"": 0.9999940963117221, ""r"": 0.000961622516462947}",3,True,optimizer_converged_lbfgsb,54,354,2,-16227.947846672614,0.9481717707003554,1.2922358000068925,"{""binomial_discrete_residual_mean"": null, ""binomial_discrete_residual_variance"": null, ""binomial_h_extension_used"": null, ""binomial_n_candidates"": 0, ""binomial_n_max"": null, ""binomial_n_min"": null, ""binomial_n_policy"": null, ""binomial_n_tie_break"": null, ""certified_profiles"": 1, ""optimizer_powell_attempted"": false, ""optimizer_powell_success"": false, ""optimizer_primary_failed_starts"": 0, ""optimizer_primary_successful_starts"": 2, ""optimizer_results"": [{""fun"": 16227.00025185702, ""jac"": [-0.21227606232716534, 0.0, 0.0009094946265210054], ""message"": ""CONVERGENCE: REL_REDUCTION_OF_F_<=_FACTR*EPSMCH"", ""method"": ""L-BFGS-B"", ""nfev"": 184, ""nit"": 28, ""status"": 0, ""success"": true, ""x"": [0.7718331684235965, 1.5253152888962176, 15.207061109092919]}, {""fun"": 16226.999674901914, ""jac"": [-0.11223164563484234, -0.13187673255855162, 0.0005456967759126033], ""message"": ""CONVERGENCE: REL_REDUCTION_OF_F_<=_FACTR*EPSMCH"", ""method"": ""L-BFGS-B"", ""nfev"": 168, ""nit"": 26, ""status"": 0, ""success"": true, ""x"": [0.771834739890744, -6.946888578834607, 12.039927366800352]}], ""solver_path"": ""general_convolution"", ""uncertified_profiles"": 0}"
foul_leaves_5_team,team-quarter,2016-17,9840,optimization,FTM,2,FTA,2,ZIP,32481.58216487897,-16226.999765954417,[0.7718362258212564],"{""lam"": 1.8542895062751458e-07, ""rho"": 1.0006597553048344e-09}",3,True,optimizer_converged_lbfgsb,54,302,2,-16227.94783001651,0.9480640620931808,0.3387242999742739,"{""binomial_discrete_residual_mean"": null, ""binomial_discrete_residual_variance"": null, ""binomial_h_extension_used"": null, ""binomial_n_candidates"": 0, ""binomial_n_max"": null, ""binomial_n_min"": null, ""binomial_n_policy"": null, ""binomial_n_tie_break"": null, ""certified_profiles"": 1, ""optimizer_powell_attempted"": false, ""optimizer_powell_success"": false, ""optimizer_primary_failed_starts"": 0, ""optimizer_primary_successful_starts"": 2, ""optimizer_results"": [{""fun"": 16226.999765954417, ""jac"": [-0.0021827872732870473, 0.0, 0.0], ""message"": ""CONVERGENCE: REL_REDUCTION_OF_F_<=_FACTR*EPSMCH"", ""method"": ""L-BFGS-B"", ""nfev"": 120, ""nit"": 25, ""status"": 0, ""success"": true, ""x"": [0.7718362258212564, -15.500594043753184, -20.72260629818377]}, {""fun"": 16226.999833772776, ""jac"": [-0.22464519020912527, 0.00018189892530420107, -0.00018189893944058725], ""message"": ""CONVERGENCE: REL_REDUCTION_OF_F_<=_FACTR*EPSMCH"", ""method"": ""L-BFGS-B"", ""nfev"": 180, ""nit"": 29, ""status"": 0, ""success"": true, ""x"": [0.7718331550016793, -13.940920636531262, 0.570791225529141]}], ""solver_path"": ""general_convolution"", ""uncertified_profiles"": 0}"
foul_leaves_5_team,team-quarter,2016-17,9840,optimization,FTM,2,FTA,2,Geom,32472.387815565926,-16226.999696792916,[0.7718362775187481],"{""p"": 0.999999950973868}",2,True,optimizer_converged_lbfgsb,58,338,2,-16227.950935716886,0.9512389239698678,48.338197999983095,"{""binomial_discrete_residual_mean"": null, ""binomial_discrete_residual_variance"": null, ""binomial_h_extension_used"": null, ""binomial_n_candidates"": 0, ""binomial_n_max"": null, ""binomial_n_min"": null, ""binomial_n_policy"": null, ""binomial_n_tie_break"": null, ""certified_profiles"": 1, ""optimizer_powell_attempted"": false, ""optimizer_powell_success"": false, ""optimizer_primary_failed_starts"": 0, ""optimizer_primary_successful_starts"": 2, ""optimizer_results"": [{""fun"": 16226.999696792916, ""jac"": [0.00018189893944058725, 0.0], ""message"": ""CONVERGENCE: REL_REDUCTION_OF_F_<=_FACTR*EPSMCH"", ""method"": ""L-BFGS-B"", ""nfev"": 207, ""nit"": 26, ""status"": 0, ""success"": true, ""x"": [0.7718362775187481, 16.830912325022815]}, {""fun"": 16226.999758837812, ""jac"": [-0.00018189893944058725, 0.0], ""message"": ""CONVERGENCE: REL_REDUCTION_OF_F_<=_FACTR*EPSMCH"", ""method"": ""L-BFGS-B"", ""nfev"": 129, ""nit"": 32, ""status"": 0, ""success"": true, ""x"": [0.7718362530052801, 15.579304617777714]}], ""solver_path"": ""general_convolution"", ""uncertified_profiles"": 0}"
foul_leaves_5_team,team-quarter,2016-17,9840,optimization,FTM,2,FTA,2,Binomial,32472.387895541462,-16226.999736780685,[0.771836265188075],"{""n"": 2, ""p"": 6.394576461943766e-08}",2,True,optimizer_converged_lbfgsb,58,215,2,-16227.946275025834,0.9465382451489859,0.6822968000196852,"{""binomial_discrete_residual_mean"": 0.0018664314755474365, ""binomial_discrete_residual_variance"": -3.2868722110399418, ""binomial_h_extension_used"": true, ""binomial_n_candidates"": 1, ""binomial_n_max"": 2, ""binomial_n_min"": 2, ""binomial_n_policy"": ""paper_H_binomial_discrete_index_continuous_full_mle"", ""binomial_n_tie_break"": ""not_applicable_single_mom_index"", ""certified_profiles"": 1, ""optimizer_powell_attempted"": false, ""optimizer_powell_success"": false, ""optimizer_primary_failed_starts"": 0, ""optimizer_primary_successful_starts"": 2, ""optimizer_results"": [{""fun"": 16226.999736780685, ""jac"": [0.00018189893944058725, 0.0], ""message"": ""CONVERGENCE: REL_REDUCTION_OF_F_<=_FACTR*EPSMCH"", ""method"": ""L-BFGS-B"", ""nfev"": 114, ""nit"": 29, ""status"": 0, ""success"": true, ""x"": [0.771836265188075, -16.5652304767322]}, {""fun"": 16227.000153728171, ""jac"": [-0.26884663249318796, 0.00036379785060840214], ""message"": ""CONVERGENCE: REL_REDUCTION_OF_F_<=_FACTR*EPSMCH"", ""method"": ""L-BFGS-B"", ""nfev"": 99, ""nit"": 29, ""status"": 0, ""success"": true, ""x"": [0.7718324434945577, -14.560759839244716]}], ""solver_path"": ""general_convolution"", ""uncertified_profiles"": 0}"
foul_leaves_5_team,team-quarter,2016-17,9840,optimization,FTM,2,FTA,2,Bernoulli,32472.387802390545,-16226.999690205226,[0.7718362378143823],"{""p"": 3.6033477994826815e-08}",2,True,optimizer_converged_lbfgsb,61,215,2,-16227.94471860624,0.9450284010144969,0.5290793000021949,"{""binomial_discrete_residual_mean"": null, ""binomial_discrete_residual_variance"": null, ""binomial_h_extension_used"": null, ""binomial_n_candidates"": 0, ""binomial_n_max"": null, ""binomial_n_min"": null, ""binomial_n_policy"": null, ""binomial_n_tie_break"": null, ""certified_profiles"": 1, ""optimizer_powell_attempted"": false, ""optimizer_powell_success"": false, ""optimizer_primary_failed_starts"": 0, ""optimizer_primary_successful_starts"": 2, ""optimizer_results"": [{""fun"": 16226.99980180978, ""jac"": [-0.046566128496790336, 0.0], ""message"": ""CONVERGENCE: REL_REDUCTION_OF_F_<=_FACTR*EPSMCH"", ""method"": ""L-BFGS-B"", ""nfev"": 81, ""nit"": 23, ""status"": 0, ""success"": true, ""x"": [0.7718356096042931, -15.177639122269404]}, {""fun"": 16226.999690205226, ""jac"": [-0.0030922819704899836, 0.00018189892530420107], ""message"": ""CONVERGENCE: REL_REDUCTION_OF_F_<=_FACTR*EPSMCH"", ""method"": ""L-BFGS-B"", ""nfev"": 132, ""nit"": 38, ""status"": 0, ""success"": true, ""x"": [0.7718362378143823, -17.138817350286395]}], ""solver_path"": ""general_convolution"", ""uncertified_profiles"": 0}"
foul_leaves_5_team,team-quarter,2016-17,9840,optimization,FTM,2,FOUL;FTA,3,Poisson,32481.581976839712,-16226.999671934787,"[0.0, 0.7718362922442796]","{""lam"": 0.0}",3,True,poisson_convex_mle,11,17,2,-16234.322477757616,7.322805822828741,0.02644799998961389,"{""binomial_discrete_residual_mean"": null, ""binomial_discrete_residual_variance"": null, ""binomial_h_extension_used"": null, ""binomial_n_candidates"": 0, ""binomial_n_max"": null, ""binomial_n_min"": null, ""binomial_n_policy"": null, ""binomial_n_tie_break"": null, ""certified_profiles"": 1, ""optimizer_primary_failed_starts"": 0, ""optimizer_primary_successful_starts"": 2, ""optimizer_results"": [{""fun"": 16234.322477757616, ""jac"": [676.3440198864581, 1832.347580482615, 1020.7914945020068], ""message"": ""CONVERGENCE: REL_REDUCTION_OF_F_<=_FACTR*EPSMCH"", ""method"": ""L-BFGS-B"", ""nfev"": 3, ""nit"": 1, ""status"": 0, ""success"": true, ""x"": [0.0, 0.0, 0.7860965808966686]}, {""fun"": 16226.999671934787, ""jac"": [507.03819596926064, 1041.6454290150712, 1.1373605985909307e-06], ""message"": ""CONVERGENCE: REL_REDUCTION_OF_F_<=_FACTR*EPSMCH"", ""method"": ""L-BFGS-B"", ""nfev"": 12, ""nit"": 10, ""status"": 0, ""success"": true, ""x"": [0.0, 0.0, 0.7718362922442796]}], ""poisson_canonical_agreement_abs"": 0.0, ""solver_path"": ""poisson_convex"", ""uncertified_profiles"": 0}"
foul_leaves_5_team,team-quarter,2016-17,9840,optimization,FTM,2,FOUL;FTA,3,NB,32490.782018624814,-16227.002587332314,"[0.0, 0.7718473877205221]","{""p"": 0.9994396820151145, ""r"": 0.010227255437349361}",4,True,optimizer_converged_lbfgsb,28,242,2,-16234.329241429314,7.326654096999846,0.9280052999965847,"{""binomial_discrete_residual_mean"": null, ""binomial_discrete_residual_variance"": null, ""binomial_h_extension_used"": null, ""binomial_n_candidates"": 0, ""binomial_n_max"": null, ""binomial_n_min"": null, ""binomial_n_policy"": null, ""binomial_n_tie_break"": null, ""certified_profiles"": 1, ""optimizer_powell_attempted"": false, ""optimizer_powell_success"": false, ""optimizer_primary_failed_starts"": 0, ""optimizer_primary_successful_starts"": 2, ""optimizer_results"": [{""fun"": 16227.004741347117, ""jac"": [1041.6386430733837, -0.033651303796508644, 0.005456968210640395, -0.0063664623856470376], ""message"": ""CONVERGENCE: REL_REDUCTION_OF_F_<=_FACTR*EPSMCH"", ""method"": ""L-BFGS-B"", ""nfev"": 50, ""nit"": 4, ""status"": 0, ""success"": true, ""x"": [0.0, 0.7718341641560517, -0.00010936795124553922, 11.513036730453067]}, {""fun"": 16227.002587332314, ""jac"": [1042.3367712064646, 0.8785718774980364, 0.009094947073003559, -0.0036379788292014237], ""message"": ""CONVERGENCE: REL_REDUCTION_OF_F_<=_FACTR*EPSMCH"", ""method"": ""L-BFGS-B"", ""nfev"": 190, ""nit"": 24, ""status"": 0, ""success"": true, ""x"": [0.0, 0.7718473877205221, -4.5826990207077465, 7.486445630215384]}], ""solver_path"": ""general_convolution"", ""uncertified_profiles"": 0}"
foul_leaves_5_team,team-quarter,2016-17,9840,optimization,FTM,2,FOUL;FTA,3,ZIP,32490.776187931173,-16226.999671985493,"[0.0, 0.771836289756319]","{""lam"": 9.999999999999996e-11, ""rho"": 1.0000000000000007e-09}",4,True,optimizer_converged_lbfgsb,32,197,2,-16234.322477825246,7.322805839752618,0.2555020999861881,"{""binomial_discrete_residual_mean"": null, ""binomial_discrete_residual_variance"": null, ""binomial_h_extension_used"": null, ""binomial_n_candidates"": 0, ""binomial_n_max"": null, ""binomial_n_min"": null, ""binomial_n_policy"": null, ""binomial_n_tie_break"": null, ""certified_profiles"": 1, ""optimizer_powell_attempted"": false, ""optimizer_powell_success"": false, ""optimizer_primary_failed_starts"": 0, ""optimizer_primary_successful_starts"": 2, ""optimizer_results"": [{""fun"": 16226.999671985493, ""jac"": [1041.6455552331172, 0.0003637978788811745, 0.0, 0.0], ""message"": ""CONVERGENCE: REL_REDUCTION_OF_F_<=_FACTR*EPSMCH"", ""method"": ""L-BFGS-B"", ""nfev"": 35, ""nit"": 4, ""status"": 0, ""success"": true, ""x"": [0.0, 0.771836289756319, -23.025850929940457, -20.72326583594641]}, {""fun"": 16226.999751470075, ""jac"": [1041.6513759992085, 0.00727595757762349, 0.0, -0.0001818989404503292], ""message"": ""CONVERGENCE: REL_REDUCTION_OF_F_<=_FACTR*EPSMCH"", ""method"": ""L-BFGS-B"", ""nfev"": 160, ""nit"": 28, ""status"": 0, ""success"": true, ""x"": [0.0, 0.7718363632357712, -15.09294733860867, -0.25225328543268044]}], ""solver_path"": ""general_convolution"", ""uncertified_profiles"": 0}"
foul_leaves_5_team,team-quarter,2016-17,9840,optimization,FTM,2,FOUL;FTA,3,Geom,32481.5819778538,-16226.99967244183,"[0.0, 0.7718362855096716]","{""p"": 0.9999999989999999}",3,True,optimizer_converged_lbfgsb,34,170,2,-16234.322478433958,7.322805992127542,18.279629399999976,"{""binomial_discrete_residual_mean"": null, ""binomial_discrete_residual_variance"": null, ""binomial_h_extension_used"": null, ""binomial_n_candidates"": 0, ""binomial_n_max"": null, ""binomial_n_min"": null, ""binomial_n_policy"": null, ""binomial_n_tie_break"": null, ""certified_profiles"": 1, ""optimizer_powell_attempted"": false, ""optimizer_powell_success"": false, ""optimizer_primary_failed_starts"": 0, ""optimizer_primary_successful_starts"": 2, ""optimizer_results"": [{""fun"": 16226.99967244183, ""jac"": [1041.6453733341768, 0.0, 0.0], ""message"": ""CONVERGENCE: NORM_OF_PROJECTED_GRADIENT_<=_PGTOL"", ""method"": ""L-BFGS-B"", ""nfev"": 28, ""nit"": 4, ""status"": 0, ""success"": true, ""x"": [0.0, 0.7718362855096716, 20.723265864228342]}, {""fun"": 16226.999686599738, ""jac"": [1041.615178110078, -0.039290170919166846, 0.0], ""message"": ""CONVERGENCE: REL_REDUCTION_OF_F_<=_FACTR*EPSMCH"", ""method"": ""L-BFGS-B"", ""nfev"": 140, ""nit"": 30, ""status"": 0, ""success"": true, ""x"": [0.0, 0.7718357405268457, 17.35938052156974]}], ""solver_path"": ""general_convolution"", ""uncertified_profiles"": 0}"
foul_leaves_5_team,team-quarter,2016-17,9840,optimization,FTM,2,FOUL;FTA,3,Binomial,32481.58197886788,-16226.99967294887,"[0.0, 0.7718362887377113]","{""n"": 2, ""p"": 1.0000000000000007e-09}",3,True,optimizer_converged_lbfgsb,36,178,2,-16234.322479110304,7.322806161433618,0.5216727000079118,"{""binomial_discrete_residual_mean"": -0.08154885199557249, ""binomial_discrete_residual_variance"": -3.6743971648849723, ""binomial_h_extension_used"": true, ""binomial_n_candidates"": 1, ""binomial_n_max"": 2, ""binomial_n_min"": 2, ""binomial_n_policy"": ""paper_H_binomial_discrete_index_continuous_full_mle"", ""binomial_n_tie_break"": ""not_applicable_single_mom_index"", ""certified_profiles"": 1, ""optimizer_powell_attempted"": false, ""optimizer_powell_success"": false, ""optimizer_primary_failed_starts"": 0, ""optimizer_primary_successful_starts"": 2, ""optimizer_results"": [{""fun"": 16226.99967294887, ""jac"": [1041.6453733341768, -0.0003637978788811745, 0.0], ""message"": ""CONVERGENCE: REL_REDUCTION_OF_F_<=_FACTR*EPSMCH"", ""method"": ""L-BFGS-B"", ""nfev"": 28, ""nit"": 4, ""status"": 0, ""success"": true, ""x"": [0.0, 0.7718362887377113, -20.72326583594641]}, {""fun"": 16226.999680704863, ""jac"": [1041.643372445833, -0.0025465851521682217, 0.00018189892530420107], ""message"": ""CONVERGENCE: REL_REDUCTION_OF_F_<=_FACTR*EPSMCH"", ""method"": ""L-BFGS-B"", ""nfev"": 148, ""nit"": 32, ""status"": 0, ""success"": true, ""x"": [0.0, 0.7718362514068395, -18.56590535223249]}], ""solver_path"": ""general_convolution"", ""uncertified_profiles"": 0}"
foul_leaves_5_team,team-quarter,2016-17,9840,optimization,FTM,2,FOUL;FTA,3,Bernoulli,32481.5819778538,-16226.99967244183,"[0.0, 0.7718362956015331]","{""p"": 1.0000000000000007e-09}",3,True,optimizer_converged_lbfgsb,40,202,2,-16234.322478433962,7.32280599213118,0.41493759996956214,"{""binomial_discrete_residual_mean"": null, ""binomial_discrete_residual_variance"": null, ""binomial_h_extension_used"": null, ""binomial_n_candidates"": 0, ""binomial_n_max"": null, ""binomial_n_min"": null, ""binomial_n_policy"": null, ""binomial_n_tie_break"": null, ""certified_profiles"": 1, ""optimizer_powell_attempted"": false, ""optimizer_powell_success"": false, ""optimizer_primary_failed_starts"": 0, ""optimizer_primary_successful_starts"": 2, ""optimizer_results"": [{""fun"": 16226.99967244183, ""jac"": [1041.6461009299383, 0.0005456968183217618, 0.0], ""message"": ""CONVERGENCE: REL_REDUCTION_OF_F_<=_FACTR*EPSMCH"", ""method"": ""L-BFGS-B"", ""nfev"": 32, ""nit"": 4, ""status"": 0, ""success"": true, ""x"": [0.0, 0.7718362956015331, -20.72326583594641]}, {""fun"": 16226.999749097551, ""jac"": [1041.6493751108646, 0.004911271364895856, 0.00018189892530420107], ""message"": ""CONVERGENCE: REL_REDUCTION_OF_F_<=_FACTR*EPSMCH"", ""method"": ""L-BFGS-B"", ""nfev"": 168, ""nit"": 36, ""status"": 0, ""success"": true, ""x"": [0.0, 0.7718363275942156, -15.698181414142738]}], ""solver_path"": ""general_convolution"", ""uncertified_profiles"": 0}"
foul_leaves_5_team,team-quarter,2016-17,9840,optimization,FTM,2,PERS_FOUL_DRAWN,8,Poisson,50045.161235893065,-25013.386406956488,[0.5224988376714024],"{""lam"": 3.5126168093402708}",2,True,poisson_convex_mle,11,17,2,-25024.280556516427,10.894149559939251,0.027836899971589446,"{""binomial_discrete_residual_mean"": null, ""binomial_discrete_residual_variance"": null, ""binomial_h_extension_used"": null, ""binomial_n_candidates"": 0, ""binomial_n_max"": null, ""binomial_n_min"": null, ""binomial_n_policy"": null, ""binomial_n_tie_break"": null, ""certified_profiles"": 1, ""optimizer_primary_failed_starts"": 0, ""optimizer_primary_successful_starts"": 2, ""optimizer_results"": [{""fun"": 25013.386406956488, ""jac"": [-9.84148081331071e-05, 4.317869638459371e-05], ""message"": ""CONVERGENCE: REL_REDUCTION_OF_F_<=_FACTR*EPSMCH"", ""method"": ""L-BFGS-B"", ""nfev"": 7, ""nit"": 5, ""status"": 0, ""success"": true, ""x"": [3.5126168093402708, 0.5224988376714024]}, {""fun"": 25013.386406957008, ""jac"": [-0.0012283645689807887, -0.0005500293786240285], ""message"": ""CONVERGENCE: REL_REDUCTION_OF_F_<=_FACTR*EPSMCH"", ""method"": ""L-BFGS-B"", ""nfev"": 8, ""nit"": 6, ""status"": 0, ""success"": true, ""x"": [3.512615925884558, 0.5224990977570791]}], ""poisson_canonical_agreement_abs"": 0.0, ""solver_path"": ""poisson_convex"", ""uncertified_profiles"": 0}"
foul_leaves_5_team,team-quarter,2016-17,9840,optimization,FTM,2,PERS_FOUL_DRAWN,8,NB,47599.160670896184,-23785.789018963023,[0.42238656379607264],"{""p"": 0.46260201753166347, ""r"": 3.1723654932098784}",3,True,optimizer_converged_lbfgsb,19,98,2,-23787.447462418884,1.6584434558608336,0.3924476000247523,"{""binomial_discrete_residual_mean"": null, ""binomial_discrete_residual_variance"": null, ""binomial_h_extension_used"": null, ""binomial_n_candidates"": 0, ""binomial_n_max"": null, ""binomial_n_min"": null, ""binomial_n_policy"": null, ""binomial_n_tie_break"": null, ""certified_profiles"": 1, ""optimizer_powell_attempted"": false, ""optimizer_powell_success"": false, ""optimizer_primary_failed_starts"": 0, ""optimizer_primary_successful_starts"": 2, ""optimizer_results"": [{""fun"": 23785.789018963023, ""jac"": [0.0003637978809006584, 0.0, -0.0014551915236026337], ""message"": ""CONVERGENCE: REL_REDUCTION_OF_F_<=_FACTR*EPSMCH"", ""method"": ""L-BFGS-B"", ""nfev"": 48, ""nit"": 9, ""status"": 0, ""success"": true, ""x"": [0.42238656379607264, 1.154477521980214, -0.14987183085312736]}, {""fun"": 23785.789018965104, ""jac"": [0.0003637978809006584, -0.001091393648760427, -0.0003637978809006584], ""message"": ""CONVERGENCE: REL_REDUCTION_OF_F_<=_FACTR*EPSMCH"", ""method"": ""L-BFGS-B"", ""nfev"": 48, ""nit"": 10, ""status"": 0, ""success"": true, ""x"": [0.42238688810168595, 1.1544760615711531, -0.1498731030690268]}], ""solver_path"": ""general_convolution"", ""uncertified_profiles"": 0}"
foul_leaves_5_team,team-quarter,2016-17,9840,optimization,FTM,2,PERS_FOUL_DRAWN,8,ZIP,48099.77264414662,-24036.095005588242,[0.6315166183159724],"{""lam"": 4.037716271622637, ""rho"": 0.17661791882600927}",3,True,optimizer_converged_lbfgsb,21,102,2,-24245.405887199282,209.3108816110398,0.13764659996377304,"{""binomial_discrete_residual_mean"": null, ""binomial_discrete_residual_variance"": null, ""binomial_h_extension_used"": null, ""binomial_n_candidates"": 0, ""binomial_n_max"": null, ""binomial_n_min"": null, ""binomial_n_policy"": null, ""binomial_n_tie_break"": null, ""certified_profiles"": 1, ""optimizer_powell_attempted"": false, ""optimizer_powell_success"": false, ""optimizer_primary_failed_starts"": 0, ""optimizer_primary_successful_starts"": 2, ""optimizer_results"": [{""fun"": 24036.095005588242, ""jac"": [0.0, -0.0014551915316805696, 0.0], ""message"": ""CONVERGENCE: REL_REDUCTION_OF_F_<=_FACTR*EPSMCH"", ""method"": ""L-BFGS-B"", ""nfev"": 48, ""nit"": 10, ""status"": 0, ""success"": true, ""x"": [0.6315166183159724, 1.3956792528411515, -1.539431598476312]}, {""fun"": 24036.095005588653, ""jac"": [-0.0003637978788811745, 0.001091393648760427, -0.0007275957658402848], ""message"": ""CONVERGENCE: REL_REDUCTION_OF_F_<=_FACTR*EPSMCH"", ""method"": ""L-BFGS-B"", ""nfev"": 52, ""nit"": 11, ""status"": 0, ""success"": true, ""x"": [0.6315160291474226, 1.395679468864169, -1.5394327701629864]}], ""solver_path"": ""general_convolution"", ""uncertified_profiles"": 0}"
foul_leaves_5_team,team-quarter,2016-17,9840,optimization,FTM,2,PERS_FOUL_DRAWN,8,Geom,48747.227979279254,-24364.419778649582,[0.8264300605396594],"{""p"": 0.2507272784650445}",2,True,optimizer_converged_lbfgsb,11,47,2,-24463.09763201446,98.67785336487577,0.08601730002555996,"{""binomial_discrete_residual_mean"": null, ""binomial_discrete_residual_variance"": null, ""binomial_h_extension_used"": null, ""binomial_n_candidates"": 0, ""binomial_n_max"": null, ""binomial_n_min"": null, ""binomial_n_policy"": null, ""binomial_n_tie_break"": null, ""certified_profiles"": 1, ""optimizer_powell_attempted"": false, ""optimizer_powell_success"": false, ""optimizer_primary_failed_starts"": 0, ""optimizer_primary_successful_starts"": 2, ""optimizer_results"": [{""fun"": 24364.419778649582, ""jac"": [0.0003637978788811745, -0.0003637978829201424], ""message"": ""CONVERGENCE: REL_REDUCTION_OF_F_<=_FACTR*EPSMCH"", ""method"": ""L-BFGS-B"", ""nfev"": 21, ""nit"": 5, ""status"": 0, ""success"": true, ""x"": [0.8264300605396594, -1.0947372230032137]}, {""fun"": 24364.419778649608, ""jac"": [0.0003637978788811745, 0.0], ""message"": ""CONVERGENCE: REL_REDUCTION_OF_F_<=_FACTR*EPSMCH"", ""method"": ""L-BFGS-B"", ""nfev"": 24, ""nit"": 6, ""status"": 0, ""success"": true, ""x"": [0.8264299983949955, -1.0947373218322172]}], ""solver_path"": ""general_convolution"", ""uncertified_profiles"": 0}"
foul_leaves_5_team,team-quarter,2016-17,9840,optimization,FTM,2,PERS_FOUL_DRAWN,8,Binomial,50303.68457415354,-25142.648076086727,[0.5462602843186016],"{""n"": 100, ""p"": 0.0347163314873188}",2,True,optimizer_converged_lbfgsb,10,47,2,-25147.711099454453,5.063023367725691,0.3210056000389159,"{""binomial_discrete_residual_mean"": 3.3904506307211744, ""binomial_discrete_residual_variance"": 7.395174094077554, ""binomial_h_extension_used"": true, ""binomial_n_candidates"": 1, ""binomial_n_max"": 100, ""binomial_n_min"": 100, ""binomial_n_policy"": ""paper_H_binomial_discrete_index_continuous_full_mle"", ""binomial_n_tie_break"": ""not_applicable_single_mom_index"", ""certified_profiles"": 1, ""optimizer_powell_attempted"": false, ""optimizer_powell_success"": false, ""optimizer_primary_failed_starts"": 0, ""optimizer_primary_successful_starts"": 2, ""optimizer_results"": [{""fun"": 25142.648076086727, ""jac"": [0.0, 0.0007275957658402848], ""message"": ""CONVERGENCE: REL_REDUCTION_OF_F_<=_FACTR*EPSMCH"", ""method"": ""L-BFGS-B"", ""nfev"": 21, ""nit"": 5, ""status"": 0, ""success"": true, ""x"": [0.5462602843186016, -3.3252117908677574]}, {""fun"": 25142.64807608685, ""jac"": [-0.000727595757762349, 0.0014551915316805696], ""message"": ""CONVERGENCE: REL_REDUCTION_OF_F_<=_FACTR*EPSMCH"", ""method"": ""L-BFGS-B"", ""nfev"": 24, ""nit"": 5, ""status"": 0, ""success"": true, ""x"": [0.5462600621094863, -3.3252116477970994]}], ""solver_path"": ""general_convolution"", ""uncertified_profiles"": 0}"
foul_leaves_5_team,team-quarter,2016-17,9840,optimization,FTM,2,PERS_FOUL_DRAWN,8,Bernoulli,inf,-inf,[],{},2,False,infeasible_conditional_support,0,0,0,-inf,0.0,6.079999729990959e-05,"{""binomial_discrete_residual_mean"": null, ""binomial_discrete_residual_variance"": null, ""binomial_h_extension_used"": null, ""binomial_n_candidates"": 0, ""binomial_n_max"": null, ""binomial_n_min"": null, ""binomial_n_policy"": null, ""binomial_n_tie_break"": null, ""certified_profiles"": 0, ""solver_path"": ""conditional_support_check"", ""support_violating_rows"": 1511, ""uncertified_profiles"": 0}"
foul_leaves_5_team,team-quarter,2016-17,9840,optimization,FTM,2,FOUL;PERS_FOUL_DRAWN,9,Poisson,39359.80501199853,-19666.111189514195,"[0.969904516588099, 0.0]","{""lam"": 0.014851321946017921}",3,True,poisson_convex_mle,54,96,2,-19773.13362785757,107.02243834337423,0.14626299997325987,"{""binomial_discrete_residual_mean"": null, ""binomial_discrete_residual_variance"": null, ""binomial_h_extension_used"": null, ""binomial_n_candidates"": 0, ""binomial_n_max"": null, ""binomial_n_min"": null, ""binomial_n_policy"": null, ""binomial_n_tie_break"": null, ""certified_profiles"": 1, ""optimizer_primary_failed_starts"": 0, ""optimizer_primary_successful_starts"": 2, ""optimizer_results"": [{""fun"": 19684.19438800561, ""jac"": [-23.675442991940493, -1213.244751792043, 1777.6140127373333], ""message"": ""CONVERGENCE: REL_REDUCTION_OF_F_<=_FACTR*EPSMCH"", ""method"": ""L-BFGS-B"", ""nfev"": 47, ""nit"": 26, ""status"": 0, ""success"": true, ""x"": [0.03283187647627435, 0.940358772997661, 0.0]}, {""fun"": 19666.111189514195, ""jac"": [-0.0019460366231669468, 0.005884765151094484, 2185.0828041751975], ""message"": ""CONVERGENCE: REL_REDUCTION_OF_F_<=_FACTR*EPSMCH"", ""method"": ""L-BFGS-B"", ""nfev"": 47, ""nit"": 28, ""status"": 0, ""success"": true, ""x"": [0.014851321946017921, 0.969904516588099, 0.0]}], ""poisson_canonical_agreement_abs"": 0.0, ""solver_path"": ""poisson_convex"", ""uncertified_profiles"": 0}"
foul_leaves_5_team,team-quarter,2016-17,9840,optimization,FTM,2,FOUL;PERS_FOUL_DRAWN,9,NB,39360.0335926112,-19661.628374325508,"[0.9711748203227524, 0.0]","{""p"": 0.7525431753374235, ""r"": 0.027648741454900982}",4,True,optimizer_converged_lbfgsb,33,372,2,-19708.66302747067,47.03465314516143,1.4037328999838792,"{""binomial_discrete_residual_mean"": null, ""binomial_discrete_residual_variance"": null, ""binomial_h_extension_used"": null, ""binomial_n_candidates"": 0, ""binomial_n_max"": null, ""binomial_n_min"": null, ""binomial_n_policy"": null, ""binomial_n_tie_break"": null, ""certified_profiles"": 1, ""optimizer_powell_attempted"": false, ""optimizer_powell_success"": false, ""optimizer_primary_failed_starts"": 0, ""optimizer_primary_successful_starts"": 2, ""optimizer_results"": [{""fun"": 19661.628374325508, ""jac"": [0.025102053642801044, 2185.8959371456876, 0.0003637978829201424, 0.0003637978829201424], ""message"": ""CONVERGENCE: REL_REDUCTION_OF_F_<=_FACTR*EPSMCH"", ""method"": ""L-BFGS-B"", ""nfev"": 225, ""nit"": 32, ""status"": 0, ""success"": true, ""x"": [0.9711748203227524, 0.0, -3.588175069051496, 1.112222249857251]}, {""fun"": 19708.66302747067, ""jac"": [73.24015277423693, 2213.581683463417, 11153.315959143796, 0.0], ""message"": ""CONVERGENCE: REL_REDUCTION_OF_F_<=_FACTR*EPSMCH"", ""method"": ""L-BFGS-B"", ""nfev"": 145, ""nit"": 1, ""status"": 0, ""success"": true, ""x"": [0.974643904779918, 0.0, -18.420680743952367, -20.72326583594641]}], ""solver_path"": ""general_convolution"", ""uncertified_profiles"": 0}"
foul_leaves_5_team,team-quarter,2016-17,9840,optimization,FTM,2,FOUL;PERS_FOUL_DRAWN,9,ZIP,39368.99922298365,-19666.111189511732,"[0.9699043691776791, 0.0]","{""lam"": 0.014851470471218507, ""rho"": 1.0000000000000007e-09}",4,True,optimizer_converged_lbfgsb,33,202,2,-19704.060180205724,37.94899069399253,0.25705269997706637,"{""binomial_discrete_residual_mean"": null, ""binomial_discrete_residual_variance"": null, ""binomial_h_extension_used"": null, ""binomial_n_candidates"": 0, ""binomial_n_max"": null, ""binomial_n_min"": null, ""binomial_n_policy"": null, ""binomial_n_tie_break"": null, ""certified_profiles"": 1, ""optimizer_powell_attempted"": false, ""optimizer_powell_success"": false, ""optimizer_primary_failed_starts"": 0, ""optimizer_primary_successful_starts"": 2, ""optimizer_results"": [{""fun"": 19666.111189511732, ""jac"": [0.0010913936366435237, 2185.081029892899, 0.0003637978829201424, 0.0], ""message"": ""CONVERGENCE: REL_REDUCTION_OF_F_<=_FACTR*EPSMCH"", ""method"": ""L-BFGS-B"", ""nfev"": 115, ""nit"": 21, ""status"": 0, ""success"": true, ""x"": [0.9699043691776791, 0.0, -4.209656397004871, -20.72326583594641]}, {""fun"": 19666.111189603896, ""jac"": [0.011641532124197584, 2185.085031669587, -0.001091393648760427, 0.0], ""message"": ""CONVERGENCE: REL_REDUCTION_OF_F_<=_FACTR*EPSMCH"", ""method"": ""L-BFGS-B"", ""nfev"": 85, ""nit"": 12, ""status"": 0, ""success"": true, ""x"": [0.9699051484336273, 0.0, -4.209830767937441, -20.72326583594641]}], ""solver_path"": ""general_convolution"", ""uncertified_profiles"": 0}"
foul_leaves_5_team,team-quarter,2016-17,9840,optimization,FTM,2,FOUL;PERS_FOUL_DRAWN,9,Geom,39531.15641869523,-19751.786892862547,"[0.973208662661557, 0.0]","{""p"": 0.9999999972420412}",3,True,optimizer_converged_lbfgsb,9,102,2,-19757.931822811497,6.144929948950448,16.546396999969147,"{""binomial_discrete_residual_mean"": null, ""binomial_discrete_residual_variance"": null, ""binomial_h_extension_used"": null, ""binomial_n_candidates"": 0, ""binomial_n_max"": null, ""binomial_n_min"": null, ""binomial_n_policy"": null, ""binomial_n_tie_break"": null, ""certified_profiles"": 1, ""optimizer_powell_attempted"": false, ""optimizer_powell_success"": false, ""optimizer_primary_failed_starts"": 0, ""optimizer_primary_successful_starts"": 2, ""optimizer_results"": [{""fun"": 19756.813196352927, ""jac"": [0.0018189893944058726, 2189.3225493840873, 0.0], ""message"": ""CONVERGENCE: REL_REDUCTION_OF_F_<=_FACTR*EPSMCH"", ""method"": ""L-BFGS-B"", ""nfev"": 40, ""nit"": 6, ""status"": 0, ""success"": true, ""x"": [0.9730444742614992, 0.0, 20.546595465863724]}, {""fun"": 19751.786892862547, ""jac"": [7.531707486476956, 2191.81711145211, 48.30653379518607], ""message"": ""CONVERGENCE: REL_REDUCTION_OF_F_<=_FACTR*EPSMCH"", ""method"": ""L-BFGS-B"", ""nfev"": 60, ""nit"": 3, ""status"": 0, ""success"": true, ""x"": [0.973208662661557, 0.0, 19.708775045465398]}], ""solver_path"": ""general_convolution"", ""uncertified_profiles"": 0}"
foul_leaves_5_team,team-quarter,2016-17,9840,optimization,FTM,2,FOUL;PERS_FOUL_DRAWN,9,Binomial,39362.46340161789,-19667.440384323876,"[0.9698673699426087, 0.0]","{""n"": 2, ""p"": 0.007509698113442651}",3,True,optimizer_converged_lbfgsb,30,166,2,-19756.545529351322,89.10514502744627,0.4487915000063367,"{""binomial_discrete_residual_mean"": -2.386895376238736, ""binomial_discrete_residual_variance"": -6.8645765241322705, ""binomial_h_extension_used"": true, ""binomial_n_candidates"": 1, ""binomial_n_max"": 2, ""binomial_n_min"": 2, ""binomial_n_policy"": ""paper_H_binomial_discrete_index_continuous_full_mle"", ""binomial_n_tie_break"": ""not_applicable_single_mom_index"", ""certified_profiles"": 1, ""optimizer_powell_attempted"": false, ""optimizer_powell_success"": false, ""optimizer_primary_failed_starts"": 0, ""optimizer_primary_successful_starts"": 2, ""optimizer_results"": [{""fun"": 19667.440384323876, ""jac"": [0.0021827872732870473, 2185.0741177331656, 0.0], ""message"": ""CONVERGENCE: REL_REDUCTION_OF_F_<=_FACTR*EPSMCH"", ""method"": ""L-BFGS-B"", ""nfev"": 112, ""nit"": 23, ""status"": 0, ""success"": true, ""x"": [0.9698673699426087, 0.0, -4.884021974090308]}, {""fun"": 19714.32031248368, ""jac"": [-1626.7080272998955, 1650.4309314768761, -5.988840216715516], ""message"": ""CONVERGENCE: REL_REDUCTION_OF_F_<=_FACTR*EPSMCH"", ""method"": ""L-BFGS-B"", ""nfev"": 52, ""nit"": 7, ""status"": 0, ""success"": true, ""x"": [0.9387772842411664, 0.0, -9.097312539406918]}], ""solver_path"": ""general_convolution"", ""uncertified_profiles"": 0}"
foul_leaves_5_team,team-quarter,2016-17,9840,optimization,FTM,2,FOUL;PERS_FOUL_DRAWN,9,Bernoulli,inf,-inf,[],{},3,False,infeasible_conditional_support,0,0,0,-inf,0.0,8.690002141520381e-05,"{""binomial_discrete_residual_mean"": null, ""binomial_discrete_residual_variance"": null, ""binomial_h_extension_used"": null, ""binomial_n_candidates"": 0, ""binomial_n_max"": null, ""binomial_n_min"": null, ""binomial_n_policy"": null, ""binomial_n_tie_break"": null, ""certified_profiles"": 0, ""solver_path"": ""conditional_support_check"", ""support_violating_rows"": 2, ""uncertified_profiles"": 0}"
foul_leaves_5_team,team-quarter,2016-17,9840,optimization,FTM,2,FTA;PERS_FOUL_DRAWN,10,Poisson,32481.58197683972,-16226.999671934791,"[0.7718362918189667, 0.0]","{""lam"": 0.0}",3,True,poisson_convex_mle,12,19,2,-16227.362914289588,0.36324235479696654,0.0370147000066936,"{""binomial_discrete_residual_mean"": null, ""binomial_discrete_residual_variance"": null, ""binomial_h_extension_used"": null, ""binomial_n_candidates"": 0, ""binomial_n_max"": null, ""binomial_n_min"": null, ""binomial_n_policy"": null, ""binomial_n_tie_break"": null, ""certified_profiles"": 1, ""optimizer_primary_failed_starts"": 0, ""optimizer_primary_successful_starts"": 2, ""optimizer_results"": [{""fun"": 16226.999671934798, ""jac"": [507.03837833020077, 0.0011006416875574132, 792.1901813136662], ""message"": ""CONVERGENCE: REL_REDUCTION_OF_F_<=_FACTR*EPSMCH"", ""method"": ""L-BFGS-B"", ""nfev"": 5, ""nit"": 3, ""status"": 0, ""success"": true, ""x"": [0.0, 0.7718363073255357, 0.0]}, {""fun"": 16226.999671934791, ""jac"": [507.03819082644134, -2.987021872513651e-05, 792.1898562533747], ""message"": ""CONVERGENCE: REL_REDUCTION_OF_F_<=_FACTR*EPSMCH"", ""method"": ""L-BFGS-B"", ""nfev"": 12, ""nit"": 9, ""status"": 0, ""success"": true, ""x"": [0.0, 0.7718362918189667, 0.0]}], ""poisson_canonical_agreement_abs"": 0.0, ""solver_path"": ""poisson_convex"", ""uncertified_profiles"": 0}"
foul_leaves_5_team,team-quarter,2016-17,9840,optimization,FTM,2,FTA;PERS_FOUL_DRAWN,10,NB,32490.776343018966,-16226.99974952939,"[0.771828321647972, 0.0]","{""p"": 0.9999998589645266, ""r"": 1.052896213030475}",4,True,optimizer_converged_lbfgsb,48,497,2,-16227.362920683481,0.36317115409110556,1.8587546999915503,"{""binomial_discrete_residual_mean"": null, ""binomial_discrete_residual_variance"": null, ""binomial_h_extension_used"": null, ""binomial_n_candidates"": 0, ""binomial_n_max"": null, ""binomial_n_min"": null, ""binomial_n_policy"": null, ""binomial_n_tie_break"": null, ""certified_profiles"": 1, ""optimizer_powell_attempted"": false, ""optimizer_powell_success"": false, ""optimizer_primary_failed_starts"": 0, ""optimizer_primary_successful_starts"": 2, ""optimizer_results"": [{""fun"": 16226.99974952939, ""jac"": [-0.5806214146943546, 792.0230927993543, -0.0010913936419446688, 0.0036379785060840215], ""message"": ""CONVERGENCE: REL_REDUCTION_OF_F_<=_FACTR*EPSMCH"", ""method"": ""L-BFGS-B"", ""nfev"": 270, ""nit"": 23, ""status"": 0, ""success"": true, ""x"": [0.771828321647972, 0.0, 0.051544665170219175, 15.774254252607024]}, {""fun"": 16227.000418622463, ""jac"": [-6.217305750079273, 790.4034646344371, 0.014370016375345624, -0.0009094946265210054], ""message"": ""CONVERGENCE: REL_REDUCTION_OF_F_<=_FACTR*EPSMCH"", ""method"": ""L-BFGS-B"", ""nfev"": 225, ""nit"": 25, ""status"": 0, ""success"": true, ""x"": [0.7717508611524128, 0.0, -5.42426338116176, 8.443101567686837]}], ""solver_path"": ""general_convolution"", ""uncertified_profiles"": 0}"
foul_leaves_5_team,team-quarter,2016-17,9840,optimization,FTM,2,FTA;PERS_FOUL_DRAWN,10,ZIP,32490.776535619436,-16226.999845829625,"[0.7718398869113998, 0.0]","{""lam"": 3.4200334741801455e-07, ""rho"": 1.0000004770560945e-09}",4,True,optimizer_converged_lbfgsb,60,442,2,-16227.362914289224,0.36306845959916245,0.5277914000325836,"{""binomial_discrete_residual_mean"": null, ""binomial_discrete_residual_variance"": null, ""binomial_h_extension_used"": null, ""binomial_n_candidates"": 0, ""binomial_n_max"": null, ""binomial_n_min"": null, ""binomial_n_policy"": null, ""binomial_n_tie_break"": null, ""certified_profiles"": 1, ""optimizer_powell_attempted"": false, ""optimizer_powell_success"": false, ""optimizer_primary_failed_starts"": 0, ""optimizer_primary_successful_starts"": 2, ""optimizer_results"": [{""fun"": 16226.999845829625, ""jac"": [0.26648194628046035, 792.2670192783698, 0.0, 0.0], ""message"": ""CONVERGENCE: REL_REDUCTION_OF_F_<=_FACTR*EPSMCH"", ""method"": ""L-BFGS-B"", ""nfev"": 260, ""nit"": 32, ""status"": 0, ""success"": true, ""x"": [0.7718398869113998, 0.0, -14.888445312159734, -20.72326535889043]}, {""fun"": 16226.999898370746, ""jac"": [0.0010913936366435237, 792.1908036223613, 0.0005456967759126033, 0.0], ""message"": ""CONVERGENCE: REL_REDUCTION_OF_F_<=_FACTR*EPSMCH"", ""method"": ""L-BFGS-B"", ""nfev"": 180, ""nit"": 28, ""status"": 0, ""success"": true, ""x"": [0.7718362257687197, 0.0, -13.629794539113526, 0.5283882651392098]}], ""solver_path"": ""general_convolution"", ""uncertified_profiles"": 0}"
foul_leaves_5_team,team-quarter,2016-17,9840,optimization,FTM,2,FTA;PERS_FOUL_DRAWN,10,Geom,32481.581989869712,-16226.999678449787,"[0.771836255845507, 0.0]","{""p"": 0.9999999871509576}",3,True,optimizer_converged_lbfgsb,52,238,2,-16227.363371851065,0.3636934012774873,30.362542399961967,"{""binomial_discrete_residual_mean"": null, ""binomial_discrete_residual_variance"": null, ""binomial_h_extension_used"": null, ""binomial_n_candidates"": 0, ""binomial_n_max"": null, ""binomial_n_min"": null, ""binomial_n_policy"": null, ""binomial_n_tie_break"": null, ""certified_profiles"": 1, ""optimizer_powell_attempted"": false, ""optimizer_powell_success"": false, ""optimizer_primary_failed_starts"": 0, ""optimizer_primary_successful_starts"": 2, ""optimizer_results"": [{""fun"": 16226.999821168623, ""jac"": [0.012187228942519347, 792.193714005407, -0.00018189892530420107], ""message"": ""CONVERGENCE: REL_REDUCTION_OF_F_<=_FACTR*EPSMCH"", ""method"": ""L-BFGS-B"", ""nfev"": 104, ""nit"": 22, ""status"": 0, ""success"": true, ""x"": [0.7718364049945908, 0.0, 15.038589678051164]}, {""fun"": 16226.999678449787, ""jac"": [-0.0020008883338464597, 792.1895303297788, 0.0], ""message"": ""CONVERGENCE: REL_REDUCTION_OF_F_<=_FACTR*EPSMCH"", ""method"": ""L-BFGS-B"", ""nfev"": 132, ""nit"": 30, ""status"": 0, ""success"": true, ""x"": [0.771836255845507, 0.0, 18.169996539015358]}], ""solver_path"": ""general_convolution"", ""uncertified_profiles"": 0}"
foul_leaves_5_team,team-quarter,2016-17,9840,optimization,FTM,2,FTA;PERS_FOUL_DRAWN,10,Binomial,32481.582131141447,-16226.999749085655,"[0.771836261559591, 0.0]","{""n"": 2, ""p"": 7.607992835976591e-08}",3,True,optimizer_converged_lbfgsb,53,246,2,-16227.36268538779,0.36293630213549477,0.7066431000130251,"{""binomial_discrete_residual_mean"": 0.0007158761866064012, ""binomial_discrete_residual_variance"": -3.2921786413153233, ""binomial_h_extension_used"": true, ""binomial_n_candidates"": 1, ""binomial_n_max"": 2, ""binomial_n_min"": 2, ""binomial_n_policy"": ""paper_H_binomial_discrete_index_continuous_full_mle"", ""binomial_n_tie_break"": ""not_applicable_single_mom_index"", ""certified_profiles"": 1, ""optimizer_powell_attempted"": false, ""optimizer_powell_success"": false, ""optimizer_primary_failed_starts"": 0, ""optimizer_primary_successful_starts"": 2, ""optimizer_results"": [{""fun"": 16226.999749085655, ""jac"": [-0.0003637978788811745, 792.1898941276595, 0.0], ""message"": ""CONVERGENCE: REL_REDUCTION_OF_F_<=_FACTR*EPSMCH"", ""method"": ""L-BFGS-B"", ""nfev"": 108, ""nit"": 23, ""status"": 0, ""success"": true, ""x"": [0.771836261559591, 0.0, -16.391481284273244]}, {""fun"": 16226.999783212363, ""jac"": [-0.006730260759301729, 792.188075138256, -0.00036379785060840214], ""message"": ""CONVERGENCE: REL_REDUCTION_OF_F_<=_FACTR*EPSMCH"", ""method"": ""L-BFGS-B"", ""nfev"": 136, ""nit"": 30, ""status"": 0, ""success"": true, ""x"": [0.7718361624007861, 0.0, -16.025219162814437]}], ""solver_path"": ""general_convolution"", ""uncertified_profiles"": 0}"
foul_leaves_5_team,team-quarter,2016-17,9840,optimization,FTM,2,FTA;PERS_FOUL_DRAWN,10,Bernoulli,32481.581977961883,-16226.999672495873,"[0.7718362857461406, 0.0]","{""p"": 1.1065851548294304e-09}",3,True,optimizer_converged_lbfgsb,62,298,2,-16227.362456405283,0.36278390940969985,0.5397050000028685,"{""binomial_discrete_residual_mean"": null, ""binomial_discrete_residual_variance"": null, ""binomial_h_extension_used"": null, ""binomial_n_candidates"": 0, ""binomial_n_max"": null, ""binomial_n_min"": null, ""binomial_n_policy"": null, ""binomial_n_tie_break"": null, ""certified_profiles"": 1, ""optimizer_powell_attempted"": false, ""optimizer_powell_success"": false, ""optimizer_primary_failed_starts"": 0, ""optimizer_primary_successful_starts"": 2, ""optimizer_results"": [{""fun"": 16226.99985994989, ""jac"": [0.0, 792.1902579255402, 0.0], ""message"": ""CONVERGENCE: NORM_OF_PROJECTED_GRADIENT_<=_PGTOL"", ""method"": ""L-BFGS-B"", ""nfev"": 120, ""nit"": 25, ""status"": 0, ""success"": true, ""x"": [0.7718362253940403, 0.0, -14.807573984364977]}, {""fun"": 16226.999672495873, ""jac"": [0.0, 792.1898941276595, 0.0], ""message"": ""CONVERGENCE: NORM_OF_PROJECTED_GRADIENT_<=_PGTOL"", ""method"": ""L-BFGS-B"", ""nfev"": 176, ""nit"": 37, ""status"": 0, ""success"": true, ""x"": [0.7718362857461406, 0.0, -20.621986999566833]}], ""solver_path"": ""general_convolution"", ""uncertified_profiles"": 0}"
foul_leaves_5_team,team-quarter,2016-17,9840,optimization,FTM,2,FOUL;FTA;PERS_FOUL_DRAWN,11,Poisson,32490.776187829768,-16226.999671934791,"[0.0, 0.771836292459772, 0.0]","{""lam"": 0.0}",4,True,poisson_convex_mle,11,17,2,-16303.269143289976,76.26947135518458,0.024949099984951317,"{""binomial_discrete_residual_mean"": null, ""binomial_discrete_residual_variance"": null, ""binomial_h_extension_used"": null, ""binomial_n_candidates"": 0, ""binomial_n_max"": null, ""binomial_n_min"": null, ""binomial_n_policy"": null, ""binomial_n_tie_break"": null, ""certified_profiles"": 1, ""optimizer_primary_failed_starts"": 0, ""optimizer_primary_successful_starts"": 2, ""optimizer_results"": [{""fun"": 16303.269143289976, ""jac"": [956.4092747084799, 3126.8471719685786, 2476.6471214763633, 1686.9234759698838], ""message"": ""CONVERGENCE: REL_REDUCTION_OF_F_<=_FACTR*EPSMCH"", ""method"": ""L-BFGS-B"", ""nfev"": 3, ""nit"": 1, ""status"": 0, ""success"": true, ""x"": [0.0, 0.0, 0.7973135913667592, 0.03539604857868915]}, {""fun"": 16226.999671934791, ""jac"": [507.03819857496023, 1041.6454411844084, 1.6847904149130954e-05, 792.1898696863877], ""message"": ""CONVERGENCE: REL_REDUCTION_OF_F_<=_FACTR*EPSMCH"", ""method"": ""L-BFGS-B"", ""nfev"": 12, ""nit"": 10, ""status"": 0, ""success"": true, ""x"": [0.0, 0.0, 0.771836292459772, 0.0]}], ""poisson_canonical_agreement_abs"": 0.0, ""solver_path"": ""poisson_convex"", ""uncertified_profiles"": 0}"
foul_leaves_5_team,team-quarter,2016-17,9840,optimization,FTM,2,FOUL;FTA;PERS_FOUL_DRAWN,11,NB,32499.971659532708,-16227.000302291239,"[0.0, 0.7719420836547487, 0.0]","{""p"": 0.9999182476340813, ""r"": 0.005351108135251145}",5,True,optimizer_converged_lbfgsb,31,326,2,-16303.27870759364,76.27840530240064,1.1435639000264928,"{""binomial_discrete_residual_mean"": null, ""binomial_discrete_residual_variance"": null, ""binomial_h_extension_used"": null, ""binomial_n_candidates"": 0, ""binomial_n_max"": null, ""binomial_n_min"": null, ""binomial_n_policy"": null, ""binomial_n_tie_break"": null, ""certified_profiles"": 1, ""optimizer_powell_attempted"": false, ""optimizer_powell_success"": false, ""optimizer_primary_failed_starts"": 0, ""optimizer_primary_successful_starts"": 2, ""optimizer_results"": [{""fun"": 16227.004739362917, ""jac"": [1041.6635632282123, -0.000727595757762349, 792.2015356598422, 0.004365574568512316, -0.0063664623856470376], ""message"": ""CONVERGENCE: REL_REDUCTION_OF_F_<=_FACTR*EPSMCH"", ""method"": ""L-BFGS-B"", ""nfev"": 60, ""nit"": 6, ""status"": 0, ""success"": true, ""x"": [0.0, 0.7718346170081054, 0.0, -0.00029374918356229427, 11.513242240437657]}, {""fun"": 16227.000302291239, ""jac"": [1047.6247553015128, 7.7177901015246775, 794.4097887957469, 0.019281287794767545, 0.0], ""message"": ""CONVERGENCE: REL_REDUCTION_OF_F_<=_FACTR*EPSMCH"", ""method"": ""L-BFGS-B"", ""nfev"": 264, ""nit"": 25, ""status"": 0, ""success"": true, ""x"": [0.0, 0.7719420836547487, 0.0, -5.230451611437956, 9.411734051996627]}], ""solver_path"": ""general_convolution"", ""uncertified_profiles"": 0}"
foul_leaves_5_team,team-quarter,2016-17,9840,optimization,FTM,2,FOUL;FTA;PERS_FOUL_DRAWN,11,ZIP,32499.970398921218,-16226.999671985493,"[0.0, 0.7718362895870369, 0.0]","{""lam"": 9.999999999999996e-11, ""rho"": 1.0000000000000007e-09}",5,True,optimizer_converged_lbfgsb,35,278,2,-16303.269143385616,76.26947140012271,0.2986711999983527,"{""binomial_discrete_residual_mean"": null, ""binomial_discrete_residual_variance"": null, ""binomial_h_extension_used"": null, ""binomial_n_candidates"": 0, ""binomial_n_max"": null, ""binomial_n_min"": null, ""binomial_n_policy"": null, ""binomial_n_tie_break"": null, ""certified_profiles"": 1, ""optimizer_powell_attempted"": false, ""optimizer_powell_success"": false, ""optimizer_primary_failed_starts"": 0, ""optimizer_primary_successful_starts"": 2, ""optimizer_results"": [{""fun"": 16226.999671985493, ""jac"": [1041.6457371320575, 0.0003637978788811745, 792.1898941276595, 0.0, 0.0], ""message"": ""CONVERGENCE: REL_REDUCTION_OF_F_<=_FACTR*EPSMCH"", ""method"": ""L-BFGS-B"", ""nfev"": 60, ""nit"": 6, ""status"": 0, ""success"": true, ""x"": [0.0, 0.7718362895870369, 0.0, -23.025850929940457, -20.72326583594641]}, {""fun"": 16226.999703370377, ""jac"": [1041.4954886073247, -0.19354047156478485, 792.1340511529706, 0.0, 0.0], ""message"": ""CONVERGENCE: REL_REDUCTION_OF_F_<=_FACTR*EPSMCH"", ""method"": ""L-BFGS-B"", ""nfev"": 216, ""nit"": 29, ""status"": 0, ""success"": true, ""x"": [0.0, 0.7718336236463602, 0.0, -15.682605008601147, 0.41459766600831377]}], ""solver_path"": ""general_convolution"", ""uncertified_profiles"": 0}"
foul_leaves_5_team,team-quarter,2016-17,9840,optimization,FTM,2,FOUL;FTA;PERS_FOUL_DRAWN,11,Geom,32490.776188843847,-16226.99967244183,"[0.0, 0.7718362859396479, 0.0]","{""p"": 0.9999999989999999}",4,True,optimizer_converged_lbfgsb,36,267,2,-16303.269144246386,76.269471804555,32.13245239999378,"{""binomial_discrete_residual_mean"": null, ""binomial_discrete_residual_variance"": null, ""binomial_h_extension_used"": null, ""binomial_n_candidates"": 0, ""binomial_n_max"": null, ""binomial_n_min"": null, ""binomial_n_policy"": null, ""binomial_n_tie_break"": null, ""certified_profiles"": 1, ""optimizer_powell_attempted"": false, ""optimizer_powell_success"": false, ""optimizer_primary_failed_starts"": 0, ""optimizer_primary_successful_starts"": 2, ""optimizer_results"": [{""fun"": 16226.99967244183, ""jac"": [1041.6453733341768, 0.0, 792.1898941276595, 0.0], ""message"": ""CONVERGENCE: NORM_OF_PROJECTED_GRADIENT_<=_PGTOL"", ""method"": ""L-BFGS-B"", ""nfev"": 50, ""nit"": 6, ""status"": 0, ""success"": true, ""x"": [0.0, 0.7718362859396479, 0.0, 20.723265861247803]}, {""fun"": 16226.999801272299, ""jac"": [1041.6462828288786, 0.0003637978788811745, 792.1902579255402, 0.0], ""message"": ""CONVERGENCE: REL_REDUCTION_OF_F_<=_FACTR*EPSMCH"", ""method"": ""L-BFGS-B"", ""nfev"": 215, ""nit"": 30, ""status"": 0, ""success"": true, ""x"": [0.0, 0.7718362496005828, 0.0, 15.181672266708324]}], ""solver_path"": ""general_convolution"", ""uncertified_profiles"": 0}"
foul_leaves_5_team,team-quarter,2016-17,9840,optimization,FTM,2,FOUL;FTA;PERS_FOUL_DRAWN,11,Binomial,32490.77618985792,-16226.999672948867,"[0.0, 0.7718362933045556, 0.0]","{""n"": 2, ""p"": 1.0000000000000007e-09}",4,True,optimizer_converged_lbfgsb,35,207,2,-16303.269145202794,76.26947225392723,0.5690254000364803,"{""binomial_discrete_residual_mean"": -0.2067454101906927, ""binomial_discrete_residual_variance"": -4.123016813952902, ""binomial_h_extension_used"": true, ""binomial_n_candidates"": 1, ""binomial_n_max"": 2, ""binomial_n_min"": 2, ""binomial_n_policy"": ""paper_H_binomial_discrete_index_continuous_full_mle"", ""binomial_n_tie_break"": ""not_applicable_single_mom_index"", ""certified_profiles"": 1, ""optimizer_powell_attempted"": false, ""optimizer_powell_success"": false, ""optimizer_primary_failed_starts"": 0, ""optimizer_primary_successful_starts"": 2, ""optimizer_results"": [{""fun"": 16226.999672948867, ""jac"": [1041.645919030998, 0.000727595757762349, 792.1900760265999, 0.0], ""message"": ""CONVERGENCE: REL_REDUCTION_OF_F_<=_FACTR*EPSMCH"", ""method"": ""L-BFGS-B"", ""nfev"": 50, ""nit"": 6, ""status"": 0, ""success"": true, ""x"": [0.0, 0.7718362933045556, 0.0, -20.72326583594641]}, {""fun"": 16226.999686085881, ""jac"": [1042.0586477266625, 0.5336914883186831, 792.3432349343784, 0.0], ""message"": ""CONVERGENCE: REL_REDUCTION_OF_F_<=_FACTR*EPSMCH"", ""method"": ""L-BFGS-B"", ""nfev"": 155, ""nit"": 29, ""status"": 0, ""success"": true, ""x"": [0.0, 0.7718436023935297, 0.0, -18.235726374461255]}], ""solver_path"": ""general_convolution"", ""uncertified_profiles"": 0}"
foul_leaves_5_team,team-quarter,2016-17,9840,optimization,FTM,2,FOUL;FTA;PERS_FOUL_DRAWN,11,Bernoulli,32490.776188843854,-16226.999672441834,"[0.0, 0.7718362856665729, 0.0]","{""p"": 1.00000000208544e-09}",4,True,optimizer_converged_lbfgsb,40,247,2,-16303.269144246386,76.26947180455136,0.5511683999793604,"{""binomial_discrete_residual_mean"": null, ""binomial_discrete_residual_variance"": null, ""binomial_h_extension_used"": null, ""binomial_n_candidates"": 0, ""binomial_n_max"": null, ""binomial_n_min"": null, ""binomial_n_policy"": null, ""binomial_n_tie_break"": null, ""certified_profiles"": 1, ""optimizer_powell_attempted"": false, ""optimizer_powell_success"": false, ""optimizer_primary_failed_starts"": 0, ""optimizer_primary_successful_starts"": 2, ""optimizer_results"": [{""fun"": 16226.999672441834, ""jac"": [1041.6450095362961, -0.0003637978788811745, 792.1895303297788, 0.0], ""message"": ""CONVERGENCE: REL_REDUCTION_OF_F_<=_FACTR*EPSMCH"", ""method"": ""L-BFGS-B"", ""nfev"": 50, ""nit"": 6, ""status"": 0, ""success"": true, ""x"": [0.0, 0.7718362856665729, 0.0, -20.72326583386097]}, {""fun"": 16226.999680737723, ""jac"": [1041.63154901471, -0.018007995004618138, 792.1848009573296, 0.0], ""message"": ""CONVERGENCE: REL_REDUCTION_OF_F_<=_FACTR*EPSMCH"", ""method"": ""L-BFGS-B"", ""nfev"": 195, ""nit"": 34, ""status"": 0, ""success"": true, ""x"": [0.0, 0.7718360359089725, 0.0, -17.869277828302337]}], ""solver_path"": ""general_convolution"", ""uncertified_profiles"": 0}"
foul_leaves_5_team,team-quarter,2016-17,9840,optimization,FTM,2,LOOSE_BALL_FOUL_DRAWN,16,Poisson,51118.87517356711,-25550.24337579351,[0.5244311692499248],"{""lam"": 4.249723214898923}",2,True,poisson_convex_mle,8,15,2,-25550.243853451528,0.00047765801718924195,0.02840960002504289,"{""binomial_discrete_residual_mean"": null, ""binomial_discrete_residual_variance"": null, ""binomial_h_extension_used"": null, ""binomial_n_candidates"": 0, ""binomial_n_max"": null, ""binomial_n_min"": null, ""binomial_n_policy"": null, ""binomial_n_tie_break"": null, ""certified_profiles"": 1, ""optimizer_primary_failed_starts"": 0, ""optimizer_primary_successful_starts"": 2, ""optimizer_results"": [{""fun"": 25550.24337579351, ""jac"": [8.877236441495739e-07, 1.8178551837166879e-06], ""message"": ""CONVERGENCE: REL_REDUCTION_OF_F_<=_FACTR*EPSMCH"", ""method"": ""L-BFGS-B"", ""nfev"": 6, ""nit"": 3, ""status"": 0, ""success"": true, ""x"": [4.249723214898923, 0.5244311692499248]}, {""fun"": 25550.24337579352, ""jac"": [2.8565480701847612e-05, 5.145020815489065e-05], ""message"": ""CONVERGENCE: REL_REDUCTION_OF_F_<=_FACTR*EPSMCH"", ""method"": ""L-BFGS-B"", ""nfev"": 7, ""nit"": 5, ""status"": 0, ""success"": true, ""x"": [4.2497232084988665, 0.5244312363587653]}], ""poisson_canonical_agreement_abs"": 0.0, ""solver_path"": ""poisson_convex"", ""uncertified_profiles"": 0}"
foul_leaves_5_team,team-quarter,2016-17,9840,optimization,FTM,2,LOOSE_BALL_FOUL_DRAWN,16,NB,47939.33641769277,-23955.876892361317,[0.3675534368260224],"{""p"": 0.4633267648167215, ""r"": 3.7112980028842024}",3,True,optimizer_converged_lbfgsb,20,106,2,-23958.994844530007,3.1179521686899534,0.4669656000332907,"{""binomial_discrete_residual_mean"": null, ""binomial_discrete_residual_variance"": null, ""binomial_h_extension_used"": null, ""binomial_n_candidates"": 0, ""binomial_n_max"": null, ""binomial_n_min"": null, ""binomial_n_policy"": null, ""binomial_n_tie_break"": null, ""certified_profiles"": 1, ""optimizer_powell_attempted"": false, ""optimizer_powell_success"": false, ""optimizer_primary_failed_starts"": 0, ""optimizer_primary_successful_starts"": 2, ""optimizer_results"": [{""fun"": 23955.876892361317, ""jac"": [0.0007275957618013168, 0.0007275957658402848, 0.0003637978809006584], ""message"": ""CONVERGENCE: REL_REDUCTION_OF_F_<=_FACTR*EPSMCH"", ""method"": ""L-BFGS-B"", ""nfev"": 44, ""nit"": 8, ""status"": 0, ""success"": true, ""x"": [0.3675534368260224, 1.3113816814370276, -0.14695684800586448]}, {""fun"": 23955.876892391716, ""jac"": [0.0043655745708079015, -0.0003637978829201424, 0.0021827872854039507], ""message"": ""CONVERGENCE: REL_REDUCTION_OF_F_<=_FACTR*EPSMCH"", ""method"": ""L-BFGS-B"", ""nfev"": 60, ""nit"": 12, ""status"": 0, ""success"": true, ""x"": [0.36756494192877776, 1.3113824882087597, -0.14695511973666922]}], ""solver_path"": ""general_convolution"", ""uncertified_profiles"": 0}"
foul_leaves_5_team,team-quarter,2016-17,9840,optimization,FTM,2,LOOSE_BALL_FOUL_DRAWN,16,ZIP,49502.24807802559,-24737.332722527724,[0.7051797334104802],"{""lam"": 4.56309767270708, ""rho"": 0.08107050245655073}",3,True,optimizer_converged_lbfgsb,22,114,2,-25609.22845630496,871.8957337772372,0.16572380001889542,"{""binomial_discrete_residual_mean"": null, ""binomial_discrete_residual_variance"": null, ""binomial_h_extension_used"": null, ""binomial_n_candidates"": 0, ""binomial_n_max"": null, ""binomial_n_min"": null, ""binomial_n_policy"": null, ""binomial_n_tie_break"": null, ""certified_profiles"": 1, ""optimizer_powell_attempted"": false, ""optimizer_powell_success"": false, ""optimizer_primary_failed_starts"": 0, ""optimizer_primary_successful_starts"": 2, ""optimizer_results"": [{""fun"": 24737.332722551746, ""jac"": [-0.0021827872732870473, 0.0025465851804409964, 0.005820766126722278], ""message"": ""CONVERGENCE: REL_REDUCTION_OF_F_<=_FACTR*EPSMCH"", ""method"": ""L-BFGS-B"", ""nfev"": 56, ""nit"": 11, ""status"": 0, ""success"": true, ""x"": [0.7051810789268349, 1.5180016664489528, -2.427884108636739]}, {""fun"": 24737.332722527724, ""jac"": [-0.000727595757762349, 0.006184564009642421, 0.002910383063361139], ""message"": ""CONVERGENCE: REL_REDUCTION_OF_F_<=_FACTR*EPSMCH"", ""method"": ""L-BFGS-B"", ""nfev"": 56, ""nit"": 11, ""status"": 0, ""success"": true, ""x"": [0.7051797334104802, 1.518001707087, -2.427890226128819]}], ""solver_path"": ""general_convolution"", ""uncertified_profiles"": 0}"
foul_leaves_5_team,team-quarter,2016-17,9840,optimization,FTM,2,LOOSE_BALL_FOUL_DRAWN,16,Geom,50432.96465110263,-25207.28811456127,[1.2130731650883766],"{""p"": 0.19863960303591388}",2,True,optimizer_converged_lbfgsb,10,44,2,-25299.00629285523,91.71817829395877,0.06373910000547767,"{""binomial_discrete_residual_mean"": null, ""binomial_discrete_residual_variance"": null, ""binomial_h_extension_used"": null, ""binomial_n_candidates"": 0, ""binomial_n_max"": null, ""binomial_n_min"": null, ""binomial_n_policy"": null, ""binomial_n_tie_break"": null, ""certified_profiles"": 1, ""optimizer_powell_attempted"": false, ""optimizer_powell_success"": false, ""optimizer_primary_failed_starts"": 0, ""optimizer_primary_successful_starts"": 2, ""optimizer_results"": [{""fun"": 25207.28811456144, ""jac"": [-0.0003637978829201424, -0.001091393648760427], ""message"": ""CONVERGENCE: REL_REDUCTION_OF_F_<=_FACTR*EPSMCH"", ""method"": ""L-BFGS-B"", ""nfev"": 21, ""nit"": 5, ""status"": 0, ""success"": true, ""x"": [1.2130727941294044, -1.394818716650757]}, {""fun"": 25207.28811456127, ""jac"": [-0.0003637978829201424, 0.0], ""message"": ""CONVERGENCE: REL_REDUCTION_OF_F_<=_FACTR*EPSMCH"", ""method"": ""L-BFGS-B"", ""nfev"": 21, ""nit"": 5, ""status"": 0, ""success"": true, ""x"": [1.2130731650883766, -1.3948186368780782]}], ""solver_path"": ""general_convolution"", ""uncertified_profiles"": 0}"
foul_leaves_5_team,team-quarter,2016-17,9840,optimization,FTM,2,LOOSE_BALL_FOUL_DRAWN,16,Binomial,51564.242567215064,-25772.927072617487,[0.5719070461300434],"{""n"": 100, ""p"": 0.042348676456707854}",2,True,optimizer_converged_lbfgsb,11,50,2,-25773.716223317937,0.7891507004496816,0.30948779999744147,"{""binomial_discrete_residual_mean"": 4.250109510762142, ""binomial_discrete_residual_variance"": 8.843231195386291, ""binomial_h_extension_used"": true, ""binomial_n_candidates"": 1, ""binomial_n_max"": 100, ""binomial_n_min"": 100, ""binomial_n_policy"": ""paper_H_binomial_discrete_index_continuous_full_mle"", ""binomial_n_tie_break"": ""not_applicable_single_mom_index"", ""certified_profiles"": 1, ""optimizer_powell_attempted"": false, ""optimizer_powell_success"": false, ""optimizer_primary_failed_starts"": 0, ""optimizer_primary_successful_starts"": 2, ""optimizer_results"": [{""fun"": 25772.92707261766, ""jac"": [0.0003637978788811745, 0.0018189894146007119], ""message"": ""CONVERGENCE: REL_REDUCTION_OF_F_<=_FACTR*EPSMCH"", ""method"": ""L-BFGS-B"", ""nfev"": 21, ""nit"": 5, ""status"": 0, ""success"": true, ""x"": [0.5719077690692671, -3.1185466110102023]}, {""fun"": 25772.927072617487, ""jac"": [0.0, -0.0003637978829201424], ""message"": ""CONVERGENCE: REL_REDUCTION_OF_F_<=_FACTR*EPSMCH"", ""method"": ""L-BFGS-B"", ""nfev"": 27, ""nit"": 6, ""status"": 0, ""success"": true, ""x"": [0.5719070461300434, -3.118546580710196]}], ""solver_path"": ""general_convolution"", ""uncertified_profiles"": 0}"
foul_leaves_5_team,team-quarter,2016-17,9840,optimization,FTM,2,LOOSE_BALL_FOUL_DRAWN,16,Bernoulli,inf,-inf,[],{},2,False,infeasible_conditional_support,0,0,0,-inf,0.0,7.680000271648169e-05,"{""binomial_discrete_residual_mean"": null, ""binomial_discrete_residual_variance"": null, ""binomial_h_extension_used"": null, ""binomial_n_candidates"": 0, ""binomial_n_max"": null, ""binomial_n_min"": null, ""binomial_n_policy"": null, ""binomial_n_tie_break"": null, ""certified_profiles"": 0, ""solver_path"": ""conditional_support_check"", ""support_violating_rows"": 6038, ""uncertified_profiles"": 0}"
foul_leaves_5_team,team-quarter,2016-17,9840,optimization,FTM,2,FOUL;LOOSE_BALL_FOUL_DRAWN,17,Poisson,39359.80501199741,-19666.111189513635,"[0.9699043693251747, 0.0]","{""lam"": 0.014851432864268894}",3,True,poisson_convex_mle,35,62,2,-20118.232443463156,452.1212539495209,0.0906840999959968,"{""binomial_discrete_residual_mean"": null, ""binomial_discrete_residual_variance"": null, ""binomial_h_extension_used"": null, ""binomial_n_candidates"": 0, ""binomial_n_max"": null, ""binomial_n_min"": null, ""binomial_n_policy"": null, ""binomial_n_tie_break"": null, ""certified_profiles"": 1, ""optimizer_primary_failed_starts"": 0, ""optimizer_primary_successful_starts"": 2, ""optimizer_results"": [{""fun"": 19666.111189513635, ""jac"": [-6.164334999425591e-05, 0.00020508529013341104, 439.85077431624677], ""message"": ""CONVERGENCE: REL_REDUCTION_OF_F_<=_FACTR*EPSMCH"", ""method"": ""L-BFGS-B"", ""nfev"": 53, ""nit"": 32, ""status"": 0, ""success"": true, ""x"": [0.014851432864268894, 0.9699043693251747, 0.0]}, {""fun"": 20056.715312431286, ""jac"": [641.0507605580767, -488.48431100865565, 378.78149039204163], ""message"": ""CONVERGENCE: REL_REDUCTION_OF_F_<=_FACTR*EPSMCH"", ""method"": ""L-BFGS-B"", ""nfev"": 7, ""nit"": 3, ""status"": 0, ""success"": true, ""x"": [0.7166009078729397, 0.8165354337930112, 0.0]}], ""poisson_canonical_agreement_abs"": 0.0, ""solver_path"": ""poisson_convex"", ""uncertified_profiles"": 0}"
foul_leaves_5_team,team-quarter,2016-17,9840,optimization,FTM,2,FOUL;LOOSE_BALL_FOUL_DRAWN,17,NB,39360.03359223407,-19661.62837413694,"[0.9711732931637221, 0.0]","{""p"": 0.7524947116591533, ""r"": 0.027650528414731555}",4,True,optimizer_converged_lbfgsb,61,417,2,-20308.411966625772,646.7835924888313,1.592271699977573,"{""binomial_discrete_residual_mean"": null, ""binomial_discrete_residual_variance"": null, ""binomial_h_extension_used"": null, ""binomial_n_candidates"": 0, ""binomial_n_max"": null, ""binomial_n_min"": null, ""binomial_n_policy"": null, ""binomial_n_tie_break"": null, ""certified_profiles"": 1, ""optimizer_powell_attempted"": false, ""optimizer_powell_success"": false, ""optimizer_primary_failed_starts"": 0, ""optimizer_primary_successful_starts"": 2, ""optimizer_results"": [{""fun"": 19661.62837523016, ""jac"": [0.006184563940979967, 439.99643821734935, 0.0025465851804409964, -0.0007275957658402848], ""message"": ""CONVERGENCE: REL_REDUCTION_OF_F_<=_FACTR*EPSMCH"", ""method"": ""L-BFGS-B"", ""nfev"": 230, ""nit"": 31, ""status"": 0, ""success"": true, ""x"": [0.9711729600232624, 0.0, -3.586428247509308, 1.113229821770417]}, {""fun"": 19661.62837413694, ""jac"": [-0.016370904549652853, 439.9953468237072, 0.0, 0.0], ""message"": ""CONVERGENCE: REL_REDUCTION_OF_F_<=_FACTR*EPSMCH"", ""method"": ""L-BFGS-B"", ""nfev"": 185, ""nit"": 30, ""status"": 0, ""success"": true, ""x"": [0.9711732931637221, 0.0, -3.588110440356202, 1.111962020088661]}], ""solver_path"": ""general_convolution"", ""uncertified_profiles"": 0}"
foul_leaves_5_team,team-quarter,2016-17,9840,optimization,FTM,2,FOUL;LOOSE_BALL_FOUL_DRAWN,17,ZIP,39359.188715250995,-19661.205935645405,"[0.9711882933028568, 0.0]","{""lam"": 0.3732791026499207, ""rho"": 0.9758135494653816}",4,True,optimizer_converged_lbfgsb,44,312,2,-20465.62462201383,804.4186863684263,0.3711163999978453,"{""binomial_discrete_residual_mean"": null, ""binomial_discrete_residual_variance"": null, ""binomial_h_extension_used"": null, ""binomial_n_candidates"": 0, ""binomial_n_max"": null, ""binomial_n_min"": null, ""binomial_n_policy"": null, ""binomial_n_tie_break"": null, ""certified_profiles"": 1, ""optimizer_powell_attempted"": false, ""optimizer_powell_success"": false, ""optimizer_primary_failed_starts"": 0, ""optimizer_primary_successful_starts"": 2, ""optimizer_results"": [{""fun"": 19666.111189512416, ""jac"": [-0.000727595757762349, 439.8509190650657, -0.0007275957658402848, 0.0], ""message"": ""CONVERGENCE: REL_REDUCTION_OF_F_<=_FACTR*EPSMCH"", ""method"": ""L-BFGS-B"", ""nfev"": 175, ""nit"": 21, ""status"": 0, ""success"": true, ""x"": [0.9699043987470302, 0.0, -4.209673732437303, -20.72326583594641]}, {""fun"": 19661.205935645405, ""jac"": [0.001455191515524698, 439.9629688123241, -0.000727595757762349, -0.0003637978829201424], ""message"": ""CONVERGENCE: REL_REDUCTION_OF_F_<=_FACTR*EPSMCH"", ""method"": ""L-BFGS-B"", ""nfev"": 135, ""nit"": 23, ""status"": 0, ""success"": true, ""x"": [0.9711882933028568, 0.0, -0.9854288746716134, 3.697478951680619]}], ""solver_path"": ""general_convolution"", ""uncertified_profiles"": 0}"
foul_leaves_5_team,team-quarter,2016-17,9840,optimization,FTM,2,FOUL;LOOSE_BALL_FOUL_DRAWN,17,Geom,39357.25564444306,-19664.83650573646,"[0.9699784259952067, 0.0]","{""p"": 0.9856803474738506}",3,True,optimizer_converged_lbfgsb,22,158,2,-20160.515286877104,495.67878114064297,13.72592330002226,"{""binomial_discrete_residual_mean"": null, ""binomial_discrete_residual_variance"": null, ""binomial_h_extension_used"": null, ""binomial_n_candidates"": 0, ""binomial_n_max"": null, ""binomial_n_min"": null, ""binomial_n_policy"": null, ""binomial_n_tie_break"": null, ""certified_profiles"": 1, ""optimizer_powell_attempted"": false, ""optimizer_powell_success"": false, ""optimizer_primary_failed_starts"": 0, ""optimizer_primary_successful_starts"": 2, ""optimizer_results"": [{""fun"": 19754.755037839033, ""jac"": [11.460724578393641, 441.3279384607449, 0.0], ""message"": ""CONVERGENCE: REL_REDUCTION_OF_F_<=_FACTR*EPSMCH"", ""method"": ""L-BFGS-B"", ""nfev"": 80, ""nit"": 7, ""status"": 0, ""success"": true, ""x"": [0.9732943684662201, 0.0, 20.203330313220164]}, {""fun"": 19664.83650573646, ""jac"": [0.11386873608980763, 439.8589226184413, 0.0018189894146007119], ""message"": ""CONVERGENCE: REL_REDUCTION_OF_F_<=_FACTR*EPSMCH"", ""method"": ""L-BFGS-B"", ""nfev"": 76, ""nit"": 15, ""status"": 0, ""success"": true, ""x"": [0.9699784259952067, 0.0, 4.231699214533905]}], ""solver_path"": ""general_convolution"", ""uncertified_profiles"": 0}"
foul_leaves_5_team,team-quarter,2016-17,9840,optimization,FTM,2,FOUL;LOOSE_BALL_FOUL_DRAWN,17,Binomial,39362.46340161081,-19667.440384320336,"[0.9698671457071786, 0.0]","{""n"": 2, ""p"": 0.00751000061477311}",3,True,optimizer_converged_lbfgsb,35,194,2,-20156.153319245605,488.7129349252682,0.5468669999972917,"{""binomial_discrete_residual_mean"": -1.1523831742483246, ""binomial_discrete_residual_variance"": -2.607645295024839, ""binomial_h_extension_used"": true, ""binomial_n_candidates"": 1, ""binomial_n_max"": 2, ""binomial_n_min"": 2, ""binomial_n_policy"": ""paper_H_binomial_discrete_index_continuous_full_mle"", ""binomial_n_tie_break"": ""not_applicable_single_mom_index"", ""certified_profiles"": 1, ""optimizer_powell_attempted"": false, ""optimizer_powell_success"": false, ""optimizer_primary_failed_starts"": 0, ""optimizer_primary_successful_starts"": 2, ""optimizer_results"": [{""fun"": 19667.44038433252, ""jac"": [0.0, 439.84982767142355, 0.0003637978829201424], ""message"": ""CONVERGENCE: REL_REDUCTION_OF_F_<=_FACTR*EPSMCH"", ""method"": ""L-BFGS-B"", ""nfev"": 116, ""nit"": 20, ""status"": 0, ""success"": true, ""x"": [0.9698670073828111, 0.0, -4.883923061745415]}, {""fun"": 19667.440384320336, ""jac"": [-0.0021827872732870473, 439.84982767142355, 0.0], ""message"": ""CONVERGENCE: REL_REDUCTION_OF_F_<=_FACTR*EPSMCH"", ""method"": ""L-BFGS-B"", ""nfev"": 76, ""nit"": 15, ""status"": 0, ""success"": true, ""x"": [0.9698671457071786, 0.0, -4.88398138868777]}], ""solver_path"": ""general_convolution"", ""uncertified_profiles"": 0}"
foul_leaves_5_team,team-quarter,2016-17,9840,optimization,FTM,2,FOUL;LOOSE_BALL_FOUL_DRAWN,17,Bernoulli,inf,-inf,[],{},3,False,infeasible_conditional_support,0,0,0,-inf,0.0,8.259998867288232e-05,"{""binomial_discrete_residual_mean"": null, ""binomial_discrete_residual_variance"": null, ""binomial_h_extension_used"": null, ""binomial_n_candidates"": 0, ""binomial_n_max"": null, ""binomial_n_min"": null, ""binomial_n_policy"": null, ""binomial_n_tie_break"": null, ""certified_profiles"": 0, ""solver_path"": ""conditional_support_check"", ""support_violating_rows"": 2, ""uncertified_profiles"": 0}"
foul_leaves_5_team,team-quarter,2016-17,9840,optimization,FTM,2,FTA;LOOSE_BALL_FOUL_DRAWN,18,Poisson,32481.581976839712,-16226.999671934787,"[0.771836292100842, 0.0]","{""lam"": 0.0}",3,True,poisson_convex_mle,11,17,2,-16227.008198604472,0.008526669684215449,0.021524299983866513,"{""binomial_discrete_residual_mean"": null, ""binomial_discrete_residual_variance"": null, ""binomial_h_extension_used"": null, ""binomial_n_candidates"": 0, ""binomial_n_max"": null, ""binomial_n_min"": null, ""binomial_n_policy"": null, ""binomial_n_tie_break"": null, ""certified_profiles"": 1, ""optimizer_primary_failed_starts"": 0, ""optimizer_primary_successful_starts"": 2, ""optimizer_results"": [{""fun"": 16227.008198604472, ""jac"": [512.8839141970367, 35.245448112919064, 179.32674632184938], ""message"": ""CONVERGENCE: REL_REDUCTION_OF_F_<=_FACTR*EPSMCH"", ""method"": ""L-BFGS-B"", ""nfev"": 3, ""nit"": 1, ""status"": 0, ""success"": true, ""x"": [0.0, 0.7723200363556351, 0.0]}, {""fun"": 16226.999671934787, ""jac"": [507.03819423483367, -9.320008345525821e-06, 177.50939166827868], ""message"": ""CONVERGENCE: REL_REDUCTION_OF_F_<=_FACTR*EPSMCH"", ""method"": ""L-BFGS-B"", ""nfev"": 12, ""nit"": 10, ""status"": 0, ""success"": true, ""x"": [0.0, 0.771836292100842, 0.0]}], ""poisson_canonical_agreement_abs"": 0.0, ""solver_path"": ""poisson_convex"", ""uncertified_profiles"": 0}"
foul_leaves_5_team,team-quarter,2016-17,9840,optimization,FTM,2,FTA;LOOSE_BALL_FOUL_DRAWN,18,NB,32490.777104271612,-16227.000130155713,"[0.7718494397373004, 0.0]","{""p"": 0.9999274727732204, ""r"": 0.012282744282611462}",4,True,optimizer_converged_lbfgsb,43,397,2,-16227.013327684515,0.013197528802265879,1.4933460000320338,"{""binomial_discrete_residual_mean"": null, ""binomial_discrete_residual_variance"": null, ""binomial_h_extension_used"": null, ""binomial_n_candidates"": 0, ""binomial_n_max"": null, ""binomial_n_min"": null, ""binomial_n_policy"": null, ""binomial_n_tie_break"": null, ""certified_profiles"": 1, ""optimizer_powell_attempted"": false, ""optimizer_powell_success"": false, ""optimizer_primary_failed_starts"": 0, ""optimizer_primary_successful_starts"": 2, ""optimizer_results"": [{""fun"": 16227.00474242722, ""jac"": [0.005820766062098792, 177.51190171111375, 0.006184563972055971, -0.0036379785060840215], ""message"": ""CONVERGENCE: REL_REDUCTION_OF_F_<=_FACTR*EPSMCH"", ""method"": ""L-BFGS-B"", ""nfev"": 35, ""nit"": 3, ""status"": 0, ""success"": true, ""x"": [0.7718346923369627, 0.0, -1.1935194592160943e-05, 11.512919561607927]}, {""fun"": 16227.000130155713, ""jac"": [0.9693394482788895, 177.55955923348665, 0.005638867185262206, -0.0005456967759126033], ""message"": ""CONVERGENCE: REL_REDUCTION_OF_F_<=_FACTR*EPSMCH"", ""method"": ""L-BFGS-B"", ""nfev"": 360, ""nit"": 40, ""status"": 0, ""success"": true, ""x"": [0.7718494397373004, 0.0, -4.3995599054474415, 9.531475994955848]}], ""solver_path"": ""general_convolution"", ""uncertified_profiles"": 0}"
foul_leaves_5_team,team-quarter,2016-17,9840,optimization,FTM,2,FTA;LOOSE_BALL_FOUL_DRAWN,18,ZIP,32490.776187931177,-16226.999671985495,"[0.7718362874114159, 0.0]","{""lam"": 9.999999999999996e-11, ""rho"": 1.0000000000000007e-09}",4,True,optimizer_converged_lbfgsb,31,192,2,-16227.00819865576,0.008526670264473069,0.25067160004982725,"{""binomial_discrete_residual_mean"": null, ""binomial_discrete_residual_variance"": null, ""binomial_h_extension_used"": null, ""binomial_n_candidates"": 0, ""binomial_n_max"": null, ""binomial_n_min"": null, ""binomial_n_policy"": null, ""binomial_n_tie_break"": null, ""certified_profiles"": 1, ""optimizer_powell_attempted"": false, ""optimizer_powell_success"": false, ""optimizer_primary_failed_starts"": 0, ""optimizer_primary_successful_starts"": 2, ""optimizer_results"": [{""fun"": 16226.999671985495, ""jac"": [0.0003637978788811745, 177.50953702488914, 0.0, 0.0], ""message"": ""CONVERGENCE: REL_REDUCTION_OF_F_<=_FACTR*EPSMCH"", ""method"": ""L-BFGS-B"", ""nfev"": 30, ""nit"": 3, ""status"": 0, ""success"": true, ""x"": [0.7718362874114159, 0.0, -23.025850929940457, -20.72326583594641]}, {""fun"": 16226.999705127106, ""jac"": [0.0, 177.5093551259488, 0.0, 0.0], ""message"": ""CONVERGENCE: NORM_OF_PROJECTED_GRADIENT_<=_PGTOL"", ""method"": ""L-BFGS-B"", ""nfev"": 160, ""nit"": 28, ""status"": 0, ""success"": true, ""x"": [0.771836275199245, 0.0, -15.507391381299774, 0.5951938374562527]}], ""solver_path"": ""general_convolution"", ""uncertified_profiles"": 0}"
foul_leaves_5_team,team-quarter,2016-17,9840,optimization,FTM,2,FTA;LOOSE_BALL_FOUL_DRAWN,18,Geom,32481.581977853795,-16226.999672441829,"[0.771836294152882, 0.0]","{""p"": 0.9999999989999999}",3,True,optimizer_converged_lbfgsb,34,166,2,-16227.008199117357,0.008526675528628402,17.91790389997186,"{""binomial_discrete_residual_mean"": null, ""binomial_discrete_residual_variance"": null, ""binomial_h_extension_used"": null, ""binomial_n_candidates"": 0, ""binomial_n_max"": null, ""binomial_n_min"": null, ""binomial_n_policy"": null, ""binomial_n_tie_break"": null, ""certified_profiles"": 1, ""optimizer_powell_attempted"": false, ""optimizer_powell_success"": false, ""optimizer_primary_failed_starts"": 0, ""optimizer_primary_successful_starts"": 2, ""optimizer_results"": [{""fun"": 16226.999672441829, ""jac"": [0.000727595757762349, 177.50953702488914, 0.0], ""message"": ""CONVERGENCE: REL_REDUCTION_OF_F_<=_FACTR*EPSMCH"", ""method"": ""L-BFGS-B"", ""nfev"": 24, ""nit"": 3, ""status"": 0, ""success"": true, ""x"": [0.771836294152882, 0.0, 20.723265861589155]}, {""fun"": 16226.999674586186, ""jac"": [-0.000727595757762349, 177.50917322700843, 0.0], ""message"": ""CONVERGENCE: REL_REDUCTION_OF_F_<=_FACTR*EPSMCH"", ""method"": ""L-BFGS-B"", ""nfev"": 140, ""nit"": 31, ""status"": 0, ""success"": true, ""x"": [0.771836281516258, 0.0, 19.069012542126526]}], ""solver_path"": ""general_convolution"", ""uncertified_profiles"": 0}"
foul_leaves_5_team,team-quarter,2016-17,9840,optimization,FTM,2,FTA;LOOSE_BALL_FOUL_DRAWN,18,Binomial,32481.58197886787,-16226.999672948867,"[0.7718362881841673, 0.0]","{""n"": 2, ""p"": 1.0000000000000007e-09}",3,True,optimizer_converged_lbfgsb,37,182,2,-16227.008199630242,0.008526681374860345,0.6023988000233658,"{""binomial_discrete_residual_mean"": -0.0027663379845463965, ""binomial_discrete_residual_variance"": -3.3082454256417657, ""binomial_h_extension_used"": true, ""binomial_n_candidates"": 1, ""binomial_n_max"": 2, ""binomial_n_min"": 2, ""binomial_n_policy"": ""paper_H_binomial_discrete_index_continuous_full_mle"", ""binomial_n_tie_break"": ""not_applicable_single_mom_index"", ""certified_profiles"": 1, ""optimizer_powell_attempted"": false, ""optimizer_powell_success"": false, ""optimizer_primary_failed_starts"": 0, ""optimizer_primary_successful_starts"": 2, ""optimizer_results"": [{""fun"": 16226.999672948867, ""jac"": [0.0003637978788811745, 177.5093551259488, 0.0], ""message"": ""CONVERGENCE: REL_REDUCTION_OF_F_<=_FACTR*EPSMCH"", ""method"": ""L-BFGS-B"", ""nfev"": 24, ""nit"": 3, ""status"": 0, ""success"": true, ""x"": [0.7718362881841673, 0.0, -20.72326583594641]}, {""fun"": 16226.999961272722, ""jac"": [0.006912159698742316, 177.5097189238295, 0.0], ""message"": ""CONVERGENCE: REL_REDUCTION_OF_F_<=_FACTR*EPSMCH"", ""method"": ""L-BFGS-B"", ""nfev"": 156, ""nit"": 34, ""status"": 0, ""success"": true, ""x"": [0.7718362917960813, 0.0, -15.069649674528785]}], ""solver_path"": ""general_convolution"", ""uncertified_profiles"": 0}"
foul_leaves_5_team,team-quarter,2016-17,9840,optimization,FTM,2,FTA;LOOSE_BALL_FOUL_DRAWN,18,Bernoulli,32481.5819778538,-16226.99967244183,"[0.7718362850470972, 0.0]","{""p"": 1.0000000026392263e-09}",3,True,optimizer_converged_lbfgsb,39,202,2,-16227.008199117357,0.008526675526809413,0.3928991000284441,"{""binomial_discrete_residual_mean"": null, ""binomial_discrete_residual_variance"": null, ""binomial_h_extension_used"": null, ""binomial_n_candidates"": 0, ""binomial_n_max"": null, ""binomial_n_min"": null, ""binomial_n_policy"": null, ""binomial_n_tie_break"": null, ""certified_profiles"": 1, ""optimizer_powell_attempted"": false, ""optimizer_powell_success"": false, ""optimizer_primary_failed_starts"": 0, ""optimizer_primary_successful_starts"": 2, ""optimizer_results"": [{""fun"": 16226.99967244183, ""jac"": [-0.00018189893944058725, 177.50953702488914, 0.0], ""message"": ""CONVERGENCE: REL_REDUCTION_OF_F_<=_FACTR*EPSMCH"", ""method"": ""L-BFGS-B"", ""nfev"": 24, ""nit"": 3, ""status"": 0, ""success"": true, ""x"": [0.7718362850470972, 0.0, -20.723265833307185]}, {""fun"": 16226.999673287391, ""jac"": [-0.010004441669232299, 177.50899132806808, 0.0], ""message"": ""CONVERGENCE: REL_REDUCTION_OF_F_<=_FACTR*EPSMCH"", ""method"": ""L-BFGS-B"", ""nfev"": 176, ""nit"": 36, ""status"": 0, ""success"": true, ""x"": [0.7718361474161519, 0.0, -19.74263022776007]}], ""solver_path"": ""general_convolution"", ""uncertified_profiles"": 0}"
foul_leaves_5_team,team-quarter,2016-17,9840,optimization,FTM,2,FOUL;FTA;LOOSE_BALL_FOUL_DRAWN,19,Poisson,32490.77618782977,-16226.999671934793,"[0.0, 0.77183629223981, 0.0]","{""lam"": 0.0}",4,True,poisson_convex_mle,11,17,2,-16232.50158102484,5.501909090047775,0.027631700038909912,"{""binomial_discrete_residual_mean"": null, ""binomial_discrete_residual_variance"": null, ""binomial_h_extension_used"": null, ""binomial_n_candidates"": 0, ""binomial_n_max"": null, ""binomial_n_min"": null, ""binomial_n_policy"": null, ""binomial_n_tie_break"": null, ""certified_profiles"": 1, ""optimizer_primary_failed_starts"": 0, ""optimizer_primary_successful_starts"": 2, ""optimizer_results"": [{""fun"": 16232.50158102484, ""jac"": [654.0299615415424, 1728.135135021023, 886.2538843127998, 223.20712848737156], ""message"": ""CONVERGENCE: REL_REDUCTION_OF_F_<=_FACTR*EPSMCH"", ""method"": ""L-BFGS-B"", ""nfev"": 3, ""nit"": 1, ""status"": 0, ""success"": true, ""x"": [0.0, 0.0, 0.7841870378764512, 0.0]}, {""fun"": 16226.999671934793, ""jac"": [507.03819591521835, 1041.645428762671, 8.114984950680082e-07, 177.50939219068752], ""message"": ""CONVERGENCE: NORM_OF_PROJECTED_GRADIENT_<=_PGTOL"", ""method"": ""L-BFGS-B"", ""nfev"": 12, ""nit"": 10, ""status"": 0, ""success"": true, ""x"": [0.0, 0.0, 0.77183629223981, 0.0]}], ""poisson_canonical_agreement_abs"": 0.0, ""solver_path"": ""poisson_convex"", ""uncertified_profiles"": 0}"
foul_leaves_5_team,team-quarter,2016-17,9840,optimization,FTM,2,FOUL;FTA;LOOSE_BALL_FOUL_DRAWN,19,NB,32499.972431567017,-16227.000688308393,"[0.0, 0.7718312711526736, 0.0]","{""p"": 0.999694987388359, ""r"": 0.006561233404233561}",5,True,optimizer_converged_lbfgsb,27,314,2,-16232.508121557228,5.507433248834786,1.1462495000450872,"{""binomial_discrete_residual_mean"": null, ""binomial_discrete_residual_variance"": null, ""binomial_h_extension_used"": null, ""binomial_n_candidates"": 0, ""binomial_n_max"": null, ""binomial_n_min"": null, ""binomial_n_policy"": null, ""binomial_n_tie_break"": null, ""certified_profiles"": 1, ""optimizer_powell_attempted"": false, ""optimizer_powell_success"": false, ""optimizer_primary_failed_starts"": 0, ""optimizer_primary_successful_starts"": 2, ""optimizer_results"": [{""fun"": 16227.00474140437, ""jac"": [1041.6519216960296, -0.015643308791890506, 177.51081031747162, 0.004365574568512316, -0.004365574207300826], ""message"": ""CONVERGENCE: REL_REDUCTION_OF_F_<=_FACTR*EPSMCH"", ""method"": ""L-BFGS-B"", ""nfev"": 54, ""nit"": 4, ""status"": 0, ""success"": true, ""x"": [0.0, 0.771834377137232, 0.0, -0.00011413282105156716, 11.513019558024087]}, {""fun"": 16227.000688308393, ""jac"": [1041.3845302537084, -0.3425157029666258, 177.49189282767475, 0.01091393648760427, -0.0005456967759126033], ""message"": ""CONVERGENCE: REL_REDUCTION_OF_F_<=_FACTR*EPSMCH"", ""method"": ""L-BFGS-B"", ""nfev"": 258, ""nit"": 23, ""status"": 0, ""success"": true, ""x"": [0.0, 0.7718312711526736, 0.0, -5.026576674761442, 8.094852373431872]}], ""solver_path"": ""general_convolution"", ""uncertified_profiles"": 0}"
foul_leaves_5_team,team-quarter,2016-17,9840,optimization,FTM,2,FOUL;FTA;LOOSE_BALL_FOUL_DRAWN,19,ZIP,32499.970398921218,-16226.999671985493,"[0.0, 0.771836296652779, 0.0]","{""lam"": 9.999999999999996e-11, ""rho"": 1.0000000000000007e-09}",5,True,optimizer_converged_lbfgsb,35,278,2,-16232.501581090244,5.501909104750666,0.31898760003969073,"{""binomial_discrete_residual_mean"": null, ""binomial_discrete_residual_variance"": null, ""binomial_h_extension_used"": null, ""binomial_n_candidates"": 0, ""binomial_n_max"": null, ""binomial_n_min"": null, ""binomial_n_policy"": null, ""binomial_n_tie_break"": null, ""certified_profiles"": 1, ""optimizer_powell_attempted"": false, ""optimizer_powell_success"": false, ""optimizer_primary_failed_starts"": 0, ""optimizer_primary_successful_starts"": 2, ""optimizer_results"": [{""fun"": 16226.999671985493, ""jac"": [1041.6461009299383, 0.000727595757762349, 177.5097189238295, 0.0, 0.0], ""message"": ""CONVERGENCE: REL_REDUCTION_OF_F_<=_FACTR*EPSMCH"", ""method"": ""L-BFGS-B"", ""nfev"": 48, ""nit"": 4, ""status"": 0, ""success"": true, ""x"": [0.0, 0.771836296652779, 0.0, -23.025850929940457, -20.72326583594641]}, {""fun"": 16226.999706495462, ""jac"": [1041.6441000415944, -0.0018189893944058726, 177.5093551259488, 0.0, 0.0], ""message"": ""CONVERGENCE: REL_REDUCTION_OF_F_<=_FACTR*EPSMCH"", ""method"": ""L-BFGS-B"", ""nfev"": 228, ""nit"": 31, ""status"": 0, ""success"": true, ""x"": [0.0, 0.7718362521392454, 0.0, -16.202187939335918, -1.053340567620279]}], ""solver_path"": ""general_convolution"", ""uncertified_profiles"": 0}"
foul_leaves_5_team,team-quarter,2016-17,9840,optimization,FTM,2,FOUL;FTA;LOOSE_BALL_FOUL_DRAWN,19,Geom,32490.776188843847,-16226.99967244183,"[0.0, 0.771836289227698, 0.0]","{""p"": 0.9999999989999999}",4,True,optimizer_converged_lbfgsb,28,177,2,-16232.50158167887,5.50190923703849,16.11653339996701,"{""binomial_discrete_residual_mean"": null, ""binomial_discrete_residual_variance"": null, ""binomial_h_extension_used"": null, ""binomial_n_candidates"": 0, ""binomial_n_max"": null, ""binomial_n_min"": null, ""binomial_n_policy"": null, ""binomial_n_tie_break"": null, ""certified_profiles"": 1, ""optimizer_powell_attempted"": false, ""optimizer_powell_success"": false, ""optimizer_primary_failed_starts"": 0, ""optimizer_primary_successful_starts"": 2, ""optimizer_results"": [{""fun"": 16226.99967244183, ""jac"": [1041.6453733341768, 0.00018189893944058725, 177.5093551259488, 0.0], ""message"": ""CONVERGENCE: REL_REDUCTION_OF_F_<=_FACTR*EPSMCH"", ""method"": ""L-BFGS-B"", ""nfev"": 35, ""nit"": 4, ""status"": 0, ""success"": true, ""x"": [0.0, 0.771836289227698, 0.0, 20.723265861117792]}, {""fun"": 16227.00404813446, ""jac"": [1041.5011274744757, -0.20827428565947242, 177.5004420778714, -0.004365574207300826], ""message"": ""CONVERGENCE: REL_REDUCTION_OF_F_<=_FACTR*EPSMCH"", ""method"": ""L-BFGS-B"", ""nfev"": 140, ""nit"": 24, ""status"": 0, ""success"": true, ""x"": [0.0, 0.7718320060796656, 0.0, 11.660252802145]}], ""solver_path"": ""general_convolution"", ""uncertified_profiles"": 0}"
foul_leaves_5_team,team-quarter,2016-17,9840,optimization,FTM,2,FOUL;FTA;LOOSE_BALL_FOUL_DRAWN,19,Binomial,32490.77618985792,-16226.999672948867,"[0.0, 0.7718362949373659, 0.0]","{""n"": 2, ""p"": 1.0000000000000007e-09}",4,True,optimizer_converged_lbfgsb,39,307,2,-16232.501582332901,5.501909384034661,0.8708292000228539,"{""binomial_discrete_residual_mean"": -0.07062894393757979, ""binomial_discrete_residual_variance"": -3.623342195286165, ""binomial_h_extension_used"": true, ""binomial_n_candidates"": 1, ""binomial_n_max"": 2, ""binomial_n_min"": 2, ""binomial_n_policy"": ""paper_H_binomial_discrete_index_continuous_full_mle"", ""binomial_n_tie_break"": ""not_applicable_single_mom_index"", ""certified_profiles"": 1, ""optimizer_powell_attempted"": false, ""optimizer_powell_success"": false, ""optimizer_primary_failed_starts"": 0, ""optimizer_primary_successful_starts"": 2, ""optimizer_results"": [{""fun"": 16226.999672948867, ""jac"": [1041.645919030998, 0.000727595757762349, 177.5097189238295, 0.0], ""message"": ""CONVERGENCE: REL_REDUCTION_OF_F_<=_FACTR*EPSMCH"", ""method"": ""L-BFGS-B"", ""nfev"": 40, ""nit"": 4, ""status"": 0, ""success"": true, ""x"": [0.0, 0.7718362949373659, 0.0, -20.72326583594641]}, {""fun"": 16226.999731536707, ""jac"": [1041.6461009299383, 0.00018189893944058725, 177.50953702488914, 0.0], ""message"": ""CONVERGENCE: REL_REDUCTION_OF_F_<=_FACTR*EPSMCH"", ""method"": ""L-BFGS-B"", ""nfev"": 265, ""nit"": 35, ""status"": 0, ""success"": true, ""x"": [0.0, 0.7718362669592919, 0.0, -16.649556274954282]}], ""solver_path"": ""general_convolution"", ""uncertified_profiles"": 0}"
foul_leaves_5_team,team-quarter,2016-17,9840,optimization,FTM,2,FOUL;FTA;LOOSE_BALL_FOUL_DRAWN,19,Bernoulli,32490.776188843847,-16226.99967244183,"[0.0, 0.7718362883821166, 0.0]","{""p"": 1.0000000000000007e-09}",4,True,optimizer_converged_lbfgsb,41,282,2,-16232.50158167887,5.50190923703849,0.5715635000378825,"{""binomial_discrete_residual_mean"": null, ""binomial_discrete_residual_variance"": null, ""binomial_h_extension_used"": null, ""binomial_n_candidates"": 0, ""binomial_n_max"": null, ""binomial_n_min"": null, ""binomial_n_policy"": null, ""binomial_n_tie_break"": null, ""certified_profiles"": 1, ""optimizer_powell_attempted"": false, ""optimizer_powell_success"": false, ""optimizer_primary_failed_starts"": 0, ""optimizer_primary_successful_starts"": 2, ""optimizer_results"": [{""fun"": 16226.99967244183, ""jac"": [1041.6455552331172, 0.00018189893944058725, 177.50917322700843, 0.0], ""message"": ""CONVERGENCE: REL_REDUCTION_OF_F_<=_FACTR*EPSMCH"", ""method"": ""L-BFGS-B"", ""nfev"": 35, ""nit"": 4, ""status"": 0, ""success"": true, ""x"": [0.0, 0.7718362883821166, 0.0, -20.72326583594641]}, {""fun"": 16226.999874242647, ""jac"": [1039.6615834906697, -2.5616827641417905, 177.37693269737065, 0.0], ""message"": ""CONVERGENCE: REL_REDUCTION_OF_F_<=_FACTR*EPSMCH"", ""method"": ""L-BFGS-B"", ""nfev"": 245, ""nit"": 37, ""status"": 0, ""success"": true, ""x"": [0.0, 0.7718011011239271, 0.0, -14.9859739763036]}], ""solver_path"": ""general_convolution"", ""uncertified_profiles"": 0}"
foul_leaves_5_team,team-quarter,2016-17,9840,optimization,FTM,2,PERS_FOUL_DRAWN;LOOSE_BALL_FOUL_DRAWN,24,Poisson,49901.15325108395,-24936.785309056908,"[0.5161246703371536, 0.4716350815640267]","{""lam"": 3.3760333031579783}",3,True,poisson_convex_mle,16,22,2,-24950.42605173679,13.64074267988326,0.037629000027664006,"{""binomial_discrete_residual_mean"": null, ""binomial_discrete_residual_variance"": null, ""binomial_h_extension_used"": null, ""binomial_n_candidates"": 0, ""binomial_n_max"": null, ""binomial_n_min"": null, ""binomial_n_policy"": null, ""binomial_n_tie_break"": null, ""certified_profiles"": 1, ""optimizer_primary_failed_starts"": 0, ""optimizer_primary_successful_starts"": 2, ""optimizer_results"": [{""fun"": 24936.785309056908, ""jac"": [4.249606234907333e-06, 1.9845336680646142e-05, -8.845099479515284e-07], ""message"": ""CONVERGENCE: REL_REDUCTION_OF_F_<=_FACTR*EPSMCH"", ""method"": ""L-BFGS-B"", ""nfev"": 9, ""nit"": 7, ""status"": 0, ""success"": true, ""x"": [3.3760333031579783, 0.5161246703371536, 0.4716350815640267]}, {""fun"": 24936.785309057555, ""jac"": [-3.7017308841313934e-05, -0.0011767883553375214, 0.0007706108812399748], ""message"": ""CONVERGENCE: REL_REDUCTION_OF_F_<=_FACTR*EPSMCH"", ""method"": ""L-BFGS-B"", ""nfev"": 11, ""nit"": 9, ""status"": 0, ""success"": true, ""x"": [3.376033369887355, 0.5161243829170892, 0.4716363249583852]}], ""poisson_canonical_agreement_abs"": 0.0, ""solver_path"": ""poisson_convex"", ""uncertified_profiles"": 0}"
foul_leaves_5_team,team-quarter,2016-17,9840,optimization,FTM,2,PERS_FOUL_DRAWN;LOOSE_BALL_FOUL_DRAWN,24,NB,47552.25539685489,-23757.73927644735,"[0.42235384663308123, 0.3716551607136378]","{""p"": 0.4607736769445366, ""r"": 3.049788757929459}",4,True,optimizer_converged_lbfgsb,23,142,2,-23760.024899827284,2.285623379932076,0.5307560000219382,"{""binomial_discrete_residual_mean"": null, ""binomial_discrete_residual_variance"": null, ""binomial_h_extension_used"": null, ""binomial_n_candidates"": 0, ""binomial_n_max"": null, ""binomial_n_min"": null, ""binomial_n_policy"": null, ""binomial_n_tie_break"": null, ""certified_profiles"": 1, ""optimizer_powell_attempted"": false, ""optimizer_powell_success"": false, ""optimizer_primary_failed_starts"": 0, ""optimizer_primary_successful_starts"": 2, ""optimizer_results"": [{""fun"": 23757.739276500644, ""jac"": [0.0007275957618013168, 0.0043655745708079015, 0.001091393648760427, 0.008003553379814485], ""message"": ""CONVERGENCE: REL_REDUCTION_OF_F_<=_FACTR*EPSMCH"", ""method"": ""L-BFGS-B"", ""nfev"": 60, ""nit"": 9, ""status"": 0, ""success"": true, ""x"": [0.4223532943787, 0.3716662412877108, 1.1150822680532857, -0.157216958128974]}, {""fun"": 23757.73927644735, ""jac"": [0.0014551915236026337, -0.0007275957618013168, 0.0036379788292014237, -0.005093170332609218], ""message"": ""CONVERGENCE: REL_REDUCTION_OF_F_<=_FACTR*EPSMCH"", ""method"": ""L-BFGS-B"", ""nfev"": 80, ""nit"": 14, ""status"": 0, ""success"": true, ""x"": [0.42235384663308123, 0.3716551607136378, 1.1150723285254975, -0.15722839406587388]}], ""solver_path"": ""general_convolution"", ""uncertified_profiles"": 0}"
foul_leaves_5_team,team-quarter,2016-17,9840,optimization,FTM,2,PERS_FOUL_DRAWN;LOOSE_BALL_FOUL_DRAWN,24,ZIP,47925.5687034193,-23944.39592972956,"[0.6123317131863261, 0.5738024472296472]","{""lam"": 3.9543241309893298, ""rho"": 0.19629070855920305}",4,True,optimizer_converged_lbfgsb,21,127,2,-24104.402755939103,160.00682620954467,0.14557920000515878,"{""binomial_discrete_residual_mean"": null, ""binomial_discrete_residual_variance"": null, ""binomial_h_extension_used"": null, ""binomial_n_candidates"": 0, ""binomial_n_max"": null, ""binomial_n_min"": null, ""binomial_n_policy"": null, ""binomial_n_tie_break"": null, ""certified_profiles"": 1, ""optimizer_powell_attempted"": false, ""optimizer_powell_success"": false, ""optimizer_primary_failed_starts"": 0, ""optimizer_primary_successful_starts"": 2, ""optimizer_results"": [{""fun"": 23944.39592972956, ""jac"": [0.000727595757762349, -0.0010913936366435237, 0.0, -0.0007275957658402848], ""message"": ""CONVERGENCE: REL_REDUCTION_OF_F_<=_FACTR*EPSMCH"", ""method"": ""L-BFGS-B"", ""nfev"": 65, ""nit"": 11, ""status"": 0, ""success"": true, ""x"": [0.6123317131863261, 0.5738024472296472, 1.3748096968538024, -1.4096408586837446]}, {""fun"": 23944.39593380809, ""jac"": [-0.006184563940979967, -0.04220055395021625, -0.0032741809462812814, -0.03856257558953509], ""message"": ""CONVERGENCE: REL_REDUCTION_OF_F_<=_FACTR*EPSMCH"", ""method"": ""L-BFGS-B"", ""nfev"": 60, ""nit"": 10, ""status"": 0, ""success"": true, ""x"": [0.6123168069228205, 0.573700952998188, 1.3748122340523927, -1.4097392924851255]}], ""solver_path"": ""general_convolution"", ""uncertified_profiles"": 0}"
foul_leaves_5_team,team-quarter,2016-17,9840,optimization,FTM,2,PERS_FOUL_DRAWN;LOOSE_BALL_FOUL_DRAWN,24,Geom,48524.84271853377,-24248.630042781817,"[0.7737361500419306, 0.7404271950801352]","{""p"": 0.25990231388401475}",3,True,optimizer_converged_lbfgsb,18,90,2,-24331.528824096033,82.89878131421574,0.14608989999396726,"{""binomial_discrete_residual_mean"": null, ""binomial_discrete_residual_variance"": null, ""binomial_h_extension_used"": null, ""binomial_n_candidates"": 0, ""binomial_n_max"": null, ""binomial_n_min"": null, ""binomial_n_policy"": null, ""binomial_n_tie_break"": null, ""certified_profiles"": 1, ""optimizer_powell_attempted"": false, ""optimizer_powell_success"": false, ""optimizer_primary_failed_starts"": 0, ""optimizer_primary_successful_starts"": 2, ""optimizer_results"": [{""fun"": 24248.63004280549, ""jac"": [-0.001455191515524698, -0.002910383031049396, -0.009458744955923701], ""message"": ""CONVERGENCE: REL_REDUCTION_OF_F_<=_FACTR*EPSMCH"", ""method"": ""L-BFGS-B"", ""nfev"": 40, ""nit"": 8, ""status"": 0, ""success"": true, ""x"": [0.7737351936858284, 0.7404196631755477, -1.046478803881251]}, {""fun"": 24248.630042781817, ""jac"": [0.0003637978788811745, 0.0003637978788811745, -0.0007275957658402848], ""message"": ""CONVERGENCE: REL_REDUCTION_OF_F_<=_FACTR*EPSMCH"", ""method"": ""L-BFGS-B"", ""nfev"": 48, ""nit"": 10, ""status"": 0, ""success"": true, ""x"": [0.7737361500419306, 0.7404271950801352, -1.0464763411647975]}], ""solver_path"": ""general_convolution"", ""uncertified_profiles"": 0}"
foul_leaves_5_team,team-quarter,2016-17,9840,optimization,FTM,2,PERS_FOUL_DRAWN;LOOSE_BALL_FOUL_DRAWN,24,Binomial,50134.47372416574,-25053.445545597802,"[0.537840701039206, 0.4972493935977937]","{""n"": 100, ""p"": 0.033305625865064546}",3,True,optimizer_converged_lbfgsb,17,90,2,-25060.483473234064,7.037927636261884,0.5377161999931559,"{""binomial_discrete_residual_mean"": 3.230335699006904, ""binomial_discrete_residual_variance"": 7.1519249621477465, ""binomial_h_extension_used"": true, ""binomial_n_candidates"": 1, ""binomial_n_max"": 100, ""binomial_n_min"": 100, ""binomial_n_policy"": ""paper_H_binomial_discrete_index_continuous_full_mle"", ""binomial_n_tie_break"": ""not_applicable_single_mom_index"", ""certified_profiles"": 1, ""optimizer_powell_attempted"": false, ""optimizer_powell_success"": false, ""optimizer_primary_failed_starts"": 0, ""optimizer_primary_successful_starts"": 2, ""optimizer_results"": [{""fun"": 25053.445545597842, ""jac"": [-0.0003637978788811745, -0.0003637978809006584, -0.0018189894146007119], ""message"": ""CONVERGENCE: REL_REDUCTION_OF_F_<=_FACTR*EPSMCH"", ""method"": ""L-BFGS-B"", ""nfev"": 40, ""nit"": 8, ""status"": 0, ""success"": true, ""x"": [0.5378406925240448, 0.49724945382695085, -3.368156087446919]}, {""fun"": 25053.445545597802, ""jac"": [0.0003637978788811745, 0.0, -0.0003637978829201424], ""message"": ""CONVERGENCE: REL_REDUCTION_OF_F_<=_FACTR*EPSMCH"", ""method"": ""L-BFGS-B"", ""nfev"": 48, ""nit"": 9, ""status"": 0, ""success"": true, ""x"": [0.537840701039206, 0.4972493935977937, -3.368156062180242]}], ""solver_path"": ""general_convolution"", ""uncertified_profiles"": 0}"
foul_leaves_5_team,team-quarter,2016-17,9840,optimization,FTM,2,PERS_FOUL_DRAWN;LOOSE_BALL_FOUL_DRAWN,24,Bernoulli,inf,-inf,[],{},3,False,infeasible_conditional_support,0,0,0,-inf,0.0,8.220004383474588e-05,"{""binomial_discrete_residual_mean"": null, ""binomial_discrete_residual_variance"": null, ""binomial_h_extension_used"": null, ""binomial_n_candidates"": 0, ""binomial_n_max"": null, ""binomial_n_min"": null, ""binomial_n_policy"": null, ""binomial_n_tie_break"": null, ""certified_profiles"": 0, ""solver_path"": ""conditional_support_check"", ""support_violating_rows"": 1109, ""uncertified_profiles"": 0}"
foul_leaves_5_team,team-quarter,2016-17,9840,optimization,FTM,2,FOUL;PERS_FOUL_DRAWN;LOOSE_BALL_FOUL_DRAWN,25,Poisson,39368.99922298744,-19666.111189513627,"[0.9699043630475506, 0.0, 0.0]","{""lam"": 0.014851436701436679}",4,True,poisson_convex_mle,60,105,2,-19903.392681165744,237.28149165211653,0.159987099992577,"{""binomial_discrete_residual_mean"": null, ""binomial_discrete_residual_variance"": null, ""binomial_h_extension_used"": null, ""binomial_n_candidates"": 0, ""binomial_n_max"": null, ""binomial_n_min"": null, ""binomial_n_policy"": null, ""binomial_n_tie_break"": null, ""certified_profiles"": 1, ""optimizer_primary_failed_starts"": 0, ""optimizer_primary_successful_starts"": 2, ""optimizer_results"": [{""fun"": 19666.111189513635, ""jac"": [0.0002888908315412664, 0.0001569052171710439, 2185.0808705940567, 439.85077077079325], ""message"": ""CONVERGENCE: REL_REDUCTION_OF_F_<=_FACTR*EPSMCH"", ""method"": ""L-BFGS-B"", ""nfev"": 53, ""nit"": 31, ""status"": 0, ""success"": true, ""x"": [0.014851445837105286, 0.9699043655344369, 0.0, 0.0]}, {""fun"": 19666.111189513627, ""jac"": [-7.916834249499516e-06, -4.5665484790902156e-05, 2185.0808060548597, 439.8507592778466], ""message"": ""CONVERGENCE: REL_REDUCTION_OF_F_<=_FACTR*EPSMCH"", ""method"": ""L-BFGS-B"", ""nfev"": 50, ""nit"": 29, ""status"": 0, ""success"": true, ""x"": [0.014851436701436679, 0.9699043630475506, 0.0, 0.0]}], ""poisson_canonical_agreement_abs"": 0.0, ""solver_path"": ""poisson_convex"", ""uncertified_profiles"": 0}"
foul_leaves_5_team,team-quarter,2016-17,9840,optimization,FTM,2,FOUL;PERS_FOUL_DRAWN;LOOSE_BALL_FOUL_DRAWN,25,NB,39369.22781109234,-19661.628378071055,"[0.9711784156941724, 0.0, 0.0]","{""p"": 0.7529109362262759, ""r"": 0.027710733582144063}",5,True,optimizer_converged_lbfgsb,48,428,2,-19832.939788625037,171.31141055398257,1.5775398999685422,"{""binomial_discrete_residual_mean"": null, ""binomial_discrete_residual_variance"": null, ""binomial_h_extension_used"": null, ""binomial_n_candidates"": 0, ""binomial_n_max"": null, ""binomial_n_min"": null, ""binomial_n_policy"": null, ""binomial_n_tie_break"": null, ""certified_profiles"": 1, ""optimizer_powell_attempted"": false, ""optimizer_powell_success"": false, ""optimizer_primary_failed_starts"": 0, ""optimizer_primary_successful_starts"": 2, ""optimizer_results"": [{""fun"": 19666.044357638806, ""jac"": [-0.015279510913009331, 2185.0966732017696, 439.85419324599206, 0.03710738405785452, 0.028376234867771105], ""message"": ""CONVERGENCE: REL_REDUCTION_OF_F_<=_FACTR*EPSMCH"", ""method"": ""L-BFGS-B"", ""nfev"": 108, ""nit"": 16, ""status"": 0, ""success"": true, ""x"": [0.9699214734393699, 0.0, 0.0, 3.3205198027384473, 7.535721291822609]}, {""fun"": 19661.628378071055, ""jac"": [0.21937012096534825, 2185.9599655726925, 440.00880734529346, 0.0014551915316805696, 0.0032741809462812814], ""message"": ""CONVERGENCE: REL_REDUCTION_OF_F_<=_FACTR*EPSMCH"", ""method"": ""L-BFGS-B"", ""nfev"": 318, ""nit"": 32, ""status"": 0, ""success"": true, ""x"": [0.9711784156941724, 0.0, 0.0, -3.5859354469050135, 1.1141980885067304]}], ""solver_path"": ""general_convolution"", ""uncertified_profiles"": 0}"
foul_leaves_5_team,team-quarter,2016-17,9840,optimization,FTM,2,FOUL;PERS_FOUL_DRAWN;LOOSE_BALL_FOUL_DRAWN,25,ZIP,39378.1934339961,-19666.111189522933,"[0.9699049959335475, 0.0, 0.0]","{""lam"": 0.01485080688190265, ""rho"": 1.0000000000000007e-09}",5,True,optimizer_converged_lbfgsb,39,356,2,-19903.392681169742,237.28149164680872,0.38151779997861013,"{""binomial_discrete_residual_mean"": null, ""binomial_discrete_residual_variance"": null, ""binomial_h_extension_used"": null, ""binomial_n_candidates"": 0, ""binomial_n_max"": null, ""binomial_n_min"": null, ""binomial_n_policy"": null, ""binomial_n_tie_break"": null, ""certified_profiles"": 1, ""optimizer_powell_attempted"": false, ""optimizer_powell_success"": false, ""optimizer_primary_failed_starts"": 0, ""optimizer_primary_successful_starts"": 2, ""optimizer_results"": [{""fun"": 19666.111189522933, ""jac"": [0.023646862127276343, 2185.0890334462747, 439.8527380544692, 0.0, 0.0], ""message"": ""CONVERGENCE: REL_REDUCTION_OF_F_<=_FACTR*EPSMCH"", ""method"": ""L-BFGS-B"", ""nfev"": 192, ""nit"": 22, ""status"": 0, ""success"": true, ""x"": [0.9699049959335475, 0.0, 0.0, -4.209701079727887, -20.72326583594641]}, {""fun"": 19666.11118952418, ""jac"": [0.006184563940979967, 2185.082485084422, 439.8509190650657, 0.0, 0.0], ""message"": ""CONVERGENCE: REL_REDUCTION_OF_F_<=_FACTR*EPSMCH"", ""method"": ""L-BFGS-B"", ""nfev"": 162, ""nit"": 17, ""status"": 0, ""success"": true, ""x"": [0.969904302599624, 0.0, 0.0, -4.209596000405592, -20.72326583594641]}], ""solver_path"": ""general_convolution"", ""uncertified_profiles"": 0}"
foul_leaves_5_team,team-quarter,2016-17,9840,optimization,FTM,2,FOUL;PERS_FOUL_DRAWN;LOOSE_BALL_FOUL_DRAWN,25,Geom,39542.423620613605,-19752.82338832671,"[0.9730444924106252, 0.0, 0.0]","{""p"": 0.9999999976798346}",4,True,optimizer_converged_lbfgsb,14,152,2,-19888.190876731627,135.36748840491782,24.587599300022703,"{""binomial_discrete_residual_mean"": null, ""binomial_discrete_residual_variance"": null, ""binomial_h_extension_used"": null, ""binomial_n_candidates"": 0, ""binomial_n_max"": null, ""binomial_n_min"": null, ""binomial_n_policy"": null, ""binomial_n_tie_break"": null, ""certified_profiles"": 1, ""optimizer_powell_attempted"": false, ""optimizer_powell_success"": false, ""optimizer_primary_failed_starts"": 0, ""optimizer_primary_successful_starts"": 2, ""optimizer_results"": [{""fun"": 19757.478264883965, ""jac"": [8.437928002769961, 2192.117244703695, 441.1496774991974, 0.0], ""message"": ""CONVERGENCE: REL_REDUCTION_OF_F_<=_FACTR*EPSMCH"", ""method"": ""L-BFGS-B"", ""nfev"": 75, ""nit"": 7, ""status"": 0, ""success"": true, ""x"": [0.9732284268473509, 0.0, 0.0, 20.657310748643724]}, {""fun"": 19752.82338832671, ""jac"": [0.002910383031049396, 2189.322913181968, 440.65054680686444, 0.0], ""message"": ""CONVERGENCE: REL_REDUCTION_OF_F_<=_FACTR*EPSMCH"", ""method"": ""L-BFGS-B"", ""nfev"": 75, ""nit"": 7, ""status"": 0, ""success"": true, ""x"": [0.9730444924106252, 0.0, 0.0, 19.88162740042354]}], ""solver_path"": ""general_convolution"", ""uncertified_profiles"": 0}"
foul_leaves_5_team,team-quarter,2016-17,9840,optimization,FTM,2,FOUL;PERS_FOUL_DRAWN;LOOSE_BALL_FOUL_DRAWN,25,Binomial,39371.65761260147,-19667.440384320642,"[0.9698672237084748, 0.0, 0.0]","{""n"": 2, ""p"": 0.0075098674663074665}",4,True,optimizer_converged_lbfgsb,38,272,2,-19886.80458395141,219.36419963076696,0.7208012999617495,"{""binomial_discrete_residual_mean"": -2.9154016564726133, ""binomial_discrete_residual_variance"": -8.871469876432062, ""binomial_h_extension_used"": true, ""binomial_n_candidates"": 1, ""binomial_n_max"": 2, ""binomial_n_min"": 2, ""binomial_n_policy"": ""paper_H_binomial_discrete_index_continuous_full_mle"", ""binomial_n_tie_break"": ""not_applicable_single_mom_index"", ""certified_profiles"": 1, ""optimizer_powell_attempted"": false, ""optimizer_powell_success"": false, ""optimizer_primary_failed_starts"": 0, ""optimizer_primary_successful_starts"": 2, ""optimizer_results"": [{""fun"": 19667.440384320642, ""jac"": [-0.0010913936366435237, 2185.072662541643, 439.84946387354285, -0.0003637978829201424], ""message"": ""CONVERGENCE: REL_REDUCTION_OF_F_<=_FACTR*EPSMCH"", ""method"": ""L-BFGS-B"", ""nfev"": 160, ""nit"": 22, ""status"": 0, ""success"": true, ""x"": [0.9698672237084748, 0.0, 0.0, -4.8839992524888896]}, {""fun"": 19667.440384320656, ""jac"": [0.0018189893944058726, 2185.073753935285, 439.84982767142355, 0.0], ""message"": ""CONVERGENCE: REL_REDUCTION_OF_F_<=_FACTR*EPSMCH"", ""method"": ""L-BFGS-B"", ""nfev"": 110, ""nit"": 16, ""status"": 0, ""success"": true, ""x"": [0.9698671993893133, 0.0, 0.0, -4.883974585517643]}], ""solver_path"": ""general_convolution"", ""uncertified_profiles"": 0}"
foul_leaves_5_team,team-quarter,2016-17,9840,optimization,FTM,2,FOUL;PERS_FOUL_DRAWN;LOOSE_BALL_FOUL_DRAWN,25,Bernoulli,inf,-inf,[],{},4,False,infeasible_conditional_support,0,0,0,-inf,0.0,0.00014519999967887998,"{""binomial_discrete_residual_mean"": null, ""binomial_discrete_residual_variance"": null, ""binomial_h_extension_used"": null, ""binomial_n_candidates"": 0, ""binomial_n_max"": null, ""binomial_n_min"": null, ""binomial_n_policy"": null, ""binomial_n_tie_break"": null, ""certified_profiles"": 0, ""solver_path"": ""conditional_support_check"", ""support_violating_rows"": 2, ""uncertified_profiles"": 0}"
foul_leaves_5_team,team-quarter,2016-17,9840,optimization,FTM,2,FTA;PERS_FOUL_DRAWN;LOOSE_BALL_FOUL_DRAWN,26,Poisson,32490.776187829768,-16226.999671934791,"[0.7718362918103409, 0.0, 0.0]","{""lam"": 0.0}",4,True,poisson_convex_mle,10,17,2,-16227.020347487502,0.02067555271059973,0.02940840000519529,"{""binomial_discrete_residual_mean"": null, ""binomial_discrete_residual_variance"": null, ""binomial_h_extension_used"": null, ""binomial_n_candidates"": 0, ""binomial_n_max"": null, ""binomial_n_min"": null, ""binomial_n_policy"": null, ""binomial_n_tie_break"": null, ""certified_profiles"": 1, ""optimizer_primary_failed_starts"": 0, ""optimizer_primary_successful_starts"": 2, ""optimizer_results"": [{""fun"": 16227.020347487502, ""jac"": [516.1389143587506, 54.87074155574048, 807.9670534533927, 180.33868150339288], ""message"": ""CONVERGENCE: REL_REDUCTION_OF_F_<=_FACTR*EPSMCH"", ""method"": ""L-BFGS-B"", ""nfev"": 3, ""nit"": 1, ""status"": 0, ""success"": true, ""x"": [0.0, 0.7725896566148952, 0.0, 0.0]}, {""fun"": 16226.999671934791, ""jac"": [507.03819072212514, -3.0499095146296895e-05, 792.189856072544, 177.5093905762252], ""message"": ""CONVERGENCE: REL_REDUCTION_OF_F_<=_FACTR*EPSMCH"", ""method"": ""L-BFGS-B"", ""nfev"": 12, ""nit"": 9, ""status"": 0, ""success"": true, ""x"": [0.0, 0.7718362918103409, 0.0, 0.0]}], ""poisson_canonical_agreement_abs"": 0.0, ""solver_path"": ""poisson_convex"", ""uncertified_profiles"": 0}"
foul_leaves_5_team,team-quarter,2016-17,9840,optimization,FTM,2,FTA;PERS_FOUL_DRAWN;LOOSE_BALL_FOUL_DRAWN,26,NB,32499.970893297253,-16226.999919173511,"[0.7718392506128683, 0.0, 0.0]","{""p"": 0.9998544423067081, ""r"": 0.0033440630020094998}",5,True,optimizer_converged_lbfgsb,26,320,2,-16227.025509117348,0.02558994383616664,1.1457130999770015,"{""binomial_discrete_residual_mean"": null, ""binomial_discrete_residual_variance"": null, ""binomial_h_extension_used"": null, ""binomial_n_candidates"": 0, ""binomial_n_max"": null, ""binomial_n_min"": null, ""binomial_n_policy"": null, ""binomial_n_tie_break"": null, ""certified_profiles"": 1, ""optimizer_powell_attempted"": false, ""optimizer_powell_success"": false, ""optimizer_primary_failed_starts"": 0, ""optimizer_primary_successful_starts"": 2, ""optimizer_results"": [{""fun"": 16227.004742410401, ""jac"": [0.000727595757762349, 792.202990851365, 177.5117198121734, 0.006366462912410558, -0.00491127098321343], ""message"": ""CONVERGENCE: REL_REDUCTION_OF_F_<=_FACTR*EPSMCH"", ""method"": ""L-BFGS-B"", ""nfev"": 36, ""nit"": 3, ""status"": 0, ""success"": true, ""x"": [0.7718346336443102, 0.0, 0.0, -1.4582536278701614e-05, 11.512920209127293]}, {""fun"": 16226.999919173511, ""jac"": [0.22173480717807587, 792.2546501504257, 177.52099665813148, 0.04911271419421922, -0.0009094946265210054], ""message"": ""CONVERGENCE: REL_REDUCTION_OF_F_<=_FACTR*EPSMCH"", ""method"": ""L-BFGS-B"", ""nfev"": 282, ""nit"": 23, ""status"": 0, ""success"": true, ""x"": [0.7718392506128683, 0.0, 0.0, -5.700568743623313, 8.834792464187414]}], ""solver_path"": ""general_convolution"", ""uncertified_profiles"": 0}"
foul_leaves_5_team,team-quarter,2016-17,9840,optimization,FTM,2,FTA;PERS_FOUL_DRAWN;LOOSE_BALL_FOUL_DRAWN,26,ZIP,32499.970398921218,-16226.999671985493,"[0.7718362872325712, 0.0, 0.0]","{""lam"": 9.999999999999996e-11, ""rho"": 1.0000000000000007e-09}",5,True,optimizer_converged_lbfgsb,30,278,2,-16227.020347539117,0.020675553623732412,0.2892672999878414,"{""binomial_discrete_residual_mean"": null, ""binomial_discrete_residual_variance"": null, ""binomial_h_extension_used"": null, ""binomial_n_candidates"": 0, ""binomial_n_max"": null, ""binomial_n_min"": null, ""binomial_n_policy"": null, ""binomial_n_tie_break"": null, ""certified_profiles"": 1, ""optimizer_powell_attempted"": false, ""optimizer_powell_success"": false, ""optimizer_primary_failed_starts"": 0, ""optimizer_primary_successful_starts"": 2, ""optimizer_results"": [{""fun"": 16226.999671985493, ""jac"": [0.00018189893944058725, 792.1900760265999, 177.50953702488914, 0.0, 0.0], ""message"": ""CONVERGENCE: REL_REDUCTION_OF_F_<=_FACTR*EPSMCH"", ""method"": ""L-BFGS-B"", ""nfev"": 36, ""nit"": 3, ""status"": 0, ""success"": true, ""x"": [0.7718362872325712, 0.0, 0.0, -23.025850929940457, -20.72326583594641]}, {""fun"": 16226.999738772058, ""jac"": [-0.5871697765142156, 792.0210919110104, 177.47915990184993, 0.0, 0.0], ""message"": ""CONVERGENCE: REL_REDUCTION_OF_F_<=_FACTR*EPSMCH"", ""method"": ""L-BFGS-B"", ""nfev"": 240, ""nit"": 27, ""status"": 0, ""success"": true, ""x"": [0.7718282074075574, 0.0, 0.0, -14.827055158858629, 0.620680762650063]}], ""solver_path"": ""general_convolution"", ""uncertified_profiles"": 0}"
foul_leaves_5_team,team-quarter,2016-17,9840,optimization,FTM,2,FTA;PERS_FOUL_DRAWN;LOOSE_BALL_FOUL_DRAWN,26,Geom,32490.77618884385,-16226.999672441832,"[0.7718362888864787, 0.0, 0.0]","{""p"": 0.9999999989999999}",4,True,optimizer_converged_lbfgsb,31,197,2,-16227.020348003642,0.020675561809184728,20.163369299960323,"{""binomial_discrete_residual_mean"": null, ""binomial_discrete_residual_variance"": null, ""binomial_h_extension_used"": null, ""binomial_n_candidates"": 0, ""binomial_n_max"": null, ""binomial_n_min"": null, ""binomial_n_policy"": null, ""binomial_n_tie_break"": null, ""certified_profiles"": 1, ""optimizer_powell_attempted"": false, ""optimizer_powell_success"": false, ""optimizer_primary_failed_starts"": 0, ""optimizer_primary_successful_starts"": 2, ""optimizer_results"": [{""fun"": 16226.999672441832, ""jac"": [-0.00018189893944058725, 792.1897122287191, 177.50953702488914, 0.0], ""message"": ""CONVERGENCE: REL_REDUCTION_OF_F_<=_FACTR*EPSMCH"", ""method"": ""L-BFGS-B"", ""nfev"": 30, ""nit"": 3, ""status"": 0, ""success"": true, ""x"": [0.7718362888864787, 0.0, 0.0, 20.723265861789]}, {""fun"": 16226.999724549882, ""jac"": [0.0025465851521682217, 792.1902579255402, 177.5093551259488, 0.0], ""message"": ""CONVERGENCE: REL_REDUCTION_OF_F_<=_FACTR*EPSMCH"", ""method"": ""L-BFGS-B"", ""nfev"": 165, ""nit"": 28, ""status"": 0, ""success"": true, ""x"": [0.771836302351566, 0.0, 0.0, 16.081094771594554]}], ""solver_path"": ""general_convolution"", ""uncertified_profiles"": 0}"
foul_leaves_5_team,team-quarter,2016-17,9840,optimization,FTM,2,FTA;PERS_FOUL_DRAWN;LOOSE_BALL_FOUL_DRAWN,26,Binomial,32490.77618985792,-16226.999672948867,"[0.77183628858123, 0.0, 0.0]","{""n"": 2, ""p"": 1.0000000000000007e-09}",4,True,optimizer_converged_lbfgsb,34,212,2,-16227.020348519782,0.020675570915045682,0.5647787000052631,"{""binomial_discrete_residual_mean"": -0.004308187741541403, ""binomial_discrete_residual_variance"": -3.3153626237299596, ""binomial_h_extension_used"": true, ""binomial_n_candidates"": 1, ""binomial_n_max"": 2, ""binomial_n_min"": 2, ""binomial_n_policy"": ""paper_H_binomial_discrete_index_continuous_full_mle"", ""binomial_n_tie_break"": ""not_applicable_single_mom_index"", ""certified_profiles"": 1, ""optimizer_powell_attempted"": false, ""optimizer_powell_success"": false, ""optimizer_primary_failed_starts"": 0, ""optimizer_primary_successful_starts"": 2, ""optimizer_results"": [{""fun"": 16226.999672948867, ""jac"": [0.00018189893944058725, 792.1898941276595, 177.50953702488914, 0.0], ""message"": ""CONVERGENCE: REL_REDUCTION_OF_F_<=_FACTR*EPSMCH"", ""method"": ""L-BFGS-B"", ""nfev"": 30, ""nit"": 3, ""status"": 0, ""success"": true, ""x"": [0.77183628858123, 0.0, 0.0, -20.72326583594641]}, {""fun"": 16226.999702248104, ""jac"": [-0.00018189893944058725, 792.1898941276595, 177.5093551259488, 0.0], ""message"": ""CONVERGENCE: REL_REDUCTION_OF_F_<=_FACTR*EPSMCH"", ""method"": ""L-BFGS-B"", ""nfev"": 180, ""nit"": 31, ""status"": 0, ""success"": true, ""x"": [0.7718362747316659, 0.0, 0.0, -17.325657122372622]}], ""solver_path"": ""general_convolution"", ""uncertified_profiles"": 0}"
foul_leaves_5_team,team-quarter,2016-17,9840,optimization,FTM,2,FTA;PERS_FOUL_DRAWN;LOOSE_BALL_FOUL_DRAWN,26,Bernoulli,32490.77618884385,-16226.999672441832,"[0.7718362835790276, 0.0, 0.0]","{""p"": 1.0000000000000007e-09}",4,True,optimizer_converged_lbfgsb,39,267,2,-16227.020348003642,0.020675561809184728,0.526808800001163,"{""binomial_discrete_residual_mean"": null, ""binomial_discrete_residual_variance"": null, ""binomial_h_extension_used"": null, ""binomial_n_candidates"": 0, ""binomial_n_max"": null, ""binomial_n_min"": null, ""binomial_n_policy"": null, ""binomial_n_tie_break"": null, ""certified_profiles"": 1, ""optimizer_powell_attempted"": false, ""optimizer_powell_success"": false, ""optimizer_primary_failed_starts"": 0, ""optimizer_primary_successful_starts"": 2, ""optimizer_results"": [{""fun"": 16226.999672441832, ""jac"": [-0.0003637978788811745, 792.1897122287191, 177.50953702488914, 0.0], ""message"": ""CONVERGENCE: REL_REDUCTION_OF_F_<=_FACTR*EPSMCH"", ""method"": ""L-BFGS-B"", ""nfev"": 30, ""nit"": 3, ""status"": 0, ""success"": true, ""x"": [0.7718362835790276, 0.0, 0.0, -20.72326583594641]}, {""fun"": 16226.999835986586, ""jac"": [0.4954927110361597, 792.3328666947782, 177.53482097759843, 0.0], ""message"": ""CONVERGENCE: REL_REDUCTION_OF_F_<=_FACTR*EPSMCH"", ""method"": ""L-BFGS-B"", ""nfev"": 235, ""nit"": 36, ""status"": 0, ""success"": true, ""x"": [0.7718430309810264, 0.0, 0.0, -14.954217031123848]}], ""solver_path"": ""general_convolution"", ""uncertified_profiles"": 0}"
foul_leaves_5_team,team-quarter,2016-17,9840,optimization,FTM,2,FOUL;FTA;PERS_FOUL_DRAWN;LOOSE_BALL_FOUL_DRAWN,27,Poisson,32499.970398819813,-16226.999671934791,"[0.0, 0.7718362924088186, 0.0, 0.0]","{""lam"": 0.0}",5,True,poisson_convex_mle,11,17,2,-16297.601791462173,70.60211952738246,0.0209675999940373,"{""binomial_discrete_residual_mean"": null, ""binomial_discrete_residual_variance"": null, ""binomial_h_extension_used"": null, ""binomial_n_candidates"": 0, ""binomial_n_max"": null, ""binomial_n_min"": null, ""binomial_n_policy"": null, ""binomial_n_tie_break"": null, ""certified_profiles"": 1, ""optimizer_primary_failed_starts"": 0, ""optimizer_primary_successful_starts"": 2, ""optimizer_results"": [{""fun"": 16297.601791462173, ""jac"": [937.0801901340585, 3037.1212164180233, 2370.890545877054, 1647.9166719506811, 304.9050992862602], ""message"": ""CONVERGENCE: REL_REDUCTION_OF_F_<=_FACTR*EPSMCH"", ""method"": ""L-BFGS-B"", ""nfev"": 3, ""nit"": 1, ""status"": 0, ""success"": true, ""x"": [0.0, 0.0, 0.7962505734743032, 0.03354242637705076, 0.0]}, {""fun"": 16226.999671934791, ""jac"": [507.0381979588584, 1041.6454383069768, 1.3133142502397277e-05, 792.1898686182772, 177.5093928260262], ""message"": ""CONVERGENCE: REL_REDUCTION_OF_F_<=_FACTR*EPSMCH"", ""method"": ""L-BFGS-B"", ""nfev"": 12, ""nit"": 10, ""status"": 0, ""success"": true, ""x"": [0.0, 0.0, 0.7718362924088186, 0.0, 0.0]}], ""poisson_canonical_agreement_abs"": 0.0, ""solver_path"": ""poisson_convex"", ""uncertified_profiles"": 0}"
foul_leaves_5_team,team-quarter,2016-17,9840,optimization,FTM,2,FOUL;FTA;PERS_FOUL_DRAWN;LOOSE_BALL_FOUL_DRAWN,27,NB,32509.16691049874,-16227.000822279231,"[0.0, 0.7719414655933028, 0.0, 0.0]","{""p"": 0.9998143466233727, ""r"": 0.007913331242101026}",6,True,optimizer_converged_lbfgsb,31,373,2,-16297.61116247631,70.6103401970795,1.3719559999881312,"{""binomial_discrete_residual_mean"": null, ""binomial_discrete_residual_variance"": null, ""binomial_h_extension_used"": null, ""binomial_n_candidates"": 0, ""binomial_n_max"": null, ""binomial_n_min"": null, ""binomial_n_policy"": null, ""binomial_n_tie_break"": null, ""certified_profiles"": 1, ""optimizer_powell_attempted"": false, ""optimizer_powell_success"": false, ""optimizer_primary_failed_starts"": 0, ""optimizer_primary_successful_starts"": 2, ""optimizer_results"": [{""fun"": 16227.004739378557, ""jac"": [1041.6642908239737, -0.000727595757762349, 792.2022632556036, 177.51190171111375, 0.004729372449221675, -0.00491127098321343], ""message"": ""CONVERGENCE: REL_REDUCTION_OF_F_<=_FACTR*EPSMCH"", ""method"": ""L-BFGS-B"", ""nfev"": 70, ""nit"": 6, ""status"": 0, ""success"": true, ""x"": [0.0, 0.7718346149467324, 0.0, 0.0, -0.0003107961138495626, 11.513222106847579]}, {""fun"": 16227.000822279231, ""jac"": [1047.5996532477438, 7.684138797728169, 794.4016033434309, 177.9062586138025, 0.007275957658402847, -0.00018189892530420107], ""message"": ""CONVERGENCE: REL_REDUCTION_OF_F_<=_FACTR*EPSMCH"", ""method"": ""L-BFGS-B"", ""nfev"": 301, ""nit"": 25, ""status"": 0, ""success"": true, ""x"": [0.0, 0.7719414655933028, 0.0, 0.0, -4.83920644273569, 8.59144351875907]}], ""solver_path"": ""general_convolution"", ""uncertified_profiles"": 0}"
foul_leaves_5_team,team-quarter,2016-17,9840,optimization,FTM,2,FOUL;FTA;PERS_FOUL_DRAWN;LOOSE_BALL_FOUL_DRAWN,27,ZIP,32509.164609911266,-16226.999671985493,"[0.0, 0.771836289011649, 0.0, 0.0]","{""lam"": 9.999999999999996e-11, ""rho"": 1.0000000000000007e-09}",6,True,optimizer_converged_lbfgsb,35,303,2,-16297.60179155588,70.602119570387,0.32992489996831864,"{""binomial_discrete_residual_mean"": null, ""binomial_discrete_residual_variance"": null, ""binomial_h_extension_used"": null, ""binomial_n_candidates"": 0, ""binomial_n_max"": null, ""binomial_n_min"": null, ""binomial_n_policy"": null, ""binomial_n_tie_break"": null, ""certified_profiles"": 1, ""optimizer_powell_attempted"": false, ""optimizer_powell_success"": false, ""optimizer_primary_failed_starts"": 0, ""optimizer_primary_successful_starts"": 2, ""optimizer_results"": [{""fun"": 16226.999671985493, ""jac"": [1041.6457371320575, 0.0005456968183217618, 792.1898941276595, 177.5093551259488, 0.0, 0.0], ""message"": ""CONVERGENCE: REL_REDUCTION_OF_F_<=_FACTR*EPSMCH"", ""method"": ""L-BFGS-B"", ""nfev"": 70, ""nit"": 6, ""status"": 0, ""success"": true, ""x"": [0.0, 0.771836289011649, 0.0, 0.0, -23.025850929940457, -20.72326583594641]}, {""fun"": 16226.999684216256, ""jac"": [1041.6453733341768, 0.0, 792.1900760265999, 177.50953702488914, 0.0, 0.0], ""message"": ""CONVERGENCE: NORM_OF_PROJECTED_GRADIENT_<=_PGTOL"", ""method"": ""L-BFGS-B"", ""nfev"": 231, ""nit"": 29, ""status"": 0, ""success"": true, ""x"": [0.0, 0.7718362825202386, 0.0, 0.0, -16.63735841506425, 0.37588425335085934]}], ""solver_path"": ""general_convolution"", ""uncertified_profiles"": 0}"
foul_leaves_5_team,team-quarter,2016-17,9840,optimization,FTM,2,FOUL;FTA;PERS_FOUL_DRAWN;LOOSE_BALL_FOUL_DRAWN,27,Geom,32499.970399833895,-16226.999672441832,"[0.0, 0.7718362840585938, 0.0, 0.0]","{""p"": 0.9999999989999999}",5,True,optimizer_converged_lbfgsb,37,272,2,-16297.601792399255,70.60211995742247,30.905328699969687,"{""binomial_discrete_residual_mean"": null, ""binomial_discrete_residual_variance"": null, ""binomial_h_extension_used"": null, ""binomial_n_candidates"": 0, ""binomial_n_max"": null, ""binomial_n_min"": null, ""binomial_n_policy"": null, ""binomial_n_tie_break"": null, ""certified_profiles"": 1, ""optimizer_powell_attempted"": false, ""optimizer_powell_success"": false, ""optimizer_primary_failed_starts"": 0, ""optimizer_primary_successful_starts"": 2, ""optimizer_results"": [{""fun"": 16226.999672441832, ""jac"": [1041.6451914352365, -0.0003637978788811745, 792.1895303297788, 177.50917322700843, 0.0], ""message"": ""CONVERGENCE: REL_REDUCTION_OF_F_<=_FACTR*EPSMCH"", ""method"": ""L-BFGS-B"", ""nfev"": 60, ""nit"": 6, ""status"": 0, ""success"": true, ""x"": [0.0, 0.7718362840585938, 0.0, 0.0, 20.723265864228342]}, {""fun"": 16226.999705258522, ""jac"": [1041.6386430733837, -0.008913048032588775, 792.1873475424945, 177.50899132806808, 0.0], ""message"": ""CONVERGENCE: REL_REDUCTION_OF_F_<=_FACTR*EPSMCH"", ""method"": ""L-BFGS-B"", ""nfev"": 210, ""nit"": 31, ""status"": 0, ""success"": true, ""x"": [0.0, 0.7718361556319022, 0.0, 0.0, 16.537844577876257]}], ""solver_path"": ""general_convolution"", ""uncertified_profiles"": 0}"
foul_leaves_5_team,team-quarter,2016-17,9840,optimization,FTM,2,FOUL;FTA;PERS_FOUL_DRAWN;LOOSE_BALL_FOUL_DRAWN,27,Binomial,32499.970400847968,-16226.999672948868,"[0.0, 0.7718362864313201, 0.0, 0.0]","{""n"": 2, ""p"": 1.0000000000000007e-09}",5,True,optimizer_converged_lbfgsb,36,266,2,-16297.601793336333,70.60212038746431,0.7213589000166394,"{""binomial_discrete_residual_mean"": -0.19746931711827376, ""binomial_discrete_residual_variance"": -4.08635510245523, ""binomial_h_extension_used"": true, ""binomial_n_candidates"": 1, ""binomial_n_max"": 2, ""binomial_n_min"": 2, ""binomial_n_policy"": ""paper_H_binomial_discrete_index_continuous_full_mle"", ""binomial_n_tie_break"": ""not_applicable_single_mom_index"", ""certified_profiles"": 1, ""optimizer_powell_attempted"": false, ""optimizer_powell_success"": false, ""optimizer_primary_failed_starts"": 0, ""optimizer_primary_successful_starts"": 2, ""optimizer_results"": [{""fun"": 16226.999672948868, ""jac"": [1041.6453733341768, -0.00018189893944058725, 792.1897122287191, 177.50917322700843, 0.0], ""message"": ""CONVERGENCE: REL_REDUCTION_OF_F_<=_FACTR*EPSMCH"", ""method"": ""L-BFGS-B"", ""nfev"": 60, ""nit"": 6, ""status"": 0, ""success"": true, ""x"": [0.0, 0.7718362864313201, 0.0, 0.0, -20.72326583594641]}, {""fun"": 16226.99968119695, ""jac"": [1041.6453733341768, 0.0003637978788811745, 792.1898941276595, 177.5093551259488, 0.0], ""message"": ""CONVERGENCE: REL_REDUCTION_OF_F_<=_FACTR*EPSMCH"", ""method"": ""L-BFGS-B"", ""nfev"": 204, ""nit"": 30, ""status"": 0, ""success"": true, ""x"": [0.0, 0.7718362865861454, 0.0, 0.0, -18.511307083045928]}], ""solver_path"": ""general_convolution"", ""uncertified_profiles"": 0}"
foul_leaves_5_team,team-quarter,2016-17,9840,optimization,FTM,2,FOUL;FTA;PERS_FOUL_DRAWN;LOOSE_BALL_FOUL_DRAWN,27,Bernoulli,32499.970399833885,-16226.999672441827,"[0.0, 0.7718362928701895, 0.0, 0.0]","{""p"": 1.0000000000000007e-09}",5,True,optimizer_converged_lbfgsb,41,296,2,-16297.601792399255,70.60211995742793,0.5976156000397168,"{""binomial_discrete_residual_mean"": null, ""binomial_discrete_residual_variance"": null, ""binomial_h_extension_used"": null, ""binomial_n_candidates"": 0, ""binomial_n_max"": null, ""binomial_n_min"": null, ""binomial_n_policy"": null, ""binomial_n_tie_break"": null, ""certified_profiles"": 1, ""optimizer_powell_attempted"": false, ""optimizer_powell_success"": false, ""optimizer_primary_failed_starts"": 0, ""optimizer_primary_successful_starts"": 2, ""optimizer_results"": [{""fun"": 16226.999672441827, ""jac"": [1041.6461009299383, 0.000727595757762349, 792.1902579255402, 177.5097189238295, 0.0], ""message"": ""CONVERGENCE: REL_REDUCTION_OF_F_<=_FACTR*EPSMCH"", ""method"": ""L-BFGS-B"", ""nfev"": 60, ""nit"": 6, ""status"": 0, ""success"": true, ""x"": [0.0, 0.7718362928701895, 0.0, 0.0, -20.72326583594641]}, {""fun"": 16226.999847630288, ""jac"": [1041.6441000415944, -0.0020008883338464597, 792.1895303297788, 177.50953702488914, 0.0], ""message"": ""CONVERGENCE: REL_REDUCTION_OF_F_<=_FACTR*EPSMCH"", ""method"": ""L-BFGS-B"", ""nfev"": 234, ""nit"": 35, ""status"": 0, ""success"": true, ""x"": [0.0, 0.7718361999016031, 0.0, 0.0, -14.875344179255096]}], ""solver_path"": ""general_convolution"", ""uncertified_profiles"": 0}"
foul_leaves_5_team,team-quarter,2016-17,9840,optimization,PERS_FOUL_DRAWN,3,,0,Poisson,32409.1183690795,-16199.962079044728,[],"{""lam"": 1.7247967479674797}",1,True,analytic_mle,0,1,0,-16199.962079044728,0.0,0.0006649999995715916,"{""binomial_discrete_residual_mean"": null, ""binomial_discrete_residual_variance"": null, ""binomial_h_extension_used"": null, ""binomial_n_candidates"": 0, ""binomial_n_max"": null, ""binomial_n_min"": null, ""binomial_n_policy"": null, ""binomial_n_tie_break"": null, ""certified_profiles"": 1, ""solver_path"": ""analytic_root"", ""uncertified_profiles"": 0}"
foul_leaves_5_team,team-quarter,2016-17,9840,optimization,PERS_FOUL_DRAWN,3,,0,NB,32369.17273997862,-16175.392158999264,[],"{""p"": 0.9092530132504754, ""r"": 17.281848678921968}",2,True,optimizer_converged_lbfgsb,18,80,2,-16175.58128198516,0.1891229858956649,0.16171469999244437,"{""binomial_discrete_residual_mean"": null, ""binomial_discrete_residual_variance"": null, ""binomial_h_extension_used"": null, ""binomial_n_candidates"": 0, ""binomial_n_max"": null, ""binomial_n_min"": null, ""binomial_n_policy"": null, ""binomial_n_tie_break"": null, ""certified_profiles"": 1, ""optimizer_powell_attempted"": false, ""optimizer_powell_success"": false, ""optimizer_primary_failed_starts"": 0, ""optimizer_primary_successful_starts"": 2, ""optimizer_results"": [{""fun"": 16175.392158999264, ""jac"": [-0.009822542838843843, 0.009640643897383772], ""message"": ""CONVERGENCE: REL_REDUCTION_OF_F_<=_FACTR*EPSMCH"", ""method"": ""L-BFGS-B"", ""nfev"": 39, ""nit"": 9, ""status"": 0, ""success"": true, ""x"": [2.8496567413874683, 2.3045481291254672]}, {""fun"": 16175.392158999264, ""jac"": [-0.009822542838843843, 0.009640643897383772], ""message"": ""CONVERGENCE: REL_REDUCTION_OF_F_<=_FACTR*EPSMCH"", ""method"": ""L-BFGS-B"", ""nfev"": 39, ""nit"": 9, ""status"": 0, ""success"": true, ""x"": [2.8496567413874683, 2.3045481291254672]}], ""solver_path"": ""general_convolution"", ""uncertified_profiles"": 0}"
foul_leaves_5_team,team-quarter,2016-17,9840,optimization,PERS_FOUL_DRAWN,3,,0,ZIP,32416.59512861299,-16199.103353316448,[],"{""lam"": 1.7382796635374511, ""rho"": 0.0077562390544659654}",2,True,optimizer_converged_lbfgsb,26,110,2,-16238.327923880253,39.22457056380517,0.09512389998417348,"{""binomial_discrete_residual_mean"": null, ""binomial_discrete_residual_variance"": null, ""binomial_h_extension_used"": null, ""binomial_n_candidates"": 0, ""binomial_n_max"": null, ""binomial_n_min"": null, ""binomial_n_policy"": null, ""binomial_n_tie_break"": null, ""certified_profiles"": 1, ""optimizer_powell_attempted"": false, ""optimizer_powell_success"": false, ""optimizer_primary_failed_starts"": 0, ""optimizer_primary_successful_starts"": 2, ""optimizer_results"": [{""fun"": 16199.103353316448, ""jac"": [0.0038198777282523327, -0.0003637978829201424], ""message"": ""CONVERGENCE: REL_REDUCTION_OF_F_<=_FACTR*EPSMCH"", ""method"": ""L-BFGS-B"", ""nfev"": 54, ""nit"": 13, ""status"": 0, ""success"": true, ""x"": [0.5528959250246601, -4.85147124507774]}, {""fun"": 16199.103353316448, ""jac"": [0.0038198777282523327, -0.0003637978829201424], ""message"": ""CONVERGENCE: REL_REDUCTION_OF_F_<=_FACTR*EPSMCH"", ""method"": ""L-BFGS-B"", ""nfev"": 54, ""nit"": 13, ""status"": 0, ""success"": true, ""x"": [0.5528959250246601, -4.85147124507774]}], ""solver_path"": ""general_convolution"", ""uncertified_profiles"": 0}"
foul_leaves_5_team,team-quarter,2016-17,9840,optimization,PERS_FOUL_DRAWN,3,,0,Geom,35258.37411214972,-17624.589950579837,[],"{""p"": 0.3669998508130688}",1,True,analytic_mle,0,1,0,-17624.589950579837,0.0,0.0005213000113144517,"{""binomial_discrete_residual_mean"": null, ""binomial_discrete_residual_variance"": null, ""binomial_h_extension_used"": null, ""binomial_n_candidates"": 0, ""binomial_n_max"": null, ""binomial_n_min"": null, ""binomial_n_policy"": null, ""binomial_n_tie_break"": null, ""certified_profiles"": 1, ""solver_path"": ""analytic_root"", ""uncertified_profiles"": 0}"
foul_leaves_5_team,team-quarter,2016-17,9840,optimization,PERS_FOUL_DRAWN,3,,0,Binomial,32429.828705614786,-16210.31724731237,[],"{""n"": 100, ""p"": 0.017247967479674796}",1,True,analytic_mle,0,1,0,-16210.31724731237,0.0,0.003368099976796657,"{""binomial_discrete_residual_mean"": 1.7247967479674797, ""binomial_discrete_residual_variance"": 1.9134908123471481, ""binomial_h_extension_used"": true, ""binomial_n_candidates"": 1, ""binomial_n_max"": 100, ""binomial_n_min"": 100, ""binomial_n_policy"": ""paper_H_binomial_discrete_index_continuous_full_mle"", ""binomial_n_tie_break"": ""not_applicable_single_mom_index"", ""certified_profiles"": 1, ""solver_path"": ""analytic_root"", ""uncertified_profiles"": 0}"
foul_leaves_5_team,team-quarter,2016-17,9840,optimization,PERS_FOUL_DRAWN,3,,0,Bernoulli,inf,-inf,[],{},1,False,infeasible_root_support,0,0,0,-inf,0.0,4.919996717944741e-05,"{""binomial_discrete_residual_mean"": null, ""binomial_discrete_residual_variance"": null, ""binomial_h_extension_used"": null, ""binomial_n_candidates"": 0, ""binomial_n_max"": null, ""binomial_n_min"": null, ""binomial_n_policy"": null, ""binomial_n_tie_break"": null, ""certified_profiles"": 0, ""solver_path"": ""analytic_root"", ""uncertified_profiles"": 0}"
foul_leaves_5_team,team-quarter,2016-17,9840,optimization,PERS_FOUL_DRAWN,3,FOUL,1,Poisson,28358.63382734753,-14170.122702683719,[0.38029084236054295],"{""lam"": 0.0}",2,True,poisson_convex_mle,12,18,2,-14267.6068187313,97.48411604758076,0.03777960001025349,"{""binomial_discrete_residual_mean"": null, ""binomial_discrete_residual_variance"": null, ""binomial_h_extension_used"": null, ""binomial_n_candidates"": 0, ""binomial_n_max"": null, ""binomial_n_min"": null, ""binomial_n_policy"": null, ""binomial_n_tie_break"": null, ""certified_profiles"": 1, ""optimizer_primary_failed_starts"": 0, ""optimizer_primary_successful_starts"": 2, ""optimizer_results"": [{""fun"": 14267.6068187313, ""jac"": [1178.7340887327312, 4460.449950351855], ""message"": ""CONVERGENCE: REL_REDUCTION_OF_F_<=_FACTR*EPSMCH"", ""method"": ""L-BFGS-B"", ""nfev"": 3, ""nit"": 1, ""status"": 0, ""success"": true, ""x"": [0.0, 0.4225196074795532]}, {""fun"": 14170.122702683719, ""jac"": [216.9581976019485, 9.752215838432221e-06], ""message"": ""CONVERGENCE: REL_REDUCTION_OF_F_<=_FACTR*EPSMCH"", ""method"": ""L-BFGS-B"", ""nfev"": 13, ""nit"": 11, ""status"": 0, ""success"": true, ""x"": [0.0, 0.38029084236054295]}], ""poisson_canonical_agreement_abs"": 0.0, ""solver_path"": ""poisson_convex"", ""uncertified_profiles"": 0}"
foul_leaves_5_team,team-quarter,2016-17,9840,optimization,PERS_FOUL_DRAWN,3,FOUL,1,NB,28367.828225200697,-14170.12279611528,[0.38028863220057935],"{""p"": 0.9999999905221896, ""r"": 45.30896861326025}",3,True,optimizer_converged_lbfgsb,32,182,2,-14267.618606445008,97.49581032972856,0.3871375000453554,"{""binomial_discrete_residual_mean"": null, ""binomial_discrete_residual_variance"": null, ""binomial_h_extension_used"": null, ""binomial_n_candidates"": 0, ""binomial_n_max"": null, ""binomial_n_min"": null, ""binomial_n_policy"": null, ""binomial_n_tie_break"": null, ""certified_profiles"": 1, ""optimizer_powell_attempted"": false, ""optimizer_powell_success"": false, ""optimizer_primary_failed_starts"": 0, ""optimizer_primary_successful_starts"": 2, ""optimizer_results"": [{""fun"": 14170.124867338718, ""jac"": [0.0001818989404503292, 0.002364686224623657, -0.002182787103650413], ""message"": ""CONVERGENCE: REL_REDUCTION_OF_F_<=_FACTR*EPSMCH"", ""method"": ""L-BFGS-B"", ""nfev"": 28, ""nit"": 4, ""status"": 0, ""success"": true, ""x"": [0.3802886886614846, -0.0012100019235024094, 11.514079104600132]}, {""fun"": 14170.12279611528, ""jac"": [-0.24865585159560005, 0.0, 0.0], ""message"": ""CONVERGENCE: REL_REDUCTION_OF_F_<=_FACTR*EPSMCH"", ""method"": ""L-BFGS-B"", ""nfev"": 152, ""nit"": 28, ""status"": 0, ""success"": true, ""x"": [0.38028863220057935, 3.81350499552569, 18.474312497366743]}], ""solver_path"": ""general_convolution"", ""uncertified_profiles"": 0}"
foul_leaves_5_team,team-quarter,2016-17,9840,optimization,PERS_FOUL_DRAWN,3,FOUL,1,ZIP,28367.828038380972,-14170.122702705417,[0.38029083914908846],"{""lam"": 9.999999999999996e-11, ""rho"": 1.0000000000000007e-09}",3,True,optimizer_converged_lbfgsb,36,190,2,-14267.606818849175,97.484116143758,0.21905600000172853,"{""binomial_discrete_residual_mean"": null, ""binomial_discrete_residual_variance"": null, ""binomial_h_extension_used"": null, ""binomial_n_candidates"": 0, ""binomial_n_max"": null, ""binomial_n_min"": null, ""binomial_n_policy"": null, ""binomial_n_tie_break"": null, ""certified_profiles"": 1, ""optimizer_powell_attempted"": false, ""optimizer_powell_success"": false, ""optimizer_primary_failed_starts"": 0, ""optimizer_primary_successful_starts"": 2, ""optimizer_results"": [{""fun"": 14170.122702705417, ""jac"": [0.0, 0.0, 0.0], ""message"": ""CONVERGENCE: NORM_OF_PROJECTED_GRADIENT_<=_PGTOL"", ""method"": ""L-BFGS-B"", ""nfev"": 28, ""nit"": 4, ""status"": 0, ""success"": true, ""x"": [0.38029083914908846, -23.025850929940457, -20.72326583594641]}, {""fun"": 14170.12274858812, ""jac"": [-0.001637090464052963, 0.0, 0.0], ""message"": ""CONVERGENCE: REL_REDUCTION_OF_F_<=_FACTR*EPSMCH"", ""method"": ""L-BFGS-B"", ""nfev"": 160, ""nit"": 32, ""status"": 0, ""success"": true, ""x"": [0.3802907764766232, -15.36865549790388, -20.72326583594641]}], ""solver_path"": ""general_convolution"", ""uncertified_profiles"": 0}"
foul_leaves_5_team,team-quarter,2016-17,9840,optimization,PERS_FOUL_DRAWN,3,FOUL,1,Geom,28358.633827781447,-14170.122702900677,[0.3802908393983202],"{""p"": 0.9999999989999999}",2,True,optimizer_converged_lbfgsb,34,125,2,-14267.606819910035,97.48411700935867,12.292141799989622,"{""binomial_discrete_residual_mean"": null, ""binomial_discrete_residual_variance"": null, ""binomial_h_extension_used"": null, ""binomial_n_candidates"": 0, ""binomial_n_max"": null, ""binomial_n_min"": null, ""binomial_n_policy"": null, ""binomial_n_tie_break"": null, ""certified_profiles"": 1, ""optimizer_powell_attempted"": false, ""optimizer_powell_success"": false, ""optimizer_primary_failed_starts"": 0, ""optimizer_primary_successful_starts"": 2, ""optimizer_results"": [{""fun"": 14170.122702900677, ""jac"": [0.0003637978809006584, 0.00036379785060840214], ""message"": ""CONVERGENCE: REL_REDUCTION_OF_F_<=_FACTR*EPSMCH"", ""method"": ""L-BFGS-B"", ""nfev"": 21, ""nit"": 4, ""status"": 0, ""success"": true, ""x"": [0.3802908393983202, 20.723265864228342]}, {""fun"": 14170.12277919567, ""jac"": [0.0, 0.0], ""message"": ""CONVERGENCE: NORM_OF_PROJECTED_GRADIENT_<=_PGTOL"", ""method"": ""L-BFGS-B"", ""nfev"": 102, ""nit"": 30, ""status"": 0, ""success"": true, ""x"": [0.38029076036726056, 14.857771500686246]}], ""solver_path"": ""general_convolution"", ""uncertified_profiles"": 0}"
foul_leaves_5_team,team-quarter,2016-17,9840,optimization,PERS_FOUL_DRAWN,3,FOUL,1,Binomial,28358.63382821537,-14170.122703117639,[0.38029083737144875],"{""n"": 2, ""p"": 1.0000000015388798e-09}",2,True,optimizer_converged_lbfgsb,39,242,2,-14267.60682108877,97.48411797113113,0.642101300007198,"{""binomial_discrete_residual_mean"": -0.1915271912809937, ""binomial_discrete_residual_variance"": -0.7298350458705639, ""binomial_h_extension_used"": true, ""binomial_n_candidates"": 1, ""binomial_n_max"": 2, ""binomial_n_min"": 2, ""binomial_n_policy"": ""paper_H_binomial_discrete_index_continuous_full_mle"", ""binomial_n_tie_break"": ""not_applicable_single_mom_index"", ""certified_profiles"": 1, ""optimizer_powell_attempted"": false, ""optimizer_powell_success"": false, ""optimizer_primary_failed_starts"": 0, ""optimizer_primary_successful_starts"": 2, ""optimizer_results"": [{""fun"": 14170.122703117639, ""jac"": [-0.0001818989404503292, -0.00036379785060840214], ""message"": ""CONVERGENCE: REL_REDUCTION_OF_F_<=_FACTR*EPSMCH"", ""method"": ""L-BFGS-B"", ""nfev"": 21, ""nit"": 4, ""status"": 0, ""success"": true, ""x"": [0.38029083737144875, -20.72326583440753]}, {""fun"": 14170.122719412813, ""jac"": [0.0007275957618013168, -0.00018189892530420107], ""message"": ""CONVERGENCE: REL_REDUCTION_OF_F_<=_FACTR*EPSMCH"", ""method"": ""L-BFGS-B"", ""nfev"": 219, ""nit"": 35, ""status"": 0, ""success"": true, ""x"": [0.38029082481388515, -17.071212991357484]}], ""solver_path"": ""general_convolution"", ""uncertified_profiles"": 0}"
foul_leaves_5_team,team-quarter,2016-17,9840,optimization,PERS_FOUL_DRAWN,3,FOUL,1,Bernoulli,28358.633827781454,-14170.12270290068,[0.3802908368767153],"{""p"": 1.0000000000000007e-09}",2,True,optimizer_converged_lbfgsb,38,173,2,-14260.026729539262,89.90402663858185,0.32896970002911985,"{""binomial_discrete_residual_mean"": null, ""binomial_discrete_residual_variance"": null, ""binomial_h_extension_used"": null, ""binomial_n_candidates"": 0, ""binomial_n_max"": null, ""binomial_n_min"": null, ""binomial_n_policy"": null, ""binomial_n_tie_break"": null, ""certified_profiles"": 1, ""optimizer_powell_attempted"": false, ""optimizer_powell_success"": false, ""optimizer_primary_failed_starts"": 0, ""optimizer_primary_successful_starts"": 2, ""optimizer_results"": [{""fun"": 14170.12270290068, ""jac"": [0.0, 0.0], ""message"": ""CONVERGENCE: NORM_OF_PROJECTED_GRADIENT_<=_PGTOL"", ""method"": ""L-BFGS-B"", ""nfev"": 21, ""nit"": 4, ""status"": 0, ""success"": true, ""x"": [0.3802908368767153, -20.72326583594641]}, {""fun"": 14170.122720950958, ""jac"": [0.11805241235226366, 0.0], ""message"": ""CONVERGENCE: REL_REDUCTION_OF_F_<=_FACTR*EPSMCH"", ""method"": ""L-BFGS-B"", ""nfev"": 150, ""nit"": 34, ""status"": 0, ""success"": true, ""x"": [0.38029182476427764, -16.293326842259216]}], ""solver_path"": ""general_convolution"", ""uncertified_profiles"": 0}"
foul_leaves_5_team,team-quarter,2016-17,9840,optimization,PERS_FOUL_DRAWN,3,FTA,2,Poisson,31650.66323244756,-15816.137405233734,[0.09464767485431458],"{""lam"": 1.1835447609567349}",2,True,poisson_convex_mle,11,20,2,-15826.47419601501,10.33679078127534,0.0414275000221096,"{""binomial_discrete_residual_mean"": null, ""binomial_discrete_residual_variance"": null, ""binomial_h_extension_used"": null, ""binomial_n_candidates"": 0, ""binomial_n_max"": null, ""binomial_n_min"": null, ""binomial_n_policy"": null, ""binomial_n_tie_break"": null, ""certified_profiles"": 1, ""optimizer_primary_failed_starts"": 0, ""optimizer_primary_successful_starts"": 2, ""optimizer_results"": [{""fun"": 15816.137405233734, ""jac"": [-0.00030878071705986443, 0.0013206579745332903], ""message"": ""CONVERGENCE: REL_REDUCTION_OF_F_<=_FACTR*EPSMCH"", ""method"": ""L-BFGS-B"", ""nfev"": 7, ""nit"": 5, ""status"": 0, ""success"": true, ""x"": [1.1835447609567349, 0.09464767485431458]}, {""fun"": 15816.137405233745, ""jac"": [-0.0007394076732376575, -0.005723058947225468], ""message"": ""CONVERGENCE: REL_REDUCTION_OF_F_<=_FACTR*EPSMCH"", ""method"": ""L-BFGS-B"", ""nfev"": 11, ""nit"": 6, ""status"": 0, ""success"": true, ""x"": [1.1835449898385966, 0.09464761392532732]}], ""poisson_canonical_agreement_abs"": 0.0, ""solver_path"": ""poisson_convex"", ""uncertified_profiles"": 0}"
foul_leaves_5_team,team-quarter,2016-17,9840,optimization,PERS_FOUL_DRAWN,3,FTA,2,NB,31659.858148270414,-15816.137757650138,[0.09464548129124883],"{""p"": 0.9999979494003407, ""r"": 577197.4034091199}",3,True,optimizer_converged_lbfgsb,56,350,2,-15831.089089746181,14.951332096043188,0.7645723999594338,"{""binomial_discrete_residual_mean"": null, ""binomial_discrete_residual_variance"": null, ""binomial_h_extension_used"": null, ""binomial_n_candidates"": 0, ""binomial_n_max"": null, ""binomial_n_min"": null, ""binomial_n_policy"": null, ""binomial_n_tie_break"": null, ""certified_profiles"": 1, ""optimizer_powell_attempted"": false, ""optimizer_powell_success"": false, ""optimizer_primary_failed_starts"": 0, ""optimizer_primary_successful_starts"": 2, ""optimizer_results"": [{""fun"": 15816.139988430019, ""jac"": [26.193447424847406, 2.9527652544630962, -2.9620420996536105], ""message"": ""CONVERGENCE: REL_REDUCTION_OF_F_<=_FACTR*EPSMCH"", ""method"": ""L-BFGS-B"", ""nfev"": 120, ""nit"": 24, ""status"": 0, ""success"": true, ""x"": [0.09481937732055046, 12.342451887014244, 12.174300594751546]}, {""fun"": 15816.137757650138, ""jac"": [1.2283635448610732, 0.3377863042899014, -0.33360262900790477], ""message"": ""CONVERGENCE: REL_REDUCTION_OF_F_<=_FACTR*EPSMCH"", ""method"": ""L-BFGS-B"", ""nfev"": 228, ""nit"": 32, ""status"": 0, ""success"": true, ""x"": [0.09464548129124883, 13.265939607273536, 13.097376240208055]}], ""solver_path"": ""general_convolution"", ""uncertified_profiles"": 0}"
foul_leaves_5_team,team-quarter,2016-17,9840,optimization,PERS_FOUL_DRAWN,3,FTA,2,ZIP,31659.857535535506,-15816.137451282684,[0.09464759618574844],"{""lam"": 1.1835453369744748, ""rho"": 2.796151636301188e-07}",3,True,optimizer_converged_lbfgsb,60,310,2,-15830.180877722285,14.043426439600807,0.3141551000298932,"{""binomial_discrete_residual_mean"": null, ""binomial_discrete_residual_variance"": null, ""binomial_h_extension_used"": null, ""binomial_n_candidates"": 0, ""binomial_n_max"": null, ""binomial_n_min"": null, ""binomial_n_policy"": null, ""binomial_n_tie_break"": null, ""certified_profiles"": 1, ""optimizer_powell_attempted"": false, ""optimizer_powell_success"": false, ""optimizer_primary_failed_starts"": 0, ""optimizer_primary_successful_starts"": 2, ""optimizer_results"": [{""fun"": 15816.137463249375, ""jac"": [-0.0036379788090065844, -0.0018189894045032922, 0.0], ""message"": ""CONVERGENCE: REL_REDUCTION_OF_F_<=_FACTR*EPSMCH"", ""method"": ""L-BFGS-B"", ""nfev"": 144, ""nit"": 29, ""status"": 0, ""success"": true, ""x"": [0.09464768445478296, 0.16851408221771882, -14.858845629721682]}, {""fun"": 15816.137451282684, ""jac"": [-0.008003553379814485, -0.0012732925831523045, 0.0], ""message"": ""CONVERGENCE: REL_REDUCTION_OF_F_<=_FACTR*EPSMCH"", ""method"": ""L-BFGS-B"", ""nfev"": 164, ""nit"": 31, ""status"": 0, ""success"": true, ""x"": [0.09464759618574844, 0.16851445677893417, -15.089851315144132]}], ""solver_path"": ""general_convolution"", ""uncertified_profiles"": 0}"
foul_leaves_5_team,team-quarter,2016-17,9840,optimization,PERS_FOUL_DRAWN,3,FTA,2,Geom,32628.78454129969,-16305.198059659799,[0.15446390645928643],"{""p"": 0.5430414590303638}",2,True,optimizer_converged_lbfgsb,22,80,2,-16412.155163051288,106.957103391489,0.1623808000003919,"{""binomial_discrete_residual_mean"": null, ""binomial_discrete_residual_variance"": null, ""binomial_h_extension_used"": null, ""binomial_n_candidates"": 0, ""binomial_n_max"": null, ""binomial_n_min"": null, ""binomial_n_policy"": null, ""binomial_n_tie_break"": null, ""certified_profiles"": 1, ""optimizer_powell_attempted"": false, ""optimizer_powell_success"": false, ""optimizer_primary_failed_starts"": 0, ""optimizer_primary_successful_starts"": 2, ""optimizer_results"": [{""fun"": 16305.198059659799, ""jac"": [0.007457856558463498, -0.0005456968213509877], ""message"": ""CONVERGENCE: REL_REDUCTION_OF_F_<=_FACTR*EPSMCH"", ""method"": ""L-BFGS-B"", ""nfev"": 39, ""nit"": 11, ""status"": 0, ""success"": true, ""x"": [0.15446390645928643, 0.17259300202475855]}, {""fun"": 16305.198059660783, ""jac"": [0.015825207819178642, 0.0], ""message"": ""CONVERGENCE: REL_REDUCTION_OF_F_<=_FACTR*EPSMCH"", ""method"": ""L-BFGS-B"", ""nfev"": 39, ""nit"": 11, ""status"": 0, ""success"": true, ""x"": [0.15446401227716136, 0.17259367472807846]}], ""solver_path"": ""general_convolution"", ""uncertified_profiles"": 0}"
foul_leaves_5_team,team-quarter,2016-17,9840,optimization,PERS_FOUL_DRAWN,3,FTA,2,Binomial,31646.970295376566,-15814.290936698237,[0.09468762226960643],"{""n"": 100, ""p"": 0.01183316412601631}",2,True,optimizer_converged_lbfgsb,11,56,2,-15824.708334474424,10.4173977761875,0.1639255000045523,"{""binomial_discrete_residual_mean"": 1.0943136550415598, ""binomial_discrete_residual_variance"": 1.1203089730502582, ""binomial_h_extension_used"": true, ""binomial_n_candidates"": 1, ""binomial_n_max"": 100, ""binomial_n_min"": 100, ""binomial_n_policy"": ""paper_H_binomial_discrete_index_continuous_full_mle"", ""binomial_n_tie_break"": ""not_applicable_single_mom_index"", ""certified_profiles"": 1, ""optimizer_powell_attempted"": false, ""optimizer_powell_success"": false, ""optimizer_primary_failed_starts"": 0, ""optimizer_primary_successful_starts"": 2, ""optimizer_results"": [{""fun"": 15814.290936711066, ""jac"": [0.0765794539295886, 0.012369128019284841], ""message"": ""CONVERGENCE: REL_REDUCTION_OF_F_<=_FACTR*EPSMCH"", ""method"": ""L-BFGS-B"", ""nfev"": 21, ""nit"": 5, ""status"": 0, ""success"": true, ""x"": [0.09468790386237749, -4.424945129187068]}, {""fun"": 15814.290936698237, ""jac"": [0.001637090464052963, 0.0012732925902204982], ""message"": ""CONVERGENCE: REL_REDUCTION_OF_F_<=_FACTR*EPSMCH"", ""method"": ""L-BFGS-B"", ""nfev"": 33, ""nit"": 6, ""status"": 0, ""success"": true, ""x"": [0.09468762226960643, -4.4249454372117425]}], ""solver_path"": ""general_convolution"", ""uncertified_profiles"": 0}"
foul_leaves_5_team,team-quarter,2016-17,9840,optimization,PERS_FOUL_DRAWN,3,FTA,2,Bernoulli,inf,-inf,[],{},2,False,infeasible_conditional_support,0,0,0,-inf,0.0,5.4999953135848045e-05,"{""binomial_discrete_residual_mean"": null, ""binomial_discrete_residual_variance"": null, ""binomial_h_extension_used"": null, ""binomial_n_candidates"": 0, ""binomial_n_max"": null, ""binomial_n_min"": null, ""binomial_n_policy"": null, ""binomial_n_tie_break"": null, ""certified_profiles"": 0, ""solver_path"": ""conditional_support_check"", ""support_violating_rows"": 256, ""uncertified_profiles"": 0}"
foul_leaves_5_team,team-quarter,2016-17,9840,optimization,PERS_FOUL_DRAWN,3,FOUL;FTA,3,Poisson,32245.428628200556,-16108.92299761521,"[0.5921087180465545, 0.0]","{""lam"": 0.0}",3,True,poisson_convex_mle,2,8,2,-16108.92299761521,0.0,0.009395700006280094,"{""binomial_discrete_residual_mean"": null, ""binomial_discrete_residual_variance"": null, ""binomial_h_extension_used"": null, ""binomial_n_candidates"": 0, ""binomial_n_max"": null, ""binomial_n_min"": null, ""binomial_n_policy"": null, ""binomial_n_tie_break"": null, ""certified_profiles"": 1, ""optimizer_primary_failed_starts"": 1, ""optimizer_primary_successful_starts"": 1, ""optimizer_results"": [{""fun"": 23026.639949070828, ""jac"": [5822.645644256527, 25997.624268199706, 35850.05680334226], ""message"": ""CONVERGENCE: REL_REDUCTION_OF_F_<=_FACTR*EPSMCH"", ""method"": ""L-BFGS-B"", ""nfev"": 3, ""nit"": 1, ""status"": 0, ""success"": true, ""x"": [0.0, 0.9109364893023916, 0.0]}, {""fun"": 16108.92299761521, ""jac"": [3659.454837317674, 15965.3450279996, 24854.16431283341], ""message"": ""CONVERGENCE: REL_REDUCTION_OF_F_<=_FACTR*EPSMCH"", ""method"": ""L-BFGS-B"", ""nfev"": 3, ""nit"": 1, ""status"": 0, ""success"": true, ""x"": [0.0, 0.5921087180465545, 0.0]}], ""poisson_canonical_agreement_abs"": 0.0, ""solver_path"": ""poisson_convex"", ""uncertified_profiles"": 0}"
foul_leaves_5_team,team-quarter,2016-17,9840,optimization,PERS_FOUL_DRAWN,3,FOUL;FTA,3,NB,28377.026306054602,-14170.124731047208,"[0.3802888178879594, 0.0]","{""p"": 0.9999903313396834, ""r"": 0.9668560327093287}",4,True,optimizer_converged_lbfgsb,12,87,2,-16108.959592288975,1938.8348612417667,0.1808747000177391,"{""binomial_discrete_residual_mean"": null, ""binomial_discrete_residual_variance"": null, ""binomial_h_extension_used"": null, ""binomial_n_candidates"": 0, ""binomial_n_max"": null, ""binomial_n_min"": null, ""binomial_n_policy"": null, ""binomial_n_tie_break"": null, ""certified_profiles"": 1, ""optimizer_powell_attempted"": false, ""optimizer_powell_success"": false, ""optimizer_primary_failed_starts"": 0, ""optimizer_primary_successful_starts"": 2, ""optimizer_results"": [{""fun"": 14170.124731047208, ""jac"": [0.0, 7355.29883968411, 0.0021827872838893377, -0.002000888178346212], ""message"": ""CONVERGENCE: REL_REDUCTION_OF_F_<=_FACTR*EPSMCH"", ""method"": ""L-BFGS-B"", ""nfev"": 50, ""nit"": 7, ""status"": 0, ""success"": true, ""x"": [0.3802888178879594, 0.0, -0.03370567495457675, 11.546611129547331]}, {""fun"": 14170.124816709613, ""jac"": [-0.0001818989404503292, 7355.297930189408, 0.002364686224623657, -0.0027284838795630165], ""message"": ""CONVERGENCE: REL_REDUCTION_OF_F_<=_FACTR*EPSMCH"", ""method"": ""L-BFGS-B"", ""nfev"": 35, ""nit"": 5, ""status"": 0, ""success"": true, ""x"": [0.38028873672316094, 0.0, -0.013024510593195905, 11.525929980425282]}], ""solver_path"": ""general_convolution"", ""uncertified_profiles"": 0}"
foul_leaves_5_team,team-quarter,2016-17,9840,optimization,PERS_FOUL_DRAWN,3,FOUL;FTA,3,ZIP,28377.02224937102,-14170.122702705417,"[0.3802908350550703, 0.0]","{""lam"": 9.999999999999996e-11, ""rho"": 1.0000000000000007e-09}",4,True,optimizer_converged_lbfgsb,12,87,2,-16108.922997981155,1938.8002952757379,0.09026900003664196,"{""binomial_discrete_residual_mean"": null, ""binomial_discrete_residual_variance"": null, ""binomial_h_extension_used"": null, ""binomial_n_candidates"": 0, ""binomial_n_max"": null, ""binomial_n_min"": null, ""binomial_n_policy"": null, ""binomial_n_tie_break"": null, ""certified_profiles"": 1, ""optimizer_powell_attempted"": false, ""optimizer_powell_success"": false, ""optimizer_primary_failed_starts"": 0, ""optimizer_primary_successful_starts"": 2, ""optimizer_results"": [{""fun"": 14170.12270270542, ""jac"": [-0.0003637978809006584, 7355.327397817746, 0.0, 0.0], ""message"": ""CONVERGENCE: REL_REDUCTION_OF_F_<=_FACTR*EPSMCH"", ""method"": ""L-BFGS-B"", ""nfev"": 50, ""nit"": 7, ""status"": 0, ""success"": true, ""x"": [0.38029083486998666, 0.0, -23.025850929940457, -20.72326583594641]}, {""fun"": 14170.122702705417, ""jac"": [-0.0003637978809006584, 7355.327397817746, 0.0, 0.0], ""message"": ""CONVERGENCE: REL_REDUCTION_OF_F_<=_FACTR*EPSMCH"", ""method"": ""L-BFGS-B"", ""nfev"": 35, ""nit"": 5, ""status"": 0, ""success"": true, ""x"": [0.3802908350550703, 0.0, -23.025850929940457, -20.72326583594641]}], ""solver_path"": ""general_convolution"", ""uncertified_profiles"": 0}"
foul_leaves_5_team,team-quarter,2016-17,9840,optimization,PERS_FOUL_DRAWN,3,FOUL;FTA,3,Geom,28367.82803877149,-14170.122702900677,"[0.38029083615493187, 0.0]","{""p"": 0.9999999989999999}",3,True,optimizer_converged_lbfgsb,12,70,2,-16108.923001274665,1938.800298373988,11.216296700004023,"{""binomial_discrete_residual_mean"": null, ""binomial_discrete_residual_variance"": null, ""binomial_h_extension_used"": null, ""binomial_n_candidates"": 0, ""binomial_n_max"": null, ""binomial_n_min"": null, ""binomial_n_policy"": null, ""binomial_n_tie_break"": null, ""certified_profiles"": 1, ""optimizer_powell_attempted"": false, ""optimizer_powell_success"": false, ""optimizer_primary_failed_starts"": 0, ""optimizer_primary_successful_starts"": 2, ""optimizer_results"": [{""fun"": 14170.122702900677, ""jac"": [0.0, 7355.3277616156265, 0.00036379785060840214], ""message"": ""CONVERGENCE: REL_REDUCTION_OF_F_<=_FACTR*EPSMCH"", ""method"": ""L-BFGS-B"", ""nfev"": 40, ""nit"": 7, ""status"": 0, ""success"": true, ""x"": [0.38029083615493187, 0.0, 20.723265862767605]}, {""fun"": 14170.12270290068, ""jac"": [-0.0003637978809006584, 7355.327397817746, 0.0], ""message"": ""CONVERGENCE: REL_REDUCTION_OF_F_<=_FACTR*EPSMCH"", ""method"": ""L-BFGS-B"", ""nfev"": 28, ""nit"": 5, ""status"": 0, ""success"": true, ""x"": [0.38029083570143185, 0.0, 20.72326586215574]}], ""solver_path"": ""general_convolution"", ""uncertified_profiles"": 0}"
foul_leaves_5_team,team-quarter,2016-17,9840,optimization,PERS_FOUL_DRAWN,3,FOUL;FTA,3,Binomial,28367.828039205408,-14170.122703117635,"[0.3802908373162342, 0.0]","{""n"": 2, ""p"": 1.0000000000000007e-09}",3,True,optimizer_converged_lbfgsb,13,74,2,-16108.92300493412,1938.8003018164854,0.2074500999879092,"{""binomial_discrete_residual_mean"": -2.406726075312646, ""binomial_discrete_residual_variance"": -5.597264093371894, ""binomial_h_extension_used"": true, ""binomial_n_candidates"": 1, ""binomial_n_max"": 2, ""binomial_n_min"": 2, ""binomial_n_policy"": ""paper_H_binomial_discrete_index_continuous_full_mle"", ""binomial_n_tie_break"": ""not_applicable_single_mom_index"", ""certified_profiles"": 1, ""optimizer_powell_attempted"": false, ""optimizer_powell_success"": false, ""optimizer_primary_failed_starts"": 0, ""optimizer_primary_successful_starts"": 2, ""optimizer_results"": [{""fun"": 14170.122703117635, ""jac"": [0.0, 7355.327943514567, 0.0], ""message"": ""CONVERGENCE: NORM_OF_PROJECTED_GRADIENT_<=_PGTOL"", ""method"": ""L-BFGS-B"", ""nfev"": 40, ""nit"": 7, ""status"": 0, ""success"": true, ""x"": [0.3802908373162342, 0.0, -20.72326583594641]}, {""fun"": 14170.122703117686, ""jac"": [0.0003637978809006584, 7355.3277616156265, 0.00036379785060840214], ""message"": ""CONVERGENCE: REL_REDUCTION_OF_F_<=_FACTR*EPSMCH"", ""method"": ""L-BFGS-B"", ""nfev"": 32, ""nit"": 6, ""status"": 0, ""success"": true, ""x"": [0.3802908360001577, 0.0, -20.72314952211554]}], ""solver_path"": ""general_convolution"", ""uncertified_profiles"": 0}"
foul_leaves_5_team,team-quarter,2016-17,9840,optimization,PERS_FOUL_DRAWN,3,FOUL;FTA,3,Bernoulli,28367.8280387715,-14170.12270290068,"[0.3802908378743237, 0.0]","{""p"": 1.0000000000000007e-09}",3,True,optimizer_converged_lbfgsb,13,74,2,-16108.923001274667,1938.8002983739862,0.17092780000530183,"{""binomial_discrete_residual_mean"": null, ""binomial_discrete_residual_variance"": null, ""binomial_h_extension_used"": null, ""binomial_n_candidates"": 0, ""binomial_n_max"": null, ""binomial_n_min"": null, ""binomial_n_policy"": null, ""binomial_n_tie_break"": null, ""certified_profiles"": 1, ""optimizer_powell_attempted"": false, ""optimizer_powell_success"": false, ""optimizer_primary_failed_starts"": 0, ""optimizer_primary_successful_starts"": 2, ""optimizer_results"": [{""fun"": 14170.12270290068, ""jac"": [0.0, 7355.327579716686, 0.0], ""message"": ""CONVERGENCE: NORM_OF_PROJECTED_GRADIENT_<=_PGTOL"", ""method"": ""L-BFGS-B"", ""nfev"": 40, ""nit"": 7, ""status"": 0, ""success"": true, ""x"": [0.3802908378743237, 0.0, -20.72326583594641]}, {""fun"": 14170.122702900684, ""jac"": [0.0, 7355.327397817746, -0.00018189892530420107], ""message"": ""CONVERGENCE: REL_REDUCTION_OF_F_<=_FACTR*EPSMCH"", ""method"": ""L-BFGS-B"", ""nfev"": 32, ""nit"": 6, ""status"": 0, ""success"": true, ""x"": [0.3802908364576843, 0.0, -20.723246137377192]}], ""solver_path"": ""general_convolution"", ""uncertified_profiles"": 0}"
foul_leaves_5_team,team-quarter,2016-17,9840,optimization,PERS_FOUL_DRAWN,3,FTM,4,Poisson,31728.27955070952,-15854.945564364714,[0.11080498227233053],"{""lam"": 1.2357233874241464}",2,True,poisson_convex_mle,16,22,2,-15860.376544361678,5.430979996963288,0.031183100014459342,"{""binomial_discrete_residual_mean"": null, ""binomial_discrete_residual_variance"": null, ""binomial_h_extension_used"": null, ""binomial_n_candidates"": 0, ""binomial_n_max"": null, ""binomial_n_min"": null, ""binomial_n_policy"": null, ""binomial_n_tie_break"": null, ""certified_profiles"": 1, ""optimizer_primary_failed_starts"": 0, ""optimizer_primary_successful_starts"": 2, ""optimizer_results"": [{""fun"": 15854.94556436472, ""jac"": [-9.199995588748955e-05, 0.00024757027966071377], ""message"": ""CONVERGENCE: REL_REDUCTION_OF_F_<=_FACTR*EPSMCH"", ""method"": ""L-BFGS-B"", ""nfev"": 7, ""nit"": 5, ""status"": 0, ""success"": true, ""x"": [1.2357233256587632, 0.11080499146397345]}, {""fun"": 15854.945564364714, ""jac"": [6.60196588180284e-05, 0.00036752340684786944], ""message"": ""CONVERGENCE: REL_REDUCTION_OF_F_<=_FACTR*EPSMCH"", ""method"": ""L-BFGS-B"", ""nfev"": 13, ""nit"": 11, ""status"": 0, ""success"": true, ""x"": [1.2357233874241464, 0.11080498227233053]}], ""poisson_canonical_agreement_abs"": 0.0, ""solver_path"": ""poisson_convex"", ""uncertified_profiles"": 0}"
foul_leaves_5_team,team-quarter,2016-17,9840,optimization,PERS_FOUL_DRAWN,3,FTM,4,NB,31737.475143087668,-15854.946255058765,[0.11080486617087086],"{""p"": 0.9999950190646675, ""r"": 248089.5064224505}",3,True,optimizer_converged_lbfgsb,72,586,2,-15867.988724909254,13.042469850488487,1.352571600000374,"{""binomial_discrete_residual_mean"": null, ""binomial_discrete_residual_variance"": null, ""binomial_h_extension_used"": null, ""binomial_n_candidates"": 0, ""binomial_n_max"": null, ""binomial_n_min"": null, ""binomial_n_policy"": null, ""binomial_n_tie_break"": null, ""certified_profiles"": 1, ""optimizer_powell_attempted"": false, ""optimizer_powell_success"": false, ""optimizer_primary_failed_starts"": 0, ""optimizer_primary_successful_starts"": 2, ""optimizer_results"": [{""fun"": 15854.946255058765, ""jac"": [-0.0005456968213509877, -0.00018189892530420107, -0.0007275957012168043], ""message"": ""CONVERGENCE: REL_REDUCTION_OF_F_<=_FACTR*EPSMCH"", ""method"": ""L-BFGS-B"", ""nfev"": 360, ""nit"": 41, ""status"": 0, ""success"": true, ""x"": [0.11080486617087086, 12.421544873027443, 12.209887885841113]}, {""fun"": 15854.946435395235, ""jac"": [0.4745743356349089, 0.26102495781152857, -0.25956976640909496], ""message"": ""CONVERGENCE: REL_REDUCTION_OF_F_<=_FACTR*EPSMCH"", ""method"": ""L-BFGS-B"", ""nfev"": 224, ""nit"": 31, ""status"": 0, ""success"": true, ""x"": [0.11079862689625589, 12.195076596881535, 11.983371637407739]}], ""solver_path"": ""general_convolution"", ""uncertified_profiles"": 0}"
foul_leaves_5_team,team-quarter,2016-17,9840,optimization,PERS_FOUL_DRAWN,3,FTM,4,ZIP,31737.473776334573,-15854.945571682218,[0.11080580398053554],"{""lam"": 1.23572238853744, ""rho"": 4.754817097686062e-08}",3,True,optimizer_converged_lbfgsb,61,298,2,-15867.685667683158,12.740096000939957,0.3596706000389531,"{""binomial_discrete_residual_mean"": null, ""binomial_discrete_residual_variance"": null, ""binomial_h_extension_used"": null, ""binomial_n_candidates"": 0, ""binomial_n_max"": null, ""binomial_n_min"": null, ""binomial_n_policy"": null, ""binomial_n_tie_break"": null, ""certified_profiles"": 1, ""optimizer_powell_attempted"": false, ""optimizer_powell_success"": false, ""optimizer_primary_failed_starts"": 0, ""optimizer_primary_successful_starts"": 2, ""optimizer_results"": [{""fun"": 15854.945753719378, ""jac"": [0.005456968213509877, -0.0021827872854039507, 0.00036379785060840214], ""message"": ""CONVERGENCE: REL_REDUCTION_OF_F_<=_FACTR*EPSMCH"", ""method"": ""L-BFGS-B"", ""nfev"": 136, ""nit"": 27, ""status"": 0, ""success"": true, ""x"": [0.11080522915524749, 0.21165670532075723, -13.603978126771388]}, {""fun"": 15854.945571682218, ""jac"": [0.09185896492741626, 0.015461409938277984, 0.0], ""message"": ""CONVERGENCE: REL_REDUCTION_OF_F_<=_FACTR*EPSMCH"", ""method"": ""L-BFGS-B"", ""nfev"": 160, ""nit"": 34, ""status"": 0, ""success"": true, ""x"": [0.11080580398053554, 0.21165572906490465, -16.8615224664072]}], ""solver_path"": ""general_convolution"", ""uncertified_profiles"": 0}"
foul_leaves_5_team,team-quarter,2016-17,9840,optimization,PERS_FOUL_DRAWN,3,FTM,4,Geom,32827.52489653176,-16404.568237275835,[0.18653878886130573],"{""p"": 0.5259150097266991}",2,True,optimizer_converged_lbfgsb,23,83,2,-16534.336813733236,129.76857645740165,0.149945100012701,"{""binomial_discrete_residual_mean"": null, ""binomial_discrete_residual_variance"": null, ""binomial_h_extension_used"": null, ""binomial_n_candidates"": 0, ""binomial_n_max"": null, ""binomial_n_min"": null, ""binomial_n_policy"": null, ""binomial_n_tie_break"": null, ""certified_profiles"": 1, ""optimizer_powell_attempted"": false, ""optimizer_powell_success"": false, ""optimizer_primary_failed_starts"": 0, ""optimizer_primary_successful_starts"": 2, ""optimizer_results"": [{""fun"": 16404.568237275897, ""jac"": [0.0029103830472052674, -0.0007275957618013168], ""message"": ""CONVERGENCE: REL_REDUCTION_OF_F_<=_FACTR*EPSMCH"", ""method"": ""L-BFGS-B"", ""nfev"": 39, ""nit"": 11, ""status"": 0, ""success"": true, ""x"": [0.18653880375457946, 0.10375290472375788]}, {""fun"": 16404.568237275835, ""jac"": [0.0003637978809006584, 0.0], ""message"": ""CONVERGENCE: REL_REDUCTION_OF_F_<=_FACTR*EPSMCH"", ""method"": ""L-BFGS-B"", ""nfev"": 42, ""nit"": 12, ""status"": 0, ""success"": true, ""x"": [0.18653878886130573, 0.10375301122013071]}], ""solver_path"": ""general_convolution"", ""uncertified_profiles"": 0}"
foul_leaves_5_team,team-quarter,2016-17,9840,optimization,PERS_FOUL_DRAWN,3,FTM,4,Binomial,31725.20826541868,-15853.409921719294,[0.11098936730696582],"{""n"": 100, ""p"": 0.012349097615221162}",2,True,optimizer_converged_lbfgsb,14,56,2,-15858.77726505082,5.367343331525262,0.21930779999820516,"{""binomial_discrete_residual_mean"": 1.1736481663859188, ""binomial_discrete_residual_variance"": 1.2205751758522052, ""binomial_h_extension_used"": true, ""binomial_n_candidates"": 1, ""binomial_n_max"": 100, ""binomial_n_min"": 100, ""binomial_n_policy"": ""paper_H_binomial_discrete_index_continuous_full_mle"", ""binomial_n_tie_break"": ""not_applicable_single_mom_index"", ""certified_profiles"": 1, ""optimizer_powell_attempted"": false, ""optimizer_powell_success"": false, ""optimizer_primary_failed_starts"": 0, ""optimizer_primary_successful_starts"": 2, ""optimizer_results"": [{""fun"": 15853.409921719294, ""jac"": [0.006730260796662181, 0.002000888356060783], ""message"": ""CONVERGENCE: REL_REDUCTION_OF_F_<=_FACTR*EPSMCH"", ""method"": ""L-BFGS-B"", ""nfev"": 21, ""nit"": 5, ""status"": 0, ""success"": true, ""x"": [0.11098936730696582, -4.381746304831187]}, {""fun"": 15853.409921719383, ""jac"": [0.0061845639753111935, -0.0005456968243802135], ""message"": ""CONVERGENCE: REL_REDUCTION_OF_F_<=_FACTR*EPSMCH"", ""method"": ""L-BFGS-B"", ""nfev"": 33, ""nit"": 9, ""status"": 0, ""success"": true, ""x"": [0.11098944408745799, -4.3817467098188665]}], ""solver_path"": ""general_convolution"", ""uncertified_profiles"": 0}"
foul_leaves_5_team,team-quarter,2016-17,9840,optimization,PERS_FOUL_DRAWN,3,FTM,4,Bernoulli,inf,-inf,[],{},2,False,infeasible_conditional_support,0,0,0,-inf,0.0,0.00011749996338039637,"{""binomial_discrete_residual_mean"": null, ""binomial_discrete_residual_variance"": null, ""binomial_h_extension_used"": null, ""binomial_n_candidates"": 0, ""binomial_n_max"": null, ""binomial_n_min"": null, ""binomial_n_policy"": null, ""binomial_n_tie_break"": null, ""certified_profiles"": 0, ""solver_path"": ""conditional_support_check"", ""support_violating_rows"": 345, ""uncertified_profiles"": 0}"
foul_leaves_5_team,team-quarter,2016-17,9840,optimization,PERS_FOUL_DRAWN,3,FOUL;FTM,5,Poisson,29286.510417793324,-14629.463892411593,"[0.4757587756809382, 0.0]","{""lam"": 0.0}",3,True,poisson_convex_mle,2,8,2,-14629.463892411593,0.0,0.01272410003002733,"{""binomial_discrete_residual_mean"": null, ""binomial_discrete_residual_variance"": null, ""binomial_h_extension_used"": null, ""binomial_n_candidates"": 0, ""binomial_n_max"": null, ""binomial_n_min"": null, ""binomial_n_policy"": null, ""binomial_n_tie_break"": null, ""certified_profiles"": 1, ""optimizer_primary_failed_starts"": 1, ""optimizer_primary_successful_starts"": 1, ""optimizer_results"": [{""fun"": 18751.17537887909, ""jac"": [4840.175174670247, 21441.198610082258, 23779.747571335924], ""message"": ""CONVERGENCE: REL_REDUCTION_OF_F_<=_FACTR*EPSMCH"", ""method"": ""L-BFGS-B"", ""nfev"": 3, ""nit"": 1, ""status"": 0, ""success"": true, ""x"": [0.0, 0.7319365779706741, 0.0]}, {""fun"": 14629.463892411593, ""jac"": [2147.9618071850027, 8955.459400126558, 13197.765494362617], ""message"": ""CONVERGENCE: REL_REDUCTION_OF_F_<=_FACTR*EPSMCH"", ""method"": ""L-BFGS-B"", ""nfev"": 3, ""nit"": 1, ""status"": 0, ""success"": true, ""x"": [0.0, 0.4757587756809382, 0.0]}], ""poisson_canonical_agreement_abs"": 0.0, ""solver_path"": ""poisson_convex"", ""uncertified_profiles"": 0}"
foul_leaves_5_team,team-quarter,2016-17,9840,optimization,PERS_FOUL_DRAWN,3,FOUL;FTM,5,NB,28377.026391736646,-14170.12477388823,"[0.3802887760359544, 0.0]","{""p"": 0.9999902297746343, ""r"": 0.9770125435951413}",4,True,optimizer_converged_lbfgsb,11,87,2,-14629.485372305846,459.3605984176156,0.21298149996437132,"{""binomial_discrete_residual_mean"": null, ""binomial_discrete_residual_variance"": null, ""binomial_h_extension_used"": null, ""binomial_n_candidates"": 0, ""binomial_n_max"": null, ""binomial_n_min"": null, ""binomial_n_policy"": null, ""binomial_n_tie_break"": null, ""certified_profiles"": 1, ""optimizer_powell_attempted"": false, ""optimizer_powell_success"": false, ""optimizer_primary_failed_starts"": 0, ""optimizer_primary_successful_starts"": 2, ""optimizer_results"": [{""fun"": 14170.12477388823, ""jac"": [-0.0003637978809006584, 5607.763341686223, 0.0018189894032411148, -0.002182787103650413], ""message"": ""CONVERGENCE: REL_REDUCTION_OF_F_<=_FACTR*EPSMCH"", ""method"": ""L-BFGS-B"", ""nfev"": 45, ""nit"": 6, ""status"": 0, ""success"": true, ""x"": [0.3802887760359544, 0.0, -0.023255788132169934, 11.5361612547823]}, {""fun"": 14170.124853927744, ""jac"": [0.0005456968213509877, 5607.763523585163, 0.0027284841053349888, -0.0027284838795630165], ""message"": ""CONVERGENCE: REL_REDUCTION_OF_F_<=_FACTR*EPSMCH"", ""method"": ""L-BFGS-B"", ""nfev"": 40, ""nit"": 5, ""status"": 0, ""success"": true, ""x"": [0.3802887007168946, 0.0, -0.004207722231288653, 11.51729569239181]}], ""solver_path"": ""general_convolution"", ""uncertified_profiles"": 0}"
foul_leaves_5_team,team-quarter,2016-17,9840,optimization,PERS_FOUL_DRAWN,3,FOUL;FTM,5,ZIP,28377.02224937102,-14170.122702705417,"[0.3802908364390751, 0.0]","{""lam"": 9.999999999999996e-11, ""rho"": 1.0000000000000007e-09}",4,True,optimizer_converged_lbfgsb,11,87,2,-14629.46389262639,459.3411899209732,0.1063150999834761,"{""binomial_discrete_residual_mean"": null, ""binomial_discrete_residual_variance"": null, ""binomial_h_extension_used"": null, ""binomial_n_candidates"": 0, ""binomial_n_max"": null, ""binomial_n_min"": null, ""binomial_n_policy"": null, ""binomial_n_tie_break"": null, ""certified_profiles"": 1, ""optimizer_powell_attempted"": false, ""optimizer_powell_success"": false, ""optimizer_primary_failed_starts"": 0, ""optimizer_primary_successful_starts"": 2, ""optimizer_results"": [{""fun"": 14170.122702705417, ""jac"": [-0.0001818989404503292, 5607.785533356946, 0.0, 0.0], ""message"": ""CONVERGENCE: REL_REDUCTION_OF_F_<=_FACTR*EPSMCH"", ""method"": ""L-BFGS-B"", ""nfev"": 45, ""nit"": 6, ""status"": 0, ""success"": true, ""x"": [0.3802908364390751, 0.0, -23.025850929940457, -20.72326583594641]}, {""fun"": 14170.122702705417, ""jac"": [0.0, 5607.785533356946, 0.0, 0.0], ""message"": ""CONVERGENCE: NORM_OF_PROJECTED_GRADIENT_<=_PGTOL"", ""method"": ""L-BFGS-B"", ""nfev"": 40, ""nit"": 5, ""status"": 0, ""success"": true, ""x"": [0.3802908357349944, 0.0, -23.025850929940457, -20.72326583594641]}], ""solver_path"": ""general_convolution"", ""uncertified_profiles"": 0}"
foul_leaves_5_team,team-quarter,2016-17,9840,optimization,PERS_FOUL_DRAWN,3,FOUL;FTM,5,Geom,28367.828038771488,-14170.122702900675,"[0.380290832488702, 0.0]","{""p"": 0.9999999990000372}",3,True,optimizer_converged_lbfgsb,11,70,2,-14629.463894559556,459.34119165888114,11.346565099956933,"{""binomial_discrete_residual_mean"": null, ""binomial_discrete_residual_variance"": null, ""binomial_h_extension_used"": null, ""binomial_n_candidates"": 0, ""binomial_n_max"": null, ""binomial_n_min"": null, ""binomial_n_policy"": null, ""binomial_n_tie_break"": null, ""certified_profiles"": 1, ""optimizer_powell_attempted"": false, ""optimizer_powell_success"": false, ""optimizer_primary_failed_starts"": 0, ""optimizer_primary_successful_starts"": 2, ""optimizer_results"": [{""fun"": 14170.122702900677, ""jac"": [0.0003637978809006584, 5607.785715255886, 0.00036379785060840214], ""message"": ""CONVERGENCE: REL_REDUCTION_OF_F_<=_FACTR*EPSMCH"", ""method"": ""L-BFGS-B"", ""nfev"": 36, ""nit"": 6, ""status"": 0, ""success"": true, ""x"": [0.38029083568650546, 0.0, 20.723265863339176]}, {""fun"": 14170.122702900675, ""jac"": [-0.0005456968213509877, 5607.784987660125, 0.0], ""message"": ""CONVERGENCE: REL_REDUCTION_OF_F_<=_FACTR*EPSMCH"", ""method"": ""L-BFGS-B"", ""nfev"": 32, ""nit"": 5, ""status"": 0, ""success"": true, ""x"": [0.380290832488702, 0.0, 20.72330307727725]}], ""solver_path"": ""general_convolution"", ""uncertified_profiles"": 0}"
foul_leaves_5_team,team-quarter,2016-17,9840,optimization,PERS_FOUL_DRAWN,3,FOUL;FTM,5,Binomial,28367.82803920541,-14170.122703117637,"[0.38029083745059156, 0.0]","{""n"": 2, ""p"": 1.0000000000000007e-09}",3,True,optimizer_converged_lbfgsb,11,70,2,-14629.463896707517,459.3411935898803,0.20734370005084202,"{""binomial_discrete_residual_mean"": -1.5948777986029687, ""binomial_discrete_residual_variance"": -3.587852049569181, ""binomial_h_extension_used"": true, ""binomial_n_candidates"": 1, ""binomial_n_max"": 2, ""binomial_n_min"": 2, ""binomial_n_policy"": ""paper_H_binomial_discrete_index_continuous_full_mle"", ""binomial_n_tie_break"": ""not_applicable_single_mom_index"", ""certified_profiles"": 1, ""optimizer_powell_attempted"": false, ""optimizer_powell_success"": false, ""optimizer_primary_failed_starts"": 0, ""optimizer_primary_successful_starts"": 2, ""optimizer_results"": [{""fun"": 14170.122703117637, ""jac"": [0.0, 5607.785533356946, 0.0], ""message"": ""CONVERGENCE: NORM_OF_PROJECTED_GRADIENT_<=_PGTOL"", ""method"": ""L-BFGS-B"", ""nfev"": 36, ""nit"": 6, ""status"": 0, ""success"": true, ""x"": [0.38029083745059156, 0.0, -20.72326583594641]}, {""fun"": 14170.122703117637, ""jac"": [-0.0001818989404503292, 5607.785533356946, 0.0], ""message"": ""CONVERGENCE: REL_REDUCTION_OF_F_<=_FACTR*EPSMCH"", ""method"": ""L-BFGS-B"", ""nfev"": 32, ""nit"": 5, ""status"": 0, ""success"": true, ""x"": [0.3802908360985087, 0.0, -20.72326583594641]}], ""solver_path"": ""general_convolution"", ""uncertified_profiles"": 0}"
foul_leaves_5_team,team-quarter,2016-17,9840,optimization,PERS_FOUL_DRAWN,3,FOUL;FTM,5,Bernoulli,28367.828038771495,-14170.122702900679,"[0.38029083687279736, 0.0]","{""p"": 1.0000000000000007e-09}",3,True,optimizer_converged_lbfgsb,11,70,2,-14629.463894559558,459.3411916588793,0.1451235999702476,"{""binomial_discrete_residual_mean"": null, ""binomial_discrete_residual_variance"": null, ""binomial_h_extension_used"": null, ""binomial_n_candidates"": 0, ""binomial_n_max"": null, ""binomial_n_min"": null, ""binomial_n_policy"": null, ""binomial_n_tie_break"": null, ""certified_profiles"": 1, ""optimizer_powell_attempted"": false, ""optimizer_powell_success"": false, ""optimizer_primary_failed_starts"": 0, ""optimizer_primary_successful_starts"": 2, ""optimizer_results"": [{""fun"": 14170.12270290068, ""jac"": [0.0003637978809006584, 5607.785715255886, -0.00036379785060840214], ""message"": ""CONVERGENCE: REL_REDUCTION_OF_F_<=_FACTR*EPSMCH"", ""method"": ""L-BFGS-B"", ""nfev"": 36, ""nit"": 6, ""status"": 0, ""success"": true, ""x"": [0.38029084007830394, 0.0, -20.72326583594641]}, {""fun"": 14170.122702900679, ""jac"": [0.0, 5607.785533356946, 0.0], ""message"": ""CONVERGENCE: NORM_OF_PROJECTED_GRADIENT_<=_PGTOL"", ""method"": ""L-BFGS-B"", ""nfev"": 32, ""nit"": 5, ""status"": 0, ""success"": true, ""x"": [0.38029083687279736, 0.0, -20.72326583594641]}], ""solver_path"": ""general_convolution"", ""uncertified_profiles"": 0}"
foul_leaves_5_team,team-quarter,2016-17,9840,optimization,PERS_FOUL_DRAWN,3,FTA;FTM,6,Poisson,31659.797717713962,-15816.107542371912,"[0.09217076770327003, 0.003223114354774908]","{""lam"": 1.183482928515481}",3,True,poisson_convex_mle,19,28,2,-15829.598548246464,13.491005874551774,0.03551859996514395,"{""binomial_discrete_residual_mean"": null, ""binomial_discrete_residual_variance"": null, ""binomial_h_extension_used"": null, ""binomial_n_candidates"": 0, ""binomial_n_max"": null, ""binomial_n_min"": null, ""binomial_n_policy"": null, ""binomial_n_tie_break"": null, ""certified_profiles"": 1, ""optimizer_primary_failed_starts"": 0, ""optimizer_primary_successful_starts"": 2, ""optimizer_results"": [{""fun"": 15816.107542377347, ""jac"": [-0.0008154044686818906, -0.008491299571232958, 0.0013358371797949076], ""message"": ""CONVERGENCE: REL_REDUCTION_OF_F_<=_FACTR*EPSMCH"", ""method"": ""L-BFGS-B"", ""nfev"": 13, ""nit"": 11, ""status"": 0, ""success"": true, ""x"": [1.1834831606546556, 0.09216949181657767, 0.0032246841453069503]}, {""fun"": 15816.107542371912, ""jac"": [-0.00031470687608248227, -0.000371083197705957, -0.0014480188247034675], ""message"": ""CONVERGENCE: REL_REDUCTION_OF_F_<=_FACTR*EPSMCH"", ""method"": ""L-BFGS-B"", ""nfev"": 13, ""nit"": 8, ""status"": 0, ""success"": true, ""x"": [1.183482928515481, 0.09217076770327003, 0.003223114354774908]}], ""poisson_canonical_agreement_abs"": 0.0, ""solver_path"": ""poisson_convex"", ""uncertified_profiles"": 0}"
foul_leaves_5_team,team-quarter,2016-17,9840,optimization,PERS_FOUL_DRAWN,3,FTA;FTM,6,NB,31668.99346714621,-15816.108311593012,"[0.0921796482925764, 0.003218616531632296]","{""p"": 0.999995454451504, ""r"": 260357.63299027196}",4,True,optimizer_converged_lbfgsb,65,602,2,-15832.976812085999,16.86850049298664,1.3277858999790624,"{""binomial_discrete_residual_mean"": null, ""binomial_discrete_residual_variance"": null, ""binomial_h_extension_used"": null, ""binomial_n_candidates"": 0, ""binomial_n_max"": null, ""binomial_n_min"": null, ""binomial_n_policy"": null, ""binomial_n_tie_break"": null, ""certified_profiles"": 1, ""optimizer_powell_attempted"": false, ""optimizer_powell_success"": false, ""optimizer_primary_failed_starts"": 0, ""optimizer_primary_successful_starts"": 2, ""optimizer_results"": [{""fun"": 15816.108311593012, ""jac"": [0.9520590543170231, 0.7064954843414064, 0.12041708855138111, -0.12259987565503153], ""message"": ""CONVERGENCE: REL_REDUCTION_OF_F_<=_FACTR*EPSMCH"", ""method"": ""L-BFGS-B"", ""nfev"": 250, ""nit"": 32, ""status"": 0, ""success"": true, ""x"": [0.0921796482925764, 0.003218616531632296, 12.469811476349376, 12.301357610862478]}, {""fun"": 15816.108323232747, ""jac"": [0.7026756069596217, 0.3110471880081887, 0.2386513899991118, -0.23828759214850342], ""message"": ""CONVERGENCE: REL_REDUCTION_OF_F_<=_FACTR*EPSMCH"", ""method"": ""L-BFGS-B"", ""nfev"": 350, ""nit"": 33, ""status"": 0, ""success"": true, ""x"": [0.09219802964485284, 0.003182863997953368, 12.463096745976722, 12.29459050360408]}], ""solver_path"": ""general_convolution"", ""uncertified_profiles"": 0}"
foul_leaves_5_team,team-quarter,2016-17,9840,optimization,PERS_FOUL_DRAWN,3,FTA;FTM,6,ZIP,31668.992002792664,-15816.107579416239,"[0.0921846930079772, 0.003200290822232686]","{""lam"": 1.183497246176908, ""rho"": 2.1195878599814163e-07}",4,True,optimizer_converged_lbfgsb,73,447,2,-15832.179736607864,16.072157191625593,0.4683876999770291,"{""binomial_discrete_residual_mean"": null, ""binomial_discrete_residual_variance"": null, ""binomial_h_extension_used"": null, ""binomial_n_candidates"": 0, ""binomial_n_max"": null, ""binomial_n_min"": null, ""binomial_n_policy"": null, ""binomial_n_tie_break"": null, ""certified_profiles"": 1, ""optimizer_powell_attempted"": false, ""optimizer_powell_success"": false, ""optimizer_primary_failed_starts"": 0, ""optimizer_primary_successful_starts"": 2, ""optimizer_results"": [{""fun"": 15816.107579416239, ""jac"": [-0.41382008952449895, -0.45110937208205143, -0.02964952729340366, 0.0], ""message"": ""CONVERGENCE: REL_REDUCTION_OF_F_<=_FACTR*EPSMCH"", ""method"": ""L-BFGS-B"", ""nfev"": 250, ""nit"": 44, ""status"": 0, ""success"": true, ""x"": [0.0921846930079772, 0.003200290822232686, 0.16847382312247547, -15.366873774883965]}, {""fun"": 15816.107949130354, ""jac"": [0.08840288505886, 0.09567884262708026, 0.006366462915761523, 0.00036379785060840214], ""message"": ""CONVERGENCE: REL_REDUCTION_OF_F_<=_FACTR*EPSMCH"", ""method"": ""L-BFGS-B"", ""nfev"": 195, ""nit"": 29, ""status"": 0, ""success"": true, ""x"": [0.09216768664063991, 0.0032281518988519164, 0.16846153154534144, -12.91266897486636]}], ""solver_path"": ""general_convolution"", ""uncertified_profiles"": 0}"
foul_leaves_5_team,team-quarter,2016-17,9840,optimization,PERS_FOUL_DRAWN,3,FTA;FTM,6,Geom,32637.975789193493,-16305.196578111678,"[0.15387726882634714, 0.000763465932913461]","{""p"": 0.5430459953560708}",3,True,optimizer_converged_lbfgsb,30,138,2,-16401.959476992568,96.76289888089013,0.2511682999902405,"{""binomial_discrete_residual_mean"": null, ""binomial_discrete_residual_variance"": null, ""binomial_h_extension_used"": null, ""binomial_n_candidates"": 0, ""binomial_n_max"": null, ""binomial_n_min"": null, ""binomial_n_policy"": null, ""binomial_n_tie_break"": null, ""certified_profiles"": 1, ""optimizer_powell_attempted"": false, ""optimizer_powell_success"": false, ""optimizer_primary_failed_starts"": 0, ""optimizer_primary_successful_starts"": 2, ""optimizer_results"": [{""fun"": 16305.196578113158, ""jac"": [0.024192559079893785, 0.01928128767749154, -0.0018189894045032922], ""message"": ""CONVERGENCE: REL_REDUCTION_OF_F_<=_FACTR*EPSMCH"", ""method"": ""L-BFGS-B"", ""nfev"": 64, ""nit"": 14, ""status"": 0, ""success"": true, ""x"": [0.15387737306197585, 0.0007634967903468604, 0.17261113388439944]}, {""fun"": 16305.196578111678, ""jac"": [-0.0012732925831523045, -0.0005456968210610812, 0.0003637978809006584], ""message"": ""CONVERGENCE: REL_REDUCTION_OF_F_<=_FACTR*EPSMCH"", ""method"": ""L-BFGS-B"", ""nfev"": 72, ""nit"": 16, ""status"": 0, ""success"": true, ""x"": [0.15387726882634714, 0.000763465932913461, 0.17261128280737728]}], ""solver_path"": ""general_convolution"", ""uncertified_profiles"": 0}"
foul_leaves_5_team,team-quarter,2016-17,9840,optimization,PERS_FOUL_DRAWN,3,FTA;FTM,6,Binomial,31656.098634136546,-15814.258000583204,"[0.09209542236388328, 0.003372731719098591]","{""n"": 100, ""p"": 0.011832534793776831}",3,True,optimizer_converged_lbfgsb,14,86,2,-15827.86313802172,13.605137438515158,0.2815678999759257,"{""binomial_discrete_residual_mean"": 1.0817846871733061, ""binomial_discrete_residual_variance"": 1.101249452929954, ""binomial_h_extension_used"": true, ""binomial_n_candidates"": 1, ""binomial_n_max"": 100, ""binomial_n_min"": 100, ""binomial_n_policy"": ""paper_H_binomial_discrete_index_continuous_full_mle"", ""binomial_n_tie_break"": ""not_applicable_single_mom_index"", ""certified_profiles"": 1, ""optimizer_powell_attempted"": false, ""optimizer_powell_success"": false, ""optimizer_primary_failed_starts"": 0, ""optimizer_primary_successful_starts"": 2, ""optimizer_results"": [{""fun"": 15814.258000583204, ""jac"": [0.0001818989404503292, 0.00018189894035566592, 0.0009094947073003559], ""message"": ""CONVERGENCE: REL_REDUCTION_OF_F_<=_FACTR*EPSMCH"", ""method"": ""L-BFGS-B"", ""nfev"": 40, ""nit"": 8, ""status"": 0, ""success"": true, ""x"": [0.09209542236388328, 0.003372731719098591, -4.424999259260893]}, {""fun"": 15814.258008180923, ""jac"": [0.16316334958394532, -0.16989361029219197, 0.03274180946281281], ""message"": ""CONVERGENCE: REL_REDUCTION_OF_F_<=_FACTR*EPSMCH"", ""method"": ""L-BFGS-B"", ""nfev"": 44, ""nit"": 6, ""status"": 0, ""success"": true, ""x"": [0.09213494420087351, 0.0033217147230507225, -4.4249959008394315]}], ""solver_path"": ""general_convolution"", ""uncertified_profiles"": 0}"
foul_leaves_5_team,team-quarter,2016-17,9840,optimization,PERS_FOUL_DRAWN,3,FTA;FTM,6,Bernoulli,inf,-inf,[],{},3,False,infeasible_conditional_support,0,0,0,-inf,0.0,0.0001227000029757619,"{""binomial_discrete_residual_mean"": null, ""binomial_discrete_residual_variance"": null, ""binomial_h_extension_used"": null, ""binomial_n_candidates"": 0, ""binomial_n_max"": null, ""binomial_n_min"": null, ""binomial_n_policy"": null, ""binomial_n_tie_break"": null, ""certified_profiles"": 0, ""solver_path"": ""conditional_support_check"", ""support_violating_rows"": 256, ""uncertified_profiles"": 0}"
foul_leaves_5_team,team-quarter,2016-17,9840,optimization,PERS_FOUL_DRAWN,3,FOUL;FTA;FTM,7,Poisson,32921.06661976534,-16442.144887902577,"[0.5926268746876013, 0.0, 0.016657074692339437]","{""lam"": 0.0}",4,True,poisson_convex_mle,2,8,2,-16442.144887902577,0.0,0.009838300000410527,"{""binomial_discrete_residual_mean"": null, ""binomial_discrete_residual_variance"": null, ""binomial_h_extension_used"": null, ""binomial_n_candidates"": 0, ""binomial_n_max"": null, ""binomial_n_min"": null, ""binomial_n_policy"": null, ""binomial_n_tie_break"": null, ""certified_profiles"": 1, ""optimizer_primary_failed_starts"": 1, ""optimizer_primary_successful_starts"": 1, ""optimizer_results"": [{""fun"": 23761.86369823487, ""jac"": [5909.267371469863, 26444.781448786183, 36420.4100477036, 28102.574150975066], ""message"": ""CONVERGENCE: REL_REDUCTION_OF_F_<=_FACTR*EPSMCH"", ""method"": ""L-BFGS-B"", ""nfev"": 3, ""nit"": 1, ""status"": 0, ""success"": true, ""x"": [0.0, 0.9117336533655405, 0.0, 0.025626268757445288]}, {""fun"": 16442.144887902577, ""jac"": [3792.7190330305793, 16653.279151978888, 25731.63084262053, 19848.267924576987], ""message"": ""CONVERGENCE: REL_REDUCTION_OF_F_<=_FACTR*EPSMCH"", ""method"": ""L-BFGS-B"", ""nfev"": 3, ""nit"": 1, ""status"": 0, ""success"": true, ""x"": [0.0, 0.5926268746876013, 0.0, 0.016657074692339437]}], ""poisson_canonical_agreement_abs"": 0.0, ""solver_path"": ""poisson_convex"", ""uncertified_profiles"": 0}"
foul_leaves_5_team,team-quarter,2016-17,9840,optimization,PERS_FOUL_DRAWN,3,FOUL;FTA;FTM,7,NB,28386.220508984585,-14170.124727017177,"[0.38028882809980274, 0.0, 0.0]","{""p"": 0.999990339924232, ""r"": 0.9657926647647336}",5,True,optimizer_converged_lbfgsb,13,110,2,-16442.182815205357,2272.0580881881797,0.2542477000388317,"{""binomial_discrete_residual_mean"": null, ""binomial_discrete_residual_variance"": null, ""binomial_h_extension_used"": null, ""binomial_n_candidates"": 0, ""binomial_n_max"": null, ""binomial_n_min"": null, ""binomial_n_policy"": null, ""binomial_n_tie_break"": null, ""certified_profiles"": 1, ""optimizer_powell_attempted"": false, ""optimizer_powell_success"": false, ""optimizer_primary_failed_starts"": 0, ""optimizer_primary_successful_starts"": 2, ""optimizer_results"": [{""fun"": 14170.124727017177, ""jac"": [0.0, 7355.299567279872, 5607.7642511809245, 0.0016370904629170032, -0.0018189892530420108], ""message"": ""CONVERGENCE: REL_REDUCTION_OF_F_<=_FACTR*EPSMCH"", ""method"": ""L-BFGS-B"", ""nfev"": 60, ""nit"": 7, ""status"": 0, ""success"": true, ""x"": [0.38028882809980274, 0.0, 0.0, -0.034806100555246806, 11.547499406162755]}, {""fun"": 14170.124814339524, ""jac"": [-0.0003637978809006584, 7355.297930189408, 5607.763159787282, 0.002182787284267991, -0.0023646860289546143], ""message"": ""CONVERGENCE: REL_REDUCTION_OF_F_<=_FACTR*EPSMCH"", ""method"": ""L-BFGS-B"", ""nfev"": 48, ""nit"": 6, ""status"": 0, ""success"": true, ""x"": [0.38028873390128887, 0.0, 0.0, -0.013585355821930404, 11.526490820553374]}], ""solver_path"": ""general_convolution"", ""uncertified_profiles"": 0}"
foul_leaves_5_team,team-quarter,2016-17,9840,optimization,PERS_FOUL_DRAWN,3,FOUL;FTA;FTM,7,ZIP,28386.21646036106,-14170.122702705416,"[0.38029083743906855, 0.0, 0.0]","{""lam"": 9.999999999999996e-11, ""rho"": 1.0000000000000007e-09}",5,True,optimizer_converged_lbfgsb,13,110,2,-16442.14488828185,2272.0221855764357,0.1354768000310287,"{""binomial_discrete_residual_mean"": null, ""binomial_discrete_residual_variance"": null, ""binomial_h_extension_used"": null, ""binomial_n_candidates"": 0, ""binomial_n_max"": null, ""binomial_n_min"": null, ""binomial_n_policy"": null, ""binomial_n_tie_break"": null, ""certified_profiles"": 1, ""optimizer_powell_attempted"": false, ""optimizer_powell_success"": false, ""optimizer_primary_failed_starts"": 0, ""optimizer_primary_successful_starts"": 2, ""optimizer_results"": [{""fun"": 14170.122702705416, ""jac"": [0.0001818989404503292, 7355.3277616156265, 5607.785715255886, 0.0, 0.0], ""message"": ""CONVERGENCE: REL_REDUCTION_OF_F_<=_FACTR*EPSMCH"", ""method"": ""L-BFGS-B"", ""nfev"": 60, ""nit"": 7, ""status"": 0, ""success"": true, ""x"": [0.38029083743906855, 0.0, 0.0, -23.025850929940457, -20.72326583594641]}, {""fun"": 14170.122702705416, ""jac"": [0.0001818989404503292, 7355.3277616156265, 5607.785715255886, 0.0, 0.0], ""message"": ""CONVERGENCE: REL_REDUCTION_OF_F_<=_FACTR*EPSMCH"", ""method"": ""L-BFGS-B"", ""nfev"": 48, ""nit"": 6, ""status"": 0, ""success"": true, ""x"": [0.38029083665606345, 0.0, 0.0, -23.025850929940457, -20.72326583594641]}], ""solver_path"": ""general_convolution"", ""uncertified_profiles"": 0}"
foul_leaves_5_team,team-quarter,2016-17,9840,optimization,PERS_FOUL_DRAWN,3,FOUL;FTA;FTM,7,Geom,28377.022249761474,-14170.122702900644,"[0.3802908381493024, 0.0, 0.0]","{""p"": 0.9999999990001469}",4,True,optimizer_converged_lbfgsb,13,92,2,-16442.1448916953,2272.0221887946573,14.581688900012523,"{""binomial_discrete_residual_mean"": null, ""binomial_discrete_residual_variance"": null, ""binomial_h_extension_used"": null, ""binomial_n_candidates"": 0, ""binomial_n_max"": null, ""binomial_n_min"": null, ""binomial_n_policy"": null, ""binomial_n_tie_break"": null, ""certified_profiles"": 1, ""optimizer_powell_attempted"": false, ""optimizer_powell_success"": false, ""optimizer_primary_failed_starts"": 0, ""optimizer_primary_successful_starts"": 2, ""optimizer_results"": [{""fun"": 14170.12270290068, ""jac"": [0.0, 7355.327579716686, 5607.785351458006, 0.0], ""message"": ""CONVERGENCE: NORM_OF_PROJECTED_GRADIENT_<=_PGTOL"", ""method"": ""L-BFGS-B"", ""nfev"": 50, ""nit"": 7, ""status"": 0, ""success"": true, ""x"": [0.3802908371582199, 0.0, 0.0, 20.723265864228342]}, {""fun"": 14170.122702900644, ""jac"": [0.0003637978809006584, 7355.328125413507, 5607.785715255886, 0.0], ""message"": ""CONVERGENCE: REL_REDUCTION_OF_F_<=_FACTR*EPSMCH"", ""method"": ""L-BFGS-B"", ""nfev"": 40, ""nit"": 6, ""status"": 0, ""success"": true, ""x"": [0.3802908381493024, 0.0, 0.0, 20.723412736787783]}], ""solver_path"": ""general_convolution"", ""uncertified_profiles"": 0}"
foul_leaves_5_team,team-quarter,2016-17,9840,optimization,PERS_FOUL_DRAWN,3,FOUL;FTA;FTM,7,Binomial,28377.02225019546,-14170.122703117637,"[0.380290836812746, 0.0, 0.0]","{""n"": 2, ""p"": 1.0000000000000007e-09}",4,True,optimizer_converged_lbfgsb,13,92,2,-16442.144895488018,2272.022192370381,0.25195850001182407,"{""binomial_discrete_residual_mean"": -2.5234513537321206, ""binomial_discrete_residual_variance"": -5.950509935547151, ""binomial_h_extension_used"": true, ""binomial_n_candidates"": 1, ""binomial_n_max"": 2, ""binomial_n_min"": 2, ""binomial_n_policy"": ""paper_H_binomial_discrete_index_continuous_full_mle"", ""binomial_n_tie_break"": ""not_applicable_single_mom_index"", ""certified_profiles"": 1, ""optimizer_powell_attempted"": false, ""optimizer_powell_success"": false, ""optimizer_primary_failed_starts"": 0, ""optimizer_primary_successful_starts"": 2, ""optimizer_results"": [{""fun"": 14170.122703117637, ""jac"": [0.0, 7355.327579716686, 5607.785533356946, -0.00018189892530420107], ""message"": ""CONVERGENCE: REL_REDUCTION_OF_F_<=_FACTR*EPSMCH"", ""method"": ""L-BFGS-B"", ""nfev"": 50, ""nit"": 7, ""status"": 0, ""success"": true, ""x"": [0.380290836812746, 0.0, 0.0, -20.72326583594641]}, {""fun"": 14170.122703117704, ""jac"": [-0.0001818989404503292, 7355.327397817746, 5607.785351458006, 0.0], ""message"": ""CONVERGENCE: REL_REDUCTION_OF_F_<=_FACTR*EPSMCH"", ""method"": ""L-BFGS-B"", ""nfev"": 40, ""nit"": 6, ""status"": 0, ""success"": true, ""x"": [0.38029083632346694, 0.0, 0.0, -20.72311429271088]}], ""solver_path"": ""general_convolution"", ""uncertified_profiles"": 0}"
foul_leaves_5_team,team-quarter,2016-17,9840,optimization,PERS_FOUL_DRAWN,3,FOUL;FTA;FTM,7,Bernoulli,28377.02224976154,-14170.122702900677,"[0.38029083926981844, 0.0, 0.0]","{""p"": 1.0000000000000007e-09}",4,True,optimizer_converged_lbfgsb,13,92,2,-16442.1448916953,2272.0221887946245,0.15885399997932836,"{""binomial_discrete_residual_mean"": null, ""binomial_discrete_residual_variance"": null, ""binomial_h_extension_used"": null, ""binomial_n_candidates"": 0, ""binomial_n_max"": null, ""binomial_n_min"": null, ""binomial_n_policy"": null, ""binomial_n_tie_break"": null, ""certified_profiles"": 1, ""optimizer_powell_attempted"": false, ""optimizer_powell_success"": false, ""optimizer_primary_failed_starts"": 0, ""optimizer_primary_successful_starts"": 2, ""optimizer_results"": [{""fun"": 14170.122702900677, ""jac"": [0.0003637978809006584, 7355.328125413507, 5607.785897154827, 0.0], ""message"": ""CONVERGENCE: REL_REDUCTION_OF_F_<=_FACTR*EPSMCH"", ""method"": ""L-BFGS-B"", ""nfev"": 50, ""nit"": 7, ""status"": 0, ""success"": true, ""x"": [0.38029083926981844, 0.0, 0.0, -20.72326583594641]}, {""fun"": 14170.12270290068, ""jac"": [-0.0001818989404503292, 7355.327579716686, 5607.785351458006, 0.0], ""message"": ""CONVERGENCE: REL_REDUCTION_OF_F_<=_FACTR*EPSMCH"", ""method"": ""L-BFGS-B"", ""nfev"": 40, ""nit"": 6, ""status"": 0, ""success"": true, ""x"": [0.38029083618447673, 0.0, 0.0, -20.72326583594641]}], ""solver_path"": ""general_convolution"", ""uncertified_profiles"": 0}"
foul_leaves_5_team,team-quarter,2016-17,9840,optimization,PERS_FOUL_DRAWN,3,LOOSE_BALL_FOUL_DRAWN,16,Poisson,32418.09754719468,-16199.854562607294,[0.011143088366280121],"{""lam"": 1.7213100039167215}",2,True,poisson_convex_mle,7,13,2,-16199.854619486992,5.687969860446174e-05,0.01713629998266697,"{""binomial_discrete_residual_mean"": null, ""binomial_discrete_residual_variance"": null, ""binomial_h_extension_used"": null, ""binomial_n_candidates"": 0, ""binomial_n_max"": null, ""binomial_n_min"": null, ""binomial_n_policy"": null, ""binomial_n_tie_break"": null, ""certified_profiles"": 1, ""optimizer_primary_failed_starts"": 0, ""optimizer_primary_successful_starts"": 2, ""optimizer_results"": [{""fun"": 16199.854562607294, ""jac"": [4.4147022129070734e-06, 1.9054791442485453e-06], ""message"": ""CONVERGENCE: REL_REDUCTION_OF_F_<=_FACTR*EPSMCH"", ""method"": ""L-BFGS-B"", ""nfev"": 5, ""nit"": 3, ""status"": 0, ""success"": true, ""x"": [1.7213100039167215, 0.011143088366280121]}, {""fun"": 16199.854562607296, ""jac"": [3.4822673111722935e-06, 4.4426127416841155e-06], ""message"": ""CONVERGENCE: REL_REDUCTION_OF_F_<=_FACTR*EPSMCH"", ""method"": ""L-BFGS-B"", ""nfev"": 6, ""nit"": 4, ""status"": 0, ""success"": true, ""x"": [1.7213100032436293, 0.011143090005277878]}], ""poisson_canonical_agreement_abs"": 0.0, ""solver_path"": ""poisson_convex"", ""uncertified_profiles"": 0}"
foul_leaves_5_team,team-quarter,2016-17,9840,optimization,PERS_FOUL_DRAWN,3,LOOSE_BALL_FOUL_DRAWN,16,NB,32378.252060116218,-16175.33471357304,[0.008461354279787586],"{""p"": 0.9091919513499428, ""r"": 17.242575507150843}",3,True,optimizer_converged_lbfgsb,19,102,2,-16175.527524723428,0.1928111503875698,0.20038309996016324,"{""binomial_discrete_residual_mean"": null, ""binomial_discrete_residual_variance"": null, ""binomial_h_extension_used"": null, ""binomial_n_candidates"": 0, ""binomial_n_max"": null, ""binomial_n_min"": null, ""binomial_n_policy"": null, ""binomial_n_tie_break"": null, ""certified_profiles"": 1, ""optimizer_powell_attempted"": false, ""optimizer_powell_success"": false, ""optimizer_primary_failed_starts"": 0, ""optimizer_primary_successful_starts"": 2, ""optimizer_results"": [{""fun"": 16175.33471357304, ""jac"": [0.0029103830456906547, 0.005456968243802135, -0.005093170360881993], ""message"": ""CONVERGENCE: REL_REDUCTION_OF_F_<=_FACTR*EPSMCH"", ""method"": ""L-BFGS-B"", ""nfev"": 48, ""nit"": 9, ""status"": 0, ""success"": true, ""x"": [0.008461354279787586, 2.8473816454438263, 2.3038083162871623]}, {""fun"": 16175.334713625423, ""jac"": [-0.002000888343912325, 0.0009094947073003559, -0.0014551915316805696], ""message"": ""CONVERGENCE: REL_REDUCTION_OF_F_<=_FACTR*EPSMCH"", ""method"": ""L-BFGS-B"", ""nfev"": 52, ""nit"": 10, ""status"": 0, ""success"": true, ""x"": [0.008458830513153283, 2.8473180080518112, 2.3037443765128085]}], ""solver_path"": ""general_convolution"", ""uncertified_profiles"": 0}"
foul_leaves_5_team,team-quarter,2016-17,9840,optimization,PERS_FOUL_DRAWN,3,LOOSE_BALL_FOUL_DRAWN,16,ZIP,32425.52440107805,-16198.970884053957,[0.012440275981822933],"{""lam"": 1.7346516368189362, ""rho"": 0.007925252232264327}",3,True,optimizer_converged_lbfgsb,30,154,2,-16237.871750565806,38.90086651184902,0.13986610004212707,"{""binomial_discrete_residual_mean"": null, ""binomial_discrete_residual_variance"": null, ""binomial_h_extension_used"": null, ""binomial_n_candidates"": 0, ""binomial_n_max"": null, ""binomial_n_min"": null, ""binomial_n_policy"": null, ""binomial_n_tie_break"": null, ""certified_profiles"": 1, ""optimizer_powell_attempted"": false, ""optimizer_powell_success"": false, ""optimizer_primary_failed_starts"": 0, ""optimizer_primary_successful_starts"": 2, ""optimizer_results"": [{""fun"": 16198.970884053957, ""jac"": [-0.004183675628180316, 0.0003637978788811745, 0.0003637978829201424], ""message"": ""CONVERGENCE: REL_REDUCTION_OF_F_<=_FACTR*EPSMCH"", ""method"": ""L-BFGS-B"", ""nfev"": 76, ""nit"": 15, ""status"": 0, ""success"": true, ""x"": [0.012440275981822933, 0.5508066075435386, -4.829744308346555]}, {""fun"": 16198.97088406258, ""jac"": [0.003456079866757652, -0.0018189893944058726, 0.0001818989414600712], ""message"": ""CONVERGENCE: REL_REDUCTION_OF_F_<=_FACTR*EPSMCH"", ""method"": ""L-BFGS-B"", ""nfev"": 76, ""nit"": 15, ""status"": 0, ""success"": true, ""x"": [0.012445235705725862, 0.5508062798054669, -4.829654407894034]}], ""solver_path"": ""general_convolution"", ""uncertified_profiles"": 0}"
foul_leaves_5_team,team-quarter,2016-17,9840,optimization,PERS_FOUL_DRAWN,3,LOOSE_BALL_FOUL_DRAWN,16,Geom,34916.08828757693,-17448.84993279842,[0.4332931980826608],"{""p"": 0.3862172493740576}",2,True,optimizer_converged_lbfgsb,10,50,2,-17614.851082590576,166.00114979215505,0.05095420003635809,"{""binomial_discrete_residual_mean"": null, ""binomial_discrete_residual_variance"": null, ""binomial_h_extension_used"": null, ""binomial_n_candidates"": 0, ""binomial_n_max"": null, ""binomial_n_min"": null, ""binomial_n_policy"": null, ""binomial_n_tie_break"": null, ""certified_profiles"": 1, ""optimizer_powell_attempted"": false, ""optimizer_powell_success"": false, ""optimizer_primary_failed_starts"": 0, ""optimizer_primary_successful_starts"": 2, ""optimizer_results"": [{""fun"": 17448.84993279842, ""jac"": [0.0, 0.0007275957618013168], ""message"": ""CONVERGENCE: REL_REDUCTION_OF_F_<=_FACTR*EPSMCH"", ""method"": ""L-BFGS-B"", ""nfev"": 24, ""nit"": 5, ""status"": 0, ""success"": true, ""x"": [0.4332931980826608, -0.46324100584132233]}, {""fun"": 17448.84993279875, ""jac"": [-0.0003637978809006584, 0.0018189894045032922], ""message"": ""CONVERGENCE: REL_REDUCTION_OF_F_<=_FACTR*EPSMCH"", ""method"": ""L-BFGS-B"", ""nfev"": 24, ""nit"": 5, ""status"": 0, ""success"": true, ""x"": [0.43329343841076673, -0.46324073888483047]}], ""solver_path"": ""general_convolution"", ""uncertified_profiles"": 0}"
foul_leaves_5_team,team-quarter,2016-17,9840,optimization,PERS_FOUL_DRAWN,3,LOOSE_BALL_FOUL_DRAWN,16,Binomial,32438.67408015142,-16210.142829085664,[0.014053919876803319],"{""n"": 100, ""p"": 0.01720399097384666}",2,True,optimizer_converged_lbfgsb,8,44,2,-16210.151653378769,0.008824293105135439,0.130922400043346,"{""binomial_discrete_residual_mean"": 1.7213903569292854, ""binomial_discrete_residual_variance"": 1.9100475242935113, ""binomial_h_extension_used"": true, ""binomial_n_candidates"": 1, ""binomial_n_max"": 100, ""binomial_n_min"": 100, ""binomial_n_policy"": ""paper_H_binomial_discrete_index_continuous_full_mle"", ""binomial_n_tie_break"": ""not_applicable_single_mom_index"", ""certified_profiles"": 1, ""optimizer_powell_attempted"": false, ""optimizer_powell_success"": false, ""optimizer_primary_failed_starts"": 0, ""optimizer_primary_successful_starts"": 2, ""optimizer_results"": [{""fun"": 16210.142829085673, ""jac"": [0.00018189894035566592, 0.0014551915316805696], ""message"": ""CONVERGENCE: REL_REDUCTION_OF_F_<=_FACTR*EPSMCH"", ""method"": ""L-BFGS-B"", ""nfev"": 21, ""nit"": 4, ""status"": 0, ""success"": true, ""x"": [0.014053860313334795, -4.045260067276851]}, {""fun"": 16210.142829085664, ""jac"": [0.0, 0.0], ""message"": ""CONVERGENCE: NORM_OF_PROJECTED_GRADIENT_<=_PGTOL"", ""method"": ""L-BFGS-B"", ""nfev"": 21, ""nit"": 4, ""status"": 0, ""success"": true, ""x"": [0.014053919876803319, -4.045260189551821]}], ""solver_path"": ""general_convolution"", ""uncertified_profiles"": 0}"
foul_leaves_5_team,team-quarter,2016-17,9840,optimization,PERS_FOUL_DRAWN,3,LOOSE_BALL_FOUL_DRAWN,16,Bernoulli,inf,-inf,[],{},2,False,infeasible_conditional_support,0,0,0,-inf,0.0,5.600001895800233e-05,"{""binomial_discrete_residual_mean"": null, ""binomial_discrete_residual_variance"": null, ""binomial_h_extension_used"": null, ""binomial_n_candidates"": 0, ""binomial_n_max"": null, ""binomial_n_min"": null, ""binomial_n_policy"": null, ""binomial_n_tie_break"": null, ""certified_profiles"": 0, ""solver_path"": ""conditional_support_check"", ""support_violating_rows"": 3605, ""uncertified_profiles"": 0}"
foul_leaves_5_team,team-quarter,2016-17,9840,optimization,PERS_FOUL_DRAWN,3,FOUL;LOOSE_BALL_FOUL_DRAWN,17,Poisson,28367.82803833758,-14170.12270268372,"[0.38029084138934577, 0.0]","{""lam"": 0.0}",3,True,poisson_convex_mle,10,16,2,-14354.103922656093,183.98121997237286,0.02514889999292791,"{""binomial_discrete_residual_mean"": null, ""binomial_discrete_residual_variance"": null, ""binomial_h_extension_used"": null, ""binomial_n_candidates"": 0, ""binomial_n_max"": null, ""binomial_n_min"": null, ""binomial_n_policy"": null, ""binomial_n_tie_break"": null, ""certified_profiles"": 1, ""optimizer_primary_failed_starts"": 1, ""optimizer_primary_successful_starts"": 1, ""optimizer_results"": [{""fun"": 14446.07072957195, ""jac"": [1762.410522336991, 7167.379431126106, 1040.1137986512203], ""message"": ""CONVERGENCE: REL_REDUCTION_OF_F_<=_FACTR*EPSMCH"", ""method"": ""L-BFGS-B"", ""nfev"": 3, ""nit"": 1, ""status"": 0, ""success"": true, ""x"": [0.0, 0.45305034171697484, 0.0]}, {""fun"": 14170.12270268372, ""jac"": [216.9581730263588, -0.00010422258850439903, 650.0219923561654], ""message"": ""CONVERGENCE: REL_REDUCTION_OF_F_<=_FACTR*EPSMCH"", ""method"": ""L-BFGS-B"", ""nfev"": 11, ""nit"": 9, ""status"": 0, ""success"": true, ""x"": [0.0, 0.38029084138934577, 0.0]}], ""poisson_canonical_agreement_abs"": 0.0, ""solver_path"": ""poisson_convex"", ""uncertified_profiles"": 0}"
foul_leaves_5_team,team-quarter,2016-17,9840,optimization,PERS_FOUL_DRAWN,3,FOUL;LOOSE_BALL_FOUL_DRAWN,17,NB,28377.022480158754,-14170.122818099284,"[0.38030681255683807, 0.0]","{""p"": 0.9999999892055963, ""r"": 42.81196212128103}",4,True,optimizer_converged_lbfgsb,40,312,2,-14354.107110439058,183.98429233977367,0.647034400026314,"{""binomial_discrete_residual_mean"": null, ""binomial_discrete_residual_variance"": null, ""binomial_h_extension_used"": null, ""binomial_n_candidates"": 0, ""binomial_n_max"": null, ""binomial_n_min"": null, ""binomial_n_policy"": null, ""binomial_n_tie_break"": null, ""certified_profiles"": 1, ""optimizer_powell_attempted"": false, ""optimizer_powell_success"": false, ""optimizer_primary_failed_starts"": 0, ""optimizer_primary_successful_starts"": 2, ""optimizer_results"": [{""fun"": 14170.12486019812, ""jac"": [0.0003637978809006584, 650.020592729561, 0.002000888343912325, -0.0014551914024336086], ""message"": ""CONVERGENCE: REL_REDUCTION_OF_F_<=_FACTR*EPSMCH"", ""method"": ""L-BFGS-B"", ""nfev"": 35, ""nit"": 4, ""status"": 0, ""success"": true, ""x"": [0.38028869727564885, 0.0, -0.0029314513905338946, 11.515661625544412]}, {""fun"": 14170.122818099284, ""jac"": [1.8864739114103644, 650.1248208223842, 0.0001818989414600712, 0.0], ""message"": ""CONVERGENCE: REL_REDUCTION_OF_F_<=_FACTR*EPSMCH"", ""method"": ""L-BFGS-B"", ""nfev"": 275, ""nit"": 36, ""status"": 0, ""success"": true, ""x"": [0.38030681255683807, 0.0, 3.7568175523530054, 18.344238000135803]}], ""solver_path"": ""general_convolution"", ""uncertified_profiles"": 0}"
foul_leaves_5_team,team-quarter,2016-17,9840,optimization,PERS_FOUL_DRAWN,3,FOUL;LOOSE_BALL_FOUL_DRAWN,17,ZIP,28377.022249371017,-14170.122702705416,"[0.3802908443025577, 0.0]","{""lam"": 9.999999999999996e-11, ""rho"": 1.0000000000000007e-09}",4,True,optimizer_converged_lbfgsb,44,277,2,-14354.103922583407,183.98121987799095,0.29322220000904053,"{""binomial_discrete_residual_mean"": null, ""binomial_discrete_residual_variance"": null, ""binomial_h_extension_used"": null, ""binomial_n_candidates"": 0, ""binomial_n_max"": null, ""binomial_n_min"": null, ""binomial_n_policy"": null, ""binomial_n_tie_break"": null, ""certified_profiles"": 1, ""optimizer_powell_attempted"": false, ""optimizer_powell_success"": false, ""optimizer_primary_failed_starts"": 0, ""optimizer_primary_successful_starts"": 2, ""optimizer_results"": [{""fun"": 14170.122702705416, ""jac"": [0.0010913936427019754, 650.0220479210839, 0.0, 0.0], ""message"": ""CONVERGENCE: REL_REDUCTION_OF_F_<=_FACTR*EPSMCH"", ""method"": ""L-BFGS-B"", ""nfev"": 35, ""nit"": 4, ""status"": 0, ""success"": true, ""x"": [0.3802908443025577, 0.0, -23.025850929940457, -20.72326583594641]}, {""fun"": 14170.122774221332, ""jac"": [-0.0001818989404503292, 650.0220479210839, 0.00018189892530420107, 0.0], ""message"": ""CONVERGENCE: REL_REDUCTION_OF_F_<=_FACTR*EPSMCH"", ""method"": ""L-BFGS-B"", ""nfev"": 240, ""nit"": 40, ""status"": 0, ""success"": true, ""x"": [0.38029076671548706, 0.0, -14.924993066380008, -20.72326700874288]}], ""solver_path"": ""general_convolution"", ""uncertified_profiles"": 0}"
foul_leaves_5_team,team-quarter,2016-17,9840,optimization,PERS_FOUL_DRAWN,3,FOUL;LOOSE_BALL_FOUL_DRAWN,17,Geom,28367.82803877152,-14170.122702900691,"[0.38029084195791646, 0.0]","{""p"": 0.9999999989999422}",3,True,optimizer_converged_lbfgsb,34,166,2,-14446.07073133436,275.9480284336678,16.3802818999975,"{""binomial_discrete_residual_mean"": null, ""binomial_discrete_residual_variance"": null, ""binomial_h_extension_used"": null, ""binomial_n_candidates"": 0, ""binomial_n_max"": null, ""binomial_n_min"": null, ""binomial_n_policy"": null, ""binomial_n_tie_break"": null, ""certified_profiles"": 1, ""optimizer_powell_attempted"": false, ""optimizer_powell_success"": false, ""optimizer_primary_failed_starts"": 0, ""optimizer_primary_successful_starts"": 2, ""optimizer_results"": [{""fun"": 14170.122702900691, ""jac"": [0.0003637978809006584, 650.0218660221435, 0.0], ""message"": ""CONVERGENCE: REL_REDUCTION_OF_F_<=_FACTR*EPSMCH"", ""method"": ""L-BFGS-B"", ""nfev"": 28, ""nit"": 4, ""status"": 0, ""success"": true, ""x"": [0.38029084195791646, 0.0, 20.723208056741704]}, {""fun"": 14170.122756666604, ""jac"": [-0.0003637978809006584, 650.0220479210839, -0.00018189892530420107], ""message"": ""CONVERGENCE: REL_REDUCTION_OF_F_<=_FACTR*EPSMCH"", ""method"": ""L-BFGS-B"", ""nfev"": 136, ""nit"": 30, ""status"": 0, ""success"": true, ""x"": [0.3802907806744072, 0.0, 15.206550501024783]}], ""solver_path"": ""general_convolution"", ""uncertified_profiles"": 0}"
foul_leaves_5_team,team-quarter,2016-17,9840,optimization,PERS_FOUL_DRAWN,3,FOUL;LOOSE_BALL_FOUL_DRAWN,17,Binomial,28367.828039205408,-14170.122703117635,"[0.38029084334610347, 0.0]","{""n"": 2, ""p"": 1.0000000000000007e-09}",3,True,optimizer_converged_lbfgsb,33,162,2,-14289.950586523908,119.82788340627303,0.4053637000033632,"{""binomial_discrete_residual_mean"": -0.32999834354541346, ""binomial_discrete_residual_variance"": -0.9771665962544698, ""binomial_h_extension_used"": true, ""binomial_n_candidates"": 1, ""binomial_n_max"": 2, ""binomial_n_min"": 2, ""binomial_n_policy"": ""paper_H_binomial_discrete_index_continuous_full_mle"", ""binomial_n_tie_break"": ""not_applicable_single_mom_index"", ""certified_profiles"": 1, ""optimizer_powell_attempted"": false, ""optimizer_powell_success"": false, ""optimizer_primary_failed_starts"": 0, ""optimizer_primary_successful_starts"": 2, ""optimizer_results"": [{""fun"": 14170.122703117635, ""jac"": [0.0007275957618013168, 650.0220479210839, 0.0], ""message"": ""CONVERGENCE: REL_REDUCTION_OF_F_<=_FACTR*EPSMCH"", ""method"": ""L-BFGS-B"", ""nfev"": 28, ""nit"": 4, ""status"": 0, ""success"": true, ""x"": [0.38029084334610347, 0.0, -20.72326583594641]}, {""fun"": 14170.122717661206, ""jac"": [-0.0001818989404503292, 650.0218660221435, 0.0], ""message"": ""CONVERGENCE: REL_REDUCTION_OF_F_<=_FACTR*EPSMCH"", ""method"": ""L-BFGS-B"", ""nfev"": 132, ""nit"": 29, ""status"": 0, ""success"": true, ""x"": [0.38029082135146897, 0.0, -17.181814412681117]}], ""solver_path"": ""general_convolution"", ""uncertified_profiles"": 0}"
foul_leaves_5_team,team-quarter,2016-17,9840,optimization,PERS_FOUL_DRAWN,3,FOUL;LOOSE_BALL_FOUL_DRAWN,17,Bernoulli,28367.82803877149,-14170.122702900677,"[0.380290840498694, 0.0]","{""p"": 1.0000000000000007e-09}",3,True,optimizer_converged_lbfgsb,35,206,2,-14226.91587795745,56.79317505677318,0.4473744999850169,"{""binomial_discrete_residual_mean"": null, ""binomial_discrete_residual_variance"": null, ""binomial_h_extension_used"": null, ""binomial_n_candidates"": 0, ""binomial_n_max"": null, ""binomial_n_min"": null, ""binomial_n_policy"": null, ""binomial_n_tie_break"": null, ""certified_profiles"": 1, ""optimizer_powell_attempted"": false, ""optimizer_powell_success"": false, ""optimizer_primary_failed_starts"": 0, ""optimizer_primary_successful_starts"": 2, ""optimizer_results"": [{""fun"": 14170.122702900677, ""jac"": [0.0005456968213509877, 650.0220479210839, 0.0], ""message"": ""CONVERGENCE: REL_REDUCTION_OF_F_<=_FACTR*EPSMCH"", ""method"": ""L-BFGS-B"", ""nfev"": 28, ""nit"": 4, ""status"": 0, ""success"": true, ""x"": [0.380290840498694, 0.0, -20.72326583594641]}, {""fun"": 14170.123019084183, ""jac"": [-0.10750227380614456, 650.0160452560522, 0.0005456967759126033], ""message"": ""CONVERGENCE: REL_REDUCTION_OF_F_<=_FACTR*EPSMCH"", ""method"": ""L-BFGS-B"", ""nfev"": 176, ""nit"": 31, ""status"": 0, ""success"": true, ""x"": [0.38028960592937394, 0.0, -13.438360035025923]}], ""solver_path"": ""general_convolution"", ""uncertified_profiles"": 0}"
foul_leaves_5_team,team-quarter,2016-17,9840,optimization,PERS_FOUL_DRAWN,3,FTA;LOOSE_BALL_FOUL_DRAWN,18,Poisson,31659.85744343749,-15816.137405233676,"[0.09464763961676333, 0.0]","{""lam"": 1.1835449870915957}",3,True,poisson_convex_mle,12,21,2,-15828.17286737375,12.035462140074742,0.03683870000531897,"{""binomial_discrete_residual_mean"": null, ""binomial_discrete_residual_variance"": null, ""binomial_h_extension_used"": null, ""binomial_n_candidates"": 0, ""binomial_n_max"": null, ""binomial_n_min"": null, ""binomial_n_policy"": null, ""binomial_n_tie_break"": null, ""certified_profiles"": 1, ""optimizer_primary_failed_starts"": 0, ""optimizer_primary_successful_starts"": 2, ""optimizer_results"": [{""fun"": 15816.137405233676, ""jac"": [8.859692570695188e-07, 8.532644187653204e-06, 134.4590270140871], ""message"": ""CONVERGENCE: REL_REDUCTION_OF_F_<=_FACTR*EPSMCH"", ""method"": ""L-BFGS-B"", ""nfev"": 8, ""nit"": 6, ""status"": 0, ""success"": true, ""x"": [1.1835449870915957, 0.09464763961676333, 0.0]}, {""fun"": 15816.137405233723, ""jac"": [-0.000617287823672541, -0.004779030837426035, 134.4588201501159], ""message"": ""CONVERGENCE: REL_REDUCTION_OF_F_<=_FACTR*EPSMCH"", ""method"": ""L-BFGS-B"", ""nfev"": 11, ""nit"": 6, ""status"": 0, ""success"": true, ""x"": [1.1835449894750882, 0.09464761814528501, 0.0]}], ""poisson_canonical_agreement_abs"": 0.0, ""solver_path"": ""poisson_convex"", ""uncertified_profiles"": 0}"
foul_leaves_5_team,team-quarter,2016-17,9840,optimization,PERS_FOUL_DRAWN,3,FTA;LOOSE_BALL_FOUL_DRAWN,18,NB,31669.05227489814,-15816.137715468976,"[0.09456458750517813, 0.0]","{""p"": 0.9999998475046407, ""r"": 7763576.033754845}",4,True,optimizer_converged_lbfgsb,66,667,2,-15832.093289143404,15.955573674427797,1.5251658000051975,"{""binomial_discrete_residual_mean"": null, ""binomial_discrete_residual_variance"": null, ""binomial_h_extension_used"": null, ""binomial_n_candidates"": 0, ""binomial_n_max"": null, ""binomial_n_min"": null, ""binomial_n_policy"": null, ""binomial_n_tie_break"": null, ""certified_profiles"": 1, ""optimizer_powell_attempted"": false, ""optimizer_powell_success"": false, ""optimizer_primary_failed_starts"": 0, ""optimizer_primary_successful_starts"": 2, ""optimizer_results"": [{""fun"": 15816.139296354027, ""jac"": [-0.0118234311292714, 134.4717020401731, 0.08949427124966693, -0.09022186695088373], ""message"": ""CONVERGENCE: REL_REDUCTION_OF_F_<=_FACTR*EPSMCH"", ""method"": ""L-BFGS-B"", ""nfev"": 425, ""nit"": 38, ""status"": 0, ""success"": true, ""x"": [0.09464276356693473, 0.0, 11.566793347197976, 11.398247933590378]}, {""fun"": 15816.137715468976, ""jac"": [-8.05557647678328, 134.2634277534671, -0.3248714805933031, 0.33214743760547116], ""message"": ""CONVERGENCE: REL_REDUCTION_OF_F_<=_FACTR*EPSMCH"", ""method"": ""L-BFGS-B"", ""nfev"": 240, ""nit"": 28, ""status"": 0, ""success"": true, ""x"": [0.09456458750517813, 0.0, 15.864953615102404, 15.696131520311928]}], ""solver_path"": ""general_convolution"", ""uncertified_profiles"": 0}"
foul_leaves_5_team,team-quarter,2016-17,9840,optimization,PERS_FOUL_DRAWN,3,FTA;LOOSE_BALL_FOUL_DRAWN,18,ZIP,31669.051732791206,-15816.13744441551,"[0.09464819590567315, 0.0]","{""lam"": 1.1835435576418527, ""rho"": 2.3782355540615325e-07}",4,True,optimizer_converged_lbfgsb,53,362,2,-15831.236853819657,15.099409404147082,0.39269829995464534,"{""binomial_discrete_residual_mean"": null, ""binomial_discrete_residual_variance"": null, ""binomial_h_extension_used"": null, ""binomial_n_candidates"": 0, ""binomial_n_max"": null, ""binomial_n_min"": null, ""binomial_n_policy"": null, ""binomial_n_tie_break"": null, ""certified_profiles"": 1, ""optimizer_powell_attempted"": false, ""optimizer_powell_success"": false, ""optimizer_primary_failed_starts"": 0, ""optimizer_primary_successful_starts"": 2, ""optimizer_results"": [{""fun"": 15816.137796126059, ""jac"": [0.3466993804983275, 134.4677002634853, 0.019281287687734898, 0.00036379785060840214], ""message"": ""CONVERGENCE: REL_REDUCTION_OF_F_<=_FACTR*EPSMCH"", ""method"": ""L-BFGS-B"", ""nfev"": 150, ""nit"": 23, ""status"": 0, ""success"": true, ""x"": [0.09465096135707009, 0.0, 0.16850491829146644, -12.952319446264838]}, {""fun"": 15816.13744441551, ""jac"": [0.07639755498913828, 134.46151569951326, 0.0070940586775628395, 0.0], ""message"": ""CONVERGENCE: REL_REDUCTION_OF_F_<=_FACTR*EPSMCH"", ""method"": ""L-BFGS-B"", ""nfev"": 210, ""nit"": 30, ""status"": 0, ""success"": true, ""x"": [0.09464819590567315, 0.0, 0.16851295338577787, -15.251736564237115]}], ""solver_path"": ""general_convolution"", ""uncertified_profiles"": 0}"
foul_leaves_5_team,team-quarter,2016-17,9840,optimization,PERS_FOUL_DRAWN,3,FTA;LOOSE_BALL_FOUL_DRAWN,18,Geom,32623.910893098968,-16298.164130064415,"[0.1514131883080999, 0.08700337208138427]","{""p"": 0.5459403834453294}",3,True,optimizer_converged_lbfgsb,29,134,2,-16406.382304445266,108.21817438085054,0.2401698000030592,"{""binomial_discrete_residual_mean"": null, ""binomial_discrete_residual_variance"": null, ""binomial_h_extension_used"": null, ""binomial_n_candidates"": 0, ""binomial_n_max"": null, ""binomial_n_min"": null, ""binomial_n_policy"": null, ""binomial_n_tie_break"": null, ""certified_profiles"": 1, ""optimizer_powell_attempted"": false, ""optimizer_powell_success"": false, ""optimizer_primary_failed_starts"": 0, ""optimizer_primary_successful_starts"": 2, ""optimizer_results"": [{""fun"": 16298.164130064415, ""jac"": [0.009458744903417119, 0.0007275957618013168, 0.0001818989404503292], ""message"": ""CONVERGENCE: REL_REDUCTION_OF_F_<=_FACTR*EPSMCH"", ""method"": ""L-BFGS-B"", ""nfev"": 64, ""nit"": 14, ""status"": 0, ""success"": true, ""x"": [0.1514131883080999, 0.08700337208138427, 0.1842812785369213]}, {""fun"": 16298.164130124644, ""jac"": [0.14715624282431633, 0.006366462915761523, -0.010732037486569423], ""message"": ""CONVERGENCE: REL_REDUCTION_OF_F_<=_FACTR*EPSMCH"", ""method"": ""L-BFGS-B"", ""nfev"": 68, ""nit"": 15, ""status"": 0, ""success"": true, ""x"": [0.15141400979489086, 0.08700321691459928, 0.18428180382107068]}], ""solver_path"": ""general_convolution"", ""uncertified_profiles"": 0}"
foul_leaves_5_team,team-quarter,2016-17,9840,optimization,PERS_FOUL_DRAWN,3,FTA;LOOSE_BALL_FOUL_DRAWN,18,Binomial,31656.164506366527,-15814.290936698195,"[0.09468764217614063, 0.0]","{""n"": 100, ""p"": 0.011833162354247554}",3,True,optimizer_converged_lbfgsb,12,78,2,-15826.423542534772,12.132605836577568,0.28938480000942945,"{""binomial_discrete_residual_mean"": 1.0872958784449493, ""binomial_discrete_residual_variance"": 1.1096491069355547, ""binomial_h_extension_used"": true, ""binomial_n_candidates"": 1, ""binomial_n_max"": 100, ""binomial_n_min"": 100, ""binomial_n_policy"": ""paper_H_binomial_discrete_index_continuous_full_mle"", ""binomial_n_tie_break"": ""not_applicable_single_mom_index"", ""certified_profiles"": 1, ""optimizer_powell_attempted"": false, ""optimizer_powell_success"": false, ""optimizer_primary_failed_starts"": 0, ""optimizer_primary_successful_starts"": 2, ""optimizer_results"": [{""fun"": 15814.290936698277, ""jac"": [-0.0009094947022516461, 137.02992873732, -0.0005456968243802135], ""message"": ""CONVERGENCE: REL_REDUCTION_OF_F_<=_FACTR*EPSMCH"", ""method"": ""L-BFGS-B"", ""nfev"": 32, ""nit"": 6, ""status"": 0, ""success"": true, ""x"": [0.0946876048520315, 0.0, -4.424945394496712]}, {""fun"": 15814.290936698195, ""jac"": [0.0010913936427019754, 137.02974683837965, -0.0005456968243802135], ""message"": ""CONVERGENCE: REL_REDUCTION_OF_F_<=_FACTR*EPSMCH"", ""method"": ""L-BFGS-B"", ""nfev"": 44, ""nit"": 6, ""status"": 0, ""success"": true, ""x"": [0.09468764217614063, 0.0, -4.424945588733817]}], ""solver_path"": ""general_convolution"", ""uncertified_profiles"": 0}"
foul_leaves_5_team,team-quarter,2016-17,9840,optimization,PERS_FOUL_DRAWN,3,FTA;LOOSE_BALL_FOUL_DRAWN,18,Bernoulli,inf,-inf,[],{},3,False,infeasible_conditional_support,0,0,0,-inf,0.0,7.290003122761846e-05,"{""binomial_discrete_residual_mean"": null, ""binomial_discrete_residual_variance"": null, ""binomial_h_extension_used"": null, ""binomial_n_candidates"": 0, ""binomial_n_max"": null, ""binomial_n_min"": null, ""binomial_n_policy"": null, ""binomial_n_tie_break"": null, ""certified_profiles"": 0, ""solver_path"": ""conditional_support_check"", ""support_violating_rows"": 197, ""uncertified_profiles"": 0}"
foul_leaves_5_team,team-quarter,2016-17,9840,optimization,PERS_FOUL_DRAWN,3,FOUL;FTA;LOOSE_BALL_FOUL_DRAWN,19,Poisson,28377.022249327623,-14170.122702683719,"[0.38029084128481655, 0.0, 0.0]","{""lam"": 0.0}",4,True,poisson_convex_mle,7,14,2,-17450.17954854591,3280.056845862193,0.017836000013630837,"{""binomial_discrete_residual_mean"": null, ""binomial_discrete_residual_variance"": null, ""binomial_h_extension_used"": null, ""binomial_n_candidates"": 0, ""binomial_n_max"": null, ""binomial_n_min"": null, ""binomial_n_policy"": null, ""binomial_n_tie_break"": null, ""certified_profiles"": 1, ""optimizer_primary_failed_starts"": 0, ""optimizer_primary_successful_starts"": 2, ""optimizer_results"": [{""fun"": 14170.122702683719, ""jac"": [216.95817038130832, -0.00011648957606169574, 7355.327350720259, 650.0219916885217], ""message"": ""CONVERGENCE: REL_REDUCTION_OF_F_<=_FACTR*EPSMCH"", ""method"": ""L-BFGS-B"", ""nfev"": 9, ""nit"": 6, ""status"": 0, ""success"": true, ""x"": [0.0, 0.38029084128481655, 0.0, 0.0]}, {""fun"": 17450.17954854591, ""jac"": [4362.090697592717, 19223.975349395754, 28425.790243738847, 1696.3061010585084], ""message"": ""CONVERGENCE: REL_REDUCTION_OF_F_<=_FACTR*EPSMCH"", ""method"": ""L-BFGS-B"", ""nfev"": 3, ""nit"": 1, ""status"": 0, ""success"": true, ""x"": [0.0, 0.6680568207831349, 0.0, 0.0]}], ""poisson_canonical_agreement_abs"": 0.0, ""solver_path"": ""poisson_convex"", ""uncertified_profiles"": 0}"
foul_leaves_5_team,team-quarter,2016-17,9840,optimization,PERS_FOUL_DRAWN,3,FOUL;FTA;LOOSE_BALL_FOUL_DRAWN,19,NB,28386.220466266368,-14170.124705658069,"[0.3802888359672385, 0.0, 0.0]","{""p"": 0.9999903909366907, ""r"": 0.9606761489182448}",5,True,optimizer_converged_lbfgsb,12,110,2,-17450.223169508157,3280.0984638500886,0.2621176000102423,"{""binomial_discrete_residual_mean"": null, ""binomial_discrete_residual_variance"": null, ""binomial_h_extension_used"": null, ""binomial_n_candidates"": 0, ""binomial_n_max"": null, ""binomial_n_min"": null, ""binomial_n_policy"": null, ""binomial_n_tie_break"": null, ""certified_profiles"": 1, ""optimizer_powell_attempted"": false, ""optimizer_powell_success"": false, ""optimizer_primary_failed_starts"": 0, ""optimizer_primary_successful_starts"": 2, ""optimizer_results"": [{""fun"": 14170.124705658069, ""jac"": [-0.0009094947022516461, 7355.29865778517, 650.0209565274417, 0.0021827872838893377, -0.002182787103650413], ""message"": ""CONVERGENCE: REL_REDUCTION_OF_F_<=_FACTR*EPSMCH"", ""method"": ""L-BFGS-B"", ""nfev"": 54, ""nit"": 6, ""status"": 0, ""success"": true, ""x"": [0.3802888359672385, 0.0, 0.0, -0.04011792064860595, 11.55279420104121]}, {""fun"": 14170.124792367522, ""jac"": [-0.0003637978809006584, 7355.298293987289, 650.0207746285014, 0.0020008883435652263, -0.0027284838795630165], ""message"": ""CONVERGENCE: REL_REDUCTION_OF_F_<=_FACTR*EPSMCH"", ""method"": ""L-BFGS-B"", ""nfev"": 54, ""nit"": 6, ""status"": 0, ""success"": true, ""x"": [0.38028875880542645, 0.0, 0.0, -0.018814846932694286, 11.531720301978392]}], ""solver_path"": ""general_convolution"", ""uncertified_profiles"": 0}"
foul_leaves_5_team,team-quarter,2016-17,9840,optimization,PERS_FOUL_DRAWN,3,FOUL;FTA;LOOSE_BALL_FOUL_DRAWN,19,ZIP,28386.21646036106,-14170.122702705416,"[0.38029083781314693, 0.0, 0.0]","{""lam"": 9.999999999999996e-11, ""rho"": 1.0000000000000007e-09}",5,True,optimizer_converged_lbfgsb,12,110,2,-17450.179548982123,3280.056846276708,0.12478800001554191,"{""binomial_discrete_residual_mean"": null, ""binomial_discrete_residual_variance"": null, ""binomial_h_extension_used"": null, ""binomial_n_candidates"": 0, ""binomial_n_max"": null, ""binomial_n_min"": null, ""binomial_n_policy"": null, ""binomial_n_tie_break"": null, ""certified_profiles"": 1, ""optimizer_powell_attempted"": false, ""optimizer_powell_success"": false, ""optimizer_primary_failed_starts"": 0, ""optimizer_primary_successful_starts"": 2, ""optimizer_results"": [{""fun"": 14170.12270270542, ""jac"": [-0.0003637978809006584, 7355.327397817746, 650.0220479210839, 0.0, 0.0], ""message"": ""CONVERGENCE: REL_REDUCTION_OF_F_<=_FACTR*EPSMCH"", ""method"": ""L-BFGS-B"", ""nfev"": 54, ""nit"": 6, ""status"": 0, ""success"": true, ""x"": [0.3802908354475289, 0.0, 0.0, -23.025850929940457, -20.72326583594641]}, {""fun"": 14170.122702705416, ""jac"": [0.0, 7355.3277616156265, 650.0220479210839, 0.0, 0.0], ""message"": ""CONVERGENCE: NORM_OF_PROJECTED_GRADIENT_<=_PGTOL"", ""method"": ""L-BFGS-B"", ""nfev"": 54, ""nit"": 6, ""status"": 0, ""success"": true, ""x"": [0.38029083781314693, 0.0, 0.0, -23.025850929940457, -20.72326583594641]}], ""solver_path"": ""general_convolution"", ""uncertified_profiles"": 0}"
foul_leaves_5_team,team-quarter,2016-17,9840,optimization,PERS_FOUL_DRAWN,3,FOUL;FTA;LOOSE_BALL_FOUL_DRAWN,19,Geom,28377.02224976154,-14170.122702900677,"[0.3802908394130201, 0.0, 0.0]","{""p"": 0.9999999989999999}",4,True,optimizer_converged_lbfgsb,12,92,2,-17450.179552908005,3280.0568500073277,15.23786629998358,"{""binomial_discrete_residual_mean"": null, ""binomial_discrete_residual_variance"": null, ""binomial_h_extension_used"": null, ""binomial_n_candidates"": 0, ""binomial_n_max"": null, ""binomial_n_min"": null, ""binomial_n_policy"": null, ""binomial_n_tie_break"": null, ""certified_profiles"": 1, ""optimizer_powell_attempted"": false, ""optimizer_powell_success"": false, ""optimizer_primary_failed_starts"": 0, ""optimizer_primary_successful_starts"": 2, ""optimizer_results"": [{""fun"": 14170.12270290068, ""jac"": [-0.0001818989404503292, 7355.327397817746, 650.0220479210839, 0.0], ""message"": ""CONVERGENCE: REL_REDUCTION_OF_F_<=_FACTR*EPSMCH"", ""method"": ""L-BFGS-B"", ""nfev"": 45, ""nit"": 6, ""status"": 0, ""success"": true, ""x"": [0.38029083365584926, 0.0, 0.0, 20.723265863514868]}, {""fun"": 14170.122702900677, ""jac"": [0.0005456968213509877, 7355.327943514567, 650.0220479210839, 0.0], ""message"": ""CONVERGENCE: REL_REDUCTION_OF_F_<=_FACTR*EPSMCH"", ""method"": ""L-BFGS-B"", ""nfev"": 45, ""nit"": 6, ""status"": 0, ""success"": true, ""x"": [0.3802908394130201, 0.0, 0.0, 20.723265865001782]}], ""solver_path"": ""general_convolution"", ""uncertified_profiles"": 0}"
foul_leaves_5_team,team-quarter,2016-17,9840,optimization,PERS_FOUL_DRAWN,3,FOUL;FTA;LOOSE_BALL_FOUL_DRAWN,19,Binomial,28377.022250195463,-14170.122703117639,"[0.38029083453300344, 0.0, 0.0]","{""n"": 2, ""p"": 1.0000000000000007e-09}",4,True,optimizer_converged_lbfgsb,12,92,2,-17450.179557270094,3280.0568541524553,0.21409920003497973,"{""binomial_discrete_residual_mean"": -2.936664767781508, ""binomial_discrete_residual_variance"": -7.049688473459436, ""binomial_h_extension_used"": true, ""binomial_n_candidates"": 1, ""binomial_n_max"": 2, ""binomial_n_min"": 2, ""binomial_n_policy"": ""paper_H_binomial_discrete_index_continuous_full_mle"", ""binomial_n_tie_break"": ""not_applicable_single_mom_index"", ""certified_profiles"": 1, ""optimizer_powell_attempted"": false, ""optimizer_powell_success"": false, ""optimizer_primary_failed_starts"": 0, ""optimizer_primary_successful_starts"": 2, ""optimizer_results"": [{""fun"": 14170.122703117639, ""jac"": [-0.0003637978809006584, 7355.327397817746, 650.0220479210839, -0.00018189892530420107], ""message"": ""CONVERGENCE: REL_REDUCTION_OF_F_<=_FACTR*EPSMCH"", ""method"": ""L-BFGS-B"", ""nfev"": 45, ""nit"": 6, ""status"": 0, ""success"": true, ""x"": [0.38029083453300344, 0.0, 0.0, -20.72326583594641]}, {""fun"": 14170.122703117639, ""jac"": [-0.0003637978809006584, 7355.327579716686, 650.0216841232032, -0.00036379785060840214], ""message"": ""CONVERGENCE: REL_REDUCTION_OF_F_<=_FACTR*EPSMCH"", ""method"": ""L-BFGS-B"", ""nfev"": 45, ""nit"": 6, ""status"": 0, ""success"": true, ""x"": [0.3802908377111683, 0.0, 0.0, -20.72326583594641]}], ""solver_path"": ""general_convolution"", ""uncertified_profiles"": 0}"
foul_leaves_5_team,team-quarter,2016-17,9840,optimization,PERS_FOUL_DRAWN,3,FOUL;FTA;LOOSE_BALL_FOUL_DRAWN,19,Bernoulli,28377.022249761543,-14170.122702900679,"[0.3802908400247242, 0.0, 0.0]","{""p"": 1.0000000000000007e-09}",4,True,optimizer_converged_lbfgsb,12,92,2,-17450.179552908005,3280.056850007326,0.1793766999617219,"{""binomial_discrete_residual_mean"": null, ""binomial_discrete_residual_variance"": null, ""binomial_h_extension_used"": null, ""binomial_n_candidates"": 0, ""binomial_n_max"": null, ""binomial_n_min"": null, ""binomial_n_policy"": null, ""binomial_n_tie_break"": null, ""certified_profiles"": 1, ""optimizer_powell_attempted"": false, ""optimizer_powell_success"": false, ""optimizer_primary_failed_starts"": 0, ""optimizer_primary_successful_starts"": 2, ""optimizer_results"": [{""fun"": 14170.122702900684, ""jac"": [-0.0007275957618013168, 7355.327034019865, 650.0216841232032, 0.0], ""message"": ""CONVERGENCE: REL_REDUCTION_OF_F_<=_FACTR*EPSMCH"", ""method"": ""L-BFGS-B"", ""nfev"": 45, ""nit"": 6, ""status"": 0, ""success"": true, ""x"": [0.3802908334730396, 0.0, 0.0, -20.72326583594641]}, {""fun"": 14170.122702900679, ""jac"": [0.0001818989404503292, 7355.327943514567, 650.0220479210839, 0.0], ""message"": ""CONVERGENCE: REL_REDUCTION_OF_F_<=_FACTR*EPSMCH"", ""method"": ""L-BFGS-B"", ""nfev"": 45, ""nit"": 6, ""status"": 0, ""success"": true, ""x"": [0.3802908400247242, 0.0, 0.0, -20.72326583594641]}], ""solver_path"": ""general_convolution"", ""uncertified_profiles"": 0}"
foul_leaves_5_team,team-quarter,2016-17,9840,optimization,PERS_FOUL_DRAWN,3,FTM;LOOSE_BALL_FOUL_DRAWN,20,Poisson,31737.473761699566,-15854.945564364714,"[0.11080498234026563, 0.0]","{""lam"": 1.2357233877316978}",3,True,poisson_convex_mle,16,22,2,-15861.165511058338,6.2199466936235694,0.029351699980907142,"{""binomial_discrete_residual_mean"": null, ""binomial_discrete_residual_variance"": null, ""binomial_h_extension_used"": null, ""binomial_n_candidates"": 0, ""binomial_n_max"": null, ""binomial_n_min"": null, ""binomial_n_policy"": null, ""binomial_n_tie_break"": null, ""certified_profiles"": 1, ""optimizer_primary_failed_starts"": 0, ""optimizer_primary_successful_starts"": 2, ""optimizer_results"": [{""fun"": 15854.945564364723, ""jac"": [-0.00012182074408428889, 0.0003300821615539462, 113.50159382913276], ""message"": ""CONVERGENCE: REL_REDUCTION_OF_F_<=_FACTR*EPSMCH"", ""method"": ""L-BFGS-B"", ""nfev"": 7, ""nit"": 5, ""status"": 0, ""success"": true, ""x"": [1.2357233063700803, 0.11080499519608653, 0.0]}, {""fun"": 15854.945564364714, ""jac"": [6.938326953331853e-05, 0.0003839520638848626, 113.50163576724275], ""message"": ""CONVERGENCE: REL_REDUCTION_OF_F_<=_FACTR*EPSMCH"", ""method"": ""L-BFGS-B"", ""nfev"": 13, ""nit"": 11, ""status"": 0, ""success"": true, ""x"": [1.2357233877316978, 0.11080498234026563, 0.0]}], ""poisson_canonical_agreement_abs"": 0.0, ""solver_path"": ""poisson_convex"", ""uncertified_profiles"": 0}"
foul_leaves_5_team,team-quarter,2016-17,9840,optimization,PERS_FOUL_DRAWN,3,FTM;LOOSE_BALL_FOUL_DRAWN,20,NB,31746.669013756044,-15854.946084897929,"[0.11084984291012469, 0.0]","{""p"": 0.9999966442660901, ""r"": 368182.18661043374}",4,True,optimizer_converged_lbfgsb,60,407,2,-15868.381477930434,13.43539303250509,0.9187215000274591,"{""binomial_discrete_residual_mean"": null, ""binomial_discrete_residual_variance"": null, ""binomial_h_extension_used"": null, ""binomial_n_candidates"": 0, ""binomial_n_max"": null, ""binomial_n_min"": null, ""binomial_n_policy"": null, ""binomial_n_tie_break"": null, ""certified_profiles"": 1, ""optimizer_powell_attempted"": false, ""optimizer_powell_success"": false, ""optimizer_primary_failed_starts"": 0, ""optimizer_primary_successful_starts"": 2, ""optimizer_results"": [{""fun"": 15854.946481316474, ""jac"": [-2.6368070407679722, 113.54059097357094, 0.5340552446931344, -0.533691446842526], ""message"": ""CONVERGENCE: REL_REDUCTION_OF_F_<=_FACTR*EPSMCH"", ""method"": ""L-BFGS-B"", ""nfev"": 205, ""nit"": 28, ""status"": 0, ""success"": true, ""x"": [0.11072336286272591, 0.0, 12.371609799471505, 12.159641760250034]}, {""fun"": 15854.946084897929, ""jac"": [1.765874913891796, 113.50257409503683, -0.19590514255262456, 0.19517754685140776], ""message"": ""CONVERGENCE: REL_REDUCTION_OF_F_<=_FACTR*EPSMCH"", ""method"": ""L-BFGS-B"", ""nfev"": 200, ""nit"": 32, ""status"": 0, ""success"": true, ""x"": [0.11084984291012469, 0.0, 12.816333166954164, 12.60483670467405]}], ""solver_path"": ""general_convolution"", ""uncertified_profiles"": 0}"
foul_leaves_5_team,team-quarter,2016-17,9840,optimization,PERS_FOUL_DRAWN,3,FTM;LOOSE_BALL_FOUL_DRAWN,20,ZIP,31746.66797391371,-15854.945564976762,"[0.11080515133050692, 0.0]","{""lam"": 1.2357240101866456, ""rho"": 3.957367585105269e-09}",4,True,optimizer_converged_lbfgsb,66,452,2,-15867.988273680476,13.042708703713288,0.48011789994779974,"{""binomial_discrete_residual_mean"": null, ""binomial_discrete_residual_variance"": null, ""binomial_h_extension_used"": null, ""binomial_n_candidates"": 0, ""binomial_n_max"": null, ""binomial_n_min"": null, ""binomial_n_policy"": null, ""binomial_n_tie_break"": null, ""certified_profiles"": 1, ""optimizer_powell_attempted"": false, ""optimizer_powell_success"": false, ""optimizer_primary_failed_starts"": 0, ""optimizer_primary_successful_starts"": 2, ""optimizer_results"": [{""fun"": 15854.94559904922, ""jac"": [-0.2459273674888451, 113.4871126851067, -0.05529727789690008, 0.0], ""message"": ""CONVERGENCE: REL_REDUCTION_OF_F_<=_FACTR*EPSMCH"", ""method"": ""L-BFGS-B"", ""nfev"": 235, ""nit"": 31, ""status"": 0, ""success"": true, ""x"": [0.11080355888423506, 0.0, 0.2116550242397217, -15.307738265704204]}, {""fun"": 15854.945564976762, ""jac"": [0.038744474315920124, 113.50421118550003, 0.009458744903417119, 0.0], ""message"": ""CONVERGENCE: REL_REDUCTION_OF_F_<=_FACTR*EPSMCH"", ""method"": ""L-BFGS-B"", ""nfev"": 215, ""nit"": 35, ""status"": 0, ""success"": true, ""x"": [0.11080515133050692, 0.0, 0.21165704137271477, -19.347686780003766]}], ""solver_path"": ""general_convolution"", ""uncertified_profiles"": 0}"
foul_leaves_5_team,team-quarter,2016-17,9840,optimization,PERS_FOUL_DRAWN,3,FTM;LOOSE_BALL_FOUL_DRAWN,20,Geom,32809.73049599821,-16391.073931514034,"[0.181388028072022, 0.12058822604577075]","{""p"": 0.5300965398937368}",3,True,optimizer_converged_lbfgsb,34,162,2,-16530.26337362147,139.18944210743575,0.2881219000555575,"{""binomial_discrete_residual_mean"": null, ""binomial_discrete_residual_variance"": null, ""binomial_h_extension_used"": null, ""binomial_n_candidates"": 0, ""binomial_n_max"": null, ""binomial_n_min"": null, ""binomial_n_policy"": null, ""binomial_n_tie_break"": null, ""certified_profiles"": 1, ""optimizer_powell_attempted"": false, ""optimizer_powell_success"": false, ""optimizer_primary_failed_starts"": 0, ""optimizer_primary_successful_starts"": 2, ""optimizer_results"": [{""fun"": 16391.073931514034, ""jac"": [-0.017826096164132263, 0.0010913936427019754, 0.0021827872854039507], ""message"": ""CONVERGENCE: REL_REDUCTION_OF_F_<=_FACTR*EPSMCH"", ""method"": ""L-BFGS-B"", ""nfev"": 80, ""nit"": 17, ""status"": 0, ""success"": true, ""x"": [0.181388028072022, 0.12058822604577075, 0.12053187112505502]}, {""fun"": 16391.07393151948, ""jac"": [-0.037834979613668475, 0.0, 0.004729372451708559], ""message"": ""CONVERGENCE: REL_REDUCTION_OF_F_<=_FACTR*EPSMCH"", ""method"": ""L-BFGS-B"", ""nfev"": 80, ""nit"": 17, ""status"": 0, ""success"": true, ""x"": [0.18138785959228737, 0.12058829863361216, 0.12053205299749804]}], ""solver_path"": ""general_convolution"", ""uncertified_profiles"": 0}"
foul_leaves_5_team,team-quarter,2016-17,9840,optimization,PERS_FOUL_DRAWN,3,FTM;LOOSE_BALL_FOUL_DRAWN,20,Binomial,31734.4024764086,-15853.40992171923,"[0.11098939267996065, 0.0]","{""n"": 100, ""p"": 0.012349093314453568}",3,True,optimizer_converged_lbfgsb,15,78,2,-15859.56725093523,6.157329215999198,0.25974930002121255,"{""binomial_discrete_residual_mean"": 1.1693021748692163, ""binomial_discrete_residual_variance"": 1.213984607867698, ""binomial_h_extension_used"": true, ""binomial_n_candidates"": 1, ""binomial_n_max"": 100, ""binomial_n_min"": 100, ""binomial_n_policy"": ""paper_H_binomial_discrete_index_continuous_full_mle"", ""binomial_n_tie_break"": ""not_applicable_single_mom_index"", ""certified_profiles"": 1, ""optimizer_powell_attempted"": false, ""optimizer_powell_success"": false, ""optimizer_primary_failed_starts"": 0, ""optimizer_primary_successful_starts"": 2, ""optimizer_results"": [{""fun"": 15853.4099217195, ""jac"": [0.009094947022516462, 116.01241567404941, 0.002910383063361139], ""message"": ""CONVERGENCE: REL_REDUCTION_OF_F_<=_FACTR*EPSMCH"", ""method"": ""L-BFGS-B"", ""nfev"": 28, ""nit"": 5, ""status"": 0, ""success"": true, ""x"": [0.11098935968985883, 0.0, -4.38174617691952]}, {""fun"": 15853.40992171923, ""jac"": [0.0001818989404503292, 116.01150617934763, -0.0003637978829201424], ""message"": ""CONVERGENCE: REL_REDUCTION_OF_F_<=_FACTR*EPSMCH"", ""method"": ""L-BFGS-B"", ""nfev"": 48, ""nit"": 10, ""status"": 0, ""success"": true, ""x"": [0.11098939267996065, 0.0, -4.381746657451528]}], ""solver_path"": ""general_convolution"", ""uncertified_profiles"": 0}"
foul_leaves_5_team,team-quarter,2016-17,9840,optimization,PERS_FOUL_DRAWN,3,FTM;LOOSE_BALL_FOUL_DRAWN,20,Bernoulli,inf,-inf,[],{},3,False,infeasible_conditional_support,0,0,0,-inf,0.0,0.00011600001016631722,"{""binomial_discrete_residual_mean"": null, ""binomial_discrete_residual_variance"": null, ""binomial_h_extension_used"": null, ""binomial_n_candidates"": 0, ""binomial_n_max"": null, ""binomial_n_min"": null, ""binomial_n_policy"": null, ""binomial_n_tie_break"": null, ""certified_profiles"": 0, ""solver_path"": ""conditional_support_check"", ""support_violating_rows"": 268, ""uncertified_profiles"": 0}"
foul_leaves_5_team,team-quarter,2016-17,9840,optimization,PERS_FOUL_DRAWN,3,FOUL;FTM;LOOSE_BALL_FOUL_DRAWN,21,Poisson,30476.294564315984,-15219.758860177899,"[0.5301556764715974, 0.0, 0.0]","{""lam"": 0.0}",4,True,poisson_convex_mle,2,8,2,-15219.758860177899,0.0,0.011500599968712777,"{""binomial_discrete_residual_mean"": null, ""binomial_discrete_residual_variance"": null, ""binomial_h_extension_used"": null, ""binomial_n_candidates"": 0, ""binomial_n_max"": null, ""binomial_n_min"": null, ""binomial_n_policy"": null, ""binomial_n_tie_break"": null, ""certified_profiles"": 1, ""optimizer_primary_failed_starts"": 1, ""optimizer_primary_successful_starts"": 1, ""optimizer_results"": [{""fun"": 20648.682269545723, ""jac"": [5353.1848189397315, 23820.395113561448, 25796.177222319955, 1946.4708480836591], ""message"": ""CONVERGENCE: REL_REDUCTION_OF_F_<=_FACTR*EPSMCH"", ""method"": ""L-BFGS-B"", ""nfev"": 3, ""nit"": 1, ""status"": 0, ""success"": true, ""x"": [0.0, 0.8156241176486114, 0.0, 0.0]}, {""fun"": 15219.758860177899, ""jac"": [2937.2074137534137, 12615.761713171727, 16299.964957415752, 1336.6474585902579], ""message"": ""CONVERGENCE: REL_REDUCTION_OF_F_<=_FACTR*EPSMCH"", ""method"": ""L-BFGS-B"", ""nfev"": 3, ""nit"": 1, ""status"": 0, ""success"": true, ""x"": [0.0, 0.5301556764715974, 0.0, 0.0]}], ""poisson_canonical_agreement_abs"": 0.0, ""solver_path"": ""poisson_convex"", ""uncertified_profiles"": 0}"
foul_leaves_5_team,team-quarter,2016-17,9840,optimization,PERS_FOUL_DRAWN,3,FOUL;FTM;LOOSE_BALL_FOUL_DRAWN,21,NB,28386.220558265468,-14170.124751657619,"[0.38028880142739774, 0.0, 0.0]","{""p"": 0.9999902776269574, ""r"": 0.9712838722970718}",5,True,optimizer_converged_lbfgsb,12,104,2,-15219.788232449488,1049.663480791869,0.23671540000941604,"{""binomial_discrete_residual_mean"": null, ""binomial_discrete_residual_variance"": null, ""binomial_h_extension_used"": null, ""binomial_n_candidates"": 0, ""binomial_n_max"": null, ""binomial_n_min"": null, ""binomial_n_policy"": null, ""binomial_n_tie_break"": null, ""certified_profiles"": 1, ""optimizer_powell_attempted"": false, ""optimizer_powell_success"": false, ""optimizer_primary_failed_starts"": 0, ""optimizer_primary_successful_starts"": 2, ""optimizer_results"": [{""fun"": 14170.124751657619, ""jac"": [-0.0001818989404503292, 5607.763887383044, 650.020592729561, 0.0025465851645375607, -0.0014551914024336086], ""message"": ""CONVERGENCE: REL_REDUCTION_OF_F_<=_FACTR*EPSMCH"", ""method"": ""L-BFGS-B"", ""nfev"": 54, ""nit"": 6, ""status"": 0, ""success"": true, ""x"": [0.38028880142739774, 0.0, 0.0, -0.029136502956456783, 11.541071106669257]}, {""fun"": 14170.124836829538, ""jac"": [-0.0009094947022516461, 5607.762250292581, 650.0207746285014, 0.001818989403556659, -0.002182787103650413], ""message"": ""CONVERGENCE: REL_REDUCTION_OF_F_<=_FACTR*EPSMCH"", ""method"": ""L-BFGS-B"", ""nfev"": 48, ""nit"": 6, ""status"": 0, ""success"": true, ""x"": [0.3802887100405039, 0.0, 0.0, -0.00828863921793905, 11.521194093186882]}], ""solver_path"": ""general_convolution"", ""uncertified_profiles"": 0}"
foul_leaves_5_team,team-quarter,2016-17,9840,optimization,PERS_FOUL_DRAWN,3,FOUL;FTM;LOOSE_BALL_FOUL_DRAWN,21,ZIP,28386.21646036106,-14170.122702705416,"[0.3802908339832806, 0.0, 0.0]","{""lam"": 9.999999999999996e-11, ""rho"": 1.0000000000000007e-09}",5,True,optimizer_converged_lbfgsb,12,104,2,-15219.758860471618,1049.6361577662028,0.10170649999054149,"{""binomial_discrete_residual_mean"": null, ""binomial_discrete_residual_variance"": null, ""binomial_h_extension_used"": null, ""binomial_n_candidates"": 0, ""binomial_n_max"": null, ""binomial_n_min"": null, ""binomial_n_policy"": null, ""binomial_n_tie_break"": null, ""certified_profiles"": 1, ""optimizer_powell_attempted"": false, ""optimizer_powell_success"": false, ""optimizer_primary_failed_starts"": 0, ""optimizer_primary_successful_starts"": 2, ""optimizer_results"": [{""fun"": 14170.122702705416, ""jac"": [0.0, 5607.785533356946, 650.0222298200242, 0.0, 0.0], ""message"": ""CONVERGENCE: NORM_OF_PROJECTED_GRADIENT_<=_PGTOL"", ""method"": ""L-BFGS-B"", ""nfev"": 54, ""nit"": 6, ""status"": 0, ""success"": true, ""x"": [0.3802908339832806, 0.0, 0.0, -23.025850929940457, -20.72326583594641]}, {""fun"": 14170.12270270542, ""jac"": [-0.0001818989404503292, 5607.785169559065, 650.0216841232032, 0.0, 0.0], ""message"": ""CONVERGENCE: REL_REDUCTION_OF_F_<=_FACTR*EPSMCH"", ""method"": ""L-BFGS-B"", ""nfev"": 48, ""nit"": 6, ""status"": 0, ""success"": true, ""x"": [0.38029083790867324, 0.0, 0.0, -23.025850929940457, -20.72326583594641]}], ""solver_path"": ""general_convolution"", ""uncertified_profiles"": 0}"
foul_leaves_5_team,team-quarter,2016-17,9840,optimization,PERS_FOUL_DRAWN,3,FOUL;FTM;LOOSE_BALL_FOUL_DRAWN,21,Geom,28377.02224976154,-14170.122702900677,"[0.3802908357231894, 0.0, 0.0]","{""p"": 0.9999999989999999}",4,True,optimizer_converged_lbfgsb,12,87,2,-15219.758863115108,1049.6361602144316,13.298358000000007,"{""binomial_discrete_residual_mean"": null, ""binomial_discrete_residual_variance"": null, ""binomial_h_extension_used"": null, ""binomial_n_candidates"": 0, ""binomial_n_max"": null, ""binomial_n_min"": null, ""binomial_n_policy"": null, ""binomial_n_tie_break"": null, ""certified_profiles"": 1, ""optimizer_powell_attempted"": false, ""optimizer_powell_success"": false, ""optimizer_primary_failed_starts"": 0, ""optimizer_primary_successful_starts"": 2, ""optimizer_results"": [{""fun"": 14170.122702900677, ""jac"": [0.0, 5607.785715255886, 650.0222298200242, 0.00036379785060840214], ""message"": ""CONVERGENCE: REL_REDUCTION_OF_F_<=_FACTR*EPSMCH"", ""method"": ""L-BFGS-B"", ""nfev"": 45, ""nit"": 6, ""status"": 0, ""success"": true, ""x"": [0.3802908357231894, 0.0, 0.0, 20.723265864228342]}, {""fun"": 14170.12270290068, ""jac"": [-0.0003637978809006584, 5607.785351458006, 650.0218660221435, 0.0], ""message"": ""CONVERGENCE: REL_REDUCTION_OF_F_<=_FACTR*EPSMCH"", ""method"": ""L-BFGS-B"", ""nfev"": 40, ""nit"": 6, ""status"": 0, ""success"": true, ""x"": [0.3802908359185444, 0.0, 0.0, 20.723265864228342]}], ""solver_path"": ""general_convolution"", ""uncertified_profiles"": 0}"
foul_leaves_5_team,team-quarter,2016-17,9840,optimization,PERS_FOUL_DRAWN,3,FOUL;FTM;LOOSE_BALL_FOUL_DRAWN,21,Binomial,28377.02225019546,-14170.122703117637,"[0.3802908375854792, 0.0, 0.0]","{""n"": 2, ""p"": 1.0000000000000007e-09}",4,True,optimizer_converged_lbfgsb,13,92,2,-15219.758866052314,1049.6361629346775,0.22681069996906444,"{""binomial_discrete_residual_mean"": -1.9744399132662476, ""binomial_discrete_residual_variance"": -4.494826536315241, ""binomial_h_extension_used"": true, ""binomial_n_candidates"": 1, ""binomial_n_max"": 2, ""binomial_n_min"": 2, ""binomial_n_policy"": ""paper_H_binomial_discrete_index_continuous_full_mle"", ""binomial_n_tie_break"": ""not_applicable_single_mom_index"", ""certified_profiles"": 1, ""optimizer_powell_attempted"": false, ""optimizer_powell_success"": false, ""optimizer_primary_failed_starts"": 0, ""optimizer_primary_successful_starts"": 2, ""optimizer_results"": [{""fun"": 14170.122703117639, ""jac"": [0.0, 5607.785351458006, 650.0218660221435, 0.0], ""message"": ""CONVERGENCE: NORM_OF_PROJECTED_GRADIENT_<=_PGTOL"", ""method"": ""L-BFGS-B"", ""nfev"": 50, ""nit"": 7, ""status"": 0, ""success"": true, ""x"": [0.38029083603885383, 0.0, 0.0, -20.723265835028705]}, {""fun"": 14170.122703117637, ""jac"": [0.0001818989404503292, 5607.785533356946, 650.0218660221435, 0.0], ""message"": ""CONVERGENCE: REL_REDUCTION_OF_F_<=_FACTR*EPSMCH"", ""method"": ""L-BFGS-B"", ""nfev"": 40, ""nit"": 6, ""status"": 0, ""success"": true, ""x"": [0.3802908375854792, 0.0, 0.0, -20.72326583594641]}], ""solver_path"": ""general_convolution"", ""uncertified_profiles"": 0}"
foul_leaves_5_team,team-quarter,2016-17,9840,optimization,PERS_FOUL_DRAWN,3,FOUL;FTM;LOOSE_BALL_FOUL_DRAWN,21,Bernoulli,28377.022249761543,-14170.122702900679,"[0.38029083742766556, 0.0, 0.0]","{""p"": 1.0000000000000007e-09}",4,True,optimizer_converged_lbfgsb,13,92,2,-15219.758863115108,1049.6361602144298,0.20230340003035963,"{""binomial_discrete_residual_mean"": null, ""binomial_discrete_residual_variance"": null, ""binomial_h_extension_used"": null, ""binomial_n_candidates"": 0, ""binomial_n_max"": null, ""binomial_n_min"": null, ""binomial_n_policy"": null, ""binomial_n_tie_break"": null, ""certified_profiles"": 1, ""optimizer_powell_attempted"": false, ""optimizer_powell_success"": false, ""optimizer_primary_failed_starts"": 0, ""optimizer_primary_successful_starts"": 2, ""optimizer_results"": [{""fun"": 14170.12270290068, ""jac"": [0.0, 5607.785351458006, 650.0220479210839, 0.0], ""message"": ""CONVERGENCE: NORM_OF_PROJECTED_GRADIENT_<=_PGTOL"", ""method"": ""L-BFGS-B"", ""nfev"": 50, ""nit"": 7, ""status"": 0, ""success"": true, ""x"": [0.3802908359625189, 0.0, 0.0, -20.72326583594641]}, {""fun"": 14170.122702900679, ""jac"": [0.0001818989404503292, 5607.785533356946, 650.0220479210839, -0.00018189892530420107], ""message"": ""CONVERGENCE: REL_REDUCTION_OF_F_<=_FACTR*EPSMCH"", ""method"": ""L-BFGS-B"", ""nfev"": 40, ""nit"": 6, ""status"": 0, ""success"": true, ""x"": [0.38029083742766556, 0.0, 0.0, -20.72326583594641]}], ""solver_path"": ""general_convolution"", ""uncertified_profiles"": 0}"
foul_leaves_5_team,team-quarter,2016-17,9840,optimization,PERS_FOUL_DRAWN,3,FTA;FTM;LOOSE_BALL_FOUL_DRAWN,22,Poisson,31668.991928703872,-15816.107542371843,"[0.09217071573391031, 0.0032231757575978256, 0.0]","{""lam"": 1.1834829691317328}",4,True,poisson_convex_mle,19,28,2,-15832.717596134033,16.610053762189636,0.04695180000271648,"{""binomial_discrete_residual_mean"": null, ""binomial_discrete_residual_variance"": null, ""binomial_h_extension_used"": null, ""binomial_n_candidates"": 0, ""binomial_n_max"": null, ""binomial_n_min"": null, ""binomial_n_policy"": null, ""binomial_n_tie_break"": null, ""certified_profiles"": 1, ""optimizer_primary_failed_starts"": 0, ""optimizer_primary_successful_starts"": 2, ""optimizer_results"": [{""fun"": 15816.107542377611, ""jac"": [-0.0012716154954990344, -0.009807802707257451, 0.00048278780349164663, 134.3120332162913], ""message"": ""CONVERGENCE: REL_REDUCTION_OF_F_<=_FACTR*EPSMCH"", ""method"": ""L-BFGS-B"", ""nfev"": 13, ""nit"": 11, ""status"": 0, ""success"": true, ""x"": [1.1834830260590277, 0.09216948115973175, 0.0032247131580703556, 0.0]}, {""fun"": 15816.107542371843, ""jac"": [-0.00020712427823887936, -0.0002265858520331676, -0.0009817207827325092, 134.3124828942176], ""message"": ""CONVERGENCE: REL_REDUCTION_OF_F_<=_FACTR*EPSMCH"", ""method"": ""L-BFGS-B"", ""nfev"": 13, ""nit"": 8, ""status"": 0, ""success"": true, ""x"": [1.1834829691317328, 0.09217071573391031, 0.0032231757575978256, 0.0]}], ""poisson_canonical_agreement_abs"": 0.0, ""solver_path"": ""poisson_convex"", ""uncertified_profiles"": 0}"
foul_leaves_5_team,team-quarter,2016-17,9840,optimization,PERS_FOUL_DRAWN,3,FTA;FTM;LOOSE_BALL_FOUL_DRAWN,22,NB,31678.188616799573,-15816.108780924671,"[0.09220756813647954, 0.0032089997267917662, 0.0]","{""p"": 0.9999928901120514, ""r"": 166445.22999747505}",5,True,optimizer_converged_lbfgsb,67,662,2,-15835.017019921477,18.908238996806176,1.4896914000273682,"{""binomial_discrete_residual_mean"": null, ""binomial_discrete_residual_variance"": null, ""binomial_h_extension_used"": null, ""binomial_n_candidates"": 0, ""binomial_n_max"": null, ""binomial_n_min"": null, ""binomial_n_policy"": null, ""binomial_n_tie_break"": null, ""certified_profiles"": 1, ""optimizer_powell_attempted"": false, ""optimizer_powell_success"": false, ""optimizer_primary_failed_starts"": 0, ""optimizer_primary_successful_starts"": 2, ""optimizer_results"": [{""fun"": 15816.110425336552, ""jac"": [-3.0413502843295044, -3.2716343412370072, 134.12864063866436, -0.7981724842348343, 0.7990819788613553], ""message"": ""CONVERGENCE: REL_REDUCTION_OF_F_<=_FACTR*EPSMCH"", ""method"": ""L-BFGS-B"", ""nfev"": 348, ""nit"": 29, ""status"": 0, ""success"": true, ""x"": [0.09229745259749904, 0.003062799353019651, 0.0, 11.185691489484746, 11.017337414616263]}, {""fun"": 15816.108780924671, ""jac"": [3.8755388252347145, 2.902015694434294, 134.45114745991305, 0.42455209166000535, -0.42473399058530953], ""message"": ""CONVERGENCE: REL_REDUCTION_OF_F_<=_FACTR*EPSMCH"", ""method"": ""L-BFGS-B"", ""nfev"": 312, ""nit"": 38, ""status"": 0, ""success"": true, ""x"": [0.09220756813647954, 0.0032089997267917662, 0.0, 12.022421585322943, 11.854016964031029]}], ""solver_path"": ""general_convolution"", ""uncertified_profiles"": 0}"
foul_leaves_5_team,team-quarter,2016-17,9840,optimization,PERS_FOUL_DRAWN,3,FTA;FTM;LOOSE_BALL_FOUL_DRAWN,22,ZIP,31678.186495768812,-15816.10772040929,"[0.09216743976240226, 0.0032275078170302717, 0.0]","{""lam"": 1.1834794007296625, ""rho"": 1.0792208106205606e-06}",5,True,optimizer_converged_lbfgsb,69,536,2,-15834.389968517155,18.28224810786378,0.5603278999915347,"{""binomial_discrete_residual_mean"": null, ""binomial_discrete_residual_variance"": null, ""binomial_h_extension_used"": null, ""binomial_n_candidates"": 0, ""binomial_n_max"": null, ""binomial_n_min"": null, ""binomial_n_policy"": null, ""binomial_n_tie_break"": null, ""certified_profiles"": 1, ""optimizer_powell_attempted"": false, ""optimizer_powell_success"": false, ""optimizer_primary_failed_starts"": 0, ""optimizer_primary_successful_starts"": 2, ""optimizer_results"": [{""fun"": 15816.107773965976, ""jac"": [-2.2793756227830753, -1.620901457509339, 134.35492292046547, 0.49531081484624645, 0.00018189892530420107], ""message"": ""CONVERGENCE: REL_REDUCTION_OF_F_<=_FACTR*EPSMCH"", ""method"": ""L-BFGS-B"", ""nfev"": 234, ""nit"": 35, ""status"": 0, ""success"": true, ""x"": [0.09210033787107144, 0.00324462919462754, 0.0, 0.16874642024653136, -14.331481108997844]}, {""fun"": 15816.10772040929, ""jac"": [-0.1282387530174821, -0.07494236342653436, 134.3043550150469, -0.031650415638357285, 0.00018189892530420107], ""message"": ""CONVERGENCE: REL_REDUCTION_OF_F_<=_FACTR*EPSMCH"", ""method"": ""L-BFGS-B"", ""nfev"": 300, ""nit"": 34, ""status"": 0, ""success"": true, ""x"": [0.09216743976240226, 0.0032275078170302717, 0.0, 0.16845874443780037, -13.7392701696403]}], ""solver_path"": ""general_convolution"", ""uncertified_profiles"": 0}"
foul_leaves_5_team,team-quarter,2016-17,9840,optimization,PERS_FOUL_DRAWN,3,FTA;FTM;LOOSE_BALL_FOUL_DRAWN,22,Geom,32633.08413091276,-16298.153643476287,"[0.14984793777080432, 0.0020327795398281993, 0.08708436128067215]","{""p"": 0.5459544161809295}",4,True,optimizer_converged_lbfgsb,39,222,2,-16393.342194587924,95.18855111163612,0.4246090999804437,"{""binomial_discrete_residual_mean"": null, ""binomial_discrete_residual_variance"": null, ""binomial_h_extension_used"": null, ""binomial_n_candidates"": 0, ""binomial_n_max"": null, ""binomial_n_min"": null, ""binomial_n_policy"": null, ""binomial_n_tie_break"": null, ""certified_profiles"": 1, ""optimizer_powell_attempted"": false, ""optimizer_powell_success"": false, ""optimizer_primary_failed_starts"": 0, ""optimizer_primary_successful_starts"": 2, ""optimizer_results"": [{""fun"": 16298.15364616064, ""jac"": [-0.06129994293176095, -0.20791048882652613, -0.01400621841467535, 0.026375346365297737], ""message"": ""CONVERGENCE: REL_REDUCTION_OF_F_<=_FACTR*EPSMCH"", ""method"": ""L-BFGS-B"", ""nfev"": 105, ""nit"": 18, ""status"": 0, ""success"": true, ""x"": [0.1498736883150862, 0.0020004055546100153, 0.08707911656353452, 0.18434807378522047]}, {""fun"": 16298.153643476287, ""jac"": [-0.005638867153960205, -0.00018189894035566592, -0.001637090464052963, 0.0014551915236026337], ""message"": ""CONVERGENCE: REL_REDUCTION_OF_F_<=_FACTR*EPSMCH"", ""method"": ""L-BFGS-B"", ""nfev"": 115, ""nit"": 21, ""status"": 0, ""success"": true, ""x"": [0.14984793777080432, 0.0020327795398281993, 0.08708436128067215, 0.18433788752263497]}], ""solver_path"": ""general_convolution"", ""uncertified_profiles"": 0}"
foul_leaves_5_team,team-quarter,2016-17,9840,optimization,PERS_FOUL_DRAWN,3,FTA;FTM;LOOSE_BALL_FOUL_DRAWN,22,Binomial,31665.292845126634,-15814.258000583224,"[0.09209541586107707, 0.0033727358998311805, 0.0]","{""n"": 100, ""p"": 0.011832535103350438}",4,True,optimizer_converged_lbfgsb,14,107,2,-15831.01264317845,16.75464259522596,0.3720108999987133,"{""binomial_discrete_residual_mean"": 1.070678099669919, ""binomial_discrete_residual_variance"": 1.0842462649882445, ""binomial_h_extension_used"": true, ""binomial_n_candidates"": 1, ""binomial_n_max"": 100, ""binomial_n_min"": 100, ""binomial_n_policy"": ""paper_H_binomial_discrete_index_continuous_full_mle"", ""binomial_n_tie_break"": ""not_applicable_single_mom_index"", ""certified_profiles"": 1, ""optimizer_powell_attempted"": false, ""optimizer_powell_success"": false, ""optimizer_primary_failed_starts"": 0, ""optimizer_primary_successful_starts"": 2, ""optimizer_results"": [{""fun"": 15814.258000583224, ""jac"": [0.0001818989404503292, 0.0, 136.88149920199066, -0.0001818989414600712], ""message"": ""CONVERGENCE: REL_REDUCTION_OF_F_<=_FACTR*EPSMCH"", ""method"": ""L-BFGS-B"", ""nfev"": 50, ""nit"": 8, ""status"": 0, ""success"": true, ""x"": [0.09209541586107707, 0.0033727358998311805, 0.0, -4.424999232784698]}, {""fun"": 15814.258007766626, ""jac"": [0.16716512627385255, -0.15807017916907368, 136.89223123947158, 0.0347426978188736], ""message"": ""CONVERGENCE: REL_REDUCTION_OF_F_<=_FACTR*EPSMCH"", ""method"": ""L-BFGS-B"", ""nfev"": 55, ""nit"": 6, ""status"": 0, ""success"": true, ""x"": [0.0921337438580587, 0.003323168697372589, 0.0, -4.424995253381689]}], ""solver_path"": ""general_convolution"", ""uncertified_profiles"": 0}"
foul_leaves_5_team,team-quarter,2016-17,9840,optimization,PERS_FOUL_DRAWN,3,FTA;FTM;LOOSE_BALL_FOUL_DRAWN,22,Bernoulli,inf,-inf,[],{},4,False,infeasible_conditional_support,0,0,0,-inf,0.0,0.0001154000055976212,"{""binomial_discrete_residual_mean"": null, ""binomial_discrete_residual_variance"": null, ""binomial_h_extension_used"": null, ""binomial_n_candidates"": 0, ""binomial_n_max"": null, ""binomial_n_min"": null, ""binomial_n_policy"": null, ""binomial_n_tie_break"": null, ""certified_profiles"": 0, ""solver_path"": ""conditional_support_check"", ""support_violating_rows"": 197, ""uncertified_profiles"": 0}"
foul_leaves_5_team,team-quarter,2016-17,9840,optimization,PERS_FOUL_DRAWN,3,FOUL;FTA;FTM;LOOSE_BALL_FOUL_DRAWN,23,Poisson,28386.216460317668,-14170.122702683719,"[0.380290842276037, 0.0, 0.0, 0.0]","{""lam"": 0.0}",5,True,poisson_convex_mle,8,15,2,-17747.901397993297,3577.7786953095783,0.028823199972976,"{""binomial_discrete_residual_mean"": null, ""binomial_discrete_residual_variance"": null, ""binomial_h_extension_used"": null, ""binomial_n_candidates"": 0, ""binomial_n_max"": null, ""binomial_n_min"": null, ""binomial_n_policy"": null, ""binomial_n_tie_break"": null, ""certified_profiles"": 1, ""optimizer_primary_failed_starts"": 0, ""optimizer_primary_successful_starts"": 2, ""optimizer_results"": [{""fun"": 14170.122702683719, ""jac"": [216.9581954635708, -1.649980969631315e-07, 7355.327478218045, 5607.785496271617, 650.0219980196032], ""message"": ""CONVERGENCE: NORM_OF_PROJECTED_GRADIENT_<=_PGTOL"", ""method"": ""L-BFGS-B"", ""nfev"": 10, ""nit"": 7, ""status"": 0, ""success"": true, ""x"": [0.0, 0.380290842276037, 0.0, 0.0, 0.0]}, {""fun"": 17747.901397993297, ""jac"": [4444.9445440450145, 19652.078484440688, 28972.66100057545, 22342.962575015466, 1717.0812586685472], ""message"": ""CONVERGENCE: REL_REDUCTION_OF_F_<=_FACTR*EPSMCH"", ""method"": ""L-BFGS-B"", ""nfev"": 3, ""nit"": 1, ""status"": 0, ""success"": true, ""x"": [0.0, 0.6683974570383684, 0.0, 0.01315798197713473, 0.0]}], ""poisson_canonical_agreement_abs"": 0.0, ""solver_path"": ""poisson_convex"", ""uncertified_profiles"": 0}"
foul_leaves_5_team,team-quarter,2016-17,9840,optimization,PERS_FOUL_DRAWN,3,FOUL;FTA;FTM;LOOSE_BALL_FOUL_DRAWN,23,NB,28395.414678927187,-14170.124706493454,"[0.3802888480700299, 0.0, 0.0, 0.0]","{""p"": 0.9999903889325298, ""r"": 0.9608763934862428}",6,True,optimizer_converged_lbfgsb,13,135,2,-17747.945847485928,3577.8211409924734,0.3029596999986097,"{""binomial_discrete_residual_mean"": null, ""binomial_discrete_residual_variance"": null, ""binomial_h_extension_used"": null, ""binomial_n_candidates"": 0, ""binomial_n_max"": null, ""binomial_n_min"": null, ""binomial_n_policy"": null, ""binomial_n_tie_break"": null, ""certified_profiles"": 1, ""optimizer_powell_attempted"": false, ""optimizer_powell_success"": false, ""optimizer_primary_failed_starts"": 0, ""optimizer_primary_successful_starts"": 2, ""optimizer_results"": [{""fun"": 14170.124706493454, ""jac"": [0.0005456968213509877, 7355.299749178812, 5607.764614978805, 650.0207746285014, 0.0018189894032411148, -0.0016370903277378097], ""message"": ""CONVERGENCE: REL_REDUCTION_OF_F_<=_FACTR*EPSMCH"", ""method"": ""L-BFGS-B"", ""nfev"": 70, ""nit"": 7, ""status"": 0, ""success"": true, ""x"": [0.3802888480700299, 0.0, 0.0, 0.0, -0.03990950108754394, 11.552585650922039]}, {""fun"": 14170.124790635338, ""jac"": [-0.0003637978809006584, 7355.297748290468, 5607.762977888342, 650.020592729561, 0.0020008883435652263, -0.0032741806554756193], ""message"": ""CONVERGENCE: REL_REDUCTION_OF_F_<=_FACTR*EPSMCH"", ""method"": ""L-BFGS-B"", ""nfev"": 63, ""nit"": 6, ""status"": 0, ""success"": true, ""x"": [0.38028875740044543, 0.0, 0.0, 0.0, -0.01946479147299873, 11.53189958928143]}], ""solver_path"": ""general_convolution"", ""uncertified_profiles"": 0}"
foul_leaves_5_team,team-quarter,2016-17,9840,optimization,PERS_FOUL_DRAWN,3,FOUL;FTA;FTM;LOOSE_BALL_FOUL_DRAWN,23,ZIP,28395.41067135111,-14170.122702705416,"[0.3802908389853938, 0.0, 0.0, 0.0]","{""lam"": 9.999999999999996e-11, ""rho"": 1.0000000000000007e-09}",6,True,optimizer_converged_lbfgsb,13,135,2,-17747.901398437793,3577.778695732377,0.13492159999441355,"{""binomial_discrete_residual_mean"": null, ""binomial_discrete_residual_variance"": null, ""binomial_h_extension_used"": null, ""binomial_n_candidates"": 0, ""binomial_n_max"": null, ""binomial_n_min"": null, ""binomial_n_policy"": null, ""binomial_n_tie_break"": null, ""certified_profiles"": 1, ""optimizer_powell_attempted"": false, ""optimizer_powell_success"": false, ""optimizer_primary_failed_starts"": 0, ""optimizer_primary_successful_starts"": 2, ""optimizer_results"": [{""fun"": 14170.122702705416, ""jac"": [0.0001818989404503292, 7355.3277616156265, 5607.785715255886, 650.0220479210839, 0.0, 0.0], ""message"": ""CONVERGENCE: REL_REDUCTION_OF_F_<=_FACTR*EPSMCH"", ""method"": ""L-BFGS-B"", ""nfev"": 70, ""nit"": 7, ""status"": 0, ""success"": true, ""x"": [0.3802908389853938, 0.0, 0.0, 0.0, -23.025850929940457, -20.72326583594641]}, {""fun"": 14170.12270270542, ""jac"": [-0.0003637978809006584, 7355.327397817746, 5607.785169559065, 650.0218660221435, 0.0, 0.0], ""message"": ""CONVERGENCE: REL_REDUCTION_OF_F_<=_FACTR*EPSMCH"", ""method"": ""L-BFGS-B"", ""nfev"": 63, ""nit"": 6, ""status"": 0, ""success"": true, ""x"": [0.3802908343664715, 0.0, 0.0, 0.0, -23.025850929940457, -20.72326583594641]}], ""solver_path"": ""general_convolution"", ""uncertified_profiles"": 0}"
foul_leaves_5_team,team-quarter,2016-17,9840,optimization,PERS_FOUL_DRAWN,3,FOUL;FTA;FTM;LOOSE_BALL_FOUL_DRAWN,23,Geom,28386.21646075159,-14170.12270290068,"[0.38029083650893997, 0.0, 0.0, 0.0]","{""p"": 0.9999999990000001}",5,True,optimizer_converged_lbfgsb,13,116,2,-17747.90140243824,3577.778699537561,17.99032610002905,"{""binomial_discrete_residual_mean"": null, ""binomial_discrete_residual_variance"": null, ""binomial_h_extension_used"": null, ""binomial_n_candidates"": 0, ""binomial_n_max"": null, ""binomial_n_min"": null, ""binomial_n_policy"": null, ""binomial_n_tie_break"": null, ""certified_profiles"": 1, ""optimizer_powell_attempted"": false, ""optimizer_powell_success"": false, ""optimizer_primary_failed_starts"": 0, ""optimizer_primary_successful_starts"": 2, ""optimizer_results"": [{""fun"": 14170.12270290068, ""jac"": [0.0, 7355.327397817746, 5607.785351458006, 650.0220479210839, 0.0], ""message"": ""CONVERGENCE: NORM_OF_PROJECTED_GRADIENT_<=_PGTOL"", ""method"": ""L-BFGS-B"", ""nfev"": 60, ""nit"": 7, ""status"": 0, ""success"": true, ""x"": [0.38029083650893997, 0.0, 0.0, 0.0, 20.723265867223635]}, {""fun"": 14170.12270290068, ""jac"": [-0.0003637978809006584, 7355.327397817746, 5607.785169559065, 650.0220479210839, 0.0], ""message"": ""CONVERGENCE: REL_REDUCTION_OF_F_<=_FACTR*EPSMCH"", ""method"": ""L-BFGS-B"", ""nfev"": 54, ""nit"": 6, ""status"": 0, ""success"": true, ""x"": [0.3802908341542853, 0.0, 0.0, 0.0, 20.723265863079927]}], ""solver_path"": ""general_convolution"", ""uncertified_profiles"": 0}"
foul_leaves_5_team,team-quarter,2016-17,9840,optimization,PERS_FOUL_DRAWN,3,FOUL;FTA;FTM;LOOSE_BALL_FOUL_DRAWN,23,Binomial,28386.216461185504,-14170.122703117637,"[0.38029083761026505, 0.0, 0.0, 0.0]","{""n"": 2, ""p"": 1.000000001831517e-09}",5,True,optimizer_converged_lbfgsb,13,116,2,-17747.901406883186,3577.778703765549,0.31119769997894764,"{""binomial_discrete_residual_mean"": -3.0283908041582634, ""binomial_discrete_residual_variance"": -7.349660481257631, ""binomial_h_extension_used"": true, ""binomial_n_candidates"": 1, ""binomial_n_max"": 2, ""binomial_n_min"": 2, ""binomial_n_policy"": ""paper_H_binomial_discrete_index_continuous_full_mle"", ""binomial_n_tie_break"": ""not_applicable_single_mom_index"", ""certified_profiles"": 1, ""optimizer_powell_attempted"": false, ""optimizer_powell_success"": false, ""optimizer_primary_failed_starts"": 0, ""optimizer_primary_successful_starts"": 2, ""optimizer_results"": [{""fun"": 14170.122703117637, ""jac"": [0.0, 7355.327579716686, 5607.785533356946, 650.0218660221435, -0.00018189892530420107], ""message"": ""CONVERGENCE: REL_REDUCTION_OF_F_<=_FACTR*EPSMCH"", ""method"": ""L-BFGS-B"", ""nfev"": 60, ""nit"": 7, ""status"": 0, ""success"": true, ""x"": [0.38029083761026505, 0.0, 0.0, 0.0, -20.723265834114894]}, {""fun"": 14170.122703117642, ""jac"": [-0.0007275957618013168, 7355.326670221984, 5607.7848057611845, 650.0220479210839, 0.0], ""message"": ""CONVERGENCE: REL_REDUCTION_OF_F_<=_FACTR*EPSMCH"", ""method"": ""L-BFGS-B"", ""nfev"": 54, ""nit"": 6, ""status"": 0, ""success"": true, ""x"": [0.3802908315489481, 0.0, 0.0, 0.0, -20.72326583355477]}], ""solver_path"": ""general_convolution"", ""uncertified_profiles"": 0}"
foul_leaves_5_team,team-quarter,2016-17,9840,optimization,PERS_FOUL_DRAWN,3,FOUL;FTA;FTM;LOOSE_BALL_FOUL_DRAWN,23,Bernoulli,28386.21646075159,-14170.12270290068,"[0.3802908382074186, 0.0, 0.0, 0.0]","{""p"": 1.0000000000000007e-09}",5,True,optimizer_converged_lbfgsb,13,116,2,-17747.90140243824,3577.778699537561,0.25524859997676685,"{""binomial_discrete_residual_mean"": null, ""binomial_discrete_residual_variance"": null, ""binomial_h_extension_used"": null, ""binomial_n_candidates"": 0, ""binomial_n_max"": null, ""binomial_n_min"": null, ""binomial_n_policy"": null, ""binomial_n_tie_break"": null, ""certified_profiles"": 1, ""optimizer_powell_attempted"": false, ""optimizer_powell_success"": false, ""optimizer_primary_failed_starts"": 0, ""optimizer_primary_successful_starts"": 2, ""optimizer_results"": [{""fun"": 14170.12270290068, ""jac"": [0.0, 7355.3277616156265, 5607.785715255886, 650.0218660221435, 0.0], ""message"": ""CONVERGENCE: NORM_OF_PROJECTED_GRADIENT_<=_PGTOL"", ""method"": ""L-BFGS-B"", ""nfev"": 60, ""nit"": 7, ""status"": 0, ""success"": true, ""x"": [0.3802908382074186, 0.0, 0.0, 0.0, -20.72326583594641]}, {""fun"": 14170.122702900684, ""jac"": [-0.0007275957618013168, 7355.327034019865, 5607.784987660125, 650.0218660221435, 0.0], ""message"": ""CONVERGENCE: REL_REDUCTION_OF_F_<=_FACTR*EPSMCH"", ""method"": ""L-BFGS-B"", ""nfev"": 54, ""nit"": 6, ""status"": 0, ""success"": true, ""x"": [0.3802908322449098, 0.0, 0.0, 0.0, -20.72326583594641]}], ""solver_path"": ""general_convolution"", ""uncertified_profiles"": 0}"
foul_leaves_5_team,team-quarter,2016-17,9840,optimization,LOOSE_BALL_FOUL_DRAWN,4,,0,Poisson,13955.14972793455,-6972.9777584722515,[],"{""lam"": 0.31290650406504067}",1,True,analytic_mle,0,1,0,-6972.9777584722515,0.0,0.0005876999930478632,"{""binomial_discrete_residual_mean"": null, ""binomial_discrete_residual_variance"": null, ""binomial_h_extension_used"": null, ""binomial_n_candidates"": 0, ""binomial_n_max"": null, ""binomial_n_min"": null, ""binomial_n_policy"": null, ""binomial_n_tie_break"": null, ""certified_profiles"": 1, ""solver_path"": ""analytic_root"", ""uncertified_profiles"": 0}"
foul_leaves_5_team,team-quarter,2016-17,9840,optimization,LOOSE_BALL_FOUL_DRAWN,4,,0,NB,13964.34443280699,-6972.978005413449,[],"{""p"": 0.9999899999997951, ""r"": 31290.338995930622}",2,True,optimizer_converged_lbfgsb,2,26,2,-6972.978005413454,5.4569682106375694e-12,0.028360399999655783,"{""binomial_discrete_residual_mean"": null, ""binomial_discrete_residual_variance"": null, ""binomial_h_extension_used"": null, ""binomial_n_candidates"": 0, ""binomial_n_max"": null, ""binomial_n_min"": null, ""binomial_n_policy"": null, ""binomial_n_tie_break"": null, ""certified_profiles"": 1, ""optimizer_powell_attempted"": false, ""optimizer_powell_success"": false, ""optimizer_primary_failed_starts"": 0, ""optimizer_primary_successful_starts"": 2, ""optimizer_results"": [{""fun"": 6972.978005413449, ""jac"": [9.094946265210054e-05, 0.0], ""message"": ""CONVERGENCE: REL_REDUCTION_OF_F_<=_FACTR*EPSMCH"", ""method"": ""L-BFGS-B"", ""nfev"": 12, ""nit"": 1, ""status"": 0, ""success"": true, ""x"": [10.351064670606497, 11.512915444437557]}, {""fun"": 6972.978005413449, ""jac"": [9.094946265210054e-05, 0.0], ""message"": ""CONVERGENCE: REL_REDUCTION_OF_F_<=_FACTR*EPSMCH"", ""method"": ""L-BFGS-B"", ""nfev"": 12, ""nit"": 1, ""status"": 0, ""success"": true, ""x"": [10.351064670606497, 11.512915444437557]}], ""solver_path"": ""general_convolution"", ""uncertified_profiles"": 0}"
foul_leaves_5_team,team-quarter,2016-17,9840,optimization,LOOSE_BALL_FOUL_DRAWN,4,,0,ZIP,13964.343938930535,-6972.977758475221,[],"{""lam"": 0.31290650537270964, ""rho"": 1.0000000000000007e-09}",2,True,optimizer_converged_lbfgsb,2,50,2,-6972.977758475225,3.637978807091713e-12,0.04195780004374683,"{""binomial_discrete_residual_mean"": null, ""binomial_discrete_residual_variance"": null, ""binomial_h_extension_used"": null, ""binomial_n_candidates"": 0, ""binomial_n_max"": null, ""binomial_n_min"": null, ""binomial_n_policy"": null, ""binomial_n_tie_break"": null, ""certified_profiles"": 1, ""optimizer_powell_attempted"": false, ""optimizer_powell_success"": false, ""optimizer_primary_failed_starts"": 0, ""optimizer_primary_successful_starts"": 2, ""optimizer_results"": [{""fun"": 6972.977758475221, ""jac"": [0.0001818989414600712, 0.0], ""message"": ""CONVERGENCE: REL_REDUCTION_OF_F_<=_FACTR*EPSMCH"", ""method"": ""L-BFGS-B"", ""nfev"": 24, ""nit"": 1, ""status"": 0, ""success"": true, ""x"": [-1.1618508379426942, -20.72326583594641]}, {""fun"": 6972.977758475221, ""jac"": [0.0001818989414600712, 0.0], ""message"": ""CONVERGENCE: REL_REDUCTION_OF_F_<=_FACTR*EPSMCH"", ""method"": ""L-BFGS-B"", ""nfev"": 24, ""nit"": 1, ""status"": 0, ""success"": true, ""x"": [-1.1618508379426942, -20.72326583594641]}], ""solver_path"": ""general_convolution"", ""uncertified_profiles"": 0}"
foul_leaves_5_team,team-quarter,2016-17,9840,optimization,LOOSE_BALL_FOUL_DRAWN,4,,0,Geom,14198.096276184071,-7094.451032597012,[],"{""p"": 0.7616688598188713}",1,True,analytic_mle,0,1,0,-7094.451032597012,0.0,0.0006486999918706715,"{""binomial_discrete_residual_mean"": null, ""binomial_discrete_residual_variance"": null, ""binomial_h_extension_used"": null, ""binomial_n_candidates"": 0, ""binomial_n_max"": null, ""binomial_n_min"": null, ""binomial_n_policy"": null, ""binomial_n_tie_break"": null, ""certified_profiles"": 1, ""solver_path"": ""analytic_root"", ""uncertified_profiles"": 0}"
foul_leaves_5_team,team-quarter,2016-17,9840,optimization,LOOSE_BALL_FOUL_DRAWN,4,,0,Binomial,13955.021748767887,-6972.9137688889205,[],"{""n"": 62, ""p"": 0.005046879097823236}",1,True,analytic_mle,0,1,0,-6972.9137688889205,0.0,0.001337599998805672,"{""binomial_discrete_residual_mean"": 0.31290650406504067, ""binomial_discrete_residual_variance"": 0.31133748719346965, ""binomial_h_extension_used"": false, ""binomial_n_candidates"": 1, ""binomial_n_max"": 62, ""binomial_n_min"": 62, ""binomial_n_policy"": ""paper_H_binomial_discrete_index_continuous_full_mle"", ""binomial_n_tie_break"": ""not_applicable_single_mom_index"", ""certified_profiles"": 1, ""solver_path"": ""analytic_root"", ""uncertified_profiles"": 0}"
foul_leaves_5_team,team-quarter,2016-17,9840,optimization,LOOSE_BALL_FOUL_DRAWN,4,,0,Bernoulli,inf,-inf,[],{},1,False,infeasible_root_support,0,0,0,-inf,0.0,2.8100039344280958e-05,"{""binomial_discrete_residual_mean"": null, ""binomial_discrete_residual_variance"": null, ""binomial_h_extension_used"": null, ""binomial_n_candidates"": 0, ""binomial_n_max"": null, ""binomial_n_min"": null, ""binomial_n_policy"": null, ""binomial_n_tie_break"": null, ""certified_profiles"": 0, ""solver_path"": ""analytic_root"", ""uncertified_profiles"": 0}"
foul_leaves_5_team,team-quarter,2016-17,9840,optimization,LOOSE_BALL_FOUL_DRAWN,4,FOUL,1,Poisson,13237.966935401033,-6609.78925671047,[0.06899101464975915],"{""lam"": 0.0}",2,True,poisson_convex_mle,7,16,2,-6614.090430065187,4.301173354717321,0.02191320003475994,"{""binomial_discrete_residual_mean"": null, ""binomial_discrete_residual_variance"": null, ""binomial_h_extension_used"": null, ""binomial_n_candidates"": 0, ""binomial_n_max"": null, ""binomial_n_min"": null, ""binomial_n_policy"": null, ""binomial_n_tie_break"": null, ""certified_profiles"": 1, ""optimizer_primary_failed_starts"": 0, ""optimizer_primary_successful_starts"": 2, ""optimizer_results"": [{""fun"": 6614.090430065187, ""jac"": [760.1312787864781, 2278.157743920643], ""message"": ""CONVERGENCE: REL_REDUCTION_OF_F_<=_FACTR*EPSMCH"", ""method"": ""L-BFGS-B"", ""nfev"": 3, ""nit"": 1, ""status"": 0, ""success"": true, ""x"": [0.0, 0.07270221407599076]}, {""fun"": 6609.78925671047, ""jac"": [271.7024049759497, -0.00010430205887956845], ""message"": ""CONVERGENCE: REL_REDUCTION_OF_F_<=_FACTR*EPSMCH"", ""method"": ""L-BFGS-B"", ""nfev"": 11, ""nit"": 6, ""status"": 0, ""success"": true, ""x"": [0.0, 0.06899101464975915]}], ""poisson_canonical_agreement_abs"": 0.0, ""solver_path"": ""poisson_convex"", ""uncertified_profiles"": 0}"
foul_leaves_5_team,team-quarter,2016-17,9840,optimization,LOOSE_BALL_FOUL_DRAWN,4,FOUL,1,NB,13247.16130076655,-6609.789333898205,[0.0689910685605663],"{""p"": 0.9999999829864311, ""r"": 16.696811993022635}",3,True,optimizer_converged_lbfgsb,33,178,2,-6614.098033187069,4.308699288863863,0.20214870001655072,"{""binomial_discrete_residual_mean"": null, ""binomial_discrete_residual_variance"": null, ""binomial_h_extension_used"": null, ""binomial_n_candidates"": 0, ""binomial_n_max"": null, ""binomial_n_min"": null, ""binomial_n_policy"": null, ""binomial_n_tie_break"": null, ""certified_profiles"": 1, ""optimizer_powell_attempted"": false, ""optimizer_powell_success"": false, ""optimizer_primary_failed_starts"": 0, ""optimizer_primary_successful_starts"": 2, ""optimizer_results"": [{""fun"": 6609.791972152117, ""jac"": [-0.0008185452320264815, 0.0026375346351428576, -0.0028194333422151166], ""message"": ""CONVERGENCE: REL_REDUCTION_OF_F_<=_FACTR*EPSMCH"", ""method"": ""L-BFGS-B"", ""nfev"": 28, ""nit"": 4, ""status"": 0, ""success"": true, ""x"": [0.06898886644916195, -0.00039557888088077696, 11.51330568784423]}, {""fun"": 6609.789333898205, ""jac"": [0.07730704969138992, 0.0, -0.00018189892530420107], ""message"": ""CONVERGENCE: REL_REDUCTION_OF_F_<=_FACTR*EPSMCH"", ""method"": ""L-BFGS-B"", ""nfev"": 148, ""nit"": 29, ""status"": 0, ""success"": true, ""x"": [0.0689910685605663, 2.815217802577849, 17.889254621357605]}], ""solver_path"": ""general_convolution"", ""uncertified_profiles"": 0}"
foul_leaves_5_team,team-quarter,2016-17,9840,optimization,LOOSE_BALL_FOUL_DRAWN,4,FOUL,1,ZIP,13247.161146445434,-6609.7892567376475,[0.06899100967342035],"{""lam"": 9.999999999999996e-11, ""rho"": 1.0000000000000007e-09}",3,True,optimizer_converged_lbfgsb,35,246,2,-6614.090430141201,4.301173403553548,0.20701879996340722,"{""binomial_discrete_residual_mean"": null, ""binomial_discrete_residual_variance"": null, ""binomial_h_extension_used"": null, ""binomial_n_candidates"": 0, ""binomial_n_max"": null, ""binomial_n_min"": null, ""binomial_n_policy"": null, ""binomial_n_tie_break"": null, ""certified_profiles"": 1, ""optimizer_powell_attempted"": false, ""optimizer_powell_success"": false, ""optimizer_primary_failed_starts"": 0, ""optimizer_primary_successful_starts"": 2, ""optimizer_results"": [{""fun"": 6609.7892567376475, ""jac"": [-0.0001818989404503292, 0.0, 0.0], ""message"": ""CONVERGENCE: REL_REDUCTION_OF_F_<=_FACTR*EPSMCH"", ""method"": ""L-BFGS-B"", ""nfev"": 28, ""nit"": 4, ""status"": 0, ""success"": true, ""x"": [0.06899100967342035, -23.025850929940457, -20.72326583594641]}, {""fun"": 6609.789257539103, ""jac"": [-0.05748006518230403, 0.0, 0.0], ""message"": ""CONVERGENCE: REL_REDUCTION_OF_F_<=_FACTR*EPSMCH"", ""method"": ""L-BFGS-B"", ""nfev"": 216, ""nit"": 31, ""status"": 0, ""success"": true, ""x"": [0.06899092044360648, -19.611628235261794, -20.72326594265908]}], ""solver_path"": ""general_convolution"", ""uncertified_profiles"": 0}"
foul_leaves_5_team,team-quarter,2016-17,9840,optimization,LOOSE_BALL_FOUL_DRAWN,4,FOUL,1,Geom,13237.966935944449,-6609.789256982178,[0.06899100950098347],"{""p"": 0.9999999990000092}",2,True,optimizer_converged_lbfgsb,32,125,2,-6614.09043082532,4.301173843142351,10.412950700032525,"{""binomial_discrete_residual_mean"": null, ""binomial_discrete_residual_variance"": null, ""binomial_h_extension_used"": null, ""binomial_n_candidates"": 0, ""binomial_n_max"": null, ""binomial_n_min"": null, ""binomial_n_policy"": null, ""binomial_n_tie_break"": null, ""certified_profiles"": 1, ""optimizer_powell_attempted"": false, ""optimizer_powell_success"": false, ""optimizer_primary_failed_starts"": 0, ""optimizer_primary_successful_starts"": 2, ""optimizer_results"": [{""fun"": 6609.789256982178, ""jac"": [-0.0001818989404503292, 0.0], ""message"": ""CONVERGENCE: REL_REDUCTION_OF_F_<=_FACTR*EPSMCH"", ""method"": ""L-BFGS-B"", ""nfev"": 21, ""nit"": 4, ""status"": 0, ""success"": true, ""x"": [0.06899100950098347, 20.723275170883195]}, {""fun"": 6609.789277999153, ""jac"": [0.006457412385986687, 0.0], ""message"": ""CONVERGENCE: REL_REDUCTION_OF_F_<=_FACTR*EPSMCH"", ""method"": ""L-BFGS-B"", ""nfev"": 102, ""nit"": 28, ""status"": 0, ""success"": true, ""x"": [0.06899100298253373, 16.362044226377442]}], ""solver_path"": ""general_convolution"", ""uncertified_profiles"": 0}"
foul_leaves_5_team,team-quarter,2016-17,9840,optimization,LOOSE_BALL_FOUL_DRAWN,4,FOUL,1,Binomial,13237.96693648786,-6609.789257253883,[0.0689910092930145],"{""n"": 2, ""p"": 1.000000000158409e-09}",2,True,optimizer_converged_lbfgsb,32,128,2,-6614.090431585451,4.301174331568291,0.20732320001116022,"{""binomial_discrete_residual_mean"": -0.01683202357697061, ""binomial_discrete_residual_variance"": -0.03992573989618582, ""binomial_h_extension_used"": true, ""binomial_n_candidates"": 1, ""binomial_n_max"": 2, ""binomial_n_min"": 2, ""binomial_n_policy"": ""paper_H_binomial_discrete_index_continuous_full_mle"", ""binomial_n_tie_break"": ""not_applicable_single_mom_index"", ""certified_profiles"": 1, ""optimizer_powell_attempted"": false, ""optimizer_powell_success"": false, ""optimizer_primary_failed_starts"": 0, ""optimizer_primary_successful_starts"": 2, ""optimizer_results"": [{""fun"": 6609.789257253883, ""jac"": [-0.0001818989404503292, -9.094946265210054e-05], ""message"": ""CONVERGENCE: REL_REDUCTION_OF_F_<=_FACTR*EPSMCH"", ""method"": ""L-BFGS-B"", ""nfev"": 21, ""nit"": 4, ""status"": 0, ""success"": true, ""x"": [0.0689910092930145, -20.723265835788002]}, {""fun"": 6609.78929694247, ""jac"": [0.06511982068121785, -9.094946265210054e-05], ""message"": ""CONVERGENCE: REL_REDUCTION_OF_F_<=_FACTR*EPSMCH"", ""method"": ""L-BFGS-B"", ""nfev"": 105, ""nit"": 28, ""status"": 0, ""success"": true, ""x"": [0.06899107883988503, -16.41877801044331]}], ""solver_path"": ""general_convolution"", ""uncertified_profiles"": 0}"
foul_leaves_5_team,team-quarter,2016-17,9840,optimization,LOOSE_BALL_FOUL_DRAWN,4,FOUL,1,Bernoulli,13237.966935944449,-6609.789256982178,[0.06899100968094835],"{""p"": 1.000000000133849e-09}",2,True,optimizer_converged_lbfgsb,34,140,2,-6614.090430825318,4.301173843140532,0.24472929997136816,"{""binomial_discrete_residual_mean"": null, ""binomial_discrete_residual_variance"": null, ""binomial_h_extension_used"": null, ""binomial_n_candidates"": 0, ""binomial_n_max"": null, ""binomial_n_min"": null, ""binomial_n_policy"": null, ""binomial_n_tie_break"": null, ""certified_profiles"": 1, ""optimizer_powell_attempted"": false, ""optimizer_powell_success"": false, ""optimizer_primary_failed_starts"": 0, ""optimizer_primary_successful_starts"": 2, ""optimizer_results"": [{""fun"": 6609.789256982178, ""jac"": [0.0001818989404503292, 0.0], ""message"": ""CONVERGENCE: REL_REDUCTION_OF_F_<=_FACTR*EPSMCH"", ""method"": ""L-BFGS-B"", ""nfev"": 21, ""nit"": 4, ""status"": 0, ""success"": true, ""x"": [0.06899100968094835, -20.723265835812562]}, {""fun"": 6609.7892883862805, ""jac"": [0.00027284841067549384, 0.0], ""message"": ""CONVERGENCE: REL_REDUCTION_OF_F_<=_FACTR*EPSMCH"", ""method"": ""L-BFGS-B"", ""nfev"": 117, ""nit"": 30, ""status"": 0, ""success"": true, ""x"": [0.06899098504622024, -15.964665970043717]}], ""solver_path"": ""general_convolution"", ""uncertified_profiles"": 0}"
foul_leaves_5_team,team-quarter,2016-17,9840,optimization,LOOSE_BALL_FOUL_DRAWN,4,FTA,2,Poisson,13853.407576978465,-6917.509577499186,[0.01581727559337842],"{""lam"": 0.2224538698702361}",2,True,poisson_convex_mle,12,21,2,-6917.915165291499,0.4055877923128719,0.029173199960496277,"{""binomial_discrete_residual_mean"": null, ""binomial_discrete_residual_variance"": null, ""binomial_h_extension_used"": null, ""binomial_n_candidates"": 0, ""binomial_n_max"": null, ""binomial_n_min"": null, ""binomial_n_policy"": null, ""binomial_n_tie_break"": null, ""certified_profiles"": 1, ""optimizer_primary_failed_starts"": 0, ""optimizer_primary_successful_starts"": 2, ""optimizer_results"": [{""fun"": 6917.509577499186, ""jac"": [-1.2352082232602868e-05, -0.00017791369761610554], ""message"": ""CONVERGENCE: REL_REDUCTION_OF_F_<=_FACTR*EPSMCH"", ""method"": ""L-BFGS-B"", ""nfev"": 7, ""nit"": 5, ""status"": 0, ""success"": true, ""x"": [0.2224538698702361, 0.01581727559337842]}, {""fun"": 6917.509577499186, ""jac"": [-8.19693286402412e-06, 1.7450354967252224e-05], ""message"": ""CONVERGENCE: REL_REDUCTION_OF_F_<=_FACTR*EPSMCH"", ""method"": ""L-BFGS-B"", ""nfev"": 12, ""nit"": 7, ""status"": 0, ""success"": true, ""x"": [0.22245386791483976, 0.01581727600665626]}], ""poisson_canonical_agreement_abs"": 0.0, ""solver_path"": ""poisson_convex"", ""uncertified_profiles"": 0}"
foul_leaves_5_team,team-quarter,2016-17,9840,optimization,LOOSE_BALL_FOUL_DRAWN,4,FTA,2,NB,13862.602753220612,-6917.510060125236,[0.015817309655351997],"{""p"": 0.9999905489197712, ""r"": 23537.160719933723}",3,True,optimizer_converged_lbfgsb,17,94,2,-6917.915655070932,0.40559494569606613,0.1079180000233464,"{""binomial_discrete_residual_mean"": null, ""binomial_discrete_residual_variance"": null, ""binomial_h_extension_used"": null, ""binomial_n_candidates"": 0, ""binomial_n_max"": null, ""binomial_n_min"": null, ""binomial_n_policy"": null, ""binomial_n_tie_break"": null, ""certified_profiles"": 1, ""optimizer_powell_attempted"": false, ""optimizer_powell_success"": false, ""optimizer_primary_failed_starts"": 0, ""optimizer_primary_successful_starts"": 2, ""optimizer_results"": [{""fun"": 6917.510097332368, ""jac"": [0.002728484104861672, 0.0, 0.00018189892530420107], ""message"": ""CONVERGENCE: REL_REDUCTION_OF_F_<=_FACTR*EPSMCH"", ""method"": ""L-BFGS-B"", ""nfev"": 28, ""nit"": 5, ""status"": 0, ""success"": true, ""x"": [0.015817324132174675, 9.992087364635985, 11.49512411930035]}, {""fun"": 6917.510060125236, ""jac"": [0.0022737367540513935, -0.00036379785060840214, -0.00027284838795630165], ""message"": ""CONVERGENCE: REL_REDUCTION_OF_F_<=_FACTR*EPSMCH"", ""method"": ""L-BFGS-B"", ""nfev"": 64, ""nit"": 12, ""status"": 0, ""success"": true, ""x"": [0.015817309655351997, 10.066335758413668, 11.569372061947721]}], ""solver_path"": ""general_convolution"", ""uncertified_profiles"": 0}"
foul_leaves_5_team,team-quarter,2016-17,9840,optimization,LOOSE_BALL_FOUL_DRAWN,4,FTA,2,ZIP,13862.60178798508,-6917.509577507471,[0.015817268864216107],"{""lam"": 0.22245393703413863, ""rho"": 1.0000000007882128e-09}",3,True,optimizer_converged_lbfgsb,18,98,2,-6917.915165306065,0.4055877985947518,0.09341159998439252,"{""binomial_discrete_residual_mean"": null, ""binomial_discrete_residual_variance"": null, ""binomial_h_extension_used"": null, ""binomial_n_candidates"": 0, ""binomial_n_max"": null, ""binomial_n_min"": null, ""binomial_n_policy"": null, ""binomial_n_tie_break"": null, ""certified_profiles"": 1, ""optimizer_powell_attempted"": false, ""optimizer_powell_success"": false, ""optimizer_primary_failed_starts"": 0, ""optimizer_primary_successful_starts"": 2, ""optimizer_results"": [{""fun"": 6917.509577507471, ""jac"": [0.008640199665395296, 0.00027284841219010677, 0.0], ""message"": ""CONVERGENCE: REL_REDUCTION_OF_F_<=_FACTR*EPSMCH"", ""method"": ""L-BFGS-B"", ""nfev"": 28, ""nit"": 5, ""status"": 0, ""success"": true, ""x"": [0.015817268864216107, -1.5030352233740547, -20.723265835158198]}, {""fun"": 6917.5095775075215, ""jac"": [0.002364686224213449, 0.00027284841219010677, 0.0], ""message"": ""CONVERGENCE: REL_REDUCTION_OF_F_<=_FACTR*EPSMCH"", ""method"": ""L-BFGS-B"", ""nfev"": 68, ""nit"": 13, ""status"": 0, ""success"": true, ""x"": [0.015817257574063555, -1.5030350101718872, -20.7232658358545]}], ""solver_path"": ""general_convolution"", ""uncertified_profiles"": 0}"
foul_leaves_5_team,team-quarter,2016-17,9840,optimization,LOOSE_BALL_FOUL_DRAWN,4,FTA,2,Geom,13932.432496556587,-6957.022037288247,[0.021299190047884786],"{""p"": 0.8395565172541505}",2,True,optimizer_converged_lbfgsb,28,107,2,-6961.768844106778,4.746806818530786,0.20307719998527318,"{""binomial_discrete_residual_mean"": null, ""binomial_discrete_residual_variance"": null, ""binomial_h_extension_used"": null, ""binomial_n_candidates"": 0, ""binomial_n_max"": null, ""binomial_n_min"": null, ""binomial_n_policy"": null, ""binomial_n_tie_break"": null, ""certified_profiles"": 1, ""optimizer_powell_attempted"": false, ""optimizer_powell_success"": false, ""optimizer_primary_failed_starts"": 0, ""optimizer_primary_successful_starts"": 2, ""optimizer_results"": [{""fun"": 6957.022037288288, ""jac"": [0.0031832314556719506, 0.0], ""message"": ""CONVERGENCE: REL_REDUCTION_OF_F_<=_FACTR*EPSMCH"", ""method"": ""L-BFGS-B"", ""nfev"": 51, ""nit"": 13, ""status"": 0, ""success"": true, ""x"": [0.021299179378615307, 1.65493181687994]}, {""fun"": 6957.022037288247, ""jac"": [0.009276845956529686, -9.09494707300356e-05], ""message"": ""CONVERGENCE: REL_REDUCTION_OF_F_<=_FACTR*EPSMCH"", ""method"": ""L-BFGS-B"", ""nfev"": 54, ""nit"": 15, ""status"": 0, ""success"": true, ""x"": [0.021299190047884786, 1.6549320486376051]}], ""solver_path"": ""general_convolution"", ""uncertified_profiles"": 0}"
foul_leaves_5_team,team-quarter,2016-17,9840,optimization,LOOSE_BALL_FOUL_DRAWN,4,FTA,2,Binomial,13852.66192891197,-6917.136753465938,[0.015834369398736153],"{""n"": 8, ""p"": 0.0277945137972738}",2,True,optimizer_converged_lbfgsb,19,74,2,-6917.543719684121,0.406966218182788,0.09872810001252219,"{""binomial_discrete_residual_mean"": 0.21467410335872386, ""binomial_discrete_residual_variance"": 0.2091555436147887, ""binomial_h_extension_used"": false, ""binomial_n_candidates"": 1, ""binomial_n_max"": 8, ""binomial_n_min"": 8, ""binomial_n_policy"": ""paper_H_binomial_discrete_index_continuous_full_mle"", ""binomial_n_tie_break"": ""not_applicable_single_mom_index"", ""certified_profiles"": 1, ""optimizer_powell_attempted"": false, ""optimizer_powell_success"": false, ""optimizer_primary_failed_starts"": 0, ""optimizer_primary_successful_starts"": 2, ""optimizer_results"": [{""fun"": 6917.136753465938, ""jac"": [0.002364686224213449, 0.0], ""message"": ""CONVERGENCE: REL_REDUCTION_OF_F_<=_FACTR*EPSMCH"", ""method"": ""L-BFGS-B"", ""nfev"": 21, ""nit"": 5, ""status"": 0, ""success"": true, ""x"": [0.015834369398736153, -3.5547285318761777]}, {""fun"": 6917.136753465944, ""jac"": [0.00018189894032411146, 0.0], ""message"": ""CONVERGENCE: REL_REDUCTION_OF_F_<=_FACTR*EPSMCH"", ""method"": ""L-BFGS-B"", ""nfev"": 51, ""nit"": 14, ""status"": 0, ""success"": true, ""x"": [0.015834368600995578, -3.55472855672083]}], ""solver_path"": ""general_convolution"", ""uncertified_profiles"": 0}"
foul_leaves_5_team,team-quarter,2016-17,9840,optimization,LOOSE_BALL_FOUL_DRAWN,4,FTA,2,Bernoulli,inf,-inf,[],{},2,False,infeasible_conditional_support,0,0,0,-inf,0.0,5.989999044686556e-05,"{""binomial_discrete_residual_mean"": null, ""binomial_discrete_residual_variance"": null, ""binomial_h_extension_used"": null, ""binomial_n_candidates"": 0, ""binomial_n_max"": null, ""binomial_n_min"": null, ""binomial_n_policy"": null, ""binomial_n_tie_break"": null, ""certified_profiles"": 0, ""solver_path"": ""conditional_support_check"", ""support_violating_rows"": 15, ""uncertified_profiles"": 0}"
foul_leaves_5_team,team-quarter,2016-17,9840,optimization,LOOSE_BALL_FOUL_DRAWN,4,FOUL;FTA,3,Poisson,13980.960472447567,-6976.688919738714,"[0.10836102273778445, 0.0]","{""lam"": 0.0}",3,True,poisson_convex_mle,2,8,2,-6976.688919738714,0.0,0.007950600003823638,"{""binomial_discrete_residual_mean"": null, ""binomial_discrete_residual_variance"": null, ""binomial_h_extension_used"": null, ""binomial_n_candidates"": 0, ""binomial_n_max"": null, ""binomial_n_min"": null, ""binomial_n_policy"": null, ""binomial_n_tie_break"": null, ""certified_profiles"": 1, ""optimizer_primary_failed_starts"": 1, ""optimizer_primary_successful_starts"": 1, ""optimizer_results"": [{""fun"": 8254.332058501746, ""jac"": [5880.252732324056, 26159.720646270427, 36152.996563236746], ""message"": ""CONVERGENCE: REL_REDUCTION_OF_F_<=_FACTR*EPSMCH"", ""method"": ""L-BFGS-B"", ""nfev"": 3, ""nit"": 1, ""status"": 0, ""success"": true, ""x"": [0.0, 0.1667092657504376, 0.0]}, {""fun"": 6976.688919738714, ""jac"": [3748.081126652373, 16214.724071185028, 25320.22548190258], ""message"": ""CONVERGENCE: REL_REDUCTION_OF_F_<=_FACTR*EPSMCH"", ""method"": ""L-BFGS-B"", ""nfev"": 3, ""nit"": 1, ""status"": 0, ""success"": true, ""x"": [0.0, 0.10836102273778445, 0.0]}], ""poisson_canonical_agreement_abs"": 0.0, ""solver_path"": ""poisson_convex"", ""uncertified_profiles"": 0}"
foul_leaves_5_team,team-quarter,2016-17,9840,optimization,LOOSE_BALL_FOUL_DRAWN,4,FOUL;FTA,3,NB,13256.360430117198,-6609.791793078506,"[0.0689890060243172, 0.0]","{""p"": 0.9999903375002884, ""r"": 0.9659309551504243}",4,True,optimizer_converged_lbfgsb,12,87,2,-6976.726401294271,366.93460821576537,0.09990149998338893,"{""binomial_discrete_residual_mean"": null, ""binomial_discrete_residual_variance"": null, ""binomial_h_extension_used"": null, ""binomial_n_candidates"": 0, ""binomial_n_max"": null, ""binomial_n_min"": null, ""binomial_n_policy"": null, ""binomial_n_tie_break"": null, ""certified_profiles"": 1, ""optimizer_powell_attempted"": false, ""optimizer_powell_success"": false, ""optimizer_primary_failed_starts"": 0, ""optimizer_primary_successful_starts"": 2, ""optimizer_results"": [{""fun"": 6609.791793078506, ""jac"": [-0.0018189894045032922, 7657.88599892403, 0.002819433575023728, -0.0025465849542588154], ""message"": ""CONVERGENCE: REL_REDUCTION_OF_F_<=_FACTR*EPSMCH"", ""method"": ""L-BFGS-B"", ""nfev"": 50, ""nit"": 7, ""status"": 0, ""success"": true, ""x"": [0.0689890060243172, 0.0, -0.034662922323639385, 11.547248511363327]}, {""fun"": 6609.791901335792, ""jac"": [-0.002091837815178786, 7657.879450562177, 0.0026375346351571556, -0.002637534416910916], ""message"": ""CONVERGENCE: REL_REDUCTION_OF_F_<=_FACTR*EPSMCH"", ""method"": ""L-BFGS-B"", ""nfev"": 35, ""nit"": 5, ""status"": 0, ""success"": true, ""x"": [0.06898892028825349, 0.0, -0.013657845628844359, 11.526464172460198]}], ""solver_path"": ""general_convolution"", ""uncertified_profiles"": 0}"
foul_leaves_5_team,team-quarter,2016-17,9840,optimization,LOOSE_BALL_FOUL_DRAWN,4,FOUL;FTA,3,ZIP,13256.355357435481,-6609.7892567376475,"[0.06899100968925725, 0.0]","{""lam"": 9.999999999999996e-11, ""rho"": 1.0000000000000007e-09}",4,True,optimizer_converged_lbfgsb,12,87,2,-6976.688920113521,366.8996633758734,0.06395570002496243,"{""binomial_discrete_residual_mean"": null, ""binomial_discrete_residual_variance"": null, ""binomial_h_extension_used"": null, ""binomial_n_candidates"": 0, ""binomial_n_max"": null, ""binomial_n_min"": null, ""binomial_n_policy"": null, ""binomial_n_tie_break"": null, ""certified_profiles"": 1, ""optimizer_powell_attempted"": false, ""optimizer_powell_success"": false, ""optimizer_primary_failed_starts"": 0, ""optimizer_primary_successful_starts"": 2, ""optimizer_results"": [{""fun"": 6609.7892567376475, ""jac"": [0.0, 7658.038884983398, 0.0, 0.0], ""message"": ""CONVERGENCE: NORM_OF_PROJECTED_GRADIENT_<=_PGTOL"", ""method"": ""L-BFGS-B"", ""nfev"": 50, ""nit"": 7, ""status"": 0, ""success"": true, ""x"": [0.06899100968925725, 0.0, -23.025850929940457, -20.72326583594641]}, {""fun"": 6609.789256737651, ""jac"": [-0.0007275957618013168, 7658.038157387637, 0.0, 0.0], ""message"": ""CONVERGENCE: REL_REDUCTION_OF_F_<=_FACTR*EPSMCH"", ""method"": ""L-BFGS-B"", ""nfev"": 35, ""nit"": 5, ""status"": 0, ""success"": true, ""x"": [0.06899100885871602, 0.0, -23.025850929940457, -20.72326583594641]}], ""solver_path"": ""general_convolution"", ""uncertified_profiles"": 0}"
foul_leaves_5_team,team-quarter,2016-17,9840,optimization,LOOSE_BALL_FOUL_DRAWN,4,FOUL;FTA,3,Geom,13247.161146934499,-6609.78925698218,"[0.06899100939416325, 0.0]","{""p"": 0.9999999989999999}",3,True,optimizer_converged_lbfgsb,12,70,2,-6976.688923486795,366.8996665046152,10.797805999987759,"{""binomial_discrete_residual_mean"": null, ""binomial_discrete_residual_variance"": null, ""binomial_h_extension_used"": null, ""binomial_n_candidates"": 0, ""binomial_n_max"": null, ""binomial_n_min"": null, ""binomial_n_policy"": null, ""binomial_n_tie_break"": null, ""certified_profiles"": 1, ""optimizer_powell_attempted"": false, ""optimizer_powell_success"": false, ""optimizer_primary_failed_starts"": 0, ""optimizer_primary_successful_starts"": 2, ""optimizer_results"": [{""fun"": 6609.78925698218, ""jac"": [-0.0001818989404503292, 7658.038884983398, 0.0], ""message"": ""CONVERGENCE: REL_REDUCTION_OF_F_<=_FACTR*EPSMCH"", ""method"": ""L-BFGS-B"", ""nfev"": 40, ""nit"": 7, ""status"": 0, ""success"": true, ""x"": [0.06899100939416325, 0.0, 20.723265864612383]}, {""fun"": 6609.789256982182, ""jac"": [-0.0005456968213509877, 7658.038339286577, 9.094946265210054e-05], ""message"": ""CONVERGENCE: REL_REDUCTION_OF_F_<=_FACTR*EPSMCH"", ""method"": ""L-BFGS-B"", ""nfev"": 28, ""nit"": 5, ""status"": 0, ""success"": true, ""x"": [0.0689910086366389, 0.0, 20.72326586432552]}], ""solver_path"": ""general_convolution"", ""uncertified_profiles"": 0}"
foul_leaves_5_team,team-quarter,2016-17,9840,optimization,LOOSE_BALL_FOUL_DRAWN,4,FOUL;FTA,3,Binomial,13247.1611474779,-6609.78925725388,"[0.06899100956714735, 0.0]","{""n"": 2, ""p"": 1.0000000000000007e-09}",3,True,optimizer_converged_lbfgsb,13,74,2,-6976.688927234876,366.8996699809959,0.11772219999693334,"{""binomial_discrete_residual_mean"": -0.4431979493065324, ""binomial_discrete_residual_variance"": -0.5579447796376974, ""binomial_h_extension_used"": true, ""binomial_n_candidates"": 1, ""binomial_n_max"": 2, ""binomial_n_min"": 2, ""binomial_n_policy"": ""paper_H_binomial_discrete_index_continuous_full_mle"", ""binomial_n_tie_break"": ""not_applicable_single_mom_index"", ""certified_profiles"": 1, ""optimizer_powell_attempted"": false, ""optimizer_powell_success"": false, ""optimizer_primary_failed_starts"": 0, ""optimizer_primary_successful_starts"": 2, ""optimizer_results"": [{""fun"": 6609.78925725388, ""jac"": [0.0001818989404503292, 7658.039066882338, 0.0], ""message"": ""CONVERGENCE: REL_REDUCTION_OF_F_<=_FACTR*EPSMCH"", ""method"": ""L-BFGS-B"", ""nfev"": 40, ""nit"": 7, ""status"": 0, ""success"": true, ""x"": [0.06899100956714735, 0.0, -20.72326583594641]}, {""fun"": 6609.789257253882, ""jac"": [0.0, 7658.038884983398, 0.0], ""message"": ""CONVERGENCE: NORM_OF_PROJECTED_GRADIENT_<=_PGTOL"", ""method"": ""L-BFGS-B"", ""nfev"": 32, ""nit"": 6, ""status"": 0, ""success"": true, ""x"": [0.0689910093591089, 0.0, -20.723265835735095]}], ""solver_path"": ""general_convolution"", ""uncertified_profiles"": 0}"
foul_leaves_5_team,team-quarter,2016-17,9840,optimization,LOOSE_BALL_FOUL_DRAWN,4,FOUL;FTA,3,Bernoulli,13247.161146934499,-6609.78925698218,"[0.0689910096582976, 0.0]","{""p"": 1.0000000000582119e-09}",3,True,optimizer_converged_lbfgsb,13,74,2,-6976.688923486795,366.8996665046152,0.12243300001136959,"{""binomial_discrete_residual_mean"": null, ""binomial_discrete_residual_variance"": null, ""binomial_h_extension_used"": null, ""binomial_n_candidates"": 0, ""binomial_n_max"": null, ""binomial_n_min"": null, ""binomial_n_policy"": null, ""binomial_n_tie_break"": null, ""certified_profiles"": 1, ""optimizer_powell_attempted"": false, ""optimizer_powell_success"": false, ""optimizer_primary_failed_starts"": 0, ""optimizer_primary_successful_starts"": 2, ""optimizer_results"": [{""fun"": 6609.78925698218, ""jac"": [0.0, 7658.038975932868, 0.0], ""message"": ""CONVERGENCE: NORM_OF_PROJECTED_GRADIENT_<=_PGTOL"", ""method"": ""L-BFGS-B"", ""nfev"": 40, ""nit"": 7, ""status"": 0, ""success"": true, ""x"": [0.0689910096582976, 0.0, -20.7232658358882]}, {""fun"": 6609.78925698218, ""jac"": [-9.09494702251646e-05, 7658.038794033928, 0.0], ""message"": ""CONVERGENCE: REL_REDUCTION_OF_F_<=_FACTR*EPSMCH"", ""method"": ""L-BFGS-B"", ""nfev"": 32, ""nit"": 6, ""status"": 0, ""success"": true, ""x"": [0.06899100945748358, 0.0, -20.72326583594641]}], ""solver_path"": ""general_convolution"", ""uncertified_profiles"": 0}"
foul_leaves_5_team,team-quarter,2016-17,9840,optimization,LOOSE_BALL_FOUL_DRAWN,4,FTM,4,Poisson,13880.82197806031,-6931.216778040109,[0.01684569276548092],"{""lam"": 0.23855262922963055}",2,True,poisson_convex_mle,11,20,2,-6931.380494918501,0.16371687839273363,0.024625500023830682,"{""binomial_discrete_residual_mean"": null, ""binomial_discrete_residual_variance"": null, ""binomial_h_extension_used"": null, ""binomial_n_candidates"": 0, ""binomial_n_max"": null, ""binomial_n_min"": null, ""binomial_n_policy"": null, ""binomial_n_tie_break"": null, ""certified_profiles"": 1, ""optimizer_primary_failed_starts"": 0, ""optimizer_primary_successful_starts"": 2, ""optimizer_results"": [{""fun"": 6931.216778040109, ""jac"": [-1.755044323203947e-06, 1.3570357435099822e-05], ""message"": ""CONVERGENCE: REL_REDUCTION_OF_F_<=_FACTR*EPSMCH"", ""method"": ""L-BFGS-B"", ""nfev"": 7, ""nit"": 5, ""status"": 0, ""success"": true, ""x"": [0.23855262922963055, 0.01684569276548092]}, {""fun"": 6931.216778040109, ""jac"": [7.065328665589732e-05, 0.00017987131132457534], ""message"": ""CONVERGENCE: REL_REDUCTION_OF_F_<=_FACTR*EPSMCH"", ""method"": ""L-BFGS-B"", ""nfev"": 11, ""nit"": 6, ""status"": 0, ""success"": true, ""x"": [0.23855263315102893, 0.016845692339253558]}], ""poisson_canonical_agreement_abs"": 0.0, ""solver_path"": ""poisson_convex"", ""uncertified_profiles"": 0}"
foul_leaves_5_team,team-quarter,2016-17,9840,optimization,LOOSE_BALL_FOUL_DRAWN,4,FTM,4,NB,13890.017019368188,-6931.217193199024,[0.016845724778944186],"{""p"": 0.9999904487743407, ""r"": 24975.87792971701}",3,True,optimizer_converged_lbfgsb,14,86,2,-6931.380919309556,0.16372611053157016,0.11316830001305789,"{""binomial_discrete_residual_mean"": null, ""binomial_discrete_residual_variance"": null, ""binomial_h_extension_used"": null, ""binomial_n_candidates"": 0, ""binomial_n_max"": null, ""binomial_n_min"": null, ""binomial_n_policy"": null, ""binomial_n_tie_break"": null, ""certified_profiles"": 1, ""optimizer_powell_attempted"": false, ""optimizer_powell_success"": false, ""optimizer_primary_failed_starts"": 0, ""optimizer_primary_successful_starts"": 2, ""optimizer_results"": [{""fun"": 6931.217217079009, ""jac"": [-0.005729816620209512, -0.0007275957012168043, 0.00027284838795630165], ""message"": ""CONVERGENCE: REL_REDUCTION_OF_F_<=_FACTR*EPSMCH"", ""method"": ""L-BFGS-B"", ""nfev"": 24, ""nit"": 4, ""status"": 0, ""success"": true, ""x"": [0.016845727883316366, 10.069756963533624, 11.50292308544578]}, {""fun"": 6931.217193199024, ""jac"": [0.003456079866158118, -9.094946265210054e-05, -0.00027284838795630165], ""message"": ""CONVERGENCE: REL_REDUCTION_OF_F_<=_FACTR*EPSMCH"", ""method"": ""L-BFGS-B"", ""nfev"": 60, ""nit"": 10, ""status"": 0, ""success"": true, ""x"": [0.016845724778944186, 10.125665755239947, 11.558831519144166]}], ""solver_path"": ""general_convolution"", ""uncertified_profiles"": 0}"
foul_leaves_5_team,team-quarter,2016-17,9840,optimization,LOOSE_BALL_FOUL_DRAWN,4,FTM,4,ZIP,13890.01618906548,-6931.21677804767,[0.016845679040367656],"{""lam"": 0.23855268159656617, ""rho"": 1.0000000000000007e-09}",3,True,optimizer_converged_lbfgsb,15,86,2,-6931.3804949297455,0.16371688207527768,0.07732889999169856,"{""binomial_discrete_residual_mean"": null, ""binomial_discrete_residual_variance"": null, ""binomial_h_extension_used"": null, ""binomial_n_candidates"": 0, ""binomial_n_max"": null, ""binomial_n_min"": null, ""binomial_n_policy"": null, ""binomial_n_tie_break"": null, ""certified_profiles"": 1, ""optimizer_powell_attempted"": false, ""optimizer_powell_success"": false, ""optimizer_primary_failed_starts"": 0, ""optimizer_primary_successful_starts"": 2, ""optimizer_results"": [{""fun"": 6931.21677804767, ""jac"": [-0.00018189894032411146, 0.0, 0.0], ""message"": ""CONVERGENCE: REL_REDUCTION_OF_F_<=_FACTR*EPSMCH"", ""method"": ""L-BFGS-B"", ""nfev"": 24, ""nit"": 4, ""status"": 0, ""success"": true, ""x"": [0.016845679040367656, -1.4331651058483839, -20.72326583594641]}, {""fun"": 6931.216778047851, ""jac"": [0.02173692336873132, 0.0008185452365703204, 0.0], ""message"": ""CONVERGENCE: REL_REDUCTION_OF_F_<=_FACTR*EPSMCH"", ""method"": ""L-BFGS-B"", ""nfev"": 60, ""nit"": 11, ""status"": 0, ""success"": true, ""x"": [0.01684571107400174, -1.433165207421853, -20.723265906321096]}], ""solver_path"": ""general_convolution"", ""uncertified_profiles"": 0}"
foul_leaves_5_team,team-quarter,2016-17,9840,optimization,LOOSE_BALL_FOUL_DRAWN,4,FTM,4,Geom,13974.866655172806,-6978.239116596356,[0.024193971975269877],"{""p"": 0.8291058913361691}",2,True,optimizer_converged_lbfgsb,27,104,2,-6985.422312505058,7.1831959087012365,0.2181781000108458,"{""binomial_discrete_residual_mean"": null, ""binomial_discrete_residual_variance"": null, ""binomial_h_extension_used"": null, ""binomial_n_candidates"": 0, ""binomial_n_max"": null, ""binomial_n_min"": null, ""binomial_n_policy"": null, ""binomial_n_tie_break"": null, ""certified_profiles"": 1, ""optimizer_powell_attempted"": false, ""optimizer_powell_success"": false, ""optimizer_primary_failed_starts"": 0, ""optimizer_primary_successful_starts"": 2, ""optimizer_results"": [{""fun"": 6978.239116596378, ""jac"": [0.015097612046901252, -0.0007275957658402848], ""message"": ""CONVERGENCE: REL_REDUCTION_OF_F_<=_FACTR*EPSMCH"", ""method"": ""L-BFGS-B"", ""nfev"": 48, ""nit"": 12, ""status"": 0, ""success"": true, ""x"": [0.02419397352429062, 1.57930291494391]}, {""fun"": 6978.239116596356, ""jac"": [-0.0041836756274545635, 0.0006366462951102491], ""message"": ""CONVERGENCE: REL_REDUCTION_OF_F_<=_FACTR*EPSMCH"", ""method"": ""L-BFGS-B"", ""nfev"": 54, ""nit"": 15, ""status"": 0, ""success"": true, ""x"": [0.024193971975269877, 1.5793037636875378]}], ""solver_path"": ""general_convolution"", ""uncertified_profiles"": 0}"
foul_leaves_5_team,team-quarter,2016-17,9840,optimization,LOOSE_BALL_FOUL_DRAWN,4,FTM,4,Binomial,13880.289369246228,-6930.950473633067,[0.01684950538003891],"{""n"": 12, ""p"": 0.01987798244058813}",2,True,optimizer_converged_lbfgsb,16,68,2,-6931.115917529182,0.16544389611499355,0.12065729999449104,"{""binomial_discrete_residual_mean"": 0.23383068631480008, ""binomial_discrete_residual_variance"": 0.22934340050326232, ""binomial_h_extension_used"": false, ""binomial_n_candidates"": 1, ""binomial_n_max"": 12, ""binomial_n_min"": 12, ""binomial_n_policy"": ""paper_H_binomial_discrete_index_continuous_full_mle"", ""binomial_n_tie_break"": ""not_applicable_single_mom_index"", ""certified_profiles"": 1, ""optimizer_powell_attempted"": false, ""optimizer_powell_success"": false, ""optimizer_primary_failed_starts"": 0, ""optimizer_primary_successful_starts"": 2, ""optimizer_results"": [{""fun"": 6930.950473633067, ""jac"": [0.0008185452314585016, -9.09494707300356e-05], ""message"": ""CONVERGENCE: REL_REDUCTION_OF_F_<=_FACTR*EPSMCH"", ""method"": ""L-BFGS-B"", ""nfev"": 18, ""nit"": 4, ""status"": 0, ""success"": true, ""x"": [0.01684950538003891, -3.8980643624415214]}, {""fun"": 6930.950473633171, ""jac"": [0.0016370904629170032, 0.00027284841219010677], ""message"": ""CONVERGENCE: REL_REDUCTION_OF_F_<=_FACTR*EPSMCH"", ""method"": ""L-BFGS-B"", ""nfev"": 48, ""nit"": 12, ""status"": 0, ""success"": true, ""x"": [0.01684948723273565, -3.898063863341971]}], ""solver_path"": ""general_convolution"", ""uncertified_profiles"": 0}"
foul_leaves_5_team,team-quarter,2016-17,9840,optimization,LOOSE_BALL_FOUL_DRAWN,4,FTM,4,Bernoulli,inf,-inf,[],{},2,False,infeasible_conditional_support,0,0,0,-inf,0.0,6.290001329034567e-05,"{""binomial_discrete_residual_mean"": null, ""binomial_discrete_residual_variance"": null, ""binomial_h_extension_used"": null, ""binomial_n_candidates"": 0, ""binomial_n_max"": null, ""binomial_n_min"": null, ""binomial_n_policy"": null, ""binomial_n_tie_break"": null, ""certified_profiles"": 0, ""solver_path"": ""conditional_support_check"", ""support_violating_rows"": 22, ""uncertified_profiles"": 0}"
foul_leaves_5_team,team-quarter,2016-17,9840,optimization,LOOSE_BALL_FOUL_DRAWN,4,FOUL;FTM,5,Poisson,13467.975445848379,-6720.1964064391195,"[0.08915150476606613, 0.0]","{""lam"": 0.0}",3,True,poisson_convex_mle,2,8,2,-6720.1964064391195,0.0,0.0123786999611184,"{""binomial_discrete_residual_mean"": null, ""binomial_discrete_residual_variance"": null, ""binomial_h_extension_used"": null, ""binomial_n_candidates"": 0, ""binomial_n_max"": null, ""binomial_n_min"": null, ""binomial_n_policy"": null, ""binomial_n_tie_break"": null, ""certified_profiles"": 1, ""optimizer_primary_failed_starts"": 1, ""optimizer_primary_successful_starts"": 1, ""optimizer_results"": [{""fun"": 7536.215618823788, ""jac"": [5027.044068023011, 22180.13606605336, 24714.422089563508], ""message"": ""CONVERGENCE: REL_REDUCTION_OF_F_<=_FACTR*EPSMCH"", ""method"": ""L-BFGS-B"", ""nfev"": 3, ""nit"": 1, ""status"": 0, ""success"": true, ""x"": [0.0, 0.13715616117856327, 0.0]}, {""fun"": 6720.1964064391195, ""jac"": [2435.452412343091, 10092.286255466981, 14635.726291636332], ""message"": ""CONVERGENCE: REL_REDUCTION_OF_F_<=_FACTR*EPSMCH"", ""method"": ""L-BFGS-B"", ""nfev"": 3, ""nit"": 1, ""status"": 0, ""success"": true, ""x"": [0.0, 0.08915150476606613, 0.0]}], ""poisson_canonical_agreement_abs"": 0.0, ""solver_path"": ""poisson_convex"", ""uncertified_profiles"": 0}"
foul_leaves_5_team,team-quarter,2016-17,9840,optimization,LOOSE_BALL_FOUL_DRAWN,4,FOUL;FTM,5,NB,13256.360527630193,-6609.791841835004,"[0.06898896754806114, 0.0]","{""p"": 0.9999902464269473, ""r"": 0.9753032226940693}",4,True,optimizer_converged_lbfgsb,13,92,2,-6720.220762138151,110.4289203031476,0.10598310001660138,"{""binomial_discrete_residual_mean"": null, ""binomial_discrete_residual_variance"": null, ""binomial_h_extension_used"": null, ""binomial_n_candidates"": 0, ""binomial_n_max"": null, ""binomial_n_min"": null, ""binomial_n_policy"": null, ""binomial_n_tie_break"": null, ""certified_profiles"": 1, ""optimizer_powell_attempted"": false, ""optimizer_powell_success"": false, ""optimizer_primary_failed_starts"": 0, ""optimizer_primary_successful_starts"": 2, ""optimizer_results"": [{""fun"": 6609.791841835004, ""jac"": [-0.0018189894045032922, 6220.787963684415, 0.0025465851645375607, -0.0027284838795630165], ""message"": ""CONVERGENCE: REL_REDUCTION_OF_F_<=_FACTR*EPSMCH"", ""method"": ""L-BFGS-B"", ""nfev"": 45, ""nit"": 6, ""status"": 0, ""success"": true, ""x"": [0.06898896754806114, 0.0, -0.025006858699087284, 11.537867119528897]}, {""fun"": 6609.7919444027, ""jac"": [-0.0013642420533774692, 6220.783689059317, 0.0026375346351571556, -0.0028194333422151166], ""message"": ""CONVERGENCE: REL_REDUCTION_OF_F_<=_FACTR*EPSMCH"", ""method"": ""L-BFGS-B"", ""nfev"": 45, ""nit"": 7, ""status"": 0, ""success"": true, ""x"": [0.06898888726537761, 0.0, -0.005543157932831598, 11.518428053763555]}], ""solver_path"": ""general_convolution"", ""uncertified_profiles"": 0}"
foul_leaves_5_team,team-quarter,2016-17,9840,optimization,LOOSE_BALL_FOUL_DRAWN,4,FOUL;FTM,5,ZIP,13256.35535743548,-6609.789256737647,"[0.06899100979416722, 0.0]","{""lam"": 9.999999999999996e-11, ""rho"": 1.0000000000000007e-09}",4,True,optimizer_converged_lbfgsb,12,87,2,-6720.196406682665,110.40714994501832,0.06595969997579232,"{""binomial_discrete_residual_mean"": null, ""binomial_discrete_residual_variance"": null, ""binomial_h_extension_used"": null, ""binomial_n_candidates"": 0, ""binomial_n_max"": null, ""binomial_n_min"": null, ""binomial_n_policy"": null, ""binomial_n_tie_break"": null, ""certified_profiles"": 1, ""optimizer_powell_attempted"": false, ""optimizer_powell_success"": false, ""optimizer_primary_failed_starts"": 0, ""optimizer_primary_successful_starts"": 2, ""optimizer_results"": [{""fun"": 6609.7892567376475, ""jac"": [-9.09494702251646e-05, 6220.906107046176, 0.0, 0.0], ""message"": ""CONVERGENCE: REL_REDUCTION_OF_F_<=_FACTR*EPSMCH"", ""method"": ""L-BFGS-B"", ""nfev"": 45, ""nit"": 6, ""status"": 0, ""success"": true, ""x"": [0.06899100972194865, 0.0, -23.025850929940457, -20.72326583594641]}, {""fun"": 6609.789256737647, ""jac"": [9.09494702251646e-05, 6220.906197995646, 0.0, 0.0], ""message"": ""CONVERGENCE: REL_REDUCTION_OF_F_<=_FACTR*EPSMCH"", ""method"": ""L-BFGS-B"", ""nfev"": 40, ""nit"": 6, ""status"": 0, ""success"": true, ""x"": [0.06899100979416722, 0.0, -23.025850929940457, -20.72326583594641]}], ""solver_path"": ""general_convolution"", ""uncertified_profiles"": 0}"
foul_leaves_5_team,team-quarter,2016-17,9840,optimization,LOOSE_BALL_FOUL_DRAWN,4,FOUL;FTM,5,Geom,13247.161146934473,-6609.789256982167,"[0.06899100951575834, 0.0]","{""p"": 0.9999999990000468}",3,True,optimizer_converged_lbfgsb,13,106,2,-6720.196408874572,110.40715189240473,15.43841689999681,"{""binomial_discrete_residual_mean"": null, ""binomial_discrete_residual_variance"": null, ""binomial_h_extension_used"": null, ""binomial_n_candidates"": 0, ""binomial_n_max"": null, ""binomial_n_min"": null, ""binomial_n_policy"": null, ""binomial_n_tie_break"": null, ""certified_profiles"": 1, ""optimizer_powell_attempted"": false, ""optimizer_powell_success"": false, ""optimizer_primary_failed_starts"": 0, ""optimizer_primary_successful_starts"": 2, ""optimizer_results"": [{""fun"": 6609.789256982167, ""jac"": [0.0, 6220.906107046176, 0.0], ""message"": ""CONVERGENCE: NORM_OF_PROJECTED_GRADIENT_<=_PGTOL"", ""method"": ""L-BFGS-B"", ""nfev"": 36, ""nit"": 6, ""status"": 0, ""success"": true, ""x"": [0.06899100951575834, 0.0, 20.72331263783921]}, {""fun"": 6609.789256982171, ""jac"": [0.0030922819876555967, 6220.908653631341, 0.0], ""message"": ""CONVERGENCE: REL_REDUCTION_OF_F_<=_FACTR*EPSMCH"", ""method"": ""L-BFGS-B"", ""nfev"": 68, ""nit"": 7, ""status"": 0, ""success"": true, ""x"": [0.06899101427210291, 0.0, 20.72326586405458]}], ""solver_path"": ""general_convolution"", ""uncertified_profiles"": 0}"
foul_leaves_5_team,team-quarter,2016-17,9840,optimization,LOOSE_BALL_FOUL_DRAWN,4,FOUL;FTM,5,Binomial,13247.161147477902,-6609.789257253881,"[0.06899100938299703, 0.0]","{""n"": 2, ""p"": 1.000000000647632e-09}",3,True,optimizer_converged_lbfgsb,12,70,2,-6720.196411310024,110.40715405614264,0.09871900000143796,"{""binomial_discrete_residual_mean"": -0.3091608045973679, ""binomial_discrete_residual_variance"": -0.3873375286618845, ""binomial_h_extension_used"": true, ""binomial_n_candidates"": 1, ""binomial_n_max"": 2, ""binomial_n_min"": 2, ""binomial_n_policy"": ""paper_H_binomial_discrete_index_continuous_full_mle"", ""binomial_n_tie_break"": ""not_applicable_single_mom_index"", ""certified_profiles"": 1, ""optimizer_powell_attempted"": false, ""optimizer_powell_success"": false, ""optimizer_primary_failed_starts"": 0, ""optimizer_primary_successful_starts"": 2, ""optimizer_results"": [{""fun"": 6609.789257253881, ""jac"": [9.09494702251646e-05, 6220.906197995646, 0.0], ""message"": ""CONVERGENCE: REL_REDUCTION_OF_F_<=_FACTR*EPSMCH"", ""method"": ""L-BFGS-B"", ""nfev"": 36, ""nit"": 6, ""status"": 0, ""success"": true, ""x"": [0.06899100938299703, 0.0, -20.72326583529878]}, {""fun"": 6609.789257253882, ""jac"": [-9.09494702251646e-05, 6220.906016096706, 0.0], ""message"": ""CONVERGENCE: REL_REDUCTION_OF_F_<=_FACTR*EPSMCH"", ""method"": ""L-BFGS-B"", ""nfev"": 32, ""nit"": 6, ""status"": 0, ""success"": true, ""x"": [0.06899100920666659, 0.0, -20.72326583588784]}], ""solver_path"": ""general_convolution"", ""uncertified_profiles"": 0}"
foul_leaves_5_team,team-quarter,2016-17,9840,optimization,LOOSE_BALL_FOUL_DRAWN,4,FOUL;FTM,5,Bernoulli,13247.161146934499,-6609.78925698218,"[0.06899100947673707, 0.0]","{""p"": 1.000000000225296e-09}",3,True,optimizer_converged_lbfgsb,12,70,2,-6720.196408874572,110.407151892392,0.09531340003013611,"{""binomial_discrete_residual_mean"": null, ""binomial_discrete_residual_variance"": null, ""binomial_h_extension_used"": null, ""binomial_n_candidates"": 0, ""binomial_n_max"": null, ""binomial_n_min"": null, ""binomial_n_policy"": null, ""binomial_n_tie_break"": null, ""certified_profiles"": 1, ""optimizer_powell_attempted"": false, ""optimizer_powell_success"": false, ""optimizer_primary_failed_starts"": 0, ""optimizer_primary_successful_starts"": 2, ""optimizer_results"": [{""fun"": 6609.78925698218, ""jac"": [-9.09494702251646e-05, 6220.906107046176, 0.0], ""message"": ""CONVERGENCE: REL_REDUCTION_OF_F_<=_FACTR*EPSMCH"", ""method"": ""L-BFGS-B"", ""nfev"": 36, ""nit"": 6, ""status"": 0, ""success"": true, ""x"": [0.06899100947673707, 0.0, -20.723265835721115]}, {""fun"": 6609.78925698218, ""jac"": [0.0, 6220.906107046176, 0.0], ""message"": ""CONVERGENCE: NORM_OF_PROJECTED_GRADIENT_<=_PGTOL"", ""method"": ""L-BFGS-B"", ""nfev"": 32, ""nit"": 6, ""status"": 0, ""success"": true, ""x"": [0.06899100968826276, 0.0, -20.72326583588784]}], ""solver_path"": ""general_convolution"", ""uncertified_profiles"": 0}"
foul_leaves_5_team,team-quarter,2016-17,9840,optimization,LOOSE_BALL_FOUL_DRAWN,4,FTA;FTM,6,Poisson,13862.601787968511,-6917.509577499186,"[0.01581727577640525, 0.0]","{""lam"": 0.22245386924585145}",3,True,poisson_convex_mle,13,19,2,-6918.228209624637,0.7186321254512222,0.02641980000771582,"{""binomial_discrete_residual_mean"": null, ""binomial_discrete_residual_variance"": null, ""binomial_h_extension_used"": null, ""binomial_n_candidates"": 0, ""binomial_n_max"": null, ""binomial_n_min"": null, ""binomial_n_policy"": null, ""binomial_n_tie_break"": null, ""certified_profiles"": 1, ""optimizer_primary_failed_starts"": 0, ""optimizer_primary_successful_starts"": 2, ""optimizer_results"": [{""fun"": 6917.509577499255, ""jac"": [-0.0021087085840179043, -0.010035435658778624, 406.9363115994954], ""message"": ""CONVERGENCE: REL_REDUCTION_OF_F_<=_FACTR*EPSMCH"", ""method"": ""L-BFGS-B"", ""nfev"": 9, ""nit"": 7, ""status"": 0, ""success"": true, ""x"": [0.22245379703222976, 0.01581727727211813, 0.0]}, {""fun"": 6917.509577499186, ""jac"": [-2.6446674183944197e-06, -5.1741205538746726e-05, 406.943944832788], ""message"": ""CONVERGENCE: REL_REDUCTION_OF_F_<=_FACTR*EPSMCH"", ""method"": ""L-BFGS-B"", ""nfev"": 8, ""nit"": 6, ""status"": 0, ""success"": true, ""x"": [0.22245386924585145, 0.01581727577640525, 0.0]}], ""poisson_canonical_agreement_abs"": 0.0, ""solver_path"": ""poisson_convex"", ""uncertified_profiles"": 0}"
foul_leaves_5_team,team-quarter,2016-17,9840,optimization,LOOSE_BALL_FOUL_DRAWN,4,FTA;FTM,6,NB,13871.797044904353,-6917.510100472084,"[0.01581731633540016, 0.0]","{""p"": 0.999989759027766, ""r"": 21721.708646870273}",4,True,optimizer_converged_lbfgsb,12,82,2,-6918.228691331347,0.7185908592637134,0.08846150001045316,"{""binomial_discrete_residual_mean"": null, ""binomial_discrete_residual_variance"": null, ""binomial_h_extension_used"": null, ""binomial_n_candidates"": 0, ""binomial_n_max"": null, ""binomial_n_min"": null, ""binomial_n_policy"": null, ""binomial_n_tie_break"": null, ""certified_profiles"": 1, ""optimizer_powell_attempted"": false, ""optimizer_powell_success"": false, ""optimizer_primary_failed_starts"": 0, ""optimizer_primary_successful_starts"": 2, ""optimizer_results"": [{""fun"": 6917.510183756421, ""jac"": [0.010277290128312298, 406.94740164326504, -0.00036379785060840214, -9.094946265210054e-05], ""message"": ""CONVERGENCE: REL_REDUCTION_OF_F_<=_FACTR*EPSMCH"", ""method"": ""L-BFGS-B"", ""nfev"": 45, ""nit"": 7, ""status"": 0, ""success"": true, ""x"": [0.015817345914162045, 0.0, 9.838331892320351, 11.341369099726784]}, {""fun"": 6917.510100472084, ""jac"": [0.00873114913555735, 406.946855946444, 0.0, -0.00027284838795630165], ""message"": ""CONVERGENCE: REL_REDUCTION_OF_F_<=_FACTR*EPSMCH"", ""method"": ""L-BFGS-B"", ""nfev"": 35, ""nit"": 5, ""status"": 0, ""success"": true, ""x"": [0.01581731633540016, 0.0, 9.986067437936764, 11.489103757117585]}], ""solver_path"": ""general_convolution"", ""uncertified_profiles"": 0}"
foul_leaves_5_team,team-quarter,2016-17,9840,optimization,LOOSE_BALL_FOUL_DRAWN,4,FTA;FTM,6,ZIP,13871.79599897523,-6917.509577507522,"[0.015817271730631483, 0.0]","{""lam"": 0.2224539581805351, ""rho"": 1.0000000000000007e-09}",4,True,optimizer_converged_lbfgsb,12,82,2,-6918.2282096414165,0.7186321338940616,0.07045639998978004,"{""binomial_discrete_residual_mean"": null, ""binomial_discrete_residual_variance"": null, ""binomial_h_extension_used"": null, ""binomial_n_candidates"": 0, ""binomial_n_max"": null, ""binomial_n_min"": null, ""binomial_n_policy"": null, ""binomial_n_tie_break"": null, ""certified_profiles"": 1, ""optimizer_powell_attempted"": false, ""optimizer_powell_success"": false, ""optimizer_primary_failed_starts"": 0, ""optimizer_primary_successful_starts"": 2, ""optimizer_results"": [{""fun"": 6917.509577507529, ""jac"": [0.01937223714451787, 406.9576789333951, 0.00027284841219010677, 0.0], ""message"": ""CONVERGENCE: REL_REDUCTION_OF_F_<=_FACTR*EPSMCH"", ""method"": ""L-BFGS-B"", ""nfev"": 45, ""nit"": 7, ""status"": 0, ""success"": true, ""x"": [0.01581729374624629, 0.0, -1.503035783505019, -20.72326583594641]}, {""fun"": 6917.509577507522, ""jac"": [0.015643308867873587, 406.95504139875993, 0.00045474735365017796, 0.0], ""message"": ""CONVERGENCE: REL_REDUCTION_OF_F_<=_FACTR*EPSMCH"", ""method"": ""L-BFGS-B"", ""nfev"": 35, ""nit"": 5, ""status"": 0, ""success"": true, ""x"": [0.015817271730631483, 0.0, -1.5030351283143955, -20.72326583594641]}], ""solver_path"": ""general_convolution"", ""uncertified_profiles"": 0}"
foul_leaves_5_team,team-quarter,2016-17,9840,optimization,LOOSE_BALL_FOUL_DRAWN,4,FTA;FTM,6,Geom,13941.626707547377,-6957.022037288619,"[0.021299154226569427, 0.0]","{""p"": 0.8395564354697703}",3,True,optimizer_converged_lbfgsb,22,114,2,-6960.789738129712,3.7677008410928465,0.26242879999335855,"{""binomial_discrete_residual_mean"": null, ""binomial_discrete_residual_variance"": null, ""binomial_h_extension_used"": null, ""binomial_n_candidates"": 0, ""binomial_n_max"": null, ""binomial_n_min"": null, ""binomial_n_policy"": null, ""binomial_n_tie_break"": null, ""certified_profiles"": 1, ""optimizer_powell_attempted"": false, ""optimizer_powell_success"": false, ""optimizer_primary_failed_starts"": 0, ""optimizer_primary_successful_starts"": 2, ""optimizer_results"": [{""fun"": 6957.022037288619, ""jac"": [-0.016098056218683866, 380.0515514740255, 9.09494707300356e-05], ""message"": ""CONVERGENCE: REL_REDUCTION_OF_F_<=_FACTR*EPSMCH"", ""method"": ""L-BFGS-B"", ""nfev"": 32, ""nit"": 6, ""status"": 0, ""success"": true, ""x"": [0.021299154226569427, 0.0, 1.6549314414844454]}, {""fun"": 6957.022037466111, ""jac"": [0.6471964296731886, 380.559686163906, -0.01546141002410605], ""message"": ""CONVERGENCE: REL_REDUCTION_OF_F_<=_FACTR*EPSMCH"", ""method"": ""L-BFGS-B"", ""nfev"": 80, ""nit"": 16, ""status"": 0, ""success"": true, ""x"": [0.021299718399617477, 0.0, 1.654931082210967]}], ""solver_path"": ""general_convolution"", ""uncertified_profiles"": 0}"
foul_leaves_5_team,team-quarter,2016-17,9840,optimization,LOOSE_BALL_FOUL_DRAWN,4,FTA;FTM,6,Binomial,inf,-inf,[],"{""n"": 2}",3,False,infeasible_conditional_support,0,0,0,-inf,0.0,0.0003006000188179314,"{""binomial_discrete_residual_mean"": 0.15782554718075892, ""binomial_discrete_residual_variance"": 0.1464129234392189, ""binomial_h_extension_used"": false, ""binomial_n_candidates"": 1, ""binomial_n_max"": 2, ""binomial_n_min"": 2, ""binomial_n_policy"": ""paper_H_binomial_discrete_index_continuous_full_mle"", ""binomial_n_tie_break"": ""not_applicable_single_mom_index"", ""certified_profiles"": 0, ""solver_path"": ""conditional_support_check"", ""support_violating_rows"": 1, ""uncertified_profiles"": 0}"
foul_leaves_5_team,team-quarter,2016-17,9840,optimization,LOOSE_BALL_FOUL_DRAWN,4,FTA;FTM,6,Bernoulli,inf,-inf,[],{},3,False,infeasible_conditional_support,0,0,0,-inf,0.0,6.559997564181685e-05,"{""binomial_discrete_residual_mean"": null, ""binomial_discrete_residual_variance"": null, ""binomial_h_extension_used"": null, ""binomial_n_candidates"": 0, ""binomial_n_max"": null, ""binomial_n_min"": null, ""binomial_n_policy"": null, ""binomial_n_tie_break"": null, ""certified_profiles"": 0, ""solver_path"": ""conditional_support_check"", ""support_violating_rows"": 15, ""uncertified_profiles"": 0}"
foul_leaves_5_team,team-quarter,2016-17,9840,optimization,LOOSE_BALL_FOUL_DRAWN,4,FOUL;FTA;FTM,7,Poisson,13985.120144981898,-6974.171650510856,"[0.10820558129344852, 0.0, 0.0]","{""lam"": 0.0}",4,True,poisson_convex_mle,2,8,2,-6974.171650510856,0.0,0.008887200034223497,"{""binomial_discrete_residual_mean"": null, ""binomial_discrete_residual_variance"": null, ""binomial_h_extension_used"": null, ""binomial_n_candidates"": 0, ""binomial_n_max"": null, ""binomial_n_min"": null, ""binomial_n_policy"": null, ""binomial_n_tie_break"": null, ""certified_profiles"": 1, ""optimizer_primary_failed_starts"": 1, ""optimizer_primary_successful_starts"": 1, ""optimizer_results"": [{""fun"": 8248.079375925052, ""jac"": [5874.564404354878, 26133.18882208696, 36124.09628402768, 28010.4273200655], ""message"": ""CONVERGENCE: REL_REDUCTION_OF_F_<=_FACTR*EPSMCH"", ""method"": ""L-BFGS-B"", ""nfev"": 3, ""nit"": 1, ""status"": 0, ""success"": true, ""x"": [0.0, 0.1664701250668439, 0.0, 0.0]}, {""fun"": 6974.171650510856, ""jac"": [3739.329852853652, 16173.905880133101, 25275.763513888844, 19706.50356933153], ""message"": ""CONVERGENCE: REL_REDUCTION_OF_F_<=_FACTR*EPSMCH"", ""method"": ""L-BFGS-B"", ""nfev"": 3, ""nit"": 1, ""status"": 0, ""success"": true, ""x"": [0.0, 0.10820558129344852, 0.0, 0.0]}], ""poisson_canonical_agreement_abs"": 0.0, ""solver_path"": ""poisson_convex"", ""uncertified_profiles"": 0}"
foul_leaves_5_team,team-quarter,2016-17,9840,optimization,LOOSE_BALL_FOUL_DRAWN,4,FOUL;FTA;FTM,7,NB,13265.554641465185,-6609.791793257477,"[0.06898900599511375, 0.0, 0.0]","{""p"": 0.9999903381901839, ""r"": 0.9660680840014433}",5,True,optimizer_converged_lbfgsb,12,104,2,-6974.2090445563545,364.4172512988771,0.13020970002980903,"{""binomial_discrete_residual_mean"": null, ""binomial_discrete_residual_variance"": null, ""binomial_h_extension_used"": null, ""binomial_n_candidates"": 0, ""binomial_n_max"": null, ""binomial_n_min"": null, ""binomial_n_policy"": null, ""binomial_n_tie_break"": null, ""certified_profiles"": 1, ""optimizer_powell_attempted"": false, ""optimizer_powell_success"": false, ""optimizer_primary_failed_starts"": 0, ""optimizer_primary_successful_starts"": 2, ""optimizer_results"": [{""fun"": 6609.791793257477, ""jac"": [-0.0018189894045032922, 7657.88618082297, 6220.79032837064, 0.0025465851645375607, -0.0025465849542588154], ""message"": ""CONVERGENCE: REL_REDUCTION_OF_F_<=_FACTR*EPSMCH"", ""method"": ""L-BFGS-B"", ""nfev"": 60, ""nit"": 7, ""status"": 0, ""success"": true, ""x"": [0.06898900599511375, 0.0, 0.0, -0.03452096692048397, 11.547319913870135]}, {""fun"": 6609.791901690745, ""jac"": [-0.0018189894045032922, 7657.879541511647, 6220.78532614978, 0.0026375346351571556, -0.0028194333422151166], ""message"": ""CONVERGENCE: REL_REDUCTION_OF_F_<=_FACTR*EPSMCH"", ""method"": ""L-BFGS-B"", ""nfev"": 42, ""nit"": 5, ""status"": 0, ""success"": true, ""x"": [0.0689889202948419, 0.0, 0.0, -0.013557664980651073, 11.5264301657835]}], ""solver_path"": ""general_convolution"", ""uncertified_profiles"": 0}"
foul_leaves_5_team,team-quarter,2016-17,9840,optimization,LOOSE_BALL_FOUL_DRAWN,4,FOUL;FTA;FTM,7,ZIP,13265.549568425526,-6609.7892567376475,"[0.06899100972728753, 0.0, 0.0]","{""lam"": 9.999999999999996e-11, ""rho"": 1.0000000000000007e-09}",5,True,optimizer_converged_lbfgsb,12,104,2,-6974.1716508847885,364.382394147141,0.10689429997000843,"{""binomial_discrete_residual_mean"": null, ""binomial_discrete_residual_variance"": null, ""binomial_h_extension_used"": null, ""binomial_n_candidates"": 0, ""binomial_n_max"": null, ""binomial_n_min"": null, ""binomial_n_policy"": null, ""binomial_n_tie_break"": null, ""certified_profiles"": 1, ""optimizer_powell_attempted"": false, ""optimizer_powell_success"": false, ""optimizer_primary_failed_starts"": 0, ""optimizer_primary_successful_starts"": 2, ""optimizer_results"": [{""fun"": 6609.7892567376475, ""jac"": [-9.09494702251646e-05, 7658.038884983398, 6220.906016096706, 0.0, 0.0], ""message"": ""CONVERGENCE: REL_REDUCTION_OF_F_<=_FACTR*EPSMCH"", ""method"": ""L-BFGS-B"", ""nfev"": 60, ""nit"": 7, ""status"": 0, ""success"": true, ""x"": [0.06899100972728753, 0.0, 0.0, -23.025850929940457, -20.72326583594641]}, {""fun"": 6609.78925673765, ""jac"": [-0.0006366462915761523, 7658.038339286577, 6220.905652298825, 0.0, 0.0], ""message"": ""CONVERGENCE: REL_REDUCTION_OF_F_<=_FACTR*EPSMCH"", ""method"": ""L-BFGS-B"", ""nfev"": 42, ""nit"": 5, ""status"": 0, ""success"": true, ""x"": [0.06899100901650404, 0.0, 0.0, -23.025850929940457, -20.72326583594641]}], ""solver_path"": ""general_convolution"", ""uncertified_profiles"": 0}"
foul_leaves_5_team,team-quarter,2016-17,9840,optimization,LOOSE_BALL_FOUL_DRAWN,4,FOUL;FTA;FTM,7,Geom,13256.355357924545,-6609.78925698218,"[0.06899100947805815, 0.0, 0.0]","{""p"": 0.9999999989999999}",4,True,optimizer_converged_lbfgsb,12,87,2,-6974.171654250185,364.38239726800566,12.284937799966428,"{""binomial_discrete_residual_mean"": null, ""binomial_discrete_residual_variance"": null, ""binomial_h_extension_used"": null, ""binomial_n_candidates"": 0, ""binomial_n_max"": null, ""binomial_n_min"": null, ""binomial_n_policy"": null, ""binomial_n_tie_break"": null, ""certified_profiles"": 1, ""optimizer_powell_attempted"": false, ""optimizer_powell_success"": false, ""optimizer_primary_failed_starts"": 0, ""optimizer_primary_successful_starts"": 2, ""optimizer_results"": [{""fun"": 6609.78925698218, ""jac"": [-9.09494702251646e-05, 7658.038884983398, 6220.906107046176, 0.0], ""message"": ""CONVERGENCE: REL_REDUCTION_OF_F_<=_FACTR*EPSMCH"", ""method"": ""L-BFGS-B"", ""nfev"": 50, ""nit"": 7, ""status"": 0, ""success"": true, ""x"": [0.06899100947805815, 0.0, 0.0, 20.723265864740867]}, {""fun"": 6609.7892569821815, ""jac"": [-0.00027284841067549384, 7658.038521185517, 6220.905743248295, 0.0], ""message"": ""CONVERGENCE: REL_REDUCTION_OF_F_<=_FACTR*EPSMCH"", ""method"": ""L-BFGS-B"", ""nfev"": 35, ""nit"": 5, ""status"": 0, ""success"": true, ""x"": [0.06899100899187506, 0.0, 0.0, 20.72326586426492]}], ""solver_path"": ""general_convolution"", ""uncertified_profiles"": 0}"
foul_leaves_5_team,team-quarter,2016-17,9840,optimization,LOOSE_BALL_FOUL_DRAWN,4,FOUL;FTA;FTM,7,Binomial,13256.35535846795,-6609.789257253882,"[0.0689910093018531, 0.0, 0.0]","{""n"": 2, ""p"": 1.0000000000000007e-09}",4,True,optimizer_converged_lbfgsb,13,92,2,-6974.171657989516,364.3824007356334,0.13423429999966174,"{""binomial_discrete_residual_mean"": -0.442113334513026, ""binomial_discrete_residual_variance"": -0.5565356956889893, ""binomial_h_extension_used"": true, ""binomial_n_candidates"": 1, ""binomial_n_max"": 2, ""binomial_n_min"": 2, ""binomial_n_policy"": ""paper_H_binomial_discrete_index_continuous_full_mle"", ""binomial_n_tie_break"": ""not_applicable_single_mom_index"", ""certified_profiles"": 1, ""optimizer_powell_attempted"": false, ""optimizer_powell_success"": false, ""optimizer_primary_failed_starts"": 0, ""optimizer_primary_successful_starts"": 2, ""optimizer_results"": [{""fun"": 6609.789257253882, ""jac"": [-9.09494702251646e-05, 7658.038884983398, 6220.906107046176, -9.094946265210054e-05], ""message"": ""CONVERGENCE: REL_REDUCTION_OF_F_<=_FACTR*EPSMCH"", ""method"": ""L-BFGS-B"", ""nfev"": 50, ""nit"": 7, ""status"": 0, ""success"": true, ""x"": [0.0689910093018531, 0.0, 0.0, -20.72326583594641]}, {""fun"": 6609.789257253882, ""jac"": [0.0, 7658.038884983398, 6220.906107046176, 0.0], ""message"": ""CONVERGENCE: NORM_OF_PROJECTED_GRADIENT_<=_PGTOL"", ""method"": ""L-BFGS-B"", ""nfev"": 40, ""nit"": 6, ""status"": 0, ""success"": true, ""x"": [0.06899100949281478, 0.0, 0.0, -20.72326583594641]}], ""solver_path"": ""general_convolution"", ""uncertified_profiles"": 0}"
foul_leaves_5_team,team-quarter,2016-17,9840,optimization,LOOSE_BALL_FOUL_DRAWN,4,FOUL;FTA;FTM,7,Bernoulli,13256.355357924545,-6609.78925698218,"[0.06899100942347346, 0.0, 0.0]","{""p"": 1.0000000000501508e-09}",4,True,optimizer_converged_lbfgsb,13,92,2,-6974.171654250185,364.38239726800566,0.12466899998253211,"{""binomial_discrete_residual_mean"": null, ""binomial_discrete_residual_variance"": null, ""binomial_h_extension_used"": null, ""binomial_n_candidates"": 0, ""binomial_n_max"": null, ""binomial_n_min"": null, ""binomial_n_policy"": null, ""binomial_n_tie_break"": null, ""certified_profiles"": 1, ""optimizer_powell_attempted"": false, ""optimizer_powell_success"": false, ""optimizer_primary_failed_starts"": 0, ""optimizer_primary_successful_starts"": 2, ""optimizer_results"": [{""fun"": 6609.7892569821815, ""jac"": [-0.00027284841067549384, 7658.038703084458, 6220.905925147235, 0.0], ""message"": ""CONVERGENCE: REL_REDUCTION_OF_F_<=_FACTR*EPSMCH"", ""method"": ""L-BFGS-B"", ""nfev"": 50, ""nit"": 7, ""status"": 0, ""success"": true, ""x"": [0.06899100950485772, 0.0, 0.0, -20.72326583594641]}, {""fun"": 6609.78925698218, ""jac"": [-0.0001818989404503292, 7658.038884983398, 6220.906016096706, 0.0], ""message"": ""CONVERGENCE: REL_REDUCTION_OF_F_<=_FACTR*EPSMCH"", ""method"": ""L-BFGS-B"", ""nfev"": 40, ""nit"": 6, ""status"": 0, ""success"": true, ""x"": [0.06899100942347346, 0.0, 0.0, -20.72326583589626]}], ""solver_path"": ""general_convolution"", ""uncertified_profiles"": 0}"
foul_leaves_5_team,team-quarter,2016-17,9840,optimization,LOOSE_BALL_FOUL_DRAWN,4,PERS_FOUL_DRAWN,8,Poisson,13964.160461390285,-6972.886019705096,[0.0017260345983896737],"{""lam"": 0.3099294448169204}",2,True,poisson_convex_mle,7,15,2,-6972.8860823766745,6.267157823458547e-05,0.019943499995861202,"{""binomial_discrete_residual_mean"": null, ""binomial_discrete_residual_variance"": null, ""binomial_h_extension_used"": null, ""binomial_n_candidates"": 0, ""binomial_n_max"": null, ""binomial_n_min"": null, ""binomial_n_policy"": null, ""binomial_n_tie_break"": null, ""certified_profiles"": 1, ""optimizer_primary_failed_starts"": 0, ""optimizer_primary_successful_starts"": 2, ""optimizer_results"": [{""fun"": 6972.886019705097, ""jac"": [-5.385165268378955e-06, -1.942291851975142e-05], ""message"": ""CONVERGENCE: REL_REDUCTION_OF_F_<=_FACTR*EPSMCH"", ""method"": ""L-BFGS-B"", ""nfev"": 5, ""nit"": 3, ""status"": 0, ""success"": true, ""x"": [0.3099294430967596, 0.001726035719145575]}, {""fun"": 6972.886019705096, ""jac"": [-1.1702376978561801e-05, -9.891000454587129e-05], ""message"": ""CONVERGENCE: REL_REDUCTION_OF_F_<=_FACTR*EPSMCH"", ""method"": ""L-BFGS-B"", ""nfev"": 8, ""nit"": 4, ""status"": 0, ""success"": true, ""x"": [0.3099294448169204, 0.0017260345983896737]}], ""poisson_canonical_agreement_abs"": 0.0, ""solver_path"": ""poisson_convex"", ""uncertified_profiles"": 0}"
foul_leaves_5_team,team-quarter,2016-17,9840,optimization,LOOSE_BALL_FOUL_DRAWN,4,PERS_FOUL_DRAWN,8,NB,13973.35512013295,-6972.886243581405,[0.0017262622154026025],"{""p"": 0.9999900159445531, ""r"": 31042.091775897807}",3,True,optimizer_converged_lbfgsb,6,54,2,-6972.886306008389,6.242698327696417e-05,0.05695739999646321,"{""binomial_discrete_residual_mean"": null, ""binomial_discrete_residual_variance"": null, ""binomial_h_extension_used"": null, ""binomial_n_candidates"": 0, ""binomial_n_max"": null, ""binomial_n_min"": null, ""binomial_n_policy"": null, ""binomial_n_tie_break"": null, ""certified_profiles"": 1, ""optimizer_powell_attempted"": false, ""optimizer_powell_success"": false, ""optimizer_primary_failed_starts"": 0, ""optimizer_primary_successful_starts"": 2, ""optimizer_results"": [{""fun"": 6972.886244010843, ""jac"": [-0.09104041964801078, -0.016098054889421797, 0.016189004352073898], ""message"": ""CONVERGENCE: REL_REDUCTION_OF_F_<=_FACTR*EPSMCH"", ""method"": ""L-BFGS-B"", ""nfev"": 16, ""nit"": 2, ""status"": 0, ""success"": true, ""x"": [0.001726228556934801, 10.341376880255618, 11.51279390231391]}, {""fun"": 6972.886243581405, ""jac"": [0.00027284841053349887, -0.00036379785060840214, 9.094946265210054e-05], ""message"": ""CONVERGENCE: REL_REDUCTION_OF_F_<=_FACTR*EPSMCH"", ""method"": ""L-BFGS-B"", ""nfev"": 36, ""nit"": 4, ""status"": 0, ""success"": true, ""x"": [0.0017262622154026025, 10.343099361714001, 11.514511208658389]}], ""solver_path"": ""general_convolution"", ""uncertified_profiles"": 0}"
foul_leaves_5_team,team-quarter,2016-17,9840,optimization,LOOSE_BALL_FOUL_DRAWN,4,PERS_FOUL_DRAWN,8,ZIP,13973.354672385158,-6972.886019707509,[0.0017260339256904822],"{""lam"": 0.3099294380200045, ""rho"": 1.0000044615308366e-09}",3,True,optimizer_converged_lbfgsb,8,62,2,-6972.886082379077,6.267156823014375e-05,0.04358759999740869,"{""binomial_discrete_residual_mean"": null, ""binomial_discrete_residual_variance"": null, ""binomial_h_extension_used"": null, ""binomial_n_candidates"": 0, ""binomial_n_max"": null, ""binomial_n_min"": null, ""binomial_n_policy"": null, ""binomial_n_tie_break"": null, ""certified_profiles"": 1, ""optimizer_powell_attempted"": false, ""optimizer_powell_success"": false, ""optimizer_primary_failed_starts"": 0, ""optimizer_primary_successful_starts"": 2, ""optimizer_results"": [{""fun"": 6972.886019707509, ""jac"": [0.00027284841053349887, 9.09494707300356e-05, 0.0], ""message"": ""CONVERGENCE: REL_REDUCTION_OF_F_<=_FACTR*EPSMCH"", ""method"": ""L-BFGS-B"", ""nfev"": 24, ""nit"": 4, ""status"": 0, ""success"": true, ""x"": [0.0017260339256904822, -1.1714106267024555, -20.723261374425523]}, {""fun"": 6972.886019707512, ""jac"": [0.00036379788071133184, 0.0001818989414600712, 0.0], ""message"": ""CONVERGENCE: REL_REDUCTION_OF_F_<=_FACTR*EPSMCH"", ""method"": ""L-BFGS-B"", ""nfev"": 36, ""nit"": 4, ""status"": 0, ""success"": true, ""x"": [0.001726024150382824, -1.1714105287881729, -20.723266141440128]}], ""solver_path"": ""general_convolution"", ""uncertified_profiles"": 0}"
foul_leaves_5_team,team-quarter,2016-17,9840,optimization,LOOSE_BALL_FOUL_DRAWN,4,PERS_FOUL_DRAWN,8,Geom,14143.848950507418,-7062.730264263662,[0.027421703518939574],"{""p"": 0.7901330534353922}",2,True,optimizer_converged_lbfgsb,22,92,2,-7090.247188027066,27.51692376340361,0.17622520000441,"{""binomial_discrete_residual_mean"": null, ""binomial_discrete_residual_variance"": null, ""binomial_h_extension_used"": null, ""binomial_n_candidates"": 0, ""binomial_n_max"": null, ""binomial_n_min"": null, ""binomial_n_policy"": null, ""binomial_n_tie_break"": null, ""certified_profiles"": 1, ""optimizer_powell_attempted"": false, ""optimizer_powell_success"": false, ""optimizer_primary_failed_starts"": 0, ""optimizer_primary_successful_starts"": 2, ""optimizer_results"": [{""fun"": 7062.730264263666, ""jac"": [0.0003637978806482229, 0.0], ""message"": ""CONVERGENCE: REL_REDUCTION_OF_F_<=_FACTR*EPSMCH"", ""method"": ""L-BFGS-B"", ""nfev"": 45, ""nit"": 11, ""status"": 0, ""success"": true, ""x"": [0.027421686559441875, 1.3257274198868652]}, {""fun"": 7062.730264263662, ""jac"": [0.0007275957612964458, 0.0], ""message"": ""CONVERGENCE: REL_REDUCTION_OF_F_<=_FACTR*EPSMCH"", ""method"": ""L-BFGS-B"", ""nfev"": 45, ""nit"": 11, ""status"": 0, ""success"": true, ""x"": [0.027421703518939574, 1.3257276112214562]}], ""solver_path"": ""general_convolution"", ""uncertified_profiles"": 0}"
foul_leaves_5_team,team-quarter,2016-17,9840,optimization,LOOSE_BALL_FOUL_DRAWN,4,PERS_FOUL_DRAWN,8,Binomial,13964.053148015546,-6972.8323630177265,[0.0016242140976610753],"{""n"": 61, ""p"": 0.005083689500137504}",2,True,optimizer_converged_lbfgsb,7,47,2,-6972.83302644003,0.0006634223036598996,0.07559769996441901,"{""binomial_discrete_residual_mean"": 0.3098514220728533, ""binomial_discrete_residual_variance"": 0.3082764018152202, ""binomial_h_extension_used"": false, ""binomial_n_candidates"": 1, ""binomial_n_max"": 61, ""binomial_n_min"": 61, ""binomial_n_policy"": ""paper_H_binomial_discrete_index_continuous_full_mle"", ""binomial_n_tie_break"": ""not_applicable_single_mom_index"", ""certified_profiles"": 1, ""optimizer_powell_attempted"": false, ""optimizer_powell_success"": false, ""optimizer_primary_failed_starts"": 0, ""optimizer_primary_successful_starts"": 2, ""optimizer_results"": [{""fun"": 6972.8323630177265, ""jac"": [-9.094947017783296e-05, -9.09494707300356e-05], ""message"": ""CONVERGENCE: REL_REDUCTION_OF_F_<=_FACTR*EPSMCH"", ""method"": ""L-BFGS-B"", ""nfev"": 18, ""nit"": 3, ""status"": 0, ""success"": true, ""x"": [0.0016242140976610753, -5.276621346039103]}, {""fun"": 6972.832363017739, ""jac"": [0.00027284841053349887, -0.0001818989414600712], ""message"": ""CONVERGENCE: REL_REDUCTION_OF_F_<=_FACTR*EPSMCH"", ""method"": ""L-BFGS-B"", ""nfev"": 27, ""nit"": 4, ""status"": 0, ""success"": true, ""x"": [0.0016242027248214424, -5.276621220487019]}], ""solver_path"": ""general_convolution"", ""uncertified_profiles"": 0}"
foul_leaves_5_team,team-quarter,2016-17,9840,optimization,LOOSE_BALL_FOUL_DRAWN,4,PERS_FOUL_DRAWN,8,Bernoulli,inf,-inf,[],{},2,False,infeasible_conditional_support,0,0,0,-inf,0.0,6.709998706355691e-05,"{""binomial_discrete_residual_mean"": null, ""binomial_discrete_residual_variance"": null, ""binomial_h_extension_used"": null, ""binomial_n_candidates"": 0, ""binomial_n_max"": null, ""binomial_n_min"": null, ""binomial_n_policy"": null, ""binomial_n_tie_break"": null, ""certified_profiles"": 0, ""solver_path"": ""conditional_support_check"", ""support_violating_rows"": 70, ""uncertified_profiles"": 0}"
foul_leaves_5_team,team-quarter,2016-17,9840,optimization,LOOSE_BALL_FOUL_DRAWN,4,FOUL;PERS_FOUL_DRAWN,9,Poisson,13272.402351769753,-6622.409859399807,"[0.07542753253592545, 0.0]","{""lam"": 0.0}",3,True,poisson_convex_mle,2,8,2,-6622.409859399807,0.0,0.010353799967560917,"{""binomial_discrete_residual_mean"": null, ""binomial_discrete_residual_variance"": null, ""binomial_h_extension_used"": null, ""binomial_n_candidates"": 0, ""binomial_n_max"": null, ""binomial_n_min"": null, ""binomial_n_policy"": null, ""binomial_n_tie_break"": null, ""certified_profiles"": 1, ""optimizer_primary_failed_starts"": 1, ""optimizer_primary_successful_starts"": 1, ""optimizer_results"": [{""fun"": 7108.628295121964, ""jac"": [4151.3310314884575, 18095.585307602705, 9011.8196988343], ""message"": ""CONVERGENCE: REL_REDUCTION_OF_F_<=_FACTR*EPSMCH"", ""method"": ""L-BFGS-B"", ""nfev"": 3, ""nit"": 1, ""status"": 0, ""success"": true, ""x"": [0.0, 0.11604235774757761, 0.0]}, {""fun"": 6622.409859399807, ""jac"": [1088.2015869053198, 3808.3620116964767, 4725.568767437393], ""message"": ""CONVERGENCE: REL_REDUCTION_OF_F_<=_FACTR*EPSMCH"", ""method"": ""L-BFGS-B"", ""nfev"": 3, ""nit"": 1, ""status"": 0, ""success"": true, ""x"": [0.0, 0.07542753253592545, 0.0]}], ""poisson_canonical_agreement_abs"": 0.0, ""solver_path"": ""poisson_convex"", ""uncertified_profiles"": 0}"
foul_leaves_5_team,team-quarter,2016-17,9840,optimization,LOOSE_BALL_FOUL_DRAWN,4,FOUL;PERS_FOUL_DRAWN,9,NB,13256.360613078105,-6609.791884558959,"[0.06898893404091144, 0.0]","{""p"": 0.9999901678460688, ""r"": 0.9834955099082406}",4,True,optimizer_converged_lbfgsb,10,77,2,-6622.420743093111,12.628858534151732,0.09702429996104911,"{""binomial_discrete_residual_mean"": null, ""binomial_discrete_residual_variance"": null, ""binomial_h_extension_used"": null, ""binomial_n_candidates"": 0, ""binomial_n_max"": null, ""binomial_n_min"": null, ""binomial_n_policy"": null, ""binomial_n_tie_break"": null, ""certified_profiles"": 1, ""optimizer_powell_attempted"": false, ""optimizer_powell_success"": false, ""optimizer_primary_failed_starts"": 0, ""optimizer_primary_successful_starts"": 2, ""optimizer_results"": [{""fun"": 6609.791884558959, ""jac"": [-0.0018189894045032922, 3583.0033993988764, 0.0025465851645375607, -0.0027284838795630165], ""message"": ""CONVERGENCE: REL_REDUCTION_OF_F_<=_FACTR*EPSMCH"", ""method"": ""L-BFGS-B"", ""nfev"": 40, ""nit"": 6, ""status"": 0, ""success"": true, ""x"": [0.06898893404091144, 0.0, -0.016642206584654137, 11.529842697472386]}, {""fun"": 6609.791969221238, ""jac"": [-0.0006366462915761523, 3583.0025808536448, 0.0027284841053054065, -0.0028194333422151166], ""message"": ""CONVERGENCE: REL_REDUCTION_OF_F_<=_FACTR*EPSMCH"", ""method"": ""L-BFGS-B"", ""nfev"": 35, ""nit"": 4, ""status"": 0, ""success"": true, ""x"": [0.068988868896475, 0.0, -0.0009416504486689931, 11.513839352027183]}], ""solver_path"": ""general_convolution"", ""uncertified_profiles"": 0}"
foul_leaves_5_team,team-quarter,2016-17,9840,optimization,LOOSE_BALL_FOUL_DRAWN,4,FOUL;PERS_FOUL_DRAWN,9,ZIP,13256.355357435476,-6609.789256737645,"[0.06899101014771356, 0.0]","{""lam"": 9.999999999999996e-11, ""rho"": 1.0000000000000007e-09}",4,True,optimizer_converged_lbfgsb,10,77,2,-6622.409859508627,12.62060277098226,0.05513240001164377,"{""binomial_discrete_residual_mean"": null, ""binomial_discrete_residual_variance"": null, ""binomial_h_extension_used"": null, ""binomial_n_candidates"": 0, ""binomial_n_max"": null, ""binomial_n_min"": null, ""binomial_n_policy"": null, ""binomial_n_tie_break"": null, ""certified_profiles"": 1, ""optimizer_powell_attempted"": false, ""optimizer_powell_success"": false, ""optimizer_primary_failed_starts"": 0, ""optimizer_primary_successful_starts"": 2, ""optimizer_results"": [{""fun"": 6609.789256737647, ""jac"": [-9.09494702251646e-05, 3583.0372326017823, 0.0, 0.0], ""message"": ""CONVERGENCE: REL_REDUCTION_OF_F_<=_FACTR*EPSMCH"", ""method"": ""L-BFGS-B"", ""nfev"": 40, ""nit"": 6, ""status"": 0, ""success"": true, ""x"": [0.06899100983677244, 0.0, -23.025850929940457, -20.72326583594641]}, {""fun"": 6609.789256737645, ""jac"": [0.0003637978809006584, 3583.0374145007227, 0.0, 0.0], ""message"": ""CONVERGENCE: REL_REDUCTION_OF_F_<=_FACTR*EPSMCH"", ""method"": ""L-BFGS-B"", ""nfev"": 35, ""nit"": 4, ""status"": 0, ""success"": true, ""x"": [0.06899101014771356, 0.0, -23.025850929940457, -20.72326583594641]}], ""solver_path"": ""general_convolution"", ""uncertified_profiles"": 0}"
foul_leaves_5_team,team-quarter,2016-17,9840,optimization,LOOSE_BALL_FOUL_DRAWN,4,FOUL;PERS_FOUL_DRAWN,9,Geom,13247.161146934495,-6609.789256982178,"[0.06899100987206307, 0.0]","{""p"": 0.9999999989999999}",3,True,optimizer_converged_lbfgsb,10,62,2,-6622.409860488009,12.620603505831241,8.959007099969313,"{""binomial_discrete_residual_mean"": null, ""binomial_discrete_residual_variance"": null, ""binomial_h_extension_used"": null, ""binomial_n_candidates"": 0, ""binomial_n_max"": null, ""binomial_n_min"": null, ""binomial_n_policy"": null, ""binomial_n_tie_break"": null, ""certified_profiles"": 1, ""optimizer_powell_attempted"": false, ""optimizer_powell_success"": false, ""optimizer_primary_failed_starts"": 0, ""optimizer_primary_successful_starts"": 2, ""optimizer_results"": [{""fun"": 6609.78925698218, ""jac"": [0.0, 3583.0372326017823, 0.0], ""message"": ""CONVERGENCE: NORM_OF_PROJECTED_GRADIENT_<=_PGTOL"", ""method"": ""L-BFGS-B"", ""nfev"": 32, ""nit"": 6, ""status"": 0, ""success"": true, ""x"": [0.06899100976228735, 0.0, 20.723265864356414]}, {""fun"": 6609.789256982178, ""jac"": [0.0001818989404503292, 3583.0373235512525, 0.0], ""message"": ""CONVERGENCE: REL_REDUCTION_OF_F_<=_FACTR*EPSMCH"", ""method"": ""L-BFGS-B"", ""nfev"": 28, ""nit"": 4, ""status"": 0, ""success"": true, ""x"": [0.06899100987206307, 0.0, 20.723265864465514]}], ""solver_path"": ""general_convolution"", ""uncertified_profiles"": 0}"
foul_leaves_5_team,team-quarter,2016-17,9840,optimization,LOOSE_BALL_FOUL_DRAWN,4,FOUL;PERS_FOUL_DRAWN,9,Binomial,13247.1611474779,-6609.78925725388,"[0.0689910099548803, 0.0]","{""n"": 2, ""p"": 9.999999998910602e-10}",3,True,optimizer_converged_lbfgsb,10,62,2,-6622.4098615762105,12.62060432233011,0.08857399999396876,"{""binomial_discrete_residual_mean"": -0.21339983576388627, ""binomial_discrete_residual_variance"": -0.2698060070286521, ""binomial_h_extension_used"": true, ""binomial_n_candidates"": 1, ""binomial_n_max"": 2, ""binomial_n_min"": 2, ""binomial_n_policy"": ""paper_H_binomial_discrete_index_continuous_full_mle"", ""binomial_n_tie_break"": ""not_applicable_single_mom_index"", ""certified_profiles"": 1, ""optimizer_powell_attempted"": false, ""optimizer_powell_success"": false, ""optimizer_primary_failed_starts"": 0, ""optimizer_primary_successful_starts"": 2, ""optimizer_results"": [{""fun"": 6609.78925725388, ""jac"": [0.0003637978809006584, 3583.0372326017823, 0.0], ""message"": ""CONVERGENCE: REL_REDUCTION_OF_F_<=_FACTR*EPSMCH"", ""method"": ""L-BFGS-B"", ""nfev"": 32, ""nit"": 6, ""status"": 0, ""success"": true, ""x"": [0.0689910099548803, 0.0, -20.72326583605535]}, {""fun"": 6609.789257253881, ""jac"": [9.09494702251646e-05, 3583.0372326017823, -9.094946265210054e-05], ""message"": ""CONVERGENCE: REL_REDUCTION_OF_F_<=_FACTR*EPSMCH"", ""method"": ""L-BFGS-B"", ""nfev"": 28, ""nit"": 4, ""status"": 0, ""success"": true, ""x"": [0.06899100960975948, 0.0, -20.72326583594641]}], ""solver_path"": ""general_convolution"", ""uncertified_profiles"": 0}"
foul_leaves_5_team,team-quarter,2016-17,9840,optimization,LOOSE_BALL_FOUL_DRAWN,4,FOUL;PERS_FOUL_DRAWN,9,Bernoulli,13247.161146934495,-6609.789256982178,"[0.06899101018508201, 0.0]","{""p"": 1.0000000002510816e-09}",3,True,optimizer_converged_lbfgsb,10,62,2,-6622.409860488009,12.620603505831241,0.08842109999386594,"{""binomial_discrete_residual_mean"": null, ""binomial_discrete_residual_variance"": null, ""binomial_h_extension_used"": null, ""binomial_n_candidates"": 0, ""binomial_n_max"": null, ""binomial_n_min"": null, ""binomial_n_policy"": null, ""binomial_n_tie_break"": null, ""certified_profiles"": 1, ""optimizer_powell_attempted"": false, ""optimizer_powell_success"": false, ""optimizer_primary_failed_starts"": 0, ""optimizer_primary_successful_starts"": 2, ""optimizer_results"": [{""fun"": 6609.789256982178, ""jac"": [0.0003637978809006584, 3583.0373235512525, 0.0], ""message"": ""CONVERGENCE: REL_REDUCTION_OF_F_<=_FACTR*EPSMCH"", ""method"": ""L-BFGS-B"", ""nfev"": 32, ""nit"": 6, ""status"": 0, ""success"": true, ""x"": [0.06899101018508201, 0.0, -20.72326583569533]}, {""fun"": 6609.789256982181, ""jac"": [-9.09494702251646e-05, 3583.037050702842, 0.0], ""message"": ""CONVERGENCE: REL_REDUCTION_OF_F_<=_FACTR*EPSMCH"", ""method"": ""L-BFGS-B"", ""nfev"": 28, ""nit"": 4, ""status"": 0, ""success"": true, ""x"": [0.06899100955945231, 0.0, -20.72326583594641]}], ""solver_path"": ""general_convolution"", ""uncertified_profiles"": 0}"
foul_leaves_5_team,team-quarter,2016-17,9840,optimization,LOOSE_BALL_FOUL_DRAWN,4,FTA;PERS_FOUL_DRAWN,10,Poisson,13862.601787968511,-6917.509577499186,"[0.015817275875560876, 0.0]","{""lam"": 0.22245386884080295}",3,True,poisson_convex_mle,12,21,2,-6919.164739928969,1.6551624297826493,0.028263700020033866,"{""binomial_discrete_residual_mean"": null, ""binomial_discrete_residual_variance"": null, ""binomial_h_extension_used"": null, ""binomial_n_candidates"": 0, ""binomial_n_max"": null, ""binomial_n_min"": null, ""binomial_n_policy"": null, ""binomial_n_tie_break"": null, ""certified_profiles"": 1, ""optimizer_primary_failed_starts"": 0, ""optimizer_primary_successful_starts"": 2, ""optimizer_results"": [{""fun"": 6917.509577499186, ""jac"": [4.3958445417047187e-07, 5.652017875945603e-06, 732.8176837932047], ""message"": ""CONVERGENCE: REL_REDUCTION_OF_F_<=_FACTR*EPSMCH"", ""method"": ""L-BFGS-B"", ""nfev"": 8, ""nit"": 6, ""status"": 0, ""success"": true, ""x"": [0.22245386884080295, 0.015817275875560876, 0.0]}, {""fun"": 6917.509577499197, ""jac"": [-0.0006086048042703851, -0.0009123380307300977, 732.81694918446], ""message"": ""CONVERGENCE: REL_REDUCTION_OF_F_<=_FACTR*EPSMCH"", ""method"": ""L-BFGS-B"", ""nfev"": 11, ""nit"": 6, ""status"": 0, ""success"": true, ""x"": [0.2224538244413255, 0.015817280973861914, 0.0]}], ""poisson_canonical_agreement_abs"": 0.0, ""solver_path"": ""poisson_convex"", ""uncertified_profiles"": 0}"
foul_leaves_5_team,team-quarter,2016-17,9840,optimization,LOOSE_BALL_FOUL_DRAWN,4,FTA;PERS_FOUL_DRAWN,10,NB,13871.796974274126,-6917.51006515697,"[0.015817299326188795, 0.0]","{""p"": 0.9999904504090061, ""r"": 23294.363980262704}",4,True,optimizer_converged_lbfgsb,17,122,2,-6919.165203011553,1.6551378545827902,0.15379970002686605,"{""binomial_discrete_residual_mean"": null, ""binomial_discrete_residual_variance"": null, ""binomial_h_extension_used"": null, ""binomial_n_candidates"": 0, ""binomial_n_max"": null, ""binomial_n_min"": null, ""binomial_n_policy"": null, ""binomial_n_tie_break"": null, ""certified_profiles"": 1, ""optimizer_powell_attempted"": false, ""optimizer_powell_success"": false, ""optimizer_primary_failed_starts"": 0, ""optimizer_primary_successful_starts"": 2, ""optimizer_results"": [{""fun"": 6917.510107178613, ""jac"": [-0.0005456968209723344, 732.80125434394, -9.094946265210054e-05, -0.00027284838795630165], ""message"": ""CONVERGENCE: REL_REDUCTION_OF_F_<=_FACTR*EPSMCH"", ""method"": ""L-BFGS-B"", ""nfev"": 40, ""nit"": 6, ""status"": 0, ""success"": true, ""x"": [0.015817314977499813, 0.0, 9.973328183068277, 11.476364704517799]}, {""fun"": 6917.51006515697, ""jac"": [0.0018189894032411148, 732.8039828280453, 0.00018189892530420107, -0.00018189892530420107], ""message"": ""CONVERGENCE: REL_REDUCTION_OF_F_<=_FACTR*EPSMCH"", ""method"": ""L-BFGS-B"", ""nfev"": 80, ""nit"": 11, ""status"": 0, ""success"": true, ""x"": [0.015817299326188795, 0.0, 10.055966721034755, 11.559002682607158]}], ""solver_path"": ""general_convolution"", ""uncertified_profiles"": 0}"
foul_leaves_5_team,team-quarter,2016-17,9840,optimization,LOOSE_BALL_FOUL_DRAWN,4,FTA;PERS_FOUL_DRAWN,10,ZIP,13871.795998975213,-6917.509577507513,"[0.015817259285863812, 0.0]","{""lam"": 0.222453924137962, ""rho"": 9.999999989332272e-10}",4,True,optimizer_converged_lbfgsb,17,117,2,-6919.164739950535,1.6551624430212541,0.12228599999798462,"{""binomial_discrete_residual_mean"": null, ""binomial_discrete_residual_variance"": null, ""binomial_h_extension_used"": null, ""binomial_n_candidates"": 0, ""binomial_n_max"": null, ""binomial_n_min"": null, ""binomial_n_policy"": null, ""binomial_n_tie_break"": null, ""certified_profiles"": 1, ""optimizer_powell_attempted"": false, ""optimizer_powell_success"": false, ""optimizer_primary_failed_starts"": 0, ""optimizer_primary_successful_starts"": 2, ""optimizer_results"": [{""fun"": 6917.5095775082755, ""jac"": [0.05175024852220971, 732.8293577302247, 0.0012732925902204982, -0.00018189892530420107], ""message"": ""CONVERGENCE: REL_REDUCTION_OF_F_<=_FACTR*EPSMCH"", ""method"": ""L-BFGS-B"", ""nfev"": 35, ""nit"": 5, ""status"": 0, ""success"": true, ""x"": [0.015817312068570753, 0.0, -1.5030355189668196, -20.72326583594641]}, {""fun"": 6917.509577507513, ""jac"": [-0.005456968209723344, 732.816170057049, -0.0001818989414600712, 0.0], ""message"": ""CONVERGENCE: REL_REDUCTION_OF_F_<=_FACTR*EPSMCH"", ""method"": ""L-BFGS-B"", ""nfev"": 80, ""nit"": 12, ""status"": 0, ""success"": true, ""x"": [0.015817259285863812, 0.0, -1.5030352813464025, -20.723265837013184]}], ""solver_path"": ""general_convolution"", ""uncertified_profiles"": 0}"
foul_leaves_5_team,team-quarter,2016-17,9840,optimization,LOOSE_BALL_FOUL_DRAWN,4,FTA;PERS_FOUL_DRAWN,10,Geom,13941.626707546746,-6957.022037288303,"[0.021299175767805552, 0.0]","{""p"": 0.8395564896923193}",3,True,optimizer_converged_lbfgsb,23,122,2,-6959.118059753469,2.096022465166243,0.2361007999861613,"{""binomial_discrete_residual_mean"": null, ""binomial_discrete_residual_variance"": null, ""binomial_h_extension_used"": null, ""binomial_n_candidates"": 0, ""binomial_n_max"": null, ""binomial_n_min"": null, ""binomial_n_policy"": null, ""binomial_n_tie_break"": null, ""certified_profiles"": 1, ""optimizer_powell_attempted"": false, ""optimizer_powell_success"": false, ""optimizer_primary_failed_starts"": 0, ""optimizer_primary_successful_starts"": 2, ""optimizer_results"": [{""fun"": 6957.022037288303, ""jac"": [-0.0016370904629170032, 38.060443330323324, 0.0], ""message"": ""CONVERGENCE: REL_REDUCTION_OF_F_<=_FACTR*EPSMCH"", ""method"": ""L-BFGS-B"", ""nfev"": 56, ""nit"": 10, ""status"": 0, ""success"": true, ""x"": [0.021299175767805552, 0.0, 1.6549318440232872]}, {""fun"": 6957.022037288366, ""jac"": [-0.010095391187988186, 38.05798769462854, 0.0001818989414600712], ""message"": ""CONVERGENCE: REL_REDUCTION_OF_F_<=_FACTR*EPSMCH"", ""method"": ""L-BFGS-B"", ""nfev"": 64, ""nit"": 13, ""status"": 0, ""success"": true, ""x"": [0.021299171114357227, 0.0, 1.6549319561781686]}], ""solver_path"": ""general_convolution"", ""uncertified_profiles"": 0}"
foul_leaves_5_team,team-quarter,2016-17,9840,optimization,LOOSE_BALL_FOUL_DRAWN,4,FTA;PERS_FOUL_DRAWN,10,Binomial,13862.124624455722,-6917.2709957427915,"[0.015869593907164473, 0.0]","{""n"": 7, ""p"": 0.031736386878071}",3,True,optimizer_converged_lbfgsb,18,98,2,-6918.918652792554,1.647657049762529,0.13871209998615086,"{""binomial_discrete_residual_mean"": 0.2067660336923171, ""binomial_discrete_residual_variance"": 0.2005859721194634, ""binomial_h_extension_used"": false, ""binomial_n_candidates"": 1, ""binomial_n_max"": 7, ""binomial_n_min"": 7, ""binomial_n_policy"": ""paper_H_binomial_discrete_index_continuous_full_mle"", ""binomial_n_tie_break"": ""not_applicable_single_mom_index"", ""certified_profiles"": 1, ""optimizer_powell_attempted"": false, ""optimizer_powell_success"": false, ""optimizer_primary_failed_starts"": 0, ""optimizer_primary_successful_starts"": 2, ""optimizer_results"": [{""fun"": 6917.27099574416, ""jac"": [0.06339178070295284, 762.8486855537631, 0.0022737367682508897], ""message"": ""CONVERGENCE: REL_REDUCTION_OF_F_<=_FACTR*EPSMCH"", ""method"": ""L-BFGS-B"", ""nfev"": 28, ""nit"": 5, ""status"": 0, ""success"": true, ""x"": [0.01586963429933403, 0.0, -3.418040272608157]}, {""fun"": 6917.2709957427915, ""jac"": [0.0033651303959960624, 762.8334969922435, 9.09494707300356e-05], ""message"": ""CONVERGENCE: REL_REDUCTION_OF_F_<=_FACTR*EPSMCH"", ""method"": ""L-BFGS-B"", ""nfev"": 68, ""nit"": 13, ""status"": 0, ""success"": true, ""x"": [0.015869593907164473, 0.0, -3.4180405041582804]}], ""solver_path"": ""general_convolution"", ""uncertified_profiles"": 0}"
foul_leaves_5_team,team-quarter,2016-17,9840,optimization,LOOSE_BALL_FOUL_DRAWN,4,FTA;PERS_FOUL_DRAWN,10,Bernoulli,inf,-inf,[],{},3,False,infeasible_conditional_support,0,0,0,-inf,0.0,0.00018800003454089165,"{""binomial_discrete_residual_mean"": null, ""binomial_discrete_residual_variance"": null, ""binomial_h_extension_used"": null, ""binomial_n_candidates"": 0, ""binomial_n_max"": null, ""binomial_n_min"": null, ""binomial_n_policy"": null, ""binomial_n_tie_break"": null, ""certified_profiles"": 0, ""solver_path"": ""conditional_support_check"", ""support_violating_rows"": 3, ""uncertified_profiles"": 0}"
foul_leaves_5_team,team-quarter,2016-17,9840,optimization,LOOSE_BALL_FOUL_DRAWN,4,FOUL;FTA;PERS_FOUL_DRAWN,11,Poisson,21427.533000904776,-10695.378078472295,"[0.24911753184982222, 0.0, 0.0]","{""lam"": 0.0}",4,True,poisson_convex_mle,2,8,2,-10695.378078472295,0.0,0.008915199956391007,"{""binomial_discrete_residual_mean"": null, ""binomial_discrete_residual_variance"": null, ""binomial_h_extension_used"": null, ""binomial_n_candidates"": 0, ""binomial_n_max"": null, ""binomial_n_min"": null, ""binomial_n_policy"": null, ""binomial_n_tie_break"": null, ""certified_profiles"": 1, ""optimizer_primary_failed_starts"": 1, ""optimizer_primary_successful_starts"": 1, ""optimizer_results"": [{""fun"": 15355.540887706702, ""jac"": [8117.591061045212, 36595.241857251516, 47520.08065818477, 14561.825355929048], ""message"": ""CONVERGENCE: REL_REDUCTION_OF_F_<=_FACTR*EPSMCH"", ""method"": ""L-BFGS-B"", ""nfev"": 3, ""nit"": 1, ""status"": 0, ""success"": true, ""x"": [0.0, 0.3832577413074188, 0.0, 0.0]}, {""fun"": 10695.378078472295, ""jac"": [7190.1400939155865, 32269.372088078246, 42808.04716643781, 13264.03900912142], ""message"": ""CONVERGENCE: REL_REDUCTION_OF_F_<=_FACTR*EPSMCH"", ""method"": ""L-BFGS-B"", ""nfev"": 3, ""nit"": 1, ""status"": 0, ""success"": true, ""x"": [0.0, 0.24911753184982222, 0.0, 0.0]}], ""poisson_canonical_agreement_abs"": 0.0, ""solver_path"": ""poisson_convex"", ""uncertified_profiles"": 0}"
foul_leaves_5_team,team-quarter,2016-17,9840,optimization,LOOSE_BALL_FOUL_DRAWN,4,FOUL;FTA;PERS_FOUL_DRAWN,11,NB,13265.554325572237,-6609.791635311003,"[0.06898913188997, 0.0, 0.0]","{""p"": 0.9999906421921195, ""r"": 0.9353521943901103}",5,True,optimizer_converged_lbfgsb,15,146,2,-10695.449979764868,4085.6583444538646,0.16005010000662878,"{""binomial_discrete_residual_mean"": null, ""binomial_discrete_residual_variance"": null, ""binomial_h_extension_used"": null, ""binomial_n_candidates"": 0, ""binomial_n_max"": null, ""binomial_n_min"": null, ""binomial_n_policy"": null, ""binomial_n_tie_break"": null, ""certified_profiles"": 1, ""optimizer_powell_attempted"": false, ""optimizer_powell_success"": false, ""optimizer_primary_failed_starts"": 0, ""optimizer_primary_successful_starts"": 2, ""optimizer_results"": [{""fun"": 6609.791635311003, ""jac"": [-0.0010004441724768107, 7657.8964581131, 3583.006764529273, 0.0023646862258542797, -0.0023646860289546143], ""message"": ""CONVERGENCE: REL_REDUCTION_OF_F_<=_FACTR*EPSMCH"", ""method"": ""L-BFGS-B"", ""nfev"": 78, ""nit"": 8, ""status"": 0, ""success"": true, ""x"": [0.06898913188997, 0.0, 0.0, -0.06683214212688648, 11.579290137855697]}, {""fun"": 6609.79170570512, ""jac"": [-0.0013642420533774692, 7657.891728740651, 3583.005764085101, 0.0025465851645375607, -0.0023646860289546143], ""message"": ""CONVERGENCE: REL_REDUCTION_OF_F_<=_FACTR*EPSMCH"", ""method"": ""L-BFGS-B"", ""nfev"": 66, ""nit"": 7, ""status"": 0, ""success"": true, ""x"": [0.06898907548405885, 0.0, 0.0, -0.05209375735515192, 11.564867694983631]}], ""solver_path"": ""general_convolution"", ""uncertified_profiles"": 0}"
foul_leaves_5_team,team-quarter,2016-17,9840,optimization,LOOSE_BALL_FOUL_DRAWN,4,FOUL;FTA;PERS_FOUL_DRAWN,11,ZIP,13265.549568425526,-6609.7892567376475,"[0.06899100977185788, 0.0, 0.0]","{""lam"": 9.999999999999996e-11, ""rho"": 1.0000000000000007e-09}",5,True,optimizer_converged_lbfgsb,16,152,2,-10695.378079191307,4085.5888224536593,0.11843259999295697,"{""binomial_discrete_residual_mean"": null, ""binomial_discrete_residual_variance"": null, ""binomial_h_extension_used"": null, ""binomial_n_candidates"": 0, ""binomial_n_max"": null, ""binomial_n_min"": null, ""binomial_n_policy"": null, ""binomial_n_tie_break"": null, ""certified_profiles"": 1, ""optimizer_powell_attempted"": false, ""optimizer_powell_success"": false, ""optimizer_primary_failed_starts"": 0, ""optimizer_primary_successful_starts"": 2, ""optimizer_results"": [{""fun"": 6609.78925673765, ""jac"": [-0.0006366462915761523, 7658.038339286577, 3583.037050702842, 0.0, 0.0], ""message"": ""CONVERGENCE: REL_REDUCTION_OF_F_<=_FACTR*EPSMCH"", ""method"": ""L-BFGS-B"", ""nfev"": 78, ""nit"": 8, ""status"": 0, ""success"": true, ""x"": [0.06899100888779798, 0.0, 0.0, -23.025850929940457, -20.72326583594641]}, {""fun"": 6609.7892567376475, ""jac"": [-9.09494702251646e-05, 7658.038884983398, 3583.0372326017823, 0.0, 0.0], ""message"": ""CONVERGENCE: REL_REDUCTION_OF_F_<=_FACTR*EPSMCH"", ""method"": ""L-BFGS-B"", ""nfev"": 72, ""nit"": 8, ""status"": 0, ""success"": true, ""x"": [0.06899100977185788, 0.0, 0.0, -23.025850929940457, -20.72326583594641]}], ""solver_path"": ""general_convolution"", ""uncertified_profiles"": 0}"
foul_leaves_5_team,team-quarter,2016-17,9840,optimization,LOOSE_BALL_FOUL_DRAWN,4,FOUL;FTA;PERS_FOUL_DRAWN,11,Geom,13256.355357924545,-6609.78925698218,"[0.06899100939427232, 0.0, 0.0]","{""p"": 0.9999999990000001}",4,True,optimizer_converged_lbfgsb,16,127,2,-10695.378085662433,4085.588828680253,14.475302799954079,"{""binomial_discrete_residual_mean"": null, ""binomial_discrete_residual_variance"": null, ""binomial_h_extension_used"": null, ""binomial_n_candidates"": 0, ""binomial_n_max"": null, ""binomial_n_min"": null, ""binomial_n_policy"": null, ""binomial_n_tie_break"": null, ""certified_profiles"": 1, ""optimizer_powell_attempted"": false, ""optimizer_powell_success"": false, ""optimizer_primary_failed_starts"": 0, ""optimizer_primary_successful_starts"": 2, ""optimizer_results"": [{""fun"": 6609.78925698218, ""jac"": [-0.0001818989404503292, 7658.038794033928, 3583.037141652312, 0.0], ""message"": ""CONVERGENCE: REL_REDUCTION_OF_F_<=_FACTR*EPSMCH"", ""method"": ""L-BFGS-B"", ""nfev"": 65, ""nit"": 8, ""status"": 0, ""success"": true, ""x"": [0.06899100939427232, 0.0, 0.0, 20.723265865539723]}, {""fun"": 6609.78925698218, ""jac"": [-9.09494702251646e-05, 7658.038884983398, 3583.037141652312, 0.0], ""message"": ""CONVERGENCE: REL_REDUCTION_OF_F_<=_FACTR*EPSMCH"", ""method"": ""L-BFGS-B"", ""nfev"": 60, ""nit"": 8, ""status"": 0, ""success"": true, ""x"": [0.06899100948462884, 0.0, 0.0, 20.723265864761633]}], ""solver_path"": ""general_convolution"", ""uncertified_profiles"": 0}"
foul_leaves_5_team,team-quarter,2016-17,9840,optimization,LOOSE_BALL_FOUL_DRAWN,4,FOUL;FTA;PERS_FOUL_DRAWN,11,Binomial,13256.355358467947,-6609.78925725388,"[0.06899100937338296, 0.0, 0.0]","{""n"": 2, ""p"": 1.0000000001002583e-09}",4,True,optimizer_converged_lbfgsb,17,132,2,-10695.378092852572,4085.5888355986917,0.19028560002334416,"{""binomial_discrete_residual_mean"": -1.425346517968373, ""binomial_discrete_residual_variance"": -2.025084247586478, ""binomial_h_extension_used"": true, ""binomial_n_candidates"": 1, ""binomial_n_max"": 2, ""binomial_n_min"": 2, ""binomial_n_policy"": ""paper_H_binomial_discrete_index_continuous_full_mle"", ""binomial_n_tie_break"": ""not_applicable_single_mom_index"", ""certified_profiles"": 1, ""optimizer_powell_attempted"": false, ""optimizer_powell_success"": false, ""optimizer_primary_failed_starts"": 0, ""optimizer_primary_successful_starts"": 2, ""optimizer_results"": [{""fun"": 6609.78925725388, ""jac"": [9.09494702251646e-05, 7658.039066882338, 3583.0373235512525, 0.0], ""message"": ""CONVERGENCE: REL_REDUCTION_OF_F_<=_FACTR*EPSMCH"", ""method"": ""L-BFGS-B"", ""nfev"": 70, ""nit"": 9, ""status"": 0, ""success"": true, ""x"": [0.06899100937338296, 0.0, 0.0, -20.723265835846153]}, {""fun"": 6609.789257253882, ""jac"": [-9.09494702251646e-05, 7658.038884983398, 3583.0372326017823, 0.0], ""message"": ""CONVERGENCE: REL_REDUCTION_OF_F_<=_FACTR*EPSMCH"", ""method"": ""L-BFGS-B"", ""nfev"": 60, ""nit"": 8, ""status"": 0, ""success"": true, ""x"": [0.06899100927716784, 0.0, 0.0, -20.72326583594641]}], ""solver_path"": ""general_convolution"", ""uncertified_profiles"": 0}"
foul_leaves_5_team,team-quarter,2016-17,9840,optimization,LOOSE_BALL_FOUL_DRAWN,4,FOUL;FTA;PERS_FOUL_DRAWN,11,Bernoulli,13256.355357924545,-6609.78925698218,"[0.06899100956498458, 0.0, 0.0]","{""p"": 1.0000000000000007e-09}",4,True,optimizer_converged_lbfgsb,17,132,2,-10695.378085662433,4085.588828680253,0.1970049999654293,"{""binomial_discrete_residual_mean"": null, ""binomial_discrete_residual_variance"": null, ""binomial_h_extension_used"": null, ""binomial_n_candidates"": 0, ""binomial_n_max"": null, ""binomial_n_min"": null, ""binomial_n_policy"": null, ""binomial_n_tie_break"": null, ""certified_profiles"": 1, ""optimizer_powell_attempted"": false, ""optimizer_powell_success"": false, ""optimizer_primary_failed_starts"": 0, ""optimizer_primary_successful_starts"": 2, ""optimizer_results"": [{""fun"": 6609.78925698218, ""jac"": [0.0, 7658.038884983398, 3583.0372326017823, 0.0], ""message"": ""CONVERGENCE: NORM_OF_PROJECTED_GRADIENT_<=_PGTOL"", ""method"": ""L-BFGS-B"", ""nfev"": 70, ""nit"": 9, ""status"": 0, ""success"": true, ""x"": [0.06899100956498458, 0.0, 0.0, -20.72326583594641]}, {""fun"": 6609.78925698218, ""jac"": [0.0, 7658.038975932868, 3583.0372326017823, 0.0], ""message"": ""CONVERGENCE: NORM_OF_PROJECTED_GRADIENT_<=_PGTOL"", ""method"": ""L-BFGS-B"", ""nfev"": 60, ""nit"": 8, ""status"": 0, ""success"": true, ""x"": [0.0689910096171087, 0.0, 0.0, -20.723265835622342]}], ""solver_path"": ""general_convolution"", ""uncertified_profiles"": 0}"
foul_leaves_5_team,team-quarter,2016-17,9840,optimization,LOOSE_BALL_FOUL_DRAWN,4,FTM;PERS_FOUL_DRAWN,12,Poisson,13890.016189050357,-6931.216778040109,"[0.016845693933512002, 0.0]","{""lam"": 0.2385526230497884}",3,True,poisson_convex_mle,11,20,2,-6931.950886091809,0.7341080516998773,0.02441559999715537,"{""binomial_discrete_residual_mean"": null, ""binomial_discrete_residual_variance"": null, ""binomial_h_extension_used"": null, ""binomial_n_candidates"": 0, ""binomial_n_max"": null, ""binomial_n_min"": null, ""binomial_n_policy"": null, ""binomial_n_tie_break"": null, ""certified_profiles"": 1, ""optimizer_primary_failed_starts"": 0, ""optimizer_primary_successful_starts"": 2, ""optimizer_results"": [{""fun"": 6931.216778040109, ""jac"": [-5.2799710715589754e-05, 0.00013806026970542007, 605.3954322134609], ""message"": ""CONVERGENCE: REL_REDUCTION_OF_F_<=_FACTR*EPSMCH"", ""method"": ""L-BFGS-B"", ""nfev"": 7, ""nit"": 5, ""status"": 0, ""success"": true, ""x"": [0.2385526230497884, 0.016845693933512002, 0.0]}, {""fun"": 6931.216778040109, ""jac"": [6.719193699211701e-05, 0.00014424601295104367, 605.3955636727723], ""message"": ""CONVERGENCE: REL_REDUCTION_OF_F_<=_FACTR*EPSMCH"", ""method"": ""L-BFGS-B"", ""nfev"": 11, ""nit"": 6, ""status"": 0, ""success"": true, ""x"": [0.23855263335461324, 0.016845692260299864, 0.0]}], ""poisson_canonical_agreement_abs"": 0.0, ""solver_path"": ""poisson_convex"", ""uncertified_profiles"": 0}"
foul_leaves_5_team,team-quarter,2016-17,9840,optimization,LOOSE_BALL_FOUL_DRAWN,4,FTM;PERS_FOUL_DRAWN,12,NB,13899.211235813389,-6931.217195926602,"[0.016845778733886877, 0.0]","{""p"": 0.9999903860578518, ""r"": 24812.93670181306}",4,True,optimizer_converged_lbfgsb,14,107,2,-6931.9512965954655,0.7341006688639027,0.13211830001091585,"{""binomial_discrete_residual_mean"": null, ""binomial_discrete_residual_variance"": null, ""binomial_h_extension_used"": null, ""binomial_n_candidates"": 0, ""binomial_n_max"": null, ""binomial_n_min"": null, ""binomial_n_policy"": null, ""binomial_n_tie_break"": null, ""certified_profiles"": 1, ""optimizer_powell_attempted"": false, ""optimizer_powell_success"": false, ""optimizer_primary_failed_starts"": 0, ""optimizer_primary_successful_starts"": 2, ""optimizer_results"": [{""fun"": 6931.217222113774, ""jac"": [0.007730704963774738, 605.383775109658, -0.00027284838795630165, -0.001000444089173106], ""message"": ""CONVERGENCE: REL_REDUCTION_OF_F_<=_FACTR*EPSMCH"", ""method"": ""L-BFGS-B"", ""nfev"": 35, ""nit"": 5, ""status"": 0, ""success"": true, ""x"": [0.01684573089442146, 0.0, 10.058358483679825, 11.491524224737207]}, {""fun"": 6931.217195926602, ""jac"": [0.03346940501963651, 605.3911420167424, 0.0007275957012168043, -0.0010913935518252066], ""message"": ""CONVERGENCE: REL_REDUCTION_OF_F_<=_FACTR*EPSMCH"", ""method"": ""L-BFGS-B"", ""nfev"": 70, ""nit"": 9, ""status"": 0, ""success"": true, ""x"": [0.016845778733886877, 0.0, 10.119120437347737, 11.552286591990795]}], ""solver_path"": ""general_convolution"", ""uncertified_profiles"": 0}"
foul_leaves_5_team,team-quarter,2016-17,9840,optimization,LOOSE_BALL_FOUL_DRAWN,4,FTM;PERS_FOUL_DRAWN,12,ZIP,13899.210400055534,-6931.216778047674,"[0.016845681938365123, 0.0]","{""lam"": 0.23855270185077046, ""rho"": 1.0000000012440472e-09}",4,True,optimizer_converged_lbfgsb,16,117,2,-6931.950886107533,0.7341080598589542,0.09990249999100342,"{""binomial_discrete_residual_mean"": null, ""binomial_discrete_residual_variance"": null, ""binomial_h_extension_used"": null, ""binomial_n_candidates"": 0, ""binomial_n_max"": null, ""binomial_n_min"": null, ""binomial_n_policy"": null, ""binomial_n_tie_break"": null, ""certified_profiles"": 1, ""optimizer_powell_attempted"": false, ""optimizer_powell_success"": false, ""optimizer_primary_failed_starts"": 0, ""optimizer_primary_successful_starts"": 2, ""optimizer_results"": [{""fun"": 6931.216778047674, ""jac"": [0.004729372448426898, 605.3973265807144, 0.0003637978829201424, 0.0], ""message"": ""CONVERGENCE: REL_REDUCTION_OF_F_<=_FACTR*EPSMCH"", ""method"": ""L-BFGS-B"", ""nfev"": 35, ""nit"": 5, ""status"": 0, ""success"": true, ""x"": [0.016845681938365123, 0.0, -1.4331650209438533, -20.723265834702364]}, {""fun"": 6931.2167780476775, ""jac"": [0.0015461409927549476, 605.3963261365425, 0.0, 0.0], ""message"": ""CONVERGENCE: REL_REDUCTION_OF_F_<=_FACTR*EPSMCH"", ""method"": ""L-BFGS-B"", ""nfev"": 80, ""nit"": 11, ""status"": 0, ""success"": true, ""x"": [0.016845678073427732, 0.0, -1.4331650241344231, -20.72326583594641]}], ""solver_path"": ""general_convolution"", ""uncertified_profiles"": 0}"
foul_leaves_5_team,team-quarter,2016-17,9840,optimization,LOOSE_BALL_FOUL_DRAWN,4,FTM;PERS_FOUL_DRAWN,12,Geom,13983.516756914725,-6977.967061972293,"[0.023612743652598554, 0.003005677661881942]","{""p"": 0.8309099206939622}",3,True,optimizer_converged_lbfgsb,24,142,2,-6982.9397473371355,4.972685364842619,0.37262209999607876,"{""binomial_discrete_residual_mean"": null, ""binomial_discrete_residual_variance"": null, ""binomial_h_extension_used"": null, ""binomial_n_candidates"": 0, ""binomial_n_max"": null, ""binomial_n_min"": null, ""binomial_n_policy"": null, ""binomial_n_tie_break"": null, ""certified_profiles"": 1, ""optimizer_powell_attempted"": false, ""optimizer_powell_success"": false, ""optimizer_primary_failed_starts"": 0, ""optimizer_primary_successful_starts"": 2, ""optimizer_results"": [{""fun"": 6977.967062020491, ""jac"": [0.03547029336320174, 0.07530616130724568, 0.0009094947073003559], ""message"": ""CONVERGENCE: REL_REDUCTION_OF_F_<=_FACTR*EPSMCH"", ""method"": ""L-BFGS-B"", ""nfev"": 72, ""nit"": 12, ""status"": 0, ""success"": true, ""x"": [0.02361266884354624, 0.0030069063052313456, 1.5920987029612652]}, {""fun"": 6977.967061972293, ""jac"": [-0.0002728484104861672, -0.00036379788071133184, 9.09494707300356e-05], ""message"": ""CONVERGENCE: REL_REDUCTION_OF_F_<=_FACTR*EPSMCH"", ""method"": ""L-BFGS-B"", ""nfev"": 68, ""nit"": 12, ""status"": 0, ""success"": true, ""x"": [0.023612743652598554, 0.003005677661881942, 1.5920898037293756]}], ""solver_path"": ""general_convolution"", ""uncertified_profiles"": 0}"
foul_leaves_5_team,team-quarter,2016-17,9840,optimization,LOOSE_BALL_FOUL_DRAWN,4,FTM;PERS_FOUL_DRAWN,12,Binomial,13889.56162925897,-6930.989498144415,"[0.01686252367336575, 0.0]","{""n"": 11, ""p"": 0.0216798490910853}",3,True,optimizer_converged_lbfgsb,16,94,2,-6931.726932787138,0.7374346427232013,0.18983039999147877,"{""binomial_discrete_residual_mean"": 0.22855766775702757, ""binomial_discrete_residual_variance"": 0.22366820719288852, ""binomial_h_extension_used"": false, ""binomial_n_candidates"": 1, ""binomial_n_max"": 11, ""binomial_n_min"": 11, ""binomial_n_policy"": ""paper_H_binomial_discrete_index_continuous_full_mle"", ""binomial_n_tie_break"": ""not_applicable_single_mom_index"", ""certified_profiles"": 1, ""optimizer_powell_attempted"": false, ""optimizer_powell_success"": false, ""optimizer_primary_failed_starts"": 0, ""optimizer_primary_successful_starts"": 2, ""optimizer_results"": [{""fun"": 6930.989498144415, ""jac"": [0.0029103830451857834, 627.2259270190261, 9.09494707300356e-05], ""message"": ""CONVERGENCE: REL_REDUCTION_OF_F_<=_FACTR*EPSMCH"", ""method"": ""L-BFGS-B"", ""nfev"": 28, ""nit"": 5, ""status"": 0, ""success"": true, ""x"": [0.01686252367336575, 0.0, -3.8094537533303034]}, {""fun"": 6930.989498144439, ""jac"": [0.0032741809258340065, 627.2265636653174, 9.09494707300356e-05], ""message"": ""CONVERGENCE: REL_REDUCTION_OF_F_<=_FACTR*EPSMCH"", ""method"": ""L-BFGS-B"", ""nfev"": 64, ""nit"": 11, ""status"": 0, ""success"": true, ""x"": [0.016862516481619072, 0.0, -3.8094535546496395]}], ""solver_path"": ""general_convolution"", ""uncertified_profiles"": 0}"
foul_leaves_5_team,team-quarter,2016-17,9840,optimization,LOOSE_BALL_FOUL_DRAWN,4,FTM;PERS_FOUL_DRAWN,12,Bernoulli,inf,-inf,[],{},3,False,infeasible_conditional_support,0,0,0,-inf,0.0,7.469998672604561e-05,"{""binomial_discrete_residual_mean"": null, ""binomial_discrete_residual_variance"": null, ""binomial_h_extension_used"": null, ""binomial_n_candidates"": 0, ""binomial_n_max"": null, ""binomial_n_min"": null, ""binomial_n_policy"": null, ""binomial_n_tie_break"": null, ""certified_profiles"": 0, ""solver_path"": ""conditional_support_check"", ""support_violating_rows"": 3, ""uncertified_profiles"": 0}"
foul_leaves_5_team,team-quarter,2016-17,9840,optimization,LOOSE_BALL_FOUL_DRAWN,4,FOUL;FTM;PERS_FOUL_DRAWN,13,Poisson,16956.579546428355,-8459.901351234084,"[0.17444458870739168, 0.0, 0.0]","{""lam"": 0.0}",4,True,poisson_convex_mle,2,8,2,-8459.901351234084,0.0,0.008511400024872273,"{""binomial_discrete_residual_mean"": null, ""binomial_discrete_residual_variance"": null, ""binomial_h_extension_used"": null, ""binomial_n_candidates"": 0, ""binomial_n_max"": null, ""binomial_n_min"": null, ""binomial_n_policy"": null, ""binomial_n_tie_break"": null, ""certified_profiles"": 1, ""optimizer_primary_failed_starts"": 1, ""optimizer_primary_successful_starts"": 1, ""optimizer_results"": [{""fun"": 11325.598663812747, ""jac"": [7380.294789950405, 33156.30248137952, 33866.21037788385, 13530.12333814985], ""message"": ""CONVERGENCE: REL_REDUCTION_OF_F_<=_FACTR*EPSMCH"", ""method"": ""L-BFGS-B"", ""nfev"": 3, ""nit"": 1, ""status"": 0, ""success"": true, ""x"": [0.0, 0.2683762903190641, 0.0, 0.0]}, {""fun"": 8459.901351234084, ""jac"": [6055.838138385356, 26978.696125199887, 28715.40058135974, 11676.80513561525], ""message"": ""CONVERGENCE: REL_REDUCTION_OF_F_<=_FACTR*EPSMCH"", ""method"": ""L-BFGS-B"", ""nfev"": 3, ""nit"": 1, ""status"": 0, ""success"": true, ""x"": [0.0, 0.17444458870739168, 0.0, 0.0]}], ""poisson_canonical_agreement_abs"": 0.0, ""solver_path"": ""poisson_convex"", ""uncertified_profiles"": 0}"
foul_leaves_5_team,team-quarter,2016-17,9840,optimization,LOOSE_BALL_FOUL_DRAWN,4,FOUL;FTM;PERS_FOUL_DRAWN,13,NB,13265.55443918565,-6609.791692117709,"[0.06898908591331146, 0.0, 0.0]","{""p"": 0.9999905313251573, ""r"": 0.946473714200895}",5,True,optimizer_converged_lbfgsb,15,134,2,-8459.96190974386,1850.1702176261515,0.15130819997284561,"{""binomial_discrete_residual_mean"": null, ""binomial_discrete_residual_variance"": null, ""binomial_h_extension_used"": null, ""binomial_n_candidates"": 0, ""binomial_n_max"": null, ""binomial_n_min"": null, ""binomial_n_policy"": null, ""binomial_n_tie_break"": null, ""certified_profiles"": 1, ""optimizer_powell_attempted"": false, ""optimizer_powell_success"": false, ""optimizer_primary_failed_starts"": 0, ""optimizer_primary_successful_starts"": 2, ""optimizer_results"": [{""fun"": 6609.791692117709, ""jac"": [-0.001637090464052963, 6220.794966793619, 3583.005855034571, 0.002455635694375505, -0.002455635491606715], ""message"": ""CONVERGENCE: REL_REDUCTION_OF_F_<=_FACTR*EPSMCH"", ""method"": ""L-BFGS-B"", ""nfev"": 72, ""nit"": 8, ""status"": 0, ""success"": true, ""x"": [0.06898908591331146, 0.0, 0.0, -0.055012080296954806, 11.567512123979288]}, {""fun"": 6609.791782601418, ""jac"": [-0.001637090464052963, 6220.790783117991, 3583.004672691459, 0.0025465851645375607, -0.0025465849542588154], ""message"": ""CONVERGENCE: REL_REDUCTION_OF_F_<=_FACTR*EPSMCH"", ""method"": ""L-BFGS-B"", ""nfev"": 60, ""nit"": 7, ""status"": 0, ""success"": true, ""x"": [0.06898901458638029, 0.0, 0.0, -0.03662728287898624, 11.549422782455865]}], ""solver_path"": ""general_convolution"", ""uncertified_profiles"": 0}"
foul_leaves_5_team,team-quarter,2016-17,9840,optimization,LOOSE_BALL_FOUL_DRAWN,4,FOUL;FTM;PERS_FOUL_DRAWN,13,ZIP,13265.549568425522,-6609.789256737646,"[0.06899100988475626, 0.0, 0.0]","{""lam"": 9.999999999999996e-11, ""rho"": 1.0000000000000007e-09}",5,True,optimizer_converged_lbfgsb,15,134,2,-8459.90135183967,1850.1120951020239,0.10994580003898591,"{""binomial_discrete_residual_mean"": null, ""binomial_discrete_residual_variance"": null, ""binomial_h_extension_used"": null, ""binomial_n_candidates"": 0, ""binomial_n_max"": null, ""binomial_n_min"": null, ""binomial_n_policy"": null, ""binomial_n_tie_break"": null, ""certified_profiles"": 1, ""optimizer_powell_attempted"": false, ""optimizer_powell_success"": false, ""optimizer_primary_failed_starts"": 0, ""optimizer_primary_successful_starts"": 2, ""optimizer_results"": [{""fun"": 6609.7892567376475, ""jac"": [0.0, 6220.906107046176, 3583.037141652312, 0.0, 0.0], ""message"": ""CONVERGENCE: NORM_OF_PROJECTED_GRADIENT_<=_PGTOL"", ""method"": ""L-BFGS-B"", ""nfev"": 72, ""nit"": 8, ""status"": 0, ""success"": true, ""x"": [0.06899100975647772, 0.0, 0.0, -23.025850929940457, -20.72326583594641]}, {""fun"": 6609.789256737646, ""jac"": [0.0001818989404503292, 6220.906288945116, 3583.0373235512525, 0.0, 0.0], ""message"": ""CONVERGENCE: REL_REDUCTION_OF_F_<=_FACTR*EPSMCH"", ""method"": ""L-BFGS-B"", ""nfev"": 60, ""nit"": 7, ""status"": 0, ""success"": true, ""x"": [0.06899100988475626, 0.0, 0.0, -23.025850929940457, -20.72326583594641]}], ""solver_path"": ""general_convolution"", ""uncertified_profiles"": 0}"
foul_leaves_5_team,team-quarter,2016-17,9840,optimization,LOOSE_BALL_FOUL_DRAWN,4,FOUL;FTM;PERS_FOUL_DRAWN,13,Geom,13256.355357924527,-6609.789256982171,"[0.06899100946406657, 0.0, 0.0]","{""p"": 0.999999999000033}",4,True,optimizer_converged_lbfgsb,15,112,2,-8459.901357289924,1850.1121003077533,13.446433800039813,"{""binomial_discrete_residual_mean"": null, ""binomial_discrete_residual_variance"": null, ""binomial_h_extension_used"": null, ""binomial_n_candidates"": 0, ""binomial_n_max"": null, ""binomial_n_min"": null, ""binomial_n_policy"": null, ""binomial_n_tie_break"": null, ""certified_profiles"": 1, ""optimizer_powell_attempted"": false, ""optimizer_powell_success"": false, ""optimizer_primary_failed_starts"": 0, ""optimizer_primary_successful_starts"": 2, ""optimizer_results"": [{""fun"": 6609.78925698218, ""jac"": [0.0, 6220.906016096706, 3583.0372326017823, 0.0], ""message"": ""CONVERGENCE: NORM_OF_PROJECTED_GRADIENT_<=_PGTOL"", ""method"": ""L-BFGS-B"", ""nfev"": 60, ""nit"": 8, ""status"": 0, ""success"": true, ""x"": [0.06899100971431586, 0.0, 0.0, 20.723265866217233]}, {""fun"": 6609.789256982171, ""jac"": [0.0, 6220.906107046176, 3583.0372326017823, 0.0], ""message"": ""CONVERGENCE: NORM_OF_PROJECTED_GRADIENT_<=_PGTOL"", ""method"": ""L-BFGS-B"", ""nfev"": 50, ""nit"": 7, ""status"": 0, ""success"": true, ""x"": [0.06899100946406657, 0.0, 0.0, 20.723298878200612]}], ""solver_path"": ""general_convolution"", ""uncertified_profiles"": 0}"
foul_leaves_5_team,team-quarter,2016-17,9840,optimization,LOOSE_BALL_FOUL_DRAWN,4,FOUL;FTM;PERS_FOUL_DRAWN,13,Binomial,13256.355358467932,-6609.789257253873,"[0.06899101511907291, 0.0, 0.0]","{""n"": 2, ""p"": 9.999999999520035e-10}",4,True,optimizer_converged_lbfgsb,15,122,2,-8459.901363345762,1850.1121060918886,0.1810323999961838,"{""binomial_discrete_residual_mean"": -0.9043054329928366, ""binomial_discrete_residual_variance"": -1.1991866400686344, ""binomial_h_extension_used"": true, ""binomial_n_candidates"": 1, ""binomial_n_max"": 2, ""binomial_n_min"": 2, ""binomial_n_policy"": ""paper_H_binomial_discrete_index_continuous_full_mle"", ""binomial_n_tie_break"": ""not_applicable_single_mom_index"", ""certified_profiles"": 1, ""optimizer_powell_attempted"": false, ""optimizer_powell_success"": false, ""optimizer_primary_failed_starts"": 0, ""optimizer_primary_successful_starts"": 2, ""optimizer_results"": [{""fun"": 6609.789257253873, ""jac"": [0.003728928279231749, 6220.909199328162, 3583.0384149448946, 0.0], ""message"": ""CONVERGENCE: REL_REDUCTION_OF_F_<=_FACTR*EPSMCH"", ""method"": ""L-BFGS-B"", ""nfev"": 70, ""nit"": 8, ""status"": 0, ""success"": true, ""x"": [0.06899101511907291, 0.0, 0.0, -20.723265835994408]}, {""fun"": 6609.789257253879, ""jac"": [0.00045474735112582305, 6220.906379894586, 3583.0374145007227, 0.0], ""message"": ""CONVERGENCE: REL_REDUCTION_OF_F_<=_FACTR*EPSMCH"", ""method"": ""L-BFGS-B"", ""nfev"": 50, ""nit"": 7, ""status"": 0, ""success"": true, ""x"": [0.06899100992640411, 0.0, 0.0, -20.72326583524003]}], ""solver_path"": ""general_convolution"", ""uncertified_profiles"": 0}"
foul_leaves_5_team,team-quarter,2016-17,9840,optimization,LOOSE_BALL_FOUL_DRAWN,4,FOUL;FTM;PERS_FOUL_DRAWN,13,Bernoulli,13256.355357924529,-6609.7892569821715,"[0.06899101537856259, 0.0, 0.0]","{""p"": 1.0000000000000007e-09}",4,True,optimizer_converged_lbfgsb,15,122,2,-8459.901357289924,1850.1121003077524,0.1645484000327997,"{""binomial_discrete_residual_mean"": null, ""binomial_discrete_residual_variance"": null, ""binomial_h_extension_used"": null, ""binomial_n_candidates"": 0, ""binomial_n_max"": null, ""binomial_n_min"": null, ""binomial_n_policy"": null, ""binomial_n_tie_break"": null, ""certified_profiles"": 1, ""optimizer_powell_attempted"": false, ""optimizer_powell_success"": false, ""optimizer_primary_failed_starts"": 0, ""optimizer_primary_successful_starts"": 2, ""optimizer_results"": [{""fun"": 6609.7892569821715, ""jac"": [0.003728928279231749, 6220.909290277632, 3583.0383239954244, 0.0], ""message"": ""CONVERGENCE: REL_REDUCTION_OF_F_<=_FACTR*EPSMCH"", ""method"": ""L-BFGS-B"", ""nfev"": 70, ""nit"": 8, ""status"": 0, ""success"": true, ""x"": [0.06899101537856259, 0.0, 0.0, -20.72326583594641]}, {""fun"": 6609.789256982178, ""jac"": [0.00027284841067549384, 6220.906379894586, 3583.0373235512525, 0.0], ""message"": ""CONVERGENCE: REL_REDUCTION_OF_F_<=_FACTR*EPSMCH"", ""method"": ""L-BFGS-B"", ""nfev"": 50, ""nit"": 7, ""status"": 0, ""success"": true, ""x"": [0.06899101009526735, 0.0, 0.0, -20.72326583594641]}], ""solver_path"": ""general_convolution"", ""uncertified_profiles"": 0}"
foul_leaves_5_team,team-quarter,2016-17,9840,optimization,LOOSE_BALL_FOUL_DRAWN,4,FTA;FTM;PERS_FOUL_DRAWN,14,Poisson,13871.795998958558,-6917.509577499186,"[0.01581727498342644, 0.0, 0.0]","{""lam"": 0.22245387230555827}",4,True,poisson_convex_mle,13,19,2,-6919.146656513478,1.637079014291885,0.02815029997145757,"{""binomial_discrete_residual_mean"": null, ""binomial_discrete_residual_variance"": null, ""binomial_h_extension_used"": null, ""binomial_n_candidates"": 0, ""binomial_n_max"": null, ""binomial_n_min"": null, ""binomial_n_policy"": null, ""binomial_n_tie_break"": null, ""certified_profiles"": 1, ""optimizer_primary_failed_starts"": 0, ""optimizer_primary_successful_starts"": 2, ""optimizer_results"": [{""fun"": 6917.509577499273, ""jac"": [-0.002366614132636613, -0.012708722962798902, 406.9342673922042, 732.8138640674654], ""message"": ""CONVERGENCE: REL_REDUCTION_OF_F_<=_FACTR*EPSMCH"", ""method"": ""L-BFGS-B"", ""nfev"": 9, ""nit"": 7, ""status"": 0, ""success"": true, ""x"": [0.22245380551376545, 0.0158172740179644, 0.0, 0.0]}, {""fun"": 6917.509577499186, ""jac"": [-3.315868939424149e-05, -0.0005402092520796486, 406.9435712955707, 732.8175910387033], ""message"": ""CONVERGENCE: REL_REDUCTION_OF_F_<=_FACTR*EPSMCH"", ""method"": ""L-BFGS-B"", ""nfev"": 8, ""nit"": 6, ""status"": 0, ""success"": true, ""x"": [0.22245387230555827, 0.01581727498342644, 0.0, 0.0]}], ""poisson_canonical_agreement_abs"": 0.0, ""solver_path"": ""poisson_convex"", ""uncertified_profiles"": 0}"
foul_leaves_5_team,team-quarter,2016-17,9840,optimization,LOOSE_BALL_FOUL_DRAWN,4,FTA;FTM;PERS_FOUL_DRAWN,14,NB,13880.991269088532,-6917.510107069151,"[0.01581730495018769, 0.0, 0.0]","{""p"": 0.9999896298766137, ""r"": 21451.183208143484}",5,True,optimizer_converged_lbfgsb,13,104,2,-6919.147119914563,1.6370128454118458,0.14329759997781366,"{""binomial_discrete_residual_mean"": null, ""binomial_discrete_residual_variance"": null, ""binomial_h_extension_used"": null, ""binomial_n_candidates"": 0, ""binomial_n_max"": null, ""binomial_n_min"": null, ""binomial_n_policy"": null, ""binomial_n_tie_break"": null, ""certified_profiles"": 1, ""optimizer_powell_attempted"": false, ""optimizer_powell_success"": false, ""optimizer_primary_failed_starts"": 0, ""optimizer_primary_successful_starts"": 2, ""optimizer_results"": [{""fun"": 6917.510199897603, ""jac"": [0.05484253050771961, 406.9815986440517, 732.8098035941366, 0.0009094946265210054, -0.0010913935518252066], ""message"": ""CONVERGENCE: REL_REDUCTION_OF_F_<=_FACTR*EPSMCH"", ""method"": ""L-BFGS-B"", ""nfev"": 54, ""nit"": 7, ""status"": 0, ""success"": true, ""x"": [0.01581738966157112, 0.0, 0.0, 9.812064980533025, 11.315102444947904]}, {""fun"": 6917.510107069151, ""jac"": [-0.0008185452314585016, 406.93939808988944, 732.8018909902312, 0.0, -0.00027284838795630165], ""message"": ""CONVERGENCE: REL_REDUCTION_OF_F_<=_FACTR*EPSMCH"", ""method"": ""L-BFGS-B"", ""nfev"": 48, ""nit"": 6, ""status"": 0, ""success"": true, ""x"": [0.01581730495018769, 0.0, 0.0, 9.97353508405365, 11.476571267227424]}], ""solver_path"": ""general_convolution"", ""uncertified_profiles"": 0}"
foul_leaves_5_team,team-quarter,2016-17,9840,optimization,LOOSE_BALL_FOUL_DRAWN,4,FTA;FTM;PERS_FOUL_DRAWN,14,ZIP,13880.990209965286,-6917.509577507528,"[0.01581725582121649, 0.0, 0.0]","{""lam"": 0.22245397852430016, ""rho"": 1.0000000000000007e-09}",5,True,optimizer_converged_lbfgsb,14,110,2,-6919.146656534966,1.6370790274377214,0.08866150001995265,"{""binomial_discrete_residual_mean"": null, ""binomial_discrete_residual_variance"": null, ""binomial_h_extension_used"": null, ""binomial_n_candidates"": 0, ""binomial_n_max"": null, ""binomial_n_min"": null, ""binomial_n_policy"": null, ""binomial_n_tie_break"": null, ""certified_profiles"": 1, ""optimizer_powell_attempted"": false, ""optimizer_powell_success"": false, ""optimizer_primary_failed_starts"": 0, ""optimizer_primary_successful_starts"": 2, ""optimizer_results"": [{""fun"": 6917.509577507532, ""jac"": [-0.0010004441717826132, 406.94221752346493, 732.8179890464526, 9.09494707300356e-05, 0.0], ""message"": ""CONVERGENCE: REL_REDUCTION_OF_F_<=_FACTR*EPSMCH"", ""method"": ""L-BFGS-B"", ""nfev"": 60, ""nit"": 8, ""status"": 0, ""success"": true, ""x"": [0.015817255313110436, 0.0, 0.0, -1.5030350256712406, -20.72326583585764]}, {""fun"": 6917.509577507528, ""jac"": [-0.0007275957612964458, 406.94249037187546, 732.8179890464526, 0.0001818989414600712, 0.0], ""message"": ""CONVERGENCE: REL_REDUCTION_OF_F_<=_FACTR*EPSMCH"", ""method"": ""L-BFGS-B"", ""nfev"": 48, ""nit"": 6, ""status"": 0, ""success"": true, ""x"": [0.01581725582121649, 0.0, 0.0, -1.5030350368628236, -20.72326583594641]}], ""solver_path"": ""general_convolution"", ""uncertified_profiles"": 0}"
foul_leaves_5_team,team-quarter,2016-17,9840,optimization,LOOSE_BALL_FOUL_DRAWN,4,FTA;FTM;PERS_FOUL_DRAWN,14,Geom,13950.82091853666,-6957.022037288237,"[0.021299187928756933, 0.0, 0.0]","{""p"": 0.8395565215030916}",4,True,optimizer_converged_lbfgsb,19,122,2,-6959.141022874624,2.1189855863867706,0.24755069997627288,"{""binomial_discrete_residual_mean"": null, ""binomial_discrete_residual_variance"": null, ""binomial_h_extension_used"": null, ""binomial_n_candidates"": 0, ""binomial_n_max"": null, ""binomial_n_min"": null, ""binomial_n_policy"": null, ""binomial_n_tie_break"": null, ""certified_profiles"": 1, ""optimizer_powell_attempted"": false, ""optimizer_powell_success"": false, ""optimizer_primary_failed_starts"": 0, ""optimizer_primary_successful_starts"": 2, ""optimizer_results"": [{""fun"": 6957.022037288237, ""jac"": [0.005911715560533623, 380.06846807547845, 38.06189852184616, -9.09494707300356e-05], ""message"": ""CONVERGENCE: REL_REDUCTION_OF_F_<=_FACTR*EPSMCH"", ""method"": ""L-BFGS-B"", ""nfev"": 45, ""nit"": 7, ""status"": 0, ""success"": true, ""x"": [0.021299187928756933, 0.0, 0.0, 1.6549320801810188]}, {""fun"": 6957.022037288247, ""jac"": [-0.0011823431121067245, 380.063102056738, 38.05989763350226, 0.00045474735365017796], ""message"": ""CONVERGENCE: REL_REDUCTION_OF_F_<=_FACTR*EPSMCH"", ""method"": ""L-BFGS-B"", ""nfev"": 75, ""nit"": 12, ""status"": 0, ""success"": true, ""x"": [0.021299184680721322, 0.0, 0.0, 1.654932216561885]}], ""solver_path"": ""general_convolution"", ""uncertified_profiles"": 0}"
foul_leaves_5_team,team-quarter,2016-17,9840,optimization,LOOSE_BALL_FOUL_DRAWN,4,FTA;FTM;PERS_FOUL_DRAWN,14,Binomial,13906.53564101943,-6934.879398529622,"[0.018121827118396654, 0.0, 0.001527496405613971]","{""n"": 2, ""p"": 0.10332021475326197}",4,True,optimizer_converged_lbfgsb,22,332,2,-1e+100,1e+100,0.5072649999638088,"{""binomial_discrete_residual_mean"": 0.14974516673715346, ""binomial_discrete_residual_variance"": 0.13728003107784445, ""binomial_h_extension_used"": false, ""binomial_n_candidates"": 1, ""binomial_n_max"": 2, ""binomial_n_min"": 2, ""binomial_n_policy"": ""paper_H_binomial_discrete_index_continuous_full_mle"", ""binomial_n_tie_break"": ""not_applicable_single_mom_index"", ""certified_profiles"": 1, ""optimizer_powell_attempted"": false, ""optimizer_powell_success"": false, ""optimizer_primary_failed_starts"": 0, ""optimizer_primary_successful_starts"": 2, ""optimizer_results"": [{""fun"": 6970.061673133687, ""jac"": [2768.9551638922644, 2538.8152607774828, -179369.79056685403, -77.90986321252893], ""message"": ""CONVERGENCE: REL_REDUCTION_OF_F_<=_FACTR*EPSMCH"", ""method"": ""L-BFGS-B"", ""nfev"": 75, ""nit"": 2, ""status"": 0, ""success"": true, ""x"": [0.028531704773442985, 0.0, 5.56262941304779e-06, -2.5141436953658656]}, {""fun"": 6934.879398529622, ""jac"": [0.007094058672640347, 441.3371243572328, -0.003819877747468984, -0.0001818989414600712], ""message"": ""CONVERGENCE: REL_REDUCTION_OF_F_<=_FACTR*EPSMCH"", ""method"": ""L-BFGS-B"", ""nfev"": 255, ""nit"": 20, ""status"": 0, ""success"": true, ""x"": [0.018121827118396654, 0.0, 0.001527496405613971, -2.1608657674563982]}], ""solver_path"": ""general_convolution"", ""uncertified_profiles"": 0}"
foul_leaves_5_team,team-quarter,2016-17,9840,optimization,LOOSE_BALL_FOUL_DRAWN,4,FTA;FTM;PERS_FOUL_DRAWN,14,Bernoulli,inf,-inf,[],{},4,False,infeasible_conditional_support,0,0,0,-inf,0.0,0.00011480000102892518,"{""binomial_discrete_residual_mean"": null, ""binomial_discrete_residual_variance"": null, ""binomial_h_extension_used"": null, ""binomial_n_candidates"": 0, ""binomial_n_max"": null, ""binomial_n_min"": null, ""binomial_n_policy"": null, ""binomial_n_tie_break"": null, ""certified_profiles"": 0, ""solver_path"": ""conditional_support_check"", ""support_violating_rows"": 3, ""uncertified_profiles"": 0}"
foul_leaves_5_team,team-quarter,2016-17,9840,optimization,LOOSE_BALL_FOUL_DRAWN,4,FOUL;FTA;FTM;PERS_FOUL_DRAWN,15,Poisson,21432.4828461799,-10693.255895614835,"[0.24905176390830402, 0.0, 0.0, 0.0]","{""lam"": 0.0}",5,True,poisson_convex_mle,2,8,2,-10693.255895614835,0.0,0.012440099962987006,"{""binomial_discrete_residual_mean"": null, ""binomial_discrete_residual_variance"": null, ""binomial_h_extension_used"": null, ""binomial_n_candidates"": 0, ""binomial_n_max"": null, ""binomial_n_min"": null, ""binomial_n_policy"": null, ""binomial_n_tie_break"": null, ""certified_profiles"": 1, ""optimizer_primary_failed_starts"": 1, ""optimizer_primary_successful_starts"": 1, ""optimizer_results"": [{""fun"": 15351.838235446623, ""jac"": [8117.136218691885, 36593.12035556999, 47517.76977332069, 36731.78551404314, 14561.18889296016], ""message"": ""CONVERGENCE: REL_REDUCTION_OF_F_<=_FACTR*EPSMCH"", ""method"": ""L-BFGS-B"", ""nfev"": 3, ""nit"": 1, ""status"": 0, ""success"": true, ""x"": [0.0, 0.38315655985892927, 0.0, 0.0, 0.0]}, {""fun"": 10693.255895614835, ""jac"": [7189.440336449075, 32266.10823933868, 42804.49195895479, 33123.977713912514, 13263.05983532329], ""message"": ""CONVERGENCE: REL_REDUCTION_OF_F_<=_FACTR*EPSMCH"", ""method"": ""L-BFGS-B"", ""nfev"": 3, ""nit"": 1, ""status"": 0, ""success"": true, ""x"": [0.0, 0.24905176390830402, 0.0, 0.0, 0.0]}], ""poisson_canonical_agreement_abs"": 0.0, ""solver_path"": ""poisson_convex"", ""uncertified_profiles"": 0}"
foul_leaves_5_team,team-quarter,2016-17,9840,optimization,LOOSE_BALL_FOUL_DRAWN,4,FOUL;FTA;FTM;PERS_FOUL_DRAWN,15,NB,13274.748537312746,-6609.791635686234,"[0.06898913590711128, 0.0, 0.0, 0.0]","{""p"": 0.999990643547662, ""r"": 0.9356352744909758}",6,True,optimizer_converged_lbfgsb,15,233,2,-10693.327789909972,4083.536154223738,0.2449320000014268,"{""binomial_discrete_residual_mean"": null, ""binomial_discrete_residual_variance"": null, ""binomial_h_extension_used"": null, ""binomial_n_candidates"": 0, ""binomial_n_max"": null, ""binomial_n_min"": null, ""binomial_n_policy"": null, ""binomial_n_tie_break"": null, ""certified_profiles"": 1, ""optimizer_powell_attempted"": false, ""optimizer_powell_success"": false, ""optimizer_primary_failed_starts"": 0, ""optimizer_primary_successful_starts"": 2, ""optimizer_results"": [{""fun"": 6609.791635686234, ""jac"": [0.001909938874728457, 7657.899459445616, 6220.8005147113, 3583.007764973445, 0.0024556356960794444, -0.002455635491606715], ""message"": ""CONVERGENCE: REL_REDUCTION_OF_F_<=_FACTR*EPSMCH"", ""method"": ""L-BFGS-B"", ""nfev"": 154, ""nit"": 8, ""status"": 0, ""success"": true, ""x"": [0.06898913590711128, 0.0, 0.0, 0.0, -0.06652954244865898, 11.579435006543932]}, {""fun"": 6609.791706053036, ""jac"": [-0.001637090464052963, 7657.891455892241, 6220.794330147328, 3583.005764085101, 0.0022737367540513935, -0.0023646860289546143], ""message"": ""CONVERGENCE: REL_REDUCTION_OF_F_<=_FACTR*EPSMCH"", ""method"": ""L-BFGS-B"", ""nfev"": 77, ""nit"": 7, ""status"": 0, ""success"": true, ""x"": [0.06898907498929177, 0.0, 0.0, 0.0, -0.051825464861297306, 11.56499394763434]}], ""solver_path"": ""general_convolution"", ""uncertified_profiles"": 0}"
foul_leaves_5_team,team-quarter,2016-17,9840,optimization,LOOSE_BALL_FOUL_DRAWN,4,FOUL;FTA;FTM;PERS_FOUL_DRAWN,15,ZIP,13274.74377941557,-6609.789256737647,"[0.06899100969459529, 0.0, 0.0, 0.0]","{""lam"": 9.999999999999996e-11, ""rho"": 1.0000000000000007e-09}",6,True,optimizer_converged_lbfgsb,16,177,2,-10693.25589633378,4083.466639596133,0.14489650004543364,"{""binomial_discrete_residual_mean"": null, ""binomial_discrete_residual_variance"": null, ""binomial_h_extension_used"": null, ""binomial_n_candidates"": 0, ""binomial_n_max"": null, ""binomial_n_min"": null, ""binomial_n_policy"": null, ""binomial_n_tie_break"": null, ""certified_profiles"": 1, ""optimizer_powell_attempted"": false, ""optimizer_powell_success"": false, ""optimizer_primary_failed_starts"": 0, ""optimizer_primary_successful_starts"": 2, ""optimizer_results"": [{""fun"": 6609.789256737649, ""jac"": [-0.00045474735112582305, 7658.038521185517, 6220.905743248295, 3583.037050702842, 0.0, 0.0], ""message"": ""CONVERGENCE: REL_REDUCTION_OF_F_<=_FACTR*EPSMCH"", ""method"": ""L-BFGS-B"", ""nfev"": 91, ""nit"": 8, ""status"": 0, ""success"": true, ""x"": [0.06899100907575373, 0.0, 0.0, 0.0, -23.025850929940457, -20.72326583594641]}, {""fun"": 6609.789256737647, ""jac"": [9.09494702251646e-05, 7658.038975932868, 6220.906197995646, 3583.0372326017823, 0.0, 0.0], ""message"": ""CONVERGENCE: REL_REDUCTION_OF_F_<=_FACTR*EPSMCH"", ""method"": ""L-BFGS-B"", ""nfev"": 84, ""nit"": 8, ""status"": 0, ""success"": true, ""x"": [0.06899100969459529, 0.0, 0.0, 0.0, -23.025850929940457, -20.72326583594641]}], ""solver_path"": ""general_convolution"", ""uncertified_profiles"": 0}"
foul_leaves_5_team,team-quarter,2016-17,9840,optimization,LOOSE_BALL_FOUL_DRAWN,4,FOUL;FTA;FTM;PERS_FOUL_DRAWN,15,Geom,13265.54956891459,-6609.78925698218,"[0.06899100931257728, 0.0, 0.0, 0.0]","{""p"": 0.9999999989999999}",5,True,optimizer_converged_lbfgsb,16,152,2,-10693.255902804276,4083.4666458220963,16.78044589998899,"{""binomial_discrete_residual_mean"": null, ""binomial_discrete_residual_variance"": null, ""binomial_h_extension_used"": null, ""binomial_n_candidates"": 0, ""binomial_n_max"": null, ""binomial_n_min"": null, ""binomial_n_policy"": null, ""binomial_n_tie_break"": null, ""certified_profiles"": 1, ""optimizer_powell_attempted"": false, ""optimizer_powell_success"": false, ""optimizer_primary_failed_starts"": 0, ""optimizer_primary_successful_starts"": 2, ""optimizer_results"": [{""fun"": 6609.78925698218, ""jac"": [-0.0001818989404503292, 7658.038884983398, 6220.906016096706, 3583.0372326017823, 0.0], ""message"": ""CONVERGENCE: REL_REDUCTION_OF_F_<=_FACTR*EPSMCH"", ""method"": ""L-BFGS-B"", ""nfev"": 78, ""nit"": 8, ""status"": 0, ""success"": true, ""x"": [0.06899100931257728, 0.0, 0.0, 0.0, 20.723265865095282]}, {""fun"": 6609.78925698218, ""jac"": [-0.0001818989404503292, 7658.038794033928, 6220.906107046176, 3583.037141652312, 0.0], ""message"": ""CONVERGENCE: REL_REDUCTION_OF_F_<=_FACTR*EPSMCH"", ""method"": ""L-BFGS-B"", ""nfev"": 72, ""nit"": 8, ""status"": 0, ""success"": true, ""x"": [0.06899100950809314, 0.0, 0.0, 0.0, 20.72326586523379]}], ""solver_path"": ""general_convolution"", ""uncertified_profiles"": 0}"
foul_leaves_5_team,team-quarter,2016-17,9840,optimization,LOOSE_BALL_FOUL_DRAWN,4,FOUL;FTA;FTM;PERS_FOUL_DRAWN,15,Binomial,13265.549569457993,-6609.789257253881,"[0.06899100955621335, 0.0, 0.0, 0.0]","{""n"": 2, ""p"": 9.999999999219332e-10}",5,True,optimizer_converged_lbfgsb,17,158,2,-10693.255909993717,4083.466652739836,0.21870219998527318,"{""binomial_discrete_residual_mean"": -1.4248876127992025, ""binomial_discrete_residual_variance"": -2.024309546643073, ""binomial_h_extension_used"": true, ""binomial_n_candidates"": 1, ""binomial_n_max"": 2, ""binomial_n_min"": 2, ""binomial_n_policy"": ""paper_H_binomial_discrete_index_continuous_full_mle"", ""binomial_n_tie_break"": ""not_applicable_single_mom_index"", ""certified_profiles"": 1, ""optimizer_powell_attempted"": false, ""optimizer_powell_success"": false, ""optimizer_primary_failed_starts"": 0, ""optimizer_primary_successful_starts"": 2, ""optimizer_results"": [{""fun"": 6609.789257253883, ""jac"": [-0.00027284841067549384, 7658.0386121349875, 6220.905834197765, 3583.037050702842, 0.0], ""message"": ""CONVERGENCE: REL_REDUCTION_OF_F_<=_FACTR*EPSMCH"", ""method"": ""L-BFGS-B"", ""nfev"": 84, ""nit"": 9, ""status"": 0, ""success"": true, ""x"": [0.0689910090594259, 0.0, 0.0, 0.0, -20.72326583594641]}, {""fun"": 6609.789257253881, ""jac"": [9.09494702251646e-05, 7658.039066882338, 6220.906197995646, 3583.0372326017823, 0.0], ""message"": ""CONVERGENCE: REL_REDUCTION_OF_F_<=_FACTR*EPSMCH"", ""method"": ""L-BFGS-B"", ""nfev"": 72, ""nit"": 8, ""status"": 0, ""success"": true, ""x"": [0.06899100955621335, 0.0, 0.0, 0.0, -20.723265836024478]}], ""solver_path"": ""general_convolution"", ""uncertified_profiles"": 0}"
foul_leaves_5_team,team-quarter,2016-17,9840,optimization,LOOSE_BALL_FOUL_DRAWN,4,FOUL;FTA;FTM;PERS_FOUL_DRAWN,15,Bernoulli,13265.54956891459,-6609.78925698218,"[0.06899100968399155, 0.0, 0.0, 0.0]","{""p"": 1.0000000000000007e-09}",5,True,optimizer_converged_lbfgsb,17,158,2,-10693.255902804276,4083.4666458220963,0.22750239999732003,"{""binomial_discrete_residual_mean"": null, ""binomial_discrete_residual_variance"": null, ""binomial_h_extension_used"": null, ""binomial_n_candidates"": 0, ""binomial_n_max"": null, ""binomial_n_min"": null, ""binomial_n_policy"": null, ""binomial_n_tie_break"": null, ""certified_profiles"": 1, ""optimizer_powell_attempted"": false, ""optimizer_powell_success"": false, ""optimizer_primary_failed_starts"": 0, ""optimizer_primary_successful_starts"": 2, ""optimizer_results"": [{""fun"": 6609.78925698218, ""jac"": [0.0, 7658.038884983398, 6220.906107046176, 3583.0372326017823, 0.0], ""message"": ""CONVERGENCE: NORM_OF_PROJECTED_GRADIENT_<=_PGTOL"", ""method"": ""L-BFGS-B"", ""nfev"": 84, ""nit"": 9, ""status"": 0, ""success"": true, ""x"": [0.06899100968399155, 0.0, 0.0, 0.0, -20.72326583594641]}, {""fun"": 6609.78925698218, ""jac"": [-0.0001818989404503292, 7658.038884983398, 6220.906107046176, 3583.037141652312, 0.0], ""message"": ""CONVERGENCE: REL_REDUCTION_OF_F_<=_FACTR*EPSMCH"", ""method"": ""L-BFGS-B"", ""nfev"": 72, ""nit"": 8, ""status"": 0, ""success"": true, ""x"": [0.06899100950730123, 0.0, 0.0, 0.0, -20.72326583594641]}], ""solver_path"": ""general_convolution"", ""uncertified_profiles"": 0}"
