dataset,unit,season,n,estimator,child,child_index,parent_set,parent_mask,family,bic,loglik,alpha,params,parameter_count,success,status,nit,nfev,starts,moment_loglik,loglik_improvement,runtime_sec,diagnostics
foul_leaves_5_team,team-quarter,2021-22,9840,optimization,FOUL,0,,0,Poisson,40700.335046413114,-20345.570417711533,[],"{""lam"": 4.46890243902439}",1,True,analytic_mle,0,1,0,-20345.570417711533,0.0,0.001042500021867454,"{""binomial_discrete_residual_mean"": null, ""binomial_discrete_residual_variance"": null, ""binomial_h_extension_used"": null, ""binomial_n_candidates"": 0, ""binomial_n_max"": null, ""binomial_n_min"": null, ""binomial_n_policy"": null, ""binomial_n_tie_break"": null, ""certified_profiles"": 1, ""solver_path"": ""analytic_root"", ""uncertified_profiles"": 0}"
foul_leaves_5_team,team-quarter,2021-22,9840,optimization,FOUL,0,,0,NB,40709.54670179525,-20345.57913990758,[],"{""p"": 0.99999, ""r"": 446885.8876276522}",2,True,optimizer_converged_lbfgsb,2,44,2,-20345.579139908383,8.039933163672686e-10,0.10919099999591708,"{""binomial_discrete_residual_mean"": null, ""binomial_discrete_residual_variance"": null, ""binomial_h_extension_used"": null, ""binomial_n_candidates"": 0, ""binomial_n_max"": null, ""binomial_n_min"": null, ""binomial_n_policy"": null, ""binomial_n_tie_break"": null, ""certified_profiles"": 1, ""optimizer_powell_attempted"": false, ""optimizer_powell_success"": false, ""optimizer_primary_failed_starts"": 0, ""optimizer_primary_successful_starts"": 2, ""optimizer_results"": [{""fun"": 20345.57913990758, ""jac"": [0.0010913935518252066, -0.01346052047251088], ""message"": ""CONVERGENCE: REL_REDUCTION_OF_F_<=_FACTR*EPSMCH"", ""method"": ""L-BFGS-B"", ""nfev"": 21, ""nit"": 1, ""status"": 0, ""success"": true, ""x"": [13.010058556055633, 11.51291546492478]}, {""fun"": 20345.57913990758, ""jac"": [0.0010913935518252066, -0.01346052047251088], ""message"": ""CONVERGENCE: REL_REDUCTION_OF_F_<=_FACTR*EPSMCH"", ""method"": ""L-BFGS-B"", ""nfev"": 21, ""nit"": 1, ""status"": 0, ""success"": true, ""x"": [13.010058556055633, 11.51291546492478]}], ""solver_path"": ""general_convolution"", ""uncertified_profiles"": 0}"
foul_leaves_5_team,team-quarter,2021-22,9840,optimization,FOUL,0,,0,ZIP,40709.52926399403,-20345.57042100697,[],"{""lam"": 4.468902469763594, ""rho"": 1.0000000000000007e-09}",2,True,optimizer_converged_lbfgsb,2,32,2,-20345.57042100697,0.0,0.025127200002316386,"{""binomial_discrete_residual_mean"": null, ""binomial_discrete_residual_variance"": null, ""binomial_h_extension_used"": null, ""binomial_n_candidates"": 0, ""binomial_n_max"": null, ""binomial_n_min"": null, ""binomial_n_policy"": null, ""binomial_n_tie_break"": null, ""certified_profiles"": 1, ""optimizer_powell_attempted"": false, ""optimizer_powell_success"": false, ""optimizer_primary_failed_starts"": 0, ""optimizer_primary_successful_starts"": 2, ""optimizer_results"": [{""fun"": 20345.57042100697, ""jac"": [0.0, 0.0], ""message"": ""CONVERGENCE: NORM_OF_PROJECTED_GRADIENT_<=_PGTOL"", ""method"": ""L-BFGS-B"", ""nfev"": 15, ""nit"": 1, ""status"": 0, ""success"": true, ""x"": [1.4971428459860743, -20.72326583594641]}, {""fun"": 20345.57042100697, ""jac"": [0.0, 0.0], ""message"": ""CONVERGENCE: NORM_OF_PROJECTED_GRADIENT_<=_PGTOL"", ""method"": ""L-BFGS-B"", ""nfev"": 15, ""nit"": 1, ""status"": 0, ""success"": true, ""x"": [1.4971428459860743, -20.72326583594641]}], ""solver_path"": ""general_convolution"", ""uncertified_profiles"": 0}"
foul_leaves_5_team,team-quarter,2021-22,9840,optimization,FOUL,0,,0,Geom,51206.836893876774,-25598.821341443363,[],"{""p"": 0.1828520459360018}",1,True,analytic_mle,0,1,0,-25598.821341443363,0.0,0.0008045000140555203,"{""binomial_discrete_residual_mean"": null, ""binomial_discrete_residual_variance"": null, ""binomial_h_extension_used"": null, ""binomial_n_candidates"": 0, ""binomial_n_max"": null, ""binomial_n_min"": null, ""binomial_n_policy"": null, ""binomial_n_tie_break"": null, ""certified_profiles"": 1, ""solver_path"": ""analytic_root"", ""uncertified_profiles"": 0}"
foul_leaves_5_team,team-quarter,2021-22,9840,optimization,FOUL,0,,0,Binomial,40522.6076929271,-20256.706740968526,[],"{""n"": 25, ""p"": 0.1787560975609756}",1,True,analytic_mle,0,1,0,-20256.706740968526,0.0,0.0038666999898850918,"{""binomial_discrete_residual_mean"": 4.46890243902439, ""binomial_discrete_residual_variance"": 3.676675218124137, ""binomial_h_extension_used"": false, ""binomial_n_candidates"": 1, ""binomial_n_max"": 25, ""binomial_n_min"": 25, ""binomial_n_policy"": ""paper_H_binomial_discrete_index_continuous_full_mle"", ""binomial_n_tie_break"": ""not_applicable_single_mom_index"", ""certified_profiles"": 1, ""solver_path"": ""analytic_root"", ""uncertified_profiles"": 0}"
foul_leaves_5_team,team-quarter,2021-22,9840,optimization,FOUL,0,,0,Bernoulli,inf,-inf,[],{},1,False,infeasible_root_support,0,0,0,-inf,0.0,0.00016469997353851795,"{""binomial_discrete_residual_mean"": null, ""binomial_discrete_residual_variance"": null, ""binomial_h_extension_used"": null, ""binomial_n_candidates"": 0, ""binomial_n_max"": null, ""binomial_n_min"": null, ""binomial_n_policy"": null, ""binomial_n_tie_break"": null, ""certified_profiles"": 0, ""solver_path"": ""analytic_root"", ""uncertified_profiles"": 0}"
foul_leaves_5_team,team-quarter,2021-22,9840,optimization,FOUL,0,FTA,2,Poisson,35225.304008446175,-17603.457793233043,[0.458080028138688],"{""lam"": 1.9828406803948453}",2,True,poisson_convex_mle,21,27,2,-17603.550126089427,0.09233285638401867,0.03581889998167753,"{""binomial_discrete_residual_mean"": null, ""binomial_discrete_residual_variance"": null, ""binomial_h_extension_used"": null, ""binomial_n_candidates"": 0, ""binomial_n_max"": null, ""binomial_n_min"": null, ""binomial_n_policy"": null, ""binomial_n_tie_break"": null, ""certified_profiles"": 1, ""optimizer_primary_failed_starts"": 0, ""optimizer_primary_successful_starts"": 2, ""optimizer_results"": [{""fun"": 17603.45779323333, ""jac"": [0.00035033783754989667, 0.005166811527197446], ""message"": ""CONVERGENCE: REL_REDUCTION_OF_F_<=_FACTR*EPSMCH"", ""method"": ""L-BFGS-B"", ""nfev"": 12, ""nit"": 10, ""status"": 0, ""success"": true, ""x"": [1.98284027757432, 0.4580801589825761]}, {""fun"": 17603.457793233043, ""jac"": [-2.7943438512645358e-05, 0.00020342082924273974], ""message"": ""CONVERGENCE: REL_REDUCTION_OF_F_<=_FACTR*EPSMCH"", ""method"": ""L-BFGS-B"", ""nfev"": 13, ""nit"": 11, ""status"": 0, ""success"": true, ""x"": [1.9828406803948453, 0.458080028138688]}], ""poisson_canonical_agreement_abs"": 0.0, ""solver_path"": ""poisson_convex"", ""uncertified_profiles"": 0}"
foul_leaves_5_team,team-quarter,2021-22,9840,optimization,FOUL,0,FTA,2,NB,35234.525115624994,-17603.47124132743,[0.4580817742420625],"{""p"": 0.9999916758152082, ""r"": 238199.3303206378}",3,True,optimizer_converged_lbfgsb,13,86,2,-17603.566359181947,0.09511785451832111,0.2625445000012405,"{""binomial_discrete_residual_mean"": null, ""binomial_discrete_residual_variance"": null, ""binomial_h_extension_used"": null, ""binomial_n_candidates"": 0, ""binomial_n_max"": null, ""binomial_n_min"": null, ""binomial_n_policy"": null, ""binomial_n_tie_break"": null, ""certified_profiles"": 1, ""optimizer_powell_attempted"": false, ""optimizer_powell_success"": false, ""optimizer_primary_failed_starts"": 0, ""optimizer_primary_successful_starts"": 2, ""optimizer_results"": [{""fun"": 17603.473893206916, ""jac"": [-0.03346940504286058, -0.05748006039612754, 0.037107380762057024], ""message"": ""CONVERGENCE: REL_REDUCTION_OF_F_<=_FACTR*EPSMCH"", ""method"": ""L-BFGS-B"", ""nfev"": 44, ""nit"": 5, ""status"": 0, ""success"": true, ""x"": [0.4580845194454864, 12.200888923303372, 11.516373413613161]}, {""fun"": 17603.47124132743, ""jac"": [0.0010913936427019754, -0.010913935518252066, -0.006548361310951239], ""message"": ""CONVERGENCE: REL_REDUCTION_OF_F_<=_FACTR*EPSMCH"", ""method"": ""L-BFGS-B"", ""nfev"": 40, ""nit"": 8, ""status"": 0, ""success"": true, ""x"": [0.4580817742420625, 12.380863124483087, 11.696337125569974]}], ""solver_path"": ""general_convolution"", ""uncertified_profiles"": 0}"
foul_leaves_5_team,team-quarter,2021-22,9840,optimization,FOUL,0,FTA,2,ZIP,35234.4982264728,-17603.457796751332,[0.4580800172100217],"{""lam"": 1.9828407211879902, ""rho"": 1.0000000000000007e-09}",3,True,optimizer_converged_lbfgsb,16,86,2,-17603.550129639585,0.09233288825271302,0.08452560001751408,"{""binomial_discrete_residual_mean"": null, ""binomial_discrete_residual_variance"": null, ""binomial_h_extension_used"": null, ""binomial_n_candidates"": 0, ""binomial_n_max"": null, ""binomial_n_min"": null, ""binomial_n_policy"": null, ""binomial_n_tie_break"": null, ""certified_profiles"": 1, ""optimizer_powell_attempted"": false, ""optimizer_powell_success"": false, ""optimizer_primary_failed_starts"": 0, ""optimizer_primary_successful_starts"": 2, ""optimizer_results"": [{""fun"": 17603.457796751332, ""jac"": [0.0007275957618013168, 0.0003637978788811745, 0.0], ""message"": ""CONVERGENCE: REL_REDUCTION_OF_F_<=_FACTR*EPSMCH"", ""method"": ""L-BFGS-B"", ""nfev"": 36, ""nit"": 7, ""status"": 0, ""success"": true, ""x"": [0.4580800172100217, 0.6845305241674319, -20.72326583594641]}, {""fun"": 17603.457796751336, ""jac"": [0.0007275957618013168, 0.0003637978788811745, 0.0], ""message"": ""CONVERGENCE: REL_REDUCTION_OF_F_<=_FACTR*EPSMCH"", ""method"": ""L-BFGS-B"", ""nfev"": 48, ""nit"": 9, ""status"": 0, ""success"": true, ""x"": [0.4580800187929387, 0.6845305310180286, -20.72326583594641]}], ""solver_path"": ""general_convolution"", ""uncertified_profiles"": 0}"
foul_leaves_5_team,team-quarter,2021-22,9840,optimization,FOUL,0,FTA,2,Geom,37774.992293197756,-18878.301935608833,[0.6464845371720134],"{""p"": 0.5101145003665296}",2,True,optimizer_converged_lbfgsb,17,68,2,-19801.0002154541,922.6982798452664,0.09954809996997938,"{""binomial_discrete_residual_mean"": null, ""binomial_discrete_residual_variance"": null, ""binomial_h_extension_used"": null, ""binomial_n_candidates"": 0, ""binomial_n_max"": null, ""binomial_n_min"": null, ""binomial_n_policy"": null, ""binomial_n_tie_break"": null, ""certified_profiles"": 1, ""optimizer_powell_attempted"": false, ""optimizer_powell_success"": false, ""optimizer_primary_failed_starts"": 0, ""optimizer_primary_successful_starts"": 2, ""optimizer_results"": [{""fun"": 18878.301935608833, ""jac"": [0.000727595757762349, -0.0007275957612964458], ""message"": ""CONVERGENCE: REL_REDUCTION_OF_F_<=_FACTR*EPSMCH"", ""method"": ""L-BFGS-B"", ""nfev"": 33, ""nit"": 9, ""status"": 0, ""success"": true, ""x"": [0.6464845371720134, 0.04046352146107167]}, {""fun"": 18878.301935608855, ""jac"": [-0.001455191515524698, 0.0003637978806482229], ""message"": ""CONVERGENCE: REL_REDUCTION_OF_F_<=_FACTR*EPSMCH"", ""method"": ""L-BFGS-B"", ""nfev"": 33, ""nit"": 8, ""status"": 0, ""success"": true, ""x"": [0.6464845223578394, 0.0404637069646037]}], ""solver_path"": ""general_convolution"", ""uncertified_profiles"": 0}"
foul_leaves_5_team,team-quarter,2021-22,9840,optimization,FOUL,0,FTA,2,Binomial,inf,-inf,[],"{""n"": 2}",2,False,infeasible_conditional_support,0,0,0,-inf,0.0,0.0002652999828569591,"{""binomial_discrete_residual_mean"": 1.9964781713262139, ""binomial_discrete_residual_variance"": -1.339434538003633, ""binomial_h_extension_used"": true, ""binomial_n_candidates"": 1, ""binomial_n_max"": 2, ""binomial_n_min"": 2, ""binomial_n_policy"": ""paper_H_binomial_discrete_index_continuous_full_mle"", ""binomial_n_tie_break"": ""not_applicable_single_mom_index"", ""certified_profiles"": 0, ""solver_path"": ""conditional_support_check"", ""support_violating_rows"": 197, ""uncertified_profiles"": 0}"
foul_leaves_5_team,team-quarter,2021-22,9840,optimization,FOUL,0,FTA,2,Bernoulli,inf,-inf,[],{},2,False,infeasible_conditional_support,0,0,0,-inf,0.0,9.280000813305378e-05,"{""binomial_discrete_residual_mean"": null, ""binomial_discrete_residual_variance"": null, ""binomial_h_extension_used"": null, ""binomial_n_candidates"": 0, ""binomial_n_max"": null, ""binomial_n_min"": null, ""binomial_n_policy"": null, ""binomial_n_tie_break"": null, ""certified_profiles"": 0, ""solver_path"": ""conditional_support_check"", ""support_violating_rows"": 377, ""uncertified_profiles"": 0}"
foul_leaves_5_team,team-quarter,2021-22,9840,optimization,FOUL,0,FTM,4,Poisson,35927.90775610382,-17954.759667061866,[0.5215477108389697],"{""lam"": 2.2758050509723446}",2,True,poisson_convex_mle,19,25,2,-17955.42142646051,0.66175939864479,0.030634799972176552,"{""binomial_discrete_residual_mean"": null, ""binomial_discrete_residual_variance"": null, ""binomial_h_extension_used"": null, ""binomial_n_candidates"": 0, ""binomial_n_max"": null, ""binomial_n_min"": null, ""binomial_n_policy"": null, ""binomial_n_tie_break"": null, ""certified_profiles"": 1, ""optimizer_primary_failed_starts"": 0, ""optimizer_primary_successful_starts"": 2, ""optimizer_results"": [{""fun"": 17954.759667061866, ""jac"": [0.00014616529313837834, 0.0019179610691556492], ""message"": ""CONVERGENCE: REL_REDUCTION_OF_F_<=_FACTR*EPSMCH"", ""method"": ""L-BFGS-B"", ""nfev"": 11, ""nit"": 9, ""status"": 0, ""success"": true, ""x"": [2.2758050509723446, 0.5215477108389697]}, {""fun"": 17954.759667062917, ""jac"": [-0.00018222409249890603, 0.00551124295407579], ""message"": ""CONVERGENCE: REL_REDUCTION_OF_F_<=_FACTR*EPSMCH"", ""method"": ""L-BFGS-B"", ""nfev"": 12, ""nit"": 10, ""status"": 0, ""success"": true, ""x"": [2.2758039957642815, 0.5215479890120316]}], ""poisson_canonical_agreement_abs"": 0.0, ""solver_path"": ""poisson_convex"", ""uncertified_profiles"": 0}"
foul_leaves_5_team,team-quarter,2021-22,9840,optimization,FOUL,0,FTM,4,NB,35937.1305033104,-17954.77393517013,[0.5215495691154052],"{""p"": 0.9999913846683774, ""r"": 264154.38949914195}",3,True,optimizer_converged_lbfgsb,11,62,2,-17955.438155451357,0.6642202812254254,0.18825199996354058,"{""binomial_discrete_residual_mean"": null, ""binomial_discrete_residual_variance"": null, ""binomial_h_extension_used"": null, ""binomial_n_candidates"": 0, ""binomial_n_max"": null, ""binomial_n_min"": null, ""binomial_n_policy"": null, ""binomial_n_tie_break"": null, ""certified_profiles"": 1, ""optimizer_powell_attempted"": false, ""optimizer_powell_success"": false, ""optimizer_primary_failed_starts"": 0, ""optimizer_primary_successful_starts"": 2, ""optimizer_results"": [{""fun"": 17954.77610117795, ""jac"": [0.0003637978788811745, -0.007275957012168043, -0.007275957012168043], ""message"": ""CONVERGENCE: REL_REDUCTION_OF_F_<=_FACTR*EPSMCH"", ""method"": ""L-BFGS-B"", ""nfev"": 24, ""nit"": 4, ""status"": 0, ""success"": true, ""x"": [0.5215495915375374, 12.34295601467393, 11.520625322846655]}, {""fun"": 17954.77393517013, ""jac"": [-0.0021827872732870473, -0.005820765609734434, -0.002910382804867217], ""message"": ""CONVERGENCE: REL_REDUCTION_OF_F_<=_FACTR*EPSMCH"", ""method"": ""L-BFGS-B"", ""nfev"": 36, ""nit"": 7, ""status"": 0, ""success"": true, ""x"": [0.5215495691154052, 12.48428901990335, 11.661958579740856]}], ""solver_path"": ""general_convolution"", ""uncertified_profiles"": 0}"
foul_leaves_5_team,team-quarter,2021-22,9840,optimization,FOUL,0,FTM,4,ZIP,35937.10197523242,-17954.75967113114,[0.5215476173097331],"{""lam"": 2.27580521257469, ""rho"": 1.0000000000000007e-09}",3,True,optimizer_converged_lbfgsb,12,66,2,-17955.421430608374,0.6617594772324082,0.07118329999502748,"{""binomial_discrete_residual_mean"": null, ""binomial_discrete_residual_variance"": null, ""binomial_h_extension_used"": null, ""binomial_n_candidates"": 0, ""binomial_n_max"": null, ""binomial_n_min"": null, ""binomial_n_policy"": null, ""binomial_n_tie_break"": null, ""certified_profiles"": 1, ""optimizer_powell_attempted"": false, ""optimizer_powell_success"": false, ""optimizer_primary_failed_starts"": 0, ""optimizer_primary_successful_starts"": 2, ""optimizer_results"": [{""fun"": 17954.75967113114, ""jac"": [-0.0010913936366435237, -0.000727595757762349, 0.0], ""message"": ""CONVERGENCE: REL_REDUCTION_OF_F_<=_FACTR*EPSMCH"", ""method"": ""L-BFGS-B"", ""nfev"": 28, ""nit"": 5, ""status"": 0, ""success"": true, ""x"": [0.5215476173097331, 0.822333929374342, -20.72326583594641]}, {""fun"": 17954.75967113363, ""jac"": [-0.01455191515524698, -0.005820766062098792, 0.0], ""message"": ""CONVERGENCE: REL_REDUCTION_OF_F_<=_FACTR*EPSMCH"", ""method"": ""L-BFGS-B"", ""nfev"": 36, ""nit"": 7, ""status"": 0, ""success"": true, ""x"": [0.5215472496083537, 0.8223340507861867, -20.72326583594641]}], ""solver_path"": ""general_convolution"", ""uncertified_profiles"": 0}"
foul_leaves_5_team,team-quarter,2021-22,9840,optimization,FOUL,0,FTM,4,Geom,39166.37224200362,-19573.991910011766,[0.7793393108173554],"{""p"": 0.4562467249978646}",2,True,optimizer_converged_lbfgsb,14,59,2,-20602.415346838254,1028.423436826488,0.09010520001174882,"{""binomial_discrete_residual_mean"": null, ""binomial_discrete_residual_variance"": null, ""binomial_h_extension_used"": null, ""binomial_n_candidates"": 0, ""binomial_n_max"": null, ""binomial_n_min"": null, ""binomial_n_policy"": null, ""binomial_n_tie_break"": null, ""certified_profiles"": 1, ""optimizer_powell_attempted"": false, ""optimizer_powell_success"": false, ""optimizer_primary_failed_starts"": 0, ""optimizer_primary_successful_starts"": 2, ""optimizer_results"": [{""fun"": 19573.991910011766, ""jac"": [0.0010913936366435237, 0.0], ""message"": ""CONVERGENCE: REL_REDUCTION_OF_F_<=_FACTR*EPSMCH"", ""method"": ""L-BFGS-B"", ""nfev"": 30, ""nit"": 7, ""status"": 0, ""success"": true, ""x"": [0.7793393108173554, -0.17546187859312198]}, {""fun"": 19573.991910013752, ""jac"": [0.010186340608672887, 0.0], ""message"": ""CONVERGENCE: REL_REDUCTION_OF_F_<=_FACTR*EPSMCH"", ""method"": ""L-BFGS-B"", ""nfev"": 27, ""nit"": 7, ""status"": 0, ""success"": true, ""x"": [0.7793396712157945, -0.17546118597487018]}], ""solver_path"": ""general_convolution"", ""uncertified_profiles"": 0}"
foul_leaves_5_team,team-quarter,2021-22,9840,optimization,FOUL,0,FTM,4,Binomial,inf,-inf,[],"{""n"": 3}",2,False,infeasible_conditional_support,0,0,0,-inf,0.0,0.000624899985268712,"{""binomial_discrete_residual_mean"": 2.3111625902180233, ""binomial_discrete_residual_variance"": -0.6957620833499818, ""binomial_h_extension_used"": true, ""binomial_n_candidates"": 1, ""binomial_n_max"": 3, ""binomial_n_min"": 3, ""binomial_n_policy"": ""paper_H_binomial_discrete_index_continuous_full_mle"", ""binomial_n_tie_break"": ""not_applicable_single_mom_index"", ""certified_profiles"": 0, ""solver_path"": ""conditional_support_check"", ""support_violating_rows"": 122, ""uncertified_profiles"": 0}"
foul_leaves_5_team,team-quarter,2021-22,9840,optimization,FOUL,0,FTM,4,Bernoulli,inf,-inf,[],{},2,False,infeasible_conditional_support,0,0,0,-inf,0.0,0.0001805999781936407,"{""binomial_discrete_residual_mean"": null, ""binomial_discrete_residual_variance"": null, ""binomial_h_extension_used"": null, ""binomial_n_candidates"": 0, ""binomial_n_max"": null, ""binomial_n_min"": null, ""binomial_n_policy"": null, ""binomial_n_tie_break"": null, ""certified_profiles"": 0, ""solver_path"": ""conditional_support_check"", ""support_violating_rows"": 535, ""uncertified_profiles"": 0}"
foul_leaves_5_team,team-quarter,2021-22,9840,optimization,FOUL,0,FTA;FTM,6,Poisson,35234.498219436224,-17603.457793233043,"[0.4580800161533626, 0.0]","{""lam"": 1.9828407415748457}",3,True,poisson_convex_mle,22,28,2,-17606.73532238931,3.277529156268429,0.037857299961615354,"{""binomial_discrete_residual_mean"": null, ""binomial_discrete_residual_variance"": null, ""binomial_h_extension_used"": null, ""binomial_n_candidates"": 0, ""binomial_n_max"": null, ""binomial_n_min"": null, ""binomial_n_policy"": null, ""binomial_n_tie_break"": null, ""certified_profiles"": 1, ""optimizer_primary_failed_starts"": 0, ""optimizer_primary_successful_starts"": 2, ""optimizer_results"": [{""fun"": 17603.457793233043, ""jac"": [-1.654777250337247e-06, 6.583254901215696e-06, 38.3924893977898], ""message"": ""CONVERGENCE: REL_REDUCTION_OF_F_<=_FACTR*EPSMCH"", ""method"": ""L-BFGS-B"", ""nfev"": 7, ""nit"": 5, ""status"": 0, ""success"": true, ""x"": [1.9828407415748457, 0.4580800161533626, 0.0]}, {""fun"": 17603.457793246955, ""jac"": [0.0073781583905585535, 0.04377434312374362, 38.42637763043615], ""message"": ""CONVERGENCE: REL_REDUCTION_OF_F_<=_FACTR*EPSMCH"", ""method"": ""L-BFGS-B"", ""nfev"": 19, ""nit"": 17, ""status"": 0, ""success"": true, ""x"": [1.9828416169355352, 0.458080504302137, 0.0]}], ""poisson_canonical_agreement_abs"": 0.0, ""solver_path"": ""poisson_convex"", ""uncertified_profiles"": 0}"
foul_leaves_5_team,team-quarter,2021-22,9840,optimization,FOUL,0,FTA;FTM,6,NB,35243.71962023826,-17603.471388139038,"[0.4580816251019037, 0.0]","{""p"": 0.9999915849389112, ""r"": 235627.0466304191}",4,True,optimizer_converged_lbfgsb,20,127,2,-17606.750996410545,3.2796082715067314,0.3907689999905415,"{""binomial_discrete_residual_mean"": null, ""binomial_discrete_residual_variance"": null, ""binomial_h_extension_used"": null, ""binomial_n_candidates"": 0, ""binomial_n_max"": null, ""binomial_n_min"": null, ""binomial_n_policy"": null, ""binomial_n_tie_break"": null, ""certified_profiles"": 1, ""optimizer_powell_attempted"": false, ""optimizer_powell_success"": false, ""optimizer_primary_failed_starts"": 0, ""optimizer_primary_successful_starts"": 2, ""optimizer_results"": [{""fun"": 17603.474287863744, ""jac"": [0.0010913936427019754, 38.39304554276168, -0.01346052047251088, -0.004001776356692424], ""message"": ""CONVERGENCE: REL_REDUCTION_OF_F_<=_FACTR*EPSMCH"", ""method"": ""L-BFGS-B"", ""nfev"": 45, ""nit"": 7, ""status"": 0, ""success"": true, ""x"": [0.45808216565575055, 0.0, 12.176664125188864, 11.492139201702763]}, {""fun"": 17603.471388139038, ""jac"": [0.0, 38.392317947000265, -0.007639754862776445, -0.007275957012168043], ""message"": ""CONVERGENCE: REL_REDUCTION_OF_F_<=_FACTR*EPSMCH"", ""method"": ""L-BFGS-B"", ""nfev"": 80, ""nit"": 13, ""status"": 0, ""success"": true, ""x"": [0.4580816251019037, 0.0, 12.370005523111333, 11.685479055736513]}], ""solver_path"": ""general_convolution"", ""uncertified_profiles"": 0}"
foul_leaves_5_team,team-quarter,2021-22,9840,optimization,FOUL,0,FTA;FTM,6,ZIP,35243.69243746288,-17603.457796751347,"[0.458079994124964, 0.0]","{""lam"": 1.9828408734835028, ""rho"": 1.0000000000000007e-09}",4,True,optimizer_converged_lbfgsb,19,122,2,-17606.73532572076,3.2775289694145613,0.12860180001007393,"{""binomial_discrete_residual_mean"": null, ""binomial_discrete_residual_variance"": null, ""binomial_h_extension_used"": null, ""binomial_n_candidates"": 0, ""binomial_n_max"": null, ""binomial_n_min"": null, ""binomial_n_policy"": null, ""binomial_n_tie_break"": null, ""certified_profiles"": 1, ""optimizer_powell_attempted"": false, ""optimizer_powell_success"": false, ""optimizer_primary_failed_starts"": 0, ""optimizer_primary_successful_starts"": 2, ""optimizer_results"": [{""fun"": 17603.457796751347, ""jac"": [-0.0003637978809006584, 38.392317947000265, 0.0, 0.0], ""message"": ""CONVERGENCE: REL_REDUCTION_OF_F_<=_FACTR*EPSMCH"", ""method"": ""L-BFGS-B"", ""nfev"": 35, ""nit"": 5, ""status"": 0, ""success"": true, ""x"": [0.458079994124964, 0.0, 0.6845306009741593, -20.72326583594641]}, {""fun"": 17603.457796751394, ""jac"": [-0.0018189894045032922, 38.39122655335814, -0.0010913936366435237, 0.0], ""message"": ""CONVERGENCE: REL_REDUCTION_OF_F_<=_FACTR*EPSMCH"", ""method"": ""L-BFGS-B"", ""nfev"": 85, ""nit"": 14, ""status"": 0, ""success"": true, ""x"": [0.4580800295154253, 0.0, 0.6845303995289665, -20.72326583594641]}], ""solver_path"": ""general_convolution"", ""uncertified_profiles"": 0}"
foul_leaves_5_team,team-quarter,2021-22,9840,optimization,FOUL,0,FTA;FTM,6,Geom,37784.186504187805,-18878.301935608833,"[0.6464845639005316, 0.0]","{""p"": 0.510114537712681}",3,True,optimizer_converged_lbfgsb,30,146,2,-19654.46265073163,776.1607151227981,0.21341120003489777,"{""binomial_discrete_residual_mean"": null, ""binomial_discrete_residual_variance"": null, ""binomial_h_extension_used"": null, ""binomial_n_candidates"": 0, ""binomial_n_max"": null, ""binomial_n_min"": null, ""binomial_n_policy"": null, ""binomial_n_tie_break"": null, ""certified_profiles"": 1, ""optimizer_powell_attempted"": false, ""optimizer_powell_success"": false, ""optimizer_primary_failed_starts"": 0, ""optimizer_primary_successful_starts"": 2, ""optimizer_results"": [{""fun"": 18878.301935608833, ""jac"": [0.0010913936366435237, 48.31017577089369, -0.0003637978806482229], ""message"": ""CONVERGENCE: REL_REDUCTION_OF_F_<=_FACTR*EPSMCH"", ""method"": ""L-BFGS-B"", ""nfev"": 76, ""nit"": 16, ""status"": 0, ""success"": true, ""x"": [0.6464845639005316, 0.0, 0.04046367090683246]}, {""fun"": 18878.301935608917, ""jac"": [0.0, 48.309084377251565, 0.0], ""message"": ""CONVERGENCE: NORM_OF_PROJECTED_GRADIENT_<=_PGTOL"", ""method"": ""L-BFGS-B"", ""nfev"": 68, ""nit"": 14, ""status"": 0, ""success"": true, ""x"": [0.6464845047989979, 0.0, 0.04046329851056324]}], ""solver_path"": ""general_convolution"", ""uncertified_profiles"": 0}"
foul_leaves_5_team,team-quarter,2021-22,9840,optimization,FOUL,0,FTA;FTM,6,Binomial,inf,-inf,[],"{""n"": 2}",3,False,infeasible_conditional_support,0,0,0,-inf,0.0,0.00048260000767186284,"{""binomial_discrete_residual_mean"": 1.9020832588066585, ""binomial_discrete_residual_variance"": -1.6317684383367608, ""binomial_h_extension_used"": true, ""binomial_n_candidates"": 1, ""binomial_n_max"": 2, ""binomial_n_min"": 2, ""binomial_n_policy"": ""paper_H_binomial_discrete_index_continuous_full_mle"", ""binomial_n_tie_break"": ""not_applicable_single_mom_index"", ""certified_profiles"": 0, ""solver_path"": ""conditional_support_check"", ""support_violating_rows"": 197, ""uncertified_profiles"": 0}"
foul_leaves_5_team,team-quarter,2021-22,9840,optimization,FOUL,0,FTA;FTM,6,Bernoulli,inf,-inf,[],{},3,False,infeasible_conditional_support,0,0,0,-inf,0.0,0.00021490000654011965,"{""binomial_discrete_residual_mean"": null, ""binomial_discrete_residual_variance"": null, ""binomial_h_extension_used"": null, ""binomial_n_candidates"": 0, ""binomial_n_max"": null, ""binomial_n_min"": null, ""binomial_n_policy"": null, ""binomial_n_tie_break"": null, ""certified_profiles"": 0, ""solver_path"": ""conditional_support_check"", ""support_violating_rows"": 377, ""uncertified_profiles"": 0}"
foul_leaves_5_team,team-quarter,2021-22,9840,optimization,FOUL,0,PERS_FOUL_DRAWN,8,Poisson,37899.4070916573,-18940.509334838604,[0.8471087673069803],"{""lam"": 2.9476362777350538}",2,True,poisson_convex_mle,10,18,2,-18940.529476211344,0.02014137274090899,0.02316039998549968,"{""binomial_discrete_residual_mean"": null, ""binomial_discrete_residual_variance"": null, ""binomial_h_extension_used"": null, ""binomial_n_candidates"": 0, ""binomial_n_max"": null, ""binomial_n_min"": null, ""binomial_n_policy"": null, ""binomial_n_tie_break"": null, ""certified_profiles"": 1, ""optimizer_primary_failed_starts"": 0, ""optimizer_primary_successful_starts"": 2, ""optimizer_results"": [{""fun"": 18940.509334838604, ""jac"": [-2.3136351723351822e-09, 1.6846156691840974e-09], ""message"": ""CONVERGENCE: NORM_OF_PROJECTED_GRADIENT_<=_PGTOL"", ""method"": ""L-BFGS-B"", ""nfev"": 7, ""nit"": 4, ""status"": 0, ""success"": true, ""x"": [2.9476362777350538, 0.8471087673069803]}, {""fun"": 18940.509334838604, ""jac"": [-6.24235940474005e-05, -8.772681954205552e-05], ""message"": ""CONVERGENCE: REL_REDUCTION_OF_F_<=_FACTR*EPSMCH"", ""method"": ""L-BFGS-B"", ""nfev"": 9, ""nit"": 6, ""status"": 0, ""success"": true, ""x"": [2.947636249284681, 0.8471087685316367]}], ""poisson_canonical_agreement_abs"": 0.0, ""solver_path"": ""poisson_convex"", ""uncertified_profiles"": 0}"
foul_leaves_5_team,team-quarter,2021-22,9840,optimization,FOUL,0,PERS_FOUL_DRAWN,8,NB,37908.6254953513,-18940.52143119058,[0.8471119580381316],"{""p"": 0.9999907912714328, ""r"": 320088.05024075636}",3,True,optimizer_converged_lbfgsb,11,62,2,-18940.54258488002,0.021153689438506262,0.1951145000057295,"{""binomial_discrete_residual_mean"": null, ""binomial_discrete_residual_variance"": null, ""binomial_h_extension_used"": null, ""binomial_n_candidates"": 0, ""binomial_n_max"": null, ""binomial_n_min"": null, ""binomial_n_policy"": null, ""binomial_n_tie_break"": null, ""certified_profiles"": 1, ""optimizer_powell_attempted"": false, ""optimizer_powell_success"": false, ""optimizer_primary_failed_starts"": 0, ""optimizer_primary_successful_starts"": 2, ""optimizer_results"": [{""fun"": 18940.522483351495, ""jac"": [0.0, -0.013824318323119282, -0.0036379785060840215], ""message"": ""CONVERGENCE: REL_REDUCTION_OF_F_<=_FACTR*EPSMCH"", ""method"": ""L-BFGS-B"", ""nfev"": 28, ""nit"": 5, ""status"": 0, ""success"": true, ""x"": [0.8471124099152132, 12.592946555145456, 11.511945215560036]}, {""fun"": 18940.52143119058, ""jac"": [0.0010913936366435237, -0.006548361310951239, -0.007639754862776445], ""message"": ""CONVERGENCE: REL_REDUCTION_OF_F_<=_FACTR*EPSMCH"", ""method"": ""L-BFGS-B"", ""nfev"": 32, ""nit"": 6, ""status"": 0, ""success"": true, ""x"": [0.8471119580381316, 12.676351393929528, 11.595349557603203]}], ""solver_path"": ""general_convolution"", ""uncertified_profiles"": 0}"
foul_leaves_5_team,team-quarter,2021-22,9840,optimization,FOUL,0,PERS_FOUL_DRAWN,8,ZIP,37908.60131199291,-18940.509339511387,[0.8471088036202423],"{""lam"": 2.947636227328362, ""rho"": 1.0000000000000007e-09}",3,True,optimizer_converged_lbfgsb,9,58,2,-18940.52948087363,0.020141362241702154,0.06459540000651032,"{""binomial_discrete_residual_mean"": null, ""binomial_discrete_residual_variance"": null, ""binomial_h_extension_used"": null, ""binomial_n_candidates"": 0, ""binomial_n_max"": null, ""binomial_n_min"": null, ""binomial_n_policy"": null, ""binomial_n_tie_break"": null, ""certified_profiles"": 1, ""optimizer_powell_attempted"": false, ""optimizer_powell_success"": false, ""optimizer_primary_failed_starts"": 0, ""optimizer_primary_successful_starts"": 2, ""optimizer_results"": [{""fun"": 18940.50933951141, ""jac"": [-0.000727595757762349, 0.0, 0.0], ""message"": ""CONVERGENCE: REL_REDUCTION_OF_F_<=_FACTR*EPSMCH"", ""method"": ""L-BFGS-B"", ""nfev"": 24, ""nit"": 4, ""status"": 0, ""success"": true, ""x"": [0.847108657161604, 1.081003639707158, -20.72326583594641]}, {""fun"": 18940.509339511387, ""jac"": [0.0, 0.0, 0.0], ""message"": ""CONVERGENCE: NORM_OF_PROJECTED_GRADIENT_<=_PGTOL"", ""method"": ""L-BFGS-B"", ""nfev"": 32, ""nit"": 5, ""status"": 0, ""success"": true, ""x"": [0.8471088036202423, 1.081003570284482, -20.72326583594641]}], ""solver_path"": ""general_convolution"", ""uncertified_profiles"": 0}"
foul_leaves_5_team,team-quarter,2021-22,9840,optimization,FOUL,0,PERS_FOUL_DRAWN,8,Geom,42034.89220398114,-21008.251891000524,[1.5109057538162232],"{""p"": 0.3629015876916747}",2,True,optimizer_converged_lbfgsb,12,44,2,-22158.020077312736,1149.7681863122125,0.06568180001340806,"{""binomial_discrete_residual_mean"": null, ""binomial_discrete_residual_variance"": null, ""binomial_h_extension_used"": null, ""binomial_n_candidates"": 0, ""binomial_n_max"": null, ""binomial_n_min"": null, ""binomial_n_policy"": null, ""binomial_n_tie_break"": null, ""certified_profiles"": 1, ""optimizer_powell_attempted"": false, ""optimizer_powell_success"": false, ""optimizer_primary_failed_starts"": 0, ""optimizer_primary_successful_starts"": 2, ""optimizer_results"": [{""fun"": 21008.25189100061, ""jac"": [0.0007275957658402848, 0.0010913936366435237], ""message"": ""CONVERGENCE: REL_REDUCTION_OF_F_<=_FACTR*EPSMCH"", ""method"": ""L-BFGS-B"", ""nfev"": 21, ""nit"": 6, ""status"": 0, ""success"": true, ""x"": [1.510905993722955, -0.5627918529743212]}, {""fun"": 21008.251891000524, ""jac"": [0.0007275957658402848, -0.001455191515524698], ""message"": ""CONVERGENCE: REL_REDUCTION_OF_F_<=_FACTR*EPSMCH"", ""method"": ""L-BFGS-B"", ""nfev"": 21, ""nit"": 6, ""status"": 0, ""success"": true, ""x"": [1.5109057538162232, -0.5627924478379889]}], ""solver_path"": ""general_convolution"", ""uncertified_profiles"": 0}"
foul_leaves_5_team,team-quarter,2021-22,9840,optimization,FOUL,0,PERS_FOUL_DRAWN,8,Binomial,inf,-inf,[],"{""n"": 4}",2,False,infeasible_conditional_support,0,0,0,-inf,0.0,0.00027359998784959316,"{""binomial_discrete_residual_mean"": 2.9418878000910555, ""binomial_discrete_residual_variance"": 0.8165558873119882, ""binomial_h_extension_used"": false, ""binomial_n_candidates"": 1, ""binomial_n_max"": 4, ""binomial_n_min"": 4, ""binomial_n_policy"": ""paper_H_binomial_discrete_index_continuous_full_mle"", ""binomial_n_tie_break"": ""not_applicable_single_mom_index"", ""certified_profiles"": 0, ""solver_path"": ""conditional_support_check"", ""support_violating_rows"": 273, ""uncertified_profiles"": 0}"
foul_leaves_5_team,team-quarter,2021-22,9840,optimization,FOUL,0,PERS_FOUL_DRAWN,8,Bernoulli,inf,-inf,[],{},2,False,infeasible_conditional_support,0,0,0,-inf,0.0,0.00041119998786598444,"{""binomial_discrete_residual_mean"": null, ""binomial_discrete_residual_variance"": null, ""binomial_h_extension_used"": null, ""binomial_n_candidates"": 0, ""binomial_n_max"": null, ""binomial_n_min"": null, ""binomial_n_policy"": null, ""binomial_n_tie_break"": null, ""certified_profiles"": 0, ""solver_path"": ""conditional_support_check"", ""support_violating_rows"": 1316, ""uncertified_profiles"": 0}"
foul_leaves_5_team,team-quarter,2021-22,9840,optimization,FOUL,0,FTA;PERS_FOUL_DRAWN,10,Poisson,33393.31035983864,-16682.86386343425,"[0.42695655454308534, 0.7044345712256694]","{""lam"": 0.8867048806042463}",3,True,poisson_convex_mle,24,31,2,-16715.166040839104,32.302177404853865,0.05047550000017509,"{""binomial_discrete_residual_mean"": null, ""binomial_discrete_residual_variance"": null, ""binomial_h_extension_used"": null, ""binomial_n_candidates"": 0, ""binomial_n_max"": null, ""binomial_n_min"": null, ""binomial_n_policy"": null, ""binomial_n_tie_break"": null, ""certified_profiles"": 1, ""optimizer_primary_failed_starts"": 0, ""optimizer_primary_successful_starts"": 2, ""optimizer_results"": [{""fun"": 16682.86386343425, ""jac"": [2.739210469826503e-05, 0.00038762305150896736, 3.655706417404758e-05], ""message"": ""CONVERGENCE: REL_REDUCTION_OF_F_<=_FACTR*EPSMCH"", ""method"": ""L-BFGS-B"", ""nfev"": 13, ""nit"": 10, ""status"": 0, ""success"": true, ""x"": [0.8867048806042463, 0.42695655454308534, 0.7044345712256694]}, {""fun"": 16682.863863435112, ""jac"": [0.0014909488205088195, 0.003134917435140494, 0.0033291444275818094], ""message"": ""CONVERGENCE: REL_REDUCTION_OF_F_<=_FACTR*EPSMCH"", ""method"": ""L-BFGS-B"", ""nfev"": 16, ""nit"": 14, ""status"": 0, ""success"": true, ""x"": [0.8867055705026123, 0.42695639587994205, 0.7044349376237378]}], ""poisson_canonical_agreement_abs"": 0.0, ""solver_path"": ""poisson_convex"", ""uncertified_profiles"": 0}"
foul_leaves_5_team,team-quarter,2021-22,9840,optimization,FOUL,0,FTA;PERS_FOUL_DRAWN,10,NB,33402.5166237637,-16682.869889901758,"[0.4269578136393163, 0.7044369000983186]","{""p"": 0.9999938473859628, ""r"": 144115.83686031407}",4,True,optimizer_converged_lbfgsb,21,127,2,-16715.178326245143,32.30843634338453,0.38531959999818355,"{""binomial_discrete_residual_mean"": null, ""binomial_discrete_residual_variance"": null, ""binomial_h_extension_used"": null, ""binomial_n_candidates"": 0, ""binomial_n_max"": null, ""binomial_n_min"": null, ""binomial_n_policy"": null, ""binomial_n_tie_break"": null, ""certified_profiles"": 1, ""optimizer_powell_attempted"": false, ""optimizer_powell_success"": false, ""optimizer_primary_failed_starts"": 0, ""optimizer_primary_successful_starts"": 2, ""optimizer_results"": [{""fun"": 16682.872281070293, ""jac"": [0.005820766094410535, 0.003274180909930571, 0.002910382804867217, -0.005456967759126033], ""message"": ""CONVERGENCE: REL_REDUCTION_OF_F_<=_FACTR*EPSMCH"", ""method"": ""L-BFGS-B"", ""nfev"": 55, ""nit"": 9, ""status"": 0, ""success"": true, ""x"": [0.4269581318995437, 0.7044388572561394, 11.544197413268604, 11.664457458160108]}, {""fun"": 16682.869889901758, ""jac"": [0.005820766094410535, 0.0, -0.004001776356692424, -0.0047293720579092285], ""message"": ""CONVERGENCE: REL_REDUCTION_OF_F_<=_FACTR*EPSMCH"", ""method"": ""L-BFGS-B"", ""nfev"": 70, ""nit"": 12, ""status"": 0, ""success"": true, ""x"": [0.4269578136393163, 0.7044369000983186, 11.878372677824723, 11.99862736709914]}], ""solver_path"": ""general_convolution"", ""uncertified_profiles"": 0}"
foul_leaves_5_team,team-quarter,2021-22,9840,optimization,FOUL,0,FTA;PERS_FOUL_DRAWN,10,ZIP,33402.50457283856,-16682.863864439187,"[0.4269564997740681, 0.7044345813632767]","{""lam"": 0.8867050954505685, ""rho"": 1.0000000000000007e-09}",4,True,optimizer_converged_lbfgsb,21,132,2,-16715.166042454006,32.30217801481922,0.12192539998795837,"{""binomial_discrete_residual_mean"": null, ""binomial_discrete_residual_variance"": null, ""binomial_h_extension_used"": null, ""binomial_n_candidates"": 0, ""binomial_n_max"": null, ""binomial_n_min"": null, ""binomial_n_policy"": null, ""binomial_n_tie_break"": null, ""certified_profiles"": 1, ""optimizer_powell_attempted"": false, ""optimizer_powell_success"": false, ""optimizer_primary_failed_starts"": 0, ""optimizer_primary_successful_starts"": 2, ""optimizer_results"": [{""fun"": 16682.863864439187, ""jac"": [-0.0007275957618013168, 0.0, 0.0, 0.0], ""message"": ""CONVERGENCE: REL_REDUCTION_OF_F_<=_FACTR*EPSMCH"", ""method"": ""L-BFGS-B"", ""nfev"": 60, ""nit"": 9, ""status"": 0, ""success"": true, ""x"": [0.4269564997740681, 0.7044345813632767, -0.1202428260799605, -20.72326583594641]}, {""fun"": 16682.86386445267, ""jac"": [-0.04001776689907243, -0.006912159698742316, -0.004001776689907243, 0.0], ""message"": ""CONVERGENCE: REL_REDUCTION_OF_F_<=_FACTR*EPSMCH"", ""method"": ""L-BFGS-B"", ""nfev"": 70, ""nit"": 12, ""status"": 0, ""success"": true, ""x"": [0.42695563742338605, 0.7044347725673563, -0.12024083889613346, -20.72326583594641]}], ""solver_path"": ""general_convolution"", ""uncertified_profiles"": 0}"
foul_leaves_5_team,team-quarter,2021-22,9840,optimization,FOUL,0,FTA;PERS_FOUL_DRAWN,10,Geom,33855.934216075126,-16914.175791552494,"[0.4941952784447194, 0.8581279217148555]","{""p"": 0.8027076197514029}",3,True,optimizer_converged_lbfgsb,29,146,2,-17741.05852245594,826.8827309034459,0.23270200000843033,"{""binomial_discrete_residual_mean"": null, ""binomial_discrete_residual_variance"": null, ""binomial_h_extension_used"": null, ""binomial_n_candidates"": 0, ""binomial_n_max"": null, ""binomial_n_min"": null, ""binomial_n_policy"": null, ""binomial_n_tie_break"": null, ""certified_profiles"": 1, ""optimizer_powell_attempted"": false, ""optimizer_powell_success"": false, ""optimizer_primary_failed_starts"": 0, ""optimizer_primary_successful_starts"": 2, ""optimizer_results"": [{""fun"": 16914.175791552494, ""jac"": [0.0, 0.0, 0.0003637978829201424], ""message"": ""CONVERGENCE: REL_REDUCTION_OF_F_<=_FACTR*EPSMCH"", ""method"": ""L-BFGS-B"", ""nfev"": 72, ""nit"": 15, ""status"": 0, ""success"": true, ""x"": [0.4941952784447194, 0.8581279217148555, 1.4033037455899902]}, {""fun"": 16914.175791552585, ""jac"": [-0.0003637978809006584, 0.0, 0.0], ""message"": ""CONVERGENCE: REL_REDUCTION_OF_F_<=_FACTR*EPSMCH"", ""method"": ""L-BFGS-B"", ""nfev"": 72, ""nit"": 14, ""status"": 0, ""success"": true, ""x"": [0.49419529172342513, 0.8581280766453607, 1.4033050383355248]}], ""solver_path"": ""general_convolution"", ""uncertified_profiles"": 0}"
foul_leaves_5_team,team-quarter,2021-22,9840,optimization,FOUL,0,FTA;PERS_FOUL_DRAWN,10,Binomial,30686.814844708235,-15329.616105869049,"[0.33479846281778114, 0.49349077309641737]","{""n"": 2, ""p"": 0.8828395831108413}",3,True,optimizer_converged_lbfgsb,20,146,2,-15840.452343165,510.8362372959509,0.36279929999727756,"{""binomial_discrete_residual_mean"": 1.2001728293273395, ""binomial_discrete_residual_variance"": -2.7843493077529846, ""binomial_h_extension_used"": true, ""binomial_n_candidates"": 1, ""binomial_n_max"": 2, ""binomial_n_min"": 2, ""binomial_n_policy"": ""paper_H_binomial_discrete_index_continuous_full_mle"", ""binomial_n_tie_break"": ""not_applicable_single_mom_index"", ""certified_profiles"": 1, ""optimizer_powell_attempted"": false, ""optimizer_powell_success"": false, ""optimizer_primary_failed_starts"": 0, ""optimizer_primary_successful_starts"": 2, ""optimizer_results"": [{""fun"": 15329.616105869049, ""jac"": [0.0012732925831523045, 0.0012732925831523045, 0.0001818989414600712], ""message"": ""CONVERGENCE: REL_REDUCTION_OF_F_<=_FACTR*EPSMCH"", ""method"": ""L-BFGS-B"", ""nfev"": 36, ""nit"": 8, ""status"": 0, ""success"": true, ""x"": [0.33479846281778114, 0.49349077309641737, 2.019599431275976]}, {""fun"": 24859.50671730185, ""jac"": [0.6075424611040996, 0.20590960058977267, 0.0], ""message"": ""CONVERGENCE: REL_REDUCTION_OF_F_<=_FACTR*EPSMCH"", ""method"": ""L-BFGS-B"", ""nfev"": 108, ""nit"": 12, ""status"": 0, ""success"": true, ""x"": [0.31482239172221255, 0.4544068932582773, 20.5746685972834]}], ""solver_path"": ""general_convolution"", ""uncertified_profiles"": 0}"
foul_leaves_5_team,team-quarter,2021-22,9840,optimization,FOUL,0,FTA;PERS_FOUL_DRAWN,10,Bernoulli,inf,-inf,[],{},3,False,infeasible_conditional_support,0,0,0,-inf,0.0,0.00012030004290863872,"{""binomial_discrete_residual_mean"": null, ""binomial_discrete_residual_variance"": null, ""binomial_h_extension_used"": null, ""binomial_n_candidates"": 0, ""binomial_n_max"": null, ""binomial_n_min"": null, ""binomial_n_policy"": null, ""binomial_n_tie_break"": null, ""certified_profiles"": 0, ""solver_path"": ""conditional_support_check"", ""support_violating_rows"": 2, ""uncertified_profiles"": 0}"
foul_leaves_5_team,team-quarter,2021-22,9840,optimization,FOUL,0,FTM;PERS_FOUL_DRAWN,12,Poisson,34036.135095076934,-17004.276231053398,"[0.47804831645672374, 0.7167947710980481]","{""lam"": 1.1714750507736018}",3,True,poisson_convex_mle,23,30,2,-17028.075735639683,23.799504586284456,0.04944720002822578,"{""binomial_discrete_residual_mean"": null, ""binomial_discrete_residual_variance"": null, ""binomial_h_extension_used"": null, ""binomial_n_candidates"": 0, ""binomial_n_max"": null, ""binomial_n_min"": null, ""binomial_n_policy"": null, ""binomial_n_tie_break"": null, ""certified_profiles"": 1, ""optimizer_primary_failed_starts"": 0, ""optimizer_primary_successful_starts"": 2, ""optimizer_results"": [{""fun"": 17004.2762310534, ""jac"": [0.00018291222189503742, 0.0007456564173082825, 0.00018033829883279395], ""message"": ""CONVERGENCE: REL_REDUCTION_OF_F_<=_FACTR*EPSMCH"", ""method"": ""L-BFGS-B"", ""nfev"": 13, ""nit"": 10, ""status"": 0, ""success"": true, ""x"": [1.171475201224546, 0.47804830958949174, 0.7167947379360836]}, {""fun"": 17004.276231053398, ""jac"": [-2.0818225376473265e-05, 0.0002237277899723722, 9.976420138002595e-06], ""message"": ""CONVERGENCE: REL_REDUCTION_OF_F_<=_FACTR*EPSMCH"", ""method"": ""L-BFGS-B"", ""nfev"": 15, ""nit"": 13, ""status"": 0, ""success"": true, ""x"": [1.1714750507736018, 0.47804831645672374, 0.7167947710980481]}], ""poisson_canonical_agreement_abs"": 0.0, ""solver_path"": ""poisson_convex"", ""uncertified_profiles"": 0}"
foul_leaves_5_team,team-quarter,2021-22,9840,optimization,FOUL,0,FTM;PERS_FOUL_DRAWN,12,NB,34045.34515912506,-17004.28415758244,"[0.47805025092130754, 0.7167987653280449]","{""p"": 0.9999931505023995, ""r"": 171027.41178088408}",4,True,optimizer_converged_lbfgsb,19,117,2,-17028.08913378099,23.80497619855305,0.3552590000326745,"{""binomial_discrete_residual_mean"": null, ""binomial_discrete_residual_variance"": null, ""binomial_h_extension_used"": null, ""binomial_n_candidates"": 0, ""binomial_n_max"": null, ""binomial_n_min"": null, ""binomial_n_policy"": null, ""binomial_n_tie_break"": null, ""certified_profiles"": 1, ""optimizer_powell_attempted"": false, ""optimizer_powell_success"": false, ""optimizer_primary_failed_starts"": 0, ""optimizer_primary_successful_starts"": 2, ""optimizer_results"": [{""fun"": 17004.286680953817, ""jac"": [-0.0007275957618013168, 0.000727595757762349, -0.008003552713384848, -0.0047293720579092285], ""message"": ""CONVERGENCE: REL_REDUCTION_OF_F_<=_FACTR*EPSMCH"", ""method"": ""L-BFGS-B"", ""nfev"": 50, ""nit"": 8, ""status"": 0, ""success"": true, ""x"": [0.47805041514680763, 0.7167996364332987, 11.773198049591217, 11.614948902150498]}, {""fun"": 17004.28415758244, ""jac"": [-0.0003637978809006584, 0.0, -0.010550137667643664, -0.0014551914024336086], ""message"": ""CONVERGENCE: REL_REDUCTION_OF_F_<=_FACTR*EPSMCH"", ""method"": ""L-BFGS-B"", ""nfev"": 65, ""nit"": 11, ""status"": 0, ""success"": true, ""x"": [0.47805025092130754, 0.7167987653280449, 12.049579125449862, 11.891328401836711]}], ""solver_path"": ""general_convolution"", ""uncertified_profiles"": 0}"
foul_leaves_5_team,team-quarter,2021-22,9840,optimization,FOUL,0,FTM;PERS_FOUL_DRAWN,12,ZIP,34045.32930926737,-17004.276232653592,"[0.478048293039627, 0.7167947855765183]","{""lam"": 1.1714751845758689, ""rho"": 1.0000000000000007e-09}",4,True,optimizer_converged_lbfgsb,18,117,2,-17028.075737815692,23.799505162100104,0.11743199999909848,"{""binomial_discrete_residual_mean"": null, ""binomial_discrete_residual_variance"": null, ""binomial_h_extension_used"": null, ""binomial_n_candidates"": 0, ""binomial_n_max"": null, ""binomial_n_min"": null, ""binomial_n_policy"": null, ""binomial_n_tie_break"": null, ""certified_profiles"": 1, ""optimizer_powell_attempted"": false, ""optimizer_powell_success"": false, ""optimizer_primary_failed_starts"": 0, ""optimizer_primary_successful_starts"": 2, ""optimizer_results"": [{""fun"": 17004.276232653592, ""jac"": [0.0003637978809006584, 0.0003637978788811745, 0.0, -0.00036379785060840214], ""message"": ""CONVERGENCE: REL_REDUCTION_OF_F_<=_FACTR*EPSMCH"", ""method"": ""L-BFGS-B"", ""nfev"": 55, ""nit"": 8, ""status"": 0, ""success"": true, ""x"": [0.478048293039627, 0.7167947855765183, 0.1582637961343326, -20.72326583594641]}, {""fun"": 17004.276232654414, ""jac"": [-0.003274180928105926, 0.0010913936366435237, -0.0007275957618013168, 0.0], ""message"": ""CONVERGENCE: REL_REDUCTION_OF_F_<=_FACTR*EPSMCH"", ""method"": ""L-BFGS-B"", ""nfev"": 60, ""nit"": 10, ""status"": 0, ""success"": true, ""x"": [0.47804816710812414, 0.7167953734460758, 0.15826311290331876, -20.723265767197095]}], ""solver_path"": ""general_convolution"", ""uncertified_profiles"": 0}"
foul_leaves_5_team,team-quarter,2021-22,9840,optimization,FOUL,0,FTM;PERS_FOUL_DRAWN,12,Geom,34851.20368218349,-17411.810524606677,"[0.5797252558412186, 0.9191124898567439]","{""p"": 0.7243245838951439}",3,True,optimizer_converged_lbfgsb,22,118,2,-18349.906236468596,938.095711861919,0.1951956999837421,"{""binomial_discrete_residual_mean"": null, ""binomial_discrete_residual_variance"": null, ""binomial_h_extension_used"": null, ""binomial_n_candidates"": 0, ""binomial_n_max"": null, ""binomial_n_min"": null, ""binomial_n_policy"": null, ""binomial_n_tie_break"": null, ""certified_profiles"": 1, ""optimizer_powell_attempted"": false, ""optimizer_powell_success"": false, ""optimizer_primary_failed_starts"": 0, ""optimizer_primary_successful_starts"": 2, ""optimizer_results"": [{""fun"": 17411.810524611297, ""jac"": [0.01746229818629638, 0.0, -0.000727595757762349], ""message"": ""CONVERGENCE: REL_REDUCTION_OF_F_<=_FACTR*EPSMCH"", ""method"": ""L-BFGS-B"", ""nfev"": 60, ""nit"": 11, ""status"": 0, ""success"": true, ""x"": [0.5797256910973708, 0.9191122082020992, 0.9660157751227093]}, {""fun"": 17411.810524606677, ""jac"": [0.0025465851521682217, -0.002910383031049396, 0.0003637978788811745], ""message"": ""CONVERGENCE: REL_REDUCTION_OF_F_<=_FACTR*EPSMCH"", ""method"": ""L-BFGS-B"", ""nfev"": 56, ""nit"": 11, ""status"": 0, ""success"": true, ""x"": [0.5797252558412186, 0.9191124898567439, 0.9660154671700876]}], ""solver_path"": ""general_convolution"", ""uncertified_profiles"": 0}"
foul_leaves_5_team,team-quarter,2021-22,9840,optimization,FOUL,0,FTM;PERS_FOUL_DRAWN,12,Binomial,inf,-inf,[],"{""n"": 2}",3,False,infeasible_conditional_support,0,0,0,-inf,0.0,0.00025649997405707836,"{""binomial_discrete_residual_mean"": 1.4366459131692286, ""binomial_discrete_residual_variance"": -2.2913341111651073, ""binomial_h_extension_used"": true, ""binomial_n_candidates"": 1, ""binomial_n_max"": 2, ""binomial_n_min"": 2, ""binomial_n_policy"": ""paper_H_binomial_discrete_index_continuous_full_mle"", ""binomial_n_tie_break"": ""not_applicable_single_mom_index"", ""certified_profiles"": 0, ""solver_path"": ""conditional_support_check"", ""support_violating_rows"": 2, ""uncertified_profiles"": 0}"
foul_leaves_5_team,team-quarter,2021-22,9840,optimization,FOUL,0,FTM;PERS_FOUL_DRAWN,12,Bernoulli,inf,-inf,[],{},3,False,infeasible_conditional_support,0,0,0,-inf,0.0,4.309997893869877e-05,"{""binomial_discrete_residual_mean"": null, ""binomial_discrete_residual_variance"": null, ""binomial_h_extension_used"": null, ""binomial_n_candidates"": 0, ""binomial_n_max"": null, ""binomial_n_min"": null, ""binomial_n_policy"": null, ""binomial_n_tie_break"": null, ""certified_profiles"": 0, ""solver_path"": ""conditional_support_check"", ""support_violating_rows"": 11, ""uncertified_profiles"": 0}"
foul_leaves_5_team,team-quarter,2021-22,9840,optimization,FOUL,0,FTA;FTM;PERS_FOUL_DRAWN,14,Poisson,33402.504570828685,-16682.86386343425,"[0.4269565405144601, 0.0, 0.7044345783662058]","{""lam"": 0.8867049213860927}",4,True,poisson_convex_mle,28,36,2,-16702.67590677827,19.812043344019912,0.05543420003959909,"{""binomial_discrete_residual_mean"": null, ""binomial_discrete_residual_variance"": null, ""binomial_h_extension_used"": null, ""binomial_n_candidates"": 0, ""binomial_n_max"": null, ""binomial_n_min"": null, ""binomial_n_policy"": null, ""binomial_n_tie_break"": null, ""certified_profiles"": 1, ""optimizer_primary_failed_starts"": 0, ""optimizer_primary_successful_starts"": 2, ""optimizer_results"": [{""fun"": 16682.86386343425, ""jac"": [5.610593218907667e-06, -4.561463992303061e-05, 45.340718828538385, 1.184299418177659e-05], ""message"": ""CONVERGENCE: REL_REDUCTION_OF_F_<=_FACTR*EPSMCH"", ""method"": ""L-BFGS-B"", ""nfev"": 15, ""nit"": 11, ""status"": 0, ""success"": true, ""x"": [0.8867049213860927, 0.4269565405144601, 0.0, 0.7044345783662058]}, {""fun"": 16682.863863434315, ""jac"": [-0.00020226596336136993, -0.002348582765925755, 45.33893328317276, -7.331811266730881e-05], ""message"": ""CONVERGENCE: REL_REDUCTION_OF_F_<=_FACTR*EPSMCH"", ""method"": ""L-BFGS-B"", ""nfev"": 19, ""nit"": 17, ""status"": 0, ""success"": true, ""x"": [0.8867049813236456, 0.4269564791963529, 0.0, 0.7044346608291444]}], ""poisson_canonical_agreement_abs"": 0.0, ""solver_path"": ""poisson_convex"", ""uncertified_profiles"": 0}"
foul_leaves_5_team,team-quarter,2021-22,9840,optimization,FOUL,0,FTA;FTM;PERS_FOUL_DRAWN,14,NB,33411.711005978126,-16682.869975513946,"[0.42695826637800155, 0.0, 0.7044383417981229]","{""p"": 0.9999937600105027, ""r"": 142096.7222040196}",5,True,optimizer_converged_lbfgsb,24,194,2,-16702.68745084252,19.8174753285748,0.6215293999994174,"{""binomial_discrete_residual_mean"": null, ""binomial_discrete_residual_variance"": null, ""binomial_h_extension_used"": null, ""binomial_n_candidates"": 0, ""binomial_n_max"": null, ""binomial_n_min"": null, ""binomial_n_policy"": null, ""binomial_n_tie_break"": null, ""certified_profiles"": 1, ""optimizer_powell_attempted"": false, ""optimizer_powell_success"": false, ""optimizer_primary_failed_starts"": 0, ""optimizer_primary_successful_starts"": 2, ""optimizer_results"": [{""fun"": 16682.87266295636, ""jac"": [0.0003637978809006584, 45.34085746854544, 0.000727595757762349, -0.0014551914024336086, 0.0014551914024336086], ""message"": ""CONVERGENCE: REL_REDUCTION_OF_F_<=_FACTR*EPSMCH"", ""method"": ""L-BFGS-B"", ""nfev"": 78, ""nit"": 9, ""status"": 0, ""success"": true, ""x"": [0.42695896135044253, 0.0, 0.7044402039420151, 11.499823956804322, 11.620092958230721]}, {""fun"": 16682.869975513946, ""jac"": [-0.014915713116926996, 45.32994353212416, -0.005820766062098792, -0.00836735056399325, 0.00036379785060840214], ""message"": ""CONVERGENCE: REL_REDUCTION_OF_F_<=_FACTR*EPSMCH"", ""method"": ""L-BFGS-B"", ""nfev"": 114, ""nit"": 15, ""status"": 0, ""success"": true, ""x"": [0.42695826637800155, 0.0, 0.7044383417981229, 11.864263246993108, 11.984525818677069]}], ""solver_path"": ""general_convolution"", ""uncertified_profiles"": 0}"
foul_leaves_5_team,team-quarter,2021-22,9840,optimization,FOUL,0,FTA;FTM;PERS_FOUL_DRAWN,14,ZIP,33411.698783828564,-16682.863864439165,"[0.42695654628199015, 0.0, 0.7044345992994848]","{""lam"": 0.8867048144446448, ""rho"": 1.0000000329713833e-09}",5,True,optimizer_converged_lbfgsb,27,188,2,-16702.675908187888,19.812043748723227,0.19080889999167994,"{""binomial_discrete_residual_mean"": null, ""binomial_discrete_residual_variance"": null, ""binomial_h_extension_used"": null, ""binomial_n_candidates"": 0, ""binomial_n_max"": null, ""binomial_n_min"": null, ""binomial_n_policy"": null, ""binomial_n_tie_break"": null, ""certified_profiles"": 1, ""optimizer_powell_attempted"": false, ""optimizer_powell_success"": false, ""optimizer_primary_failed_starts"": 0, ""optimizer_primary_successful_starts"": 2, ""optimizer_results"": [{""fun"": 16682.863864439165, ""jac"": [0.0, 45.34085746854544, 0.0, 0.0, 0.0], ""message"": ""CONVERGENCE: NORM_OF_PROJECTED_GRADIENT_<=_PGTOL"", ""method"": ""L-BFGS-B"", ""nfev"": 78, ""nit"": 11, ""status"": 0, ""success"": true, ""x"": [0.42695654628199015, 0.0, 0.7044345992994848, -0.12024314299024982, -20.72326580297503]}, {""fun"": 16682.863864439194, ""jac"": [0.0007275957618013168, 45.34085746854544, -0.0003637978788811745, -0.0003637978809006584, 0.0], ""message"": ""CONVERGENCE: REL_REDUCTION_OF_F_<=_FACTR*EPSMCH"", ""method"": ""L-BFGS-B"", ""nfev"": 108, ""nit"": 16, ""status"": 0, ""success"": true, ""x"": [0.42695658663063385, 0.0, 0.7044345314459372, -0.12024325278701953, -20.723265782184157]}], ""solver_path"": ""general_convolution"", ""uncertified_profiles"": 0}"
foul_leaves_5_team,team-quarter,2021-22,9840,optimization,FOUL,0,FTA;FTM;PERS_FOUL_DRAWN,14,Geom,33865.128427068805,-16914.17579155431,"[0.49419530271086504, 0.0, 0.8581283049700577]","{""p"": 0.8027083562945173}",4,True,optimizer_converged_lbfgsb,34,197,2,-17603.30388804562,689.1280964913094,0.32006790000014007,"{""binomial_discrete_residual_mean"": null, ""binomial_discrete_residual_variance"": null, ""binomial_h_extension_used"": null, ""binomial_n_candidates"": 0, ""binomial_n_max"": null, ""binomial_n_min"": null, ""binomial_n_policy"": null, ""binomial_n_tie_break"": null, ""certified_profiles"": 1, ""optimizer_powell_attempted"": false, ""optimizer_powell_success"": false, ""optimizer_primary_failed_starts"": 0, ""optimizer_primary_successful_starts"": 2, ""optimizer_results"": [{""fun"": 16914.17579155431, ""jac"": [-0.0036379788090065844, 50.08514563087374, -0.0003637978788811745, 0.001091393648760427], ""message"": ""CONVERGENCE: REL_REDUCTION_OF_F_<=_FACTR*EPSMCH"", ""method"": ""L-BFGS-B"", ""nfev"": 105, ""nit"": 18, ""status"": 0, ""success"": true, ""x"": [0.49419530271086504, 0.0, 0.8581283049700577, 1.4033083964266517]}, {""fun"": 16914.175791558508, ""jac"": [-0.009458744903417119, 50.08078005630523, -0.0018189893944058726, 0.0025465851804409964], ""message"": ""CONVERGENCE: REL_REDUCTION_OF_F_<=_FACTR*EPSMCH"", ""method"": ""L-BFGS-B"", ""nfev"": 90, ""nit"": 16, ""status"": 0, ""success"": true, ""x"": [0.49419529821128444, 0.0, 0.858128531243251, 1.403311817159616]}], ""solver_path"": ""general_convolution"", ""uncertified_profiles"": 0}"
foul_leaves_5_team,team-quarter,2021-22,9840,optimization,FOUL,0,FTA;FTM;PERS_FOUL_DRAWN,14,Binomial,30696.009055698276,-15329.616105869045,"[0.33479849845117626, 0.0, 0.49349064705109486]","{""n"": 2, ""p"": 0.8828395417008712}",4,True,optimizer_converged_lbfgsb,20,207,2,-15959.696179573726,630.0800737046811,0.5564277999801561,"{""binomial_discrete_residual_mean"": 1.0986738647253258, ""binomial_discrete_residual_variance"": -3.098958346248061, ""binomial_h_extension_used"": true, ""binomial_n_candidates"": 1, ""binomial_n_max"": 2, ""binomial_n_min"": 2, ""binomial_n_policy"": ""paper_H_binomial_discrete_index_continuous_full_mle"", ""binomial_n_tie_break"": ""not_applicable_single_mom_index"", ""certified_profiles"": 1, ""optimizer_powell_attempted"": false, ""optimizer_powell_success"": false, ""optimizer_primary_failed_starts"": 0, ""optimizer_primary_successful_starts"": 2, ""optimizer_results"": [{""fun"": 15329.616105869045, ""jac"": [0.0001818989404503292, 61.08475645305589, -0.0001818989404503292, -0.001091393648760427], ""message"": ""CONVERGENCE: REL_REDUCTION_OF_F_<=_FACTR*EPSMCH"", ""method"": ""L-BFGS-B"", ""nfev"": 70, ""nit"": 11, ""status"": 0, ""success"": true, ""x"": [0.33479849845117626, 0.0, 0.49349064705109486, 2.0195990309238443]}, {""fun"": 24910.39693968659, ""jac"": [-0.4274625100582737, 68.74870450701565, -0.1531589078591772, 11508.447781152856], ""message"": ""CONVERGENCE: REL_REDUCTION_OF_F_<=_FACTR*EPSMCH"", ""method"": ""L-BFGS-B"", ""nfev"": 135, ""nit"": 9, ""status"": 0, ""success"": true, ""x"": [0.3148167928249434, 0.0, 0.4543961299981976, 20.667533988469344]}], ""solver_path"": ""general_convolution"", ""uncertified_profiles"": 0}"
foul_leaves_5_team,team-quarter,2021-22,9840,optimization,FOUL,0,FTA;FTM;PERS_FOUL_DRAWN,14,Bernoulli,inf,-inf,[],{},4,False,infeasible_conditional_support,0,0,0,-inf,0.0,0.0003000000142492354,"{""binomial_discrete_residual_mean"": null, ""binomial_discrete_residual_variance"": null, ""binomial_h_extension_used"": null, ""binomial_n_candidates"": 0, ""binomial_n_max"": null, ""binomial_n_min"": null, ""binomial_n_policy"": null, ""binomial_n_tie_break"": null, ""certified_profiles"": 0, ""solver_path"": ""conditional_support_check"", ""support_violating_rows"": 2, ""uncertified_profiles"": 0}"
foul_leaves_5_team,team-quarter,2021-22,9840,optimization,FOUL,0,LOOSE_BALL_FOUL_DRAWN,16,Poisson,40279.86559080507,-20130.73858441249,[0.8643225252794235],"{""lam"": 4.233234010654347}",2,True,poisson_convex_mle,9,15,2,-20130.753926598176,0.015342185684858123,0.03501719998894259,"{""binomial_discrete_residual_mean"": null, ""binomial_discrete_residual_variance"": null, ""binomial_h_extension_used"": null, ""binomial_n_candidates"": 0, ""binomial_n_max"": null, ""binomial_n_min"": null, ""binomial_n_policy"": null, ""binomial_n_tie_break"": null, ""certified_profiles"": 1, ""optimizer_primary_failed_starts"": 0, ""optimizer_primary_successful_starts"": 2, ""optimizer_results"": [{""fun"": 20130.73858441249, ""jac"": [3.2668725169493484e-08, 2.9130630352369735e-08], ""message"": ""CONVERGENCE: NORM_OF_PROJECTED_GRADIENT_<=_PGTOL"", ""method"": ""L-BFGS-B"", ""nfev"": 6, ""nit"": 4, ""status"": 0, ""success"": true, ""x"": [4.233234010654347, 0.8643225252794235]}, {""fun"": 20130.738584412506, ""jac"": [8.278685068641156e-05, 0.0001372731447948361], ""message"": ""CONVERGENCE: REL_REDUCTION_OF_F_<=_FACTR*EPSMCH"", ""method"": ""L-BFGS-B"", ""nfev"": 7, ""nit"": 5, ""status"": 0, ""success"": true, ""x"": [4.233233995674547, 0.8643227550006771]}], ""poisson_canonical_agreement_abs"": 0.0, ""solver_path"": ""poisson_convex"", ""uncertified_profiles"": 0}"
foul_leaves_5_team,team-quarter,2021-22,9840,optimization,FOUL,0,LOOSE_BALL_FOUL_DRAWN,16,NB,40289.078783168545,-20130.748075099204,[0.8643254235599924],"{""p"": 0.9999900939138575, ""r"": 427332.37478318845}",3,True,optimizer_converged_lbfgsb,11,74,2,-20130.76349812645,0.015423027245560661,0.2034017999540083,"{""binomial_discrete_residual_mean"": null, ""binomial_discrete_residual_variance"": null, ""binomial_h_extension_used"": null, ""binomial_n_candidates"": 0, ""binomial_n_max"": null, ""binomial_n_min"": null, ""binomial_n_policy"": null, ""binomial_n_tie_break"": null, ""certified_profiles"": 1, ""optimizer_powell_attempted"": false, ""optimizer_powell_success"": false, ""optimizer_primary_failed_starts"": 0, ""optimizer_primary_successful_starts"": 2, ""optimizer_results"": [{""fun"": 20130.748167196194, ""jac"": [0.0003637978788811745, -0.013096722621902477, 0.002910382804867217], ""message"": ""CONVERGENCE: REL_REDUCTION_OF_F_<=_FACTR*EPSMCH"", ""method"": ""L-BFGS-B"", ""nfev"": 32, ""nit"": 4, ""status"": 0, ""success"": true, ""x"": [0.8643268532804889, 12.955660381206483, 11.512694401466238]}, {""fun"": 20130.748075099204, ""jac"": [0.000727595757762349, -0.01527950972555289, 0.005456967759126033], ""message"": ""CONVERGENCE: REL_REDUCTION_OF_F_<=_FACTR*EPSMCH"", ""method"": ""L-BFGS-B"", ""nfev"": 40, ""nit"": 7, ""status"": 0, ""success"": true, ""x"": [0.8643254235599924, 12.965317384695064, 11.522351321717938]}], ""solver_path"": ""general_convolution"", ""uncertified_profiles"": 0}"
foul_leaves_5_team,team-quarter,2021-22,9840,optimization,FOUL,0,LOOSE_BALL_FOUL_DRAWN,16,ZIP,40289.05980975983,-20130.738588394845,[0.864322721637647],"{""lam"": 4.233233905087254, ""rho"": 1.0000000000000007e-09}",3,True,optimizer_converged_lbfgsb,12,74,2,-20130.753930582578,0.015342187733040191,0.08035489998292178,"{""binomial_discrete_residual_mean"": null, ""binomial_discrete_residual_variance"": null, ""binomial_h_extension_used"": null, ""binomial_n_candidates"": 0, ""binomial_n_max"": null, ""binomial_n_min"": null, ""binomial_n_policy"": null, ""binomial_n_tie_break"": null, ""certified_profiles"": 1, ""optimizer_powell_attempted"": false, ""optimizer_powell_success"": false, ""optimizer_primary_failed_starts"": 0, ""optimizer_primary_successful_starts"": 2, ""optimizer_results"": [{""fun"": 20130.738588394845, ""jac"": [0.000727595757762349, 0.0003637978829201424, 0.0], ""message"": ""CONVERGENCE: REL_REDUCTION_OF_F_<=_FACTR*EPSMCH"", ""method"": ""L-BFGS-B"", ""nfev"": 36, ""nit"": 6, ""status"": 0, ""success"": true, ""x"": [0.864322721637647, 1.4429662175333495, -20.72326583594641]}, {""fun"": 20130.738588394845, ""jac"": [0.0003637978788811745, 0.0, 0.0], ""message"": ""CONVERGENCE: REL_REDUCTION_OF_F_<=_FACTR*EPSMCH"", ""method"": ""L-BFGS-B"", ""nfev"": 36, ""nit"": 6, ""status"": 0, ""success"": true, ""x"": [0.8643227190349292, 1.4429662191373749, -20.72326583594641]}], ""solver_path"": ""general_convolution"", ""uncertified_profiles"": 0}"
foul_leaves_5_team,team-quarter,2021-22,9840,optimization,FOUL,0,LOOSE_BALL_FOUL_DRAWN,16,Geom,49263.31097111671,-24622.46127456831,[2.533661473035856],"{""p"": 0.20928962733656162}",2,True,optimizer_converged_lbfgsb,13,53,2,-25095.34982125767,472.8885466893589,0.043866500025615096,"{""binomial_discrete_residual_mean"": null, ""binomial_discrete_residual_variance"": null, ""binomial_h_extension_used"": null, ""binomial_n_candidates"": 0, ""binomial_n_max"": null, ""binomial_n_min"": null, ""binomial_n_policy"": null, ""binomial_n_tie_break"": null, ""certified_profiles"": 1, ""optimizer_powell_attempted"": false, ""optimizer_powell_success"": false, ""optimizer_primary_failed_starts"": 0, ""optimizer_primary_successful_starts"": 2, ""optimizer_results"": [{""fun"": 24622.461274568483, ""jac"": [0.0, -0.0007275957658402848], ""message"": ""CONVERGENCE: REL_REDUCTION_OF_F_<=_FACTR*EPSMCH"", ""method"": ""L-BFGS-B"", ""nfev"": 24, ""nit"": 6, ""status"": 0, ""success"": true, ""x"": [2.533662712027039, -1.3292127031947172]}, {""fun"": 24622.46127456831, ""jac"": [-0.0003637978829201424, -0.0003637978829201424], ""message"": ""CONVERGENCE: REL_REDUCTION_OF_F_<=_FACTR*EPSMCH"", ""method"": ""L-BFGS-B"", ""nfev"": 27, ""nit"": 7, ""status"": 0, ""success"": true, ""x"": [2.533661473035856, -1.3292126779283713]}], ""solver_path"": ""general_convolution"", ""uncertified_profiles"": 0}"
foul_leaves_5_team,team-quarter,2021-22,9840,optimization,FOUL,0,LOOSE_BALL_FOUL_DRAWN,16,Binomial,40059.38804862272,-20020.499813321316,[0.8116268353940473],"{""n"": 18, ""p"": 0.23597789654281207}",2,True,optimizer_converged_lbfgsb,11,50,2,-20021.67133326368,1.1715199423633749,0.23349019995657727,"{""binomial_discrete_residual_mean"": 4.231138869154548, ""binomial_discrete_residual_variance"": 3.230309363181446, ""binomial_h_extension_used"": false, ""binomial_n_candidates"": 1, ""binomial_n_max"": 18, ""binomial_n_min"": 18, ""binomial_n_policy"": ""paper_H_binomial_discrete_index_continuous_full_mle"", ""binomial_n_tie_break"": ""not_applicable_single_mom_index"", ""certified_profiles"": 1, ""optimizer_powell_attempted"": false, ""optimizer_powell_success"": false, ""optimizer_primary_failed_starts"": 0, ""optimizer_primary_successful_starts"": 2, ""optimizer_results"": [{""fun"": 20020.49981332146, ""jac"": [-0.000727595757762349, 0.0007275957658402848], ""message"": ""CONVERGENCE: REL_REDUCTION_OF_F_<=_FACTR*EPSMCH"", ""method"": ""L-BFGS-B"", ""nfev"": 24, ""nit"": 5, ""status"": 0, ""success"": true, ""x"": [0.8116263356789151, -1.1748585251639274]}, {""fun"": 20020.499813321316, ""jac"": [0.0, -0.0007275957658402848], ""message"": ""CONVERGENCE: REL_REDUCTION_OF_F_<=_FACTR*EPSMCH"", ""method"": ""L-BFGS-B"", ""nfev"": 24, ""nit"": 6, ""status"": 0, ""success"": true, ""x"": [0.8116268353940473, -1.1748585780522458]}], ""solver_path"": ""general_convolution"", ""uncertified_profiles"": 0}"
foul_leaves_5_team,team-quarter,2021-22,9840,optimization,FOUL,0,LOOSE_BALL_FOUL_DRAWN,16,Bernoulli,inf,-inf,[],{},2,False,infeasible_conditional_support,0,0,0,-inf,0.0,0.00019809999503195286,"{""binomial_discrete_residual_mean"": null, ""binomial_discrete_residual_variance"": null, ""binomial_h_extension_used"": null, ""binomial_n_candidates"": 0, ""binomial_n_max"": null, ""binomial_n_min"": null, ""binomial_n_policy"": null, ""binomial_n_tie_break"": null, ""certified_profiles"": 0, ""solver_path"": ""conditional_support_check"", ""support_violating_rows"": 7054, ""uncertified_profiles"": 0}"
foul_leaves_5_team,team-quarter,2021-22,9840,optimization,FOUL,0,FTA;LOOSE_BALL_FOUL_DRAWN,18,Poisson,34991.91763961084,-17482.16750332035,"[0.4513428206978047, 0.6330455305459476]","{""lam"": 1.8467966303273873}",3,True,poisson_convex_mle,32,38,2,-17483.091859467506,0.9243561471557769,0.04963079997105524,"{""binomial_discrete_residual_mean"": null, ""binomial_discrete_residual_variance"": null, ""binomial_h_extension_used"": null, ""binomial_n_candidates"": 0, ""binomial_n_max"": null, ""binomial_n_min"": null, ""binomial_n_policy"": null, ""binomial_n_tie_break"": null, ""certified_profiles"": 1, ""optimizer_primary_failed_starts"": 0, ""optimizer_primary_successful_starts"": 2, ""optimizer_results"": [{""fun"": 17482.16750332278, ""jac"": [0.002421466302898523, -0.002319063020649992, 0.0020571984343797922], ""message"": ""CONVERGENCE: REL_REDUCTION_OF_F_<=_FACTR*EPSMCH"", ""method"": ""L-BFGS-B"", ""nfev"": 16, ""nit"": 14, ""status"": 0, ""success"": true, ""x"": [1.8468020836238683, 0.4513417485490369, 0.6330483887298282]}, {""fun"": 17482.16750332035, ""jac"": [-0.0015141306676795807, 0.007726422163329971, -5.745657598232867e-05], ""message"": ""CONVERGENCE: REL_REDUCTION_OF_F_<=_FACTR*EPSMCH"", ""method"": ""L-BFGS-B"", ""nfev"": 20, ""nit"": 18, ""status"": 0, ""success"": true, ""x"": [1.8467966303273873, 0.4513428206978047, 0.6330455305459476]}], ""poisson_canonical_agreement_abs"": 0.0, ""solver_path"": ""poisson_convex"", ""uncertified_profiles"": 0}"
foul_leaves_5_team,team-quarter,2021-22,9840,optimization,FOUL,0,FTA;LOOSE_BALL_FOUL_DRAWN,18,NB,35001.137215858915,-17482.180185949364,"[0.45134386021459927, 0.6330517232240244]","{""p"": 0.9999918611025459, ""r"": 226907.18989116588}",4,True,optimizer_converged_lbfgsb,23,137,2,-17483.10765588921,0.927469939844741,0.40973489999305457,"{""binomial_discrete_residual_mean"": null, ""binomial_discrete_residual_variance"": null, ""binomial_h_extension_used"": null, ""binomial_n_candidates"": 0, ""binomial_n_max"": null, ""binomial_n_min"": null, ""binomial_n_policy"": null, ""binomial_n_tie_break"": null, ""certified_profiles"": 1, ""optimizer_powell_attempted"": false, ""optimizer_powell_success"": false, ""optimizer_primary_failed_starts"": 0, ""optimizer_primary_successful_starts"": 2, ""optimizer_results"": [{""fun"": 17482.18294070961, ""jac"": [0.0010913936427019754, 0.0, -0.010550137667643664, -0.002910382804867217], ""message"": ""CONVERGENCE: REL_REDUCTION_OF_F_<=_FACTR*EPSMCH"", ""method"": ""L-BFGS-B"", ""nfev"": 60, ""nit"": 10, ""status"": 0, ""success"": true, ""x"": [0.45134441031131717, 0.6330491088432773, 12.135735477037048, 11.522287842473833]}, {""fun"": 17482.180185949364, ""jac"": [-0.006548361856211852, 0.0010913936366435237, -0.006548361310951239, 0.0], ""message"": ""CONVERGENCE: REL_REDUCTION_OF_F_<=_FACTR*EPSMCH"", ""method"": ""L-BFGS-B"", ""nfev"": 75, ""nit"": 13, ""status"": 0, ""success"": true, ""x"": [0.45134386021459927, 0.6330517232240244, 12.332296357754506, 11.718847696080637]}], ""solver_path"": ""general_convolution"", ""uncertified_profiles"": 0}"
foul_leaves_5_team,team-quarter,2021-22,9840,optimization,FOUL,0,FTA;LOOSE_BALL_FOUL_DRAWN,18,ZIP,35001.111857032374,-17482.167506536094,"[0.45134224217481916, 0.6330453554851192]","{""lam"": 1.8467995056120108, ""rho"": 1.0000000000000007e-09}",4,True,optimizer_converged_lbfgsb,21,127,2,-17483.091862770398,0.9243562343035592,0.1320172999985516,"{""binomial_discrete_residual_mean"": null, ""binomial_discrete_residual_variance"": null, ""binomial_h_extension_used"": null, ""binomial_n_candidates"": 0, ""binomial_n_max"": null, ""binomial_n_min"": null, ""binomial_n_policy"": null, ""binomial_n_tie_break"": null, ""certified_profiles"": 1, ""optimizer_powell_attempted"": false, ""optimizer_powell_success"": false, ""optimizer_primary_failed_starts"": 0, ""optimizer_primary_successful_starts"": 2, ""optimizer_results"": [{""fun"": 17482.167506536094, ""jac"": [-0.002546585166304609, 0.0, -0.000727595757762349, 0.0], ""message"": ""CONVERGENCE: REL_REDUCTION_OF_F_<=_FACTR*EPSMCH"", ""method"": ""L-BFGS-B"", ""nfev"": 55, ""nit"": 9, ""status"": 0, ""success"": true, ""x"": [0.45134224217481916, 0.6330453554851192, 0.6134541439508617, -20.72326583594641]}, {""fun"": 17482.16750688617, ""jac"": [-0.21136656880328256, -0.0040017766676929195, -0.04583853273902799, 0.0], ""message"": ""CONVERGENCE: REL_REDUCTION_OF_F_<=_FACTR*EPSMCH"", ""method"": ""L-BFGS-B"", ""nfev"": 70, ""nit"": 12, ""status"": 0, ""success"": true, ""x"": [0.45133808544472015, 0.6330508248656055, 0.6134577596131284, -20.723265238976346]}], ""solver_path"": ""general_convolution"", ""uncertified_profiles"": 0}"
foul_leaves_5_team,team-quarter,2021-22,9840,optimization,FOUL,0,FTA;LOOSE_BALL_FOUL_DRAWN,18,Geom,37196.56359434757,-18584.490480688717,"[0.6183447857848213, 0.963045337790136]","{""p"": 0.5404014527162748}",3,True,optimizer_converged_lbfgsb,23,118,2,-19501.88729151319,917.3968108244735,0.18310289998771623,"{""binomial_discrete_residual_mean"": null, ""binomial_discrete_residual_variance"": null, ""binomial_h_extension_used"": null, ""binomial_n_candidates"": 0, ""binomial_n_max"": null, ""binomial_n_min"": null, ""binomial_n_policy"": null, ""binomial_n_tie_break"": null, ""certified_profiles"": 1, ""optimizer_powell_attempted"": false, ""optimizer_powell_success"": false, ""optimizer_primary_failed_starts"": 0, ""optimizer_primary_successful_starts"": 2, ""optimizer_results"": [{""fun"": 18584.490480714645, ""jac"": [0.013460521518603458, -0.003274180909930571, -0.006548361856211852], ""message"": ""CONVERGENCE: REL_REDUCTION_OF_F_<=_FACTR*EPSMCH"", ""method"": ""L-BFGS-B"", ""nfev"": 60, ""nit"": 12, ""status"": 0, ""success"": true, ""x"": [0.6183447375852276, 0.9630383293901569, 0.16195451085174606]}, {""fun"": 18584.490480688717, ""jac"": [0.004729372425455269, 0.0003637978788811745, 0.0], ""message"": ""CONVERGENCE: REL_REDUCTION_OF_F_<=_FACTR*EPSMCH"", ""method"": ""L-BFGS-B"", ""nfev"": 56, ""nit"": 11, ""status"": 0, ""success"": true, ""x"": [0.6183447857848213, 0.963045337790136, 0.16195890916427588]}], ""solver_path"": ""general_convolution"", ""uncertified_profiles"": 0}"
foul_leaves_5_team,team-quarter,2021-22,9840,optimization,FOUL,0,FTA;LOOSE_BALL_FOUL_DRAWN,18,Binomial,inf,-inf,[],"{""n"": 2}",3,False,infeasible_conditional_support,0,0,0,-inf,0.0,0.0006712999893352389,"{""binomial_discrete_residual_mean"": 1.881670614286434, ""binomial_discrete_residual_variance"": -1.5480921916133168, ""binomial_h_extension_used"": true, ""binomial_n_candidates"": 1, ""binomial_n_max"": 2, ""binomial_n_min"": 2, ""binomial_n_policy"": ""paper_H_binomial_discrete_index_continuous_full_mle"", ""binomial_n_tie_break"": ""not_applicable_single_mom_index"", ""certified_profiles"": 0, ""solver_path"": ""conditional_support_check"", ""support_violating_rows"": 131, ""uncertified_profiles"": 0}"
foul_leaves_5_team,team-quarter,2021-22,9840,optimization,FOUL,0,FTA;LOOSE_BALL_FOUL_DRAWN,18,Bernoulli,inf,-inf,[],{},3,False,infeasible_conditional_support,0,0,0,-inf,0.0,0.00020589999621734023,"{""binomial_discrete_residual_mean"": null, ""binomial_discrete_residual_variance"": null, ""binomial_h_extension_used"": null, ""binomial_n_candidates"": 0, ""binomial_n_max"": null, ""binomial_n_min"": null, ""binomial_n_policy"": null, ""binomial_n_tie_break"": null, ""certified_profiles"": 0, ""solver_path"": ""conditional_support_check"", ""support_violating_rows"": 269, ""uncertified_profiles"": 0}"
foul_leaves_5_team,team-quarter,2021-22,9840,optimization,FOUL,0,FTM;LOOSE_BALL_FOUL_DRAWN,20,Poisson,35654.695576490565,-17813.556471760214,"[0.5134148165197335, 0.6865702681711633]","{""lam"": 2.122801475544383}",3,True,poisson_convex_mle,31,37,2,-17814.74025108222,1.1837793220074673,0.0691633999813348,"{""binomial_discrete_residual_mean"": null, ""binomial_discrete_residual_variance"": null, ""binomial_h_extension_used"": null, ""binomial_n_candidates"": 0, ""binomial_n_max"": null, ""binomial_n_min"": null, ""binomial_n_policy"": null, ""binomial_n_tie_break"": null, ""certified_profiles"": 1, ""optimizer_primary_failed_starts"": 0, ""optimizer_primary_successful_starts"": 2, ""optimizer_results"": [{""fun"": 17813.556471760214, ""jac"": [-0.0003836286999927552, 0.0001888632623661124, 0.00018847210007244541], ""message"": ""CONVERGENCE: REL_REDUCTION_OF_F_<=_FACTR*EPSMCH"", ""method"": ""L-BFGS-B"", ""nfev"": 16, ""nit"": 14, ""status"": 0, ""success"": true, ""x"": [2.122801475544383, 0.5134148165197335, 0.6865702681711633]}, {""fun"": 17813.556471761687, ""jac"": [-0.0011286612726308931, 0.003067727899434658, -8.068359517476864e-05], ""message"": ""CONVERGENCE: REL_REDUCTION_OF_F_<=_FACTR*EPSMCH"", ""method"": ""L-BFGS-B"", ""nfev"": 19, ""nit"": 17, ""status"": 0, ""success"": true, ""x"": [2.122800187700802, 0.513415137026445, 0.6865699411038161]}], ""poisson_canonical_agreement_abs"": 3.637978807091713e-12, ""solver_path"": ""poisson_convex"", ""uncertified_profiles"": 0}"
foul_leaves_5_team,team-quarter,2021-22,9840,optimization,FOUL,0,FTM;LOOSE_BALL_FOUL_DRAWN,20,NB,35663.9170320128,-17813.57009402631,"[0.5134139117888785, 0.6865734986214612]","{""p"": 0.9999915545975033, ""r"": 251353.5416388769}",4,True,optimizer_converged_lbfgsb,23,137,2,-17814.75662580684,1.186531780531368,0.41386279999278486,"{""binomial_discrete_residual_mean"": null, ""binomial_discrete_residual_variance"": null, ""binomial_h_extension_used"": null, ""binomial_n_candidates"": 0, ""binomial_n_max"": null, ""binomial_n_min"": null, ""binomial_n_policy"": null, ""binomial_n_tie_break"": null, ""certified_profiles"": 1, ""optimizer_powell_attempted"": false, ""optimizer_powell_success"": false, ""optimizer_primary_failed_starts"": 0, ""optimizer_primary_successful_starts"": 2, ""optimizer_results"": [{""fun"": 17813.572422590507, ""jac"": [-0.0040017766676929195, 0.000727595757762349, -0.004365574207300826, -0.005093169908517631], ""message"": ""CONVERGENCE: REL_REDUCTION_OF_F_<=_FACTR*EPSMCH"", ""method"": ""L-BFGS-B"", ""nfev"": 65, ""nit"": 11, ""status"": 0, ""success"": true, ""x"": [0.5134163979255812, 0.6865736314085291, 12.276803942504166, 11.524070474187868]}, {""fun"": 17813.57009402631, ""jac"": [-0.06693880971413611, -0.0018189893944058726, -0.02000888178346212, 0.010550137667643664], ""message"": ""CONVERGENCE: REL_REDUCTION_OF_F_<=_FACTR*EPSMCH"", ""method"": ""L-BFGS-B"", ""nfev"": 70, ""nit"": 12, ""status"": 0, ""success"": true, ""x"": [0.5134139117888785, 0.6865734986214612, 12.434615759488437, 11.681879902453954]}], ""solver_path"": ""general_convolution"", ""uncertified_profiles"": 0}"
foul_leaves_5_team,team-quarter,2021-22,9840,optimization,FOUL,0,FTM;LOOSE_BALL_FOUL_DRAWN,20,ZIP,35663.889795049196,-17813.556475544505,"[0.5134149743782715, 0.6865734450725275]","{""lam"": 2.1228002951379437, ""rho"": 1.0000000000000007e-09}",4,True,optimizer_converged_lbfgsb,20,127,2,-17814.74025497208,1.1837794275743363,0.15323559998068959,"{""binomial_discrete_residual_mean"": null, ""binomial_discrete_residual_variance"": null, ""binomial_h_extension_used"": null, ""binomial_n_candidates"": 0, ""binomial_n_max"": null, ""binomial_n_min"": null, ""binomial_n_policy"": null, ""binomial_n_tie_break"": null, ""certified_profiles"": 1, ""optimizer_powell_attempted"": false, ""optimizer_powell_success"": false, ""optimizer_primary_failed_starts"": 0, ""optimizer_primary_successful_starts"": 2, ""optimizer_results"": [{""fun"": 17813.556475544505, ""jac"": [0.0040017766676929195, 0.0018189893944058726, -0.0003637978788811745, 0.0], ""message"": ""CONVERGENCE: REL_REDUCTION_OF_F_<=_FACTR*EPSMCH"", ""method"": ""L-BFGS-B"", ""nfev"": 50, ""nit"": 8, ""status"": 0, ""success"": true, ""x"": [0.5134149743782715, 0.6865734450725275, 0.7527361110039766, -20.72326583594641]}, {""fun"": 17813.5564760083, ""jac"": [0.10259100184449121, 0.02473825576391987, 0.0556610754688197, 0.0], ""message"": ""CONVERGENCE: REL_REDUCTION_OF_F_<=_FACTR*EPSMCH"", ""method"": ""L-BFGS-B"", ""nfev"": 75, ""nit"": 12, ""status"": 0, ""success"": true, ""x"": [0.5134151783884254, 0.6866041315642725, 0.7527376424695216, -20.72326583594641]}], ""solver_path"": ""general_convolution"", ""uncertified_profiles"": 0}"
foul_leaves_5_team,team-quarter,2021-22,9840,optimization,FOUL,0,FTM;LOOSE_BALL_FOUL_DRAWN,20,Geom,38476.809009838245,-19224.613188434054,"[0.7410186554495044, 1.0881874885703173]","{""p"": 0.48632790255136477}",3,True,optimizer_converged_lbfgsb,20,102,2,-20243.111998468703,1018.4988100346491,0.15831420000176877,"{""binomial_discrete_residual_mean"": null, ""binomial_discrete_residual_variance"": null, ""binomial_h_extension_used"": null, ""binomial_n_candidates"": 0, ""binomial_n_max"": null, ""binomial_n_min"": null, ""binomial_n_policy"": null, ""binomial_n_tie_break"": null, ""certified_profiles"": 1, ""optimizer_powell_attempted"": false, ""optimizer_powell_success"": false, ""optimizer_primary_failed_starts"": 0, ""optimizer_primary_successful_starts"": 2, ""optimizer_results"": [{""fun"": 19224.613188434054, ""jac"": [-0.001455191515524698, 0.0003637978829201424, 0.0007275957612964458], ""message"": ""CONVERGENCE: REL_REDUCTION_OF_F_<=_FACTR*EPSMCH"", ""method"": ""L-BFGS-B"", ""nfev"": 52, ""nit"": 10, ""status"": 0, ""success"": true, ""x"": [0.7410186554495044, 1.0881874885703173, -0.054702026173388534]}, {""fun"": 19224.613188434316, ""jac"": [0.0003637978788811745, -0.0003637978829201424, -0.0003637978806482229], ""message"": ""CONVERGENCE: REL_REDUCTION_OF_F_<=_FACTR*EPSMCH"", ""method"": ""L-BFGS-B"", ""nfev"": 48, ""nit"": 10, ""status"": 0, ""success"": true, ""x"": [0.7410187005083604, 1.0881856862870087, -0.05470256929843863]}], ""solver_path"": ""general_convolution"", ""uncertified_profiles"": 0}"
foul_leaves_5_team,team-quarter,2021-22,9840,optimization,FOUL,0,FTM;LOOSE_BALL_FOUL_DRAWN,20,Binomial,inf,-inf,[],"{""n"": 3}",3,False,infeasible_conditional_support,0,0,0,-inf,0.0,0.00031430000672116876,"{""binomial_discrete_residual_mean"": 2.170642114588907, ""binomial_discrete_residual_variance"": -0.9538308494961485, ""binomial_h_extension_used"": true, ""binomial_n_candidates"": 1, ""binomial_n_max"": 3, ""binomial_n_min"": 3, ""binomial_n_policy"": ""paper_H_binomial_discrete_index_continuous_full_mle"", ""binomial_n_tie_break"": ""not_applicable_single_mom_index"", ""certified_profiles"": 0, ""solver_path"": ""conditional_support_check"", ""support_violating_rows"": 74, ""uncertified_profiles"": 0}"
foul_leaves_5_team,team-quarter,2021-22,9840,optimization,FOUL,0,FTM;LOOSE_BALL_FOUL_DRAWN,20,Bernoulli,inf,-inf,[],{},3,False,infeasible_conditional_support,0,0,0,-inf,0.0,0.0001145999995060265,"{""binomial_discrete_residual_mean"": null, ""binomial_discrete_residual_variance"": null, ""binomial_h_extension_used"": null, ""binomial_n_candidates"": 0, ""binomial_n_max"": null, ""binomial_n_min"": null, ""binomial_n_policy"": null, ""binomial_n_tie_break"": null, ""certified_profiles"": 0, ""solver_path"": ""conditional_support_check"", ""support_violating_rows"": 388, ""uncertified_profiles"": 0}"
foul_leaves_5_team,team-quarter,2021-22,9840,optimization,FOUL,0,FTA;FTM;LOOSE_BALL_FOUL_DRAWN,22,Poisson,35001.11185059226,-17482.167503316035,"[0.45134227587195047, 0.0, 0.6330455701825569]","{""lam"": 1.84679959195782}",4,True,poisson_convex_mle,32,40,2,-17483.033562152712,0.8660588366765296,0.06290600000647828,"{""binomial_discrete_residual_mean"": null, ""binomial_discrete_residual_variance"": null, ""binomial_h_extension_used"": null, ""binomial_n_candidates"": 0, ""binomial_n_max"": null, ""binomial_n_min"": null, ""binomial_n_policy"": null, ""binomial_n_tie_break"": null, ""certified_profiles"": 1, ""optimizer_primary_failed_starts"": 0, ""optimizer_primary_successful_starts"": 2, ""optimizer_results"": [{""fun"": 17482.16750331667, ""jac"": [-0.0011539560341944366, -0.0013155750174576042, 20.136807277202166, 0.0001892940753513983], ""message"": ""CONVERGENCE: REL_REDUCTION_OF_F_<=_FACTR*EPSMCH"", ""method"": ""L-BFGS-B"", ""nfev"": 13, ""nit"": 10, ""status"": 0, ""success"": true, ""x"": [1.8467984146847396, 0.4513424035366515, 0.0, 0.6330460746803082]}, {""fun"": 17482.167503316035, ""jac"": [0.00017498661600434673, 0.0008475906209568507, 20.138484121718015, 0.0001616563368154189], ""message"": ""CONVERGENCE: REL_REDUCTION_OF_F_<=_FACTR*EPSMCH"", ""method"": ""L-BFGS-B"", ""nfev"": 25, ""nit"": 22, ""status"": 0, ""success"": true, ""x"": [1.84679959195782, 0.45134227587195047, 0.0, 0.6330455701825569]}], ""poisson_canonical_agreement_abs"": 0.0, ""solver_path"": ""poisson_convex"", ""uncertified_profiles"": 0}"
foul_leaves_5_team,team-quarter,2021-22,9840,optimization,FOUL,0,FTA;FTM;LOOSE_BALL_FOUL_DRAWN,22,NB,35010.33157676597,-17482.18026090787,"[0.45134362813645923, 0.0, 0.6330475053996805]","{""p"": 0.9999918129907572, ""r"": 225574.1109734461}",5,True,optimizer_converged_lbfgsb,28,224,2,-17483.04906396654,0.8688030586708919,0.777602799993474,"{""binomial_discrete_residual_mean"": null, ""binomial_discrete_residual_variance"": null, ""binomial_h_extension_used"": null, ""binomial_n_candidates"": 0, ""binomial_n_max"": null, ""binomial_n_min"": null, ""binomial_n_policy"": null, ""binomial_n_tie_break"": null, ""certified_profiles"": 1, ""optimizer_powell_attempted"": false, ""optimizer_powell_success"": false, ""optimizer_primary_failed_starts"": 0, ""optimizer_primary_successful_starts"": 2, ""optimizer_results"": [{""fun"": 17482.183147436735, ""jac"": [0.024738255901244774, 20.157676772214472, -0.006912159698742316, -0.002910382804867217, -0.010913935518252066], ""message"": ""CONVERGENCE: REL_REDUCTION_OF_F_<=_FACTR*EPSMCH"", ""method"": ""L-BFGS-B"", ""nfev"": 90, ""nit"": 10, ""status"": 0, ""success"": true, ""x"": [0.4513448697223298, 0.0, 0.6330348181517171, 12.12243762071285, 11.50898840711474]}, {""fun"": 17482.18026090787, ""jac"": [0.0, 20.138031686656177, -0.0003637978788811745, -0.002910382804867217, -0.011277733368860466], ""message"": ""CONVERGENCE: REL_REDUCTION_OF_F_<=_FACTR*EPSMCH"", ""method"": ""L-BFGS-B"", ""nfev"": 132, ""nit"": 18, ""status"": 0, ""success"": true, ""x"": [0.45134362813645923, 0.0, 0.6330475053996805, 12.326404035697653, 11.712953711566332]}], ""solver_path"": ""general_convolution"", ""uncertified_profiles"": 0}"
foul_leaves_5_team,team-quarter,2021-22,9840,optimization,FOUL,0,FTA;FTM;LOOSE_BALL_FOUL_DRAWN,22,ZIP,35010.3060680223,-17482.167506536032,"[0.4513422642880677, 0.0, 0.6330454877177234]","{""lam"": 1.846799574846497, ""rho"": 1.0000000000000007e-09}",5,True,optimizer_converged_lbfgsb,29,212,2,-17483.033565339825,0.8660588037928392,0.22995540004922077,"{""binomial_discrete_residual_mean"": null, ""binomial_discrete_residual_variance"": null, ""binomial_h_extension_used"": null, ""binomial_n_candidates"": 0, ""binomial_n_max"": null, ""binomial_n_min"": null, ""binomial_n_policy"": null, ""binomial_n_tie_break"": null, ""certified_profiles"": 1, ""optimizer_powell_attempted"": false, ""optimizer_powell_success"": false, ""optimizer_primary_failed_starts"": 0, ""optimizer_primary_successful_starts"": 2, ""optimizer_results"": [{""fun"": 17482.167506536032, ""jac"": [0.0, 20.138031686656177, 0.0, 0.0, 0.0], ""message"": ""CONVERGENCE: NORM_OF_PROJECTED_GRADIENT_<=_PGTOL"", ""method"": ""L-BFGS-B"", ""nfev"": 84, ""nit"": 10, ""status"": 0, ""success"": true, ""x"": [0.4513422642880677, 0.0, 0.6330454877177234, 0.6134541814397633, -20.72326583594641]}, {""fun"": 17482.167506536134, ""jac"": [-0.0021827872854039507, 20.13621269725263, 0.0, -0.0003637978788811745, 0.0], ""message"": ""CONVERGENCE: REL_REDUCTION_OF_F_<=_FACTR*EPSMCH"", ""method"": ""L-BFGS-B"", ""nfev"": 126, ""nit"": 19, ""status"": 0, ""success"": true, ""x"": [0.45134220836207395, 0.0, 0.633045769989954, 0.6134542368960111, -20.72326583594641]}], ""solver_path"": ""general_convolution"", ""uncertified_profiles"": 0}"
foul_leaves_5_team,team-quarter,2021-22,9840,optimization,FOUL,0,FTA;FTM;LOOSE_BALL_FOUL_DRAWN,22,Geom,37205.75780533726,-18584.49048068854,"[0.6183446984459515, 0.0, 0.9630455739141539]","{""p"": 0.5404014327511231}",4,True,optimizer_converged_lbfgsb,35,212,2,-19425.321813326722,840.8313326381831,0.32701240002643317,"{""binomial_discrete_residual_mean"": null, ""binomial_discrete_residual_variance"": null, ""binomial_h_extension_used"": null, ""binomial_n_candidates"": 0, ""binomial_n_max"": null, ""binomial_n_min"": null, ""binomial_n_policy"": null, ""binomial_n_tie_break"": null, ""certified_profiles"": 1, ""optimizer_powell_attempted"": false, ""optimizer_powell_success"": false, ""optimizer_primary_failed_starts"": 0, ""optimizer_primary_successful_starts"": 2, ""optimizer_results"": [{""fun"": 18584.49048068862, ""jac"": [-0.0003637978788811745, 27.86691766232252, 0.0, 0.0003637978809006584], ""message"": ""CONVERGENCE: REL_REDUCTION_OF_F_<=_FACTR*EPSMCH"", ""method"": ""L-BFGS-B"", ""nfev"": 120, ""nit"": 20, ""status"": 0, ""success"": true, ""x"": [0.618344696773907, 0.0, 0.9630457172045174, 0.1619589653479852]}, {""fun"": 18584.49048068854, ""jac"": [-0.000727595757762349, 27.86691766232252, -0.0003637978788811745, 0.0003637978809006584], ""message"": ""CONVERGENCE: REL_REDUCTION_OF_F_<=_FACTR*EPSMCH"", ""method"": ""L-BFGS-B"", ""nfev"": 90, ""nit"": 15, ""status"": 0, ""success"": true, ""x"": [0.6183446984459515, 0.0, 0.9630455739141539, 0.1619588287788235]}], ""solver_path"": ""general_convolution"", ""uncertified_profiles"": 0}"
foul_leaves_5_team,team-quarter,2021-22,9840,optimization,FOUL,0,FTA;FTM;LOOSE_BALL_FOUL_DRAWN,22,Binomial,inf,-inf,[],"{""n"": 2}",4,False,infeasible_conditional_support,0,0,0,-inf,0.0,0.000698799965903163,"{""binomial_discrete_residual_mean"": 1.832239907540016, ""binomial_discrete_residual_variance"": -1.7003224231143292, ""binomial_h_extension_used"": true, ""binomial_n_candidates"": 1, ""binomial_n_max"": 2, ""binomial_n_min"": 2, ""binomial_n_policy"": ""paper_H_binomial_discrete_index_continuous_full_mle"", ""binomial_n_tie_break"": ""not_applicable_single_mom_index"", ""certified_profiles"": 0, ""solver_path"": ""conditional_support_check"", ""support_violating_rows"": 131, ""uncertified_profiles"": 0}"
foul_leaves_5_team,team-quarter,2021-22,9840,optimization,FOUL,0,FTA;FTM;LOOSE_BALL_FOUL_DRAWN,22,Bernoulli,inf,-inf,[],{},4,False,infeasible_conditional_support,0,0,0,-inf,0.0,0.00011259998427703977,"{""binomial_discrete_residual_mean"": null, ""binomial_discrete_residual_variance"": null, ""binomial_h_extension_used"": null, ""binomial_n_candidates"": 0, ""binomial_n_max"": null, ""binomial_n_min"": null, ""binomial_n_policy"": null, ""binomial_n_tie_break"": null, ""certified_profiles"": 0, ""solver_path"": ""conditional_support_check"", ""support_violating_rows"": 269, ""uncertified_profiles"": 0}"
foul_leaves_5_team,team-quarter,2021-22,9840,optimization,FOUL,0,PERS_FOUL_DRAWN;LOOSE_BALL_FOUL_DRAWN,24,Poisson,37385.800502911625,-18679.108934970744,"[0.8555425135096335, 0.9250814924848317]","{""lam"": 2.68025554222986}",3,True,poisson_convex_mle,13,21,2,-18679.126667230998,0.017732260253978893,0.026444599963724613,"{""binomial_discrete_residual_mean"": null, ""binomial_discrete_residual_variance"": null, ""binomial_h_extension_used"": null, ""binomial_n_candidates"": 0, ""binomial_n_max"": null, ""binomial_n_min"": null, ""binomial_n_policy"": null, ""binomial_n_tie_break"": null, ""certified_profiles"": 1, ""optimizer_primary_failed_starts"": 0, ""optimizer_primary_successful_starts"": 2, ""optimizer_results"": [{""fun"": 18679.108934970744, ""jac"": [-1.6205093473331544e-05, -6.037394300051346e-06, -1.653216154373638e-05], ""message"": ""CONVERGENCE: REL_REDUCTION_OF_F_<=_FACTR*EPSMCH"", ""method"": ""L-BFGS-B"", ""nfev"": 9, ""nit"": 6, ""status"": 0, ""success"": true, ""x"": [2.68025554222986, 0.8555425135096335, 0.9250814924848317]}, {""fun"": 18679.10893498415, ""jac"": [0.0028670898922484866, 0.013537822791704457, 0.0009166252902907956], ""message"": ""CONVERGENCE: REL_REDUCTION_OF_F_<=_FACTR*EPSMCH"", ""method"": ""L-BFGS-B"", ""nfev"": 10, ""nit"": 7, ""status"": 0, ""success"": true, ""x"": [2.6802529841976335, 0.8555449985569858, 0.9250820278386871]}], ""poisson_canonical_agreement_abs"": 0.0, ""solver_path"": ""poisson_convex"", ""uncertified_profiles"": 0}"
foul_leaves_5_team,team-quarter,2021-22,9840,optimization,FOUL,0,PERS_FOUL_DRAWN;LOOSE_BALL_FOUL_DRAWN,24,NB,37395.01892620414,-18679.121041121976,"[0.8555426747761454, 0.9250913981782123]","{""p"": 0.9999909914250112, ""r"": 297519.22661240015}",4,True,optimizer_converged_lbfgsb,21,132,2,-18679.140083623,0.01904250102234073,0.4779602999915369,"{""binomial_discrete_residual_mean"": null, ""binomial_discrete_residual_variance"": null, ""binomial_h_extension_used"": null, ""binomial_n_candidates"": 0, ""binomial_n_max"": null, ""binomial_n_min"": null, ""binomial_n_policy"": null, ""binomial_n_tie_break"": null, ""certified_profiles"": 1, ""optimizer_powell_attempted"": false, ""optimizer_powell_success"": false, ""optimizer_primary_failed_starts"": 0, ""optimizer_primary_successful_starts"": 2, ""optimizer_results"": [{""fun"": 18679.12238438258, ""jac"": [0.003637978788811745, 0.005093170304336443, -0.002182787103650413, -0.009458744115818457], ""message"": ""CONVERGENCE: REL_REDUCTION_OF_F_<=_FACTR*EPSMCH"", ""method"": ""L-BFGS-B"", ""nfev"": 55, ""nit"": 9, ""status"": 0, ""success"": true, ""x"": [0.855546041533762, 0.9250929904787104, 12.498009800528209, 11.512100290657276]}, {""fun"": 18679.121041121976, ""jac"": [-0.025465851521682216, 0.001455191515524698, -0.037471178612665426, 0.017462296829203305], ""message"": ""CONVERGENCE: REL_REDUCTION_OF_F_<=_FACTR*EPSMCH"", ""method"": ""L-BFGS-B"", ""nfev"": 75, ""nit"": 12, ""status"": 0, ""success"": true, ""x"": [0.8555426747761454, 0.9250913981782123, 12.603234129148142, 11.617324649078133]}], ""solver_path"": ""general_convolution"", ""uncertified_profiles"": 0}"
foul_leaves_5_team,team-quarter,2021-22,9840,optimization,FOUL,0,PERS_FOUL_DRAWN;LOOSE_BALL_FOUL_DRAWN,24,ZIP,37394.99472263649,-18679.10893933815,"[0.8555425316180453, 0.9250811637703894]","{""lam"": 2.6802554806396808, ""rho"": 1.0000000000000007e-09}",4,True,optimizer_converged_lbfgsb,14,102,2,-18679.12667158909,0.017732250937115168,0.14896819996647537,"{""binomial_discrete_residual_mean"": null, ""binomial_discrete_residual_variance"": null, ""binomial_h_extension_used"": null, ""binomial_n_candidates"": 0, ""binomial_n_max"": null, ""binomial_n_min"": null, ""binomial_n_policy"": null, ""binomial_n_tie_break"": null, ""certified_profiles"": 1, ""optimizer_powell_attempted"": false, ""optimizer_powell_success"": false, ""optimizer_primary_failed_starts"": 0, ""optimizer_primary_successful_starts"": 2, ""optimizer_results"": [{""fun"": 18679.108939338228, ""jac"": [0.0003637978788811745, 0.0, 0.000727595757762349, 0.0], ""message"": ""CONVERGENCE: REL_REDUCTION_OF_F_<=_FACTR*EPSMCH"", ""method"": ""L-BFGS-B"", ""nfev"": 40, ""nit"": 6, ""status"": 0, ""success"": true, ""x"": [0.8555424476620707, 0.925080854667998, 0.9859122552873035, -20.72326583594641]}, {""fun"": 18679.10893933815, ""jac"": [-0.0003637978788811745, 0.0, -0.0003637978788811745, 0.0], ""message"": ""CONVERGENCE: REL_REDUCTION_OF_F_<=_FACTR*EPSMCH"", ""method"": ""L-BFGS-B"", ""nfev"": 60, ""nit"": 8, ""status"": 0, ""success"": true, ""x"": [0.8555425316180453, 0.9250811637703894, 0.9859121185761792, -20.72326583594641]}], ""solver_path"": ""general_convolution"", ""uncertified_profiles"": 0}"
foul_leaves_5_team,team-quarter,2021-22,9840,optimization,FOUL,0,PERS_FOUL_DRAWN;LOOSE_BALL_FOUL_DRAWN,24,Geom,40893.70383091233,-20433.060598971097,"[1.422266551211881, 1.506396575552482]","{""p"": 0.3993593125625395}",3,True,optimizer_converged_lbfgsb,20,90,2,-21531.780721414234,1098.7201224431374,0.13358480000169948,"{""binomial_discrete_residual_mean"": null, ""binomial_discrete_residual_variance"": null, ""binomial_h_extension_used"": null, ""binomial_n_candidates"": 0, ""binomial_n_max"": null, ""binomial_n_min"": null, ""binomial_n_policy"": null, ""binomial_n_tie_break"": null, ""certified_profiles"": 1, ""optimizer_powell_attempted"": false, ""optimizer_powell_success"": false, ""optimizer_primary_failed_starts"": 0, ""optimizer_primary_successful_starts"": 2, ""optimizer_results"": [{""fun"": 20433.0605989712, ""jac"": [-0.0018189894146007119, -0.0007275957658402848, 0.0007275957618013168], ""message"": ""CONVERGENCE: REL_REDUCTION_OF_F_<=_FACTR*EPSMCH"", ""method"": ""L-BFGS-B"", ""nfev"": 44, ""nit"": 10, ""status"": 0, ""success"": true, ""x"": [1.4222662550894343, 1.5063944533787006, -0.40813577144181057]}, {""fun"": 20433.060598971097, ""jac"": [0.0003637978829201424, 0.0003637978829201424, 0.0010913936427019754], ""message"": ""CONVERGENCE: REL_REDUCTION_OF_F_<=_FACTR*EPSMCH"", ""method"": ""L-BFGS-B"", ""nfev"": 44, ""nit"": 10, ""status"": 0, ""success"": true, ""x"": [1.422266551211881, 1.506396575552482, -0.4081353535140624]}], ""solver_path"": ""general_convolution"", ""uncertified_profiles"": 0}"
foul_leaves_5_team,team-quarter,2021-22,9840,optimization,FOUL,0,PERS_FOUL_DRAWN;LOOSE_BALL_FOUL_DRAWN,24,Binomial,inf,-inf,[],"{""n"": 3}",3,False,infeasible_conditional_support,0,0,0,-inf,0.0,0.000575200014282018,"{""binomial_discrete_residual_mean"": 2.675778062720413, ""binomial_discrete_residual_variance"": 0.3170373844998584, ""binomial_h_extension_used"": false, ""binomial_n_candidates"": 1, ""binomial_n_max"": 3, ""binomial_n_min"": 3, ""binomial_n_policy"": ""paper_H_binomial_discrete_index_continuous_full_mle"", ""binomial_n_tie_break"": ""not_applicable_single_mom_index"", ""certified_profiles"": 0, ""solver_path"": ""conditional_support_check"", ""support_violating_rows"": 349, ""uncertified_profiles"": 0}"
foul_leaves_5_team,team-quarter,2021-22,9840,optimization,FOUL,0,PERS_FOUL_DRAWN;LOOSE_BALL_FOUL_DRAWN,24,Bernoulli,inf,-inf,[],{},3,False,infeasible_conditional_support,0,0,0,-inf,0.0,0.0002699000178836286,"{""binomial_discrete_residual_mean"": null, ""binomial_discrete_residual_variance"": null, ""binomial_h_extension_used"": null, ""binomial_n_candidates"": 0, ""binomial_n_max"": null, ""binomial_n_min"": null, ""binomial_n_policy"": null, ""binomial_n_tie_break"": null, ""certified_profiles"": 0, ""solver_path"": ""conditional_support_check"", ""support_violating_rows"": 953, ""uncertified_profiles"": 0}"
foul_leaves_5_team,team-quarter,2021-22,9840,optimization,FOUL,0,FTA;PERS_FOUL_DRAWN;LOOSE_BALL_FOUL_DRAWN,26,Poisson,33039.75327914622,-16501.488217593018,"[0.4216863834728772, 0.7244607672426957, 0.7467524718622216]","{""lam"": 0.675731730740396}",4,True,poisson_convex_mle,34,42,2,-16544.936287412143,43.44806981912552,0.05114190001040697,"{""binomial_discrete_residual_mean"": null, ""binomial_discrete_residual_variance"": null, ""binomial_h_extension_used"": null, ""binomial_n_candidates"": 0, ""binomial_n_max"": null, ""binomial_n_min"": null, ""binomial_n_policy"": null, ""binomial_n_tie_break"": null, ""certified_profiles"": 1, ""optimizer_primary_failed_starts"": 0, ""optimizer_primary_successful_starts"": 2, ""optimizer_results"": [{""fun"": 16501.488217596896, ""jac"": [-0.0008671986993538106, 9.37968398559974e-05, -0.00021952801088076512, 0.0018276037328467387], ""message"": ""CONVERGENCE: REL_REDUCTION_OF_F_<=_FACTR*EPSMCH"", ""method"": ""L-BFGS-B"", ""nfev"": 16, ""nit"": 13, ""status"": 0, ""success"": true, ""x"": [0.6757299474594097, 0.4216864168674865, 0.724461053937694, 0.7467562326454505]}, {""fun"": 16501.488217593018, ""jac"": [0.00016330670236364142, 0.002390471556672935, 0.0003381941296503044, -0.00012902485789478835], ""message"": ""CONVERGENCE: REL_REDUCTION_OF_F_<=_FACTR*EPSMCH"", ""method"": ""L-BFGS-B"", ""nfev"": 24, ""nit"": 21, ""status"": 0, ""success"": true, ""x"": [0.675731730740396, 0.4216863834728772, 0.7244607672426957, 0.7467524718622216]}], ""poisson_canonical_agreement_abs"": 0.0, ""solver_path"": ""poisson_convex"", ""uncertified_profiles"": 0}"
foul_leaves_5_team,team-quarter,2021-22,9840,optimization,FOUL,0,FTA;PERS_FOUL_DRAWN;LOOSE_BALL_FOUL_DRAWN,26,NB,33048.95624369674,-16501.492594373252,"[0.4216878875622148, 0.7244634078651658, 0.746755136036347]","{""p"": 0.9999945166167606, ""r"": 123229.54865469833}",5,True,optimizer_converged_lbfgsb,29,212,2,-16544.947575785613,43.45498141236021,0.7433573000016622,"{""binomial_discrete_residual_mean"": null, ""binomial_discrete_residual_variance"": null, ""binomial_h_extension_used"": null, ""binomial_n_candidates"": 0, ""binomial_n_max"": null, ""binomial_n_min"": null, ""binomial_n_policy"": null, ""binomial_n_tie_break"": null, ""certified_profiles"": 1, ""optimizer_powell_attempted"": false, ""optimizer_powell_success"": false, ""optimizer_primary_failed_starts"": 0, ""optimizer_primary_successful_starts"": 2, ""optimizer_results"": [{""fun"": 16501.494605670097, ""jac"": [0.009094947022516462, -0.0003637978788811745, 0.004365574546574095, -0.0163709032773781, 0.0032741806554756193], ""message"": ""CONVERGENCE: REL_REDUCTION_OF_F_<=_FACTR*EPSMCH"", ""method"": ""L-BFGS-B"", ""nfev"": 96, ""nit"": 12, ""status"": 0, ""success"": true, ""x"": [0.4216896904154489, 0.724467986850426, 0.7467671635566902, 11.343674019208205, 11.73568430949752]}, {""fun"": 16501.492594373252, ""jac"": [0.009822542784317777, -0.0003637978788811745, 0.0, -0.0014551914024336086, -0.0036379785060840215], ""message"": ""CONVERGENCE: REL_REDUCTION_OF_F_<=_FACTR*EPSMCH"", ""method"": ""L-BFGS-B"", ""nfev"": 114, ""nit"": 17, ""status"": 0, ""success"": true, ""x"": [0.4216878875622148, 0.7244634078651658, 0.746755136036347, 11.721804144300275, 12.113782784681886]}], ""solver_path"": ""general_convolution"", ""uncertified_profiles"": 0}"
foul_leaves_5_team,team-quarter,2021-22,9840,optimization,FOUL,0,FTA;PERS_FOUL_DRAWN;LOOSE_BALL_FOUL_DRAWN,26,ZIP,33048.94749136275,-16501.488218206257,"[0.42168618621186355, 0.724460570469255, 0.7467532761576067]","{""lam"": 0.6757329077961209, ""rho"": 1.0000000000000007e-09}",5,True,optimizer_converged_lbfgsb,33,236,2,-16544.936288674602,43.44807046834467,0.24843620002502576,"{""binomial_discrete_residual_mean"": null, ""binomial_discrete_residual_variance"": null, ""binomial_h_extension_used"": null, ""binomial_n_candidates"": 0, ""binomial_n_max"": null, ""binomial_n_min"": null, ""binomial_n_policy"": null, ""binomial_n_tie_break"": null, ""certified_profiles"": 1, ""optimizer_powell_attempted"": false, ""optimizer_powell_success"": false, ""optimizer_primary_failed_starts"": 0, ""optimizer_primary_successful_starts"": 2, ""optimizer_results"": [{""fun"": 16501.488218216156, ""jac"": [-0.005456968213509877, -0.01127773424531641, 0.0003637978788811745, -0.0018189894045032922, 0.0], ""message"": ""CONVERGENCE: REL_REDUCTION_OF_F_<=_FACTR*EPSMCH"", ""method"": ""L-BFGS-B"", ""nfev"": 108, ""nit"": 15, ""status"": 0, ""success"": true, ""x"": [0.4216865738995758, 0.724458704667917, 0.7467545683016209, -0.3919579547250806, -20.72326583594641]}, {""fun"": 16501.488218206257, ""jac"": [0.0, 0.0, 0.0003637978788811745, 0.0, 0.0], ""message"": ""CONVERGENCE: REL_REDUCTION_OF_F_<=_FACTR*EPSMCH"", ""method"": ""L-BFGS-B"", ""nfev"": 126, ""nit"": 18, ""status"": 0, ""success"": true, ""x"": [0.42168618621186355, 0.724460570469255, 0.7467532761576067, -0.39195738782490686, -20.72326583594641]}], ""solver_path"": ""general_convolution"", ""uncertified_profiles"": 0}"
foul_leaves_5_team,team-quarter,2021-22,9840,optimization,FOUL,0,FTA;PERS_FOUL_DRAWN;LOOSE_BALL_FOUL_DRAWN,26,Geom,33287.31562873904,-16625.269392389426,"[0.47315278484972106, 0.8428027365334269, 0.8587248831357954]","{""p"": 0.8670297257161501}",4,True,optimizer_converged_lbfgsb,35,207,2,-17385.14668634183,759.877293952406,0.40145080001093447,"{""binomial_discrete_residual_mean"": null, ""binomial_discrete_residual_variance"": null, ""binomial_h_extension_used"": null, ""binomial_n_candidates"": 0, ""binomial_n_max"": null, ""binomial_n_min"": null, ""binomial_n_policy"": null, ""binomial_n_tie_break"": null, ""certified_profiles"": 1, ""optimizer_powell_attempted"": false, ""optimizer_powell_success"": false, ""optimizer_primary_failed_starts"": 0, ""optimizer_primary_successful_starts"": 2, ""optimizer_results"": [{""fun"": 16625.269392389426, ""jac"": [-0.0043655745708079015, -0.0018189893944058726, 0.000727595757762349, 0.0], ""message"": ""CONVERGENCE: REL_REDUCTION_OF_F_<=_FACTR*EPSMCH"", ""method"": ""L-BFGS-B"", ""nfev"": 110, ""nit"": 19, ""status"": 0, ""success"": true, ""x"": [0.47315278484972106, 0.8428027365334269, 0.8587248831357954, 1.8749476602928814]}, {""fun"": 16625.269392390415, ""jac"": [0.005820766094410535, -0.000727595757762349, -0.000727595757762349, -0.0003637978829201424], ""message"": ""CONVERGENCE: REL_REDUCTION_OF_F_<=_FACTR*EPSMCH"", ""method"": ""L-BFGS-B"", ""nfev"": 95, ""nit"": 16, ""status"": 0, ""success"": true, ""x"": [0.47315305673604086, 0.8428024639902238, 0.8587223822092336, 1.8749468357387549]}], ""solver_path"": ""general_convolution"", ""uncertified_profiles"": 0}"
foul_leaves_5_team,team-quarter,2021-22,9840,optimization,FOUL,0,FTA;PERS_FOUL_DRAWN;LOOSE_BALL_FOUL_DRAWN,26,Binomial,30437.925798131055,-15200.574477085434,"[0.3160390770352686, 0.4744288895837683, 0.5075387715614927]","{""n"": 2, ""p"": 0.8816662120137315}",4,True,optimizer_converged_lbfgsb,35,282,2,-15838.547759144736,637.9732820593017,0.8462803000002168,"{""binomial_discrete_residual_mean"": 1.0552868705520653, ""binomial_discrete_residual_variance"": -3.0476267980810574, ""binomial_h_extension_used"": true, ""binomial_n_candidates"": 1, ""binomial_n_max"": 2, ""binomial_n_min"": 2, ""binomial_n_policy"": ""paper_H_binomial_discrete_index_continuous_full_mle"", ""binomial_n_tie_break"": ""not_applicable_single_mom_index"", ""certified_profiles"": 1, ""optimizer_powell_attempted"": false, ""optimizer_powell_success"": false, ""optimizer_primary_failed_starts"": 0, ""optimizer_primary_successful_starts"": 2, ""optimizer_results"": [{""fun"": 15200.574477085434, ""jac"": [-0.024920154841695102, -0.007457856558463498, -0.0010913936366435237, -0.0032741809462812814], ""message"": ""CONVERGENCE: REL_REDUCTION_OF_F_<=_FACTR*EPSMCH"", ""method"": ""L-BFGS-B"", ""nfev"": 70, ""nit"": 13, ""status"": 0, ""success"": true, ""x"": [0.3160390770352686, 0.4744288895837683, 0.5075387715614927, 2.008304197012345]}, {""fun"": 24714.402809781506, ""jac"": [0.01382431947422502, 0.0043655745708079015, 0.005820766094410535, 0.0], ""message"": ""CONVERGENCE: REL_REDUCTION_OF_F_<=_FACTR*EPSMCH"", ""method"": ""L-BFGS-B"", ""nfev"": 210, ""nit"": 22, ""status"": 0, ""success"": true, ""x"": [0.29722787322451827, 0.43619473058621105, 0.4700525827229144, 20.539809526511267]}], ""solver_path"": ""general_convolution"", ""uncertified_profiles"": 0}"
foul_leaves_5_team,team-quarter,2021-22,9840,optimization,FOUL,0,FTA;PERS_FOUL_DRAWN;LOOSE_BALL_FOUL_DRAWN,26,Bernoulli,30829.20448913124,-15396.213822585527,"[0.3923697871594221, 0.6600633398641788, 0.6819051571148627]","{""p"": 0.9681651666786939}",4,True,optimizer_converged_lbfgsb,49,297,2,-15933.100784356418,536.8869617708915,0.5601928000105545,"{""binomial_discrete_residual_mean"": null, ""binomial_discrete_residual_variance"": null, ""binomial_h_extension_used"": null, ""binomial_n_candidates"": 0, ""binomial_n_max"": null, ""binomial_n_min"": null, ""binomial_n_policy"": null, ""binomial_n_tie_break"": null, ""certified_profiles"": 1, ""optimizer_powell_attempted"": false, ""optimizer_powell_success"": false, ""optimizer_primary_failed_starts"": 0, ""optimizer_primary_successful_starts"": 2, ""optimizer_results"": [{""fun"": 15396.213822585769, ""jac"": [0.0001818989404503292, 0.00018189893944058725, -0.00018189893944058725, 0.0001818989414600712], ""message"": ""CONVERGENCE: REL_REDUCTION_OF_F_<=_FACTR*EPSMCH"", ""method"": ""L-BFGS-B"", ""nfev"": 130, ""nit"": 22, ""status"": 0, ""success"": true, ""x"": [0.3923697866517444, 0.6600632956403096, 0.6819049815538141, 3.414846885008001]}, {""fun"": 15396.213822585527, ""jac"": [0.0003637978809006584, 0.0003637978788811745, 0.0003637978788811745, 0.0], ""message"": ""CONVERGENCE: REL_REDUCTION_OF_F_<=_FACTR*EPSMCH"", ""method"": ""L-BFGS-B"", ""nfev"": 165, ""nit"": 27, ""status"": 0, ""success"": true, ""x"": [0.3923697871594221, 0.6600633398641788, 0.6819051571148627, 3.414841621706193]}], ""solver_path"": ""general_convolution"", ""uncertified_profiles"": 0}"
foul_leaves_5_team,team-quarter,2021-22,9840,optimization,FOUL,0,FTM;PERS_FOUL_DRAWN;LOOSE_BALL_FOUL_DRAWN,28,Poisson,33649.28447926087,-16806.25381765034,"[0.4705575397479416, 0.7336244619981583, 0.7864130866804891]","{""lam"": 0.9583249575143928}",4,True,poisson_convex_mle,34,41,2,-16836.52381435759,30.269996707251266,0.05018610000843182,"{""binomial_discrete_residual_mean"": null, ""binomial_discrete_residual_variance"": null, ""binomial_h_extension_used"": null, ""binomial_n_candidates"": 0, ""binomial_n_max"": null, ""binomial_n_min"": null, ""binomial_n_policy"": null, ""binomial_n_tie_break"": null, ""certified_profiles"": 1, ""optimizer_primary_failed_starts"": 0, ""optimizer_primary_successful_starts"": 2, ""optimizer_results"": [{""fun"": 16806.25381765034, ""jac"": [0.0004163767623950321, 0.004110898447450495, -0.0019221122700798787, 0.00020383116014510705], ""message"": ""CONVERGENCE: REL_REDUCTION_OF_F_<=_FACTR*EPSMCH"", ""method"": ""L-BFGS-B"", ""nfev"": 18, ""nit"": 15, ""status"": 0, ""success"": true, ""x"": [0.9583249575143928, 0.4705575397479416, 0.7336244619981583, 0.7864130866804891]}, {""fun"": 16806.25381765073, ""jac"": [0.0011128296433504659, 0.004963995654179598, 0.0008387943137009302, 0.0014695447035109055], ""message"": ""CONVERGENCE: REL_REDUCTION_OF_F_<=_FACTR*EPSMCH"", ""method"": ""L-BFGS-B"", ""nfev"": 21, ""nit"": 19, ""status"": 0, ""success"": true, ""x"": [0.9583244997902403, 0.4705573932503902, 0.7336249845646954, 0.7864151072043595]}], ""poisson_canonical_agreement_abs"": 0.0, ""solver_path"": ""poisson_convex"", ""uncertified_profiles"": 0}"
foul_leaves_5_team,team-quarter,2021-22,9840,optimization,FOUL,0,FTM;PERS_FOUL_DRAWN;LOOSE_BALL_FOUL_DRAWN,28,NB,33658.49161019332,-16806.260277621543,"[0.4705577430238092, 0.7336334436349617, 0.7864187123111669]","{""p"": 0.999993664056512, ""r"": 151248.65794100097}",5,True,optimizer_converged_lbfgsb,26,188,2,-16836.53631638172,30.27603876017747,0.6180267999880016,"{""binomial_discrete_residual_mean"": null, ""binomial_discrete_residual_variance"": null, ""binomial_h_extension_used"": null, ""binomial_n_candidates"": 0, ""binomial_n_max"": null, ""binomial_n_min"": null, ""binomial_n_policy"": null, ""binomial_n_tie_break"": null, ""certified_profiles"": 1, ""optimizer_powell_attempted"": false, ""optimizer_powell_success"": false, ""optimizer_primary_failed_starts"": 0, ""optimizer_primary_successful_starts"": 2, ""optimizer_results"": [{""fun"": 16806.262688486255, ""jac"": [0.0007275957618013168, 0.012732925760841108, -0.001455191515524698, 0.0014551914024336086, -0.00982254196642686], ""message"": ""CONVERGENCE: REL_REDUCTION_OF_F_<=_FACTR*EPSMCH"", ""method"": ""L-BFGS-B"", ""nfev"": 90, ""nit"": 12, ""status"": 0, ""success"": true, ""x"": [0.47055881194771926, 0.7336319111706205, 0.7864138472737718, 11.60952503015233, 11.652111513965972]}, {""fun"": 16806.260277621543, ""jac"": [0.0014551915236026337, 0.02401066000615752, 0.0021827872732870473, 0.0047293720579092285, -0.009458744115818457], ""message"": ""CONVERGENCE: REL_REDUCTION_OF_F_<=_FACTR*EPSMCH"", ""method"": ""L-BFGS-B"", ""nfev"": 96, ""nit"": 14, ""status"": 0, ""success"": true, ""x"": [0.4705577430238092, 0.7336334436349617, 0.7864187123111669, 11.926680502736373, 11.969265486724693]}], ""solver_path"": ""general_convolution"", ""uncertified_profiles"": 0}"
foul_leaves_5_team,team-quarter,2021-22,9840,optimization,FOUL,0,FTM;PERS_FOUL_DRAWN;LOOSE_BALL_FOUL_DRAWN,28,ZIP,33658.47869252939,-16806.253818789577,"[0.47055703778866953, 0.7336249523734305, 0.7864131157916943]","{""lam"": 0.9583258229254543, ""rho"": 1.0000000000000007e-09}",5,True,optimizer_converged_lbfgsb,23,176,2,-16836.523816109344,30.269997319766844,0.20849460002500564,"{""binomial_discrete_residual_mean"": null, ""binomial_discrete_residual_variance"": null, ""binomial_h_extension_used"": null, ""binomial_n_candidates"": 0, ""binomial_n_max"": null, ""binomial_n_min"": null, ""binomial_n_policy"": null, ""binomial_n_tie_break"": null, ""certified_profiles"": 1, ""optimizer_powell_attempted"": false, ""optimizer_powell_success"": false, ""optimizer_primary_failed_starts"": 0, ""optimizer_primary_successful_starts"": 2, ""optimizer_results"": [{""fun"": 16806.253818797188, ""jac"": [0.007275957618013169, -0.006548361819861142, 0.000727595757762349, -0.0010913936419446688, 0.0], ""message"": ""CONVERGENCE: REL_REDUCTION_OF_F_<=_FACTR*EPSMCH"", ""method"": ""L-BFGS-B"", ""nfev"": 78, ""nit"": 9, ""status"": 0, ""success"": true, ""x"": [0.47055808729613585, 0.733623709922496, 0.7864140167798545, -0.04256998885493095, -20.72326583594641]}, {""fun"": 16806.253818789577, ""jac"": [-0.004001776689907243, -0.000727595757762349, 0.0, 0.0, 0.0], ""message"": ""CONVERGENCE: REL_REDUCTION_OF_F_<=_FACTR*EPSMCH"", ""method"": ""L-BFGS-B"", ""nfev"": 96, ""nit"": 14, ""status"": 0, ""success"": true, ""x"": [0.47055703778866953, 0.7336249523734305, 0.7864131157916943, -0.042567451396856935, -20.72326583594641]}], ""solver_path"": ""general_convolution"", ""uncertified_profiles"": 0}"
foul_leaves_5_team,team-quarter,2021-22,9840,optimization,FOUL,0,FTM;PERS_FOUL_DRAWN;LOOSE_BALL_FOUL_DRAWN,28,Geom,34188.87069809215,-17076.04692706598,"[0.5524336045336709, 0.897629453819605, 0.9410424306920383]","{""p"": 0.7828704404956052}",4,True,optimizer_converged_lbfgsb,29,182,2,-17932.94119716255,856.8942700965672,0.3492247999529354,"{""binomial_discrete_residual_mean"": null, ""binomial_discrete_residual_variance"": null, ""binomial_h_extension_used"": null, ""binomial_n_candidates"": 0, ""binomial_n_max"": null, ""binomial_n_min"": null, ""binomial_n_policy"": null, ""binomial_n_tie_break"": null, ""certified_profiles"": 1, ""optimizer_powell_attempted"": false, ""optimizer_powell_success"": false, ""optimizer_primary_failed_starts"": 0, ""optimizer_primary_successful_starts"": 2, ""optimizer_results"": [{""fun"": 17076.04692706598, ""jac"": [0.000727595757762349, 0.001455191515524698, 0.000727595757762349, 0.0003637978829201424], ""message"": ""CONVERGENCE: REL_REDUCTION_OF_F_<=_FACTR*EPSMCH"", ""method"": ""L-BFGS-B"", ""nfev"": 90, ""nit"": 15, ""status"": 0, ""success"": true, ""x"": [0.5524336045336709, 0.897629453819605, 0.9410424306920383, 1.2824729929916998]}, {""fun"": 17076.046927066574, ""jac"": [0.0018189893944058726, -0.0010913936366435237, -0.0003637978788811745, 0.0], ""message"": ""CONVERGENCE: REL_REDUCTION_OF_F_<=_FACTR*EPSMCH"", ""method"": ""L-BFGS-B"", ""nfev"": 90, ""nit"": 14, ""status"": 0, ""success"": true, ""x"": [0.5524338632420343, 0.8976291568659372, 0.9410410442966977, 1.2824747283204807]}], ""solver_path"": ""general_convolution"", ""uncertified_profiles"": 0}"
foul_leaves_5_team,team-quarter,2021-22,9840,optimization,FOUL,0,FTM;PERS_FOUL_DRAWN;LOOSE_BALL_FOUL_DRAWN,28,Binomial,30972.563600421046,-15467.89337823043,"[0.3766456941681816, 0.5342201033371192, 0.5946504012094409]","{""n"": 2, ""p"": 0.8818110523254202}",4,True,optimizer_converged_lbfgsb,29,247,2,-15898.329657419215,430.4362791887852,0.7764609000296332,"{""binomial_discrete_residual_mean"": 1.2657959691175829, ""binomial_discrete_residual_variance"": -2.6049129884072117, ""binomial_h_extension_used"": true, ""binomial_n_candidates"": 1, ""binomial_n_max"": 2, ""binomial_n_min"": 2, ""binomial_n_policy"": ""paper_H_binomial_discrete_index_continuous_full_mle"", ""binomial_n_tie_break"": ""not_applicable_single_mom_index"", ""certified_profiles"": 1, ""optimizer_powell_attempted"": false, ""optimizer_powell_success"": false, ""optimizer_primary_failed_starts"": 0, ""optimizer_primary_successful_starts"": 2, ""optimizer_results"": [{""fun"": 15467.89337823043, ""jac"": [0.148065737526568, 0.03910827197972626, 0.03255991015986512, 0.06475602315978535], ""message"": ""CONVERGENCE: REL_REDUCTION_OF_F_<=_FACTR*EPSMCH"", ""method"": ""L-BFGS-B"", ""nfev"": 90, ""nit"": 16, ""status"": 0, ""success"": true, ""x"": [0.3766456941681816, 0.5342201033371192, 0.5946504012094409, 2.009693211359727]}, {""fun"": 24976.51991601708, ""jac"": [0.005093170332609218, 0.0003637978809006584, 0.0021827872732870473, 0.0], ""message"": ""CONVERGENCE: REL_REDUCTION_OF_F_<=_FACTR*EPSMCH"", ""method"": ""L-BFGS-B"", ""nfev"": 155, ""nit"": 13, ""status"": 0, ""success"": true, ""x"": [0.35411361287874565, 0.4927564586744472, 0.5524950492809302, 20.526301304181395]}], ""solver_path"": ""general_convolution"", ""uncertified_profiles"": 0}"
foul_leaves_5_team,team-quarter,2021-22,9840,optimization,FOUL,0,FTM;PERS_FOUL_DRAWN;LOOSE_BALL_FOUL_DRAWN,28,Bernoulli,inf,-inf,[],{},4,False,infeasible_conditional_support,0,0,0,-inf,0.0,0.00018560001626610756,"{""binomial_discrete_residual_mean"": null, ""binomial_discrete_residual_variance"": null, ""binomial_h_extension_used"": null, ""binomial_n_candidates"": 0, ""binomial_n_max"": null, ""binomial_n_min"": null, ""binomial_n_policy"": null, ""binomial_n_tie_break"": null, ""certified_profiles"": 0, ""solver_path"": ""conditional_support_check"", ""support_violating_rows"": 3, ""uncertified_profiles"": 0}"
foul_leaves_5_team,team-quarter,2021-22,9840,optimization,FOUL,0,FTA;FTM;PERS_FOUL_DRAWN;LOOSE_BALL_FOUL_DRAWN,30,Poisson,33048.9474901364,-16501.488217593083,"[0.42168624122002113, 0.0, 0.7244606659411439, 0.7467528959724129]","{""lam"": 0.6757325605981537}",5,True,poisson_convex_mle,36,43,2,-16536.003917822378,34.51570022929445,0.06568640004843473,"{""binomial_discrete_residual_mean"": null, ""binomial_discrete_residual_variance"": null, ""binomial_h_extension_used"": null, ""binomial_n_candidates"": 0, ""binomial_n_max"": null, ""binomial_n_min"": null, ""binomial_n_policy"": null, ""binomial_n_tie_break"": null, ""certified_profiles"": 1, ""optimizer_primary_failed_starts"": 0, ""optimizer_primary_successful_starts"": 2, ""optimizer_results"": [{""fun"": 16501.488217593083, ""jac"": [0.0006072950670801269, 0.000764629305535891, 26.687280068749338, 0.00043314776905845065, 0.00018385911714491332], ""message"": ""CONVERGENCE: REL_REDUCTION_OF_F_<=_FACTR*EPSMCH"", ""method"": ""L-BFGS-B"", ""nfev"": 20, ""nit"": 17, ""status"": 0, ""success"": true, ""x"": [0.6757325605981537, 0.42168624122002113, 0.0, 0.7244606659411439, 0.7467528959724129]}, {""fun"": 16501.4882176276, ""jac"": [-0.008277816041962094, -0.06598994521119295, 26.635506682997153, -0.018092360186400924, -0.002085992096919287], ""message"": ""CONVERGENCE: REL_REDUCTION_OF_F_<=_FACTR*EPSMCH"", ""method"": ""L-BFGS-B"", ""nfev"": 21, ""nit"": 19, ""status"": 0, ""success"": true, ""x"": [0.6757356353318975, 0.42168512439016287, 0.0, 0.7244595598343905, 0.746752770479141]}], ""poisson_canonical_agreement_abs"": 0.0, ""solver_path"": ""poisson_convex"", ""uncertified_profiles"": 0}"
foul_leaves_5_team,team-quarter,2021-22,9840,optimization,FOUL,0,FTA;FTM;PERS_FOUL_DRAWN;LOOSE_BALL_FOUL_DRAWN,30,NB,33058.150515368216,-16501.49262471397,"[0.42168663270816936, 0.0, 0.7244609635822297, 0.7467515106599906]","{""p"": 0.9999944786152406, ""r"": 122383.59341403602}",6,True,optimizer_converged_lbfgsb,32,261,2,-16536.01480951518,34.52218480121155,0.7887016000458971,"{""binomial_discrete_residual_mean"": null, ""binomial_discrete_residual_variance"": null, ""binomial_h_extension_used"": null, ""binomial_n_candidates"": 0, ""binomial_n_max"": null, ""binomial_n_min"": null, ""binomial_n_policy"": null, ""binomial_n_tie_break"": null, ""certified_profiles"": 1, ""optimizer_powell_attempted"": false, ""optimizer_powell_success"": false, ""optimizer_primary_failed_starts"": 0, ""optimizer_primary_successful_starts"": 2, ""optimizer_results"": [{""fun"": 16501.494765172996, ""jac"": [0.0010913936427019754, 26.688212528824806, 0.0021827872732870473, -0.000727595757762349, -0.0014551914024336086, -0.0014551914024336086], ""message"": ""CONVERGENCE: REL_REDUCTION_OF_F_<=_FACTR*EPSMCH"", ""method"": ""L-BFGS-B"", ""nfev"": 112, ""nit"": 14, ""status"": 0, ""success"": true, ""x"": [0.42168911350632177, 0.0, 0.7244677384576912, 0.746757004217552, 11.319006202541866, 11.711007671301145]}, {""fun"": 16501.49262471397, ""jac"": [0.0, 26.68639353942126, -0.0018189893944058726, -0.001455191515524698, 0.005456967759126033, -0.007275957012168043], ""message"": ""CONVERGENCE: REL_REDUCTION_OF_F_<=_FACTR*EPSMCH"", ""method"": ""L-BFGS-B"", ""nfev"": 147, ""nit"": 18, ""status"": 0, ""success"": true, ""x"": [0.42168663270816936, 0.0, 0.7244609635822297, 0.7467515106599906, 11.7149155993411, 12.106876345520629]}], ""solver_path"": ""general_convolution"", ""uncertified_profiles"": 0}"
foul_leaves_5_team,team-quarter,2021-22,9840,optimization,FOUL,0,FTA;FTM;PERS_FOUL_DRAWN;LOOSE_BALL_FOUL_DRAWN,30,ZIP,33058.14170235218,-16501.488218205952,"[0.4216863838331935, 0.0, 0.7244608458774865, 0.7467529561684909]","{""lam"": 0.675731220159357, ""rho"": 1.0000000000000007e-09}",6,True,optimizer_converged_lbfgsb,38,310,2,-16536.00391898749,34.515700781539635,0.39320089999819174,"{""binomial_discrete_residual_mean"": null, ""binomial_discrete_residual_variance"": null, ""binomial_h_extension_used"": null, ""binomial_n_candidates"": 0, ""binomial_n_max"": null, ""binomial_n_min"": null, ""binomial_n_policy"": null, ""binomial_n_tie_break"": null, ""certified_profiles"": 1, ""optimizer_powell_attempted"": false, ""optimizer_powell_success"": false, ""optimizer_primary_failed_starts"": 0, ""optimizer_primary_successful_starts"": 2, ""optimizer_results"": [{""fun"": 16501.488218205952, ""jac"": [0.0, 26.68675733730197, 0.0, 0.0, 0.0, 0.0], ""message"": ""CONVERGENCE: NORM_OF_PROJECTED_GRADIENT_<=_PGTOL"", ""method"": ""L-BFGS-B"", ""nfev"": 119, ""nit"": 14, ""status"": 0, ""success"": true, ""x"": [0.4216863838331935, 0.0, 0.7244608458774865, 0.7467529561684909, -0.39195988531888987, -20.72326583594641]}, {""fun"": 16501.48821820636, ""jac"": [-0.005456968213509877, 26.68239176273346, -0.0003637978788811745, 0.0003637978788811745, -0.0003637978809006584, 0.0], ""message"": ""CONVERGENCE: REL_REDUCTION_OF_F_<=_FACTR*EPSMCH"", ""method"": ""L-BFGS-B"", ""nfev"": 189, ""nit"": 24, ""status"": 0, ""success"": true, ""x"": [0.42168620672562573, 0.0, 0.7244610781354823, 0.7467535147684559, -0.39195964524143506, -20.72326583594641]}], ""solver_path"": ""general_convolution"", ""uncertified_profiles"": 0}"
foul_leaves_5_team,team-quarter,2021-22,9840,optimization,FOUL,0,FTA;FTM;PERS_FOUL_DRAWN;LOOSE_BALL_FOUL_DRAWN,30,Geom,33296.50983972571,-16625.269392387738,"[0.47315274636595545, 0.0, 0.8428026067932614, 0.8587240212130819]","{""p"": 0.8670289923603495}",5,True,optimizer_converged_lbfgsb,38,254,2,-17316.158536798852,690.8891444111141,0.44262299995170906,"{""binomial_discrete_residual_mean"": null, ""binomial_discrete_residual_variance"": null, ""binomial_h_extension_used"": null, ""binomial_n_candidates"": 0, ""binomial_n_max"": null, ""binomial_n_min"": null, ""binomial_n_policy"": null, ""binomial_n_tie_break"": null, ""certified_profiles"": 1, ""optimizer_powell_attempted"": false, ""optimizer_powell_success"": false, ""optimizer_primary_failed_starts"": 0, ""optimizer_primary_successful_starts"": 2, ""optimizer_results"": [{""fun"": 16625.269392394555, ""jac"": [0.010550138546119095, 31.978561310097575, 0.0021827872732870473, -0.000727595757762349, 0.0], ""message"": ""CONVERGENCE: REL_REDUCTION_OF_F_<=_FACTR*EPSMCH"", ""method"": ""L-BFGS-B"", ""nfev"": 120, ""nit"": 18, ""status"": 0, ""success"": true, ""x"": [0.47315312674736826, 0.0, 0.8428030927985709, 0.8587228727223711, 1.874953853479451]}, {""fun"": 16625.269392387738, ""jac"": [-0.0007275957618013168, 31.969830160960555, 0.0, 0.0, 0.0], ""message"": ""CONVERGENCE: REL_REDUCTION_OF_F_<=_FACTR*EPSMCH"", ""method"": ""L-BFGS-B"", ""nfev"": 132, ""nit"": 20, ""status"": 0, ""success"": true, ""x"": [0.47315274636595545, 0.0, 0.8428026067932614, 0.8587240212130819, 1.8749412992962502]}], ""solver_path"": ""general_convolution"", ""uncertified_profiles"": 0}"
foul_leaves_5_team,team-quarter,2021-22,9840,optimization,FOUL,0,FTA;FTM;PERS_FOUL_DRAWN;LOOSE_BALL_FOUL_DRAWN,30,Binomial,30447.12000936695,-15200.57447720836,"[0.31604024016389626, 0.0, 0.4744281328640841, 0.5075418878787115]","{""n"": 2, ""p"": 0.881664173312181}",5,True,optimizer_converged_lbfgsb,31,392,2,-15892.104485829626,691.5300086212665,1.084900900023058,"{""binomial_discrete_residual_mean"": 1.0042404894762833, ""binomial_discrete_residual_variance"": -3.2048645889836043, ""binomial_h_extension_used"": true, ""binomial_n_candidates"": 1, ""binomial_n_max"": 2, ""binomial_n_min"": 2, ""binomial_n_policy"": ""paper_H_binomial_discrete_index_continuous_full_mle"", ""binomial_n_tie_break"": ""not_applicable_single_mom_index"", ""certified_profiles"": 1, ""optimizer_powell_attempted"": false, ""optimizer_powell_success"": false, ""optimizer_primary_failed_starts"": 0, ""optimizer_primary_successful_starts"": 2, ""optimizer_results"": [{""fun"": 15200.57447720836, ""jac"": [0.033833202923761234, 35.93395376810804, -0.0021827872854039507, 0.002910383031049396, -0.008913048131543488], ""message"": ""CONVERGENCE: REL_REDUCTION_OF_F_<=_FACTR*EPSMCH"", ""method"": ""L-BFGS-B"", ""nfev"": 108, ""nit"": 16, ""status"": 0, ""success"": true, ""x"": [0.31604024016389626, 0.0, 0.4744281328640841, 0.5075418878787115, 2.0082846564323744]}, {""fun"": 24783.71354722319, ""jac"": [-0.06875779949022444, 42.45885065756738, 0.2073647921133753, 0.08585629989255539, 11494.128333955057], ""message"": ""CONVERGENCE: REL_REDUCTION_OF_F_<=_FACTR*EPSMCH"", ""method"": ""L-BFGS-B"", ""nfev"": 282, ""nit"": 15, ""status"": 0, ""success"": true, ""x"": [0.2972174849451568, 0.0, 0.4362196696730718, 0.4701330124968072, 20.666288986760396]}], ""solver_path"": ""general_convolution"", ""uncertified_profiles"": 0}"
foul_leaves_5_team,team-quarter,2021-22,9840,optimization,FOUL,0,FTA;FTM;PERS_FOUL_DRAWN;LOOSE_BALL_FOUL_DRAWN,30,Bernoulli,30838.398700121204,-15396.213822585487,"[0.39236979466895566, 0.0, 0.6600633107399952, 0.6819050248324414]","{""p"": 0.9681651758223256}",5,True,optimizer_converged_lbfgsb,56,434,2,-15929.602063390172,533.3882408046848,0.8430475000059232,"{""binomial_discrete_residual_mean"": null, ""binomial_discrete_residual_variance"": null, ""binomial_h_extension_used"": null, ""binomial_n_candidates"": 0, ""binomial_n_max"": null, ""binomial_n_min"": null, ""binomial_n_policy"": null, ""binomial_n_tie_break"": null, ""certified_profiles"": 1, ""optimizer_powell_attempted"": false, ""optimizer_powell_success"": false, ""optimizer_primary_failed_starts"": 0, ""optimizer_primary_successful_starts"": 2, ""optimizer_results"": [{""fun"": 15396.213822585487, ""jac"": [0.0, 27.593341656029224, 0.00018189893944058725, 0.0, -0.0001818989414600712], ""message"": ""CONVERGENCE: REL_REDUCTION_OF_F_<=_FACTR*EPSMCH"", ""method"": ""L-BFGS-B"", ""nfev"": 162, ""nit"": 22, ""status"": 0, ""success"": true, ""x"": [0.39236979466895566, 0.0, 0.6600633107399952, 0.6819050248324414, 3.4148419183714944]}, {""fun"": 15396.21382258555, ""jac"": [-0.001637090464052963, 27.591704565566033, -0.0005456968183217618, -0.0005456968183217618, -0.0001818989414600712], ""message"": ""CONVERGENCE: REL_REDUCTION_OF_F_<=_FACTR*EPSMCH"", ""method"": ""L-BFGS-B"", ""nfev"": 270, ""nit"": 34, ""status"": 0, ""success"": true, ""x"": [0.3923697851963626, 0.0, 0.6600633324878588, 0.6819047246549793, 3.4148419702578643]}], ""solver_path"": ""general_convolution"", ""uncertified_profiles"": 0}"
foul_leaves_5_team,team-quarter,2021-22,9840,optimization,FTA,1,,0,Poisson,55875.96890420543,-27933.38734660769,[],"{""lam"": 5.427134146341463}",1,True,analytic_mle,0,1,0,-27933.38734660769,0.0,0.0006319000385701656,"{""binomial_discrete_residual_mean"": null, ""binomial_discrete_residual_variance"": null, ""binomial_h_extension_used"": null, ""binomial_n_candidates"": 0, ""binomial_n_max"": null, ""binomial_n_min"": null, ""binomial_n_policy"": null, ""binomial_n_tie_break"": null, ""certified_profiles"": 1, ""solver_path"": ""analytic_root"", ""uncertified_profiles"": 0}"
foul_leaves_5_team,team-quarter,2021-22,9840,optimization,FTA,1,,0,NB,51380.375805706884,-25680.993691863398,[],"{""p"": 0.4117927587418173, ""r"": 3.799433773059169}",2,True,optimizer_converged_lbfgsb,14,62,2,-25692.389398692816,11.395706829418486,0.22503119998145849,"{""binomial_discrete_residual_mean"": null, ""binomial_discrete_residual_variance"": null, ""binomial_h_extension_used"": null, ""binomial_n_candidates"": 0, ""binomial_n_max"": null, ""binomial_n_min"": null, ""binomial_n_policy"": null, ""binomial_n_tie_break"": null, ""certified_profiles"": 1, ""optimizer_powell_attempted"": false, ""optimizer_powell_success"": false, ""optimizer_primary_failed_starts"": 0, ""optimizer_primary_successful_starts"": 2, ""optimizer_results"": [{""fun"": 25680.993691863398, ""jac"": [-0.001091393648760427, 0.0010913936427019754], ""message"": ""CONVERGENCE: REL_REDUCTION_OF_F_<=_FACTR*EPSMCH"", ""method"": ""L-BFGS-B"", ""nfev"": 30, ""nit"": 7, ""status"": 0, ""success"": true, ""x"": [1.3348520485399884, -0.35655912688809277]}, {""fun"": 25680.993691863398, ""jac"": [-0.001091393648760427, 0.0010913936427019754], ""message"": ""CONVERGENCE: REL_REDUCTION_OF_F_<=_FACTR*EPSMCH"", ""method"": ""L-BFGS-B"", ""nfev"": 30, ""nit"": 7, ""status"": 0, ""success"": true, ""x"": [1.3348520485399884, -0.35655912688809277]}], ""solver_path"": ""general_convolution"", ""uncertified_profiles"": 0}"
foul_leaves_5_team,team-quarter,2021-22,9840,optimization,FTA,1,,0,ZIP,53554.34095960987,-26767.97626881489,[],"{""lam"": 5.7689885297421135, ""rho"": 0.05925732773862421}",2,True,optimizer_converged_lbfgsb,20,80,2,-28031.134736288077,1263.1584674731857,0.05636029999004677,"{""binomial_discrete_residual_mean"": null, ""binomial_discrete_residual_variance"": null, ""binomial_h_extension_used"": null, ""binomial_n_candidates"": 0, ""binomial_n_max"": null, ""binomial_n_min"": null, ""binomial_n_policy"": null, ""binomial_n_tie_break"": null, ""certified_profiles"": 1, ""optimizer_powell_attempted"": false, ""optimizer_powell_success"": false, ""optimizer_primary_failed_starts"": 0, ""optimizer_primary_successful_starts"": 2, ""optimizer_results"": [{""fun"": 26767.97626881489, ""jac"": [-0.0003637978829201424, 0.0], ""message"": ""CONVERGENCE: REL_REDUCTION_OF_F_<=_FACTR*EPSMCH"", ""method"": ""L-BFGS-B"", ""nfev"": 39, ""nit"": 10, ""status"": 0, ""success"": true, ""x"": [1.7524967670152118, -2.7647801929097997]}, {""fun"": 26767.97626881489, ""jac"": [-0.0003637978829201424, 0.0], ""message"": ""CONVERGENCE: REL_REDUCTION_OF_F_<=_FACTR*EPSMCH"", ""method"": ""L-BFGS-B"", ""nfev"": 39, ""nit"": 10, ""status"": 0, ""success"": true, ""x"": [1.7524967670152118, -2.7647801929097997]}], ""solver_path"": ""general_convolution"", ""uncertified_profiles"": 0}"
foul_leaves_5_team,team-quarter,2021-22,9840,optimization,FTA,1,,0,Geom,54687.166200361426,-27338.98599468569,[],"{""p"": 0.15559034201413596}",1,True,analytic_mle,0,1,0,-27338.98599468569,0.0,0.00047610001638531685,"{""binomial_discrete_residual_mean"": null, ""binomial_discrete_residual_variance"": null, ""binomial_h_extension_used"": null, ""binomial_n_candidates"": 0, ""binomial_n_max"": null, ""binomial_n_min"": null, ""binomial_n_policy"": null, ""binomial_n_tie_break"": null, ""certified_profiles"": 1, ""solver_path"": ""analytic_root"", ""uncertified_profiles"": 0}"
foul_leaves_5_team,team-quarter,2021-22,9840,optimization,FTA,1,,0,Binomial,56608.58213353322,-28299.693961271587,[],"{""n"": 100, ""p"": 0.054271341463414634}",1,True,analytic_mle,0,1,0,-28299.693961271587,0.0,0.0045362000237219036,"{""binomial_discrete_residual_mean"": 5.427134146341463, ""binomial_discrete_residual_variance"": 12.256275933224272, ""binomial_h_extension_used"": true, ""binomial_n_candidates"": 1, ""binomial_n_max"": 100, ""binomial_n_min"": 100, ""binomial_n_policy"": ""paper_H_binomial_discrete_index_continuous_full_mle"", ""binomial_n_tie_break"": ""not_applicable_single_mom_index"", ""certified_profiles"": 1, ""solver_path"": ""analytic_root"", ""uncertified_profiles"": 0}"
foul_leaves_5_team,team-quarter,2021-22,9840,optimization,FTA,1,,0,Bernoulli,inf,-inf,[],{},1,False,infeasible_root_support,0,0,0,-inf,0.0,3.1400006264448166e-05,"{""binomial_discrete_residual_mean"": null, ""binomial_discrete_residual_variance"": null, ""binomial_h_extension_used"": null, ""binomial_n_candidates"": 0, ""binomial_n_max"": null, ""binomial_n_min"": null, ""binomial_n_policy"": null, ""binomial_n_tie_break"": null, ""certified_profiles"": 0, ""solver_path"": ""analytic_root"", ""uncertified_profiles"": 0}"
foul_leaves_5_team,team-quarter,2021-22,9840,optimization,FTA,1,FOUL,1,Poisson,41219.53452622484,-20600.573052122374,[1.2164452753927757],"{""lam"": 0.043807252757261536}",2,True,poisson_convex_mle,24,53,2,-21249.39976827107,648.8267161486947,0.07259910000720993,"{""binomial_discrete_residual_mean"": null, ""binomial_discrete_residual_variance"": null, ""binomial_h_extension_used"": null, ""binomial_n_candidates"": 0, ""binomial_n_max"": null, ""binomial_n_min"": null, ""binomial_n_policy"": null, ""binomial_n_tie_break"": null, ""certified_profiles"": 1, ""optimizer_primary_failed_starts"": 0, ""optimizer_primary_successful_starts"": 2, ""optimizer_results"": [{""fun"": 20600.573052122374, ""jac"": [528.8767447990576, 408.4518063141737], ""message"": ""CONVERGENCE: REL_REDUCTION_OF_F_<=_FACTR*EPSMCH"", ""method"": ""L-BFGS-B"", ""nfev"": 44, ""nit"": 21, ""status"": 0, ""success"": true, ""x"": [0.043807252757261536, 1.2164452753927757]}, {""fun"": 21157.58676327562, ""jac"": [716.328398984441, -388.23484098990497], ""message"": ""CONVERGENCE: REL_REDUCTION_OF_F_<=_FACTR*EPSMCH"", ""method"": ""L-BFGS-B"", ""nfev"": 7, ""nit"": 3, ""status"": 0, ""success"": true, ""x"": [0.9081482698205152, 1.0170216532788274]}], ""poisson_canonical_agreement_abs"": 0.0, ""solver_path"": ""poisson_convex"", ""uncertified_profiles"": 0}"
foul_leaves_5_team,team-quarter,2021-22,9840,optimization,FTA,1,FOUL,1,NB,41195.4927678955,-20583.95506746268,[1.21347009049346],"{""p"": 0.9997942177979064, ""r"": 20.66663331508823}",3,True,optimizer_converged_lbfgsb,50,278,2,-21488.23765789214,904.2825904294587,1.095313099969644,"{""binomial_discrete_residual_mean"": null, ""binomial_discrete_residual_variance"": null, ""binomial_h_extension_used"": null, ""binomial_n_candidates"": 0, ""binomial_n_max"": null, ""binomial_n_min"": null, ""binomial_n_policy"": null, ""binomial_n_tie_break"": null, ""certified_profiles"": 1, ""optimizer_powell_attempted"": false, ""optimizer_powell_success"": false, ""optimizer_primary_failed_starts"": 0, ""optimizer_primary_successful_starts"": 2, ""optimizer_results"": [{""fun"": 20583.95506746268, ""jac"": [-0.010186340721763986, -0.0018189894146007119, 0.0], ""message"": ""CONVERGENCE: REL_REDUCTION_OF_F_<=_FACTR*EPSMCH"", ""method"": ""L-BFGS-B"", ""nfev"": 96, ""nit"": 20, ""status"": 0, ""success"": true, ""x"": [1.21347009049346, 3.0285204825896264, 8.48848641649316]}, {""fun"": 20583.957277987545, ""jac"": [1.006992539922954, -0.001091393648760427, -0.0003637978829201424], ""message"": ""CONVERGENCE: REL_REDUCTION_OF_F_<=_FACTR*EPSMCH"", ""method"": ""L-BFGS-B"", ""nfev"": 180, ""nit"": 30, ""status"": 0, ""success"": true, ""x"": [1.2134997045215847, 1.3231990832967873, 6.78483058395743]}], ""solver_path"": ""general_convolution"", ""uncertified_profiles"": 0}"
foul_leaves_5_team,team-quarter,2021-22,9840,optimization,FTA,1,FOUL,1,ZIP,41195.49179070577,-20583.954578867815,[1.2134704216338295],"{""lam"": 0.0042534661947636, ""rho"": 1.0000000000000007e-09}",3,True,optimizer_converged_lbfgsb,78,406,2,-21733.18524140907,1149.2306625412566,0.40846930001862347,"{""binomial_discrete_residual_mean"": null, ""binomial_discrete_residual_variance"": null, ""binomial_h_extension_used"": null, ""binomial_n_candidates"": 0, ""binomial_n_max"": null, ""binomial_n_min"": null, ""binomial_n_policy"": null, ""binomial_n_tie_break"": null, ""certified_profiles"": 1, ""optimizer_powell_attempted"": false, ""optimizer_powell_success"": false, ""optimizer_primary_failed_starts"": 0, ""optimizer_primary_successful_starts"": 2, ""optimizer_results"": [{""fun"": 20583.954578867815, ""jac"": [0.0014551915316805696, 0.0003637978829201424, 0.0], ""message"": ""CONVERGENCE: REL_REDUCTION_OF_F_<=_FACTR*EPSMCH"", ""method"": ""L-BFGS-B"", ""nfev"": 108, ""nit"": 21, ""status"": 0, ""success"": true, ""x"": [1.2134704216338295, -5.460021053208083, -20.72326583594641]}, {""fun"": 20583.954626561906, ""jac"": [0.11204974793940385, 0.0, 0.0], ""message"": ""CONVERGENCE: REL_REDUCTION_OF_F_<=_FACTR*EPSMCH"", ""method"": ""L-BFGS-B"", ""nfev"": 296, ""nit"": 57, ""status"": 0, ""success"": true, ""x"": [1.2134737034413332, -5.455601706288848, -5.359318012098693]}], ""solver_path"": ""general_convolution"", ""uncertified_profiles"": 0}"
foul_leaves_5_team,team-quarter,2021-22,9840,optimization,FTA,1,FOUL,1,Geom,41186.31768706273,-20583.96463254132,[1.2134763211411443],"{""p"": 0.995788692565872}",2,True,optimizer_converged_lbfgsb,23,137,2,-21302.534767568766,718.5701350274467,16.535051099956036,"{""binomial_discrete_residual_mean"": null, ""binomial_discrete_residual_variance"": null, ""binomial_h_extension_used"": null, ""binomial_n_candidates"": 0, ""binomial_n_max"": null, ""binomial_n_min"": null, ""binomial_n_policy"": null, ""binomial_n_tie_break"": null, ""certified_profiles"": 1, ""optimizer_powell_attempted"": false, ""optimizer_powell_success"": false, ""optimizer_primary_failed_starts"": 0, ""optimizer_primary_successful_starts"": 2, ""optimizer_results"": [{""fun"": 20613.14569725455, ""jac"": [9.68466344121711, 0.0], ""message"": ""CONVERGENCE: REL_REDUCTION_OF_F_<=_FACTR*EPSMCH"", ""method"": ""L-BFGS-B"", ""nfev"": 72, ""nit"": 6, ""status"": 0, ""success"": true, ""x"": [1.2146441813932762, 21.05307131361262]}, {""fun"": 20583.96463254132, ""jac"": [0.019281287794767545, -0.0007275957658402848], ""message"": ""CONVERGENCE: REL_REDUCTION_OF_F_<=_FACTR*EPSMCH"", ""method"": ""L-BFGS-B"", ""nfev"": 63, ""nit"": 17, ""status"": 0, ""success"": true, ""x"": [1.2134763211411443, 5.465761925111034]}], ""solver_path"": ""general_convolution"", ""uncertified_profiles"": 0}"
foul_leaves_5_team,team-quarter,2021-22,9840,optimization,FTA,1,FOUL,1,Binomial,41186.28746408813,-20583.94952105402,[1.2134677846675754],"{""n"": 2, ""p"": 0.0021325614749938223}",2,True,optimizer_converged_lbfgsb,38,152,2,-21352.634161977345,768.6846409233258,0.43988700001500547,"{""binomial_discrete_residual_mean"": -1.3595334270399206, ""binomial_discrete_residual_variance"": -3.009821936270595, ""binomial_h_extension_used"": true, ""binomial_n_candidates"": 1, ""binomial_n_max"": 2, ""binomial_n_min"": 2, ""binomial_n_policy"": ""paper_H_binomial_discrete_index_continuous_full_mle"", ""binomial_n_tie_break"": ""not_applicable_single_mom_index"", ""certified_profiles"": 1, ""optimizer_powell_attempted"": false, ""optimizer_powell_success"": false, ""optimizer_primary_failed_starts"": 0, ""optimizer_primary_successful_starts"": 2, ""optimizer_results"": [{""fun"": 20583.949521056624, ""jac"": [0.0003637978829201424, 0.0], ""message"": ""CONVERGENCE: REL_REDUCTION_OF_F_<=_FACTR*EPSMCH"", ""method"": ""L-BFGS-B"", ""nfev"": 93, ""nit"": 22, ""status"": 0, ""success"": true, ""x"": [1.2134677991732006, -6.148342994035188]}, {""fun"": 20583.94952105402, ""jac"": [0.0007275957658402848, 0.0], ""message"": ""CONVERGENCE: REL_REDUCTION_OF_F_<=_FACTR*EPSMCH"", ""method"": ""L-BFGS-B"", ""nfev"": 57, ""nit"": 16, ""status"": 0, ""success"": true, ""x"": [1.2134677846675754, -6.148296612727559]}], ""solver_path"": ""general_convolution"", ""uncertified_profiles"": 0}"
foul_leaves_5_team,team-quarter,2021-22,9840,optimization,FTA,1,FOUL,1,Bernoulli,41186.27730687365,-20583.94444244678,[1.2134649109304052],"{""p"": 0.004277417547633434}",2,True,optimizer_converged_lbfgsb,43,173,2,-22052.563028050292,1468.6185856035117,0.30188049998832867,"{""binomial_discrete_residual_mean"": null, ""binomial_discrete_residual_variance"": null, ""binomial_h_extension_used"": null, ""binomial_n_candidates"": 0, ""binomial_n_max"": null, ""binomial_n_min"": null, ""binomial_n_policy"": null, ""binomial_n_tie_break"": null, ""certified_profiles"": 1, ""optimizer_powell_attempted"": false, ""optimizer_powell_success"": false, ""optimizer_primary_failed_starts"": 0, ""optimizer_primary_successful_starts"": 2, ""optimizer_results"": [{""fun"": 20583.94444244678, ""jac"": [-0.0032741809462812814, 0.0], ""message"": ""CONVERGENCE: REL_REDUCTION_OF_F_<=_FACTR*EPSMCH"", ""method"": ""L-BFGS-B"", ""nfev"": 90, ""nit"": 22, ""status"": 0, ""success"": true, ""x"": [1.2134649109304052, -5.450119236345561]}, {""fun"": 20583.94444246643, ""jac"": [0.0007275957658402848, -0.0003637978829201424], ""message"": ""CONVERGENCE: REL_REDUCTION_OF_F_<=_FACTR*EPSMCH"", ""method"": ""L-BFGS-B"", ""nfev"": 81, ""nit"": 21, ""status"": 0, ""success"": true, ""x"": [1.2134651114376283, -5.450215583121526]}], ""solver_path"": ""general_convolution"", ""uncertified_profiles"": 0}"
foul_leaves_5_team,team-quarter,2021-22,9840,optimization,FTA,1,FTM,4,Poisson,35473.01013917495,-17727.31085859743,[1.1719419222867427],"{""lam"": 0.4991421268339543}",2,True,poisson_convex_mle,17,25,2,-17752.01713354561,24.70627494818109,0.04904730000998825,"{""binomial_discrete_residual_mean"": null, ""binomial_discrete_residual_variance"": null, ""binomial_h_extension_used"": null, ""binomial_n_candidates"": 0, ""binomial_n_max"": null, ""binomial_n_min"": null, ""binomial_n_policy"": null, ""binomial_n_tie_break"": null, ""certified_profiles"": 1, ""optimizer_primary_failed_starts"": 0, ""optimizer_primary_successful_starts"": 2, ""optimizer_results"": [{""fun"": 17727.31085859743, ""jac"": [-0.00011875339893818726, -0.0004217107580618551], ""message"": ""CONVERGENCE: REL_REDUCTION_OF_F_<=_FACTR*EPSMCH"", ""method"": ""L-BFGS-B"", ""nfev"": 10, ""nit"": 7, ""status"": 0, ""success"": true, ""x"": [0.4991421268339543, 1.1719419222867427]}, {""fun"": 17727.31085859743, ""jac"": [3.6169971492472364e-05, 0.00019693552061839092], ""message"": ""CONVERGENCE: REL_REDUCTION_OF_F_<=_FACTR*EPSMCH"", ""method"": ""L-BFGS-B"", ""nfev"": 13, ""nit"": 10, ""status"": 0, ""success"": true, ""x"": [0.49914213820545134, 1.1719419389735677]}], ""poisson_canonical_agreement_abs"": 0.0, ""solver_path"": ""poisson_convex"", ""uncertified_profiles"": 0}"
foul_leaves_5_team,team-quarter,2021-22,9840,optimization,FTA,1,FTM,4,NB,35482.204524244844,-17727.310945637353,[1.1719306677031032],"{""p"": 0.99999955760274, ""r"": 1128023.547909538}",3,True,optimizer_converged_lbfgsb,35,178,2,-17752.0196121737,24.708666536345845,0.8153576999902725,"{""binomial_discrete_residual_mean"": null, ""binomial_discrete_residual_variance"": null, ""binomial_h_extension_used"": null, ""binomial_n_candidates"": 0, ""binomial_n_max"": null, ""binomial_n_min"": null, ""binomial_n_policy"": null, ""binomial_n_tie_break"": null, ""certified_profiles"": 1, ""optimizer_powell_attempted"": false, ""optimizer_powell_success"": false, ""optimizer_primary_failed_starts"": 0, ""optimizer_primary_successful_starts"": 2, ""optimizer_results"": [{""fun"": 17727.311966682955, ""jac"": [-0.0036379788292014237, -0.0047293720579092285, -0.00036379785060840214], ""message"": ""CONVERGENCE: REL_REDUCTION_OF_F_<=_FACTR*EPSMCH"", ""method"": ""L-BFGS-B"", ""nfev"": 36, ""nit"": 7, ""status"": 0, ""success"": true, ""x"": [1.1719429180988155, 10.962162747661548, 11.657035895625295]}, {""fun"": 17727.310945637353, ""jac"": [-1.1095835429064342, -0.22228048672173373, 0.22519086952660095], ""message"": ""CONVERGENCE: REL_REDUCTION_OF_F_<=_FACTR*EPSMCH"", ""method"": ""L-BFGS-B"", ""nfev"": 140, ""nit"": 28, ""status"": 0, ""success"": true, ""x"": [1.1719306677031032, 13.935977586628573, 14.631057137655322]}], ""solver_path"": ""general_convolution"", ""uncertified_profiles"": 0}"
foul_leaves_5_team,team-quarter,2021-22,9840,optimization,FTA,1,FTM,4,ZIP,35482.20435032245,-17727.310858676155,[1.171941947411284],"{""lam"": 0.49914219059822584, ""rho"": 1.0000000000000007e-09}",3,True,optimizer_converged_lbfgsb,43,226,2,-17752.017133562662,24.706274886506435,0.27598809998016804,"{""binomial_discrete_residual_mean"": null, ""binomial_discrete_residual_variance"": null, ""binomial_h_extension_used"": null, ""binomial_n_candidates"": 0, ""binomial_n_max"": null, ""binomial_n_min"": null, ""binomial_n_policy"": null, ""binomial_n_tie_break"": null, ""certified_profiles"": 1, ""optimizer_powell_attempted"": false, ""optimizer_powell_success"": false, ""optimizer_primary_failed_starts"": 0, ""optimizer_primary_successful_starts"": 2, ""optimizer_results"": [{""fun"": 17727.310858676155, ""jac"": [0.0007275957658402848, 0.0003637978788811745, 0.0], ""message"": ""CONVERGENCE: REL_REDUCTION_OF_F_<=_FACTR*EPSMCH"", ""method"": ""L-BFGS-B"", ""nfev"": 40, ""nit"": 7, ""status"": 0, ""success"": true, ""x"": [1.171941947411284, -0.6948642727228229, -20.72326583594641]}, {""fun"": 17727.311034630882, ""jac"": [-0.16661943037742522, -0.34779077221040283, 0.0], ""message"": ""CONVERGENCE: REL_REDUCTION_OF_F_<=_FACTR*EPSMCH"", ""method"": ""L-BFGS-B"", ""nfev"": 184, ""nit"": 36, ""status"": 0, ""success"": true, ""x"": [1.1720075572147963, -0.6955270114935687, -13.986319441867654]}], ""solver_path"": ""general_convolution"", ""uncertified_profiles"": 0}"
foul_leaves_5_team,team-quarter,2021-22,9840,optimization,FTA,1,FTM,4,Geom,35590.6855398718,-17786.148558945857,[1.2109508100277258],"{""p"": 0.7490016308134807}",2,True,optimizer_converged_lbfgsb,19,77,2,-17933.63939339032,147.49083444446296,0.12473620002856478,"{""binomial_discrete_residual_mean"": null, ""binomial_discrete_residual_variance"": null, ""binomial_h_extension_used"": null, ""binomial_n_candidates"": 0, ""binomial_n_max"": null, ""binomial_n_min"": null, ""binomial_n_policy"": null, ""binomial_n_tie_break"": null, ""certified_profiles"": 1, ""optimizer_powell_attempted"": false, ""optimizer_powell_success"": false, ""optimizer_primary_failed_starts"": 0, ""optimizer_primary_successful_starts"": 2, ""optimizer_results"": [{""fun"": 17786.148558945988, ""jac"": [-0.0018189894146007119, -0.001091393648760427], ""message"": ""CONVERGENCE: REL_REDUCTION_OF_F_<=_FACTR*EPSMCH"", ""method"": ""L-BFGS-B"", ""nfev"": 33, ""nit"": 8, ""status"": 0, ""success"": true, ""x"": [1.210950702955043, 1.0932938296296015]}, {""fun"": 17786.148558945857, ""jac"": [0.0007275957658402848, 0.0003637978829201424], ""message"": ""CONVERGENCE: REL_REDUCTION_OF_F_<=_FACTR*EPSMCH"", ""method"": ""L-BFGS-B"", ""nfev"": 42, ""nit"": 11, ""status"": 0, ""success"": true, ""x"": [1.2109508100277258, 1.093294718990105]}], ""solver_path"": ""general_convolution"", ""uncertified_profiles"": 0}"
foul_leaves_5_team,team-quarter,2021-22,9840,optimization,FTA,1,FTM,4,Binomial,inf,-inf,[],"{""n"": 2}",2,False,infeasible_conditional_support,0,0,0,-inf,0.0,0.00021959998412057757,"{""binomial_discrete_residual_mean"": 0.6659222373281759, ""binomial_discrete_residual_variance"": -3.2882254604632575, ""binomial_h_extension_used"": true, ""binomial_n_candidates"": 1, ""binomial_n_max"": 2, ""binomial_n_min"": 2, ""binomial_n_policy"": ""paper_H_binomial_discrete_index_continuous_full_mle"", ""binomial_n_tie_break"": ""not_applicable_single_mom_index"", ""certified_profiles"": 0, ""solver_path"": ""conditional_support_check"", ""support_violating_rows"": 19, ""uncertified_profiles"": 0}"
foul_leaves_5_team,team-quarter,2021-22,9840,optimization,FTA,1,FTM,4,Bernoulli,inf,-inf,[],{},2,False,infeasible_conditional_support,0,0,0,-inf,0.0,4.110002191737294e-05,"{""binomial_discrete_residual_mean"": null, ""binomial_discrete_residual_variance"": null, ""binomial_h_extension_used"": null, ""binomial_n_candidates"": 0, ""binomial_n_max"": null, ""binomial_n_min"": null, ""binomial_n_policy"": null, ""binomial_n_tie_break"": null, ""certified_profiles"": 0, ""solver_path"": ""conditional_support_check"", ""support_violating_rows"": 88, ""uncertified_profiles"": 0}"
foul_leaves_5_team,team-quarter,2021-22,9840,optimization,FTA,1,FOUL;FTM,5,Poisson,34877.25875008797,-17424.838058558915,"[0.27699566822063026, 0.9962634435826262]","{""lam"": 0.0}",3,True,poisson_convex_mle,22,31,2,-17713.05669199108,288.2186334321668,0.044920100015588105,"{""binomial_discrete_residual_mean"": null, ""binomial_discrete_residual_variance"": null, ""binomial_h_extension_used"": null, ""binomial_n_candidates"": 0, ""binomial_n_max"": null, ""binomial_n_min"": null, ""binomial_n_policy"": null, ""binomial_n_tie_break"": null, ""certified_profiles"": 1, ""optimizer_primary_failed_starts"": 0, ""optimizer_primary_successful_starts"": 2, ""optimizer_results"": [{""fun"": 17424.838058558915, ""jac"": [243.64931837786415, 1.6087613886384133e-05, 1.5052362215328685e-05], ""message"": ""CONVERGENCE: REL_REDUCTION_OF_F_<=_FACTR*EPSMCH"", ""method"": ""L-BFGS-B"", ""nfev"": 11, ""nit"": 8, ""status"": 0, ""success"": true, ""x"": [0.0, 0.27699566822063026, 0.9962634435826262]}, {""fun"": 17424.838058558933, ""jac"": [243.6494321262946, 0.0006867478591630061, 0.0009627463239638701], ""message"": ""CONVERGENCE: REL_REDUCTION_OF_F_<=_FACTR*EPSMCH"", ""method"": ""L-BFGS-B"", ""nfev"": 18, ""nit"": 14, ""status"": 0, ""success"": true, ""x"": [0.0, 0.27699564268541454, 0.9962634980285368]}], ""poisson_canonical_agreement_abs"": 0.0, ""solver_path"": ""poisson_convex"", ""uncertified_profiles"": 0}"
foul_leaves_5_team,team-quarter,2021-22,9840,optimization,FTA,1,FOUL;FTM,5,NB,34886.45783435782,-17424.840495198816,"[0.27699257436184666, 0.9962644002095251]","{""p"": 0.9999899998646974, ""r"": 1.0000025576332434}",4,True,optimizer_converged_lbfgsb,56,467,2,-17713.06914137597,288.2286461771546,1.838871099986136,"{""binomial_discrete_residual_mean"": null, ""binomial_discrete_residual_variance"": null, ""binomial_h_extension_used"": null, ""binomial_n_candidates"": 0, ""binomial_n_max"": null, ""binomial_n_min"": null, ""binomial_n_policy"": null, ""binomial_n_tie_break"": null, ""certified_profiles"": 1, ""optimizer_powell_attempted"": false, ""optimizer_powell_success"": false, ""optimizer_primary_failed_starts"": 0, ""optimizer_primary_successful_starts"": 2, ""optimizer_results"": [{""fun"": 17424.840495198816, ""jac"": [0.0003637978809006584, -0.0003637978788811745, 0.0021827872842550486, -0.0025465849542588154], ""message"": ""CONVERGENCE: REL_REDUCTION_OF_F_<=_FACTR*EPSMCH"", ""method"": ""L-BFGS-B"", ""nfev"": 55, ""nit"": 8, ""status"": 0, ""success"": true, ""x"": [0.27699257436184666, 0.9962644002095251, 2.557629972650716e-06, 11.51290193461938]}, {""fun"": 17424.84119418216, ""jac"": [-0.27102942127099056, 0.13642420458044044, 0.006184564009642421, -0.002910383063361139], ""message"": ""CONVERGENCE: REL_REDUCTION_OF_F_<=_FACTR*EPSMCH"", ""method"": ""L-BFGS-B"", ""nfev"": 410, ""nit"": 48, ""status"": 0, ""success"": true, ""x"": [0.2769531555845249, 0.9963071371423904, -4.347462958716915, 6.91773098673898]}], ""solver_path"": ""general_convolution"", ""uncertified_profiles"": 0}"
foul_leaves_5_team,team-quarter,2021-22,9840,optimization,FTA,1,FOUL;FTM,5,ZIP,34886.45296112676,-17424.838058583286,"[0.276995684443662, 0.9962634170784568]","{""lam"": 9.999999999999996e-11, ""rho"": 1.0000000000000007e-09}",4,True,optimizer_converged_lbfgsb,40,242,2,-17713.05669211557,288.218633532284,0.2243408999638632,"{""binomial_discrete_residual_mean"": null, ""binomial_discrete_residual_variance"": null, ""binomial_h_extension_used"": null, ""binomial_n_candidates"": 0, ""binomial_n_max"": null, ""binomial_n_min"": null, ""binomial_n_policy"": null, ""binomial_n_tie_break"": null, ""certified_profiles"": 1, ""optimizer_powell_attempted"": false, ""optimizer_powell_success"": false, ""optimizer_primary_failed_starts"": 0, ""optimizer_primary_successful_starts"": 2, ""optimizer_results"": [{""fun"": 17424.838058583286, ""jac"": [0.0, -0.0003637978788811745, 0.0, 0.0], ""message"": ""CONVERGENCE: REL_REDUCTION_OF_F_<=_FACTR*EPSMCH"", ""method"": ""L-BFGS-B"", ""nfev"": 55, ""nit"": 8, ""status"": 0, ""success"": true, ""x"": [0.276995684443662, 0.9962634170784568, -23.025850929940457, -20.72326583594641]}, {""fun"": 17424.838188692655, ""jac"": [-0.01673470252143029, 0.053842086074413834, 0.0, 0.0], ""message"": ""CONVERGENCE: REL_REDUCTION_OF_F_<=_FACTR*EPSMCH"", ""method"": ""L-BFGS-B"", ""nfev"": 185, ""nit"": 32, ""status"": 0, ""success"": true, ""x"": [0.27698884616574376, 0.9962717499707929, -13.029887119939367, 1.1366183379178825]}], ""solver_path"": ""general_convolution"", ""uncertified_profiles"": 0}"
foul_leaves_5_team,team-quarter,2021-22,9840,optimization,FTA,1,FOUL;FTM,5,Geom,34877.258750575274,-17424.83805880257,"[0.2769956786214367, 0.9962634244231373]","{""p"": 0.9999999989999999}",3,True,optimizer_converged_lbfgsb,39,278,2,-17713.056693236005,288.2186344334368,35.665847500029486,"{""binomial_discrete_residual_mean"": null, ""binomial_discrete_residual_variance"": null, ""binomial_h_extension_used"": null, ""binomial_n_candidates"": 0, ""binomial_n_max"": null, ""binomial_n_min"": null, ""binomial_n_policy"": null, ""binomial_n_tie_break"": null, ""certified_profiles"": 1, ""optimizer_powell_attempted"": false, ""optimizer_powell_success"": false, ""optimizer_primary_failed_starts"": 0, ""optimizer_primary_successful_starts"": 2, ""optimizer_results"": [{""fun"": 17424.83805880257, ""jac"": [0.0, -0.0003637978788811745, 0.0], ""message"": ""CONVERGENCE: REL_REDUCTION_OF_F_<=_FACTR*EPSMCH"", ""method"": ""L-BFGS-B"", ""nfev"": 44, ""nit"": 8, ""status"": 0, ""success"": true, ""x"": [0.2769956786214367, 0.9962634244231373, 20.723265836267824]}, {""fun"": 17424.83833408359, ""jac"": [0.04438334146988033, -0.013460521518603458, -0.00036379785060840214], ""message"": ""CONVERGENCE: REL_REDUCTION_OF_F_<=_FACTR*EPSMCH"", ""method"": ""L-BFGS-B"", ""nfev"": 232, ""nit"": 31, ""status"": 0, ""success"": true, ""x"": [0.27700073464593983, 0.9962577621221123, 13.6931409361648]}], ""solver_path"": ""general_convolution"", ""uncertified_profiles"": 0}"
foul_leaves_5_team,team-quarter,2021-22,9840,optimization,FTA,1,FOUL;FTM,5,Binomial,34877.258751062574,-17424.83805904622,"[0.27699565640891805, 0.996263449924105]","{""n"": 2, ""p"": 9.99999558139311e-10}",3,True,optimizer_converged_lbfgsb,46,246,2,-17713.056694480932,288.2186354347141,0.6284270000178367,"{""binomial_discrete_residual_mean"": -0.435396941287828, ""binomial_discrete_residual_variance"": -4.721520246149883, ""binomial_h_extension_used"": true, ""binomial_n_candidates"": 1, ""binomial_n_max"": 2, ""binomial_n_min"": 2, ""binomial_n_policy"": ""paper_H_binomial_discrete_index_continuous_full_mle"", ""binomial_n_tie_break"": ""not_applicable_single_mom_index"", ""certified_profiles"": 1, ""optimizer_powell_attempted"": false, ""optimizer_powell_success"": false, ""optimizer_primary_failed_starts"": 0, ""optimizer_primary_successful_starts"": 2, ""optimizer_results"": [{""fun"": 17424.83805904622, ""jac"": [-0.0003637978809006584, 0.0, 0.0], ""message"": ""CONVERGENCE: REL_REDUCTION_OF_F_<=_FACTR*EPSMCH"", ""method"": ""L-BFGS-B"", ""nfev"": 44, ""nit"": 8, ""status"": 0, ""success"": true, ""x"": [0.27699565640891805, 0.996263449924105, -20.7232662778072]}, {""fun"": 17424.838217982462, ""jac"": [-0.003274180928105926, 0.003637978788811745, 0.0], ""message"": ""CONVERGENCE: REL_REDUCTION_OF_F_<=_FACTR*EPSMCH"", ""method"": ""L-BFGS-B"", ""nfev"": 200, ""nit"": 38, ""status"": 0, ""success"": true, ""x"": [0.2769948112019087, 0.9962642672906517, -14.93283850077858]}], ""solver_path"": ""general_convolution"", ""uncertified_profiles"": 0}"
foul_leaves_5_team,team-quarter,2021-22,9840,optimization,FTA,1,FOUL;FTM,5,Bernoulli,34877.258750575274,-17424.83805880257,"[0.2769956452093867, 0.9962634632257634]","{""p"": 1.0000000000000007e-09}",3,True,optimizer_converged_lbfgsb,44,214,2,-17713.056693236005,288.2186344334368,0.40691269998205826,"{""binomial_discrete_residual_mean"": null, ""binomial_discrete_residual_variance"": null, ""binomial_h_extension_used"": null, ""binomial_n_candidates"": 0, ""binomial_n_max"": null, ""binomial_n_min"": null, ""binomial_n_policy"": null, ""binomial_n_tie_break"": null, ""certified_profiles"": 1, ""optimizer_powell_attempted"": false, ""optimizer_powell_success"": false, ""optimizer_primary_failed_starts"": 0, ""optimizer_primary_successful_starts"": 2, ""optimizer_results"": [{""fun"": 17424.83805880257, ""jac"": [0.0, 0.0003637978788811745, 0.0], ""message"": ""CONVERGENCE: REL_REDUCTION_OF_F_<=_FACTR*EPSMCH"", ""method"": ""L-BFGS-B"", ""nfev"": 44, ""nit"": 8, ""status"": 0, ""success"": true, ""x"": [0.2769956452093867, 0.9962634632257634, -20.72326583594641]}, {""fun"": 17424.838132996818, ""jac"": [-0.0236468622585428, -0.003637978788811745, 0.0], ""message"": ""CONVERGENCE: REL_REDUCTION_OF_F_<=_FACTR*EPSMCH"", ""method"": ""L-BFGS-B"", ""nfev"": 168, ""nit"": 36, ""status"": 0, ""success"": true, ""x"": [0.2769936579188952, 0.9962652623444417, -15.001537286880657]}], ""solver_path"": ""general_convolution"", ""uncertified_profiles"": 0}"
foul_leaves_5_team,team-quarter,2021-22,9840,optimization,FTA,1,PERS_FOUL_DRAWN,8,Poisson,54841.16198131138,-27411.386779665645,[0.5374221681916727],"{""lam"": 4.462013492121221}",2,True,poisson_convex_mle,11,17,2,-27418.265930622496,6.8791509568509355,0.03362189995823428,"{""binomial_discrete_residual_mean"": null, ""binomial_discrete_residual_variance"": null, ""binomial_h_extension_used"": null, ""binomial_n_candidates"": 0, ""binomial_n_max"": null, ""binomial_n_min"": null, ""binomial_n_policy"": null, ""binomial_n_tie_break"": null, ""certified_profiles"": 1, ""optimizer_primary_failed_starts"": 0, ""optimizer_primary_successful_starts"": 2, ""optimizer_results"": [{""fun"": 27411.386779665645, ""jac"": [-2.4836194351118834e-05, 1.3782959574215603e-05], ""message"": ""CONVERGENCE: REL_REDUCTION_OF_F_<=_FACTR*EPSMCH"", ""method"": ""L-BFGS-B"", ""nfev"": 7, ""nit"": 5, ""status"": 0, ""success"": true, ""x"": [4.462013492121221, 0.5374221681916727]}, {""fun"": 27411.386779665747, ""jac"": [-0.000477394954816579, -0.00021510393982027143], ""message"": ""CONVERGENCE: REL_REDUCTION_OF_F_<=_FACTR*EPSMCH"", ""method"": ""L-BFGS-B"", ""nfev"": 8, ""nit"": 6, ""status"": 0, ""success"": true, ""x"": [4.462013011704521, 0.53742231447475]}], ""poisson_canonical_agreement_abs"": 0.0, ""solver_path"": ""poisson_convex"", ""uncertified_profiles"": 0}"
foul_leaves_5_team,team-quarter,2021-22,9840,optimization,FTA,1,PERS_FOUL_DRAWN,8,NB,51168.29896427701,-25570.358165653437,[0.37657025329546073],"{""p"": 0.4059522589670506, ""r"": 3.2465883603096777}",3,True,optimizer_converged_lbfgsb,13,78,2,-25572.511077371084,2.15291171764693,0.32139009999809787,"{""binomial_discrete_residual_mean"": null, ""binomial_discrete_residual_variance"": null, ""binomial_h_extension_used"": null, ""binomial_n_candidates"": 0, ""binomial_n_max"": null, ""binomial_n_min"": null, ""binomial_n_policy"": null, ""binomial_n_tie_break"": null, ""certified_profiles"": 1, ""optimizer_powell_attempted"": false, ""optimizer_powell_success"": false, ""optimizer_primary_failed_starts"": 0, ""optimizer_primary_successful_starts"": 2, ""optimizer_results"": [{""fun"": 25570.358165653437, ""jac"": [-0.0014551915236026337, -0.004729372477961851, 0.006548361856211852], ""message"": ""CONVERGENCE: REL_REDUCTION_OF_F_<=_FACTR*EPSMCH"", ""method"": ""L-BFGS-B"", ""nfev"": 40, ""nit"": 7, ""status"": 0, ""success"": true, ""x"": [0.37657025329546073, 1.1776047096943403, -0.38072412430579583]}, {""fun"": 25570.358165661546, ""jac"": [-0.008367351260715144, -0.00763975554132299, 0.008731149141615803], ""message"": ""CONVERGENCE: REL_REDUCTION_OF_F_<=_FACTR*EPSMCH"", ""method"": ""L-BFGS-B"", ""nfev"": 36, ""nit"": 6, ""status"": 0, ""success"": true, ""x"": [0.37656695845522137, 1.1776064368704158, -0.38072343431165157]}], ""solver_path"": ""general_convolution"", ""uncertified_profiles"": 0}"
foul_leaves_5_team,team-quarter,2021-22,9840,optimization,FTA,1,PERS_FOUL_DRAWN,8,ZIP,51821.69661330722,-25897.05699016854,[0.7269291846365197],"{""lam"": 5.038032440409884, ""rho"": 0.1818849429044434}",3,True,optimizer_converged_lbfgsb,21,102,2,-26188.85395115646,291.7969609879183,0.11614370002644137,"{""binomial_discrete_residual_mean"": null, ""binomial_discrete_residual_variance"": null, ""binomial_h_extension_used"": null, ""binomial_n_candidates"": 0, ""binomial_n_max"": null, ""binomial_n_min"": null, ""binomial_n_policy"": null, ""binomial_n_tie_break"": null, ""certified_profiles"": 1, ""optimizer_powell_attempted"": false, ""optimizer_powell_success"": false, ""optimizer_primary_failed_starts"": 0, ""optimizer_primary_successful_starts"": 2, ""optimizer_results"": [{""fun"": 25897.05699016854, ""jac"": [-0.0018189893944058726, 0.0, 0.0003637978829201424], ""message"": ""CONVERGENCE: REL_REDUCTION_OF_F_<=_FACTR*EPSMCH"", ""method"": ""L-BFGS-B"", ""nfev"": 48, ""nit"": 10, ""status"": 0, ""success"": true, ""x"": [0.7269291846365197, 1.617015617054166, -1.5036286779856924]}, {""fun"": 25897.05699016907, ""jac"": [0.0, 0.005093170360881993, -0.0014551915316805696], ""message"": ""CONVERGENCE: REL_REDUCTION_OF_F_<=_FACTR*EPSMCH"", ""method"": ""L-BFGS-B"", ""nfev"": 52, ""nit"": 11, ""status"": 0, ""success"": true, ""x"": [0.7269293333794834, 1.617015787005182, -1.5036292030354264]}], ""solver_path"": ""general_convolution"", ""uncertified_profiles"": 0}"
foul_leaves_5_team,team-quarter,2021-22,9840,optimization,FTA,1,PERS_FOUL_DRAWN,8,Geom,52543.68607656684,-26262.648827293375,[0.9321469326094735],"{""p"": 0.21038663172052427}",2,True,optimizer_converged_lbfgsb,11,47,2,-26416.600907641106,153.95208034773168,0.07949030003510416,"{""binomial_discrete_residual_mean"": null, ""binomial_discrete_residual_variance"": null, ""binomial_h_extension_used"": null, ""binomial_n_candidates"": 0, ""binomial_n_max"": null, ""binomial_n_min"": null, ""binomial_n_policy"": null, ""binomial_n_tie_break"": null, ""certified_profiles"": 1, ""optimizer_powell_attempted"": false, ""optimizer_powell_success"": false, ""optimizer_primary_failed_starts"": 0, ""optimizer_primary_successful_starts"": 2, ""optimizer_results"": [{""fun"": 26262.64882729341, ""jac"": [0.0, 0.001091393648760427], ""message"": ""CONVERGENCE: REL_REDUCTION_OF_F_<=_FACTR*EPSMCH"", ""method"": ""L-BFGS-B"", ""nfev"": 21, ""nit"": 5, ""status"": 0, ""success"": true, ""x"": [0.9321470180036259, -1.322596310205103]}, {""fun"": 26262.648827293375, ""jac"": [-0.0003637978788811745, -0.0003637978829201424], ""message"": ""CONVERGENCE: REL_REDUCTION_OF_F_<=_FACTR*EPSMCH"", ""method"": ""L-BFGS-B"", ""nfev"": 24, ""nit"": 6, ""status"": 0, ""success"": true, ""x"": [0.9321469326094735, -1.3225964770260992]}], ""solver_path"": ""general_convolution"", ""uncertified_profiles"": 0}"
foul_leaves_5_team,team-quarter,2021-22,9840,optimization,FTA,1,PERS_FOUL_DRAWN,8,Binomial,55268.34335753295,-27624.97746777643,[0.5789622813947986],"{""n"": 100, ""p"": 0.043874142765711915}",2,True,optimizer_converged_lbfgsb,9,47,2,-27625.831527043953,0.854059267523553,0.3628976999898441,"{""binomial_discrete_residual_mean"": 4.348999169804589, ""binomial_discrete_residual_variance"": 10.513596366419474, ""binomial_h_extension_used"": true, ""binomial_n_candidates"": 1, ""binomial_n_max"": 100, ""binomial_n_min"": 100, ""binomial_n_policy"": ""paper_H_binomial_discrete_index_continuous_full_mle"", ""binomial_n_tie_break"": ""not_applicable_single_mom_index"", ""certified_profiles"": 1, ""optimizer_powell_attempted"": false, ""optimizer_powell_success"": false, ""optimizer_primary_failed_starts"": 0, ""optimizer_primary_successful_starts"": 2, ""optimizer_results"": [{""fun"": 27624.97746777645, ""jac"": [-0.000727595757762349, 0.0007275957658402848], ""message"": ""CONVERGENCE: REL_REDUCTION_OF_F_<=_FACTR*EPSMCH"", ""method"": ""L-BFGS-B"", ""nfev"": 24, ""nit"": 5, ""status"": 0, ""success"": true, ""x"": [0.5789622383584846, -3.0815643690992145]}, {""fun"": 27624.97746777643, ""jac"": [0.0, 0.0], ""message"": ""CONVERGENCE: NORM_OF_PROJECTED_GRADIENT_<=_PGTOL"", ""method"": ""L-BFGS-B"", ""nfev"": 21, ""nit"": 4, ""status"": 0, ""success"": true, ""x"": [0.5789622813947986, -3.081564410721258]}], ""solver_path"": ""general_convolution"", ""uncertified_profiles"": 0}"
foul_leaves_5_team,team-quarter,2021-22,9840,optimization,FTA,1,PERS_FOUL_DRAWN,8,Bernoulli,inf,-inf,[],{},2,False,infeasible_conditional_support,0,0,0,-inf,0.0,7.319997530430555e-05,"{""binomial_discrete_residual_mean"": null, ""binomial_discrete_residual_variance"": null, ""binomial_h_extension_used"": null, ""binomial_n_candidates"": 0, ""binomial_n_max"": null, ""binomial_n_min"": null, ""binomial_n_policy"": null, ""binomial_n_tie_break"": null, ""certified_profiles"": 0, ""solver_path"": ""conditional_support_check"", ""support_violating_rows"": 1465, ""uncertified_profiles"": 0}"
foul_leaves_5_team,team-quarter,2021-22,9840,optimization,FTA,1,FOUL;PERS_FOUL_DRAWN,9,Poisson,41195.4917906461,-20583.95457883798,"[1.2134705701222808, 0.0]","{""lam"": 0.004252723358025525}",3,True,poisson_convex_mle,50,94,2,-20710.361014045066,126.40643520708545,0.13334329996723682,"{""binomial_discrete_residual_mean"": null, ""binomial_discrete_residual_variance"": null, ""binomial_h_extension_used"": null, ""binomial_n_candidates"": 0, ""binomial_n_max"": null, ""binomial_n_min"": null, ""binomial_n_policy"": null, ""binomial_n_tie_break"": null, ""certified_profiles"": 1, ""optimizer_primary_failed_starts"": 0, ""optimizer_primary_successful_starts"": 2, ""optimizer_results"": [{""fun"": 20627.20609564797, ""jac"": [168.29672305255025, -1354.2771409382192, 2012.6813388607109], ""message"": ""CONVERGENCE: REL_REDUCTION_OF_F_<=_FACTR*EPSMCH"", ""method"": ""L-BFGS-B"", ""nfev"": 45, ""nit"": 23, ""status"": 0, ""success"": true, ""x"": [0.054153037057104184, 1.1665841110532804, 0.0]}, {""fun"": 20583.95457883798, ""jac"": [-0.0008158604316150786, 0.0013612771654152311, 2491.993703910707], ""message"": ""CONVERGENCE: REL_REDUCTION_OF_F_<=_FACTR*EPSMCH"", ""method"": ""L-BFGS-B"", ""nfev"": 47, ""nit"": 27, ""status"": 0, ""success"": true, ""x"": [0.004252723358025525, 1.2134705701222808, 0.0]}], ""poisson_canonical_agreement_abs"": 0.0, ""solver_path"": ""poisson_convex"", ""uncertified_profiles"": 0}"
foul_leaves_5_team,team-quarter,2021-22,9840,optimization,FTA,1,FOUL;PERS_FOUL_DRAWN,9,NB,41204.686978782505,-20583.95506741116,"[1.213472270434786, 0.0]","{""p"": 0.9997942582401483, ""r"": 20.65941243077944}",4,True,optimizer_converged_lbfgsb,18,302,2,-20701.152480826408,117.19741341524787,1.2501811999827623,"{""binomial_discrete_residual_mean"": null, ""binomial_discrete_residual_variance"": null, ""binomial_h_extension_used"": null, ""binomial_n_candidates"": 0, ""binomial_n_max"": null, ""binomial_n_min"": null, ""binomial_n_policy"": null, ""binomial_n_tie_break"": null, ""certified_profiles"": 1, ""optimizer_powell_attempted"": false, ""optimizer_powell_success"": false, ""optimizer_primary_failed_starts"": 1, ""optimizer_primary_successful_starts"": 1, ""optimizer_results"": [{""fun"": 20583.95506741116, ""jac"": [0.05456968243802136, 2492.0118448790163, 0.002182787297520854, 0.002182787103650413], ""message"": ""CONVERGENCE: REL_REDUCTION_OF_F_<=_FACTR*EPSMCH"", ""method"": ""L-BFGS-B"", ""nfev"": 150, ""nit"": 18, ""status"": 0, ""success"": true, ""x"": [1.213472270434786, 0.0, 3.0281710233441577, 8.488683005605113]}, {""fun"": 20701.152480826408, ""jac"": [2499.802227888998, 3355.7851566001773, 11257.833262634336, 0.0], ""message"": ""ABNORMAL_TERMINATION_IN_LNSRCH"", ""method"": ""L-BFGS-B"", ""nfev"": 150, ""nit"": 0, ""status"": 2, ""success"": false, ""x"": [1.287571621983909, 0.0, -18.420680743952367, -20.72326583594641]}], ""solver_path"": ""general_convolution"", ""uncertified_profiles"": 0}"
foul_leaves_5_team,team-quarter,2021-22,9840,optimization,FTA,1,FOUL;PERS_FOUL_DRAWN,9,ZIP,41204.686001639704,-20583.95457883976,"[1.213470555404585, 0.0]","{""lam"": 0.004252553362659733, ""rho"": 1.0000000000000007e-09}",4,True,optimizer_converged_lbfgsb,44,267,2,-20687.345174348055,103.39059550829552,0.29802919999929145,"{""binomial_discrete_residual_mean"": null, ""binomial_discrete_residual_variance"": null, ""binomial_h_extension_used"": null, ""binomial_n_candidates"": 0, ""binomial_n_max"": null, ""binomial_n_min"": null, ""binomial_n_policy"": null, ""binomial_n_tie_break"": null, ""certified_profiles"": 1, ""optimizer_powell_attempted"": false, ""optimizer_powell_success"": false, ""optimizer_primary_failed_starts"": 0, ""optimizer_primary_successful_starts"": 2, ""optimizer_results"": [{""fun"": 20583.95457883976, ""jac"": [-0.0007275957658402848, 2491.9929273892194, 0.0, 0.0], ""message"": ""CONVERGENCE: REL_REDUCTION_OF_F_<=_FACTR*EPSMCH"", ""method"": ""L-BFGS-B"", ""nfev"": 150, ""nit"": 24, ""status"": 0, ""success"": true, ""x"": [1.213470555404585, 0.0, -5.4602356852345455, -20.72326583594641]}, {""fun"": 20583.954578924535, ""jac"": [0.0, 2491.9932911871, -0.0007275957658402848, 0.0], ""message"": ""CONVERGENCE: REL_REDUCTION_OF_F_<=_FACTR*EPSMCH"", ""method"": ""L-BFGS-B"", ""nfev"": 115, ""nit"": 20, ""status"": 0, ""success"": true, ""x"": [1.2134708070023634, 0.0, -5.460487017556109, -20.72276416112732]}], ""solver_path"": ""general_convolution"", ""uncertified_profiles"": 0}"
foul_leaves_5_team,team-quarter,2021-22,9840,optimization,FTA,1,FOUL;PERS_FOUL_DRAWN,9,Geom,41195.51189882552,-20583.96463292769,"[1.2134765314938374, 0.0]","{""p"": 0.995792374716713}",3,True,optimizer_converged_lbfgsb,18,146,2,-20705.75584459461,121.79121166691766,23.20496569998795,"{""binomial_discrete_residual_mean"": null, ""binomial_discrete_residual_variance"": null, ""binomial_h_extension_used"": null, ""binomial_n_candidates"": 0, ""binomial_n_max"": null, ""binomial_n_min"": null, ""binomial_n_policy"": null, ""binomial_n_tie_break"": null, ""certified_profiles"": 1, ""optimizer_powell_attempted"": false, ""optimizer_powell_success"": false, ""optimizer_primary_failed_starts"": 0, ""optimizer_primary_successful_starts"": 2, ""optimizer_results"": [{""fun"": 20583.96463292769, ""jac"": [-0.0032741809462812814, 2491.9903808040544, 0.0003637978829201424], ""message"": ""CONVERGENCE: REL_REDUCTION_OF_F_<=_FACTR*EPSMCH"", ""method"": ""L-BFGS-B"", ""nfev"": 76, ""nit"": 14, ""status"": 0, ""success"": true, ""x"": [1.2134765314938374, 0.0, 5.4666403539123785]}, {""fun"": 20609.23917050294, ""jac"": [-1.0928488402921077, 2492.576095391996, 8.7635264233058], ""message"": ""CONVERGENCE: REL_REDUCTION_OF_F_<=_FACTR*EPSMCH"", ""method"": ""L-BFGS-B"", ""nfev"": 68, ""nit"": 4, ""status"": 0, ""success"": true, ""x"": [1.2143464987765853, 0.0, 19.100446260318222]}], ""solver_path"": ""general_convolution"", ""uncertified_profiles"": 0}"
foul_leaves_5_team,team-quarter,2021-22,9840,optimization,FTA,1,FOUL;PERS_FOUL_DRAWN,9,Binomial,41195.48167507934,-20583.9495210546,"[1.21346767747789, 0.0]","{""n"": 2, ""p"": 0.0021325266328891604}",3,True,optimizer_converged_lbfgsb,45,286,2,-20704.369551398093,120.42003034349182,0.733124400023371,"{""binomial_discrete_residual_mean"": -3.4252227181238935, ""binomial_discrete_residual_variance"": -11.022925310282833, ""binomial_h_extension_used"": true, ""binomial_n_candidates"": 1, ""binomial_n_max"": 2, ""binomial_n_min"": 2, ""binomial_n_policy"": ""paper_H_binomial_discrete_index_continuous_full_mle"", ""binomial_n_tie_break"": ""not_applicable_single_mom_index"", ""certified_profiles"": 1, ""optimizer_powell_attempted"": false, ""optimizer_powell_success"": false, ""optimizer_primary_failed_starts"": 0, ""optimizer_primary_successful_starts"": 2, ""optimizer_results"": [{""fun"": 20583.9495210546, ""jac"": [-0.0032741809462812814, 2491.9918359955773, 0.0], ""message"": ""CONVERGENCE: REL_REDUCTION_OF_F_<=_FACTR*EPSMCH"", ""method"": ""L-BFGS-B"", ""nfev"": 152, ""nit"": 24, ""status"": 0, ""success"": true, ""x"": [1.21346767747789, 0.0, -6.148312985925436]}, {""fun"": 20583.949521057268, ""jac"": [-0.001091393648760427, 2491.9925635913387, -0.0003637978829201424], ""message"": ""CONVERGENCE: REL_REDUCTION_OF_F_<=_FACTR*EPSMCH"", ""method"": ""L-BFGS-B"", ""nfev"": 132, ""nit"": 21, ""status"": 0, ""success"": true, ""x"": [1.2134677783758177, 0.0, -6.148348763051089]}], ""solver_path"": ""general_convolution"", ""uncertified_profiles"": 0}"
foul_leaves_5_team,team-quarter,2021-22,9840,optimization,FTA,1,FOUL;PERS_FOUL_DRAWN,9,Bernoulli,41195.471517928854,-20583.94444247936,"[1.2134663657566274, 0.0]","{""p"": 0.004277490948591013}",3,True,optimizer_converged_lbfgsb,46,234,2,-20705.755844758092,121.81140227873402,0.43233400001190603,"{""binomial_discrete_residual_mean"": null, ""binomial_discrete_residual_variance"": null, ""binomial_h_extension_used"": null, ""binomial_n_candidates"": 0, ""binomial_n_max"": null, ""binomial_n_min"": null, ""binomial_n_policy"": null, ""binomial_n_tie_break"": null, ""certified_profiles"": 1, ""optimizer_powell_attempted"": false, ""optimizer_powell_success"": false, ""optimizer_primary_failed_starts"": 0, ""optimizer_primary_successful_starts"": 2, ""optimizer_results"": [{""fun"": 20583.94444247936, ""jac"": [0.05056790572589979, 2492.0100258896127, 0.0], ""message"": ""CONVERGENCE: REL_REDUCTION_OF_F_<=_FACTR*EPSMCH"", ""method"": ""L-BFGS-B"", ""nfev"": 104, ""nit"": 24, ""status"": 0, ""success"": true, ""x"": [1.2134663657566274, 0.0, -5.450102002666063]}, {""fun"": 20583.944442636905, ""jac"": [-0.06002665068182349, 2491.9729185057804, -0.001091393648760427], ""message"": ""CONVERGENCE: REL_REDUCTION_OF_F_<=_FACTR*EPSMCH"", ""method"": ""L-BFGS-B"", ""nfev"": 128, ""nit"": 22, ""status"": 0, ""success"": true, ""x"": [1.2134636577735716, 0.0, -5.4504452901469485]}], ""solver_path"": ""general_convolution"", ""uncertified_profiles"": 0}"
foul_leaves_5_team,team-quarter,2021-22,9840,optimization,FTA,1,FTM;PERS_FOUL_DRAWN,12,Poisson,35481.81161581623,-17727.114491423046,"[1.1710953513487259, 0.008891151001430229]","{""lam"": 0.48673524657874734}",3,True,poisson_convex_mle,15,23,2,-17760.88981382872,33.77532240567234,0.045263800013344735,"{""binomial_discrete_residual_mean"": null, ""binomial_discrete_residual_variance"": null, ""binomial_h_extension_used"": null, ""binomial_n_candidates"": 0, ""binomial_n_max"": null, ""binomial_n_min"": null, ""binomial_n_policy"": null, ""binomial_n_tie_break"": null, ""certified_profiles"": 1, ""optimizer_primary_failed_starts"": 1, ""optimizer_primary_successful_starts"": 1, ""optimizer_results"": [{""fun"": 17727.114491423046, ""jac"": [0.00019927159723209797, 0.0022280067704656403, 0.0002515421136877194], ""message"": ""CONVERGENCE: REL_REDUCTION_OF_F_<=_FACTR*EPSMCH"", ""method"": ""L-BFGS-B"", ""nfev"": 13, ""nit"": 11, ""status"": 0, ""success"": true, ""x"": [0.48673524657874734, 1.1710953513487259, 0.008891151001430229]}, {""fun"": 18316.24642908941, ""jac"": [687.1851063126087, -1573.6122338617997, 760.5011158303432], ""message"": ""CONVERGENCE: REL_REDUCTION_OF_F_<=_FACTR*EPSMCH"", ""method"": ""L-BFGS-B"", ""nfev"": 8, ""nit"": 4, ""status"": 0, ""success"": true, ""x"": [1.4484334094619444, 0.9346958059357259, 0.0]}], ""poisson_canonical_agreement_abs"": 0.0, ""solver_path"": ""poisson_convex"", ""uncertified_profiles"": 0}"
foul_leaves_5_team,team-quarter,2021-22,9840,optimization,FTA,1,FTM;PERS_FOUL_DRAWN,12,NB,35491.00818948748,-17727.115672763648,"[1.1710960785365028, 0.008890769108176941]","{""p"": 0.9999907179563723, ""r"": 52437.609329812854}",4,True,optimizer_converged_lbfgsb,42,377,2,-17760.89194359092,33.77627082727122,1.609298299998045,"{""binomial_discrete_residual_mean"": null, ""binomial_discrete_residual_variance"": null, ""binomial_h_extension_used"": null, ""binomial_n_candidates"": 0, ""binomial_n_max"": null, ""binomial_n_min"": null, ""binomial_n_policy"": null, ""binomial_n_tie_break"": null, ""certified_profiles"": 1, ""optimizer_powell_attempted"": false, ""optimizer_powell_success"": false, ""optimizer_primary_failed_starts"": 0, ""optimizer_primary_successful_starts"": 2, ""optimizer_results"": [{""fun"": 17727.115672763648, ""jac"": [0.0003637978829201424, -0.0014551915228453274, 0.0014551914024336086, -0.005456967759126033], ""message"": ""CONVERGENCE: REL_REDUCTION_OF_F_<=_FACTR*EPSMCH"", ""method"": ""L-BFGS-B"", ""nfev"": 55, ""nit"": 9, ""status"": 0, ""success"": true, ""x"": [1.1710960785365028, 0.008890769108176941, 10.867379348162103, 11.587419534836725]}, {""fun"": 17727.117397712063, ""jac"": [0.4765752266253865, 0.6632035365367579, 0.15752446931343814, -0.1517037037037037], ""message"": ""CONVERGENCE: REL_REDUCTION_OF_F_<=_FACTR*EPSMCH"", ""method"": ""L-BFGS-B"", ""nfev"": 320, ""nit"": 33, ""status"": 0, ""success"": true, ""x"": [1.1710862781775027, 0.008929851637910673, 9.973480600056103, 10.69343057703233]}], ""solver_path"": ""general_convolution"", ""uncertified_profiles"": 0}"
foul_leaves_5_team,team-quarter,2021-22,9840,optimization,FTA,1,FTM;PERS_FOUL_DRAWN,12,ZIP,35491.005826955545,-17727.11449149768,"[1.1710951903244098, 0.008891318456368206]","{""lam"": 0.48673502753537684, ""rho"": 1.0000000000000007e-09}",4,True,optimizer_converged_lbfgsb,46,267,2,-17760.889813821053,33.775322323373985,0.3060931999934837,"{""binomial_discrete_residual_mean"": null, ""binomial_discrete_residual_variance"": null, ""binomial_h_extension_used"": null, ""binomial_n_candidates"": 0, ""binomial_n_max"": null, ""binomial_n_min"": null, ""binomial_n_policy"": null, ""binomial_n_tie_break"": null, ""certified_profiles"": 1, ""optimizer_powell_attempted"": false, ""optimizer_powell_success"": false, ""optimizer_primary_failed_starts"": 0, ""optimizer_primary_successful_starts"": 2, ""optimizer_results"": [{""fun"": 17727.11449149768, ""jac"": [-0.0025465851804409964, -0.00036379788071133184, -0.0003637978788811745, 0.0], ""message"": ""CONVERGENCE: REL_REDUCTION_OF_F_<=_FACTR*EPSMCH"", ""method"": ""L-BFGS-B"", ""nfev"": 75, ""nit"": 13, ""status"": 0, ""success"": true, ""x"": [1.1710951903244098, 0.008891318456368206, -0.72003539527406, -20.72326583594641]}, {""fun"": 17727.114691945517, ""jac"": [-0.04329194806749694, -0.024374458007659233, -0.003637978788811745, 0.0], ""message"": ""CONVERGENCE: REL_REDUCTION_OF_F_<=_FACTR*EPSMCH"", ""method"": ""L-BFGS-B"", ""nfev"": 190, ""nit"": 33, ""status"": 0, ""success"": true, ""x"": [1.1710940792638078, 0.00888955994449974, -0.7200274779537533, -12.826859525789859]}], ""solver_path"": ""general_convolution"", ""uncertified_profiles"": 0}"
foul_leaves_5_team,team-quarter,2021-22,9840,optimization,FTA,1,FTM;PERS_FOUL_DRAWN,12,Geom,35571.06640478388,-17771.74188590687,"[1.1953060912676219, 0.06667003764956858]","{""p"": 0.7805378998885577}",3,True,optimizer_converged_lbfgsb,23,114,2,-17890.1086134938,118.36672758693021,0.20219330000691116,"{""binomial_discrete_residual_mean"": null, ""binomial_discrete_residual_variance"": null, ""binomial_h_extension_used"": null, ""binomial_n_candidates"": 0, ""binomial_n_max"": null, ""binomial_n_min"": null, ""binomial_n_policy"": null, ""binomial_n_tie_break"": null, ""certified_profiles"": 1, ""optimizer_powell_attempted"": false, ""optimizer_powell_success"": false, ""optimizer_primary_failed_starts"": 0, ""optimizer_primary_successful_starts"": 2, ""optimizer_results"": [{""fun"": 17771.74188590687, ""jac"": [-0.002182787297520854, -0.0018189894045032922, 0.0], ""message"": ""CONVERGENCE: REL_REDUCTION_OF_F_<=_FACTR*EPSMCH"", ""method"": ""L-BFGS-B"", ""nfev"": 52, ""nit"": 11, ""status"": 0, ""success"": true, ""x"": [1.1953060912676219, 0.06667003764956858, 1.268803744283433]}, {""fun"": 17771.741885908647, ""jac"": [0.0, 0.0, -0.001091393648760427], ""message"": ""CONVERGENCE: REL_REDUCTION_OF_F_<=_FACTR*EPSMCH"", ""method"": ""L-BFGS-B"", ""nfev"": 60, ""nit"": 12, ""status"": 0, ""success"": true, ""x"": [1.1953060527481907, 0.06666981725400187, 1.2688005350433467]}], ""solver_path"": ""general_convolution"", ""uncertified_profiles"": 0}"
foul_leaves_5_team,team-quarter,2021-22,9840,optimization,FTA,1,FTM;PERS_FOUL_DRAWN,12,Binomial,inf,-inf,[],"{""n"": 2}",3,False,infeasible_conditional_support,0,0,0,-inf,0.0,0.00029420002829283476,"{""binomial_discrete_residual_mean"": 0.5649504978362163, ""binomial_discrete_residual_variance"": -3.3988096055703965, ""binomial_h_extension_used"": true, ""binomial_n_candidates"": 1, ""binomial_n_max"": 2, ""binomial_n_min"": 2, ""binomial_n_policy"": ""paper_H_binomial_discrete_index_continuous_full_mle"", ""binomial_n_tie_break"": ""not_applicable_single_mom_index"", ""certified_profiles"": 0, ""solver_path"": ""conditional_support_check"", ""support_violating_rows"": 4, ""uncertified_profiles"": 0}"
foul_leaves_5_team,team-quarter,2021-22,9840,optimization,FTA,1,FTM;PERS_FOUL_DRAWN,12,Bernoulli,inf,-inf,[],{},3,False,infeasible_conditional_support,0,0,0,-inf,0.0,5.630002124235034e-05,"{""binomial_discrete_residual_mean"": null, ""binomial_discrete_residual_variance"": null, ""binomial_h_extension_used"": null, ""binomial_n_candidates"": 0, ""binomial_n_max"": null, ""binomial_n_min"": null, ""binomial_n_policy"": null, ""binomial_n_tie_break"": null, ""certified_profiles"": 0, ""solver_path"": ""conditional_support_check"", ""support_violating_rows"": 21, ""uncertified_profiles"": 0}"
foul_leaves_5_team,team-quarter,2021-22,9840,optimization,FTA,1,FOUL;FTM;PERS_FOUL_DRAWN,13,Poisson,34886.452961079,-17424.838058559406,"[0.2769958123987616, 0.9962634528436135, 0.0]","{""lam"": 0.0}",4,True,poisson_convex_mle,22,30,2,-18908.8514548596,1484.0133963001936,0.03926360001787543,"{""binomial_discrete_residual_mean"": null, ""binomial_discrete_residual_variance"": null, ""binomial_h_extension_used"": null, ""binomial_n_candidates"": 0, ""binomial_n_max"": null, ""binomial_n_min"": null, ""binomial_n_policy"": null, ""binomial_n_tie_break"": null, ""certified_profiles"": 1, ""optimizer_primary_failed_starts"": 0, ""optimizer_primary_successful_starts"": 2, ""optimizer_results"": [{""fun"": 17424.838058559406, ""jac"": [243.6508374109375, 0.006456638025923667, 0.004972852940866801, 1147.4992760163827], ""message"": ""CONVERGENCE: REL_REDUCTION_OF_F_<=_FACTR*EPSMCH"", ""method"": ""L-BFGS-B"", ""nfev"": 12, ""nit"": 10, ""status"": 0, ""success"": true, ""x"": [0.0, 0.2769958123987616, 0.9962634528436135, 0.0]}, {""fun"": 17424.838058561887, ""jac"": [243.65205147894397, 0.009073805551395253, 0.0011923156264970203, 1147.5013622798663], ""message"": ""CONVERGENCE: REL_REDUCTION_OF_F_<=_FACTR*EPSMCH"", ""method"": ""L-BFGS-B"", ""nfev"": 16, ""nit"": 12, ""status"": 0, ""success"": true, ""x"": [0.0, 0.2769964156515067, 0.9962627382220047, 0.0]}], ""poisson_canonical_agreement_abs"": 0.0, ""solver_path"": ""poisson_convex"", ""uncertified_profiles"": 0}"
foul_leaves_5_team,team-quarter,2021-22,9840,optimization,FTA,1,FOUL;FTM;PERS_FOUL_DRAWN,13,NB,34895.64991347893,-17424.839429264346,"[0.27695662261735643, 0.9963781998955529, 0.0]","{""p"": 0.9985789431249601, ""r"": 0.0036426777224918784}",5,True,optimizer_converged_lbfgsb,37,422,2,-19177.30426823193,1752.4648389675822,1.7023989000008442,"{""binomial_discrete_residual_mean"": null, ""binomial_discrete_residual_variance"": null, ""binomial_h_extension_used"": null, ""binomial_n_candidates"": 0, ""binomial_n_max"": null, ""binomial_n_min"": null, ""binomial_n_policy"": null, ""binomial_n_tie_break"": null, ""certified_profiles"": 1, ""optimizer_powell_attempted"": false, ""optimizer_powell_success"": false, ""optimizer_primary_failed_starts"": 0, ""optimizer_primary_successful_starts"": 2, ""optimizer_results"": [{""fun"": 17424.840467442416, ""jac"": [0.0010913936427019754, -0.000727595757762349, 1147.4923667265102, 0.001818989403556659, -0.004365574207300826], ""message"": ""CONVERGENCE: REL_REDUCTION_OF_F_<=_FACTR*EPSMCH"", ""method"": ""L-BFGS-B"", ""nfev"": 72, ""nit"": 9, ""status"": 0, ""success"": true, ""x"": [0.2769925808486493, 0.9962644358489844, 0.0, -0.005566651668972995, 11.518789079893896]}, {""fun"": 17424.839429264346, ""jac"": [2.0943844003450907, 2.509841566401223, 1148.186856880784, 0.0214640750922884, -0.001091393648760427], ""message"": ""CONVERGENCE: REL_REDUCTION_OF_F_<=_FACTR*EPSMCH"", ""method"": ""L-BFGS-B"", ""nfev"": 348, ""nit"": 28, ""status"": 0, ""success"": true, ""x"": [0.27695662261735643, 0.9963781998955529, 0.0, -5.61503622973531, 6.554932338475517]}], ""solver_path"": ""general_convolution"", ""uncertified_profiles"": 0}"
foul_leaves_5_team,team-quarter,2021-22,9840,optimization,FTA,1,FOUL;FTM;PERS_FOUL_DRAWN,13,ZIP,34895.64717211689,-17424.83805858333,"[0.2769957000948511, 0.996263360270325, 0.0]","{""lam"": 9.999999999999996e-11, ""rho"": 1.0000000000000007e-09}",5,True,optimizer_converged_lbfgsb,40,296,2,-19352.3033241864,1927.4652656030703,0.315120899991598,"{""binomial_discrete_residual_mean"": null, ""binomial_discrete_residual_variance"": null, ""binomial_h_extension_used"": null, ""binomial_n_candidates"": 0, ""binomial_n_max"": null, ""binomial_n_min"": null, ""binomial_n_policy"": null, ""binomial_n_tie_break"": null, ""certified_profiles"": 1, ""optimizer_powell_attempted"": false, ""optimizer_powell_success"": false, ""optimizer_primary_failed_starts"": 0, ""optimizer_primary_successful_starts"": 2, ""optimizer_results"": [{""fun"": 17424.83805858333, ""jac"": [-0.0010913936427019754, -0.001455191515524698, 1147.4960047053173, 0.0, 0.0], ""message"": ""CONVERGENCE: REL_REDUCTION_OF_F_<=_FACTR*EPSMCH"", ""method"": ""L-BFGS-B"", ""nfev"": 72, ""nit"": 9, ""status"": 0, ""success"": true, ""x"": [0.2769957000948511, 0.996263360270325, 0.0, -23.025850929940457, -20.72326583594641]}, {""fun"": 17424.838169480503, ""jac"": [-0.007639755498913828, -0.01200533000307876, 1147.4941857159138, 0.0, -0.0003637978829201424], ""message"": ""CONVERGENCE: REL_REDUCTION_OF_F_<=_FACTR*EPSMCH"", ""method"": ""L-BFGS-B"", ""nfev"": 222, ""nit"": 31, ""status"": 0, ""success"": true, ""x"": [0.27699590821409764, 0.9962627508735886, 0.0, -9.700865203270798, 4.894235240610841]}], ""solver_path"": ""general_convolution"", ""uncertified_profiles"": 0}"
foul_leaves_5_team,team-quarter,2021-22,9840,optimization,FTA,1,FOUL;FTM;PERS_FOUL_DRAWN,13,Geom,34886.45296156541,-17424.838058802612,"[0.2769956759770112, 0.9962633819778802, 0.0]","{""p"": 0.9999999989999999}",4,True,optimizer_converged_lbfgsb,44,292,2,-19096.26343072488,1671.4253719222688,34.071111600031145,"{""binomial_discrete_residual_mean"": null, ""binomial_discrete_residual_variance"": null, ""binomial_h_extension_used"": null, ""binomial_n_candidates"": 0, ""binomial_n_max"": null, ""binomial_n_min"": null, ""binomial_n_policy"": null, ""binomial_n_tie_break"": null, ""certified_profiles"": 1, ""optimizer_powell_attempted"": false, ""optimizer_powell_success"": false, ""optimizer_primary_failed_starts"": 0, ""optimizer_primary_successful_starts"": 2, ""optimizer_results"": [{""fun"": 17424.838058802612, ""jac"": [-0.0010913936427019754, -0.001455191515524698, 1147.496368503198, 0.0], ""message"": ""CONVERGENCE: REL_REDUCTION_OF_F_<=_FACTR*EPSMCH"", ""method"": ""L-BFGS-B"", ""nfev"": 60, ""nit"": 9, ""status"": 0, ""success"": true, ""x"": [0.2769956759770112, 0.9962633819778802, 0.0, 20.723265858076644]}, {""fun"": 17424.838163475808, ""jac"": [-0.012005330069721728, -0.013096723639722283, 1147.4923667265102, 0.0], ""message"": ""CONVERGENCE: REL_REDUCTION_OF_F_<=_FACTR*EPSMCH"", ""method"": ""L-BFGS-B"", ""nfev"": 230, ""nit"": 35, ""status"": 0, ""success"": true, ""x"": [0.27699562494906477, 0.9962629856399098, 0.0, 14.658099990460602]}], ""solver_path"": ""general_convolution"", ""uncertified_profiles"": 0}"
foul_leaves_5_team,team-quarter,2021-22,9840,optimization,FTA,1,FOUL;FTM;PERS_FOUL_DRAWN,13,Binomial,34886.45296205269,-17424.83805904625,"[0.27699568495856874, 0.996263380050125, 0.0]","{""n"": 2, ""p"": 1.0000000000000007e-09}",4,True,optimizer_converged_lbfgsb,42,257,2,-18837.655987837148,1412.817928790897,0.6855712999822572,"{""binomial_discrete_residual_mean"": -1.4444802771028131, ""binomial_discrete_residual_variance"": -7.311435825973756, ""binomial_h_extension_used"": true, ""binomial_n_candidates"": 1, ""binomial_n_max"": 2, ""binomial_n_min"": 2, ""binomial_n_policy"": ""paper_H_binomial_discrete_index_continuous_full_mle"", ""binomial_n_tie_break"": ""not_applicable_single_mom_index"", ""certified_profiles"": 1, ""optimizer_powell_attempted"": false, ""optimizer_powell_success"": false, ""optimizer_primary_failed_starts"": 0, ""optimizer_primary_successful_starts"": 2, ""optimizer_results"": [{""fun"": 17424.83805904625, ""jac"": [-0.0010913936427019754, -0.001455191515524698, 1147.4960047053173, 0.0], ""message"": ""CONVERGENCE: REL_REDUCTION_OF_F_<=_FACTR*EPSMCH"", ""method"": ""L-BFGS-B"", ""nfev"": 60, ""nit"": 9, ""status"": 0, ""success"": true, ""x"": [0.27699568495856874, 0.996263380050125, 0.0, -20.72326583594641]}, {""fun"": 17424.838150199754, ""jac"": [-0.004729372451708559, -0.0076397554565046655, 1147.4949133116752, 0.0], ""message"": ""CONVERGENCE: REL_REDUCTION_OF_F_<=_FACTR*EPSMCH"", ""method"": ""L-BFGS-B"", ""nfev"": 195, ""nit"": 33, ""status"": 0, ""success"": true, ""x"": [0.2769957889084911, 0.9962630163321808, 0.0, -15.48652326593595]}], ""solver_path"": ""general_convolution"", ""uncertified_profiles"": 0}"
foul_leaves_5_team,team-quarter,2021-22,9840,optimization,FTA,1,FOUL;FTM;PERS_FOUL_DRAWN,13,Bernoulli,34886.4529615654,-17424.83805880261,"[0.27699568944679714, 0.9962633721580827, 0.0]","{""p"": 1.0000000061517127e-09}",4,True,optimizer_converged_lbfgsb,43,282,2,-19622.99923192783,2198.1611731252233,0.5427708000061102,"{""binomial_discrete_residual_mean"": null, ""binomial_discrete_residual_variance"": null, ""binomial_h_extension_used"": null, ""binomial_n_candidates"": 0, ""binomial_n_max"": null, ""binomial_n_min"": null, ""binomial_n_policy"": null, ""binomial_n_tie_break"": null, ""certified_profiles"": 1, ""optimizer_powell_attempted"": false, ""optimizer_powell_success"": false, ""optimizer_primary_failed_starts"": 0, ""optimizer_primary_successful_starts"": 2, ""optimizer_results"": [{""fun"": 17424.83805880261, ""jac"": [-0.0010913936427019754, -0.001455191515524698, 1147.496368503198, 0.0], ""message"": ""CONVERGENCE: REL_REDUCTION_OF_F_<=_FACTR*EPSMCH"", ""method"": ""L-BFGS-B"", ""nfev"": 60, ""nit"": 9, ""status"": 0, ""success"": true, ""x"": [0.27699568944679714, 0.9962633721580827, 0.0, -20.7232658297947]}, {""fun"": 17424.83814714831, ""jac"": [0.017462298283231606, -0.014915713034128156, 1147.5087376311421, 0.00036379785060840214], ""message"": ""CONVERGENCE: REL_REDUCTION_OF_F_<=_FACTR*EPSMCH"", ""method"": ""L-BFGS-B"", ""nfev"": 220, ""nit"": 34, ""status"": 0, ""success"": true, ""x"": [0.2769986222011952, 0.9962599598031615, 0.0, -14.827830678984867]}], ""solver_path"": ""general_convolution"", ""uncertified_profiles"": 0}"
foul_leaves_5_team,team-quarter,2021-22,9840,optimization,FTA,1,LOOSE_BALL_FOUL_DRAWN,16,Poisson,55697.86862032484,-27839.740099172377,[0.6144040104715783],"{""lam"": 5.259609175190281}",2,True,poisson_convex_mle,8,15,2,-27839.84852780432,0.10842863194193342,0.019594800018239766,"{""binomial_discrete_residual_mean"": null, ""binomial_discrete_residual_variance"": null, ""binomial_h_extension_used"": null, ""binomial_n_candidates"": 0, ""binomial_n_max"": null, ""binomial_n_min"": null, ""binomial_n_policy"": null, ""binomial_n_tie_break"": null, ""certified_profiles"": 1, ""optimizer_primary_failed_starts"": 0, ""optimizer_primary_successful_starts"": 2, ""optimizer_results"": [{""fun"": 27839.740099172377, ""jac"": [3.905086054800666e-05, 6.27850866996571e-05], ""message"": ""CONVERGENCE: REL_REDUCTION_OF_F_<=_FACTR*EPSMCH"", ""method"": ""L-BFGS-B"", ""nfev"": 6, ""nit"": 4, ""status"": 0, ""success"": true, ""x"": [5.259609175190281, 0.6144040104715783]}, {""fun"": 27839.740099172384, ""jac"": [-3.065423554260427e-05, 1.1524742031809865e-06], ""message"": ""CONVERGENCE: REL_REDUCTION_OF_F_<=_FACTR*EPSMCH"", ""method"": ""L-BFGS-B"", ""nfev"": 7, ""nit"": 4, ""status"": 0, ""success"": true, ""x"": [5.259609160425251, 0.61440391386296]}], ""poisson_canonical_agreement_abs"": 0.0, ""solver_path"": ""poisson_convex"", ""uncertified_profiles"": 0}"
foul_leaves_5_team,team-quarter,2021-22,9840,optimization,FTA,1,LOOSE_BALL_FOUL_DRAWN,16,NB,51340.19349333545,-25656.305430182656,[0.45634864633948746],"{""p"": 0.410761635603775, ""r"": 3.6965476920622065}",3,True,optimizer_converged_lbfgsb,24,122,2,-25665.90769187986,9.602261697204085,0.484744299959857,"{""binomial_discrete_residual_mean"": null, ""binomial_discrete_residual_variance"": null, ""binomial_h_extension_used"": null, ""binomial_n_candidates"": 0, ""binomial_n_max"": null, ""binomial_n_min"": null, ""binomial_n_policy"": null, ""binomial_n_tie_break"": null, ""certified_profiles"": 1, ""optimizer_powell_attempted"": false, ""optimizer_powell_success"": false, ""optimizer_primary_failed_starts"": 0, ""optimizer_primary_successful_starts"": 2, ""optimizer_results"": [{""fun"": 25656.305430182656, ""jac"": [0.0, -0.0014551915316805696, 0.0], ""message"": ""CONVERGENCE: REL_REDUCTION_OF_F_<=_FACTR*EPSMCH"", ""method"": ""L-BFGS-B"", ""nfev"": 52, ""nit"": 10, ""status"": 0, ""success"": true, ""x"": [0.45634864633948746, 1.3073993278828788, -0.3608177109389189]}, {""fun"": 25656.305430188608, ""jac"": [0.0021827872854039507, 0.013096723785125126, -0.010550138546119095], ""message"": ""CONVERGENCE: REL_REDUCTION_OF_F_<=_FACTR*EPSMCH"", ""method"": ""L-BFGS-B"", ""nfev"": 68, ""nit"": 14, ""status"": 0, ""success"": true, ""x"": [0.4563542316968361, 1.3074012253322784, -0.3608160581560569]}], ""solver_path"": ""general_convolution"", ""uncertified_profiles"": 0}"
foul_leaves_5_team,team-quarter,2021-22,9840,optimization,FTA,1,LOOSE_BALL_FOUL_DRAWN,16,ZIP,53219.09357025217,-26595.755468641015,[0.8949272658471245],"{""lam"": 5.617522251190483, ""rho"": 0.07732967705690394}",3,True,optimizer_converged_lbfgsb,24,126,2,-27600.52262752942,1004.7671588884041,0.12201150000328198,"{""binomial_discrete_residual_mean"": null, ""binomial_discrete_residual_variance"": null, ""binomial_h_extension_used"": null, ""binomial_n_candidates"": 0, ""binomial_n_max"": null, ""binomial_n_min"": null, ""binomial_n_policy"": null, ""binomial_n_tie_break"": null, ""certified_profiles"": 1, ""optimizer_powell_attempted"": false, ""optimizer_powell_success"": false, ""optimizer_primary_failed_starts"": 0, ""optimizer_primary_successful_starts"": 2, ""optimizer_results"": [{""fun"": 26595.755468641015, ""jac"": [0.0, 0.0007275957658402848, -0.0003637978829201424], ""message"": ""CONVERGENCE: REL_REDUCTION_OF_F_<=_FACTR*EPSMCH"", ""method"": ""L-BFGS-B"", ""nfev"": 64, ""nit"": 12, ""status"": 0, ""success"": true, ""x"": [0.8949272658471245, 1.7258906861180974, -2.4791941883450375]}, {""fun"": 26595.755468646723, ""jac"": [0.001455191515524698, 0.0018189894146007119, -0.0018189894146007119], ""message"": ""CONVERGENCE: REL_REDUCTION_OF_F_<=_FACTR*EPSMCH"", ""method"": ""L-BFGS-B"", ""nfev"": 60, ""nit"": 12, ""status"": 0, ""success"": true, ""x"": [0.8949290284869683, 1.7258906139561923, -2.479197836057908]}], ""solver_path"": ""general_convolution"", ""uncertified_profiles"": 0}"
foul_leaves_5_team,team-quarter,2021-22,9840,optimization,FTA,1,LOOSE_BALL_FOUL_DRAWN,16,Geom,54146.43905130272,-27064.025314661314,[1.568786664240744],"{""p"": 0.16668375045150716}",2,True,optimizer_converged_lbfgsb,10,44,2,-27164.76445427507,100.73913961375729,0.035593300010077655,"{""binomial_discrete_residual_mean"": null, ""binomial_discrete_residual_variance"": null, ""binomial_h_extension_used"": null, ""binomial_n_candidates"": 0, ""binomial_n_max"": null, ""binomial_n_min"": null, ""binomial_n_policy"": null, ""binomial_n_tie_break"": null, ""certified_profiles"": 1, ""optimizer_powell_attempted"": false, ""optimizer_powell_success"": false, ""optimizer_primary_failed_starts"": 0, ""optimizer_primary_successful_starts"": 2, ""optimizer_results"": [{""fun"": 27064.025314661623, ""jac"": [-0.0007275957658402848, -0.0007275957658402848], ""message"": ""CONVERGENCE: REL_REDUCTION_OF_F_<=_FACTR*EPSMCH"", ""method"": ""L-BFGS-B"", ""nfev"": 21, ""nit"": 5, ""status"": 0, ""success"": true, ""x"": [1.5687838134082568, -1.6093150523753408]}, {""fun"": 27064.025314661314, ""jac"": [0.0, -0.001091393648760427], ""message"": ""CONVERGENCE: REL_REDUCTION_OF_F_<=_FACTR*EPSMCH"", ""method"": ""L-BFGS-B"", ""nfev"": 21, ""nit"": 5, ""status"": 0, ""success"": true, ""x"": [1.568786664240744, -1.6093149142261536]}], ""solver_path"": ""general_convolution"", ""uncertified_profiles"": 0}"
foul_leaves_5_team,team-quarter,2021-22,9840,optimization,FTA,1,LOOSE_BALL_FOUL_DRAWN,16,Binomial,56372.93399695724,-28177.272787488575,[0.6718405548583649],"{""n"": 100, ""p"": 0.05243948184782283}",2,True,optimizer_converged_lbfgsb,11,50,2,-28177.591087846715,0.3183003581398225,0.3021778999827802,"{""binomial_discrete_residual_mean"": 5.253705451709061, ""binomial_discrete_residual_variance"": 11.971860689929915, ""binomial_h_extension_used"": true, ""binomial_n_candidates"": 1, ""binomial_n_max"": 100, ""binomial_n_min"": 100, ""binomial_n_policy"": ""paper_H_binomial_discrete_index_continuous_full_mle"", ""binomial_n_tie_break"": ""not_applicable_single_mom_index"", ""certified_profiles"": 1, ""optimizer_powell_attempted"": false, ""optimizer_powell_success"": false, ""optimizer_primary_failed_starts"": 0, ""optimizer_primary_successful_starts"": 2, ""optimizer_results"": [{""fun"": 28177.272787488582, ""jac"": [-0.0003637978788811745, 0.0036379788292014237], ""message"": ""CONVERGENCE: REL_REDUCTION_OF_F_<=_FACTR*EPSMCH"", ""method"": ""L-BFGS-B"", ""nfev"": 24, ""nit"": 5, ""status"": 0, ""success"": true, ""x"": [0.6718392418128031, -2.894230901636752]}, {""fun"": 28177.272787488575, ""jac"": [0.0, -0.002182787297520854], ""message"": ""CONVERGENCE: REL_REDUCTION_OF_F_<=_FACTR*EPSMCH"", ""method"": ""L-BFGS-B"", ""nfev"": 24, ""nit"": 6, ""status"": 0, ""success"": true, ""x"": [0.6718405548583649, -2.89423102832861]}], ""solver_path"": ""general_convolution"", ""uncertified_profiles"": 0}"
foul_leaves_5_team,team-quarter,2021-22,9840,optimization,FTA,1,LOOSE_BALL_FOUL_DRAWN,16,Bernoulli,inf,-inf,[],{},2,False,infeasible_conditional_support,0,0,0,-inf,0.0,7.979996735230088e-05,"{""binomial_discrete_residual_mean"": null, ""binomial_discrete_residual_variance"": null, ""binomial_h_extension_used"": null, ""binomial_n_candidates"": 0, ""binomial_n_max"": null, ""binomial_n_min"": null, ""binomial_n_policy"": null, ""binomial_n_tie_break"": null, ""certified_profiles"": 0, ""solver_path"": ""conditional_support_check"", ""support_violating_rows"": 6693, ""uncertified_profiles"": 0}"
foul_leaves_5_team,team-quarter,2021-22,9840,optimization,FTA,1,FOUL;LOOSE_BALL_FOUL_DRAWN,17,Poisson,41233.46697258009,-20602.942169804977,"[1.2317039063392308, 0.0]","{""lam"": 0.030987994704153816}",3,True,poisson_convex_mle,26,56,2,-21136.172828257408,533.2306584524304,0.07607650000136346,"{""binomial_discrete_residual_mean"": null, ""binomial_discrete_residual_variance"": null, ""binomial_h_extension_used"": null, ""binomial_n_candidates"": 0, ""binomial_n_max"": null, ""binomial_n_min"": null, ""binomial_n_policy"": null, ""binomial_n_tie_break"": null, ""certified_profiles"": 1, ""optimizer_primary_failed_starts"": 0, ""optimizer_primary_successful_starts"": 2, ""optimizer_results"": [{""fun"": 20602.942169804977, ""jac"": [598.1743030555269, 849.5006127120214, 400.8906177927212], ""message"": ""CONVERGENCE: REL_REDUCTION_OF_F_<=_FACTR*EPSMCH"", ""method"": ""L-BFGS-B"", ""nfev"": 46, ""nit"": 23, ""status"": 0, ""success"": true, ""x"": [0.030987994704153816, 1.2317039063392308, 0.0]}, {""fun"": 20861.523644488007, ""jac"": [295.2630587002511, -1690.3251044061494, 252.39633963841862], ""message"": ""CONVERGENCE: REL_REDUCTION_OF_F_<=_FACTR*EPSMCH"", ""method"": ""L-BFGS-B"", ""nfev"": 8, ""nit"": 3, ""status"": 0, ""success"": true, ""x"": [0.44808058291170993, 1.0758111194084699, 0.0]}], ""poisson_canonical_agreement_abs"": 0.0, ""solver_path"": ""poisson_convex"", ""uncertified_profiles"": 0}"
foul_leaves_5_team,team-quarter,2021-22,9840,optimization,FTA,1,FOUL;LOOSE_BALL_FOUL_DRAWN,17,NB,41204.686979053244,-20583.95506754653,"[1.2134706139926459, 0.0]","{""p"": 0.9997941526949421, ""r"": 20.653898198620176}",4,True,optimizer_converged_lbfgsb,50,387,2,-21362.753959200494,778.7988916539653,1.5871398000163026,"{""binomial_discrete_residual_mean"": null, ""binomial_discrete_residual_variance"": null, ""binomial_h_extension_used"": null, ""binomial_n_candidates"": 0, ""binomial_n_max"": null, ""binomial_n_min"": null, ""binomial_n_policy"": null, ""binomial_n_tie_break"": null, ""certified_profiles"": 1, ""optimizer_powell_attempted"": false, ""optimizer_powell_success"": false, ""optimizer_primary_failed_starts"": 0, ""optimizer_primary_successful_starts"": 2, ""optimizer_results"": [{""fun"": 20583.95506754653, ""jac"": [0.0018189894146007119, 356.83915484696627, 0.0003637978829201424, 0.00036379785060840214], ""message"": ""CONVERGENCE: REL_REDUCTION_OF_F_<=_FACTR*EPSMCH"", ""method"": ""L-BFGS-B"", ""nfev"": 105, ""nit"": 19, ""status"": 0, ""success"": true, ""x"": [1.2134706139926459, 0.0, 3.027904076342913, 8.488170033115876]}, {""fun"": 20583.956078364383, ""jac"": [-2.769957080553964, 356.6929080989212, -0.02182787297520854, 0.02182787297520854], ""message"": ""CONVERGENCE: REL_REDUCTION_OF_F_<=_FACTR*EPSMCH"", ""method"": ""L-BFGS-B"", ""nfev"": 280, ""nit"": 31, ""status"": 0, ""success"": true, ""x"": [1.21340302513369, 0.0, 2.041373483931583, 7.5114574972224]}], ""solver_path"": ""general_convolution"", ""uncertified_profiles"": 0}"
foul_leaves_5_team,team-quarter,2021-22,9840,optimization,FTA,1,FOUL;LOOSE_BALL_FOUL_DRAWN,17,ZIP,41204.68600167482,-20583.954578857316,"[1.2134705668979222, 0.0]","{""lam"": 0.004253316671625602, ""rho"": 1.0000000161265284e-09}",4,True,optimizer_converged_lbfgsb,73,567,2,-21586.21142846038,1002.2568496030653,0.5994301000027917,"{""binomial_discrete_residual_mean"": null, ""binomial_discrete_residual_variance"": null, ""binomial_h_extension_used"": null, ""binomial_n_candidates"": 0, ""binomial_n_max"": null, ""binomial_n_min"": null, ""binomial_n_policy"": null, ""binomial_n_tie_break"": null, ""certified_profiles"": 1, ""optimizer_powell_attempted"": false, ""optimizer_powell_success"": false, ""optimizer_primary_failed_starts"": 0, ""optimizer_primary_successful_starts"": 2, ""optimizer_results"": [{""fun"": 20583.954578857316, ""jac"": [0.006184564009642421, 356.83915484696627, 0.0, 0.0], ""message"": ""CONVERGENCE: REL_REDUCTION_OF_F_<=_FACTR*EPSMCH"", ""method"": ""L-BFGS-B"", ""nfev"": 170, ""nit"": 23, ""status"": 0, ""success"": true, ""x"": [1.2134705668979222, 0.0, -5.4600562070706795, -20.723265819819883]}, {""fun"": 20583.954838213693, ""jac"": [0.17207639862122734, 356.8478859961033, 0.0, 0.0007275957658402848], ""message"": ""CONVERGENCE: REL_REDUCTION_OF_F_<=_FACTR*EPSMCH"", ""method"": ""L-BFGS-B"", ""nfev"": 395, ""nit"": 50, ""status"": 0, ""success"": true, ""x"": [1.2134756732427654, 0.0, -5.435349091207235, -3.66460208141532]}], ""solver_path"": ""general_convolution"", ""uncertified_profiles"": 0}"
foul_leaves_5_team,team-quarter,2021-22,9840,optimization,FTA,1,FOUL;LOOSE_BALL_FOUL_DRAWN,17,Geom,41195.51189801079,-20583.964632520325,"[1.2134749508529117, 0.0]","{""p"": 0.99578996735835}",3,True,optimizer_converged_lbfgsb,23,158,2,-21180.367251299296,596.4026187789714,17.430854899983387,"{""binomial_discrete_residual_mean"": null, ""binomial_discrete_residual_variance"": null, ""binomial_h_extension_used"": null, ""binomial_n_candidates"": 0, ""binomial_n_max"": null, ""binomial_n_min"": null, ""binomial_n_policy"": null, ""binomial_n_tie_break"": null, ""certified_profiles"": 1, ""optimizer_powell_attempted"": false, ""optimizer_powell_success"": false, ""optimizer_primary_failed_starts"": 0, ""optimizer_primary_successful_starts"": 2, ""optimizer_results"": [{""fun"": 20613.492882287916, ""jac"": [0.4154571822948026, 357.00868465937674, 0.0], ""message"": ""CONVERGENCE: REL_REDUCTION_OF_F_<=_FACTR*EPSMCH"", ""method"": ""L-BFGS-B"", ""nfev"": 68, ""nit"": 6, ""status"": 0, ""success"": true, ""x"": [1.2143881347972354, 0.0, 21.227310394303405]}, {""fun"": 20583.964632520325, ""jac"": [-0.04001776712121566, 356.8373358575627, 0.0032741809462812814], ""message"": ""CONVERGENCE: REL_REDUCTION_OF_F_<=_FACTR*EPSMCH"", ""method"": ""L-BFGS-B"", ""nfev"": 88, ""nit"": 17, ""status"": 0, ""success"": true, ""x"": [1.2134749508529117, 0.0, 5.466065958175566]}], ""solver_path"": ""general_convolution"", ""uncertified_profiles"": 0}"
foul_leaves_5_team,team-quarter,2021-22,9840,optimization,FTA,1,FOUL;LOOSE_BALL_FOUL_DRAWN,17,Binomial,41195.48167513427,-20583.949521082068,"[1.2134675808541757, 0.0]","{""n"": 2, ""p"": 0.002132929280427377}",3,True,optimizer_converged_lbfgsb,37,190,2,-21190.049204109848,606.09968302778,0.5052191000431776,"{""binomial_discrete_residual_mean"": -1.5716786896411943, ""binomial_discrete_residual_variance"": -3.7603718016309022, ""binomial_h_extension_used"": true, ""binomial_n_candidates"": 1, ""binomial_n_max"": 2, ""binomial_n_min"": 2, ""binomial_n_policy"": ""paper_H_binomial_discrete_index_continuous_full_mle"", ""binomial_n_tie_break"": ""not_applicable_single_mom_index"", ""certified_profiles"": 1, ""optimizer_powell_attempted"": false, ""optimizer_powell_success"": false, ""optimizer_primary_failed_starts"": 0, ""optimizer_primary_successful_starts"": 2, ""optimizer_results"": [{""fun"": 20583.94952108678, ""jac"": [0.0036379788292014237, 356.83842725120485, 0.0003637978829201424], ""message"": ""CONVERGENCE: REL_REDUCTION_OF_F_<=_FACTR*EPSMCH"", ""method"": ""L-BFGS-B"", ""nfev"": 108, ""nit"": 21, ""status"": 0, ""success"": true, ""x"": [1.2134676742110053, 0.0, -6.1481106108166985]}, {""fun"": 20583.949521082068, ""jac"": [-0.0007275957658402848, 356.83842725120485, 0.0003637978829201424], ""message"": ""CONVERGENCE: REL_REDUCTION_OF_F_<=_FACTR*EPSMCH"", ""method"": ""L-BFGS-B"", ""nfev"": 80, ""nit"": 16, ""status"": 0, ""success"": true, ""x"": [1.2134675808541757, 0.0, -6.148123787808919]}], ""solver_path"": ""general_convolution"", ""uncertified_profiles"": 0}"
foul_leaves_5_team,team-quarter,2021-22,9840,optimization,FTA,1,FOUL;LOOSE_BALL_FOUL_DRAWN,17,Bernoulli,41195.471517864586,-20583.944442447224,"[1.2134651154763925, 0.0]","{""p"": 0.004277402941331225}",3,True,optimizer_converged_lbfgsb,39,214,2,-21643.11481654277,1059.1703740955454,0.4112050000112504,"{""binomial_discrete_residual_mean"": null, ""binomial_discrete_residual_variance"": null, ""binomial_h_extension_used"": null, ""binomial_n_candidates"": 0, ""binomial_n_max"": null, ""binomial_n_min"": null, ""binomial_n_policy"": null, ""binomial_n_tie_break"": null, ""certified_profiles"": 1, ""optimizer_powell_attempted"": false, ""optimizer_powell_success"": false, ""optimizer_primary_failed_starts"": 0, ""optimizer_primary_successful_starts"": 2, ""optimizer_results"": [{""fun"": 20583.944442447224, ""jac"": [0.0036379788292014237, 356.83842725120485, -0.0003637978829201424], ""message"": ""CONVERGENCE: REL_REDUCTION_OF_F_<=_FACTR*EPSMCH"", ""method"": ""L-BFGS-B"", ""nfev"": 132, ""nit"": 22, ""status"": 0, ""success"": true, ""x"": [1.2134651154763925, 0.0, -5.45012266576825]}, {""fun"": 20583.944442449763, ""jac"": [0.008003553424243132, 356.83879104908556, 0.0], ""message"": ""CONVERGENCE: REL_REDUCTION_OF_F_<=_FACTR*EPSMCH"", ""method"": ""L-BFGS-B"", ""nfev"": 80, ""nit"": 17, ""status"": 0, ""success"": true, ""x"": [1.2134651259351874, 0.0, -5.4499920530153645]}], ""solver_path"": ""general_convolution"", ""uncertified_profiles"": 0}"
foul_leaves_5_team,team-quarter,2021-22,9840,optimization,FTA,1,FTM;LOOSE_BALL_FOUL_DRAWN,20,Poisson,35477.268961476715,-17724.84316425329,"[1.1706898280501303, 0.07826563392423024]","{""lam"": 0.48306713360080716}",3,True,poisson_convex_mle,22,30,2,-17750.695369509143,25.852205255854642,0.03682550002122298,"{""binomial_discrete_residual_mean"": null, ""binomial_discrete_residual_variance"": null, ""binomial_h_extension_used"": null, ""binomial_n_candidates"": 0, ""binomial_n_max"": null, ""binomial_n_min"": null, ""binomial_n_policy"": null, ""binomial_n_tie_break"": null, ""certified_profiles"": 1, ""optimizer_primary_failed_starts"": 0, ""optimizer_primary_successful_starts"": 2, ""optimizer_results"": [{""fun"": 17724.84316425329, ""jac"": [-2.3841606854091424e-05, 0.00028549298004065804, -0.0002175378014896978], ""message"": ""CONVERGENCE: REL_REDUCTION_OF_F_<=_FACTR*EPSMCH"", ""method"": ""L-BFGS-B"", ""nfev"": 12, ""nit"": 9, ""status"": 0, ""success"": true, ""x"": [0.48306713360080716, 1.1706898280501303, 0.07826563392423024]}, {""fun"": 17724.84316425441, ""jac"": [0.0017311971155535844, 0.007505703323403168, -0.00020259492442420424], ""message"": ""CONVERGENCE: REL_REDUCTION_OF_F_<=_FACTR*EPSMCH"", ""method"": ""L-BFGS-B"", ""nfev"": 16, ""nit"": 13, ""status"": 0, ""success"": true, ""x"": [0.48306734606977225, 1.1706900399260818, 0.07826505401892371]}], ""poisson_canonical_agreement_abs"": 0.0, ""solver_path"": ""poisson_convex"", ""uncertified_profiles"": 0}"
foul_leaves_5_team,team-quarter,2021-22,9840,optimization,FTA,1,FTM;LOOSE_BALL_FOUL_DRAWN,20,NB,35486.46538755383,-17724.84427179682,"[1.1706910906550767, 0.07826418383455654]","{""p"": 0.9999912654452551, ""r"": 55304.276773838}",4,True,optimizer_converged_lbfgsb,45,282,2,-17750.697743535773,25.853471738952067,1.1358849999960512,"{""binomial_discrete_residual_mean"": null, ""binomial_discrete_residual_variance"": null, ""binomial_h_extension_used"": null, ""binomial_n_candidates"": 0, ""binomial_n_max"": null, ""binomial_n_min"": null, ""binomial_n_policy"": null, ""binomial_n_tie_break"": null, ""certified_profiles"": 1, ""optimizer_powell_attempted"": false, ""optimizer_powell_success"": false, ""optimizer_primary_failed_starts"": 0, ""optimizer_primary_successful_starts"": 2, ""optimizer_results"": [{""fun"": 17724.84427179682, ""jac"": [0.0032741809462812814, -0.002546585166304609, -0.0007275957012168043, -0.002910382804867217], ""message"": ""CONVERGENCE: REL_REDUCTION_OF_F_<=_FACTR*EPSMCH"", ""method"": ""L-BFGS-B"", ""nfev"": 55, ""nit"": 9, ""status"": 0, ""success"": true, ""x"": [1.1706910906550767, 0.07826418383455654, 10.920605522202445, 11.648214854766094]}, {""fun"": 17724.8458115436, ""jac"": [1.0433723282149683, -0.22882886708651415, 0.1324224176214584, -0.14188116173727686], ""message"": ""CONVERGENCE: REL_REDUCTION_OF_F_<=_FACTR*EPSMCH"", ""method"": ""L-BFGS-B"", ""nfev"": 225, ""nit"": 36, ""status"": 0, ""success"": true, ""x"": [1.1707250776828637, 0.07787761352655814, 10.078831287079373, 10.806235872375229]}], ""solver_path"": ""general_convolution"", ""uncertified_profiles"": 0}"
foul_leaves_5_team,team-quarter,2021-22,9840,optimization,FTA,1,FTM;LOOSE_BALL_FOUL_DRAWN,20,ZIP,35486.46317261385,-17724.84316432683,"[1.1706899012196919, 0.07826580943666021]","{""lam"": 0.48306682648312554, ""rho"": 1.000000677851214e-09}",4,True,optimizer_converged_lbfgsb,43,307,2,-17750.695369518922,25.852205192091787,0.3108039999497123,"{""binomial_discrete_residual_mean"": null, ""binomial_discrete_residual_variance"": null, ""binomial_h_extension_used"": null, ""binomial_n_candidates"": 0, ""binomial_n_max"": null, ""binomial_n_min"": null, ""binomial_n_policy"": null, ""binomial_n_tie_break"": null, ""certified_profiles"": 1, ""optimizer_powell_attempted"": false, ""optimizer_powell_success"": false, ""optimizer_primary_failed_starts"": 0, ""optimizer_primary_successful_starts"": 2, ""optimizer_results"": [{""fun"": 17724.84316432683, ""jac"": [0.001091393648760427, 0.0, -0.0003637978788811745, 0.0], ""message"": ""CONVERGENCE: REL_REDUCTION_OF_F_<=_FACTR*EPSMCH"", ""method"": ""L-BFGS-B"", ""nfev"": 55, ""nit"": 8, ""status"": 0, ""success"": true, ""x"": [1.1706899012196919, 0.07826580943666021, -0.7276002777921059, -20.723265158095426]}, {""fun"": 17724.843277729095, ""jac"": [0.004729372477961851, 0.007639755498913828, 0.012369127881959934, 0.0], ""message"": ""CONVERGENCE: REL_REDUCTION_OF_F_<=_FACTR*EPSMCH"", ""method"": ""L-BFGS-B"", ""nfev"": 250, ""nit"": 35, ""status"": 0, ""success"": true, ""x"": [1.1706873264375943, 0.07826961723436084, -0.7275747890006218, -13.382110857777649]}], ""solver_path"": ""general_convolution"", ""uncertified_profiles"": 0}"
foul_leaves_5_team,team-quarter,2021-22,9840,optimization,FTA,1,FTM;LOOSE_BALL_FOUL_DRAWN,20,Geom,35584.49366234169,-17778.455514685775,"[1.2058993614355065, 0.13648723931262402]","{""p"": 0.7580722786593308}",3,True,optimizer_converged_lbfgsb,21,110,2,-17915.380387375204,136.92487268942932,0.18845020001754165,"{""binomial_discrete_residual_mean"": null, ""binomial_discrete_residual_variance"": null, ""binomial_h_extension_used"": null, ""binomial_n_candidates"": 0, ""binomial_n_max"": null, ""binomial_n_min"": null, ""binomial_n_policy"": null, ""binomial_n_tie_break"": null, ""certified_profiles"": 1, ""optimizer_powell_attempted"": false, ""optimizer_powell_success"": false, ""optimizer_primary_failed_starts"": 0, ""optimizer_primary_successful_starts"": 2, ""optimizer_results"": [{""fun"": 17778.455514785877, ""jac"": [0.05566107608678178, 0.010186340665218436, -0.009458744955923701], ""message"": ""CONVERGENCE: REL_REDUCTION_OF_F_<=_FACTR*EPSMCH"", ""method"": ""L-BFGS-B"", ""nfev"": 48, ""nit"": 9, ""status"": 0, ""success"": true, ""x"": [1.2058994600654243, 0.13649395659343164, 1.1421166079198704]}, {""fun"": 17778.455514685775, ""jac"": [-0.007275957658402847, -0.0010913936427019754, 0.004729372477961851], ""message"": ""CONVERGENCE: REL_REDUCTION_OF_F_<=_FACTR*EPSMCH"", ""method"": ""L-BFGS-B"", ""nfev"": 60, ""nit"": 12, ""status"": 0, ""success"": true, ""x"": [1.2058993614355065, 0.13648723931262402, 1.1421397261289787]}], ""solver_path"": ""general_convolution"", ""uncertified_profiles"": 0}"
foul_leaves_5_team,team-quarter,2021-22,9840,optimization,FTA,1,FTM;LOOSE_BALL_FOUL_DRAWN,20,Binomial,inf,-inf,[],"{""n"": 2}",3,False,infeasible_conditional_support,0,0,0,-inf,0.0,0.00023259996669366956,"{""binomial_discrete_residual_mean"": 0.6331956664108134, ""binomial_discrete_residual_variance"": -3.3273278815139156, ""binomial_h_extension_used"": true, ""binomial_n_candidates"": 1, ""binomial_n_max"": 2, ""binomial_n_min"": 2, ""binomial_n_policy"": ""paper_H_binomial_discrete_index_continuous_full_mle"", ""binomial_n_tie_break"": ""not_applicable_single_mom_index"", ""certified_profiles"": 0, ""solver_path"": ""conditional_support_check"", ""support_violating_rows"": 14, ""uncertified_profiles"": 0}"
foul_leaves_5_team,team-quarter,2021-22,9840,optimization,FTA,1,FTM;LOOSE_BALL_FOUL_DRAWN,20,Bernoulli,inf,-inf,[],{},3,False,infeasible_conditional_support,0,0,0,-inf,0.0,3.8700003642588854e-05,"{""binomial_discrete_residual_mean"": null, ""binomial_discrete_residual_variance"": null, ""binomial_h_extension_used"": null, ""binomial_n_candidates"": 0, ""binomial_n_max"": null, ""binomial_n_min"": null, ""binomial_n_policy"": null, ""binomial_n_tie_break"": null, ""certified_profiles"": 0, ""solver_path"": ""conditional_support_check"", ""support_violating_rows"": 72, ""uncertified_profiles"": 0}"
foul_leaves_5_team,team-quarter,2021-22,9840,optimization,FTA,1,FOUL;FTM;LOOSE_BALL_FOUL_DRAWN,21,Poisson,34886.452961078016,-17424.838058558915,"[0.2769956683941022, 0.9962634441097974, 0.0]","{""lam"": 0.0}",4,True,poisson_convex_mle,22,30,2,-17781.75049783976,356.9124392808444,0.035343200026545674,"{""binomial_discrete_residual_mean"": null, ""binomial_discrete_residual_variance"": null, ""binomial_h_extension_used"": null, ""binomial_n_candidates"": 0, ""binomial_n_max"": null, ""binomial_n_min"": null, ""binomial_n_policy"": null, ""binomial_n_tie_break"": null, ""certified_profiles"": 1, ""optimizer_primary_failed_starts"": 0, ""optimizer_primary_successful_starts"": 2, ""optimizer_results"": [{""fun"": 17424.838058558915, ""jac"": [243.649323727382, 4.0502235094663774e-05, 3.7815696728671355e-05, 137.47430510562526], ""message"": ""CONVERGENCE: REL_REDUCTION_OF_F_<=_FACTR*EPSMCH"", ""method"": ""L-BFGS-B"", ""nfev"": 11, ""nit"": 8, ""status"": 0, ""success"": true, ""x"": [0.0, 0.2769956683941022, 0.9962634441097974, 0.0]}, {""fun"": 17424.838058559064, ""jac"": [243.650166038468, 0.0033544222490604625, 0.0019992996694355725, 137.47453051277748], ""message"": ""CONVERGENCE: REL_REDUCTION_OF_F_<=_FACTR*EPSMCH"", ""method"": ""L-BFGS-B"", ""nfev"": 17, ""nit"": 14, ""status"": 0, ""success"": true, ""x"": [0.0, 0.2769957979842825, 0.9962633757988512, 0.0]}], ""poisson_canonical_agreement_abs"": 0.0, ""solver_path"": ""poisson_convex"", ""uncertified_profiles"": 0}"
foul_leaves_5_team,team-quarter,2021-22,9840,optimization,FTA,1,FOUL;FTM;LOOSE_BALL_FOUL_DRAWN,21,NB,34895.6520443559,-17424.840494702832,"[0.27699242895657494, 0.9962645387736432, 0.0]","{""p"": 0.9999900009488565, ""r"": 0.9999074058768782}",5,True,optimizer_converged_lbfgsb,32,302,2,-17781.763973780344,356.92347907751173,1.2215453999815509,"{""binomial_discrete_residual_mean"": null, ""binomial_discrete_residual_variance"": null, ""binomial_h_extension_used"": null, ""binomial_n_candidates"": 0, ""binomial_n_max"": null, ""binomial_n_min"": null, ""binomial_n_policy"": null, ""binomial_n_tie_break"": null, ""certified_profiles"": 1, ""optimizer_powell_attempted"": false, ""optimizer_powell_success"": false, ""optimizer_primary_failed_starts"": 0, ""optimizer_primary_successful_starts"": 2, ""optimizer_results"": [{""fun"": 17424.840494702832, ""jac"": [-0.0010913936427019754, -0.0003637978788811745, 137.47339835390449, 0.0014551915228374387, -0.0007275957012168043], ""message"": ""CONVERGENCE: REL_REDUCTION_OF_F_<=_FACTR*EPSMCH"", ""method"": ""L-BFGS-B"", ""nfev"": 66, ""nit"": 8, ""status"": 0, ""success"": true, ""x"": [0.27699242895657494, 0.9962645387736432, 0.0, -9.259841022220737e-05, 11.513010356023365]}, {""fun"": 17424.840495308323, ""jac"": [0.7723429011520979, 0.21354935490324944, 137.5337888021022, 0.011277734370524413, -0.0007275957658402848], ""message"": ""CONVERGENCE: REL_REDUCTION_OF_F_<=_FACTR*EPSMCH"", ""method"": ""L-BFGS-B"", ""nfev"": 234, ""nit"": 24, ""status"": 0, ""success"": true, ""x"": [0.2770455817240005, 0.9962183949675619, 0.0, -4.500986171843854, 7.019992240616738]}], ""solver_path"": ""general_convolution"", ""uncertified_profiles"": 0}"
foul_leaves_5_team,team-quarter,2021-22,9840,optimization,FTA,1,FOUL;FTM;LOOSE_BALL_FOUL_DRAWN,21,ZIP,34895.64717211681,-17424.83805858329,"[0.27699562870432337, 0.9962634831320442, 0.0]","{""lam"": 9.999999999999996e-11, ""rho"": 1.0000000000000007e-09}",5,True,optimizer_converged_lbfgsb,48,374,2,-17781.750497974517,356.91243939122796,0.3890079999691807,"{""binomial_discrete_residual_mean"": null, ""binomial_discrete_residual_variance"": null, ""binomial_h_extension_used"": null, ""binomial_n_candidates"": 0, ""binomial_n_max"": null, ""binomial_n_min"": null, ""binomial_n_policy"": null, ""binomial_n_tie_break"": null, ""certified_profiles"": 1, ""optimizer_powell_attempted"": false, ""optimizer_powell_success"": false, ""optimizer_primary_failed_starts"": 0, ""optimizer_primary_successful_starts"": 2, ""optimizer_results"": [{""fun"": 17424.83805858329, ""jac"": [0.0, 0.0003637978788811745, 137.4744897475466, 0.0, 0.0], ""message"": ""CONVERGENCE: REL_REDUCTION_OF_F_<=_FACTR*EPSMCH"", ""method"": ""L-BFGS-B"", ""nfev"": 66, ""nit"": 8, ""status"": 0, ""success"": true, ""x"": [0.27699562870432337, 0.9962634831320442, 0.0, -23.025850929940457, -20.72326583594641]}, {""fun"": 17424.838180967974, ""jac"": [0.678483047879728, -0.32050593129431476, 137.5414285575971, 0.0, 0.0003637978829201424], ""message"": ""CONVERGENCE: REL_REDUCTION_OF_F_<=_FACTR*EPSMCH"", ""method"": ""L-BFGS-B"", ""nfev"": 306, ""nit"": 40, ""status"": 0, ""success"": true, ""x"": [0.2770899730642709, 0.9961599682568344, 0.0, -13.280933309010425, 1.533573941205355]}], ""solver_path"": ""general_convolution"", ""uncertified_profiles"": 0}"
foul_leaves_5_team,team-quarter,2021-22,9840,optimization,FTA,1,FOUL;FTM;LOOSE_BALL_FOUL_DRAWN,21,Geom,34886.45296156533,-17424.838058802572,"[0.27699563212255823, 0.9962634761017509, 0.0]","{""p"": 0.9999999989999999}",4,True,optimizer_converged_lbfgsb,39,242,2,-17781.75049918734,356.91244038476725,26.660128100018483,"{""binomial_discrete_residual_mean"": null, ""binomial_discrete_residual_variance"": null, ""binomial_h_extension_used"": null, ""binomial_n_candidates"": 0, ""binomial_n_max"": null, ""binomial_n_min"": null, ""binomial_n_policy"": null, ""binomial_n_tie_break"": null, ""certified_profiles"": 1, ""optimizer_powell_attempted"": false, ""optimizer_powell_success"": false, ""optimizer_primary_failed_starts"": 0, ""optimizer_primary_successful_starts"": 2, ""optimizer_results"": [{""fun"": 17424.838058802572, ""jac"": [0.0, 0.0, 137.4741259496659, 0.0], ""message"": ""CONVERGENCE: NORM_OF_PROJECTED_GRADIENT_<=_PGTOL"", ""method"": ""L-BFGS-B"", ""nfev"": 55, ""nit"": 8, ""status"": 0, ""success"": true, ""x"": [0.27699563212255823, 0.9962634761017509, 0.0, 20.723265842358774]}, {""fun"": 17424.838125347906, ""jac"": [0.10077201300948238, -0.02983142606825631, 137.48322089668363, -0.00036379785060840214], ""message"": ""CONVERGENCE: REL_REDUCTION_OF_F_<=_FACTR*EPSMCH"", ""method"": ""L-BFGS-B"", ""nfev"": 185, ""nit"": 31, ""status"": 0, ""success"": true, ""x"": [0.2770078872825694, 0.9962503538977403, 0.0, 15.1219437569829]}], ""solver_path"": ""general_convolution"", ""uncertified_profiles"": 0}"
foul_leaves_5_team,team-quarter,2021-22,9840,optimization,FTA,1,FOUL;FTM;LOOSE_BALL_FOUL_DRAWN,21,Binomial,34886.45296205262,-17424.83805904622,"[0.2769956521297087, 0.9962634564194517, 0.0]","{""n"": 2, ""p"": 1.0000000000000007e-09}",4,True,optimizer_converged_lbfgsb,50,342,2,-17781.750500534923,356.91244148870464,0.874647399992682,"{""binomial_discrete_residual_mean"": -0.4948258678702224, ""binomial_discrete_residual_variance"": -4.857537300315516, ""binomial_h_extension_used"": true, ""binomial_n_candidates"": 1, ""binomial_n_max"": 2, ""binomial_n_min"": 2, ""binomial_n_policy"": ""paper_H_binomial_discrete_index_continuous_full_mle"", ""binomial_n_tie_break"": ""not_applicable_single_mom_index"", ""certified_profiles"": 1, ""optimizer_powell_attempted"": false, ""optimizer_powell_success"": false, ""optimizer_primary_failed_starts"": 0, ""optimizer_primary_successful_starts"": 2, ""optimizer_results"": [{""fun"": 17424.83805904622, ""jac"": [0.0, 0.0, 137.4741259496659, 0.0], ""message"": ""CONVERGENCE: NORM_OF_PROJECTED_GRADIENT_<=_PGTOL"", ""method"": ""L-BFGS-B"", ""nfev"": 55, ""nit"": 8, ""status"": 0, ""success"": true, ""x"": [0.2769956521297087, 0.9962634564194517, 0.0, -20.72326583594641]}, {""fun"": 17424.838242947437, ""jac"": [0.0014551915236026337, 0.002910383031049396, 137.4744897475466, 0.00036379785060840214], ""message"": ""CONVERGENCE: REL_REDUCTION_OF_F_<=_FACTR*EPSMCH"", ""method"": ""L-BFGS-B"", ""nfev"": 285, ""nit"": 42, ""status"": 0, ""success"": true, ""x"": [0.2769953147253673, 0.9962637150997655, 0.0, -14.787343571210737]}], ""solver_path"": ""general_convolution"", ""uncertified_profiles"": 0}"
foul_leaves_5_team,team-quarter,2021-22,9840,optimization,FTA,1,FOUL;FTM;LOOSE_BALL_FOUL_DRAWN,21,Bernoulli,34886.45296156533,-17424.838058802572,"[0.2769956308309725, 0.9962634818452294, 0.0]","{""p"": 1.0000000000000007e-09}",4,True,optimizer_converged_lbfgsb,49,292,2,-17781.75049918734,356.91244038476725,0.5317991999909282,"{""binomial_discrete_residual_mean"": null, ""binomial_discrete_residual_variance"": null, ""binomial_h_extension_used"": null, ""binomial_n_candidates"": 0, ""binomial_n_max"": null, ""binomial_n_min"": null, ""binomial_n_policy"": null, ""binomial_n_tie_break"": null, ""certified_profiles"": 1, ""optimizer_powell_attempted"": false, ""optimizer_powell_success"": false, ""optimizer_primary_failed_starts"": 0, ""optimizer_primary_successful_starts"": 2, ""optimizer_results"": [{""fun"": 17424.838058802572, ""jac"": [0.0, 0.0003637978788811745, 137.4744897475466, 0.0], ""message"": ""CONVERGENCE: REL_REDUCTION_OF_F_<=_FACTR*EPSMCH"", ""method"": ""L-BFGS-B"", ""nfev"": 55, ""nit"": 8, ""status"": 0, ""success"": true, ""x"": [0.2769956308309725, 0.9962634818452294, 0.0, -20.72326583594641]}, {""fun"": 17424.838111452114, ""jac"": [0.0003637978809006584, -0.0003637978788811745, 137.4741259496659, 0.0], ""message"": ""CONVERGENCE: REL_REDUCTION_OF_F_<=_FACTR*EPSMCH"", ""method"": ""L-BFGS-B"", ""nfev"": 235, ""nit"": 41, ""status"": 0, ""success"": true, ""x"": [0.27699564053563736, 0.9962634133730726, 0.0, -15.342965637003264]}], ""solver_path"": ""general_convolution"", ""uncertified_profiles"": 0}"
foul_leaves_5_team,team-quarter,2021-22,9840,optimization,FTA,1,PERS_FOUL_DRAWN;LOOSE_BALL_FOUL_DRAWN,24,Poisson,54653.28648846675,-27312.851927748306,"[0.5381172085018197, 0.6255086631660982]","{""lam"": 4.29021250418938}",3,True,poisson_convex_mle,14,21,2,-27321.527828233047,8.67590048474085,0.037384700030088425,"{""binomial_discrete_residual_mean"": null, ""binomial_discrete_residual_variance"": null, ""binomial_h_extension_used"": null, ""binomial_n_candidates"": 0, ""binomial_n_max"": null, ""binomial_n_min"": null, ""binomial_n_policy"": null, ""binomial_n_tie_break"": null, ""certified_profiles"": 1, ""optimizer_primary_failed_starts"": 0, ""optimizer_primary_successful_starts"": 2, ""optimizer_results"": [{""fun"": 27312.851927748306, ""jac"": [-3.9539382044040394e-06, -1.131162503043015e-05, -1.6242448950265498e-06], ""message"": ""CONVERGENCE: REL_REDUCTION_OF_F_<=_FACTR*EPSMCH"", ""method"": ""L-BFGS-B"", ""nfev"": 9, ""nit"": 7, ""status"": 0, ""success"": true, ""x"": [4.29021250418938, 0.5381172085018197, 0.6255086631660982]}, {""fun"": 27312.85192780179, ""jac"": [-0.0030246873836858867, -0.017321270139859735, 0.004406217244945054], ""message"": ""CONVERGENCE: REL_REDUCTION_OF_F_<=_FACTR*EPSMCH"", ""method"": ""L-BFGS-B"", ""nfev"": 10, ""nit"": 7, ""status"": 0, ""success"": true, ""x"": [4.290214053115695, 0.5381135679305435, 0.6255196858925766]}], ""poisson_canonical_agreement_abs"": 0.0, ""solver_path"": ""poisson_convex"", ""uncertified_profiles"": 0}"
foul_leaves_5_team,team-quarter,2021-22,9840,optimization,FTA,1,PERS_FOUL_DRAWN;LOOSE_BALL_FOUL_DRAWN,24,NB,51121.0863102794,-25542.15473315961,"[0.3799756355719017, 0.47399389913969125]","{""p"": 0.404666076298965, ""r"": 3.1373061815509984}",4,True,optimizer_converged_lbfgsb,20,132,2,-25543.586404014823,1.431670855214179,0.5501243000035174,"{""binomial_discrete_residual_mean"": null, ""binomial_discrete_residual_variance"": null, ""binomial_h_extension_used"": null, ""binomial_n_candidates"": 0, ""binomial_n_max"": null, ""binomial_n_min"": null, ""binomial_n_policy"": null, ""binomial_n_tie_break"": null, ""certified_profiles"": 1, ""optimizer_powell_attempted"": false, ""optimizer_powell_success"": false, ""optimizer_primary_failed_starts"": 0, ""optimizer_primary_successful_starts"": 2, ""optimizer_results"": [{""fun"": 25542.15473315961, ""jac"": [0.0007275957618013168, 0.0, -0.0003637978829201424, -0.0007275957618013168], ""message"": ""CONVERGENCE: REL_REDUCTION_OF_F_<=_FACTR*EPSMCH"", ""method"": ""L-BFGS-B"", ""nfev"": 65, ""nit"": 10, ""status"": 0, ""success"": true, ""x"": [0.3799756355719017, 0.47399389913969125, 1.1433645277452977, -0.38606024037541536]}, {""fun"": 25542.154733166903, ""jac"": [0.005456968213509877, 0.0007275957618013168, 0.0025465851804409964, -0.0029103830472052674], ""message"": ""CONVERGENCE: REL_REDUCTION_OF_F_<=_FACTR*EPSMCH"", ""method"": ""L-BFGS-B"", ""nfev"": 65, ""nit"": 10, ""status"": 0, ""success"": true, ""x"": [0.379977875797125, 0.4739940589109323, 1.1433631198964753, -0.3860609543999931]}], ""solver_path"": ""general_convolution"", ""uncertified_profiles"": 0}"
foul_leaves_5_team,team-quarter,2021-22,9840,optimization,FTA,1,PERS_FOUL_DRAWN;LOOSE_BALL_FOUL_DRAWN,24,ZIP,51580.90145091663,-25772.062303478222,"[0.7009825639262306, 0.7922267023666771]","{""lam"": 4.939012457080589, ""rho"": 0.19978433760815328}",4,True,optimizer_converged_lbfgsb,27,162,2,-25997.676421613778,225.61411813555605,0.1641731999698095,"{""binomial_discrete_residual_mean"": null, ""binomial_discrete_residual_variance"": null, ""binomial_h_extension_used"": null, ""binomial_n_candidates"": 0, ""binomial_n_max"": null, ""binomial_n_min"": null, ""binomial_n_policy"": null, ""binomial_n_tie_break"": null, ""certified_profiles"": 1, ""optimizer_powell_attempted"": false, ""optimizer_powell_success"": false, ""optimizer_primary_failed_starts"": 0, ""optimizer_primary_successful_starts"": 2, ""optimizer_results"": [{""fun"": 25772.06230470539, ""jac"": [-0.10404619336001592, -0.008003553335385839, -0.008367351307163274, 0.026921043336090536], ""message"": ""CONVERGENCE: REL_REDUCTION_OF_F_<=_FACTR*EPSMCH"", ""method"": ""L-BFGS-B"", ""nfev"": 75, ""nit"": 12, ""status"": 0, ""success"": true, ""x"": [0.7009578271431174, 0.7922241511018345, 1.5971707497175567, -1.3876453299986742]}, {""fun"": 25772.062303478222, ""jac"": [0.0, -0.0003637978788811745, 0.001091393648760427, 0.0014551915316805696], ""message"": ""CONVERGENCE: REL_REDUCTION_OF_F_<=_FACTR*EPSMCH"", ""method"": ""L-BFGS-B"", ""nfev"": 85, ""nit"": 15, ""status"": 0, ""success"": true, ""x"": [0.7009825639262306, 0.7922267023666771, 1.597165403742104, -1.3876427965359324]}], ""solver_path"": ""general_convolution"", ""uncertified_profiles"": 0}"
foul_leaves_5_team,team-quarter,2021-22,9840,optimization,FTA,1,PERS_FOUL_DRAWN;LOOSE_BALL_FOUL_DRAWN,24,Geom,52320.21072203567,-26146.314044532766,"[0.8741514972287883, 0.9654873201806402]","{""p"": 0.2176728078753752}",3,True,optimizer_converged_lbfgsb,19,94,2,-26273.776923780828,127.46287924806165,0.18015179998474196,"{""binomial_discrete_residual_mean"": null, ""binomial_discrete_residual_variance"": null, ""binomial_h_extension_used"": null, ""binomial_n_candidates"": 0, ""binomial_n_max"": null, ""binomial_n_min"": null, ""binomial_n_policy"": null, ""binomial_n_tie_break"": null, ""certified_profiles"": 1, ""optimizer_powell_attempted"": false, ""optimizer_powell_success"": false, ""optimizer_primary_failed_starts"": 0, ""optimizer_primary_successful_starts"": 2, ""optimizer_results"": [{""fun"": 26146.314044532766, ""jac"": [-0.0003637978788811745, -0.0003637978788811745, 0.0007275957658402848], ""message"": ""CONVERGENCE: REL_REDUCTION_OF_F_<=_FACTR*EPSMCH"", ""method"": ""L-BFGS-B"", ""nfev"": 48, ""nit"": 10, ""status"": 0, ""success"": true, ""x"": [0.8741514972287883, 0.9654873201806402, -1.279280003257229]}, {""fun"": 26146.31404453305, ""jac"": [0.001455191515524698, 0.000727595757762349, 0.0014551915316805696], ""message"": ""CONVERGENCE: REL_REDUCTION_OF_F_<=_FACTR*EPSMCH"", ""method"": ""L-BFGS-B"", ""nfev"": 44, ""nit"": 9, ""status"": 0, ""success"": true, ""x"": [0.8741518783325004, 0.9654915994346537, -1.2792795433673991]}], ""solver_path"": ""general_convolution"", ""uncertified_profiles"": 0}"
foul_leaves_5_team,team-quarter,2021-22,9840,optimization,FTA,1,PERS_FOUL_DRAWN;LOOSE_BALL_FOUL_DRAWN,24,Binomial,55038.88573145326,-27505.65154924156,"[0.5769395110110845, 0.6671655284506751]","{""n"": 100, ""p"": 0.04209135834113611}",3,True,optimizer_converged_lbfgsb,16,90,2,-27507.268684038052,1.6171347964918823,0.6517138000344858,"{""binomial_discrete_residual_mean"": 4.155232623415056, ""binomial_discrete_residual_variance"": 10.196077535171437, ""binomial_h_extension_used"": true, ""binomial_n_candidates"": 1, ""binomial_n_max"": 100, ""binomial_n_min"": 100, ""binomial_n_policy"": ""paper_H_binomial_discrete_index_continuous_full_mle"", ""binomial_n_tie_break"": ""not_applicable_single_mom_index"", ""certified_profiles"": 1, ""optimizer_powell_attempted"": false, ""optimizer_powell_success"": false, ""optimizer_primary_failed_starts"": 0, ""optimizer_primary_successful_starts"": 2, ""optimizer_results"": [{""fun"": 27505.65154924156, ""jac"": [0.0003637978788811745, -0.0003637978788811745, -0.0003637978829201424], ""message"": ""CONVERGENCE: REL_REDUCTION_OF_F_<=_FACTR*EPSMCH"", ""method"": ""L-BFGS-B"", ""nfev"": 40, ""nit"": 8, ""status"": 0, ""success"": true, ""x"": [0.5769395110110845, 0.6671655284506751, -3.1249099552481536]}, {""fun"": 27505.651549242386, ""jac"": [0.001455191515524698, 0.0010913936366435237, 0.0003637978829201424], ""message"": ""CONVERGENCE: REL_REDUCTION_OF_F_<=_FACTR*EPSMCH"", ""method"": ""L-BFGS-B"", ""nfev"": 48, ""nit"": 8, ""status"": 0, ""success"": true, ""x"": [0.5769397594166338, 0.6671685502383866, -3.12491023288972]}], ""solver_path"": ""general_convolution"", ""uncertified_profiles"": 0}"
foul_leaves_5_team,team-quarter,2021-22,9840,optimization,FTA,1,PERS_FOUL_DRAWN;LOOSE_BALL_FOUL_DRAWN,24,Bernoulli,inf,-inf,[],{},3,False,infeasible_conditional_support,0,0,0,-inf,0.0,6.960000609979033e-05,"{""binomial_discrete_residual_mean"": null, ""binomial_discrete_residual_variance"": null, ""binomial_h_extension_used"": null, ""binomial_n_candidates"": 0, ""binomial_n_max"": null, ""binomial_n_min"": null, ""binomial_n_policy"": null, ""binomial_n_tie_break"": null, ""certified_profiles"": 0, ""solver_path"": ""conditional_support_check"", ""support_violating_rows"": 1121, ""uncertified_profiles"": 0}"
foul_leaves_5_team,team-quarter,2021-22,9840,optimization,FTA,1,FOUL;PERS_FOUL_DRAWN;LOOSE_BALL_FOUL_DRAWN,25,Poisson,41221.56642226578,-20592.394789152797,"[1.2259707344344053, 0.0, 0.0]","{""lam"": 0.01911993454548181}",4,True,poisson_convex_mle,46,91,2,-21060.37893803404,467.9841488812417,0.14175289997365326,"{""binomial_discrete_residual_mean"": null, ""binomial_discrete_residual_variance"": null, ""binomial_h_extension_used"": null, ""binomial_n_candidates"": 0, ""binomial_n_max"": null, ""binomial_n_min"": null, ""binomial_n_policy"": null, ""binomial_n_tie_break"": null, ""certified_profiles"": 1, ""optimizer_primary_failed_starts"": 0, ""optimizer_primary_successful_starts"": 2, ""optimizer_results"": [{""fun"": 20684.798679260206, ""jac"": [322.95974483029875, -1027.754616232039, 2095.494894017961, 296.0380623947767], ""message"": ""CONVERGENCE: REL_REDUCTION_OF_F_<=_FACTR*EPSMCH"", ""method"": ""L-BFGS-B"", ""nfev"": 46, ""nit"": 23, ""status"": 0, ""success"": true, ""x"": [0.1890406059679144, 1.1467084646634704, 0.0, 0.0]}, {""fun"": 20592.394789152797, ""jac"": [491.46824163840824, 560.0300007581509, 2682.0588885529974, 385.96326223289554], ""message"": ""CONVERGENCE: REL_REDUCTION_OF_F_<=_FACTR*EPSMCH"", ""method"": ""L-BFGS-B"", ""nfev"": 43, ""nit"": 23, ""status"": 0, ""success"": true, ""x"": [0.01911993454548181, 1.2259707344344053, 0.0, 0.0]}], ""poisson_canonical_agreement_abs"": 0.0, ""solver_path"": ""poisson_convex"", ""uncertified_profiles"": 0}"
foul_leaves_5_team,team-quarter,2021-22,9840,optimization,FTA,1,FOUL;PERS_FOUL_DRAWN;LOOSE_BALL_FOUL_DRAWN,25,NB,41213.88119037948,-20583.95506771462,"[1.2134710348094844, 0.0, 0.0]","{""p"": 0.9997941039547206, ""r"": 20.654133029195087}",5,True,optimizer_converged_lbfgsb,35,284,2,-21037.36889702392,453.4138293092983,1.142609199974686,"{""binomial_discrete_residual_mean"": null, ""binomial_discrete_residual_variance"": null, ""binomial_h_extension_used"": null, ""binomial_n_candidates"": 0, ""binomial_n_max"": null, ""binomial_n_min"": null, ""binomial_n_policy"": null, ""binomial_n_tie_break"": null, ""certified_profiles"": 1, ""optimizer_powell_attempted"": false, ""optimizer_powell_success"": false, ""optimizer_primary_failed_starts"": 0, ""optimizer_primary_successful_starts"": 2, ""optimizer_results"": [{""fun"": 20583.95506771462, ""jac"": [0.023283064506889113, 2491.999839548953, 356.839518644847, 0.001091393648760427, -0.0010913935518252066], ""message"": ""CONVERGENCE: REL_REDUCTION_OF_F_<=_FACTR*EPSMCH"", ""method"": ""L-BFGS-B"", ""nfev"": 156, ""nit"": 20, ""status"": 0, ""success"": true, ""x"": [1.2134710348094844, 0.0, 0.0, 3.0279154460726208, 8.487933233866126]}, {""fun"": 20583.95506782975, ""jac"": [-0.0018189894146007119, 2491.9925635913387, 356.83842725120485, 0.002910383063361139, 0.0010913935518252066], ""message"": ""CONVERGENCE: REL_REDUCTION_OF_F_<=_FACTR*EPSMCH"", ""method"": ""L-BFGS-B"", ""nfev"": 126, ""nit"": 15, ""status"": 0, ""success"": true, ""x"": [1.2134705437184907, 0.0, 0.0, 3.027310826177505, 8.487593880651556]}], ""solver_path"": ""general_convolution"", ""uncertified_profiles"": 0}"
foul_leaves_5_team,team-quarter,2021-22,9840,optimization,FTA,1,FOUL;PERS_FOUL_DRAWN;LOOSE_BALL_FOUL_DRAWN,25,ZIP,41213.880212639415,-20583.95457884459,"[1.2134706129456494, 0.0, 0.0]","{""lam"": 0.0042523877402803065, ""rho"": 1.0000000000000007e-09}",5,True,optimizer_converged_lbfgsb,44,374,2,-21060.37893803604,476.4243591914492,0.38719550002133474,"{""binomial_discrete_residual_mean"": null, ""binomial_discrete_residual_variance"": null, ""binomial_h_extension_used"": null, ""binomial_n_candidates"": 0, ""binomial_n_max"": null, ""binomial_n_min"": null, ""binomial_n_policy"": null, ""binomial_n_tie_break"": null, ""certified_profiles"": 1, ""optimizer_powell_attempted"": false, ""optimizer_powell_success"": false, ""optimizer_primary_failed_starts"": 0, ""optimizer_primary_successful_starts"": 2, ""optimizer_results"": [{""fun"": 20583.95457884459, ""jac"": [0.0, 2491.993654984981, 356.83879104908556, 0.0, 0.0], ""message"": ""CONVERGENCE: NORM_OF_PROJECTED_GRADIENT_<=_PGTOL"", ""method"": ""L-BFGS-B"", ""nfev"": 174, ""nit"": 23, ""status"": 0, ""success"": true, ""x"": [1.2134706129456494, 0.0, 0.0, -5.460274632565854, -20.72326583594641]}, {""fun"": 20583.954578911733, ""jac"": [0.01855369202892726, 2491.9991119531915, 356.83915484696627, 0.0003637978829201424, 0.0], ""message"": ""CONVERGENCE: REL_REDUCTION_OF_F_<=_FACTR*EPSMCH"", ""method"": ""L-BFGS-B"", ""nfev"": 198, ""nit"": 21, ""status"": 0, ""success"": true, ""x"": [1.2134707961993245, 0.0, 0.0, -5.4599308811002905, -20.72326583594641]}], ""solver_path"": ""general_convolution"", ""uncertified_profiles"": 0}"
foul_leaves_5_team,team-quarter,2021-22,9840,optimization,FTA,1,FOUL;PERS_FOUL_DRAWN;LOOSE_BALL_FOUL_DRAWN,25,Geom,41204.706113585606,-20583.96463481271,"[1.2134848142810069, 0.0, 0.0]","{""p"": 0.9957942264519002}",4,True,optimizer_converged_lbfgsb,21,227,2,-21055.77376910367,471.8091342909611,31.501657899993006,"{""binomial_discrete_residual_mean"": null, ""binomial_discrete_residual_variance"": null, ""binomial_h_extension_used"": null, ""binomial_n_candidates"": 0, ""binomial_n_max"": null, ""binomial_n_min"": null, ""binomial_n_policy"": null, ""binomial_n_tie_break"": null, ""certified_profiles"": 1, ""optimizer_powell_attempted"": false, ""optimizer_powell_success"": false, ""optimizer_primary_failed_starts"": 0, ""optimizer_primary_successful_starts"": 2, ""optimizer_results"": [{""fun"": 20583.96463481271, ""jac"": [0.2859451359752319, 2492.09078901913, 356.85370676219463, 0.0025465851804409964], ""message"": ""CONVERGENCE: REL_REDUCTION_OF_F_<=_FACTR*EPSMCH"", ""method"": ""L-BFGS-B"", ""nfev"": 115, ""nit"": 15, ""status"": 0, ""success"": true, ""x"": [1.2134848142810069, 0.0, 0.0, 5.467082400665446]}, {""fun"": 20611.593535060376, ""jac"": [8.395363744148126, 2495.8520953077823, 357.4306902009994, 0.0], ""message"": ""CONVERGENCE: REL_REDUCTION_OF_F_<=_FACTR*EPSMCH"", ""method"": ""L-BFGS-B"", ""nfev"": 110, ""nit"": 6, ""status"": 0, ""success"": true, ""x"": [1.2146085549886338, 0.0, 0.0, 20.27715095755686]}], ""solver_path"": ""general_convolution"", ""uncertified_profiles"": 0}"
foul_leaves_5_team,team-quarter,2021-22,9840,optimization,FTA,1,FOUL;PERS_FOUL_DRAWN;LOOSE_BALL_FOUL_DRAWN,25,Binomial,41204.675886142526,-20583.94952109117,"[1.2134677760095096, 0.0, 0.0]","{""n"": 2, ""p"": 0.002132979245303867}",4,True,optimizer_converged_lbfgsb,40,287,2,-21054.387476485026,470.4379553938561,0.771986499952618,"{""binomial_discrete_residual_mean"": -4.044465856124856, ""binomial_discrete_residual_variance"": -13.731147015188647, ""binomial_h_extension_used"": true, ""binomial_n_candidates"": 1, ""binomial_n_max"": 2, ""binomial_n_min"": 2, ""binomial_n_policy"": ""paper_H_binomial_discrete_index_continuous_full_mle"", ""binomial_n_tie_break"": ""not_applicable_single_mom_index"", ""certified_profiles"": 1, ""optimizer_powell_attempted"": false, ""optimizer_powell_success"": false, ""optimizer_primary_failed_starts"": 0, ""optimizer_primary_successful_starts"": 2, ""optimizer_results"": [{""fun"": 20583.949521131803, ""jac"": [-0.018917489911847402, 2491.987106623128, 356.8373358575627, -0.0007275957658402848], ""message"": ""CONVERGENCE: REL_REDUCTION_OF_F_<=_FACTR*EPSMCH"", ""method"": ""L-BFGS-B"", ""nfev"": 150, ""nit"": 21, ""status"": 0, ""success"": true, ""x"": [1.2134674576396889, 0.0, 0.0, -6.148560958626451]}, {""fun"": 20583.94952109117, ""jac"": [0.008003553424243132, 2491.995837772265, 356.83915484696627, 0.0], ""message"": ""CONVERGENCE: REL_REDUCTION_OF_F_<=_FACTR*EPSMCH"", ""method"": ""L-BFGS-B"", ""nfev"": 135, ""nit"": 19, ""status"": 0, ""success"": true, ""x"": [1.2134677760095096, 0.0, 0.0, -6.14810031253898]}], ""solver_path"": ""general_convolution"", ""uncertified_profiles"": 0}"
foul_leaves_5_team,team-quarter,2021-22,9840,optimization,FTA,1,FOUL;PERS_FOUL_DRAWN;LOOSE_BALL_FOUL_DRAWN,25,Bernoulli,41204.66572884755,-20583.94444244368,"[1.2134648874224547, 0.0, 0.0]","{""p"": 0.00427764873192481}",4,True,optimizer_converged_lbfgsb,44,352,2,-21055.77376926715,471.8293268234702,0.6868389999726787,"{""binomial_discrete_residual_mean"": null, ""binomial_discrete_residual_variance"": null, ""binomial_h_extension_used"": null, ""binomial_n_candidates"": 0, ""binomial_n_max"": null, ""binomial_n_min"": null, ""binomial_n_policy"": null, ""binomial_n_tie_break"": null, ""certified_profiles"": 1, ""optimizer_powell_attempted"": false, ""optimizer_powell_success"": false, ""optimizer_primary_failed_starts"": 0, ""optimizer_primary_successful_starts"": 2, ""optimizer_results"": [{""fun"": 20583.94444244368, ""jac"": [-0.0025465851804409964, 2491.9918359955773, 356.83842725120485, -0.0003637978829201424], ""message"": ""CONVERGENCE: REL_REDUCTION_OF_F_<=_FACTR*EPSMCH"", ""method"": ""L-BFGS-B"", ""nfev"": 185, ""nit"": 24, ""status"": 0, ""success"": true, ""x"": [1.2134648874224547, 0.0, 0.0, -5.450064957996211]}, {""fun"": 20583.94444244892, ""jac"": [-0.001091393648760427, 2491.9929273892194, 356.83842725120485, 0.0], ""message"": ""CONVERGENCE: REL_REDUCTION_OF_F_<=_FACTR*EPSMCH"", ""method"": ""L-BFGS-B"", ""nfev"": 165, ""nit"": 20, ""status"": 0, ""success"": true, ""x"": [1.213464984611136, 0.0, 0.0, -5.450137090226578]}], ""solver_path"": ""general_convolution"", ""uncertified_profiles"": 0}"
foul_leaves_5_team,team-quarter,2021-22,9840,optimization,FTA,1,FTM;PERS_FOUL_DRAWN;LOOSE_BALL_FOUL_DRAWN,28,Poisson,35485.88762748452,-17724.555391762166,"[1.1696551142705587, 0.010728067714600758, 0.07970664953192075]","{""lam"": 0.467759576652342}",4,True,poisson_convex_mle,28,35,2,-17759.747312669155,35.19192090698925,0.049178000015672296,"{""binomial_discrete_residual_mean"": null, ""binomial_discrete_residual_variance"": null, ""binomial_h_extension_used"": null, ""binomial_n_candidates"": 0, ""binomial_n_max"": null, ""binomial_n_min"": null, ""binomial_n_policy"": null, ""binomial_n_tie_break"": null, ""certified_profiles"": 1, ""optimizer_primary_failed_starts"": 0, ""optimizer_primary_successful_starts"": 2, ""optimizer_results"": [{""fun"": 17724.555391762737, ""jac"": [0.0007198844468021548, -0.0015349914495601524, -0.0008829060327713023, -0.0005225437952098844], ""message"": ""CONVERGENCE: REL_REDUCTION_OF_F_<=_FACTR*EPSMCH"", ""method"": ""L-BFGS-B"", ""nfev"": 18, ""nit"": 16, ""status"": 0, ""success"": true, ""x"": [0.46776057621635514, 1.1696549718250544, 0.010727851024181632, 0.07970510457680492]}, {""fun"": 17724.555391762166, ""jac"": [0.0006147126543254444, 0.001860974817219585, 0.00022780699369207014, 0.0007029580824458037], ""message"": ""CONVERGENCE: REL_REDUCTION_OF_F_<=_FACTR*EPSMCH"", ""method"": ""L-BFGS-B"", ""nfev"": 15, ""nit"": 12, ""status"": 0, ""success"": true, ""x"": [0.467759576652342, 1.1696551142705587, 0.010728067714600758, 0.07970664953192075]}], ""poisson_canonical_agreement_abs"": 0.0, ""solver_path"": ""poisson_convex"", ""uncertified_profiles"": 0}"
foul_leaves_5_team,team-quarter,2021-22,9840,optimization,FTA,1,FTM;PERS_FOUL_DRAWN;LOOSE_BALL_FOUL_DRAWN,28,NB,35495.08421763461,-17724.55658134219,"[1.169655272360023, 0.010725799626238614, 0.07970427188085405]","{""p"": 0.999990578689467, ""r"": 49649.066797648484}",5,True,optimizer_converged_lbfgsb,51,446,2,-17759.74933309885,35.19275175666189,1.8937336999806575,"{""binomial_discrete_residual_mean"": null, ""binomial_discrete_residual_variance"": null, ""binomial_h_extension_used"": null, ""binomial_n_candidates"": 0, ""binomial_n_max"": null, ""binomial_n_min"": null, ""binomial_n_policy"": null, ""binomial_n_tie_break"": null, ""certified_profiles"": 1, ""optimizer_powell_attempted"": false, ""optimizer_powell_success"": false, ""optimizer_primary_failed_starts"": 0, ""optimizer_primary_successful_starts"": 2, ""optimizer_results"": [{""fun"": 17724.55658134219, ""jac"": [-0.002182787297520854, -0.001818989403556659, -0.0003637978809006584, 0.002910382804867217, -0.002910382804867217], ""message"": ""CONVERGENCE: REL_REDUCTION_OF_F_<=_FACTR*EPSMCH"", ""method"": ""L-BFGS-B"", ""nfev"": 72, ""nit"": 10, ""status"": 0, ""success"": true, ""x"": [1.169655272360023, 0.010725799626238614, 0.07970427188085405, 10.812734873680334, 11.572526935290368]}, {""fun"": 17724.55683455739, ""jac"": [0.20991137844492214, 0.21755113266537643, -0.034560798685562555, 0.0018189892530420108, -0.0018189892530420108], ""message"": ""CONVERGENCE: REL_REDUCTION_OF_F_<=_FACTR*EPSMCH"", ""method"": ""L-BFGS-B"", ""nfev"": 372, ""nit"": 41, ""status"": 0, ""success"": true, ""x"": [1.1696643960630138, 0.010766452280023412, 0.07966143564333081, 10.623507536327997, 11.383459611282445]}], ""solver_path"": ""general_convolution"", ""uncertified_profiles"": 0}"
foul_leaves_5_team,team-quarter,2021-22,9840,optimization,FTA,1,FTM;PERS_FOUL_DRAWN;LOOSE_BALL_FOUL_DRAWN,28,ZIP,35495.081838621176,-17724.55539183547,"[1.1696550483608446, 0.010728341285765743, 0.0797070265512621]","{""lam"": 0.46775740751467676, ""rho"": 1.0000000000000007e-09}",5,True,optimizer_converged_lbfgsb,60,422,2,-17759.7473126561,35.19192082063091,0.43110230000456795,"{""binomial_discrete_residual_mean"": null, ""binomial_discrete_residual_variance"": null, ""binomial_h_extension_used"": null, ""binomial_n_candidates"": 0, ""binomial_n_max"": null, ""binomial_n_min"": null, ""binomial_n_policy"": null, ""binomial_n_tie_break"": null, ""certified_profiles"": 1, ""optimizer_powell_attempted"": false, ""optimizer_powell_success"": false, ""optimizer_primary_failed_starts"": 0, ""optimizer_primary_successful_starts"": 2, ""optimizer_results"": [{""fun"": 17724.55539183547, ""jac"": [-0.01091393648760427, -0.008367351256360633, -0.0003637978809006584, -0.0025465851521682217, 0.0], ""message"": ""CONVERGENCE: REL_REDUCTION_OF_F_<=_FACTR*EPSMCH"", ""method"": ""L-BFGS-B"", ""nfev"": 114, ""nit"": 17, ""status"": 0, ""success"": true, ""x"": [1.1696550483608446, 0.010728341285765743, 0.0797070265512621, -0.7598054774708608, -20.72326583594641]}, {""fun"": 17724.55567700752, ""jac"": [0.0025465851804409964, -0.004365574568535982, 0.0036379788090065844, 0.0, 0.00036379785060840214], ""message"": ""CONVERGENCE: REL_REDUCTION_OF_F_<=_FACTR*EPSMCH"", ""method"": ""L-BFGS-B"", ""nfev"": 306, ""nit"": 43, ""status"": 0, ""success"": true, ""x"": [1.1696554184309975, 0.010727835145638628, 0.0797106068712928, -0.7598008014934349, -12.39120477163869]}], ""solver_path"": ""general_convolution"", ""uncertified_profiles"": 0}"
foul_leaves_5_team,team-quarter,2021-22,9840,optimization,FTA,1,FTM;PERS_FOUL_DRAWN;LOOSE_BALL_FOUL_DRAWN,28,Geom,35567.3257835088,-17765.274469774307,"[1.1912954868838865, 0.06410388616086651, 0.12694275820278847]","{""p"": 0.7886260034436878}",4,True,optimizer_converged_lbfgsb,29,172,2,-17872.702184102076,107.42771432776863,0.31284969998523593,"{""binomial_discrete_residual_mean"": null, ""binomial_discrete_residual_variance"": null, ""binomial_h_extension_used"": null, ""binomial_n_candidates"": 0, ""binomial_n_max"": null, ""binomial_n_min"": null, ""binomial_n_policy"": null, ""binomial_n_tie_break"": null, ""certified_profiles"": 1, ""optimizer_powell_attempted"": false, ""optimizer_powell_success"": false, ""optimizer_primary_failed_starts"": 0, ""optimizer_primary_successful_starts"": 2, ""optimizer_results"": [{""fun"": 17765.274469822245, ""jac"": [-0.023283064506889113, -0.03419700080466189, -0.005820766094410535, 0.002910383063361139], ""message"": ""CONVERGENCE: REL_REDUCTION_OF_F_<=_FACTR*EPSMCH"", ""method"": ""L-BFGS-B"", ""nfev"": 80, ""nit"": 14, ""status"": 0, ""success"": true, ""x"": [1.1912959860151968, 0.06410062919299989, 0.12693797779584173, 1.31665685827291]}, {""fun"": 17765.274469774307, ""jac"": [-0.0003637978829201424, -0.0007275957618013168, 0.0003637978809006584, 0.002182787297520854], ""message"": ""CONVERGENCE: REL_REDUCTION_OF_F_<=_FACTR*EPSMCH"", ""method"": ""L-BFGS-B"", ""nfev"": 90, ""nit"": 15, ""status"": 0, ""success"": true, ""x"": [1.1912954868838865, 0.06410388616086651, 0.12694275820278847, 1.3166631350994709]}], ""solver_path"": ""general_convolution"", ""uncertified_profiles"": 0}"
foul_leaves_5_team,team-quarter,2021-22,9840,optimization,FTA,1,FTM;PERS_FOUL_DRAWN;LOOSE_BALL_FOUL_DRAWN,28,Binomial,inf,-inf,[],"{""n"": 2}",4,False,infeasible_conditional_support,0,0,0,-inf,0.0,0.00026460003573447466,"{""binomial_discrete_residual_mean"": 0.5270008475189378, ""binomial_discrete_residual_variance"": -3.443801286276627, ""binomial_h_extension_used"": true, ""binomial_n_candidates"": 1, ""binomial_n_max"": 2, ""binomial_n_min"": 2, ""binomial_n_policy"": ""paper_H_binomial_discrete_index_continuous_full_mle"", ""binomial_n_tie_break"": ""not_applicable_single_mom_index"", ""certified_profiles"": 0, ""solver_path"": ""conditional_support_check"", ""support_violating_rows"": 3, ""uncertified_profiles"": 0}"
foul_leaves_5_team,team-quarter,2021-22,9840,optimization,FTA,1,FTM;PERS_FOUL_DRAWN;LOOSE_BALL_FOUL_DRAWN,28,Bernoulli,inf,-inf,[],{},4,False,infeasible_conditional_support,0,0,0,-inf,0.0,9.059999138116837e-05,"{""binomial_discrete_residual_mean"": null, ""binomial_discrete_residual_variance"": null, ""binomial_h_extension_used"": null, ""binomial_n_candidates"": 0, ""binomial_n_max"": null, ""binomial_n_min"": null, ""binomial_n_policy"": null, ""binomial_n_tie_break"": null, ""certified_profiles"": 0, ""solver_path"": ""conditional_support_check"", ""support_violating_rows"": 18, ""uncertified_profiles"": 0}"
foul_leaves_5_team,team-quarter,2021-22,9840,optimization,FTA,1,FOUL;FTM;PERS_FOUL_DRAWN;LOOSE_BALL_FOUL_DRAWN,29,Poisson,34895.6471720681,-17424.838058558933,"[0.2769956105919573, 0.9962635021375457, 0.0, 0.0]","{""lam"": 0.0}",5,True,poisson_convex_mle,22,31,2,-18842.767290207586,1417.9292316486535,0.046597199980169535,"{""binomial_discrete_residual_mean"": null, ""binomial_discrete_residual_variance"": null, ""binomial_h_extension_used"": null, ""binomial_n_candidates"": 0, ""binomial_n_max"": null, ""binomial_n_min"": null, ""binomial_n_policy"": null, ""binomial_n_tie_break"": null, ""certified_profiles"": 1, ""optimizer_primary_failed_starts"": 0, ""optimizer_primary_successful_starts"": 2, ""optimizer_results"": [{""fun"": 17424.838058559082, ""jac"": [243.64985891136035, 0.002768222236966267, 0.003187851168064526, 1147.49759231404, 137.47444607183058], ""message"": ""CONVERGENCE: REL_REDUCTION_OF_F_<=_FACTR*EPSMCH"", ""method"": ""L-BFGS-B"", ""nfev"": 11, ""nit"": 8, ""status"": 0, ""success"": true, ""x"": [0.0, 0.27699563074419764, 0.9962635782289709, 0.0, 0.0]}, {""fun"": 17424.838058558933, ""jac"": [243.64913610858108, -0.0005476130504575849, 6.0026658971423785e-05, 1147.496347748796, 137.47425435468415], ""message"": ""CONVERGENCE: REL_REDUCTION_OF_F_<=_FACTR*EPSMCH"", ""method"": ""L-BFGS-B"", ""nfev"": 18, ""nit"": 14, ""status"": 0, ""success"": true, ""x"": [0.0, 0.2769956105919573, 0.9962635021375457, 0.0, 0.0]}], ""poisson_canonical_agreement_abs"": 0.0, ""solver_path"": ""poisson_convex"", ""uncertified_profiles"": 0}"
foul_leaves_5_team,team-quarter,2021-22,9840,optimization,FTA,1,FOUL;FTM;PERS_FOUL_DRAWN;LOOSE_BALL_FOUL_DRAWN,29,NB,34904.84284547443,-17424.838789767076,"[0.277016102188036, 0.9961951651548803, 0.0, 0.0]","{""p"": 0.9984585482504417, ""r"": 0.0018347190808432644}",6,True,optimizer_converged_lbfgsb,38,541,2,-19050.388032690447,1625.549242923371,2.1796079000341706,"{""binomial_discrete_residual_mean"": null, ""binomial_discrete_residual_variance"": null, ""binomial_h_extension_used"": null, ""binomial_n_candidates"": 0, ""binomial_n_max"": null, ""binomial_n_min"": null, ""binomial_n_policy"": null, ""binomial_n_tie_break"": null, ""certified_profiles"": 1, ""optimizer_powell_attempted"": false, ""optimizer_powell_success"": false, ""optimizer_primary_failed_starts"": 0, ""optimizer_primary_successful_starts"": 2, ""optimizer_results"": [{""fun"": 17424.84044809837, ""jac"": [-0.020008883449536215, -0.023646862127276343, 1147.4854545667768, 137.47230696026236, 0.002546585164979323, -0.0014551914024336086], ""message"": ""CONVERGENCE: REL_REDUCTION_OF_F_<=_FACTR*EPSMCH"", ""method"": ""L-BFGS-B"", ""nfev"": 77, ""nit"": 8, ""status"": 0, ""success"": true, ""x"": [0.2769928620050825, 0.9962634586055346, 0.0, 0.0, -0.009520546061799742, 11.522901325253917]}, {""fun"": 17424.838789767076, ""jac"": [-1.3056705945524631, -1.5432306022139424, 1147.059811046347, 137.40755093749613, 0.06584741680854576, 0.0014551915316805696], ""message"": ""CONVERGENCE: REL_REDUCTION_OF_F_<=_FACTR*EPSMCH"", ""method"": ""L-BFGS-B"", ""nfev"": 462, ""nit"": 30, ""status"": 0, ""success"": true, ""x"": [0.277016102188036, 0.9961951651548803, 0.0, 0.0, -6.300863898653702, 6.473487971087002]}], ""solver_path"": ""general_convolution"", ""uncertified_profiles"": 0}"
foul_leaves_5_team,team-quarter,2021-22,9840,optimization,FTA,1,FOUL;FTM;PERS_FOUL_DRAWN;LOOSE_BALL_FOUL_DRAWN,29,ZIP,34904.84138310895,-17424.838058584337,"[0.2769957451070462, 0.9962631154827181, 0.0, 0.0]","{""lam"": 9.999999999999996e-11, ""rho"": 1.0000000000000007e-09}",6,True,optimizer_converged_lbfgsb,42,359,2,-19171.28422682187,1746.4461682375331,0.37516060000052676,"{""binomial_discrete_residual_mean"": null, ""binomial_discrete_residual_variance"": null, ""binomial_h_extension_used"": null, ""binomial_n_candidates"": 0, ""binomial_n_max"": null, ""binomial_n_min"": null, ""binomial_n_policy"": null, ""binomial_n_tie_break"": null, ""certified_profiles"": 1, ""optimizer_powell_attempted"": false, ""optimizer_powell_success"": false, ""optimizer_primary_failed_starts"": 0, ""optimizer_primary_successful_starts"": 2, ""optimizer_results"": [{""fun"": 17424.838058584337, ""jac"": [-0.00691215973711251, -0.0076397554565046655, 1147.4945495137945, 137.4741259496659, 0.0, 0.0], ""message"": ""CONVERGENCE: REL_REDUCTION_OF_F_<=_FACTR*EPSMCH"", ""method"": ""L-BFGS-B"", ""nfev"": 77, ""nit"": 8, ""status"": 0, ""success"": true, ""x"": [0.2769957451070462, 0.9962631154827181, 0.0, 0.0, -23.025850929940457, -20.72326583594641]}, {""fun"": 17424.83811381989, ""jac"": [0.0003637978809006584, 0.0003637978788811745, 1147.4970960989594, 137.47485354542732, 0.0, 0.0], ""message"": ""CONVERGENCE: REL_REDUCTION_OF_F_<=_FACTR*EPSMCH"", ""method"": ""L-BFGS-B"", ""nfev"": 280, ""nit"": 34, ""status"": 0, ""success"": true, ""x"": [0.2769956125498679, 0.9962634483957803, 0.0, 0.0, -9.495404119260987, 5.8008958369009145]}], ""solver_path"": ""general_convolution"", ""uncertified_profiles"": 0}"
foul_leaves_5_team,team-quarter,2021-22,9840,optimization,FTA,1,FOUL;FTM;PERS_FOUL_DRAWN;LOOSE_BALL_FOUL_DRAWN,29,Geom,34895.647172557496,-17424.83805880363,"[0.2769957323086254, 0.9962631261668464, 0.0, 0.0]","{""p"": 0.9999999989999999}",5,True,optimizer_converged_lbfgsb,42,314,2,-18950.788425493658,1525.9503666900273,31.914072200015653,"{""binomial_discrete_residual_mean"": null, ""binomial_discrete_residual_variance"": null, ""binomial_h_extension_used"": null, ""binomial_n_candidates"": 0, ""binomial_n_max"": null, ""binomial_n_min"": null, ""binomial_n_policy"": null, ""binomial_n_tie_break"": null, ""certified_profiles"": 1, ""optimizer_powell_attempted"": false, ""optimizer_powell_success"": false, ""optimizer_primary_failed_starts"": 0, ""optimizer_primary_successful_starts"": 2, ""optimizer_results"": [{""fun"": 17424.83805880363, ""jac"": [-0.007275957618013169, -0.008003553335385839, 1147.4941857159138, 137.4741259496659, 0.0], ""message"": ""CONVERGENCE: REL_REDUCTION_OF_F_<=_FACTR*EPSMCH"", ""method"": ""L-BFGS-B"", ""nfev"": 66, ""nit"": 8, ""status"": 0, ""success"": true, ""x"": [0.2769957323086254, 0.9962631261668464, 0.0, 0.0, 20.723265853616773]}, {""fun"": 17424.83819687119, ""jac"": [-0.31795934790717545, -0.5726178613589687, 1147.4254279164597, 137.46393960900605, 0.0], ""message"": ""CONVERGENCE: REL_REDUCTION_OF_F_<=_FACTR*EPSMCH"", ""method"": ""L-BFGS-B"", ""nfev"": 246, ""nit"": 34, ""status"": 0, ""success"": true, ""x"": [0.2770192067577796, 0.996222375052403, 0.0, 0.0, 14.441386101636844]}], ""solver_path"": ""general_convolution"", ""uncertified_profiles"": 0}"
foul_leaves_5_team,team-quarter,2021-22,9840,optimization,FTA,1,FOUL;FTM;PERS_FOUL_DRAWN;LOOSE_BALL_FOUL_DRAWN,29,Binomial,34895.64717304492,-17424.838059047343,"[0.2769957550893271, 0.9962630980122457, 0.0, 0.0]","{""n"": 2, ""p"": 1.0000000000000007e-09}",5,True,optimizer_converged_lbfgsb,42,314,2,-18790.027510488555,1365.1894514412124,0.845983500010334,"{""binomial_discrete_residual_mean"": -1.8541186822210074, ""binomial_discrete_residual_variance"": -8.460767536014853, ""binomial_h_extension_used"": true, ""binomial_n_candidates"": 1, ""binomial_n_max"": 2, ""binomial_n_min"": 2, ""binomial_n_policy"": ""paper_H_binomial_discrete_index_continuous_full_mle"", ""binomial_n_tie_break"": ""not_applicable_single_mom_index"", ""certified_profiles"": 1, ""optimizer_powell_attempted"": false, ""optimizer_powell_success"": false, ""optimizer_primary_failed_starts"": 0, ""optimizer_primary_successful_starts"": 2, ""optimizer_results"": [{""fun"": 17424.838059047343, ""jac"": [-0.00691215973711251, -0.008003553335385839, 1147.4941857159138, 137.4737621517852, 0.0], ""message"": ""CONVERGENCE: REL_REDUCTION_OF_F_<=_FACTR*EPSMCH"", ""method"": ""L-BFGS-B"", ""nfev"": 66, ""nit"": 8, ""status"": 0, ""success"": true, ""x"": [0.2769957550893271, 0.9962630980122457, 0.0, 0.0, -20.72326583594641]}, {""fun"": 17424.838139340998, ""jac"": [0.0007275957618013168, 0.0003637978788811745, 1147.4967323010787, 137.4741259496659, 0.0], ""message"": ""CONVERGENCE: REL_REDUCTION_OF_F_<=_FACTR*EPSMCH"", ""method"": ""L-BFGS-B"", ""nfev"": 246, ""nit"": 34, ""status"": 0, ""success"": true, ""x"": [0.27699558683942627, 0.9962634624629756, 0.0, 0.0, -15.612632563984329]}], ""solver_path"": ""general_convolution"", ""uncertified_profiles"": 0}"
foul_leaves_5_team,team-quarter,2021-22,9840,optimization,FTA,1,FOUL;FTM;PERS_FOUL_DRAWN;LOOSE_BALL_FOUL_DRAWN,29,Bernoulli,34895.647172557525,-17424.838058803645,"[0.27699572223871305, 0.9962631339856803, 0.0, 0.0]","{""p"": 1.0000000000000007e-09}",5,True,optimizer_converged_lbfgsb,44,344,2,-18807.5409633965,1382.7029045928539,0.6313519999966957,"{""binomial_discrete_residual_mean"": null, ""binomial_discrete_residual_variance"": null, ""binomial_h_extension_used"": null, ""binomial_n_candidates"": 0, ""binomial_n_max"": null, ""binomial_n_min"": null, ""binomial_n_policy"": null, ""binomial_n_tie_break"": null, ""certified_profiles"": 1, ""optimizer_powell_attempted"": false, ""optimizer_powell_success"": false, ""optimizer_primary_failed_starts"": 0, ""optimizer_primary_successful_starts"": 2, ""optimizer_results"": [{""fun"": 17424.838058803645, ""jac"": [-0.007639755498913828, -0.008367351214267014, 1147.493821918033, 137.4737621517852, 0.0], ""message"": ""CONVERGENCE: REL_REDUCTION_OF_F_<=_FACTR*EPSMCH"", ""method"": ""L-BFGS-B"", ""nfev"": 66, ""nit"": 8, ""status"": 0, ""success"": true, ""x"": [0.27699572223871305, 0.9962631339856803, 0.0, 0.0, -20.72326583594641]}, {""fun"": 17424.83812945602, ""jac"": [-0.0010913936427019754, -0.0010913936366435237, 1147.4960047053173, 137.4741259496659, 0.0], ""message"": ""CONVERGENCE: REL_REDUCTION_OF_F_<=_FACTR*EPSMCH"", ""method"": ""L-BFGS-B"", ""nfev"": 276, ""nit"": 36, ""status"": 0, ""success"": true, ""x"": [0.27699557000479846, 0.9962634380130811, 0.0, 0.0, -15.050010885610313]}], ""solver_path"": ""general_convolution"", ""uncertified_profiles"": 0}"
foul_leaves_5_team,team-quarter,2021-22,9840,optimization,FTM,2,,0,Poisson,50392.13847150568,-25191.472130257815,[],"{""lam"": 4.204979674796748}",1,True,analytic_mle,0,1,0,-25191.472130257815,0.0,0.0006393000367097557,"{""binomial_discrete_residual_mean"": null, ""binomial_discrete_residual_variance"": null, ""binomial_h_extension_used"": null, ""binomial_n_candidates"": 0, ""binomial_n_max"": null, ""binomial_n_min"": null, ""binomial_n_policy"": null, ""binomial_n_tie_break"": null, ""certified_profiles"": 1, ""solver_path"": ""analytic_root"", ""uncertified_profiles"": 0}"
foul_leaves_5_team,team-quarter,2021-22,9840,optimization,FTM,2,,0,NB,47310.938957366736,-23646.275267693323,[],"{""p"": 0.47200401795299, ""r"": 3.759057654309715}",2,True,optimizer_converged_lbfgsb,14,62,2,-23653.3220662494,7.046798556075373,0.194545200036373,"{""binomial_discrete_residual_mean"": null, ""binomial_discrete_residual_variance"": null, ""binomial_h_extension_used"": null, ""binomial_n_candidates"": 0, ""binomial_n_max"": null, ""binomial_n_min"": null, ""binomial_n_policy"": null, ""binomial_n_tie_break"": null, ""certified_profiles"": 1, ""optimizer_powell_attempted"": false, ""optimizer_powell_success"": false, ""optimizer_primary_failed_starts"": 0, ""optimizer_primary_successful_starts"": 2, ""optimizer_results"": [{""fun"": 23646.275267693323, ""jac"": [0.0, 0.0003637978809006584], ""message"": ""CONVERGENCE: REL_REDUCTION_OF_F_<=_FACTR*EPSMCH"", ""method"": ""L-BFGS-B"", ""nfev"": 30, ""nit"": 7, ""status"": 0, ""success"": true, ""x"": [1.3241683021365975, -0.11210117575626603]}, {""fun"": 23646.275267693323, ""jac"": [0.0, 0.0003637978809006584], ""message"": ""CONVERGENCE: REL_REDUCTION_OF_F_<=_FACTR*EPSMCH"", ""method"": ""L-BFGS-B"", ""nfev"": 30, ""nit"": 7, ""status"": 0, ""success"": true, ""x"": [1.3241683021365975, -0.11210117575626603]}], ""solver_path"": ""general_convolution"", ""uncertified_profiles"": 0}"
foul_leaves_5_team,team-quarter,2021-22,9840,optimization,FTM,2,,0,ZIP,48736.80297836786,-24359.207278193884,[],"{""lam"": 4.528167902489536, ""rho"": 0.07137280489206561}",2,True,optimizer_converged_lbfgsb,20,80,2,-25266.66505718982,907.4577789959367,0.06162300001597032,"{""binomial_discrete_residual_mean"": null, ""binomial_discrete_residual_variance"": null, ""binomial_h_extension_used"": null, ""binomial_n_candidates"": 0, ""binomial_n_max"": null, ""binomial_n_min"": null, ""binomial_n_policy"": null, ""binomial_n_tie_break"": null, ""certified_profiles"": 1, ""optimizer_powell_attempted"": false, ""optimizer_powell_success"": false, ""optimizer_primary_failed_starts"": 0, ""optimizer_primary_successful_starts"": 2, ""optimizer_results"": [{""fun"": 24359.207278193884, ""jac"": [0.0, -0.0007275957658402848], ""message"": ""CONVERGENCE: REL_REDUCTION_OF_F_<=_FACTR*EPSMCH"", ""method"": ""L-BFGS-B"", ""nfev"": 39, ""nit"": 10, ""status"": 0, ""success"": true, ""x"": [1.5103174211519026, -2.5657904483689644]}, {""fun"": 24359.207278193884, ""jac"": [0.0, -0.0007275957658402848], ""message"": ""CONVERGENCE: REL_REDUCTION_OF_F_<=_FACTR*EPSMCH"", ""method"": ""L-BFGS-B"", ""nfev"": 39, ""nit"": 10, ""status"": 0, ""success"": true, ""x"": [1.5103174211519026, -2.5657904483689644]}], ""solver_path"": ""general_convolution"", ""uncertified_profiles"": 0}"
foul_leaves_5_team,team-quarter,2021-22,9840,optimization,FTM,2,,0,Geom,50128.89589424333,-25059.85084162664,[],"{""p"": 0.19212370892477107}",1,True,analytic_mle,0,1,0,-25059.85084162664,0.0,0.00047150003956630826,"{""binomial_discrete_residual_mean"": null, ""binomial_discrete_residual_variance"": null, ""binomial_h_extension_used"": null, ""binomial_n_candidates"": 0, ""binomial_n_max"": null, ""binomial_n_min"": null, ""binomial_n_policy"": null, ""binomial_n_tie_break"": null, ""certified_profiles"": 1, ""solver_path"": ""analytic_root"", ""uncertified_profiles"": 0}"
foul_leaves_5_team,team-quarter,2021-22,9840,optimization,FTM,2,,0,Binomial,50836.81933447465,-25413.8125617423,[],"{""n"": 100, ""p"": 0.04204979674796748}",1,True,analytic_mle,0,1,0,-25413.8125617423,0.0,0.0038966999854892492,"{""binomial_discrete_residual_mean"": 4.204979674796748, ""binomial_discrete_residual_variance"": 8.410930487391767, ""binomial_h_extension_used"": true, ""binomial_n_candidates"": 1, ""binomial_n_max"": 100, ""binomial_n_min"": 100, ""binomial_n_policy"": ""paper_H_binomial_discrete_index_continuous_full_mle"", ""binomial_n_tie_break"": ""not_applicable_single_mom_index"", ""certified_profiles"": 1, ""solver_path"": ""analytic_root"", ""uncertified_profiles"": 0}"
foul_leaves_5_team,team-quarter,2021-22,9840,optimization,FTM,2,,0,Bernoulli,inf,-inf,[],{},1,False,infeasible_root_support,0,0,0,-inf,0.0,2.829998265951872e-05,"{""binomial_discrete_residual_mean"": null, ""binomial_discrete_residual_variance"": null, ""binomial_h_extension_used"": null, ""binomial_n_candidates"": 0, ""binomial_n_max"": null, ""binomial_n_min"": null, ""binomial_n_policy"": null, ""binomial_n_tie_break"": null, ""certified_profiles"": 0, ""solver_path"": ""analytic_root"", ""uncertified_profiles"": 0}"
foul_leaves_5_team,team-quarter,2021-22,9840,optimization,FTM,2,FOUL,1,Poisson,39056.871693500994,-19519.241635760452,[0.9538971814988637],"{""lam"": 0.018785058307376146}",2,True,poisson_convex_mle,25,53,2,-20029.532848467403,510.2912127069503,0.06248710001818836,"{""binomial_discrete_residual_mean"": null, ""binomial_discrete_residual_variance"": null, ""binomial_h_extension_used"": null, ""binomial_n_candidates"": 0, ""binomial_n_max"": null, ""binomial_n_min"": null, ""binomial_n_policy"": null, ""binomial_n_tie_break"": null, ""certified_profiles"": 1, ""optimizer_primary_failed_starts"": 0, ""optimizer_primary_successful_starts"": 2, ""optimizer_results"": [{""fun"": 19519.241635760452, ""jac"": [541.7137933137828, 780.3183846425753], ""message"": ""CONVERGENCE: REL_REDUCTION_OF_F_<=_FACTR*EPSMCH"", ""method"": ""L-BFGS-B"", ""nfev"": 44, ""nit"": 22, ""status"": 0, ""success"": true, ""x"": [0.018785058307376146, 0.9538971814988637]}, {""fun"": 19959.602091397188, ""jac"": [683.3327761453992, -566.1999420868019], ""message"": ""CONVERGENCE: REL_REDUCTION_OF_F_<=_FACTR*EPSMCH"", ""method"": ""L-BFGS-B"", ""nfev"": 7, ""nit"": 3, ""status"": 0, ""success"": true, ""x"": [0.7114179629738899, 0.7827262226327174]}], ""poisson_canonical_agreement_abs"": 0.0, ""solver_path"": ""poisson_convex"", ""uncertified_profiles"": 0}"
foul_leaves_5_team,team-quarter,2021-22,9840,optimization,FTM,2,FOUL,1,NB,39044.766572189976,-19508.59196960992,[0.9400065468286916],"{""p"": 0.9999878403695293, ""r"": 346.6415630848356}",3,True,optimizer_converged_lbfgsb,50,306,2,-20174.782911626644,666.1909420167249,1.0900467000319622,"{""binomial_discrete_residual_mean"": null, ""binomial_discrete_residual_variance"": null, ""binomial_h_extension_used"": null, ""binomial_n_candidates"": 0, ""binomial_n_max"": null, ""binomial_n_min"": null, ""binomial_n_policy"": null, ""binomial_n_tie_break"": null, ""certified_profiles"": 1, ""optimizer_powell_attempted"": false, ""optimizer_powell_success"": false, ""optimizer_primary_failed_starts"": 0, ""optimizer_primary_successful_starts"": 2, ""optimizer_results"": [{""fun"": 19508.592391503127, ""jac"": [-0.01928128758070225, 0.0018189894146007119, 0.0018189892530420108], ""message"": ""CONVERGENCE: REL_REDUCTION_OF_F_<=_FACTR*EPSMCH"", ""method"": ""L-BFGS-B"", ""nfev"": 92, ""nit"": 19, ""status"": 0, ""success"": true, ""x"": [0.9399983152292168, 3.0228503087085636, 8.491508539966246]}, {""fun"": 19508.59196960992, ""jac"": [0.3474269743315217, 0.0014551915316805696, 0.002182787103650413], ""message"": ""CONVERGENCE: REL_REDUCTION_OF_F_<=_FACTR*EPSMCH"", ""method"": ""L-BFGS-B"", ""nfev"": 212, ""nit"": 31, ""status"": 0, ""success"": true, ""x"": [0.9400065468286916, 5.8482912866669166, 11.317376911112419]}], ""solver_path"": ""general_convolution"", ""uncertified_profiles"": 0}"
foul_leaves_5_team,team-quarter,2021-22,9840,optimization,FTM,2,FOUL,1,ZIP,39044.76651438646,-19508.59194070816,[0.9399982104508497],"{""lam"": 0.004219389231862819, ""rho"": 1.0000000000000007e-09}",3,True,optimizer_converged_lbfgsb,85,470,2,-20310.472304921917,801.8803642137573,0.4633212000480853,"{""binomial_discrete_residual_mean"": null, ""binomial_discrete_residual_variance"": null, ""binomial_h_extension_used"": null, ""binomial_n_candidates"": 0, ""binomial_n_max"": null, ""binomial_n_min"": null, ""binomial_n_policy"": null, ""binomial_n_tie_break"": null, ""certified_profiles"": 1, ""optimizer_powell_attempted"": false, ""optimizer_powell_success"": false, ""optimizer_primary_failed_starts"": 0, ""optimizer_primary_successful_starts"": 2, ""optimizer_results"": [{""fun"": 19508.59194070816, ""jac"": [0.0003637978788811745, -0.0003637978829201424, 0.0], ""message"": ""CONVERGENCE: REL_REDUCTION_OF_F_<=_FACTR*EPSMCH"", ""method"": ""L-BFGS-B"", ""nfev"": 108, ""nit"": 20, ""status"": 0, ""success"": true, ""x"": [0.9399982104508497, -5.468064893194934, -20.72326583594641]}, {""fun"": 19508.59202895957, ""jac"": [0.08949427820476893, -0.0007275957658402848, 0.0], ""message"": ""CONVERGENCE: REL_REDUCTION_OF_F_<=_FACTR*EPSMCH"", ""method"": ""L-BFGS-B"", ""nfev"": 360, ""nit"": 65, ""status"": 0, ""success"": true, ""x"": [0.9400005570938742, -5.459104159542369, -4.65745656934607]}], ""solver_path"": ""general_convolution"", ""uncertified_profiles"": 0}"
foul_leaves_5_team,team-quarter,2021-22,9840,optimization,FTM,2,FOUL,1,Geom,39035.590767879636,-19508.601172949773,[0.9400029823029825],"{""p"": 0.995819915208833}",2,True,optimizer_converged_lbfgsb,22,119,2,-20045.33563960901,536.7344666592362,11.08860379998805,"{""binomial_discrete_residual_mean"": null, ""binomial_discrete_residual_variance"": null, ""binomial_h_extension_used"": null, ""binomial_n_candidates"": 0, ""binomial_n_max"": null, ""binomial_n_min"": null, ""binomial_n_policy"": null, ""binomial_n_tie_break"": null, ""certified_profiles"": 1, ""optimizer_powell_attempted"": false, ""optimizer_powell_success"": false, ""optimizer_primary_failed_starts"": 0, ""optimizer_primary_successful_starts"": 2, ""optimizer_results"": [{""fun"": 19538.263665038427, ""jac"": [1.2460077351680228, 79.17077964295231], ""message"": ""CONVERGENCE: REL_REDUCTION_OF_F_<=_FACTR*EPSMCH"", ""method"": ""L-BFGS-B"", ""nfev"": 42, ""nit"": 5, ""status"": 0, ""success"": true, ""x"": [0.9409235450778657, 21.301432373081003]}, {""fun"": 19508.601172949773, ""jac"": [-0.010913936366435235, -0.0007275957658402848], ""message"": ""CONVERGENCE: REL_REDUCTION_OF_F_<=_FACTR*EPSMCH"", ""method"": ""L-BFGS-B"", ""nfev"": 75, ""nit"": 17, ""status"": 0, ""success"": true, ""x"": [0.9400029823029825, 5.4732349019144495]}], ""solver_path"": ""general_convolution"", ""uncertified_profiles"": 0}"
foul_leaves_5_team,team-quarter,2021-22,9840,optimization,FTM,2,FOUL,1,Binomial,39035.56302412721,-19508.58730107356,[0.9399958462256378],"{""n"": 2, ""p"": 0.0021149842311185864}",2,True,optimizer_converged_lbfgsb,38,140,2,-20095.658490993155,587.0711899195958,0.3868229999789037,"{""binomial_discrete_residual_mean"": -1.0409785850461262, ""binomial_discrete_residual_variance"": -1.901471018013611, ""binomial_h_extension_used"": true, ""binomial_n_candidates"": 1, ""binomial_n_max"": 2, ""binomial_n_min"": 2, ""binomial_n_policy"": ""paper_H_binomial_discrete_index_continuous_full_mle"", ""binomial_n_tie_break"": ""not_applicable_single_mom_index"", ""certified_profiles"": 1, ""optimizer_powell_attempted"": false, ""optimizer_powell_success"": false, ""optimizer_primary_failed_starts"": 0, ""optimizer_primary_successful_starts"": 2, ""optimizer_results"": [{""fun"": 19508.58730107356, ""jac"": [0.0003637978788811745, 0.0], ""message"": ""CONVERGENCE: REL_REDUCTION_OF_F_<=_FACTR*EPSMCH"", ""method"": ""L-BFGS-B"", ""nfev"": 81, ""nit"": 22, ""status"": 0, ""success"": true, ""x"": [0.9399958462256378, -6.156590698278752]}, {""fun"": 19508.587301088028, ""jac"": [0.021100276975108124, -0.0003637978829201424], ""message"": ""CONVERGENCE: REL_REDUCTION_OF_F_<=_FACTR*EPSMCH"", ""method"": ""L-BFGS-B"", ""nfev"": 57, ""nit"": 16, ""status"": 0, ""success"": true, ""x"": [0.9399964412911342, -6.1567587726781605]}], ""solver_path"": ""general_convolution"", ""uncertified_profiles"": 0}"
foul_leaves_5_team,team-quarter,2021-22,9840,optimization,FTM,2,FOUL,1,Bernoulli,39035.55371332401,-19508.58264567196,[0.9399934775081739],"{""p"": 0.004240555782731663}",2,True,optimizer_converged_lbfgsb,41,170,2,-20417.05521437551,908.4725687035498,0.3191474000341259,"{""binomial_discrete_residual_mean"": null, ""binomial_discrete_residual_variance"": null, ""binomial_h_extension_used"": null, ""binomial_n_candidates"": 0, ""binomial_n_max"": null, ""binomial_n_min"": null, ""binomial_n_policy"": null, ""binomial_n_tie_break"": null, ""certified_profiles"": 1, ""optimizer_powell_attempted"": false, ""optimizer_powell_success"": false, ""optimizer_primary_failed_starts"": 0, ""optimizer_primary_successful_starts"": 2, ""optimizer_results"": [{""fun"": 19508.58264567196, ""jac"": [0.000727595757762349, 0.0], ""message"": ""CONVERGENCE: REL_REDUCTION_OF_F_<=_FACTR*EPSMCH"", ""method"": ""L-BFGS-B"", ""nfev"": 108, ""nit"": 24, ""status"": 0, ""success"": true, ""x"": [0.9399934775081739, -5.4588113650568175]}, {""fun"": 19508.58264568493, ""jac"": [-0.028376234552731614, 0.0], ""message"": ""CONVERGENCE: REL_REDUCTION_OF_F_<=_FACTR*EPSMCH"", ""method"": ""L-BFGS-B"", ""nfev"": 60, ""nit"": 17, ""status"": 0, ""success"": true, ""x"": [0.9399929632837742, -5.45892112598499]}], ""solver_path"": ""general_convolution"", ""uncertified_profiles"": 0}"
foul_leaves_5_team,team-quarter,2021-22,9840,optimization,FTM,2,FTA,2,Poisson,31689.914338377566,-15835.762958198737,[0.77480665879973],"{""lam"": 0.0}",2,True,poisson_convex_mle,11,17,2,-15835.933353723514,0.1703955247776321,0.023372000025119632,"{""binomial_discrete_residual_mean"": null, ""binomial_discrete_residual_variance"": null, ""binomial_h_extension_used"": null, ""binomial_n_candidates"": 0, ""binomial_n_max"": null, ""binomial_n_min"": null, ""binomial_n_policy"": null, ""binomial_n_tie_break"": null, ""certified_profiles"": 1, ""optimizer_primary_failed_starts"": 0, ""optimizer_primary_successful_starts"": 2, ""optimizer_results"": [{""fun"": 15835.933353723514, ""jac"": [659.2290457802112, 152.96773100144003], ""message"": ""CONVERGENCE: REL_REDUCTION_OF_F_<=_FACTR*EPSMCH"", ""method"": ""L-BFGS-B"", ""nfev"": 3, ""nit"": 1, ""status"": 0, ""success"": true, ""x"": [0.0, 0.7770323929754522]}, {""fun"": 15835.762958198737, ""jac"": [632.8560720321742, -1.5232393568709313e-07], ""message"": ""CONVERGENCE: NORM_OF_PROJECTED_GRADIENT_<=_PGTOL"", ""method"": ""L-BFGS-B"", ""nfev"": 12, ""nit"": 10, ""status"": 0, ""success"": true, ""x"": [0.0, 0.77480665879973]}], ""poisson_canonical_agreement_abs"": 0.0, ""solver_path"": ""poisson_convex"", ""uncertified_profiles"": 0}"
foul_leaves_5_team,team-quarter,2021-22,9840,optimization,FTM,2,FTA,2,NB,31699.110560919566,-15835.763963974714,[0.7747916014557821],"{""p"": 0.9997710934544973, ""r"": 0.006887104560344355}",3,True,optimizer_converged_lbfgsb,29,210,2,-15835.939946253151,0.17598227843700442,0.7538030999712646,"{""binomial_discrete_residual_mean"": null, ""binomial_discrete_residual_variance"": null, ""binomial_h_extension_used"": null, ""binomial_n_candidates"": 0, ""binomial_n_max"": null, ""binomial_n_min"": null, ""binomial_n_policy"": null, ""binomial_n_tie_break"": null, ""certified_profiles"": 1, ""optimizer_powell_attempted"": false, ""optimizer_powell_success"": false, ""optimizer_primary_failed_starts"": 0, ""optimizer_primary_successful_starts"": 2, ""optimizer_results"": [{""fun"": 15835.769286664312, ""jac"": [-0.003637978788811745, 0.006002665031700367, -0.0061845634603428365], ""message"": ""CONVERGENCE: REL_REDUCTION_OF_F_<=_FACTR*EPSMCH"", ""method"": ""L-BFGS-B"", ""nfev"": 24, ""nit"": 3, ""status"": 0, ""success"": true, ""x"": [0.774804914174903, -2.9000585716294415e-05, 11.512933354288805]}, {""fun"": 15835.763963974714, ""jac"": [-1.0173607682912045, 0.012732925902204983, -0.0007275957012168043], ""message"": ""CONVERGENCE: REL_REDUCTION_OF_F_<=_FACTR*EPSMCH"", ""method"": ""L-BFGS-B"", ""nfev"": 184, ""nit"": 26, ""status"": 0, ""success"": true, ""x"": [0.7747916014557821, -4.97810452025744, 8.381967803198032]}], ""solver_path"": ""general_convolution"", ""uncertified_profiles"": 0}"
foul_leaves_5_team,team-quarter,2021-22,9840,optimization,FTM,2,FTA,2,ZIP,31699.108549494187,-15835.762958262025,[0.774806656644368],"{""lam"": 9.999999999999996e-11, ""rho"": 1.0000000000000007e-09}",3,True,optimizer_converged_lbfgsb,34,174,2,-15835.933353789438,0.17039552741334774,0.17758139997022226,"{""binomial_discrete_residual_mean"": null, ""binomial_discrete_residual_variance"": null, ""binomial_h_extension_used"": null, ""binomial_n_candidates"": 0, ""binomial_n_max"": null, ""binomial_n_min"": null, ""binomial_n_policy"": null, ""binomial_n_tie_break"": null, ""certified_profiles"": 1, ""optimizer_powell_attempted"": false, ""optimizer_powell_success"": false, ""optimizer_primary_failed_starts"": 0, ""optimizer_primary_successful_starts"": 2, ""optimizer_results"": [{""fun"": 15835.762958262025, ""jac"": [0.00018189893944058725, 0.0, 0.0], ""message"": ""CONVERGENCE: REL_REDUCTION_OF_F_<=_FACTR*EPSMCH"", ""method"": ""L-BFGS-B"", ""nfev"": 24, ""nit"": 3, ""status"": 0, ""success"": true, ""x"": [0.774806656644368, -23.025850929940457, -20.72326583594641]}, {""fun"": 15835.763134286728, ""jac"": [0.26448105794661386, 0.00036379785060840214, 0.0], ""message"": ""CONVERGENCE: REL_REDUCTION_OF_F_<=_FACTR*EPSMCH"", ""method"": ""L-BFGS-B"", ""nfev"": 148, ""nit"": 31, ""status"": 0, ""success"": true, ""x"": [0.7748104455428313, -13.799159950879057, 0.9797427528627529]}], ""solver_path"": ""general_convolution"", ""uncertified_profiles"": 0}"
foul_leaves_5_team,team-quarter,2021-22,9840,optimization,FTM,2,FTA,2,Geom,31689.91433964328,-15835.762958831594,[0.774806655090309],"{""p"": 0.9999999989999999}",2,True,optimizer_converged_lbfgsb,27,107,2,-15835.933354382745,0.17039555115115945,9.680549099983182,"{""binomial_discrete_residual_mean"": null, ""binomial_discrete_residual_variance"": null, ""binomial_h_extension_used"": null, ""binomial_n_candidates"": 0, ""binomial_n_max"": null, ""binomial_n_min"": null, ""binomial_n_policy"": null, ""binomial_n_tie_break"": null, ""certified_profiles"": 1, ""optimizer_powell_attempted"": false, ""optimizer_powell_success"": false, ""optimizer_primary_failed_starts"": 0, ""optimizer_primary_successful_starts"": 2, ""optimizer_results"": [{""fun"": 15835.762958831594, ""jac"": [0.0003637978788811745, 0.0], ""message"": ""CONVERGENCE: REL_REDUCTION_OF_F_<=_FACTR*EPSMCH"", ""method"": ""L-BFGS-B"", ""nfev"": 18, ""nit"": 3, ""status"": 0, ""success"": true, ""x"": [0.774806655090309, 20.723265864228342]}, {""fun"": 15835.765563579333, ""jac"": [0.4400135345067806, -0.0023646860289546143], ""message"": ""CONVERGENCE: REL_REDUCTION_OF_F_<=_FACTR*EPSMCH"", ""method"": ""L-BFGS-B"", ""nfev"": 87, ""nit"": 24, ""status"": 0, ""success"": true, ""x"": [0.7748123231926921, 12.40096602791873]}], ""solver_path"": ""general_convolution"", ""uncertified_profiles"": 0}"
foul_leaves_5_team,team-quarter,2021-22,9840,optimization,FTM,2,FTA,2,Binomial,31689.914340909,-15835.762959464453,[0.7748066492109387],"{""n"": 2, ""p"": 1.0000000000000007e-09}",2,True,optimizer_converged_lbfgsb,37,143,2,-15835.933355041974,0.17039557752104884,0.38356909999856725,"{""binomial_discrete_residual_mean"": -0.012079357933747481, ""binomial_discrete_residual_variance"": -3.2062147358882704, ""binomial_h_extension_used"": true, ""binomial_n_candidates"": 1, ""binomial_n_max"": 2, ""binomial_n_min"": 2, ""binomial_n_policy"": ""paper_H_binomial_discrete_index_continuous_full_mle"", ""binomial_n_tie_break"": ""not_applicable_single_mom_index"", ""certified_profiles"": 1, ""optimizer_powell_attempted"": false, ""optimizer_powell_success"": false, ""optimizer_primary_failed_starts"": 0, ""optimizer_primary_successful_starts"": 2, ""optimizer_results"": [{""fun"": 15835.762959464453, ""jac"": [-0.00018189893944058725, 0.0], ""message"": ""CONVERGENCE: REL_REDUCTION_OF_F_<=_FACTR*EPSMCH"", ""method"": ""L-BFGS-B"", ""nfev"": 18, ""nit"": 3, ""status"": 0, ""success"": true, ""x"": [0.7748066492109387, -20.72326583594641]}, {""fun"": 15835.76298245355, ""jac"": [0.0, 0.0], ""message"": ""CONVERGENCE: NORM_OF_PROJECTED_GRADIENT_<=_PGTOL"", ""method"": ""L-BFGS-B"", ""nfev"": 123, ""nit"": 34, ""status"": 0, ""success"": true, ""x"": [0.774806643436386, -17.770285810661075]}], ""solver_path"": ""general_convolution"", ""uncertified_profiles"": 0}"
foul_leaves_5_team,team-quarter,2021-22,9840,optimization,FTM,2,FTA,2,Bernoulli,31689.914339643285,-15835.762958831596,[0.7748066545386629],"{""p"": 1.0000000000000007e-09}",2,True,optimizer_converged_lbfgsb,39,149,2,-15835.933354382745,0.17039555114934046,0.2868205000413582,"{""binomial_discrete_residual_mean"": null, ""binomial_discrete_residual_variance"": null, ""binomial_h_extension_used"": null, ""binomial_n_candidates"": 0, ""binomial_n_max"": null, ""binomial_n_min"": null, ""binomial_n_policy"": null, ""binomial_n_tie_break"": null, ""certified_profiles"": 1, ""optimizer_powell_attempted"": false, ""optimizer_powell_success"": false, ""optimizer_primary_failed_starts"": 0, ""optimizer_primary_successful_starts"": 2, ""optimizer_results"": [{""fun"": 15835.762958831596, ""jac"": [0.00018189893944058725, 0.0], ""message"": ""CONVERGENCE: REL_REDUCTION_OF_F_<=_FACTR*EPSMCH"", ""method"": ""L-BFGS-B"", ""nfev"": 18, ""nit"": 3, ""status"": 0, ""success"": true, ""x"": [0.7748066545386629, -20.72326583594641]}, {""fun"": 15835.763042459124, ""jac"": [0.00018189893944058725, 0.0], ""message"": ""CONVERGENCE: REL_REDUCTION_OF_F_<=_FACTR*EPSMCH"", ""method"": ""L-BFGS-B"", ""nfev"": 129, ""nit"": 36, ""status"": 0, ""success"": true, ""x"": [0.7748066331952168, -15.831841543395145]}], ""solver_path"": ""general_convolution"", ""uncertified_profiles"": 0}"
foul_leaves_5_team,team-quarter,2021-22,9840,optimization,FTM,2,FOUL;FTA,3,Poisson,31699.108549367615,-15835.762958198738,"[0.0, 0.7748066628435248]","{""lam"": 0.0}",3,True,poisson_convex_mle,11,17,2,-15840.139405171816,4.376446973077691,0.022877899988088757,"{""binomial_discrete_residual_mean"": null, ""binomial_discrete_residual_variance"": null, ""binomial_h_extension_used"": null, ""binomial_n_candidates"": 0, ""binomial_n_max"": null, ""binomial_n_min"": null, ""binomial_n_policy"": null, ""binomial_n_tie_break"": null, ""certified_profiles"": 1, ""optimizer_primary_failed_starts"": 0, ""optimizer_primary_successful_starts"": 2, ""optimizer_results"": [{""fun"": 15840.139405171816, ""jac"": [765.4803240551771, 1878.6792844102886, 769.2432077536621], ""message"": ""CONVERGENCE: REL_REDUCTION_OF_F_<=_FACTR*EPSMCH"", ""method"": ""L-BFGS-B"", ""nfev"": 3, ""nit"": 1, ""status"": 0, ""success"": true, ""x"": [0.0, 0.0, 0.7861304706658406]}, {""fun"": 15835.762958198738, ""jac"": [632.8561200852389, 1263.4557133420135, 0.0002785633827500078], ""message"": ""CONVERGENCE: REL_REDUCTION_OF_F_<=_FACTR*EPSMCH"", ""method"": ""L-BFGS-B"", ""nfev"": 12, ""nit"": 10, ""status"": 0, ""success"": true, ""x"": [0.0, 0.0, 0.7748066628435248]}], ""poisson_canonical_agreement_abs"": 0.0, ""solver_path"": ""poisson_convex"", ""uncertified_profiles"": 0}"
foul_leaves_5_team,team-quarter,2021-22,9840,optimization,FTM,2,FOUL;FTA,3,NB,31708.304665595155,-15835.763910817484,"[0.0, 0.7748107901153409]","{""p"": 0.9998107864035468, ""r"": 0.007946275546500708}",4,True,optimizer_converged_lbfgsb,27,242,2,-15840.147060207917,4.3831493904326635,0.7959627999807708,"{""binomial_discrete_residual_mean"": null, ""binomial_discrete_residual_variance"": null, ""binomial_h_extension_used"": null, ""binomial_n_candidates"": 0, ""binomial_n_max"": null, ""binomial_n_min"": null, ""binomial_n_policy"": null, ""binomial_n_tie_break"": null, ""certified_profiles"": 1, ""optimizer_powell_attempted"": false, ""optimizer_powell_success"": false, ""optimizer_primary_failed_starts"": 0, ""optimizer_primary_successful_starts"": 2, ""optimizer_results"": [{""fun"": 15835.769285602095, ""jac"": [1263.4751328732818, -0.0025465851521682217, 0.006184563972059114, -0.00673026023625544], ""message"": ""CONVERGENCE: REL_REDUCTION_OF_F_<=_FACTR*EPSMCH"", ""method"": ""L-BFGS-B"", ""nfev"": 35, ""nit"": 4, ""status"": 0, ""success"": true, ""x"": [0.0, 0.7748049109486549, -9.928514599964008e-05, 11.513030929925034]}, {""fun"": 15835.763910817484, ""jac"": [1263.7012332561426, 0.30377122886578073, -0.01091393648760427, -0.0014551914024336086], ""message"": ""CONVERGENCE: REL_REDUCTION_OF_F_<=_FACTR*EPSMCH"", ""method"": ""L-BFGS-B"", ""nfev"": 205, ""nit"": 23, ""status"": 0, ""success"": true, ""x"": [0.0, 0.7748107901153409, -4.83505194480604, 8.572444809568216]}], ""solver_path"": ""general_convolution"", ""uncertified_profiles"": 0}"
foul_leaves_5_team,team-quarter,2021-22,9840,optimization,FTM,2,FOUL;FTA,3,ZIP,31708.302760484235,-15835.762958262025,"[0.0, 0.7748066543001174]","{""lam"": 9.999999999999996e-11, ""rho"": 1.0000000000000007e-09}",4,True,optimizer_converged_lbfgsb,41,257,2,-15840.139405248365,4.376446986339943,0.2619852000498213,"{""binomial_discrete_residual_mean"": null, ""binomial_discrete_residual_variance"": null, ""binomial_h_extension_used"": null, ""binomial_n_candidates"": 0, ""binomial_n_max"": null, ""binomial_n_min"": null, ""binomial_n_policy"": null, ""binomial_n_tie_break"": null, ""certified_profiles"": 1, ""optimizer_powell_attempted"": false, ""optimizer_powell_success"": false, ""optimizer_primary_failed_starts"": 0, ""optimizer_primary_successful_starts"": 2, ""optimizer_results"": [{""fun"": 15835.762958262025, ""jac"": [1263.4554877877235, 0.0, 0.0, 0.0], ""message"": ""CONVERGENCE: NORM_OF_PROJECTED_GRADIENT_<=_PGTOL"", ""method"": ""L-BFGS-B"", ""nfev"": 35, ""nit"": 4, ""status"": 0, ""success"": true, ""x"": [0.0, 0.7748066543001174, -23.025850929940457, -20.72326583594641]}, {""fun"": 15835.762985409714, ""jac"": [1263.455669686664, 0.0, 0.0, 0.0], ""message"": ""CONVERGENCE: NORM_OF_PROJECTED_GRADIENT_<=_PGTOL"", ""method"": ""L-BFGS-B"", ""nfev"": 220, ""nit"": 37, ""status"": 0, ""success"": true, ""x"": [0.0, 0.7748066484582924, -15.928324959944097, 0.5942952311263986]}], ""solver_path"": ""general_convolution"", ""uncertified_profiles"": 0}"
foul_leaves_5_team,team-quarter,2021-22,9840,optimization,FTM,2,FOUL;FTA,3,Geom,31699.10855063333,-15835.762958831596,"[0.0, 0.7748066558207456]","{""p"": 0.9999999989999999}",3,True,optimizer_converged_lbfgsb,29,146,2,-15840.139405937298,4.376447105702027,14.627866499999072,"{""binomial_discrete_residual_mean"": null, ""binomial_discrete_residual_variance"": null, ""binomial_h_extension_used"": null, ""binomial_n_candidates"": 0, ""binomial_n_max"": null, ""binomial_n_min"": null, ""binomial_n_policy"": null, ""binomial_n_tie_break"": null, ""certified_profiles"": 1, ""optimizer_powell_attempted"": false, ""optimizer_powell_success"": false, ""optimizer_primary_failed_starts"": 0, ""optimizer_primary_successful_starts"": 2, ""optimizer_results"": [{""fun"": 15835.762958831596, ""jac"": [1263.4553058887832, 0.00018189893944058725, 0.0], ""message"": ""CONVERGENCE: REL_REDUCTION_OF_F_<=_FACTR*EPSMCH"", ""method"": ""L-BFGS-B"", ""nfev"": 28, ""nit"": 4, ""status"": 0, ""success"": true, ""x"": [0.0, 0.7748066558207456, 20.723265857703108]}, {""fun"": 15835.764678783944, ""jac"": [1263.3774531423114, -0.10477378911777827, -0.0018189892530420108], ""message"": ""CONVERGENCE: REL_REDUCTION_OF_F_<=_FACTR*EPSMCH"", ""method"": ""L-BFGS-B"", ""nfev"": 116, ""nit"": 25, ""status"": 0, ""success"": true, ""x"": [0.0, 0.7748046684122076, 12.815386152617892]}], ""solver_path"": ""general_convolution"", ""uncertified_profiles"": 0}"
foul_leaves_5_team,team-quarter,2021-22,9840,optimization,FTM,2,FOUL;FTA,3,Binomial,31699.10855189904,-15835.762959464451,"[0.0, 0.7748066549151047]","{""n"": 2, ""p"": 1.000000001606829e-09}",3,True,optimizer_converged_lbfgsb,31,154,2,-15840.139406702778,4.376447238326364,0.38591990002896637,"{""binomial_discrete_residual_mean"": -0.061455846033321215, ""binomial_discrete_residual_variance"": -3.4298972493194286, ""binomial_h_extension_used"": true, ""binomial_n_candidates"": 1, ""binomial_n_max"": 2, ""binomial_n_min"": 2, ""binomial_n_policy"": ""paper_H_binomial_discrete_index_continuous_full_mle"", ""binomial_n_tie_break"": ""not_applicable_single_mom_index"", ""certified_profiles"": 1, ""optimizer_powell_attempted"": false, ""optimizer_powell_success"": false, ""optimizer_primary_failed_starts"": 0, ""optimizer_primary_successful_starts"": 2, ""optimizer_results"": [{""fun"": 15835.762959464451, ""jac"": [1263.4553058887832, 0.00018189893944058725, 0.0], ""message"": ""CONVERGENCE: REL_REDUCTION_OF_F_<=_FACTR*EPSMCH"", ""method"": ""L-BFGS-B"", ""nfev"": 28, ""nit"": 4, ""status"": 0, ""success"": true, ""x"": [0.0, 0.7748066549151047, -20.723265834339582]}, {""fun"": 15835.764909705453, ""jac"": [1263.349076907616, -0.1413354759453363, 0.002182787103650413], ""message"": ""CONVERGENCE: REL_REDUCTION_OF_F_<=_FACTR*EPSMCH"", ""method"": ""L-BFGS-B"", ""nfev"": 124, ""nit"": 27, ""status"": 0, ""success"": true, ""x"": [0.0, 0.774804070302786, -13.382617311442154]}], ""solver_path"": ""general_convolution"", ""uncertified_profiles"": 0}"
foul_leaves_5_team,team-quarter,2021-22,9840,optimization,FTM,2,FOUL;FTA,3,Bernoulli,31699.108550633326,-15835.762958831594,"[0.0, 0.7748066544836768]","{""p"": 1.0000000000000007e-09}",3,True,optimizer_converged_lbfgsb,39,198,2,-15840.1394059373,4.376447105705665,0.3691450000042096,"{""binomial_discrete_residual_mean"": null, ""binomial_discrete_residual_variance"": null, ""binomial_h_extension_used"": null, ""binomial_n_candidates"": 0, ""binomial_n_max"": null, ""binomial_n_min"": null, ""binomial_n_policy"": null, ""binomial_n_tie_break"": null, ""certified_profiles"": 1, ""optimizer_powell_attempted"": false, ""optimizer_powell_success"": false, ""optimizer_primary_failed_starts"": 0, ""optimizer_primary_successful_starts"": 2, ""optimizer_results"": [{""fun"": 15835.762958831594, ""jac"": [1263.4554877877235, 0.00018189893944058725, 0.0], ""message"": ""CONVERGENCE: REL_REDUCTION_OF_F_<=_FACTR*EPSMCH"", ""method"": ""L-BFGS-B"", ""nfev"": 28, ""nit"": 4, ""status"": 0, ""success"": true, ""x"": [0.0, 0.7748066544836768, -20.72326583594641]}, {""fun"": 15835.763087059671, ""jac"": [1263.4565791813657, 0.0005456968183217618, 0.0], ""message"": ""CONVERGENCE: REL_REDUCTION_OF_F_<=_FACTR*EPSMCH"", ""method"": ""L-BFGS-B"", ""nfev"": 168, ""nit"": 35, ""status"": 0, ""success"": true, ""x"": [0.0, 0.7748066268658552, -15.407019469691788]}], ""solver_path"": ""general_convolution"", ""uncertified_profiles"": 0}"
foul_leaves_5_team,team-quarter,2021-22,9840,optimization,FTM,2,PERS_FOUL_DRAWN,8,Poisson,49586.91066637538,-24784.261122197644,[0.41669272119531064],"{""lam"": 3.456668986397733}",2,True,poisson_convex_mle,12,18,2,-24790.194324595886,5.933202398242429,0.03037900000344962,"{""binomial_discrete_residual_mean"": null, ""binomial_discrete_residual_variance"": null, ""binomial_h_extension_used"": null, ""binomial_n_candidates"": 0, ""binomial_n_max"": null, ""binomial_n_min"": null, ""binomial_n_policy"": null, ""binomial_n_tie_break"": null, ""certified_profiles"": 1, ""optimizer_primary_failed_starts"": 0, ""optimizer_primary_successful_starts"": 2, ""optimizer_results"": [{""fun"": 24784.261122197644, ""jac"": [-3.0587783503399635e-05, 1.950566254482755e-05], ""message"": ""CONVERGENCE: REL_REDUCTION_OF_F_<=_FACTR*EPSMCH"", ""method"": ""L-BFGS-B"", ""nfev"": 7, ""nit"": 5, ""status"": 0, ""success"": true, ""x"": [3.456668986397733, 0.41669272119531064]}, {""fun"": 24784.261122197644, ""jac"": [-2.3605958516026426e-05, 8.207263646664575e-05], ""message"": ""CONVERGENCE: REL_REDUCTION_OF_F_<=_FACTR*EPSMCH"", ""method"": ""L-BFGS-B"", ""nfev"": 9, ""nit"": 7, ""status"": 0, ""success"": true, ""x"": [3.456668970688958, 0.4166927327837556]}], ""poisson_canonical_agreement_abs"": 0.0, ""solver_path"": ""poisson_convex"", ""uncertified_profiles"": 0}"
foul_leaves_5_team,team-quarter,2021-22,9840,optimization,FTM,2,PERS_FOUL_DRAWN,8,NB,47076.529947854455,-23524.47365744216,[0.32442423965849115],"{""p"": 0.46416861506071766, ""r"": 3.1379084949828284}",3,True,optimizer_converged_lbfgsb,16,86,2,-23525.830152479648,1.356495037489367,0.32547849998809397,"{""binomial_discrete_residual_mean"": null, ""binomial_discrete_residual_variance"": null, ""binomial_h_extension_used"": null, ""binomial_n_candidates"": 0, ""binomial_n_max"": null, ""binomial_n_min"": null, ""binomial_n_policy"": null, ""binomial_n_tie_break"": null, ""certified_profiles"": 1, ""optimizer_powell_attempted"": false, ""optimizer_powell_success"": false, ""optimizer_primary_failed_starts"": 0, ""optimizer_primary_successful_starts"": 2, ""optimizer_results"": [{""fun"": 23524.47365744216, ""jac"": [0.0018189894045032922, 0.004001776712121566, -0.003274180928105926], ""message"": ""CONVERGENCE: REL_REDUCTION_OF_F_<=_FACTR*EPSMCH"", ""method"": ""L-BFGS-B"", ""nfev"": 44, ""nit"": 8, ""status"": 0, ""success"": true, ""x"": [0.32442423965849115, 1.1435564935870186, -0.1435716505010039]}, {""fun"": 23524.47365744662, ""jac"": [-0.0029103830472052674, 0.0025465851804409964, -0.0003637978809006584], ""message"": ""CONVERGENCE: REL_REDUCTION_OF_F_<=_FACTR*EPSMCH"", ""method"": ""L-BFGS-B"", ""nfev"": 40, ""nit"": 8, ""status"": 0, ""success"": true, ""x"": [0.3244228602088988, 1.1435585571427465, -0.14357000750340365]}], ""solver_path"": ""general_convolution"", ""uncertified_profiles"": 0}"
foul_leaves_5_team,team-quarter,2021-22,9840,optimization,FTM,2,PERS_FOUL_DRAWN,8,ZIP,47459.529034478765,-23715.973200754313,[0.5239566238094164],"{""lam"": 3.9938453906757454, ""rho"": 0.18273229288989012}",3,True,optimizer_converged_lbfgsb,21,102,2,-23901.367004030126,185.3938032758124,0.11801510001532733,"{""binomial_discrete_residual_mean"": null, ""binomial_discrete_residual_variance"": null, ""binomial_h_extension_used"": null, ""binomial_n_candidates"": 0, ""binomial_n_max"": null, ""binomial_n_min"": null, ""binomial_n_policy"": null, ""binomial_n_tie_break"": null, ""certified_profiles"": 1, ""optimizer_powell_attempted"": false, ""optimizer_powell_success"": false, ""optimizer_primary_failed_starts"": 0, ""optimizer_primary_successful_starts"": 2, ""optimizer_results"": [{""fun"": 23715.973200754313, ""jac"": [0.0, -0.0007275957658402848, 0.0], ""message"": ""CONVERGENCE: REL_REDUCTION_OF_F_<=_FACTR*EPSMCH"", ""method"": ""L-BFGS-B"", ""nfev"": 48, ""nit"": 10, ""status"": 0, ""success"": true, ""x"": [0.5239566238094164, 1.3847545238476981, -1.497944510664909]}, {""fun"": 23715.973200754408, ""jac"": [0.0, 0.0007275957658402848, 0.0003637978829201424], ""message"": ""CONVERGENCE: REL_REDUCTION_OF_F_<=_FACTR*EPSMCH"", ""method"": ""L-BFGS-B"", ""nfev"": 52, ""nit"": 11, ""status"": 0, ""success"": true, ""x"": [0.5239564336059709, 1.3847545788182138, -1.497944927526892]}], ""solver_path"": ""general_convolution"", ""uncertified_profiles"": 0}"
foul_leaves_5_team,team-quarter,2021-22,9840,optimization,FTM,2,PERS_FOUL_DRAWN,8,Geom,48155.64837004107,-24068.62997403049,[0.7266456574574139],"{""p"": 0.256407288224625}",2,True,optimizer_converged_lbfgsb,11,71,2,-24203.41820143767,134.7882274071817,0.12172980001196265,"{""binomial_discrete_residual_mean"": null, ""binomial_discrete_residual_variance"": null, ""binomial_h_extension_used"": null, ""binomial_n_candidates"": 0, ""binomial_n_max"": null, ""binomial_n_min"": null, ""binomial_n_policy"": null, ""binomial_n_tie_break"": null, ""certified_profiles"": 1, ""optimizer_powell_attempted"": false, ""optimizer_powell_success"": false, ""optimizer_primary_failed_starts"": 0, ""optimizer_primary_successful_starts"": 2, ""optimizer_results"": [{""fun"": 24068.629974030497, ""jac"": [0.0, 0.0003637978829201424], ""message"": ""CONVERGENCE: REL_REDUCTION_OF_F_<=_FACTR*EPSMCH"", ""method"": ""L-BFGS-B"", ""nfev"": 21, ""nit"": 5, ""status"": 0, ""success"": true, ""x"": [0.7266456718032809, -1.0647262848985835]}, {""fun"": 24068.62997403049, ""jac"": [0.0003637978788811745, 0.0], ""message"": ""CONVERGENCE: REL_REDUCTION_OF_F_<=_FACTR*EPSMCH"", ""method"": ""L-BFGS-B"", ""nfev"": 48, ""nit"": 6, ""status"": 0, ""success"": true, ""x"": [0.7266456574574139, -1.0647263046733437]}], ""solver_path"": ""general_convolution"", ""uncertified_profiles"": 0}"
foul_leaves_5_team,team-quarter,2021-22,9840,optimization,FTM,2,PERS_FOUL_DRAWN,8,Binomial,49850.65296776519,-24916.13227289255,[0.44190114220074145],"{""n"": 100, ""p"": 0.034113988732114735}",2,True,optimizer_converged_lbfgsb,11,47,2,-24917.755305786366,1.6230328938145249,0.2665273000020534,"{""binomial_discrete_residual_mean"": 3.364533622572411, ""binomial_discrete_residual_variance"": 7.166655402170715, ""binomial_h_extension_used"": true, ""binomial_n_candidates"": 1, ""binomial_n_max"": 100, ""binomial_n_min"": 100, ""binomial_n_policy"": ""paper_H_binomial_discrete_index_continuous_full_mle"", ""binomial_n_tie_break"": ""not_applicable_single_mom_index"", ""certified_profiles"": 1, ""optimizer_powell_attempted"": false, ""optimizer_powell_success"": false, ""optimizer_primary_failed_starts"": 0, ""optimizer_primary_successful_starts"": 2, ""optimizer_results"": [{""fun"": 24916.13227289255, ""jac"": [0.0, 0.001091393648760427], ""message"": ""CONVERGENCE: REL_REDUCTION_OF_F_<=_FACTR*EPSMCH"", ""method"": ""L-BFGS-B"", ""nfev"": 21, ""nit"": 5, ""status"": 0, ""success"": true, ""x"": [0.44190114220074145, -3.343338299574282]}, {""fun"": 24916.13227289256, ""jac"": [-0.0003637978809006584, -0.0007275957658402848], ""message"": ""CONVERGENCE: REL_REDUCTION_OF_F_<=_FACTR*EPSMCH"", ""method"": ""L-BFGS-B"", ""nfev"": 24, ""nit"": 6, ""status"": 0, ""success"": true, ""x"": [0.4419011445975285, -3.343338317941593]}], ""solver_path"": ""general_convolution"", ""uncertified_profiles"": 0}"
foul_leaves_5_team,team-quarter,2021-22,9840,optimization,FTM,2,PERS_FOUL_DRAWN,8,Bernoulli,inf,-inf,[],{},2,False,infeasible_conditional_support,0,0,0,-inf,0.0,6.630003917962313e-05,"{""binomial_discrete_residual_mean"": null, ""binomial_discrete_residual_variance"": null, ""binomial_h_extension_used"": null, ""binomial_n_candidates"": 0, ""binomial_n_max"": null, ""binomial_n_min"": null, ""binomial_n_policy"": null, ""binomial_n_tie_break"": null, ""certified_profiles"": 0, ""solver_path"": ""conditional_support_check"", ""support_violating_rows"": 1354, ""uncertified_profiles"": 0}"
foul_leaves_5_team,team-quarter,2021-22,9840,optimization,FTM,2,FOUL;PERS_FOUL_DRAWN,9,Poisson,39044.76651437876,-19508.59194070431,"[0.9399982738448474, 0.0]","{""lam"": 0.004219141496518143}",3,True,poisson_convex_mle,52,96,2,-19604.189844017026,95.59790331271506,0.12211220001336187,"{""binomial_discrete_residual_mean"": null, ""binomial_discrete_residual_variance"": null, ""binomial_h_extension_used"": null, ""binomial_n_candidates"": 0, ""binomial_n_max"": null, ""binomial_n_min"": null, ""binomial_n_policy"": null, ""binomial_n_tie_break"": null, ""certified_profiles"": 1, ""optimizer_primary_failed_starts"": 0, ""optimizer_primary_successful_starts"": 2, ""optimizer_results"": [{""fun"": 19550.5901576706, ""jac"": [238.85700849624143, -1163.2025166375831, 2059.9103692396484], ""message"": ""CONVERGENCE: REL_REDUCTION_OF_F_<=_FACTR*EPSMCH"", ""method"": ""L-BFGS-B"", ""nfev"": 46, ""nit"": 24, ""status"": 0, ""success"": true, ""x"": [0.07256320475549474, 0.9012590064753339, 0.0]}, {""fun"": 19508.59194070431, ""jac"": [0.0015926481223544897, 0.0004677236809129681, 2482.2580162725326], ""message"": ""CONVERGENCE: REL_REDUCTION_OF_F_<=_FACTR*EPSMCH"", ""method"": ""L-BFGS-B"", ""nfev"": 48, ""nit"": 28, ""status"": 0, ""success"": true, ""x"": [0.004219141496518143, 0.9399982738448474, 0.0]}], ""poisson_canonical_agreement_abs"": 0.0, ""solver_path"": ""poisson_convex"", ""uncertified_profiles"": 0}"
foul_leaves_5_team,team-quarter,2021-22,9840,optimization,FTM,2,FOUL;PERS_FOUL_DRAWN,9,NB,39053.9616265259,-19508.59239128286,"[0.9399985755306908, 0.0]","{""p"": 0.9997948561769063, ""r"": 20.556047860747366}",4,True,optimizer_converged_lbfgsb,20,252,2,-19594.98130793367,86.38891665081246,0.9769861999666318,"{""binomial_discrete_residual_mean"": null, ""binomial_discrete_residual_variance"": null, ""binomial_h_extension_used"": null, ""binomial_n_candidates"": 0, ""binomial_n_max"": null, ""binomial_n_min"": null, ""binomial_n_policy"": null, ""binomial_n_tie_break"": null, ""certified_profiles"": 1, ""optimizer_powell_attempted"": false, ""optimizer_powell_success"": false, ""optimizer_primary_failed_starts"": 0, ""optimizer_primary_successful_starts"": 2, ""optimizer_results"": [{""fun"": 19508.59239128286, ""jac"": [0.0010913936366435237, 2482.2580598993227, -0.0025465851804409964, 0.0], ""message"": ""CONVERGENCE: REL_REDUCTION_OF_F_<=_FACTR*EPSMCH"", ""method"": ""L-BFGS-B"", ""nfev"": 105, ""nit"": 19, ""status"": 0, ""success"": true, ""x"": [0.9399985755306908, 0.0, 3.0231551974376134, 8.49159408388045]}, {""fun"": 19594.98130793367, ""jac"": [2330.6256363173843, 3288.429434178397, 11027.169054445332, 0.0], ""message"": ""CONVERGENCE: REL_REDUCTION_OF_F_<=_FACTR*EPSMCH"", ""method"": ""L-BFGS-B"", ""nfev"": 145, ""nit"": 1, ""status"": 0, ""success"": true, ""x"": [0.9935553880243062, 0.0, -18.420680743952367, -20.72326583594641]}], ""solver_path"": ""general_convolution"", ""uncertified_profiles"": 0}"
foul_leaves_5_team,team-quarter,2021-22,9840,optimization,FTM,2,FOUL;PERS_FOUL_DRAWN,9,ZIP,39053.960725372424,-19508.59194070612,"[0.9399983229492496, 0.0]","{""lam"": 0.00421929695329963, ""rho"": 1.0000195700103246e-09}",4,True,optimizer_converged_lbfgsb,42,262,2,-19581.17367450558,72.58173379945947,0.28081959998235106,"{""binomial_discrete_residual_mean"": null, ""binomial_discrete_residual_variance"": null, ""binomial_h_extension_used"": null, ""binomial_n_candidates"": 0, ""binomial_n_max"": null, ""binomial_n_min"": null, ""binomial_n_policy"": null, ""binomial_n_tie_break"": null, ""certified_profiles"": 1, ""optimizer_powell_attempted"": false, ""optimizer_powell_success"": false, ""optimizer_primary_failed_starts"": 0, ""optimizer_primary_successful_starts"": 2, ""optimizer_results"": [{""fun"": 19508.591940707625, ""jac"": [0.017098500307415204, 2482.2635168675333, -0.0003637978829201424, 0.0], ""message"": ""CONVERGENCE: REL_REDUCTION_OF_F_<=_FACTR*EPSMCH"", ""method"": ""L-BFGS-B"", ""nfev"": 150, ""nit"": 23, ""status"": 0, ""success"": true, ""x"": [0.9399986279045572, 0.0, -5.468116555721351, -20.72326583594641]}, {""fun"": 19508.59194070612, ""jac"": [0.004365574546574095, 2482.259151292965, 0.0, 0.0], ""message"": ""CONVERGENCE: REL_REDUCTION_OF_F_<=_FACTR*EPSMCH"", ""method"": ""L-BFGS-B"", ""nfev"": 110, ""nit"": 19, ""status"": 0, ""success"": true, ""x"": [0.9399983229492496, 0.0, -5.468086763557492, -20.723246266127557]}], ""solver_path"": ""general_convolution"", ""uncertified_profiles"": 0}"
foul_leaves_5_team,team-quarter,2021-22,9840,optimization,FTM,2,FOUL;PERS_FOUL_DRAWN,9,Geom,39098.74389608888,-19535.580631559373,"[0.9411850290765874, 0.0]","{""p"": 0.999999997852483}",3,True,optimizer_converged_lbfgsb,11,210,2,-19599.584674536884,64.00404297751084,36.62253839999903,"{""binomial_discrete_residual_mean"": null, ""binomial_discrete_residual_variance"": null, ""binomial_h_extension_used"": null, ""binomial_n_candidates"": 0, ""binomial_n_max"": null, ""binomial_n_min"": null, ""binomial_n_policy"": null, ""binomial_n_tie_break"": null, ""certified_profiles"": 1, ""optimizer_powell_attempted"": false, ""optimizer_powell_success"": false, ""optimizer_primary_failed_starts"": 0, ""optimizer_primary_successful_starts"": 2, ""optimizer_results"": [{""fun"": 19540.738141209622, ""jac"": [1.1219526584695423, 2483.877324266359, 272.8291066702194], ""message"": ""CONVERGENCE: REL_REDUCTION_OF_F_<=_FACTR*EPSMCH"", ""method"": ""L-BFGS-B"", ""nfev"": 132, ""nit"": 6, ""status"": 0, ""success"": true, ""x"": [0.9409209008299623, 0.0, 22.53867260088617]}, {""fun"": 19535.580631559373, ""jac"": [13.462340507997864, 2488.1399440346286, 20.679361222133405], ""message"": ""CONVERGENCE: REL_REDUCTION_OF_F_<=_FACTR*EPSMCH"", ""method"": ""L-BFGS-B"", ""nfev"": 76, ""nit"": 5, ""status"": 0, ""success"": true, ""x"": [0.9411850290765874, 0.0, 19.95895356916845]}], ""solver_path"": ""general_convolution"", ""uncertified_profiles"": 0}"
foul_leaves_5_team,team-quarter,2021-22,9840,optimization,FTM,2,FOUL;PERS_FOUL_DRAWN,9,Binomial,39044.75723511307,-19508.587301071468,"[0.939995897426761, 0.0]","{""n"": 2, ""p"": 0.0021148047510273385}",3,True,optimizer_converged_lbfgsb,43,222,2,-19598.198381307386,89.61108023591805,0.5630885999999009,"{""binomial_discrete_residual_mean"": -2.625946628045784, ""binomial_discrete_residual_variance"": -7.0103826350472564, ""binomial_h_extension_used"": true, ""binomial_n_candidates"": 1, ""binomial_n_max"": 2, ""binomial_n_min"": 2, ""binomial_n_policy"": ""paper_H_binomial_discrete_index_continuous_full_mle"", ""binomial_n_tie_break"": ""not_applicable_single_mom_index"", ""certified_profiles"": 1, ""optimizer_powell_attempted"": false, ""optimizer_powell_success"": false, ""optimizer_primary_failed_starts"": 0, ""optimizer_primary_successful_starts"": 2, ""optimizer_results"": [{""fun"": 19508.587301071468, ""jac"": [-0.0010913936366435237, 2482.2580598993227, 0.0], ""message"": ""CONVERGENCE: REL_REDUCTION_OF_F_<=_FACTR*EPSMCH"", ""method"": ""L-BFGS-B"", ""nfev"": 112, ""nit"": 22, ""status"": 0, ""success"": true, ""x"": [0.939995897426761, 0.0, -6.156675742936084]}, {""fun"": 19508.587301073174, ""jac"": [0.000727595757762349, 2482.2584236972034, 0.0], ""message"": ""CONVERGENCE: REL_REDUCTION_OF_F_<=_FACTR*EPSMCH"", ""method"": ""L-BFGS-B"", ""nfev"": 108, ""nit"": 21, ""status"": 0, ""success"": true, ""x"": [0.939995951767205, 0.0, -6.156696811897526]}], ""solver_path"": ""general_convolution"", ""uncertified_profiles"": 0}"
foul_leaves_5_team,team-quarter,2021-22,9840,optimization,FTM,2,FOUL;PERS_FOUL_DRAWN,9,Bernoulli,39044.747924330644,-19508.582645680253,"[0.9399932749266493, 0.0]","{""p"": 0.004240045379181149}",3,True,optimizer_converged_lbfgsb,42,230,2,-19599.584674700367,91.0020290201137,0.4389641999732703,"{""binomial_discrete_residual_mean"": null, ""binomial_discrete_residual_variance"": null, ""binomial_h_extension_used"": null, ""binomial_n_candidates"": 0, ""binomial_n_max"": null, ""binomial_n_min"": null, ""binomial_n_policy"": null, ""binomial_n_tie_break"": null, ""certified_profiles"": 1, ""optimizer_powell_attempted"": false, ""optimizer_powell_success"": false, ""optimizer_primary_failed_starts"": 0, ""optimizer_primary_successful_starts"": 2, ""optimizer_results"": [{""fun"": 19508.582645701004, ""jac"": [-0.001455191515524698, 2482.258787495084, 0.0], ""message"": ""CONVERGENCE: REL_REDUCTION_OF_F_<=_FACTR*EPSMCH"", ""method"": ""L-BFGS-B"", ""nfev"": 120, ""nit"": 21, ""status"": 0, ""success"": true, ""x"": [0.9399936342573634, 0.0, -5.459020843903393]}, {""fun"": 19508.582645680253, ""jac"": [-0.01455191515524698, 2482.254058122635, -0.0003637978829201424], ""message"": ""CONVERGENCE: REL_REDUCTION_OF_F_<=_FACTR*EPSMCH"", ""method"": ""L-BFGS-B"", ""nfev"": 108, ""nit"": 21, ""status"": 0, ""success"": true, ""x"": [0.9399932749266493, 0.0, -5.458932247296656]}], ""solver_path"": ""general_convolution"", ""uncertified_profiles"": 0}"
foul_leaves_5_team,team-quarter,2021-22,9840,optimization,FTM,2,FTA;PERS_FOUL_DRAWN,10,Poisson,31699.108549367615,-15835.762958198738,"[0.7748066588006144, 0.0]","{""lam"": 0.0}",3,True,poisson_convex_mle,11,17,2,-15837.667171488461,1.9042132897229749,0.023131099995225668,"{""binomial_discrete_residual_mean"": null, ""binomial_discrete_residual_variance"": null, ""binomial_h_extension_used"": null, ""binomial_n_candidates"": 0, ""binomial_n_max"": null, ""binomial_n_min"": null, ""binomial_n_policy"": null, ""binomial_n_tie_break"": null, ""certified_profiles"": 1, ""optimizer_primary_failed_starts"": 0, ""optimizer_primary_successful_starts"": 2, ""optimizer_results"": [{""fun"": 15837.667171488461, ""jac"": [665.5621239154717, 177.00775099941237, 1114.2433136671918], ""message"": ""CONVERGENCE: REL_REDUCTION_OF_F_<=_FACTR*EPSMCH"", ""method"": ""L-BFGS-B"", ""nfev"": 3, ""nit"": 1, ""status"": 0, ""success"": true, ""x"": [0.0, 0.7768888086959781, 0.0015898216366433363]}, {""fun"": 15835.762958198738, ""jac"": [632.8560720427274, -9.136317657976178e-08, 1049.0825450071738], ""message"": ""CONVERGENCE: NORM_OF_PROJECTED_GRADIENT_<=_PGTOL"", ""method"": ""L-BFGS-B"", ""nfev"": 12, ""nit"": 10, ""status"": 0, ""success"": true, ""x"": [0.0, 0.7748066588006144, 0.0]}], ""poisson_canonical_agreement_abs"": 0.0, ""solver_path"": ""poisson_convex"", ""uncertified_profiles"": 0}"
foul_leaves_5_team,team-quarter,2021-22,9840,optimization,FTM,2,FTA;PERS_FOUL_DRAWN,10,NB,31708.305159875777,-15835.764157957796,"[0.7748029963420561, 0.0]","{""p"": 0.999793780817413, ""r"": 0.00918561685182121}",4,True,optimizer_converged_lbfgsb,29,187,2,-15837.67382734824,1.909669390444833,0.6749071999802254,"{""binomial_discrete_residual_mean"": null, ""binomial_discrete_residual_variance"": null, ""binomial_h_extension_used"": null, ""binomial_n_candidates"": 0, ""binomial_n_max"": null, ""binomial_n_min"": null, ""binomial_n_policy"": null, ""binomial_n_tie_break"": null, ""certified_profiles"": 1, ""optimizer_powell_attempted"": false, ""optimizer_powell_success"": false, ""optimizer_primary_failed_starts"": 0, ""optimizer_primary_successful_starts"": 2, ""optimizer_results"": [{""fun"": 15835.769286675884, ""jac"": [-0.009094946972029363, 1049.0937711438164, 0.005456968210636697, -0.0061845634603428365], ""message"": ""CONVERGENCE: REL_REDUCTION_OF_F_<=_FACTR*EPSMCH"", ""method"": ""L-BFGS-B"", ""nfev"": 30, ""nit"": 3, ""status"": 0, ""success"": true, ""x"": [0.7748048118034261, 0.0, -2.703687446829777e-05, 11.512933568870022]}, {""fun"": 15835.764157957796, ""jac"": [-0.23119355202898642, 1049.013008014299, 0.01218722907782477, -0.0034560795807798204], ""message"": ""CONVERGENCE: REL_REDUCTION_OF_F_<=_FACTR*EPSMCH"", ""method"": ""L-BFGS-B"", ""nfev"": 155, ""nit"": 26, ""status"": 0, ""success"": true, ""x"": [0.7748029963420561, 0.0, -4.690116403961354, 8.486364721224275]}], ""solver_path"": ""general_convolution"", ""uncertified_profiles"": 0}"
foul_leaves_5_team,team-quarter,2021-22,9840,optimization,FTM,2,FTA;PERS_FOUL_DRAWN,10,ZIP,31708.30276048521,-15835.762958262512,"[0.7748065393974325, 0.0]","{""lam"": 9.999999999999996e-11, ""rho"": 1.0000000000000007e-09}",4,True,optimizer_converged_lbfgsb,37,247,2,-15837.667171555015,1.9042132925023907,0.23723789997166023,"{""binomial_discrete_residual_mean"": null, ""binomial_discrete_residual_variance"": null, ""binomial_h_extension_used"": null, ""binomial_n_candidates"": 0, ""binomial_n_max"": null, ""binomial_n_min"": null, ""binomial_n_policy"": null, ""binomial_n_tie_break"": null, ""certified_profiles"": 1, ""optimizer_powell_attempted"": false, ""optimizer_powell_success"": false, ""optimizer_primary_failed_starts"": 0, ""optimizer_primary_successful_starts"": 2, ""optimizer_results"": [{""fun"": 15835.762958262512, ""jac"": [-0.0076397554565046655, 1049.0803106222302, 0.0, 0.0], ""message"": ""CONVERGENCE: REL_REDUCTION_OF_F_<=_FACTR*EPSMCH"", ""method"": ""L-BFGS-B"", ""nfev"": 30, ""nit"": 3, ""status"": 0, ""success"": true, ""x"": [0.7748065393974325, 0.0, -23.025850929940457, -20.72326583594641]}, {""fun"": 15835.762976523587, ""jac"": [-0.08039933123273957, 1049.0575732546858, 0.0, 0.0], ""message"": ""CONVERGENCE: REL_REDUCTION_OF_F_<=_FACTR*EPSMCH"", ""method"": ""L-BFGS-B"", ""nfev"": 215, ""nit"": 34, ""status"": 0, ""success"": true, ""x"": [0.7748054848695829, 0.0, -15.064606492513985, 2.1893075410835428]}], ""solver_path"": ""general_convolution"", ""uncertified_profiles"": 0}"
foul_leaves_5_team,team-quarter,2021-22,9840,optimization,FTM,2,FTA;PERS_FOUL_DRAWN,10,Geom,31699.1085506342,-15835.76295883203,"[0.7748065461681816, 0.0]","{""p"": 0.9999999989999999}",3,True,optimizer_converged_lbfgsb,33,182,2,-15837.667172154022,1.904213321991847,19.481285300047603,"{""binomial_discrete_residual_mean"": null, ""binomial_discrete_residual_variance"": null, ""binomial_h_extension_used"": null, ""binomial_n_candidates"": 0, ""binomial_n_max"": null, ""binomial_n_min"": null, ""binomial_n_policy"": null, ""binomial_n_tie_break"": null, ""certified_profiles"": 1, ""optimizer_powell_attempted"": false, ""optimizer_powell_success"": false, ""optimizer_primary_failed_starts"": 0, ""optimizer_primary_successful_starts"": 2, ""optimizer_results"": [{""fun"": 15835.76295883203, ""jac"": [-0.007821654395945253, 1049.0801287232898, 0.0], ""message"": ""CONVERGENCE: REL_REDUCTION_OF_F_<=_FACTR*EPSMCH"", ""method"": ""L-BFGS-B"", ""nfev"": 24, ""nit"": 3, ""status"": 0, ""success"": true, ""x"": [0.7748065461681816, 0.0, 20.723265845851984]}, {""fun"": 15835.762977169714, ""jac"": [0.7063135818478004, 1049.3022273294628, 0.0], ""message"": ""CONVERGENCE: REL_REDUCTION_OF_F_<=_FACTR*EPSMCH"", ""method"": ""L-BFGS-B"", ""nfev"": 156, ""nit"": 30, ""status"": 0, ""success"": true, ""x"": [0.7748168986186721, 0.0, 17.534340806710237]}], ""solver_path"": ""general_convolution"", ""uncertified_profiles"": 0}"
foul_leaves_5_team,team-quarter,2021-22,9840,optimization,FTM,2,FTA;PERS_FOUL_DRAWN,10,Binomial,31699.10855189995,-15835.762959464906,"[0.7748065435969095, 0.0]","{""n"": 2, ""p"": 1.0000000000000007e-09}",3,True,optimizer_converged_lbfgsb,32,158,2,-15837.667172819583,1.9042133546772675,0.3826685000094585,"{""binomial_discrete_residual_mean"": -0.014155161476874234, ""binomial_discrete_residual_variance"": -3.208294946973772, ""binomial_h_extension_used"": true, ""binomial_n_candidates"": 1, ""binomial_n_max"": 2, ""binomial_n_min"": 2, ""binomial_n_policy"": ""paper_H_binomial_discrete_index_continuous_full_mle"", ""binomial_n_tie_break"": ""not_applicable_single_mom_index"", ""certified_profiles"": 1, ""optimizer_powell_attempted"": false, ""optimizer_powell_success"": false, ""optimizer_primary_failed_starts"": 0, ""optimizer_primary_successful_starts"": 2, ""optimizer_results"": [{""fun"": 15835.762959464906, ""jac"": [-0.007457856517064078, 1049.0801287232898, 0.0], ""message"": ""CONVERGENCE: REL_REDUCTION_OF_F_<=_FACTR*EPSMCH"", ""method"": ""L-BFGS-B"", ""nfev"": 24, ""nit"": 3, ""status"": 0, ""success"": true, ""x"": [0.7748065435969095, 0.0, -20.72326583594641]}, {""fun"": 15835.763940748213, ""jac"": [-0.004911271364895856, 1049.0834029042162, 0.0009094946265210054], ""message"": ""CONVERGENCE: REL_REDUCTION_OF_F_<=_FACTR*EPSMCH"", ""method"": ""L-BFGS-B"", ""nfev"": 132, ""nit"": 29, ""status"": 0, ""success"": true, ""x"": [0.774806315722924, 0.0, -14.068749688687788]}], ""solver_path"": ""general_convolution"", ""uncertified_profiles"": 0}"
foul_leaves_5_team,team-quarter,2021-22,9840,optimization,FTM,2,FTA;PERS_FOUL_DRAWN,10,Bernoulli,31699.108550634137,-15835.762958832,"[0.7748065504863519, 0.0]","{""p"": 1.0000000000000007e-09}",3,True,optimizer_converged_lbfgsb,36,182,2,-15837.667172154022,1.9042133220227697,0.3782708999933675,"{""binomial_discrete_residual_mean"": null, ""binomial_discrete_residual_variance"": null, ""binomial_h_extension_used"": null, ""binomial_n_candidates"": 0, ""binomial_n_max"": null, ""binomial_n_min"": null, ""binomial_n_policy"": null, ""binomial_n_tie_break"": null, ""certified_profiles"": 1, ""optimizer_powell_attempted"": false, ""optimizer_powell_success"": false, ""optimizer_primary_failed_starts"": 0, ""optimizer_primary_successful_starts"": 2, ""optimizer_results"": [{""fun"": 15835.762958832, ""jac"": [-0.0070940586381829035, 1049.0801287232898, 0.0], ""message"": ""CONVERGENCE: REL_REDUCTION_OF_F_<=_FACTR*EPSMCH"", ""method"": ""L-BFGS-B"", ""nfev"": 24, ""nit"": 3, ""status"": 0, ""success"": true, ""x"": [0.7748065504863519, 0.0, -20.72326583594641]}, {""fun"": 15835.76326850157, ""jac"": [0.0, 1049.0830391063355, 0.00018189892530420107], ""message"": ""CONVERGENCE: REL_REDUCTION_OF_F_<=_FACTR*EPSMCH"", ""method"": ""L-BFGS-B"", ""nfev"": 156, ""nit"": 33, ""status"": 0, ""success"": true, ""x"": [0.7748065743143939, 0.0, -14.528204127154556]}], ""solver_path"": ""general_convolution"", ""uncertified_profiles"": 0}"
foul_leaves_5_team,team-quarter,2021-22,9840,optimization,FTM,2,FOUL;FTA;PERS_FOUL_DRAWN,11,Poisson,31708.302760357656,-15835.762958198735,"[0.0, 0.77480665883609, 0.0]","{""lam"": 0.0}",4,True,poisson_convex_mle,10,17,2,-15907.335141737532,71.57218353879762,0.032264300039969385,"{""binomial_discrete_residual_mean"": null, ""binomial_discrete_residual_variance"": null, ""binomial_h_extension_used"": null, ""binomial_n_candidates"": 0, ""binomial_n_max"": null, ""binomial_n_min"": null, ""binomial_n_policy"": null, ""binomial_n_tie_break"": null, ""certified_profiles"": 1, ""optimizer_primary_failed_starts"": 0, ""optimizer_primary_successful_starts"": 2, ""optimizer_results"": [{""fun"": 15907.335141737532, ""jac"": [1038.4652645418557, 3133.2742506585187, 2124.3028773320193, 1893.6310960141238], ""message"": ""CONVERGENCE: REL_REDUCTION_OF_F_<=_FACTR*EPSMCH"", ""method"": ""L-BFGS-B"", ""nfev"": 3, ""nit"": 1, ""status"": 0, ""success"": true, ""x"": [0.0, 0.0, 0.7969946321635739, 0.0322077560576986]}, {""fun"": 15835.762958198735, ""jac"": [632.8560724642832, 1263.4554924356376, 2.3537768072401377e-06, 1049.08254576822], ""message"": ""CONVERGENCE: REL_REDUCTION_OF_F_<=_FACTR*EPSMCH"", ""method"": ""L-BFGS-B"", ""nfev"": 12, ""nit"": 9, ""status"": 0, ""success"": true, ""x"": [0.0, 0.0, 0.77480665883609, 0.0]}], ""poisson_canonical_agreement_abs"": 0.0, ""solver_path"": ""poisson_convex"", ""uncertified_profiles"": 0}"
foul_leaves_5_team,team-quarter,2021-22,9840,optimization,FTM,2,FOUL;FTA;PERS_FOUL_DRAWN,11,NB,31717.498068795834,-15835.763506922802,"[0.0, 0.7748087603346157, 0.0]","{""p"": 0.9998659973420763, ""r"": 0.00646634970461907}",5,True,optimizer_converged_lbfgsb,29,242,2,-15907.345526602205,71.58201967940295,0.9772480999818072,"{""binomial_discrete_residual_mean"": null, ""binomial_discrete_residual_variance"": null, ""binomial_h_extension_used"": null, ""binomial_n_candidates"": 0, ""binomial_n_max"": null, ""binomial_n_min"": null, ""binomial_n_policy"": null, ""binomial_n_tie_break"": null, ""certified_profiles"": 1, ""optimizer_powell_attempted"": false, ""optimizer_powell_success"": false, ""optimizer_primary_failed_starts"": 0, ""optimizer_primary_successful_starts"": 2, ""optimizer_results"": [{""fun"": 15835.769283167543, ""jac"": [1263.47422337858, -0.003456079849371158, 1049.095044436399, 0.005275069270285715, -0.007821653788080647], ""message"": ""CONVERGENCE: REL_REDUCTION_OF_F_<=_FACTR*EPSMCH"", ""method"": ""L-BFGS-B"", ""nfev"": 54, ""nit"": 5, ""status"": 0, ""success"": true, ""x"": [0.0, 0.774804884339066, 0.0, -0.00029414685084363796, 11.51322090994473]}, {""fun"": 15835.763506922802, ""jac"": [1263.5822713491507, 0.15643308791890503, 1049.1326975170523, -0.012369128019284841, 0.0007275957012168043], ""message"": ""CONVERGENCE: REL_REDUCTION_OF_F_<=_FACTR*EPSMCH"", ""method"": ""L-BFGS-B"", ""nfev"": 186, ""nit"": 24, ""status"": 0, ""success"": true, ""x"": [0.0, 0.7748087603346157, 0.0, -5.041143517531855, 8.917516911321243]}], ""solver_path"": ""general_convolution"", ""uncertified_profiles"": 0}"
foul_leaves_5_team,team-quarter,2021-22,9840,optimization,FTM,2,FOUL;FTA;PERS_FOUL_DRAWN,11,ZIP,31717.496971474287,-15835.762958262028,"[0.0, 0.774806647584345, 0.0]","{""lam"": 9.999999999999996e-11, ""rho"": 1.0000000000000007e-09}",5,True,optimizer_converged_lbfgsb,35,278,2,-15907.335141841379,71.57218357935017,0.2993588999961503,"{""binomial_discrete_residual_mean"": null, ""binomial_discrete_residual_variance"": null, ""binomial_h_extension_used"": null, ""binomial_n_candidates"": 0, ""binomial_n_max"": null, ""binomial_n_min"": null, ""binomial_n_policy"": null, ""binomial_n_tie_break"": null, ""certified_profiles"": 1, ""optimizer_powell_attempted"": false, ""optimizer_powell_success"": false, ""optimizer_primary_failed_starts"": 0, ""optimizer_primary_successful_starts"": 2, ""optimizer_results"": [{""fun"": 15835.762958262028, ""jac"": [1263.4553058887832, -0.0003637978788811745, 1049.082311510574, 0.0, 0.0], ""message"": ""CONVERGENCE: REL_REDUCTION_OF_F_<=_FACTR*EPSMCH"", ""method"": ""L-BFGS-B"", ""nfev"": 54, ""nit"": 5, ""status"": 0, ""success"": true, ""x"": [0.0, 0.774806647584345, 0.0, -23.025850929940457, -20.72326583594641]}, {""fun"": 15835.76298002794, ""jac"": [1263.5000530281104, 0.0556610754688197, 1049.0999557077885, 0.0, 0.0], ""message"": ""CONVERGENCE: REL_REDUCTION_OF_F_<=_FACTR*EPSMCH"", ""method"": ""L-BFGS-B"", ""nfev"": 222, ""nit"": 30, ""status"": 0, ""success"": true, ""x"": [0.0, 0.774807456057434, 0.0, -15.512093978316592, 1.4632024085756954]}], ""solver_path"": ""general_convolution"", ""uncertified_profiles"": 0}"
foul_leaves_5_team,team-quarter,2021-22,9840,optimization,FTM,2,FOUL;FTA;PERS_FOUL_DRAWN,11,Geom,31708.30276162339,-15835.762958831601,"[0.0, 0.7748066422737159, 0.0]","{""p"": 0.9999999989999999}",4,True,optimizer_converged_lbfgsb,33,207,2,-15907.335142775999,71.5721839443977,22.256417600030545,"{""binomial_discrete_residual_mean"": null, ""binomial_discrete_residual_variance"": null, ""binomial_h_extension_used"": null, ""binomial_n_candidates"": 0, ""binomial_n_max"": null, ""binomial_n_min"": null, ""binomial_n_policy"": null, ""binomial_n_tie_break"": null, ""certified_profiles"": 1, ""optimizer_powell_attempted"": false, ""optimizer_powell_success"": false, ""optimizer_primary_failed_starts"": 0, ""optimizer_primary_successful_starts"": 2, ""optimizer_results"": [{""fun"": 15835.762958831601, ""jac"": [1263.4551239898428, -0.000727595757762349, 1049.0824934095144, 0.0], ""message"": ""CONVERGENCE: REL_REDUCTION_OF_F_<=_FACTR*EPSMCH"", ""method"": ""L-BFGS-B"", ""nfev"": 45, ""nit"": 5, ""status"": 0, ""success"": true, ""x"": [0.0, 0.7748066422737159, 0.0, 20.72326586235102]}, {""fun"": 15835.763020662147, ""jac"": [1263.4627637453377, 0.00873114909314819, 1049.0852218936197, 0.0], ""message"": ""CONVERGENCE: REL_REDUCTION_OF_F_<=_FACTR*EPSMCH"", ""method"": ""L-BFGS-B"", ""nfev"": 160, ""nit"": 28, ""status"": 0, ""success"": true, ""x"": [0.0, 0.7748067637675716, 0.0, 16.131181089196517]}], ""solver_path"": ""general_convolution"", ""uncertified_profiles"": 0}"
foul_leaves_5_team,team-quarter,2021-22,9840,optimization,FTM,2,FOUL;FTA;PERS_FOUL_DRAWN,11,Binomial,31708.302762889096,-15835.762959464455,"[0.0, 0.77480664849982, 0.0]","{""n"": 2, ""p"": 1.0000000050698438e-09}",4,True,optimizer_converged_lbfgsb,31,207,2,-15907.335143814464,71.57218435000868,0.5290495000081137,"{""binomial_discrete_residual_mean"": -0.17825686978932165, ""binomial_discrete_residual_variance"": -3.8162386640754846, ""binomial_h_extension_used"": true, ""binomial_n_candidates"": 1, ""binomial_n_max"": 2, ""binomial_n_min"": 2, ""binomial_n_policy"": ""paper_H_binomial_discrete_index_continuous_full_mle"", ""binomial_n_tie_break"": ""not_applicable_single_mom_index"", ""certified_profiles"": 1, ""optimizer_powell_attempted"": false, ""optimizer_powell_success"": false, ""optimizer_primary_failed_starts"": 0, ""optimizer_primary_successful_starts"": 2, ""optimizer_results"": [{""fun"": 15835.762959464455, ""jac"": [1263.4553058887832, -0.0005456968183217618, 1049.082311510574, -0.00018189892530420107], ""message"": ""CONVERGENCE: REL_REDUCTION_OF_F_<=_FACTR*EPSMCH"", ""method"": ""L-BFGS-B"", ""nfev"": 45, ""nit"": 5, ""status"": 0, ""success"": true, ""x"": [0.0, 0.77480664849982, 0.0, -20.723265830876567]}, {""fun"": 15835.764161337727, ""jac"": [1263.685044250451, 0.28230715401179146, 1049.1728971828707, 0.0010913935518252066], ""message"": ""CONVERGENCE: REL_REDUCTION_OF_F_<=_FACTR*EPSMCH"", ""method"": ""L-BFGS-B"", ""nfev"": 160, ""nit"": 26, ""status"": 0, ""success"": true, ""x"": [0.0, 0.7748104226225271, 0.0, -13.866690417820974]}], ""solver_path"": ""general_convolution"", ""uncertified_profiles"": 0}"
foul_leaves_5_team,team-quarter,2021-22,9840,optimization,FTM,2,FOUL;FTA;PERS_FOUL_DRAWN,11,Bernoulli,31708.30276162339,-15835.762958831601,"[0.0, 0.7748066445024343, 0.0]","{""p"": 1.0000000000000007e-09}",4,True,optimizer_converged_lbfgsb,39,237,2,-15907.335142775999,71.5721839443977,0.48239509999984875,"{""binomial_discrete_residual_mean"": null, ""binomial_discrete_residual_variance"": null, ""binomial_h_extension_used"": null, ""binomial_n_candidates"": 0, ""binomial_n_max"": null, ""binomial_n_min"": null, ""binomial_n_policy"": null, ""binomial_n_tie_break"": null, ""certified_profiles"": 1, ""optimizer_powell_attempted"": false, ""optimizer_powell_success"": false, ""optimizer_primary_failed_starts"": 0, ""optimizer_primary_successful_starts"": 2, ""optimizer_results"": [{""fun"": 15835.762958831601, ""jac"": [1263.4551239898428, -0.0003637978788811745, 1049.0824934095144, 0.0], ""message"": ""CONVERGENCE: REL_REDUCTION_OF_F_<=_FACTR*EPSMCH"", ""method"": ""L-BFGS-B"", ""nfev"": 45, ""nit"": 5, ""status"": 0, ""success"": true, ""x"": [0.0, 0.7748066445024343, 0.0, -20.72326583594641]}, {""fun"": 15835.763117415518, ""jac"": [1263.4918675757945, 0.04511093698126564, 1049.0970453247428, 0.00036379785060840214], ""message"": ""CONVERGENCE: REL_REDUCTION_OF_F_<=_FACTR*EPSMCH"", ""method"": ""L-BFGS-B"", ""nfev"": 190, ""nit"": 34, ""status"": 0, ""success"": true, ""x"": [0.0, 0.7748072610425171, 0.0, -15.195576736543995]}], ""solver_path"": ""general_convolution"", ""uncertified_profiles"": 0}"
foul_leaves_5_team,team-quarter,2021-22,9840,optimization,FTM,2,LOOSE_BALL_FOUL_DRAWN,16,Poisson,50291.87572895593,-25136.74365348792,[0.41206784153725956],"{""lam"": 4.092624191053612}",2,True,poisson_convex_mle,9,15,2,-25136.815857677444,0.07220418952420005,0.023881400004029274,"{""binomial_discrete_residual_mean"": null, ""binomial_discrete_residual_variance"": null, ""binomial_h_extension_used"": null, ""binomial_n_candidates"": 0, ""binomial_n_max"": null, ""binomial_n_min"": null, ""binomial_n_policy"": null, ""binomial_n_tie_break"": null, ""certified_profiles"": 1, ""optimizer_primary_failed_starts"": 0, ""optimizer_primary_successful_starts"": 2, ""optimizer_results"": [{""fun"": 25136.743653487923, ""jac"": [3.751282610431339e-05, 6.326011690638289e-05], ""message"": ""CONVERGENCE: REL_REDUCTION_OF_F_<=_FACTR*EPSMCH"", ""method"": ""L-BFGS-B"", ""nfev"": 6, ""nit"": 4, ""status"": 0, ""success"": true, ""x"": [4.092624189921782, 0.41206789070559185]}, {""fun"": 25136.74365348792, ""jac"": [1.1641858334909827e-05, 2.7098122925561796e-05], ""message"": ""CONVERGENCE: REL_REDUCTION_OF_F_<=_FACTR*EPSMCH"", ""method"": ""L-BFGS-B"", ""nfev"": 7, ""nit"": 5, ""status"": 0, ""success"": true, ""x"": [4.092624191053612, 0.41206784153725956]}], ""poisson_canonical_agreement_abs"": 0.0, ""solver_path"": ""poisson_convex"", ""uncertified_profiles"": 0}"
foul_leaves_5_team,team-quarter,2021-22,9840,optimization,FTM,2,LOOSE_BALL_FOUL_DRAWN,16,NB,47277.806910136256,-23625.11213858306,[0.34834390915373065],"{""p"": 0.47013284972941033, ""r"": 3.64666076106155}",3,True,optimizer_converged_lbfgsb,24,122,2,-23631.98752081672,6.875382233662094,0.4234557999880053,"{""binomial_discrete_residual_mean"": null, ""binomial_discrete_residual_variance"": null, ""binomial_h_extension_used"": null, ""binomial_n_candidates"": 0, ""binomial_n_max"": null, ""binomial_n_min"": null, ""binomial_n_policy"": null, ""binomial_n_tie_break"": null, ""certified_profiles"": 1, ""optimizer_powell_attempted"": false, ""optimizer_powell_success"": false, ""optimizer_primary_failed_starts"": 0, ""optimizer_primary_successful_starts"": 2, ""optimizer_results"": [{""fun"": 23625.11213858306, ""jac"": [0.0, 0.0, -0.0007275957618013168], ""message"": ""CONVERGENCE: REL_REDUCTION_OF_F_<=_FACTR*EPSMCH"", ""method"": ""L-BFGS-B"", ""nfev"": 56, ""nit"": 11, ""status"": 0, ""success"": true, ""x"": [0.34834390915373065, 1.2938118888714571, -0.11961100149659953]}, {""fun"": 23625.112138588614, ""jac"": [0.0014551915236026337, 0.005820766126722278, -0.008003553379814485], ""message"": ""CONVERGENCE: REL_REDUCTION_OF_F_<=_FACTR*EPSMCH"", ""method"": ""L-BFGS-B"", ""nfev"": 64, ""nit"": 13, ""status"": 0, ""success"": true, ""x"": [0.3483472661083423, 1.2938093431648094, -0.11961373197160104]}], ""solver_path"": ""general_convolution"", ""uncertified_profiles"": 0}"
foul_leaves_5_team,team-quarter,2021-22,9840,optimization,FTM,2,LOOSE_BALL_FOUL_DRAWN,16,ZIP,48544.83126830326,-24258.62431766656,[0.5697069885836592],"{""lam"": 4.4314814063341, ""rho"": 0.08616527315510912}",3,True,optimizer_converged_lbfgsb,22,114,2,-24991.72115149627,733.0968338297098,0.09465699997963384,"{""binomial_discrete_residual_mean"": null, ""binomial_discrete_residual_variance"": null, ""binomial_h_extension_used"": null, ""binomial_n_candidates"": 0, ""binomial_n_max"": null, ""binomial_n_min"": null, ""binomial_n_policy"": null, ""binomial_n_tie_break"": null, ""certified_profiles"": 1, ""optimizer_powell_attempted"": false, ""optimizer_powell_success"": false, ""optimizer_primary_failed_starts"": 0, ""optimizer_primary_successful_starts"": 2, ""optimizer_results"": [{""fun"": 24258.62431766656, ""jac"": [-0.000727595757762349, 0.0014551915316805696, 0.0003637978829201424], ""message"": ""CONVERGENCE: REL_REDUCTION_OF_F_<=_FACTR*EPSMCH"", ""method"": ""L-BFGS-B"", ""nfev"": 56, ""nit"": 11, ""status"": 0, ""success"": true, ""x"": [0.5697069885836592, 1.4887339313924326, -2.361382498214139]}, {""fun"": 24258.62431766747, ""jac"": [0.0, -0.002182787297520854, -0.0014551915316805696], ""message"": ""CONVERGENCE: REL_REDUCTION_OF_F_<=_FACTR*EPSMCH"", ""method"": ""L-BFGS-B"", ""nfev"": 56, ""nit"": 11, ""status"": 0, ""success"": true, ""x"": [0.5697074370738018, 1.4887337469371011, -2.3613862167698754]}], ""solver_path"": ""general_convolution"", ""uncertified_profiles"": 0}"
foul_leaves_5_team,team-quarter,2021-22,9840,optimization,FTM,2,LOOSE_BALL_FOUL_DRAWN,16,Geom,49642.63674046944,-24812.124159244675,[1.1919701924252224],"{""p"": 0.2049191176985934}",2,True,optimizer_converged_lbfgsb,10,44,2,-24914.515044957872,102.39088571319735,0.05398070003138855,"{""binomial_discrete_residual_mean"": null, ""binomial_discrete_residual_variance"": null, ""binomial_h_extension_used"": null, ""binomial_n_candidates"": 0, ""binomial_n_max"": null, ""binomial_n_min"": null, ""binomial_n_policy"": null, ""binomial_n_tie_break"": null, ""certified_profiles"": 1, ""optimizer_powell_attempted"": false, ""optimizer_powell_success"": false, ""optimizer_primary_failed_starts"": 0, ""optimizer_primary_successful_starts"": 2, ""optimizer_results"": [{""fun"": 24812.124159244675, ""jac"": [0.0003637978829201424, 0.0], ""message"": ""CONVERGENCE: REL_REDUCTION_OF_F_<=_FACTR*EPSMCH"", ""method"": ""L-BFGS-B"", ""nfev"": 21, ""nit"": 5, ""status"": 0, ""success"": true, ""x"": [1.1919701924252224, -1.3558284947510029]}, {""fun"": 24812.12415924477, ""jac"": [0.0, -0.001091393648760427], ""message"": ""CONVERGENCE: REL_REDUCTION_OF_F_<=_FACTR*EPSMCH"", ""method"": ""L-BFGS-B"", ""nfev"": 21, ""nit"": 5, ""status"": 0, ""success"": true, ""x"": [1.1919709056160133, -1.3558284757065862]}], ""solver_path"": ""general_convolution"", ""uncertified_profiles"": 0}"
foul_leaves_5_team,team-quarter,2021-22,9840,optimization,FTM,2,LOOSE_BALL_FOUL_DRAWN,16,Binomial,50708.803741989854,-25345.207660004882,[0.446035247661411],"{""n"": 100, ""p"": 0.04083362636439667}",2,True,optimizer_converged_lbfgsb,9,41,2,-25345.317587169462,0.10992716457985807,0.23527179996017367,"{""binomial_discrete_residual_mean"": 4.088413759657346, ""binomial_discrete_residual_variance"": 8.244226042913834, ""binomial_h_extension_used"": true, ""binomial_n_candidates"": 1, ""binomial_n_max"": 100, ""binomial_n_min"": 100, ""binomial_n_policy"": ""paper_H_binomial_discrete_index_continuous_full_mle"", ""binomial_n_tie_break"": ""not_applicable_single_mom_index"", ""certified_profiles"": 1, ""optimizer_powell_attempted"": false, ""optimizer_powell_success"": false, ""optimizer_primary_failed_starts"": 0, ""optimizer_primary_successful_starts"": 2, ""optimizer_results"": [{""fun"": 25345.207660004882, ""jac"": [-0.0007275957618013168, 0.0], ""message"": ""CONVERGENCE: REL_REDUCTION_OF_F_<=_FACTR*EPSMCH"", ""method"": ""L-BFGS-B"", ""nfev"": 18, ""nit"": 4, ""status"": 0, ""success"": true, ""x"": [0.446035247661411, -3.156558628860133]}, {""fun"": 25345.207660005217, ""jac"": [-0.0007275957618013168, -0.002182787297520854], ""message"": ""CONVERGENCE: REL_REDUCTION_OF_F_<=_FACTR*EPSMCH"", ""method"": ""L-BFGS-B"", ""nfev"": 21, ""nit"": 5, ""status"": 0, ""success"": true, ""x"": [0.4460346246632356, -3.156558658423615]}], ""solver_path"": ""general_convolution"", ""uncertified_profiles"": 0}"
foul_leaves_5_team,team-quarter,2021-22,9840,optimization,FTM,2,LOOSE_BALL_FOUL_DRAWN,16,Bernoulli,inf,-inf,[],{},2,False,infeasible_conditional_support,0,0,0,-inf,0.0,6.290001329034567e-05,"{""binomial_discrete_residual_mean"": null, ""binomial_discrete_residual_variance"": null, ""binomial_h_extension_used"": null, ""binomial_n_candidates"": 0, ""binomial_n_max"": null, ""binomial_n_min"": null, ""binomial_n_policy"": null, ""binomial_n_tie_break"": null, ""certified_profiles"": 0, ""solver_path"": ""conditional_support_check"", ""support_violating_rows"": 6145, ""uncertified_profiles"": 0}"
foul_leaves_5_team,team-quarter,2021-22,9840,optimization,FTM,2,FOUL;LOOSE_BALL_FOUL_DRAWN,17,Poisson,39081.68583390108,-19527.05160046547,"[0.9194891218620829, 0.0]","{""lam"": 0.04525222797859374}",3,True,poisson_convex_mle,24,51,2,-19931.445997782157,404.3943973166861,0.08016779995523393,"{""binomial_discrete_residual_mean"": null, ""binomial_discrete_residual_variance"": null, ""binomial_h_extension_used"": null, ""binomial_n_candidates"": 0, ""binomial_n_max"": null, ""binomial_n_min"": null, ""binomial_n_policy"": null, ""binomial_n_tie_break"": null, ""certified_profiles"": 1, ""optimizer_primary_failed_starts"": 0, ""optimizer_primary_successful_starts"": 2, ""optimizer_results"": [{""fun"": 19527.05160046547, ""jac"": [334.65464917599786, -558.1874632367828, 351.10367770728055], ""message"": ""CONVERGENCE: REL_REDUCTION_OF_F_<=_FACTR*EPSMCH"", ""method"": ""L-BFGS-B"", ""nfev"": 42, ""nit"": 21, ""status"": 0, ""success"": true, ""x"": [0.04525222797859374, 0.9194891218620829, 0.0]}, {""fun"": 19869.536685745126, ""jac"": [659.0745061546088, -456.3022643139386, 336.8312661206386], ""message"": ""CONVERGENCE: REL_REDUCTION_OF_F_<=_FACTR*EPSMCH"", ""method"": ""L-BFGS-B"", ""nfev"": 7, ""nit"": 3, ""status"": 0, ""success"": true, ""x"": [0.5965230002258243, 0.8080153622631661, 0.0]}], ""poisson_canonical_agreement_abs"": 0.0, ""solver_path"": ""poisson_convex"", ""uncertified_profiles"": 0}"
foul_leaves_5_team,team-quarter,2021-22,9840,optimization,FTM,2,FOUL;LOOSE_BALL_FOUL_DRAWN,17,NB,39053.961626609314,-19508.592391324564,"[0.9399984621748352, 0.0]","{""p"": 0.9997948669071318, ""r"": 20.555180076299052}",4,True,optimizer_converged_lbfgsb,48,397,2,-20071.496414554244,562.9040232296793,1.4212182000046596,"{""binomial_discrete_residual_mean"": null, ""binomial_discrete_residual_variance"": null, ""binomial_h_extension_used"": null, ""binomial_n_candidates"": 0, ""binomial_n_max"": null, ""binomial_n_min"": null, ""binomial_n_policy"": null, ""binomial_n_tie_break"": null, ""certified_profiles"": 1, ""optimizer_powell_attempted"": false, ""optimizer_powell_success"": false, ""optimizer_primary_failed_starts"": 0, ""optimizer_primary_successful_starts"": 2, ""optimizer_results"": [{""fun"": 19508.592391324564, ""jac"": [-0.008003553335385839, 382.02342693693936, -0.001091393648760427, 0.0], ""message"": ""CONVERGENCE: REL_REDUCTION_OF_F_<=_FACTR*EPSMCH"", ""method"": ""L-BFGS-B"", ""nfev"": 100, ""nit"": 19, ""status"": 0, ""success"": true, ""x"": [0.9399984621748352, 0.0, 3.0231129810168453, 8.491646401848177]}, {""fun"": 19508.592744700432, ""jac"": [0.47475623193993277, 382.0485289907083, 0.004001776712121566, -0.0036379788292014237], ""message"": ""CONVERGENCE: REL_REDUCTION_OF_F_<=_FACTR*EPSMCH"", ""method"": ""L-BFGS-B"", ""nfev"": 295, ""nit"": 29, ""status"": 0, ""success"": true, ""x"": [0.9400075266836043, 0.0, 2.449594836664608, 7.916705012407752]}], ""solver_path"": ""general_convolution"", ""uncertified_profiles"": 0}"
foul_leaves_5_team,team-quarter,2021-22,9840,optimization,FTM,2,FOUL;LOOSE_BALL_FOUL_DRAWN,17,ZIP,39053.96072547663,-19508.591940758222,"[0.9399980445399008, 0.0]","{""lam"": 0.004220105438691874, ""rho"": 1.0000000000000007e-09}",4,True,optimizer_converged_lbfgsb,75,532,2,-20196.895300160522,688.3033594023,0.5435936000430956,"{""binomial_discrete_residual_mean"": null, ""binomial_discrete_residual_variance"": null, ""binomial_h_extension_used"": null, ""binomial_n_candidates"": 0, ""binomial_n_max"": null, ""binomial_n_min"": null, ""binomial_n_policy"": null, ""binomial_n_tie_break"": null, ""certified_profiles"": 1, ""optimizer_powell_attempted"": false, ""optimizer_powell_success"": false, ""optimizer_primary_failed_starts"": 0, ""optimizer_primary_successful_starts"": 2, ""optimizer_results"": [{""fun"": 19508.591940758222, ""jac"": [-0.0003637978788811745, 382.0241545327008, 0.0003637978829201424, 0.0], ""message"": ""CONVERGENCE: REL_REDUCTION_OF_F_<=_FACTR*EPSMCH"", ""method"": ""L-BFGS-B"", ""nfev"": 135, ""nit"": 22, ""status"": 0, ""success"": true, ""x"": [0.9399980445399008, 0.0, -5.46789516577434, -20.72326583594641]}, {""fun"": 19508.592001887555, ""jac"": [-0.05311449031665148, 382.0216079475358, -0.0014551915316805696, 0.0003637978829201424], ""message"": ""CONVERGENCE: REL_REDUCTION_OF_F_<=_FACTR*EPSMCH"", ""method"": ""L-BFGS-B"", ""nfev"": 395, ""nit"": 53, ""status"": 0, ""success"": true, ""x"": [0.9399977171325613, 0.0, -5.46225107130296, -5.028106786208122]}], ""solver_path"": ""general_convolution"", ""uncertified_profiles"": 0}"
foul_leaves_5_team,team-quarter,2021-22,9840,optimization,FTM,2,FOUL;LOOSE_BALL_FOUL_DRAWN,17,Geom,39044.78497901534,-19508.601173022602,"[0.940004501529214, 0.0]","{""p"": 0.9958203166229296}",3,True,optimizer_converged_lbfgsb,21,166,2,-19944.79847914568,436.1973061230783,17.742354499991052,"{""binomial_discrete_residual_mean"": null, ""binomial_discrete_residual_variance"": null, ""binomial_h_extension_used"": null, ""binomial_n_candidates"": 0, ""binomial_n_max"": null, ""binomial_n_min"": null, ""binomial_n_policy"": null, ""binomial_n_tie_break"": null, ""certified_profiles"": 1, ""optimizer_powell_attempted"": false, ""optimizer_powell_success"": false, ""optimizer_primary_failed_starts"": 0, ""optimizer_primary_successful_starts"": 2, ""optimizer_results"": [{""fun"": 19538.737777807848, ""jac"": [3.426976019060664, 382.37667467910796, 0.0], ""message"": ""CONVERGENCE: REL_REDUCTION_OF_F_<=_FACTR*EPSMCH"", ""method"": ""L-BFGS-B"", ""nfev"": 84, ""nit"": 5, ""status"": 0, ""success"": true, ""x"": [0.9409702276093566, 0.0, 21.538434278827307]}, {""fun"": 19508.601173022602, ""jac"": [0.06366462880420554, 382.02670111786574, -0.001091393648760427], ""message"": ""CONVERGENCE: REL_REDUCTION_OF_F_<=_FACTR*EPSMCH"", ""method"": ""L-BFGS-B"", ""nfev"": 80, ""nit"": 16, ""status"": 0, ""success"": true, ""x"": [0.940004501529214, 0.0, 5.473331339757215]}], ""solver_path"": ""general_convolution"", ""uncertified_profiles"": 0}"
foul_leaves_5_team,team-quarter,2021-22,9840,optimization,FTM,2,FOUL;LOOSE_BALL_FOUL_DRAWN,17,Binomial,39044.75723511167,-19508.587301070766,"[0.939995902475252, 0.0]","{""n"": 2, ""p"": 0.0021148371992018924}",3,True,optimizer_converged_lbfgsb,37,230,2,-19966.56479348831,457.97749241754354,0.6387801999808289,"{""binomial_discrete_residual_mean"": -1.2247369209629557, ""binomial_discrete_residual_variance"": -2.446386246830204, ""binomial_h_extension_used"": true, ""binomial_n_candidates"": 1, ""binomial_n_max"": 2, ""binomial_n_min"": 2, ""binomial_n_policy"": ""paper_H_binomial_discrete_index_continuous_full_mle"", ""binomial_n_tie_break"": ""not_applicable_single_mom_index"", ""certified_profiles"": 1, ""optimizer_powell_attempted"": false, ""optimizer_powell_success"": false, ""optimizer_primary_failed_starts"": 0, ""optimizer_primary_successful_starts"": 2, ""optimizer_results"": [{""fun"": 19508.587301070766, ""jac"": [-0.0003637978788811745, 382.02379073482007, 0.0], ""message"": ""CONVERGENCE: REL_REDUCTION_OF_F_<=_FACTR*EPSMCH"", ""method"": ""L-BFGS-B"", ""nfev"": 96, ""nit"": 21, ""status"": 0, ""success"": true, ""x"": [0.939995902475252, 0.0, -6.156660367193906]}, {""fun"": 19508.587301088693, ""jac"": [0.002910383031049396, 382.0241545327008, 0.0003637978829201424], ""message"": ""CONVERGENCE: REL_REDUCTION_OF_F_<=_FACTR*EPSMCH"", ""method"": ""L-BFGS-B"", ""nfev"": 132, ""nit"": 16, ""status"": 0, ""success"": true, ""x"": [0.9399958257907124, 0.0, -6.15651114813714]}], ""solver_path"": ""general_convolution"", ""uncertified_profiles"": 0}"
foul_leaves_5_team,team-quarter,2021-22,9840,optimization,FTM,2,FOUL;LOOSE_BALL_FOUL_DRAWN,17,Bernoulli,39044.74792431249,-19508.582645671177,"[0.9399934342482388, 0.0]","{""p"": 0.00424033695289774}",3,True,optimizer_converged_lbfgsb,36,182,2,-20107.04867446765,598.4660287964725,0.33189540001330897,"{""binomial_discrete_residual_mean"": null, ""binomial_discrete_residual_variance"": null, ""binomial_h_extension_used"": null, ""binomial_n_candidates"": 0, ""binomial_n_max"": null, ""binomial_n_min"": null, ""binomial_n_policy"": null, ""binomial_n_tie_break"": null, ""certified_profiles"": 1, ""optimizer_powell_attempted"": false, ""optimizer_powell_success"": false, ""optimizer_primary_failed_starts"": 0, ""optimizer_primary_successful_starts"": 2, ""optimizer_results"": [{""fun"": 19508.582645671177, ""jac"": [-0.0040017766676929195, 382.02379073482007, 0.0], ""message"": ""CONVERGENCE: REL_REDUCTION_OF_F_<=_FACTR*EPSMCH"", ""method"": ""L-BFGS-B"", ""nfev"": 104, ""nit"": 20, ""status"": 0, ""success"": true, ""x"": [0.9399934342482388, 0.0, -5.45886319019566]}, {""fun"": 19508.58264569572, ""jac"": [0.0010913936366435237, 382.0245183305815, 0.0003637978829201424], ""message"": ""CONVERGENCE: REL_REDUCTION_OF_F_<=_FACTR*EPSMCH"", ""method"": ""L-BFGS-B"", ""nfev"": 76, ""nit"": 16, ""status"": 0, ""success"": true, ""x"": [0.9399933779686992, 0.0, -5.458688120314739]}], ""solver_path"": ""general_convolution"", ""uncertified_profiles"": 0}"
foul_leaves_5_team,team-quarter,2021-22,9840,optimization,FTM,2,FTA;LOOSE_BALL_FOUL_DRAWN,18,Poisson,31699.108549367622,-15835.762958198742,"[0.7748066588002369, 0.0]","{""lam"": 0.0}",3,True,poisson_convex_mle,11,17,2,-15836.11146256471,0.34850436596752843,0.027407100016716868,"{""binomial_discrete_residual_mean"": null, ""binomial_discrete_residual_variance"": null, ""binomial_h_extension_used"": null, ""binomial_n_candidates"": 0, ""binomial_n_max"": null, ""binomial_n_min"": null, ""binomial_n_policy"": null, ""binomial_n_tie_break"": null, ""certified_profiles"": 1, ""optimizer_primary_failed_starts"": 0, ""optimizer_primary_successful_starts"": 2, ""optimizer_results"": [{""fun"": 15836.11146256471, ""jac"": [670.541828690837, 218.5837950605191, 176.17729396907237], ""message"": ""CONVERGENCE: REL_REDUCTION_OF_F_<=_FACTR*EPSMCH"", ""method"": ""L-BFGS-B"", ""nfev"": 3, ""nit"": 1, ""status"": 0, ""success"": true, ""x"": [0.0, 0.7779910536304264, 0.0]}, {""fun"": 15835.762958198742, ""jac"": [632.8560720382502, -1.1738529792637564e-07, 165.87444851128052], ""message"": ""CONVERGENCE: NORM_OF_PROJECTED_GRADIENT_<=_PGTOL"", ""method"": ""L-BFGS-B"", ""nfev"": 12, ""nit"": 10, ""status"": 0, ""success"": true, ""x"": [0.0, 0.7748066588002369, 0.0]}], ""poisson_canonical_agreement_abs"": 0.0, ""solver_path"": ""poisson_convex"", ""uncertified_profiles"": 0}"
foul_leaves_5_team,team-quarter,2021-22,9840,optimization,FTM,2,FTA;LOOSE_BALL_FOUL_DRAWN,18,NB,31708.305969917652,-15835.764562978733,"[0.7747476212290155, 0.0]","{""p"": 0.9997111474264612, ""r"": 0.008125070593348015}",4,True,optimizer_converged_lbfgsb,27,217,2,-15836.118168221492,0.3536052427589311,0.7585276999743655,"{""binomial_discrete_residual_mean"": null, ""binomial_discrete_residual_variance"": null, ""binomial_h_extension_used"": null, ""binomial_n_candidates"": 0, ""binomial_n_max"": null, ""binomial_n_min"": null, ""binomial_n_policy"": null, ""binomial_n_tie_break"": null, ""certified_profiles"": 1, ""optimizer_powell_attempted"": false, ""optimizer_powell_success"": false, ""optimizer_primary_failed_starts"": 0, ""optimizer_primary_successful_starts"": 2, ""optimizer_results"": [{""fun"": 15835.769286565388, ""jac"": [0.002728484091608809, 165.87655409239233, 0.00636646291240948, -0.005093169908517631], ""message"": ""CONVERGENCE: REL_REDUCTION_OF_F_<=_FACTR*EPSMCH"", ""method"": ""L-BFGS-B"", ""nfev"": 30, ""nit"": 3, ""status"": 0, ""success"": true, ""x"": [0.7748049515937853, 0.0, -3.401306988114651e-05, 11.512943969053765]}, {""fun"": 15835.764562978733, ""jac"": [-4.0403392428543246, 165.6848326092586, 0.011459633311984485, 0.0010913935518252066], ""message"": ""CONVERGENCE: REL_REDUCTION_OF_F_<=_FACTR*EPSMCH"", ""method"": ""L-BFGS-B"", ""nfev"": 185, ""nit"": 24, ""status"": 0, ""success"": true, ""x"": [0.7747476212290155, 0.0, -4.812800862392017, 8.149305231873765]}], ""solver_path"": ""general_convolution"", ""uncertified_profiles"": 0}"
foul_leaves_5_team,team-quarter,2021-22,9840,optimization,FTM,2,FTA;LOOSE_BALL_FOUL_DRAWN,18,ZIP,31708.302760484235,-15835.762958262025,"[0.7748066566234735, 0.0]","{""lam"": 9.999999999999996e-11, ""rho"": 1.0000000000000007e-09}",4,True,optimizer_converged_lbfgsb,33,222,2,-15836.111462631761,0.3485043697364745,0.2391273999819532,"{""binomial_discrete_residual_mean"": null, ""binomial_discrete_residual_variance"": null, ""binomial_h_extension_used"": null, ""binomial_n_candidates"": 0, ""binomial_n_max"": null, ""binomial_n_min"": null, ""binomial_n_policy"": null, ""binomial_n_tie_break"": null, ""certified_profiles"": 1, ""optimizer_powell_attempted"": false, ""optimizer_powell_success"": false, ""optimizer_primary_failed_starts"": 0, ""optimizer_primary_successful_starts"": 2, ""optimizer_results"": [{""fun"": 15835.762958262025, ""jac"": [0.0, 165.87418940616772, 0.0, 0.0], ""message"": ""CONVERGENCE: NORM_OF_PROJECTED_GRADIENT_<=_PGTOL"", ""method"": ""L-BFGS-B"", ""nfev"": 30, ""nit"": 3, ""status"": 0, ""success"": true, ""x"": [0.7748066566234735, 0.0, -23.025850929940457, -20.72326583594641]}, {""fun"": 15835.762967443312, ""jac"": [0.0, 165.87400750722736, 0.0, 0.0], ""message"": ""CONVERGENCE: NORM_OF_PROJECTED_GRADIENT_<=_PGTOL"", ""method"": ""L-BFGS-B"", ""nfev"": 190, ""nit"": 30, ""status"": 0, ""success"": true, ""x"": [0.7748066519858944, 0.0, -16.467963211620376, 1.3414868020701054]}], ""solver_path"": ""general_convolution"", ""uncertified_profiles"": 0}"
foul_leaves_5_team,team-quarter,2021-22,9840,optimization,FTM,2,FTA;LOOSE_BALL_FOUL_DRAWN,18,Geom,31699.10855063333,-15835.762958831596,"[0.7748066583677607, 0.0]","{""p"": 0.9999999989999999}",3,True,optimizer_converged_lbfgsb,33,250,2,-15836.111463235251,0.3485044036551699,31.589342800027225,"{""binomial_discrete_residual_mean"": null, ""binomial_discrete_residual_variance"": null, ""binomial_h_extension_used"": null, ""binomial_n_candidates"": 0, ""binomial_n_max"": null, ""binomial_n_min"": null, ""binomial_n_policy"": null, ""binomial_n_tie_break"": null, ""certified_profiles"": 1, ""optimizer_powell_attempted"": false, ""optimizer_powell_success"": false, ""optimizer_primary_failed_starts"": 0, ""optimizer_primary_successful_starts"": 2, ""optimizer_results"": [{""fun"": 15835.762958831596, ""jac"": [0.00018189893944058725, 165.87437130510807, 0.0], ""message"": ""CONVERGENCE: REL_REDUCTION_OF_F_<=_FACTR*EPSMCH"", ""method"": ""L-BFGS-B"", ""nfev"": 24, ""nit"": 3, ""status"": 0, ""success"": true, ""x"": [0.7748066583677607, 0.0, 20.723265864228342]}, {""fun"": 15835.763182157927, ""jac"": [-0.2923115956810237, 165.86109268246219, 0.0], ""message"": ""CONVERGENCE: REL_REDUCTION_OF_F_<=_FACTR*EPSMCH"", ""method"": ""L-BFGS-B"", ""nfev"": 224, ""nit"": 30, ""status"": 0, ""success"": true, ""x"": [0.7748023494378373, 0.0, 14.857071834128378]}], ""solver_path"": ""general_convolution"", ""uncertified_profiles"": 0}"
foul_leaves_5_team,team-quarter,2021-22,9840,optimization,FTM,2,FTA;LOOSE_BALL_FOUL_DRAWN,18,Binomial,31699.10855189904,-15835.762959464451,"[0.7748066552978279, 0.0]","{""n"": 2, ""p"": 1.0000000000000007e-09}",3,True,optimizer_converged_lbfgsb,36,182,2,-15836.111463905792,0.34850444134099234,0.5596388999838382,"{""binomial_discrete_residual_mean"": -0.017282137909111484, ""binomial_discrete_residual_variance"": -3.229688434145884, ""binomial_h_extension_used"": true, ""binomial_n_candidates"": 1, ""binomial_n_max"": 2, ""binomial_n_min"": 2, ""binomial_n_policy"": ""paper_H_binomial_discrete_index_continuous_full_mle"", ""binomial_n_tie_break"": ""not_applicable_single_mom_index"", ""certified_profiles"": 1, ""optimizer_powell_attempted"": false, ""optimizer_powell_success"": false, ""optimizer_primary_failed_starts"": 0, ""optimizer_primary_successful_starts"": 2, ""optimizer_results"": [{""fun"": 15835.762959464451, ""jac"": [-0.00018189893944058725, 165.87418940616772, 0.0], ""message"": ""CONVERGENCE: REL_REDUCTION_OF_F_<=_FACTR*EPSMCH"", ""method"": ""L-BFGS-B"", ""nfev"": 24, ""nit"": 3, ""status"": 0, ""success"": true, ""x"": [0.7748066552978279, 0.0, -20.72326583594641]}, {""fun"": 15835.763006184014, ""jac"": [-0.4227331352599248, 165.85436242166907, 0.0], ""message"": ""CONVERGENCE: REL_REDUCTION_OF_F_<=_FACTR*EPSMCH"", ""method"": ""L-BFGS-B"", ""nfev"": 156, ""nit"": 33, ""status"": 0, ""success"": true, ""x"": [0.7748005111508496, 0.0, -17.115409271869773]}], ""solver_path"": ""general_convolution"", ""uncertified_profiles"": 0}"
foul_leaves_5_team,team-quarter,2021-22,9840,optimization,FTM,2,FTA;LOOSE_BALL_FOUL_DRAWN,18,Bernoulli,31699.10855063333,-15835.762958831596,"[0.7748066607533477, 0.0]","{""p"": 1.0000000000000007e-09}",3,True,optimizer_converged_lbfgsb,42,226,2,-15836.111463235251,0.3485044036551699,0.3981814999715425,"{""binomial_discrete_residual_mean"": null, ""binomial_discrete_residual_variance"": null, ""binomial_h_extension_used"": null, ""binomial_n_candidates"": 0, ""binomial_n_max"": null, ""binomial_n_min"": null, ""binomial_n_policy"": null, ""binomial_n_tie_break"": null, ""certified_profiles"": 1, ""optimizer_powell_attempted"": false, ""optimizer_powell_success"": false, ""optimizer_primary_failed_starts"": 0, ""optimizer_primary_successful_starts"": 2, ""optimizer_results"": [{""fun"": 15835.762958831596, ""jac"": [0.00018189893944058725, 165.87455320404842, 0.0], ""message"": ""CONVERGENCE: REL_REDUCTION_OF_F_<=_FACTR*EPSMCH"", ""method"": ""L-BFGS-B"", ""nfev"": 24, ""nit"": 3, ""status"": 0, ""success"": true, ""x"": [0.7748066607533477, 0.0, -20.72326583594641]}, {""fun"": 15835.76300893929, ""jac"": [-0.00018189893944058725, 165.87455320404842, 0.0], ""message"": ""CONVERGENCE: REL_REDUCTION_OF_F_<=_FACTR*EPSMCH"", ""method"": ""L-BFGS-B"", ""nfev"": 200, ""nit"": 39, ""status"": 0, ""success"": true, ""x"": [0.7748066313298612, 0.0, -16.33902812722005]}], ""solver_path"": ""general_convolution"", ""uncertified_profiles"": 0}"
foul_leaves_5_team,team-quarter,2021-22,9840,optimization,FTM,2,FOUL;FTA;LOOSE_BALL_FOUL_DRAWN,19,Poisson,31708.302760357663,-15835.762958198738,"[0.0, 0.7748066624273655, 0.0]","{""lam"": 0.0}",4,True,poisson_convex_mle,11,17,2,-15838.11644989506,2.3534916963217256,0.02067399997031316,"{""binomial_discrete_residual_mean"": null, ""binomial_discrete_residual_variance"": null, ""binomial_h_extension_used"": null, ""binomial_n_candidates"": 0, ""binomial_n_max"": null, ""binomial_n_min"": null, ""binomial_n_policy"": null, ""binomial_n_tie_break"": null, ""certified_profiles"": 1, ""optimizer_primary_failed_starts"": 0, ""optimizer_primary_successful_starts"": 2, ""optimizer_results"": [{""fun"": 15838.11644989506, ""jac"": [730.3630189917137, 1715.7754314127117, 565.5568684305035, 192.53170830265344], ""message"": ""CONVERGENCE: REL_REDUCTION_OF_F_<=_FACTR*EPSMCH"", ""method"": ""L-BFGS-B"", ""nfev"": 3, ""nit"": 1, ""status"": 0, ""success"": true, ""x"": [0.0, 0.0, 0.7830999675167459, 0.0]}, {""fun"": 15835.762958198738, ""jac"": [632.856115139957, 1263.455690401574, 0.0002498798808687752, 165.8744602947851], ""message"": ""CONVERGENCE: REL_REDUCTION_OF_F_<=_FACTR*EPSMCH"", ""method"": ""L-BFGS-B"", ""nfev"": 12, ""nit"": 10, ""status"": 0, ""success"": true, ""x"": [0.0, 0.0, 0.7748066624273655, 0.0]}], ""poisson_canonical_agreement_abs"": 0.0, ""solver_path"": ""poisson_convex"", ""uncertified_profiles"": 0}"
foul_leaves_5_team,team-quarter,2021-22,9840,optimization,FTM,2,FOUL;FTA;LOOSE_BALL_FOUL_DRAWN,19,NB,31717.501709148277,-15835.765327099023,"[0.0, 0.7748348838869389, 0.0]","{""p"": 0.9996654675027378, ""r"": 0.01104492772896178}",5,True,optimizer_converged_lbfgsb,32,356,2,-15838.123753760206,2.35842666118333,1.3276562999817543,"{""binomial_discrete_residual_mean"": null, ""binomial_discrete_residual_variance"": null, ""binomial_h_extension_used"": null, ""binomial_n_candidates"": 0, ""binomial_n_max"": null, ""binomial_n_min"": null, ""binomial_n_policy"": null, ""binomial_n_tie_break"": null, ""certified_profiles"": 1, ""optimizer_powell_attempted"": false, ""optimizer_powell_success"": false, ""optimizer_primary_failed_starts"": 0, ""optimizer_primary_successful_starts"": 2, ""optimizer_results"": [{""fun"": 15835.769285945324, ""jac"": [1263.4758604690433, -0.001455191515524698, 165.87673599133268, 0.0063664629124137945, -0.007821653788080647], ""message"": ""CONVERGENCE: REL_REDUCTION_OF_F_<=_FACTR*EPSMCH"", ""method"": ""L-BFGS-B"", ""nfev"": 36, ""nit"": 3, ""status"": 0, ""success"": true, ""x"": [0.0, 0.7748049084548946, 0.0, -7.36842949397979e-05, 11.513002287012533]}, {""fun"": 15835.765327099023, ""jac"": [1265.0540156755596, 1.9888830038433811, 165.96859495621175, 0.014551915316805695, -0.0032741806554756193], ""message"": ""CONVERGENCE: REL_REDUCTION_OF_F_<=_FACTR*EPSMCH"", ""method"": ""L-BFGS-B"", ""nfev"": 318, ""nit"": 29, ""status"": 0, ""success"": true, ""x"": [0.0, 0.7748348838869389, 0.0, -4.505783985457695, 8.002441942893187]}], ""solver_path"": ""general_convolution"", ""uncertified_profiles"": 0}"
foul_leaves_5_team,team-quarter,2021-22,9840,optimization,FTM,2,FOUL;FTA;LOOSE_BALL_FOUL_DRAWN,19,ZIP,31717.496971474277,-15835.762958262023,"[0.0, 0.7748066597544301, 0.0]","{""lam"": 9.999999999999996e-11, ""rho"": 1.0000000000000007e-09}",5,True,optimizer_converged_lbfgsb,34,284,2,-15838.116449968093,2.35349170606969,0.30896880000364035,"{""binomial_discrete_residual_mean"": null, ""binomial_discrete_residual_variance"": null, ""binomial_h_extension_used"": null, ""binomial_n_candidates"": 0, ""binomial_n_max"": null, ""binomial_n_min"": null, ""binomial_n_policy"": null, ""binomial_n_tie_break"": null, ""certified_profiles"": 1, ""optimizer_powell_attempted"": false, ""optimizer_powell_success"": false, ""optimizer_primary_failed_starts"": 0, ""optimizer_primary_successful_starts"": 2, ""optimizer_results"": [{""fun"": 15835.762958262023, ""jac"": [1263.4560334845446, 0.0005456968183217618, 165.87455320404842, 0.0, 0.0], ""message"": ""CONVERGENCE: REL_REDUCTION_OF_F_<=_FACTR*EPSMCH"", ""method"": ""L-BFGS-B"", ""nfev"": 36, ""nit"": 3, ""status"": 0, ""success"": true, ""x"": [0.0, 0.7748066597544301, 0.0, -23.025850929940457, -20.72326583594641]}, {""fun"": 15835.762994242807, ""jac"": [1263.531703443732, 0.09513314532742714, 165.87891877861694, 0.00018189892530420107, 0.0], ""message"": ""CONVERGENCE: REL_REDUCTION_OF_F_<=_FACTR*EPSMCH"", ""method"": ""L-BFGS-B"", ""nfev"": 246, ""nit"": 31, ""status"": 0, ""success"": true, ""x"": [0.0, 0.7748080214570723, 0.0, -15.84617124271482, 0.2689604382233505]}], ""solver_path"": ""general_convolution"", ""uncertified_profiles"": 0}"
foul_leaves_5_team,team-quarter,2021-22,9840,optimization,FTM,2,FOUL;FTA;LOOSE_BALL_FOUL_DRAWN,19,Geom,31708.30276162337,-15835.762958831592,"[0.0, 0.774806662313742, 0.0]","{""p"": 0.9999999989999999}",4,True,optimizer_converged_lbfgsb,32,252,2,-15838.11645062542,2.3534917938286526,29.985365900036413,"{""binomial_discrete_residual_mean"": null, ""binomial_discrete_residual_variance"": null, ""binomial_h_extension_used"": null, ""binomial_n_candidates"": 0, ""binomial_n_max"": null, ""binomial_n_min"": null, ""binomial_n_policy"": null, ""binomial_n_tie_break"": null, ""certified_profiles"": 1, ""optimizer_powell_attempted"": false, ""optimizer_powell_success"": false, ""optimizer_primary_failed_starts"": 0, ""optimizer_primary_successful_starts"": 2, ""optimizer_results"": [{""fun"": 15835.762958831592, ""jac"": [1263.456215383485, 0.0009094946972029363, 165.87455320404842, 0.0], ""message"": ""CONVERGENCE: REL_REDUCTION_OF_F_<=_FACTR*EPSMCH"", ""method"": ""L-BFGS-B"", ""nfev"": 30, ""nit"": 3, ""status"": 0, ""success"": true, ""x"": [0.0, 0.774806662313742, 0.0, 20.723265864228342]}, {""fun"": 15835.763088015241, ""jac"": [1263.457306777127, 0.0016370904549652854, 165.87455320404842, 0.0], ""message"": ""CONVERGENCE: REL_REDUCTION_OF_F_<=_FACTR*EPSMCH"", ""method"": ""L-BFGS-B"", ""nfev"": 220, ""nit"": 29, ""status"": 0, ""success"": true, ""x"": [0.0, 0.774806642351786, 0.0, 15.399632176468543]}], ""solver_path"": ""general_convolution"", ""uncertified_profiles"": 0}"
foul_leaves_5_team,team-quarter,2021-22,9840,optimization,FTM,2,FOUL;FTA;LOOSE_BALL_FOUL_DRAWN,19,Binomial,31708.302762889085,-15835.76295946445,"[0.0, 0.774806657291995, 0.0]","{""n"": 2, ""p"": 1.0000000000000007e-09}",4,True,optimizer_converged_lbfgsb,30,187,2,-15838.116451355785,2.3534918913355796,0.49860479997005314,"{""binomial_discrete_residual_mean"": -0.04500889891227455, ""binomial_discrete_residual_variance"": -3.3551648737743287, ""binomial_h_extension_used"": true, ""binomial_n_candidates"": 1, ""binomial_n_max"": 2, ""binomial_n_min"": 2, ""binomial_n_policy"": ""paper_H_binomial_discrete_index_continuous_full_mle"", ""binomial_n_tie_break"": ""not_applicable_single_mom_index"", ""certified_profiles"": 1, ""optimizer_powell_attempted"": false, ""optimizer_powell_success"": false, ""optimizer_primary_failed_starts"": 0, ""optimizer_primary_successful_starts"": 2, ""optimizer_results"": [{""fun"": 15835.76295946445, ""jac"": [1263.4558515856043, 0.0003637978788811745, 165.87437130510807, 0.0], ""message"": ""CONVERGENCE: REL_REDUCTION_OF_F_<=_FACTR*EPSMCH"", ""method"": ""L-BFGS-B"", ""nfev"": 30, ""nit"": 3, ""status"": 0, ""success"": true, ""x"": [0.0, 0.774806657291995, 0.0, -20.72326583594641]}, {""fun"": 15835.765176742083, ""jac"": [1263.7339750654064, 0.3388777241778141, 165.8911060076207, 0.002182787103650413], ""message"": ""CONVERGENCE: REL_REDUCTION_OF_F_<=_FACTR*EPSMCH"", ""method"": ""L-BFGS-B"", ""nfev"": 155, ""nit"": 27, ""status"": 0, ""success"": true, ""x"": [0.0, 0.7748109619765706, 0.0, -13.254667510592975]}], ""solver_path"": ""general_convolution"", ""uncertified_profiles"": 0}"
foul_leaves_5_team,team-quarter,2021-22,9840,optimization,FTM,2,FOUL;FTA;LOOSE_BALL_FOUL_DRAWN,19,Bernoulli,31708.302761623378,-15835.762958831596,"[0.0, 0.7748066577541246, 0.0]","{""p"": 1.0000000000000007e-09}",4,True,optimizer_converged_lbfgsb,39,282,2,-15838.11645062542,2.3534917938250146,0.5294510999810882,"{""binomial_discrete_residual_mean"": null, ""binomial_discrete_residual_variance"": null, ""binomial_h_extension_used"": null, ""binomial_n_candidates"": 0, ""binomial_n_max"": null, ""binomial_n_min"": null, ""binomial_n_policy"": null, ""binomial_n_tie_break"": null, ""certified_profiles"": 1, ""optimizer_powell_attempted"": false, ""optimizer_powell_success"": false, ""optimizer_primary_failed_starts"": 0, ""optimizer_primary_successful_starts"": 2, ""optimizer_results"": [{""fun"": 15835.762958831596, ""jac"": [1263.4554877877235, 0.0003637978788811745, 165.87437130510807, 0.0], ""message"": ""CONVERGENCE: REL_REDUCTION_OF_F_<=_FACTR*EPSMCH"", ""method"": ""L-BFGS-B"", ""nfev"": 30, ""nit"": 3, ""status"": 0, ""success"": true, ""x"": [0.0, 0.7748066577541246, 0.0, -20.72326583594641]}, {""fun"": 15835.76309636162, ""jac"": [1263.4820450330153, 0.03219611228098394, 165.87600839557126, 0.00018189892530420107], ""message"": ""CONVERGENCE: REL_REDUCTION_OF_F_<=_FACTR*EPSMCH"", ""method"": ""L-BFGS-B"", ""nfev"": 250, ""nit"": 36, ""status"": 0, ""success"": true, ""x"": [0.0, 0.7748070841155934, 0.0, -15.337373404250869]}], ""solver_path"": ""general_convolution"", ""uncertified_profiles"": 0}"
foul_leaves_5_team,team-quarter,2021-22,9840,optimization,FTM,2,PERS_FOUL_DRAWN;LOOSE_BALL_FOUL_DRAWN,24,Poisson,49479.53178524466,-24725.97457613726,"[0.4174264553547838, 0.42182813850893214]","{""lam"": 3.3403345735597316}",3,True,poisson_convex_mle,17,23,2,-24733.09846736662,7.1238912293592875,0.03677040000911802,"{""binomial_discrete_residual_mean"": null, ""binomial_discrete_residual_variance"": null, ""binomial_h_extension_used"": null, ""binomial_n_candidates"": 0, ""binomial_n_max"": null, ""binomial_n_min"": null, ""binomial_n_policy"": null, ""binomial_n_tie_break"": null, ""certified_profiles"": 1, ""optimizer_primary_failed_starts"": 0, ""optimizer_primary_successful_starts"": 2, ""optimizer_results"": [{""fun"": 24725.97457613726, ""jac"": [-1.7980320734523048e-06, -5.431601266536745e-06, 6.991237810893836e-07], ""message"": ""CONVERGENCE: REL_REDUCTION_OF_F_<=_FACTR*EPSMCH"", ""method"": ""L-BFGS-B"", ""nfev"": 9, ""nit"": 7, ""status"": 0, ""success"": true, ""x"": [3.3403345735597316, 0.4174264553547838, 0.42182813850893214]}, {""fun"": 24725.974576143002, ""jac"": [0.0011259419247693359, -0.0026809603623121347, 0.0022602324283624853], ""message"": ""CONVERGENCE: REL_REDUCTION_OF_F_<=_FACTR*EPSMCH"", ""method"": ""L-BFGS-B"", ""nfev"": 12, ""nit"": 10, ""status"": 0, ""success"": true, ""x"": [3.3403358721787155, 0.41742544508913215, 0.42183137269901366]}], ""poisson_canonical_agreement_abs"": 0.0, ""solver_path"": ""poisson_convex"", ""uncertified_profiles"": 0}"
foul_leaves_5_team,team-quarter,2021-22,9840,optimization,FTM,2,PERS_FOUL_DRAWN;LOOSE_BALL_FOUL_DRAWN,24,NB,47037.77102751824,-23500.497091779027,"[0.32640001895613113, 0.36098609733603443]","{""p"": 0.46180868966463434, ""r"": 3.020762166535505}",4,True,optimizer_converged_lbfgsb,23,137,2,-23502.208417537062,1.7113257580349455,0.5106112000066787,"{""binomial_discrete_residual_mean"": null, ""binomial_discrete_residual_variance"": null, ""binomial_h_extension_used"": null, ""binomial_n_candidates"": 0, ""binomial_n_max"": null, ""binomial_n_min"": null, ""binomial_n_policy"": null, ""binomial_n_tie_break"": null, ""certified_profiles"": 1, ""optimizer_powell_attempted"": false, ""optimizer_powell_success"": false, ""optimizer_primary_failed_starts"": 0, ""optimizer_primary_successful_starts"": 2, ""optimizer_results"": [{""fun"": 23500.497091779624, ""jac"": [0.0036379788090065844, 0.0, 0.004365574595041708, -0.007275957618013169], ""message"": ""CONVERGENCE: REL_REDUCTION_OF_F_<=_FACTR*EPSMCH"", ""method"": ""L-BFGS-B"", ""nfev"": 65, ""nit"": 11, ""status"": 0, ""success"": true, ""x"": [0.3264002469220511, 0.3609826121986848, 1.1055085466129104, -0.15306449411239004]}, {""fun"": 23500.497091779027, ""jac"": [0.0010913936427019754, 0.0010913936427019754, 0.002182787297520854, -0.0021827872854039507], ""message"": ""CONVERGENCE: REL_REDUCTION_OF_F_<=_FACTR*EPSMCH"", ""method"": ""L-BFGS-B"", ""nfev"": 70, ""nit"": 12, ""status"": 0, ""success"": true, ""x"": [0.32640001895613113, 0.36098609733603443, 1.105509172571065, -0.15306337868448136]}], ""solver_path"": ""general_convolution"", ""uncertified_profiles"": 0}"
foul_leaves_5_team,team-quarter,2021-22,9840,optimization,FTM,2,PERS_FOUL_DRAWN;LOOSE_BALL_FOUL_DRAWN,24,ZIP,47328.37781500482,-23645.800485522315,"[0.5124167294491506, 0.515889767251991]","{""lam"": 3.9251882610984765, ""rho"": 0.19899373458956163}",4,True,optimizer_converged_lbfgsb,27,157,2,-23793.23055660781,147.430071085495,0.1900492999702692,"{""binomial_discrete_residual_mean"": null, ""binomial_discrete_residual_variance"": null, ""binomial_h_extension_used"": null, ""binomial_n_candidates"": 0, ""binomial_n_max"": null, ""binomial_n_min"": null, ""binomial_n_policy"": null, ""binomial_n_tie_break"": null, ""certified_profiles"": 1, ""optimizer_powell_attempted"": false, ""optimizer_powell_success"": false, ""optimizer_primary_failed_starts"": 0, ""optimizer_primary_successful_starts"": 2, ""optimizer_results"": [{""fun"": 23645.80048552856, ""jac"": [0.006184563940979967, -0.000727595757762349, 0.006184564009642421, -0.0032741809462812814], ""message"": ""CONVERGENCE: REL_REDUCTION_OF_F_<=_FACTR*EPSMCH"", ""method"": ""L-BFGS-B"", ""nfev"": 70, ""nit"": 12, ""status"": 0, ""success"": true, ""x"": [0.5124171877297574, 0.5158868715493198, 1.3674145598671132, -1.392598115654079]}, {""fun"": 23645.800485522315, ""jac"": [-0.0021827872732870473, -0.000727595757762349, -0.0032741809462812814, -0.0003637978829201424], ""message"": ""CONVERGENCE: REL_REDUCTION_OF_F_<=_FACTR*EPSMCH"", ""method"": ""L-BFGS-B"", ""nfev"": 85, ""nit"": 15, ""status"": 0, ""success"": true, ""x"": [0.5124167294491506, 0.515889767251991, 1.3674143146951834, -1.3925954292690523]}], ""solver_path"": ""general_convolution"", ""uncertified_profiles"": 0}"
foul_leaves_5_team,team-quarter,2021-22,9840,optimization,FTM,2,PERS_FOUL_DRAWN;LOOSE_BALL_FOUL_DRAWN,24,Geom,47963.85749013197,-23968.137428580918,"[0.6817981639046349, 0.7317717765503374]","{""p"": 0.2644763097184534}",3,True,optimizer_converged_lbfgsb,20,98,2,-24087.70855097722,119.57112239630078,0.1660229999688454,"{""binomial_discrete_residual_mean"": null, ""binomial_discrete_residual_variance"": null, ""binomial_h_extension_used"": null, ""binomial_n_candidates"": 0, ""binomial_n_max"": null, ""binomial_n_min"": null, ""binomial_n_policy"": null, ""binomial_n_tie_break"": null, ""certified_profiles"": 1, ""optimizer_powell_attempted"": false, ""optimizer_powell_success"": false, ""optimizer_primary_failed_starts"": 0, ""optimizer_primary_successful_starts"": 2, ""optimizer_results"": [{""fun"": 23968.137428580918, ""jac"": [-0.0003637978788811745, -0.0003637978788811745, 0.0003637978829201424], ""message"": ""CONVERGENCE: REL_REDUCTION_OF_F_<=_FACTR*EPSMCH"", ""method"": ""L-BFGS-B"", ""nfev"": 48, ""nit"": 10, ""status"": 0, ""success"": true, ""x"": [0.6817981639046349, 0.7317717765503374, -1.022831068281723]}, {""fun"": 23968.137428581016, ""jac"": [-0.0003637978788811745, -0.0003637978788811745, -0.0007275957658402848], ""message"": ""CONVERGENCE: REL_REDUCTION_OF_F_<=_FACTR*EPSMCH"", ""method"": ""L-BFGS-B"", ""nfev"": 48, ""nit"": 10, ""status"": 0, ""success"": true, ""x"": [0.6817980401068453, 0.7317713015155161, -1.0228312711605405]}], ""solver_path"": ""general_convolution"", ""uncertified_profiles"": 0}"
foul_leaves_5_team,team-quarter,2021-22,9840,optimization,FTM,2,PERS_FOUL_DRAWN;LOOSE_BALL_FOUL_DRAWN,24,Binomial,49722.62280314365,-24847.520085086755,"[0.4413851394916031, 0.44678775924934594]","{""n"": 100, ""p"": 0.03290503317367985}",3,True,optimizer_converged_lbfgsb,15,82,2,-24849.789440225206,2.269355138450919,0.5009347999584861,"{""binomial_discrete_residual_mean"": 3.2332005318993007, ""binomial_discrete_residual_variance"": 6.978470545715243, ""binomial_h_extension_used"": true, ""binomial_n_candidates"": 1, ""binomial_n_max"": 100, ""binomial_n_min"": 100, ""binomial_n_policy"": ""paper_H_binomial_discrete_index_continuous_full_mle"", ""binomial_n_tie_break"": ""not_applicable_single_mom_index"", ""certified_profiles"": 1, ""optimizer_powell_attempted"": false, ""optimizer_powell_success"": false, ""optimizer_primary_failed_starts"": 0, ""optimizer_primary_successful_starts"": 2, ""optimizer_results"": [{""fun"": 24847.520085086755, ""jac"": [-0.0003637978809006584, 0.0, -0.001091393648760427], ""message"": ""CONVERGENCE: REL_REDUCTION_OF_F_<=_FACTR*EPSMCH"", ""method"": ""L-BFGS-B"", ""nfev"": 36, ""nit"": 7, ""status"": 0, ""success"": true, ""x"": [0.4413851394916031, 0.44678775924934594, -3.380671068238094]}, {""fun"": 24847.52008509414, ""jac"": [0.008003553379814485, -0.0003637978809006584, 0.0], ""message"": ""CONVERGENCE: REL_REDUCTION_OF_F_<=_FACTR*EPSMCH"", ""method"": ""L-BFGS-B"", ""nfev"": 44, ""nit"": 8, ""status"": 0, ""success"": true, ""x"": [0.44138708287753897, 0.44678669540491944, -3.3806720387029063]}], ""solver_path"": ""general_convolution"", ""uncertified_profiles"": 0}"
foul_leaves_5_team,team-quarter,2021-22,9840,optimization,FTM,2,PERS_FOUL_DRAWN;LOOSE_BALL_FOUL_DRAWN,24,Bernoulli,inf,-inf,[],{},3,False,infeasible_conditional_support,0,0,0,-inf,0.0,8.840003283694386e-05,"{""binomial_discrete_residual_mean"": null, ""binomial_discrete_residual_variance"": null, ""binomial_h_extension_used"": null, ""binomial_n_candidates"": 0, ""binomial_n_max"": null, ""binomial_n_min"": null, ""binomial_n_policy"": null, ""binomial_n_tie_break"": null, ""certified_profiles"": 0, ""solver_path"": ""conditional_support_check"", ""support_violating_rows"": 1029, ""uncertified_profiles"": 0}"
foul_leaves_5_team,team-quarter,2021-22,9840,optimization,FTM,2,FOUL;PERS_FOUL_DRAWN;LOOSE_BALL_FOUL_DRAWN,25,Poisson,39066.156114821766,-19514.68963543079,"[0.9488705372007964, 0.0, 0.0]","{""lam"": 0.016294149681565534}",4,True,poisson_convex_mle,46,91,2,-19888.187305424417,373.4976699936269,0.12584669998614118,"{""binomial_discrete_residual_mean"": null, ""binomial_discrete_residual_variance"": null, ""binomial_h_extension_used"": null, ""binomial_n_candidates"": 0, ""binomial_n_max"": null, ""binomial_n_min"": null, ""binomial_n_policy"": null, ""binomial_n_tie_break"": null, ""certified_profiles"": 1, ""optimizer_primary_failed_starts"": 0, ""optimizer_primary_successful_starts"": 2, ""optimizer_results"": [{""fun"": 19582.49481211388, ""jac"": [263.36686010382374, -1259.8256890885168, 2009.553809688101, 310.79729247779517], ""message"": ""CONVERGENCE: REL_REDUCTION_OF_F_<=_FACTR*EPSMCH"", ""method"": ""L-BFGS-B"", ""nfev"": 46, ""nit"": 23, ""status"": 0, ""success"": true, ""x"": [0.13076946824524477, 0.8870500817797293, 0.0, 0.0]}, {""fun"": 19514.68963543079, ""jac"": [470.49406722119585, 528.3135215238887, 2661.3287759774166, 409.1868426226742], ""message"": ""CONVERGENCE: REL_REDUCTION_OF_F_<=_FACTR*EPSMCH"", ""method"": ""L-BFGS-B"", ""nfev"": 43, ""nit"": 23, ""status"": 0, ""success"": true, ""x"": [0.016294149681565534, 0.9488705372007964, 0.0, 0.0]}], ""poisson_canonical_agreement_abs"": 0.0, ""solver_path"": ""poisson_convex"", ""uncertified_profiles"": 0}"
foul_leaves_5_team,team-quarter,2021-22,9840,optimization,FTM,2,FOUL;PERS_FOUL_DRAWN;LOOSE_BALL_FOUL_DRAWN,25,NB,39063.15583663604,-19508.592390842903,"[0.9399983900864034, 0.0, 0.0]","{""p"": 0.9997950218569748, ""r"": 20.576643692347808}",5,True,optimizer_converged_lbfgsb,36,272,2,-19865.17733766257,356.5849468196684,0.9944316000328399,"{""binomial_discrete_residual_mean"": null, ""binomial_discrete_residual_variance"": null, ""binomial_h_extension_used"": null, ""binomial_n_candidates"": 0, ""binomial_n_max"": null, ""binomial_n_min"": null, ""binomial_n_policy"": null, ""binomial_n_tie_break"": null, ""certified_profiles"": 1, ""optimizer_powell_attempted"": false, ""optimizer_powell_success"": false, ""optimizer_primary_failed_starts"": 0, ""optimizer_primary_successful_starts"": 2, ""optimizer_results"": [{""fun"": 19508.592390842903, ""jac"": [0.0, 2482.257696101442, 382.02379073482007, -0.0018189894146007119, -0.0014551914024336086], ""message"": ""CONVERGENCE: REL_REDUCTION_OF_F_<=_FACTR*EPSMCH"", ""method"": ""L-BFGS-B"", ""nfev"": 150, ""nit"": 21, ""status"": 0, ""success"": true, ""x"": [0.9399983900864034, 0.0, 0.0, 3.0241566312142045, 8.4924022047461]}, {""fun"": 19508.592391412778, ""jac"": [-0.001455191515524698, 2482.2569685056806, 382.02379073482007, -0.001091393648760427, 0.0007275957012168043], ""message"": ""CONVERGENCE: REL_REDUCTION_OF_F_<=_FACTR*EPSMCH"", ""method"": ""L-BFGS-B"", ""nfev"": 120, ""nit"": 15, ""status"": 0, ""success"": true, ""x"": [0.9399984126080372, 0.0, 0.0, 3.022869840924323, 8.491163025684754]}], ""solver_path"": ""general_convolution"", ""uncertified_profiles"": 0}"
foul_leaves_5_team,team-quarter,2021-22,9840,optimization,FTM,2,FOUL;PERS_FOUL_DRAWN;LOOSE_BALL_FOUL_DRAWN,25,ZIP,39063.15493639807,-19508.591940723916,"[0.9399980846104119, 0.0, 0.0]","{""lam"": 0.004219716356172635, ""rho"": 1.0000009018415292e-09}",5,True,optimizer_converged_lbfgsb,39,350,2,-19888.187305426418,379.5953647025017,0.32543430000077933,"{""binomial_discrete_residual_mean"": null, ""binomial_discrete_residual_variance"": null, ""binomial_h_extension_used"": null, ""binomial_n_candidates"": 0, ""binomial_n_max"": null, ""binomial_n_min"": null, ""binomial_n_policy"": null, ""binomial_n_tie_break"": null, ""certified_profiles"": 1, ""optimizer_powell_attempted"": false, ""optimizer_powell_success"": false, ""optimizer_primary_failed_starts"": 0, ""optimizer_primary_successful_starts"": 2, ""optimizer_results"": [{""fun"": 19508.591940765, ""jac"": [0.01455191515524698, 2482.262789271772, 382.0245183305815, 0.0007275957658402848, 0.0], ""message"": ""CONVERGENCE: REL_REDUCTION_OF_F_<=_FACTR*EPSMCH"", ""method"": ""L-BFGS-B"", ""nfev"": 174, ""nit"": 22, ""status"": 0, ""success"": true, ""x"": [0.9399983466723018, 0.0, 0.0, -5.467885231666672, -20.72326583594641]}, {""fun"": 19508.591940723916, ""jac"": [-0.002910383031049396, 2482.2566047078, 382.02379073482007, 0.0, 0.0], ""message"": ""CONVERGENCE: REL_REDUCTION_OF_F_<=_FACTR*EPSMCH"", ""method"": ""L-BFGS-B"", ""nfev"": 174, ""nit"": 17, ""status"": 0, ""success"": true, ""x"": [0.9399980846104119, 0.0, 0.0, -5.4679873673702915, -20.723264934105288]}], ""solver_path"": ""general_convolution"", ""uncertified_profiles"": 0}"
foul_leaves_5_team,team-quarter,2021-22,9840,optimization,FTM,2,FOUL;PERS_FOUL_DRAWN;LOOSE_BALL_FOUL_DRAWN,25,Geom,39053.97919006443,-19508.60117305212,"[0.9400052105888959, 0.0, 0.0]","{""p"": 0.9958196355073018}",4,True,optimizer_converged_lbfgsb,18,212,2,-19883.582136500645,374.98096344852456,34.24287130002631,"{""binomial_discrete_residual_mean"": null, ""binomial_discrete_residual_variance"": null, ""binomial_h_extension_used"": null, ""binomial_n_candidates"": 0, ""binomial_n_max"": null, ""binomial_n_min"": null, ""binomial_n_policy"": null, ""binomial_n_tie_break"": null, ""certified_profiles"": 1, ""optimizer_powell_attempted"": false, ""optimizer_powell_success"": false, ""optimizer_primary_failed_starts"": 0, ""optimizer_primary_successful_starts"": 2, ""optimizer_results"": [{""fun"": 19508.60117305212, ""jac"": [0.09458744850910537, 2482.2886189213023, 382.02888390515, -0.001091393648760427], ""message"": ""CONVERGENCE: REL_REDUCTION_OF_F_<=_FACTR*EPSMCH"", ""method"": ""L-BFGS-B"", ""nfev"": 100, ""nit"": 13, ""status"": 0, ""success"": true, ""x"": [0.9400052105888959, 0.0, 0.0, 5.473167710392801]}, {""fun"": 19536.606543893402, ""jac"": [0.41945895434999425, 2483.635034877807, 382.2198777925223, 34.572437339017675], ""message"": ""CONVERGENCE: REL_REDUCTION_OF_F_<=_FACTR*EPSMCH"", ""method"": ""L-BFGS-B"", ""nfev"": 110, ""nit"": 5, ""status"": 0, ""success"": true, ""x"": [0.940905861238701, 0.0, 0.0, 20.47287887671934]}], ""solver_path"": ""general_convolution"", ""uncertified_profiles"": 0}"
foul_leaves_5_team,team-quarter,2021-22,9840,optimization,FTM,2,FOUL;PERS_FOUL_DRAWN;LOOSE_BALL_FOUL_DRAWN,25,Binomial,39053.95144610476,-19508.587301072286,"[0.9399959339121386, 0.0, 0.0]","{""n"": 2, ""p"": 0.0021147803836366694}",4,True,optimizer_converged_lbfgsb,40,277,2,-19882.195843889323,373.60854281703723,0.745853399974294,"{""binomial_discrete_residual_mean"": -3.13756925191577, ""binomial_discrete_residual_variance"": -8.85700017015634, ""binomial_h_extension_used"": true, ""binomial_n_candidates"": 1, ""binomial_n_max"": 2, ""binomial_n_min"": 2, ""binomial_n_policy"": ""paper_H_binomial_discrete_index_continuous_full_mle"", ""binomial_n_tie_break"": ""not_applicable_single_mom_index"", ""certified_profiles"": 1, ""optimizer_powell_attempted"": false, ""optimizer_powell_success"": false, ""optimizer_primary_failed_starts"": 0, ""optimizer_primary_successful_starts"": 2, ""optimizer_results"": [{""fun"": 19508.587301077343, ""jac"": [-0.005820766062098792, 2482.2566047078, 382.02379073482007, -0.0003637978829201424], ""message"": ""CONVERGENCE: REL_REDUCTION_OF_F_<=_FACTR*EPSMCH"", ""method"": ""L-BFGS-B"", ""nfev"": 150, ""nit"": 24, ""status"": 0, ""success"": true, ""x"": [0.9399958358674175, 0.0, 0.0, -6.156725634191199]}, {""fun"": 19508.587301072286, ""jac"": [0.0003637978788811745, 2482.2584236972034, 382.0241545327008, 0.0], ""message"": ""CONVERGENCE: REL_REDUCTION_OF_F_<=_FACTR*EPSMCH"", ""method"": ""L-BFGS-B"", ""nfev"": 125, ""nit"": 16, ""status"": 0, ""success"": true, ""x"": [0.9399959339121386, 0.0, 0.0, -6.156687289710096]}], ""solver_path"": ""general_convolution"", ""uncertified_profiles"": 0}"
foul_leaves_5_team,team-quarter,2021-22,9840,optimization,FTM,2,FOUL;PERS_FOUL_DRAWN;LOOSE_BALL_FOUL_DRAWN,25,Bernoulli,39053.94213530181,-19508.582645670813,"[0.9399935592519737, 0.0, 0.0]","{""p"": 0.004240418710793915}",4,True,optimizer_converged_lbfgsb,43,352,2,-19883.58213666412,374.9994909933084,0.6950119999819435,"{""binomial_discrete_residual_mean"": null, ""binomial_discrete_residual_variance"": null, ""binomial_h_extension_used"": null, ""binomial_n_candidates"": 0, ""binomial_n_max"": null, ""binomial_n_min"": null, ""binomial_n_policy"": null, ""binomial_n_tie_break"": null, ""certified_profiles"": 1, ""optimizer_powell_attempted"": false, ""optimizer_powell_success"": false, ""optimizer_primary_failed_starts"": 0, ""optimizer_primary_successful_starts"": 2, ""optimizer_results"": [{""fun"": 19508.582645670813, ""jac"": [0.0025465851521682217, 2482.2595150908455, 382.0241545327008, -0.0003637978829201424], ""message"": ""CONVERGENCE: REL_REDUCTION_OF_F_<=_FACTR*EPSMCH"", ""method"": ""L-BFGS-B"", ""nfev"": 190, ""nit"": 24, ""status"": 0, ""success"": true, ""x"": [0.9399935592519737, 0.0, 0.0, -5.458843827285057]}, {""fun"": 19508.582645670824, ""jac"": [0.000727595757762349, 2482.258787495084, 382.02379073482007, -0.0003637978829201424], ""message"": ""CONVERGENCE: REL_REDUCTION_OF_F_<=_FACTR*EPSMCH"", ""method"": ""L-BFGS-B"", ""nfev"": 160, ""nit"": 19, ""status"": 0, ""success"": true, ""x"": [0.9399935128324939, 0.0, 0.0, -5.458837250436996]}], ""solver_path"": ""general_convolution"", ""uncertified_profiles"": 0}"
foul_leaves_5_team,team-quarter,2021-22,9840,optimization,FTM,2,FTA;PERS_FOUL_DRAWN;LOOSE_BALL_FOUL_DRAWN,26,Poisson,31708.302760357667,-15835.76295819874,"[0.7748066588008367, 0.0, 0.0]","{""lam"": 0.0}",4,True,poisson_convex_mle,11,17,2,-15836.503974569983,0.7410163712429494,0.02844509994611144,"{""binomial_discrete_residual_mean"": null, ""binomial_discrete_residual_variance"": null, ""binomial_h_extension_used"": null, ""binomial_n_candidates"": 0, ""binomial_n_max"": null, ""binomial_n_min"": null, ""binomial_n_policy"": null, ""binomial_n_tie_break"": null, ""certified_profiles"": 1, ""optimizer_primary_failed_starts"": 0, ""optimizer_primary_successful_starts"": 2, ""optimizer_results"": [{""fun"": 15836.503974569983, ""jac"": [671.9566033375288, 223.93704553307822, 1121.045085379878, 176.48936849755677], ""message"": ""CONVERGENCE: REL_REDUCTION_OF_F_<=_FACTR*EPSMCH"", ""method"": ""L-BFGS-B"", ""nfev"": 3, ""nit"": 1, ""status"": 0, ""success"": true, ""x"": [0.0, 0.7779581918523057, 0.00035724203319453, 0.0]}, {""fun"": 15835.76295819874, ""jac"": [632.8560720453597, -7.60467457894265e-08, 1049.0825450119269, 165.87444851322823], ""message"": ""CONVERGENCE: NORM_OF_PROJECTED_GRADIENT_<=_PGTOL"", ""method"": ""L-BFGS-B"", ""nfev"": 12, ""nit"": 10, ""status"": 0, ""success"": true, ""x"": [0.0, 0.7748066588008367, 0.0, 0.0]}], ""poisson_canonical_agreement_abs"": 0.0, ""solver_path"": ""poisson_convex"", ""uncertified_profiles"": 0}"
foul_leaves_5_team,team-quarter,2021-22,9840,optimization,FTM,2,FTA;PERS_FOUL_DRAWN;LOOSE_BALL_FOUL_DRAWN,26,NB,31717.49699916723,-15835.7629721085,"[0.7748253668771482, 0.0, 0.0]","{""p"": 0.9999925257724026, ""r"": 0.0003909905584254666}",5,True,optimizer_converged_lbfgsb,28,236,2,-15836.51069437438,0.7477222658799292,0.8838299000053667,"{""binomial_discrete_residual_mean"": null, ""binomial_discrete_residual_variance"": null, ""binomial_h_extension_used"": null, ""binomial_n_candidates"": 0, ""binomial_n_max"": null, ""binomial_n_min"": null, ""binomial_n_policy"": null, ""binomial_n_tie_break"": null, ""certified_profiles"": 1, ""optimizer_powell_attempted"": false, ""optimizer_powell_success"": false, ""optimizer_primary_failed_starts"": 0, ""optimizer_primary_successful_starts"": 2, ""optimizer_results"": [{""fun"": 15835.76928656342, ""jac"": [-0.023464963187835756, 1049.0890417713672, 165.8754626987502, 0.006184563972054923, -0.006912159161559641], ""message"": ""CONVERGENCE: REL_REDUCTION_OF_F_<=_FACTR*EPSMCH"", ""method"": ""L-BFGS-B"", ""nfev"": 36, ""nit"": 3, ""status"": 0, ""success"": true, ""x"": [0.7748046025621412, 0.0, 0.0, -3.599598666110617e-05, 11.512942899241622]}, {""fun"": 15835.7629721085, ""jac"": [1.2920281668464912, 1049.485945259221, 165.93585314694792, 0.18189894146007118, 0.002910382804867217], ""message"": ""CONVERGENCE: REL_REDUCTION_OF_F_<=_FACTR*EPSMCH"", ""method"": ""L-BFGS-B"", ""nfev"": 198, ""nit"": 25, ""status"": 0, ""success"": true, ""x"": [0.7748253668771482, 0.0, 0.0, -7.846827145519904, 11.80404230122324]}], ""solver_path"": ""general_convolution"", ""uncertified_profiles"": 0}"
foul_leaves_5_team,team-quarter,2021-22,9840,optimization,FTM,2,FTA;PERS_FOUL_DRAWN;LOOSE_BALL_FOUL_DRAWN,26,ZIP,31717.4969714816,-15835.762958265685,"[0.7748063327962537, 0.0, 0.0]","{""lam"": 9.999999999999996e-11, ""rho"": 1.0000000000000007e-09}",5,True,optimizer_converged_lbfgsb,27,212,2,-15836.503974637179,0.7410163714939699,0.2767708000028506,"{""binomial_discrete_residual_mean"": null, ""binomial_discrete_residual_variance"": null, ""binomial_h_extension_used"": null, ""binomial_n_candidates"": 0, ""binomial_n_max"": null, ""binomial_n_min"": null, ""binomial_n_policy"": null, ""binomial_n_tie_break"": null, ""certified_profiles"": 1, ""optimizer_powell_attempted"": false, ""optimizer_powell_success"": false, ""optimizer_primary_failed_starts"": 0, ""optimizer_primary_successful_starts"": 2, ""optimizer_results"": [{""fun"": 15835.762958265685, ""jac"": [-0.02200977167231106, 1049.0759450476617, 165.8734618104063, 0.0, 0.0], ""message"": ""CONVERGENCE: REL_REDUCTION_OF_F_<=_FACTR*EPSMCH"", ""method"": ""L-BFGS-B"", ""nfev"": 36, ""nit"": 3, ""status"": 0, ""success"": true, ""x"": [0.7748063327962537, 0.0, 0.0, -23.025850929940457, -20.72326583594641]}, {""fun"": 15835.7655395622, ""jac"": [0.36943674600383275, 1049.2030924069695, 165.89274309808388, 0.0025465849542588154, -0.002182787297520854], ""message"": ""CONVERGENCE: REL_REDUCTION_OF_F_<=_FACTR*EPSMCH"", ""method"": ""L-BFGS-B"", ""nfev"": 174, ""nit"": 24, ""status"": 0, ""success"": true, ""x"": [0.7748113119630184, 0.0, 0.0, -10.755159870173173, 1.4428441961247698]}], ""solver_path"": ""general_convolution"", ""uncertified_profiles"": 0}"
foul_leaves_5_team,team-quarter,2021-22,9840,optimization,FTM,2,FTA;PERS_FOUL_DRAWN;LOOSE_BALL_FOUL_DRAWN,26,Geom,31708.302761630555,-15835.762958835185,"[0.7748063357881848, 0.0, 0.0]","{""p"": 0.9999999989999999}",4,True,optimizer_converged_lbfgsb,32,192,2,-15836.503975241942,0.7410164067568985,19.869667700026184,"{""binomial_discrete_residual_mean"": null, ""binomial_discrete_residual_variance"": null, ""binomial_h_extension_used"": null, ""binomial_n_candidates"": 0, ""binomial_n_max"": null, ""binomial_n_min"": null, ""binomial_n_policy"": null, ""binomial_n_tie_break"": null, ""certified_profiles"": 1, ""optimizer_powell_attempted"": false, ""optimizer_powell_success"": false, ""optimizer_primary_failed_starts"": 0, ""optimizer_primary_successful_starts"": 2, ""optimizer_results"": [{""fun"": 15835.762958835185, ""jac"": [-0.021645973793429883, 1049.0757631487213, 165.87364370934665, 0.0], ""message"": ""CONVERGENCE: REL_REDUCTION_OF_F_<=_FACTR*EPSMCH"", ""method"": ""L-BFGS-B"", ""nfev"": 30, ""nit"": 3, ""status"": 0, ""success"": true, ""x"": [0.7748063357881848, 0.0, 0.0, 20.723265864228342]}, {""fun"": 15835.763017524838, ""jac"": [0.0010913936366435237, 1049.0832210052758, 165.87473510298878, 0.0], ""message"": ""CONVERGENCE: REL_REDUCTION_OF_F_<=_FACTR*EPSMCH"", ""method"": ""L-BFGS-B"", ""nfev"": 160, ""nit"": 29, ""status"": 0, ""success"": true, ""x"": [0.7748066483539566, 0.0, 0.0, 16.182704447846724]}], ""solver_path"": ""general_convolution"", ""uncertified_profiles"": 0}"
foul_leaves_5_team,team-quarter,2021-22,9840,optimization,FTM,2,FTA;PERS_FOUL_DRAWN;LOOSE_BALL_FOUL_DRAWN,26,Binomial,31708.302762896223,-15835.762959468018,"[0.7748063366891432, 0.0, 0.0]","{""n"": 2, ""p"": 1.0000000000000007e-09}",4,True,optimizer_converged_lbfgsb,32,197,2,-15836.503975913898,0.7410164458797226,0.5544217000133358,"{""binomial_discrete_residual_mean"": -0.01774533978224202, ""binomial_discrete_residual_variance"": -3.230140462631028, ""binomial_h_extension_used"": true, ""binomial_n_candidates"": 1, ""binomial_n_max"": 2, ""binomial_n_min"": 2, ""binomial_n_policy"": ""paper_H_binomial_discrete_index_continuous_full_mle"", ""binomial_n_tie_break"": ""not_applicable_single_mom_index"", ""certified_profiles"": 1, ""optimizer_powell_attempted"": false, ""optimizer_powell_success"": false, ""optimizer_primary_failed_starts"": 0, ""optimizer_primary_successful_starts"": 2, ""optimizer_results"": [{""fun"": 15835.762959468018, ""jac"": [-0.021645973793429883, 1049.075581249781, 165.8734618104063, 0.0], ""message"": ""CONVERGENCE: REL_REDUCTION_OF_F_<=_FACTR*EPSMCH"", ""method"": ""L-BFGS-B"", ""nfev"": 30, ""nit"": 3, ""status"": 0, ""success"": true, ""x"": [0.7748063366891432, 0.0, 0.0, -20.72326583594641]}, {""fun"": 15835.764029000655, ""jac"": [0.11841620957582231, 1049.1216016816907, 165.88037397013977, 0.0012732924771294077], ""message"": ""CONVERGENCE: REL_REDUCTION_OF_F_<=_FACTR*EPSMCH"", ""method"": ""L-BFGS-B"", ""nfev"": 165, ""nit"": 29, ""status"": 0, ""success"": true, ""x"": [0.7748080845913422, 0.0, 0.0, -13.982831973339794]}], ""solver_path"": ""general_convolution"", ""uncertified_profiles"": 0}"
foul_leaves_5_team,team-quarter,2021-22,9840,optimization,FTM,2,FTA;PERS_FOUL_DRAWN;LOOSE_BALL_FOUL_DRAWN,26,Bernoulli,31708.302761630846,-15835.76295883533,"[0.7748063293050707, 0.0, 0.0]","{""p"": 1.0000000057243604e-09}",4,True,optimizer_converged_lbfgsb,36,242,2,-15836.503975241942,0.7410164066113794,0.44341539999004453,"{""binomial_discrete_residual_mean"": null, ""binomial_discrete_residual_variance"": null, ""binomial_h_extension_used"": null, ""binomial_n_candidates"": 0, ""binomial_n_max"": null, ""binomial_n_min"": null, ""binomial_n_policy"": null, ""binomial_n_tie_break"": null, ""certified_profiles"": 1, ""optimizer_powell_attempted"": false, ""optimizer_powell_success"": false, ""optimizer_primary_failed_starts"": 0, ""optimizer_primary_successful_starts"": 2, ""optimizer_results"": [{""fun"": 15835.76295883533, ""jac"": [-0.02182787273287047, 1049.0757631487213, 165.87364370934665, 0.0], ""message"": ""CONVERGENCE: REL_REDUCTION_OF_F_<=_FACTR*EPSMCH"", ""method"": ""L-BFGS-B"", ""nfev"": 30, ""nit"": 3, ""status"": 0, ""success"": true, ""x"": [0.7748063293050707, 0.0, 0.0, -20.72326583022205]}, {""fun"": 15835.763113582578, ""jac"": [0.13260432685218812, 1049.1241482668556, 165.88073776802048, 0.00018189892530420107], ""message"": ""CONVERGENCE: REL_REDUCTION_OF_F_<=_FACTR*EPSMCH"", ""method"": ""L-BFGS-B"", ""nfev"": 210, ""nit"": 33, ""status"": 0, ""success"": true, ""x"": [0.7748085362909011, 0.0, 0.0, -15.220672503522831]}], ""solver_path"": ""general_convolution"", ""uncertified_profiles"": 0}"
foul_leaves_5_team,team-quarter,2021-22,9840,optimization,FTM,2,FOUL;FTA;PERS_FOUL_DRAWN;LOOSE_BALL_FOUL_DRAWN,27,Poisson,31717.496971347708,-15835.762958198738,"[0.0, 0.7748066579373987, 0.0, 0.0]","{""lam"": 0.0}",5,True,poisson_convex_mle,11,19,2,-15876.90781717528,41.14485897654231,0.02349360001971945,"{""binomial_discrete_residual_mean"": null, ""binomial_discrete_residual_variance"": null, ""binomial_h_extension_used"": null, ""binomial_n_candidates"": 0, ""binomial_n_max"": null, ""binomial_n_min"": null, ""binomial_n_policy"": null, ""binomial_n_tie_break"": null, ""certified_profiles"": 1, ""optimizer_primary_failed_starts"": 0, ""optimizer_primary_successful_starts"": 2, ""optimizer_results"": [{""fun"": 15876.90781717528, ""jac"": [922.4817963265851, 2598.6324048779334, 1523.7843669676017, 1648.179461919825, 240.9918424423566], ""message"": ""CONVERGENCE: REL_REDUCTION_OF_F_<=_FACTR*EPSMCH"", ""method"": ""L-BFGS-B"", ""nfev"": 3, ""nit"": 1, ""status"": 0, ""success"": true, ""x"": [0.0, 0.0, 0.7910199372631334, 0.021188910147952204, 0.0]}, {""fun"": 15835.762958198738, ""jac"": [632.8560617850217, 1263.4554428960596, -5.958789475357662e-05, 1049.0825264886191, 165.87444570816484], ""message"": ""CONVERGENCE: REL_REDUCTION_OF_F_<=_FACTR*EPSMCH"", ""method"": ""L-BFGS-B"", ""nfev"": 14, ""nit"": 10, ""status"": 0, ""success"": true, ""x"": [0.0, 0.0, 0.7748066579373987, 0.0, 0.0]}], ""poisson_canonical_agreement_abs"": 0.0, ""solver_path"": ""poisson_convex"", ""uncertified_profiles"": 0}"
foul_leaves_5_team,team-quarter,2021-22,9840,optimization,FTM,2,FOUL;FTA;PERS_FOUL_DRAWN;LOOSE_BALL_FOUL_DRAWN,27,NB,31726.693659158347,-15835.764196609034,"[0.0, 0.7748064700667567, 0.0, 0.0]","{""p"": 0.9997763222830055, ""r"": 0.008743911565185255}",6,True,optimizer_converged_lbfgsb,29,261,2,-15876.917042213625,41.152845604590766,0.8966155999805778,"{""binomial_discrete_residual_mean"": null, ""binomial_discrete_residual_variance"": null, ""binomial_h_extension_used"": null, ""binomial_n_candidates"": 0, ""binomial_n_max"": null, ""binomial_n_min"": null, ""binomial_n_policy"": null, ""binomial_n_tie_break"": null, ""certified_profiles"": 1, ""optimizer_powell_attempted"": false, ""optimizer_powell_success"": false, ""optimizer_primary_failed_starts"": 0, ""optimizer_primary_successful_starts"": 2, ""optimizer_results"": [{""fun"": 15835.769284526412, ""jac"": [1263.476224266924, -0.00018189893944058725, 1049.0963177289814, 165.87637219345197, 0.005638867150995075, -0.00818545163868905], ""message"": ""CONVERGENCE: REL_REDUCTION_OF_F_<=_FACTR*EPSMCH"", ""method"": ""L-BFGS-B"", ""nfev"": 63, ""nit"": 5, ""status"": 0, ""success"": true, ""x"": [0.0, 0.7748049367893701, 0.0, 0.0, -0.00018389050396718223, 11.513116337862844]}, {""fun"": 15835.764196609034, ""jac"": [1263.468038814608, 0.011095835305875823, 1049.087950377725, 165.87528079980984, 0.007275957658402847, -0.0016370903277378097], ""message"": ""CONVERGENCE: REL_REDUCTION_OF_F_<=_FACTR*EPSMCH"", ""method"": ""L-BFGS-B"", ""nfev"": 196, ""nit"": 24, ""status"": 0, ""success"": true, ""x"": [0.0, 0.7748064700667567, 0.0, 0.0, -4.739397641930172, 8.405080602803652]}], ""solver_path"": ""general_convolution"", ""uncertified_profiles"": 0}"
foul_leaves_5_team,team-quarter,2021-22,9840,optimization,FTM,2,FOUL;FTA;PERS_FOUL_DRAWN;LOOSE_BALL_FOUL_DRAWN,27,ZIP,31726.69118246433,-15835.762958262025,"[0.0, 0.7748066559931925, 0.0, 0.0]","{""lam"": 9.999999999999996e-11, ""rho"": 1.0000000000000007e-09}",6,True,optimizer_converged_lbfgsb,35,324,2,-15876.907817267529,41.14485900550426,0.3659205000149086,"{""binomial_discrete_residual_mean"": null, ""binomial_discrete_residual_variance"": null, ""binomial_h_extension_used"": null, ""binomial_n_candidates"": 0, ""binomial_n_max"": null, ""binomial_n_min"": null, ""binomial_n_policy"": null, ""binomial_n_tie_break"": null, ""certified_profiles"": 1, ""optimizer_powell_attempted"": false, ""optimizer_powell_success"": false, ""optimizer_primary_failed_starts"": 0, ""optimizer_primary_successful_starts"": 2, ""optimizer_results"": [{""fun"": 15835.762958262025, ""jac"": [1263.4553058887832, 0.00018189893944058725, 1049.0824934095144, 165.87437130510807, 0.0, 0.0], ""message"": ""CONVERGENCE: REL_REDUCTION_OF_F_<=_FACTR*EPSMCH"", ""method"": ""L-BFGS-B"", ""nfev"": 63, ""nit"": 5, ""status"": 0, ""success"": true, ""x"": [0.0, 0.7748066559931925, 0.0, 0.0, -23.025850929940457, -20.72326583594641]}, {""fun"": 15835.762981536995, ""jac"": [1263.4585800697096, 0.003637978788811745, 1049.0835848031566, 165.87473510298878, 0.0, 0.0], ""message"": ""CONVERGENCE: REL_REDUCTION_OF_F_<=_FACTR*EPSMCH"", ""method"": ""L-BFGS-B"", ""nfev"": 259, ""nit"": 30, ""status"": 0, ""success"": true, ""x"": [0.0, 0.7748067001707774, 0.0, 0.0, -15.94850567432634, 0.79427993828676]}], ""solver_path"": ""general_convolution"", ""uncertified_profiles"": 0}"
foul_leaves_5_team,team-quarter,2021-22,9840,optimization,FTM,2,FOUL;FTA;PERS_FOUL_DRAWN;LOOSE_BALL_FOUL_DRAWN,27,Geom,31717.496972613426,-15835.762958831598,"[0.0, 0.7748066515300611, 0.0, 0.0]","{""p"": 0.9999999989999999}",5,True,optimizer_converged_lbfgsb,31,236,2,-15876.907818097763,41.14485926616544,24.486008299980313,"{""binomial_discrete_residual_mean"": null, ""binomial_discrete_residual_variance"": null, ""binomial_h_extension_used"": null, ""binomial_n_candidates"": 0, ""binomial_n_max"": null, ""binomial_n_min"": null, ""binomial_n_policy"": null, ""binomial_n_tie_break"": null, ""certified_profiles"": 1, ""optimizer_powell_attempted"": false, ""optimizer_powell_success"": false, ""optimizer_primary_failed_starts"": 0, ""optimizer_primary_successful_starts"": 2, ""optimizer_results"": [{""fun"": 15835.762958831598, ""jac"": [1263.4551239898428, -0.0003637978788811745, 1049.0824934095144, 165.87418940616772, 0.0], ""message"": ""CONVERGENCE: REL_REDUCTION_OF_F_<=_FACTR*EPSMCH"", ""method"": ""L-BFGS-B"", ""nfev"": 54, ""nit"": 5, ""status"": 0, ""success"": true, ""x"": [0.0, 0.7748066515300611, 0.0, 0.0, 20.723265857357045]}, {""fun"": 15835.763781881718, ""jac"": [1263.3414371521212, -0.14606484837079156, 1049.0390195627697, 165.86800484219566, -0.0009094946265210054], ""message"": ""CONVERGENCE: REL_REDUCTION_OF_F_<=_FACTR*EPSMCH"", ""method"": ""L-BFGS-B"", ""nfev"": 180, ""nit"": 26, ""status"": 0, ""success"": true, ""x"": [0.0, 0.7748043105265596, 0.0, 0.0, 13.552159456555133]}], ""solver_path"": ""general_convolution"", ""uncertified_profiles"": 0}"
foul_leaves_5_team,team-quarter,2021-22,9840,optimization,FTM,2,FOUL;FTA;PERS_FOUL_DRAWN;LOOSE_BALL_FOUL_DRAWN,27,Binomial,31717.496973879137,-15835.762959464453,"[0.0, 0.7748066542233196, 0.0, 0.0]","{""n"": 2, ""p"": 1.0000000000000007e-09}",5,True,optimizer_converged_lbfgsb,42,338,2,-15876.907819020244,41.14485955579039,0.8819527999730781,"{""binomial_discrete_residual_mean"": -0.12604338830158213, ""binomial_discrete_residual_variance"": -3.626931846296796, ""binomial_h_extension_used"": true, ""binomial_n_candidates"": 1, ""binomial_n_max"": 2, ""binomial_n_min"": 2, ""binomial_n_policy"": ""paper_H_binomial_discrete_index_continuous_full_mle"", ""binomial_n_tie_break"": ""not_applicable_single_mom_index"", ""certified_profiles"": 1, ""optimizer_powell_attempted"": false, ""optimizer_powell_success"": false, ""optimizer_primary_failed_starts"": 0, ""optimizer_primary_successful_starts"": 2, ""optimizer_results"": [{""fun"": 15835.762959464453, ""jac"": [1263.4553058887832, 0.0, 1049.0824934095144, 165.87437130510807, 0.0], ""message"": ""CONVERGENCE: NORM_OF_PROJECTED_GRADIENT_<=_PGTOL"", ""method"": ""L-BFGS-B"", ""nfev"": 54, ""nit"": 5, ""status"": 0, ""success"": true, ""x"": [0.0, 0.7748066542233196, 0.0, 0.0, -20.72326583594641]}, {""fun"": 15835.763044622596, ""jac"": [1263.4549420909025, -0.0009094946972029363, 1049.082311510574, 165.87437130510807, 0.00018189892530420107], ""message"": ""CONVERGENCE: REL_REDUCTION_OF_F_<=_FACTR*EPSMCH"", ""method"": ""L-BFGS-B"", ""nfev"": 282, ""nit"": 37, ""status"": 0, ""success"": true, ""x"": [0.0, 0.7748066181404222, 0.0, 0.0, -16.49963707366906]}], ""solver_path"": ""general_convolution"", ""uncertified_profiles"": 0}"
foul_leaves_5_team,team-quarter,2021-22,9840,optimization,FTM,2,FOUL;FTA;PERS_FOUL_DRAWN;LOOSE_BALL_FOUL_DRAWN,27,Bernoulli,31717.496972613426,-15835.762958831598,"[0.0, 0.7748066490567059, 0.0, 0.0]","{""p"": 1.000000003435045e-09}",5,True,optimizer_converged_lbfgsb,38,290,2,-15876.907818097763,41.14485926616544,0.5244728000252508,"{""binomial_discrete_residual_mean"": null, ""binomial_discrete_residual_variance"": null, ""binomial_h_extension_used"": null, ""binomial_n_candidates"": 0, ""binomial_n_max"": null, ""binomial_n_min"": null, ""binomial_n_policy"": null, ""binomial_n_tie_break"": null, ""certified_profiles"": 1, ""optimizer_powell_attempted"": false, ""optimizer_powell_success"": false, ""optimizer_primary_failed_starts"": 0, ""optimizer_primary_successful_starts"": 2, ""optimizer_results"": [{""fun"": 15835.762958831598, ""jac"": [1263.4554877877235, -0.00018189893944058725, 1049.0824934095144, 165.87437130510807, 0.0], ""message"": ""CONVERGENCE: REL_REDUCTION_OF_F_<=_FACTR*EPSMCH"", ""method"": ""L-BFGS-B"", ""nfev"": 54, ""nit"": 5, ""status"": 0, ""success"": true, ""x"": [0.0, 0.7748066490567059, 0.0, 0.0, -20.723265832511366]}, {""fun"": 15835.763005272707, ""jac"": [1263.9926353585906, 0.6715708844146482, 1049.2916771909222, 165.90638551861048, 0.0], ""message"": ""CONVERGENCE: REL_REDUCTION_OF_F_<=_FACTR*EPSMCH"", ""method"": ""L-BFGS-B"", ""nfev"": 234, ""nit"": 33, ""status"": 0, ""success"": true, ""x"": [0.0, 0.7748163847840044, 0.0, 0.0, -16.48598143867814]}], ""solver_path"": ""general_convolution"", ""uncertified_profiles"": 0}"
foul_leaves_5_team,team-quarter,2021-22,9840,optimization,PERS_FOUL_DRAWN,3,,0,Poisson,32467.162936016906,-16228.98436251343,[],"{""lam"": 1.7958333333333334}",1,True,analytic_mle,0,1,0,-16228.98436251343,0.0,0.0006751999608241022,"{""binomial_discrete_residual_mean"": null, ""binomial_discrete_residual_variance"": null, ""binomial_h_extension_used"": null, ""binomial_n_candidates"": 0, ""binomial_n_max"": null, ""binomial_n_min"": null, ""binomial_n_policy"": null, ""binomial_n_tie_break"": null, ""certified_profiles"": 1, ""solver_path"": ""analytic_root"", ""uncertified_profiles"": 0}"
foul_leaves_5_team,team-quarter,2021-22,9840,optimization,PERS_FOUL_DRAWN,3,,0,NB,32473.030352247264,-16227.320965133586,[],"{""p"": 0.9739936278773135, ""r"": 67.25810977891803}",2,True,optimizer_converged_lbfgsb,2,20,2,-16227.320965416193,2.82607288681902e-07,0.03723180002998561,"{""binomial_discrete_residual_mean"": null, ""binomial_discrete_residual_variance"": null, ""binomial_h_extension_used"": null, ""binomial_n_candidates"": 0, ""binomial_n_max"": null, ""binomial_n_min"": null, ""binomial_n_policy"": null, ""binomial_n_tie_break"": null, ""certified_profiles"": 1, ""optimizer_powell_attempted"": false, ""optimizer_powell_success"": false, ""optimizer_primary_failed_starts"": 0, ""optimizer_primary_successful_starts"": 2, ""optimizer_results"": [{""fun"": 16227.320965133586, ""jac"": [-0.00782165448278306, -0.09003997602273524], ""message"": ""CONVERGENCE: REL_REDUCTION_OF_F_<=_FACTR*EPSMCH"", ""method"": ""L-BFGS-B"", ""nfev"": 9, ""nit"": 1, ""status"": 0, ""success"": true, ""x"": [4.208537602719452, 3.62306317176505]}, {""fun"": 16227.320965133586, ""jac"": [-0.00782165448278306, -0.09003997602273524], ""message"": ""CONVERGENCE: REL_REDUCTION_OF_F_<=_FACTR*EPSMCH"", ""method"": ""L-BFGS-B"", ""nfev"": 9, ""nit"": 1, ""status"": 0, ""success"": true, ""x"": [4.208537602719452, 3.62306317176505]}], ""solver_path"": ""general_convolution"", ""uncertified_profiles"": 0}"
foul_leaves_5_team,team-quarter,2021-22,9840,optimization,PERS_FOUL_DRAWN,3,,0,ZIP,32476.34901982477,-16228.980298922339,[],"{""lam"": 1.796742929011491, ""rho"": 0.0005069257365228604}",2,True,optimizer_converged_lbfgsb,36,140,2,-16232.16282998958,3.1825310672411433,0.11787030001869425,"{""binomial_discrete_residual_mean"": null, ""binomial_discrete_residual_variance"": null, ""binomial_h_extension_used"": null, ""binomial_n_candidates"": 0, ""binomial_n_max"": null, ""binomial_n_min"": null, ""binomial_n_policy"": null, ""binomial_n_tie_break"": null, ""certified_profiles"": 1, ""optimizer_powell_attempted"": false, ""optimizer_powell_success"": false, ""optimizer_primary_failed_starts"": 0, ""optimizer_primary_successful_starts"": 2, ""optimizer_results"": [{""fun"": 16228.980298922339, ""jac"": [-0.011641532124197584, 0.0], ""message"": ""CONVERGENCE: REL_REDUCTION_OF_F_<=_FACTR*EPSMCH"", ""method"": ""L-BFGS-B"", ""nfev"": 69, ""nit"": 18, ""status"": 0, ""success"": true, ""x"": [0.5859755419260795, -7.5866389871212485]}, {""fun"": 16228.980298922339, ""jac"": [-0.011641532124197584, 0.0], ""message"": ""CONVERGENCE: REL_REDUCTION_OF_F_<=_FACTR*EPSMCH"", ""method"": ""L-BFGS-B"", ""nfev"": 69, ""nit"": 18, ""status"": 0, ""success"": true, ""x"": [0.5859755419260795, -7.5866389871212485]}], ""solver_path"": ""general_convolution"", ""uncertified_profiles"": 0}"
foul_leaves_5_team,team-quarter,2021-22,9840,optimization,PERS_FOUL_DRAWN,3,,0,Geom,35887.32353362887,-17939.06466131941,[],"{""p"": 0.35767511177347244}",1,True,analytic_mle,0,1,0,-17939.06466131941,0.0,0.0007057000184431672,"{""binomial_discrete_residual_mean"": null, ""binomial_discrete_residual_variance"": null, ""binomial_h_extension_used"": null, ""binomial_n_candidates"": 0, ""binomial_n_max"": null, ""binomial_n_min"": null, ""binomial_n_policy"": null, ""binomial_n_tie_break"": null, ""certified_profiles"": 1, ""solver_path"": ""analytic_root"", ""uncertified_profiles"": 0}"
foul_leaves_5_team,team-quarter,2021-22,9840,optimization,PERS_FOUL_DRAWN,3,,0,Binomial,32473.68376600533,-16232.244777507643,[],"{""n"": 100, ""p"": 0.017958333333333333}",1,True,analytic_mle,0,1,0,-16232.244777507643,0.0,0.003008600033354014,"{""binomial_discrete_residual_mean"": 1.7958333333333334, ""binomial_discrete_residual_variance"": 1.8437834518970186, ""binomial_h_extension_used"": true, ""binomial_n_candidates"": 1, ""binomial_n_max"": 100, ""binomial_n_min"": 100, ""binomial_n_policy"": ""paper_H_binomial_discrete_index_continuous_full_mle"", ""binomial_n_tie_break"": ""not_applicable_single_mom_index"", ""certified_profiles"": 1, ""solver_path"": ""analytic_root"", ""uncertified_profiles"": 0}"
foul_leaves_5_team,team-quarter,2021-22,9840,optimization,PERS_FOUL_DRAWN,3,,0,Bernoulli,inf,-inf,[],{},1,False,infeasible_root_support,0,0,0,-inf,0.0,3.720005042850971e-05,"{""binomial_discrete_residual_mean"": null, ""binomial_discrete_residual_variance"": null, ""binomial_h_extension_used"": null, ""binomial_n_candidates"": 0, ""binomial_n_max"": null, ""binomial_n_min"": null, ""binomial_n_policy"": null, ""binomial_n_tie_break"": null, ""certified_profiles"": 0, ""solver_path"": ""analytic_root"", ""uncertified_profiles"": 0}"
foul_leaves_5_team,team-quarter,2021-22,9840,optimization,PERS_FOUL_DRAWN,3,FOUL,1,Poisson,28698.798064798662,-14340.204821409285,[0.40185109382925455],"{""lam"": 0.0}",2,True,poisson_convex_mle,12,18,2,-14371.930454825131,31.72563341584646,0.026363099983427674,"{""binomial_discrete_residual_mean"": null, ""binomial_discrete_residual_variance"": null, ""binomial_h_extension_used"": null, ""binomial_n_candidates"": 0, ""binomial_n_max"": null, ""binomial_n_min"": null, ""binomial_n_policy"": null, ""binomial_n_tie_break"": null, ""certified_profiles"": 1, ""optimizer_primary_failed_starts"": 0, ""optimizer_primary_successful_starts"": 2, ""optimizer_results"": [{""fun"": 14371.930454825131, ""jac"": [719.4699140171634, 2533.087487704209], ""message"": ""CONVERGENCE: REL_REDUCTION_OF_F_<=_FACTR*EPSMCH"", ""method"": ""L-BFGS-B"", ""nfev"": 3, ""nit"": 1, ""status"": 0, ""success"": true, ""x"": [0.0, 0.42641435549366524]}, {""fun"": 14340.204821409285, ""jac"": [161.97493525440328, 1.1853056602895151e-07], ""message"": ""CONVERGENCE: NORM_OF_PROJECTED_GRADIENT_<=_PGTOL"", ""method"": ""L-BFGS-B"", ""nfev"": 13, ""nit"": 11, ""status"": 0, ""success"": true, ""x"": [0.0, 0.40185109382925455]}], ""poisson_canonical_agreement_abs"": 0.0, ""solver_path"": ""poisson_convex"", ""uncertified_profiles"": 0}"
foul_leaves_5_team,team-quarter,2021-22,9840,optimization,PERS_FOUL_DRAWN,3,FOUL,1,NB,28707.992322717793,-14340.204844873828,[0.40185219630217267],"{""p"": 0.9999999948896503, ""r"": 28.262368455219143}",3,True,optimizer_converged_lbfgsb,34,194,2,-14371.937649928259,31.732805054431083,0.4015388999832794,"{""binomial_discrete_residual_mean"": null, ""binomial_discrete_residual_variance"": null, ""binomial_h_extension_used"": null, ""binomial_n_candidates"": 0, ""binomial_n_max"": null, ""binomial_n_min"": null, ""binomial_n_policy"": null, ""binomial_n_tie_break"": null, ""certified_profiles"": 1, ""optimizer_powell_attempted"": false, ""optimizer_powell_success"": false, ""optimizer_primary_failed_starts"": 0, ""optimizer_primary_successful_starts"": 2, ""optimizer_results"": [{""fun"": 14340.206440010585, ""jac"": [0.0003637978809006584, 0.0014551915228374387, -0.0010913935518252066], ""message"": ""CONVERGENCE: REL_REDUCTION_OF_F_<=_FACTR*EPSMCH"", ""method"": ""L-BFGS-B"", ""nfev"": 28, ""nit"": 4, ""status"": 0, ""success"": true, ""x"": [0.4018488933058348, -0.0004187287636885627, 11.513334658391134]}, {""fun"": 14340.204844873828, ""jac"": [0.12496457208937617, 0.0007275957658402848, 0.0], ""message"": ""CONVERGENCE: REL_REDUCTION_OF_F_<=_FACTR*EPSMCH"", ""method"": ""L-BFGS-B"", ""nfev"": 164, ""nit"": 30, ""status"": 0, ""success"": true, ""x"": [0.40185219630217267, 3.3415311832003027, 19.091997993418495]}], ""solver_path"": ""general_convolution"", ""uncertified_profiles"": 0}"
foul_leaves_5_team,team-quarter,2021-22,9840,optimization,PERS_FOUL_DRAWN,3,FOUL,1,ZIP,28707.99227582111,-14340.204821425486,[0.40185108800315067],"{""lam"": 9.999999999999996e-11, ""rho"": 1.0000000000000007e-09}",3,True,optimizer_converged_lbfgsb,34,214,2,-14371.930454897076,31.72563347158939,0.19818249996751547,"{""binomial_discrete_residual_mean"": null, ""binomial_discrete_residual_variance"": null, ""binomial_h_extension_used"": null, ""binomial_n_candidates"": 0, ""binomial_n_max"": null, ""binomial_n_min"": null, ""binomial_n_policy"": null, ""binomial_n_tie_break"": null, ""certified_profiles"": 1, ""optimizer_powell_attempted"": false, ""optimizer_powell_success"": false, ""optimizer_primary_failed_starts"": 0, ""optimizer_primary_successful_starts"": 2, ""optimizer_results"": [{""fun"": 14340.204821425486, ""jac"": [-0.0001818989404503292, 0.0, 0.0], ""message"": ""CONVERGENCE: REL_REDUCTION_OF_F_<=_FACTR*EPSMCH"", ""method"": ""L-BFGS-B"", ""nfev"": 28, ""nit"": 4, ""status"": 0, ""success"": true, ""x"": [0.40185108800315067, -23.025850929940457, -20.72326583594641]}, {""fun"": 14340.204850174001, ""jac"": [-0.002546585166304609, 0.0, 0.0], ""message"": ""CONVERGENCE: REL_REDUCTION_OF_F_<=_FACTR*EPSMCH"", ""method"": ""L-BFGS-B"", ""nfev"": 184, ""nit"": 30, ""status"": 0, ""success"": true, ""x"": [0.4018510252114, -15.543805036833394, -20.721549399262475]}], ""solver_path"": ""general_convolution"", ""uncertified_profiles"": 0}"
foul_leaves_5_team,team-quarter,2021-22,9840,optimization,PERS_FOUL_DRAWN,3,FOUL,1,Geom,28698.79806512262,-14340.204821571264,[0.4018510892450586],"{""p"": 0.9999999989999999}",2,True,optimizer_converged_lbfgsb,39,143,2,-14371.930455544602,31.725633973337608,14.769659499987029,"{""binomial_discrete_residual_mean"": null, ""binomial_discrete_residual_variance"": null, ""binomial_h_extension_used"": null, ""binomial_n_candidates"": 0, ""binomial_n_max"": null, ""binomial_n_min"": null, ""binomial_n_policy"": null, ""binomial_n_tie_break"": null, ""certified_profiles"": 1, ""optimizer_powell_attempted"": false, ""optimizer_powell_success"": false, ""optimizer_primary_failed_starts"": 0, ""optimizer_primary_successful_starts"": 2, ""optimizer_results"": [{""fun"": 14340.204821571264, ""jac"": [-0.0001818989404503292, 0.0], ""message"": ""CONVERGENCE: REL_REDUCTION_OF_F_<=_FACTR*EPSMCH"", ""method"": ""L-BFGS-B"", ""nfev"": 21, ""nit"": 4, ""status"": 0, ""success"": true, ""x"": [0.4018510892450586, 20.723265864228342]}, {""fun"": 14340.204903300115, ""jac"": [-0.06275513445536358, -0.00018189892530420107], ""message"": ""CONVERGENCE: REL_REDUCTION_OF_F_<=_FACTR*EPSMCH"", ""method"": ""L-BFGS-B"", ""nfev"": 120, ""nit"": 35, ""status"": 0, ""success"": true, ""x"": [0.40185040754139256, 14.497792145783395]}], ""solver_path"": ""general_convolution"", ""uncertified_profiles"": 0}"
foul_leaves_5_team,team-quarter,2021-22,9840,optimization,PERS_FOUL_DRAWN,3,FOUL,1,Binomial,28698.79806544657,-14340.204821733238,[0.40185108882504206],"{""n"": 2, ""p"": 1.0000000000000007e-09}",2,True,optimizer_converged_lbfgsb,32,116,2,-14371.930456264068,31.725634530830575,0.3116818999988027,"{""binomial_discrete_residual_mean"": -0.10977081996732063, ""binomial_discrete_residual_variance"": -0.7303476244279911, ""binomial_h_extension_used"": true, ""binomial_n_candidates"": 1, ""binomial_n_max"": 2, ""binomial_n_min"": 2, ""binomial_n_policy"": ""paper_H_binomial_discrete_index_continuous_full_mle"", ""binomial_n_tie_break"": ""not_applicable_single_mom_index"", ""certified_profiles"": 1, ""optimizer_powell_attempted"": false, ""optimizer_powell_success"": false, ""optimizer_primary_failed_starts"": 0, ""optimizer_primary_successful_starts"": 2, ""optimizer_results"": [{""fun"": 14340.204821733238, ""jac"": [0.0, 0.0], ""message"": ""CONVERGENCE: NORM_OF_PROJECTED_GRADIENT_<=_PGTOL"", ""method"": ""L-BFGS-B"", ""nfev"": 21, ""nit"": 4, ""status"": 0, ""success"": true, ""x"": [0.40185108882504206, -20.72326583594641]}, {""fun"": 14340.206154811869, ""jac"": [-0.01382431947422502, 0.0010913935518252066], ""message"": ""CONVERGENCE: REL_REDUCTION_OF_F_<=_FACTR*EPSMCH"", ""method"": ""L-BFGS-B"", ""nfev"": 93, ""nit"": 28, ""status"": 0, ""success"": true, ""x"": [0.4018491513340805, -12.400612445029314]}], ""solver_path"": ""general_convolution"", ""uncertified_profiles"": 0}"
foul_leaves_5_team,team-quarter,2021-22,9840,optimization,PERS_FOUL_DRAWN,3,FOUL,1,Bernoulli,28698.798065122613,-14340.20482157126,[0.40185108987576645],"{""p"": 1.0000000000000007e-09}",2,True,optimizer_converged_lbfgsb,21,80,2,-14371.930455544602,31.725633973341246,0.17157490004319698,"{""binomial_discrete_residual_mean"": null, ""binomial_discrete_residual_variance"": null, ""binomial_h_extension_used"": null, ""binomial_n_candidates"": 0, ""binomial_n_max"": null, ""binomial_n_min"": null, ""binomial_n_policy"": null, ""binomial_n_tie_break"": null, ""certified_profiles"": 1, ""optimizer_powell_attempted"": false, ""optimizer_powell_success"": false, ""optimizer_primary_failed_starts"": 0, ""optimizer_primary_successful_starts"": 2, ""optimizer_results"": [{""fun"": 14340.20482157126, ""jac"": [0.0001818989404503292, 0.0], ""message"": ""CONVERGENCE: REL_REDUCTION_OF_F_<=_FACTR*EPSMCH"", ""method"": ""L-BFGS-B"", ""nfev"": 21, ""nit"": 4, ""status"": 0, ""success"": true, ""x"": [0.40185108987576645, -20.72326583594641]}, {""fun"": 14354.847039583641, ""jac"": [0.0003637978809006584, 0.00018189893944058725], ""message"": ""CONVERGENCE: REL_REDUCTION_OF_F_<=_FACTR*EPSMCH"", ""method"": ""L-BFGS-B"", ""nfev"": 57, ""nit"": 17, ""status"": 0, ""success"": true, ""x"": [0.33464023338116544, -0.845589885198093]}], ""solver_path"": ""general_convolution"", ""uncertified_profiles"": 0}"
foul_leaves_5_team,team-quarter,2021-22,9840,optimization,PERS_FOUL_DRAWN,3,FTA,2,Poisson,31992.813839340757,-15987.212708680332,[0.08190733144398278],"{""lam"": 1.3513112561425076}",2,True,poisson_convex_mle,11,20,2,-15989.717677324108,2.50496864377601,0.025834500032942742,"{""binomial_discrete_residual_mean"": null, ""binomial_discrete_residual_variance"": null, ""binomial_h_extension_used"": null, ""binomial_n_candidates"": 0, ""binomial_n_max"": null, ""binomial_n_min"": null, ""binomial_n_policy"": null, ""binomial_n_tie_break"": null, ""certified_profiles"": 1, ""optimizer_primary_failed_starts"": 0, ""optimizer_primary_successful_starts"": 2, ""optimizer_results"": [{""fun"": 15987.212708680332, ""jac"": [-1.8244885167106872e-05, 7.56929237146764e-05], ""message"": ""CONVERGENCE: REL_REDUCTION_OF_F_<=_FACTR*EPSMCH"", ""method"": ""L-BFGS-B"", ""nfev"": 7, ""nit"": 5, ""status"": 0, ""success"": true, ""x"": [1.3513112561425076, 0.08190733144398278]}, {""fun"": 15987.212708680363, ""jac"": [-0.0004926755329101029, -0.003544200443933665], ""message"": ""CONVERGENCE: REL_REDUCTION_OF_F_<=_FACTR*EPSMCH"", ""method"": ""L-BFGS-B"", ""nfev"": 11, ""nit"": 6, ""status"": 0, ""success"": true, ""x"": [1.3513112646157797, 0.0819073123256521]}], ""poisson_canonical_agreement_abs"": 0.0, ""solver_path"": ""poisson_convex"", ""uncertified_profiles"": 0}"
foul_leaves_5_team,team-quarter,2021-22,9840,optimization,PERS_FOUL_DRAWN,3,FTA,2,NB,32002.010197846867,-15987.213782438364,[0.08184686490857603],"{""p"": 0.9999997275634324, ""r"": 4959124.125129314}",3,True,optimizer_converged_lbfgsb,33,182,2,-15989.720385872119,2.506603433754208,0.373245999973733,"{""binomial_discrete_residual_mean"": null, ""binomial_discrete_residual_variance"": null, ""binomial_h_extension_used"": null, ""binomial_n_candidates"": 0, ""binomial_n_max"": null, ""binomial_n_min"": null, ""binomial_n_policy"": null, ""binomial_n_tie_break"": null, ""certified_profiles"": 1, ""optimizer_powell_attempted"": false, ""optimizer_powell_success"": false, ""optimizer_primary_failed_starts"": 0, ""optimizer_primary_successful_starts"": 2, ""optimizer_results"": [{""fun"": 15987.21542768277, ""jac"": [0.003819877749456914, -0.0023646860289546143, -0.0012732924771294077], ""message"": ""CONVERGENCE: REL_REDUCTION_OF_F_<=_FACTR*EPSMCH"", ""method"": ""L-BFGS-B"", ""nfev"": 28, ""nit"": 5, ""status"": 0, ""success"": true, ""x"": [0.08190736266399709, 11.796824109072476, 11.49574871402094]}, {""fun"": 15987.213782438364, ""jac"": [-19.40024959478941, -4.238608757438493, 4.147477395861089], ""message"": ""CONVERGENCE: REL_REDUCTION_OF_F_<=_FACTR*EPSMCH"", ""method"": ""L-BFGS-B"", ""nfev"": 152, ""nit"": 28, ""status"": 0, ""success"": true, ""x"": [0.08184686490857603, 15.41673969543213, 15.115859756636723]}], ""solver_path"": ""general_convolution"", ""uncertified_profiles"": 0}"
foul_leaves_5_team,team-quarter,2021-22,9840,optimization,PERS_FOUL_DRAWN,3,FTA,2,ZIP,32002.00805085541,-15987.212708942636,[0.08190733013486447],"{""lam"": 1.3513113831556482, ""rho"": 1.0000000000000007e-09}",3,True,optimizer_converged_lbfgsb,34,178,2,-15989.717677610693,2.5049686680576997,0.1622298999573104,"{""binomial_discrete_residual_mean"": null, ""binomial_discrete_residual_variance"": null, ""binomial_h_extension_used"": null, ""binomial_n_candidates"": 0, ""binomial_n_max"": null, ""binomial_n_min"": null, ""binomial_n_policy"": null, ""binomial_n_tie_break"": null, ""certified_profiles"": 1, ""optimizer_powell_attempted"": false, ""optimizer_powell_success"": false, ""optimizer_primary_failed_starts"": 0, ""optimizer_primary_successful_starts"": 2, ""optimizer_results"": [{""fun"": 15987.212708942636, ""jac"": [0.0043655745708079015, 0.0010913936427019754, 0.0], ""message"": ""CONVERGENCE: REL_REDUCTION_OF_F_<=_FACTR*EPSMCH"", ""method"": ""L-BFGS-B"", ""nfev"": 28, ""nit"": 5, ""status"": 0, ""success"": true, ""x"": [0.08190733013486447, 0.3010755158817091, -20.72326583594641]}, {""fun"": 15987.212993771238, ""jac"": [0.0, 0.0003637978809006584, 0.00018189892530420107], ""message"": ""CONVERGENCE: REL_REDUCTION_OF_F_<=_FACTR*EPSMCH"", ""method"": ""L-BFGS-B"", ""nfev"": 148, ""nit"": 29, ""status"": 0, ""success"": true, ""x"": [0.08190732888725129, 0.3010765008555463, -13.73208207518945]}], ""solver_path"": ""general_convolution"", ""uncertified_profiles"": 0}"
foul_leaves_5_team,team-quarter,2021-22,9840,optimization,PERS_FOUL_DRAWN,3,FTA,2,Geom,33305.50741676966,-16643.559497394785,[0.16107860202701843],"{""p"": 0.5203893734782906}",2,True,optimizer_converged_lbfgsb,22,80,2,-16888.052956659976,244.49345926519163,0.12312709999969229,"{""binomial_discrete_residual_mean"": null, ""binomial_discrete_residual_variance"": null, ""binomial_h_extension_used"": null, ""binomial_n_candidates"": 0, ""binomial_n_max"": null, ""binomial_n_min"": null, ""binomial_n_policy"": null, ""binomial_n_tie_break"": null, ""certified_profiles"": 1, ""optimizer_powell_attempted"": false, ""optimizer_powell_success"": false, ""optimizer_primary_failed_starts"": 0, ""optimizer_primary_successful_starts"": 2, ""optimizer_results"": [{""fun"": 16643.559497396393, ""jac"": [0.021827872854039507, -0.0007275957618013168], ""message"": ""CONVERGENCE: REL_REDUCTION_OF_F_<=_FACTR*EPSMCH"", ""method"": ""L-BFGS-B"", ""nfev"": 39, ""nit"": 11, ""status"": 0, ""success"": true, ""x"": [0.16107876243140673, 0.08160296051111755]}, {""fun"": 16643.559497394785, ""jac"": [0.0003637978809006584, 0.0007275957618013168], ""message"": ""CONVERGENCE: REL_REDUCTION_OF_F_<=_FACTR*EPSMCH"", ""method"": ""L-BFGS-B"", ""nfev"": 39, ""nit"": 11, ""status"": 0, ""success"": true, ""x"": [0.16107860202701843, 0.08160274655981377]}], ""solver_path"": ""general_convolution"", ""uncertified_profiles"": 0}"
foul_leaves_5_team,team-quarter,2021-22,9840,optimization,PERS_FOUL_DRAWN,3,FTA,2,Binomial,31974.97236071991,-15978.291969369908,[0.08210801559069625],"{""n"": 33, ""p"": 0.04091582109180654}",2,True,optimizer_converged_lbfgsb,11,56,2,-15980.80081133827,2.508841968361594,0.18557210004655644,"{""binomial_discrete_residual_mean"": 1.3056832887930936, ""binomial_discrete_residual_variance"": 1.2536620681621211, ""binomial_h_extension_used"": false, ""binomial_n_candidates"": 1, ""binomial_n_max"": 33, ""binomial_n_min"": 33, ""binomial_n_policy"": ""paper_H_binomial_discrete_index_continuous_full_mle"", ""binomial_n_tie_break"": ""not_applicable_single_mom_index"", ""certified_profiles"": 1, ""optimizer_powell_attempted"": false, ""optimizer_powell_success"": false, ""optimizer_primary_failed_starts"": 0, ""optimizer_primary_successful_starts"": 2, ""optimizer_results"": [{""fun"": 15978.291969369926, ""jac"": [0.004001776689907243, 0.001091393648760427], ""message"": ""CONVERGENCE: REL_REDUCTION_OF_F_<=_FACTR*EPSMCH"", ""method"": ""L-BFGS-B"", ""nfev"": 21, ""nit"": 5, ""status"": 0, ""success"": true, ""x"": [0.08210794661474391, -3.15446161085558]}, {""fun"": 15978.291969369908, ""jac"": [0.0029103830472052674, -0.0005456968243802135], ""message"": ""CONVERGENCE: REL_REDUCTION_OF_F_<=_FACTR*EPSMCH"", ""method"": ""L-BFGS-B"", ""nfev"": 33, ""nit"": 6, ""status"": 0, ""success"": true, ""x"": [0.08210801559069625, -3.154462036816816]}], ""solver_path"": ""general_convolution"", ""uncertified_profiles"": 0}"
foul_leaves_5_team,team-quarter,2021-22,9840,optimization,PERS_FOUL_DRAWN,3,FTA,2,Bernoulli,inf,-inf,[],{},2,False,infeasible_conditional_support,0,0,0,-inf,0.0,5.949998740106821e-05,"{""binomial_discrete_residual_mean"": null, ""binomial_discrete_residual_variance"": null, ""binomial_h_extension_used"": null, ""binomial_n_candidates"": 0, ""binomial_n_max"": null, ""binomial_n_min"": null, ""binomial_n_policy"": null, ""binomial_n_tie_break"": null, ""certified_profiles"": 0, ""solver_path"": ""conditional_support_check"", ""support_violating_rows"": 327, ""uncertified_profiles"": 0}"
foul_leaves_5_team,team-quarter,2021-22,9840,optimization,PERS_FOUL_DRAWN,3,FOUL;FTA,3,Poisson,32267.4973015177,-16119.95733427378,"[0.6101390999140118, 0.0]","{""lam"": 0.0}",3,True,poisson_convex_mle,2,8,2,-16119.95733427378,0.0,0.009184699971228838,"{""binomial_discrete_residual_mean"": null, ""binomial_discrete_residual_variance"": null, ""binomial_h_extension_used"": null, ""binomial_n_candidates"": 0, ""binomial_n_max"": null, ""binomial_n_min"": null, ""binomial_n_policy"": null, ""binomial_n_tie_break"": null, ""certified_profiles"": 1, ""optimizer_primary_failed_starts"": 1, ""optimizer_primary_successful_starts"": 1, ""optimizer_results"": [{""fun"": 22954.65376687566, ""jac"": [5696.795240134525, 25148.538721384804, 33766.96590285389], ""message"": ""CONVERGENCE: REL_REDUCTION_OF_F_<=_FACTR*EPSMCH"", ""method"": ""L-BFGS-B"", ""nfev"": 3, ""nit"": 1, ""status"": 0, ""success"": true, ""x"": [0.0, 0.9386755383292489, 0.0]}, {""fun"": 16119.95733427378, ""jac"": [3465.8388309763045, 15011.7518790541, 23193.716773621833], ""message"": ""CONVERGENCE: REL_REDUCTION_OF_F_<=_FACTR*EPSMCH"", ""method"": ""L-BFGS-B"", ""nfev"": 3, ""nit"": 1, ""status"": 0, ""success"": true, ""x"": [0.0, 0.6101390999140118, 0.0]}], ""poisson_canonical_agreement_abs"": 0.0, ""solver_path"": ""poisson_convex"", ""uncertified_profiles"": 0}"
foul_leaves_5_team,team-quarter,2021-22,9840,optimization,PERS_FOUL_DRAWN,3,FOUL;FTA,3,NB,28717.18952238497,-14340.206339212393,"[0.40184902663715516, 0.0]","{""p"": 0.9999903173379124, ""r"": 0.9676520494499253}",4,True,optimizer_converged_lbfgsb,12,87,2,-16119.991992799662,1779.7856535872688,0.1849072000477463,"{""binomial_discrete_residual_mean"": null, ""binomial_discrete_residual_variance"": null, ""binomial_h_extension_used"": null, ""binomial_n_candidates"": 0, ""binomial_n_max"": null, ""binomial_n_min"": null, ""binomial_n_policy"": null, ""binomial_n_tie_break"": null, ""certified_profiles"": 1, ""optimizer_powell_attempted"": false, ""optimizer_powell_success"": false, ""optimizer_primary_failed_starts"": 0, ""optimizer_primary_successful_starts"": 2, ""optimizer_results"": [{""fun"": 14340.206339212393, ""jac"": [0.0, 7535.573240602389, 0.0012732925822687804, -0.0023646860289546143], ""message"": ""CONVERGENCE: REL_REDUCTION_OF_F_<=_FACTR*EPSMCH"", ""method"": ""L-BFGS-B"", ""nfev"": 50, ""nit"": 7, ""status"": 0, ""success"": true, ""x"": [0.40184902663715516, 0.0, -0.032882709371889904, 11.545164002728043]}, {""fun"": 14340.206403373944, ""jac"": [-0.0005456968213509877, 7535.571421612985, 0.001818989403556659, -0.0018189892530420108], ""message"": ""CONVERGENCE: REL_REDUCTION_OF_F_<=_FACTR*EPSMCH"", ""method"": ""L-BFGS-B"", ""nfev"": 35, ""nit"": 5, ""status"": 0, ""success"": true, ""x"": [0.4018489356470704, 0.0, -0.01199466519226218, 11.524651737590997]}], ""solver_path"": ""general_convolution"", ""uncertified_profiles"": 0}"
foul_leaves_5_team,team-quarter,2021-22,9840,optimization,PERS_FOUL_DRAWN,3,FOUL;FTA,3,ZIP,28717.186486811144,-14340.20482142548,"[0.40185109445654976, 0.0]","{""lam"": 9.999999999999996e-11, ""rho"": 1.0000000000000007e-09}",4,True,optimizer_converged_lbfgsb,11,82,2,-16119.957334620365,1779.752513194886,0.07643399998778477,"{""binomial_discrete_residual_mean"": null, ""binomial_discrete_residual_variance"": null, ""binomial_h_extension_used"": null, ""binomial_n_candidates"": 0, ""binomial_n_max"": null, ""binomial_n_min"": null, ""binomial_n_policy"": null, ""binomial_n_tie_break"": null, ""certified_profiles"": 1, ""optimizer_powell_attempted"": false, ""optimizer_powell_success"": false, ""optimizer_primary_failed_starts"": 0, ""optimizer_primary_successful_starts"": 2, ""optimizer_results"": [{""fun"": 14340.204821425485, ""jac"": [0.0, 7535.6001616455615, 0.0, 0.0], ""message"": ""CONVERGENCE: NORM_OF_PROJECTED_GRADIENT_<=_PGTOL"", ""method"": ""L-BFGS-B"", ""nfev"": 50, ""nit"": 7, ""status"": 0, ""success"": true, ""x"": [0.4018510883418642, 0.0, -23.025850929940457, -20.72326583594641]}, {""fun"": 14340.20482142548, ""jac"": [0.0009094947022516461, 7535.601253039204, 0.0, 0.0], ""message"": ""CONVERGENCE: REL_REDUCTION_OF_F_<=_FACTR*EPSMCH"", ""method"": ""L-BFGS-B"", ""nfev"": 30, ""nit"": 4, ""status"": 0, ""success"": true, ""x"": [0.40185109445654976, 0.0, -23.025850929940457, -20.72326583594641]}], ""solver_path"": ""general_convolution"", ""uncertified_profiles"": 0}"
foul_leaves_5_team,team-quarter,2021-22,9840,optimization,PERS_FOUL_DRAWN,3,FOUL;FTA,3,Geom,28707.992276112665,-14340.204821571264,"[0.4018510891679954, 0.0]","{""p"": 0.9999999989999999}",3,True,optimizer_converged_lbfgsb,11,66,2,-16119.95733773962,1779.7525161683552,10.167936099984217,"{""binomial_discrete_residual_mean"": null, ""binomial_discrete_residual_variance"": null, ""binomial_h_extension_used"": null, ""binomial_n_candidates"": 0, ""binomial_n_max"": null, ""binomial_n_min"": null, ""binomial_n_policy"": null, ""binomial_n_tie_break"": null, ""certified_profiles"": 1, ""optimizer_powell_attempted"": false, ""optimizer_powell_success"": false, ""optimizer_primary_failed_starts"": 0, ""optimizer_primary_successful_starts"": 2, ""optimizer_results"": [{""fun"": 14340.204821571264, ""jac"": [0.0, 7535.599797847681, 0.0], ""message"": ""CONVERGENCE: NORM_OF_PROJECTED_GRADIENT_<=_PGTOL"", ""method"": ""L-BFGS-B"", ""nfev"": 40, ""nit"": 7, ""status"": 0, ""success"": true, ""x"": [0.4018510891679954, 0.0, 20.723265864228342]}, {""fun"": 14340.204821571268, ""jac"": [0.0001818989404503292, 7535.600525443442, 0.0], ""message"": ""CONVERGENCE: REL_REDUCTION_OF_F_<=_FACTR*EPSMCH"", ""method"": ""L-BFGS-B"", ""nfev"": 24, ""nit"": 4, ""status"": 0, ""success"": true, ""x"": [0.40185109158858395, 0.0, 20.723230918429582]}], ""solver_path"": ""general_convolution"", ""uncertified_profiles"": 0}"
foul_leaves_5_team,team-quarter,2021-22,9840,optimization,PERS_FOUL_DRAWN,3,FOUL;FTA,3,Binomial,28707.992276436613,-14340.204821733238,"[0.40185108852321355, 0.0]","{""n"": 2, ""p"": 1.0000000000000007e-09}",3,True,optimizer_converged_lbfgsb,12,70,2,-16119.95734120546,1779.752519472222,0.17017769999802113,"{""binomial_discrete_residual_mean"": -2.3990160693587796, ""binomial_discrete_residual_variance"": -5.590627746192386, ""binomial_h_extension_used"": true, ""binomial_n_candidates"": 1, ""binomial_n_max"": 2, ""binomial_n_min"": 2, ""binomial_n_policy"": ""paper_H_binomial_discrete_index_continuous_full_mle"", ""binomial_n_tie_break"": ""not_applicable_single_mom_index"", ""certified_profiles"": 1, ""optimizer_powell_attempted"": false, ""optimizer_powell_success"": false, ""optimizer_primary_failed_starts"": 0, ""optimizer_primary_successful_starts"": 2, ""optimizer_results"": [{""fun"": 14340.204821733238, ""jac"": [-0.0001818989404503292, 7535.6001616455615, 0.0], ""message"": ""CONVERGENCE: REL_REDUCTION_OF_F_<=_FACTR*EPSMCH"", ""method"": ""L-BFGS-B"", ""nfev"": 40, ""nit"": 7, ""status"": 0, ""success"": true, ""x"": [0.40185108852321355, 0.0, -20.72326583594641]}, {""fun"": 14340.204821733247, ""jac"": [0.0, 7535.6001616455615, 0.0], ""message"": ""CONVERGENCE: NORM_OF_PROJECTED_GRADIENT_<=_PGTOL"", ""method"": ""L-BFGS-B"", ""nfev"": 28, ""nit"": 5, ""status"": 0, ""success"": true, ""x"": [0.40185108779209633, 0.0, -20.723231133921878]}], ""solver_path"": ""general_convolution"", ""uncertified_profiles"": 0}"
foul_leaves_5_team,team-quarter,2021-22,9840,optimization,PERS_FOUL_DRAWN,3,FOUL;FTA,3,Bernoulli,28707.99227611266,-14340.204821571262,"[0.40185108855107493, 0.0]","{""p"": 1.0000000000000007e-09}",3,True,optimizer_converged_lbfgsb,12,70,2,-16119.95733773962,1779.752516168357,0.13344860001234338,"{""binomial_discrete_residual_mean"": null, ""binomial_discrete_residual_variance"": null, ""binomial_h_extension_used"": null, ""binomial_n_candidates"": 0, ""binomial_n_max"": null, ""binomial_n_min"": null, ""binomial_n_policy"": null, ""binomial_n_tie_break"": null, ""certified_profiles"": 1, ""optimizer_powell_attempted"": false, ""optimizer_powell_success"": false, ""optimizer_primary_failed_starts"": 0, ""optimizer_primary_successful_starts"": 2, ""optimizer_results"": [{""fun"": 14340.204821571262, ""jac"": [0.0, 7535.6001616455615, 0.0], ""message"": ""CONVERGENCE: NORM_OF_PROJECTED_GRADIENT_<=_PGTOL"", ""method"": ""L-BFGS-B"", ""nfev"": 40, ""nit"": 7, ""status"": 0, ""success"": true, ""x"": [0.40185108855107493, 0.0, -20.72326583594641]}, {""fun"": 14340.204821571264, ""jac"": [-0.0003637978809006584, 7535.599797847681, 0.0], ""message"": ""CONVERGENCE: REL_REDUCTION_OF_F_<=_FACTR*EPSMCH"", ""method"": ""L-BFGS-B"", ""nfev"": 28, ""nit"": 5, ""status"": 0, ""success"": true, ""x"": [0.40185108738367553, 0.0, -20.72326583594641]}], ""solver_path"": ""general_convolution"", ""uncertified_profiles"": 0}"
foul_leaves_5_team,team-quarter,2021-22,9840,optimization,PERS_FOUL_DRAWN,3,FTM,4,Poisson,32040.506023067905,-16011.058800543906,[0.09490858856891977],"{""lam"": 1.3967446466919449}",2,True,poisson_convex_mle,16,22,2,-16012.449789444128,1.39098890022251,0.02897430001758039,"{""binomial_discrete_residual_mean"": null, ""binomial_discrete_residual_variance"": null, ""binomial_h_extension_used"": null, ""binomial_n_candidates"": 0, ""binomial_n_max"": null, ""binomial_n_min"": null, ""binomial_n_policy"": null, ""binomial_n_tie_break"": null, ""certified_profiles"": 1, ""optimizer_primary_failed_starts"": 0, ""optimizer_primary_successful_starts"": 2, ""optimizer_results"": [{""fun"": 16011.058800543906, ""jac"": [-6.1925012373453825e-06, 1.3847789850585102e-05], ""message"": ""CONVERGENCE: REL_REDUCTION_OF_F_<=_FACTR*EPSMCH"", ""method"": ""L-BFGS-B"", ""nfev"": 7, ""nit"": 5, ""status"": 0, ""success"": true, ""x"": [1.3967446466919449, 0.09490858856891977]}, {""fun"": 16011.058800543906, ""jac"": [7.007445882845076e-05, 0.00036438696574059293], ""message"": ""CONVERGENCE: REL_REDUCTION_OF_F_<=_FACTR*EPSMCH"", ""method"": ""L-BFGS-B"", ""nfev"": 13, ""nit"": 11, ""status"": 0, ""success"": true, ""x"": [1.3967446550785518, 0.09490858995303256]}], ""poisson_canonical_agreement_abs"": 0.0, ""solver_path"": ""poisson_convex"", ""uncertified_profiles"": 0}"
foul_leaves_5_team,team-quarter,2021-22,9840,optimization,PERS_FOUL_DRAWN,3,FTM,4,NB,32049.704362449804,-16011.060864739833,[0.09477751462116021],"{""p"": 0.999993422234151, ""r"": 212418.90529043722}",3,True,optimizer_converged_lbfgsb,47,314,2,-16012.452380734701,1.391515994868314,0.6949847000068985,"{""binomial_discrete_residual_mean"": null, ""binomial_discrete_residual_variance"": null, ""binomial_h_extension_used"": null, ""binomial_n_candidates"": 0, ""binomial_n_max"": null, ""binomial_n_min"": null, ""binomial_n_policy"": null, ""binomial_n_tie_break"": null, ""certified_profiles"": 1, ""optimizer_powell_attempted"": false, ""optimizer_powell_success"": false, ""optimizer_primary_failed_starts"": 0, ""optimizer_primary_successful_starts"": 2, ""optimizer_results"": [{""fun"": 16011.061368007133, ""jac"": [-0.0003637978809006584, -0.0014551914024336086, -0.0010913935518252066], ""message"": ""CONVERGENCE: REL_REDUCTION_OF_F_<=_FACTR*EPSMCH"", ""method"": ""L-BFGS-B"", ""nfev"": 28, ""nit"": 5, ""status"": 0, ""success"": true, ""x"": [0.09490852230769138, 11.835365443518027, 11.50122095130231]}, {""fun"": 16011.060864739833, ""jac"": [-5.749461709754006, 0.1014996003197442, -0.10386428634869882], ""message"": ""CONVERGENCE: REL_REDUCTION_OF_F_<=_FACTR*EPSMCH"", ""method"": ""L-BFGS-B"", ""nfev"": 284, ""nit"": 42, ""status"": 0, ""success"": true, ""x"": [0.09477751462116021, 12.266315572347692, 11.93180882912252]}], ""solver_path"": ""general_convolution"", ""uncertified_profiles"": 0}"
foul_leaves_5_team,team-quarter,2021-22,9840,optimization,PERS_FOUL_DRAWN,3,FTM,4,ZIP,32049.7002345874,-16011.05880080863,[0.0949085850426888],"{""lam"": 1.3967446691920895, ""rho"": 1.0000000000000007e-09}",3,True,optimizer_converged_lbfgsb,43,222,2,-16012.449789728687,1.3909889200567704,0.23753350001061335,"{""binomial_discrete_residual_mean"": null, ""binomial_discrete_residual_variance"": null, ""binomial_h_extension_used"": null, ""binomial_n_candidates"": 0, ""binomial_n_max"": null, ""binomial_n_min"": null, ""binomial_n_policy"": null, ""binomial_n_tie_break"": null, ""certified_profiles"": 1, ""optimizer_powell_attempted"": false, ""optimizer_powell_success"": false, ""optimizer_primary_failed_starts"": 0, ""optimizer_primary_successful_starts"": 2, ""optimizer_results"": [{""fun"": 16011.05880080863, ""jac"": [0.0007275957618013168, 0.0003637978809006584, 0.0], ""message"": ""CONVERGENCE: REL_REDUCTION_OF_F_<=_FACTR*EPSMCH"", ""method"": ""L-BFGS-B"", ""nfev"": 28, ""nit"": 5, ""status"": 0, ""success"": true, ""x"": [0.0949085850426888, 0.3341442927699844, -20.72326583594641]}, {""fun"": 16011.058848609586, ""jac"": [-0.001637090464052963, -0.10095391194993272, 0.0], ""message"": ""CONVERGENCE: REL_REDUCTION_OF_F_<=_FACTR*EPSMCH"", ""method"": ""L-BFGS-B"", ""nfev"": 192, ""nit"": 38, ""status"": 0, ""success"": true, ""x"": [0.09491444336069044, 0.33411947372371004, -15.548032323663499]}], ""solver_path"": ""general_convolution"", ""uncertified_profiles"": 0}"
foul_leaves_5_team,team-quarter,2021-22,9840,optimization,PERS_FOUL_DRAWN,3,FTM,4,Geom,33507.49219149346,-16744.551884756685,[0.19343879376703932],"{""p"": 0.5044321296035597}",2,True,optimizer_converged_lbfgsb,22,80,2,-17000.68168070363,256.1297959469448,0.1297356000286527,"{""binomial_discrete_residual_mean"": null, ""binomial_discrete_residual_variance"": null, ""binomial_h_extension_used"": null, ""binomial_n_candidates"": 0, ""binomial_n_max"": null, ""binomial_n_min"": null, ""binomial_n_policy"": null, ""binomial_n_tie_break"": null, ""certified_profiles"": 1, ""optimizer_powell_attempted"": false, ""optimizer_powell_success"": false, ""optimizer_primary_failed_starts"": 0, ""optimizer_primary_successful_starts"": 2, ""optimizer_results"": [{""fun"": 16744.551884756685, ""jac"": [0.0018189894045032922, -0.0003637978806482229], ""message"": ""CONVERGENCE: REL_REDUCTION_OF_F_<=_FACTR*EPSMCH"", ""method"": ""L-BFGS-B"", ""nfev"": 39, ""nit"": 11, ""status"": 0, ""success"": true, ""x"": [0.19343879376703932, 0.01772898277611551]}, {""fun"": 16744.551884756736, ""jac"": [0.004001776689907243, 0.0], ""message"": ""CONVERGENCE: REL_REDUCTION_OF_F_<=_FACTR*EPSMCH"", ""method"": ""L-BFGS-B"", ""nfev"": 39, ""nit"": 11, ""status"": 0, ""success"": true, ""x"": [0.1934388557614028, 0.017729254482151263]}], ""solver_path"": ""general_convolution"", ""uncertified_profiles"": 0}"
foul_leaves_5_team,team-quarter,2021-22,9840,optimization,PERS_FOUL_DRAWN,3,FTM,4,Binomial,32027.466774047756,-16004.539176033832,[0.09524946181935447],"{""n"": 46, ""p"": 0.030332854647733082}",2,True,optimizer_converged_lbfgsb,14,56,2,-16005.857150463327,1.3179744294957345,0.1712524999747984,"{""binomial_discrete_residual_mean"": 1.364439847228574, ""binomial_discrete_residual_variance"": 1.3238654809506527, ""binomial_h_extension_used"": false, ""binomial_n_candidates"": 1, ""binomial_n_max"": 46, ""binomial_n_min"": 46, ""binomial_n_policy"": ""paper_H_binomial_discrete_index_continuous_full_mle"", ""binomial_n_tie_break"": ""not_applicable_single_mom_index"", ""certified_profiles"": 1, ""optimizer_powell_attempted"": false, ""optimizer_powell_success"": false, ""optimizer_primary_failed_starts"": 0, ""optimizer_primary_successful_starts"": 2, ""optimizer_results"": [{""fun"": 16004.539176033832, ""jac"": [0.0003637978809006584, 0.0003637978829201424], ""message"": ""CONVERGENCE: REL_REDUCTION_OF_F_<=_FACTR*EPSMCH"", ""method"": ""L-BFGS-B"", ""nfev"": 21, ""nit"": 5, ""status"": 0, ""success"": true, ""x"": [0.09524946181935447, -3.464721426606665]}, {""fun"": 16004.53917603893, ""jac"": [-0.022737367556291153, -0.0003637978829201424], ""message"": ""CONVERGENCE: REL_REDUCTION_OF_F_<=_FACTR*EPSMCH"", ""method"": ""L-BFGS-B"", ""nfev"": 33, ""nit"": 9, ""status"": 0, ""success"": true, ""x"": [0.0952490237809913, -3.464720298240293]}], ""solver_path"": ""general_convolution"", ""uncertified_profiles"": 0}"
foul_leaves_5_team,team-quarter,2021-22,9840,optimization,PERS_FOUL_DRAWN,3,FTM,4,Bernoulli,inf,-inf,[],{},2,False,infeasible_conditional_support,0,0,0,-inf,0.0,0.00018700002692639828,"{""binomial_discrete_residual_mean"": null, ""binomial_discrete_residual_variance"": null, ""binomial_h_extension_used"": null, ""binomial_n_candidates"": 0, ""binomial_n_max"": null, ""binomial_n_min"": null, ""binomial_n_policy"": null, ""binomial_n_tie_break"": null, ""certified_profiles"": 0, ""solver_path"": ""conditional_support_check"", ""support_violating_rows"": 407, ""uncertified_profiles"": 0}"
foul_leaves_5_team,team-quarter,2021-22,9840,optimization,PERS_FOUL_DRAWN,3,FOUL;FTM,5,Poisson,29619.962088915614,-14796.189727972738,"[0.5001813462603841, 0.0]","{""lam"": 0.0}",3,True,poisson_convex_mle,2,8,2,-14796.189727972738,0.0,0.014606699987780303,"{""binomial_discrete_residual_mean"": null, ""binomial_discrete_residual_variance"": null, ""binomial_h_extension_used"": null, ""binomial_n_candidates"": 0, ""binomial_n_max"": null, ""binomial_n_min"": null, ""binomial_n_policy"": null, ""binomial_n_tie_break"": null, ""certified_profiles"": 1, ""optimizer_primary_failed_starts"": 1, ""optimizer_primary_successful_starts"": 1, ""optimizer_results"": [{""fun"": 19027.27263640905, ""jac"": [4785.970612770997, 21010.028860579136, 22806.89016418948], ""message"": ""CONVERGENCE: REL_REDUCTION_OF_F_<=_FACTR*EPSMCH"", ""method"": ""L-BFGS-B"", ""nfev"": 3, ""nit"": 1, ""status"": 0, ""success"": true, ""x"": [0.0, 0.7695097634775141, 0.0]}, {""fun"": 14796.189727972738, ""jac"": [2064.570173493916, 8644.813631660609, 12807.600252599454], ""message"": ""CONVERGENCE: REL_REDUCTION_OF_F_<=_FACTR*EPSMCH"", ""method"": ""L-BFGS-B"", ""nfev"": 3, ""nit"": 1, ""status"": 0, ""success"": true, ""x"": [0.0, 0.5001813462603841, 0.0]}], ""poisson_canonical_agreement_abs"": 0.0, ""solver_path"": ""poisson_convex"", ""uncertified_profiles"": 0}"
foul_leaves_5_team,team-quarter,2021-22,9840,optimization,PERS_FOUL_DRAWN,3,FOUL;FTM,5,NB,28717.189581877352,-14340.206368958583,"[0.4018489844218339, 0.0]","{""p"": 0.9999902251265362, ""r"": 0.9773074615826964}",4,True,optimizer_converged_lbfgsb,11,87,2,-14796.210373948334,456.0040049897507,0.17664900003001094,"{""binomial_discrete_residual_mean"": null, ""binomial_discrete_residual_variance"": null, ""binomial_h_extension_used"": null, ""binomial_n_candidates"": 0, ""binomial_n_max"": null, ""binomial_n_min"": null, ""binomial_n_policy"": null, ""binomial_n_tie_break"": null, ""certified_profiles"": 1, ""optimizer_powell_attempted"": false, ""optimizer_powell_success"": false, ""optimizer_primary_failed_starts"": 0, ""optimizer_primary_successful_starts"": 2, ""optimizer_results"": [{""fun"": 14340.206368958583, ""jac"": [-0.0005456968213509877, 5816.839075123426, 0.0010913936419446688, -0.002182787103650413], ""message"": ""CONVERGENCE: REL_REDUCTION_OF_F_<=_FACTR*EPSMCH"", ""method"": ""L-BFGS-B"", ""nfev"": 45, ""nit"": 6, ""status"": 0, ""success"": true, ""x"": [0.4018489844218339, 0.0, -0.02295397677168405, 11.535685622125463]}, {""fun"": 14340.206428023688, ""jac"": [-0.0003637978809006584, 5816.838711325545, 0.0014551915228453274, -0.0025465849542588154], ""message"": ""CONVERGENCE: REL_REDUCTION_OF_F_<=_FACTR*EPSMCH"", ""method"": ""L-BFGS-B"", ""nfev"": 40, ""nit"": 5, ""status"": 0, ""success"": true, ""x"": [0.40184890083589564, 0.0, -0.004229703623410945, 11.516956366534343]}], ""solver_path"": ""general_convolution"", ""uncertified_profiles"": 0}"
foul_leaves_5_team,team-quarter,2021-22,9840,optimization,PERS_FOUL_DRAWN,3,FOUL;FTM,5,ZIP,28717.18648681115,-14340.204821425483,"[0.40185108764373767, 0.0]","{""lam"": 9.999999999999996e-11, ""rho"": 1.0000000000000007e-09}",4,True,optimizer_converged_lbfgsb,11,87,2,-14796.189728179193,455.9849067537107,0.0987572000012733,"{""binomial_discrete_residual_mean"": null, ""binomial_discrete_residual_variance"": null, ""binomial_h_extension_used"": null, ""binomial_n_candidates"": 0, ""binomial_n_max"": null, ""binomial_n_min"": null, ""binomial_n_policy"": null, ""binomial_n_tie_break"": null, ""certified_profiles"": 1, ""optimizer_powell_attempted"": false, ""optimizer_powell_success"": false, ""optimizer_primary_failed_starts"": 0, ""optimizer_primary_successful_starts"": 2, ""optimizer_results"": [{""fun"": 14340.204821425483, ""jac"": [0.0, 5816.8610848952085, 0.0, 0.0], ""message"": ""CONVERGENCE: NORM_OF_PROJECTED_GRADIENT_<=_PGTOL"", ""method"": ""L-BFGS-B"", ""nfev"": 45, ""nit"": 6, ""status"": 0, ""success"": true, ""x"": [0.40185108764373767, 0.0, -23.025850929940457, -20.72326583594641]}, {""fun"": 14340.204821425485, ""jac"": [0.0001818989404503292, 5816.860902996268, 0.0, 0.0], ""message"": ""CONVERGENCE: REL_REDUCTION_OF_F_<=_FACTR*EPSMCH"", ""method"": ""L-BFGS-B"", ""nfev"": 40, ""nit"": 5, ""status"": 0, ""success"": true, ""x"": [0.40185108922660323, 0.0, -23.025850929940457, -20.72326583594641]}], ""solver_path"": ""general_convolution"", ""uncertified_profiles"": 0}"
foul_leaves_5_team,team-quarter,2021-22,9840,optimization,PERS_FOUL_DRAWN,3,FOUL;FTM,5,Geom,28707.992276112665,-14340.204821571264,"[0.40185108860047203, 0.0]","{""p"": 0.9999999989999999}",3,True,optimizer_converged_lbfgsb,11,70,2,-14796.18973003731,455.98490846604545,11.36378459999105,"{""binomial_discrete_residual_mean"": null, ""binomial_discrete_residual_variance"": null, ""binomial_h_extension_used"": null, ""binomial_n_candidates"": 0, ""binomial_n_max"": null, ""binomial_n_min"": null, ""binomial_n_policy"": null, ""binomial_n_tie_break"": null, ""certified_profiles"": 1, ""optimizer_powell_attempted"": false, ""optimizer_powell_success"": false, ""optimizer_primary_failed_starts"": 0, ""optimizer_primary_successful_starts"": 2, ""optimizer_results"": [{""fun"": 14340.204821571264, ""jac"": [0.0, 5816.860721097328, 0.0], ""message"": ""CONVERGENCE: NORM_OF_PROJECTED_GRADIENT_<=_PGTOL"", ""method"": ""L-BFGS-B"", ""nfev"": 36, ""nit"": 6, ""status"": 0, ""success"": true, ""x"": [0.40185108860047203, 0.0, 20.723265864228342]}, {""fun"": 14340.204821571264, ""jac"": [-0.0003637978809006584, 5816.860721097328, 0.0], ""message"": ""CONVERGENCE: REL_REDUCTION_OF_F_<=_FACTR*EPSMCH"", ""method"": ""L-BFGS-B"", ""nfev"": 32, ""nit"": 5, ""status"": 0, ""success"": true, ""x"": [0.40185108597792085, 0.0, 20.723265864228342]}], ""solver_path"": ""general_convolution"", ""uncertified_profiles"": 0}"
foul_leaves_5_team,team-quarter,2021-22,9840,optimization,PERS_FOUL_DRAWN,3,FOUL;FTM,5,Binomial,28707.992276436613,-14340.204821733238,"[0.4018510880106525, 0.0]","{""n"": 2, ""p"": 1.0000000000000007e-09}",3,True,optimizer_converged_lbfgsb,11,70,2,-14796.18973210188,455.9849103686429,0.17677580000599846,"{""binomial_discrete_residual_mean"": -1.6430307255244108, ""binomial_discrete_residual_variance"": -3.7722064690798813, ""binomial_h_extension_used"": true, ""binomial_n_candidates"": 1, ""binomial_n_max"": 2, ""binomial_n_min"": 2, ""binomial_n_policy"": ""paper_H_binomial_discrete_index_continuous_full_mle"", ""binomial_n_tie_break"": ""not_applicable_single_mom_index"", ""certified_profiles"": 1, ""optimizer_powell_attempted"": false, ""optimizer_powell_success"": false, ""optimizer_primary_failed_starts"": 0, ""optimizer_primary_successful_starts"": 2, ""optimizer_results"": [{""fun"": 14340.204821733238, ""jac"": [0.0, 5816.860721097328, 0.0], ""message"": ""CONVERGENCE: NORM_OF_PROJECTED_GRADIENT_<=_PGTOL"", ""method"": ""L-BFGS-B"", ""nfev"": 36, ""nit"": 6, ""status"": 0, ""success"": true, ""x"": [0.4018510880106525, 0.0, -20.72326583594641]}, {""fun"": 14340.204821733238, ""jac"": [-0.0001818989404503292, 5816.860539198387, 0.0], ""message"": ""CONVERGENCE: REL_REDUCTION_OF_F_<=_FACTR*EPSMCH"", ""method"": ""L-BFGS-B"", ""nfev"": 32, ""nit"": 5, ""status"": 0, ""success"": true, ""x"": [0.4018510867131636, 0.0, -20.72326583594641]}], ""solver_path"": ""general_convolution"", ""uncertified_profiles"": 0}"
foul_leaves_5_team,team-quarter,2021-22,9840,optimization,PERS_FOUL_DRAWN,3,FOUL;FTM,5,Bernoulli,28707.992276112665,-14340.204821571264,"[0.4018510879175762, 0.0]","{""p"": 1.0000000000000007e-09}",3,True,optimizer_converged_lbfgsb,11,70,2,-14796.18973003731,455.98490846604545,0.13931320002302527,"{""binomial_discrete_residual_mean"": null, ""binomial_discrete_residual_variance"": null, ""binomial_h_extension_used"": null, ""binomial_n_candidates"": 0, ""binomial_n_max"": null, ""binomial_n_min"": null, ""binomial_n_policy"": null, ""binomial_n_tie_break"": null, ""certified_profiles"": 1, ""optimizer_powell_attempted"": false, ""optimizer_powell_success"": false, ""optimizer_primary_failed_starts"": 0, ""optimizer_primary_successful_starts"": 2, ""optimizer_results"": [{""fun"": 14340.204821571264, ""jac"": [-0.0003637978809006584, 5816.860721097328, 0.0], ""message"": ""CONVERGENCE: REL_REDUCTION_OF_F_<=_FACTR*EPSMCH"", ""method"": ""L-BFGS-B"", ""nfev"": 36, ""nit"": 6, ""status"": 0, ""success"": true, ""x"": [0.4018510879175762, 0.0, -20.72326583594641]}, {""fun"": 14340.204821571264, ""jac"": [-0.0003637978809006584, 5816.860539198387, 0.0], ""message"": ""CONVERGENCE: REL_REDUCTION_OF_F_<=_FACTR*EPSMCH"", ""method"": ""L-BFGS-B"", ""nfev"": 32, ""nit"": 5, ""status"": 0, ""success"": true, ""x"": [0.4018510865604952, 0.0, -20.72326583594641]}], ""solver_path"": ""general_convolution"", ""uncertified_profiles"": 0}"
foul_leaves_5_team,team-quarter,2021-22,9840,optimization,PERS_FOUL_DRAWN,3,FTA;FTM,6,Poisson,32001.88108991761,-15987.149228473736,"[0.07803943852909602, 0.004984782653628916]","{""lam"": 1.351341913151213}",3,True,poisson_convex_mle,18,28,2,-15989.665575380768,2.51634690703213,0.04658449999988079,"{""binomial_discrete_residual_mean"": null, ""binomial_discrete_residual_variance"": null, ""binomial_h_extension_used"": null, ""binomial_n_candidates"": 0, ""binomial_n_max"": null, ""binomial_n_min"": null, ""binomial_n_policy"": null, ""binomial_n_tie_break"": null, ""certified_profiles"": 1, ""optimizer_primary_failed_starts"": 0, ""optimizer_primary_successful_starts"": 2, ""optimizer_results"": [{""fun"": 15987.14922847556, ""jac"": [0.001315184040549866, 0.006224995797083466, 0.008958297924209546], ""message"": ""CONVERGENCE: REL_REDUCTION_OF_F_<=_FACTR*EPSMCH"", ""method"": ""L-BFGS-B"", ""nfev"": 13, ""nit"": 10, ""status"": 0, ""success"": true, ""x"": [1.3513421811021182, 0.07803876781065103, 0.004985642465149745]}, {""fun"": 15987.149228473736, ""jac"": [-5.416948175707148e-05, -0.00015230852704917197, -0.00037634215220805345], ""message"": ""CONVERGENCE: REL_REDUCTION_OF_F_<=_FACTR*EPSMCH"", ""method"": ""L-BFGS-B"", ""nfev"": 13, ""nit"": 8, ""status"": 0, ""success"": true, ""x"": [1.351341913151213, 0.07803943852909602, 0.004984782653628916]}], ""poisson_canonical_agreement_abs"": 1.8189894035458565e-12, ""solver_path"": ""poisson_convex"", ""uncertified_profiles"": 0}"
foul_leaves_5_team,team-quarter,2021-22,9840,optimization,PERS_FOUL_DRAWN,3,FTA;FTM,6,NB,32011.07808611697,-15987.150621078392,"[0.07805125192144004, 0.004972476178392096]","{""p"": 0.999994803040254, ""r"": 260021.61509203093}",4,True,optimizer_converged_lbfgsb,44,292,2,-15989.668287102208,2.5176660238157638,0.6126546000014059,"{""binomial_discrete_residual_mean"": null, ""binomial_discrete_residual_variance"": null, ""binomial_h_extension_used"": null, ""binomial_n_candidates"": 0, ""binomial_n_max"": null, ""binomial_n_min"": null, ""binomial_n_policy"": null, ""binomial_n_tie_break"": null, ""certified_profiles"": 1, ""optimizer_powell_attempted"": false, ""optimizer_powell_success"": false, ""optimizer_primary_failed_starts"": 0, ""optimizer_primary_successful_starts"": 2, ""optimizer_results"": [{""fun"": 15987.151953451297, ""jac"": [-0.0001818989404503292, -0.00018189894035566592, 0.0005456967759126033, -0.0005456967759126033], ""message"": ""CONVERGENCE: REL_REDUCTION_OF_F_<=_FACTR*EPSMCH"", ""method"": ""L-BFGS-B"", ""nfev"": 60, ""nit"": 9, ""status"": 0, ""success"": true, ""x"": [0.0780394864913575, 0.004984633330843101, 11.796849501118139, 11.495750973370066]}, {""fun"": 15987.150621078392, ""jac"": [0.10313669923533667, 0.017098500393432595, -0.015643307576161294, 0.01509761080024869], ""message"": ""CONVERGENCE: REL_REDUCTION_OF_F_<=_FACTR*EPSMCH"", ""method"": ""L-BFGS-B"", ""nfev"": 230, ""nit"": 35, ""status"": 0, ""success"": true, ""x"": [0.07805125192144004, 0.004972476178392096, 12.468520041511495, 12.167431570627285]}], ""solver_path"": ""general_convolution"", ""uncertified_profiles"": 0}"
foul_leaves_5_team,team-quarter,2021-22,9840,optimization,PERS_FOUL_DRAWN,3,FTA;FTM,6,ZIP,32011.075301433724,-15987.14922873677,"[0.07803935139954578, 0.004984882883358583]","{""lam"": 1.3513419580637436, ""rho"": 1.0000000000000007e-09}",4,True,optimizer_converged_lbfgsb,39,252,2,-15989.66557566773,2.5163469309609354,0.26926940004341304,"{""binomial_discrete_residual_mean"": null, ""binomial_discrete_residual_variance"": null, ""binomial_h_extension_used"": null, ""binomial_n_candidates"": 0, ""binomial_n_max"": null, ""binomial_n_min"": null, ""binomial_n_policy"": null, ""binomial_n_tie_break"": null, ""certified_profiles"": 1, ""optimizer_powell_attempted"": false, ""optimizer_powell_success"": false, ""optimizer_primary_failed_starts"": 0, ""optimizer_primary_successful_starts"": 2, ""optimizer_results"": [{""fun"": 15987.14922873677, ""jac"": [0.0, 0.0, 0.0, 0.0], ""message"": ""CONVERGENCE: NORM_OF_PROJECTED_GRADIENT_<=_PGTOL"", ""method"": ""L-BFGS-B"", ""nfev"": 60, ""nit"": 9, ""status"": 0, ""success"": true, ""x"": [0.07803935139954578, 0.004984882883358583, 0.3010981417269334, -20.72326583594641]}, {""fun"": 15987.149321716668, ""jac"": [0.05329638955194646, 0.027648638934061217, 0.01382431947422502, -0.00018189892530420107], ""message"": ""CONVERGENCE: REL_REDUCTION_OF_F_<=_FACTR*EPSMCH"", ""method"": ""L-BFGS-B"", ""nfev"": 190, ""nit"": 30, ""status"": 0, ""success"": true, ""x"": [0.07804144343218782, 0.004982225070758502, 0.30109975914280607, -14.8528649035909]}], ""solver_path"": ""general_convolution"", ""uncertified_profiles"": 0}"
foul_leaves_5_team,team-quarter,2021-22,9840,optimization,PERS_FOUL_DRAWN,3,FTA;FTM,6,Geom,33314.701627759525,-16643.559497394694,"[0.16107857651461635, 0.0]","{""p"": 0.5203893012926523}",3,True,optimizer_converged_lbfgsb,36,178,2,-16888.24503933277,244.68554193807722,0.32305349997477606,"{""binomial_discrete_residual_mean"": null, ""binomial_discrete_residual_variance"": null, ""binomial_h_extension_used"": null, ""binomial_n_candidates"": 0, ""binomial_n_max"": null, ""binomial_n_min"": null, ""binomial_n_policy"": null, ""binomial_n_tie_break"": null, ""certified_profiles"": 1, ""optimizer_powell_attempted"": false, ""optimizer_powell_success"": false, ""optimizer_primary_failed_starts"": 0, ""optimizer_primary_successful_starts"": 2, ""optimizer_results"": [{""fun"": 16643.5594973947, ""jac"": [0.0003637978809006584, 23.873872123658657, -0.0003637978809006584], ""message"": ""CONVERGENCE: REL_REDUCTION_OF_F_<=_FACTR*EPSMCH"", ""method"": ""L-BFGS-B"", ""nfev"": 80, ""nit"": 17, ""status"": 0, ""success"": true, ""x"": [0.16107858217348997, 0.0, 0.0816025107332976]}, {""fun"": 16643.559497394694, ""jac"": [0.0003637978809006584, 23.874235921539366, 0.0], ""message"": ""CONVERGENCE: REL_REDUCTION_OF_F_<=_FACTR*EPSMCH"", ""method"": ""L-BFGS-B"", ""nfev"": 96, ""nit"": 19, ""status"": 0, ""success"": true, ""x"": [0.16107857651461635, 0.0, 0.08160245733631069]}], ""solver_path"": ""general_convolution"", ""uncertified_profiles"": 0}"
foul_leaves_5_team,team-quarter,2021-22,9840,optimization,PERS_FOUL_DRAWN,3,FTA;FTM,6,Binomial,31983.985014606296,-15978.20119081808,"[0.0775455027081034, 0.0058752224693169545]","{""n"": 33, ""p"": 0.040917526435555275}",3,True,optimizer_converged_lbfgsb,15,98,2,-15980.735497991946,2.534307173866182,0.3127976999967359,"{""binomial_discrete_residual_mean"": 1.3057164177436298, ""binomial_discrete_residual_variance"": 1.2536875936411778, ""binomial_h_extension_used"": false, ""binomial_n_candidates"": 1, ""binomial_n_max"": 33, ""binomial_n_min"": 33, ""binomial_n_policy"": ""paper_H_binomial_discrete_index_continuous_full_mle"", ""binomial_n_tie_break"": ""not_applicable_single_mom_index"", ""certified_profiles"": 1, ""optimizer_powell_attempted"": false, ""optimizer_powell_success"": false, ""optimizer_primary_failed_starts"": 0, ""optimizer_primary_successful_starts"": 2, ""optimizer_results"": [{""fun"": 15978.20119081808, ""jac"": [0.0021827872854039507, 0.0014551915228453274, 0.0007275957658402848], ""message"": ""CONVERGENCE: REL_REDUCTION_OF_F_<=_FACTR*EPSMCH"", ""method"": ""L-BFGS-B"", ""nfev"": 44, ""nit"": 7, ""status"": 0, ""success"": true, ""x"": [0.0775455027081034, 0.0058752224693169545, -3.1544185802641604]}, {""fun"": 15978.201190818556, ""jac"": [-0.012914824771973374, -0.010368239600272958, -0.002182787297520854], ""message"": ""CONVERGENCE: REL_REDUCTION_OF_F_<=_FACTR*EPSMCH"", ""method"": ""L-BFGS-B"", ""nfev"": 52, ""nit"": 8, ""status"": 0, ""success"": true, ""x"": [0.07754543064851348, 0.005875222669847268, -3.1544185955465927]}], ""solver_path"": ""general_convolution"", ""uncertified_profiles"": 0}"
foul_leaves_5_team,team-quarter,2021-22,9840,optimization,PERS_FOUL_DRAWN,3,FTA;FTM,6,Bernoulli,inf,-inf,[],{},3,False,infeasible_conditional_support,0,0,0,-inf,0.0,8.129997877404094e-05,"{""binomial_discrete_residual_mean"": null, ""binomial_discrete_residual_variance"": null, ""binomial_h_extension_used"": null, ""binomial_n_candidates"": 0, ""binomial_n_max"": null, ""binomial_n_min"": null, ""binomial_n_policy"": null, ""binomial_n_tie_break"": null, ""certified_profiles"": 0, ""solver_path"": ""conditional_support_check"", ""support_violating_rows"": 327, ""uncertified_profiles"": 0}"
foul_leaves_5_team,team-quarter,2021-22,9840,optimization,PERS_FOUL_DRAWN,3,FOUL;FTA;FTM,7,Poisson,32850.16222634034,-16406.692691190077,"[0.6104475899461866, 0.0, 0.015446992510966269]","{""lam"": 0.0}",4,True,poisson_convex_mle,2,8,2,-16406.692691190077,0.0,0.009448900003917515,"{""binomial_discrete_residual_mean"": null, ""binomial_discrete_residual_variance"": null, ""binomial_h_extension_used"": null, ""binomial_n_candidates"": 0, ""binomial_n_max"": null, ""binomial_n_min"": null, ""binomial_n_policy"": null, ""binomial_n_tie_break"": null, ""certified_profiles"": 1, ""optimizer_primary_failed_starts"": 1, ""optimizer_primary_successful_starts"": 1, ""optimizer_results"": [{""fun"": 23592.851450607937, ""jac"": [5772.11975235243, 25533.48056121484, 34243.56615613612, 26540.496967123425], ""message"": ""CONVERGENCE: REL_REDUCTION_OF_F_<=_FACTR*EPSMCH"", ""method"": ""L-BFGS-B"", ""nfev"": 3, ""nit"": 1, ""status"": 0, ""success"": true, ""x"": [0.0, 0.9391501383787486, 0.0, 0.02376460386302503]}, {""fun"": 16406.692691190077, ""jac"": [3581.7226959268046, 15603.970094176591, 23926.947932517087, 18551.610718651515], ""message"": ""CONVERGENCE: REL_REDUCTION_OF_F_<=_FACTR*EPSMCH"", ""method"": ""L-BFGS-B"", ""nfev"": 3, ""nit"": 1, ""status"": 0, ""success"": true, ""x"": [0.0, 0.6104475899461866, 0.0, 0.015446992510966269]}], ""poisson_canonical_agreement_abs"": 0.0, ""solver_path"": ""poisson_convex"", ""uncertified_profiles"": 0}"
foul_leaves_5_team,team-quarter,2021-22,9840,optimization,PERS_FOUL_DRAWN,3,FOUL;FTA;FTM,7,NB,28726.383730677055,-14340.206337863412,"[0.4018490290554693, 0.0, 0.0]","{""p"": 0.9999903236538638, ""r"": 0.9674231574643091}",5,True,optimizer_converged_lbfgsb,13,110,2,-16406.728508543652,2066.5221706802404,0.2387987999827601,"{""binomial_discrete_residual_mean"": null, ""binomial_discrete_residual_variance"": null, ""binomial_h_extension_used"": null, ""binomial_n_candidates"": 0, ""binomial_n_max"": null, ""binomial_n_min"": null, ""binomial_n_policy"": null, ""binomial_n_tie_break"": null, ""certified_profiles"": 1, ""optimizer_powell_attempted"": false, ""optimizer_powell_success"": false, ""optimizer_primary_failed_starts"": 0, ""optimizer_primary_successful_starts"": 2, ""optimizer_results"": [{""fun"": 14340.206337863412, ""jac"": [-0.0003637978809006584, 7535.573240602389, 5816.839802719187, 0.0009094947016205574, -0.002910382804867217], ""message"": ""CONVERGENCE: REL_REDUCTION_OF_F_<=_FACTR*EPSMCH"", ""method"": ""L-BFGS-B"", ""nfev"": 60, ""nit"": 7, ""status"": 0, ""success"": true, ""x"": [0.4018490290554693, 0.0, 0.0, -0.033119281041937614, 11.545816516798839]}, {""fun"": 14340.206401913538, ""jac"": [-0.0005456968213509877, 7535.571603511926, 5816.838711325545, 0.0014551915228453274, -0.002000888178346212], ""message"": ""CONVERGENCE: REL_REDUCTION_OF_F_<=_FACTR*EPSMCH"", ""method"": ""L-BFGS-B"", ""nfev"": 48, ""nit"": 6, ""status"": 0, ""success"": true, ""x"": [0.40184893986936143, 0.0, 0.0, -0.012456692014066777, 11.52511322104987]}], ""solver_path"": ""general_convolution"", ""uncertified_profiles"": 0}"
foul_leaves_5_team,team-quarter,2021-22,9840,optimization,PERS_FOUL_DRAWN,3,FOUL;FTA;FTM,7,ZIP,28726.3806978012,-14340.204821425485,"[0.4018510882921297, 0.0, 0.0]","{""lam"": 9.999999999999996e-11, ""rho"": 1.0000000000000007e-09}",5,True,optimizer_converged_lbfgsb,13,110,2,-16406.69269154825,2066.4878701227663,0.11117929994361475,"{""binomial_discrete_residual_mean"": null, ""binomial_discrete_residual_variance"": null, ""binomial_h_extension_used"": null, ""binomial_n_candidates"": 0, ""binomial_n_max"": null, ""binomial_n_min"": null, ""binomial_n_policy"": null, ""binomial_n_tie_break"": null, ""certified_profiles"": 1, ""optimizer_powell_attempted"": false, ""optimizer_powell_success"": false, ""optimizer_primary_failed_starts"": 0, ""optimizer_primary_successful_starts"": 2, ""optimizer_results"": [{""fun"": 14340.204821425485, ""jac"": [0.0, 7535.599979746621, 5816.860902996268, 0.0, 0.0], ""message"": ""CONVERGENCE: NORM_OF_PROJECTED_GRADIENT_<=_PGTOL"", ""method"": ""L-BFGS-B"", ""nfev"": 60, ""nit"": 7, ""status"": 0, ""success"": true, ""x"": [0.4018510882921297, 0.0, 0.0, -23.025850929940457, -20.72326583594641]}, {""fun"": 14340.204821425485, ""jac"": [-0.0001818989404503292, 7535.599979746621, 5816.860721097328, 0.0, 0.0], ""message"": ""CONVERGENCE: REL_REDUCTION_OF_F_<=_FACTR*EPSMCH"", ""method"": ""L-BFGS-B"", ""nfev"": 48, ""nit"": 6, ""status"": 0, ""success"": true, ""x"": [0.40185108773690004, 0.0, 0.0, -23.025850929940457, -20.72326583594641]}], ""solver_path"": ""general_convolution"", ""uncertified_profiles"": 0}"
foul_leaves_5_team,team-quarter,2021-22,9840,optimization,PERS_FOUL_DRAWN,3,FOUL;FTA;FTM,7,Geom,28717.186487102706,-14340.20482157126,"[0.40185109010122694, 0.0, 0.0]","{""p"": 0.9999999990000001}",4,True,optimizer_converged_lbfgsb,13,92,2,-16406.692694771802,2066.487873200542,14.563153699971735,"{""binomial_discrete_residual_mean"": null, ""binomial_discrete_residual_variance"": null, ""binomial_h_extension_used"": null, ""binomial_n_candidates"": 0, ""binomial_n_max"": null, ""binomial_n_min"": null, ""binomial_n_policy"": null, ""binomial_n_tie_break"": null, ""certified_profiles"": 1, ""optimizer_powell_attempted"": false, ""optimizer_powell_success"": false, ""optimizer_primary_failed_starts"": 0, ""optimizer_primary_successful_starts"": 2, ""optimizer_results"": [{""fun"": 14340.20482157126, ""jac"": [0.0003637978809006584, 7535.600525443442, 5816.8610848952085, 0.0], ""message"": ""CONVERGENCE: REL_REDUCTION_OF_F_<=_FACTR*EPSMCH"", ""method"": ""L-BFGS-B"", ""nfev"": 50, ""nit"": 7, ""status"": 0, ""success"": true, ""x"": [0.40185109010122694, 0.0, 0.0, 20.723265868839228]}, {""fun"": 14340.204821571262, ""jac"": [0.0001818989404503292, 7535.6001616455615, 5816.860902996268, -0.00018189892530420107], ""message"": ""CONVERGENCE: REL_REDUCTION_OF_F_<=_FACTR*EPSMCH"", ""method"": ""L-BFGS-B"", ""nfev"": 40, ""nit"": 6, ""status"": 0, ""success"": true, ""x"": [0.4018510900721328, 0.0, 0.0, 20.7232658628058]}], ""solver_path"": ""general_convolution"", ""uncertified_profiles"": 0}"
foul_leaves_5_team,team-quarter,2021-22,9840,optimization,PERS_FOUL_DRAWN,3,FOUL;FTA;FTM,7,Binomial,28717.186487426658,-14340.204821733236,"[0.40185109006206354, 0.0, 0.0]","{""n"": 2, ""p"": 1.0000000000000007e-09}",4,True,optimizer_converged_lbfgsb,13,92,2,-16406.692698353523,2066.4878766202874,0.21792720002122223,"{""binomial_discrete_residual_mean"": -2.501066686901166, ""binomial_discrete_residual_variance"": -5.893357781710689, ""binomial_h_extension_used"": true, ""binomial_n_candidates"": 1, ""binomial_n_max"": 2, ""binomial_n_min"": 2, ""binomial_n_policy"": ""paper_H_binomial_discrete_index_continuous_full_mle"", ""binomial_n_tie_break"": ""not_applicable_single_mom_index"", ""certified_profiles"": 1, ""optimizer_powell_attempted"": false, ""optimizer_powell_success"": false, ""optimizer_primary_failed_starts"": 0, ""optimizer_primary_successful_starts"": 2, ""optimizer_results"": [{""fun"": 14340.204821733236, ""jac"": [0.0001818989404503292, 7535.6001616455615, 5816.8610848952085, 0.0], ""message"": ""CONVERGENCE: REL_REDUCTION_OF_F_<=_FACTR*EPSMCH"", ""method"": ""L-BFGS-B"", ""nfev"": 50, ""nit"": 7, ""status"": 0, ""success"": true, ""x"": [0.40185109006206354, 0.0, 0.0, -20.72326583594641]}, {""fun"": 14340.204821733238, ""jac"": [0.0, 7535.6001616455615, 5816.860721097328, 0.0], ""message"": ""CONVERGENCE: NORM_OF_PROJECTED_GRADIENT_<=_PGTOL"", ""method"": ""L-BFGS-B"", ""nfev"": 40, ""nit"": 6, ""status"": 0, ""success"": true, ""x"": [0.40185108890326793, 0.0, 0.0, -20.72326583594641]}], ""solver_path"": ""general_convolution"", ""uncertified_profiles"": 0}"
foul_leaves_5_team,team-quarter,2021-22,9840,optimization,PERS_FOUL_DRAWN,3,FOUL;FTA;FTM,7,Bernoulli,28717.186487102706,-14340.20482157126,"[0.4018510910734528, 0.0, 0.0]","{""p"": 1.0000000000000007e-09}",4,True,optimizer_converged_lbfgsb,13,92,2,-16406.692694771802,2066.487873200542,0.17194629996083677,"{""binomial_discrete_residual_mean"": null, ""binomial_discrete_residual_variance"": null, ""binomial_h_extension_used"": null, ""binomial_n_candidates"": 0, ""binomial_n_max"": null, ""binomial_n_min"": null, ""binomial_n_policy"": null, ""binomial_n_tie_break"": null, ""certified_profiles"": 1, ""optimizer_powell_attempted"": false, ""optimizer_powell_success"": false, ""optimizer_primary_failed_starts"": 0, ""optimizer_primary_successful_starts"": 2, ""optimizer_results"": [{""fun"": 14340.204821571262, ""jac"": [0.0, 7535.6001616455615, 5816.860902996268, 0.0], ""message"": ""CONVERGENCE: NORM_OF_PROJECTED_GRADIENT_<=_PGTOL"", ""method"": ""L-BFGS-B"", ""nfev"": 50, ""nit"": 7, ""status"": 0, ""success"": true, ""x"": [0.40185108995386737, 0.0, 0.0, -20.72326583594641]}, {""fun"": 14340.20482157126, ""jac"": [0.0003637978809006584, 7535.600525443442, 5816.8610848952085, 0.0], ""message"": ""CONVERGENCE: REL_REDUCTION_OF_F_<=_FACTR*EPSMCH"", ""method"": ""L-BFGS-B"", ""nfev"": 40, ""nit"": 6, ""status"": 0, ""success"": true, ""x"": [0.4018510910734528, 0.0, 0.0, -20.72326583594641]}], ""solver_path"": ""general_convolution"", ""uncertified_profiles"": 0}"
foul_leaves_5_team,team-quarter,2021-22,9840,optimization,PERS_FOUL_DRAWN,3,LOOSE_BALL_FOUL_DRAWN,16,Poisson,32476.357147006955,-16228.98436251343,[0.0],"{""lam"": 1.7958333333333334}",2,True,poisson_convex_mle,0,4,2,-16228.98436251343,0.0,0.00763330003246665,"{""binomial_discrete_residual_mean"": null, ""binomial_discrete_residual_variance"": null, ""binomial_h_extension_used"": null, ""binomial_n_candidates"": 0, ""binomial_n_max"": null, ""binomial_n_min"": null, ""binomial_n_policy"": null, ""binomial_n_tie_break"": null, ""certified_profiles"": 1, ""optimizer_primary_failed_starts"": 0, ""optimizer_primary_successful_starts"": 2, ""optimizer_results"": [{""fun"": 16228.98436251343, ""jac"": [8.074430013493838e-12, 88.66125290023182], ""message"": ""CONVERGENCE: NORM_OF_PROJECTED_GRADIENT_<=_PGTOL"", ""method"": ""L-BFGS-B"", ""nfev"": 1, ""nit"": 0, ""status"": 0, ""success"": true, ""x"": [1.7958333333333334, 0.0]}, {""fun"": 16228.98436251343, ""jac"": [8.074430013493838e-12, 88.66125290023182], ""message"": ""CONVERGENCE: NORM_OF_PROJECTED_GRADIENT_<=_PGTOL"", ""method"": ""L-BFGS-B"", ""nfev"": 1, ""nit"": 0, ""status"": 0, ""success"": true, ""x"": [1.7958333333333334, 0.0]}], ""poisson_canonical_agreement_abs"": 0.0, ""solver_path"": ""poisson_convex"", ""uncertified_profiles"": 0}"
foul_leaves_5_team,team-quarter,2021-22,9840,optimization,PERS_FOUL_DRAWN,3,LOOSE_BALL_FOUL_DRAWN,16,NB,32482.224563233496,-16227.32096513168,[0.0],"{""p"": 0.9739936278773135, ""r"": 67.25813464013449}",3,True,optimizer_converged_lbfgsb,2,26,2,-16227.320965416193,2.8451358957681805e-07,0.05063409998547286,"{""binomial_discrete_residual_mean"": null, ""binomial_discrete_residual_variance"": null, ""binomial_h_extension_used"": null, ""binomial_n_candidates"": 0, ""binomial_n_max"": null, ""binomial_n_min"": null, ""binomial_n_policy"": null, ""binomial_n_tie_break"": null, ""certified_profiles"": 1, ""optimizer_powell_attempted"": false, ""optimizer_powell_success"": false, ""optimizer_primary_failed_starts"": 0, ""optimizer_primary_successful_starts"": 2, ""optimizer_results"": [{""fun"": 16227.32096513168, ""jac"": [84.92570486851037, -0.002910383063361139, -0.09677023685675787], ""message"": ""CONVERGENCE: REL_REDUCTION_OF_F_<=_FACTR*EPSMCH"", ""method"": ""L-BFGS-B"", ""nfev"": 12, ""nit"": 1, ""status"": 0, ""success"": true, ""x"": [0.0, 4.208537972358324, 3.62306317176505]}, {""fun"": 16227.32096513168, ""jac"": [84.92570486851037, -0.002910383063361139, -0.09677023685675787], ""message"": ""CONVERGENCE: REL_REDUCTION_OF_F_<=_FACTR*EPSMCH"", ""method"": ""L-BFGS-B"", ""nfev"": 12, ""nit"": 1, ""status"": 0, ""success"": true, ""x"": [0.0, 4.208537972358324, 3.62306317176505]}], ""solver_path"": ""general_convolution"", ""uncertified_profiles"": 0}"
foul_leaves_5_team,team-quarter,2021-22,9840,optimization,PERS_FOUL_DRAWN,3,LOOSE_BALL_FOUL_DRAWN,16,ZIP,32485.543230956784,-16228.980298993323,[0.0],"{""lam"": 1.7967412763542039, ""rho"": 0.0005035895543854253}",3,True,optimizer_converged_lbfgsb,36,202,2,-16232.16282998958,3.182530996256901,0.1855830000131391,"{""binomial_discrete_residual_mean"": null, ""binomial_discrete_residual_variance"": null, ""binomial_h_extension_used"": null, ""binomial_n_candidates"": 0, ""binomial_n_max"": null, ""binomial_n_min"": null, ""binomial_n_policy"": null, ""binomial_n_tie_break"": null, ""certified_profiles"": 1, ""optimizer_powell_attempted"": false, ""optimizer_powell_success"": false, ""optimizer_primary_failed_starts"": 0, ""optimizer_primary_successful_starts"": 2, ""optimizer_results"": [{""fun"": 16228.980298993323, ""jac"": [88.53512554196641, 0.030922819704899834, 0.0], ""message"": ""CONVERGENCE: REL_REDUCTION_OF_F_<=_FACTR*EPSMCH"", ""method"": ""L-BFGS-B"", ""nfev"": 100, ""nit"": 18, ""status"": 0, ""success"": true, ""x"": [0.0, 0.5859746221183426, -7.593245281498565]}, {""fun"": 16228.980298993323, ""jac"": [88.53512554196641, 0.030922819704899834, 0.0], ""message"": ""CONVERGENCE: REL_REDUCTION_OF_F_<=_FACTR*EPSMCH"", ""method"": ""L-BFGS-B"", ""nfev"": 100, ""nit"": 18, ""status"": 0, ""success"": true, ""x"": [0.0, 0.5859746221183426, -7.593245281498565]}], ""solver_path"": ""general_convolution"", ""uncertified_profiles"": 0}"
foul_leaves_5_team,team-quarter,2021-22,9840,optimization,PERS_FOUL_DRAWN,3,LOOSE_BALL_FOUL_DRAWN,16,Geom,35566.44467718201,-17774.02812760096,[0.46021280127774294],"{""p"": 0.37448266912214523}",2,True,optimizer_converged_lbfgsb,10,50,2,-17939.06466131941,165.03653371845212,0.037794900010339916,"{""binomial_discrete_residual_mean"": null, ""binomial_discrete_residual_variance"": null, ""binomial_h_extension_used"": null, ""binomial_n_candidates"": 0, ""binomial_n_max"": null, ""binomial_n_min"": null, ""binomial_n_policy"": null, ""binomial_n_tie_break"": null, ""certified_profiles"": 1, ""optimizer_powell_attempted"": false, ""optimizer_powell_success"": false, ""optimizer_primary_failed_starts"": 0, ""optimizer_primary_successful_starts"": 2, ""optimizer_results"": [{""fun"": 17774.02812760096, ""jac"": [0.0, -0.0003637978788811745], ""message"": ""CONVERGENCE: REL_REDUCTION_OF_F_<=_FACTR*EPSMCH"", ""method"": ""L-BFGS-B"", ""nfev"": 24, ""nit"": 5, ""status"": 0, ""success"": true, ""x"": [0.46021280127774294, -0.5130335122529098]}, {""fun"": 17774.02812760096, ""jac"": [0.0, -0.0003637978788811745], ""message"": ""CONVERGENCE: REL_REDUCTION_OF_F_<=_FACTR*EPSMCH"", ""method"": ""L-BFGS-B"", ""nfev"": 24, ""nit"": 5, ""status"": 0, ""success"": true, ""x"": [0.46021280127774294, -0.5130335122529098]}], ""solver_path"": ""general_convolution"", ""uncertified_profiles"": 0}"
foul_leaves_5_team,team-quarter,2021-22,9840,optimization,PERS_FOUL_DRAWN,3,LOOSE_BALL_FOUL_DRAWN,16,Binomial,32482.877976995384,-16232.244777507645,[0.0],"{""n"": 100, ""p"": 0.017958332964102156}",2,True,optimizer_converged_lbfgsb,2,32,2,-16232.244777507649,3.637978807091713e-12,0.08499609999125823,"{""binomial_discrete_residual_mean"": 1.7958333333333334, ""binomial_discrete_residual_variance"": 1.8437834518970186, ""binomial_h_extension_used"": true, ""binomial_n_candidates"": 1, ""binomial_n_max"": 100, ""binomial_n_min"": 100, ""binomial_n_policy"": ""paper_H_binomial_discrete_index_continuous_full_mle"", ""binomial_n_tie_break"": ""not_applicable_single_mom_index"", ""certified_profiles"": 1, ""optimizer_powell_attempted"": false, ""optimizer_powell_success"": false, ""optimizer_primary_failed_starts"": 0, ""optimizer_primary_successful_starts"": 2, ""optimizer_results"": [{""fun"": 16232.244777507645, ""jac"": [90.14638635562733, 0.0], ""message"": ""CONVERGENCE: NORM_OF_PROJECTED_GRADIENT_<=_PGTOL"", ""method"": ""L-BFGS-B"", ""nfev"": 15, ""nit"": 1, ""status"": 0, ""success"": true, ""x"": [0.0, -4.00157949904906]}, {""fun"": 16232.244777507645, ""jac"": [90.14638635562733, 0.0], ""message"": ""CONVERGENCE: NORM_OF_PROJECTED_GRADIENT_<=_PGTOL"", ""method"": ""L-BFGS-B"", ""nfev"": 15, ""nit"": 1, ""status"": 0, ""success"": true, ""x"": [0.0, -4.00157949904906]}], ""solver_path"": ""general_convolution"", ""uncertified_profiles"": 0}"
foul_leaves_5_team,team-quarter,2021-22,9840,optimization,PERS_FOUL_DRAWN,3,LOOSE_BALL_FOUL_DRAWN,16,Bernoulli,inf,-inf,[],{},2,False,infeasible_conditional_support,0,0,0,-inf,0.0,7.379997987300158e-05,"{""binomial_discrete_residual_mean"": null, ""binomial_discrete_residual_variance"": null, ""binomial_h_extension_used"": null, ""binomial_n_candidates"": 0, ""binomial_n_max"": null, ""binomial_n_min"": null, ""binomial_n_policy"": null, ""binomial_n_tie_break"": null, ""certified_profiles"": 0, ""solver_path"": ""conditional_support_check"", ""support_violating_rows"": 4039, ""uncertified_profiles"": 0}"
foul_leaves_5_team,team-quarter,2021-22,9840,optimization,PERS_FOUL_DRAWN,3,FOUL;LOOSE_BALL_FOUL_DRAWN,17,Poisson,28707.99227578871,-14340.204821409287,"[0.40185109384759266, 0.0]","{""lam"": 0.0}",3,True,poisson_convex_mle,12,18,2,-14488.223410708655,148.0185892993686,0.02855180000187829,"{""binomial_discrete_residual_mean"": null, ""binomial_discrete_residual_variance"": null, ""binomial_h_extension_used"": null, ""binomial_n_candidates"": 0, ""binomial_n_max"": null, ""binomial_n_min"": null, ""binomial_n_policy"": null, ""binomial_n_tie_break"": null, ""certified_profiles"": 1, ""optimizer_primary_failed_starts"": 0, ""optimizer_primary_successful_starts"": 2, ""optimizer_results"": [{""fun"": 14488.223410708655, ""jac"": [1313.674397574211, 5232.9717910679265, 848.5052450631488], ""message"": ""CONVERGENCE: REL_REDUCTION_OF_F_<=_FACTR*EPSMCH"", ""method"": ""L-BFGS-B"", ""nfev"": 3, ""nit"": 1, ""status"": 0, ""success"": true, ""x"": [0.0, 0.4561314146000339, 0.0]}, {""fun"": 14340.204821409287, ""jac"": [161.97493569605592, 2.1252971578178403e-06, 600.709568402859], ""message"": ""CONVERGENCE: REL_REDUCTION_OF_F_<=_FACTR*EPSMCH"", ""method"": ""L-BFGS-B"", ""nfev"": 13, ""nit"": 11, ""status"": 0, ""success"": true, ""x"": [0.0, 0.40185109384759266, 0.0]}], ""poisson_canonical_agreement_abs"": 0.0, ""solver_path"": ""poisson_convex"", ""uncertified_profiles"": 0}"
foul_leaves_5_team,team-quarter,2021-22,9840,optimization,PERS_FOUL_DRAWN,3,FOUL;LOOSE_BALL_FOUL_DRAWN,17,NB,28717.186559932852,-14340.204857986333,"[0.40184725493974155, 0.0]","{""p"": 0.9999999931275403, ""r"": 32.15241780540401}",4,True,optimizer_converged_lbfgsb,37,282,2,-14488.23654779922,148.03168981288763,0.5839821000117809,"{""binomial_discrete_residual_mean"": null, ""binomial_discrete_residual_variance"": null, ""binomial_h_extension_used"": null, ""binomial_n_candidates"": 0, ""binomial_n_max"": null, ""binomial_n_min"": null, ""binomial_n_policy"": null, ""binomial_n_tie_break"": null, ""certified_profiles"": 1, ""optimizer_powell_attempted"": false, ""optimizer_powell_success"": false, ""optimizer_primary_failed_starts"": 0, ""optimizer_primary_successful_starts"": 2, ""optimizer_results"": [{""fun"": 14340.206436274064, ""jac"": [-0.0010913936427019754, 600.7085175951943, 0.0007275957614226637, -0.002182787103650413], ""message"": ""CONVERGENCE: REL_REDUCTION_OF_F_<=_FACTR*EPSMCH"", ""method"": ""L-BFGS-B"", ""nfev"": 35, ""nit"": 4, ""status"": 0, ""success"": true, ""x"": [0.40184889751529396, 0.0, -0.0016335796029090838, 11.514430788219082]}, {""fun"": 14340.204857986333, ""jac"": [-0.41436578634585, 600.6899639032781, -0.0003637978829201424, 0.0], ""message"": ""CONVERGENCE: REL_REDUCTION_OF_F_<=_FACTR*EPSMCH"", ""method"": ""L-BFGS-B"", ""nfev"": 245, ""nit"": 33, ""status"": 0, ""success"": true, ""x"": [0.40184725493974155, 0.0, 3.470487651756548, 18.79574375156619]}], ""solver_path"": ""general_convolution"", ""uncertified_profiles"": 0}"
foul_leaves_5_team,team-quarter,2021-22,9840,optimization,PERS_FOUL_DRAWN,3,FOUL;LOOSE_BALL_FOUL_DRAWN,17,ZIP,28717.18648681115,-14340.204821425483,"[0.40185109141057174, 0.0]","{""lam"": 9.999999999999996e-11, ""rho"": 1.0000000000000007e-09}",4,True,optimizer_converged_lbfgsb,33,202,2,-14488.223410840023,148.01858941453975,0.2098184999777004,"{""binomial_discrete_residual_mean"": null, ""binomial_discrete_residual_variance"": null, ""binomial_h_extension_used"": null, ""binomial_n_candidates"": 0, ""binomial_n_max"": null, ""binomial_n_min"": null, ""binomial_n_policy"": null, ""binomial_n_tie_break"": null, ""certified_profiles"": 1, ""optimizer_powell_attempted"": false, ""optimizer_powell_success"": false, ""optimizer_primary_failed_starts"": 0, ""optimizer_primary_successful_starts"": 2, ""optimizer_results"": [{""fun"": 14340.204821425483, ""jac"": [0.0001818989404503292, 600.7096089888364, 0.0, 0.0], ""message"": ""CONVERGENCE: REL_REDUCTION_OF_F_<=_FACTR*EPSMCH"", ""method"": ""L-BFGS-B"", ""nfev"": 35, ""nit"": 4, ""status"": 0, ""success"": true, ""x"": [0.40185109141057174, 0.0, -23.025850929940457, -20.72326583594641]}, {""fun"": 14340.204979257798, ""jac"": [0.0005456968213509877, 600.709427089896, 0.00018189892530420107, 0.0], ""message"": ""CONVERGENCE: REL_REDUCTION_OF_F_<=_FACTR*EPSMCH"", ""method"": ""L-BFGS-B"", ""nfev"": 165, ""nit"": 29, ""status"": 0, ""success"": true, ""x"": [0.4018508802185104, 0.0, -13.841320696030257, -20.72326583594641]}], ""solver_path"": ""general_convolution"", ""uncertified_profiles"": 0}"
foul_leaves_5_team,team-quarter,2021-22,9840,optimization,PERS_FOUL_DRAWN,3,FOUL;LOOSE_BALL_FOUL_DRAWN,17,Geom,28707.99227611265,-14340.204821571257,"[0.4018510915111764, 0.0]","{""p"": 0.9999999990000215}",3,True,optimizer_converged_lbfgsb,34,162,2,-14488.223412022333,148.0185904510763,14.52241730003152,"{""binomial_discrete_residual_mean"": null, ""binomial_discrete_residual_variance"": null, ""binomial_h_extension_used"": null, ""binomial_n_candidates"": 0, ""binomial_n_max"": null, ""binomial_n_min"": null, ""binomial_n_policy"": null, ""binomial_n_tie_break"": null, ""certified_profiles"": 1, ""optimizer_powell_attempted"": false, ""optimizer_powell_success"": false, ""optimizer_primary_failed_starts"": 0, ""optimizer_primary_successful_starts"": 2, ""optimizer_results"": [{""fun"": 14340.204821571257, ""jac"": [0.0003637978809006584, 600.7096089888364, 0.0], ""message"": ""CONVERGENCE: REL_REDUCTION_OF_F_<=_FACTR*EPSMCH"", ""method"": ""L-BFGS-B"", ""nfev"": 28, ""nit"": 4, ""status"": 0, ""success"": true, ""x"": [0.4018510915111764, 0.0, 20.72328737132537]}, {""fun"": 14340.205027590884, ""jac"": [0.5704350772522324, 600.7365300320089, 0.0], ""message"": ""CONVERGENCE: REL_REDUCTION_OF_F_<=_FACTR*EPSMCH"", ""method"": ""L-BFGS-B"", ""nfev"": 132, ""nit"": 30, ""status"": 0, ""success"": true, ""x"": [0.40185602155082795, 0.0, 13.581427548311035]}], ""solver_path"": ""general_convolution"", ""uncertified_profiles"": 0}"
foul_leaves_5_team,team-quarter,2021-22,9840,optimization,PERS_FOUL_DRAWN,3,FOUL;LOOSE_BALL_FOUL_DRAWN,17,Binomial,28707.992276436624,-14340.204821733243,"[0.4018510895711279, 0.0]","{""n"": 2, ""p"": 1.000021607741963e-09}",3,True,optimizer_converged_lbfgsb,35,214,2,-14453.646100296937,113.44127856369414,0.5244233999983408,"{""binomial_discrete_residual_mean"": -0.24257345788840334, ""binomial_discrete_residual_variance"": -0.9595771909245726, ""binomial_h_extension_used"": true, ""binomial_n_candidates"": 1, ""binomial_n_max"": 2, ""binomial_n_min"": 2, ""binomial_n_policy"": ""paper_H_binomial_discrete_index_continuous_full_mle"", ""binomial_n_tie_break"": ""not_applicable_single_mom_index"", ""certified_profiles"": 1, ""optimizer_powell_attempted"": false, ""optimizer_powell_success"": false, ""optimizer_primary_failed_starts"": 0, ""optimizer_primary_successful_starts"": 2, ""optimizer_results"": [{""fun"": 14340.204821733243, ""jac"": [0.0001818989404503292, 600.709427089896, 0.0], ""message"": ""CONVERGENCE: REL_REDUCTION_OF_F_<=_FACTR*EPSMCH"", ""method"": ""L-BFGS-B"", ""nfev"": 28, ""nit"": 4, ""status"": 0, ""success"": true, ""x"": [0.4018510895711279, 0.0, -20.72324422843787]}, {""fun"": 14340.204897474574, ""jac"": [-0.32487150764428796, 600.6943294778466, 0.00018189892530420107], ""message"": ""CONVERGENCE: REL_REDUCTION_OF_F_<=_FACTR*EPSMCH"", ""method"": ""L-BFGS-B"", ""nfev"": 184, ""nit"": 31, ""status"": 0, ""success"": true, ""x"": [0.40184801665440834, 0.0, -15.270891847075438]}], ""solver_path"": ""general_convolution"", ""uncertified_profiles"": 0}"
foul_leaves_5_team,team-quarter,2021-22,9840,optimization,PERS_FOUL_DRAWN,3,FOUL;LOOSE_BALL_FOUL_DRAWN,17,Bernoulli,28707.99227611266,-14340.204821571262,"[0.40185108953911386, 0.0]","{""p"": 1.0000000000000007e-09}",3,True,optimizer_converged_lbfgsb,20,102,2,-14371.332629824665,31.12780825340269,0.187303000013344,"{""binomial_discrete_residual_mean"": null, ""binomial_discrete_residual_variance"": null, ""binomial_h_extension_used"": null, ""binomial_n_candidates"": 0, ""binomial_n_max"": null, ""binomial_n_min"": null, ""binomial_n_policy"": null, ""binomial_n_tie_break"": null, ""certified_profiles"": 1, ""optimizer_powell_attempted"": false, ""optimizer_powell_success"": false, ""optimizer_primary_failed_starts"": 0, ""optimizer_primary_successful_starts"": 2, ""optimizer_results"": [{""fun"": 14340.204821571262, ""jac"": [0.0001818989404503292, 600.7096089888364, 0.0], ""message"": ""CONVERGENCE: REL_REDUCTION_OF_F_<=_FACTR*EPSMCH"", ""method"": ""L-BFGS-B"", ""nfev"": 28, ""nit"": 4, ""status"": 0, ""success"": true, ""x"": [0.40185108953911386, 0.0, -20.72326583594641]}, {""fun"": 14354.847039617347, ""jac"": [0.07239577829923102, 602.651562076062, 0.002728484091608809], ""message"": ""CONVERGENCE: REL_REDUCTION_OF_F_<=_FACTR*EPSMCH"", ""method"": ""L-BFGS-B"", ""nfev"": 72, ""nit"": 16, ""status"": 0, ""success"": true, ""x"": [0.33464332159565313, 0.0, -0.8456426757584442]}], ""solver_path"": ""general_convolution"", ""uncertified_profiles"": 0}"
foul_leaves_5_team,team-quarter,2021-22,9840,optimization,PERS_FOUL_DRAWN,3,FTA;LOOSE_BALL_FOUL_DRAWN,18,Poisson,32002.008050330805,-15987.212708680334,"[0.08190733398232398, 0.0]","{""lam"": 1.3513112404459107}",3,True,poisson_convex_mle,11,20,2,-15990.81523587682,3.602527196486335,0.026407399971503764,"{""binomial_discrete_residual_mean"": null, ""binomial_discrete_residual_variance"": null, ""binomial_h_extension_used"": null, ""binomial_n_candidates"": 0, ""binomial_n_max"": null, ""binomial_n_min"": null, ""binomial_n_policy"": null, ""binomial_n_tie_break"": null, ""certified_profiles"": 1, ""optimizer_primary_failed_starts"": 0, ""optimizer_primary_successful_starts"": 2, ""optimizer_results"": [{""fun"": 15987.212708680334, ""jac"": [-3.724211146050038e-05, 0.00015836801298974024, 172.02214556478592], ""message"": ""CONVERGENCE: REL_REDUCTION_OF_F_<=_FACTR*EPSMCH"", ""method"": ""L-BFGS-B"", ""nfev"": 7, ""nit"": 5, ""status"": 0, ""success"": true, ""x"": [1.3513112404459107, 0.08190733398232398, 0.0]}, {""fun"": 15987.212708680352, ""jac"": [-0.0003856370438484191, -0.002774774831323157, 172.0220423288887], ""message"": ""CONVERGENCE: REL_REDUCTION_OF_F_<=_FACTR*EPSMCH"", ""method"": ""L-BFGS-B"", ""nfev"": 11, ""nit"": 6, ""status"": 0, ""success"": true, ""x"": [1.3513112660345867, 0.0819073159528422, 0.0]}], ""poisson_canonical_agreement_abs"": 0.0, ""solver_path"": ""poisson_convex"", ""uncertified_profiles"": 0}"
foul_leaves_5_team,team-quarter,2021-22,9840,optimization,PERS_FOUL_DRAWN,3,FTA;LOOSE_BALL_FOUL_DRAWN,18,NB,32011.207718320977,-15987.215437180395,"[0.08190739149133015, 0.0]","{""p"": 0.9999897913195663, ""r"": 132367.4860981761}",4,True,optimizer_converged_lbfgsb,29,297,2,-15990.817945622699,3.602508442303588,0.6407501000212505,"{""binomial_discrete_residual_mean"": null, ""binomial_discrete_residual_variance"": null, ""binomial_h_extension_used"": null, ""binomial_n_candidates"": 0, ""binomial_n_max"": null, ""binomial_n_min"": null, ""binomial_n_policy"": null, ""binomial_n_tie_break"": null, ""certified_profiles"": 1, ""optimizer_powell_attempted"": false, ""optimizer_powell_success"": false, ""optimizer_primary_failed_starts"": 0, ""optimizer_primary_successful_starts"": 2, ""optimizer_results"": [{""fun"": 15987.215437180395, ""jac"": [0.008367351260715144, 172.0196451060474, -0.0010913935518252066, -0.0025465849542588154], ""message"": ""CONVERGENCE: REL_REDUCTION_OF_F_<=_FACTR*EPSMCH"", ""method"": ""L-BFGS-B"", ""nfev"": 35, ""nit"": 5, ""status"": 0, ""success"": true, ""x"": [0.08190739149133015, 0.0, 11.793337319050375, 11.492261967953297]}, {""fun"": 15987.215862178344, ""jac"": [-2.8821887114354663, 171.85793694807217, -0.907311839417355, 0.9089489297450928], ""message"": ""CONVERGENCE: REL_REDUCTION_OF_F_<=_FACTR*EPSMCH"", ""method"": ""L-BFGS-B"", ""nfev"": 260, ""nit"": 24, ""status"": 0, ""success"": true, ""x"": [0.08191278839795207, 0.0, 11.661664030235391, 11.360696449497283]}], ""solver_path"": ""general_convolution"", ""uncertified_profiles"": 0}"
foul_leaves_5_team,team-quarter,2021-22,9840,optimization,PERS_FOUL_DRAWN,3,FTA;LOOSE_BALL_FOUL_DRAWN,18,ZIP,32011.202261845658,-15987.212708942736,"[0.08190737308921328, 0.0]","{""lam"": 1.3513112173070263, ""rho"": 1.0000000000000007e-09}",4,True,optimizer_converged_lbfgsb,32,207,2,-15990.815236168262,3.602527225526501,0.226685700006783,"{""binomial_discrete_residual_mean"": null, ""binomial_discrete_residual_variance"": null, ""binomial_h_extension_used"": null, ""binomial_n_candidates"": 0, ""binomial_n_max"": null, ""binomial_n_min"": null, ""binomial_n_policy"": null, ""binomial_n_tie_break"": null, ""certified_profiles"": 1, ""optimizer_powell_attempted"": false, ""optimizer_powell_success"": false, ""optimizer_primary_failed_starts"": 0, ""optimizer_primary_successful_starts"": 2, ""optimizer_results"": [{""fun"": 15987.212708942736, ""jac"": [0.008549250201165473, 172.02255548909307, 0.0012732925831523045, 0.0], ""message"": ""CONVERGENCE: REL_REDUCTION_OF_F_<=_FACTR*EPSMCH"", ""method"": ""L-BFGS-B"", ""nfev"": 35, ""nit"": 5, ""status"": 0, ""success"": true, ""x"": [0.08190737308921328, 0.0, 0.3010753931500913, -20.72326583594641]}, {""fun"": 15987.213025668365, ""jac"": [0.007821654439364157, 172.022009792272, -0.0005456968213509877, 0.00018189892530420107], ""message"": ""CONVERGENCE: REL_REDUCTION_OF_F_<=_FACTR*EPSMCH"", ""method"": ""L-BFGS-B"", ""nfev"": 170, ""nit"": 27, ""status"": 0, ""success"": true, ""x"": [0.08190749689730285, 0.0, 0.3010759106868696, -13.626030291382147]}], ""solver_path"": ""general_convolution"", ""uncertified_profiles"": 0}"
foul_leaves_5_team,team-quarter,2021-22,9840,optimization,PERS_FOUL_DRAWN,3,FTA;LOOSE_BALL_FOUL_DRAWN,18,Geom,33301.609713940445,-16637.013540485153,"[0.15803931995353107, 0.09253299315842776]","{""p"": 0.522765874810462}",3,True,optimizer_converged_lbfgsb,32,150,2,-16876.705824378274,239.69228389312048,0.26818890002323315,"{""binomial_discrete_residual_mean"": null, ""binomial_discrete_residual_variance"": null, ""binomial_h_extension_used"": null, ""binomial_n_candidates"": 0, ""binomial_n_max"": null, ""binomial_n_min"": null, ""binomial_n_policy"": null, ""binomial_n_tie_break"": null, ""certified_profiles"": 1, ""optimizer_powell_attempted"": false, ""optimizer_powell_success"": false, ""optimizer_primary_failed_starts"": 0, ""optimizer_primary_successful_starts"": 2, ""optimizer_results"": [{""fun"": 16637.013540496133, ""jac"": [-0.045838532993482964, 0.0014551915236026337, 0.0029103830472052674], ""message"": ""CONVERGENCE: REL_REDUCTION_OF_F_<=_FACTR*EPSMCH"", ""method"": ""L-BFGS-B"", ""nfev"": 80, ""nit"": 17, ""status"": 0, ""success"": true, ""x"": [0.15803892865064845, 0.09253451869337925, 0.09112582132216163]}, {""fun"": 16637.013540485153, ""jac"": [-0.004729372451708559, 0.0010913936427019754, 0.0007275957618013168], ""message"": ""CONVERGENCE: REL_REDUCTION_OF_F_<=_FACTR*EPSMCH"", ""method"": ""L-BFGS-B"", ""nfev"": 68, ""nit"": 15, ""status"": 0, ""success"": true, ""x"": [0.15803931995353107, 0.09253299315842776, 0.09112650676889138]}], ""solver_path"": ""general_convolution"", ""uncertified_profiles"": 0}"
foul_leaves_5_team,team-quarter,2021-22,9840,optimization,PERS_FOUL_DRAWN,3,FTA;LOOSE_BALL_FOUL_DRAWN,18,Binomial,31982.854533795053,-15977.635950412458,"[0.08217280407579759, 0.0]","{""n"": 30, ""p"": 0.04499568471434423}",3,True,optimizer_converged_lbfgsb,11,74,2,-15981.24440723328,3.608456820822539,0.2346407999866642,"{""binomial_discrete_residual_mean"": 1.296605186653594, ""binomial_discrete_residual_variance"": 1.2408465209844164, ""binomial_h_extension_used"": false, ""binomial_n_candidates"": 1, ""binomial_n_max"": 30, ""binomial_n_min"": 30, ""binomial_n_policy"": ""paper_H_binomial_discrete_index_continuous_full_mle"", ""binomial_n_tie_break"": ""not_applicable_single_mom_index"", ""certified_profiles"": 1, ""optimizer_powell_attempted"": false, ""optimizer_powell_success"": false, ""optimizer_primary_failed_starts"": 0, ""optimizer_primary_successful_starts"": 2, ""optimizer_results"": [{""fun"": 15977.635950412568, ""jac"": [0.007639755498913828, 183.87181626167148, 0.0009094947073003559], ""message"": ""CONVERGENCE: REL_REDUCTION_OF_F_<=_FACTR*EPSMCH"", ""method"": ""L-BFGS-B"", ""nfev"": 28, ""nit"": 5, ""status"": 0, ""success"": true, ""x"": [0.08217281369855088, 0.0, -3.055149185939986]}, {""fun"": 15977.635950412458, ""jac"": [0.0027284841067549384, 183.87163436273113, 0.0001818989414600712], ""message"": ""CONVERGENCE: REL_REDUCTION_OF_F_<=_FACTR*EPSMCH"", ""method"": ""L-BFGS-B"", ""nfev"": 44, ""nit"": 6, ""status"": 0, ""success"": true, ""x"": [0.08217280407579759, 0.0, -3.055149269158962]}], ""solver_path"": ""general_convolution"", ""uncertified_profiles"": 0}"
foul_leaves_5_team,team-quarter,2021-22,9840,optimization,PERS_FOUL_DRAWN,3,FTA;LOOSE_BALL_FOUL_DRAWN,18,Bernoulli,inf,-inf,[],{},3,False,infeasible_conditional_support,0,0,0,-inf,0.0,0.00010240002302452922,"{""binomial_discrete_residual_mean"": null, ""binomial_discrete_residual_variance"": null, ""binomial_h_extension_used"": null, ""binomial_n_candidates"": 0, ""binomial_n_max"": null, ""binomial_n_min"": null, ""binomial_n_policy"": null, ""binomial_n_tie_break"": null, ""certified_profiles"": 0, ""solver_path"": ""conditional_support_check"", ""support_violating_rows"": 265, ""uncertified_profiles"": 0}"
foul_leaves_5_team,team-quarter,2021-22,9840,optimization,PERS_FOUL_DRAWN,3,FOUL;FTA;LOOSE_BALL_FOUL_DRAWN,19,Poisson,28717.18648677876,-14340.204821409287,"[0.40185109225946786, 0.0, 0.0]","{""lam"": 0.0}",4,True,poisson_convex_mle,7,14,2,-17222.285916917906,2882.08109550862,0.021165899990592152,"{""binomial_discrete_residual_mean"": null, ""binomial_discrete_residual_variance"": null, ""binomial_h_extension_used"": null, ""binomial_n_candidates"": 0, ""binomial_n_max"": null, ""binomial_n_min"": null, ""binomial_n_policy"": null, ""binomial_n_tie_break"": null, ""certified_profiles"": 1, ""optimizer_primary_failed_starts"": 0, ""optimizer_primary_successful_starts"": 2, ""optimizer_results"": [{""fun"": 14340.204821409287, ""jac"": [161.97489744827095, -0.00017166099574694726, 7535.5997817898915, 600.7095601735984], ""message"": ""CONVERGENCE: REL_REDUCTION_OF_F_<=_FACTR*EPSMCH"", ""method"": ""L-BFGS-B"", ""nfev"": 9, ""nit"": 6, ""status"": 0, ""success"": true, ""x"": [0.0, 0.40185109225946786, 0.0, 0.0]}, {""fun"": 17222.285916917906, ""jac"": [4095.2093171720635, 17871.41979422795, 26176.514159449805, 1446.970687108238], ""message"": ""CONVERGENCE: REL_REDUCTION_OF_F_<=_FACTR*EPSMCH"", ""method"": ""L-BFGS-B"", ""nfev"": 3, ""nit"": 1, ""status"": 0, ""success"": true, ""x"": [0.0, 0.6769828829447514, 0.0, 0.0]}], ""poisson_canonical_agreement_abs"": 0.0, ""solver_path"": ""poisson_convex"", ""uncertified_profiles"": 0}"
foul_leaves_5_team,team-quarter,2021-22,9840,optimization,PERS_FOUL_DRAWN,3,FOUL;FTA;LOOSE_BALL_FOUL_DRAWN,19,NB,28726.38370398457,-14340.20632451717,"[0.4018490454520698, 0.0, 0.0]","{""p"": 0.9999903640989112, ""r"": 0.9629344534410951}",5,True,optimizer_converged_lbfgsb,12,104,2,-17222.32686908718,2882.1205445700107,0.2285305000259541,"{""binomial_discrete_residual_mean"": null, ""binomial_discrete_residual_variance"": null, ""binomial_h_extension_used"": null, ""binomial_n_candidates"": 0, ""binomial_n_max"": null, ""binomial_n_min"": null, ""binomial_n_policy"": null, ""binomial_n_tie_break"": null, ""certified_profiles"": 1, ""optimizer_powell_attempted"": false, ""optimizer_powell_success"": false, ""optimizer_primary_failed_starts"": 0, ""optimizer_primary_successful_starts"": 2, ""optimizer_results"": [{""fun"": 14340.20632451717, ""jac"": [0.0, 7535.573240602389, 600.7085175951943, 0.0014551915225928917, -0.0018189892530420108], ""message"": ""CONVERGENCE: REL_REDUCTION_OF_F_<=_FACTR*EPSMCH"", ""method"": ""L-BFGS-B"", ""nfev"": 54, ""nit"": 6, ""status"": 0, ""success"": true, ""x"": [0.4018490454520698, 0.0, 0.0, -0.037769934463054315, 11.550005102061595]}, {""fun"": 14340.206388343788, ""jac"": [0.0005456968213509877, 7535.572876804508, 600.708881393075, 0.0020008883435652263, -0.0010913935518252066], ""message"": ""CONVERGENCE: REL_REDUCTION_OF_F_<=_FACTR*EPSMCH"", ""method"": ""L-BFGS-B"", ""nfev"": 48, ""nit"": 6, ""status"": 0, ""success"": true, ""x"": [0.40184896311629853, 0.0, 0.0, -0.016865048724840227, 11.5293269573589]}], ""solver_path"": ""general_convolution"", ""uncertified_profiles"": 0}"
foul_leaves_5_team,team-quarter,2021-22,9840,optimization,PERS_FOUL_DRAWN,3,FOUL;FTA;LOOSE_BALL_FOUL_DRAWN,19,ZIP,28726.380697801196,-14340.204821425483,"[0.40185108898221894, 0.0, 0.0]","{""lam"": 9.999999999999996e-11, ""rho"": 1.0000000000000007e-09}",5,True,optimizer_converged_lbfgsb,12,104,2,-17222.285917327426,2882.0810959019436,0.09699489997001365,"{""binomial_discrete_residual_mean"": null, ""binomial_discrete_residual_variance"": null, ""binomial_h_extension_used"": null, ""binomial_n_candidates"": 0, ""binomial_n_max"": null, ""binomial_n_min"": null, ""binomial_n_policy"": null, ""binomial_n_tie_break"": null, ""certified_profiles"": 1, ""optimizer_powell_attempted"": false, ""optimizer_powell_success"": false, ""optimizer_primary_failed_starts"": 0, ""optimizer_primary_successful_starts"": 2, ""optimizer_results"": [{""fun"": 14340.204821425486, ""jac"": [0.0, 7535.599797847681, 600.7092451909557, 0.0, 0.0], ""message"": ""CONVERGENCE: NORM_OF_PROJECTED_GRADIENT_<=_PGTOL"", ""method"": ""L-BFGS-B"", ""nfev"": 54, ""nit"": 6, ""status"": 0, ""success"": true, ""x"": [0.4018510878941216, 0.0, 0.0, -23.025850929940457, -20.72326583594641]}, {""fun"": 14340.204821425483, ""jac"": [0.0001818989404503292, 7535.6001616455615, 600.7097908877768, 0.0, 0.0], ""message"": ""CONVERGENCE: REL_REDUCTION_OF_F_<=_FACTR*EPSMCH"", ""method"": ""L-BFGS-B"", ""nfev"": 48, ""nit"": 6, ""status"": 0, ""success"": true, ""x"": [0.40185108898221894, 0.0, 0.0, -23.025850929940457, -20.72326583594641]}], ""solver_path"": ""general_convolution"", ""uncertified_profiles"": 0}"
foul_leaves_5_team,team-quarter,2021-22,9840,optimization,PERS_FOUL_DRAWN,3,FOUL;FTA;LOOSE_BALL_FOUL_DRAWN,19,Geom,28717.18648710271,-14340.204821571262,"[0.40185108801237257, 0.0, 0.0]","{""p"": 0.9999999989999999}",4,True,optimizer_converged_lbfgsb,12,87,2,-17222.285921013117,2882.0810994418553,13.862283100024797,"{""binomial_discrete_residual_mean"": null, ""binomial_discrete_residual_variance"": null, ""binomial_h_extension_used"": null, ""binomial_n_candidates"": 0, ""binomial_n_max"": null, ""binomial_n_min"": null, ""binomial_n_policy"": null, ""binomial_n_tie_break"": null, ""certified_profiles"": 1, ""optimizer_powell_attempted"": false, ""optimizer_powell_success"": false, ""optimizer_primary_failed_starts"": 0, ""optimizer_primary_successful_starts"": 2, ""optimizer_results"": [{""fun"": 14340.204821571262, ""jac"": [-0.0001818989404503292, 7535.599979746621, 600.7096089888364, 0.0], ""message"": ""CONVERGENCE: REL_REDUCTION_OF_F_<=_FACTR*EPSMCH"", ""method"": ""L-BFGS-B"", ""nfev"": 45, ""nit"": 6, ""status"": 0, ""success"": true, ""x"": [0.40185108801237257, 0.0, 0.0, 20.723265864228342]}, {""fun"": 14340.204821571262, ""jac"": [0.0001818989404503292, 7535.600343544502, 600.7096089888364, 0.0], ""message"": ""CONVERGENCE: REL_REDUCTION_OF_F_<=_FACTR*EPSMCH"", ""method"": ""L-BFGS-B"", ""nfev"": 40, ""nit"": 6, ""status"": 0, ""success"": true, ""x"": [0.4018510909654789, 0.0, 0.0, 20.723265863439018]}], ""solver_path"": ""general_convolution"", ""uncertified_profiles"": 0}"
foul_leaves_5_team,team-quarter,2021-22,9840,optimization,PERS_FOUL_DRAWN,3,FOUL;FTA;LOOSE_BALL_FOUL_DRAWN,19,Binomial,28717.186487426658,-14340.204821733236,"[0.401851091313313, 0.0, 0.0]","{""n"": 2, ""p"": 1.0000000000000007e-09}",4,True,optimizer_converged_lbfgsb,12,87,2,-17222.285925108325,2882.081103375089,0.22562759998254478,"{""binomial_discrete_residual_mean"": -2.8585827540044555, ""binomial_discrete_residual_variance"": -6.798896930560568, ""binomial_h_extension_used"": true, ""binomial_n_candidates"": 1, ""binomial_n_max"": 2, ""binomial_n_min"": 2, ""binomial_n_policy"": ""paper_H_binomial_discrete_index_continuous_full_mle"", ""binomial_n_tie_break"": ""not_applicable_single_mom_index"", ""certified_profiles"": 1, ""optimizer_powell_attempted"": false, ""optimizer_powell_success"": false, ""optimizer_primary_failed_starts"": 0, ""optimizer_primary_successful_starts"": 2, ""optimizer_results"": [{""fun"": 14340.204821733238, ""jac"": [-0.0001818989404503292, 7535.599797847681, 600.7096089888364, 0.0], ""message"": ""CONVERGENCE: REL_REDUCTION_OF_F_<=_FACTR*EPSMCH"", ""method"": ""L-BFGS-B"", ""nfev"": 45, ""nit"": 6, ""status"": 0, ""success"": true, ""x"": [0.401851085815618, 0.0, 0.0, -20.72326583594641]}, {""fun"": 14340.204821733236, ""jac"": [0.0005456968213509877, 7535.600343544502, 600.709427089896, -0.00018189892530420107], ""message"": ""CONVERGENCE: REL_REDUCTION_OF_F_<=_FACTR*EPSMCH"", ""method"": ""L-BFGS-B"", ""nfev"": 40, ""nit"": 6, ""status"": 0, ""success"": true, ""x"": [0.401851091313313, 0.0, 0.0, -20.72326583594641]}], ""solver_path"": ""general_convolution"", ""uncertified_profiles"": 0}"
foul_leaves_5_team,team-quarter,2021-22,9840,optimization,PERS_FOUL_DRAWN,3,FOUL;FTA;LOOSE_BALL_FOUL_DRAWN,19,Bernoulli,28717.186487102706,-14340.20482157126,"[0.4018510930291014, 0.0, 0.0]","{""p"": 1.0000000000000007e-09}",4,True,optimizer_converged_lbfgsb,12,87,2,-17222.285921013117,2882.081099441857,0.17709029995603487,"{""binomial_discrete_residual_mean"": null, ""binomial_discrete_residual_variance"": null, ""binomial_h_extension_used"": null, ""binomial_n_candidates"": 0, ""binomial_n_max"": null, ""binomial_n_min"": null, ""binomial_n_policy"": null, ""binomial_n_tie_break"": null, ""certified_profiles"": 1, ""optimizer_powell_attempted"": false, ""optimizer_powell_success"": false, ""optimizer_primary_failed_starts"": 0, ""optimizer_primary_successful_starts"": 2, ""optimizer_results"": [{""fun"": 14340.204821571264, ""jac"": [0.0, 7535.599797847681, 600.7096089888364, 0.0], ""message"": ""CONVERGENCE: NORM_OF_PROJECTED_GRADIENT_<=_PGTOL"", ""method"": ""L-BFGS-B"", ""nfev"": 45, ""nit"": 6, ""status"": 0, ""success"": true, ""x"": [0.4018510862947625, 0.0, 0.0, -20.72326583594641]}, {""fun"": 14340.20482157126, ""jac"": [0.0003637978809006584, 7535.6007073423825, 600.7096089888364, 0.0], ""message"": ""CONVERGENCE: REL_REDUCTION_OF_F_<=_FACTR*EPSMCH"", ""method"": ""L-BFGS-B"", ""nfev"": 40, ""nit"": 6, ""status"": 0, ""success"": true, ""x"": [0.4018510930291014, 0.0, 0.0, -20.72326583594641]}], ""solver_path"": ""general_convolution"", ""uncertified_profiles"": 0}"
foul_leaves_5_team,team-quarter,2021-22,9840,optimization,PERS_FOUL_DRAWN,3,FTM;LOOSE_BALL_FOUL_DRAWN,20,Poisson,32049.700234057946,-16011.058800543904,"[0.09490858938716595, 0.0]","{""lam"": 1.396744642528146}",3,True,poisson_convex_mle,16,22,2,-16013.021462688355,1.9626621444513148,0.027841200004331768,"{""binomial_discrete_residual_mean"": null, ""binomial_discrete_residual_variance"": null, ""binomial_h_extension_used"": null, ""binomial_n_candidates"": 0, ""binomial_n_max"": null, ""binomial_n_min"": null, ""binomial_n_policy"": null, ""binomial_n_tie_break"": null, ""certified_profiles"": 1, ""optimizer_primary_failed_starts"": 0, ""optimizer_primary_successful_starts"": 2, ""optimizer_results"": [{""fun"": 16011.058800543904, ""jac"": [-1.2287190060078501e-05, 2.8572585733854794e-05, 155.58688409157605], ""message"": ""CONVERGENCE: REL_REDUCTION_OF_F_<=_FACTR*EPSMCH"", ""method"": ""L-BFGS-B"", ""nfev"": 7, ""nit"": 5, ""status"": 0, ""success"": true, ""x"": [1.396744642528146, 0.09490858938716595, 0.0]}, {""fun"": 16011.058800543908, ""jac"": [6.776413610509735e-05, 0.0003491457700874889, 155.58690441850666], ""message"": ""CONVERGENCE: REL_REDUCTION_OF_F_<=_FACTR*EPSMCH"", ""method"": ""L-BFGS-B"", ""nfev"": 13, ""nit"": 11, ""status"": 0, ""success"": true, ""x"": [1.3967446552023692, 0.09490858981063907, 0.0]}], ""poisson_canonical_agreement_abs"": 0.0, ""solver_path"": ""poisson_convex"", ""uncertified_profiles"": 0}"
foul_leaves_5_team,team-quarter,2021-22,9840,optimization,PERS_FOUL_DRAWN,3,FTM;LOOSE_BALL_FOUL_DRAWN,20,NB,32058.899591422756,-16011.061373731285,"[0.094908484904, 0.0]","{""p"": 0.9999898598122994, ""r"": 137742.13365212388}",4,True,optimizer_converged_lbfgsb,35,222,2,-16013.024060974058,1.9626872427725175,0.5157725000171922,"{""binomial_discrete_residual_mean"": null, ""binomial_discrete_residual_variance"": null, ""binomial_h_extension_used"": null, ""binomial_n_candidates"": 0, ""binomial_n_max"": null, ""binomial_n_min"": null, ""binomial_n_policy"": null, ""binomial_n_tie_break"": null, ""certified_profiles"": 1, ""optimizer_powell_attempted"": false, ""optimizer_powell_success"": false, ""optimizer_primary_failed_starts"": 0, ""optimizer_primary_successful_starts"": 2, ""optimizer_results"": [{""fun"": 16011.061373731285, ""jac"": [0.0012732925831523045, 155.58434824924916, -0.0007275957012168043, -0.0047293720579092285], ""message"": ""CONVERGENCE: REL_REDUCTION_OF_F_<=_FACTR*EPSMCH"", ""method"": ""L-BFGS-B"", ""nfev"": 35, ""nit"": 5, ""status"": 0, ""success"": true, ""x"": [0.094908484904, 0.0, 11.83313861941086, 11.498993908820996]}, {""fun"": 16011.06154090535, ""jac"": [0.9687937568384534, 155.69730749120936, 0.7041307398525624, -0.7072230215827339], ""message"": ""CONVERGENCE: REL_REDUCTION_OF_F_<=_FACTR*EPSMCH"", ""method"": ""L-BFGS-B"", ""nfev"": 185, ""nit"": 30, ""status"": 0, ""success"": true, ""x"": [0.09488817757534558, 0.0, 11.782099929649378, 11.447836046113922]}], ""solver_path"": ""general_convolution"", ""uncertified_profiles"": 0}"
foul_leaves_5_team,team-quarter,2021-22,9840,optimization,PERS_FOUL_DRAWN,3,FTM;LOOSE_BALL_FOUL_DRAWN,20,ZIP,32058.89444557749,-16011.058800808652,"[0.09490856825558476, 0.0]","{""lam"": 1.396744790507942, ""rho"": 1.0000000000000007e-09}",4,True,optimizer_converged_lbfgsb,40,287,2,-16013.021462976649,1.9626621679963137,0.3169321999885142,"{""binomial_discrete_residual_mean"": null, ""binomial_discrete_residual_variance"": null, ""binomial_h_extension_used"": null, ""binomial_n_candidates"": 0, ""binomial_n_max"": null, ""binomial_n_min"": null, ""binomial_n_policy"": null, ""binomial_n_tie_break"": null, ""certified_profiles"": 1, ""optimizer_powell_attempted"": false, ""optimizer_powell_success"": false, ""optimizer_primary_failed_starts"": 0, ""optimizer_primary_successful_starts"": 2, ""optimizer_results"": [{""fun"": 16011.058800808652, ""jac"": [0.0009094947022516461, 155.58689483441412, 0.0003637978809006584, 0.0], ""message"": ""CONVERGENCE: REL_REDUCTION_OF_F_<=_FACTR*EPSMCH"", ""method"": ""L-BFGS-B"", ""nfev"": 35, ""nit"": 5, ""status"": 0, ""success"": true, ""x"": [0.09490856825558476, 0.0, 0.334144379626122, -20.72326583594641]}, {""fun"": 16011.058920492867, ""jac"": [-0.04092726160132407, 155.5918061058037, 0.04019966583952276, 0.00018189892530420107], ""message"": ""CONVERGENCE: REL_REDUCTION_OF_F_<=_FACTR*EPSMCH"", ""method"": ""L-BFGS-B"", ""nfev"": 250, ""nit"": 35, ""status"": 0, ""success"": true, ""x"": [0.09490535190086902, 0.0, 0.3341570801016696, -14.60977266192646]}], ""solver_path"": ""general_convolution"", ""uncertified_profiles"": 0}"
foul_leaves_5_team,team-quarter,2021-22,9840,optimization,PERS_FOUL_DRAWN,3,FTM;LOOSE_BALL_FOUL_DRAWN,20,Geom,33490.94755740497,-16731.682462217417,"[0.18834175649906285, 0.12949757676441398]","{""p"": 0.5079882114773887}",3,True,optimizer_converged_lbfgsb,33,154,2,-16992.62233773703,260.93987551961254,0.3307947999564931,"{""binomial_discrete_residual_mean"": null, ""binomial_discrete_residual_variance"": null, ""binomial_h_extension_used"": null, ""binomial_n_candidates"": 0, ""binomial_n_max"": null, ""binomial_n_min"": null, ""binomial_n_policy"": null, ""binomial_n_tie_break"": null, ""certified_profiles"": 1, ""optimizer_powell_attempted"": false, ""optimizer_powell_success"": false, ""optimizer_primary_failed_starts"": 0, ""optimizer_primary_successful_starts"": 2, ""optimizer_results"": [{""fun"": 16731.682462218363, ""jac"": [-0.02110027709223819, -0.0007275957618013168, -0.0007275957612964458], ""message"": ""CONVERGENCE: REL_REDUCTION_OF_F_<=_FACTR*EPSMCH"", ""method"": ""L-BFGS-B"", ""nfev"": 72, ""nit"": 16, ""status"": 0, ""success"": true, ""x"": [0.1883414200246752, 0.1294964459633509, 0.031952671668639514]}, {""fun"": 16731.682462217417, ""jac"": [-0.017462298283231606, 0.0003637978809006584, 0.004729372448426898], ""message"": ""CONVERGENCE: REL_REDUCTION_OF_F_<=_FACTR*EPSMCH"", ""method"": ""L-BFGS-B"", ""nfev"": 80, ""nit"": 17, ""status"": 0, ""success"": true, ""x"": [0.18834175649906285, 0.12949757676441398, 0.03195556493897905]}], ""solver_path"": ""general_convolution"", ""uncertified_profiles"": 0}"
foul_leaves_5_team,team-quarter,2021-22,9840,optimization,PERS_FOUL_DRAWN,3,FTM;LOOSE_BALL_FOUL_DRAWN,20,Binomial,32035.9356241801,-16004.176495604981,"[0.09529324768793135, 0.0]","{""n"": 43, ""p"": 0.03244481825334253}",3,True,optimizer_converged_lbfgsb,14,74,2,-16006.04958592755,1.8730903225696238,0.2633378999889828,"{""binomial_discrete_residual_mean"": 1.3583737363542094, ""binomial_discrete_residual_variance"": 1.3152922627133132, ""binomial_h_extension_used"": false, ""binomial_n_candidates"": 1, ""binomial_n_max"": 43, ""binomial_n_min"": 43, ""binomial_n_policy"": ""paper_H_binomial_discrete_index_continuous_full_mle"", ""binomial_n_tie_break"": ""not_applicable_single_mom_index"", ""certified_profiles"": 1, ""optimizer_powell_attempted"": false, ""optimizer_powell_success"": false, ""optimizer_primary_failed_starts"": 0, ""optimizer_primary_successful_starts"": 2, ""optimizer_results"": [{""fun"": 16004.176495604981, ""jac"": [0.0003637978809006584, 164.0226400922984, 0.0003637978829201424], ""message"": ""CONVERGENCE: REL_REDUCTION_OF_F_<=_FACTR*EPSMCH"", ""method"": ""L-BFGS-B"", ""nfev"": 28, ""nit"": 5, ""status"": 0, ""success"": true, ""x"": [0.09529324768793135, 0.0, -3.3952317123017193]}, {""fun"": 16004.17649560809, ""jac"": [-0.01873559086638391, 164.02227629441768, -0.0001818989414600712], ""message"": ""CONVERGENCE: REL_REDUCTION_OF_F_<=_FACTR*EPSMCH"", ""method"": ""L-BFGS-B"", ""nfev"": 44, ""nit"": 9, ""status"": 0, ""success"": true, ""x"": [0.09529290579219632, 0.0, -3.3952308633042443]}], ""solver_path"": ""general_convolution"", ""uncertified_profiles"": 0}"
foul_leaves_5_team,team-quarter,2021-22,9840,optimization,PERS_FOUL_DRAWN,3,FTM;LOOSE_BALL_FOUL_DRAWN,20,Bernoulli,inf,-inf,[],{},3,False,infeasible_conditional_support,0,0,0,-inf,0.0,0.00011200003791600466,"{""binomial_discrete_residual_mean"": null, ""binomial_discrete_residual_variance"": null, ""binomial_h_extension_used"": null, ""binomial_n_candidates"": 0, ""binomial_n_max"": null, ""binomial_n_min"": null, ""binomial_n_policy"": null, ""binomial_n_tie_break"": null, ""certified_profiles"": 0, ""solver_path"": ""conditional_support_check"", ""support_violating_rows"": 329, ""uncertified_profiles"": 0}"
foul_leaves_5_team,team-quarter,2021-22,9840,optimization,PERS_FOUL_DRAWN,3,FOUL;FTM;LOOSE_BALL_FOUL_DRAWN,21,Poisson,30723.428008231596,-15343.325582135705,"[0.5528694957771879, 0.0, 0.0]","{""lam"": 0.0}",4,True,poisson_convex_mle,2,8,2,-15343.325582135705,0.0,0.011588900000788271,"{""binomial_discrete_residual_mean"": null, ""binomial_discrete_residual_variance"": null, ""binomial_h_extension_used"": null, ""binomial_n_candidates"": 0, ""binomial_n_max"": null, ""binomial_n_min"": null, ""binomial_n_policy"": null, ""binomial_n_tie_break"": null, ""certified_profiles"": 1, ""optimizer_primary_failed_starts"": 1, ""optimizer_primary_successful_starts"": 1, ""optimizer_results"": [{""fun"": 20821.974706569206, ""jac"": [5267.616748161996, 23198.48229151513, 24576.61110384317, 1699.2218188487395], ""message"": ""CONVERGENCE: REL_REDUCTION_OF_F_<=_FACTR*EPSMCH"", ""method"": ""L-BFGS-B"", ""nfev"": 3, ""nit"": 1, ""status"": 0, ""success"": true, ""x"": [0.0, 0.8505684550418275, 0.0, 0.0]}, {""fun"": 15343.325582135705, ""jac"": [2805.564227941486, 12011.66506386938, 15530.247852066692, 1169.495105921132], ""message"": ""CONVERGENCE: REL_REDUCTION_OF_F_<=_FACTR*EPSMCH"", ""method"": ""L-BFGS-B"", ""nfev"": 3, ""nit"": 1, ""status"": 0, ""success"": true, ""x"": [0.0, 0.5528694957771879, 0.0, 0.0]}], ""poisson_canonical_agreement_abs"": 0.0, ""solver_path"": ""poisson_convex"", ""uncertified_profiles"": 0}"
foul_leaves_5_team,team-quarter,2021-22,9840,optimization,PERS_FOUL_DRAWN,3,FOUL;FTM;LOOSE_BALL_FOUL_DRAWN,21,NB,28726.38376224262,-14340.206353646196,"[0.40184901034395376, 0.0, 0.0]","{""p"": 0.9999902725804608, ""r"": 0.9723586772850049}",5,True,optimizer_converged_lbfgsb,12,104,2,-15343.35363797987,1003.1472843336742,0.2681254000053741,"{""binomial_discrete_residual_mean"": null, ""binomial_discrete_residual_variance"": null, ""binomial_h_extension_used"": null, ""binomial_n_candidates"": 0, ""binomial_n_max"": null, ""binomial_n_min"": null, ""binomial_n_policy"": null, ""binomial_n_tie_break"": null, ""certified_profiles"": 1, ""optimizer_powell_attempted"": false, ""optimizer_powell_success"": false, ""optimizer_primary_failed_starts"": 0, ""optimizer_primary_successful_starts"": 2, ""optimizer_results"": [{""fun"": 14340.206353646196, ""jac"": [0.0003637978809006584, 5816.839802719187, 600.7086994941346, 0.0014551915225928917, -0.002910382804867217], ""message"": ""CONVERGENCE: REL_REDUCTION_OF_F_<=_FACTR*EPSMCH"", ""method"": ""L-BFGS-B"", ""nfev"": 54, ""nit"": 6, ""status"": 0, ""success"": true, ""x"": [0.40184901034395376, 0.0, 0.0, -0.02803053303650424, 11.540552176135543]}, {""fun"": 14340.206416588406, ""jac"": [-0.0001818989404503292, 5816.838893224485, 600.7086994941346, 0.0027284841053349888, -0.002000888178346212], ""message"": ""CONVERGENCE: REL_REDUCTION_OF_F_<=_FACTR*EPSMCH"", ""method"": ""L-BFGS-B"", ""nfev"": 48, ""nit"": 6, ""status"": 0, ""success"": true, ""x"": [0.40184891918108745, 0.0, 0.0, -0.007810929614890687, 11.520517635477674]}], ""solver_path"": ""general_convolution"", ""uncertified_profiles"": 0}"
foul_leaves_5_team,team-quarter,2021-22,9840,optimization,PERS_FOUL_DRAWN,3,FOUL;FTM;LOOSE_BALL_FOUL_DRAWN,21,ZIP,28726.380697801196,-14340.204821425483,"[0.4018510884622322, 0.0, 0.0]","{""lam"": 9.999999999999996e-11, ""rho"": 1.0000000000000007e-09}",5,True,optimizer_converged_lbfgsb,12,104,2,-15343.325582416262,1003.1207609907797,0.10667090001516044,"{""binomial_discrete_residual_mean"": null, ""binomial_discrete_residual_variance"": null, ""binomial_h_extension_used"": null, ""binomial_n_candidates"": 0, ""binomial_n_max"": null, ""binomial_n_min"": null, ""binomial_n_policy"": null, ""binomial_n_tie_break"": null, ""certified_profiles"": 1, ""optimizer_powell_attempted"": false, ""optimizer_powell_success"": false, ""optimizer_primary_failed_starts"": 0, ""optimizer_primary_successful_starts"": 2, ""optimizer_results"": [{""fun"": 14340.204821425485, ""jac"": [0.0, 5816.860902996268, 600.709427089896, 0.0, 0.0], ""message"": ""CONVERGENCE: NORM_OF_PROJECTED_GRADIENT_<=_PGTOL"", ""method"": ""L-BFGS-B"", ""nfev"": 54, ""nit"": 6, ""status"": 0, ""success"": true, ""x"": [0.40185109058481205, 0.0, 0.0, -23.025850929940457, -20.72326583594641]}, {""fun"": 14340.204821425483, ""jac"": [0.0, 5816.860902996268, 600.7097908877768, 0.0, 0.0], ""message"": ""CONVERGENCE: NORM_OF_PROJECTED_GRADIENT_<=_PGTOL"", ""method"": ""L-BFGS-B"", ""nfev"": 48, ""nit"": 6, ""status"": 0, ""success"": true, ""x"": [0.4018510884622322, 0.0, 0.0, -23.025850929940457, -20.72326583594641]}], ""solver_path"": ""general_convolution"", ""uncertified_profiles"": 0}"
foul_leaves_5_team,team-quarter,2021-22,9840,optimization,PERS_FOUL_DRAWN,3,FOUL;FTM;LOOSE_BALL_FOUL_DRAWN,21,Geom,28717.18648710265,-14340.204821571231,"[0.40185108564069744, 0.0, 0.0]","{""p"": 0.9999999990002164}",4,True,optimizer_converged_lbfgsb,12,87,2,-15343.325584941269,1003.1207633700378,13.626140500011388,"{""binomial_discrete_residual_mean"": null, ""binomial_discrete_residual_variance"": null, ""binomial_h_extension_used"": null, ""binomial_n_candidates"": 0, ""binomial_n_max"": null, ""binomial_n_min"": null, ""binomial_n_policy"": null, ""binomial_n_tie_break"": null, ""certified_profiles"": 1, ""optimizer_powell_attempted"": false, ""optimizer_powell_success"": false, ""optimizer_primary_failed_starts"": 0, ""optimizer_primary_successful_starts"": 2, ""optimizer_results"": [{""fun"": 14340.204821571231, ""jac"": [-0.0007275957618013168, 5816.860357299447, 600.7092451909557, 0.0], ""message"": ""CONVERGENCE: REL_REDUCTION_OF_F_<=_FACTR*EPSMCH"", ""method"": ""L-BFGS-B"", ""nfev"": 45, ""nit"": 6, ""status"": 0, ""success"": true, ""x"": [0.40185108564069744, 0.0, 0.0, 20.7234822522082]}, {""fun"": 14340.204821571262, ""jac"": [0.0001818989404503292, 5816.860902996268, 600.7096089888364, 0.0], ""message"": ""CONVERGENCE: REL_REDUCTION_OF_F_<=_FACTR*EPSMCH"", ""method"": ""L-BFGS-B"", ""nfev"": 40, ""nit"": 6, ""status"": 0, ""success"": true, ""x"": [0.4018510910882676, 0.0, 0.0, 20.723265864228342]}], ""solver_path"": ""general_convolution"", ""uncertified_profiles"": 0}"
foul_leaves_5_team,team-quarter,2021-22,9840,optimization,PERS_FOUL_DRAWN,3,FOUL;FTM;LOOSE_BALL_FOUL_DRAWN,21,Binomial,28717.18648742666,-14340.204821733238,"[0.4018510858776534, 0.0, 0.0]","{""n"": 2, ""p"": 1.0000000000000007e-09}",4,True,optimizer_converged_lbfgsb,12,87,2,-15343.325587746831,1003.1207660135933,0.2033343999646604,"{""binomial_discrete_residual_mean"": -2.005274109960297, ""binomial_discrete_residual_variance"": -4.617276066336641, ""binomial_h_extension_used"": true, ""binomial_n_candidates"": 1, ""binomial_n_max"": 2, ""binomial_n_min"": 2, ""binomial_n_policy"": ""paper_H_binomial_discrete_index_continuous_full_mle"", ""binomial_n_tie_break"": ""not_applicable_single_mom_index"", ""certified_profiles"": 1, ""optimizer_powell_attempted"": false, ""optimizer_powell_success"": false, ""optimizer_primary_failed_starts"": 0, ""optimizer_primary_successful_starts"": 2, ""optimizer_results"": [{""fun"": 14340.204821733238, ""jac"": [-0.0001818989404503292, 5816.860721097328, 600.7097908877768, 0.0], ""message"": ""CONVERGENCE: REL_REDUCTION_OF_F_<=_FACTR*EPSMCH"", ""method"": ""L-BFGS-B"", ""nfev"": 45, ""nit"": 6, ""status"": 0, ""success"": true, ""x"": [0.4018510858776534, 0.0, 0.0, -20.72326583594641]}, {""fun"": 14340.204821733238, ""jac"": [0.0, 5816.860721097328, 600.7092451909557, 0.0], ""message"": ""CONVERGENCE: NORM_OF_PROJECTED_GRADIENT_<=_PGTOL"", ""method"": ""L-BFGS-B"", ""nfev"": 40, ""nit"": 6, ""status"": 0, ""success"": true, ""x"": [0.4018510874640677, 0.0, 0.0, -20.72326583594641]}], ""solver_path"": ""general_convolution"", ""uncertified_profiles"": 0}"
foul_leaves_5_team,team-quarter,2021-22,9840,optimization,PERS_FOUL_DRAWN,3,FOUL;FTM;LOOSE_BALL_FOUL_DRAWN,21,Bernoulli,28717.186487102706,-14340.20482157126,"[0.4018510902080726, 0.0, 0.0]","{""p"": 1.000000001000953e-09}",4,True,optimizer_converged_lbfgsb,12,87,2,-15343.32558494127,1003.1207633700105,0.18319799995515496,"{""binomial_discrete_residual_mean"": null, ""binomial_discrete_residual_variance"": null, ""binomial_h_extension_used"": null, ""binomial_n_candidates"": 0, ""binomial_n_max"": null, ""binomial_n_min"": null, ""binomial_n_policy"": null, ""binomial_n_tie_break"": null, ""certified_profiles"": 1, ""optimizer_powell_attempted"": false, ""optimizer_powell_success"": false, ""optimizer_primary_failed_starts"": 0, ""optimizer_primary_successful_starts"": 2, ""optimizer_results"": [{""fun"": 14340.204821571264, ""jac"": [-0.0001818989404503292, 5816.860539198387, 600.7096089888364, 0.0], ""message"": ""CONVERGENCE: REL_REDUCTION_OF_F_<=_FACTR*EPSMCH"", ""method"": ""L-BFGS-B"", ""nfev"": 45, ""nit"": 6, ""status"": 0, ""success"": true, ""x"": [0.40185108572094924, 0.0, 0.0, -20.72326583594641]}, {""fun"": 14340.20482157126, ""jac"": [0.0003637978809006584, 5816.8610848952085, 600.7097908877768, 0.0], ""message"": ""CONVERGENCE: REL_REDUCTION_OF_F_<=_FACTR*EPSMCH"", ""method"": ""L-BFGS-B"", ""nfev"": 40, ""nit"": 6, ""status"": 0, ""success"": true, ""x"": [0.4018510902080726, 0.0, 0.0, -20.723265834945458]}], ""solver_path"": ""general_convolution"", ""uncertified_profiles"": 0}"
foul_leaves_5_team,team-quarter,2021-22,9840,optimization,PERS_FOUL_DRAWN,3,FTA;FTM;LOOSE_BALL_FOUL_DRAWN,22,Poisson,32011.07530090765,-15987.149228473732,"[0.0780394264757424, 0.004984797849276759, 0.0]","{""lam"": 1.351341917276514}",4,True,poisson_convex_mle,16,25,2,-15990.799765358839,3.6505368851067033,0.04059839999536052,"{""binomial_discrete_residual_mean"": null, ""binomial_discrete_residual_variance"": null, ""binomial_h_extension_used"": null, ""binomial_n_candidates"": 0, ""binomial_n_max"": null, ""binomial_n_min"": null, ""binomial_n_policy"": null, ""binomial_n_tie_break"": null, ""certified_profiles"": 1, ""optimizer_primary_failed_starts"": 0, ""optimizer_primary_successful_starts"": 2, ""optimizer_results"": [{""fun"": 15987.149228473992, ""jac"": [0.0005527870348345232, -0.0029455821295982787, -0.0020456709780773963, 171.61640105819038], ""message"": ""CONVERGENCE: REL_REDUCTION_OF_F_<=_FACTR*EPSMCH"", ""method"": ""L-BFGS-B"", ""nfev"": 10, ""nit"": 8, ""status"": 0, ""success"": true, ""x"": [1.3513424259507814, 0.07803927928037618, 0.0049848805899514815, 0.0]}, {""fun"": 15987.149228473732, ""jac"": [-3.8852876386386015e-05, -9.647403288681744e-05, -0.0002554178436184884, 171.61634020526967], ""message"": ""CONVERGENCE: REL_REDUCTION_OF_F_<=_FACTR*EPSMCH"", ""method"": ""L-BFGS-B"", ""nfev"": 13, ""nit"": 8, ""status"": 0, ""success"": true, ""x"": [1.351341917276514, 0.0780394264757424, 0.004984797849276759, 0.0]}], ""poisson_canonical_agreement_abs"": 0.0, ""solver_path"": ""poisson_convex"", ""uncertified_profiles"": 0}"
foul_leaves_5_team,team-quarter,2021-22,9840,optimization,PERS_FOUL_DRAWN,3,FTA;FTM;LOOSE_BALL_FOUL_DRAWN,22,NB,32020.27312487008,-15987.151034959925,"[0.07794299646899361, 0.00509846043955385, 0.0]","{""p"": 0.9999934022357706, ""r"": 204828.62270326135}",5,True,optimizer_converged_lbfgsb,43,374,2,-15990.8024758303,3.651440870375154,0.7816856999997981,"{""binomial_discrete_residual_mean"": null, ""binomial_discrete_residual_variance"": null, ""binomial_h_extension_used"": null, ""binomial_n_candidates"": 0, ""binomial_n_max"": null, ""binomial_n_min"": null, ""binomial_n_policy"": null, ""binomial_n_tie_break"": null, ""certified_profiles"": 1, ""optimizer_powell_attempted"": false, ""optimizer_powell_success"": false, ""optimizer_primary_failed_starts"": 0, ""optimizer_primary_successful_starts"": 2, ""optimizer_results"": [{""fun"": 15987.151962996737, ""jac"": [0.0029103830472052674, 0.0027284841053349888, 171.61364667117596, -0.004001776356692424, -0.0010913935518252066], ""message"": ""CONVERGENCE: REL_REDUCTION_OF_F_<=_FACTR*EPSMCH"", ""method"": ""L-BFGS-B"", ""nfev"": 78, ""nit"": 11, ""status"": 0, ""success"": true, ""x"": [0.07803953812755868, 0.0049847202334549505, 0.0, 11.793352618081821, 11.492254658882596]}, {""fun"": 15987.151034959925, ""jac"": [0.43928594118754505, 0.9213181329014478, 171.6487531666644, 0.28012434496846966, -0.2813976374455991], ""message"": ""CONVERGENCE: REL_REDUCTION_OF_F_<=_FACTR*EPSMCH"", ""method"": ""L-BFGS-B"", ""nfev"": 294, ""nit"": 32, ""status"": 0, ""success"": true, ""x"": [0.07794299646899361, 0.00509846043955385, 0.0, 12.229928921675338, 11.928773121658239]}], ""solver_path"": ""general_convolution"", ""uncertified_profiles"": 0}"
foul_leaves_5_team,team-quarter,2021-22,9840,optimization,PERS_FOUL_DRAWN,3,FTA;FTM;LOOSE_BALL_FOUL_DRAWN,22,ZIP,32020.26951242387,-15987.14922873682,"[0.07803934530792031, 0.004984938020699068, 0.0]","{""lam"": 1.3513417544998683, ""rho"": 1.0000000292305107e-09}",5,True,optimizer_converged_lbfgsb,41,326,2,-15990.799765650365,3.6505369135447836,0.35178389999782667,"{""binomial_discrete_residual_mean"": null, ""binomial_discrete_residual_variance"": null, ""binomial_h_extension_used"": null, ""binomial_n_candidates"": 0, ""binomial_n_max"": null, ""binomial_n_min"": null, ""binomial_n_policy"": null, ""binomial_n_tie_break"": null, ""certified_profiles"": 1, ""optimizer_powell_attempted"": false, ""optimizer_powell_success"": false, ""optimizer_primary_failed_starts"": 0, ""optimizer_primary_successful_starts"": 2, ""optimizer_results"": [{""fun"": 15987.14922873682, ""jac"": [0.0018189894045032922, 0.001818989403556659, 171.61637515528128, -0.0001818989404503292, 0.0], ""message"": ""CONVERGENCE: REL_REDUCTION_OF_F_<=_FACTR*EPSMCH"", ""method"": ""L-BFGS-B"", ""nfev"": 78, ""nit"": 11, ""status"": 0, ""success"": true, ""x"": [0.07803934530792031, 0.004984938020699068, 0.0, 0.3010979910886071, -20.7232658067159]}, {""fun"": 15987.149499873743, ""jac"": [0.7023118090787211, 0.44783519115564946, 171.6631231829524, 0.26921043186648724, 0.00018189892530420107], ""message"": ""CONVERGENCE: REL_REDUCTION_OF_F_<=_FACTR*EPSMCH"", ""method"": ""L-BFGS-B"", ""nfev"": 246, ""nit"": 30, ""status"": 0, ""success"": true, ""x"": [0.0780500203941031, 0.004966183281620512, 0.0, 0.30113901882498956, -13.802532033062642]}], ""solver_path"": ""general_convolution"", ""uncertified_profiles"": 0}"
foul_leaves_5_team,team-quarter,2021-22,9840,optimization,PERS_FOUL_DRAWN,3,FTA;FTM;LOOSE_BALL_FOUL_DRAWN,22,Geom,33310.80392492914,-16637.013540484477,"[0.15803936032615082, 0.0, 0.09253192446464786]","{""p"": 0.5227658147600619}",4,True,optimizer_converged_lbfgsb,41,227,2,-16876.749024212924,239.73548372844743,0.3793302000267431,"{""binomial_discrete_residual_mean"": null, ""binomial_discrete_residual_variance"": null, ""binomial_h_extension_used"": null, ""binomial_n_candidates"": 0, ""binomial_n_max"": null, ""binomial_n_min"": null, ""binomial_n_policy"": null, ""binomial_n_tie_break"": null, ""certified_profiles"": 1, ""optimizer_powell_attempted"": false, ""optimizer_powell_success"": false, ""optimizer_primary_failed_starts"": 0, ""optimizer_primary_successful_starts"": 2, ""optimizer_results"": [{""fun"": 16637.0135405193, ""jac"": [-0.03637978809006585, 17.631464288569987, -0.0007275957618013168, -0.007639755498913828], ""message"": ""CONVERGENCE: REL_REDUCTION_OF_F_<=_FACTR*EPSMCH"", ""method"": ""L-BFGS-B"", ""nfev"": 110, ""nit"": 20, ""status"": 0, ""success"": true, ""x"": [0.1580386187442437, 0.0, 0.09253186493837402, 0.09112077928160747]}, {""fun"": 16637.013540484477, ""jac"": [-0.0018189894045032922, 17.658021533861756, -0.0007275957618013168, 0.0], ""message"": ""CONVERGENCE: REL_REDUCTION_OF_F_<=_FACTR*EPSMCH"", ""method"": ""L-BFGS-B"", ""nfev"": 115, ""nit"": 21, ""status"": 0, ""success"": true, ""x"": [0.15803936032615082, 0.0, 0.09253192446464786, 0.09112626606828658]}], ""solver_path"": ""general_convolution"", ""uncertified_profiles"": 0}"
foul_leaves_5_team,team-quarter,2021-22,9840,optimization,PERS_FOUL_DRAWN,3,FTA;FTM;LOOSE_BALL_FOUL_DRAWN,22,Binomial,31991.86107659907,-15977.542116319442,"[0.07754088075661965, 0.005964182709055282, 0.0]","{""n"": 30, ""p"": 0.04499764559105067}",4,True,optimizer_converged_lbfgsb,19,132,2,-15981.225612215472,3.6834958960298536,0.40909370000008494,"{""binomial_discrete_residual_mean"": 1.2966158273419652, ""binomial_discrete_residual_variance"": 1.2408581093924949, ""binomial_h_extension_used"": false, ""binomial_n_candidates"": 1, ""binomial_n_max"": 30, ""binomial_n_min"": 30, ""binomial_n_policy"": ""paper_H_binomial_discrete_index_continuous_full_mle"", ""binomial_n_tie_break"": ""not_applicable_single_mom_index"", ""certified_profiles"": 1, ""optimizer_powell_attempted"": false, ""optimizer_powell_success"": false, ""optimizer_primary_failed_starts"": 0, ""optimizer_primary_successful_starts"": 2, ""optimizer_results"": [{""fun"": 15977.542116319442, ""jac"": [0.0027284841067549384, 0.002546585164979323, 183.38887457503006, 0.0005456968243802135], ""message"": ""CONVERGENCE: REL_REDUCTION_OF_F_<=_FACTR*EPSMCH"", ""method"": ""L-BFGS-B"", ""nfev"": 65, ""nit"": 11, ""status"": 0, ""success"": true, ""x"": [0.07754088075661965, 0.005964182709055282, 0.0, -3.05510363762468]}, {""fun"": 15977.542116320565, ""jac"": [-0.019281287687734898, -0.0160071067512986, 183.38796508032829, -0.004183675653581637], ""message"": ""CONVERGENCE: REL_REDUCTION_OF_F_<=_FACTR*EPSMCH"", ""method"": ""L-BFGS-B"", ""nfev"": 65, ""nit"": 8, ""status"": 0, ""success"": true, ""x"": [0.07754100994668449, 0.005963935024840672, 0.0, -3.055103890909227]}], ""solver_path"": ""general_convolution"", ""uncertified_profiles"": 0}"
foul_leaves_5_team,team-quarter,2021-22,9840,optimization,PERS_FOUL_DRAWN,3,FTA;FTM;LOOSE_BALL_FOUL_DRAWN,22,Bernoulli,inf,-inf,[],{},4,False,infeasible_conditional_support,0,0,0,-inf,0.0,0.00014269998064264655,"{""binomial_discrete_residual_mean"": null, ""binomial_discrete_residual_variance"": null, ""binomial_h_extension_used"": null, ""binomial_n_candidates"": 0, ""binomial_n_max"": null, ""binomial_n_min"": null, ""binomial_n_policy"": null, ""binomial_n_tie_break"": null, ""certified_profiles"": 0, ""solver_path"": ""conditional_support_check"", ""support_violating_rows"": 265, ""uncertified_profiles"": 0}"
foul_leaves_5_team,team-quarter,2021-22,9840,optimization,PERS_FOUL_DRAWN,3,FOUL;FTA;FTM;LOOSE_BALL_FOUL_DRAWN,23,Poisson,28726.380697768804,-14340.204821409287,"[0.4018510938280694, 0.0, 0.0, 0.0]","{""lam"": 0.0}",5,True,poisson_convex_mle,8,15,2,-17394.589350074177,3054.3845286648902,0.019184799981303513,"{""binomial_discrete_residual_mean"": null, ""binomial_discrete_residual_variance"": null, ""binomial_h_extension_used"": null, ""binomial_n_candidates"": 0, ""binomial_n_max"": null, ""binomial_n_min"": null, ""binomial_n_policy"": null, ""binomial_n_tie_break"": null, ""certified_profiles"": 1, ""optimizer_primary_failed_starts"": 0, ""optimizer_primary_successful_starts"": 2, ""optimizer_results"": [{""fun"": 14340.204821409287, ""jac"": [161.97493522586424, -1.1084225093327404e-08, 7535.599960830548, 5816.860816654385, 600.7095683016919], ""message"": ""CONVERGENCE: NORM_OF_PROJECTED_GRADIENT_<=_PGTOL"", ""method"": ""L-BFGS-B"", ""nfev"": 10, ""nit"": 7, ""status"": 0, ""success"": true, ""x"": [0.0, 0.4018510938280694, 0.0, 0.0, 0.0]}, {""fun"": 17394.589350074177, ""jac"": [4146.214336165582, 18132.522680015325, 26500.662056872425, 20532.193027235175, 1457.8497209051357], ""message"": ""CONVERGENCE: REL_REDUCTION_OF_F_<=_FACTR*EPSMCH"", ""method"": ""L-BFGS-B"", ""nfev"": 3, ""nit"": 1, ""status"": 0, ""success"": true, ""x"": [0.0, 0.6770784060861073, 0.0, 0.00836149384842436, 0.0]}], ""poisson_canonical_agreement_abs"": 0.0, ""solver_path"": ""poisson_convex"", ""uncertified_profiles"": 0}"
foul_leaves_5_team,team-quarter,2021-22,9840,optimization,PERS_FOUL_DRAWN,3,FOUL;FTA;FTM;LOOSE_BALL_FOUL_DRAWN,23,NB,28735.57791292037,-14340.206323490045,"[0.40184905447984426, 0.0, 0.0, 0.0]","{""p"": 0.9999903684671065, ""r"": 0.9627129334732663}",6,True,optimizer_converged_lbfgsb,13,128,2,-17394.630812288797,3054.4244887987516,0.2574972999864258,"{""binomial_discrete_residual_mean"": null, ""binomial_discrete_residual_variance"": null, ""binomial_h_extension_used"": null, ""binomial_n_candidates"": 0, ""binomial_n_max"": null, ""binomial_n_min"": null, ""binomial_n_policy"": null, ""binomial_n_tie_break"": null, ""certified_profiles"": 1, ""optimizer_powell_attempted"": false, ""optimizer_powell_success"": false, ""optimizer_primary_failed_starts"": 0, ""optimizer_primary_successful_starts"": 2, ""optimizer_results"": [{""fun"": 14340.206323490045, ""jac"": [0.0, 7535.5745138949715, 5816.840712213889, 600.708881393075, 0.0018189894032411148, -0.00036379785060840214], ""message"": ""CONVERGENCE: REL_REDUCTION_OF_F_<=_FACTR*EPSMCH"", ""method"": ""L-BFGS-B"", ""nfev"": 70, ""nit"": 7, ""status"": 0, ""success"": true, ""x"": [0.40184905447984426, 0.0, 0.0, 0.0, -0.03800000770523898, 11.550458534271987]}, {""fun"": 14340.20638762661, ""jac"": [-0.0005456968213509877, 7535.571785410866, 5816.8385294266045, 600.7085175951943, 0.0012732925822687804, -0.0023646860289546143], ""message"": ""CONVERGENCE: REL_REDUCTION_OF_F_<=_FACTR*EPSMCH"", ""method"": ""L-BFGS-B"", ""nfev"": 56, ""nit"": 6, ""status"": 0, ""success"": true, ""x"": [0.40184895636096024, 0.0, 0.0, 0.0, -0.016872150628725043, 11.52977761157873]}], ""solver_path"": ""general_convolution"", ""uncertified_profiles"": 0}"
foul_leaves_5_team,team-quarter,2021-22,9840,optimization,PERS_FOUL_DRAWN,3,FOUL;FTA;FTM;LOOSE_BALL_FOUL_DRAWN,23,ZIP,28735.574908791245,-14340.204821425483,"[0.40185109165068333, 0.0, 0.0, 0.0]","{""lam"": 9.999999999999996e-11, ""rho"": 1.0000000000000007e-09}",6,True,optimizer_converged_lbfgsb,13,128,2,-17394.589350488797,3054.3845290633144,0.13842090003890917,"{""binomial_discrete_residual_mean"": null, ""binomial_discrete_residual_variance"": null, ""binomial_h_extension_used"": null, ""binomial_n_candidates"": 0, ""binomial_n_max"": null, ""binomial_n_min"": null, ""binomial_n_policy"": null, ""binomial_n_tie_break"": null, ""certified_profiles"": 1, ""optimizer_powell_attempted"": false, ""optimizer_powell_success"": false, ""optimizer_primary_failed_starts"": 0, ""optimizer_primary_successful_starts"": 2, ""optimizer_results"": [{""fun"": 14340.204821425486, ""jac"": [-0.0003637978809006584, 7535.59961594874, 5816.860539198387, 600.7092451909557, 0.0, 0.0], ""message"": ""CONVERGENCE: REL_REDUCTION_OF_F_<=_FACTR*EPSMCH"", ""method"": ""L-BFGS-B"", ""nfev"": 70, ""nit"": 7, ""status"": 0, ""success"": true, ""x"": [0.4018510887419921, 0.0, 0.0, 0.0, -23.025850929940457, -20.72326583594641]}, {""fun"": 14340.204821425483, ""jac"": [0.0005456968213509877, 7535.600525443442, 5816.8610848952085, 600.7096089888364, 0.0, 0.0], ""message"": ""CONVERGENCE: REL_REDUCTION_OF_F_<=_FACTR*EPSMCH"", ""method"": ""L-BFGS-B"", ""nfev"": 56, ""nit"": 6, ""status"": 0, ""success"": true, ""x"": [0.40185109165068333, 0.0, 0.0, 0.0, -23.025850929940457, -20.72326583594641]}], ""solver_path"": ""general_convolution"", ""uncertified_profiles"": 0}"
foul_leaves_5_team,team-quarter,2021-22,9840,optimization,PERS_FOUL_DRAWN,3,FOUL;FTA;FTM;LOOSE_BALL_FOUL_DRAWN,23,Geom,28726.38069809275,-14340.20482157126,"[0.4018510876257194, 0.0, 0.0, 0.0]","{""p"": 0.9999999989999999}",5,True,optimizer_converged_lbfgsb,13,110,2,-17394.589354220392,3054.384532649132,17.517395499977283,"{""binomial_discrete_residual_mean"": null, ""binomial_discrete_residual_variance"": null, ""binomial_h_extension_used"": null, ""binomial_n_candidates"": 0, ""binomial_n_max"": null, ""binomial_n_min"": null, ""binomial_n_policy"": null, ""binomial_n_tie_break"": null, ""certified_profiles"": 1, ""optimizer_powell_attempted"": false, ""optimizer_powell_success"": false, ""optimizer_primary_failed_starts"": 0, ""optimizer_primary_successful_starts"": 2, ""optimizer_results"": [{""fun"": 14340.204821571262, ""jac"": [0.0, 7535.6001616455615, 5816.860902996268, 600.709427089896, 0.0], ""message"": ""CONVERGENCE: NORM_OF_PROJECTED_GRADIENT_<=_PGTOL"", ""method"": ""L-BFGS-B"", ""nfev"": 60, ""nit"": 7, ""status"": 0, ""success"": true, ""x"": [0.40185108846769685, 0.0, 0.0, 0.0, 20.723265864228342]}, {""fun"": 14340.20482157126, ""jac"": [0.0, 7535.6001616455615, 5816.8610848952085, 600.7096089888364, 0.0], ""message"": ""CONVERGENCE: NORM_OF_PROJECTED_GRADIENT_<=_PGTOL"", ""method"": ""L-BFGS-B"", ""nfev"": 48, ""nit"": 6, ""status"": 0, ""success"": true, ""x"": [0.4018510876257194, 0.0, 0.0, 0.0, 20.723265863727526]}], ""solver_path"": ""general_convolution"", ""uncertified_profiles"": 0}"
foul_leaves_5_team,team-quarter,2021-22,9840,optimization,PERS_FOUL_DRAWN,3,FOUL;FTA;FTM;LOOSE_BALL_FOUL_DRAWN,23,Binomial,28726.3806984167,-14340.204821733234,"[0.40185109406062514, 0.0, 0.0, 0.0]","{""n"": 2, ""p"": 1.0000000000000007e-09}",5,True,optimizer_converged_lbfgsb,14,158,2,-17394.589358366604,3054.38453663337,0.3902935999794863,"{""binomial_discrete_residual_mean"": -2.9133316698243794, ""binomial_discrete_residual_variance"": -6.97182915145378, ""binomial_h_extension_used"": true, ""binomial_n_candidates"": 1, ""binomial_n_max"": 2, ""binomial_n_min"": 2, ""binomial_n_policy"": ""paper_H_binomial_discrete_index_continuous_full_mle"", ""binomial_n_tie_break"": ""not_applicable_single_mom_index"", ""certified_profiles"": 1, ""optimizer_powell_attempted"": false, ""optimizer_powell_success"": false, ""optimizer_primary_failed_starts"": 0, ""optimizer_primary_successful_starts"": 2, ""optimizer_results"": [{""fun"": 14340.204821733238, ""jac"": [-0.0001818989404503292, 7535.599979746621, 5816.860539198387, 600.7096089888364, 0.0], ""message"": ""CONVERGENCE: REL_REDUCTION_OF_F_<=_FACTR*EPSMCH"", ""method"": ""L-BFGS-B"", ""nfev"": 60, ""nit"": 7, ""status"": 0, ""success"": true, ""x"": [0.40185108588170154, 0.0, 0.0, 0.0, -20.72326583594641]}, {""fun"": 14340.204821733234, ""jac"": [0.0007275957618013168, 7535.601071140263, 5816.861448693089, 600.7097908877768, 0.0], ""message"": ""CONVERGENCE: REL_REDUCTION_OF_F_<=_FACTR*EPSMCH"", ""method"": ""L-BFGS-B"", ""nfev"": 96, ""nit"": 7, ""status"": 0, ""success"": true, ""x"": [0.40185109406062514, 0.0, 0.0, 0.0, -20.72326583594641]}], ""solver_path"": ""general_convolution"", ""uncertified_profiles"": 0}"
foul_leaves_5_team,team-quarter,2021-22,9840,optimization,PERS_FOUL_DRAWN,3,FOUL;FTA;FTM;LOOSE_BALL_FOUL_DRAWN,23,Bernoulli,28726.38069809275,-14340.20482157126,"[0.4018510927103181, 0.0, 0.0, 0.0]","{""p"": 1.0000000000000007e-09}",5,True,optimizer_converged_lbfgsb,14,146,2,-17394.589354220392,3054.384532649132,0.3269649000139907,"{""binomial_discrete_residual_mean"": null, ""binomial_discrete_residual_variance"": null, ""binomial_h_extension_used"": null, ""binomial_n_candidates"": 0, ""binomial_n_max"": null, ""binomial_n_min"": null, ""binomial_n_policy"": null, ""binomial_n_tie_break"": null, ""certified_profiles"": 1, ""optimizer_powell_attempted"": false, ""optimizer_powell_success"": false, ""optimizer_primary_failed_starts"": 0, ""optimizer_primary_successful_starts"": 2, ""optimizer_results"": [{""fun"": 14340.204821571264, ""jac"": [-0.0003637978809006584, 7535.599797847681, 5816.860539198387, 600.7096089888364, 0.0], ""message"": ""CONVERGENCE: REL_REDUCTION_OF_F_<=_FACTR*EPSMCH"", ""method"": ""L-BFGS-B"", ""nfev"": 60, ""nit"": 7, ""status"": 0, ""success"": true, ""x"": [0.4018510864197133, 0.0, 0.0, 0.0, -20.72326583594641]}, {""fun"": 14340.20482157126, ""jac"": [0.0005456968213509877, 7535.6007073423825, 5816.8610848952085, 600.7096089888364, 0.0], ""message"": ""CONVERGENCE: REL_REDUCTION_OF_F_<=_FACTR*EPSMCH"", ""method"": ""L-BFGS-B"", ""nfev"": 84, ""nit"": 7, ""status"": 0, ""success"": true, ""x"": [0.4018510927103181, 0.0, 0.0, 0.0, -20.72326583594641]}], ""solver_path"": ""general_convolution"", ""uncertified_profiles"": 0}"
foul_leaves_5_team,team-quarter,2021-22,9840,optimization,LOOSE_BALL_FOUL_DRAWN,4,,0,Poisson,12849.736678908599,-6420.271233959276,[],"{""lam"": 0.27266260162601624}",1,True,analytic_mle,0,1,0,-6420.271233959276,0.0,0.000576100021135062,"{""binomial_discrete_residual_mean"": null, ""binomial_discrete_residual_variance"": null, ""binomial_h_extension_used"": null, ""binomial_n_candidates"": 0, ""binomial_n_max"": null, ""binomial_n_min"": null, ""binomial_n_policy"": null, ""binomial_n_tie_break"": null, ""certified_profiles"": 1, ""solver_path"": ""analytic_root"", ""uncertified_profiles"": 0}"
foul_leaves_5_team,team-quarter,2021-22,9840,optimization,LOOSE_BALL_FOUL_DRAWN,4,,0,NB,12858.743789790846,-6420.177683905376,[],"{""p"": 0.9939075505210329, ""r"": 44.48144685773472}",2,True,optimizer_converged_lbfgsb,2,20,2,-6420.177683908743,3.3669493859633803e-09,0.02135440002894029,"{""binomial_discrete_residual_mean"": null, ""binomial_discrete_residual_variance"": null, ""binomial_h_extension_used"": null, ""binomial_n_candidates"": 0, ""binomial_n_max"": null, ""binomial_n_min"": null, ""binomial_n_policy"": null, ""binomial_n_tie_break"": null, ""certified_profiles"": 1, ""optimizer_powell_attempted"": false, ""optimizer_powell_success"": false, ""optimizer_primary_failed_starts"": 0, ""optimizer_primary_successful_starts"": 2, ""optimizer_results"": [{""fun"": 6420.177683905376, ""jac"": [-0.0003637978829201424, 0.004183675653581637], ""message"": ""CONVERGENCE: REL_REDUCTION_OF_F_<=_FACTR*EPSMCH"", ""method"": ""L-BFGS-B"", ""nfev"": 9, ""nit"": 1, ""status"": 0, ""success"": true, ""x"": [3.795072177689704, 5.094593980656194]}, {""fun"": 6420.177683905376, ""jac"": [-0.0003637978829201424, 0.004183675653581637], ""message"": ""CONVERGENCE: REL_REDUCTION_OF_F_<=_FACTR*EPSMCH"", ""method"": ""L-BFGS-B"", ""nfev"": 9, ""nit"": 1, ""status"": 0, ""success"": true, ""x"": [3.795072177689704, 5.094593980656194]}], ""solver_path"": ""general_convolution"", ""uncertified_profiles"": 0}"
foul_leaves_5_team,team-quarter,2021-22,9840,optimization,LOOSE_BALL_FOUL_DRAWN,4,,0,ZIP,12858.476192067967,-6420.043885043937,[],"{""lam"": 0.28189739751196624, ""rho"": 0.032759759981155795}",2,True,optimizer_converged_lbfgsb,14,80,2,-6420.069262063216,0.025377019279403612,0.060768700030166656,"{""binomial_discrete_residual_mean"": null, ""binomial_discrete_residual_variance"": null, ""binomial_h_extension_used"": null, ""binomial_n_candidates"": 0, ""binomial_n_max"": null, ""binomial_n_min"": null, ""binomial_n_policy"": null, ""binomial_n_tie_break"": null, ""certified_profiles"": 1, ""optimizer_powell_attempted"": false, ""optimizer_powell_success"": false, ""optimizer_primary_failed_starts"": 0, ""optimizer_primary_successful_starts"": 2, ""optimizer_results"": [{""fun"": 6420.043885043937, ""jac"": [-0.0007275957658402848, 0.0001818989414600712], ""message"": ""CONVERGENCE: REL_REDUCTION_OF_F_<=_FACTR*EPSMCH"", ""method"": ""L-BFGS-B"", ""nfev"": 39, ""nit"": 7, ""status"": 0, ""success"": true, ""x"": [-1.2662121128593986, -3.3852459707110607]}, {""fun"": 6420.043885043937, ""jac"": [-0.0007275957658402848, 0.0001818989414600712], ""message"": ""CONVERGENCE: REL_REDUCTION_OF_F_<=_FACTR*EPSMCH"", ""method"": ""L-BFGS-B"", ""nfev"": 39, ""nit"": 7, ""status"": 0, ""success"": true, ""x"": [-1.2662121128593986, -3.3852459707110607]}], ""solver_path"": ""general_convolution"", ""uncertified_profiles"": 0}"
foul_leaves_5_team,team-quarter,2021-22,9840,optimization,LOOSE_BALL_FOUL_DRAWN,4,,0,Geom,13021.291460293738,-6506.048624651846,[],"{""p"": 0.785754212249461}",1,True,analytic_mle,0,1,0,-6506.048624651846,0.0,0.0007308000349439681,"{""binomial_discrete_residual_mean"": null, ""binomial_discrete_residual_variance"": null, ""binomial_h_extension_used"": null, ""binomial_n_candidates"": 0, ""binomial_n_max"": null, ""binomial_n_min"": null, ""binomial_n_policy"": null, ""binomial_n_tie_break"": null, ""certified_profiles"": 1, ""solver_path"": ""analytic_root"", ""uncertified_profiles"": 0}"
foul_leaves_5_team,team-quarter,2021-22,9840,optimization,LOOSE_BALL_FOUL_DRAWN,4,,0,Binomial,12849.938469114493,-6420.372129062223,[],"{""n"": 100, ""p"": 0.0027266260162601623}",1,True,analytic_mle,0,1,0,-6420.372129062223,0.0,0.0016261999844573438,"{""binomial_discrete_residual_mean"": 0.27266260162601624, ""binomial_discrete_residual_variance"": 0.2743339674631501, ""binomial_h_extension_used"": true, ""binomial_n_candidates"": 1, ""binomial_n_max"": 100, ""binomial_n_min"": 100, ""binomial_n_policy"": ""paper_H_binomial_discrete_index_continuous_full_mle"", ""binomial_n_tie_break"": ""not_applicable_single_mom_index"", ""certified_profiles"": 1, ""solver_path"": ""analytic_root"", ""uncertified_profiles"": 0}"
foul_leaves_5_team,team-quarter,2021-22,9840,optimization,LOOSE_BALL_FOUL_DRAWN,4,,0,Bernoulli,inf,-inf,[],{},1,False,infeasible_root_support,0,0,0,-inf,0.0,4.4199987314641476e-05,"{""binomial_discrete_residual_mean"": null, ""binomial_discrete_residual_variance"": null, ""binomial_h_extension_used"": null, ""binomial_n_candidates"": 0, ""binomial_n_max"": null, ""binomial_n_min"": null, ""binomial_n_policy"": null, ""binomial_n_tie_break"": null, ""certified_profiles"": 0, ""solver_path"": ""analytic_root"", ""uncertified_profiles"": 0}"
foul_leaves_5_team,team-quarter,2021-22,9840,optimization,LOOSE_BALL_FOUL_DRAWN,4,FOUL,1,Poisson,12261.692823654632,-6121.652200837269,[0.0610133259523355],"{""lam"": 0.0}",2,True,poisson_convex_mle,7,16,2,-6127.317061740992,5.664860903722911,0.02044310001656413,"{""binomial_discrete_residual_mean"": null, ""binomial_discrete_residual_variance"": null, ""binomial_h_extension_used"": null, ""binomial_n_candidates"": 0, ""binomial_n_max"": null, ""binomial_n_min"": null, ""binomial_n_policy"": null, ""binomial_n_tie_break"": null, ""certified_profiles"": 1, ""optimizer_primary_failed_starts"": 0, ""optimizer_primary_successful_starts"": 2, ""optimizer_results"": [{""fun"": 6127.317061740992, ""jac"": [824.808943497462, 2737.9917745403236], ""message"": ""CONVERGENCE: REL_REDUCTION_OF_F_<=_FACTR*EPSMCH"", ""method"": ""L-BFGS-B"", ""nfev"": 3, ""nit"": 1, ""status"": 0, ""success"": true, ""x"": [0.0, 0.06506449376308646]}, {""fun"": 6121.652200837269, ""jac"": [226.21754980086646, -7.493444879713707e-05], ""message"": ""CONVERGENCE: REL_REDUCTION_OF_F_<=_FACTR*EPSMCH"", ""method"": ""L-BFGS-B"", ""nfev"": 11, ""nit"": 6, ""status"": 0, ""success"": true, ""x"": [0.0, 0.0610133259523355]}], ""poisson_canonical_agreement_abs"": 0.0, ""solver_path"": ""poisson_convex"", ""uncertified_profiles"": 0}"
foul_leaves_5_team,team-quarter,2021-22,9840,optimization,LOOSE_BALL_FOUL_DRAWN,4,FOUL,1,NB,12270.88703468035,-6121.652200855106,[0.061013411404127645],"{""p"": 0.9999999997158102, ""r"": 0.23663001776835496}",3,True,optimizer_converged_lbfgsb,33,246,2,-6127.325311875466,5.673111020360011,0.270903599972371,"{""binomial_discrete_residual_mean"": null, ""binomial_discrete_residual_variance"": null, ""binomial_h_extension_used"": null, ""binomial_n_candidates"": 0, ""binomial_n_max"": null, ""binomial_n_min"": null, ""binomial_n_policy"": null, ""binomial_n_tie_break"": null, ""certified_profiles"": 1, ""optimizer_powell_attempted"": false, ""optimizer_powell_success"": false, ""optimizer_primary_failed_starts"": 0, ""optimizer_primary_successful_starts"": 2, ""optimizer_results"": [{""fun"": 6121.654461299944, ""jac"": [-0.0007275957612964458, 0.002182787284244325, -0.0022737365663025137], ""message"": ""CONVERGENCE: REL_REDUCTION_OF_F_<=_FACTR*EPSMCH"", ""method"": ""L-BFGS-B"", ""nfev"": 28, ""nit"": 4, ""status"": 0, ""success"": true, ""x"": [0.06101113629409587, -0.0005199428992931312, 11.513431073375715]}, {""fun"": 6121.652200855106, ""jac"": [0.06521077010619396, 0.00027284841219010677, 0.0], ""message"": ""CONVERGENCE: REL_REDUCTION_OF_F_<=_FACTR*EPSMCH"", ""method"": ""L-BFGS-B"", ""nfev"": 216, ""nit"": 29, ""status"": 0, ""success"": true, ""x"": [0.061013411404127645, -1.4412574641059903, 21.981379216233005]}], ""solver_path"": ""general_convolution"", ""uncertified_profiles"": 0}"
foul_leaves_5_team,team-quarter,2021-22,9840,optimization,LOOSE_BALL_FOUL_DRAWN,4,FOUL,1,ZIP,12270.88703468994,-6121.6522008599,[0.06101332092155112],"{""lam"": 9.999999999999996e-11, ""rho"": 1.0000000000000007e-09}",3,True,optimizer_converged_lbfgsb,34,190,2,-6127.317061823473,5.66486096357221,0.16290049999952316,"{""binomial_discrete_residual_mean"": null, ""binomial_discrete_residual_variance"": null, ""binomial_h_extension_used"": null, ""binomial_n_candidates"": 0, ""binomial_n_max"": null, ""binomial_n_min"": null, ""binomial_n_policy"": null, ""binomial_n_tie_break"": null, ""certified_profiles"": 1, ""optimizer_powell_attempted"": false, ""optimizer_powell_success"": false, ""optimizer_primary_failed_starts"": 0, ""optimizer_primary_successful_starts"": 2, ""optimizer_results"": [{""fun"": 6121.6522008599, ""jac"": [0.0, 0.0, 0.0], ""message"": ""CONVERGENCE: NORM_OF_PROJECTED_GRADIENT_<=_PGTOL"", ""method"": ""L-BFGS-B"", ""nfev"": 28, ""nit"": 4, ""status"": 0, ""success"": true, ""x"": [0.06101332092155112, -23.025850929940457, -20.72326583594641]}, {""fun"": 6121.652230004392, ""jac"": [0.5786205291709986, 0.0, 0.0], ""message"": ""CONVERGENCE: REL_REDUCTION_OF_F_<=_FACTR*EPSMCH"", ""method"": ""L-BFGS-B"", ""nfev"": 160, ""nit"": 30, ""status"": 0, ""success"": true, ""x"": [0.061014096007580745, -15.87186553292732, -20.723266271503554]}], ""solver_path"": ""general_convolution"", ""uncertified_profiles"": 0}"
foul_leaves_5_team,team-quarter,2021-22,9840,optimization,LOOSE_BALL_FOUL_DRAWN,4,FOUL,1,Geom,12261.692824107082,-6121.652201063494,[0.061013320953571974],"{""p"": 0.9999999989999999}",2,True,optimizer_converged_lbfgsb,32,131,2,-6127.317062565801,5.664861502306849,11.63672479998786,"{""binomial_discrete_residual_mean"": null, ""binomial_discrete_residual_variance"": null, ""binomial_h_extension_used"": null, ""binomial_n_candidates"": 0, ""binomial_n_max"": null, ""binomial_n_min"": null, ""binomial_n_policy"": null, ""binomial_n_tie_break"": null, ""certified_profiles"": 1, ""optimizer_powell_attempted"": false, ""optimizer_powell_success"": false, ""optimizer_primary_failed_starts"": 0, ""optimizer_primary_successful_starts"": 2, ""optimizer_results"": [{""fun"": 6121.652201063494, ""jac"": [0.00018189894032411146, 0.0], ""message"": ""CONVERGENCE: REL_REDUCTION_OF_F_<=_FACTR*EPSMCH"", ""method"": ""L-BFGS-B"", ""nfev"": 21, ""nit"": 4, ""status"": 0, ""success"": true, ""x"": [0.061013320953571974, 20.723265864228342]}, {""fun"": 6121.652242001661, ""jac"": [0.4939465724501247, -9.094946265210054e-05], ""message"": ""CONVERGENCE: REL_REDUCTION_OF_F_<=_FACTR*EPSMCH"", ""method"": ""L-BFGS-B"", ""nfev"": 108, ""nit"": 28, ""status"": 0, ""success"": true, ""x"": [0.06101396671893531, 15.523498586630962]}], ""solver_path"": ""general_convolution"", ""uncertified_profiles"": 0}"
foul_leaves_5_team,team-quarter,2021-22,9840,optimization,LOOSE_BALL_FOUL_DRAWN,4,FOUL,1,Binomial,12261.692824559519,-6121.652201289713,[0.061013320660484],"{""n"": 2, ""p"": 1.0000000001187997e-09}",2,True,optimizer_converged_lbfgsb,31,134,2,-6127.31706339061,5.664862100897153,0.1894116000039503,"{""binomial_discrete_residual_mean"": -0.018104273245728053, ""binomial_discrete_residual_variance"": -0.03199770143875906, ""binomial_h_extension_used"": true, ""binomial_n_candidates"": 1, ""binomial_n_max"": 2, ""binomial_n_min"": 2, ""binomial_n_policy"": ""paper_H_binomial_discrete_index_continuous_full_mle"", ""binomial_n_tie_break"": ""not_applicable_single_mom_index"", ""certified_profiles"": 1, ""optimizer_powell_attempted"": false, ""optimizer_powell_success"": false, ""optimizer_primary_failed_starts"": 0, ""optimizer_primary_successful_starts"": 2, ""optimizer_results"": [{""fun"": 6121.652201289713, ""jac"": [0.0, -9.094946265210054e-05], ""message"": ""CONVERGENCE: REL_REDUCTION_OF_F_<=_FACTR*EPSMCH"", ""method"": ""L-BFGS-B"", ""nfev"": 21, ""nit"": 4, ""status"": 0, ""success"": true, ""x"": [0.061013320660484, -20.72326583582761]}, {""fun"": 6121.652219537656, ""jac"": [0.06320988176262873, -9.094946265210054e-05], ""message"": ""CONVERGENCE: REL_REDUCTION_OF_F_<=_FACTR*EPSMCH"", ""method"": ""L-BFGS-B"", ""nfev"": 111, ""nit"": 27, ""status"": 0, ""success"": true, ""x"": [0.061013390728678195, -17.001744180607332]}], ""solver_path"": ""general_convolution"", ""uncertified_profiles"": 0}"
foul_leaves_5_team,team-quarter,2021-22,9840,optimization,LOOSE_BALL_FOUL_DRAWN,4,FOUL,1,Bernoulli,12261.692824107085,-6121.652201063496,[0.061013320864225826],"{""p"": 1.0000000000000007e-09}",2,True,optimizer_converged_lbfgsb,31,128,2,-6127.317062565801,5.66486150230503,0.16345699998782948,"{""binomial_discrete_residual_mean"": null, ""binomial_discrete_residual_variance"": null, ""binomial_h_extension_used"": null, ""binomial_n_candidates"": 0, ""binomial_n_max"": null, ""binomial_n_min"": null, ""binomial_n_policy"": null, ""binomial_n_tie_break"": null, ""certified_profiles"": 1, ""optimizer_powell_attempted"": false, ""optimizer_powell_success"": false, ""optimizer_primary_failed_starts"": 0, ""optimizer_primary_successful_starts"": 2, ""optimizer_results"": [{""fun"": 6121.652201063496, ""jac"": [-9.094947016205573e-05, 0.0], ""message"": ""CONVERGENCE: REL_REDUCTION_OF_F_<=_FACTR*EPSMCH"", ""method"": ""L-BFGS-B"", ""nfev"": 21, ""nit"": 4, ""status"": 0, ""success"": true, ""x"": [0.061013320864225826, -20.72326583594641]}, {""fun"": 6121.652340636418, ""jac"": [0.02537490217521355, 9.094946265210054e-05], ""message"": ""CONVERGENCE: REL_REDUCTION_OF_F_<=_FACTR*EPSMCH"", ""method"": ""L-BFGS-B"", ""nfev"": 105, ""nit"": 27, ""status"": 0, ""success"": true, ""x"": [0.06101322130770049, -14.296812017674997]}], ""solver_path"": ""general_convolution"", ""uncertified_profiles"": 0}"
foul_leaves_5_team,team-quarter,2021-22,9840,optimization,LOOSE_BALL_FOUL_DRAWN,4,FTA,2,Poisson,12775.601671737339,-6378.606624878623,[0.013550201048352561],"{""lam"": 0.19912384281643963}",2,True,poisson_convex_mle,12,22,2,-6378.712833045902,0.10620816727896454,0.024269799992907792,"{""binomial_discrete_residual_mean"": null, ""binomial_discrete_residual_variance"": null, ""binomial_h_extension_used"": null, ""binomial_n_candidates"": 0, ""binomial_n_max"": null, ""binomial_n_min"": null, ""binomial_n_policy"": null, ""binomial_n_tie_break"": null, ""certified_profiles"": 1, ""optimizer_primary_failed_starts"": 0, ""optimizer_primary_successful_starts"": 2, ""optimizer_results"": [{""fun"": 6378.606624878623, ""jac"": [-9.219263441551107e-07, 6.089602109682346e-06], ""message"": ""CONVERGENCE: REL_REDUCTION_OF_F_<=_FACTR*EPSMCH"", ""method"": ""L-BFGS-B"", ""nfev"": 8, ""nit"": 5, ""status"": 0, ""success"": true, ""x"": [0.19912384281643963, 0.013550201048352561]}, {""fun"": 6378.6066248786565, ""jac"": [-0.00026410556327682855, 0.004039390055595504], ""message"": ""CONVERGENCE: REL_REDUCTION_OF_F_<=_FACTR*EPSMCH"", ""method"": ""L-BFGS-B"", ""nfev"": 12, ""nit"": 7, ""status"": 0, ""success"": true, ""x"": [0.19912377707577972, 0.013550213203738112]}], ""poisson_canonical_agreement_abs"": 0.0, ""solver_path"": ""poisson_convex"", ""uncertified_profiles"": 0}"
foul_leaves_5_team,team-quarter,2021-22,9840,optimization,LOOSE_BALL_FOUL_DRAWN,4,FTA,2,NB,12784.79722930119,-6378.607298165525,[0.013550164046141623],"{""p"": 0.9999899051216177, ""r"": 19725.05162822788}",3,True,optimizer_converged_lbfgsb,17,94,2,-6378.713512733647,0.10621456812168617,0.10425370000302792,"{""binomial_discrete_residual_mean"": null, ""binomial_discrete_residual_variance"": null, ""binomial_h_extension_used"": null, ""binomial_n_candidates"": 0, ""binomial_n_max"": null, ""binomial_n_min"": null, ""binomial_n_policy"": null, ""binomial_n_tie_break"": null, ""certified_profiles"": 1, ""optimizer_powell_attempted"": false, ""optimizer_powell_success"": false, ""optimizer_primary_failed_starts"": 0, ""optimizer_primary_successful_starts"": 2, ""optimizer_results"": [{""fun"": 6378.607298165525, ""jac"": [-0.010641088010806456, -0.001000444089173106, 0.00027284838795630165], ""message"": ""CONVERGENCE: REL_REDUCTION_OF_F_<=_FACTR*EPSMCH"", ""method"": ""L-BFGS-B"", ""nfev"": 24, ""nit"": 4, ""status"": 0, ""success"": true, ""x"": [0.013550164046141623, 9.889644763111303, 11.503472258658753]}, {""fun"": 6378.791314903565, ""jac"": [-0.5579749995410052, -0.10368239663224058, -0.08940332972762499], ""message"": ""CONVERGENCE: REL_REDUCTION_OF_F_<=_FACTR*EPSMCH"", ""method"": ""L-BFGS-B"", ""nfev"": 68, ""nit"": 13, ""status"": 0, ""success"": true, ""x"": [0.013544392040310658, 4.321551983635249, 5.935180167691801]}], ""solver_path"": ""general_convolution"", ""uncertified_profiles"": 0}"
foul_leaves_5_team,team-quarter,2021-22,9840,optimization,LOOSE_BALL_FOUL_DRAWN,4,FTA,2,ZIP,12784.795882749473,-6378.606624889667,[0.013550192436241218],"{""lam"": 0.19912386355748302, ""rho"": 1.0000000000000007e-09}",3,True,optimizer_converged_lbfgsb,18,94,2,-6378.712833060174,0.10620817050676123,0.0734770999988541,"{""binomial_discrete_residual_mean"": null, ""binomial_discrete_residual_variance"": null, ""binomial_h_extension_used"": null, ""binomial_n_candidates"": 0, ""binomial_n_max"": null, ""binomial_n_min"": null, ""binomial_n_policy"": null, ""binomial_n_tie_break"": null, ""certified_profiles"": 1, ""optimizer_powell_attempted"": false, ""optimizer_powell_success"": false, ""optimizer_primary_failed_starts"": 0, ""optimizer_primary_successful_starts"": 2, ""optimizer_results"": [{""fun"": 6378.606624889667, ""jac"": [-0.0010004441719561625, -9.09494707300356e-05, 0.0], ""message"": ""CONVERGENCE: REL_REDUCTION_OF_F_<=_FACTR*EPSMCH"", ""method"": ""L-BFGS-B"", ""nfev"": 24, ""nit"": 4, ""status"": 0, ""success"": true, ""x"": [0.013550192436241218, -1.6138282179497145, -20.72326583594641]}, {""fun"": 6378.753965423064, ""jac"": [-0.0325599103236642, 0.0017280399438706763, 0.15597834230201105], ""message"": ""CONVERGENCE: REL_REDUCTION_OF_F_<=_FACTR*EPSMCH"", ""method"": ""L-BFGS-B"", ""nfev"": 68, ""nit"": 14, ""status"": 0, ""success"": true, ""x"": [0.013546535127301139, -1.6012423196516055, -4.375643494851409]}], ""solver_path"": ""general_convolution"", ""uncertified_profiles"": 0}"
foul_leaves_5_team,team-quarter,2021-22,9840,optimization,LOOSE_BALL_FOUL_DRAWN,4,FTA,2,Geom,12849.994856690842,-6415.803217355375,[0.017955505315089663],"{""p"": 0.8509076646957456}",2,True,optimizer_converged_lbfgsb,29,110,2,-6419.502802701132,3.6995853457574412,0.21587249997537583,"{""binomial_discrete_residual_mean"": null, ""binomial_discrete_residual_variance"": null, ""binomial_h_extension_used"": null, ""binomial_n_candidates"": 0, ""binomial_n_max"": null, ""binomial_n_min"": null, ""binomial_n_policy"": null, ""binomial_n_tie_break"": null, ""certified_profiles"": 1, ""optimizer_powell_attempted"": false, ""optimizer_powell_success"": false, ""optimizer_primary_failed_starts"": 0, ""optimizer_primary_successful_starts"": 2, ""optimizer_results"": [{""fun"": 6415.803217355384, ""jac"": [0.006548361851668013, -0.0001818989414600712], ""message"": ""CONVERGENCE: REL_REDUCTION_OF_F_<=_FACTR*EPSMCH"", ""method"": ""L-BFGS-B"", ""nfev"": 51, ""nit"": 13, ""status"": 0, ""success"": true, ""x"": [0.017955504786584673, 1.741737561455943]}, {""fun"": 6415.803217355375, ""jac"": [0.0004547473508102787, 0.0], ""message"": ""CONVERGENCE: REL_REDUCTION_OF_F_<=_FACTR*EPSMCH"", ""method"": ""L-BFGS-B"", ""nfev"": 57, ""nit"": 16, ""status"": 0, ""success"": true, ""x"": [0.017955505315089663, 1.7417378065271953]}], ""solver_path"": ""general_convolution"", ""uncertified_profiles"": 0}"
foul_leaves_5_team,team-quarter,2021-22,9840,optimization,LOOSE_BALL_FOUL_DRAWN,4,FTA,2,Binomial,12775.080424279142,-6378.346001149524,[0.0135565095331664],"{""n"": 47, ""p"": 0.004235948938268599}",2,True,optimizer_converged_lbfgsb,16,65,2,-6378.450894223012,0.1048930734878013,0.09449729998596013,"{""binomial_discrete_residual_mean"": 0.19539685743106563, ""binomial_discrete_residual_variance"": 0.19458399556352293, ""binomial_h_extension_used"": false, ""binomial_n_candidates"": 1, ""binomial_n_max"": 47, ""binomial_n_min"": 47, ""binomial_n_policy"": ""paper_H_binomial_discrete_index_continuous_full_mle"", ""binomial_n_tie_break"": ""not_applicable_single_mom_index"", ""certified_profiles"": 1, ""optimizer_powell_attempted"": false, ""optimizer_powell_success"": false, ""optimizer_primary_failed_starts"": 0, ""optimizer_primary_successful_starts"": 2, ""optimizer_results"": [{""fun"": 6378.346001149582, ""jac"": [-0.00027284841053349887, 9.09494707300356e-05], ""message"": ""CONVERGENCE: REL_REDUCTION_OF_F_<=_FACTR*EPSMCH"", ""method"": ""L-BFGS-B"", ""nfev"": 18, ""nit"": 4, ""status"": 0, ""success"": true, ""x"": [0.013556492578524128, -5.459902505904547]}, {""fun"": 6378.346001149524, ""jac"": [0.005820766091381309, 0.0], ""message"": ""CONVERGENCE: REL_REDUCTION_OF_F_<=_FACTR*EPSMCH"", ""method"": ""L-BFGS-B"", ""nfev"": 45, ""nit"": 12, ""status"": 0, ""success"": true, ""x"": [0.0135565095331664, -5.459902959562409]}], ""solver_path"": ""general_convolution"", ""uncertified_profiles"": 0}"
foul_leaves_5_team,team-quarter,2021-22,9840,optimization,LOOSE_BALL_FOUL_DRAWN,4,FTA,2,Bernoulli,inf,-inf,[],{},2,False,infeasible_conditional_support,0,0,0,-inf,0.0,7.280003046616912e-05,"{""binomial_discrete_residual_mean"": null, ""binomial_discrete_residual_variance"": null, ""binomial_h_extension_used"": null, ""binomial_n_candidates"": 0, ""binomial_n_max"": null, ""binomial_n_min"": null, ""binomial_n_policy"": null, ""binomial_n_tie_break"": null, ""certified_profiles"": 0, ""solver_path"": ""conditional_support_check"", ""support_violating_rows"": 10, ""uncertified_profiles"": 0}"
foul_leaves_5_team,team-quarter,2021-22,9840,optimization,LOOSE_BALL_FOUL_DRAWN,4,FOUL;FTA,3,Poisson,12781.585665036755,-6377.001516033308,"[0.09163665045161513, 0.0]","{""lam"": 0.0}",3,True,poisson_convex_mle,2,8,2,-6377.001516033308,0.0,0.008051300013903528,"{""binomial_discrete_residual_mean"": null, ""binomial_discrete_residual_variance"": null, ""binomial_h_extension_used"": null, ""binomial_n_candidates"": 0, ""binomial_n_max"": null, ""binomial_n_min"": null, ""binomial_n_policy"": null, ""binomial_n_tie_break"": null, ""certified_profiles"": 1, ""optimizer_primary_failed_starts"": 1, ""optimizer_primary_successful_starts"": 1, ""optimizer_results"": [{""fun"": 7391.011757443043, ""jac"": [5679.331254517414, 24942.8591692818, 33367.057794050226], ""message"": ""CONVERGENCE: REL_REDUCTION_OF_F_<=_FACTR*EPSMCH"", ""method"": ""L-BFGS-B"", ""nfev"": 3, ""nit"": 1, ""status"": 0, ""success"": true, ""x"": [0.0, 0.14097946223325405, 0.0]}, {""fun"": 6377.001516033308, ""jac"": [3438.9711607960385, 14695.321798894889, 22578.473529308016], ""message"": ""CONVERGENCE: REL_REDUCTION_OF_F_<=_FACTR*EPSMCH"", ""method"": ""L-BFGS-B"", ""nfev"": 3, ""nit"": 1, ""status"": 0, ""success"": true, ""x"": [0.0, 0.09163665045161513, 0.0]}], ""poisson_canonical_agreement_abs"": 0.0, ""solver_path"": ""poisson_convex"", ""uncertified_profiles"": 0}"
foul_leaves_5_team,team-quarter,2021-22,9840,optimization,LOOSE_BALL_FOUL_DRAWN,4,FOUL;FTA,3,NB,12280.085488946665,-6121.654322493239,"[0.061011268753990704, 0.0]","{""p"": 0.9999903167881022, ""r"": 0.9683111969434441}",4,True,optimizer_converged_lbfgsb,12,87,2,-6377.035906717554,255.3815842243148,0.09429799998179078,"{""binomial_discrete_residual_mean"": null, ""binomial_discrete_residual_variance"": null, ""binomial_h_extension_used"": null, ""binomial_n_candidates"": 0, ""binomial_n_max"": null, ""binomial_n_min"": null, ""binomial_n_policy"": null, ""binomial_n_tie_break"": null, ""certified_profiles"": 1, ""optimizer_powell_attempted"": false, ""optimizer_powell_success"": false, ""optimizer_primary_failed_starts"": 0, ""optimizer_primary_successful_starts"": 2, ""optimizer_results"": [{""fun"": 6121.654322493239, ""jac"": [-0.001728039933079059, 7107.102283043787, 0.0020918378137272818, -0.002182787103650413], ""message"": ""CONVERGENCE: REL_REDUCTION_OF_F_<=_FACTR*EPSMCH"", ""method"": ""L-BFGS-B"", ""nfev"": 50, ""nit"": 7, ""status"": 0, ""success"": true, ""x"": [0.061011268753990704, 0.0, -0.03220175892490504, 11.545107220823025]}, {""fun"": 6121.654412203821, ""jac"": [-0.001728039933079059, 7107.095098035643, 0.0022737367544458237, -0.0023646860289546143], ""message"": ""CONVERGENCE: REL_REDUCTION_OF_F_<=_FACTR*EPSMCH"", ""method"": ""L-BFGS-B"", ""nfev"": 35, ""nit"": 5, ""status"": 0, ""success"": true, ""x"": [0.061011182185708855, 0.0, -0.011499610696424582, 11.524405074797249]}], ""solver_path"": ""general_convolution"", ""uncertified_profiles"": 0}"
foul_leaves_5_team,team-quarter,2021-22,9840,optimization,LOOSE_BALL_FOUL_DRAWN,4,FOUL;FTA,3,ZIP,12280.081245679987,-6121.6522008599,"[0.06101332094808466, 0.0]","{""lam"": 9.999999999999996e-11, ""rho"": 1.0000000000000007e-09}",4,True,optimizer_converged_lbfgsb,12,87,2,-6377.001516377206,255.3493155173055,0.06215740001061931,"{""binomial_discrete_residual_mean"": null, ""binomial_discrete_residual_variance"": null, ""binomial_h_extension_used"": null, ""binomial_n_candidates"": 0, ""binomial_n_max"": null, ""binomial_n_min"": null, ""binomial_n_policy"": null, ""binomial_n_tie_break"": null, ""certified_profiles"": 1, ""optimizer_powell_attempted"": false, ""optimizer_powell_success"": false, ""optimizer_primary_failed_starts"": 0, ""optimizer_primary_successful_starts"": 2, ""optimizer_results"": [{""fun"": 6121.6522008599, ""jac"": [-9.094947016205573e-05, 7107.272722350899, 0.0, 0.0], ""message"": ""CONVERGENCE: REL_REDUCTION_OF_F_<=_FACTR*EPSMCH"", ""method"": ""L-BFGS-B"", ""nfev"": 50, ""nit"": 7, ""status"": 0, ""success"": true, ""x"": [0.06101332094808466, 0.0, -23.025850929940457, -20.72326583594641]}, {""fun"": 6121.6522008599, ""jac"": [-0.00018189894032411146, 7107.272722350899, 0.0, 0.0], ""message"": ""CONVERGENCE: REL_REDUCTION_OF_F_<=_FACTR*EPSMCH"", ""method"": ""L-BFGS-B"", ""nfev"": 35, ""nit"": 5, ""status"": 0, ""success"": true, ""x"": [0.06101332102380571, 0.0, -23.025850929940457, -20.72326583594641]}], ""solver_path"": ""general_convolution"", ""uncertified_profiles"": 0}"
foul_leaves_5_team,team-quarter,2021-22,9840,optimization,LOOSE_BALL_FOUL_DRAWN,4,FOUL;FTA,3,Geom,12270.887035097108,-6121.652201063484,"[0.06101332062405454, 0.0]","{""p"": 0.9999999990000539}",3,True,optimizer_converged_lbfgsb,12,70,2,-6377.00151947228,255.34931840879563,11.066960600030143,"{""binomial_discrete_residual_mean"": null, ""binomial_discrete_residual_variance"": null, ""binomial_h_extension_used"": null, ""binomial_n_candidates"": 0, ""binomial_n_max"": null, ""binomial_n_min"": null, ""binomial_n_policy"": null, ""binomial_n_tie_break"": null, ""certified_profiles"": 1, ""optimizer_powell_attempted"": false, ""optimizer_powell_success"": false, ""optimizer_primary_failed_starts"": 0, ""optimizer_primary_successful_starts"": 2, ""optimizer_results"": [{""fun"": 6121.652201063496, ""jac"": [-9.094947016205573e-05, 7107.272631401429, 0.0], ""message"": ""CONVERGENCE: REL_REDUCTION_OF_F_<=_FACTR*EPSMCH"", ""method"": ""L-BFGS-B"", ""nfev"": 40, ""nit"": 7, ""status"": 0, ""success"": true, ""x"": [0.06101332071418629, 0.0, 20.72326586426911]}, {""fun"": 6121.652201063484, ""jac"": [-0.0002728484104861672, 7107.272631401429, 0.0], ""message"": ""CONVERGENCE: REL_REDUCTION_OF_F_<=_FACTR*EPSMCH"", ""method"": ""L-BFGS-B"", ""nfev"": 28, ""nit"": 5, ""status"": 0, ""success"": true, ""x"": [0.06101332062405454, 0.0, 20.723319619773168]}], ""solver_path"": ""general_convolution"", ""uncertified_profiles"": 0}"
foul_leaves_5_team,team-quarter,2021-22,9840,optimization,LOOSE_BALL_FOUL_DRAWN,4,FOUL;FTA,3,Binomial,12270.887035549564,-6121.652201289712,"[0.06101332067216533, 0.0]","{""n"": 2, ""p"": 9.999999999017397e-10}",3,True,optimizer_converged_lbfgsb,11,66,2,-6377.0015229112505,255.34932162153837,0.08958109997911379,"{""binomial_discrete_residual_mean"": -0.3573608610005197, ""binomial_discrete_residual_variance"": -0.4287641827088884, ""binomial_h_extension_used"": true, ""binomial_n_candidates"": 1, ""binomial_n_max"": 2, ""binomial_n_min"": 2, ""binomial_n_policy"": ""paper_H_binomial_discrete_index_continuous_full_mle"", ""binomial_n_tie_break"": ""not_applicable_single_mom_index"", ""certified_profiles"": 1, ""optimizer_powell_attempted"": false, ""optimizer_powell_success"": false, ""optimizer_primary_failed_starts"": 0, ""optimizer_primary_successful_starts"": 2, ""optimizer_results"": [{""fun"": 6121.652201289712, ""jac"": [9.094947016205573e-05, 7107.272813300369, 0.0], ""message"": ""CONVERGENCE: REL_REDUCTION_OF_F_<=_FACTR*EPSMCH"", ""method"": ""L-BFGS-B"", ""nfev"": 40, ""nit"": 7, ""status"": 0, ""success"": true, ""x"": [0.06101332067216533, 0.0, -20.72326583604467]}, {""fun"": 6121.652201289714, ""jac"": [-9.094947016205573e-05, 7107.272722350899, -9.094946265210054e-05], ""message"": ""CONVERGENCE: REL_REDUCTION_OF_F_<=_FACTR*EPSMCH"", ""method"": ""L-BFGS-B"", ""nfev"": 24, ""nit"": 4, ""status"": 0, ""success"": true, ""x"": [0.06101332064159903, 0.0, -20.72326583594641]}], ""solver_path"": ""general_convolution"", ""uncertified_profiles"": 0}"
foul_leaves_5_team,team-quarter,2021-22,9840,optimization,LOOSE_BALL_FOUL_DRAWN,4,FOUL;FTA,3,Bernoulli,12270.88703509713,-6121.652201063495,"[0.06101332089385212, 0.0]","{""p"": 1.0000000000396915e-09}",3,True,optimizer_converged_lbfgsb,11,66,2,-6377.00151947228,255.3493184087847,0.0875250999815762,"{""binomial_discrete_residual_mean"": null, ""binomial_discrete_residual_variance"": null, ""binomial_h_extension_used"": null, ""binomial_n_candidates"": 0, ""binomial_n_max"": null, ""binomial_n_min"": null, ""binomial_n_policy"": null, ""binomial_n_tie_break"": null, ""certified_profiles"": 1, ""optimizer_powell_attempted"": false, ""optimizer_powell_success"": false, ""optimizer_primary_failed_starts"": 0, ""optimizer_primary_successful_starts"": 2, ""optimizer_results"": [{""fun"": 6121.652201063495, ""jac"": [9.094947016205573e-05, 7107.2729042498395, 0.0], ""message"": ""CONVERGENCE: REL_REDUCTION_OF_F_<=_FACTR*EPSMCH"", ""method"": ""L-BFGS-B"", ""nfev"": 40, ""nit"": 7, ""status"": 0, ""success"": true, ""x"": [0.06101332089385212, 0.0, -20.72326583590672]}, {""fun"": 6121.652201063496, ""jac"": [-0.00018189894032411146, 7107.272722350899, 0.0], ""message"": ""CONVERGENCE: REL_REDUCTION_OF_F_<=_FACTR*EPSMCH"", ""method"": ""L-BFGS-B"", ""nfev"": 24, ""nit"": 4, ""status"": 0, ""success"": true, ""x"": [0.06101332064272564, 0.0, -20.72326583594641]}], ""solver_path"": ""general_convolution"", ""uncertified_profiles"": 0}"
foul_leaves_5_team,team-quarter,2021-22,9840,optimization,LOOSE_BALL_FOUL_DRAWN,4,FTM,4,Poisson,12801.42344998146,-6391.517514000683,[0.013909194459603673],"{""lam"": 0.2141747216246432}",2,True,poisson_convex_mle,10,19,2,-6391.51768853816,0.00017453747659601504,0.024060899973846972,"{""binomial_discrete_residual_mean"": null, ""binomial_discrete_residual_variance"": null, ""binomial_h_extension_used"": null, ""binomial_n_candidates"": 0, ""binomial_n_max"": null, ""binomial_n_min"": null, ""binomial_n_policy"": null, ""binomial_n_tie_break"": null, ""certified_profiles"": 1, ""optimizer_primary_failed_starts"": 0, ""optimizer_primary_successful_starts"": 2, ""optimizer_results"": [{""fun"": 6391.517514000683, ""jac"": [-2.3635160140145217e-07, -5.65721911982564e-07], ""message"": ""CONVERGENCE: NORM_OF_PROJECTED_GRADIENT_<=_PGTOL"", ""method"": ""L-BFGS-B"", ""nfev"": 6, ""nit"": 4, ""status"": 0, ""success"": true, ""x"": [0.2141747216246432, 0.013909194459603673]}, {""fun"": 6391.5175140006895, ""jac"": [0.0004913123119187901, 0.0008071855697018293], ""message"": ""CONVERGENCE: REL_REDUCTION_OF_F_<=_FACTR*EPSMCH"", ""method"": ""L-BFGS-B"", ""nfev"": 11, ""nit"": 6, ""status"": 0, ""success"": true, ""x"": [0.21417474910395615, 0.013909190740533657]}], ""poisson_canonical_agreement_abs"": 0.0, ""solver_path"": ""poisson_convex"", ""uncertified_profiles"": 0}"
foul_leaves_5_team,team-quarter,2021-22,9840,optimization,LOOSE_BALL_FOUL_DRAWN,4,FTM,4,NB,12810.636635985893,-6391.527001507877,[0.01390802249416884],"{""p"": 0.9998316329140668, ""r"": 1271.8880858693358}",3,True,optimizer_converged_lbfgsb,14,82,2,-6391.527188104208,0.00018659633133211173,0.09114770003361627,"{""binomial_discrete_residual_mean"": null, ""binomial_discrete_residual_variance"": null, ""binomial_h_extension_used"": null, ""binomial_n_candidates"": 0, ""binomial_n_max"": null, ""binomial_n_min"": null, ""binomial_n_policy"": null, ""binomial_n_tie_break"": null, ""certified_profiles"": 1, ""optimizer_powell_attempted"": false, ""optimizer_powell_success"": false, ""optimizer_primary_failed_starts"": 0, ""optimizer_primary_successful_starts"": 2, ""optimizer_results"": [{""fun"": 6391.527001507877, ""jac"": [-9.094947017783296e-05, -0.004547473536501779, -0.00500222044586553], ""message"": ""CONVERGENCE: REL_REDUCTION_OF_F_<=_FACTR*EPSMCH"", ""method"": ""L-BFGS-B"", ""nfev"": 24, ""nit"": 4, ""status"": 0, ""success"": true, ""x"": [0.01390802249416884, 7.148257757222227, 8.689195545700914]}, {""fun"": 6391.763188023988, ""jac"": [0.03019522409904054, -0.13278622726585196, -0.13460521668045267], ""message"": ""CONVERGENCE: REL_REDUCTION_OF_F_<=_FACTR*EPSMCH"", ""method"": ""L-BFGS-B"", ""nfev"": 56, ""nit"": 10, ""status"": 0, ""success"": true, ""x"": [0.013885610624878374, 3.9823094254252815, 5.522745499591292]}], ""solver_path"": ""general_convolution"", ""uncertified_profiles"": 0}"
foul_leaves_5_team,team-quarter,2021-22,9840,optimization,LOOSE_BALL_FOUL_DRAWN,4,FTM,4,ZIP,12810.63130733134,-6391.5243371806,[0.013907955524447839],"{""lam"": 0.21434826377151228, ""rho"": 0.0007858681138866556}",3,True,optimizer_converged_lbfgsb,17,94,2,-6391.524524239916,0.00018705931597651215,0.06895559997064993,"{""binomial_discrete_residual_mean"": null, ""binomial_discrete_residual_variance"": null, ""binomial_h_extension_used"": null, ""binomial_n_candidates"": 0, ""binomial_n_max"": null, ""binomial_n_min"": null, ""binomial_n_policy"": null, ""binomial_n_tie_break"": null, ""certified_profiles"": 1, ""optimizer_powell_attempted"": false, ""optimizer_powell_success"": false, ""optimizer_primary_failed_starts"": 0, ""optimizer_primary_successful_starts"": 2, ""optimizer_results"": [{""fun"": 6391.5243371806, ""jac"": [0.00045474735088916476, 0.00027284841219010677, 0.00682121030475267], ""message"": ""CONVERGENCE: REL_REDUCTION_OF_F_<=_FACTR*EPSMCH"", ""method"": ""L-BFGS-B"", ""nfev"": 28, ""nit"": 5, ""status"": 0, ""success"": true, ""x"": [0.013907955524447839, -1.5401531859405744, -7.147935396581286]}, {""fun"": 6391.694587583832, ""jac"": [-0.008822098607249796, 0.004001776712121566, 0.2003616840182684], ""message"": ""CONVERGENCE: REL_REDUCTION_OF_F_<=_FACTR*EPSMCH"", ""method"": ""L-BFGS-B"", ""nfev"": 64, ""nit"": 12, ""status"": 0, ""success"": true, ""x"": [0.013886713840829873, -1.5228535289840583, -4.026054596814031]}], ""solver_path"": ""general_convolution"", ""uncertified_profiles"": 0}"
foul_leaves_5_team,team-quarter,2021-22,9840,optimization,LOOSE_BALL_FOUL_DRAWN,4,FTM,4,Geom,12888.870743084195,-6435.241160552051,[0.01970546367296779],"{""p"": 0.8404763353656229}",2,True,optimizer_converged_lbfgsb,29,110,2,-6440.964051540293,5.722890988242398,0.21362599998246878,"{""binomial_discrete_residual_mean"": null, ""binomial_discrete_residual_variance"": null, ""binomial_h_extension_used"": null, ""binomial_n_candidates"": 0, ""binomial_n_max"": null, ""binomial_n_min"": null, ""binomial_n_policy"": null, ""binomial_n_tie_break"": null, ""certified_profiles"": 1, ""optimizer_powell_attempted"": false, ""optimizer_powell_success"": false, ""optimizer_primary_failed_starts"": 0, ""optimizer_primary_successful_starts"": 2, ""optimizer_results"": [{""fun"": 6435.241160552051, ""jac"": [-0.001728039933079059, 0.0001818989414600712], ""message"": ""CONVERGENCE: REL_REDUCTION_OF_F_<=_FACTR*EPSMCH"", ""method"": ""L-BFGS-B"", ""nfev"": 51, ""nit"": 13, ""status"": 0, ""success"": true, ""x"": [0.01970546367296779, 1.6617765181945354]}, {""fun"": 6435.241160552093, ""jac"": [0.0, -9.09494707300356e-05], ""message"": ""CONVERGENCE: REL_REDUCTION_OF_F_<=_FACTR*EPSMCH"", ""method"": ""L-BFGS-B"", ""nfev"": 57, ""nit"": 16, ""status"": 0, ""success"": true, ""x"": [0.01970545187645304, 1.661776044750204]}], ""solver_path"": ""general_convolution"", ""uncertified_profiles"": 0}"
foul_leaves_5_team,team-quarter,2021-22,9840,optimization,LOOSE_BALL_FOUL_DRAWN,4,FTM,4,Binomial,12801.195746460106,-6391.403662240006,[0.013921517625454698],"{""n"": 100, ""p"": 0.0021412288648328458}",2,True,optimizer_converged_lbfgsb,18,77,2,-6391.403734848558,7.260855181812076e-05,0.11812609998742118,"{""binomial_discrete_residual_mean"": 0.21402915215946294, ""binomial_discrete_residual_variance"": 0.21406518149050802, ""binomial_h_extension_used"": true, ""binomial_n_candidates"": 1, ""binomial_n_max"": 100, ""binomial_n_min"": 100, ""binomial_n_policy"": ""paper_H_binomial_discrete_index_continuous_full_mle"", ""binomial_n_tie_break"": ""not_applicable_single_mom_index"", ""certified_profiles"": 1, ""optimizer_powell_attempted"": false, ""optimizer_powell_success"": false, ""optimizer_primary_failed_starts"": 0, ""optimizer_primary_successful_starts"": 2, ""optimizer_results"": [{""fun"": 6391.403662240006, ""jac"": [0.00036379788071133184, -9.09494707300356e-05], ""message"": ""CONVERGENCE: REL_REDUCTION_OF_F_<=_FACTR*EPSMCH"", ""method"": ""L-BFGS-B"", ""nfev"": 27, ""nit"": 6, ""status"": 0, ""success"": true, ""x"": [0.013921517625454698, -6.144231854282489]}, {""fun"": 6391.403662240031, ""jac"": [0.009276845958138961, 0.0003637978829201424], ""message"": ""CONVERGENCE: REL_REDUCTION_OF_F_<=_FACTR*EPSMCH"", ""method"": ""L-BFGS-B"", ""nfev"": 48, ""nit"": 12, ""status"": 0, ""success"": true, ""x"": [0.0139215213622059, -6.144231658778966]}], ""solver_path"": ""general_convolution"", ""uncertified_profiles"": 0}"
foul_leaves_5_team,team-quarter,2021-22,9840,optimization,LOOSE_BALL_FOUL_DRAWN,4,FTM,4,Bernoulli,inf,-inf,[],{},2,False,infeasible_conditional_support,0,0,0,-inf,0.0,6.3000014051795e-05,"{""binomial_discrete_residual_mean"": null, ""binomial_discrete_residual_variance"": null, ""binomial_h_extension_used"": null, ""binomial_n_candidates"": 0, ""binomial_n_max"": null, ""binomial_n_min"": null, ""binomial_n_policy"": null, ""binomial_n_tie_break"": null, ""certified_profiles"": 0, ""solver_path"": ""conditional_support_check"", ""support_violating_rows"": 14, ""uncertified_profiles"": 0}"
foul_leaves_5_team,team-quarter,2021-22,9840,optimization,LOOSE_BALL_FOUL_DRAWN,4,FOUL;FTM,5,Poisson,12478.645970566593,-6225.531668798227,"[0.07960167870581396, 0.0]","{""lam"": 0.0}",3,True,poisson_convex_mle,2,8,2,-6225.531668798227,0.0,0.008419499965384603,"{""binomial_discrete_residual_mean"": null, ""binomial_discrete_residual_variance"": null, ""binomial_h_extension_used"": null, ""binomial_n_candidates"": 0, ""binomial_n_max"": null, ""binomial_n_min"": null, ""binomial_n_policy"": null, ""binomial_n_tie_break"": null, ""certified_profiles"": 1, ""optimizer_primary_failed_starts"": 1, ""optimizer_primary_successful_starts"": 1, ""optimizer_results"": [{""fun"": 6954.574146142652, ""jac"": [5050.280063517057, 22065.54243536524, 23699.842401941765], ""message"": ""CONVERGENCE: REL_REDUCTION_OF_F_<=_FACTR*EPSMCH"", ""method"": ""L-BFGS-B"", ""nfev"": 3, ""nit"": 1, ""status"": 0, ""success"": true, ""x"": [0.0, 0.12246412108586763, 0.0]}, {""fun"": 6225.531668798227, ""jac"": [2471.20009771854, 10268.680669792931, 14181.372926064267], ""message"": ""CONVERGENCE: REL_REDUCTION_OF_F_<=_FACTR*EPSMCH"", ""method"": ""L-BFGS-B"", ""nfev"": 3, ""nit"": 1, ""status"": 0, ""success"": true, ""x"": [0.0, 0.07960167870581396, 0.0]}], ""poisson_canonical_agreement_abs"": 0.0, ""solver_path"": ""poisson_convex"", ""uncertified_profiles"": 0}"
foul_leaves_5_team,team-quarter,2021-22,9840,optimization,LOOSE_BALL_FOUL_DRAWN,4,FOUL;FTM,5,NB,12280.085547599154,-6121.654351819484,"[0.06101124054563854, 0.0]","{""p"": 0.9999902496662685, ""r"": 0.9749343844835027}",4,True,optimizer_converged_lbfgsb,12,87,2,-6225.556382136785,103.90203031730107,0.10303709999425337,"{""binomial_discrete_residual_mean"": null, ""binomial_discrete_residual_variance"": null, ""binomial_h_extension_used"": null, ""binomial_n_candidates"": 0, ""binomial_n_max"": null, ""binomial_n_min"": null, ""binomial_n_policy"": null, ""binomial_n_tie_break"": null, ""certified_profiles"": 1, ""optimizer_powell_attempted"": false, ""optimizer_powell_success"": false, ""optimizer_primary_failed_starts"": 0, ""optimizer_primary_successful_starts"": 2, ""optimizer_results"": [{""fun"": 6121.654351819484, ""jac"": [-0.0015461409927549476, 5895.813137613004, 0.0021827872838893377, -0.002182787103650413], ""message"": ""CONVERGENCE: REL_REDUCTION_OF_F_<=_FACTR*EPSMCH"", ""method"": ""L-BFGS-B"", ""nfev"": 45, ""nit"": 6, ""status"": 0, ""success"": true, ""x"": [0.06101124054563854, 0.0, -0.02538510821453787, 11.538199294273598]}, {""fun"": 6121.654437570176, ""jac"": [-0.0010913936419446688, 5895.808590139495, 0.002091837814090158, -0.0022737365663025137], ""message"": ""CONVERGENCE: REL_REDUCTION_OF_F_<=_FACTR*EPSMCH"", ""method"": ""L-BFGS-B"", ""nfev"": 40, ""nit"": 6, ""status"": 0, ""success"": true, ""x"": [0.0610111583787154, 0.0, -0.00580876582908821, 11.518692989919602]}], ""solver_path"": ""general_convolution"", ""uncertified_profiles"": 0}"
foul_leaves_5_team,team-quarter,2021-22,9840,optimization,LOOSE_BALL_FOUL_DRAWN,4,FOUL;FTM,5,ZIP,12280.081245679987,-6121.6522008599,"[0.06101332105563355, 0.0]","{""lam"": 9.999999999999996e-11, ""rho"": 1.0000000000000007e-09}",4,True,optimizer_converged_lbfgsb,12,87,2,-6225.5316690453465,103.87946818544606,0.07743979996303096,"{""binomial_discrete_residual_mean"": null, ""binomial_discrete_residual_variance"": null, ""binomial_h_extension_used"": null, ""binomial_n_candidates"": 0, ""binomial_n_max"": null, ""binomial_n_min"": null, ""binomial_n_policy"": null, ""binomial_n_tie_break"": null, ""certified_profiles"": 1, ""optimizer_powell_attempted"": false, ""optimizer_powell_success"": false, ""optimizer_primary_failed_starts"": 0, ""optimizer_primary_successful_starts"": 2, ""optimizer_results"": [{""fun"": 6121.6522008599, ""jac"": [-9.094947016205573e-05, 5895.938556932379, 0.0, 0.0], ""message"": ""CONVERGENCE: REL_REDUCTION_OF_F_<=_FACTR*EPSMCH"", ""method"": ""L-BFGS-B"", ""nfev"": 45, ""nit"": 6, ""status"": 0, ""success"": true, ""x"": [0.06101332105563355, 0.0, -23.025850929940457, -20.72326583594641]}, {""fun"": 6121.6522008599, ""jac"": [0.0, 5895.938556932379, 0.0, 0.0], ""message"": ""CONVERGENCE: NORM_OF_PROJECTED_GRADIENT_<=_PGTOL"", ""method"": ""L-BFGS-B"", ""nfev"": 40, ""nit"": 6, ""status"": 0, ""success"": true, ""x"": [0.061013321215773776, 0.0, -23.025850929940457, -20.72326583594641]}], ""solver_path"": ""general_convolution"", ""uncertified_profiles"": 0}"
foul_leaves_5_team,team-quarter,2021-22,9840,optimization,LOOSE_BALL_FOUL_DRAWN,4,FOUL;FTM,5,Geom,12270.88703509711,-6121.652201063485,"[0.06101332095423195, 0.0]","{""p"": 0.9999999990000412}",3,True,optimizer_converged_lbfgsb,12,70,2,-6225.5316712694275,103.8794702059422,10.597650300012901,"{""binomial_discrete_residual_mean"": null, ""binomial_discrete_residual_variance"": null, ""binomial_h_extension_used"": null, ""binomial_n_candidates"": 0, ""binomial_n_max"": null, ""binomial_n_min"": null, ""binomial_n_policy"": null, ""binomial_n_tie_break"": null, ""certified_profiles"": 1, ""optimizer_powell_attempted"": false, ""optimizer_powell_success"": false, ""optimizer_primary_failed_starts"": 0, ""optimizer_primary_successful_starts"": 2, ""optimizer_results"": [{""fun"": 6121.652201063496, ""jac"": [-0.00018189894032411146, 5895.938465982908, 0.0], ""message"": ""CONVERGENCE: REL_REDUCTION_OF_F_<=_FACTR*EPSMCH"", ""method"": ""L-BFGS-B"", ""nfev"": 36, ""nit"": 6, ""status"": 0, ""success"": true, ""x"": [0.0610133206831646, 0.0, 20.723268457055543]}, {""fun"": 6121.652201063485, ""jac"": [0.00018189894032411146, 5895.938738831319, 0.0], ""message"": ""CONVERGENCE: REL_REDUCTION_OF_F_<=_FACTR*EPSMCH"", ""method"": ""L-BFGS-B"", ""nfev"": 32, ""nit"": 6, ""status"": 0, ""success"": true, ""x"": [0.06101332095423195, 0.0, 20.723307031887384]}], ""solver_path"": ""general_convolution"", ""uncertified_profiles"": 0}"
foul_leaves_5_team,team-quarter,2021-22,9840,optimization,LOOSE_BALL_FOUL_DRAWN,4,FOUL;FTM,5,Binomial,12270.887035549566,-6121.652201289713,"[0.06101332063737253, 0.0]","{""n"": 2, ""p"": 1.0000000000741955e-09}",3,True,optimizer_converged_lbfgsb,12,70,2,-6225.5316737406265,103.87947245091345,0.09798129997216165,"{""binomial_discrete_residual_mean"": -0.27461760778759586, ""binomial_discrete_residual_variance"": -0.3280870349723697, ""binomial_h_extension_used"": true, ""binomial_n_candidates"": 1, ""binomial_n_max"": 2, ""binomial_n_min"": 2, ""binomial_n_policy"": ""paper_H_binomial_discrete_index_continuous_full_mle"", ""binomial_n_tie_break"": ""not_applicable_single_mom_index"", ""certified_profiles"": 1, ""optimizer_powell_attempted"": false, ""optimizer_powell_success"": false, ""optimizer_primary_failed_starts"": 0, ""optimizer_primary_successful_starts"": 2, ""optimizer_results"": [{""fun"": 6121.652201289713, ""jac"": [9.094947016205573e-05, 5895.938556932379, 0.0], ""message"": ""CONVERGENCE: REL_REDUCTION_OF_F_<=_FACTR*EPSMCH"", ""method"": ""L-BFGS-B"", ""nfev"": 36, ""nit"": 6, ""status"": 0, ""success"": true, ""x"": [0.06101332063737253, 0.0, -20.723265835872215]}, {""fun"": 6121.652201289713, ""jac"": [-0.00018189894032411146, 5895.938556932379, 0.0], ""message"": ""CONVERGENCE: REL_REDUCTION_OF_F_<=_FACTR*EPSMCH"", ""method"": ""L-BFGS-B"", ""nfev"": 32, ""nit"": 6, ""status"": 0, ""success"": true, ""x"": [0.0610133204086313, 0.0, -20.723265835854694]}], ""solver_path"": ""general_convolution"", ""uncertified_profiles"": 0}"
foul_leaves_5_team,team-quarter,2021-22,9840,optimization,LOOSE_BALL_FOUL_DRAWN,4,FOUL;FTM,5,Bernoulli,12270.88703509713,-6121.652201063495,"[0.06101332103568641, 0.0]","{""p"": 1.0000000000000007e-09}",3,True,optimizer_converged_lbfgsb,12,70,2,-6225.5316712694275,103.8794702059322,0.13775059999898076,"{""binomial_discrete_residual_mean"": null, ""binomial_discrete_residual_variance"": null, ""binomial_h_extension_used"": null, ""binomial_n_candidates"": 0, ""binomial_n_max"": null, ""binomial_n_min"": null, ""binomial_n_policy"": null, ""binomial_n_tie_break"": null, ""certified_profiles"": 1, ""optimizer_powell_attempted"": false, ""optimizer_powell_success"": false, ""optimizer_primary_failed_starts"": 0, ""optimizer_primary_successful_starts"": 2, ""optimizer_results"": [{""fun"": 6121.652201063495, ""jac"": [0.00018189894032411146, 5895.938647881849, 0.0], ""message"": ""CONVERGENCE: REL_REDUCTION_OF_F_<=_FACTR*EPSMCH"", ""method"": ""L-BFGS-B"", ""nfev"": 36, ""nit"": 6, ""status"": 0, ""success"": true, ""x"": [0.06101332103568641, 0.0, -20.72326583594641]}, {""fun"": 6121.652201063496, ""jac"": [0.0, 5895.938556932379, 0.0], ""message"": ""CONVERGENCE: NORM_OF_PROJECTED_GRADIENT_<=_PGTOL"", ""method"": ""L-BFGS-B"", ""nfev"": 32, ""nit"": 6, ""status"": 0, ""success"": true, ""x"": [0.06101332094890052, 0.0, -20.723265835854694]}], ""solver_path"": ""general_convolution"", ""uncertified_profiles"": 0}"
foul_leaves_5_team,team-quarter,2021-22,9840,optimization,LOOSE_BALL_FOUL_DRAWN,4,FTA;FTM,6,Poisson,12784.795882727385,-6378.606624878623,"[0.013550200489915868, 0.0]","{""lam"": 0.1991238446126634}",3,True,poisson_convex_mle,14,22,2,-6383.975290789955,5.368665911331846,0.03643590002320707,"{""binomial_discrete_residual_mean"": null, ""binomial_discrete_residual_variance"": null, ""binomial_h_extension_used"": null, ""binomial_n_candidates"": 0, ""binomial_n_max"": null, ""binomial_n_min"": null, ""binomial_n_policy"": null, ""binomial_n_tie_break"": null, ""certified_profiles"": 1, ""optimizer_primary_failed_starts"": 0, ""optimizer_primary_successful_starts"": 2, ""optimizer_results"": [{""fun"": 6378.606624878623, ""jac"": [-3.436282582924832e-05, -0.00039895773693388037, 539.4890910502874], ""message"": ""CONVERGENCE: REL_REDUCTION_OF_F_<=_FACTR*EPSMCH"", ""method"": ""L-BFGS-B"", ""nfev"": 11, ""nit"": 8, ""status"": 0, ""success"": true, ""x"": [0.1991238446126634, 0.013550200489915868, 0.0]}, {""fun"": 6378.606624878623, ""jac"": [1.6151574101286315e-05, 0.0001269764344442592, 539.4894917983885], ""message"": ""CONVERGENCE: REL_REDUCTION_OF_F_<=_FACTR*EPSMCH"", ""method"": ""L-BFGS-B"", ""nfev"": 9, ""nit"": 6, ""status"": 0, ""success"": true, ""x"": [0.19912384284970774, 0.013550201136557794, 0.0]}], ""poisson_canonical_agreement_abs"": 0.0, ""solver_path"": ""poisson_convex"", ""uncertified_profiles"": 0}"
foul_leaves_5_team,team-quarter,2021-22,9840,optimization,LOOSE_BALL_FOUL_DRAWN,4,FTA;FTM,6,NB,12793.99152560708,-6378.607340823447,"[0.013550138903074714, 0.0]","{""p"": 0.9999892656617121, ""r"": 18550.00695915736}",4,True,optimizer_converged_lbfgsb,13,92,2,-6383.976001771685,5.368660948238357,0.09730079997098073,"{""binomial_discrete_residual_mean"": null, ""binomial_discrete_residual_variance"": null, ""binomial_h_extension_used"": null, ""binomial_n_candidates"": 0, ""binomial_n_max"": null, ""binomial_n_min"": null, ""binomial_n_policy"": null, ""binomial_n_tie_break"": null, ""certified_profiles"": 1, ""optimizer_powell_attempted"": false, ""optimizer_powell_success"": false, ""optimizer_primary_failed_starts"": 0, ""optimizer_primary_successful_starts"": 2, ""optimizer_results"": [{""fun"": 6378.607487479037, ""jac"": [-0.0009094947017783295, 539.4874278863426, -0.0004547473132605027, -0.0007275957012168043], ""message"": ""CONVERGENCE: REL_REDUCTION_OF_F_<=_FACTR*EPSMCH"", ""method"": ""L-BFGS-B"", ""nfev"": 50, ""nit"": 7, ""status"": 0, ""success"": true, ""x"": [0.013550152379481912, 0.0, 9.641916186864334, 11.25574299386905]}, {""fun"": 6378.607340823447, ""jac"": [-0.010913936421339955, 539.4798790803179, -0.00027284838795630165, -0.00027284838795630165], ""message"": ""CONVERGENCE: REL_REDUCTION_OF_F_<=_FACTR*EPSMCH"", ""method"": ""L-BFGS-B"", ""nfev"": 40, ""nit"": 6, ""status"": 0, ""success"": true, ""x"": [0.013550138903074714, 0.0, 9.828225443192242, 11.442052034766615]}], ""solver_path"": ""general_convolution"", ""uncertified_profiles"": 0}"
foul_leaves_5_team,team-quarter,2021-22,9840,optimization,LOOSE_BALL_FOUL_DRAWN,4,FTA;FTM,6,ZIP,12793.99009373961,-6378.606624889712,"[0.01355018321436481, 0.0]","{""lam"": 0.19912392795304112, ""rho"": 1.0000000009251096e-09}",4,True,optimizer_converged_lbfgsb,13,92,2,-6383.975290826603,5.368665936890466,0.07133250002516434,"{""binomial_discrete_residual_mean"": null, ""binomial_discrete_residual_variance"": null, ""binomial_h_extension_used"": null, ""binomial_n_candidates"": 0, ""binomial_n_max"": null, ""binomial_n_min"": null, ""binomial_n_policy"": null, ""binomial_n_tie_break"": null, ""certified_profiles"": 1, ""optimizer_powell_attempted"": false, ""optimizer_powell_success"": false, ""optimizer_primary_failed_starts"": 0, ""optimizer_primary_successful_starts"": 2, ""optimizer_results"": [{""fun"": 6378.606624889712, ""jac"": [-0.0015461409930231603, 539.4873369368725, -9.09494707300356e-05, 0.0], ""message"": ""CONVERGENCE: REL_REDUCTION_OF_F_<=_FACTR*EPSMCH"", ""method"": ""L-BFGS-B"", ""nfev"": 50, ""nit"": 7, ""status"": 0, ""success"": true, ""x"": [0.01355018321436481, 0.0, -1.6138278945552877, -20.7232658350213]}, {""fun"": 6378.606624890202, ""jac"": [-0.017371348803966093, 539.4751497078687, -0.00027284841219010677, 0.0], ""message"": ""CONVERGENCE: REL_REDUCTION_OF_F_<=_FACTR*EPSMCH"", ""method"": ""L-BFGS-B"", ""nfev"": 40, ""nit"": 6, ""status"": 0, ""success"": true, ""x"": [0.01355015053367591, 0.0, -1.613827147559285, -20.72326583594641]}], ""solver_path"": ""general_convolution"", ""uncertified_profiles"": 0}"
foul_leaves_5_team,team-quarter,2021-22,9840,optimization,LOOSE_BALL_FOUL_DRAWN,4,FTA;FTM,6,Geom,12859.18906768089,-6415.803217355376,"[0.017955508091870534, 0.0]","{""p"": 0.8509076821419268}",3,True,optimizer_converged_lbfgsb,12,66,2,-6415.85655468282,0.05333732744475128,0.16203000000678003,"{""binomial_discrete_residual_mean"": null, ""binomial_discrete_residual_variance"": null, ""binomial_h_extension_used"": null, ""binomial_n_candidates"": 0, ""binomial_n_max"": null, ""binomial_n_min"": null, ""binomial_n_policy"": null, ""binomial_n_tie_break"": null, ""certified_profiles"": 1, ""optimizer_powell_attempted"": false, ""optimizer_powell_success"": false, ""optimizer_primary_failed_starts"": 0, ""optimizer_primary_successful_starts"": 2, ""optimizer_results"": [{""fun"": 6415.803217355509, ""jac"": [-0.0003637978806482229, 518.6888301977888, 0.0], ""message"": ""CONVERGENCE: REL_REDUCTION_OF_F_<=_FACTR*EPSMCH"", ""method"": ""L-BFGS-B"", ""nfev"": 40, ""nit"": 8, ""status"": 0, ""success"": true, ""x"": [0.01795548915055713, 0.0, 1.7417371171262863]}, {""fun"": 6415.803217355376, ""jac"": [-9.094947016205573e-05, 518.6890120967291, 9.09494707300356e-05], ""message"": ""CONVERGENCE: REL_REDUCTION_OF_F_<=_FACTR*EPSMCH"", ""method"": ""L-BFGS-B"", ""nfev"": 24, ""nit"": 4, ""status"": 0, ""success"": true, ""x"": [0.017955508091870534, 0.0, 1.741737944046177]}], ""solver_path"": ""general_convolution"", ""uncertified_profiles"": 0}"
foul_leaves_5_team,team-quarter,2021-22,9840,optimization,LOOSE_BALL_FOUL_DRAWN,4,FTA;FTM,6,Binomial,12801.198735055108,-6386.808051042484,"[0.01609365946668334, 0.0]","{""n"": 2, ""p"": 0.09266005477889536}",3,True,optimizer_converged_lbfgsb,13,70,2,-6388.494299249154,1.6862482066699158,0.09733930003130808,"{""binomial_discrete_residual_mean"": 0.11903037176696732, ""binomial_discrete_residual_variance"": 0.11088014117090002, ""binomial_h_extension_used"": false, ""binomial_n_candidates"": 1, ""binomial_n_max"": 2, ""binomial_n_min"": 2, ""binomial_n_policy"": ""paper_H_binomial_discrete_index_continuous_full_mle"", ""binomial_n_tie_break"": ""not_applicable_single_mom_index"", ""certified_profiles"": 1, ""optimizer_powell_attempted"": false, ""optimizer_powell_success"": false, ""optimizer_primary_failed_starts"": 0, ""optimizer_primary_successful_starts"": 2, ""optimizer_results"": [{""fun"": 6386.808051042484, ""jac"": [-0.007094058672640347, 525.1555194263346, -0.0001818989414600712], ""message"": ""CONVERGENCE: REL_REDUCTION_OF_F_<=_FACTR*EPSMCH"", ""method"": ""L-BFGS-B"", ""nfev"": 40, ""nit"": 8, ""status"": 0, ""success"": true, ""x"": [0.01609365946668334, 0.0, -2.2815797105118008]}, {""fun"": 6386.808051042684, ""jac"": [0.020008883435652262, 525.1762559055351, 0.0008185452365703204], ""message"": ""CONVERGENCE: REL_REDUCTION_OF_F_<=_FACTR*EPSMCH"", ""method"": ""L-BFGS-B"", ""nfev"": 28, ""nit"": 5, ""status"": 0, ""success"": true, ""x"": [0.016093662678746328, 0.0, -2.2815789781806015]}], ""solver_path"": ""general_convolution"", ""uncertified_profiles"": 0}"
foul_leaves_5_team,team-quarter,2021-22,9840,optimization,LOOSE_BALL_FOUL_DRAWN,4,FTA;FTM,6,Bernoulli,inf,-inf,[],{},3,False,infeasible_conditional_support,0,0,0,-inf,0.0,6.469996878877282e-05,"{""binomial_discrete_residual_mean"": null, ""binomial_discrete_residual_variance"": null, ""binomial_h_extension_used"": null, ""binomial_n_candidates"": 0, ""binomial_n_max"": null, ""binomial_n_min"": null, ""binomial_n_policy"": null, ""binomial_n_tie_break"": null, ""certified_profiles"": 0, ""solver_path"": ""conditional_support_check"", ""support_violating_rows"": 10, ""uncertified_profiles"": 0}"
foul_leaves_5_team,team-quarter,2021-22,9840,optimization,LOOSE_BALL_FOUL_DRAWN,4,FOUL;FTA;FTM,7,Poisson,12785.084395911843,-6374.1537759758285,"[0.09144245441508737, 0.0, 0.0]","{""lam"": 0.0}",4,True,poisson_convex_mle,2,8,2,-6374.1537759758285,0.0,0.007948200043756515,"{""binomial_discrete_residual_mean"": null, ""binomial_discrete_residual_variance"": null, ""binomial_h_extension_used"": null, ""binomial_n_candidates"": 0, ""binomial_n_max"": null, ""binomial_n_min"": null, ""binomial_n_policy"": null, ""binomial_n_tie_break"": null, ""certified_profiles"": 1, ""optimizer_primary_failed_starts"": 1, ""optimizer_primary_successful_starts"": 1, ""optimizer_results"": [{""fun"": 7383.5657838800325, ""jac"": [5670.495256130822, 24902.44279875051, 33324.50753017784, 25988.83671683573], ""message"": ""CONVERGENCE: REL_REDUCTION_OF_F_<=_FACTR*EPSMCH"", ""method"": ""L-BFGS-B"", ""nfev"": 3, ""nit"": 1, ""status"": 0, ""success"": true, ""x"": [0.0, 0.14068069910013442, 0.0, 0.0]}, {""fun"": 6374.1537759758285, ""jac"": [3425.377317124372, 14633.142767308109, 22513.01158488917, 17702.90264128579], ""message"": ""CONVERGENCE: REL_REDUCTION_OF_F_<=_FACTR*EPSMCH"", ""method"": ""L-BFGS-B"", ""nfev"": 3, ""nit"": 1, ""status"": 0, ""success"": true, ""x"": [0.0, 0.09144245441508737, 0.0, 0.0]}], ""poisson_canonical_agreement_abs"": 0.0, ""solver_path"": ""poisson_convex"", ""uncertified_profiles"": 0}"
foul_leaves_5_team,team-quarter,2021-22,9840,optimization,LOOSE_BALL_FOUL_DRAWN,4,FOUL;FTA;FTM,7,NB,12289.27970081414,-6121.654322931955,"[0.0610112683285259, 0.0, 0.0]","{""p"": 0.999990315787246, ""r"": 0.9684112832708125}",5,True,optimizer_converged_lbfgsb,12,104,2,-6374.188030726503,252.5337077945478,0.14675930002704263,"{""binomial_discrete_residual_mean"": null, ""binomial_discrete_residual_variance"": null, ""binomial_h_extension_used"": null, ""binomial_n_candidates"": 0, ""binomial_n_max"": null, ""binomial_n_min"": null, ""binomial_n_policy"": null, ""binomial_n_tie_break"": null, ""certified_profiles"": 1, ""optimizer_powell_attempted"": false, ""optimizer_powell_success"": false, ""optimizer_primary_failed_starts"": 0, ""optimizer_primary_successful_starts"": 2, ""optimizer_results"": [{""fun"": 6121.654322931955, ""jac"": [-0.0018189894032411148, 7107.102192094317, 5895.814592804527, 0.0020008883435652263, -0.0020918376409983126], ""message"": ""CONVERGENCE: REL_REDUCTION_OF_F_<=_FACTR*EPSMCH"", ""method"": ""L-BFGS-B"", ""nfev"": 60, ""nit"": 7, ""status"": 0, ""success"": true, ""x"": [0.0610112683285259, 0.0, 0.0, -0.032098402529262375, 11.54500386522379]}, {""fun"": 6121.654412686921, ""jac"": [-0.001728039933079059, 7107.095370884053, 5895.809590583667, 0.002091837814090158, -0.002182787103650413], ""message"": ""CONVERGENCE: REL_REDUCTION_OF_F_<=_FACTR*EPSMCH"", ""method"": ""L-BFGS-B"", ""nfev"": 42, ""nit"": 5, ""status"": 0, ""success"": true, ""x"": [0.06101118181739842, 0.0, 0.0, -0.01142068453506914, 11.524265614626527]}], ""solver_path"": ""general_convolution"", ""uncertified_profiles"": 0}"
foul_leaves_5_team,team-quarter,2021-22,9840,optimization,LOOSE_BALL_FOUL_DRAWN,4,FOUL;FTA;FTM,7,ZIP,12289.27545667003,-6121.6522008598995,"[0.06101332093564501, 0.0, 0.0]","{""lam"": 9.999999999999996e-11, ""rho"": 1.0000000000000007e-09}",5,True,optimizer_converged_lbfgsb,12,104,2,-6374.153776318366,252.5015754584665,0.10088530002394691,"{""binomial_discrete_residual_mean"": null, ""binomial_discrete_residual_variance"": null, ""binomial_h_extension_used"": null, ""binomial_n_candidates"": 0, ""binomial_n_max"": null, ""binomial_n_min"": null, ""binomial_n_policy"": null, ""binomial_n_tie_break"": null, ""certified_profiles"": 1, ""optimizer_powell_attempted"": false, ""optimizer_powell_success"": false, ""optimizer_primary_failed_starts"": 0, ""optimizer_primary_successful_starts"": 2, ""optimizer_results"": [{""fun"": 6121.6522008599, ""jac"": [-9.094947016205573e-05, 7107.272722350899, 5895.938556932379, 0.0, 0.0], ""message"": ""CONVERGENCE: REL_REDUCTION_OF_F_<=_FACTR*EPSMCH"", ""method"": ""L-BFGS-B"", ""nfev"": 60, ""nit"": 7, ""status"": 0, ""success"": true, ""x"": [0.06101332100222821, 0.0, 0.0, -23.025850929940457, -20.72326583594641]}, {""fun"": 6121.6522008598995, ""jac"": [0.0, 7107.272722350899, 5895.938556932379, 0.0, 0.0], ""message"": ""CONVERGENCE: NORM_OF_PROJECTED_GRADIENT_<=_PGTOL"", ""method"": ""L-BFGS-B"", ""nfev"": 42, ""nit"": 5, ""status"": 0, ""success"": true, ""x"": [0.06101332093564501, 0.0, 0.0, -23.025850929940457, -20.72326583594641]}], ""solver_path"": ""general_convolution"", ""uncertified_profiles"": 0}"
foul_leaves_5_team,team-quarter,2021-22,9840,optimization,LOOSE_BALL_FOUL_DRAWN,4,FOUL;FTA;FTM,7,Geom,12280.081246087091,-6121.652201063453,"[0.06101332096670283, 0.0, 0.0]","{""p"": 0.9999999990001911}",4,True,optimizer_converged_lbfgsb,12,87,2,-6374.153779401206,252.50157833775302,12.597386499983259,"{""binomial_discrete_residual_mean"": null, ""binomial_discrete_residual_variance"": null, ""binomial_h_extension_used"": null, ""binomial_n_candidates"": 0, ""binomial_n_max"": null, ""binomial_n_min"": null, ""binomial_n_policy"": null, ""binomial_n_tie_break"": null, ""certified_profiles"": 1, ""optimizer_powell_attempted"": false, ""optimizer_powell_success"": false, ""optimizer_primary_failed_starts"": 0, ""optimizer_primary_successful_starts"": 2, ""optimizer_results"": [{""fun"": 6121.652201063453, ""jac"": [0.0, 7107.272813300369, 5895.938556932379, 0.0], ""message"": ""CONVERGENCE: NORM_OF_PROJECTED_GRADIENT_<=_PGTOL"", ""method"": ""L-BFGS-B"", ""nfev"": 50, ""nit"": 7, ""status"": 0, ""success"": true, ""x"": [0.06101332096670283, 0.0, 0.0, 20.723456908790165]}, {""fun"": 6121.652201063494, ""jac"": [9.094947016205573e-05, 7107.2729042498395, 5895.938647881849, 9.094946265210054e-05], ""message"": ""CONVERGENCE: REL_REDUCTION_OF_F_<=_FACTR*EPSMCH"", ""method"": ""L-BFGS-B"", ""nfev"": 35, ""nit"": 5, ""status"": 0, ""success"": true, ""x"": [0.06101332085931561, 0.0, 0.0, 20.723265864405448]}], ""solver_path"": ""general_convolution"", ""uncertified_profiles"": 0}"
foul_leaves_5_team,team-quarter,2021-22,9840,optimization,LOOSE_BALL_FOUL_DRAWN,4,FOUL;FTA;FTM,7,Binomial,12280.08124653961,-6121.652201289712,"[0.06101332063423054, 0.0, 0.0]","{""n"": 2, ""p"": 1.0000000000000007e-09}",4,True,optimizer_converged_lbfgsb,11,82,2,-6374.153782826583,252.50158153687062,0.11148690001573414,"{""binomial_discrete_residual_mean"": -0.35602571770623076, ""binomial_discrete_residual_variance"": -0.4271196483999329, ""binomial_h_extension_used"": true, ""binomial_n_candidates"": 1, ""binomial_n_max"": 2, ""binomial_n_min"": 2, ""binomial_n_policy"": ""paper_H_binomial_discrete_index_continuous_full_mle"", ""binomial_n_tie_break"": ""not_applicable_single_mom_index"", ""certified_profiles"": 1, ""optimizer_powell_attempted"": false, ""optimizer_powell_success"": false, ""optimizer_primary_failed_starts"": 0, ""optimizer_primary_successful_starts"": 2, ""optimizer_results"": [{""fun"": 6121.652201289712, ""jac"": [9.094947016205573e-05, 7107.272813300369, 5895.938647881849, 0.0], ""message"": ""CONVERGENCE: REL_REDUCTION_OF_F_<=_FACTR*EPSMCH"", ""method"": ""L-BFGS-B"", ""nfev"": 50, ""nit"": 7, ""status"": 0, ""success"": true, ""x"": [0.06101332063423054, 0.0, 0.0, -20.72326583594641]}, {""fun"": 6121.652201289714, ""jac"": [-9.094947016205573e-05, 7107.272631401429, 5895.938465982908, -9.094946265210054e-05], ""message"": ""CONVERGENCE: REL_REDUCTION_OF_F_<=_FACTR*EPSMCH"", ""method"": ""L-BFGS-B"", ""nfev"": 30, ""nit"": 4, ""status"": 0, ""success"": true, ""x"": [0.06101332051160541, 0.0, 0.0, -20.72326583594641]}], ""solver_path"": ""general_convolution"", ""uncertified_profiles"": 0}"
foul_leaves_5_team,team-quarter,2021-22,9840,optimization,LOOSE_BALL_FOUL_DRAWN,4,FOUL;FTA;FTM,7,Bernoulli,12280.081246087177,-6121.652201063495,"[0.06101332080478672, 0.0, 0.0]","{""p"": 1.000000000045788e-09}",4,True,optimizer_converged_lbfgsb,11,82,2,-6374.153779401205,252.50157833770936,0.11746209999546409,"{""binomial_discrete_residual_mean"": null, ""binomial_discrete_residual_variance"": null, ""binomial_h_extension_used"": null, ""binomial_n_candidates"": 0, ""binomial_n_max"": null, ""binomial_n_min"": null, ""binomial_n_policy"": null, ""binomial_n_tie_break"": null, ""certified_profiles"": 1, ""optimizer_powell_attempted"": false, ""optimizer_powell_success"": false, ""optimizer_primary_failed_starts"": 0, ""optimizer_primary_successful_starts"": 2, ""optimizer_results"": [{""fun"": 6121.652201063496, ""jac"": [0.0, 7107.272722350899, 5895.938556932379, 0.0], ""message"": ""CONVERGENCE: NORM_OF_PROJECTED_GRADIENT_<=_PGTOL"", ""method"": ""L-BFGS-B"", ""nfev"": 50, ""nit"": 7, ""status"": 0, ""success"": true, ""x"": [0.06101332083152837, 0.0, 0.0, -20.723265835900776]}, {""fun"": 6121.652201063495, ""jac"": [0.0, 7107.272722350899, 5895.938647881849, 0.0], ""message"": ""CONVERGENCE: NORM_OF_PROJECTED_GRADIENT_<=_PGTOL"", ""method"": ""L-BFGS-B"", ""nfev"": 30, ""nit"": 4, ""status"": 0, ""success"": true, ""x"": [0.06101332080478672, 0.0, 0.0, -20.723265835900623]}], ""solver_path"": ""general_convolution"", ""uncertified_profiles"": 0}"
foul_leaves_5_team,team-quarter,2021-22,9840,optimization,LOOSE_BALL_FOUL_DRAWN,4,PERS_FOUL_DRAWN,8,Poisson,12858.930889898646,-6420.271233959276,[0.0],"{""lam"": 0.27266260162601624}",2,True,poisson_convex_mle,0,4,2,-6420.271233959276,0.0,0.009480200009420514,"{""binomial_discrete_residual_mean"": null, ""binomial_discrete_residual_variance"": null, ""binomial_h_extension_used"": null, ""binomial_n_candidates"": 0, ""binomial_n_max"": null, ""binomial_n_min"": null, ""binomial_n_policy"": null, ""binomial_n_tie_break"": null, ""certified_profiles"": 1, ""optimizer_primary_failed_starts"": 0, ""optimizer_primary_successful_starts"": 2, ""optimizer_results"": [{""fun"": 6420.271233959276, ""jac"": [1.738165167353145e-12, 583.9481923220303], ""message"": ""CONVERGENCE: NORM_OF_PROJECTED_GRADIENT_<=_PGTOL"", ""method"": ""L-BFGS-B"", ""nfev"": 1, ""nit"": 0, ""status"": 0, ""success"": true, ""x"": [0.27266260162601624, 0.0]}, {""fun"": 6420.271233959276, ""jac"": [1.738165167353145e-12, 583.9481923220303], ""message"": ""CONVERGENCE: NORM_OF_PROJECTED_GRADIENT_<=_PGTOL"", ""method"": ""L-BFGS-B"", ""nfev"": 1, ""nit"": 0, ""status"": 0, ""success"": true, ""x"": [0.27266260162601624, 0.0]}], ""poisson_canonical_agreement_abs"": 0.0, ""solver_path"": ""poisson_convex"", ""uncertified_profiles"": 0}"
foul_leaves_5_team,team-quarter,2021-22,9840,optimization,LOOSE_BALL_FOUL_DRAWN,4,PERS_FOUL_DRAWN,8,NB,12867.938000780881,-6420.177683905371,[0.0],"{""p"": 0.9939075505210329, ""r"": 44.48145106061222}",3,True,optimizer_converged_lbfgsb,2,26,2,-6420.177683908743,3.372406354174018e-09,0.026336600014474243,"{""binomial_discrete_residual_mean"": null, ""binomial_discrete_residual_variance"": null, ""binomial_h_extension_used"": null, ""binomial_n_candidates"": 0, ""binomial_n_max"": null, ""binomial_n_min"": null, ""binomial_n_policy"": null, ""binomial_n_tie_break"": null, ""certified_profiles"": 1, ""optimizer_powell_attempted"": false, ""optimizer_powell_success"": false, ""optimizer_primary_failed_starts"": 0, ""optimizer_primary_successful_starts"": 2, ""optimizer_results"": [{""fun"": 6420.177683905371, ""jac"": [583.7649950990453, -9.09494707300356e-05, 0.004001776712121566], ""message"": ""CONVERGENCE: REL_REDUCTION_OF_F_<=_FACTR*EPSMCH"", ""method"": ""L-BFGS-B"", ""nfev"": 12, ""nit"": 1, ""status"": 0, ""success"": true, ""x"": [0.0, 3.7950722721757786, 5.094593980656194]}, {""fun"": 6420.177683905371, ""jac"": [583.7649950990453, -9.09494707300356e-05, 0.004001776712121566], ""message"": ""CONVERGENCE: REL_REDUCTION_OF_F_<=_FACTR*EPSMCH"", ""method"": ""L-BFGS-B"", ""nfev"": 12, ""nit"": 1, ""status"": 0, ""success"": true, ""x"": [0.0, 3.7950722721757786, 5.094593980656194]}], ""solver_path"": ""general_convolution"", ""uncertified_profiles"": 0}"
foul_leaves_5_team,team-quarter,2021-22,9840,optimization,LOOSE_BALL_FOUL_DRAWN,4,PERS_FOUL_DRAWN,8,ZIP,12867.670403099466,-6420.043885064663,[0.0],"{""lam"": 0.2818945890983778, ""rho"": 0.0327528357239122}",3,True,optimizer_converged_lbfgsb,16,138,2,-6420.069262063216,0.025376998552928853,0.1147229999769479,"{""binomial_discrete_residual_mean"": null, ""binomial_discrete_residual_variance"": null, ""binomial_h_extension_used"": null, ""binomial_n_candidates"": 0, ""binomial_n_max"": null, ""binomial_n_min"": null, ""binomial_n_policy"": null, ""binomial_n_tie_break"": null, ""certified_profiles"": 1, ""optimizer_powell_attempted"": false, ""optimizer_powell_success"": false, ""optimizer_primary_failed_starts"": 0, ""optimizer_primary_successful_starts"": 2, ""optimizer_results"": [{""fun"": 6420.043885064663, ""jac"": [579.3617674498819, -0.008640199719353382, 0.00027284841219010677], ""message"": ""CONVERGENCE: REL_REDUCTION_OF_F_<=_FACTR*EPSMCH"", ""method"": ""L-BFGS-B"", ""nfev"": 68, ""nit"": 8, ""status"": 0, ""success"": true, ""x"": [0.0, -1.2662220754472153, -3.3854645165154724]}, {""fun"": 6420.043885064663, ""jac"": [579.3617674498819, -0.008640199719353382, 0.00027284841219010677], ""message"": ""CONVERGENCE: REL_REDUCTION_OF_F_<=_FACTR*EPSMCH"", ""method"": ""L-BFGS-B"", ""nfev"": 68, ""nit"": 8, ""status"": 0, ""success"": true, ""x"": [0.0, -1.2662220754472153, -3.3854645165154724]}], ""solver_path"": ""general_convolution"", ""uncertified_profiles"": 0}"
foul_leaves_5_team,team-quarter,2021-22,9840,optimization,LOOSE_BALL_FOUL_DRAWN,4,PERS_FOUL_DRAWN,8,Geom,13011.872385692146,-6496.7419818560265,[0.01440055707539604],"{""p"": 0.8020522136467524}",2,True,optimizer_converged_lbfgsb,20,86,2,-6506.048624651846,9.306642795819243,0.15172979998169467,"{""binomial_discrete_residual_mean"": null, ""binomial_discrete_residual_variance"": null, ""binomial_h_extension_used"": null, ""binomial_n_candidates"": 0, ""binomial_n_max"": null, ""binomial_n_min"": null, ""binomial_n_policy"": null, ""binomial_n_tie_break"": null, ""certified_profiles"": 1, ""optimizer_powell_attempted"": false, ""optimizer_powell_success"": false, ""optimizer_primary_failed_starts"": 0, ""optimizer_primary_successful_starts"": 2, ""optimizer_results"": [{""fun"": 6496.7419818560265, ""jac"": [0.0006366462912448307, 0.0], ""message"": ""CONVERGENCE: REL_REDUCTION_OF_F_<=_FACTR*EPSMCH"", ""method"": ""L-BFGS-B"", ""nfev"": 42, ""nit"": 10, ""status"": 0, ""success"": true, ""x"": [0.01440055707539604, 1.3991704194134642]}, {""fun"": 6496.7419818560265, ""jac"": [0.0006366462912448307, 0.0], ""message"": ""CONVERGENCE: REL_REDUCTION_OF_F_<=_FACTR*EPSMCH"", ""method"": ""L-BFGS-B"", ""nfev"": 42, ""nit"": 10, ""status"": 0, ""success"": true, ""x"": [0.01440055707539604, 1.3991704194134642]}], ""solver_path"": ""general_convolution"", ""uncertified_profiles"": 0}"
foul_leaves_5_team,team-quarter,2021-22,9840,optimization,LOOSE_BALL_FOUL_DRAWN,4,PERS_FOUL_DRAWN,8,Binomial,12859.13268010454,-6420.372129062223,[0.0],"{""n"": 100, ""p"": 0.0027266260162601627}",2,True,optimizer_converged_lbfgsb,0,8,2,-6420.372129062223,0.0,0.01321880001341924,"{""binomial_discrete_residual_mean"": 0.27266260162601624, ""binomial_discrete_residual_variance"": 0.2743339674631501, ""binomial_h_extension_used"": true, ""binomial_n_candidates"": 1, ""binomial_n_max"": 100, ""binomial_n_min"": 100, ""binomial_n_policy"": ""paper_H_binomial_discrete_index_continuous_full_mle"", ""binomial_n_tie_break"": ""not_applicable_single_mom_index"", ""certified_profiles"": 1, ""optimizer_powell_attempted"": false, ""optimizer_powell_success"": false, ""optimizer_primary_failed_starts"": 0, ""optimizer_primary_successful_starts"": 2, ""optimizer_results"": [{""fun"": 6420.372129062223, ""jac"": [582.4255822517443, 0.0], ""message"": ""CONVERGENCE: NORM_OF_PROJECTED_GRADIENT_<=_PGTOL"", ""method"": ""L-BFGS-B"", ""nfev"": 3, ""nit"": 0, ""status"": 0, ""success"": true, ""x"": [0.0, -5.901959975576918]}, {""fun"": 6420.372129062223, ""jac"": [582.4255822517443, 0.0], ""message"": ""CONVERGENCE: NORM_OF_PROJECTED_GRADIENT_<=_PGTOL"", ""method"": ""L-BFGS-B"", ""nfev"": 3, ""nit"": 0, ""status"": 0, ""success"": true, ""x"": [0.0, -5.901959975576918]}], ""solver_path"": ""general_convolution"", ""uncertified_profiles"": 0}"
foul_leaves_5_team,team-quarter,2021-22,9840,optimization,LOOSE_BALL_FOUL_DRAWN,4,PERS_FOUL_DRAWN,8,Bernoulli,inf,-inf,[],{},2,False,infeasible_conditional_support,0,0,0,-inf,0.0,0.000269399955868721,"{""binomial_discrete_residual_mean"": null, ""binomial_discrete_residual_variance"": null, ""binomial_h_extension_used"": null, ""binomial_n_candidates"": 0, ""binomial_n_max"": null, ""binomial_n_min"": null, ""binomial_n_policy"": null, ""binomial_n_tie_break"": null, ""certified_profiles"": 0, ""solver_path"": ""conditional_support_check"", ""support_violating_rows"": 57, ""uncertified_profiles"": 0}"
foul_leaves_5_team,team-quarter,2021-22,9840,optimization,LOOSE_BALL_FOUL_DRAWN,4,FOUL;PERS_FOUL_DRAWN,9,Poisson,12325.822098045255,-6149.119732537558,"[0.07016511977434725, 0.0]","{""lam"": 0.0}",3,True,poisson_convex_mle,2,8,2,-6149.119732537558,0.0,0.014553099987097085,"{""binomial_discrete_residual_mean"": null, ""binomial_discrete_residual_variance"": null, ""binomial_h_extension_used"": null, ""binomial_n_candidates"": 0, ""binomial_n_max"": null, ""binomial_n_min"": null, ""binomial_n_policy"": null, ""binomial_n_tie_break"": null, ""certified_profiles"": 1, ""optimizer_primary_failed_starts"": 1, ""optimizer_primary_successful_starts"": 1, ""optimizer_results"": [{""fun"": 6654.72046394612, ""jac"": [4406.107081397128, 19119.057749369076, 9919.271666621604], ""message"": ""CONVERGENCE: REL_REDUCTION_OF_F_<=_FACTR*EPSMCH"", ""method"": ""L-BFGS-B"", ""nfev"": 3, ""nit"": 1, ""status"": 0, ""success"": true, ""x"": [0.0, 0.10794633811438038, 0.0]}, {""fun"": 6149.119732537558, ""jac"": [1480.1647406109694, 5735.627306721704, 5745.264102494739], ""message"": ""CONVERGENCE: REL_REDUCTION_OF_F_<=_FACTR*EPSMCH"", ""method"": ""L-BFGS-B"", ""nfev"": 3, ""nit"": 1, ""status"": 0, ""success"": true, ""x"": [0.0, 0.07016511977434725, 0.0]}], ""poisson_canonical_agreement_abs"": 0.0, ""solver_path"": ""poisson_convex"", ""uncertified_profiles"": 0}"
foul_leaves_5_team,team-quarter,2021-22,9840,optimization,LOOSE_BALL_FOUL_DRAWN,4,FOUL;PERS_FOUL_DRAWN,9,NB,12280.085601198885,-6121.65437861935,"[0.06101121464871063, 0.0]","{""p"": 0.9999901895750422, ""r"": 0.9810324975978703}",4,True,optimizer_converged_lbfgsb,10,82,2,-6149.134535935325,27.480157315975703,0.0950285000144504,"{""binomial_discrete_residual_mean"": null, ""binomial_discrete_residual_variance"": null, ""binomial_h_extension_used"": null, ""binomial_n_candidates"": 0, ""binomial_n_max"": null, ""binomial_n_min"": null, ""binomial_n_policy"": null, ""binomial_n_tie_break"": null, ""certified_profiles"": 1, ""optimizer_powell_attempted"": false, ""optimizer_powell_success"": false, ""optimizer_primary_failed_starts"": 0, ""optimizer_primary_successful_starts"": 2, ""optimizer_results"": [{""fun"": 6121.65437861935, ""jac"": [-0.0016370904629170032, 3956.4085454912856, 0.0020918378137272818, -0.0022737365663025137], ""message"": ""CONVERGENCE: REL_REDUCTION_OF_F_<=_FACTR*EPSMCH"", ""method"": ""L-BFGS-B"", ""nfev"": 45, ""nit"": 6, ""status"": 0, ""success"": true, ""x"": [0.06101121464871063, 0.0, -0.01914969295438045, 11.532055156005757]}, {""fun"": 6121.65445493534, ""jac"": [-0.0003637978806482229, 3956.407726946054, 0.002182787284267991, -0.002182787103650413], ""message"": ""CONVERGENCE: REL_REDUCTION_OF_F_<=_FACTR*EPSMCH"", ""method"": ""L-BFGS-B"", ""nfev"": 35, ""nit"": 4, ""status"": 0, ""success"": true, ""x"": [0.06101114285004558, 0.0, -0.0019322357452585003, 11.514837700566193]}], ""solver_path"": ""general_convolution"", ""uncertified_profiles"": 0}"
foul_leaves_5_team,team-quarter,2021-22,9840,optimization,LOOSE_BALL_FOUL_DRAWN,4,FOUL;PERS_FOUL_DRAWN,9,ZIP,12280.081245679981,-6121.652200859898,"[0.061013321478920295, 0.0]","{""lam"": 9.999999999999996e-11, ""rho"": 1.0000000000000007e-09}",4,True,optimizer_converged_lbfgsb,10,82,2,-6149.1197326855745,27.467531825676815,0.06028680002782494,"{""binomial_discrete_residual_mean"": null, ""binomial_discrete_residual_variance"": null, ""binomial_h_extension_used"": null, ""binomial_n_candidates"": 0, ""binomial_n_max"": null, ""binomial_n_min"": null, ""binomial_n_policy"": null, ""binomial_n_tie_break"": null, ""certified_profiles"": 1, ""optimizer_powell_attempted"": false, ""optimizer_powell_success"": false, ""optimizer_primary_failed_starts"": 0, ""optimizer_primary_successful_starts"": 2, ""optimizer_results"": [{""fun"": 6121.6522008599, ""jac"": [-9.094947016205573e-05, 3956.443197239423, 0.0, 0.0], ""message"": ""CONVERGENCE: REL_REDUCTION_OF_F_<=_FACTR*EPSMCH"", ""method"": ""L-BFGS-B"", ""nfev"": 45, ""nit"": 6, ""status"": 0, ""success"": true, ""x"": [0.061013321020275145, 0.0, -23.025850929940457, -20.72326583594641]}, {""fun"": 6121.652200859898, ""jac"": [0.0003637978806482229, 3956.4432881888933, 0.0, 0.0], ""message"": ""CONVERGENCE: REL_REDUCTION_OF_F_<=_FACTR*EPSMCH"", ""method"": ""L-BFGS-B"", ""nfev"": 35, ""nit"": 4, ""status"": 0, ""success"": true, ""x"": [0.061013321478920295, 0.0, -23.025850929940457, -20.72326583594641]}], ""solver_path"": ""general_convolution"", ""uncertified_profiles"": 0}"
foul_leaves_5_team,team-quarter,2021-22,9840,optimization,LOOSE_BALL_FOUL_DRAWN,4,FOUL;PERS_FOUL_DRAWN,9,Geom,12270.887035097097,-6121.652201063479,"[0.061013320922568046, 0.0]","{""p"": 0.9999999990000712}",3,True,optimizer_converged_lbfgsb,10,66,2,-6149.119734017721,27.467532954242415,9.83970800001407,"{""binomial_discrete_residual_mean"": null, ""binomial_discrete_residual_variance"": null, ""binomial_h_extension_used"": null, ""binomial_n_candidates"": 0, ""binomial_n_max"": null, ""binomial_n_min"": null, ""binomial_n_policy"": null, ""binomial_n_tie_break"": null, ""certified_profiles"": 1, ""optimizer_powell_attempted"": false, ""optimizer_powell_success"": false, ""optimizer_primary_failed_starts"": 0, ""optimizer_primary_successful_starts"": 2, ""optimizer_results"": [{""fun"": 6121.652201063479, ""jac"": [0.0, 3956.4432881888933, 0.0], ""message"": ""CONVERGENCE: NORM_OF_PROJECTED_GRADIENT_<=_PGTOL"", ""method"": ""L-BFGS-B"", ""nfev"": 36, ""nit"": 6, ""status"": 0, ""success"": true, ""x"": [0.061013320922568046, 0.0, 20.723337080233552]}, {""fun"": 6121.652201063494, ""jac"": [0.0002728484104861672, 3956.4432881888933, 0.0], ""message"": ""CONVERGENCE: REL_REDUCTION_OF_F_<=_FACTR*EPSMCH"", ""method"": ""L-BFGS-B"", ""nfev"": 28, ""nit"": 4, ""status"": 0, ""success"": true, ""x"": [0.06101332128735644, 0.0, 20.723265864228342]}], ""solver_path"": ""general_convolution"", ""uncertified_profiles"": 0}"
foul_leaves_5_team,team-quarter,2021-22,9840,optimization,LOOSE_BALL_FOUL_DRAWN,4,FOUL;PERS_FOUL_DRAWN,9,Binomial,12270.88703554956,-6121.65220128971,"[0.06101332126633498, 0.0]","{""n"": 2, ""p"": 1.0000000002387004e-09}",3,True,optimizer_converged_lbfgsb,10,66,2,-6149.119735497887,27.467534208176403,0.08824160002404824,"{""binomial_discrete_residual_mean"": -0.20973905205708976, ""binomial_discrete_residual_variance"": -0.250909820329299, ""binomial_h_extension_used"": true, ""binomial_n_candidates"": 1, ""binomial_n_max"": 2, ""binomial_n_min"": 2, ""binomial_n_policy"": ""paper_H_binomial_discrete_index_continuous_full_mle"", ""binomial_n_tie_break"": ""not_applicable_single_mom_index"", ""certified_profiles"": 1, ""optimizer_powell_attempted"": false, ""optimizer_powell_success"": false, ""optimizer_primary_failed_starts"": 0, ""optimizer_primary_successful_starts"": 2, ""optimizer_results"": [{""fun"": 6121.652201289713, ""jac"": [0.0, 3956.443197239423, 0.0], ""message"": ""CONVERGENCE: NORM_OF_PROJECTED_GRADIENT_<=_PGTOL"", ""method"": ""L-BFGS-B"", ""nfev"": 36, ""nit"": 6, ""status"": 0, ""success"": true, ""x"": [0.06101332074055537, 0.0, -20.723265835974857]}, {""fun"": 6121.65220128971, ""jac"": [0.0004547473508102787, 3956.4432881888933, 0.0], ""message"": ""CONVERGENCE: REL_REDUCTION_OF_F_<=_FACTR*EPSMCH"", ""method"": ""L-BFGS-B"", ""nfev"": 28, ""nit"": 4, ""status"": 0, ""success"": true, ""x"": [0.06101332126633498, 0.0, -20.72326583570771]}], ""solver_path"": ""general_convolution"", ""uncertified_profiles"": 0}"
foul_leaves_5_team,team-quarter,2021-22,9840,optimization,LOOSE_BALL_FOUL_DRAWN,4,FOUL;PERS_FOUL_DRAWN,9,Bernoulli,12270.887035097126,-6121.6522010634935,"[0.06101332140664928, 0.0]","{""p"": 9.999999998619387e-10}",3,True,optimizer_converged_lbfgsb,10,66,2,-6149.119734017722,27.467532954228773,0.09714540001004934,"{""binomial_discrete_residual_mean"": null, ""binomial_discrete_residual_variance"": null, ""binomial_h_extension_used"": null, ""binomial_n_candidates"": 0, ""binomial_n_max"": null, ""binomial_n_min"": null, ""binomial_n_policy"": null, ""binomial_n_tie_break"": null, ""certified_profiles"": 1, ""optimizer_powell_attempted"": false, ""optimizer_powell_success"": false, ""optimizer_primary_failed_starts"": 0, ""optimizer_primary_successful_starts"": 2, ""optimizer_results"": [{""fun"": 6121.652201063496, ""jac"": [-0.00018189894032411146, 3956.443106289953, 0.0], ""message"": ""CONVERGENCE: REL_REDUCTION_OF_F_<=_FACTR*EPSMCH"", ""method"": ""L-BFGS-B"", ""nfev"": 36, ""nit"": 6, ""status"": 0, ""success"": true, ""x"": [0.06101332080216131, 0.0, -20.723265835847002]}, {""fun"": 6121.6522010634935, ""jac"": [0.0003637978806482229, 3956.4433791383635, 0.0], ""message"": ""CONVERGENCE: REL_REDUCTION_OF_F_<=_FACTR*EPSMCH"", ""method"": ""L-BFGS-B"", ""nfev"": 28, ""nit"": 4, ""status"": 0, ""success"": true, ""x"": [0.06101332140664928, 0.0, -20.723265836084472]}], ""solver_path"": ""general_convolution"", ""uncertified_profiles"": 0}"
foul_leaves_5_team,team-quarter,2021-22,9840,optimization,LOOSE_BALL_FOUL_DRAWN,4,FTA;PERS_FOUL_DRAWN,10,Poisson,12784.795882727396,-6378.606624878628,"[0.013550205246302644, 0.0]","{""lam"": 0.19912381811484328}",3,True,poisson_convex_mle,11,21,2,-6379.8462520976345,1.2396272190062518,0.027866499964147806,"{""binomial_discrete_residual_mean"": null, ""binomial_discrete_residual_variance"": null, ""binomial_h_extension_used"": null, ""binomial_n_candidates"": 0, ""binomial_n_max"": null, ""binomial_n_min"": null, ""binomial_n_policy"": null, ""binomial_n_tie_break"": null, ""certified_profiles"": 1, ""optimizer_primary_failed_starts"": 0, ""optimizer_primary_successful_starts"": 2, ""optimizer_results"": [{""fun"": 6378.606624878628, ""jac"": [-0.00016612294028561791, 0.0010403822194575696, 1136.6093626243473], ""message"": ""CONVERGENCE: REL_REDUCTION_OF_F_<=_FACTR*EPSMCH"", ""method"": ""L-BFGS-B"", ""nfev"": 8, ""nit"": 5, ""status"": 0, ""success"": true, ""x"": [0.19912381811484328, 0.013550205246302644, 0.0]}, {""fun"": 6378.60662487865, ""jac"": [-0.0009474034328178504, -0.0009479110329948526, 1136.6082379352497], ""message"": ""CONVERGENCE: REL_REDUCTION_OF_F_<=_FACTR*EPSMCH"", ""method"": ""L-BFGS-B"", ""nfev"": 11, ""nit"": 6, ""status"": 0, ""success"": true, ""x"": [0.19912377739581522, 0.013550209331502645, 0.0]}], ""poisson_canonical_agreement_abs"": 0.0, ""solver_path"": ""poisson_convex"", ""uncertified_profiles"": 0}"
foul_leaves_5_team,team-quarter,2021-22,9840,optimization,LOOSE_BALL_FOUL_DRAWN,4,FTA;PERS_FOUL_DRAWN,10,NB,12793.991472327069,-6378.607314183441,"[0.013550194131333008, 0.0]","{""p"": 0.9999896650061528, ""r"": 19266.76524361945}",4,True,optimizer_converged_lbfgsb,17,117,2,-6379.846953330642,1.2396391472002506,0.1336449999944307,"{""binomial_discrete_residual_mean"": null, ""binomial_discrete_residual_variance"": null, ""binomial_h_extension_used"": null, ""binomial_n_candidates"": 0, ""binomial_n_max"": null, ""binomial_n_min"": null, ""binomial_n_policy"": null, ""binomial_n_tie_break"": null, ""certified_profiles"": 1, ""optimizer_powell_attempted"": false, ""optimizer_powell_success"": false, ""optimizer_primary_failed_starts"": 0, ""optimizer_primary_successful_starts"": 2, ""optimizer_results"": [{""fun"": 6378.607314183441, ""jac"": [0.019826984498767585, 1136.593800765695, -0.00027284838795630165, -9.094946265210054e-05], ""message"": ""CONVERGENCE: REL_REDUCTION_OF_F_<=_FACTR*EPSMCH"", ""method"": ""L-BFGS-B"", ""nfev"": 35, ""nit"": 5, ""status"": 0, ""success"": true, ""x"": [0.013550194131333008, 0.0, 9.866136882430107, 11.479964625118862]}, {""fun"": 6378.717076569019, ""jac"": [-0.09358700481299011, 1133.5780072840862, -0.057480065501382495, -0.056206772911161995], ""message"": ""CONVERGENCE: REL_REDUCTION_OF_F_<=_FACTR*EPSMCH"", ""method"": ""L-BFGS-B"", ""nfev"": 80, ""nit"": 12, ""status"": 0, ""success"": true, ""x"": [0.013546731228889228, 0.0, 4.817855267345523, 6.431560986148777]}], ""solver_path"": ""general_convolution"", ""uncertified_profiles"": 0}"
foul_leaves_5_team,team-quarter,2021-22,9840,optimization,LOOSE_BALL_FOUL_DRAWN,4,FTA;PERS_FOUL_DRAWN,10,ZIP,12793.990093739876,-6378.606624889845,"[0.013550213754394178, 0.0]","{""lam"": 0.19912387612099663, ""rho"": 9.999999999658875e-10}",4,True,optimizer_converged_lbfgsb,18,122,2,-6379.846252120289,1.2396272304440572,0.11264619999565184,"{""binomial_discrete_residual_mean"": null, ""binomial_discrete_residual_variance"": null, ""binomial_h_extension_used"": null, ""binomial_n_candidates"": 0, ""binomial_n_max"": null, ""binomial_n_min"": null, ""binomial_n_policy"": null, ""binomial_n_tie_break"": null, ""certified_profiles"": 1, ""optimizer_powell_attempted"": false, ""optimizer_powell_success"": false, ""optimizer_primary_failed_starts"": 0, ""optimizer_primary_successful_starts"": 2, ""optimizer_results"": [{""fun"": 6378.606624889845, ""jac"": [0.028830982046373046, 1136.616356234299, 0.0006366462951102491, 0.0], ""message"": ""CONVERGENCE: REL_REDUCTION_OF_F_<=_FACTR*EPSMCH"", ""method"": ""L-BFGS-B"", ""nfev"": 35, ""nit"": 5, ""status"": 0, ""success"": true, ""x"": [0.013550213754394178, 0.0, -1.6138281548557538, -20.723265835980524]}, {""fun"": 6378.695406581367, ""jac"": [-0.012460077414363115, 1133.4476766933221, 0.0007275957658402848, 0.09194991490806598], ""message"": ""CONVERGENCE: REL_REDUCTION_OF_F_<=_FACTR*EPSMCH"", ""method"": ""L-BFGS-B"", ""nfev"": 85, ""nit"": 13, ""status"": 0, ""success"": true, ""x"": [0.01354755274996807, 0.0, -1.606039609144833, -4.859335366291272]}], ""solver_path"": ""general_convolution"", ""uncertified_profiles"": 0}"
foul_leaves_5_team,team-quarter,2021-22,9840,optimization,LOOSE_BALL_FOUL_DRAWN,4,FTA;PERS_FOUL_DRAWN,10,Geom,12859.189067680863,-6415.803217355362,"[0.017955510456205095, 0.0]","{""p"": 0.8509076662852068}",3,True,optimizer_converged_lbfgsb,25,138,2,-6416.945588444616,1.142371089254084,0.2955175000242889,"{""binomial_discrete_residual_mean"": null, ""binomial_discrete_residual_variance"": null, ""binomial_h_extension_used"": null, ""binomial_n_candidates"": 0, ""binomial_n_max"": null, ""binomial_n_min"": null, ""binomial_n_policy"": null, ""binomial_n_tie_break"": null, ""certified_profiles"": 1, ""optimizer_powell_attempted"": false, ""optimizer_powell_success"": false, ""optimizer_primary_failed_starts"": 0, ""optimizer_primary_successful_starts"": 2, ""optimizer_results"": [{""fun"": 6415.803217355378, ""jac"": [0.00618456397101979, 333.14063330180943, -9.09494707300356e-05], ""message"": ""CONVERGENCE: REL_REDUCTION_OF_F_<=_FACTR*EPSMCH"", ""method"": ""L-BFGS-B"", ""nfev"": 64, ""nit"": 11, ""status"": 0, ""success"": true, ""x"": [0.01795550542324319, 0.0, 1.7417375982162449]}, {""fun"": 6415.803217355362, ""jac"": [0.00618456397101979, 333.13981475657783, 0.0], ""message"": ""CONVERGENCE: REL_REDUCTION_OF_F_<=_FACTR*EPSMCH"", ""method"": ""L-BFGS-B"", ""nfev"": 72, ""nit"": 14, ""status"": 0, ""success"": true, ""x"": [0.017955510456205095, 0.0, 1.7417378190560726]}], ""solver_path"": ""general_convolution"", ""uncertified_profiles"": 0}"
foul_leaves_5_team,team-quarter,2021-22,9840,optimization,LOOSE_BALL_FOUL_DRAWN,4,FTA;PERS_FOUL_DRAWN,10,Binomial,12783.859262730875,-6378.138314880368,"[0.01357088751526171, 0.0]","{""n"": 24, ""p"": 0.00829215012438281}",3,True,optimizer_converged_lbfgsb,18,98,2,-6379.370527506788,1.2322126264198232,0.18248359998688102,"{""binomial_discrete_residual_mean"": 0.1864191313427852, ""binomial_discrete_residual_variance"": 0.18499543154067846, ""binomial_h_extension_used"": false, ""binomial_n_candidates"": 1, ""binomial_n_max"": 24, ""binomial_n_min"": 24, ""binomial_n_policy"": ""paper_H_binomial_discrete_index_continuous_full_mle"", ""binomial_n_tie_break"": ""not_applicable_single_mom_index"", ""certified_profiles"": 1, ""optimizer_powell_attempted"": false, ""optimizer_powell_success"": false, ""optimizer_primary_failed_starts"": 0, ""optimizer_primary_successful_starts"": 2, ""optimizer_results"": [{""fun"": 6378.138314880904, ""jac"": [0.04711182555211747, 1151.8748578964733, 0.0012732925902204982], ""message"": ""CONVERGENCE: REL_REDUCTION_OF_F_<=_FACTR*EPSMCH"", ""method"": ""L-BFGS-B"", ""nfev"": 28, ""nit"": 5, ""status"": 0, ""success"": true, ""x"": [0.013570928277487604, 0.0, -4.7841195593202075]}, {""fun"": 6378.138314880368, ""jac"": [0.004365574568535982, 1151.8651263031643, 0.00045474735365017796], ""message"": ""CONVERGENCE: REL_REDUCTION_OF_F_<=_FACTR*EPSMCH"", ""method"": ""L-BFGS-B"", ""nfev"": 68, ""nit"": 13, ""status"": 0, ""success"": true, ""x"": [0.01357088751526171, 0.0, -4.7841192586006205]}], ""solver_path"": ""general_convolution"", ""uncertified_profiles"": 0}"
foul_leaves_5_team,team-quarter,2021-22,9840,optimization,LOOSE_BALL_FOUL_DRAWN,4,FTA;PERS_FOUL_DRAWN,10,Bernoulli,inf,-inf,[],{},3,False,infeasible_conditional_support,0,0,0,-inf,0.0,0.00013880000915378332,"{""binomial_discrete_residual_mean"": null, ""binomial_discrete_residual_variance"": null, ""binomial_h_extension_used"": null, ""binomial_n_candidates"": 0, ""binomial_n_max"": null, ""binomial_n_min"": null, ""binomial_n_policy"": null, ""binomial_n_tie_break"": null, ""certified_profiles"": 0, ""solver_path"": ""conditional_support_check"", ""support_violating_rows"": 2, ""uncertified_profiles"": 0}"
foul_leaves_5_team,team-quarter,2021-22,9840,optimization,LOOSE_BALL_FOUL_DRAWN,4,FOUL;FTA;PERS_FOUL_DRAWN,11,Poisson,20704.285625734894,-10333.754390887354,"[0.24048270897312213, 0.0, 0.0]","{""lam"": 0.0}",4,True,poisson_convex_mle,2,8,2,-10333.754390887354,0.0,0.009152900020126253,"{""binomial_discrete_residual_mean"": null, ""binomial_discrete_residual_variance"": null, ""binomial_h_extension_used"": null, ""binomial_n_candidates"": 0, ""binomial_n_max"": null, ""binomial_n_min"": null, ""binomial_n_policy"": null, ""binomial_n_tie_break"": null, ""certified_profiles"": 1, ""optimizer_primary_failed_starts"": 1, ""optimizer_primary_successful_starts"": 1, ""optimizer_results"": [{""fun"": 14872.18740475657, ""jac"": [8254.5648179747, 36722.12726683519, 45768.24471869381, 15409.294993048858], ""message"": ""CONVERGENCE: REL_REDUCTION_OF_F_<=_FACTR*EPSMCH"", ""method"": ""L-BFGS-B"", ""nfev"": 3, ""nit"": 1, ""status"": 0, ""success"": true, ""x"": [0.0, 0.3699733984201879, 0.0, 0.0]}, {""fun"": 10333.754390887354, ""jac"": [7400.868950730279, 32817.27271820714, 41657.22264414438, 14191.453835459824], ""message"": ""CONVERGENCE: REL_REDUCTION_OF_F_<=_FACTR*EPSMCH"", ""method"": ""L-BFGS-B"", ""nfev"": 3, ""nit"": 1, ""status"": 0, ""success"": true, ""x"": [0.0, 0.24048270897312213, 0.0, 0.0]}], ""poisson_canonical_agreement_abs"": 0.0, ""solver_path"": ""poisson_convex"", ""uncertified_profiles"": 0}"
foul_leaves_5_team,team-quarter,2021-22,9840,optimization,LOOSE_BALL_FOUL_DRAWN,4,FOUL;FTA;PERS_FOUL_DRAWN,11,NB,12289.27940019687,-6121.65417262332,"[0.06101141449674541, 0.0, 0.0]","{""p"": 0.9999906649757032, ""r"": 0.9334924664973069}",5,True,optimizer_converged_lbfgsb,16,152,2,-10333.828399448501,4212.174226825181,0.18229670001892373,"{""binomial_discrete_residual_mean"": null, ""binomial_discrete_residual_variance"": null, ""binomial_h_extension_used"": null, ""binomial_n_candidates"": 0, ""binomial_n_max"": null, ""binomial_n_min"": null, ""binomial_n_policy"": null, ""binomial_n_tie_break"": null, ""certified_profiles"": 1, ""optimizer_powell_attempted"": false, ""optimizer_powell_success"": false, ""optimizer_primary_failed_starts"": 0, ""optimizer_primary_successful_starts"": 2, ""optimizer_results"": [{""fun"": 6121.65417262332, ""jac"": [-0.0009094947016205574, 7107.115015969612, 3956.411910621682, 0.0020008883449536214, -0.0019099387156941113], ""message"": ""CONVERGENCE: REL_REDUCTION_OF_F_<=_FACTR*EPSMCH"", ""method"": ""L-BFGS-B"", ""nfev"": 78, ""nit"": 8, ""status"": 0, ""success"": true, ""x"": [0.06101141449674541, 0.0, 0.0, -0.0688223862018505, 11.581727843150427]}, {""fun"": 6121.654227123727, ""jac"": [-0.0010913936419446688, 7107.110377546633, 3956.4109101775102, 0.0020918378137272818, -0.0020918376409983126], ""message"": ""CONVERGENCE: REL_REDUCTION_OF_F_<=_FACTR*EPSMCH"", ""method"": ""L-BFGS-B"", ""nfev"": 72, ""nit"": 8, ""status"": 0, ""success"": true, ""x"": [0.06101136157738461, 0.0, 0.0, -0.05498913414349318, 11.56830184347354]}], ""solver_path"": ""general_convolution"", ""uncertified_profiles"": 0}"
foul_leaves_5_team,team-quarter,2021-22,9840,optimization,LOOSE_BALL_FOUL_DRAWN,4,FOUL;FTA;PERS_FOUL_DRAWN,11,ZIP,12289.27545667003,-6121.6522008598995,"[0.0610133211730557, 0.0, 0.0]","{""lam"": 9.999999999999996e-11, ""rho"": 1.0000000000000007e-09}",5,True,optimizer_converged_lbfgsb,17,158,2,-10333.754391627443,4212.102190767543,0.14803400001255795,"{""binomial_discrete_residual_mean"": null, ""binomial_discrete_residual_variance"": null, ""binomial_h_extension_used"": null, ""binomial_n_candidates"": 0, ""binomial_n_max"": null, ""binomial_n_min"": null, ""binomial_n_policy"": null, ""binomial_n_tie_break"": null, ""certified_profiles"": 1, ""optimizer_powell_attempted"": false, ""optimizer_powell_success"": false, ""optimizer_primary_failed_starts"": 0, ""optimizer_primary_successful_starts"": 2, ""optimizer_results"": [{""fun"": 6121.6522008598995, ""jac"": [9.094947016205573e-05, 7107.272813300369, 3956.443197239423, 0.0, 0.0], ""message"": ""CONVERGENCE: REL_REDUCTION_OF_F_<=_FACTR*EPSMCH"", ""method"": ""L-BFGS-B"", ""nfev"": 84, ""nit"": 9, ""status"": 0, ""success"": true, ""x"": [0.0610133211730557, 0.0, 0.0, -23.025850929940457, -20.72326583594641]}, {""fun"": 6121.6522008599, ""jac"": [-9.094947016205573e-05, 7107.272631401429, 3956.443197239423, 0.0, 0.0], ""message"": ""CONVERGENCE: REL_REDUCTION_OF_F_<=_FACTR*EPSMCH"", ""method"": ""L-BFGS-B"", ""nfev"": 72, ""nit"": 8, ""status"": 0, ""success"": true, ""x"": [0.06101332088896448, 0.0, 0.0, -23.025850929940457, -20.72326583594641]}], ""solver_path"": ""general_convolution"", ""uncertified_profiles"": 0}"
foul_leaves_5_team,team-quarter,2021-22,9840,optimization,LOOSE_BALL_FOUL_DRAWN,4,FOUL;FTA;PERS_FOUL_DRAWN,11,Geom,12280.081246087158,-6121.652201063486,"[0.06101332065513708, 0.0, 0.0]","{""p"": 0.9999999990000434}",4,True,optimizer_converged_lbfgsb,17,132,2,-10333.754398288225,4212.102197224739,16.051800600020215,"{""binomial_discrete_residual_mean"": null, ""binomial_discrete_residual_variance"": null, ""binomial_h_extension_used"": null, ""binomial_n_candidates"": 0, ""binomial_n_max"": null, ""binomial_n_min"": null, ""binomial_n_policy"": null, ""binomial_n_tie_break"": null, ""certified_profiles"": 1, ""optimizer_powell_attempted"": false, ""optimizer_powell_success"": false, ""optimizer_primary_failed_starts"": 0, ""optimizer_primary_successful_starts"": 2, ""optimizer_results"": [{""fun"": 6121.652201063496, ""jac"": [-9.094947016205573e-05, 7107.272631401429, 3956.443106289953, 0.0], ""message"": ""CONVERGENCE: REL_REDUCTION_OF_F_<=_FACTR*EPSMCH"", ""method"": ""L-BFGS-B"", ""nfev"": 70, ""nit"": 9, ""status"": 0, ""success"": true, ""x"": [0.06101332072508457, 0.0, 0.0, 20.723265867943354]}, {""fun"": 6121.652201063486, ""jac"": [-9.094947016205573e-05, 7107.272722350899, 3956.443197239423, 0.0], ""message"": ""CONVERGENCE: REL_REDUCTION_OF_F_<=_FACTR*EPSMCH"", ""method"": ""L-BFGS-B"", ""nfev"": 60, ""nit"": 8, ""status"": 0, ""success"": true, ""x"": [0.06101332065513708, 0.0, 0.0, 20.72330932723651]}], ""solver_path"": ""general_convolution"", ""uncertified_profiles"": 0}"
foul_leaves_5_team,team-quarter,2021-22,9840,optimization,LOOSE_BALL_FOUL_DRAWN,4,FOUL;FTA;PERS_FOUL_DRAWN,11,Binomial,12280.08124653961,-6121.652201289712,"[0.061013320680103615, 0.0, 0.0]","{""n"": 2, ""p"": 1.0000000000000007e-09}",4,True,optimizer_converged_lbfgsb,15,127,2,-10333.754405689093,4212.102204399381,0.1964651999878697,"{""binomial_discrete_residual_mean"": -1.3807124209481039, ""binomial_discrete_residual_variance"": -1.8823055191006905, ""binomial_h_extension_used"": true, ""binomial_n_candidates"": 1, ""binomial_n_max"": 2, ""binomial_n_min"": 2, ""binomial_n_policy"": ""paper_H_binomial_discrete_index_continuous_full_mle"", ""binomial_n_tie_break"": ""not_applicable_single_mom_index"", ""certified_profiles"": 1, ""optimizer_powell_attempted"": false, ""optimizer_powell_success"": false, ""optimizer_primary_failed_starts"": 0, ""optimizer_primary_successful_starts"": 2, ""optimizer_results"": [{""fun"": 6121.652201289712, ""jac"": [9.094947016205573e-05, 7107.272813300369, 3956.4432881888933, 0.0], ""message"": ""CONVERGENCE: REL_REDUCTION_OF_F_<=_FACTR*EPSMCH"", ""method"": ""L-BFGS-B"", ""nfev"": 60, ""nit"": 7, ""status"": 0, ""success"": true, ""x"": [0.061013320680103615, 0.0, 0.0, -20.72326583594641]}, {""fun"": 6121.652201289713, ""jac"": [0.0, 7107.272813300369, 3956.443197239423, -9.094946265210054e-05], ""message"": ""CONVERGENCE: REL_REDUCTION_OF_F_<=_FACTR*EPSMCH"", ""method"": ""L-BFGS-B"", ""nfev"": 65, ""nit"": 8, ""status"": 0, ""success"": true, ""x"": [0.06101332065444493, 0.0, 0.0, -20.72326583589058]}], ""solver_path"": ""general_convolution"", ""uncertified_profiles"": 0}"
foul_leaves_5_team,team-quarter,2021-22,9840,optimization,LOOSE_BALL_FOUL_DRAWN,4,FOUL;FTA;PERS_FOUL_DRAWN,11,Bernoulli,12280.081246087175,-6121.652201063494,"[0.061013320914473826, 0.0, 0.0]","{""p"": 1.000000000057711e-09}",4,True,optimizer_converged_lbfgsb,15,127,2,-10333.754398288225,4212.102197224731,0.18042150000110269,"{""binomial_discrete_residual_mean"": null, ""binomial_discrete_residual_variance"": null, ""binomial_h_extension_used"": null, ""binomial_n_candidates"": 0, ""binomial_n_max"": null, ""binomial_n_min"": null, ""binomial_n_policy"": null, ""binomial_n_tie_break"": null, ""certified_profiles"": 1, ""optimizer_powell_attempted"": false, ""optimizer_powell_success"": false, ""optimizer_primary_failed_starts"": 0, ""optimizer_primary_successful_starts"": 2, ""optimizer_results"": [{""fun"": 6121.652201063494, ""jac"": [0.00018189894032411146, 7107.2729042498395, 3956.4432881888933, 0.0], ""message"": ""CONVERGENCE: REL_REDUCTION_OF_F_<=_FACTR*EPSMCH"", ""method"": ""L-BFGS-B"", ""nfev"": 60, ""nit"": 7, ""status"": 0, ""success"": true, ""x"": [0.061013320914473826, 0.0, 0.0, -20.7232658358887]}, {""fun"": 6121.652201063494, ""jac"": [0.00018189894032411146, 7107.27299519931, 3956.4432881888933, 0.0], ""message"": ""CONVERGENCE: REL_REDUCTION_OF_F_<=_FACTR*EPSMCH"", ""method"": ""L-BFGS-B"", ""nfev"": 65, ""nit"": 8, ""status"": 0, ""success"": true, ""x"": [0.061013320908050776, 0.0, 0.0, -20.72326583594641]}], ""solver_path"": ""general_convolution"", ""uncertified_profiles"": 0}"
foul_leaves_5_team,team-quarter,2021-22,9840,optimization,LOOSE_BALL_FOUL_DRAWN,4,FTM;PERS_FOUL_DRAWN,12,Poisson,12810.617660971508,-6391.517514000684,"[0.013909195214495747, 0.0]","{""lam"": 0.2141747179577462}",3,True,poisson_convex_mle,11,21,2,-6391.930717835535,0.41320383485071943,0.023624999972525984,"{""binomial_discrete_residual_mean"": null, ""binomial_discrete_residual_variance"": null, ""binomial_h_extension_used"": null, ""binomial_n_candidates"": 0, ""binomial_n_max"": null, ""binomial_n_min"": null, ""binomial_n_policy"": null, ""binomial_n_tie_break"": null, ""certified_profiles"": 1, ""optimizer_primary_failed_starts"": 0, ""optimizer_primary_successful_starts"": 2, ""optimizer_results"": [{""fun"": 6391.517514000684, ""jac"": [-2.9603240520259533e-05, 0.00010314609960460075, 1023.2096237407891], ""message"": ""CONVERGENCE: REL_REDUCTION_OF_F_<=_FACTR*EPSMCH"", ""method"": ""L-BFGS-B"", ""nfev"": 8, ""nit"": 5, ""status"": 0, ""success"": true, ""x"": [0.2141747179577462, 0.013909195214495747, 0.0]}, {""fun"": 6391.517514000684, ""jac"": [3.9316221815965946e-05, 6.854711591586238e-05, 1023.209707893334], ""message"": ""CONVERGENCE: REL_REDUCTION_OF_F_<=_FACTR*EPSMCH"", ""method"": ""L-BFGS-B"", ""nfev"": 11, ""nit"": 6, ""status"": 0, ""success"": true, ""x"": [0.21417472378090874, 0.013909194174779088, 0.0]}], ""poisson_canonical_agreement_abs"": 0.0, ""solver_path"": ""poisson_convex"", ""uncertified_profiles"": 0}"
foul_leaves_5_team,team-quarter,2021-22,9840,optimization,LOOSE_BALL_FOUL_DRAWN,4,FTM;PERS_FOUL_DRAWN,12,NB,12819.812320709265,-6391.5177383745395,"[0.013908020344970826, 0.0]","{""p"": 0.9999960073387079, ""r"": 53642.336614557506}",4,True,optimizer_converged_lbfgsb,38,242,2,-6391.931317521805,0.4135791472654091,0.26668409997364506,"{""binomial_discrete_residual_mean"": null, ""binomial_discrete_residual_variance"": null, ""binomial_h_extension_used"": null, ""binomial_n_candidates"": 0, ""binomial_n_max"": null, ""binomial_n_min"": null, ""binomial_n_policy"": null, ""binomial_n_tie_break"": null, ""certified_profiles"": 1, ""optimizer_powell_attempted"": false, ""optimizer_powell_success"": false, ""optimizer_primary_failed_starts"": 0, ""optimizer_primary_successful_starts"": 2, ""optimizer_results"": [{""fun"": 6391.518084765878, ""jac"": [0.0030013325158684875, 1023.1939086224884, -0.00036379785060840214, -0.00027284838795630165], ""message"": ""CONVERGENCE: REL_REDUCTION_OF_F_<=_FACTR*EPSMCH"", ""method"": ""L-BFGS-B"", ""nfev"": 35, ""nit"": 5, ""status"": 0, ""success"": true, ""x"": [0.013909120527260307, 0.0, 9.955153479470185, 11.496115037001365]}, {""fun"": 6391.5177383745395, ""jac"": [-0.6973095878534452, 1023.008553602267, -0.020918376409983126, 0.021191224797939428], ""message"": ""CONVERGENCE: REL_REDUCTION_OF_F_<=_FACTR*EPSMCH"", ""method"": ""L-BFGS-B"", ""nfev"": 205, ""nit"": 33, ""status"": 0, ""success"": true, ""x"": [0.013908020344970826, 0.0, 10.890093897493793, 12.431048566248739]}], ""solver_path"": ""general_convolution"", ""uncertified_profiles"": 0}"
foul_leaves_5_team,team-quarter,2021-22,9840,optimization,LOOSE_BALL_FOUL_DRAWN,4,FTM;PERS_FOUL_DRAWN,12,ZIP,12819.811871978844,-6391.517514009329,"[0.013909181218246301, 0.0]","{""lam"": 0.21417478050427982, ""rho"": 1.0000000000000007e-09}",4,True,optimizer_converged_lbfgsb,16,117,2,-6391.930717850581,0.41320384125174314,0.09202189999632537,"{""binomial_discrete_residual_mean"": null, ""binomial_discrete_residual_variance"": null, ""binomial_h_extension_used"": null, ""binomial_n_candidates"": 0, ""binomial_n_max"": null, ""binomial_n_min"": null, ""binomial_n_policy"": null, ""binomial_n_tie_break"": null, ""certified_profiles"": 1, ""optimizer_powell_attempted"": false, ""optimizer_powell_success"": false, ""optimizer_primary_failed_starts"": 0, ""optimizer_primary_successful_starts"": 2, ""optimizer_results"": [{""fun"": 6391.517514009329, ""jac"": [0.0014551915228453274, 1023.2105523755308, 0.0, 0.0], ""message"": ""CONVERGENCE: REL_REDUCTION_OF_F_<=_FACTR*EPSMCH"", ""method"": ""L-BFGS-B"", ""nfev"": 35, ""nit"": 5, ""status"": 0, ""success"": true, ""x"": [0.013909181218246301, 0.0, -1.5409628659754175, -20.72326583594641]}, {""fun"": 6391.6661648775935, ""jac"": [-0.003910827217646817, 1017.2670044994447, 0.0025465851804409964, 0.1656189861993948], ""message"": ""CONVERGENCE: REL_REDUCTION_OF_F_<=_FACTR*EPSMCH"", ""method"": ""L-BFGS-B"", ""nfev"": 80, ""nit"": 11, ""status"": 0, ""success"": true, ""x"": [0.013889359622738729, 0.0, -1.5254363634383077, -4.1819476446344925]}], ""solver_path"": ""general_convolution"", ""uncertified_profiles"": 0}"
foul_leaves_5_team,team-quarter,2021-22,9840,optimization,LOOSE_BALL_FOUL_DRAWN,4,FTM;PERS_FOUL_DRAWN,12,Geom,12898.06495407423,-6435.241160552046,"[0.01970546081217001, 0.0]","{""p"": 0.8404763004274614}",3,True,optimizer_converged_lbfgsb,20,118,2,-6438.151769242688,2.9106086906422206,0.253344000026118,"{""binomial_discrete_residual_mean"": null, ""binomial_discrete_residual_variance"": null, ""binomial_h_extension_used"": null, ""binomial_n_candidates"": 0, ""binomial_n_max"": null, ""binomial_n_min"": null, ""binomial_n_policy"": null, ""binomial_n_tie_break"": null, ""certified_profiles"": 1, ""optimizer_powell_attempted"": false, ""optimizer_powell_success"": false, ""optimizer_primary_failed_starts"": 0, ""optimizer_primary_successful_starts"": 2, ""optimizer_results"": [{""fun"": 6435.241160552046, ""jac"": [0.0019099388734031704, 116.02496670093387, 0.0001818989414600712], ""message"": ""CONVERGENCE: REL_REDUCTION_OF_F_<=_FACTR*EPSMCH"", ""method"": ""L-BFGS-B"", ""nfev"": 56, ""nit"": 10, ""status"": 0, ""success"": true, ""x"": [0.01970546081217001, 0.0, 1.6617762576095414]}, {""fun"": 6435.241160552191, ""jac"": [-0.011550582710581079, 116.01996448007412, 0.00045474735365017796], ""message"": ""CONVERGENCE: REL_REDUCTION_OF_F_<=_FACTR*EPSMCH"", ""method"": ""L-BFGS-B"", ""nfev"": 60, ""nit"": 10, ""status"": 0, ""success"": true, ""x"": [0.019705446028632712, 0.0, 1.6617763664058947]}], ""solver_path"": ""general_convolution"", ""uncertified_profiles"": 0}"
foul_leaves_5_team,team-quarter,2021-22,9840,optimization,LOOSE_BALL_FOUL_DRAWN,4,FTM;PERS_FOUL_DRAWN,12,Binomial,12810.389957450363,-6391.403662240112,"[0.013921498778363567, 0.0]","{""n"": 100, ""p"": 0.0021412300779142203}",3,True,optimizer_converged_lbfgsb,16,90,2,-6391.812211965655,0.4085497255427981,0.13042209995910525,"{""binomial_discrete_residual_mean"": 0.20709520960444533, ""binomial_discrete_residual_variance"": 0.2067215813324642, ""binomial_h_extension_used"": false, ""binomial_n_candidates"": 1, ""binomial_n_max"": 100, ""binomial_n_min"": 100, ""binomial_n_policy"": ""paper_H_binomial_discrete_index_continuous_full_mle"", ""binomial_n_tie_break"": ""not_applicable_single_mom_index"", ""certified_profiles"": 1, ""optimizer_powell_attempted"": false, ""optimizer_powell_success"": false, ""optimizer_primary_failed_starts"": 0, ""optimizer_primary_successful_starts"": 2, ""optimizer_results"": [{""fun"": 6391.403662240112, ""jac"": [0.001909938873734492, 1026.9280210195575, 0.00027284841219010677], ""message"": ""CONVERGENCE: REL_REDUCTION_OF_F_<=_FACTR*EPSMCH"", ""method"": ""L-BFGS-B"", ""nfev"": 28, ""nit"": 5, ""status"": 0, ""success"": true, ""x"": [0.013921498778363567, 0.0, -6.144231286531834]}, {""fun"": 6391.403662240413, ""jac"": [0.02983142621832921, 1026.9352969771717, 0.001091393648760427], ""message"": ""CONVERGENCE: REL_REDUCTION_OF_F_<=_FACTR*EPSMCH"", ""method"": ""L-BFGS-B"", ""nfev"": 60, ""nit"": 11, ""status"": 0, ""success"": true, ""x"": [0.013921549145564639, 0.0, -6.144231728348356]}], ""solver_path"": ""general_convolution"", ""uncertified_profiles"": 0}"
foul_leaves_5_team,team-quarter,2021-22,9840,optimization,LOOSE_BALL_FOUL_DRAWN,4,FTM;PERS_FOUL_DRAWN,12,Bernoulli,inf,-inf,[],{},3,False,infeasible_conditional_support,0,0,0,-inf,0.0,7.760000880807638e-05,"{""binomial_discrete_residual_mean"": null, ""binomial_discrete_residual_variance"": null, ""binomial_h_extension_used"": null, ""binomial_n_candidates"": 0, ""binomial_n_max"": null, ""binomial_n_min"": null, ""binomial_n_policy"": null, ""binomial_n_tie_break"": null, ""certified_profiles"": 0, ""solver_path"": ""conditional_support_check"", ""support_violating_rows"": 4, ""uncertified_profiles"": 0}"
foul_leaves_5_team,team-quarter,2021-22,9840,optimization,LOOSE_BALL_FOUL_DRAWN,4,FOUL;FTM;PERS_FOUL_DRAWN,13,Poisson,16532.803524052884,-8248.01334004635,"[0.17293253693448027, 0.0, 0.0]","{""lam"": 0.0}",4,True,poisson_convex_mle,2,8,2,-8248.01334004635,0.0,0.00887619995046407,"{""binomial_discrete_residual_mean"": null, ""binomial_discrete_residual_variance"": null, ""binomial_h_extension_used"": null, ""binomial_n_candidates"": 0, ""binomial_n_max"": null, ""binomial_n_min"": null, ""binomial_n_policy"": null, ""binomial_n_tie_break"": null, ""certified_profiles"": 1, ""optimizer_primary_failed_starts"": 1, ""optimizer_primary_successful_starts"": 1, ""optimizer_results"": [{""fun"": 11186.972595716281, ""jac"": [7635.268870546899, 33889.43158439423, 33240.11931521708, 14525.83740300548], ""message"": ""CONVERGENCE: REL_REDUCTION_OF_F_<=_FACTR*EPSMCH"", ""method"": ""L-BFGS-B"", ""nfev"": 3, ""nit"": 1, ""status"": 0, ""success"": true, ""x"": [0.0, 0.26605005682227734, 0.0, 0.0]}, {""fun"": 8248.01334004635, ""jac"": [6448.105954687491, 28459.279360606444, 28858.722023411046, 12832.288312316141], ""message"": ""CONVERGENCE: REL_REDUCTION_OF_F_<=_FACTR*EPSMCH"", ""method"": ""L-BFGS-B"", ""nfev"": 3, ""nit"": 1, ""status"": 0, ""success"": true, ""x"": [0.0, 0.17293253693448027, 0.0, 0.0]}], ""poisson_canonical_agreement_abs"": 0.0, ""solver_path"": ""poisson_convex"", ""uncertified_profiles"": 0}"
foul_leaves_5_team,team-quarter,2021-22,9840,optimization,LOOSE_BALL_FOUL_DRAWN,4,FOUL;FTM;PERS_FOUL_DRAWN,13,NB,12289.279479912859,-6121.654212481314,"[0.06101137488897107, 0.0, 0.0]","{""p"": 0.9999905704579084, ""r"": 0.9428120603634981}",5,True,optimizer_converged_lbfgsb,14,140,2,-8248.07782118461,2126.423608703296,0.15331189997959882,"{""binomial_discrete_residual_mean"": null, ""binomial_discrete_residual_variance"": null, ""binomial_h_extension_used"": null, ""binomial_n_candidates"": 0, ""binomial_n_max"": null, ""binomial_n_min"": null, ""binomial_n_policy"": null, ""binomial_n_tie_break"": null, ""certified_profiles"": 1, ""optimizer_powell_attempted"": false, ""optimizer_powell_success"": false, ""optimizer_primary_failed_starts"": 0, ""optimizer_primary_successful_starts"": 2, ""optimizer_results"": [{""fun"": 6121.654212481314, ""jac"": [-0.0018189894032411148, 5895.820868317969, 3956.41081922804, 0.0019099388734031704, -0.0020918376409983126], ""message"": ""CONVERGENCE: REL_REDUCTION_OF_F_<=_FACTR*EPSMCH"", ""method"": ""L-BFGS-B"", ""nfev"": 66, ""nit"": 7, ""status"": 0, ""success"": true, ""x"": [0.06101137488897107, 0.0, 0.0, -0.05888831593208268, 11.571653591608598]}, {""fun"": 6121.654265647056, ""jac"": [0.0004547473508102787, 5895.819685974857, 3956.41081922804, 0.0020008883435652263, -0.0022737365663025137], ""message"": ""CONVERGENCE: REL_REDUCTION_OF_F_<=_FACTR*EPSMCH"", ""method"": ""L-BFGS-B"", ""nfev"": 72, ""nit"": 7, ""status"": 0, ""success"": true, ""x"": [0.061011326697384974, 0.0, 0.0, -0.04577814275184399, 11.558683604331094]}], ""solver_path"": ""general_convolution"", ""uncertified_profiles"": 0}"
foul_leaves_5_team,team-quarter,2021-22,9840,optimization,LOOSE_BALL_FOUL_DRAWN,4,FOUL;FTM;PERS_FOUL_DRAWN,13,ZIP,12289.275456670028,-6121.652200859899,"[0.06101332103908244, 0.0, 0.0]","{""lam"": 9.999999999999996e-11, ""rho"": 1.0000000000000007e-09}",5,True,optimizer_converged_lbfgsb,15,146,2,-8248.013340691161,2126.3611398312623,0.1218605000176467,"{""binomial_discrete_residual_mean"": null, ""binomial_discrete_residual_variance"": null, ""binomial_h_extension_used"": null, ""binomial_n_candidates"": 0, ""binomial_n_max"": null, ""binomial_n_min"": null, ""binomial_n_policy"": null, ""binomial_n_tie_break"": null, ""certified_profiles"": 1, ""optimizer_powell_attempted"": false, ""optimizer_powell_success"": false, ""optimizer_primary_failed_starts"": 0, ""optimizer_primary_successful_starts"": 2, ""optimizer_results"": [{""fun"": 6121.6522008599, ""jac"": [-0.00018189894032411146, 5895.938556932379, 3956.443106289953, 0.0, 0.0], ""message"": ""CONVERGENCE: REL_REDUCTION_OF_F_<=_FACTR*EPSMCH"", ""method"": ""L-BFGS-B"", ""nfev"": 78, ""nit"": 8, ""status"": 0, ""success"": true, ""x"": [0.06101332100506075, 0.0, 0.0, -23.025850929940457, -20.72326583594641]}, {""fun"": 6121.652200859899, ""jac"": [9.094947016205573e-05, 5895.938647881849, 3956.4433791383635, 0.0, 0.0], ""message"": ""CONVERGENCE: REL_REDUCTION_OF_F_<=_FACTR*EPSMCH"", ""method"": ""L-BFGS-B"", ""nfev"": 66, ""nit"": 7, ""status"": 0, ""success"": true, ""x"": [0.06101332103908244, 0.0, 0.0, -23.025850929940457, -20.72326583594641]}], ""solver_path"": ""general_convolution"", ""uncertified_profiles"": 0}"
foul_leaves_5_team,team-quarter,2021-22,9840,optimization,LOOSE_BALL_FOUL_DRAWN,4,FOUL;FTM;PERS_FOUL_DRAWN,13,Geom,12280.08124608716,-6121.652201063487,"[0.061013326602304636, 0.0, 0.0]","{""p"": 0.9999999989999999}",4,True,optimizer_converged_lbfgsb,15,127,2,-8248.013346494456,2126.3611454309685,14.376112999976613,"{""binomial_discrete_residual_mean"": null, ""binomial_discrete_residual_variance"": null, ""binomial_h_extension_used"": null, ""binomial_n_candidates"": 0, ""binomial_n_max"": null, ""binomial_n_min"": null, ""binomial_n_policy"": null, ""binomial_n_tie_break"": null, ""certified_profiles"": 1, ""optimizer_powell_attempted"": false, ""optimizer_powell_success"": false, ""optimizer_primary_failed_starts"": 0, ""optimizer_primary_successful_starts"": 2, ""optimizer_results"": [{""fun"": 6121.652201063487, ""jac"": [0.0041836756274545635, 5895.941922062775, 3956.4444705320057, 0.0], ""message"": ""CONVERGENCE: REL_REDUCTION_OF_F_<=_FACTR*EPSMCH"", ""method"": ""L-BFGS-B"", ""nfev"": 70, ""nit"": 8, ""status"": 0, ""success"": true, ""x"": [0.061013326602304636, 0.0, 0.0, 20.723265864719725]}, {""fun"": 6121.652201063496, ""jac"": [-0.00018189894032411146, 5895.938556932379, 3956.443106289953, 0.0], ""message"": ""CONVERGENCE: REL_REDUCTION_OF_F_<=_FACTR*EPSMCH"", ""method"": ""L-BFGS-B"", ""nfev"": 55, ""nit"": 7, ""status"": 0, ""success"": true, ""x"": [0.06101332065712809, 0.0, 0.0, 20.723265864942313]}], ""solver_path"": ""general_convolution"", ""uncertified_profiles"": 0}"
foul_leaves_5_team,team-quarter,2021-22,9840,optimization,LOOSE_BALL_FOUL_DRAWN,4,FOUL;FTM;PERS_FOUL_DRAWN,13,Binomial,12280.081246539592,-6121.652201289703,"[0.06101332553230615, 0.0, 0.0]","{""n"": 2, ""p"": 1.000000000091849e-09}",4,True,optimizer_converged_lbfgsb,15,147,2,-8248.013352942562,2126.361151652859,0.21934259997215122,"{""binomial_discrete_residual_mean"": -0.9162891462096365, ""binomial_discrete_residual_variance"": -1.1748625320233632, ""binomial_h_extension_used"": true, ""binomial_n_candidates"": 1, ""binomial_n_max"": 2, ""binomial_n_min"": 2, ""binomial_n_policy"": ""paper_H_binomial_discrete_index_continuous_full_mle"", ""binomial_n_tie_break"": ""not_applicable_single_mom_index"", ""certified_profiles"": 1, ""optimizer_powell_attempted"": false, ""optimizer_powell_success"": false, ""optimizer_primary_failed_starts"": 0, ""optimizer_primary_successful_starts"": 2, ""optimizer_results"": [{""fun"": 6121.652201289713, ""jac"": [0.0, 5895.938556932379, 3956.443106289953, 0.0], ""message"": ""CONVERGENCE: NORM_OF_PROJECTED_GRADIENT_<=_PGTOL"", ""method"": ""L-BFGS-B"", ""nfev"": 65, ""nit"": 8, ""status"": 0, ""success"": true, ""x"": [0.061013320634696125, 0.0, 0.0, -20.723265836018903]}, {""fun"": 6121.652201289703, ""jac"": [0.0035470293363201737, 5895.941558264894, 3956.4443795825355, 0.0], ""message"": ""CONVERGENCE: REL_REDUCTION_OF_F_<=_FACTR*EPSMCH"", ""method"": ""L-BFGS-B"", ""nfev"": 80, ""nit"": 7, ""status"": 0, ""success"": true, ""x"": [0.06101332553230615, 0.0, 0.0, -20.723265835854562]}], ""solver_path"": ""general_convolution"", ""uncertified_profiles"": 0}"
foul_leaves_5_team,team-quarter,2021-22,9840,optimization,LOOSE_BALL_FOUL_DRAWN,4,FOUL;FTM;PERS_FOUL_DRAWN,13,Bernoulli,12280.08124608716,-6121.652201063487,"[0.06101332491613639, 0.0, 0.0]","{""p"": 1.000000000091849e-09}",4,True,optimizer_converged_lbfgsb,15,127,2,-8248.013346494456,2126.3611454309685,0.18124239996541291,"{""binomial_discrete_residual_mean"": null, ""binomial_discrete_residual_variance"": null, ""binomial_h_extension_used"": null, ""binomial_n_candidates"": 0, ""binomial_n_max"": null, ""binomial_n_min"": null, ""binomial_n_policy"": null, ""binomial_n_tie_break"": null, ""certified_profiles"": 1, ""optimizer_powell_attempted"": false, ""optimizer_powell_success"": false, ""optimizer_primary_failed_starts"": 0, ""optimizer_primary_successful_starts"": 2, ""optimizer_results"": [{""fun"": 6121.652201063496, ""jac"": [-9.094947016205573e-05, 5895.938465982908, 3956.443106289953, 0.0], ""message"": ""CONVERGENCE: REL_REDUCTION_OF_F_<=_FACTR*EPSMCH"", ""method"": ""L-BFGS-B"", ""nfev"": 65, ""nit"": 8, ""status"": 0, ""success"": true, ""x"": [0.06101332075156243, 0.0, 0.0, -20.72326583594641]}, {""fun"": 6121.652201063487, ""jac"": [0.0030013325153478393, 5895.941012568073, 3956.4440157846548, 0.0], ""message"": ""CONVERGENCE: REL_REDUCTION_OF_F_<=_FACTR*EPSMCH"", ""method"": ""L-BFGS-B"", ""nfev"": 60, ""nit"": 7, ""status"": 0, ""success"": true, ""x"": [0.06101332491613639, 0.0, 0.0, -20.723265835854562]}], ""solver_path"": ""general_convolution"", ""uncertified_profiles"": 0}"
foul_leaves_5_team,team-quarter,2021-22,9840,optimization,LOOSE_BALL_FOUL_DRAWN,4,FTA;FTM;PERS_FOUL_DRAWN,14,Poisson,12793.990093717432,-6378.606624878623,"[0.013550201454635006, 0.0, 0.0]","{""lam"": 0.19912384235975478}",4,True,poisson_convex_mle,14,22,2,-6386.582678003573,7.97605312495034,0.03326379996724427,"{""binomial_discrete_residual_mean"": null, ""binomial_discrete_residual_variance"": null, ""binomial_h_extension_used"": null, ""binomial_n_candidates"": 0, ""binomial_n_max"": null, ""binomial_n_min"": null, ""binomial_n_policy"": null, ""binomial_n_tie_break"": null, ""certified_profiles"": 1, ""optimizer_primary_failed_starts"": 0, ""optimizer_primary_successful_starts"": 2, ""optimizer_results"": [{""fun"": 6378.606624878624, ""jac"": [-1.4659211831968832e-05, -0.00025601283385867646, 539.4892001554998, 1136.6094401621922], ""message"": ""CONVERGENCE: REL_REDUCTION_OF_F_<=_FACTR*EPSMCH"", ""method"": ""L-BFGS-B"", ""nfev"": 11, ""nit"": 8, ""status"": 0, ""success"": true, ""x"": [0.19912384461304952, 0.013550200599583711, 0.0, 0.0]}, {""fun"": 6378.606624878623, ""jac"": [5.50317745684481e-05, 0.0004534044761754785, 539.4897407610463, 1136.609584933428], ""message"": ""CONVERGENCE: REL_REDUCTION_OF_F_<=_FACTR*EPSMCH"", ""method"": ""L-BFGS-B"", ""nfev"": 9, ""nit"": 6, ""status"": 0, ""success"": true, ""x"": [0.19912384235975478, 0.013550201454635006, 0.0, 0.0]}], ""poisson_canonical_agreement_abs"": 0.0, ""solver_path"": ""poisson_convex"", ""uncertified_profiles"": 0}"
foul_leaves_5_team,team-quarter,2021-22,9840,optimization,LOOSE_BALL_FOUL_DRAWN,4,FTA;FTM;PERS_FOUL_DRAWN,14,NB,12803.185760761002,-6378.607352905386,"[0.013550106415594036, 0.0, 0.0]","{""p"": 0.9999890845595022, ""r"": 18242.245967268587}",5,True,optimizer_converged_lbfgsb,13,110,2,-6386.583385308069,7.976032402683813,0.11007439997047186,"{""binomial_discrete_residual_mean"": null, ""binomial_discrete_residual_variance"": null, ""binomial_h_extension_used"": null, ""binomial_n_candidates"": 0, ""binomial_n_max"": null, ""binomial_n_min"": null, ""binomial_n_policy"": null, ""binomial_n_tie_break"": null, ""certified_profiles"": 1, ""optimizer_powell_attempted"": false, ""optimizer_powell_success"": false, ""optimizer_primary_failed_starts"": 0, ""optimizer_primary_successful_starts"": 2, ""optimizer_results"": [{""fun"": 6378.60752105003, ""jac"": [-0.005184119800136479, 539.4841537054162, 1136.5827049303334, -0.0008185451638689048, 9.094946265210054e-05], ""message"": ""CONVERGENCE: REL_REDUCTION_OF_F_<=_FACTR*EPSMCH"", ""method"": ""L-BFGS-B"", ""nfev"": 60, ""nit"": 7, ""status"": 0, ""success"": true, ""x"": [0.013550159583916688, 0.0, 0.0, 9.603744897769124, 11.217572093913027]}, {""fun"": 6378.607352905386, ""jac"": [-0.028830982046373046, 539.4662366597913, 1136.5857972123194, -0.0008185451638689048, -0.0006366462385647038], ""message"": ""CONVERGENCE: REL_REDUCTION_OF_F_<=_FACTR*EPSMCH"", ""method"": ""L-BFGS-B"", ""nfev"": 48, ""nit"": 6, ""status"": 0, ""success"": true, ""x"": [0.013550106415594036, 0.0, 0.0, 9.81149539021836, 11.425321296164979]}], ""solver_path"": ""general_convolution"", ""uncertified_profiles"": 0}"
foul_leaves_5_team,team-quarter,2021-22,9840,optimization,LOOSE_BALL_FOUL_DRAWN,4,FTA;FTM;PERS_FOUL_DRAWN,14,ZIP,12803.184304729533,-6378.606624889651,"[0.013550194520969918, 0.0, 0.0]","{""lam"": 0.19912387792221664, ""rho"": 9.999999988301134e-10}",5,True,optimizer_converged_lbfgsb,15,128,2,-6386.582678046443,7.97605315679175,0.09587089996784925,"{""binomial_discrete_residual_mean"": null, ""binomial_discrete_residual_variance"": null, ""binomial_h_extension_used"": null, ""binomial_n_candidates"": 0, ""binomial_n_max"": null, ""binomial_n_min"": null, ""binomial_n_policy"": null, ""binomial_n_tie_break"": null, ""certified_profiles"": 1, ""optimizer_powell_attempted"": false, ""optimizer_powell_success"": false, ""optimizer_primary_failed_starts"": 0, ""optimizer_primary_successful_starts"": 2, ""optimizer_results"": [{""fun"": 6378.606624889651, ""jac"": [0.004365574568535982, 539.491702511441, 1136.6102626197971, 9.09494707300356e-05, 0.0], ""message"": ""CONVERGENCE: REL_REDUCTION_OF_F_<=_FACTR*EPSMCH"", ""method"": ""L-BFGS-B"", ""nfev"": 72, ""nit"": 8, ""status"": 0, ""success"": true, ""x"": [0.013550194520969918, 0.0, 0.0, -1.6138281458100279, -20.723265837116298]}, {""fun"": 6378.606624889691, ""jac"": [-0.00036379788071133184, 539.488155482104, 1136.6095350240357, 0.0, 0.0], ""message"": ""CONVERGENCE: REL_REDUCTION_OF_F_<=_FACTR*EPSMCH"", ""method"": ""L-BFGS-B"", ""nfev"": 54, ""nit"": 7, ""status"": 0, ""success"": true, ""x"": [0.0135501861449205, 0.0, 0.0, -1.613827968879772, -20.72326583594641]}], ""solver_path"": ""general_convolution"", ""uncertified_profiles"": 0}"
foul_leaves_5_team,team-quarter,2021-22,9840,optimization,LOOSE_BALL_FOUL_DRAWN,4,FTA;FTM;PERS_FOUL_DRAWN,14,Geom,12868.383278670965,-6415.803217355389,"[0.017955500888802902, 0.0, 0.0]","{""p"": 0.8509076392234305}",4,True,optimizer_converged_lbfgsb,24,147,2,-6416.406201305542,0.6029839501525203,0.28916709998156875,"{""binomial_discrete_residual_mean"": null, ""binomial_discrete_residual_variance"": null, ""binomial_h_extension_used"": null, ""binomial_n_candidates"": 0, ""binomial_n_max"": null, ""binomial_n_min"": null, ""binomial_n_policy"": null, ""binomial_n_tie_break"": null, ""certified_profiles"": 1, ""optimizer_powell_attempted"": false, ""optimizer_powell_success"": false, ""optimizer_primary_failed_starts"": 0, ""optimizer_primary_successful_starts"": 2, ""optimizer_results"": [{""fun"": 6415.803217355429, ""jac"": [0.0, 518.6890120967291, 333.1395419081673, 0.0], ""message"": ""CONVERGENCE: NORM_OF_PROJECTED_GRADIENT_<=_PGTOL"", ""method"": ""L-BFGS-B"", ""nfev"": 110, ""nit"": 19, ""status"": 0, ""success"": true, ""x"": [0.017955495610367148, 0.0, 0.0, 1.7417373919270647]}, {""fun"": 6415.803217355389, ""jac"": [0.0007275957612964458, 518.6896487430204, 333.1391781102866, 9.09494707300356e-05], ""message"": ""CONVERGENCE: REL_REDUCTION_OF_F_<=_FACTR*EPSMCH"", ""method"": ""L-BFGS-B"", ""nfev"": 35, ""nit"": 5, ""status"": 0, ""success"": true, ""x"": [0.017955500888802902, 0.0, 0.0, 1.7417376057424871]}], ""solver_path"": ""general_convolution"", ""uncertified_profiles"": 0}"
foul_leaves_5_team,team-quarter,2021-22,9840,optimization,LOOSE_BALL_FOUL_DRAWN,4,FTA;FTM;PERS_FOUL_DRAWN,14,Binomial,12810.39294604543,-6386.808051042622,"[0.01609365723314929, 0.0, 0.0]","{""n"": 2, ""p"": 0.09266003388216915}",4,True,optimizer_converged_lbfgsb,14,92,2,-6390.352887720915,3.544836678292995,0.12574589997529984,"{""binomial_discrete_residual_mean"": 0.11027822734266379, ""binomial_discrete_residual_variance"": 0.10097708560459573, ""binomial_h_extension_used"": false, ""binomial_n_candidates"": 1, ""binomial_n_max"": 2, ""binomial_n_min"": 2, ""binomial_n_policy"": ""paper_H_binomial_discrete_index_continuous_full_mle"", ""binomial_n_tie_break"": ""not_applicable_single_mom_index"", ""certified_profiles"": 1, ""optimizer_powell_attempted"": false, ""optimizer_powell_success"": false, ""optimizer_primary_failed_starts"": 0, ""optimizer_primary_successful_starts"": 2, ""optimizer_results"": [{""fun"": 6386.8080510428135, ""jac"": [-0.02646629581715822, 525.1406037132256, 980.0330190046225, -0.0007275957658402848], ""message"": ""CONVERGENCE: REL_REDUCTION_OF_F_<=_FACTR*EPSMCH"", ""method"": ""L-BFGS-B"", ""nfev"": 50, ""nit"": 8, ""status"": 0, ""success"": true, ""x"": [0.016093655911627376, 0.0, 0.0, -2.2815801778336557]}, {""fun"": 6386.808051042622, ""jac"": [-0.017826096151762925, 525.1472430245485, 980.035838438198, -0.0005456968243802135], ""message"": ""CONVERGENCE: REL_REDUCTION_OF_F_<=_FACTR*EPSMCH"", ""method"": ""L-BFGS-B"", ""nfev"": 40, ""nit"": 6, ""status"": 0, ""success"": true, ""x"": [0.01609365723314929, 0.0, 0.0, -2.281579959062914]}], ""solver_path"": ""general_convolution"", ""uncertified_profiles"": 0}"
foul_leaves_5_team,team-quarter,2021-22,9840,optimization,LOOSE_BALL_FOUL_DRAWN,4,FTA;FTM;PERS_FOUL_DRAWN,14,Bernoulli,inf,-inf,[],{},4,False,infeasible_conditional_support,0,0,0,-inf,0.0,8.87999776750803e-05,"{""binomial_discrete_residual_mean"": null, ""binomial_discrete_residual_variance"": null, ""binomial_h_extension_used"": null, ""binomial_n_candidates"": 0, ""binomial_n_max"": null, ""binomial_n_min"": null, ""binomial_n_policy"": null, ""binomial_n_tie_break"": null, ""certified_profiles"": 0, ""solver_path"": ""conditional_support_check"", ""support_violating_rows"": 2, ""uncertified_profiles"": 0}"
foul_leaves_5_team,team-quarter,2021-22,9840,optimization,LOOSE_BALL_FOUL_DRAWN,4,FOUL;FTA;FTM;PERS_FOUL_DRAWN,15,Poisson,20693.84475635525,-10323.93685070251,"[0.24018348792408317, 0.0, 0.0, 0.0]","{""lam"": 0.0}",5,True,poisson_convex_mle,2,8,2,-10323.93685070251,0.0,0.008435199968516827,"{""binomial_discrete_residual_mean"": null, ""binomial_discrete_residual_variance"": null, ""binomial_h_extension_used"": null, ""binomial_n_candidates"": 0, ""binomial_n_max"": null, ""binomial_n_min"": null, ""binomial_n_policy"": null, ""binomial_n_tie_break"": null, ""certified_profiles"": 1, ""optimizer_primary_failed_starts"": 1, ""optimizer_primary_successful_starts"": 1, ""optimizer_results"": [{""fun"": 14855.284816504567, ""jac"": [8252.58967978991, 36713.092869900895, 45758.73332594894, 35518.431487590606, 15406.477356621568], ""message"": ""CONVERGENCE: REL_REDUCTION_OF_F_<=_FACTR*EPSMCH"", ""method"": ""L-BFGS-B"", ""nfev"": 3, ""nit"": 1, ""status"": 0, ""success"": true, ""x"": [0.0, 0.36951305834474335, 0.0, 0.0, 0.0]}, {""fun"": 10323.93685070251, ""jac"": [7397.830276599814, 32803.37364600162, 41642.58973222951, 32363.817673216585, 14187.119010187018], ""message"": ""CONVERGENCE: REL_REDUCTION_OF_F_<=_FACTR*EPSMCH"", ""method"": ""L-BFGS-B"", ""nfev"": 3, ""nit"": 1, ""status"": 0, ""success"": true, ""x"": [0.0, 0.24018348792408317, 0.0, 0.0, 0.0]}], ""poisson_canonical_agreement_abs"": 0.0, ""solver_path"": ""poisson_convex"", ""uncertified_profiles"": 0}"
foul_leaves_5_team,team-quarter,2021-22,9840,optimization,LOOSE_BALL_FOUL_DRAWN,4,FOUL;FTA;FTM;PERS_FOUL_DRAWN,15,NB,12298.473611326443,-6121.654172693083,"[0.06101141469752992, 0.0, 0.0, 0.0]","{""p"": 0.9999906633928956, ""r"": 0.9333672197760661}",6,True,optimizer_converged_lbfgsb,16,177,2,-10324.010828877514,4202.356656184431,0.1973154000006616,"{""binomial_discrete_residual_mean"": null, ""binomial_discrete_residual_variance"": null, ""binomial_h_extension_used"": null, ""binomial_n_candidates"": 0, ""binomial_n_max"": null, ""binomial_n_min"": null, ""binomial_n_policy"": null, ""binomial_n_tie_break"": null, ""certified_profiles"": 1, ""optimizer_powell_attempted"": false, ""optimizer_powell_success"": false, ""optimizer_primary_failed_starts"": 0, ""optimizer_primary_successful_starts"": 2, ""optimizer_results"": [{""fun"": 6121.654172693083, ""jac"": [-0.0009094947016205574, 7107.115106919082, 5895.824051549425, 3956.411910621682, 0.0020008883449536214, -0.0020918376409983126], ""message"": ""CONVERGENCE: REL_REDUCTION_OF_F_<=_FACTR*EPSMCH"", ""method"": ""L-BFGS-B"", ""nfev"": 91, ""nit"": 8, ""status"": 0, ""success"": true, ""x"": [0.06101141469752992, 0.0, 0.0, 0.0, -0.0689565652431032, 11.58155830012953]}, {""fun"": 6121.654226945102, ""jac"": [-0.0010913936419446688, 7107.110650395043, 5895.820868317969, 3956.4110920764506, 0.0021827872838893377, -0.0019099387156941113], ""message"": ""CONVERGENCE: REL_REDUCTION_OF_F_<=_FACTR*EPSMCH"", ""method"": ""L-BFGS-B"", ""nfev"": 84, ""nit"": 8, ""status"": 0, ""success"": true, ""x"": [0.061011361874478025, 0.0, 0.0, 0.0, -0.05537252848447754, 11.56800660598851]}], ""solver_path"": ""general_convolution"", ""uncertified_profiles"": 0}"
foul_leaves_5_team,team-quarter,2021-22,9840,optimization,LOOSE_BALL_FOUL_DRAWN,4,FOUL;FTA;FTM;PERS_FOUL_DRAWN,15,ZIP,12298.469667660072,-6121.652200859898,"[0.06101332131598313, 0.0, 0.0, 0.0]","{""lam"": 9.999999999999996e-11, ""rho"": 1.0000000000000007e-09}",6,True,optimizer_converged_lbfgsb,17,184,2,-10323.936851442293,4202.284650582395,0.15647830005036667,"{""binomial_discrete_residual_mean"": null, ""binomial_discrete_residual_variance"": null, ""binomial_h_extension_used"": null, ""binomial_n_candidates"": 0, ""binomial_n_max"": null, ""binomial_n_min"": null, ""binomial_n_policy"": null, ""binomial_n_tie_break"": null, ""certified_profiles"": 1, ""optimizer_powell_attempted"": false, ""optimizer_powell_success"": false, ""optimizer_primary_failed_starts"": 0, ""optimizer_primary_successful_starts"": 2, ""optimizer_results"": [{""fun"": 6121.652200859898, ""jac"": [0.0002728484104861672, 7107.27299519931, 5895.938738831319, 3956.4433791383635, 0.0, 0.0], ""message"": ""CONVERGENCE: REL_REDUCTION_OF_F_<=_FACTR*EPSMCH"", ""method"": ""L-BFGS-B"", ""nfev"": 98, ""nit"": 9, ""status"": 0, ""success"": true, ""x"": [0.06101332131598313, 0.0, 0.0, 0.0, -23.025850929940457, -20.72326583594641]}, {""fun"": 6121.652200859899, ""jac"": [9.094947016205573e-05, 7107.27299519931, 5895.938738831319, 3956.4432881888933, 0.0, 0.0], ""message"": ""CONVERGENCE: REL_REDUCTION_OF_F_<=_FACTR*EPSMCH"", ""method"": ""L-BFGS-B"", ""nfev"": 84, ""nit"": 8, ""status"": 0, ""success"": true, ""x"": [0.06101332118145868, 0.0, 0.0, 0.0, -23.025850929940457, -20.72326583594641]}], ""solver_path"": ""general_convolution"", ""uncertified_profiles"": 0}"
foul_leaves_5_team,team-quarter,2021-22,9840,optimization,LOOSE_BALL_FOUL_DRAWN,4,FOUL;FTA;FTM;PERS_FOUL_DRAWN,15,Geom,12289.275457077221,-6121.652201063495,"[0.061013320898660246, 0.0, 0.0, 0.0]","{""p"": 0.9999999990000001}",5,True,optimizer_converged_lbfgsb,17,158,2,-10323.93685810034,4202.284657036845,17.721487500006333,"{""binomial_discrete_residual_mean"": null, ""binomial_discrete_residual_variance"": null, ""binomial_h_extension_used"": null, ""binomial_n_candidates"": 0, ""binomial_n_max"": null, ""binomial_n_min"": null, ""binomial_n_policy"": null, ""binomial_n_tie_break"": null, ""certified_profiles"": 1, ""optimizer_powell_attempted"": false, ""optimizer_powell_success"": false, ""optimizer_primary_failed_starts"": 0, ""optimizer_primary_successful_starts"": 2, ""optimizer_results"": [{""fun"": 6121.652201063495, ""jac"": [9.094947016205573e-05, 7107.2729042498395, 5895.938647881849, 3956.443197239423, 0.0], ""message"": ""CONVERGENCE: REL_REDUCTION_OF_F_<=_FACTR*EPSMCH"", ""method"": ""L-BFGS-B"", ""nfev"": 84, ""nit"": 9, ""status"": 0, ""success"": true, ""x"": [0.061013320898660246, 0.0, 0.0, 0.0, 20.723265866445786]}, {""fun"": 6121.652201063495, ""jac"": [9.094947016205573e-05, 7107.272813300369, 5895.938556932379, 3956.4432881888933, 9.094946265210054e-05], ""message"": ""CONVERGENCE: REL_REDUCTION_OF_F_<=_FACTR*EPSMCH"", ""method"": ""L-BFGS-B"", ""nfev"": 72, ""nit"": 8, ""status"": 0, ""success"": true, ""x"": [0.06101332082110264, 0.0, 0.0, 0.0, 20.723265864413694]}], ""solver_path"": ""general_convolution"", ""uncertified_profiles"": 0}"
foul_leaves_5_team,team-quarter,2021-22,9840,optimization,LOOSE_BALL_FOUL_DRAWN,4,FOUL;FTA;FTM;PERS_FOUL_DRAWN,15,Binomial,12289.275457529659,-6121.652201289714,"[0.061013320540842124, 0.0, 0.0, 0.0]","{""n"": 2, ""p"": 1.0000000000445516e-09}",5,True,optimizer_converged_lbfgsb,15,152,2,-10323.93686549817,4202.284664208456,0.2084857999579981,"{""binomial_discrete_residual_mean"": -1.378655206062169, ""binomial_discrete_residual_variance"": -1.8789967078964396, ""binomial_h_extension_used"": true, ""binomial_n_candidates"": 1, ""binomial_n_max"": 2, ""binomial_n_min"": 2, ""binomial_n_policy"": ""paper_H_binomial_discrete_index_continuous_full_mle"", ""binomial_n_tie_break"": ""not_applicable_single_mom_index"", ""certified_profiles"": 1, ""optimizer_powell_attempted"": false, ""optimizer_powell_success"": false, ""optimizer_primary_failed_starts"": 0, ""optimizer_primary_successful_starts"": 2, ""optimizer_results"": [{""fun"": 6121.652201289714, ""jac"": [-0.00018189894032411146, 7107.272631401429, 5895.938556932379, 3956.443106289953, 0.0], ""message"": ""CONVERGENCE: REL_REDUCTION_OF_F_<=_FACTR*EPSMCH"", ""method"": ""L-BFGS-B"", ""nfev"": 72, ""nit"": 7, ""status"": 0, ""success"": true, ""x"": [0.061013320540842124, 0.0, 0.0, 0.0, -20.72326583590186]}, {""fun"": 6121.652201289714, ""jac"": [-0.00018189894032411146, 7107.272540451959, 5895.938465982908, 3956.443106289953, -9.094946265210054e-05], ""message"": ""CONVERGENCE: REL_REDUCTION_OF_F_<=_FACTR*EPSMCH"", ""method"": ""L-BFGS-B"", ""nfev"": 78, ""nit"": 8, ""status"": 0, ""success"": true, ""x"": [0.06101332048355815, 0.0, 0.0, 0.0, -20.72326583594641]}], ""solver_path"": ""general_convolution"", ""uncertified_profiles"": 0}"
foul_leaves_5_team,team-quarter,2021-22,9840,optimization,LOOSE_BALL_FOUL_DRAWN,4,FOUL;FTA;FTM;PERS_FOUL_DRAWN,15,Bernoulli,12289.275457077223,-6121.652201063496,"[0.061013320705941454, 0.0, 0.0, 0.0]","{""p"": 1.0000000000445516e-09}",5,True,optimizer_converged_lbfgsb,15,152,2,-10323.93685810034,4202.284657036844,0.22448610002174973,"{""binomial_discrete_residual_mean"": null, ""binomial_discrete_residual_variance"": null, ""binomial_h_extension_used"": null, ""binomial_n_candidates"": 0, ""binomial_n_max"": null, ""binomial_n_min"": null, ""binomial_n_policy"": null, ""binomial_n_tie_break"": null, ""certified_profiles"": 1, ""optimizer_powell_attempted"": false, ""optimizer_powell_success"": false, ""optimizer_primary_failed_starts"": 0, ""optimizer_primary_successful_starts"": 2, ""optimizer_results"": [{""fun"": 6121.652201063496, ""jac"": [-9.094947016205573e-05, 7107.272631401429, 5895.938465982908, 3956.443197239423, 0.0], ""message"": ""CONVERGENCE: REL_REDUCTION_OF_F_<=_FACTR*EPSMCH"", ""method"": ""L-BFGS-B"", ""nfev"": 72, ""nit"": 7, ""status"": 0, ""success"": true, ""x"": [0.061013320705941454, 0.0, 0.0, 0.0, -20.72326583590186]}, {""fun"": 6121.652201063496, ""jac"": [-9.094947016205573e-05, 7107.272722350899, 5895.938465982908, 3956.443197239423, 0.0], ""message"": ""CONVERGENCE: REL_REDUCTION_OF_F_<=_FACTR*EPSMCH"", ""method"": ""L-BFGS-B"", ""nfev"": 78, ""nit"": 8, ""status"": 0, ""success"": true, ""x"": [0.06101332083799743, 0.0, 0.0, 0.0, -20.72326583594641]}], ""solver_path"": ""general_convolution"", ""uncertified_profiles"": 0}"
