season,game_id,period,team_id,FOUL,FTA,FTM,SHOT_FOUL_DRAWN,PERS_FOUL_DRAWN,MISS_FT,LOOSE_BALL_FOUL_DRAWN
2015-16,21500001,1,1610612737,2,2,2,1,1,0,0
2015-16,21500001,1,1610612765,4,5,2,3,0,3,1
2015-16,21500001,2,1610612737,3,2,1,1,2,1,0
2015-16,21500001,2,1610612765,2,0,0,0,2,0,0
2015-16,21500001,3,1610612737,2,1,1,1,1,0,0
2015-16,21500001,3,1610612765,7,7,6,2,4,1,1
2015-16,21500001,4,1610612737,7,10,8,2,5,2,0
2015-16,21500001,4,1610612765,9,14,12,2,6,2,1
2015-16,21500002,1,1610612739,2,0,0,0,2,0,0
2015-16,21500002,1,1610612741,7,7,6,1,6,1,0
2015-16,21500002,2,1610612739,6,7,3,2,2,4,2
2015-16,21500002,2,1610612741,4,2,0,1,2,2,1
2015-16,21500002,3,1610612739,5,6,3,3,2,3,0
2015-16,21500002,3,1610612741,3,2,1,2,1,1,0
2015-16,21500002,4,1610612739,5,4,4,2,2,0,1
2015-16,21500002,4,1610612741,7,12,9,4,3,3,0
2015-16,21500003,1,1610612740,5,8,6,4,1,2,0
2015-16,21500003,1,1610612744,5,5,4,3,2,1,0
2015-16,21500003,2,1610612740,4,5,1,1,2,4,1
2015-16,21500003,2,1610612744,4,3,3,2,2,0,0
2015-16,21500003,3,1610612740,7,12,10,3,2,2,1
2015-16,21500003,3,1610612744,8,10,9,4,4,1,0
2015-16,21500003,4,1610612740,5,2,2,1,3,0,1
2015-16,21500003,4,1610612744,5,4,4,2,1,0,2
2015-16,21500004,1,1610612753,4,2,1,1,3,1,0
2015-16,21500004,1,1610612764,6,7,5,4,2,2,0
2015-16,21500004,2,1610612753,2,4,2,2,0,2,0
2015-16,21500004,2,1610612764,7,8,3,3,2,5,2
2015-16,21500004,3,1610612753,4,0,0,0,4,0,0
2015-16,21500004,3,1610612764,4,6,4,3,1,2,0
2015-16,21500004,4,1610612753,4,6,5,3,1,1,0
2015-16,21500004,4,1610612764,3,4,3,2,1,1,0
2015-16,21500005,1,1610612738,3,4,4,2,0,0,1
2015-16,21500005,1,1610612755,3,2,2,1,2,0,0
2015-16,21500005,2,1610612738,5,7,6,4,1,1,0
2015-16,21500005,2,1610612755,6,6,4,2,4,2,0
2015-16,21500005,3,1610612738,5,6,6,2,1,0,2
2015-16,21500005,3,1610612755,5,5,5,3,2,0,0
2015-16,21500005,4,1610612738,6,10,10,4,1,0,1
2015-16,21500005,4,1610612755,7,10,9,5,2,1,0
2015-16,21500006,1,1610612741,4,3,3,2,2,0,0
2015-16,21500006,1,1610612751,2,3,3,2,0,0,0
2015-16,21500006,2,1610612741,4,4,4,1,3,0,0
2015-16,21500006,2,1610612751,6,5,4,2,4,1,0
2015-16,21500006,3,1610612741,8,11,9,3,3,2,2
2015-16,21500006,3,1610612751,4,5,4,2,2,1,0
2015-16,21500006,4,1610612741,2,2,1,1,1,1,0
2015-16,21500006,4,1610612751,10,15,11,6,4,4,0
2015-16,21500007,1,1610612762,2,2,1,1,1,1,0
2015-16,21500007,1,1610612765,3,4,4,2,1,0,0
2015-16,21500007,2,1610612762,4,3,2,1,2,1,1
2015-16,21500007,2,1610612765,6,12,6,5,1,6,0
2015-16,21500007,3,1610612762,6,8,6,4,2,2,0
2015-16,21500007,3,1610612765,5,8,5,4,1,3,0
2015-16,21500007,4,1610612762,5,8,6,4,0,2,1
2015-16,21500007,4,1610612765,6,10,10,3,2,0,1
2015-16,21500008,1,1610612748,6,8,8,2,4,0,0
2015-16,21500008,1,1610612766,4,4,2,3,1,2,0
2015-16,21500008,2,1610612748,2,2,1,1,1,1,0
2015-16,21500008,2,1610612766,2,0,0,0,2,0,0
2015-16,21500008,3,1610612748,2,5,5,2,0,0,0
2015-16,21500008,3,1610612766,5,9,7,4,1,2,0
2015-16,21500008,4,1610612748,4,6,6,1,3,0,0
2015-16,21500008,4,1610612766,10,16,13,2,7,3,1
2015-16,21500009,1,1610612754,6,8,8,4,0,0,2
2015-16,21500009,1,1610612761,4,6,2,3,1,4,0
2015-16,21500009,2,1610612754,4,2,1,1,3,1,0
2015-16,21500009,2,1610612761,7,9,5,5,2,4,0
2015-16,21500009,3,1610612754,2,4,4,2,0,0,0
2015-16,21500009,3,1610612761,8,9,7,4,2,2,2
2015-16,21500009,4,1610612754,10,17,13,8,2,4,0
2015-16,21500009,4,1610612761,9,15,13,4,4,2,1
2015-16,21500010,1,1610612743,3,4,3,2,1,1,0
2015-16,21500010,1,1610612745,3,4,2,2,1,2,0
2015-16,21500010,2,1610612743,3,2,1,1,1,1,1
2015-16,21500010,2,1610612745,4,3,2,2,1,1,1
2015-16,21500010,3,1610612743,5,6,4,3,2,2,0
2015-16,21500010,3,1610612745,5,4,4,1,4,0,0
2015-16,21500010,4,1610612743,6,6,4,1,4,2,1
2015-16,21500010,4,1610612745,11,15,9,6,4,6,1
2015-16,21500011,1,1610612739,2,2,1,1,0,1,1
2015-16,21500011,1,1610612763,4,2,2,1,3,0,0
2015-16,21500011,2,1610612739,2,2,2,2,0,0,0
2015-16,21500011,2,1610612763,4,6,5,3,0,1,1
2015-16,21500011,3,1610612739,4,1,1,1,3,0,0
2015-16,21500011,3,1610612763,5,4,2,2,3,2,0
2015-16,21500011,4,1610612739,7,12,7,3,4,5,0
2015-16,21500011,4,1610612763,7,10,7,5,2,3,0
2015-16,21500012,1,1610612749,6,3,3,1,5,0,0
2015-16,21500012,1,1610612752,6,8,7,4,1,1,1
2015-16,21500012,2,1610612749,6,6,5,2,4,1,0
2015-16,21500012,2,1610612752,8,12,11,5,3,1,0
2015-16,21500012,3,1610612749,7,10,9,5,1,1,1
2015-16,21500012,3,1610612752,3,5,3,2,1,2,0
2015-16,21500012,4,1610612749,8,12,11,5,3,1,0
2015-16,21500012,4,1610612752,9,10,8,6,2,2,1
2015-16,21500013,1,1610612759,3,3,2,2,1,1,0
2015-16,21500013,1,1610612760,3,1,1,1,2,0,0
2015-16,21500013,2,1610612759,4,4,4,2,1,0,1
2015-16,21500013,2,1610612760,2,2,2,1,0,0,1
2015-16,21500013,3,1610612759,4,1,1,1,3,0,0
2015-16,21500013,3,1610612760,5,8,7,3,2,1,0
2015-16,21500013,4,1610612759,4,5,4,2,1,1,1
2015-16,21500013,4,1610612760,7,11,11,3,3,0,1
2015-16,21500014,1,1610612742,9,12,8,4,5,4,0
2015-16,21500014,1,1610612756,5,4,2,2,2,2,1
2015-16,21500014,2,1610612742,6,8,7,3,3,1,0
2015-16,21500014,2,1610612756,5,9,8,4,1,1,0
2015-16,21500014,3,1610612742,4,5,3,2,2,2,0
2015-16,21500014,3,1610612756,6,11,6,5,0,5,1
2015-16,21500014,4,1610612742,5,6,3,2,3,3,0
2015-16,21500014,4,1610612756,7,9,5,6,1,4,0
2015-16,21500015,1,1610612740,6,4,3,3,3,1,0
2015-16,21500015,1,1610612757,7,10,9,6,0,1,1
2015-16,21500015,2,1610612740,8,11,5,3,4,6,1
2015-16,21500015,2,1610612757,4,0,0,0,4,0,0
2015-16,21500015,3,1610612740,4,2,2,1,2,0,1
2015-16,21500015,3,1610612757,2,2,1,0,2,1,0
2015-16,21500015,4,1610612740,2,1,1,1,0,0,1
2015-16,21500015,4,1610612757,3,2,2,1,2,0,0
2015-16,21500016,1,1610612746,5,5,2,3,2,3,0
2015-16,21500016,1,1610612758,4,3,1,2,2,2,0
2015-16,21500016,2,1610612746,7,10,7,5,2,3,0
2015-16,21500016,2,1610612758,6,9,6,4,2,3,0
2015-16,21500016,3,1610612746,4,6,4,3,1,2,0
2015-16,21500016,3,1610612758,4,4,2,2,2,2,0
2015-16,21500016,4,1610612746,7,10,8,2,5,2,0
2015-16,21500016,4,1610612758,4,2,2,1,1,0,2
2015-16,21500017,1,1610612747,5,6,5,3,1,1,1
2015-16,21500017,1,1610612750,2,2,2,1,1,0,0
2015-16,21500017,2,1610612747,5,8,8,2,3,0,0
2015-16,21500017,2,1610612750,6,9,7,2,2,2,2
2015-16,21500017,3,1610612747,10,14,14,4,4,0,2
2015-16,21500017,3,1610612750,11,17,15,9,1,2,1
2015-16,21500017,4,1610612747,6,7,5,3,1,2,2
2015-16,21500017,4,1610612750,5,9,7,3,2,2,0
2015-16,21500018,1,1610612754,5,4,3,2,3,1,0
2015-16,21500018,1,1610612763,6,8,6,2,4,2,0
2015-16,21500018,2,1610612754,3,2,1,2,1,1,0
2015-16,21500018,2,1610612763,2,4,4,2,0,0,0
2015-16,21500018,3,1610612754,5,7,4,2,2,3,1
2015-16,21500018,3,1610612763,6,10,8,3,2,2,1
2015-16,21500018,4,1610612754,8,11,9,3,5,2,0
2015-16,21500018,4,1610612763,5,7,5,3,2,2,0
2015-16,21500019,1,1610612737,3,2,2,1,2,0,0
2015-16,21500019,1,1610612752,3,5,5,3,0,0,0
2015-16,21500019,2,1610612737,4,1,1,1,3,0,0
2015-16,21500019,2,1610612752,5,4,3,1,4,1,0
2015-16,21500019,3,1610612737,7,12,8,5,2,4,0
2015-16,21500019,3,1610612752,5,6,5,3,1,1,1
2015-16,21500019,4,1610612737,8,11,7,6,2,4,0
2015-16,21500019,4,1610612752,4,6,6,3,1,0,0
2015-16,21500020,1,1610612742,5,6,5,2,3,1,0
2015-16,21500020,1,1610612746,7,9,7,4,2,2,1
2015-16,21500020,2,1610612742,5,3,2,1,3,1,0
2015-16,21500020,2,1610612746,5,10,4,1,3,6,1
2015-16,21500020,3,1610612742,3,3,2,1,1,1,1
2015-16,21500020,3,1610612746,8,10,7,3,5,3,0
2015-16,21500020,4,1610612742,3,3,3,2,1,0,0
2015-16,21500020,4,1610612746,2,4,2,2,0,2,0
2015-16,21500021,1,1610612739,5,8,7,5,0,1,0
2015-16,21500021,1,1610612748,2,3,3,2,0,0,0
2015-16,21500021,2,1610612739,1,0,0,0,1,0,0
2015-16,21500021,2,1610612748,5,6,6,3,2,0,0
2015-16,21500021,3,1610612739,3,3,3,2,1,0,0
2015-16,21500021,3,1610612748,4,8,7,4,0,1,0
2015-16,21500021,4,1610612739,7,10,8,4,2,2,1
2015-16,21500021,4,1610612748,5,5,4,2,3,1,0
2015-16,21500022,1,1610612753,3,3,3,2,0,0,1
2015-16,21500022,1,1610612760,6,6,6,1,5,0,0
2015-16,21500022,2,1610612753,3,3,2,2,0,1,1
2015-16,21500022,2,1610612760,7,13,9,4,3,4,0
2015-16,21500022,3,1610612753,3,6,5,2,1,1,0
2015-16,21500022,3,1610612760,5,6,5,2,3,1,0
2015-16,21500022,4,1610612753,8,12,9,5,3,3,0
2015-16,21500022,4,1610612760,5,8,7,5,0,1,0
2015-16,21500023,1,1610612755,5,9,5,4,1,4,0
2015-16,21500023,1,1610612762,6,10,9,3,3,1,0
2015-16,21500023,2,1610612755,4,7,6,3,1,1,0
2015-16,21500023,2,1610612762,5,5,4,2,2,1,1
2015-16,21500023,3,1610612755,4,6,5,2,2,1,0
2015-16,21500023,3,1610612762,6,8,6,4,2,2,0
2015-16,21500023,4,1610612755,8,15,11,7,1,4,0
2015-16,21500023,4,1610612762,3,2,1,1,2,1,0
2015-16,21500024,1,1610612738,5,7,6,4,0,1,1
2015-16,21500024,1,1610612761,8,12,10,3,4,2,1
2015-16,21500024,2,1610612738,8,12,7,4,3,5,1
2015-16,21500024,2,1610612761,7,12,11,5,2,1,0
2015-16,21500024,3,1610612738,7,10,8,3,3,2,1
2015-16,21500024,3,1610612761,4,5,5,3,1,0,0
2015-16,21500024,4,1610612738,8,12,11,5,3,1,0
2015-16,21500024,4,1610612761,7,6,4,1,6,2,0
2015-16,21500025,1,1610612741,3,2,1,1,1,1,1
2015-16,21500025,1,1610612765,4,4,1,2,2,3,0
2015-16,21500025,2,1610612741,5,8,5,3,2,3,0
2015-16,21500025,2,1610612765,3,4,1,2,1,3,0
2015-16,21500025,3,1610612741,4,6,6,3,1,0,0
2015-16,21500025,3,1610612765,4,5,4,3,1,1,0
2015-16,21500025,4,1610612741,4,6,3,3,1,3,0
2015-16,21500025,4,1610612765,5,5,4,2,1,1,2
2015-16,21500026,1,1610612737,5,8,8,5,0,0,0
2015-16,21500026,1,1610612766,4,3,1,2,2,2,0
2015-16,21500026,2,1610612737,3,4,3,2,0,1,1
2015-16,21500026,2,1610612766,4,5,5,3,0,0,1
2015-16,21500026,3,1610612737,6,6,3,2,4,3,0
2015-16,21500026,3,1610612766,2,2,2,1,1,0,0
2015-16,21500026,4,1610612737,3,4,3,0,3,1,0
2015-16,21500026,4,1610612766,3,3,2,2,1,1,0
2015-16,21500027,1,1610612749,4,7,6,4,0,1,0
2015-16,21500027,1,1610612764,7,12,9,3,4,3,0
2015-16,21500027,2,1610612749,5,9,7,4,1,2,0
2015-16,21500027,2,1610612764,5,8,8,3,2,0,0
2015-16,21500027,3,1610612749,3,5,3,2,1,2,0
2015-16,21500027,3,1610612764,8,13,10,5,2,3,1
2015-16,21500027,4,1610612749,7,7,6,3,4,1,0
2015-16,21500027,4,1610612764,8,11,9,4,4,2,0
2015-16,21500028,1,1610612751,1,0,0,0,1,0,0
2015-16,21500028,1,1610612759,3,4,4,2,1,0,0
2015-16,21500028,2,1610612751,4,4,1,2,2,3,0
2015-16,21500028,2,1610612759,3,0,0,0,3,0,0
2015-16,21500028,3,1610612751,3,3,2,1,2,1,0
2015-16,21500028,3,1610612759,2,0,0,0,2,0,0
2015-16,21500028,4,1610612751,5,8,5,3,1,3,1
2015-16,21500028,4,1610612759,6,9,9,3,3,0,0
2015-16,21500029,1,1610612743,4,0,0,0,4,0,0
2015-16,21500029,1,1610612750,4,8,7,4,0,1,0
2015-16,21500029,2,1610612743,7,14,11,4,2,3,1
2015-16,21500029,2,1610612750,7,13,8,4,3,5,0
2015-16,21500029,3,1610612743,3,1,1,1,0,0,2
2015-16,21500029,3,1610612750,8,14,14,6,2,0,0
2015-16,21500029,4,1610612743,6,5,3,2,4,2,0
2015-16,21500029,4,1610612750,8,6,4,4,3,2,0
2015-16,21500030,1,1610612744,6,11,8,4,1,3,1
2015-16,21500030,1,1610612745,4,8,8,4,0,0,0
2015-16,21500030,2,1610612744,3,4,2,2,1,2,0
2015-16,21500030,2,1610612745,3,6,4,3,0,2,0
2015-16,21500030,3,1610612744,2,2,1,1,1,1,0
2015-16,21500030,3,1610612745,6,10,7,5,1,3,0
2015-16,21500030,4,1610612744,6,8,6,4,1,2,1
2015-16,21500030,4,1610612745,8,12,8,4,3,4,1
2015-16,21500031,1,1610612747,5,5,4,3,2,1,0
2015-16,21500031,1,1610612758,7,11,8,5,2,3,0
2015-16,21500031,2,1610612747,4,6,5,2,2,1,0
2015-16,21500031,2,1610612758,7,12,8,5,2,4,0
2015-16,21500031,3,1610612747,6,10,7,3,2,3,1
2015-16,21500031,3,1610612758,3,4,3,2,1,1,0
2015-16,21500031,4,1610612747,7,6,5,1,6,1,0
2015-16,21500031,4,1610612758,4,3,3,2,2,0,0
2015-16,21500032,1,1610612756,5,8,6,4,1,2,0
2015-16,21500032,1,1610612757,2,3,2,2,0,1,0
2015-16,21500032,2,1610612756,10,17,13,8,2,4,0
2015-16,21500032,2,1610612757,4,4,4,2,2,0,0
2015-16,21500032,3,1610612756,6,11,9,5,0,2,1
2015-16,21500032,3,1610612757,4,4,4,2,2,0,0
2015-16,21500032,4,1610612756,6,6,4,3,2,2,1
2015-16,21500032,4,1610612757,5,8,5,4,1,3,0
2015-16,21500033,1,1610612754,9,13,10,4,3,3,2
2015-16,21500033,1,1610612762,2,2,2,1,1,0,0
2015-16,21500033,2,1610612754,5,7,5,2,3,2,0
2015-16,21500033,2,1610612762,2,2,2,0,1,0,1
2015-16,21500033,3,1610612754,3,0,0,0,3,0,0
2015-16,21500033,3,1610612762,5,7,5,4,1,2,0
2015-16,21500033,4,1610612754,3,1,1,1,1,0,1
2015-16,21500033,4,1610612762,7,7,4,2,5,3,0
2015-16,21500034,1,1610612752,5,4,4,1,4,0,0
2015-16,21500034,1,1610612764,6,9,8,5,0,1,1
2015-16,21500034,2,1610612752,7,7,7,4,2,0,0
2015-16,21500034,2,1610612764,8,11,7,3,4,4,1
2015-16,21500034,3,1610612752,9,13,8,7,2,5,0
2015-16,21500034,3,1610612764,6,7,7,3,2,0,1
2015-16,21500034,4,1610612752,7,8,7,1,5,1,1
2015-16,21500034,4,1610612764,7,6,6,2,4,0,1
2015-16,21500035,1,1610612740,4,2,1,0,3,1,1
2015-16,21500035,1,1610612744,7,13,7,5,2,6,0
2015-16,21500035,2,1610612740,7,10,9,6,1,1,0
2015-16,21500035,2,1610612744,6,13,10,5,1,3,0
2015-16,21500035,3,1610612740,2,0,0,0,1,0,1
2015-16,21500035,3,1610612744,5,4,4,3,2,0,0
2015-16,21500035,4,1610612740,9,11,10,5,3,1,1
2015-16,21500035,4,1610612744,4,5,4,2,1,1,1
2015-16,21500036,1,1610612751,6,10,6,2,4,4,0
2015-16,21500036,1,1610612763,6,9,8,3,2,1,1
2015-16,21500036,2,1610612751,3,4,3,2,1,1,0
2015-16,21500036,2,1610612763,5,9,8,5,0,1,0
2015-16,21500036,3,1610612751,3,0,0,0,2,0,1
2015-16,21500036,3,1610612763,3,4,3,2,1,1,0
2015-16,21500036,4,1610612751,4,4,3,2,1,1,1
2015-16,21500036,4,1610612763,6,6,5,2,4,1,0
2015-16,21500037,1,1610612756,5,4,3,2,1,1,1
2015-16,21500037,1,1610612757,1,2,2,1,0,0,0
2015-16,21500037,2,1610612756,4,3,2,2,1,1,1
2015-16,21500037,2,1610612757,5,6,4,2,3,2,0
2015-16,21500037,3,1610612756,5,3,2,2,3,1,0
2015-16,21500037,3,1610612757,7,10,4,4,1,6,2
2015-16,21500037,4,1610612756,6,6,5,0,5,1,1
2015-16,21500037,4,1610612757,5,10,6,4,1,4,0
2015-16,21500038,1,1610612746,3,5,2,3,0,3,0
2015-16,21500038,1,1610612758,4,3,2,2,2,1,0
2015-16,21500038,2,1610612746,13,21,13,4,6,8,3
2015-16,21500038,2,1610612758,5,8,6,3,2,2,0
2015-16,21500038,3,1610612746,4,3,2,1,2,1,1
2015-16,21500038,3,1610612758,6,8,3,2,3,5,1
2015-16,21500038,4,1610612746,11,17,15,3,5,2,2
2015-16,21500038,4,1610612758,6,6,6,3,2,0,1
2015-16,21500039,1,1610612737,1,0,0,0,1,0,0
2015-16,21500039,1,1610612766,2,2,2,1,1,0,0
2015-16,21500039,2,1610612737,0,0,0,0,0,0,0
2015-16,21500039,2,1610612766,3,3,2,2,1,1,0
2015-16,21500039,3,1610612737,4,2,1,1,3,1,0
2015-16,21500039,3,1610612766,5,6,6,2,3,0,0
2015-16,21500039,4,1610612737,8,12,12,2,4,0,2
2015-16,21500039,4,1610612766,5,4,4,2,3,0,0
2015-16,21500040,1,1610612738,1,1,1,1,0,0,0
2015-16,21500040,1,1610612759,4,2,1,1,2,1,1
2015-16,21500040,2,1610612738,3,2,1,0,1,1,1
2015-16,21500040,2,1610612759,6,12,7,4,1,5,1
2015-16,21500040,3,1610612738,4,6,4,3,1,2,0
2015-16,21500040,3,1610612759,3,4,4,2,1,0,0
2015-16,21500040,4,1610612738,6,5,5,1,4,0,1
2015-16,21500040,4,1610612759,7,7,6,1,6,1,0
2015-16,21500041,1,1610612745,4,8,8,3,1,0,0
2015-16,21500041,1,1610612748,7,9,8,5,2,1,0
2015-16,21500041,2,1610612745,3,5,4,1,2,1,0
2015-16,21500041,2,1610612748,4,1,0,1,3,1,0
2015-16,21500041,3,1610612745,4,3,2,1,2,1,1
2015-16,21500041,3,1610612748,7,8,7,3,3,1,1
2015-16,21500041,4,1610612745,4,2,1,1,3,1,0
2015-16,21500041,4,1610612748,5,3,1,1,3,2,1
2015-16,21500042,1,1610612749,2,4,4,2,0,0,0
2015-16,21500042,1,1610612761,5,4,3,2,2,1,1
2015-16,21500042,2,1610612749,1,0,0,0,1,0,0
2015-16,21500042,2,1610612761,6,6,3,3,3,3,0
2015-16,21500042,3,1610612749,7,12,12,4,3,0,0
2015-16,21500042,3,1610612761,7,10,7,4,3,3,0
2015-16,21500042,4,1610612749,5,8,8,4,1,0,0
2015-16,21500042,4,1610612761,2,0,0,0,1,0,1
2015-16,21500043,1,1610612741,3,6,4,3,0,2,0
2015-16,21500043,1,1610612753,3,5,3,2,0,2,1
2015-16,21500043,2,1610612741,3,4,4,2,1,0,0
2015-16,21500043,2,1610612753,2,4,3,2,0,1,0
2015-16,21500043,3,1610612741,5,4,4,1,4,0,0
2015-16,21500043,3,1610612753,4,6,3,3,1,3,0
2015-16,21500043,4,1610612741,6,8,7,1,4,1,1
2015-16,21500043,4,1610612753,4,2,1,1,3,1,0
2015-16,21500044,1,1610612743,4,5,3,3,1,2,0
2015-16,21500044,1,1610612760,3,4,4,3,0,0,0
2015-16,21500044,2,1610612743,4,2,2,2,2,0,0
2015-16,21500044,2,1610612760,1,2,1,1,0,1,0
2015-16,21500044,3,1610612743,6,3,3,2,2,0,1
2015-16,21500044,3,1610612760,7,10,7,2,1,3,4
2015-16,21500044,4,1610612743,5,9,6,5,0,3,0
2015-16,21500044,4,1610612760,4,2,2,1,3,0,0
2015-16,21500045,1,1610612742,3,2,1,1,2,1,0
2015-16,21500045,1,1610612747,4,8,8,4,0,0,0
2015-16,21500045,2,1610612742,3,2,2,1,2,0,0
2015-16,21500045,2,1610612747,8,11,7,4,1,4,3
2015-16,21500045,3,1610612742,3,2,2,1,2,0,0
2015-16,21500045,3,1610612747,3,1,0,1,2,1,0
2015-16,21500045,4,1610612742,8,10,7,4,4,3,0
2015-16,21500045,4,1610612747,5,8,6,4,1,2,0
2015-16,21500046,1,1610612739,4,4,3,2,1,1,1
2015-16,21500046,1,1610612755,4,7,6,3,1,1,0
2015-16,21500046,2,1610612739,5,8,5,3,1,3,1
2015-16,21500046,2,1610612755,4,8,7,4,0,1,0
2015-16,21500046,3,1610612739,3,4,4,2,1,0,0
2015-16,21500046,3,1610612755,5,5,3,2,3,2,0
2015-16,21500046,4,1610612739,4,4,3,2,2,1,0
2015-16,21500046,4,1610612755,4,3,1,2,2,2,0
2015-16,21500047,1,1610612749,5,9,4,4,1,5,0
2015-16,21500047,1,1610612751,7,7,7,3,4,0,0
2015-16,21500047,2,1610612749,4,6,5,2,1,1,1
2015-16,21500047,2,1610612751,4,2,2,1,3,0,0
2015-16,21500047,3,1610612749,2,2,1,1,1,1,0
2015-16,21500047,3,1610612751,6,7,6,4,2,1,0
2015-16,21500047,4,1610612749,7,9,8,3,4,1,0
2015-16,21500047,4,1610612751,5,6,3,3,2,3,0
2015-16,21500048,1,1610612752,1,2,2,1,0,0,0
2015-16,21500048,1,1610612759,4,3,2,2,2,1,0
2015-16,21500048,2,1610612752,1,2,0,1,0,2,0
2015-16,21500048,2,1610612759,3,2,1,1,0,1,2
2015-16,21500048,3,1610612752,6,11,9,5,1,2,0
2015-16,21500048,3,1610612759,4,4,3,2,2,1,0
2015-16,21500048,4,1610612752,4,6,5,2,1,1,1
2015-16,21500048,4,1610612759,5,8,6,4,1,2,0
2015-16,21500049,1,1610612745,2,0,0,0,2,0,0
2015-16,21500049,1,1610612760,4,3,2,2,2,1,0
2015-16,21500049,2,1610612745,7,10,6,4,2,4,1
2015-16,21500049,2,1610612760,4,5,3,3,1,2,0
2015-16,21500049,3,1610612745,9,14,9,5,3,5,1
2015-16,21500049,3,1610612760,6,6,4,2,4,2,0
2015-16,21500049,4,1610612745,4,5,4,2,2,1,0
2015-16,21500049,4,1610612760,8,8,6,2,4,2,1
2015-16,21500050,1,1610612750,9,12,9,4,4,3,1
2015-16,21500050,1,1610612757,5,6,5,2,2,1,1
2015-16,21500050,2,1610612750,6,10,9,3,2,1,0
2015-16,21500050,2,1610612757,3,3,3,2,1,0,0
2015-16,21500050,3,1610612750,5,8,6,3,2,2,0
2015-16,21500050,3,1610612757,5,5,2,2,3,3,0
2015-16,21500050,4,1610612750,5,9,6,4,1,3,0
2015-16,21500050,4,1610612757,6,6,5,1,4,1,1
2015-16,21500051,1,1610612744,4,5,5,3,1,0,0
2015-16,21500051,1,1610612763,3,3,3,2,1,0,0
2015-16,21500051,2,1610612744,4,3,1,2,2,2,0
2015-16,21500051,2,1610612763,3,4,2,2,1,2,0
2015-16,21500051,3,1610612744,6,8,7,5,1,1,0
2015-16,21500051,3,1610612763,5,8,7,4,1,1,0
2015-16,21500051,4,1610612744,9,14,9,1,8,5,0
2015-16,21500051,4,1610612763,4,5,2,3,1,3,0
2015-16,21500052,1,1610612746,2,0,0,0,2,0,0
2015-16,21500052,1,1610612756,2,5,4,2,0,1,0
2015-16,21500052,2,1610612746,6,11,10,6,0,1,0
2015-16,21500052,2,1610612756,6,6,5,1,4,1,1
2015-16,21500052,3,1610612746,4,4,4,3,0,0,1
2015-16,21500052,3,1610612756,4,3,2,2,2,1,0
2015-16,21500052,4,1610612746,8,8,6,0,8,2,0
2015-16,21500052,4,1610612756,6,7,4,2,3,3,1
2015-16,21500053,1,1610612741,2,2,1,1,1,1,0
2015-16,21500053,1,1610612766,5,9,9,4,1,0,0
2015-16,21500053,2,1610612741,3,4,2,2,1,2,0
2015-16,21500053,2,1610612766,1,2,2,1,0,0,0
2015-16,21500053,3,1610612741,2,1,0,1,0,1,1
2015-16,21500053,3,1610612766,3,5,4,3,0,1,0
2015-16,21500053,4,1610612741,3,1,0,1,2,1,0
2015-16,21500053,4,1610612766,6,7,7,4,2,0,0
2015-16,21500054,1,1610612754,4,4,4,2,1,0,1
2015-16,21500054,1,1610612765,2,2,2,1,1,0,0
2015-16,21500054,2,1610612754,5,4,4,1,3,0,1
2015-16,21500054,2,1610612765,4,2,2,1,2,0,1
2015-16,21500054,3,1610612754,4,2,2,2,2,0,0
2015-16,21500054,3,1610612765,4,8,4,4,0,4,0
2015-16,21500054,4,1610612754,5,2,1,1,3,1,1
2015-16,21500054,4,1610612765,4,5,3,2,1,2,0
2015-16,21500055,1,1610612737,3,5,4,3,0,1,0
2015-16,21500055,1,1610612748,2,4,3,2,0,1,0
2015-16,21500055,2,1610612737,4,5,3,2,1,2,0
2015-16,21500055,2,1610612748,4,1,1,1,3,0,0
2015-16,21500055,3,1610612737,6,7,7,4,1,0,1
2015-16,21500055,3,1610612748,4,8,6,4,0,2,0
2015-16,21500055,4,1610612737,5,5,3,1,4,2,0
2015-16,21500055,4,1610612748,4,3,1,2,1,2,1
2015-16,21500056,1,1610612740,2,4,2,2,0,2,0
2015-16,21500056,1,1610612753,1,0,0,0,1,0,0
2015-16,21500056,2,1610612740,7,9,8,4,3,1,0
2015-16,21500056,2,1610612753,4,6,6,3,1,0,0
2015-16,21500056,3,1610612740,2,0,0,0,2,0,0
2015-16,21500056,3,1610612753,2,5,5,2,0,0,0
2015-16,21500056,4,1610612740,6,12,8,4,1,4,1
2015-16,21500056,4,1610612753,3,1,1,1,2,0,0
2015-16,21500057,1,1610612742,6,10,6,4,2,4,0
2015-16,21500057,1,1610612761,3,0,0,0,1,0,2
2015-16,21500057,2,1610612742,6,6,4,3,2,2,1
2015-16,21500057,2,1610612761,7,7,6,2,5,1,0
2015-16,21500057,3,1610612742,4,4,3,2,2,1,0
2015-16,21500057,3,1610612761,4,5,4,2,1,1,1
2015-16,21500057,4,1610612742,5,5,5,3,2,0,0
2015-16,21500057,4,1610612761,8,14,13,3,3,1,1
2015-16,21500058,1,1610612758,6,10,6,3,3,4,0
2015-16,21500058,1,1610612763,1,0,0,0,1,0,0
2015-16,21500058,2,1610612758,6,11,6,4,1,5,1
2015-16,21500058,2,1610612763,6,7,7,1,3,0,2
2015-16,21500058,3,1610612758,8,12,9,5,2,3,1
2015-16,21500058,3,1610612763,5,6,3,4,1,3,0
2015-16,21500058,4,1610612758,8,7,3,2,5,4,1
2015-16,21500058,4,1610612763,7,12,10,3,4,2,0
2015-16,21500059,1,1610612743,4,6,4,3,1,2,0
2015-16,21500059,1,1610612747,6,11,9,6,0,2,0
2015-16,21500059,2,1610612743,12,21,19,9,3,2,0
2015-16,21500059,2,1610612747,3,2,1,1,1,1,1
2015-16,21500059,3,1610612743,5,2,2,2,3,0,0
2015-16,21500059,3,1610612747,5,6,5,3,2,1,0
2015-16,21500059,4,1610612743,4,2,2,2,2,0,0
2015-16,21500059,4,1610612747,9,19,16,6,1,3,2
2015-16,21500060,1,1610612738,2,2,2,1,1,0,0
2015-16,21500060,1,1610612754,4,6,5,3,1,1,0
2015-16,21500060,2,1610612738,6,9,8,5,1,1,0
2015-16,21500060,2,1610612754,6,11,6,5,1,5,0
2015-16,21500060,3,1610612738,7,9,7,4,1,2,2
2015-16,21500060,3,1610612754,4,2,2,1,3,0,0
2015-16,21500060,4,1610612738,3,2,1,1,2,1,0
2015-16,21500060,4,1610612754,7,10,9,2,4,1,1
2015-16,21500061,1,1610612759,4,4,4,2,2,0,0
2015-16,21500061,1,1610612764,4,2,2,1,3,0,0
2015-16,21500061,2,1610612759,4,4,4,2,2,0,0
2015-16,21500061,2,1610612764,2,1,0,1,0,1,1
2015-16,21500061,3,1610612759,4,7,6,3,1,1,0
2015-16,21500061,3,1610612764,6,6,4,2,2,2,2
2015-16,21500061,4,1610612759,5,5,4,2,3,1,0
2015-16,21500061,4,1610612764,4,5,4,2,2,1,0
2015-16,21500062,1,1610612737,4,6,5,2,2,1,0
2015-16,21500062,1,1610612751,3,0,0,0,3,0,0
2015-16,21500062,2,1610612737,6,8,6,3,3,2,0
2015-16,21500062,2,1610612751,5,6,5,3,2,1,0
2015-16,21500062,3,1610612737,1,0,0,0,1,0,0
2015-16,21500062,3,1610612751,5,5,4,3,2,1,0
2015-16,21500062,4,1610612737,7,10,8,4,3,2,0
2015-16,21500062,4,1610612751,3,2,1,1,1,1,1
2015-16,21500063,1,1610612739,2,4,1,2,0,3,0
2015-16,21500063,1,1610612752,2,4,4,2,0,0,0
2015-16,21500063,2,1610612739,6,8,4,4,1,4,1
2015-16,21500063,2,1610612752,4,3,2,2,1,1,1
2015-16,21500063,3,1610612739,6,12,11,5,1,1,0
2015-16,21500063,3,1610612752,6,8,6,4,2,2,0
2015-16,21500063,4,1610612739,6,8,7,2,3,1,1
2015-16,21500063,4,1610612752,0,0,0,0,0,0,0
2015-16,21500064,1,1610612745,6,9,6,5,1,3,0
2015-16,21500064,1,1610612753,2,1,1,1,1,0,0
2015-16,21500064,2,1610612745,3,6,6,2,1,0,0
2015-16,21500064,2,1610612753,5,6,5,1,3,1,0
2015-16,21500064,3,1610612745,5,6,4,3,2,2,0
2015-16,21500064,3,1610612753,4,7,6,3,1,1,0
2015-16,21500064,4,1610612745,5,10,5,5,0,5,0
2015-16,21500064,4,1610612753,4,5,3,3,1,2,0
2015-16,21500065,1,1610612749,7,6,4,4,3,2,0
2015-16,21500065,1,1610612755,3,2,1,1,2,1,0
2015-16,21500065,2,1610612749,5,3,1,2,2,2,1
2015-16,21500065,2,1610612755,5,4,4,2,3,0,0
2015-16,21500065,3,1610612749,5,4,4,3,0,0,2
2015-16,21500065,3,1610612755,5,7,6,3,2,1,0
2015-16,21500065,4,1610612749,5,4,4,1,3,0,1
2015-16,21500065,4,1610612755,4,2,2,1,3,0,0
2015-16,21500066,1,1610612760,1,0,0,0,1,0,0
2015-16,21500066,1,1610612761,5,4,2,1,4,2,0
2015-16,21500066,2,1610612760,4,2,2,1,3,0,0
2015-16,21500066,2,1610612761,6,10,9,4,1,1,1
2015-16,21500066,3,1610612760,5,4,4,1,3,0,1
2015-16,21500066,3,1610612761,8,12,10,6,2,2,0
2015-16,21500066,4,1610612760,3,8,6,3,0,2,0
2015-16,21500066,4,1610612761,9,13,11,2,7,2,0
2015-16,21500067,1,1610612756,3,2,1,1,1,1,1
2015-16,21500067,1,1610612758,3,5,2,3,0,3,0
2015-16,21500067,2,1610612756,7,8,7,2,5,1,0
2015-16,21500067,2,1610612758,4,7,4,4,0,3,0
2015-16,21500067,3,1610612756,6,7,4,3,3,3,0
2015-16,21500067,3,1610612758,1,0,0,0,1,0,0
2015-16,21500067,4,1610612756,6,5,2,3,3,3,0
2015-16,21500067,4,1610612758,1,0,0,0,1,0,0
2015-16,21500068,1,1610612757,3,4,3,2,0,1,1
2015-16,21500068,1,1610612762,1,2,2,1,0,0,0
2015-16,21500068,2,1610612757,9,15,7,7,2,8,0
2015-16,21500068,2,1610612762,5,6,3,2,2,3,1
2015-16,21500068,3,1610612757,6,8,3,2,2,5,2
2015-16,21500068,3,1610612762,9,12,6,6,3,6,0
2015-16,21500068,4,1610612757,3,5,2,2,0,3,0
2015-16,21500068,4,1610612762,8,13,10,7,1,3,0
2015-16,21500069,1,1610612744,5,6,6,3,2,0,0
2015-16,21500069,1,1610612746,6,5,5,2,3,0,1
2015-16,21500069,2,1610612744,7,11,8,4,2,3,0
2015-16,21500069,2,1610612746,5,5,5,2,3,0,0
2015-16,21500069,3,1610612744,6,6,5,2,3,1,1
2015-16,21500069,3,1610612746,3,4,1,2,1,3,0
2015-16,21500069,4,1610612744,7,8,5,1,5,3,1
2015-16,21500069,4,1610612746,7,8,3,3,3,5,0
2015-16,21500070,1,1610612741,5,6,3,2,3,3,0
2015-16,21500070,1,1610612760,4,3,3,2,2,0,0
2015-16,21500070,2,1610612741,6,9,9,5,0,0,1
2015-16,21500070,2,1610612760,3,4,3,2,1,1,0
2015-16,21500070,3,1610612741,2,4,3,2,0,1,0
2015-16,21500070,3,1610612760,4,5,3,3,1,2,0
2015-16,21500070,4,1610612741,4,2,2,1,3,0,0
2015-16,21500070,4,1610612760,6,8,8,4,2,0,0
2015-16,21500071,1,1610612748,3,4,3,2,1,1,0
2015-16,21500071,1,1610612750,2,2,2,1,1,0,0
2015-16,21500071,2,1610612748,3,5,2,3,0,3,0
2015-16,21500071,2,1610612750,6,9,9,5,1,0,0
2015-16,21500071,3,1610612748,8,7,6,3,4,1,1
2015-16,21500071,3,1610612750,5,9,8,4,0,1,1
2015-16,21500071,4,1610612748,8,9,7,4,3,2,1
2015-16,21500071,4,1610612750,4,2,1,1,3,1,0
2015-16,21500072,1,1610612742,4,4,2,2,2,2,0
2015-16,21500072,1,1610612766,2,3,2,2,0,1,0
2015-16,21500072,2,1610612742,7,10,9,2,5,1,0
2015-16,21500072,2,1610612766,3,7,6,2,1,1,0
2015-16,21500072,3,1610612742,4,4,4,2,1,0,1
2015-16,21500072,3,1610612766,1,2,1,1,0,1,0
2015-16,21500072,4,1610612742,8,9,9,4,3,0,1
2015-16,21500072,4,1610612766,5,5,5,1,3,0,0
2015-16,21500073,1,1610612743,6,6,5,1,4,1,1
2015-16,21500073,1,1610612762,1,2,1,1,0,1,0
2015-16,21500073,2,1610612743,4,3,3,2,2,0,0
2015-16,21500073,2,1610612762,5,4,1,1,1,3,3
2015-16,21500073,3,1610612743,8,15,7,6,2,8,0
2015-16,21500073,3,1610612762,4,4,3,2,1,1,1
2015-16,21500073,4,1610612743,6,10,8,4,1,2,1
2015-16,21500073,4,1610612762,4,7,6,2,1,1,0
2015-16,21500074,1,1610612757,2,4,0,2,0,4,0
2015-16,21500074,1,1610612763,3,4,3,2,1,1,0
2015-16,21500074,2,1610612757,3,5,3,3,0,2,0
2015-16,21500074,2,1610612763,4,4,3,2,1,1,1
2015-16,21500074,3,1610612757,6,10,9,5,1,1,0
2015-16,21500074,3,1610612763,4,4,3,2,2,1,0
2015-16,21500074,4,1610612757,3,1,0,1,2,1,0
2015-16,21500074,4,1610612763,6,9,6,4,2,3,0
2015-16,21500075,1,1610612753,6,10,7,3,1,3,2
2015-16,21500075,1,1610612761,5,11,9,4,1,2,0
2015-16,21500075,2,1610612753,4,6,5,2,1,1,0
2015-16,21500075,2,1610612761,4,4,4,2,2,0,0
2015-16,21500075,3,1610612753,3,0,0,0,2,0,1
2015-16,21500075,3,1610612761,9,11,8,6,3,3,0
2015-16,21500075,4,1610612753,5,6,5,1,3,1,0
2015-16,21500075,4,1610612761,5,3,1,2,3,2,0
2015-16,21500076,1,1610612738,5,7,4,3,2,3,0
2015-16,21500076,1,1610612764,4,5,3,3,1,2,0
2015-16,21500076,2,1610612738,4,2,2,0,4,0,0
2015-16,21500076,2,1610612764,4,2,2,2,2,0,0
2015-16,21500076,3,1610612738,6,4,4,1,4,0,1
2015-16,21500076,3,1610612764,3,4,4,2,1,0,0
2015-16,21500076,4,1610612738,6,10,8,5,1,2,0
2015-16,21500076,4,1610612764,8,12,9,6,2,3,0
2015-16,21500077,1,1610612747,5,9,7,2,2,2,1
2015-16,21500077,1,1610612751,2,1,1,1,1,0,0
2015-16,21500077,2,1610612747,8,14,11,4,4,3,0
2015-16,21500077,2,1610612751,5,5,4,1,2,1,2
2015-16,21500077,3,1610612747,7,9,6,3,3,3,1
2015-16,21500077,3,1610612751,2,0,0,0,2,0,0
2015-16,21500077,4,1610612747,7,8,7,1,6,1,0
2015-16,21500077,4,1610612751,9,14,10,5,4,4,0
2015-16,21500078,1,1610612739,5,3,1,2,2,2,1
2015-16,21500078,1,1610612755,5,5,2,2,3,3,0
2015-16,21500078,2,1610612739,4,3,2,3,1,1,0
2015-16,21500078,2,1610612755,1,0,0,0,1,0,0
2015-16,21500078,3,1610612739,4,4,3,2,1,1,1
2015-16,21500078,3,1610612755,6,6,4,1,4,2,1
2015-16,21500078,4,1610612739,3,2,2,1,2,0,0
2015-16,21500078,4,1610612755,5,4,4,2,3,0,0
2015-16,21500079,1,1610612749,2,5,4,2,0,1,0
2015-16,21500079,1,1610612752,6,4,4,0,5,0,1
2015-16,21500079,2,1610612749,7,10,10,3,3,0,1
2015-16,21500079,2,1610612752,7,12,10,5,2,2,0
2015-16,21500079,3,1610612749,4,7,5,4,0,2,0
2015-16,21500079,3,1610612752,5,4,1,2,3,3,0
2015-16,21500079,4,1610612749,6,7,7,2,4,0,0
2015-16,21500079,4,1610612752,5,8,7,4,1,1,0
2015-16,21500080,1,1610612748,5,3,3,2,2,0,1
2015-16,21500080,1,1610612754,3,4,1,2,1,3,0
2015-16,21500080,2,1610612748,5,6,4,3,2,2,0
2015-16,21500080,2,1610612754,2,7,6,2,0,1,0
2015-16,21500080,3,1610612748,1,0,0,0,1,0,0
2015-16,21500080,3,1610612754,4,2,0,1,3,2,0
2015-16,21500080,4,1610612748,4,4,2,3,0,2,0
2015-16,21500080,4,1610612754,7,11,6,4,3,5,0
2015-16,21500081,1,1610612737,7,12,11,6,1,1,0
2015-16,21500081,1,1610612740,3,2,2,1,2,0,0
2015-16,21500081,2,1610612737,3,4,3,2,1,1,0
2015-16,21500081,2,1610612740,2,4,2,2,0,2,0
2015-16,21500081,3,1610612737,4,3,2,2,2,1,0
2015-16,21500081,3,1610612740,6,6,5,2,4,1,0
2015-16,21500081,4,1610612737,8,16,14,4,4,2,0
2015-16,21500081,4,1610612740,8,12,12,7,1,0,0
2015-16,21500082,1,1610612756,2,0,0,0,2,0,0
2015-16,21500082,1,1610612765,4,3,3,2,2,0,0
2015-16,21500082,2,1610612756,4,2,2,1,2,0,1
2015-16,21500082,2,1610612765,5,4,1,2,3,3,0
2015-16,21500082,3,1610612756,5,4,3,2,2,1,1
2015-16,21500082,3,1610612765,5,6,2,2,3,4,0
2015-16,21500082,4,1610612756,7,7,3,2,4,4,1
2015-16,21500082,4,1610612765,13,23,12,5,7,11,1
2015-16,21500083,1,1610612743,4,5,4,2,2,1,0
2015-16,21500083,1,1610612744,3,3,2,2,1,1,0
2015-16,21500083,2,1610612743,7,10,7,3,4,3,0
2015-16,21500083,2,1610612744,2,0,0,0,2,0,0
2015-16,21500083,3,1610612743,4,4,4,2,1,0,1
2015-16,21500083,3,1610612744,5,3,2,2,2,1,1
2015-16,21500083,4,1610612743,3,3,3,2,1,0,0
2015-16,21500083,4,1610612744,6,12,6,4,2,6,0
2015-16,21500084,1,1610612745,5,9,6,5,0,3,0
2015-16,21500084,1,1610612758,6,8,6,2,4,2,0
2015-16,21500084,2,1610612745,4,4,4,3,1,0,0
2015-16,21500084,2,1610612758,4,4,3,1,2,1,1
2015-16,21500084,3,1610612745,2,4,3,2,0,1,0
2015-16,21500084,3,1610612758,7,10,6,4,3,4,0
2015-16,21500084,4,1610612745,7,10,8,2,5,2,0
2015-16,21500084,4,1610612758,7,7,6,4,3,1,0
2015-16,21500085,1,1610612741,3,6,4,3,0,2,0
2015-16,21500085,1,1610612750,3,3,2,2,1,1,0
2015-16,21500085,2,1610612741,7,10,8,4,3,2,0
2015-16,21500085,2,1610612750,4,3,3,2,2,0,0
2015-16,21500085,3,1610612741,6,5,2,1,4,3,1
2015-16,21500085,3,1610612750,3,5,4,3,0,1,0
2015-16,21500085,4,1610612741,4,2,2,1,3,0,0
2015-16,21500085,4,1610612750,7,11,5,4,2,6,1
2015-16,21500086,1,1610612737,4,0,0,0,2,0,2
2015-16,21500086,1,1610612764,1,0,0,0,1,0,0
2015-16,21500086,2,1610612737,3,2,2,1,2,0,0
2015-16,21500086,2,1610612764,4,3,3,2,2,0,0
2015-16,21500086,3,1610612737,3,4,4,2,1,0,0
2015-16,21500086,3,1610612764,5,8,8,4,1,0,0
2015-16,21500086,4,1610612737,6,9,9,4,1,0,1
2015-16,21500086,4,1610612764,5,6,4,4,1,2,0
2015-16,21500087,1,1610612753,1,0,0,0,1,0,0
2015-16,21500087,1,1610612755,4,1,1,1,3,0,0
2015-16,21500087,2,1610612753,6,8,6,4,2,2,0
2015-16,21500087,2,1610612755,1,3,1,1,0,2,0
2015-16,21500087,3,1610612753,5,6,5,2,1,1,1
2015-16,21500087,3,1610612755,6,8,5,3,2,3,1
2015-16,21500087,4,1610612753,7,10,10,2,4,0,1
2015-16,21500087,4,1610612755,9,14,7,7,1,7,1
2015-16,21500088,1,1610612740,3,0,0,0,3,0,0
2015-16,21500088,1,1610612742,5,2,2,2,3,0,0
2015-16,21500088,2,1610612740,4,4,4,2,1,0,1
2015-16,21500088,2,1610612742,5,6,5,3,2,1,0
2015-16,21500088,3,1610612740,4,3,2,2,2,1,0
2015-16,21500088,3,1610612742,4,5,4,2,2,1,0
2015-16,21500088,4,1610612740,4,6,5,3,1,1,0
2015-16,21500088,4,1610612742,6,9,7,4,2,2,0
2015-16,21500089,1,1610612749,3,5,3,2,1,2,0
2015-16,21500089,1,1610612751,6,8,6,3,3,2,0
2015-16,21500089,2,1610612749,5,5,4,4,1,1,0
2015-16,21500089,2,1610612751,3,0,0,0,3,0,0
2015-16,21500089,3,1610612749,1,1,0,1,0,1,0
2015-16,21500089,3,1610612751,4,6,5,3,0,1,1
2015-16,21500089,4,1610612749,5,5,5,3,2,0,0
2015-16,21500089,4,1610612751,3,5,4,1,2,1,0
2015-16,21500090,1,1610612759,3,6,2,3,0,4,0
2015-16,21500090,1,1610612766,6,8,5,2,3,3,1
2015-16,21500090,2,1610612759,7,9,8,4,3,1,0
2015-16,21500090,2,1610612766,5,6,4,3,2,2,0
2015-16,21500090,3,1610612759,4,5,4,3,1,1,0
2015-16,21500090,3,1610612766,3,5,4,2,1,1,0
2015-16,21500090,4,1610612759,3,3,1,2,1,2,0
2015-16,21500090,4,1610612766,9,12,7,3,5,5,1
2015-16,21500091,1,1610612762,3,4,3,2,0,1,1
2015-16,21500091,1,1610612763,0,0,0,0,0,0,0
2015-16,21500091,2,1610612762,6,6,6,1,3,0,1
2015-16,21500091,2,1610612763,7,6,5,2,5,1,0
2015-16,21500091,3,1610612762,4,2,1,1,3,1,0
2015-16,21500091,3,1610612763,4,3,3,1,2,0,1
2015-16,21500091,4,1610612762,7,6,5,0,6,1,1
2015-16,21500091,4,1610612763,5,5,5,3,1,0,1
2015-16,21500092,1,1610612744,2,4,3,2,0,1,0
2015-16,21500092,1,1610612758,3,2,1,1,1,1,1
2015-16,21500092,2,1610612744,4,3,2,1,3,1,0
2015-16,21500092,2,1610612758,6,6,5,3,3,1,0
2015-16,21500092,3,1610612744,4,3,2,2,1,1,1
2015-16,21500092,3,1610612758,2,3,2,1,1,1,0
2015-16,21500092,4,1610612744,9,12,12,2,5,0,2
2015-16,21500092,4,1610612758,3,5,4,2,0,1,1
2015-16,21500093,1,1610612745,5,7,7,4,1,0,0
2015-16,21500093,1,1610612746,5,6,5,4,1,1,0
2015-16,21500093,2,1610612745,2,2,2,1,1,0,0
2015-16,21500093,2,1610612746,5,6,4,2,3,2,0
2015-16,21500093,3,1610612745,6,6,5,4,2,1,0
2015-16,21500093,3,1610612746,2,0,0,0,1,0,1
2015-16,21500093,4,1610612745,10,14,12,2,8,2,0
2015-16,21500093,4,1610612746,11,13,8,1,8,5,2
2015-16,21500094,1,1610612739,5,6,3,4,1,3,0
2015-16,21500094,1,1610612754,5,6,2,3,2,4,0
2015-16,21500094,2,1610612739,5,4,3,1,3,1,0
2015-16,21500094,2,1610612754,1,0,0,0,1,0,0
2015-16,21500094,3,1610612739,5,7,4,4,1,3,0
2015-16,21500094,3,1610612754,8,11,9,4,4,2,0
2015-16,21500094,4,1610612739,4,8,7,3,1,1,0
2015-16,21500094,4,1610612754,5,2,2,1,3,0,1
2015-16,21500095,1,1610612747,7,9,6,3,2,3,2
2015-16,21500095,1,1610612752,5,5,4,3,2,1,0
2015-16,21500095,2,1610612747,1,0,0,0,1,0,0
2015-16,21500095,2,1610612752,1,2,2,1,0,0,0
2015-16,21500095,3,1610612747,1,6,4,1,0,2,0
2015-16,21500095,3,1610612752,4,6,5,3,1,1,0
2015-16,21500095,4,1610612747,6,8,4,2,4,4,0
2015-16,21500095,4,1610612752,9,16,13,4,4,3,1
2015-16,21500096,1,1610612748,3,1,1,1,2,0,0
2015-16,21500096,1,1610612761,4,2,1,1,1,1,2
2015-16,21500096,2,1610612748,6,8,6,2,4,2,0
2015-16,21500096,2,1610612761,4,1,1,1,3,0,0
2015-16,21500096,3,1610612748,7,11,8,3,4,3,0
2015-16,21500096,3,1610612761,6,8,8,4,2,0,0
2015-16,21500096,4,1610612748,2,5,3,2,0,2,0
2015-16,21500096,4,1610612761,6,11,7,6,0,4,0
2015-16,21500097,1,1610612756,8,11,7,4,2,4,2
2015-16,21500097,1,1610612760,4,5,4,3,1,1,0
2015-16,21500097,2,1610612756,4,6,5,3,1,1,0
2015-16,21500097,2,1610612760,6,10,9,5,1,1,0
2015-16,21500097,3,1610612756,5,3,3,1,4,0,0
2015-16,21500097,3,1610612760,8,10,6,5,3,4,0
2015-16,21500097,4,1610612756,5,6,5,3,2,1,0
2015-16,21500097,4,1610612760,4,5,3,3,1,2,0
2015-16,21500098,1,1610612757,5,7,4,4,1,3,0
2015-16,21500098,1,1610612765,2,0,0,0,2,0,0
2015-16,21500098,2,1610612757,2,3,3,0,2,0,0
2015-16,21500098,2,1610612765,4,2,2,1,2,0,1
2015-16,21500098,3,1610612757,3,4,3,2,1,1,0
2015-16,21500098,3,1610612765,5,8,6,3,2,2,0
2015-16,21500098,4,1610612757,4,4,2,1,2,2,0
2015-16,21500098,4,1610612765,7,12,7,2,5,5,0
2015-16,21500099,1,1610612753,4,3,1,2,1,2,1
2015-16,21500099,1,1610612754,4,5,5,2,2,0,0
2015-16,21500099,2,1610612753,7,8,7,4,2,1,0
2015-16,21500099,2,1610612754,1,2,1,1,0,1,0
2015-16,21500099,3,1610612753,3,2,2,1,2,0,0
2015-16,21500099,3,1610612754,6,9,7,1,4,2,1
2015-16,21500099,4,1610612753,2,4,2,2,0,2,0
2015-16,21500099,4,1610612754,6,6,5,2,4,1,0
2015-16,21500100,1,1610612741,3,5,4,3,0,1,0
2015-16,21500100,1,1610612755,4,5,3,3,1,2,0
2015-16,21500100,2,1610612741,2,4,4,2,0,0,0
2015-16,21500100,2,1610612755,5,6,3,2,3,3,0
2015-16,21500100,3,1610612741,4,8,6,3,1,2,0
2015-16,21500100,3,1610612755,3,3,2,2,0,1,1
2015-16,21500100,4,1610612741,3,6,5,2,0,1,0
2015-16,21500100,4,1610612755,6,9,5,5,0,4,1
2015-16,21500101,1,1610612737,4,0,0,0,4,0,0
2015-16,21500101,1,1610612750,4,2,2,0,3,0,0
2015-16,21500101,2,1610612737,4,2,2,1,3,0,0
2015-16,21500101,2,1610612750,5,7,6,4,1,1,0
2015-16,21500101,3,1610612737,4,2,1,2,2,1,0
2015-16,21500101,3,1610612750,1,0,0,0,1,0,0
2015-16,21500101,4,1610612737,4,3,3,2,2,0,0
2015-16,21500101,4,1610612750,8,13,10,5,3,3,0
2015-16,21500102,1,1610612743,4,8,7,4,0,1,0
2015-16,21500102,1,1610612757,6,8,6,4,1,2,1
2015-16,21500102,2,1610612743,6,11,6,5,1,5,0
2015-16,21500102,2,1610612757,5,10,7,5,0,3,0
2015-16,21500102,3,1610612743,4,4,1,3,1,3,0
2015-16,21500102,3,1610612757,4,3,3,2,2,0,0
2015-16,21500102,4,1610612743,7,9,7,4,1,2,2
2015-16,21500102,4,1610612757,4,6,6,3,0,0,1
2015-16,21500103,1,1610612758,2,3,2,1,0,1,1
2015-16,21500103,1,1610612759,1,2,2,1,0,0,0
2015-16,21500103,2,1610612758,3,2,0,1,2,2,0
2015-16,21500103,2,1610612759,4,3,2,1,3,1,0
2015-16,21500103,3,1610612758,8,14,11,4,3,3,1
2015-16,21500103,3,1610612759,4,3,1,1,3,2,0
2015-16,21500103,4,1610612758,4,0,0,0,4,0,0
2015-16,21500103,4,1610612759,4,3,3,2,2,0,0
2015-16,21500104,1,1610612744,2,2,1,1,0,1,1
2015-16,21500104,1,1610612765,2,2,1,1,1,1,0
2015-16,21500104,2,1610612744,3,3,3,2,1,0,0
2015-16,21500104,2,1610612765,3,3,1,1,1,2,1
2015-16,21500104,3,1610612744,4,7,6,3,1,1,0
2015-16,21500104,3,1610612765,6,7,5,2,3,2,1
2015-16,21500104,4,1610612744,3,1,1,0,2,0,1
2015-16,21500104,4,1610612765,6,3,2,2,4,1,0
2015-16,21500105,1,1610612746,5,8,8,3,2,0,0
2015-16,21500105,1,1610612763,2,2,1,1,0,1,1
2015-16,21500105,2,1610612746,5,7,6,4,1,1,0
2015-16,21500105,2,1610612763,4,6,4,3,1,2,0
2015-16,21500105,3,1610612746,6,9,8,4,0,1,2
2015-16,21500105,3,1610612763,1,0,0,0,1,0,0
2015-16,21500105,4,1610612746,8,13,11,2,5,2,0
2015-16,21500105,4,1610612763,11,21,15,6,2,6,2
2015-16,21500106,1,1610612739,2,0,0,0,2,0,0
2015-16,21500106,1,1610612762,4,6,5,3,1,1,0
2015-16,21500106,2,1610612739,7,8,7,2,5,1,0
2015-16,21500106,2,1610612762,5,6,6,3,2,0,0
2015-16,21500106,3,1610612739,11,16,12,4,6,4,1
2015-16,21500106,3,1610612762,5,8,7,4,1,1,0
2015-16,21500106,4,1610612739,13,19,14,6,6,5,1
2015-16,21500106,4,1610612762,7,8,6,0,5,2,1
2015-16,21500107,1,1610612760,2,3,3,2,0,0,0
2015-16,21500107,1,1610612764,3,5,5,3,0,0,0
2015-16,21500107,2,1610612760,9,14,11,4,5,3,0
2015-16,21500107,2,1610612764,6,7,4,4,0,3,2
2015-16,21500107,3,1610612760,5,4,3,1,3,1,1
2015-16,21500107,3,1610612764,6,8,7,3,3,1,0
2015-16,21500107,4,1610612760,6,8,5,4,2,3,0
2015-16,21500107,4,1610612764,7,6,4,3,4,2,0
2015-16,21500108,1,1610612747,3,5,4,2,1,1,0
2015-16,21500108,1,1610612748,4,5,4,3,1,1,0
2015-16,21500108,2,1610612747,2,1,0,1,1,1,0
2015-16,21500108,2,1610612748,6,9,6,4,2,3,0
2015-16,21500108,3,1610612747,3,0,0,0,2,0,1
2015-16,21500108,3,1610612748,6,8,6,3,2,2,1
2015-16,21500108,4,1610612747,4,6,5,3,1,1,0
2015-16,21500108,4,1610612748,5,5,4,3,1,1,1
2015-16,21500109,1,1610612752,3,4,4,2,0,0,1
2015-16,21500109,1,1610612761,6,8,5,3,3,3,0
2015-16,21500109,2,1610612752,5,3,3,2,3,0,0
2015-16,21500109,2,1610612761,8,12,9,7,1,3,0
2015-16,21500109,3,1610612752,3,3,2,2,1,1,0
2015-16,21500109,3,1610612761,6,9,8,4,2,1,0
2015-16,21500109,4,1610612752,5,8,7,1,4,1,0
2015-16,21500109,4,1610612761,6,10,9,5,1,1,0
2015-16,21500110,1,1610612738,3,3,3,3,0,0,0
2015-16,21500110,1,1610612749,3,4,2,2,1,2,0
2015-16,21500110,2,1610612738,2,2,2,1,0,0,1
2015-16,21500110,2,1610612749,5,7,6,3,2,1,0
2015-16,21500110,3,1610612738,7,10,8,3,4,2,0
2015-16,21500110,3,1610612749,6,9,6,5,1,3,0
2015-16,21500110,4,1610612738,3,4,3,2,1,1,0
2015-16,21500110,4,1610612749,4,3,3,2,2,0,0
2015-16,21500111,1,1610612750,2,4,4,2,0,0,0
2015-16,21500111,1,1610612766,9,17,14,6,2,3,1
2015-16,21500111,2,1610612750,5,8,5,3,2,3,0
2015-16,21500111,2,1610612766,2,4,4,2,0,0,0
2015-16,21500111,3,1610612750,4,5,3,3,1,2,0
2015-16,21500111,3,1610612766,3,3,1,2,1,2,0
2015-16,21500111,4,1610612750,3,2,2,1,2,0,0
2015-16,21500111,4,1610612766,3,3,1,2,1,2,0
2015-16,21500112,1,1610612740,4,2,2,1,3,0,0
2015-16,21500112,1,1610612742,5,6,6,3,2,0,0
2015-16,21500112,2,1610612740,4,5,2,2,1,3,1
2015-16,21500112,2,1610612742,4,3,1,2,2,2,0
2015-16,21500112,3,1610612740,7,9,8,2,4,1,1
2015-16,21500112,3,1610612742,8,8,7,2,3,1,3
2015-16,21500112,4,1610612740,2,2,2,1,1,0,0
2015-16,21500112,4,1610612742,7,9,8,5,1,1,1
2015-16,21500113,1,1610612752,1,2,1,1,0,1,0
2015-16,21500113,1,1610612766,5,6,4,2,3,2,0
2015-16,21500113,2,1610612752,1,0,0,0,1,0,0
2015-16,21500113,2,1610612766,6,11,7,5,1,4,0
2015-16,21500113,3,1610612752,5,4,3,2,3,1,0
2015-16,21500113,3,1610612766,3,2,1,1,2,1,0
2015-16,21500113,4,1610612752,2,1,1,1,1,0,0
2015-16,21500113,4,1610612766,7,9,5,2,5,4,0
2015-16,21500114,1,1610612747,2,0,0,0,2,0,0
2015-16,21500114,1,1610612753,2,4,2,1,1,2,0
2015-16,21500114,2,1610612747,4,0,0,0,3,0,1
2015-16,21500114,2,1610612753,6,7,5,4,2,2,0
2015-16,21500114,3,1610612747,5,8,6,4,1,2,0
2015-16,21500114,3,1610612753,2,1,1,1,1,0,0
2015-16,21500114,4,1610612747,7,10,8,3,3,2,1
2015-16,21500114,4,1610612753,1,0,0,0,1,0,0
2015-16,21500115,1,1610612755,5,7,4,4,0,3,1
2015-16,21500115,1,1610612761,6,10,9,4,2,1,0
2015-16,21500115,2,1610612755,5,4,3,1,4,1,0
2015-16,21500115,2,1610612761,5,3,3,2,3,0,0
2015-16,21500115,3,1610612755,3,2,2,1,2,0,0
2015-16,21500115,3,1610612761,6,8,6,3,3,2,0
2015-16,21500115,4,1610612755,3,4,2,2,1,2,0
2015-16,21500115,4,1610612761,6,10,10,5,0,0,1
2015-16,21500116,1,1610612738,5,6,5,3,2,1,0
2015-16,21500116,1,1610612754,7,10,6,4,1,4,2
2015-16,21500116,2,1610612738,7,7,6,1,5,1,1
2015-16,21500116,2,1610612754,6,8,5,1,4,3,0
2015-16,21500116,3,1610612738,10,19,12,6,3,7,1
2015-16,21500116,3,1610612754,7,11,8,4,3,3,0
2015-16,21500116,4,1610612738,3,0,0,0,2,0,1
2015-16,21500116,4,1610612754,3,2,1,1,1,1,1
2015-16,21500117,1,1610612737,4,2,1,1,3,1,0
2015-16,21500117,1,1610612740,5,6,3,3,1,3,1
2015-16,21500117,2,1610612737,2,0,0,0,2,0,0
2015-16,21500117,2,1610612740,1,0,0,0,1,0,0
2015-16,21500117,3,1610612737,7,8,6,2,4,2,1
2015-16,21500117,3,1610612740,7,6,5,4,2,1,1
2015-16,21500117,4,1610612737,4,6,5,4,0,1,0
2015-16,21500117,4,1610612740,2,3,2,1,1,1,0
2015-16,21500118,1,1610612742,5,7,4,4,1,3,0
2015-16,21500118,1,1610612746,8,9,5,2,6,4,0
2015-16,21500118,2,1610612742,6,8,6,2,4,2,0
2015-16,21500118,2,1610612746,4,4,3,2,1,1,1
2015-16,21500118,3,1610612742,3,2,1,0,3,1,0
2015-16,21500118,3,1610612746,7,8,6,2,5,2,0
2015-16,21500118,4,1610612742,9,13,12,2,7,1,0
2015-16,21500118,4,1610612746,8,12,8,2,6,4,0
2015-16,21500119,1,1610612745,5,4,2,2,2,2,1
2015-16,21500119,1,1610612751,4,5,3,3,1,2,0
2015-16,21500119,2,1610612745,4,5,1,3,1,4,0
2015-16,21500119,2,1610612751,2,5,4,2,0,1,0
2015-16,21500119,3,1610612745,1,3,3,1,0,0,0
2015-16,21500119,3,1610612751,2,3,3,1,1,0,0
2015-16,21500119,4,1610612745,2,0,0,0,2,0,0
2015-16,21500119,4,1610612751,5,4,4,1,4,0,0
2015-16,21500120,1,1610612744,4,3,2,2,2,1,0
2015-16,21500120,1,1610612763,5,4,4,1,3,0,1
2015-16,21500120,2,1610612744,5,7,5,3,2,2,0
2015-16,21500120,2,1610612763,9,13,11,4,4,2,1
2015-16,21500120,3,1610612744,8,9,7,3,3,2,2
2015-16,21500120,3,1610612763,8,13,12,4,4,1,0
2015-16,21500120,4,1610612744,6,4,3,0,3,1,3
2015-16,21500120,4,1610612763,6,6,6,3,2,0,1
2015-16,21500121,1,1610612743,3,4,4,2,1,0,0
2015-16,21500121,1,1610612749,1,0,0,0,1,0,0
2015-16,21500121,2,1610612743,4,3,2,2,1,1,1
2015-16,21500121,2,1610612749,3,0,0,0,3,0,0
2015-16,21500121,3,1610612743,8,10,7,2,4,3,2
2015-16,21500121,3,1610612749,3,3,3,1,2,0,0
2015-16,21500121,4,1610612743,7,7,4,3,4,3,0
2015-16,21500121,4,1610612749,4,6,5,3,1,1,0
2015-16,21500122,1,1610612758,3,5,4,3,0,1,0
2015-16,21500122,1,1610612765,5,7,4,4,1,3,0
2015-16,21500122,2,1610612758,2,2,1,1,1,1,0
2015-16,21500122,2,1610612765,3,4,3,2,1,1,0
2015-16,21500122,3,1610612758,7,7,5,1,5,2,0
2015-16,21500122,3,1610612765,3,3,2,2,1,1,0
2015-16,21500122,4,1610612758,7,10,8,2,4,2,1
2015-16,21500122,4,1610612765,4,6,6,2,1,0,1
2015-16,21500123,1,1610612757,2,1,0,1,1,1,0
2015-16,21500123,1,1610612759,1,2,2,1,0,0,0
2015-16,21500123,2,1610612757,3,2,0,1,0,2,2
2015-16,21500123,2,1610612759,5,9,7,5,0,2,0
2015-16,21500123,3,1610612757,8,10,7,3,5,3,0
2015-16,21500123,3,1610612759,5,4,3,2,3,1,0
2015-16,21500123,4,1610612757,7,10,7,3,3,3,1
2015-16,21500123,4,1610612759,3,3,2,2,1,1,0
2015-16,21500124,1,1610612748,3,4,3,2,1,1,0
2015-16,21500124,1,1610612762,7,12,10,5,2,2,0
2015-16,21500124,2,1610612748,3,2,2,1,2,0,0
2015-16,21500124,2,1610612762,2,2,1,2,0,1,0
2015-16,21500124,3,1610612748,5,2,1,1,4,1,0
2015-16,21500124,3,1610612762,4,6,5,3,0,1,1
2015-16,21500124,4,1610612748,10,17,10,4,6,7,0
2015-16,21500124,4,1610612762,5,5,3,3,2,2,0
2015-16,21500125,1,1610612744,4,5,5,2,2,0,0
2015-16,21500125,1,1610612750,2,4,3,2,0,1,0
2015-16,21500125,2,1610612744,1,0,0,0,1,0,0
2015-16,21500125,2,1610612750,9,16,13,7,2,3,0
2015-16,21500125,3,1610612744,6,5,5,1,3,0,1
2015-16,21500125,3,1610612750,5,7,6,4,1,1,0
2015-16,21500125,4,1610612744,6,6,5,4,2,1,0
2015-16,21500125,4,1610612750,8,9,5,3,5,4,0
2015-16,21500126,1,1610612746,2,3,2,2,0,1,0
2015-16,21500126,1,1610612756,5,6,5,3,2,1,0
2015-16,21500126,2,1610612746,10,14,5,2,6,9,1
2015-16,21500126,2,1610612756,2,3,3,1,1,0,0
2015-16,21500126,3,1610612746,7,7,4,3,4,3,0
2015-16,21500126,3,1610612756,6,8,7,4,2,1,0
2015-16,21500126,4,1610612746,4,4,4,3,0,0,1
2015-16,21500126,4,1610612756,3,4,1,1,2,3,0
2015-16,21500127,1,1610612750,1,2,2,1,0,0,0
2015-16,21500127,1,1610612754,1,2,2,1,0,0,0
2015-16,21500127,2,1610612750,2,4,4,2,0,0,0
2015-16,21500127,2,1610612754,4,5,4,3,1,1,0
2015-16,21500127,3,1610612750,4,7,6,4,0,1,0
2015-16,21500127,3,1610612754,5,4,3,2,2,1,1
2015-16,21500127,4,1610612750,2,0,0,0,2,0,0
2015-16,21500127,4,1610612754,8,12,6,3,5,6,0
2015-16,21500128,1,1610612753,5,7,7,4,1,0,0
2015-16,21500128,1,1610612762,3,3,3,2,1,0,0
2015-16,21500128,2,1610612753,6,9,8,3,2,1,1
2015-16,21500128,2,1610612762,4,2,2,0,4,0,0
2015-16,21500128,3,1610612753,7,8,8,2,2,0,3
2015-16,21500128,3,1610612762,7,8,4,4,3,4,0
2015-16,21500128,4,1610612753,6,7,5,2,4,2,0
2015-16,21500128,4,1610612762,6,10,8,5,0,2,1
2015-16,21500129,1,1610612737,3,4,2,2,1,2,0
2015-16,21500129,1,1610612738,3,4,3,2,1,1,0
2015-16,21500129,2,1610612737,4,2,2,1,3,0,0
2015-16,21500129,2,1610612738,3,3,3,2,1,0,0
2015-16,21500129,3,1610612737,4,4,3,2,2,1,0
2015-16,21500129,3,1610612738,2,4,4,2,0,0,0
2015-16,21500129,4,1610612737,6,10,8,2,2,2,1
2015-16,21500129,4,1610612738,4,1,1,1,0,0,3
2015-16,21500130,1,1610612739,4,5,4,3,1,1,0
2015-16,21500130,1,1610612752,3,4,4,2,0,0,1
2015-16,21500130,2,1610612739,5,5,2,3,2,3,0
2015-16,21500130,2,1610612752,5,7,6,4,1,1,0
2015-16,21500130,3,1610612739,6,7,3,2,2,4,2
2015-16,21500130,3,1610612752,5,6,3,3,2,3,0
2015-16,21500130,4,1610612739,9,14,9,5,4,5,0
2015-16,21500130,4,1610612752,4,4,4,2,2,0,0
2015-16,21500131,1,1610612740,5,4,3,1,4,1,0
2015-16,21500131,1,1610612761,5,6,5,2,2,1,1
2015-16,21500131,2,1610612740,2,5,3,2,0,2,0
2015-16,21500131,2,1610612761,7,10,9,2,4,1,1
2015-16,21500131,3,1610612740,4,3,2,1,2,1,1
2015-16,21500131,3,1610612761,2,2,2,1,1,0,0
2015-16,21500131,4,1610612740,6,8,6,2,3,2,1
2015-16,21500131,4,1610612761,6,9,7,4,2,2,0
2015-16,21500132,1,1610612741,4,4,3,3,1,1,0
2015-16,21500132,1,1610612766,2,1,1,0,2,0,0
2015-16,21500132,2,1610612741,5,8,6,3,1,2,1
2015-16,21500132,2,1610612766,5,6,4,3,2,2,0
2015-16,21500132,3,1610612741,6,13,9,4,1,4,1
2015-16,21500132,3,1610612766,5,5,5,3,2,0,0
2015-16,21500132,4,1610612741,6,6,6,2,4,0,0
2015-16,21500132,4,1610612766,4,0,0,0,4,0,0
2015-16,21500133,1,1610612757,4,3,3,2,1,0,1
2015-16,21500133,1,1610612763,4,4,4,2,2,0,0
2015-16,21500133,2,1610612757,7,12,11,5,2,1,0
2015-16,21500133,2,1610612763,4,8,8,4,0,0,0
2015-16,21500133,3,1610612757,1,0,0,0,1,0,0
2015-16,21500133,3,1610612763,4,4,4,2,2,0,0
2015-16,21500133,4,1610612757,9,14,12,2,7,2,0
2015-16,21500133,4,1610612763,6,11,7,3,2,4,1
2015-16,21500134,1,1610612755,3,2,2,1,1,0,1
2015-16,21500134,1,1610612760,1,0,0,0,1,0,0
2015-16,21500134,2,1610612755,6,10,8,4,0,2,2
2015-16,21500134,2,1610612760,2,4,4,2,0,0,0
2015-16,21500134,3,1610612755,3,7,5,3,0,2,0
2015-16,21500134,3,1610612760,5,6,3,3,1,3,0
2015-16,21500134,4,1610612755,7,9,5,4,0,4,3
2015-16,21500134,4,1610612760,6,11,9,6,0,2,0
2015-16,21500135,1,1610612742,4,6,5,3,1,1,0
2015-16,21500135,1,1610612747,2,4,2,2,0,2,0
2015-16,21500135,2,1610612742,4,2,1,1,2,1,1
2015-16,21500135,2,1610612747,3,2,2,1,2,0,0
2015-16,21500135,3,1610612742,6,8,5,3,2,3,1
2015-16,21500135,3,1610612747,4,4,3,2,2,1,0
2015-16,21500135,4,1610612742,8,13,12,4,4,1,0
2015-16,21500135,4,1610612747,5,8,8,5,0,0,0
2015-16,21500136,1,1610612743,5,8,5,3,2,3,0
2015-16,21500136,1,1610612745,6,13,9,5,1,4,0
2015-16,21500136,2,1610612743,5,9,7,5,0,2,0
2015-16,21500136,2,1610612745,9,12,11,7,0,1,1
2015-16,21500136,3,1610612743,3,4,4,2,1,0,0
2015-16,21500136,3,1610612745,5,5,2,3,1,3,1
2015-16,21500136,4,1610612743,6,11,8,3,2,3,1
2015-16,21500136,4,1610612745,3,1,1,1,1,0,1
2015-16,21500137,1,1610612751,4,6,5,3,1,1,0
2015-16,21500137,1,1610612758,5,7,7,3,2,0,0
2015-16,21500137,2,1610612751,4,5,4,3,1,1,0
2015-16,21500137,2,1610612758,6,5,4,2,4,1,0
2015-16,21500137,3,1610612751,3,5,5,2,1,0,0
2015-16,21500137,3,1610612758,4,4,3,2,1,1,1
2015-16,21500137,4,1610612751,4,5,3,3,1,2,0
2015-16,21500137,4,1610612758,6,10,6,2,4,4,0
2015-16,21500138,1,1610612746,4,8,6,2,2,2,0
2015-16,21500138,1,1610612765,1,3,1,1,0,2,0
2015-16,21500138,2,1610612746,6,6,4,1,4,2,1
2015-16,21500138,2,1610612765,1,2,2,1,0,0,0
2015-16,21500138,3,1610612746,5,4,3,2,2,1,1
2015-16,21500138,3,1610612765,9,16,10,4,5,6,0
2015-16,21500138,4,1610612746,6,8,7,2,2,1,2
2015-16,21500138,4,1610612765,10,14,10,2,7,4,1
2015-16,21500139,1,1610612753,3,2,1,1,2,1,0
2015-16,21500139,1,1610612764,4,5,2,3,1,3,0
2015-16,21500139,2,1610612753,7,10,9,5,2,1,0
2015-16,21500139,2,1610612764,7,10,8,4,3,2,0
2015-16,21500139,3,1610612753,4,4,3,3,1,1,0
2015-16,21500139,3,1610612764,3,4,3,2,0,1,1
2015-16,21500139,4,1610612753,8,8,6,3,5,2,0
2015-16,21500139,4,1610612764,6,7,5,2,3,2,0
2015-16,21500140,1,1610612742,5,5,3,3,2,2,0
2015-16,21500140,1,1610612745,6,8,6,4,2,2,0
2015-16,21500140,2,1610612742,4,1,1,0,3,0,1
2015-16,21500140,2,1610612745,2,4,2,2,0,2,0
2015-16,21500140,3,1610612742,4,4,4,1,2,0,0
2015-16,21500140,3,1610612745,5,8,6,5,0,2,0
2015-16,21500140,4,1610612742,8,11,8,2,4,3,1
2015-16,21500140,4,1610612745,8,12,11,4,4,1,0
2015-16,21500141,1,1610612739,7,10,7,4,2,3,1
2015-16,21500141,1,1610612749,3,3,0,2,1,3,0
2015-16,21500141,2,1610612739,2,4,3,2,0,1,0
2015-16,21500141,2,1610612749,4,5,4,3,0,1,1
2015-16,21500141,3,1610612739,4,4,3,2,2,1,0
2015-16,21500141,3,1610612749,5,4,3,1,4,1,0
2015-16,21500141,4,1610612739,7,5,2,1,5,3,0
2015-16,21500141,4,1610612749,5,4,3,1,3,1,1
2015-16,21500142,1,1610612755,2,2,2,1,1,0,0
2015-16,21500142,1,1610612759,4,6,6,3,0,0,1
2015-16,21500142,2,1610612755,4,8,6,4,0,2,0
2015-16,21500142,2,1610612759,4,5,3,3,1,2,0
2015-16,21500142,3,1610612755,1,0,0,0,1,0,0
2015-16,21500142,3,1610612759,6,10,9,3,3,1,0
2015-16,21500142,4,1610612755,1,1,1,1,0,0,0
2015-16,21500142,4,1610612759,5,4,3,1,3,1,1
2015-16,21500143,1,1610612743,4,2,2,1,3,0,0
2015-16,21500143,1,1610612756,4,4,3,3,1,1,0
2015-16,21500143,2,1610612743,4,2,2,1,3,0,0
2015-16,21500143,2,1610612756,6,9,8,5,0,1,1
2015-16,21500143,3,1610612743,3,2,2,1,1,0,1
2015-16,21500143,3,1610612756,5,5,5,2,3,0,0
2015-16,21500143,4,1610612743,2,2,1,1,1,1,0
2015-16,21500143,4,1610612756,5,8,4,4,1,4,0
2015-16,21500144,1,1610612744,2,1,1,1,1,0,0
2015-16,21500144,1,1610612751,3,2,1,1,2,1,0
2015-16,21500144,2,1610612744,6,9,8,3,3,1,0
2015-16,21500144,2,1610612751,3,2,2,1,2,0,0
2015-16,21500144,3,1610612744,0,0,0,0,0,0,0
2015-16,21500144,3,1610612751,4,2,2,1,3,0,0
2015-16,21500144,4,1610612744,4,0,0,0,3,0,1
2015-16,21500144,4,1610612751,8,10,10,3,5,0,0
2015-16,21500145,1,1610612740,6,6,5,3,2,1,1
2015-16,21500145,1,1610612752,5,2,1,0,4,1,1
2015-16,21500145,2,1610612740,5,2,2,0,4,0,1
2015-16,21500145,2,1610612752,3,4,3,2,1,1,0
2015-16,21500145,3,1610612740,5,7,6,3,2,1,0
2015-16,21500145,3,1610612752,5,3,2,2,3,1,0
2015-16,21500145,4,1610612740,2,4,4,2,0,0,0
2015-16,21500145,4,1610612752,7,10,9,2,5,1,0
2015-16,21500146,1,1610612750,2,4,4,2,0,0,0
2015-16,21500146,1,1610612763,6,4,4,2,4,0,0
2015-16,21500146,2,1610612750,5,7,6,4,1,1,0
2015-16,21500146,2,1610612763,5,7,7,3,2,0,0
2015-16,21500146,3,1610612750,0,0,0,0,0,0,0
2015-16,21500146,3,1610612763,2,2,1,1,1,1,0
2015-16,21500146,4,1610612750,7,10,9,4,3,1,0
2015-16,21500146,4,1610612763,9,14,13,1,8,1,0
2015-16,21500147,1,1610612757,2,3,3,2,0,0,0
2015-16,21500147,1,1610612766,4,2,1,1,2,1,1
2015-16,21500147,2,1610612757,4,8,6,3,1,2,0
2015-16,21500147,2,1610612766,8,9,6,3,5,3,0
2015-16,21500147,3,1610612757,3,6,6,3,0,0,0
2015-16,21500147,3,1610612766,5,3,3,1,3,0,1
2015-16,21500147,4,1610612757,4,4,4,2,2,0,0
2015-16,21500147,4,1610612766,5,5,5,2,3,0,0
2015-16,21500148,1,1610612737,3,6,5,3,0,1,0
2015-16,21500148,1,1610612762,3,5,4,3,0,1,0
2015-16,21500148,2,1610612737,4,2,2,1,3,0,0
2015-16,21500148,2,1610612762,5,8,5,5,0,3,0
2015-16,21500148,3,1610612737,3,6,5,3,0,1,0
2015-16,21500148,3,1610612762,4,1,1,1,3,0,0
2015-16,21500148,4,1610612737,3,3,2,1,1,1,1
2015-16,21500148,4,1610612762,2,3,2,1,1,1,0
2015-16,21500149,1,1610612738,5,4,1,1,4,3,0
2015-16,21500149,1,1610612760,2,2,2,1,1,0,0
2015-16,21500149,2,1610612738,2,2,1,1,0,1,1
2015-16,21500149,2,1610612760,8,11,10,1,6,1,1
2015-16,21500149,3,1610612738,4,6,4,3,1,2,0
2015-16,21500149,3,1610612760,5,6,4,3,1,2,1
2015-16,21500149,4,1610612738,5,8,7,2,1,1,2
2015-16,21500149,4,1610612760,6,10,7,4,2,3,0
2015-16,21500150,1,1610612758,3,3,2,1,2,1,0
2015-16,21500150,1,1610612761,5,7,5,4,1,2,0
2015-16,21500150,2,1610612758,6,7,5,3,3,2,0
2015-16,21500150,2,1610612761,6,6,5,2,2,1,2
2015-16,21500150,3,1610612758,5,6,5,3,2,1,0
2015-16,21500150,3,1610612761,3,1,0,0,3,1,0
2015-16,21500150,4,1610612758,6,8,7,2,4,1,0
2015-16,21500150,4,1610612761,5,0,0,0,3,0,1
2015-16,21500151,1,1610612747,5,9,5,4,1,4,0
2015-16,21500151,1,1610612765,3,0,0,0,2,0,1
2015-16,21500151,2,1610612747,5,9,7,4,0,2,1
2015-16,21500151,2,1610612765,4,3,2,2,2,1,0
2015-16,21500151,3,1610612747,4,4,4,2,1,0,1
2015-16,21500151,3,1610612765,5,7,3,3,1,4,1
2015-16,21500151,4,1610612747,10,17,13,3,4,4,3
2015-16,21500151,4,1610612765,4,5,3,2,2,2,0
2015-16,21500152,1,1610612742,6,6,3,4,1,3,1
2015-16,21500152,1,1610612755,5,5,3,2,3,2,0
2015-16,21500152,2,1610612742,4,4,4,2,2,0,0
2015-16,21500152,2,1610612755,4,7,5,3,1,2,0
2015-16,21500152,3,1610612742,7,10,9,2,4,1,0
2015-16,21500152,3,1610612755,4,1,1,1,3,0,0
2015-16,21500152,4,1610612742,7,10,9,3,4,1,0
2015-16,21500152,4,1610612755,5,7,4,4,0,3,1
2015-16,21500153,1,1610612741,2,2,1,1,1,1,0
2015-16,21500153,1,1610612754,3,4,4,2,1,0,0
2015-16,21500153,2,1610612741,5,8,4,3,1,4,1
2015-16,21500153,2,1610612754,3,3,1,2,1,2,0
2015-16,21500153,3,1610612741,8,14,9,5,3,5,0
2015-16,21500153,3,1610612754,7,11,8,5,2,3,0
2015-16,21500153,4,1610612741,6,8,6,3,3,2,0
2015-16,21500153,4,1610612754,5,6,3,2,3,3,0
2015-16,21500154,1,1610612738,4,4,3,2,2,1,0
2015-16,21500154,1,1610612745,3,4,4,2,1,0,0
2015-16,21500154,2,1610612738,3,6,3,3,0,3,0
2015-16,21500154,2,1610612745,8,12,7,6,2,5,0
2015-16,21500154,3,1610612738,6,4,3,1,3,1,1
2015-16,21500154,3,1610612745,4,2,0,1,3,2,0
2015-16,21500154,4,1610612738,4,3,3,1,0,0,3
2015-16,21500154,4,1610612745,4,5,1,3,1,4,0
2015-16,21500155,1,1610612760,3,5,4,3,0,1,0
2015-16,21500155,1,1610612763,7,8,7,4,2,1,1
2015-16,21500155,2,1610612760,8,10,6,3,3,4,2
2015-16,21500155,2,1610612763,5,6,6,3,2,0,0
2015-16,21500155,3,1610612760,5,8,7,3,2,1,0
2015-16,21500155,3,1610612763,5,7,6,2,2,1,1
2015-16,21500155,4,1610612760,6,8,5,2,4,3,0
2015-16,21500155,4,1610612763,10,18,17,5,4,1,1
2015-16,21500156,1,1610612757,3,2,2,1,1,0,1
2015-16,21500156,1,1610612759,5,4,3,2,3,1,0
2015-16,21500156,2,1610612757,4,4,3,1,3,1,0
2015-16,21500156,2,1610612759,5,5,4,3,2,1,0
2015-16,21500156,3,1610612757,5,6,5,4,1,1,0
2015-16,21500156,3,1610612759,5,4,3,3,1,1,1
2015-16,21500156,4,1610612757,0,1,1,0,0,0,0
2015-16,21500156,4,1610612759,2,0,0,0,2,0,0
2015-16,21500157,1,1610612747,3,4,4,2,1,0,0
2015-16,21500157,1,1610612756,8,10,7,3,4,3,1
2015-16,21500157,2,1610612747,5,7,6,3,2,1,0
2015-16,21500157,2,1610612756,3,4,3,2,1,1,0
2015-16,21500157,3,1610612747,6,7,6,4,2,1,0
2015-16,21500157,3,1610612756,3,3,2,2,1,1,0
2015-16,21500157,4,1610612747,2,2,2,1,1,0,0
2015-16,21500157,4,1610612756,7,8,7,3,3,1,1
2015-16,21500158,1,1610612749,2,4,3,2,0,1,0
2015-16,21500158,1,1610612764,5,6,6,2,3,0,0
2015-16,21500158,2,1610612749,4,6,1,2,2,5,0
2015-16,21500158,2,1610612764,6,13,10,5,1,3,0
2015-16,21500158,3,1610612749,3,2,2,1,2,0,0
2015-16,21500158,3,1610612764,7,10,6,3,3,4,1
2015-16,21500158,4,1610612749,8,12,8,3,5,4,0
2015-16,21500158,4,1610612764,6,12,7,6,0,5,0
2015-16,21500159,1,1610612737,2,0,0,0,2,0,0
2015-16,21500159,1,1610612751,3,2,1,1,1,1,1
2015-16,21500159,2,1610612737,4,6,5,2,1,1,1
2015-16,21500159,2,1610612751,5,4,2,2,1,2,2
2015-16,21500159,3,1610612737,3,2,1,1,2,1,0
2015-16,21500159,3,1610612751,2,0,0,0,2,0,0
2015-16,21500159,4,1610612737,5,6,4,2,3,2,0
2015-16,21500159,4,1610612751,5,7,4,3,2,3,0
2015-16,21500160,1,1610612739,1,0,0,0,1,0,0
2015-16,21500160,1,1610612765,4,8,5,4,0,3,0
2015-16,21500160,2,1610612739,4,5,5,3,1,0,0
2015-16,21500160,2,1610612765,5,4,4,2,3,0,0
2015-16,21500160,3,1610612739,5,9,3,4,1,6,0
2015-16,21500160,3,1610612765,5,6,4,4,0,2,1
2015-16,21500160,4,1610612739,4,6,4,3,1,2,0
2015-16,21500160,4,1610612765,10,13,12,2,8,1,0
2015-16,21500161,1,1610612748,4,6,5,3,1,1,0
2015-16,21500161,1,1610612750,3,4,3,2,0,1,1
2015-16,21500161,2,1610612748,4,4,0,3,1,4,0
2015-16,21500161,2,1610612750,8,10,7,2,5,3,0
2015-16,21500161,3,1610612748,6,10,5,3,3,5,0
2015-16,21500161,3,1610612750,3,6,5,3,0,1,0
2015-16,21500161,4,1610612748,9,10,4,4,5,6,0
2015-16,21500161,4,1610612750,10,15,12,3,7,3,0
2015-16,21500162,1,1610612752,3,4,4,2,0,0,1
2015-16,21500162,1,1610612766,5,5,3,3,2,2,0
2015-16,21500162,2,1610612752,4,6,5,2,1,1,0
2015-16,21500162,2,1610612766,6,10,5,4,2,5,0
2015-16,21500162,3,1610612752,3,4,4,2,1,0,0
2015-16,21500162,3,1610612766,3,6,5,2,1,1,0
2015-16,21500162,4,1610612752,6,7,7,1,4,0,0
2015-16,21500162,4,1610612766,4,4,4,2,2,0,0
2015-16,21500163,1,1610612740,1,0,0,0,0,0,1
2015-16,21500163,1,1610612743,2,1,1,1,1,0,0
2015-16,21500163,2,1610612740,2,2,2,1,1,0,0
2015-16,21500163,2,1610612743,5,6,4,3,1,2,1
2015-16,21500163,3,1610612740,3,3,2,1,1,1,1
2015-16,21500163,3,1610612743,4,1,1,1,2,0,1
2015-16,21500163,4,1610612740,6,6,5,2,3,1,1
2015-16,21500163,4,1610612743,4,5,4,3,1,1,0
2015-16,21500164,1,1610612744,4,1,1,0,2,0,2
2015-16,21500164,1,1610612761,7,10,8,4,2,2,1
2015-16,21500164,2,1610612744,3,4,1,2,1,3,0
2015-16,21500164,2,1610612761,3,0,0,0,3,0,0
2015-16,21500164,3,1610612744,5,5,4,3,2,1,0
2015-16,21500164,3,1610612761,4,9,7,3,1,2,0
2015-16,21500164,4,1610612744,11,17,12,2,6,5,3
2015-16,21500164,4,1610612761,11,20,15,5,4,5,2
2015-16,21500165,1,1610612751,5,10,9,4,1,1,0
2015-16,21500165,1,1610612766,4,4,3,3,1,1,0
2015-16,21500165,2,1610612751,1,2,2,1,0,0,0
2015-16,21500165,2,1610612766,4,3,2,1,3,1,0
2015-16,21500165,3,1610612751,5,8,6,4,1,2,0
2015-16,21500165,3,1610612766,6,12,8,6,0,4,0
2015-16,21500165,4,1610612751,3,2,1,1,2,1,0
2015-16,21500165,4,1610612766,8,17,14,4,4,3,0
2015-16,21500166,1,1610612750,5,4,2,2,3,2,0
2015-16,21500166,1,1610612753,4,4,1,3,1,3,0
2015-16,21500166,2,1610612750,2,4,4,2,0,0,0
2015-16,21500166,2,1610612753,3,2,1,1,1,1,1
2015-16,21500166,3,1610612750,4,6,6,3,1,0,0
2015-16,21500166,3,1610612753,8,8,6,3,4,2,0
2015-16,21500166,4,1610612750,6,12,9,5,1,3,0
2015-16,21500166,4,1610612753,6,6,4,2,4,2,0
2015-16,21500167,1,1610612754,0,0,0,0,0,0,0
2015-16,21500167,1,1610612755,3,4,2,2,1,2,0
2015-16,21500167,2,1610612754,4,5,4,2,2,1,0
2015-16,21500167,2,1610612755,3,2,1,2,1,1,0
2015-16,21500167,3,1610612754,6,7,6,3,3,1,0
2015-16,21500167,3,1610612755,5,4,4,1,4,0,0
2015-16,21500167,4,1610612754,5,8,6,5,0,2,0
2015-16,21500167,4,1610612755,3,6,3,3,0,3,0
2015-16,21500168,1,1610612738,2,4,2,2,0,2,0
2015-16,21500168,1,1610612742,6,7,6,2,4,1,0
2015-16,21500168,2,1610612738,4,6,5,3,1,1,0
2015-16,21500168,2,1610612742,7,10,5,4,2,5,1
2015-16,21500168,3,1610612738,7,10,8,3,3,2,1
2015-16,21500168,3,1610612742,7,10,8,4,2,2,1
2015-16,21500168,4,1610612738,5,4,3,2,3,1,0
2015-16,21500168,4,1610612742,5,8,6,0,5,2,0
2015-16,21500169,1,1610612737,4,6,5,3,1,1,0
2015-16,21500169,1,1610612758,5,7,6,4,1,1,0
2015-16,21500169,2,1610612737,7,11,8,2,4,3,1
2015-16,21500169,2,1610612758,2,2,2,1,1,0,0
2015-16,21500169,3,1610612737,4,0,0,0,3,0,1
2015-16,21500169,3,1610612758,5,8,7,3,2,1,0
2015-16,21500169,4,1610612737,6,7,5,3,3,2,0
2015-16,21500169,4,1610612758,3,1,1,1,2,0,0
2015-16,21500170,1,1610612745,4,6,4,3,1,2,0
2015-16,21500170,1,1610612757,4,6,5,3,1,1,0
2015-16,21500170,2,1610612745,3,4,3,2,1,1,0
2015-16,21500170,2,1610612757,4,6,4,3,0,2,0
2015-16,21500170,3,1610612745,8,10,8,5,1,2,2
2015-16,21500170,3,1610612757,3,3,3,2,1,0,0
2015-16,21500170,4,1610612745,7,12,12,4,1,0,2
2015-16,21500170,4,1610612757,8,14,12,2,5,2,0
2015-16,21500171,1,1610612740,4,1,1,1,3,0,0
2015-16,21500171,1,1610612760,3,8,7,3,0,1,0
2015-16,21500171,2,1610612740,2,2,2,1,0,0,1
2015-16,21500171,2,1610612760,8,11,7,5,0,4,2
2015-16,21500171,3,1610612740,6,4,4,2,2,0,1
2015-16,21500171,3,1610612760,5,8,3,4,1,5,0
2015-16,21500171,4,1610612740,2,2,2,1,1,0,0
2015-16,21500171,4,1610612760,7,13,10,4,3,3,0
2015-16,21500172,1,1610612743,4,5,5,3,1,0,0
2015-16,21500172,1,1610612759,5,6,6,3,2,0,0
2015-16,21500172,2,1610612743,3,4,4,2,1,0,0
2015-16,21500172,2,1610612759,5,6,5,3,2,1,0
2015-16,21500172,3,1610612743,3,4,4,1,1,0,1
2015-16,21500172,3,1610612759,6,6,5,1,4,1,1
2015-16,21500172,4,1610612743,3,5,4,3,0,1,0
2015-16,21500172,4,1610612759,1,2,0,1,0,2,0
2015-16,21500173,1,1610612761,3,2,2,0,2,0,1
2015-16,21500173,1,1610612762,3,2,2,1,1,0,1
2015-16,21500173,2,1610612761,4,2,1,1,3,1,0
2015-16,21500173,2,1610612762,1,0,0,0,1,0,0
2015-16,21500173,3,1610612761,6,8,7,5,1,1,0
2015-16,21500173,3,1610612762,6,10,6,4,2,4,0
2015-16,21500173,4,1610612761,3,6,6,2,1,0,0
2015-16,21500173,4,1610612762,7,10,8,4,3,2,0
2015-16,21500174,1,1610612741,3,2,1,1,1,1,1
2015-16,21500174,1,1610612756,3,3,0,1,2,3,0
2015-16,21500174,2,1610612741,4,4,4,2,1,0,1
2015-16,21500174,2,1610612756,4,8,7,4,0,1,0
2015-16,21500174,3,1610612741,3,3,2,1,2,1,0
2015-16,21500174,3,1610612756,4,4,3,2,1,1,1
2015-16,21500174,4,1610612741,4,5,5,3,1,0,0
2015-16,21500174,4,1610612756,4,6,5,4,0,1,0
2015-16,21500175,1,1610612748,7,9,7,5,2,2,0
2015-16,21500175,1,1610612758,3,3,1,1,1,2,1
2015-16,21500175,2,1610612748,4,4,1,2,1,3,1
2015-16,21500175,2,1610612758,4,6,3,2,2,3,0
2015-16,21500175,3,1610612748,7,7,6,2,5,1,0
2015-16,21500175,3,1610612758,2,3,2,0,1,1,1
2015-16,21500175,4,1610612748,8,13,11,3,5,2,0
2015-16,21500175,4,1610612758,6,8,5,3,3,3,0
2015-16,21500176,1,1610612739,3,4,3,2,1,1,0
2015-16,21500176,1,1610612749,2,3,3,2,0,0,0
2015-16,21500176,2,1610612739,7,6,5,4,2,1,1
2015-16,21500176,2,1610612749,9,12,8,4,4,4,0
2015-16,21500176,3,1610612739,6,6,5,1,4,1,1
2015-16,21500176,3,1610612749,3,6,6,3,0,0,0
2015-16,21500176,4,1610612739,10,14,11,2,8,3,0
2015-16,21500176,4,1610612749,5,5,4,2,3,1,0
2015-16,21500177,1,1610612744,5,8,5,4,1,3,0
2015-16,21500177,1,1610612746,5,5,2,1,3,3,1
2015-16,21500177,2,1610612744,8,10,9,2,4,1,2
2015-16,21500177,2,1610612746,7,9,7,3,4,2,0
2015-16,21500177,3,1610612744,6,8,8,3,3,0,0
2015-16,21500177,3,1610612746,2,2,1,1,1,1,0
2015-16,21500177,4,1610612744,5,10,9,3,2,1,0
2015-16,21500177,4,1610612746,5,8,6,3,1,2,1
2015-16,21500178,1,1610612755,3,4,2,2,1,2,0
2015-16,21500178,1,1610612766,2,3,2,2,0,1,0
2015-16,21500178,2,1610612755,3,3,2,2,0,1,1
2015-16,21500178,2,1610612766,5,7,7,4,1,0,0
2015-16,21500178,3,1610612755,1,2,2,1,0,0,0
2015-16,21500178,3,1610612766,4,7,7,3,1,0,0
2015-16,21500178,4,1610612755,9,13,10,6,3,3,0
2015-16,21500178,4,1610612766,4,5,5,3,1,0,0
2015-16,21500179,1,1610612738,1,0,0,0,1,0,0
2015-16,21500179,1,1610612751,3,2,2,1,2,0,0
2015-16,21500179,2,1610612738,3,2,1,1,2,1,0
2015-16,21500179,2,1610612751,2,2,1,1,0,1,1
2015-16,21500179,3,1610612738,3,6,6,3,0,0,0
2015-16,21500179,3,1610612751,8,13,9,6,1,4,1
2015-16,21500179,4,1610612738,4,2,1,1,3,1,0
2015-16,21500179,4,1610612751,5,7,5,4,1,2,0
2015-16,21500180,1,1610612745,7,8,5,4,2,3,1
2015-16,21500180,1,1610612763,4,2,1,1,2,1,1
2015-16,21500180,2,1610612745,6,7,4,4,2,3,0
2015-16,21500180,2,1610612763,7,9,8,4,2,1,1
2015-16,21500180,3,1610612745,6,6,3,3,3,3,0
2015-16,21500180,3,1610612763,3,4,4,2,1,0,0
2015-16,21500180,4,1610612745,11,16,10,2,8,6,1
2015-16,21500180,4,1610612763,5,4,3,1,3,1,1
2015-16,21500181,1,1610612750,4,6,5,3,1,1,0
2015-16,21500181,1,1610612765,3,2,1,1,1,1,1
2015-16,21500181,2,1610612750,4,8,6,4,0,2,0
2015-16,21500181,2,1610612765,4,4,3,2,2,1,0
2015-16,21500181,3,1610612750,5,7,3,4,1,4,0
2015-16,21500181,3,1610612765,5,3,2,2,3,1,0
2015-16,21500181,4,1610612750,4,4,3,2,2,1,0
2015-16,21500181,4,1610612765,3,4,4,2,1,0,0
2015-16,21500182,1,1610612740,7,11,10,4,3,1,0
2015-16,21500182,1,1610612759,3,2,2,1,2,0,0
2015-16,21500182,2,1610612740,3,2,2,1,2,0,0
2015-16,21500182,2,1610612759,4,4,3,2,2,1,0
2015-16,21500182,3,1610612740,5,3,3,1,4,0,0
2015-16,21500182,3,1610612759,7,10,8,3,4,2,0
2015-16,21500182,4,1610612740,1,1,1,0,1,0,0
2015-16,21500182,4,1610612759,2,0,0,0,2,0,0
2015-16,21500183,1,1610612752,4,4,3,2,1,1,1
2015-16,21500183,1,1610612760,0,0,0,0,0,0,0
2015-16,21500183,2,1610612752,5,5,3,3,1,2,1
2015-16,21500183,2,1610612760,8,10,6,4,4,4,0
2015-16,21500183,3,1610612752,4,4,4,2,2,0,0
2015-16,21500183,3,1610612760,5,8,6,3,0,2,2
2015-16,21500183,4,1610612752,6,10,5,2,4,5,0
2015-16,21500183,4,1610612760,4,5,5,3,0,0,1
2015-16,21500184,1,1610612742,5,4,4,2,1,0,2
2015-16,21500184,1,1610612762,3,4,4,2,1,0,0
2015-16,21500184,2,1610612742,6,8,8,3,3,0,0
2015-16,21500184,2,1610612762,5,5,3,2,2,2,0
2015-16,21500184,3,1610612742,3,2,1,1,2,1,0
2015-16,21500184,3,1610612762,7,6,6,2,3,0,2
2015-16,21500184,4,1610612742,6,3,3,1,5,0,0
2015-16,21500184,4,1610612762,3,6,4,3,0,2,0
2015-16,21500185,1,1610612743,3,4,3,2,1,1,0
2015-16,21500185,1,1610612756,4,4,3,2,2,1,0
2015-16,21500185,2,1610612743,5,7,6,4,0,1,1
2015-16,21500185,2,1610612756,8,10,9,2,4,1,2
2015-16,21500185,3,1610612743,5,6,5,2,2,1,0
2015-16,21500185,3,1610612756,3,2,1,1,2,1,0
2015-16,21500185,4,1610612743,8,9,6,4,3,3,1
2015-16,21500185,4,1610612756,6,9,6,2,2,3,2
2015-16,21500186,1,1610612746,4,3,0,2,2,3,0
2015-16,21500186,1,1610612757,4,5,4,3,1,1,0
2015-16,21500186,2,1610612746,5,6,2,1,4,4,0
2015-16,21500186,2,1610612757,3,2,2,0,2,0,1
2015-16,21500186,3,1610612746,4,5,4,3,1,1,0
2015-16,21500186,3,1610612757,4,4,4,2,2,0,0
2015-16,21500186,4,1610612746,2,2,2,1,1,0,0
2015-16,21500186,4,1610612757,10,13,8,2,8,5,0
2015-16,21500187,1,1610612741,3,4,2,1,2,2,0
2015-16,21500187,1,1610612744,1,2,1,1,0,1,0
2015-16,21500187,2,1610612741,3,3,3,2,1,0,0
2015-16,21500187,2,1610612744,3,2,1,1,2,1,0
2015-16,21500187,3,1610612741,5,7,5,4,1,2,0
2015-16,21500187,3,1610612744,9,12,8,3,4,4,2
2015-16,21500187,4,1610612741,4,9,7,4,0,2,0
2015-16,21500187,4,1610612744,6,8,8,2,4,0,0
2015-16,21500188,1,1610612747,3,4,4,2,0,0,1
2015-16,21500188,1,1610612761,3,2,2,0,3,0,0
2015-16,21500188,2,1610612747,1,3,2,1,0,1,0
2015-16,21500188,2,1610612761,3,6,5,3,0,1,0
2015-16,21500188,3,1610612747,7,8,5,3,3,3,1
2015-16,21500188,3,1610612761,7,10,7,4,3,3,0
2015-16,21500188,4,1610612747,2,2,2,1,0,0,1
2015-16,21500188,4,1610612761,4,6,5,2,2,1,0
2015-16,21500189,1,1610612753,2,1,1,1,1,0,0
2015-16,21500189,1,1610612758,4,8,6,2,2,2,0
2015-16,21500189,2,1610612753,5,4,2,1,3,2,1
2015-16,21500189,2,1610612758,7,9,9,3,3,0,1
2015-16,21500189,3,1610612753,4,1,1,1,3,0,0
2015-16,21500189,3,1610612758,6,7,7,3,3,0,0
2015-16,21500189,4,1610612753,4,2,2,1,2,0,1
2015-16,21500189,4,1610612758,7,7,6,2,4,1,1
2015-16,21500190,1,1610612749,6,12,9,5,1,3,0
2015-16,21500190,1,1610612754,2,4,1,2,0,3,0
2015-16,21500190,2,1610612749,2,3,2,2,0,1,0
2015-16,21500190,2,1610612754,7,7,5,2,3,2,2
2015-16,21500190,3,1610612749,4,2,1,1,3,1,0
2015-16,21500190,3,1610612754,6,9,7,4,1,2,1
2015-16,21500190,4,1610612749,1,2,1,1,0,1,0
2015-16,21500190,4,1610612754,2,3,1,1,1,2,0
2015-16,21500191,1,1610612737,3,0,0,0,3,0,0
2015-16,21500191,1,1610612739,4,4,3,2,2,1,0
2015-16,21500191,2,1610612737,5,7,7,3,2,0,0
2015-16,21500191,2,1610612739,4,5,4,2,2,1,0
2015-16,21500191,3,1610612737,7,10,7,0,6,3,0
2015-16,21500191,3,1610612739,5,6,5,2,2,1,1
2015-16,21500191,4,1610612737,6,8,8,5,1,0,0
2015-16,21500191,4,1610612739,5,4,4,3,2,0,0
2015-16,21500192,1,1610612764,1,0,0,0,1,0,0
2015-16,21500192,1,1610612765,1,1,0,0,1,1,0
2015-16,21500192,2,1610612764,7,8,6,2,5,2,0
2015-16,21500192,2,1610612765,7,8,8,3,4,0,0
2015-16,21500192,3,1610612764,5,8,5,4,1,3,0
2015-16,21500192,3,1610612765,4,3,2,2,2,1,0
2015-16,21500192,4,1610612764,3,4,3,1,2,1,0
2015-16,21500192,4,1610612765,6,9,5,5,1,4,0
2015-16,21500193,1,1610612748,3,3,2,2,1,1,0
2015-16,21500193,1,1610612755,6,8,7,2,2,1,2
2015-16,21500193,2,1610612748,6,9,6,3,3,3,0
2015-16,21500193,2,1610612755,6,9,6,4,2,3,0
2015-16,21500193,3,1610612748,7,10,7,3,4,3,0
2015-16,21500193,3,1610612755,3,3,2,1,1,1,1
2015-16,21500193,4,1610612748,14,23,16,7,6,7,1
2015-16,21500193,4,1610612755,4,4,4,2,1,0,1
2015-16,21500194,1,1610612745,3,2,1,1,2,1,0
2015-16,21500194,1,1610612752,4,7,7,3,1,0,0
2015-16,21500194,2,1610612745,8,13,8,5,3,5,0
2015-16,21500194,2,1610612752,5,9,5,4,1,4,0
2015-16,21500194,3,1610612745,3,2,2,1,1,0,1
2015-16,21500194,3,1610612752,4,4,4,2,1,0,1
2015-16,21500194,4,1610612745,6,11,9,5,1,2,0
2015-16,21500194,4,1610612752,10,14,11,4,4,3,2
2015-16,21500195,1,1610612759,4,2,2,1,3,0,0
2015-16,21500195,1,1610612763,4,5,5,3,1,0,0
2015-16,21500195,2,1610612759,9,14,11,2,7,3,0
2015-16,21500195,2,1610612763,5,4,4,2,3,0,0
2015-16,21500195,3,1610612759,2,2,1,1,1,1,0
2015-16,21500195,3,1610612763,4,4,4,2,2,0,0
2015-16,21500195,4,1610612759,5,4,3,1,3,1,1
2015-16,21500195,4,1610612763,5,4,4,2,3,0,0
2015-16,21500196,1,1610612746,3,3,3,1,2,0,0
2015-16,21500196,1,1610612761,4,6,6,3,1,0,0
2015-16,21500196,2,1610612746,4,2,2,1,3,0,0
2015-16,21500196,2,1610612761,8,13,11,5,3,2,0
2015-16,21500196,3,1610612746,7,10,7,3,4,3,0
2015-16,21500196,3,1610612761,4,0,0,0,4,0,0
2015-16,21500196,4,1610612746,4,5,3,2,0,2,2
2015-16,21500196,4,1610612761,9,12,12,2,5,0,2
2015-16,21500197,1,1610612738,3,2,2,1,2,0,0
2015-16,21500197,1,1610612751,3,4,2,2,1,2,0
2015-16,21500197,2,1610612738,3,4,4,1,2,0,0
2015-16,21500197,2,1610612751,6,7,4,3,3,3,0
2015-16,21500197,3,1610612738,7,10,7,4,3,3,0
2015-16,21500197,3,1610612751,7,12,11,4,3,1,0
2015-16,21500197,4,1610612738,5,5,4,2,2,1,1
2015-16,21500197,4,1610612751,7,10,9,1,5,1,0
2015-16,21500198,1,1610612740,4,8,6,4,0,2,0
2015-16,21500198,1,1610612756,0,0,0,0,0,0,0
2015-16,21500198,2,1610612740,6,8,5,4,2,3,0
2015-16,21500198,2,1610612756,10,15,14,4,5,1,1
2015-16,21500198,3,1610612740,8,9,7,4,2,2,2
2015-16,21500198,3,1610612756,4,6,5,2,2,1,0
2015-16,21500198,4,1610612740,9,15,15,2,7,0,0
2015-16,21500198,4,1610612756,8,12,10,5,1,2,2
2015-16,21500199,1,1610612742,3,4,2,2,1,2,0
2015-16,21500199,1,1610612760,2,4,4,2,0,0,0
2015-16,21500199,2,1610612742,5,5,4,3,2,1,0
2015-16,21500199,2,1610612760,3,2,2,2,0,0,1
2015-16,21500199,3,1610612742,8,12,7,5,1,5,1
2015-16,21500199,3,1610612760,6,8,7,3,3,1,0
2015-16,21500199,4,1610612742,5,7,3,3,0,4,2
2015-16,21500199,4,1610612760,5,4,1,1,3,3,1
2015-16,21500200,1,1610612743,5,10,8,5,0,2,0
2015-16,21500200,1,1610612744,2,0,0,0,2,0,0
2015-16,21500200,2,1610612743,5,8,6,4,0,2,1
2015-16,21500200,2,1610612744,6,6,4,1,3,2,2
2015-16,21500200,3,1610612743,5,7,4,3,2,3,0
2015-16,21500200,3,1610612744,4,7,5,3,1,2,0
2015-16,21500200,4,1610612743,8,10,9,4,4,1,0
2015-16,21500200,4,1610612744,0,0,0,0,0,0,0
2015-16,21500201,1,1610612747,4,6,6,3,1,0,0
2015-16,21500201,1,1610612757,2,1,1,1,0,0,1
2015-16,21500201,2,1610612747,5,4,3,2,3,1,0
2015-16,21500201,2,1610612757,3,5,3,3,0,2,0
2015-16,21500201,3,1610612747,3,5,3,2,1,2,0
2015-16,21500201,3,1610612757,2,2,1,1,0,1,0
2015-16,21500201,4,1610612747,6,12,11,6,0,1,0
2015-16,21500201,4,1610612757,5,9,8,4,1,1,0
2015-16,21500202,1,1610612758,4,6,4,4,0,2,0
2015-16,21500202,1,1610612766,6,8,6,4,2,2,0
2015-16,21500202,2,1610612758,4,4,2,2,2,2,0
2015-16,21500202,2,1610612766,3,4,2,2,1,2,0
2015-16,21500202,3,1610612758,4,1,0,0,3,1,1
2015-16,21500202,3,1610612766,4,3,2,2,2,1,0
2015-16,21500202,4,1610612758,2,3,2,2,0,1,0
2015-16,21500202,4,1610612766,7,6,6,0,5,0,2
2015-16,21500203,1,1610612739,4,3,2,1,2,1,1
2015-16,21500203,1,1610612753,3,2,1,2,1,1,0
2015-16,21500203,2,1610612739,6,9,4,3,2,5,1
2015-16,21500203,2,1610612753,1,0,0,0,1,0,0
2015-16,21500203,3,1610612739,6,7,6,4,2,1,0
2015-16,21500203,3,1610612753,4,7,6,2,1,1,1
2015-16,21500203,4,1610612739,3,3,1,2,1,2,0
2015-16,21500203,4,1610612753,6,12,6,4,2,6,0
2015-16,21500204,1,1610612748,4,6,5,1,2,1,1
2015-16,21500204,1,1610612752,3,2,2,1,2,0,0
2015-16,21500204,2,1610612748,3,6,6,3,0,0,0
2015-16,21500204,2,1610612752,4,4,3,2,2,1,0
2015-16,21500204,3,1610612748,8,11,6,4,4,5,0
2015-16,21500204,3,1610612752,5,8,8,3,2,0,0
2015-16,21500204,4,1610612748,8,13,11,4,4,2,0
2015-16,21500204,4,1610612752,6,7,5,4,1,2,1
2015-16,21500205,1,1610612749,4,4,3,2,2,1,0
2015-16,21500205,1,1610612765,4,7,6,3,1,1,0
2015-16,21500205,2,1610612749,4,4,3,3,1,1,0
2015-16,21500205,2,1610612765,5,5,5,2,2,0,0
2015-16,21500205,3,1610612749,4,3,3,1,0,0,2
2015-16,21500205,3,1610612765,6,5,3,1,4,2,1
2015-16,21500205,4,1610612749,4,6,5,3,1,1,0
2015-16,21500205,4,1610612765,7,7,6,4,1,1,2
2015-16,21500206,1,1610612750,3,2,2,1,2,0,0
2015-16,21500206,1,1610612755,5,8,7,5,0,1,0
2015-16,21500206,2,1610612750,7,10,10,4,3,0,0
2015-16,21500206,2,1610612755,6,9,8,1,4,1,1
2015-16,21500206,3,1610612750,5,5,4,3,2,1,0
2015-16,21500206,3,1610612755,5,6,4,2,3,2,0
2015-16,21500206,4,1610612750,8,10,9,4,4,1,0
2015-16,21500206,4,1610612755,5,4,2,2,3,2,0
2015-16,21500207,1,1610612756,5,4,3,2,3,1,0
2015-16,21500207,1,1610612759,4,3,1,2,2,2,0
2015-16,21500207,2,1610612756,4,2,2,1,3,0,0
2015-16,21500207,2,1610612759,6,6,3,2,4,3,0
2015-16,21500207,3,1610612756,4,1,1,1,3,0,0
2015-16,21500207,3,1610612759,1,1,1,0,1,0,0
2015-16,21500207,4,1610612756,5,3,3,1,3,0,0
2015-16,21500207,4,1610612759,2,0,0,0,1,0,1
2015-16,21500208,1,1610612760,4,7,6,3,1,1,0
2015-16,21500208,1,1610612762,4,7,6,1,2,1,0
2015-16,21500208,2,1610612760,7,9,8,3,1,1,0
2015-16,21500208,2,1610612762,9,13,9,3,5,4,1
2015-16,21500208,3,1610612760,1,2,2,1,0,0,0
2015-16,21500208,3,1610612762,6,9,7,3,2,2,1
2015-16,21500208,4,1610612760,3,0,0,0,3,0,0
2015-16,21500208,4,1610612762,8,11,6,6,1,5,1
2015-16,21500209,1,1610612754,2,2,0,1,1,2,0
2015-16,21500209,1,1610612764,1,2,1,1,0,1,0
2015-16,21500209,2,1610612754,4,3,2,2,2,1,0
2015-16,21500209,2,1610612764,4,3,1,2,2,2,0
2015-16,21500209,3,1610612754,7,12,9,5,2,3,0
2015-16,21500209,3,1610612764,7,9,6,4,2,3,1
2015-16,21500209,4,1610612754,3,6,5,3,0,1,0
2015-16,21500209,4,1610612764,5,10,9,5,0,1,0
2015-16,21500210,1,1610612737,3,4,4,3,0,0,0
2015-16,21500210,1,1610612738,2,4,4,2,0,0,0
2015-16,21500210,2,1610612737,3,5,4,2,1,1,0
2015-16,21500210,2,1610612738,1,0,0,0,1,0,0
2015-16,21500210,3,1610612737,6,7,6,3,2,1,1
2015-16,21500210,3,1610612738,7,7,5,3,4,2,0
2015-16,21500210,4,1610612737,4,6,5,4,0,1,0
2015-16,21500210,4,1610612738,11,15,11,4,6,4,1
2015-16,21500211,1,1610612742,2,2,2,1,1,0,0
2015-16,21500211,1,1610612763,5,6,2,3,0,4,2
2015-16,21500211,2,1610612742,6,6,5,2,2,1,2
2015-16,21500211,2,1610612763,6,8,8,3,3,0,0
2015-16,21500211,3,1610612742,6,8,8,4,1,0,1
2015-16,21500211,3,1610612763,5,7,6,4,1,1,0
2015-16,21500211,4,1610612742,6,12,10,5,1,2,0
2015-16,21500211,4,1610612763,9,16,13,3,5,3,1
2015-16,21500212,1,1610612743,5,6,5,3,2,1,0
2015-16,21500212,1,1610612746,4,2,1,1,3,1,0
2015-16,21500212,2,1610612743,4,2,2,1,3,0,0
2015-16,21500212,2,1610612746,8,14,10,6,2,4,0
2015-16,21500212,3,1610612743,6,8,8,4,2,0,0
2015-16,21500212,3,1610612746,7,10,7,4,3,3,0
2015-16,21500212,4,1610612743,8,13,9,4,3,4,1
2015-16,21500212,4,1610612746,12,21,11,3,7,10,2
2015-16,21500213,1,1610612741,4,4,4,2,1,0,1
2015-16,21500213,1,1610612757,5,9,8,5,0,1,0
2015-16,21500213,2,1610612741,2,0,0,0,1,0,1
2015-16,21500213,2,1610612757,2,4,1,2,0,3,0
2015-16,21500213,3,1610612741,6,6,4,2,3,2,1
2015-16,21500213,3,1610612757,4,6,5,2,2,1,0
2015-16,21500213,4,1610612741,8,13,12,3,4,1,0
2015-16,21500213,4,1610612757,7,8,6,4,3,2,0
2015-16,21500214,1,1610612744,1,2,2,1,0,0,0
2015-16,21500214,1,1610612747,2,2,1,1,1,1,0
2015-16,21500214,2,1610612744,4,0,0,0,3,0,1
2015-16,21500214,2,1610612747,5,8,6,3,2,2,0
2015-16,21500214,3,1610612744,4,8,6,3,1,2,0
2015-16,21500214,3,1610612747,2,4,4,2,0,0,0
2015-16,21500214,4,1610612744,5,5,1,3,1,4,1
2015-16,21500214,4,1610612747,4,2,1,1,2,1,1
2015-16,21500215,1,1610612764,2,2,1,1,1,1,0
2015-16,21500215,1,1610612766,1,0,0,0,1,0,0
2015-16,21500215,2,1610612764,5,8,8,4,1,0,0
2015-16,21500215,2,1610612766,5,5,5,3,1,0,1
2015-16,21500215,3,1610612764,2,2,2,1,1,0,0
2015-16,21500215,3,1610612766,4,4,4,2,1,0,1
2015-16,21500215,4,1610612764,4,6,4,2,2,2,0
2015-16,21500215,4,1610612766,6,6,6,2,4,0,0
2015-16,21500216,1,1610612752,3,5,4,2,1,1,0
2015-16,21500216,1,1610612753,6,10,8,5,0,2,1
2015-16,21500216,2,1610612752,5,6,5,2,3,1,0
2015-16,21500216,2,1610612753,2,4,4,2,0,0,0
2015-16,21500216,3,1610612752,2,2,1,1,1,1,0
2015-16,21500216,3,1610612753,3,5,4,3,0,1,0
2015-16,21500216,4,1610612752,8,12,10,4,2,2,1
2015-16,21500216,4,1610612753,8,13,11,4,2,2,2
2015-16,21500217,1,1610612738,5,4,4,1,3,0,1
2015-16,21500217,1,1610612755,3,5,3,2,1,2,0
2015-16,21500217,2,1610612738,4,4,2,2,2,2,0
2015-16,21500217,2,1610612755,5,7,5,2,3,2,0
2015-16,21500217,3,1610612738,4,2,1,1,3,1,0
2015-16,21500217,3,1610612755,0,0,0,0,0,0,0
2015-16,21500217,4,1610612738,6,8,6,2,3,2,1
2015-16,21500217,4,1610612755,3,3,3,2,1,0,0
2015-16,21500218,1,1610612748,2,1,0,0,2,1,0
2015-16,21500218,1,1610612765,3,5,5,2,1,0,0
2015-16,21500218,2,1610612748,5,7,7,4,1,0,0
2015-16,21500218,2,1610612765,4,1,1,1,3,0,0
2015-16,21500218,3,1610612748,6,6,3,3,3,3,0
2015-16,21500218,3,1610612765,3,1,0,1,2,1,0
2015-16,21500218,4,1610612748,2,2,1,1,1,1,0
2015-16,21500218,4,1610612765,3,0,0,0,3,0,0
2015-16,21500219,1,1610612739,0,0,0,0,0,0,0
2015-16,21500219,1,1610612761,3,4,3,2,0,1,1
2015-16,21500219,2,1610612739,5,7,7,2,2,0,1
2015-16,21500219,2,1610612761,5,6,4,1,1,2,3
2015-16,21500219,3,1610612739,3,3,3,1,2,0,0
2015-16,21500219,3,1610612761,6,7,3,5,1,4,0
2015-16,21500219,4,1610612739,5,6,3,3,2,3,0
2015-16,21500219,4,1610612761,6,5,2,4,1,3,1
2015-16,21500220,1,1610612745,5,4,4,2,3,0,0
2015-16,21500220,1,1610612763,5,7,7,3,2,0,0
2015-16,21500220,2,1610612745,3,2,2,1,2,0,0
2015-16,21500220,2,1610612763,4,4,3,2,2,1,0
2015-16,21500220,3,1610612745,5,9,9,4,1,0,0
2015-16,21500220,3,1610612763,6,8,8,4,2,0,0
2015-16,21500220,4,1610612745,9,12,8,2,7,4,0
2015-16,21500220,4,1610612763,6,4,3,1,4,1,0
2015-16,21500221,1,1610612749,2,4,4,2,0,0,0
2015-16,21500221,1,1610612758,3,4,3,2,1,1,0
2015-16,21500221,2,1610612749,6,10,7,5,1,3,0
2015-16,21500221,2,1610612758,5,8,7,4,1,1,0
2015-16,21500221,3,1610612749,4,6,5,3,1,1,0
2015-16,21500221,3,1610612758,6,10,8,4,2,2,0
2015-16,21500221,4,1610612749,7,7,5,4,3,2,0
2015-16,21500221,4,1610612758,8,15,13,2,5,2,0
2015-16,21500222,1,1610612737,3,4,3,2,1,1,0
2015-16,21500222,1,1610612750,4,7,4,4,0,3,0
2015-16,21500222,2,1610612737,6,11,8,3,2,3,0
2015-16,21500222,2,1610612750,3,5,3,2,0,2,1
2015-16,21500222,3,1610612737,7,7,6,3,3,1,1
2015-16,21500222,3,1610612750,5,6,6,2,3,0,0
2015-16,21500222,4,1610612737,7,13,8,4,3,5,0
2015-16,21500222,4,1610612750,7,11,9,4,3,2,0
2015-16,21500223,1,1610612751,2,3,3,2,0,0,0
2015-16,21500223,1,1610612760,6,6,5,2,4,1,0
2015-16,21500223,2,1610612751,4,6,4,4,0,2,0
2015-16,21500223,2,1610612760,4,3,2,2,2,1,0
2015-16,21500223,3,1610612751,2,2,2,1,1,0,0
2015-16,21500223,3,1610612760,5,8,7,3,2,1,0
2015-16,21500223,4,1610612751,2,1,1,1,1,0,0
2015-16,21500223,4,1610612760,3,4,4,2,0,0,1
2015-16,21500224,1,1610612742,3,2,1,1,2,1,0
2015-16,21500224,1,1610612759,4,3,2,2,2,1,0
2015-16,21500224,2,1610612742,4,7,7,3,0,0,1
2015-16,21500224,2,1610612759,5,4,4,2,3,0,0
2015-16,21500224,3,1610612742,1,1,0,1,0,1,0
2015-16,21500224,3,1610612759,3,4,3,2,1,1,0
2015-16,21500224,4,1610612742,1,2,1,1,0,1,0
2015-16,21500224,4,1610612759,7,8,5,1,6,3,0
2015-16,21500225,1,1610612740,6,10,5,3,3,5,0
2015-16,21500225,1,1610612756,6,5,3,2,4,2,0
2015-16,21500225,2,1610612740,5,6,6,1,3,0,1
2015-16,21500225,2,1610612756,5,6,6,3,2,0,0
2015-16,21500225,3,1610612740,6,7,5,2,4,2,0
2015-16,21500225,3,1610612756,4,5,3,1,3,2,0
2015-16,21500225,4,1610612740,7,11,10,3,3,1,1
2015-16,21500225,4,1610612756,5,4,4,2,2,0,1
2015-16,21500226,1,1610612746,5,2,1,1,4,1,0
2015-16,21500226,1,1610612762,3,2,1,1,2,1,0
2015-16,21500226,2,1610612746,7,10,6,4,1,4,2
2015-16,21500226,2,1610612762,6,5,3,3,3,2,0
2015-16,21500226,3,1610612746,4,3,3,2,1,0,1
2015-16,21500226,3,1610612762,5,6,4,3,2,2,0
2015-16,21500226,4,1610612746,4,2,1,1,3,1,0
2015-16,21500226,4,1610612762,8,12,10,4,3,2,0
2015-16,21500227,1,1610612739,6,8,7,3,2,1,1
2015-16,21500227,1,1610612766,4,9,5,3,1,4,0
2015-16,21500227,2,1610612739,6,8,5,4,1,3,1
2015-16,21500227,2,1610612766,4,7,7,2,2,0,0
2015-16,21500227,3,1610612739,5,1,1,1,3,0,0
2015-16,21500227,3,1610612766,6,7,5,2,3,2,1
2015-16,21500227,4,1610612739,6,8,6,2,4,2,0
2015-16,21500227,4,1610612766,4,2,2,1,3,0,0
2015-16,21500228,1,1610612749,2,2,1,1,1,1,0
2015-16,21500228,1,1610612753,1,3,2,1,0,1,0
2015-16,21500228,2,1610612749,6,10,9,4,2,1,0
2015-16,21500228,2,1610612753,5,6,4,4,1,2,0
2015-16,21500228,3,1610612749,6,9,9,3,3,0,0
2015-16,21500228,3,1610612753,7,6,5,2,5,1,0
2015-16,21500228,4,1610612749,2,1,1,1,1,0,0
2015-16,21500228,4,1610612753,6,7,5,3,3,2,0
2015-16,21500229,1,1610612738,4,4,4,1,3,0,0
2015-16,21500229,1,1610612764,4,6,5,3,1,1,0
2015-16,21500229,2,1610612738,2,2,1,1,0,1,1
2015-16,21500229,2,1610612764,4,6,5,2,1,1,1
2015-16,21500229,3,1610612738,4,6,5,3,1,1,0
2015-16,21500229,3,1610612764,1,1,1,0,1,0,0
2015-16,21500229,4,1610612738,4,7,5,3,0,2,0
2015-16,21500229,4,1610612764,6,9,8,4,2,1,0
2015-16,21500230,1,1610612748,6,12,10,6,0,2,0
2015-16,21500230,1,1610612752,4,8,6,4,0,2,0
2015-16,21500230,2,1610612748,6,7,5,2,2,2,2
2015-16,21500230,2,1610612752,3,5,3,2,1,2,0
2015-16,21500230,3,1610612748,3,7,7,3,0,0,0
2015-16,21500230,3,1610612752,0,0,0,0,0,0,0
2015-16,21500230,4,1610612748,4,2,2,1,2,0,1
2015-16,21500230,4,1610612752,4,2,2,1,3,0,0
2015-16,21500231,1,1610612741,3,4,3,2,0,1,1
2015-16,21500231,1,1610612754,3,2,2,1,2,0,0
2015-16,21500231,2,1610612741,1,2,2,1,0,0,0
2015-16,21500231,2,1610612754,2,2,1,2,0,1,0
2015-16,21500231,3,1610612741,7,12,10,3,2,2,2
2015-16,21500231,3,1610612754,6,9,7,3,2,2,1
2015-16,21500231,4,1610612741,4,2,2,1,3,0,0
2015-16,21500231,4,1610612754,11,16,12,3,6,4,2
2015-16,21500232,1,1610612745,3,2,1,1,1,1,1
2015-16,21500232,1,1610612755,3,6,4,3,0,2,0
2015-16,21500232,2,1610612745,4,5,5,2,2,0,0
2015-16,21500232,2,1610612755,4,5,5,2,2,0,0
2015-16,21500232,3,1610612745,6,9,9,6,0,0,0
2015-16,21500232,3,1610612755,5,4,1,4,1,3,0
2015-16,21500232,4,1610612745,11,21,14,6,5,7,0
2015-16,21500232,4,1610612755,8,11,8,3,5,3,0
2015-16,21500233,1,1610612737,5,8,7,4,1,1,0
2015-16,21500233,1,1610612763,4,4,4,2,2,0,0
2015-16,21500233,2,1610612737,5,4,3,1,1,1,3
2015-16,21500233,2,1610612763,3,4,4,2,1,0,0
2015-16,21500233,3,1610612737,8,12,10,3,5,2,0
2015-16,21500233,3,1610612763,6,8,6,2,4,2,0
2015-16,21500233,4,1610612737,5,12,12,5,0,0,0
2015-16,21500233,4,1610612763,6,5,5,1,5,0,0
2015-16,21500234,1,1610612760,6,12,10,6,0,2,0
2015-16,21500234,1,1610612765,4,5,4,3,1,1,0
2015-16,21500234,2,1610612760,4,2,2,1,3,0,0
2015-16,21500234,2,1610612765,5,8,6,4,0,2,0
2015-16,21500234,3,1610612760,5,7,6,2,3,1,0
2015-16,21500234,3,1610612765,4,4,4,2,2,0,0
2015-16,21500234,4,1610612760,4,5,4,3,0,1,1
2015-16,21500234,4,1610612765,4,3,2,2,1,1,0
2015-16,21500235,1,1610612743,3,2,2,1,2,0,0
2015-16,21500235,1,1610612759,4,4,4,2,2,0,0
2015-16,21500235,2,1610612743,4,2,1,1,3,1,0
2015-16,21500235,2,1610612759,4,3,3,2,2,0,0
2015-16,21500235,3,1610612743,6,6,5,3,3,1,0
2015-16,21500235,3,1610612759,4,3,1,2,2,2,0
2015-16,21500235,4,1610612743,3,3,3,2,1,0,0
2015-16,21500235,4,1610612759,4,4,3,2,2,1,0
2015-16,21500236,1,1610612744,7,9,5,4,3,4,0
2015-16,21500236,1,1610612756,3,0,0,0,3,0,0
2015-16,21500236,2,1610612744,6,6,1,1,5,5,0
2015-16,21500236,2,1610612756,6,3,0,3,3,3,0
2015-16,21500236,3,1610612744,7,10,9,2,5,1,0
2015-16,21500236,3,1610612756,3,4,3,2,1,1,0
2015-16,21500236,4,1610612744,4,6,6,3,1,0,0
2015-16,21500236,4,1610612756,10,16,13,8,1,3,1
2015-16,21500237,1,1610612750,3,4,3,1,2,1,0
2015-16,21500237,1,1610612758,4,6,3,3,1,3,0
2015-16,21500237,2,1610612750,3,5,5,2,1,0,0
2015-16,21500237,2,1610612758,4,0,0,0,4,0,0
2015-16,21500237,3,1610612750,5,4,4,1,3,0,1
2015-16,21500237,3,1610612758,2,1,1,1,1,0,0
2015-16,21500237,4,1610612750,4,6,6,3,1,0,0
2015-16,21500237,4,1610612758,5,8,5,3,1,3,0
2015-16,21500238,1,1610612740,5,4,2,1,4,2,0
2015-16,21500238,1,1610612746,2,3,2,1,1,1,0
2015-16,21500238,2,1610612740,3,4,4,2,1,0,0
2015-16,21500238,2,1610612746,7,10,8,3,3,2,1
2015-16,21500238,3,1610612740,11,13,9,5,3,4,2
2015-16,21500238,3,1610612746,9,11,11,2,7,0,0
2015-16,21500238,4,1610612740,1,2,2,1,0,0,0
2015-16,21500238,4,1610612746,4,6,3,3,1,3,0
2015-16,21500239,1,1610612761,4,2,1,1,1,1,2
2015-16,21500239,1,1610612764,3,6,5,2,0,1,0
2015-16,21500239,2,1610612761,4,4,3,2,2,1,0
2015-16,21500239,2,1610612764,5,8,7,3,2,1,0
2015-16,21500239,3,1610612761,2,4,4,1,0,0,0
2015-16,21500239,3,1610612764,5,7,5,4,1,2,0
2015-16,21500239,4,1610612761,4,4,3,2,2,1,0
2015-16,21500239,4,1610612764,5,6,4,1,4,2,0
2015-16,21500240,1,1610612739,3,4,2,2,1,2,0
2015-16,21500240,1,1610612751,0,0,0,0,0,0,0
2015-16,21500240,2,1610612739,6,7,4,3,2,3,1
2015-16,21500240,2,1610612751,6,9,7,3,3,2,0
2015-16,21500240,3,1610612739,5,2,2,1,2,0,1
2015-16,21500240,3,1610612751,6,8,4,4,2,4,0
2015-16,21500240,4,1610612739,3,4,3,2,1,1,0
2015-16,21500240,4,1610612751,4,7,7,2,1,0,1
2015-16,21500241,1,1610612742,3,3,3,2,0,0,1
2015-16,21500241,1,1610612743,2,2,2,1,1,0,0
2015-16,21500241,2,1610612742,7,9,4,5,2,5,0
2015-16,21500241,2,1610612743,6,9,6,3,2,3,1
2015-16,21500241,3,1610612742,6,8,7,2,3,1,1
2015-16,21500241,3,1610612743,3,0,0,0,3,0,0
2015-16,21500241,4,1610612742,4,7,5,3,1,2,0
2015-16,21500241,4,1610612743,3,6,5,2,1,1,0
2015-16,21500242,1,1610612737,3,6,4,3,0,2,0
2015-16,21500242,1,1610612759,3,3,3,2,1,0,0
2015-16,21500242,2,1610612737,4,2,1,1,3,1,0
2015-16,21500242,2,1610612759,6,13,13,5,1,0,0
2015-16,21500242,3,1610612737,3,4,2,2,1,2,0
2015-16,21500242,3,1610612759,4,1,1,1,2,0,1
2015-16,21500242,4,1610612737,3,1,1,1,1,0,1
2015-16,21500242,4,1610612759,3,3,2,2,1,1,0
2015-16,21500243,1,1610612740,7,8,8,3,4,0,0
2015-16,21500243,1,1610612762,3,4,2,2,1,2,0
2015-16,21500243,2,1610612740,7,7,5,4,3,2,0
2015-16,21500243,2,1610612762,9,11,10,4,3,1,1
2015-16,21500243,3,1610612740,2,2,1,1,1,1,0
2015-16,21500243,3,1610612762,4,2,2,2,2,0,0
2015-16,21500243,4,1610612740,7,13,10,6,1,3,0
2015-16,21500243,4,1610612762,4,4,2,2,2,2,0
2015-16,21500244,1,1610612747,2,2,1,1,0,1,1
2015-16,21500244,1,1610612757,4,5,4,2,1,1,0
2015-16,21500244,2,1610612747,4,8,6,3,0,2,0
2015-16,21500244,2,1610612757,5,8,6,3,1,2,0
2015-16,21500244,3,1610612747,4,7,7,4,0,0,0
2015-16,21500244,3,1610612757,6,8,7,3,2,1,1
2015-16,21500244,4,1610612747,5,6,3,3,2,3,0
2015-16,21500244,4,1610612757,4,5,3,3,1,2,0
2015-16,21500245,1,1610612744,6,8,8,3,3,0,0
2015-16,21500245,1,1610612758,4,3,3,2,2,0,0
2015-16,21500245,2,1610612744,5,6,4,3,1,2,1
2015-16,21500245,2,1610612758,5,4,4,2,3,0,0
2015-16,21500245,3,1610612744,6,7,6,3,3,1,0
2015-16,21500245,3,1610612758,6,5,4,2,2,1,2
2015-16,21500245,4,1610612744,6,10,8,4,2,2,0
2015-16,21500245,4,1610612758,3,3,2,2,1,1,0
2015-16,21500246,1,1610612749,3,3,3,2,0,0,1
2015-16,21500246,1,1610612766,5,7,6,2,3,1,0
2015-16,21500246,2,1610612749,3,0,0,0,3,0,0
2015-16,21500246,2,1610612766,5,9,7,4,1,2,0
2015-16,21500246,3,1610612749,5,5,3,2,2,2,1
2015-16,21500246,3,1610612766,5,3,2,2,3,1,0
2015-16,21500246,4,1610612749,4,6,2,3,1,4,0
2015-16,21500246,4,1610612766,5,3,3,0,5,0,0
2015-16,21500247,1,1610612746,5,6,3,3,2,3,0
2015-16,21500247,1,1610612750,3,2,2,1,2,0,0
2015-16,21500247,2,1610612746,5,10,7,3,2,3,0
2015-16,21500247,2,1610612750,4,4,2,1,3,2,0
2015-16,21500247,3,1610612746,4,4,3,2,2,1,0
2015-16,21500247,3,1610612750,4,3,2,2,2,1,0
2015-16,21500247,4,1610612746,10,13,8,1,8,5,1
2015-16,21500247,4,1610612750,8,12,11,3,5,1,0
2015-16,21500248,1,1610612751,4,3,3,2,2,0,0
2015-16,21500248,1,1610612765,6,8,3,4,1,5,1
2015-16,21500248,2,1610612751,1,2,2,1,0,0,0
2015-16,21500248,2,1610612765,0,0,0,0,0,0,0
2015-16,21500248,3,1610612751,3,4,3,2,1,1,0
2015-16,21500248,3,1610612765,6,10,6,5,1,4,0
2015-16,21500248,4,1610612751,6,7,5,2,4,2,0
2015-16,21500248,4,1610612765,4,3,0,1,3,3,0
2015-16,21500249,1,1610612738,2,0,0,0,2,0,0
2015-16,21500249,1,1610612753,2,1,1,1,1,0,0
2015-16,21500249,2,1610612738,6,7,4,3,3,3,0
2015-16,21500249,2,1610612753,4,1,0,0,3,1,1
2015-16,21500249,3,1610612738,5,6,5,4,0,1,1
2015-16,21500249,3,1610612753,1,2,1,1,0,1,0
2015-16,21500249,4,1610612738,5,7,5,3,1,2,1
2015-16,21500249,4,1610612753,8,12,9,2,5,3,1
2015-16,21500250,1,1610612756,1,2,2,1,0,0,0
2015-16,21500250,1,1610612761,4,8,7,4,0,1,0
2015-16,21500250,2,1610612756,4,5,4,3,1,1,0
2015-16,21500250,2,1610612761,3,3,3,2,0,0,1
2015-16,21500250,3,1610612756,2,2,2,1,1,0,0
2015-16,21500250,3,1610612761,3,2,1,1,2,1,0
2015-16,21500250,4,1610612756,7,11,8,3,4,3,0
2015-16,21500250,4,1610612761,4,4,3,2,1,1,1
2015-16,21500251,1,1610612755,2,3,2,2,0,1,0
2015-16,21500251,1,1610612763,6,8,5,6,0,3,0
2015-16,21500251,2,1610612755,2,0,0,0,2,0,0
2015-16,21500251,2,1610612763,4,3,2,0,4,1,0
2015-16,21500251,3,1610612755,4,1,1,1,2,0,1
2015-16,21500251,3,1610612763,5,5,5,2,3,0,0
2015-16,21500251,4,1610612755,7,12,9,5,2,3,0
2015-16,21500251,4,1610612763,9,11,8,4,5,3,0
2015-16,21500252,1,1610612745,6,5,2,2,4,3,0
2015-16,21500252,1,1610612752,4,6,5,3,0,1,1
2015-16,21500252,2,1610612745,4,9,7,4,0,2,0
2015-16,21500252,2,1610612752,6,7,6,2,4,1,0
2015-16,21500252,3,1610612745,6,11,7,5,1,4,0
2015-16,21500252,3,1610612752,4,2,2,1,3,0,0
2015-16,21500252,4,1610612745,4,6,4,4,0,2,0
2015-16,21500252,4,1610612752,3,2,2,1,2,0,0
2015-16,21500253,1,1610612747,5,8,7,3,1,1,1
2015-16,21500253,1,1610612754,1,0,0,0,1,0,0
2015-16,21500253,2,1610612747,3,4,4,2,1,0,0
2015-16,21500253,2,1610612754,3,4,4,2,1,0,0
2015-16,21500253,3,1610612747,5,6,4,2,3,2,0
2015-16,21500253,3,1610612754,5,8,7,3,2,1,0
2015-16,21500253,4,1610612747,5,4,1,2,2,3,0
2015-16,21500253,4,1610612754,16,25,19,3,13,6,0
2015-16,21500254,1,1610612745,3,2,2,0,2,0,0
2015-16,21500254,1,1610612765,2,1,1,1,1,0,0
2015-16,21500254,2,1610612745,5,10,8,5,0,2,0
2015-16,21500254,2,1610612765,3,1,0,1,2,1,0
2015-16,21500254,3,1610612745,3,0,0,0,3,0,0
2015-16,21500254,3,1610612765,9,16,6,3,6,10,0
2015-16,21500254,4,1610612745,8,16,14,8,0,2,0
2015-16,21500254,4,1610612765,10,19,11,4,5,8,0
2015-16,21500255,1,1610612738,1,3,3,1,0,0,0
2015-16,21500255,1,1610612748,4,4,3,2,2,1,0
2015-16,21500255,2,1610612738,6,11,9,3,1,2,2
2015-16,21500255,2,1610612748,7,11,8,5,0,3,2
2015-16,21500255,3,1610612738,4,3,2,2,2,1,0
2015-16,21500255,3,1610612748,5,6,4,2,3,2,0
2015-16,21500255,4,1610612738,6,8,7,1,4,1,1
2015-16,21500255,4,1610612748,5,3,3,2,2,0,1
2015-16,21500256,1,1610612737,3,3,3,2,1,0,0
2015-16,21500256,1,1610612760,3,6,3,3,0,3,0
2015-16,21500256,2,1610612737,5,7,5,3,2,2,0
2015-16,21500256,2,1610612760,5,9,9,4,1,0,0
2015-16,21500256,3,1610612737,3,2,2,1,2,0,0
2015-16,21500256,3,1610612760,4,4,4,2,2,0,0
2015-16,21500256,4,1610612737,7,8,8,2,5,0,0
2015-16,21500256,4,1610612760,3,3,3,1,1,0,1
2015-16,21500257,1,1610612741,3,2,0,0,2,2,1
2015-16,21500257,1,1610612759,2,1,1,1,1,0,0
2015-16,21500257,2,1610612741,3,3,3,2,1,0,0
2015-16,21500257,2,1610612759,7,7,6,2,5,1,0
2015-16,21500257,3,1610612741,3,4,2,2,1,2,0
2015-16,21500257,3,1610612759,5,5,2,2,2,3,1
2015-16,21500257,4,1610612741,7,11,7,4,1,4,2
2015-16,21500257,4,1610612759,6,5,4,2,4,1,0
2015-16,21500258,1,1610612743,6,5,4,3,3,1,0
2015-16,21500258,1,1610612749,4,5,5,2,2,0,0
2015-16,21500258,2,1610612743,4,3,3,1,2,0,1
2015-16,21500258,2,1610612749,5,4,1,1,4,3,0
2015-16,21500258,3,1610612743,4,2,2,1,2,0,1
2015-16,21500258,3,1610612749,3,6,6,3,0,0,0
2015-16,21500258,4,1610612743,4,6,3,3,1,3,0
2015-16,21500258,4,1610612749,5,7,4,3,1,3,1
2015-16,21500259,1,1610612744,3,4,3,2,1,1,0
2015-16,21500259,1,1610612762,5,7,4,3,2,3,0
2015-16,21500259,2,1610612744,2,2,2,1,1,0,0
2015-16,21500259,2,1610612762,5,6,5,2,2,1,1
2015-16,21500259,3,1610612744,5,6,5,3,2,1,0
2015-16,21500259,3,1610612762,3,2,1,1,2,1,0
2015-16,21500259,4,1610612744,6,3,2,1,5,1,0
2015-16,21500259,4,1610612762,6,7,7,4,2,0,0
2015-16,21500260,1,1610612742,6,8,6,2,2,2,2
2015-16,21500260,1,1610612758,2,1,0,1,1,1,0
2015-16,21500260,2,1610612742,4,4,3,2,2,1,0
2015-16,21500260,2,1610612758,8,12,8,2,5,4,1
2015-16,21500260,3,1610612742,2,4,3,1,1,1,0
2015-16,21500260,3,1610612758,9,18,11,3,5,7,1
2015-16,21500260,4,1610612742,4,6,5,3,1,1,0
2015-16,21500260,4,1610612758,8,13,12,5,3,1,0
2015-16,21500261,1,1610612746,4,7,3,4,0,4,0
2015-16,21500261,1,1610612757,2,4,1,2,0,3,0
2015-16,21500261,2,1610612746,11,15,10,3,6,5,1
2015-16,21500261,2,1610612757,7,10,7,3,3,3,1
2015-16,21500261,3,1610612746,9,14,5,3,5,9,1
2015-16,21500261,3,1610612757,6,7,5,3,3,2,0
2015-16,21500261,4,1610612746,13,20,10,1,12,10,0
2015-16,21500261,4,1610612757,8,6,3,2,5,3,0
2015-16,21500262,1,1610612739,3,0,0,0,2,0,1
2015-16,21500262,1,1610612764,3,5,3,2,0,2,0
2015-16,21500262,2,1610612739,5,6,6,2,3,0,0
2015-16,21500262,2,1610612764,3,2,2,1,2,0,0
2015-16,21500262,3,1610612739,7,9,6,2,3,3,2
2015-16,21500262,3,1610612764,3,5,4,1,2,1,0
2015-16,21500262,4,1610612739,6,8,8,4,2,0,0
2015-16,21500262,4,1610612764,5,4,3,1,2,1,2
2015-16,21500263,1,1610612747,4,7,5,4,0,2,0
2015-16,21500263,1,1610612755,1,2,2,1,0,0,0
2015-16,21500263,2,1610612747,7,11,9,4,3,2,0
2015-16,21500263,2,1610612755,10,16,10,4,5,6,1
2015-16,21500263,3,1610612747,3,1,1,0,3,0,0
2015-16,21500263,3,1610612755,5,4,3,2,1,1,1
2015-16,21500263,4,1610612747,4,5,2,2,2,3,0
2015-16,21500263,4,1610612755,3,1,0,1,2,1,0
2015-16,21500264,1,1610612751,1,2,1,1,0,1,0
2015-16,21500264,1,1610612756,2,3,1,1,1,2,0
2015-16,21500264,2,1610612751,2,2,1,2,0,1,0
2015-16,21500264,2,1610612756,4,5,2,2,2,3,0
2015-16,21500264,3,1610612751,1,3,3,1,0,0,0
2015-16,21500264,3,1610612756,6,10,8,4,2,2,0
2015-16,21500264,4,1610612751,6,5,3,3,3,2,0
2015-16,21500264,4,1610612756,5,4,4,1,3,0,1
2015-16,21500265,1,1610612750,6,8,4,5,1,4,0
2015-16,21500265,1,1610612753,4,4,3,1,3,1,0
2015-16,21500265,2,1610612750,6,8,7,2,4,1,0
2015-16,21500265,2,1610612753,4,7,5,4,0,2,0
2015-16,21500265,3,1610612750,6,8,8,2,3,0,1
2015-16,21500265,3,1610612753,5,4,4,1,4,0,0
2015-16,21500265,4,1610612750,9,14,12,6,1,2,2
2015-16,21500265,4,1610612753,5,5,3,2,2,2,1
2015-16,21500266,1,1610612740,6,8,7,4,2,1,0
2015-16,21500266,1,1610612763,5,8,8,4,1,0,0
2015-16,21500266,2,1610612740,5,10,8,4,1,2,0
2015-16,21500266,2,1610612763,5,7,6,2,3,1,0
2015-16,21500266,3,1610612740,5,6,5,1,3,1,1
2015-16,21500266,3,1610612763,7,7,7,5,2,0,0
2015-16,21500266,4,1610612740,6,9,5,5,1,4,0
2015-16,21500266,4,1610612763,4,4,4,2,2,0,0
2015-16,21500267,1,1610612742,5,5,4,2,2,1,1
2015-16,21500267,1,1610612757,3,1,0,1,2,1,0
2015-16,21500267,2,1610612742,3,4,4,2,1,0,0
2015-16,21500267,2,1610612757,4,5,4,2,1,1,0
2015-16,21500267,3,1610612742,3,2,2,1,2,0,0
2015-16,21500267,3,1610612757,3,2,2,1,2,0,0
2015-16,21500267,4,1610612742,3,2,2,1,1,0,1
2015-16,21500267,4,1610612757,6,9,9,3,3,0,0
2015-16,21500268,1,1610612744,1,0,0,0,1,0,0
2015-16,21500268,1,1610612766,5,8,7,3,1,1,1
2015-16,21500268,2,1610612744,3,3,2,2,0,1,1
2015-16,21500268,2,1610612766,6,8,6,2,2,2,1
2015-16,21500268,3,1610612744,5,5,3,2,1,2,2
2015-16,21500268,3,1610612766,2,1,0,1,1,1,0
2015-16,21500268,4,1610612744,2,3,3,2,0,0,0
2015-16,21500268,4,1610612766,9,13,7,3,5,6,1
2015-16,21500269,1,1610612747,2,3,2,1,1,1,0
2015-16,21500269,1,1610612764,3,2,2,1,1,0,1
2015-16,21500269,2,1610612747,5,6,6,3,0,0,2
2015-16,21500269,2,1610612764,8,14,10,6,2,4,0
2015-16,21500269,3,1610612747,2,1,1,0,1,0,1
2015-16,21500269,3,1610612764,5,6,3,2,2,3,1
2015-16,21500269,4,1610612747,5,10,9,2,3,1,0
2015-16,21500269,4,1610612764,4,9,8,3,0,1,1
2015-16,21500270,1,1610612756,2,3,3,2,0,0,0
2015-16,21500270,1,1610612765,8,14,10,6,2,4,0
2015-16,21500270,2,1610612756,5,7,7,3,2,0,0
2015-16,21500270,2,1610612765,7,8,3,2,5,5,0
2015-16,21500270,3,1610612756,3,3,3,2,0,0,1
2015-16,21500270,3,1610612765,4,5,3,2,2,2,0
2015-16,21500270,4,1610612756,4,0,0,0,2,0,2
2015-16,21500270,4,1610612765,7,9,6,3,4,3,0
2015-16,21500271,1,1610612752,2,2,1,1,0,1,1
2015-16,21500271,1,1610612755,1,2,1,1,0,1,0
2015-16,21500271,2,1610612752,6,7,6,3,2,1,1
2015-16,21500271,2,1610612755,4,4,2,3,1,2,0
2015-16,21500271,3,1610612752,4,4,4,2,1,0,0
2015-16,21500271,3,1610612755,6,12,7,6,0,5,0
2015-16,21500271,4,1610612752,6,9,8,5,1,1,0
2015-16,21500271,4,1610612755,3,6,4,3,0,2,0
2015-16,21500272,1,1610612737,5,6,4,2,2,2,1
2015-16,21500272,1,1610612761,3,0,0,0,3,0,0
2015-16,21500272,2,1610612737,1,0,0,0,1,0,0
2015-16,21500272,2,1610612761,3,4,4,2,0,0,1
2015-16,21500272,3,1610612737,6,5,4,1,4,1,1
2015-16,21500272,3,1610612761,5,8,6,5,0,2,0
2015-16,21500272,4,1610612737,4,5,4,4,0,1,0
2015-16,21500272,4,1610612761,8,12,8,2,6,4,0
2015-16,21500273,1,1610612741,3,1,1,1,1,0,1
2015-16,21500273,1,1610612743,3,1,0,1,2,1,0
2015-16,21500273,2,1610612741,4,9,7,4,0,2,0
2015-16,21500273,2,1610612743,7,9,5,5,2,4,0
2015-16,21500273,3,1610612741,4,4,4,2,2,0,0
2015-16,21500273,3,1610612743,3,4,2,2,1,2,0
2015-16,21500273,4,1610612741,8,13,9,3,5,4,0
2015-16,21500273,4,1610612743,4,8,6,3,1,2,0
2015-16,21500274,1,1610612740,4,3,2,1,2,1,0
2015-16,21500274,1,1610612745,3,4,3,2,1,1,0
2015-16,21500274,2,1610612740,6,9,8,3,2,1,1
2015-16,21500274,2,1610612745,9,13,8,2,5,5,2
2015-16,21500274,3,1610612740,5,6,6,3,2,0,0
2015-16,21500274,3,1610612745,9,15,11,7,1,4,1
2015-16,21500274,4,1610612740,6,7,6,2,3,1,0
2015-16,21500274,4,1610612745,6,7,6,1,4,1,1
2015-16,21500275,1,1610612749,3,7,7,3,0,0,0
2015-16,21500275,1,1610612759,5,9,8,5,0,1,0
2015-16,21500275,2,1610612749,5,8,7,4,1,1,0
2015-16,21500275,2,1610612759,4,4,2,2,2,2,0
2015-16,21500275,3,1610612749,2,2,1,1,1,1,0
2015-16,21500275,3,1610612759,6,5,4,2,2,1,2
2015-16,21500275,4,1610612749,1,1,0,1,0,1,0
2015-16,21500275,4,1610612759,2,2,0,1,1,2,0
2015-16,21500276,1,1610612746,3,6,5,3,0,1,0
2015-16,21500276,1,1610612754,6,6,5,2,4,1,0
2015-16,21500276,2,1610612746,6,10,5,4,2,5,0
2015-16,21500276,2,1610612754,6,8,7,4,2,1,0
2015-16,21500276,3,1610612746,9,15,9,4,4,6,1
2015-16,21500276,3,1610612754,8,11,9,3,4,2,1
2015-16,21500276,4,1610612746,7,8,6,3,3,2,1
2015-16,21500276,4,1610612754,10,14,11,1,9,3,0
2015-16,21500277,1,1610612748,6,10,4,4,2,6,0
2015-16,21500277,1,1610612760,6,13,12,5,0,1,1
2015-16,21500277,2,1610612748,4,5,3,2,1,2,1
2015-16,21500277,2,1610612760,3,5,4,2,0,1,1
2015-16,21500277,3,1610612748,4,4,3,2,2,1,0
2015-16,21500277,3,1610612760,3,4,4,2,1,0,0
2015-16,21500277,4,1610612748,4,5,4,3,1,1,0
2015-16,21500277,4,1610612760,1,2,1,1,0,1,0
2015-16,21500278,1,1610612743,2,2,2,1,1,0,0
2015-16,21500278,1,1610612761,4,2,2,1,2,0,1
2015-16,21500278,2,1610612743,4,4,4,2,1,0,1
2015-16,21500278,2,1610612761,5,5,5,2,2,0,1
2015-16,21500278,3,1610612743,2,2,2,1,0,0,1
2015-16,21500278,3,1610612761,2,4,4,1,0,0,0
2015-16,21500278,4,1610612743,7,10,10,3,4,0,0
2015-16,21500278,4,1610612761,7,11,8,6,1,3,0
2015-16,21500279,1,1610612753,3,3,3,2,1,0,0
2015-16,21500279,1,1610612762,6,6,2,1,5,4,0
2015-16,21500279,2,1610612753,3,2,2,1,1,0,1
2015-16,21500279,2,1610612762,4,4,4,2,2,0,0
2015-16,21500279,3,1610612753,4,4,4,2,1,0,1
2015-16,21500279,3,1610612762,6,9,8,4,2,1,0
2015-16,21500279,4,1610612753,5,6,6,1,4,0,0
2015-16,21500279,4,1610612762,4,5,4,2,1,1,0
2015-16,21500280,1,1610612759,4,4,4,1,2,0,1
2015-16,21500280,1,1610612763,4,6,5,3,1,1,0
2015-16,21500280,2,1610612759,4,2,1,1,3,1,0
2015-16,21500280,2,1610612763,3,3,3,2,1,0,0
2015-16,21500280,3,1610612759,2,2,1,1,1,1,0
2015-16,21500280,3,1610612763,5,8,6,4,1,2,0
2015-16,21500280,4,1610612759,7,10,7,3,3,3,1
2015-16,21500280,4,1610612763,5,8,7,4,1,1,0
2015-16,21500281,1,1610612754,3,3,2,2,1,1,0
2015-16,21500281,1,1610612757,3,4,4,2,1,0,0
2015-16,21500281,2,1610612754,4,6,6,3,1,0,0
2015-16,21500281,2,1610612757,5,6,6,2,3,0,0
2015-16,21500281,3,1610612754,5,8,8,4,1,0,0
2015-16,21500281,3,1610612757,5,9,7,4,1,2,0
2015-16,21500281,4,1610612754,6,7,6,3,3,1,0
2015-16,21500281,4,1610612757,4,1,0,1,3,1,0
2015-16,21500282,1,1610612738,4,4,4,2,1,0,1
2015-16,21500282,1,1610612758,1,2,1,1,0,1,0
2015-16,21500282,2,1610612738,1,0,0,0,0,0,1
2015-16,21500282,2,1610612758,6,4,4,1,4,0,1
2015-16,21500282,3,1610612738,7,13,10,4,3,3,0
2015-16,21500282,3,1610612758,9,14,10,6,3,4,0
2015-16,21500282,4,1610612738,6,7,6,2,2,1,2
2015-16,21500282,4,1610612758,13,21,17,3,9,4,1
2015-16,21500283,1,1610612751,3,6,3,2,1,3,0
2015-16,21500283,1,1610612752,4,7,7,4,0,0,0
2015-16,21500283,2,1610612751,4,5,5,3,1,0,0
2015-16,21500283,2,1610612752,5,8,6,5,0,2,0
2015-16,21500283,3,1610612751,3,2,0,1,1,2,1
2015-16,21500283,3,1610612752,1,2,2,1,0,0,0
2015-16,21500283,4,1610612751,2,2,2,1,1,0,0
2015-16,21500283,4,1610612752,3,4,3,1,1,1,0
2015-16,21500284,1,1610612756,4,1,0,1,2,1,1
2015-16,21500284,1,1610612764,4,4,4,1,3,0,0
2015-16,21500284,2,1610612756,4,3,2,1,1,1,2
2015-16,21500284,2,1610612764,5,4,3,2,2,1,1
2015-16,21500284,3,1610612756,4,3,2,1,3,1,0
2015-16,21500284,3,1610612764,1,2,0,0,1,2,0
2015-16,21500284,4,1610612756,6,9,6,4,1,3,1
2015-16,21500284,4,1610612764,10,15,12,5,4,3,1
2015-16,21500285,1,1610612749,1,1,1,0,1,0,0
2015-16,21500285,1,1610612765,5,3,0,2,3,3,0
2015-16,21500285,2,1610612749,2,0,0,0,2,0,0
2015-16,21500285,2,1610612765,3,3,2,2,1,1,0
2015-16,21500285,3,1610612749,2,4,3,2,0,1,0
2015-16,21500285,3,1610612765,9,11,6,5,4,5,0
2015-16,21500285,4,1610612749,5,9,9,3,2,0,0
2015-16,21500285,4,1610612765,13,22,19,4,9,3,0
2015-16,21500286,1,1610612737,2,1,1,1,1,0,0
2015-16,21500286,1,1610612747,1,2,2,1,0,0,0
2015-16,21500286,2,1610612737,3,6,5,3,0,1,0
2015-16,21500286,2,1610612747,3,5,3,2,1,2,0
2015-16,21500286,3,1610612737,4,3,3,2,2,0,0
2015-16,21500286,3,1610612747,1,0,0,0,1,0,0
2015-16,21500286,4,1610612737,5,10,7,5,0,3,0
2015-16,21500286,4,1610612747,4,6,5,3,1,1,0
2015-16,21500287,1,1610612742,3,1,0,1,2,1,0
2015-16,21500287,1,1610612745,1,2,1,1,0,1,0
2015-16,21500287,2,1610612742,6,5,4,2,2,1,1
2015-16,21500287,2,1610612745,5,4,3,3,2,1,0
2015-16,21500287,3,1610612742,5,4,2,2,2,2,1
2015-16,21500287,3,1610612745,5,7,5,3,1,2,1
2015-16,21500287,4,1610612742,7,10,8,2,5,2,0
2015-16,21500287,4,1610612745,7,5,1,2,3,4,1
2015-16,21500288,1,1610612739,5,4,4,2,2,0,1
2015-16,21500288,1,1610612740,6,9,6,3,3,3,0
2015-16,21500288,2,1610612739,5,5,4,3,1,1,1
2015-16,21500288,2,1610612740,6,8,6,4,1,2,1
2015-16,21500288,3,1610612739,7,8,6,2,5,2,0
2015-16,21500288,3,1610612740,4,6,3,3,1,3,0
2015-16,21500288,4,1610612739,5,5,5,2,3,0,0
2015-16,21500288,4,1610612740,5,6,5,2,3,1,0
2015-16,21500289,1,1610612743,6,9,3,5,1,6,0
2015-16,21500289,1,1610612755,4,2,1,1,3,1,0
2015-16,21500289,2,1610612743,4,4,3,3,1,1,0
2015-16,21500289,2,1610612755,6,11,7,6,0,4,0
2015-16,21500289,3,1610612743,4,7,5,4,0,2,0
2015-16,21500289,3,1610612755,5,7,3,4,1,4,0
2015-16,21500289,4,1610612743,9,18,12,6,3,6,0
2015-16,21500289,4,1610612755,5,6,5,3,2,1,0
2015-16,21500290,1,1610612744,5,6,3,3,2,3,0
2015-16,21500290,1,1610612761,4,1,1,0,4,0,0
2015-16,21500290,2,1610612744,3,2,2,1,2,0,0
2015-16,21500290,2,1610612761,6,8,7,3,3,1,0
2015-16,21500290,3,1610612744,9,12,8,3,4,4,2
2015-16,21500290,3,1610612761,4,6,5,3,1,1,0
2015-16,21500290,4,1610612744,10,16,13,4,5,3,0
2015-16,21500290,4,1610612761,8,11,8,5,2,3,1
2015-16,21500291,1,1610612739,4,4,4,2,1,0,1
2015-16,21500291,1,1610612748,4,3,2,2,2,1,0
2015-16,21500291,2,1610612739,6,6,3,3,2,3,1
2015-16,21500291,2,1610612748,7,9,7,5,2,2,0
2015-16,21500291,3,1610612739,6,4,3,3,3,1,0
2015-16,21500291,3,1610612748,9,12,5,6,1,7,1
2015-16,21500291,4,1610612739,7,10,6,3,3,4,1
2015-16,21500291,4,1610612748,3,5,4,3,0,1,0
2015-16,21500292,1,1610612741,3,0,0,0,2,0,1
2015-16,21500292,1,1610612766,3,4,2,1,2,2,0
2015-16,21500292,2,1610612741,4,4,3,2,2,1,0
2015-16,21500292,2,1610612766,3,3,3,2,1,0,0
2015-16,21500292,3,1610612741,6,9,7,3,3,2,0
2015-16,21500292,3,1610612766,4,7,5,3,1,2,0
2015-16,21500292,4,1610612741,5,6,3,2,2,3,1
2015-16,21500292,4,1610612766,7,11,8,3,4,3,0
2015-16,21500293,1,1610612745,7,7,5,3,3,2,1
2015-16,21500293,1,1610612758,2,2,2,1,1,0,0
2015-16,21500293,2,1610612745,1,2,1,1,0,1,0
2015-16,21500293,2,1610612758,3,0,0,0,3,0,0
2015-16,21500293,3,1610612745,6,11,8,5,1,3,0
2015-16,21500293,3,1610612758,4,5,4,3,1,1,0
2015-16,21500293,4,1610612745,12,23,18,6,5,5,0
2015-16,21500293,4,1610612758,6,6,5,3,3,1,0
2015-16,21500294,1,1610612750,6,8,8,4,2,0,0
2015-16,21500294,1,1610612757,3,5,2,3,0,3,0
2015-16,21500294,2,1610612750,7,11,7,3,4,4,0
2015-16,21500294,2,1610612757,4,5,3,3,1,2,0
2015-16,21500294,3,1610612750,2,4,4,2,0,0,0
2015-16,21500294,3,1610612757,7,10,9,3,4,1,0
2015-16,21500294,4,1610612750,3,3,3,2,1,0,0
2015-16,21500294,4,1610612757,7,10,7,2,5,3,0
2015-16,21500295,1,1610612749,5,5,5,3,2,0,0
2015-16,21500295,1,1610612752,4,4,4,2,2,0,0
2015-16,21500295,2,1610612749,4,4,3,2,2,1,0
2015-16,21500295,2,1610612752,3,4,2,2,1,2,0
2015-16,21500295,3,1610612749,4,6,4,2,2,2,0
2015-16,21500295,3,1610612752,7,11,7,5,2,4,0
2015-16,21500295,4,1610612749,6,9,4,3,2,5,1
2015-16,21500295,4,1610612752,7,9,8,4,2,1,1
2015-16,21500296,1,1610612738,1,0,0,0,1,0,0
2015-16,21500296,1,1610612759,3,3,2,1,2,1,0
2015-16,21500296,2,1610612738,4,1,0,1,2,1,1
2015-16,21500296,2,1610612759,4,3,3,2,0,0,2
2015-16,21500296,3,1610612738,10,14,9,5,4,5,1
2015-16,21500296,3,1610612759,4,6,3,3,0,3,1
2015-16,21500296,4,1610612738,7,7,6,1,6,1,0
2015-16,21500296,4,1610612759,8,10,7,2,5,3,1
2015-16,21500297,1,1610612754,5,8,8,3,1,0,1
2015-16,21500297,1,1610612762,5,4,3,2,3,1,0
2015-16,21500297,2,1610612754,6,11,9,4,1,2,1
2015-16,21500297,2,1610612762,8,11,8,5,3,3,0
2015-16,21500297,3,1610612754,7,8,6,3,3,2,1
2015-16,21500297,3,1610612762,8,11,8,4,4,3,0
2015-16,21500297,4,1610612754,8,7,4,1,5,3,2
2015-16,21500297,4,1610612762,7,9,7,3,4,2,0
2015-16,21500298,1,1610612746,3,7,4,3,0,3,0
2015-16,21500298,1,1610612753,3,3,2,2,1,1,0
2015-16,21500298,2,1610612746,3,5,4,3,0,1,0
2015-16,21500298,2,1610612753,5,8,7,4,1,1,0
2015-16,21500298,3,1610612746,6,5,3,2,4,2,0
2015-16,21500298,3,1610612753,2,1,1,1,1,0,0
2015-16,21500298,4,1610612746,7,8,6,2,5,2,0
2015-16,21500298,4,1610612753,3,6,5,2,1,1,0
2015-16,21500299,1,1610612756,2,1,1,1,0,0,1
2015-16,21500299,1,1610612763,1,1,1,0,1,0,0
2015-16,21500299,2,1610612756,3,4,4,2,0,0,1
2015-16,21500299,2,1610612763,5,4,2,3,2,2,0
2015-16,21500299,3,1610612756,5,7,5,2,2,2,0
2015-16,21500299,3,1610612763,9,14,11,6,1,3,2
2015-16,21500299,4,1610612756,5,5,2,2,2,3,1
2015-16,21500299,4,1610612763,5,5,4,2,3,1,0
2015-16,21500300,1,1610612744,8,14,5,4,4,9,0
2015-16,21500300,1,1610612751,2,4,2,2,0,2,0
2015-16,21500300,2,1610612744,3,1,1,1,2,0,0
2015-16,21500300,2,1610612751,6,9,8,4,2,1,0
2015-16,21500300,3,1610612744,4,7,5,3,1,2,0
2015-16,21500300,3,1610612751,3,6,3,2,1,3,0
2015-16,21500300,4,1610612744,3,1,1,1,2,0,0
2015-16,21500300,4,1610612751,4,4,2,2,1,2,1
2015-16,21500301,1,1610612747,6,11,9,5,0,2,1
2015-16,21500301,1,1610612765,5,5,5,3,1,0,1
2015-16,21500301,2,1610612747,4,7,5,4,0,2,0
2015-16,21500301,2,1610612765,6,5,3,4,2,2,0
2015-16,21500301,3,1610612747,3,2,1,1,2,1,0
2015-16,21500301,3,1610612765,5,8,7,4,1,1,0
2015-16,21500301,4,1610612747,5,9,7,5,0,2,0
2015-16,21500301,4,1610612765,4,8,5,3,0,3,0
2015-16,21500302,1,1610612742,6,9,7,2,4,2,0
2015-16,21500302,1,1610612764,7,10,5,5,2,5,0
2015-16,21500302,2,1610612742,7,11,10,4,3,1,0
2015-16,21500302,2,1610612764,2,4,2,2,0,2,0
2015-16,21500302,3,1610612742,5,5,5,3,1,0,1
2015-16,21500302,3,1610612764,4,2,2,2,2,0,0
2015-16,21500302,4,1610612742,3,2,2,1,1,0,1
2015-16,21500302,4,1610612764,3,5,3,3,0,2,0
2015-16,21500303,1,1610612758,6,6,2,1,5,4,0
2015-16,21500303,1,1610612760,2,4,3,2,0,1,0
2015-16,21500303,2,1610612758,7,12,9,3,3,3,1
2015-16,21500303,2,1610612760,5,5,3,4,1,2,0
2015-16,21500303,3,1610612758,3,3,2,2,0,1,1
2015-16,21500303,3,1610612760,6,10,8,4,2,2,0
2015-16,21500303,4,1610612758,5,9,5,5,0,4,0
2015-16,21500303,4,1610612760,7,12,8,5,2,4,0
2015-16,21500304,1,1610612765,5,8,3,5,0,5,0
2015-16,21500304,1,1610612766,6,9,6,3,2,3,1
2015-16,21500304,2,1610612765,5,6,3,4,0,3,1
2015-16,21500304,2,1610612766,5,9,8,5,0,1,0
2015-16,21500304,3,1610612765,4,3,2,2,2,1,0
2015-16,21500304,3,1610612766,6,11,8,5,1,3,0
2015-16,21500304,4,1610612765,4,5,2,2,2,3,0
2015-16,21500304,4,1610612766,3,6,2,2,0,4,1
2015-16,21500305,1,1610612755,2,2,1,1,1,1,0
2015-16,21500305,1,1610612759,5,6,6,2,3,0,0
2015-16,21500305,2,1610612755,3,2,2,1,2,0,0
2015-16,21500305,2,1610612759,3,2,1,1,2,1,0
2015-16,21500305,3,1610612755,7,10,3,5,2,7,0
2015-16,21500305,3,1610612759,9,11,9,6,3,2,0
2015-16,21500305,4,1610612755,4,7,6,4,0,1,0
2015-16,21500305,4,1610612759,4,6,5,3,1,1,0
2015-16,21500306,1,1610612748,3,4,1,2,1,3,0
2015-16,21500306,1,1610612764,4,6,2,3,1,4,0
2015-16,21500306,2,1610612748,5,7,6,4,1,1,0
2015-16,21500306,2,1610612764,3,4,4,2,1,0,0
2015-16,21500306,3,1610612748,4,4,4,2,2,0,0
2015-16,21500306,3,1610612764,3,0,0,0,3,0,0
2015-16,21500306,4,1610612748,6,7,5,4,2,2,0
2015-16,21500306,4,1610612764,5,7,7,2,3,0,0
2015-16,21500307,1,1610612742,2,4,4,2,0,0,0
2015-16,21500307,1,1610612752,4,3,3,2,2,0,0
2015-16,21500307,2,1610612742,6,5,4,2,4,1,0
2015-16,21500307,2,1610612752,0,0,0,0,0,0,0
2015-16,21500307,3,1610612742,5,4,3,2,2,1,1
2015-16,21500307,3,1610612752,5,3,2,1,2,1,1
2015-16,21500307,4,1610612742,5,7,6,0,4,1,0
2015-16,21500307,4,1610612752,4,3,3,2,0,0,2
2015-16,21500308,1,1610612747,3,4,3,2,1,1,0
2015-16,21500308,1,1610612761,3,6,3,3,0,3,0
2015-16,21500308,2,1610612747,5,9,8,5,0,1,0
2015-16,21500308,2,1610612761,5,8,7,4,1,1,0
2015-16,21500308,3,1610612747,3,5,5,3,0,0,0
2015-16,21500308,3,1610612761,4,5,5,3,1,0,0
2015-16,21500308,4,1610612747,2,2,2,1,1,0,0
2015-16,21500308,4,1610612761,9,13,10,5,4,3,0
2015-16,21500309,1,1610612741,6,8,4,3,3,4,0
2015-16,21500309,1,1610612756,2,2,1,0,2,1,0
2015-16,21500309,2,1610612741,2,2,2,1,1,0,0
2015-16,21500309,2,1610612756,4,3,3,3,1,0,0
2015-16,21500309,3,1610612741,4,2,2,1,2,0,1
2015-16,21500309,3,1610612756,4,2,1,1,3,1,0
2015-16,21500309,4,1610612741,4,6,5,3,1,1,0
2015-16,21500309,4,1610612756,7,10,9,4,2,1,0
2015-16,21500310,1,1610612749,3,2,1,1,2,1,0
2015-16,21500310,1,1610612757,4,3,2,1,2,1,0
2015-16,21500310,2,1610612749,4,6,5,3,0,1,1
2015-16,21500310,2,1610612757,4,4,4,2,2,0,0
2015-16,21500310,3,1610612749,9,14,10,6,3,4,0
2015-16,21500310,3,1610612757,3,2,1,1,2,1,0
2015-16,21500310,4,1610612749,7,11,10,2,5,1,0
2015-16,21500310,4,1610612757,7,9,7,4,3,2,0
2015-16,21500311,1,1610612746,3,0,0,0,2,0,1
2015-16,21500311,1,1610612750,4,5,4,3,1,1,0
2015-16,21500311,2,1610612746,4,3,2,1,3,1,0
2015-16,21500311,2,1610612750,4,7,4,3,1,3,0
2015-16,21500311,3,1610612746,6,11,9,3,3,2,0
2015-16,21500311,3,1610612750,7,9,6,4,3,3,0
2015-16,21500311,4,1610612746,12,15,15,1,8,0,2
2015-16,21500311,4,1610612750,10,14,13,1,9,1,0
2015-16,21500312,1,1610612738,5,8,7,3,2,1,0
2015-16,21500312,1,1610612740,3,3,2,2,1,1,0
2015-16,21500312,2,1610612738,1,1,1,0,1,0,0
2015-16,21500312,2,1610612740,4,4,3,2,1,1,1
2015-16,21500312,3,1610612738,7,10,6,4,3,4,0
2015-16,21500312,3,1610612740,6,9,8,4,2,1,0
2015-16,21500312,4,1610612738,3,5,5,2,1,0,0
2015-16,21500312,4,1610612740,3,2,2,1,2,0,0
2015-16,21500313,1,1610612739,3,0,0,0,3,0,0
2015-16,21500313,1,1610612757,2,2,1,1,1,1,0
2015-16,21500313,2,1610612739,6,7,6,4,2,1,0
2015-16,21500313,2,1610612757,5,5,3,2,2,2,1
2015-16,21500313,3,1610612739,7,8,6,3,3,2,1
2015-16,21500313,3,1610612757,4,1,1,1,2,0,1
2015-16,21500313,4,1610612739,7,5,4,1,5,1,1
2015-16,21500313,4,1610612757,6,8,4,2,3,4,0
2015-16,21500314,1,1610612744,5,6,6,2,3,0,0
2015-16,21500314,1,1610612754,4,7,4,3,1,3,0
2015-16,21500314,2,1610612744,3,2,2,1,2,0,0
2015-16,21500314,2,1610612754,6,8,7,4,2,1,0
2015-16,21500314,3,1610612744,3,1,1,1,2,0,0
2015-16,21500314,3,1610612754,2,4,4,2,0,0,0
2015-16,21500314,4,1610612744,4,6,2,1,3,4,0
2015-16,21500314,4,1610612754,5,7,6,3,2,1,0
2015-16,21500315,1,1610612745,2,4,2,2,0,2,0
2015-16,21500315,1,1610612751,2,2,0,1,1,2,0
2015-16,21500315,2,1610612745,4,2,2,1,3,0,0
2015-16,21500315,2,1610612751,6,9,9,4,1,0,1
2015-16,21500315,3,1610612745,4,3,2,2,2,1,0
2015-16,21500315,3,1610612751,3,0,0,0,3,0,0
2015-16,21500315,4,1610612745,6,8,6,4,2,2,0
2015-16,21500315,4,1610612751,3,5,4,2,1,1,0
2015-16,21500316,1,1610612760,7,11,8,4,3,3,0
2015-16,21500316,1,1610612763,8,11,9,5,2,2,1
2015-16,21500316,2,1610612760,0,0,0,0,0,0,0
2015-16,21500316,2,1610612763,3,3,3,2,1,0,0
2015-16,21500316,3,1610612760,7,8,7,4,3,1,0
2015-16,21500316,3,1610612763,2,2,1,1,1,1,0
2015-16,21500316,4,1610612760,2,4,3,2,0,1,0
2015-16,21500316,4,1610612763,3,6,6,3,0,0,0
2015-16,21500317,1,1610612743,4,6,5,3,1,1,0
2015-16,21500317,1,1610612753,5,5,4,2,2,1,1
2015-16,21500317,2,1610612743,4,3,2,2,1,1,1
2015-16,21500317,2,1610612753,2,2,2,1,1,0,0
2015-16,21500317,3,1610612743,4,5,2,3,1,3,0
2015-16,21500317,3,1610612753,2,1,0,1,1,1,0
2015-16,21500317,4,1610612743,3,6,2,3,0,4,0
2015-16,21500317,4,1610612753,5,2,2,2,3,0,0
2015-16,21500318,1,1610612758,3,4,2,3,0,2,0
2015-16,21500318,1,1610612762,3,5,5,3,0,0,0
2015-16,21500318,2,1610612758,5,2,1,0,4,1,1
2015-16,21500318,2,1610612762,5,5,3,3,1,2,1
2015-16,21500318,3,1610612758,7,8,7,4,2,1,1
2015-16,21500318,3,1610612762,3,4,3,2,1,1,0
2015-16,21500318,4,1610612758,6,10,8,2,4,2,0
2015-16,21500318,4,1610612762,7,8,4,4,3,4,0
2015-16,21500319,1,1610612738,2,0,0,0,2,0,0
2015-16,21500319,1,1610612741,4,2,1,0,3,1,0
2015-16,21500319,2,1610612738,1,2,2,1,0,0,0
2015-16,21500319,2,1610612741,6,8,6,3,2,2,1
2015-16,21500319,3,1610612738,7,11,8,5,1,3,1
2015-16,21500319,3,1610612741,4,3,2,2,2,1,0
2015-16,21500319,4,1610612738,8,15,14,5,3,1,0
2015-16,21500319,4,1610612741,8,10,7,6,2,3,0
2015-16,21500320,1,1610612748,3,2,1,1,2,1,0
2015-16,21500320,1,1610612766,2,2,1,1,1,1,0
2015-16,21500320,2,1610612748,4,5,5,3,1,0,0
2015-16,21500320,2,1610612766,2,3,2,2,0,1,0
2015-16,21500320,3,1610612748,4,2,0,1,3,2,0
2015-16,21500320,3,1610612766,3,6,3,3,0,3,0
2015-16,21500320,4,1610612748,9,15,11,7,0,4,2
2015-16,21500320,4,1610612766,6,6,2,2,3,4,1
2015-16,21500321,1,1610612745,5,4,3,2,3,1,0
2015-16,21500321,1,1610612764,3,2,2,1,1,0,1
2015-16,21500321,2,1610612745,4,6,3,3,1,3,0
2015-16,21500321,2,1610612764,6,8,8,3,2,0,1
2015-16,21500321,3,1610612745,6,6,5,3,3,1,0
2015-16,21500321,3,1610612764,9,12,8,6,2,4,1
2015-16,21500321,4,1610612745,6,9,6,3,3,3,0
2015-16,21500321,4,1610612764,4,2,2,1,3,0,0
2015-16,21500322,1,1610612763,1,0,0,0,1,0,0
2015-16,21500322,1,1610612765,2,0,0,0,2,0,0
2015-16,21500322,2,1610612763,2,1,1,1,1,0,0
2015-16,21500322,2,1610612765,4,7,6,3,1,1,0
2015-16,21500322,3,1610612763,2,2,1,1,1,1,0
2015-16,21500322,3,1610612765,6,7,4,4,2,3,0
2015-16,21500322,4,1610612763,7,10,5,4,3,5,0
2015-16,21500322,4,1610612765,3,1,0,1,2,1,0
2015-16,21500323,1,1610612759,4,4,3,3,1,1,0
2015-16,21500323,1,1610612761,4,7,7,2,2,0,0
2015-16,21500323,2,1610612759,4,4,4,2,2,0,0
2015-16,21500323,2,1610612761,5,7,6,4,1,1,0
2015-16,21500323,3,1610612759,7,8,5,2,5,3,0
2015-16,21500323,3,1610612761,5,5,4,2,3,1,0
2015-16,21500323,4,1610612759,5,8,7,4,1,1,0
2015-16,21500323,4,1610612761,2,3,3,1,1,0,0
2015-16,21500324,1,1610612746,5,7,4,4,1,3,0
2015-16,21500324,1,1610612749,2,1,1,1,1,0,0
2015-16,21500324,2,1610612746,7,8,5,2,4,3,1
2015-16,21500324,2,1610612749,4,2,1,1,3,1,0
2015-16,21500324,3,1610612746,4,3,1,2,2,2,0
2015-16,21500324,3,1610612749,3,2,2,1,2,0,0
2015-16,21500324,4,1610612746,12,18,11,3,9,7,0
2015-16,21500324,4,1610612749,6,7,5,3,2,2,1
2015-16,21500325,1,1610612747,5,5,3,3,2,2,0
2015-16,21500325,1,1610612750,4,6,3,3,1,3,0
2015-16,21500325,2,1610612747,3,5,4,2,1,1,0
2015-16,21500325,2,1610612750,2,1,0,1,1,1,0
2015-16,21500325,3,1610612747,6,9,6,4,1,3,1
2015-16,21500325,3,1610612750,7,11,9,5,1,2,1
2015-16,21500325,4,1610612747,3,6,3,3,0,3,0
2015-16,21500325,4,1610612750,6,11,10,6,0,1,0
2015-16,21500326,1,1610612753,3,3,2,1,2,1,0
2015-16,21500326,1,1610612756,5,6,4,3,2,2,0
2015-16,21500326,2,1610612753,5,6,3,2,3,3,0
2015-16,21500326,2,1610612756,4,0,0,0,3,0,1
2015-16,21500326,3,1610612753,3,2,2,1,2,0,0
2015-16,21500326,3,1610612756,9,11,9,5,3,2,1
2015-16,21500326,4,1610612753,4,5,5,3,0,0,1
2015-16,21500326,4,1610612756,6,10,6,3,3,4,0
2015-16,21500327,1,1610612752,2,2,1,1,1,1,0
2015-16,21500327,1,1610612762,4,3,3,2,2,0,0
2015-16,21500327,2,1610612752,6,7,3,4,2,4,0
2015-16,21500327,2,1610612762,3,1,1,1,2,0,0
2015-16,21500327,3,1610612752,5,6,5,2,3,1,0
2015-16,21500327,3,1610612762,7,9,7,4,2,2,1
2015-16,21500327,4,1610612752,11,12,6,4,6,6,0
2015-16,21500327,4,1610612762,8,10,8,3,4,2,1
2015-16,21500328,1,1610612737,1,0,0,0,1,0,0
2015-16,21500328,1,1610612742,3,5,4,2,0,1,1
2015-16,21500328,2,1610612737,4,6,5,3,1,1,0
2015-16,21500328,2,1610612742,4,3,2,2,1,1,1
2015-16,21500328,3,1610612737,2,3,2,2,0,1,0
2015-16,21500328,3,1610612742,5,6,5,3,2,1,0
2015-16,21500328,4,1610612737,7,9,7,5,2,2,0
2015-16,21500328,4,1610612742,4,5,5,3,1,0,0
2015-16,21500329,1,1610612751,3,2,1,1,2,1,0
2015-16,21500329,1,1610612755,4,4,3,2,2,1,0
2015-16,21500329,2,1610612751,4,5,5,3,1,0,0
2015-16,21500329,2,1610612755,6,6,6,3,3,0,0
2015-16,21500329,3,1610612751,3,4,3,2,1,1,0
2015-16,21500329,3,1610612755,6,8,8,2,4,0,0
2015-16,21500329,4,1610612751,11,16,11,5,6,5,0
2015-16,21500329,4,1610612755,3,4,2,2,1,2,0
2015-16,21500330,1,1610612741,2,1,1,1,0,0,1
2015-16,21500330,1,1610612746,0,0,0,0,0,0,0
2015-16,21500330,2,1610612741,4,8,7,4,0,1,0
2015-16,21500330,2,1610612746,5,7,5,3,1,2,1
2015-16,21500330,3,1610612741,3,4,3,1,1,1,0
2015-16,21500330,3,1610612746,4,5,5,3,1,0,0
2015-16,21500330,4,1610612741,3,3,3,1,2,0,0
2015-16,21500330,4,1610612746,2,0,0,0,2,0,0
2015-16,21500331,1,1610612737,4,6,2,3,1,4,0
2015-16,21500331,1,1610612760,3,4,3,2,1,1,0
2015-16,21500331,2,1610612737,2,5,3,2,0,2,0
2015-16,21500331,2,1610612760,7,10,8,2,4,2,1
2015-16,21500331,3,1610612737,3,0,0,0,3,0,0
2015-16,21500331,3,1610612760,6,7,6,4,2,1,0
2015-16,21500331,4,1610612737,7,12,9,4,3,3,0
2015-16,21500331,4,1610612760,2,5,3,2,0,2,0
2015-16,21500332,1,1610612752,3,4,4,2,1,0,0
2015-16,21500332,1,1610612758,4,2,0,1,2,2,1
2015-16,21500332,2,1610612752,4,3,1,1,3,2,0
2015-16,21500332,2,1610612758,2,3,2,2,0,1,0
2015-16,21500332,3,1610612752,5,10,9,4,1,1,0
2015-16,21500332,3,1610612758,5,7,6,4,1,1,0
2015-16,21500332,4,1610612752,7,11,8,5,2,3,0
2015-16,21500332,4,1610612758,6,4,4,1,5,0,0
2015-16,21500333,1,1610612748,1,2,1,1,0,1,0
2015-16,21500333,1,1610612754,4,6,6,3,1,0,0
2015-16,21500333,2,1610612748,3,2,1,1,2,1,0
2015-16,21500333,2,1610612754,6,10,10,4,2,0,0
2015-16,21500333,3,1610612748,5,5,2,3,2,3,0
2015-16,21500333,3,1610612754,0,0,0,0,0,0,0
2015-16,21500333,4,1610612748,4,4,4,2,1,0,1
2015-16,21500333,4,1610612754,3,4,2,2,1,2,0
2015-16,21500334,1,1610612739,2,2,1,1,1,1,0
2015-16,21500334,1,1610612753,4,6,4,2,2,2,0
2015-16,21500334,2,1610612739,7,6,5,4,2,1,1
2015-16,21500334,2,1610612753,5,2,1,0,5,1,0
2015-16,21500334,3,1610612739,8,12,7,6,1,5,1
2015-16,21500334,3,1610612753,3,2,1,1,2,1,0
2015-16,21500334,4,1610612739,5,7,5,4,1,2,0
2015-16,21500334,4,1610612753,7,10,8,3,4,2,0
2015-16,21500335,1,1610612755,4,6,5,2,2,1,0
2015-16,21500335,1,1610612765,1,2,2,1,0,0,0
2015-16,21500335,2,1610612755,5,8,4,3,2,4,0
2015-16,21500335,2,1610612765,4,6,4,3,1,2,0
2015-16,21500335,3,1610612755,6,6,4,4,1,2,1
2015-16,21500335,3,1610612765,3,6,3,2,1,3,0
2015-16,21500335,4,1610612755,5,4,4,3,2,0,0
2015-16,21500335,4,1610612765,4,2,2,1,3,0,0
2015-16,21500336,1,1610612738,1,0,0,0,1,0,0
2015-16,21500336,1,1610612744,6,7,5,3,3,2,0
2015-16,21500336,2,1610612738,7,7,2,2,3,5,2
2015-16,21500336,2,1610612744,6,10,7,6,0,3,0
2015-16,21500336,3,1610612738,3,4,3,2,1,1,0
2015-16,21500336,3,1610612744,5,6,4,3,1,2,0
2015-16,21500336,4,1610612738,6,4,3,1,3,1,2
2015-16,21500336,4,1610612744,6,8,7,2,4,1,0
2015-16,21500337,1,1610612749,4,2,2,1,3,0,0
2015-16,21500337,1,1610612761,4,4,3,2,2,1,0
2015-16,21500337,2,1610612749,5,4,4,2,2,0,1
2015-16,21500337,2,1610612761,6,9,6,5,0,3,1
2015-16,21500337,3,1610612749,6,6,4,2,4,2,0
2015-16,21500337,3,1610612761,4,6,4,3,1,2,0
2015-16,21500337,4,1610612749,4,4,3,2,2,1,0
2015-16,21500337,4,1610612761,4,4,2,2,2,2,0
2015-16,21500338,1,1610612763,9,17,14,5,4,3,0
2015-16,21500338,1,1610612766,4,5,5,2,2,0,0
2015-16,21500338,2,1610612763,4,4,2,1,1,2,1
2015-16,21500338,2,1610612766,11,15,14,6,5,1,0
2015-16,21500338,3,1610612763,5,8,6,4,1,2,0
2015-16,21500338,3,1610612766,2,4,3,1,0,1,0
2015-16,21500338,4,1610612763,4,8,6,4,0,2,0
2015-16,21500338,4,1610612766,5,6,5,3,2,1,0
2015-16,21500339,1,1610612740,3,2,1,1,1,1,1
2015-16,21500339,1,1610612764,2,2,2,1,1,0,0
2015-16,21500339,2,1610612740,4,4,2,2,2,2,0
2015-16,21500339,2,1610612764,6,6,4,3,3,2,0
2015-16,21500339,3,1610612740,3,4,4,2,1,0,0
2015-16,21500339,3,1610612764,3,3,1,2,1,2,0
2015-16,21500339,4,1610612740,7,8,6,2,5,2,0
2015-16,21500339,4,1610612764,5,10,6,4,1,4,0
2015-16,21500340,1,1610612743,8,14,10,6,1,4,1
2015-16,21500340,1,1610612750,5,4,4,2,3,0,0
2015-16,21500340,2,1610612743,5,6,6,2,3,0,0
2015-16,21500340,2,1610612750,6,7,7,4,2,0,0
2015-16,21500340,3,1610612743,5,3,1,2,3,2,0
2015-16,21500340,3,1610612750,5,6,5,2,3,1,0
2015-16,21500340,4,1610612743,7,8,5,4,3,3,0
2015-16,21500340,4,1610612750,7,10,7,5,1,3,1
2015-16,21500341,1,1610612760,3,2,2,1,2,0,0
2015-16,21500341,1,1610612762,3,6,4,3,0,2,0
2015-16,21500341,2,1610612760,2,4,4,2,0,0,0
2015-16,21500341,2,1610612762,4,6,5,3,1,1,0
2015-16,21500341,3,1610612760,4,8,6,3,1,2,0
2015-16,21500341,3,1610612762,5,6,3,2,3,3,0
2015-16,21500341,4,1610612760,4,2,2,0,4,0,0
2015-16,21500341,4,1610612762,6,6,4,2,4,2,0
2015-16,21500342,1,1610612747,0,0,0,0,0,0,0
2015-16,21500342,1,1610612759,2,3,0,2,0,3,0
2015-16,21500342,2,1610612747,3,1,1,1,2,0,0
2015-16,21500342,2,1610612759,7,7,4,3,4,3,0
2015-16,21500342,3,1610612747,4,7,5,3,1,2,0
2015-16,21500342,3,1610612759,5,9,8,3,2,1,0
2015-16,21500342,4,1610612747,4,2,0,1,3,2,0
2015-16,21500342,4,1610612759,5,6,3,3,2,3,0
2015-16,21500343,1,1610612756,2,0,0,0,2,0,0
2015-16,21500343,1,1610612757,3,2,1,2,0,1,1
2015-16,21500343,2,1610612756,6,9,6,5,1,3,0
2015-16,21500343,2,1610612757,2,1,1,1,1,0,0
2015-16,21500343,3,1610612756,3,4,1,2,1,3,0
2015-16,21500343,3,1610612757,2,2,1,1,1,1,0
2015-16,21500343,4,1610612756,2,5,4,1,1,1,0
2015-16,21500343,4,1610612757,2,2,1,1,1,1,0
2015-16,21500344,1,1610612746,2,0,0,0,2,0,0
2015-16,21500344,1,1610612751,3,2,1,1,2,1,0
2015-16,21500344,2,1610612746,6,4,2,0,5,2,0
2015-16,21500344,2,1610612751,7,13,12,3,3,1,1
2015-16,21500344,3,1610612746,4,6,5,2,1,1,1
2015-16,21500344,3,1610612751,3,5,3,2,1,2,0
2015-16,21500344,4,1610612746,8,8,4,0,7,4,1
2015-16,21500344,4,1610612751,6,10,9,4,2,1,0
2015-16,21500345,1,1610612738,2,1,1,0,1,0,1
2015-16,21500345,1,1610612766,2,0,0,0,1,0,1
2015-16,21500345,2,1610612738,0,0,0,0,0,0,0
2015-16,21500345,2,1610612766,2,4,4,2,0,0,0
2015-16,21500345,3,1610612738,2,2,2,1,1,0,0
2015-16,21500345,3,1610612766,4,2,2,1,2,0,1
2015-16,21500345,4,1610612738,7,7,6,2,5,1,0
2015-16,21500345,4,1610612766,3,4,4,2,1,0,0
2015-16,21500346,1,1610612754,4,4,4,2,2,0,0
2015-16,21500346,1,1610612765,5,8,6,3,1,2,1
2015-16,21500346,2,1610612754,3,4,2,3,0,2,0
2015-16,21500346,2,1610612765,4,8,7,4,0,1,0
2015-16,21500346,3,1610612754,5,8,4,3,2,4,0
2015-16,21500346,3,1610612765,3,1,1,0,2,0,1
2015-16,21500346,4,1610612754,2,2,1,1,1,1,0
2015-16,21500346,4,1610612765,1,2,1,1,0,1,0
2015-16,21500347,1,1610612737,2,4,3,2,0,1,0
2015-16,21500347,1,1610612759,2,3,2,1,1,1,0
2015-16,21500347,2,1610612737,4,4,3,2,2,1,0
2015-16,21500347,2,1610612759,4,5,5,3,1,0,0
2015-16,21500347,3,1610612737,3,3,3,2,1,0,0
2015-16,21500347,3,1610612759,5,8,8,3,2,0,0
2015-16,21500347,4,1610612737,6,5,4,2,3,1,1
2015-16,21500347,4,1610612759,3,6,6,3,0,0,0
2015-16,21500348,1,1610612740,2,2,2,1,1,0,0
2015-16,21500348,1,1610612741,3,6,5,3,0,1,0
2015-16,21500348,2,1610612740,2,2,1,1,1,1,0
2015-16,21500348,2,1610612741,6,5,4,1,5,1,0
2015-16,21500348,3,1610612740,2,2,2,1,1,0,0
2015-16,21500348,3,1610612741,7,14,11,5,2,3,0
2015-16,21500348,4,1610612740,4,5,3,3,1,2,0
2015-16,21500348,4,1610612741,4,4,4,2,2,0,0
2015-16,21500349,1,1610612745,4,4,3,2,2,1,0
2015-16,21500349,1,1610612747,4,5,5,2,2,0,0
2015-16,21500349,2,1610612745,6,11,4,6,0,7,0
2015-16,21500349,2,1610612747,3,5,5,2,1,0,0
2015-16,21500349,3,1610612745,6,9,6,4,0,3,2
2015-16,21500349,3,1610612747,4,6,5,2,2,1,0
2015-16,21500349,4,1610612745,4,4,4,1,2,0,1
2015-16,21500349,4,1610612747,3,4,2,2,1,2,0
2015-16,21500350,1,1610612742,4,4,4,2,1,0,1
2015-16,21500350,1,1610612764,1,0,0,0,1,0,0
2015-16,21500350,2,1610612742,3,2,1,1,2,1,0
2015-16,21500350,2,1610612764,2,5,3,2,0,2,0
2015-16,21500350,3,1610612742,5,7,5,1,3,2,0
2015-16,21500350,3,1610612764,1,2,1,0,0,1,0
2015-16,21500350,4,1610612742,7,11,11,3,3,0,1
2015-16,21500350,4,1610612764,7,8,8,1,6,0,0
2015-16,21500351,1,1610612744,5,6,6,4,1,0,0
2015-16,21500351,1,1610612749,2,0,0,0,0,0,2
2015-16,21500351,2,1610612744,5,5,4,3,1,1,1
2015-16,21500351,2,1610612749,5,6,5,2,3,1,0
2015-16,21500351,3,1610612744,8,10,5,4,3,5,0
2015-16,21500351,3,1610612749,6,7,5,2,1,2,2
2015-16,21500351,4,1610612744,4,4,2,1,3,2,0
2015-16,21500351,4,1610612749,6,5,4,4,0,1,2
2015-16,21500352,1,1610612752,2,2,1,1,1,1,0
2015-16,21500352,1,1610612757,4,6,3,3,1,3,0
2015-16,21500352,2,1610612752,7,11,10,4,2,1,1
2015-16,21500352,2,1610612757,6,7,5,3,2,2,1
2015-16,21500352,3,1610612752,3,2,2,1,1,0,1
2015-16,21500352,3,1610612757,8,11,10,4,3,1,1
2015-16,21500352,4,1610612752,7,13,12,4,3,1,0
2015-16,21500352,4,1610612757,3,5,4,2,1,1,0
2015-16,21500353,1,1610612750,7,10,8,4,2,2,1
2015-16,21500353,1,1610612756,6,10,10,5,1,0,0
2015-16,21500353,2,1610612750,9,14,10,7,1,4,1
2015-16,21500353,2,1610612756,7,7,6,4,3,1,0
2015-16,21500353,3,1610612750,3,3,3,1,2,0,0
2015-16,21500353,3,1610612756,3,1,0,1,0,1,2
2015-16,21500353,4,1610612750,6,7,6,5,1,1,0
2015-16,21500353,4,1610612756,7,6,4,0,5,2,2
2015-16,21500354,1,1610612748,2,0,0,0,1,0,1
2015-16,21500354,1,1610612763,5,7,6,4,1,1,0
2015-16,21500354,2,1610612748,6,5,4,2,4,1,0
2015-16,21500354,2,1610612763,4,3,2,2,1,1,1
2015-16,21500354,3,1610612748,6,9,7,4,1,2,1
2015-16,21500354,3,1610612763,1,0,0,0,1,0,0
2015-16,21500354,4,1610612748,6,9,8,3,3,1,0
2015-16,21500354,4,1610612763,5,4,2,2,3,2,0
2015-16,21500355,1,1610612755,4,4,3,2,2,1,0
2015-16,21500355,1,1610612761,7,12,10,6,0,2,1
2015-16,21500355,2,1610612755,1,0,0,0,1,0,0
2015-16,21500355,2,1610612761,1,4,4,1,0,0,0
2015-16,21500355,3,1610612755,4,5,3,2,2,2,0
2015-16,21500355,3,1610612761,3,0,0,0,2,0,1
2015-16,21500355,4,1610612755,3,5,4,3,0,1,0
2015-16,21500355,4,1610612761,9,18,11,8,1,7,0
2015-16,21500356,1,1610612760,2,2,2,1,0,0,1
2015-16,21500356,1,1610612762,3,0,0,0,2,0,1
2015-16,21500356,2,1610612760,7,11,9,4,3,2,0
2015-16,21500356,2,1610612762,4,5,4,3,1,1,0
2015-16,21500356,3,1610612760,7,11,10,6,1,1,0
2015-16,21500356,3,1610612762,7,11,7,5,1,4,0
2015-16,21500356,4,1610612760,5,6,6,3,2,0,0
2015-16,21500356,4,1610612762,3,4,1,2,1,3,0
2015-16,21500357,1,1610612754,2,2,2,2,0,0,0
2015-16,21500357,1,1610612761,2,2,2,1,1,0,0
2015-16,21500357,2,1610612754,5,5,5,3,2,0,0
2015-16,21500357,2,1610612761,5,6,5,3,2,1,0
2015-16,21500357,3,1610612754,4,3,3,1,2,0,1
2015-16,21500357,3,1610612761,6,12,10,4,1,2,0
2015-16,21500357,4,1610612754,4,6,4,3,1,2,0
2015-16,21500357,4,1610612761,6,6,5,3,3,1,0
2015-16,21500358,1,1610612751,6,7,5,4,2,2,0
2015-16,21500358,1,1610612753,4,4,3,2,2,1,0
2015-16,21500358,2,1610612751,4,6,6,1,3,0,0
2015-16,21500358,2,1610612753,4,6,5,3,0,1,1
2015-16,21500358,3,1610612751,3,3,2,1,2,1,0
2015-16,21500358,3,1610612753,5,3,1,1,2,2,2
2015-16,21500358,4,1610612751,3,0,0,0,3,0,0
2015-16,21500358,4,1610612753,6,7,5,3,3,2,0
2015-16,21500359,1,1610612746,2,1,1,0,2,0,0
2015-16,21500359,1,1610612765,4,7,6,3,1,1,0
2015-16,21500359,2,1610612746,4,3,3,2,2,0,0
2015-16,21500359,2,1610612765,3,4,2,2,1,2,0
2015-16,21500359,3,1610612746,3,4,1,1,2,3,0
2015-16,21500359,3,1610612765,3,2,2,1,2,0,0
2015-16,21500359,4,1610612746,6,3,3,2,3,0,1
2015-16,21500359,4,1610612765,6,10,8,3,2,2,1
2015-16,21500360,1,1610612737,4,7,6,4,0,1,0
2015-16,21500360,1,1610612748,3,2,2,1,2,0,0
2015-16,21500360,2,1610612737,2,2,2,1,1,0,0
2015-16,21500360,2,1610612748,4,4,4,2,2,0,0
2015-16,21500360,3,1610612737,4,2,2,1,3,0,0
2015-16,21500360,3,1610612748,5,7,5,2,3,2,0
2015-16,21500360,4,1610612737,2,4,4,2,0,0,0
2015-16,21500360,4,1610612748,5,2,2,2,2,0,1
2015-16,21500361,1,1610612741,4,5,4,3,1,1,0
2015-16,21500361,1,1610612755,4,6,4,2,2,2,0
2015-16,21500361,2,1610612741,4,7,6,4,0,1,0
2015-16,21500361,2,1610612755,2,2,1,1,1,1,0
2015-16,21500361,3,1610612741,7,12,10,7,0,2,0
2015-16,21500361,3,1610612755,2,0,0,0,2,0,0
2015-16,21500361,4,1610612741,2,2,1,1,1,1,0
2015-16,21500361,4,1610612755,4,5,4,2,2,1,0
2015-16,21500362,1,1610612763,1,2,2,1,0,0,0
2015-16,21500362,1,1610612764,2,2,0,0,2,2,0
2015-16,21500362,2,1610612763,3,0,0,0,3,0,0
2015-16,21500362,2,1610612764,4,3,3,2,2,0,0
2015-16,21500362,3,1610612763,2,1,1,1,1,0,0
2015-16,21500362,3,1610612764,5,6,2,2,2,4,1
2015-16,21500362,4,1610612763,7,12,11,4,3,1,0
2015-16,21500362,4,1610612764,5,9,7,4,1,2,0
2015-16,21500363,1,1610612742,2,3,3,2,0,0,0
2015-16,21500363,1,1610612756,3,0,0,0,3,0,0
2015-16,21500363,2,1610612742,5,4,2,1,4,2,0
2015-16,21500363,2,1610612756,5,6,5,3,2,1,0
2015-16,21500363,3,1610612742,5,2,2,1,3,0,1
2015-16,21500363,3,1610612756,1,0,0,0,1,0,0
2015-16,21500363,4,1610612742,9,12,9,5,4,3,0
2015-16,21500363,4,1610612756,12,21,14,10,2,7,0
2015-16,21500364,1,1610612759,3,5,5,3,0,0,0
2015-16,21500364,1,1610612762,3,0,0,0,3,0,0
2015-16,21500364,2,1610612759,9,13,13,5,4,0,0
2015-16,21500364,2,1610612762,6,10,9,4,1,1,1
2015-16,21500364,3,1610612759,6,7,6,3,3,1,0
2015-16,21500364,3,1610612762,5,7,5,4,1,2,0
2015-16,21500364,4,1610612759,2,2,1,1,1,1,0
2015-16,21500364,4,1610612762,3,0,0,0,3,0,0
2015-16,21500365,1,1610612743,3,5,4,3,0,1,0
2015-16,21500365,1,1610612745,3,0,0,0,2,0,1
2015-16,21500365,2,1610612743,4,4,3,2,1,1,1
2015-16,21500365,2,1610612745,6,8,6,2,4,2,0
2015-16,21500365,3,1610612743,8,10,9,1,6,1,1
2015-16,21500365,3,1610612745,3,0,0,0,3,0,0
2015-16,21500365,4,1610612743,6,6,6,1,5,0,0
2015-16,21500365,4,1610612745,2,3,2,1,0,1,1
2015-16,21500366,1,1610612740,3,3,2,2,0,1,1
2015-16,21500366,1,1610612757,8,11,7,5,3,4,0
2015-16,21500366,2,1610612740,7,12,11,5,1,1,0
2015-16,21500366,2,1610612757,3,4,4,2,1,0,0
2015-16,21500366,3,1610612740,3,4,3,2,1,1,0
2015-16,21500366,3,1610612757,1,2,1,1,0,1,0
2015-16,21500366,4,1610612740,7,8,5,5,1,3,1
2015-16,21500366,4,1610612757,8,12,10,4,3,2,1
2015-16,21500367,1,1610612738,2,0,0,0,2,0,0
2015-16,21500367,1,1610612739,2,2,2,1,1,0,0
2015-16,21500367,2,1610612738,5,8,7,4,1,1,0
2015-16,21500367,2,1610612739,4,5,5,1,3,0,0
2015-16,21500367,3,1610612738,5,4,4,1,3,0,1
2015-16,21500367,3,1610612739,1,1,1,1,0,0,0
2015-16,21500367,4,1610612738,4,2,1,1,3,1,0
2015-16,21500367,4,1610612739,4,2,1,1,3,1,0
2015-16,21500368,1,1610612743,7,9,6,3,4,3,0
2015-16,21500368,1,1610612750,5,5,4,3,2,1,0
2015-16,21500368,2,1610612743,3,2,1,0,3,1,0
2015-16,21500368,2,1610612750,6,6,6,3,3,0,0
2015-16,21500368,3,1610612743,6,8,6,4,2,2,0
2015-16,21500368,3,1610612750,6,10,6,5,1,4,0
2015-16,21500368,4,1610612743,8,8,7,1,7,1,0
2015-16,21500368,4,1610612750,7,10,8,2,5,2,0
2015-16,21500369,1,1610612745,5,6,5,3,2,1,0
2015-16,21500369,1,1610612758,6,7,6,3,2,1,1
2015-16,21500369,2,1610612745,5,10,7,4,1,3,0
2015-16,21500369,2,1610612758,8,9,6,1,7,3,0
2015-16,21500369,3,1610612745,2,4,2,2,0,2,0
2015-16,21500369,3,1610612758,6,6,5,0,4,1,1
2015-16,21500369,4,1610612745,2,3,3,1,1,0,0
2015-16,21500369,4,1610612758,6,7,3,3,2,4,1
2015-16,21500370,1,1610612747,1,1,1,1,0,0,0
2015-16,21500370,1,1610612749,2,2,2,1,1,0,0
2015-16,21500370,2,1610612747,9,11,9,4,4,2,1
2015-16,21500370,2,1610612749,5,4,3,2,2,1,1
2015-16,21500370,3,1610612747,4,6,6,2,1,0,1
2015-16,21500370,3,1610612749,6,10,4,4,1,6,1
2015-16,21500370,4,1610612747,4,7,5,3,1,2,0
2015-16,21500370,4,1610612749,4,4,2,2,0,2,2
2015-16,21500371,1,1610612742,5,7,5,4,1,2,0
2015-16,21500371,1,1610612754,3,4,3,2,0,1,1
2015-16,21500371,2,1610612742,3,2,2,1,2,0,0
2015-16,21500371,2,1610612754,7,8,2,2,4,6,1
2015-16,21500371,3,1610612742,3,1,0,0,2,1,0
2015-16,21500371,3,1610612754,4,5,5,2,1,0,1
2015-16,21500371,4,1610612742,4,0,0,0,3,0,1
2015-16,21500371,4,1610612754,2,0,0,0,2,0,0
2015-16,21500372,1,1610612753,4,5,3,3,0,2,1
2015-16,21500372,1,1610612766,2,3,1,2,0,2,0
2015-16,21500372,2,1610612753,1,0,0,0,1,0,0
2015-16,21500372,2,1610612766,3,1,1,1,2,0,0
2015-16,21500372,3,1610612753,6,4,4,1,4,0,1
2015-16,21500372,3,1610612766,2,6,5,2,0,1,0
2015-16,21500372,4,1610612753,5,6,6,2,3,0,0
2015-16,21500372,4,1610612766,7,5,5,1,4,0,0
2015-16,21500373,1,1610612748,4,2,1,1,3,1,0
2015-16,21500373,1,1610612751,1,1,1,1,0,0,0
2015-16,21500373,2,1610612748,6,10,8,5,1,2,0
2015-16,21500373,2,1610612751,3,4,2,1,2,2,0
2015-16,21500373,3,1610612748,4,6,4,3,1,2,0
2015-16,21500373,3,1610612751,1,0,0,0,1,0,0
2015-16,21500373,4,1610612748,4,6,4,2,2,2,0
2015-16,21500373,4,1610612751,7,9,7,4,3,2,0
2015-16,21500374,1,1610612738,2,2,1,1,0,1,1
2015-16,21500374,1,1610612765,3,4,0,1,2,4,0
2015-16,21500374,2,1610612738,5,6,6,3,1,0,0
2015-16,21500374,2,1610612765,6,10,9,6,0,1,0
2015-16,21500374,3,1610612738,7,10,7,4,1,3,2
2015-16,21500374,3,1610612765,10,15,10,3,7,5,0
2015-16,21500374,4,1610612738,7,6,6,1,2,0,4
2015-16,21500374,4,1610612765,8,14,13,4,4,1,0
2015-16,21500375,1,1610612750,4,2,2,1,3,0,0
2015-16,21500375,1,1610612752,2,4,3,1,0,1,0
2015-16,21500375,2,1610612750,2,2,2,1,1,0,0
2015-16,21500375,2,1610612752,5,6,5,3,2,1,0
2015-16,21500375,3,1610612750,7,5,5,2,5,0,0
2015-16,21500375,3,1610612752,3,3,1,2,1,2,0
2015-16,21500375,4,1610612750,3,5,5,3,0,0,0
2015-16,21500375,4,1610612752,11,17,16,5,6,1,0
2015-16,21500376,1,1610612737,4,6,6,3,1,0,0
2015-16,21500376,1,1610612755,5,7,5,3,1,2,1
2015-16,21500376,2,1610612737,3,4,3,0,2,1,0
2015-16,21500376,2,1610612755,5,4,3,2,3,1,0
2015-16,21500376,3,1610612737,7,10,10,3,3,0,1
2015-16,21500376,3,1610612755,5,7,5,4,1,2,0
2015-16,21500376,4,1610612737,5,4,2,1,3,2,1
2015-16,21500376,4,1610612755,5,6,3,3,2,3,0
2015-16,21500377,1,1610612741,4,4,1,3,1,3,0
2015-16,21500377,1,1610612763,3,5,3,3,0,2,0
2015-16,21500377,2,1610612741,5,5,4,3,2,1,0
2015-16,21500377,2,1610612763,7,11,6,4,2,5,0
2015-16,21500377,3,1610612741,2,1,1,1,1,0,0
2015-16,21500377,3,1610612763,1,2,2,1,0,0,0
2015-16,21500377,4,1610612741,8,9,7,3,5,2,0
2015-16,21500377,4,1610612763,7,10,5,4,3,5,0
2015-16,21500378,1,1610612757,3,5,4,2,1,1,0
2015-16,21500378,1,1610612760,6,5,5,4,2,0,0
2015-16,21500378,2,1610612757,5,5,4,3,2,1,0
2015-16,21500378,2,1610612760,10,20,13,6,3,7,1
2015-16,21500378,3,1610612757,5,6,6,2,3,0,0
2015-16,21500378,3,1610612760,6,8,7,4,2,1,0
2015-16,21500378,4,1610612757,3,2,1,1,1,1,1
2015-16,21500378,4,1610612760,4,4,3,1,3,1,0
2015-16,21500379,1,1610612759,5,4,2,1,4,2,0
2015-16,21500379,1,1610612764,4,6,6,3,1,0,0
2015-16,21500379,2,1610612759,8,12,9,3,2,3,3
2015-16,21500379,2,1610612764,7,9,7,4,3,2,0
2015-16,21500379,3,1610612759,2,2,2,0,2,0,0
2015-16,21500379,3,1610612764,4,4,4,2,2,0,0
2015-16,21500379,4,1610612759,2,5,5,2,0,0,0
2015-16,21500379,4,1610612764,5,6,5,2,3,1,0
2015-16,21500380,1,1610612740,4,6,4,2,2,2,0
2015-16,21500380,1,1610612762,6,8,6,3,3,2,0
2015-16,21500380,2,1610612740,6,6,6,2,4,0,0
2015-16,21500380,2,1610612762,8,9,7,3,5,2,0
2015-16,21500380,3,1610612740,6,10,10,3,3,0,0
2015-16,21500380,3,1610612762,4,6,5,3,1,1,0
2015-16,21500380,4,1610612740,4,6,6,4,0,0,0
2015-16,21500380,4,1610612762,4,6,5,1,3,1,0
2015-16,21500381,1,1610612744,2,2,0,1,0,2,1
2015-16,21500381,1,1610612756,1,0,0,0,1,0,0
2015-16,21500381,2,1610612744,4,4,4,1,3,0,0
2015-16,21500381,2,1610612756,2,3,3,1,1,0,0
2015-16,21500381,3,1610612744,6,12,10,4,2,2,0
2015-16,21500381,3,1610612756,6,8,7,2,4,1,0
2015-16,21500381,4,1610612744,6,9,7,3,3,2,0
2015-16,21500381,4,1610612756,5,7,6,3,2,1,0
2015-16,21500382,1,1610612746,6,7,6,3,2,1,1
2015-16,21500382,1,1610612749,1,0,0,0,1,0,0
2015-16,21500382,2,1610612746,6,7,6,2,4,1,0
2015-16,21500382,2,1610612749,3,5,3,3,0,2,0
2015-16,21500382,3,1610612746,5,5,3,3,2,2,0
2015-16,21500382,3,1610612749,2,2,2,0,2,0,0
2015-16,21500382,4,1610612746,3,5,5,2,1,0,0
2015-16,21500382,4,1610612749,3,4,4,2,1,0,0
2015-16,21500383,1,1610612761,5,6,5,3,1,1,1
2015-16,21500383,1,1610612766,2,2,1,1,1,1,0
2015-16,21500383,2,1610612761,5,7,4,4,1,3,0
2015-16,21500383,2,1610612766,5,5,4,1,2,1,2
2015-16,21500383,3,1610612761,5,8,6,3,2,2,0
2015-16,21500383,3,1610612766,2,3,2,1,1,1,0
2015-16,21500383,4,1610612761,4,5,4,3,0,1,1
2015-16,21500383,4,1610612766,7,12,9,3,3,3,1
2015-16,21500384,1,1610612739,4,3,1,2,1,2,1
2015-16,21500384,1,1610612760,4,8,8,4,0,0,0
2015-16,21500384,2,1610612739,4,2,2,1,3,0,0
2015-16,21500384,2,1610612760,3,4,1,2,0,3,1
2015-16,21500384,3,1610612739,4,3,3,2,2,0,0
2015-16,21500384,3,1610612760,8,12,11,4,4,1,0
2015-16,21500384,4,1610612739,5,5,4,3,1,1,1
2015-16,21500384,4,1610612760,5,4,4,2,3,0,0
2015-16,21500385,1,1610612745,5,8,6,4,0,2,1
2015-16,21500385,1,1610612747,1,2,2,1,0,0,0
2015-16,21500385,2,1610612745,3,4,4,2,0,0,0
2015-16,21500385,2,1610612747,5,7,2,3,2,5,0
2015-16,21500385,3,1610612745,6,10,7,4,1,3,1
2015-16,21500385,3,1610612747,4,4,2,2,2,2,0
2015-16,21500385,4,1610612745,12,20,10,3,8,10,1
2015-16,21500385,4,1610612747,4,5,4,2,2,1,0
2015-16,21500386,1,1610612751,1,0,0,0,1,0,0
2015-16,21500386,1,1610612754,4,5,4,3,1,1,0
2015-16,21500386,2,1610612751,4,6,6,3,0,0,1
2015-16,21500386,2,1610612754,4,5,4,2,2,1,0
2015-16,21500386,3,1610612751,5,9,9,4,0,0,1
2015-16,21500386,3,1610612754,5,8,7,4,1,1,0
2015-16,21500386,4,1610612751,4,2,2,1,2,0,1
2015-16,21500386,4,1610612754,6,8,8,3,1,0,2
2015-16,21500387,1,1610612753,4,5,3,3,1,2,0
2015-16,21500387,1,1610612757,3,5,5,2,1,0,0
2015-16,21500387,2,1610612753,6,9,6,4,2,3,0
2015-16,21500387,2,1610612757,6,12,8,5,1,4,0
2015-16,21500387,3,1610612753,5,10,8,4,0,2,0
2015-16,21500387,3,1610612757,2,4,2,2,0,2,0
2015-16,21500387,4,1610612753,5,7,5,1,3,2,0
2015-16,21500387,4,1610612757,3,5,4,2,1,1,0
2015-16,21500388,1,1610612752,6,8,7,3,1,1,2
2015-16,21500388,1,1610612755,2,5,1,2,0,4,0
2015-16,21500388,2,1610612752,7,12,9,4,3,3,0
2015-16,21500388,2,1610612755,5,7,3,2,3,4,0
2015-16,21500388,3,1610612752,4,5,4,2,0,1,1
2015-16,21500388,3,1610612755,5,9,7,4,1,2,0
2015-16,21500388,4,1610612752,3,3,1,2,1,2,0
2015-16,21500388,4,1610612755,6,9,6,5,1,3,0
2015-16,21500389,1,1610612737,5,4,3,2,3,1,0
2015-16,21500389,1,1610612738,4,0,0,0,3,0,1
2015-16,21500389,2,1610612737,4,5,4,3,1,1,0
2015-16,21500389,2,1610612738,6,8,7,3,3,1,0
2015-16,21500389,3,1610612737,6,8,7,2,2,1,2
2015-16,21500389,3,1610612738,7,10,6,4,2,4,1
2015-16,21500389,4,1610612737,8,12,9,3,5,3,0
2015-16,21500389,4,1610612738,8,13,10,4,3,3,1
2015-16,21500390,1,1610612748,3,5,4,3,0,1,0
2015-16,21500390,1,1610612761,6,8,7,3,3,1,0
2015-16,21500390,2,1610612748,1,2,2,1,0,0,0
2015-16,21500390,2,1610612761,5,4,2,2,2,2,1
2015-16,21500390,3,1610612748,4,4,4,2,2,0,0
2015-16,21500390,3,1610612761,3,2,2,1,2,0,0
2015-16,21500390,4,1610612748,4,6,5,3,1,1,0
2015-16,21500390,4,1610612761,5,8,7,4,1,1,0
2015-16,21500391,1,1610612741,6,7,7,3,2,0,1
2015-16,21500391,1,1610612765,5,4,1,1,4,3,0
2015-16,21500391,2,1610612741,3,5,5,2,1,0,0
2015-16,21500391,2,1610612765,11,18,13,5,6,5,0
2015-16,21500391,3,1610612741,7,12,10,7,0,2,0
2015-16,21500391,3,1610612765,3,8,3,3,0,5,0
2015-16,21500391,4,1610612741,8,12,11,3,2,1,3
2015-16,21500391,4,1610612765,3,4,3,1,2,1,0
2015-16,21500392,1,1610612750,3,3,2,2,1,1,0
2015-16,21500392,1,1610612758,2,0,0,0,2,0,0
2015-16,21500392,2,1610612750,3,1,1,1,2,0,0
2015-16,21500392,2,1610612758,5,10,8,4,0,2,1
2015-16,21500392,3,1610612750,2,4,4,2,0,0,0
2015-16,21500392,3,1610612758,4,2,1,2,1,1,0
2015-16,21500392,4,1610612750,8,8,8,0,8,0,0
2015-16,21500392,4,1610612758,5,5,3,2,1,2,2
2015-16,21500393,1,1610612746,4,5,5,2,2,0,0
2015-16,21500393,1,1610612759,2,2,1,0,2,1,0
2015-16,21500393,2,1610612746,5,6,4,1,4,2,0
2015-16,21500393,2,1610612759,4,3,2,3,1,1,0
2015-16,21500393,3,1610612746,10,15,8,1,9,7,0
2015-16,21500393,3,1610612759,8,11,8,4,4,3,0
2015-16,21500393,4,1610612746,11,14,8,0,9,6,2
2015-16,21500393,4,1610612759,7,8,8,1,6,0,0
2015-16,21500394,1,1610612742,4,6,6,3,0,0,1
2015-16,21500394,1,1610612763,5,10,9,4,1,1,0
2015-16,21500394,2,1610612742,8,10,8,3,5,2,0
2015-16,21500394,2,1610612763,5,9,8,3,2,1,0
2015-16,21500394,3,1610612742,2,5,5,2,0,0,0
2015-16,21500394,3,1610612763,3,5,5,2,1,0,0
2015-16,21500394,4,1610612742,3,0,0,0,2,0,1
2015-16,21500394,4,1610612763,2,0,0,0,2,0,0
2015-16,21500395,1,1610612743,5,5,5,2,3,0,0
2015-16,21500395,1,1610612762,2,3,3,1,1,0,0
2015-16,21500395,2,1610612743,8,13,11,6,2,2,0
2015-16,21500395,2,1610612762,5,5,3,4,1,2,0
2015-16,21500395,3,1610612743,4,5,3,3,1,2,0
2015-16,21500395,3,1610612762,6,11,9,4,2,2,0
2015-16,21500395,4,1610612743,1,2,1,1,0,1,0
2015-16,21500395,4,1610612762,4,6,4,2,2,2,0
2015-16,21500396,1,1610612740,4,6,3,2,2,3,0
2015-16,21500396,1,1610612756,4,0,0,0,4,0,0
2015-16,21500396,2,1610612740,8,12,11,3,5,1,0
2015-16,21500396,2,1610612756,5,4,3,1,3,1,1
2015-16,21500396,3,1610612740,6,10,9,3,3,1,0
2015-16,21500396,3,1610612756,7,9,4,3,4,5,0
2015-16,21500396,4,1610612740,6,10,9,6,0,1,0
2015-16,21500396,4,1610612756,4,4,3,2,2,1,0
2015-16,21500397,1,1610612744,5,5,4,2,2,1,1
2015-16,21500397,1,1610612749,7,12,10,5,1,2,0
2015-16,21500397,2,1610612744,5,6,6,3,2,0,0
2015-16,21500397,2,1610612749,6,9,8,3,2,1,1
2015-16,21500397,3,1610612744,5,8,4,4,1,4,0
2015-16,21500397,3,1610612749,3,6,5,2,1,1,0
2015-16,21500397,4,1610612744,10,18,14,4,6,4,0
2015-16,21500397,4,1610612749,4,1,1,0,3,0,1
2015-16,21500398,1,1610612747,4,3,0,2,2,3,0
2015-16,21500398,1,1610612760,5,9,6,3,1,3,1
2015-16,21500398,2,1610612747,5,9,8,3,1,1,1
2015-16,21500398,2,1610612760,5,8,6,4,0,2,1
2015-16,21500398,3,1610612747,5,4,1,1,3,3,1
2015-16,21500398,3,1610612760,5,6,3,4,0,3,1
2015-16,21500398,4,1610612747,0,1,1,0,0,0,0
2015-16,21500398,4,1610612760,3,2,2,2,1,0,0
2015-16,21500399,1,1610612764,4,5,4,3,1,1,0
2015-16,21500399,1,1610612766,4,4,4,2,2,0,0
2015-16,21500399,2,1610612764,4,4,3,2,2,1,0
2015-16,21500399,2,1610612766,0,1,1,0,0,0,0
2015-16,21500399,3,1610612764,7,8,7,5,1,1,1
2015-16,21500399,3,1610612766,4,4,2,2,2,2,0
2015-16,21500399,4,1610612764,5,6,6,1,4,0,0
2015-16,21500399,4,1610612766,4,7,6,3,1,1,0
2015-16,21500400,1,1610612741,3,4,3,2,1,1,0
2015-16,21500400,1,1610612752,1,2,2,1,0,0,0
2015-16,21500400,2,1610612741,5,4,2,2,3,2,0
2015-16,21500400,2,1610612752,4,2,1,2,2,1,0
2015-16,21500400,3,1610612741,3,3,1,2,1,2,0
2015-16,21500400,3,1610612752,5,6,6,4,1,0,0
2015-16,21500400,4,1610612741,3,6,6,3,0,0,0
2015-16,21500400,4,1610612752,9,14,11,7,2,3,0
2015-16,21500401,1,1610612745,7,13,11,4,1,2,2
2015-16,21500401,1,1610612746,5,4,4,2,3,0,0
2015-16,21500401,2,1610612745,13,19,8,2,11,11,0
2015-16,21500401,2,1610612746,7,8,4,1,4,4,2
2015-16,21500401,3,1610612745,5,6,4,1,4,2,0
2015-16,21500401,3,1610612746,8,10,6,2,4,4,1
2015-16,21500401,4,1610612745,9,11,8,0,9,3,0
2015-16,21500401,4,1610612746,7,7,4,3,4,3,0
2015-16,21500402,1,1610612754,4,6,5,3,1,1,0
2015-16,21500402,1,1610612763,0,0,0,0,0,0,0
2015-16,21500402,2,1610612754,5,6,5,3,2,1,0
2015-16,21500402,2,1610612763,8,10,8,2,5,2,1
2015-16,21500402,3,1610612754,4,3,1,2,2,2,0
2015-16,21500402,3,1610612763,4,4,4,2,2,0,0
2015-16,21500402,4,1610612754,6,10,8,5,1,2,0
2015-16,21500402,4,1610612763,6,7,5,3,2,2,1
2015-16,21500403,1,1610612750,5,7,6,4,1,1,0
2015-16,21500403,1,1610612751,4,4,4,2,2,0,0
2015-16,21500403,2,1610612750,3,3,3,2,1,0,0
2015-16,21500403,2,1610612751,5,6,5,3,2,1,0
2015-16,21500403,3,1610612750,8,11,9,3,5,2,0
2015-16,21500403,3,1610612751,5,6,3,2,3,3,0
2015-16,21500403,4,1610612750,4,3,3,2,2,0,0
2015-16,21500403,4,1610612751,6,4,4,1,5,0,0
2015-16,21500404,1,1610612748,4,5,2,3,1,3,0
2015-16,21500404,1,1610612757,3,5,3,2,1,2,0
2015-16,21500404,2,1610612748,5,4,3,3,2,1,0
2015-16,21500404,2,1610612757,3,4,4,1,1,0,1
2015-16,21500404,3,1610612748,5,7,5,3,2,2,0
2015-16,21500404,3,1610612757,5,8,8,2,2,0,1
2015-16,21500404,4,1610612748,7,10,8,2,5,2,0
2015-16,21500404,4,1610612757,3,5,3,1,2,2,0
2015-16,21500405,1,1610612739,4,4,3,2,2,1,0
2015-16,21500405,1,1610612755,3,4,4,2,1,0,0
2015-16,21500405,2,1610612739,7,7,6,3,4,1,0
2015-16,21500405,2,1610612755,5,6,4,3,1,2,1
2015-16,21500405,3,1610612739,6,8,7,3,3,1,0
2015-16,21500405,3,1610612755,4,9,7,4,0,2,0
2015-16,21500405,4,1610612739,4,2,1,1,3,1,0
2015-16,21500405,4,1610612755,7,11,6,3,2,5,2
2015-16,21500406,1,1610612749,4,4,2,2,1,2,0
2015-16,21500406,1,1610612756,4,3,3,1,3,0,0
2015-16,21500406,2,1610612749,5,8,4,4,1,4,0
2015-16,21500406,2,1610612756,4,4,3,1,3,1,0
2015-16,21500406,3,1610612749,4,2,2,1,3,0,0
2015-16,21500406,3,1610612756,6,7,7,2,4,0,0
2015-16,21500406,4,1610612749,7,10,6,3,4,4,0
2015-16,21500406,4,1610612756,6,10,8,3,2,2,0
2015-16,21500407,1,1610612737,4,2,2,1,3,0,0
2015-16,21500407,1,1610612753,4,5,3,3,1,2,0
2015-16,21500407,2,1610612737,2,4,3,2,0,1,0
2015-16,21500407,2,1610612753,4,3,3,2,1,0,1
2015-16,21500407,3,1610612737,7,7,5,3,4,2,0
2015-16,21500407,3,1610612753,9,14,14,4,4,0,1
2015-16,21500407,4,1610612737,5,7,4,4,1,3,0
2015-16,21500407,4,1610612753,4,2,0,1,3,2,0
2015-16,21500408,1,1610612758,3,3,2,2,1,1,0
2015-16,21500408,1,1610612761,5,2,1,1,3,1,1
2015-16,21500408,2,1610612758,4,6,3,3,1,3,0
2015-16,21500408,2,1610612761,5,9,9,3,2,0,0
2015-16,21500408,3,1610612758,8,9,7,1,5,2,2
2015-16,21500408,3,1610612761,3,4,4,2,0,0,1
2015-16,21500408,4,1610612758,3,6,3,3,0,3,0
2015-16,21500408,4,1610612761,3,2,2,1,2,0,0
2015-16,21500409,1,1610612740,5,9,7,3,0,2,2
2015-16,21500409,1,1610612743,9,16,14,4,5,2,0
2015-16,21500409,2,1610612740,7,14,11,6,1,3,0
2015-16,21500409,2,1610612743,4,4,3,3,1,1,0
2015-16,21500409,3,1610612740,3,2,2,1,1,0,1
2015-16,21500409,3,1610612743,5,2,1,0,4,1,1
2015-16,21500409,4,1610612740,10,14,11,1,9,3,0
2015-16,21500409,4,1610612743,2,0,0,0,2,0,0
2015-16,21500410,1,1610612758,4,6,5,3,0,1,0
2015-16,21500410,1,1610612764,4,4,3,2,2,1,0
2015-16,21500410,2,1610612758,5,5,3,3,2,2,0
2015-16,21500410,2,1610612764,5,9,8,3,2,1,0
2015-16,21500410,3,1610612758,5,8,8,4,1,0,0
2015-16,21500410,3,1610612764,4,4,4,2,2,0,0
2015-16,21500410,4,1610612758,5,3,2,2,3,1,0
2015-16,21500410,4,1610612764,1,0,0,0,1,0,0
2015-16,21500411,1,1610612738,2,5,4,2,0,1,0
2015-16,21500411,1,1610612750,8,13,11,6,2,2,0
2015-16,21500411,2,1610612738,7,7,4,3,4,3,0
2015-16,21500411,2,1610612750,4,8,5,4,0,3,0
2015-16,21500411,3,1610612738,4,4,1,2,1,3,1
2015-16,21500411,3,1610612750,1,0,0,0,1,0,0
2015-16,21500411,4,1610612738,3,0,0,0,2,0,1
2015-16,21500411,4,1610612750,7,11,9,7,0,2,0
2015-16,21500412,1,1610612752,1,0,0,0,1,0,0
2015-16,21500412,1,1610612753,2,1,1,1,0,0,1
2015-16,21500412,2,1610612752,5,7,5,3,2,2,0
2015-16,21500412,2,1610612753,2,3,2,1,0,1,1
2015-16,21500412,3,1610612752,5,5,5,2,3,0,0
2015-16,21500412,3,1610612753,2,1,1,1,1,0,0
2015-16,21500412,4,1610612752,5,4,4,1,4,0,0
2015-16,21500412,4,1610612753,6,6,5,1,4,1,1
2015-16,21500413,1,1610612737,5,7,6,4,1,1,0
2015-16,21500413,1,1610612757,4,5,3,3,1,2,0
2015-16,21500413,2,1610612737,3,5,4,3,0,1,0
2015-16,21500413,2,1610612757,4,8,6,4,0,2,0
2015-16,21500413,3,1610612737,2,5,4,2,0,1,0
2015-16,21500413,3,1610612757,2,2,1,1,1,1,0
2015-16,21500413,4,1610612737,9,11,9,2,5,2,2
2015-16,21500413,4,1610612757,5,7,6,4,1,1,0
2015-16,21500414,1,1610612741,4,4,2,2,2,2,0
2015-16,21500414,1,1610612751,1,1,1,1,0,0,0
2015-16,21500414,2,1610612741,2,3,1,1,0,2,1
2015-16,21500414,2,1610612751,3,2,1,1,2,1,0
2015-16,21500414,3,1610612741,1,0,0,0,1,0,0
2015-16,21500414,3,1610612751,4,4,3,1,3,1,0
2015-16,21500414,4,1610612741,5,6,4,2,2,2,1
2015-16,21500414,4,1610612751,6,7,7,1,5,0,0
2015-16,21500415,1,1610612745,5,9,6,4,1,3,0
2015-16,21500415,1,1610612766,4,8,7,2,1,1,0
2015-16,21500415,2,1610612745,5,5,2,3,1,3,1
2015-16,21500415,2,1610612766,5,3,2,1,3,1,1
2015-16,21500415,3,1610612745,6,14,9,4,1,5,1
2015-16,21500415,3,1610612766,7,5,5,1,4,0,2
2015-16,21500415,4,1610612745,8,13,12,3,4,1,0
2015-16,21500415,4,1610612766,10,15,11,3,6,4,0
2015-16,21500416,1,1610612754,3,3,0,1,2,3,0
2015-16,21500416,1,1610612759,5,4,3,1,4,1,0
2015-16,21500416,2,1610612754,4,5,4,2,2,1,0
2015-16,21500416,2,1610612759,2,1,1,1,1,0,0
2015-16,21500416,3,1610612754,2,4,3,2,0,1,0
2015-16,21500416,3,1610612759,3,3,3,2,1,0,0
2015-16,21500416,4,1610612754,3,3,2,1,2,1,0
2015-16,21500416,4,1610612759,3,1,1,1,2,0,0
2015-16,21500417,1,1610612756,2,0,0,0,2,0,0
2015-16,21500417,1,1610612762,2,3,3,1,1,0,0
2015-16,21500417,2,1610612756,3,4,2,2,1,2,0
2015-16,21500417,2,1610612762,5,7,5,4,1,2,0
2015-16,21500417,3,1610612756,4,6,6,3,1,0,0
2015-16,21500417,3,1610612762,6,8,5,3,3,3,0
2015-16,21500417,4,1610612756,6,12,12,5,1,0,0
2015-16,21500417,4,1610612762,10,19,16,7,3,3,0
2015-16,21500418,1,1610612746,3,4,4,1,1,0,1
2015-16,21500418,1,1610612760,3,5,3,3,0,2,0
2015-16,21500418,2,1610612746,6,8,5,2,4,3,0
2015-16,21500418,2,1610612760,6,10,9,4,2,1,0
2015-16,21500418,3,1610612746,4,2,1,1,2,1,1
2015-16,21500418,3,1610612760,3,2,1,1,2,1,0
2015-16,21500418,4,1610612746,1,0,0,0,1,0,0
2015-16,21500418,4,1610612760,3,3,3,1,1,0,1
2015-16,21500419,1,1610612755,4,3,3,2,2,0,0
2015-16,21500419,1,1610612763,4,3,2,2,1,1,1
2015-16,21500419,2,1610612755,6,12,6,5,0,6,0
2015-16,21500419,2,1610612763,5,11,10,5,0,1,0
2015-16,21500419,3,1610612755,4,5,1,3,1,4,0
2015-16,21500419,3,1610612763,5,4,2,2,3,2,0
2015-16,21500419,4,1610612755,8,12,11,5,1,1,1
2015-16,21500419,4,1610612763,5,6,5,3,2,1,0
2015-16,21500420,1,1610612748,2,4,3,2,0,1,0
2015-16,21500420,1,1610612765,1,2,1,1,0,1,0
2015-16,21500420,2,1610612748,2,0,0,0,1,0,1
2015-16,21500420,2,1610612765,3,4,3,2,1,1,0
2015-16,21500420,3,1610612748,1,2,2,1,0,0,0
2015-16,21500420,3,1610612765,5,6,4,3,1,2,1
2015-16,21500420,4,1610612748,5,6,5,3,1,1,1
2015-16,21500420,4,1610612765,3,2,0,0,2,2,1
2015-16,21500421,1,1610612742,2,0,0,0,1,0,1
2015-16,21500421,1,1610612761,4,6,5,3,1,1,0
2015-16,21500421,2,1610612742,5,4,4,1,4,0,0
2015-16,21500421,2,1610612761,3,0,0,0,3,0,0
2015-16,21500421,3,1610612742,6,4,2,1,5,2,0
2015-16,21500421,3,1610612761,6,6,4,2,4,2,0
2015-16,21500421,4,1610612742,4,3,2,2,1,1,1
2015-16,21500421,4,1610612761,12,15,12,4,8,3,0
2015-16,21500422,1,1610612743,5,8,7,4,0,1,1
2015-16,21500422,1,1610612747,5,6,4,3,2,2,0
2015-16,21500422,2,1610612743,6,7,6,1,4,1,1
2015-16,21500422,2,1610612747,7,9,8,5,2,1,0
2015-16,21500422,3,1610612743,4,0,0,0,4,0,0
2015-16,21500422,3,1610612747,3,2,1,1,1,1,1
2015-16,21500422,4,1610612743,4,4,3,2,1,1,1
2015-16,21500422,4,1610612747,8,15,11,4,3,4,1
2015-16,21500423,1,1610612738,2,6,6,2,0,0,0
2015-16,21500423,1,1610612766,4,5,3,3,1,2,0
2015-16,21500423,2,1610612738,7,10,7,5,1,3,1
2015-16,21500423,2,1610612766,7,14,11,5,0,3,1
2015-16,21500423,3,1610612738,2,2,2,1,1,0,0
2015-16,21500423,3,1610612766,4,2,1,1,3,1,0
2015-16,21500423,4,1610612738,5,8,8,3,2,0,0
2015-16,21500423,4,1610612766,6,11,8,5,1,3,0
2015-16,21500424,1,1610612739,2,3,3,1,1,0,0
2015-16,21500424,1,1610612752,1,0,0,0,1,0,0
2015-16,21500424,2,1610612739,7,11,10,3,3,1,0
2015-16,21500424,2,1610612752,9,14,13,4,4,1,0
2015-16,21500424,3,1610612739,0,0,0,0,0,0,0
2015-16,21500424,3,1610612752,2,2,2,1,1,0,0
2015-16,21500424,4,1610612739,7,11,9,3,4,2,0
2015-16,21500424,4,1610612752,3,0,0,0,2,0,1
2015-16,21500425,1,1610612754,3,2,2,1,2,0,0
2015-16,21500425,1,1610612758,4,3,2,2,2,1,0
2015-16,21500425,2,1610612754,4,7,5,3,1,2,0
2015-16,21500425,2,1610612758,5,8,6,5,0,2,0
2015-16,21500425,3,1610612754,5,7,4,4,1,3,0
2015-16,21500425,3,1610612758,3,3,2,2,1,1,0
2015-16,21500425,4,1610612754,4,4,1,2,2,3,0
2015-16,21500425,4,1610612758,3,2,2,1,2,0,0
2015-16,21500426,1,1610612745,6,9,5,5,1,4,0
2015-16,21500426,1,1610612753,6,7,4,4,2,3,0
2015-16,21500426,2,1610612745,1,0,0,0,1,0,0
2015-16,21500426,2,1610612753,2,2,1,1,1,1,0
2015-16,21500426,3,1610612745,2,2,2,1,1,0,0
2015-16,21500426,3,1610612753,3,2,2,1,2,0,0
2015-16,21500426,4,1610612745,4,6,5,3,1,1,0
2015-16,21500426,4,1610612753,4,2,2,0,4,0,0
2015-16,21500427,1,1610612763,2,0,0,0,2,0,0
2015-16,21500427,1,1610612764,2,2,2,1,1,0,0
2015-16,21500427,2,1610612763,7,12,9,4,2,3,0
2015-16,21500427,2,1610612764,7,15,11,3,2,4,2
2015-16,21500427,3,1610612763,6,6,5,2,3,1,1
2015-16,21500427,3,1610612764,4,0,0,0,2,0,2
2015-16,21500427,4,1610612763,8,14,8,7,1,6,0
2015-16,21500427,4,1610612764,4,2,2,1,3,0,0
2015-16,21500428,1,1610612742,2,1,1,0,2,0,0
2015-16,21500428,1,1610612751,6,5,2,2,4,3,0
2015-16,21500428,2,1610612742,4,5,5,1,3,0,0
2015-16,21500428,2,1610612751,3,3,2,2,1,1,0
2015-16,21500428,3,1610612742,4,4,2,2,1,2,1
2015-16,21500428,3,1610612751,4,5,2,2,1,3,1
2015-16,21500428,4,1610612742,6,5,5,2,3,0,1
2015-16,21500428,4,1610612751,3,1,0,1,1,1,1
2015-16,21500429,1,1610612737,3,2,2,1,2,0,0
2015-16,21500429,1,1610612765,7,9,6,2,5,3,0
2015-16,21500429,2,1610612737,5,7,5,4,1,2,0
2015-16,21500429,2,1610612765,8,13,6,4,4,7,0
2015-16,21500429,3,1610612737,4,4,4,2,2,0,0
2015-16,21500429,3,1610612765,6,7,3,3,2,4,1
2015-16,21500429,4,1610612737,6,7,4,1,3,3,2
2015-16,21500429,4,1610612765,2,4,2,0,1,2,0
2015-16,21500430,1,1610612749,3,4,3,2,1,1,0
2015-16,21500430,1,1610612755,5,3,2,2,3,1,0
2015-16,21500430,2,1610612749,3,2,2,1,2,0,0
2015-16,21500430,2,1610612755,8,16,10,7,1,6,0
2015-16,21500430,3,1610612749,4,2,1,1,3,1,0
2015-16,21500430,3,1610612755,3,1,1,1,2,0,0
2015-16,21500430,4,1610612749,3,0,0,0,3,0,0
2015-16,21500430,4,1610612755,6,9,6,4,2,3,0
2015-16,21500431,1,1610612750,2,4,4,2,0,0,0
2015-16,21500431,1,1610612759,3,2,2,1,2,0,0
2015-16,21500431,2,1610612750,3,5,5,3,0,0,0
2015-16,21500431,2,1610612759,3,0,0,0,3,0,0
2015-16,21500431,3,1610612750,6,12,8,4,1,4,1
2015-16,21500431,3,1610612759,3,4,2,3,0,2,0
2015-16,21500431,4,1610612750,2,4,3,2,0,1,0
2015-16,21500431,4,1610612759,5,8,6,3,2,2,0
2015-16,21500432,1,1610612740,6,8,8,3,2,0,0
2015-16,21500432,1,1610612757,0,0,0,0,0,0,0
2015-16,21500432,2,1610612740,5,5,5,1,4,0,0
2015-16,21500432,2,1610612757,5,4,2,2,3,2,0
2015-16,21500432,3,1610612740,4,4,4,2,2,0,0
2015-16,21500432,3,1610612757,6,12,8,4,1,4,1
2015-16,21500432,4,1610612740,5,6,3,3,2,3,0
2015-16,21500432,4,1610612757,6,8,6,2,4,2,0
2015-16,21500433,1,1610612743,0,0,0,0,0,0,0
2015-16,21500433,1,1610612756,2,0,0,0,2,0,0
2015-16,21500433,2,1610612743,4,3,0,2,2,3,0
2015-16,21500433,2,1610612756,5,9,6,4,1,3,0
2015-16,21500433,3,1610612743,7,4,2,2,4,2,0
2015-16,21500433,3,1610612756,5,4,3,1,3,1,1
2015-16,21500433,4,1610612743,6,6,4,0,6,2,0
2015-16,21500433,4,1610612756,4,4,2,1,2,2,1
2015-16,21500434,1,1610612744,3,2,2,1,1,0,1
2015-16,21500434,1,1610612762,0,0,0,0,0,0,0
2015-16,21500434,2,1610612744,1,2,2,1,0,0,0
2015-16,21500434,2,1610612762,5,6,5,2,3,1,0
2015-16,21500434,3,1610612744,5,5,5,3,1,0,1
2015-16,21500434,3,1610612762,3,6,5,3,0,1,0
2015-16,21500434,4,1610612744,5,7,7,3,2,0,0
2015-16,21500434,4,1610612762,3,2,2,1,2,0,0
2015-16,21500435,1,1610612747,2,4,3,2,0,1,0
2015-16,21500435,1,1610612760,6,6,4,3,1,2,2
2015-16,21500435,2,1610612747,3,3,3,2,1,0,0
2015-16,21500435,2,1610612760,4,5,4,3,1,1,0
2015-16,21500435,3,1610612747,8,11,6,5,3,5,0
2015-16,21500435,3,1610612760,5,6,5,4,0,1,1
2015-16,21500435,4,1610612747,3,4,2,2,1,2,0
2015-16,21500435,4,1610612760,2,0,0,0,1,0,1
2015-16,21500436,1,1610612740,3,0,0,0,1,0,2
2015-16,21500436,1,1610612748,4,8,7,4,0,1,0
2015-16,21500436,2,1610612740,4,6,6,2,2,0,0
2015-16,21500436,2,1610612748,2,3,1,2,0,2,0
2015-16,21500436,3,1610612740,3,1,1,0,2,0,1
2015-16,21500436,3,1610612748,4,4,1,2,1,3,1
2015-16,21500436,4,1610612740,2,3,2,1,1,1,0
2015-16,21500436,4,1610612748,5,5,2,2,2,3,1
2015-16,21500437,1,1610612741,8,12,11,3,2,1,3
2015-16,21500437,1,1610612760,6,9,8,4,2,1,0
2015-16,21500437,2,1610612741,2,2,1,1,0,1,1
2015-16,21500437,2,1610612760,3,1,0,1,1,1,1
2015-16,21500437,3,1610612741,0,0,0,0,0,0,0
2015-16,21500437,3,1610612760,5,9,5,5,0,4,0
2015-16,21500437,4,1610612741,4,6,6,3,0,0,0
2015-16,21500437,4,1610612760,4,4,3,3,1,1,0
2015-16,21500438,1,1610612739,3,3,3,2,1,0,0
2015-16,21500438,1,1610612744,5,6,5,4,1,1,0
2015-16,21500438,2,1610612739,6,11,9,5,1,2,0
2015-16,21500438,2,1610612744,5,6,4,2,3,2,0
2015-16,21500438,3,1610612739,4,2,1,1,2,1,1
2015-16,21500438,3,1610612744,3,5,4,3,0,1,0
2015-16,21500438,4,1610612739,4,9,5,3,1,4,0
2015-16,21500438,4,1610612744,9,10,7,1,4,3,4
2015-16,21500439,1,1610612745,1,2,2,1,0,0,0
2015-16,21500439,1,1610612759,4,2,2,1,2,0,1
2015-16,21500439,2,1610612745,3,5,3,2,1,2,0
2015-16,21500439,2,1610612759,5,4,3,2,3,1,0
2015-16,21500439,3,1610612745,5,2,2,0,4,0,1
2015-16,21500439,3,1610612759,4,0,0,0,4,0,0
2015-16,21500439,4,1610612745,10,17,10,1,6,7,1
2015-16,21500439,4,1610612759,2,2,2,1,1,0,0
2015-16,21500440,1,1610612746,3,4,2,2,1,2,0
2015-16,21500440,1,1610612747,4,7,4,3,1,3,0
2015-16,21500440,2,1610612746,5,7,6,4,0,1,1
2015-16,21500440,2,1610612747,6,10,5,4,1,5,1
2015-16,21500440,3,1610612746,1,0,0,0,0,0,1
2015-16,21500440,3,1610612747,4,4,0,1,2,4,1
2015-16,21500440,4,1610612746,3,0,0,0,2,0,1
2015-16,21500440,4,1610612747,4,4,4,2,2,0,0
2015-16,21500441,1,1610612749,3,3,3,1,1,0,1
2015-16,21500441,1,1610612761,6,10,7,3,3,3,0
2015-16,21500441,2,1610612749,7,8,7,5,1,1,1
2015-16,21500441,2,1610612761,4,3,3,2,1,0,1
2015-16,21500441,3,1610612749,3,5,4,1,2,1,0
2015-16,21500441,3,1610612761,3,4,3,2,1,1,0
2015-16,21500441,4,1610612749,3,2,2,1,1,0,1
2015-16,21500441,4,1610612761,3,2,1,1,1,1,1
2015-16,21500442,1,1610612737,3,3,3,2,1,0,0
2015-16,21500442,1,1610612752,3,2,1,1,2,1,0
2015-16,21500442,2,1610612737,5,8,5,3,2,3,0
2015-16,21500442,2,1610612752,4,4,3,3,1,1,0
2015-16,21500442,3,1610612737,1,2,2,1,0,0,0
2015-16,21500442,3,1610612752,4,3,3,1,2,0,0
2015-16,21500442,4,1610612737,4,5,5,3,1,0,0
2015-16,21500442,4,1610612752,6,8,6,4,1,2,1
2015-16,21500443,1,1610612763,5,6,4,2,2,2,1
2015-16,21500443,1,1610612766,3,6,3,3,0,3,0
2015-16,21500443,2,1610612763,8,8,3,1,7,5,0
2015-16,21500443,2,1610612766,5,7,6,3,2,1,0
2015-16,21500443,3,1610612763,2,0,0,0,1,0,1
2015-16,21500443,3,1610612766,4,5,5,3,1,0,0
2015-16,21500443,4,1610612763,5,7,4,4,1,3,0
2015-16,21500443,4,1610612766,9,14,14,3,6,0,0
2015-16,21500444,1,1610612748,3,4,4,2,1,0,0
2015-16,21500444,1,1610612753,2,2,2,1,0,0,1
2015-16,21500444,2,1610612748,6,8,7,3,2,1,1
2015-16,21500444,2,1610612753,1,2,2,1,0,0,0
2015-16,21500444,3,1610612748,3,3,3,2,1,0,0
2015-16,21500444,3,1610612753,5,7,1,2,2,6,0
2015-16,21500444,4,1610612748,6,8,8,3,3,0,0
2015-16,21500444,4,1610612753,2,2,1,1,1,1,0
2015-16,21500445,1,1610612740,6,6,5,4,2,1,0
2015-16,21500445,1,1610612745,7,11,9,4,2,2,1
2015-16,21500445,2,1610612740,3,5,2,2,1,3,0
2015-16,21500445,2,1610612745,2,3,2,2,0,1,0
2015-16,21500445,3,1610612740,2,3,3,1,0,0,1
2015-16,21500445,3,1610612745,3,2,2,1,1,0,1
2015-16,21500445,4,1610612740,7,12,11,5,1,1,1
2015-16,21500445,4,1610612745,4,4,4,2,2,0,0
2015-16,21500446,1,1610612738,1,0,0,0,1,0,0
2015-16,21500446,1,1610612765,6,6,5,2,3,1,1
2015-16,21500446,2,1610612738,6,6,5,2,4,1,0
2015-16,21500446,2,1610612765,6,6,2,3,2,4,1
2015-16,21500446,3,1610612738,4,4,3,2,1,1,1
2015-16,21500446,3,1610612765,4,2,1,1,3,1,0
2015-16,21500446,4,1610612738,9,13,9,4,5,4,0
2015-16,21500446,4,1610612765,6,11,9,3,3,2,0
2015-16,21500447,1,1610612751,5,4,1,1,4,3,0
2015-16,21500447,1,1610612764,4,4,4,1,3,0,0
2015-16,21500447,2,1610612751,4,3,1,2,1,2,1
2015-16,21500447,2,1610612764,3,2,1,1,2,1,0
2015-16,21500447,3,1610612751,3,2,1,1,2,1,0
2015-16,21500447,3,1610612764,3,6,4,2,1,2,0
2015-16,21500447,4,1610612751,5,7,2,4,1,5,0
2015-16,21500447,4,1610612764,6,10,6,4,2,4,0
2015-16,21500448,1,1610612750,3,6,3,3,0,3,0
2015-16,21500448,1,1610612754,4,4,3,2,2,1,0
2015-16,21500448,2,1610612750,0,0,0,0,0,0,0
2015-16,21500448,2,1610612754,2,2,2,1,1,0,0
2015-16,21500448,3,1610612750,5,7,6,4,1,1,0
2015-16,21500448,3,1610612754,6,8,8,5,1,0,0
2015-16,21500448,4,1610612750,3,5,5,3,0,0,0
2015-16,21500448,4,1610612754,1,0,0,0,1,0,0
2015-16,21500449,1,1610612741,2,2,2,0,2,0,0
2015-16,21500449,1,1610612742,3,4,4,2,1,0,0
2015-16,21500449,2,1610612741,8,10,9,3,4,1,1
2015-16,21500449,2,1610612742,4,6,5,3,1,1,0
2015-16,21500449,3,1610612741,9,11,7,5,4,4,0
2015-16,21500449,3,1610612742,6,9,6,3,2,3,1
2015-16,21500449,4,1610612741,5,3,1,2,3,2,0
2015-16,21500449,4,1610612742,7,9,7,3,3,2,1
2015-16,21500450,1,1610612743,2,2,2,1,0,0,1
2015-16,21500450,1,1610612759,2,2,2,1,0,0,1
2015-16,21500450,2,1610612743,3,3,3,1,2,0,0
2015-16,21500450,2,1610612759,4,8,7,4,0,1,0
2015-16,21500450,3,1610612743,2,0,0,0,2,0,0
2015-16,21500450,3,1610612759,4,2,2,1,3,0,0
2015-16,21500450,4,1610612743,2,1,0,1,1,1,0
2015-16,21500450,4,1610612759,5,5,5,2,3,0,0
2015-16,21500451,1,1610612755,7,10,9,3,4,1,0
2015-16,21500451,1,1610612756,7,7,5,2,3,2,1
2015-16,21500451,2,1610612755,6,5,4,2,3,1,1
2015-16,21500451,2,1610612756,3,4,3,2,1,1,0
2015-16,21500451,3,1610612755,6,5,4,2,4,1,0
2015-16,21500451,3,1610612756,9,15,12,6,2,3,1
2015-16,21500451,4,1610612755,6,7,6,2,4,1,0
2015-16,21500451,4,1610612756,5,8,6,4,1,2,0
2015-16,21500452,1,1610612746,2,0,0,0,2,0,0
2015-16,21500452,1,1610612762,2,2,2,1,1,0,0
2015-16,21500452,2,1610612746,6,10,9,3,3,1,0
2015-16,21500452,2,1610612762,7,7,4,4,3,3,0
2015-16,21500452,3,1610612746,6,6,5,2,2,1,2
2015-16,21500452,3,1610612762,6,10,9,2,3,1,0
2015-16,21500452,4,1610612746,6,8,6,2,3,2,1
2015-16,21500452,4,1610612762,6,8,7,3,3,1,0
2015-16,21500453,1,1610612739,2,3,1,1,0,2,1
2015-16,21500453,1,1610612757,3,4,4,2,1,0,0
2015-16,21500453,2,1610612739,4,5,4,2,2,1,0
2015-16,21500453,2,1610612757,5,2,1,0,2,1,3
2015-16,21500453,3,1610612739,3,2,2,1,2,0,0
2015-16,21500453,3,1610612757,7,11,8,4,3,3,0
2015-16,21500453,4,1610612739,3,5,2,3,0,3,0
2015-16,21500453,4,1610612757,4,2,1,1,1,1,2
2015-16,21500454,1,1610612738,3,5,4,3,0,1,0
2015-16,21500454,1,1610612752,4,5,4,3,1,1,0
2015-16,21500454,2,1610612738,5,7,5,3,2,2,0
2015-16,21500454,2,1610612752,6,6,5,2,3,1,1
2015-16,21500454,3,1610612738,5,7,4,3,0,3,2
2015-16,21500454,3,1610612752,4,6,5,2,1,1,1
2015-16,21500454,4,1610612738,8,10,7,2,6,3,0
2015-16,21500454,4,1610612752,7,7,7,3,2,0,2
2015-16,21500455,1,1610612747,4,6,5,3,1,1,0
2015-16,21500455,1,1610612763,5,6,4,2,3,2,0
2015-16,21500455,2,1610612747,4,4,3,2,2,1,0
2015-16,21500455,2,1610612763,5,8,8,4,1,0,0
2015-16,21500455,3,1610612747,6,10,8,4,2,2,0
2015-16,21500455,3,1610612763,4,2,2,0,4,0,0
2015-16,21500455,4,1610612747,8,12,8,4,4,4,0
2015-16,21500455,4,1610612763,4,6,2,2,1,4,0
2015-16,21500456,1,1610612743,3,2,1,2,1,1,0
2015-16,21500456,1,1610612760,3,5,5,3,0,0,0
2015-16,21500456,2,1610612743,5,4,3,1,3,1,1
2015-16,21500456,2,1610612760,3,3,1,2,1,2,0
2015-16,21500456,3,1610612743,3,5,3,3,0,2,0
2015-16,21500456,3,1610612760,4,3,2,2,2,1,0
2015-16,21500456,4,1610612743,3,4,4,1,2,0,0
2015-16,21500456,4,1610612760,7,10,10,3,3,0,1
2015-16,21500457,1,1610612757,2,0,0,0,1,0,1
2015-16,21500457,1,1610612758,1,2,1,1,0,1,0
2015-16,21500457,2,1610612757,7,9,7,4,3,2,0
2015-16,21500457,2,1610612758,7,8,7,2,4,1,1
2015-16,21500457,3,1610612757,4,3,2,2,2,1,0
2015-16,21500457,3,1610612758,6,13,10,5,0,3,0
2015-16,21500457,4,1610612757,6,4,3,0,6,1,0
2015-16,21500457,4,1610612758,5,8,7,4,1,1,0
2015-16,21500458,1,1610612747,1,2,2,1,0,0,0
2015-16,21500458,1,1610612766,4,5,2,3,1,3,0
2015-16,21500458,2,1610612747,6,13,11,6,0,2,0
2015-16,21500458,2,1610612766,4,7,5,4,0,2,0
2015-16,21500458,3,1610612747,5,6,4,2,2,2,1
2015-16,21500458,3,1610612766,2,3,3,2,0,0,0
2015-16,21500458,4,1610612747,2,2,2,1,1,0,0
2015-16,21500458,4,1610612766,5,7,6,2,2,1,1
2015-16,21500459,1,1610612737,4,5,5,3,0,0,1
2015-16,21500459,1,1610612754,4,4,2,2,2,2,0
2015-16,21500459,2,1610612737,2,4,2,2,0,2,0
2015-16,21500459,2,1610612754,6,7,6,4,2,1,0
2015-16,21500459,3,1610612737,4,8,6,4,0,2,0
2015-16,21500459,3,1610612754,1,1,1,1,0,0,0
2015-16,21500459,4,1610612737,8,8,6,2,5,2,1
2015-16,21500459,4,1610612754,4,6,1,2,2,5,0
2015-16,21500460,1,1610612740,2,3,0,1,1,3,0
2015-16,21500460,1,1610612753,2,1,1,1,1,0,0
2015-16,21500460,2,1610612740,2,3,1,1,1,2,0
2015-16,21500460,2,1610612753,3,4,4,2,1,0,0
2015-16,21500460,3,1610612740,4,6,6,3,1,0,0
2015-16,21500460,3,1610612753,2,1,0,1,1,1,0
2015-16,21500460,4,1610612740,5,3,3,1,4,0,0
2015-16,21500460,4,1610612753,5,5,2,4,1,3,0
2015-16,21500461,1,1610612746,4,4,4,2,1,0,1
2015-16,21500461,1,1610612764,6,10,5,5,1,5,0
2015-16,21500461,2,1610612746,7,11,8,3,3,3,1
2015-16,21500461,2,1610612764,4,2,2,1,3,0,0
2015-16,21500461,3,1610612746,2,4,2,2,0,2,0
2015-16,21500461,3,1610612764,3,5,4,2,1,1,0
2015-16,21500461,4,1610612746,4,6,5,2,1,1,0
2015-16,21500461,4,1610612764,5,7,5,4,1,2,0
2015-16,21500462,1,1610612748,3,2,2,1,0,0,2
2015-16,21500462,1,1610612751,5,10,7,4,1,3,0
2015-16,21500462,2,1610612748,7,10,9,2,5,1,0
2015-16,21500462,2,1610612751,4,7,6,2,2,1,0
2015-16,21500462,3,1610612748,4,8,6,4,0,2,0
2015-16,21500462,3,1610612751,4,1,1,1,2,0,1
2015-16,21500462,4,1610612748,9,10,6,5,4,4,0
2015-16,21500462,4,1610612751,10,18,13,3,7,5,0
2015-16,21500463,1,1610612741,2,2,1,1,1,1,0
2015-16,21500463,1,1610612761,4,6,5,3,1,1,0
2015-16,21500463,2,1610612741,7,8,4,6,1,4,0
2015-16,21500463,2,1610612761,2,4,2,2,0,2,0
2015-16,21500463,3,1610612741,6,9,8,3,2,1,1
2015-16,21500463,3,1610612761,5,8,4,4,1,4,0
2015-16,21500463,4,1610612741,4,5,3,1,3,2,0
2015-16,21500463,4,1610612761,3,6,4,3,0,2,0
2015-16,21500464,1,1610612742,3,6,4,3,0,2,0
2015-16,21500464,1,1610612749,6,8,7,3,2,1,1
2015-16,21500464,2,1610612742,4,4,3,1,3,1,0
2015-16,21500464,2,1610612749,5,2,2,1,3,0,0
2015-16,21500464,3,1610612742,5,8,4,3,2,4,0
2015-16,21500464,3,1610612749,3,5,4,2,1,1,0
2015-16,21500464,4,1610612742,5,8,6,2,3,2,0
2015-16,21500464,4,1610612749,2,0,0,0,2,0,0
2015-16,21500465,1,1610612750,3,3,3,2,1,0,0
2015-16,21500465,1,1610612759,4,2,1,1,2,1,1
2015-16,21500465,2,1610612750,4,6,3,2,1,3,1
2015-16,21500465,2,1610612759,8,9,9,3,5,0,0
2015-16,21500465,3,1610612750,5,5,1,3,2,4,0
2015-16,21500465,3,1610612759,7,8,6,1,4,2,2
2015-16,21500465,4,1610612750,5,10,7,4,0,3,1
2015-16,21500465,4,1610612759,5,9,6,1,4,3,0
2015-16,21500466,1,1610612739,6,6,4,3,2,2,1
2015-16,21500466,1,1610612756,1,2,0,1,0,2,0
2015-16,21500466,2,1610612739,3,4,3,2,1,1,0
2015-16,21500466,2,1610612756,2,4,3,2,0,1,0
2015-16,21500466,3,1610612739,7,9,6,4,3,3,0
2015-16,21500466,3,1610612756,6,6,4,1,4,2,0
2015-16,21500466,4,1610612739,5,6,5,2,3,1,0
2015-16,21500466,4,1610612756,7,8,7,3,2,1,2
2015-16,21500467,1,1610612755,1,2,1,0,1,1,0
2015-16,21500467,1,1610612762,7,11,10,6,1,1,0
2015-16,21500467,2,1610612755,7,8,7,3,3,1,1
2015-16,21500467,2,1610612762,7,8,6,3,4,2,0
2015-16,21500467,3,1610612755,3,6,4,3,0,2,0
2015-16,21500467,3,1610612762,5,9,9,2,2,0,0
2015-16,21500467,4,1610612755,5,3,2,1,3,1,1
2015-16,21500467,4,1610612762,7,8,7,1,6,1,0
2015-16,21500468,1,1610612744,6,6,4,3,3,2,0
2015-16,21500468,1,1610612758,7,11,6,3,4,5,0
2015-16,21500468,2,1610612744,5,6,3,2,3,3,0
2015-16,21500468,2,1610612758,4,4,2,2,2,2,0
2015-16,21500468,3,1610612744,4,6,5,2,2,1,0
2015-16,21500468,3,1610612758,5,4,1,1,3,3,1
2015-16,21500468,4,1610612744,5,6,4,3,2,2,0
2015-16,21500468,4,1610612758,6,9,7,3,3,2,0
2015-16,21500469,1,1610612752,1,0,0,0,0,0,1
2015-16,21500469,1,1610612765,3,2,2,1,1,0,1
2015-16,21500469,2,1610612752,2,4,4,2,0,0,0
2015-16,21500469,2,1610612765,5,3,2,2,3,1,0
2015-16,21500469,3,1610612752,3,4,4,2,1,0,0
2015-16,21500469,3,1610612765,3,4,3,2,1,1,0
2015-16,21500469,4,1610612752,5,9,6,5,0,3,0
2015-16,21500469,4,1610612765,5,8,5,4,1,3,0
2015-16,21500470,1,1610612737,3,6,5,3,0,1,0
2015-16,21500470,1,1610612745,4,7,6,4,0,1,0
2015-16,21500470,2,1610612737,6,4,3,2,4,1,0
2015-16,21500470,2,1610612745,4,4,2,0,2,2,0
2015-16,21500470,3,1610612737,4,2,2,2,2,0,0
2015-16,21500470,3,1610612745,5,8,5,4,0,3,1
2015-16,21500470,4,1610612737,7,13,11,4,3,2,0
2015-16,21500470,4,1610612745,10,20,13,4,6,7,0
2015-16,21500471,1,1610612748,6,7,4,2,3,3,1
2015-16,21500471,1,1610612763,2,2,2,1,1,0,0
2015-16,21500471,2,1610612748,6,9,5,5,1,4,0
2015-16,21500471,2,1610612763,5,3,3,1,3,0,1
2015-16,21500471,3,1610612748,1,0,0,0,1,0,0
2015-16,21500471,3,1610612763,4,4,4,2,1,0,1
2015-16,21500471,4,1610612748,3,2,0,0,1,2,1
2015-16,21500471,4,1610612763,5,4,4,1,3,0,1
2015-16,21500472,1,1610612749,5,8,5,4,1,3,0
2015-16,21500472,1,1610612760,4,8,6,3,1,2,0
2015-16,21500472,2,1610612749,5,3,1,2,2,2,1
2015-16,21500472,2,1610612760,8,13,13,6,1,0,1
2015-16,21500472,3,1610612749,0,0,0,0,0,0,0
2015-16,21500472,3,1610612760,7,11,10,2,3,1,2
2015-16,21500472,4,1610612749,7,11,9,3,4,2,0
2015-16,21500472,4,1610612760,6,8,8,2,4,0,0
2015-16,21500473,1,1610612739,1,0,0,0,1,0,0
2015-16,21500473,1,1610612743,2,1,1,1,1,0,0
2015-16,21500473,2,1610612739,3,0,0,0,2,0,1
2015-16,21500473,2,1610612743,5,2,1,0,4,1,1
2015-16,21500473,3,1610612739,6,5,4,2,4,1,0
2015-16,21500473,3,1610612743,2,2,1,1,1,1,0
2015-16,21500473,4,1610612739,9,17,9,6,3,8,0
2015-16,21500473,4,1610612743,5,6,5,2,2,1,1
2015-16,21500474,1,1610612746,4,6,5,3,1,1,0
2015-16,21500474,1,1610612766,6,10,9,4,1,1,1
2015-16,21500474,2,1610612746,9,16,16,4,4,0,1
2015-16,21500474,2,1610612766,7,10,8,5,1,2,1
2015-16,21500474,3,1610612746,4,7,4,4,0,3,0
2015-16,21500474,3,1610612766,4,3,3,2,2,0,0
2015-16,21500474,4,1610612746,8,12,8,1,7,4,0
2015-16,21500474,4,1610612766,8,13,12,5,2,1,1
2015-16,21500475,1,1610612751,5,7,7,4,1,0,0
2015-16,21500475,1,1610612753,2,4,4,2,0,0,0
2015-16,21500475,2,1610612751,4,4,4,3,1,0,0
2015-16,21500475,2,1610612753,6,5,3,2,4,2,0
2015-16,21500475,3,1610612751,3,4,4,2,0,0,1
2015-16,21500475,3,1610612753,1,0,0,0,1,0,0
2015-16,21500475,4,1610612751,6,7,5,3,2,2,1
2015-16,21500475,4,1610612753,7,12,12,3,4,0,0
2015-16,21500476,1,1610612738,7,8,8,5,2,0,0
2015-16,21500476,1,1610612747,6,7,4,4,2,3,0
2015-16,21500476,2,1610612738,2,2,2,1,1,0,0
2015-16,21500476,2,1610612747,3,2,2,1,2,0,0
2015-16,21500476,3,1610612738,4,5,3,3,1,2,0
2015-16,21500476,3,1610612747,4,5,4,2,2,1,0
2015-16,21500476,4,1610612738,8,10,8,4,3,2,1
2015-16,21500476,4,1610612747,6,9,7,3,3,2,0
2015-16,21500477,1,1610612761,4,5,4,1,2,1,0
2015-16,21500477,1,1610612764,2,4,4,2,0,0,0
2015-16,21500477,2,1610612761,8,14,12,5,3,2,0
2015-16,21500477,2,1610612764,2,2,1,1,1,1,0
2015-16,21500477,3,1610612761,6,6,5,0,4,1,2
2015-16,21500477,3,1610612764,4,5,3,3,1,2,0
2015-16,21500477,4,1610612761,9,14,11,6,2,3,1
2015-16,21500477,4,1610612764,5,6,5,2,3,1,0
2015-16,21500478,1,1610612741,6,8,7,4,1,1,1
2015-16,21500478,1,1610612754,0,0,0,0,0,0,0
2015-16,21500478,2,1610612741,2,2,2,1,1,0,0
2015-16,21500478,2,1610612754,4,7,4,4,0,3,0
2015-16,21500478,3,1610612741,3,4,4,2,1,0,0
2015-16,21500478,3,1610612754,6,6,5,2,4,1,0
2015-16,21500478,4,1610612741,8,11,8,4,2,3,2
2015-16,21500478,4,1610612754,6,9,8,4,2,1,0
2015-16,21500479,1,1610612750,6,6,3,1,5,3,0
2015-16,21500479,1,1610612762,2,2,1,1,1,1,0
2015-16,21500479,2,1610612750,6,6,4,2,4,2,0
2015-16,21500479,2,1610612762,3,5,4,3,0,1,0
2015-16,21500479,3,1610612750,6,9,6,3,3,3,0
2015-16,21500479,3,1610612762,6,9,5,4,1,4,1
2015-16,21500479,4,1610612750,5,6,4,3,2,2,0
2015-16,21500479,4,1610612762,5,4,4,1,4,0,0
2015-16,21500480,1,1610612742,3,4,3,2,0,1,1
2015-16,21500480,1,1610612744,1,2,2,1,0,0,0
2015-16,21500480,2,1610612742,4,6,6,2,0,0,1
2015-16,21500480,2,1610612744,4,5,5,3,0,0,0
2015-16,21500480,3,1610612742,3,0,0,0,3,0,0
2015-16,21500480,3,1610612744,7,9,6,5,2,3,0
2015-16,21500480,4,1610612742,6,10,7,4,2,3,0
2015-16,21500480,4,1610612744,5,8,5,4,1,3,0
2015-16,21500481,1,1610612756,1,0,0,0,1,0,0
2015-16,21500481,1,1610612759,7,11,7,5,2,4,0
2015-16,21500481,2,1610612756,3,0,0,0,1,0,2
2015-16,21500481,2,1610612759,4,5,2,2,1,3,0
2015-16,21500481,3,1610612756,7,12,5,4,2,7,1
2015-16,21500481,3,1610612759,4,8,4,4,0,4,0
2015-16,21500481,4,1610612756,5,6,5,3,2,1,0
2015-16,21500481,4,1610612759,7,9,7,4,3,2,0
2015-16,21500482,1,1610612743,3,2,1,1,1,1,1
2015-16,21500482,1,1610612757,2,0,0,0,1,0,1
2015-16,21500482,2,1610612743,4,3,3,2,2,0,0
2015-16,21500482,2,1610612757,6,10,8,5,1,2,0
2015-16,21500482,3,1610612743,6,7,6,4,2,1,0
2015-16,21500482,3,1610612757,1,2,1,1,0,1,0
2015-16,21500482,4,1610612743,5,7,7,2,3,0,0
2015-16,21500482,4,1610612757,5,8,7,1,4,1,0
2015-16,21500483,1,1610612755,5,7,4,4,1,3,0
2015-16,21500483,1,1610612758,4,8,5,4,0,3,0
2015-16,21500483,2,1610612755,3,3,3,2,1,0,0
2015-16,21500483,2,1610612758,6,10,6,4,2,4,0
2015-16,21500483,3,1610612755,9,14,7,4,5,7,0
2015-16,21500483,3,1610612758,6,8,6,3,0,2,3
2015-16,21500483,4,1610612755,8,10,7,1,6,3,1
2015-16,21500483,4,1610612758,9,15,8,6,3,7,0
2015-16,21500484,1,1610612749,4,8,7,4,0,1,0
2015-16,21500484,1,1610612754,4,6,5,2,2,1,0
2015-16,21500484,2,1610612749,4,4,2,2,2,2,0
2015-16,21500484,2,1610612754,5,4,3,2,3,1,0
2015-16,21500484,3,1610612749,5,7,3,4,1,4,0
2015-16,21500484,3,1610612754,6,5,3,1,3,2,2
2015-16,21500484,4,1610612749,10,16,12,3,6,4,1
2015-16,21500484,4,1610612754,7,11,10,5,2,1,0
2015-16,21500485,1,1610612744,5,5,2,2,2,3,0
2015-16,21500485,1,1610612745,6,9,8,4,1,1,1
2015-16,21500485,2,1610612744,9,14,9,7,2,5,0
2015-16,21500485,2,1610612745,3,3,3,2,1,0,0
2015-16,21500485,3,1610612744,3,2,2,1,1,0,1
2015-16,21500485,3,1610612745,5,11,10,5,0,1,0
2015-16,21500485,4,1610612744,4,6,4,2,1,2,0
2015-16,21500485,4,1610612745,4,6,5,2,2,1,0
2015-16,21500486,1,1610612750,3,3,2,2,1,1,0
2015-16,21500486,1,1610612765,5,8,4,3,1,4,1
2015-16,21500486,2,1610612750,1,3,3,1,0,0,0
2015-16,21500486,2,1610612765,6,5,4,3,3,1,0
2015-16,21500486,3,1610612750,6,10,7,5,1,3,0
2015-16,21500486,3,1610612765,5,7,4,2,2,3,1
2015-16,21500486,4,1610612750,4,3,3,2,1,0,1
2015-16,21500486,4,1610612765,6,8,7,5,1,1,0
2015-16,21500487,1,1610612740,3,4,4,2,0,0,1
2015-16,21500487,1,1610612746,4,2,2,1,3,0,0
2015-16,21500487,2,1610612740,3,6,4,3,0,2,0
2015-16,21500487,2,1610612746,4,5,4,2,2,1,0
2015-16,21500487,3,1610612740,3,2,0,1,1,2,1
2015-16,21500487,3,1610612746,8,6,4,2,5,2,1
2015-16,21500487,4,1610612740,5,3,2,2,2,1,1
2015-16,21500487,4,1610612746,6,6,5,1,5,1,0
2015-16,21500488,1,1610612756,4,2,2,0,3,0,0
2015-16,21500488,1,1610612760,5,4,4,2,3,0,0
2015-16,21500488,2,1610612756,3,5,5,2,1,0,0
2015-16,21500488,2,1610612760,6,8,5,3,3,3,0
2015-16,21500488,3,1610612756,4,2,2,2,2,0,0
2015-16,21500488,3,1610612760,7,8,6,4,1,2,2
2015-16,21500488,4,1610612756,4,4,3,3,1,1,0
2015-16,21500488,4,1610612760,5,4,4,0,5,0,0
2015-16,21500489,1,1610612757,4,6,4,3,1,2,0
2015-16,21500489,1,1610612762,0,0,0,0,0,0,0
2015-16,21500489,2,1610612757,3,0,0,0,3,0,0
2015-16,21500489,2,1610612762,4,3,2,2,2,1,0
2015-16,21500489,3,1610612757,6,8,6,3,3,2,0
2015-16,21500489,3,1610612762,7,7,5,3,4,2,0
2015-16,21500489,4,1610612757,3,0,0,0,3,0,0
2015-16,21500489,4,1610612762,4,1,1,1,3,0,0
2015-16,21500490,1,1610612753,3,4,4,1,2,0,0
2015-16,21500490,1,1610612764,2,2,2,1,1,0,0
2015-16,21500490,2,1610612753,3,1,0,1,2,1,0
2015-16,21500490,2,1610612764,2,4,3,2,0,1,0
2015-16,21500490,3,1610612753,1,1,0,1,0,1,0
2015-16,21500490,3,1610612764,3,0,0,0,3,0,0
2015-16,21500490,4,1610612753,4,2,2,1,3,0,0
2015-16,21500490,4,1610612764,3,4,4,2,1,0,0
2015-16,21500491,1,1610612742,0,0,0,0,0,0,0
2015-16,21500491,1,1610612748,2,0,0,0,2,0,0
2015-16,21500491,2,1610612742,5,5,4,3,2,1,0
2015-16,21500491,2,1610612748,3,4,3,2,1,1,0
2015-16,21500491,3,1610612742,4,2,1,1,3,1,0
2015-16,21500491,3,1610612748,0,0,0,0,0,0,0
2015-16,21500491,4,1610612742,5,7,6,3,2,1,0
2015-16,21500491,4,1610612748,5,5,3,2,3,2,0
2015-16,21500492,1,1610612761,1,3,3,1,0,0,0
2015-16,21500492,1,1610612766,5,6,5,3,2,1,0
2015-16,21500492,2,1610612761,5,6,6,3,2,0,0
2015-16,21500492,2,1610612766,4,5,5,2,2,0,0
2015-16,21500492,3,1610612761,3,3,2,2,0,1,1
2015-16,21500492,3,1610612766,5,5,4,1,4,1,0
2015-16,21500492,4,1610612761,6,6,6,1,3,0,2
2015-16,21500492,4,1610612766,4,2,2,1,3,0,0
2015-16,21500493,1,1610612741,5,6,5,3,2,1,0
2015-16,21500493,1,1610612752,4,2,1,1,2,1,1
2015-16,21500493,2,1610612741,6,3,2,1,4,1,1
2015-16,21500493,2,1610612752,5,4,4,1,4,0,0
2015-16,21500493,3,1610612741,7,10,8,3,4,2,0
2015-16,21500493,3,1610612752,5,5,4,2,3,1,0
2015-16,21500493,4,1610612741,5,6,5,3,2,1,0
2015-16,21500493,4,1610612752,5,6,4,2,2,2,1
2015-16,21500494,1,1610612747,6,8,5,5,1,3,0
2015-16,21500494,1,1610612755,5,10,7,5,0,3,0
2015-16,21500494,2,1610612747,5,7,6,4,0,1,1
2015-16,21500494,2,1610612755,3,2,1,1,1,1,1
2015-16,21500494,3,1610612747,3,4,3,2,1,1,0
2015-16,21500494,3,1610612755,7,9,7,4,2,2,1
2015-16,21500494,4,1610612747,6,10,8,3,3,2,0
2015-16,21500494,4,1610612755,2,4,3,2,0,1,0
2015-16,21500495,1,1610612738,4,4,4,2,2,0,0
2015-16,21500495,1,1610612751,5,4,4,2,3,0,0
2015-16,21500495,2,1610612738,7,14,10,5,1,4,1
2015-16,21500495,2,1610612751,6,9,9,4,1,0,1
2015-16,21500495,3,1610612738,3,6,4,3,0,2,0
2015-16,21500495,3,1610612751,6,6,5,2,1,1,1
2015-16,21500495,4,1610612738,5,4,4,3,2,0,0
2015-16,21500495,4,1610612751,5,3,3,1,4,0,0
2015-16,21500496,1,1610612756,4,2,1,1,3,1,0
2015-16,21500496,1,1610612758,5,8,7,3,1,1,0
2015-16,21500496,2,1610612756,8,12,9,3,2,3,2
2015-16,21500496,2,1610612758,10,13,9,5,5,4,0
2015-16,21500496,3,1610612756,6,8,8,2,4,0,0
2015-16,21500496,3,1610612758,8,10,9,4,3,1,1
2015-16,21500496,4,1610612756,5,6,5,3,2,1,0
2015-16,21500496,4,1610612758,4,3,2,2,2,1,0
2015-16,21500497,1,1610612760,4,6,6,3,1,0,0
2015-16,21500497,1,1610612766,2,2,2,1,1,0,0
2015-16,21500497,2,1610612760,9,15,13,6,2,2,1
2015-16,21500497,2,1610612766,11,16,13,2,6,3,3
2015-16,21500497,3,1610612760,9,11,9,3,5,2,1
2015-16,21500497,3,1610612766,5,6,6,3,2,0,0
2015-16,21500497,4,1610612760,4,5,2,1,2,3,1
2015-16,21500497,4,1610612766,7,10,5,3,4,5,0
2015-16,21500498,1,1610612754,3,7,5,3,0,2,0
2015-16,21500498,1,1610612765,2,2,0,1,0,2,1
2015-16,21500498,2,1610612754,4,4,3,2,2,1,0
2015-16,21500498,2,1610612765,4,3,3,2,2,0,0
2015-16,21500498,3,1610612754,6,10,8,3,3,2,0
2015-16,21500498,3,1610612765,6,8,2,3,3,6,0
2015-16,21500498,4,1610612754,4,8,5,3,1,3,0
2015-16,21500498,4,1610612765,7,10,8,6,1,2,0
2015-16,21500499,1,1610612739,7,8,5,4,3,3,0
2015-16,21500499,1,1610612753,1,1,0,1,0,1,0
2015-16,21500499,2,1610612739,6,11,7,5,1,4,0
2015-16,21500499,2,1610612753,6,4,4,1,5,0,0
2015-16,21500499,3,1610612739,8,11,6,1,7,5,0
2015-16,21500499,3,1610612753,4,4,4,1,2,0,1
2015-16,21500499,4,1610612739,5,9,6,3,2,3,0
2015-16,21500499,4,1610612753,6,8,7,2,4,1,0
2015-16,21500500,1,1610612749,6,11,8,4,2,3,0
2015-16,21500500,1,1610612750,2,4,4,1,1,0,0
2015-16,21500500,2,1610612749,4,7,5,4,0,2,0
2015-16,21500500,2,1610612750,4,6,3,4,0,3,0
2015-16,21500500,3,1610612749,2,4,4,2,0,0,0
2015-16,21500500,3,1610612750,6,6,6,2,4,0,0
2015-16,21500500,4,1610612749,4,6,6,3,1,0,0
2015-16,21500500,4,1610612750,6,8,3,4,1,5,1
2015-16,21500501,1,1610612740,3,2,2,2,0,0,1
2015-16,21500501,1,1610612742,6,10,8,4,1,2,1
2015-16,21500501,2,1610612740,2,4,2,2,0,2,0
2015-16,21500501,2,1610612742,2,0,0,0,2,0,0
2015-16,21500501,3,1610612740,4,6,5,3,1,1,0
2015-16,21500501,3,1610612742,3,2,1,1,2,1,0
2015-16,21500501,4,1610612740,7,12,10,5,1,2,1
2015-16,21500501,4,1610612742,5,7,7,2,3,0,0
2015-16,21500502,1,1610612745,5,8,5,5,0,3,0
2015-16,21500502,1,1610612759,2,0,0,0,2,0,0
2015-16,21500502,2,1610612745,4,4,4,2,2,0,0
2015-16,21500502,2,1610612759,7,7,6,3,3,1,1
2015-16,21500502,3,1610612745,4,6,4,3,1,2,0
2015-16,21500502,3,1610612759,6,9,9,4,2,0,0
2015-16,21500502,4,1610612745,8,15,7,5,3,8,0
2015-16,21500502,4,1610612759,4,3,3,2,2,0,0
2015-16,21500503,1,1610612762,5,5,5,3,2,0,0
2015-16,21500503,1,1610612763,2,4,3,1,1,1,0
2015-16,21500503,2,1610612762,4,6,5,3,1,1,0
2015-16,21500503,2,1610612763,7,8,3,4,3,5,0
2015-16,21500503,3,1610612762,4,3,1,2,2,2,0
2015-16,21500503,3,1610612763,5,5,2,2,3,3,0
2015-16,21500503,4,1610612762,6,6,4,2,4,2,0
2015-16,21500503,4,1610612763,4,7,5,3,1,2,0
2015-16,21500504,1,1610612743,5,7,3,4,1,4,0
2015-16,21500504,1,1610612744,5,4,3,2,2,1,1
2015-16,21500504,2,1610612743,4,7,4,4,0,3,0
2015-16,21500504,2,1610612744,8,14,8,3,3,6,2
2015-16,21500504,3,1610612743,5,6,5,3,1,1,1
2015-16,21500504,3,1610612744,4,3,3,2,2,0,0
2015-16,21500504,4,1610612743,4,1,1,1,2,0,1
2015-16,21500504,4,1610612744,2,0,0,0,2,0,0
2015-16,21500505,1,1610612746,9,12,10,4,5,2,0
2015-16,21500505,1,1610612755,4,0,0,0,4,0,0
2015-16,21500505,2,1610612746,8,10,7,4,4,3,0
2015-16,21500505,2,1610612755,3,5,3,3,0,2,0
2015-16,21500505,3,1610612746,2,0,0,0,1,0,1
2015-16,21500505,3,1610612755,5,8,4,3,2,4,0
2015-16,21500505,4,1610612746,2,3,3,2,0,0,0
2015-16,21500505,4,1610612755,3,4,1,1,2,3,0
2015-16,21500506,1,1610612737,3,4,2,3,0,2,0
2015-16,21500506,1,1610612752,4,2,1,1,2,1,1
2015-16,21500506,2,1610612737,5,5,5,3,1,0,1
2015-16,21500506,2,1610612752,3,6,6,3,0,0,0
2015-16,21500506,3,1610612737,4,7,6,3,1,1,0
2015-16,21500506,3,1610612752,3,4,3,2,1,1,0
2015-16,21500506,4,1610612737,4,4,2,2,2,2,0
2015-16,21500506,4,1610612752,4,2,2,1,2,0,1
2015-16,21500507,1,1610612741,2,0,0,0,1,0,1
2015-16,21500507,1,1610612761,2,3,2,2,0,1,0
2015-16,21500507,2,1610612741,4,6,6,2,1,0,1
2015-16,21500507,2,1610612761,5,6,5,3,2,1,0
2015-16,21500507,3,1610612741,5,9,9,4,1,0,0
2015-16,21500507,3,1610612761,4,5,4,3,0,1,1
2015-16,21500507,4,1610612741,8,10,7,1,6,3,1
2015-16,21500507,4,1610612761,6,5,5,2,3,0,1
2015-16,21500508,1,1610612748,4,4,4,1,2,0,0
2015-16,21500508,1,1610612764,2,3,2,2,0,1,0
2015-16,21500508,2,1610612748,3,3,3,1,2,0,0
2015-16,21500508,2,1610612764,4,5,3,2,1,2,1
2015-16,21500508,3,1610612748,3,3,1,1,2,2,0
2015-16,21500508,3,1610612764,2,2,1,1,1,1,0
2015-16,21500508,4,1610612748,1,2,2,1,0,0,0
2015-16,21500508,4,1610612764,4,3,3,2,1,0,1
2015-16,21500509,1,1610612743,5,7,5,3,1,2,1
2015-16,21500509,1,1610612757,5,7,3,3,2,4,0
2015-16,21500509,2,1610612743,9,14,9,5,3,5,1
2015-16,21500509,2,1610612757,7,11,10,5,2,1,0
2015-16,21500509,3,1610612743,11,16,9,4,5,7,2
2015-16,21500509,3,1610612757,5,6,4,2,2,2,1
2015-16,21500509,4,1610612743,8,11,8,4,3,3,1
2015-16,21500509,4,1610612757,7,8,5,1,6,3,0
2015-16,21500510,1,1610612747,6,8,7,4,2,1,0
2015-16,21500510,1,1610612756,0,0,0,0,0,0,0
2015-16,21500510,2,1610612747,4,2,1,1,3,1,0
2015-16,21500510,2,1610612756,5,4,4,2,3,0,0
2015-16,21500510,3,1610612747,4,4,3,3,1,1,0
2015-16,21500510,3,1610612756,5,3,2,2,3,1,0
2015-16,21500510,4,1610612747,5,3,2,1,4,1,0
2015-16,21500510,4,1610612756,3,2,1,1,1,1,1
2015-16,21500511,1,1610612739,3,2,2,1,1,0,1
2015-16,21500511,1,1610612761,3,5,2,3,0,3,0
2015-16,21500511,2,1610612739,5,9,9,3,2,0,0
2015-16,21500511,2,1610612761,6,10,8,4,2,2,0
2015-16,21500511,3,1610612739,5,8,5,3,2,3,0
2015-16,21500511,3,1610612761,5,4,3,2,3,1,0
2015-16,21500511,4,1610612739,5,7,7,2,3,0,0
2015-16,21500511,4,1610612761,6,10,7,5,1,3,0
2015-16,21500512,1,1610612750,5,7,5,3,2,2,0
2015-16,21500512,1,1610612755,5,2,1,1,4,1,0
2015-16,21500512,2,1610612750,5,4,2,2,3,2,0
2015-16,21500512,2,1610612755,4,4,2,2,1,2,1
2015-16,21500512,3,1610612750,7,6,5,4,2,1,0
2015-16,21500512,3,1610612755,6,8,6,4,2,2,0
2015-16,21500512,4,1610612750,6,7,7,3,3,0,0
2015-16,21500512,4,1610612755,1,0,0,0,0,0,1
2015-16,21500513,1,1610612738,4,6,5,4,0,1,0
2015-16,21500513,1,1610612751,1,0,0,0,1,0,0
2015-16,21500513,2,1610612738,0,0,0,0,0,0,0
2015-16,21500513,2,1610612751,5,5,4,2,3,1,0
2015-16,21500513,3,1610612738,4,4,3,3,1,1,0
2015-16,21500513,3,1610612751,7,10,9,2,5,1,0
2015-16,21500513,4,1610612738,7,9,7,3,4,2,0
2015-16,21500513,4,1610612751,7,12,11,3,4,1,0
2015-16,21500514,1,1610612753,2,3,3,2,0,0,0
2015-16,21500514,1,1610612765,3,3,3,1,2,0,0
2015-16,21500514,2,1610612753,5,4,4,2,3,0,0
2015-16,21500514,2,1610612765,5,10,6,4,1,4,0
2015-16,21500514,3,1610612753,4,2,2,0,3,0,0
2015-16,21500514,3,1610612765,4,2,2,1,3,0,0
2015-16,21500514,4,1610612753,5,2,2,1,3,0,1
2015-16,21500514,4,1610612765,4,6,4,3,1,2,0
2015-16,21500515,1,1610612748,5,6,5,2,1,1,2
2015-16,21500515,1,1610612754,5,5,5,3,2,0,0
2015-16,21500515,2,1610612748,4,7,6,3,1,1,0
2015-16,21500515,2,1610612754,3,5,5,2,1,0,0
2015-16,21500515,3,1610612748,5,9,8,5,0,1,0
2015-16,21500515,3,1610612754,4,2,2,1,3,0,0
2015-16,21500515,4,1610612748,6,10,7,2,3,3,1
2015-16,21500515,4,1610612754,6,8,5,3,3,3,0
2015-16,21500516,1,1610612749,2,4,3,2,0,1,0
2015-16,21500516,1,1610612759,1,2,2,1,0,0,0
2015-16,21500516,2,1610612749,5,10,6,5,0,4,0
2015-16,21500516,2,1610612759,7,10,8,6,1,2,0
2015-16,21500516,3,1610612749,3,5,4,3,0,1,0
2015-16,21500516,3,1610612759,6,5,4,2,4,1,0
2015-16,21500516,4,1610612749,8,11,8,5,3,3,0
2015-16,21500516,4,1610612759,4,3,2,2,2,1,0
2015-16,21500517,1,1610612758,5,9,8,4,0,1,1
2015-16,21500517,1,1610612760,3,6,5,3,0,1,0
2015-16,21500517,2,1610612758,7,11,10,3,4,1,0
2015-16,21500517,2,1610612760,4,8,5,4,0,3,0
2015-16,21500517,3,1610612758,3,3,2,1,1,1,1
2015-16,21500517,3,1610612760,5,4,3,1,4,1,0
2015-16,21500517,4,1610612758,10,16,9,3,7,7,0
2015-16,21500517,4,1610612760,2,5,3,2,0,2,0
2015-16,21500518,1,1610612745,4,4,2,2,2,2,0
2015-16,21500518,1,1610612762,4,4,3,2,2,1,0
2015-16,21500518,2,1610612745,4,4,3,2,2,1,0
2015-16,21500518,2,1610612762,4,8,6,3,0,2,1
2015-16,21500518,3,1610612745,3,5,5,2,1,0,0
2015-16,21500518,3,1610612762,3,6,4,2,1,2,0
2015-16,21500518,4,1610612745,6,8,6,2,4,2,0
2015-16,21500518,4,1610612762,4,7,6,3,1,1,0
2015-16,21500519,1,1610612757,3,3,3,2,1,0,0
2015-16,21500519,1,1610612763,1,1,1,0,1,0,0
2015-16,21500519,2,1610612757,6,7,6,2,3,1,1
2015-16,21500519,2,1610612763,2,5,4,2,0,1,0
2015-16,21500519,3,1610612757,6,8,4,4,2,4,0
2015-16,21500519,3,1610612763,8,14,9,5,2,5,1
2015-16,21500519,4,1610612757,3,6,2,3,0,4,0
2015-16,21500519,4,1610612763,5,6,4,2,3,2,0
2015-16,21500520,1,1610612744,4,2,2,1,3,0,0
2015-16,21500520,1,1610612766,3,5,5,3,0,0,0
2015-16,21500520,2,1610612744,1,1,1,1,0,0,0
2015-16,21500520,2,1610612766,3,2,2,2,1,0,0
2015-16,21500520,3,1610612744,2,2,2,1,1,0,0
2015-16,21500520,3,1610612766,6,6,5,3,2,1,1
2015-16,21500520,4,1610612744,2,1,1,1,1,0,0
2015-16,21500520,4,1610612766,6,6,6,3,2,0,1
2015-16,21500521,1,1610612737,5,6,3,3,2,3,0
2015-16,21500521,1,1610612752,5,4,4,2,3,0,0
2015-16,21500521,2,1610612737,5,7,5,1,4,2,0
2015-16,21500521,2,1610612752,7,10,8,5,0,2,2
2015-16,21500521,3,1610612737,2,1,0,1,1,1,0
2015-16,21500521,3,1610612752,5,4,4,2,2,0,1
2015-16,21500521,4,1610612737,6,5,4,1,5,1,0
2015-16,21500521,4,1610612752,8,6,6,2,4,0,0
2015-16,21500522,1,1610612741,4,5,5,3,0,0,1
2015-16,21500522,1,1610612749,2,4,1,2,0,3,0
2015-16,21500522,2,1610612741,6,6,6,2,4,0,0
2015-16,21500522,2,1610612749,4,6,5,4,0,1,0
2015-16,21500522,3,1610612741,4,3,3,2,2,0,0
2015-16,21500522,3,1610612749,2,1,1,1,1,0,0
2015-16,21500522,4,1610612741,5,6,6,2,3,0,0
2015-16,21500522,4,1610612749,3,3,1,2,1,2,0
2015-16,21500523,1,1610612742,5,8,5,4,1,3,0
2015-16,21500523,1,1610612758,2,1,0,1,0,1,1
2015-16,21500523,2,1610612742,5,4,3,1,4,1,0
2015-16,21500523,2,1610612758,3,4,3,2,1,1,0
2015-16,21500523,3,1610612742,1,3,3,1,0,0,0
2015-16,21500523,3,1610612758,5,5,3,4,0,2,1
2015-16,21500523,4,1610612742,5,7,4,4,0,3,1
2015-16,21500523,4,1610612758,4,0,0,0,3,0,1
2015-16,21500524,1,1610612744,2,0,0,0,2,0,0
2015-16,21500524,1,1610612747,6,13,13,6,0,0,0
2015-16,21500524,2,1610612744,1,0,0,0,1,0,0
2015-16,21500524,2,1610612747,3,7,3,3,0,4,0
2015-16,21500524,3,1610612744,11,19,15,5,5,4,1
2015-16,21500524,3,1610612747,3,3,2,2,1,1,0
2015-16,21500524,4,1610612744,2,2,1,1,1,1,0
2015-16,21500524,4,1610612747,5,7,7,4,1,0,0
2015-16,21500525,1,1610612748,4,5,5,3,0,0,1
2015-16,21500525,1,1610612752,3,3,3,2,1,0,0
2015-16,21500525,2,1610612748,4,2,2,1,3,0,0
2015-16,21500525,2,1610612752,1,0,0,0,1,0,0
2015-16,21500525,3,1610612748,4,2,2,1,2,0,1
2015-16,21500525,3,1610612752,4,7,6,4,0,1,0
2015-16,21500525,4,1610612748,4,6,5,4,0,1,0
2015-16,21500525,4,1610612752,7,8,8,1,5,0,1
2015-16,21500526,1,1610612753,3,4,4,2,1,0,0
2015-16,21500526,1,1610612754,1,2,1,1,0,1,0
2015-16,21500526,2,1610612753,1,1,1,0,1,0,0
2015-16,21500526,2,1610612754,3,1,0,1,2,1,0
2015-16,21500526,3,1610612753,4,4,4,2,1,0,1
2015-16,21500526,3,1610612754,7,11,10,5,2,1,0
2015-16,21500526,4,1610612753,7,8,7,1,5,1,1
2015-16,21500526,4,1610612754,9,15,14,5,4,1,0
2015-16,21500527,1,1610612739,5,3,2,2,2,1,1
2015-16,21500527,1,1610612764,7,13,6,7,0,7,0
2015-16,21500527,2,1610612739,5,7,6,3,1,1,1
2015-16,21500527,2,1610612764,5,7,6,2,2,1,1
2015-16,21500527,3,1610612739,2,3,2,1,1,1,0
2015-16,21500527,3,1610612764,5,4,3,3,1,1,1
2015-16,21500527,4,1610612739,5,6,3,3,2,3,0
2015-16,21500527,4,1610612764,3,3,2,2,1,1,0
2015-16,21500528,1,1610612738,4,4,2,1,3,2,0
2015-16,21500528,1,1610612765,4,7,6,3,1,1,0
2015-16,21500528,2,1610612738,4,5,4,1,2,1,1
2015-16,21500528,2,1610612765,7,11,5,4,1,6,1
2015-16,21500528,3,1610612738,6,10,10,3,3,0,0
2015-16,21500528,3,1610612765,7,10,5,5,1,5,1
2015-16,21500528,4,1610612738,7,8,4,2,4,4,1
2015-16,21500528,4,1610612765,7,8,7,2,3,1,2
2015-16,21500529,1,1610612751,0,0,0,0,0,0,0
2015-16,21500529,1,1610612761,3,3,3,2,1,0,0
2015-16,21500529,2,1610612751,2,0,0,0,1,0,1
2015-16,21500529,2,1610612761,5,5,4,1,4,1,0
2015-16,21500529,3,1610612751,4,3,3,2,2,0,0
2015-16,21500529,3,1610612761,6,8,8,3,3,0,0
2015-16,21500529,4,1610612751,6,9,4,4,1,5,0
2015-16,21500529,4,1610612761,2,2,2,1,1,0,0
2015-16,21500530,1,1610612743,5,6,4,2,3,2,0
2015-16,21500530,1,1610612750,3,6,5,3,0,1,0
2015-16,21500530,2,1610612743,5,4,2,1,3,2,1
2015-16,21500530,2,1610612750,4,4,3,1,3,1,0
2015-16,21500530,3,1610612743,3,3,2,2,0,1,0
2015-16,21500530,3,1610612750,3,2,2,1,2,0,0
2015-16,21500530,4,1610612743,5,4,4,1,4,0,0
2015-16,21500530,4,1610612750,7,8,5,3,3,3,1
2015-16,21500531,1,1610612740,5,4,4,1,4,0,0
2015-16,21500531,1,1610612742,2,4,2,2,0,2,0
2015-16,21500531,2,1610612740,5,9,6,4,0,3,1
2015-16,21500531,2,1610612742,5,7,7,3,2,0,0
2015-16,21500531,3,1610612740,3,2,2,0,3,0,0
2015-16,21500531,3,1610612742,4,3,3,1,3,0,0
2015-16,21500531,4,1610612740,4,5,4,3,1,1,0
2015-16,21500531,4,1610612742,7,8,7,1,6,1,0
2015-16,21500532,1,1610612759,3,3,3,1,2,0,0
2015-16,21500532,1,1610612762,4,3,3,2,1,0,1
2015-16,21500532,2,1610612759,5,5,4,2,3,1,0
2015-16,21500532,2,1610612762,6,7,6,4,1,1,1
2015-16,21500532,3,1610612759,3,1,1,1,2,0,0
2015-16,21500532,3,1610612762,4,2,2,1,3,0,0
2015-16,21500532,4,1610612759,5,4,2,2,3,2,0
2015-16,21500532,4,1610612762,5,6,6,3,2,0,0
2015-16,21500533,1,1610612756,4,4,3,2,2,1,0
2015-16,21500533,1,1610612766,4,4,3,2,2,1,0
2015-16,21500533,2,1610612756,4,3,3,1,3,0,0
2015-16,21500533,2,1610612766,5,6,5,2,2,1,1
2015-16,21500533,3,1610612756,3,4,2,2,1,2,0
2015-16,21500533,3,1610612766,8,12,7,3,2,5,3
2015-16,21500533,4,1610612756,4,2,2,0,3,0,1
2015-16,21500533,4,1610612766,3,0,0,0,3,0,0
2015-16,21500534,1,1610612760,3,4,3,2,0,1,1
2015-16,21500534,1,1610612763,3,2,1,1,2,1,0
2015-16,21500534,2,1610612760,6,10,8,3,3,2,0
2015-16,21500534,2,1610612763,6,8,5,4,2,3,0
2015-16,21500534,3,1610612760,7,9,8,2,3,1,2
2015-16,21500534,3,1610612763,6,7,6,3,3,1,0
2015-16,21500534,4,1610612760,7,10,9,2,3,1,2
2015-16,21500534,4,1610612763,6,7,5,4,1,2,1
2015-16,21500535,1,1610612746,4,7,5,3,0,2,0
2015-16,21500535,1,1610612757,4,2,2,1,3,0,0
2015-16,21500535,2,1610612746,7,8,8,4,2,0,1
2015-16,21500535,2,1610612757,4,6,3,3,1,3,0
2015-16,21500535,3,1610612746,1,0,0,0,1,0,0
2015-16,21500535,3,1610612757,8,9,6,3,4,3,1
2015-16,21500535,4,1610612746,3,2,1,1,2,1,0
2015-16,21500535,4,1610612757,5,6,2,3,1,4,0
2015-16,21500536,1,1610612737,4,4,4,2,2,0,0
2015-16,21500536,1,1610612755,3,0,0,0,3,0,0
2015-16,21500536,2,1610612737,2,4,4,2,0,0,0
2015-16,21500536,2,1610612755,7,6,3,3,4,3,0
2015-16,21500536,3,1610612737,5,5,4,4,1,1,0
2015-16,21500536,3,1610612755,6,11,6,6,0,5,0
2015-16,21500536,4,1610612737,5,6,3,2,3,3,0
2015-16,21500536,4,1610612755,6,8,6,3,2,2,1
2015-16,21500537,1,1610612738,3,2,2,1,2,0,0
2015-16,21500537,1,1610612741,1,2,1,1,0,1,0
2015-16,21500537,2,1610612738,3,7,6,2,1,1,0
2015-16,21500537,2,1610612741,5,3,3,2,3,0,0
2015-16,21500537,3,1610612738,4,2,2,1,2,0,1
2015-16,21500537,3,1610612741,4,2,2,1,1,0,2
2015-16,21500537,4,1610612738,7,11,7,4,3,4,0
2015-16,21500537,4,1610612741,7,10,8,2,4,2,1
2015-16,21500538,1,1610612745,4,8,4,4,0,4,0
2015-16,21500538,1,1610612762,3,4,3,3,0,1,0
2015-16,21500538,2,1610612745,2,2,2,1,1,0,0
2015-16,21500538,2,1610612762,4,6,5,3,1,1,0
2015-16,21500538,3,1610612745,3,6,4,2,1,2,0
2015-16,21500538,3,1610612762,6,3,1,3,3,2,0
2015-16,21500538,4,1610612745,6,10,8,2,4,2,0
2015-16,21500538,4,1610612762,3,4,2,2,1,2,0
2015-16,21500539,1,1610612747,4,4,3,2,2,1,0
2015-16,21500539,1,1610612758,4,6,5,3,0,1,0
2015-16,21500539,2,1610612747,6,11,9,4,1,2,1
2015-16,21500539,2,1610612758,6,9,7,4,2,2,0
2015-16,21500539,3,1610612747,5,7,7,3,1,0,1
2015-16,21500539,3,1610612758,7,6,2,2,4,4,1
2015-16,21500539,4,1610612747,5,7,6,4,1,1,0
2015-16,21500539,4,1610612758,7,6,4,0,6,2,1
2015-16,21500540,1,1610612761,2,4,4,2,0,0,0
2015-16,21500540,1,1610612764,3,3,3,0,2,0,0
2015-16,21500540,2,1610612761,8,8,7,2,2,1,3
2015-16,21500540,2,1610612764,3,5,5,2,1,0,0
2015-16,21500540,3,1610612761,4,5,5,3,1,0,0
2015-16,21500540,3,1610612764,1,0,0,0,0,0,1
2015-16,21500540,4,1610612761,6,9,8,3,3,1,0
2015-16,21500540,4,1610612764,5,7,6,3,1,1,0
2015-16,21500541,1,1610612751,4,3,3,2,2,0,0
2015-16,21500541,1,1610612753,2,3,2,2,0,1,0
2015-16,21500541,2,1610612751,6,5,3,3,2,2,1
2015-16,21500541,2,1610612753,3,2,1,1,2,1,0
2015-16,21500541,3,1610612751,3,2,2,1,2,0,0
2015-16,21500541,3,1610612753,5,1,1,1,3,0,1
2015-16,21500541,4,1610612751,6,10,4,5,1,6,0
2015-16,21500541,4,1610612753,3,0,0,0,2,0,1
2015-16,21500542,1,1610612743,5,7,7,4,1,0,0
2015-16,21500542,1,1610612763,6,5,5,3,3,0,0
2015-16,21500542,2,1610612743,1,2,1,1,0,1,0
2015-16,21500542,2,1610612763,6,9,8,3,3,1,0
2015-16,21500542,3,1610612743,4,1,0,1,3,1,0
2015-16,21500542,3,1610612763,2,4,2,2,0,2,0
2015-16,21500542,4,1610612743,9,9,8,5,2,1,0
2015-16,21500542,4,1610612763,7,12,8,4,3,4,0
2015-16,21500543,1,1610612739,5,7,5,3,2,2,0
2015-16,21500543,1,1610612750,5,4,3,1,3,1,1
2015-16,21500543,2,1610612739,6,8,8,3,3,0,0
2015-16,21500543,2,1610612750,6,12,9,6,0,3,0
2015-16,21500543,3,1610612739,5,8,8,3,2,0,0
2015-16,21500543,3,1610612750,5,6,4,2,3,2,0
2015-16,21500543,4,1610612739,3,6,5,3,0,1,0
2015-16,21500543,4,1610612750,2,4,4,2,0,0,0
2015-16,21500544,1,1610612740,5,4,3,2,2,1,1
2015-16,21500544,1,1610612754,4,5,3,2,2,2,0
2015-16,21500544,2,1610612740,3,2,1,1,1,1,1
2015-16,21500544,2,1610612754,4,2,2,1,3,0,0
2015-16,21500544,3,1610612740,5,8,7,4,1,1,0
2015-16,21500544,3,1610612754,3,3,2,2,1,1,0
2015-16,21500544,4,1610612740,3,6,4,3,0,2,0
2015-16,21500544,4,1610612754,6,9,7,4,2,2,0
2015-16,21500545,1,1610612742,4,4,3,2,1,1,1
2015-16,21500545,1,1610612749,4,4,3,2,2,1,0
2015-16,21500545,2,1610612742,4,5,2,2,2,3,0
2015-16,21500545,2,1610612749,4,5,4,2,2,1,0
2015-16,21500545,3,1610612742,5,5,4,2,3,1,0
2015-16,21500545,3,1610612749,6,8,6,2,3,2,0
2015-16,21500545,4,1610612742,4,2,2,1,2,0,1
2015-16,21500545,4,1610612749,7,12,5,6,1,7,0
2015-16,21500546,1,1610612752,4,8,6,4,0,2,0
2015-16,21500546,1,1610612759,4,8,7,4,0,1,0
2015-16,21500546,2,1610612752,3,4,4,2,1,0,0
2015-16,21500546,2,1610612759,4,5,4,3,1,1,0
2015-16,21500546,3,1610612752,4,4,3,2,2,1,0
2015-16,21500546,3,1610612759,1,2,1,1,0,1,0
2015-16,21500546,4,1610612752,5,1,1,1,3,0,1
2015-16,21500546,4,1610612759,4,2,2,1,3,0,0
2015-16,21500547,1,1610612748,4,6,5,3,1,1,0
2015-16,21500547,1,1610612756,2,2,1,1,0,1,1
2015-16,21500547,2,1610612748,8,12,12,5,2,0,1
2015-16,21500547,2,1610612756,4,4,2,2,1,2,1
2015-16,21500547,3,1610612748,2,1,0,1,1,1,0
2015-16,21500547,3,1610612756,4,5,5,3,1,0,0
2015-16,21500547,4,1610612748,7,11,7,4,3,4,0
2015-16,21500547,4,1610612756,3,2,1,0,3,1,0
2015-16,21500548,1,1610612744,2,0,0,0,2,0,0
2015-16,21500548,1,1610612757,5,8,4,4,1,4,0
2015-16,21500548,2,1610612744,9,15,13,5,4,2,0
2015-16,21500548,2,1610612757,7,14,10,5,2,4,0
2015-16,21500548,3,1610612744,3,4,3,2,1,1,0
2015-16,21500548,3,1610612757,4,4,4,2,2,0,0
2015-16,21500548,4,1610612744,3,2,2,1,2,0,0
2015-16,21500548,4,1610612757,3,2,2,1,2,0,0
2015-16,21500549,1,1610612747,3,7,7,3,0,0,0
2015-16,21500549,1,1610612760,3,3,2,2,1,1,0
2015-16,21500549,2,1610612747,4,6,5,3,1,1,0
2015-16,21500549,2,1610612760,6,8,7,3,3,1,0
2015-16,21500549,3,1610612747,4,6,6,3,1,0,0
2015-16,21500549,3,1610612760,3,6,5,3,0,1,0
2015-16,21500549,4,1610612747,4,6,6,2,0,0,1
2015-16,21500549,4,1610612760,7,9,8,2,2,1,3
2015-16,21500550,1,1610612746,3,0,0,0,3,0,0
2015-16,21500550,1,1610612766,3,4,3,2,1,1,0
2015-16,21500550,2,1610612746,2,0,0,0,2,0,0
2015-16,21500550,2,1610612766,4,2,2,1,3,0,0
2015-16,21500550,3,1610612746,5,8,7,3,1,1,1
2015-16,21500550,3,1610612766,6,7,5,4,2,2,0
2015-16,21500550,4,1610612746,3,2,2,1,2,0,0
2015-16,21500550,4,1610612766,5,6,4,2,2,2,1
2015-16,21500551,1,1610612737,3,1,1,1,2,0,0
2015-16,21500551,1,1610612741,4,5,3,3,1,2,0
2015-16,21500551,2,1610612737,3,3,2,2,1,1,0
2015-16,21500551,2,1610612741,5,9,8,5,0,1,0
2015-16,21500551,3,1610612737,3,5,5,3,0,0,0
2015-16,21500551,3,1610612741,8,12,10,4,3,2,1
2015-16,21500551,4,1610612737,4,6,4,3,1,2,0
2015-16,21500551,4,1610612741,4,5,5,3,1,0,0
2015-16,21500552,1,1610612753,2,2,2,1,1,0,0
2015-16,21500552,1,1610612764,3,4,4,2,1,0,0
2015-16,21500552,2,1610612753,7,10,8,2,5,2,0
2015-16,21500552,2,1610612764,3,3,3,2,1,0,0
2015-16,21500552,3,1610612753,8,9,6,2,6,3,0
2015-16,21500552,3,1610612764,3,2,0,0,2,2,0
2015-16,21500552,4,1610612753,5,3,2,2,3,1,0
2015-16,21500552,4,1610612764,2,1,1,1,1,0,0
2015-16,21500553,1,1610612751,2,2,2,1,0,0,1
2015-16,21500553,1,1610612765,5,5,2,4,1,3,0
2015-16,21500553,2,1610612751,2,0,0,0,1,0,1
2015-16,21500553,2,1610612765,3,5,4,3,0,1,0
2015-16,21500553,3,1610612751,4,6,4,3,1,2,0
2015-16,21500553,3,1610612765,3,0,0,0,3,0,0
2015-16,21500553,4,1610612751,3,2,2,1,2,0,0
2015-16,21500553,4,1610612765,4,4,3,2,2,1,0
2015-16,21500554,1,1610612755,3,2,2,1,2,0,0
2015-16,21500554,1,1610612761,3,3,3,2,0,0,1
2015-16,21500554,2,1610612755,3,2,1,1,1,1,1
2015-16,21500554,2,1610612761,5,8,7,4,1,1,0
2015-16,21500554,3,1610612755,6,8,3,3,3,5,0
2015-16,21500554,3,1610612761,3,3,2,2,1,1,0
2015-16,21500554,4,1610612755,4,2,0,1,2,2,1
2015-16,21500554,4,1610612761,9,13,9,3,3,4,3
2015-16,21500555,1,1610612748,3,3,3,2,1,0,0
2015-16,21500555,1,1610612762,2,0,0,0,2,0,0
2015-16,21500555,2,1610612748,3,6,3,3,0,3,0
2015-16,21500555,2,1610612762,3,6,4,3,0,2,0
2015-16,21500555,3,1610612748,3,2,1,1,2,1,0
2015-16,21500555,3,1610612762,5,6,4,2,3,2,0
2015-16,21500555,4,1610612748,6,6,2,3,3,4,0
2015-16,21500555,4,1610612762,5,6,3,2,3,3,0
2015-16,21500556,1,1610612744,4,2,2,1,3,0,0
2015-16,21500556,1,1610612758,3,1,1,1,2,0,0
2015-16,21500556,2,1610612744,7,8,6,5,1,2,1
2015-16,21500556,2,1610612758,7,13,10,6,1,3,0
2015-16,21500556,3,1610612744,5,2,2,1,3,0,1
2015-16,21500556,3,1610612758,7,9,6,3,3,3,0
2015-16,21500556,4,1610612744,3,3,1,1,2,2,0
2015-16,21500556,4,1610612758,6,6,5,4,2,1,0
2015-16,21500557,1,1610612742,6,7,7,2,4,0,0
2015-16,21500557,1,1610612750,5,7,4,4,1,3,0
2015-16,21500557,2,1610612742,5,5,3,3,2,2,0
2015-16,21500557,2,1610612750,5,7,6,2,3,1,0
2015-16,21500557,3,1610612742,4,0,0,0,4,0,0
2015-16,21500557,3,1610612750,5,3,2,1,3,1,1
2015-16,21500557,4,1610612742,7,9,5,3,4,4,0
2015-16,21500557,4,1610612750,4,5,5,3,1,0,0
2015-16,21500558,1,1610612740,3,2,1,1,2,1,0
2015-16,21500558,1,1610612746,5,6,3,3,2,3,0
2015-16,21500558,2,1610612740,9,14,11,4,4,3,1
2015-16,21500558,2,1610612746,7,8,3,4,2,5,1
2015-16,21500558,3,1610612740,2,3,2,1,1,1,0
2015-16,21500558,3,1610612746,2,4,4,2,0,0,0
2015-16,21500558,4,1610612740,5,4,4,2,3,0,0
2015-16,21500558,4,1610612746,5,9,5,3,2,4,0
2015-16,21500559,1,1610612739,7,9,5,2,4,4,1
2015-16,21500559,1,1610612755,2,3,2,1,1,1,0
2015-16,21500559,2,1610612739,4,7,6,3,1,1,0
2015-16,21500559,2,1610612755,4,7,3,4,0,4,0
2015-16,21500559,3,1610612739,4,3,2,2,2,1,0
2015-16,21500559,3,1610612755,4,5,2,3,1,3,0
2015-16,21500559,4,1610612739,3,4,3,2,0,1,1
2015-16,21500559,4,1610612755,4,4,2,2,2,2,0
2015-16,21500560,1,1610612738,5,4,4,1,4,0,0
2015-16,21500560,1,1610612763,3,6,5,3,0,1,0
2015-16,21500560,2,1610612738,3,2,0,1,2,2,0
2015-16,21500560,2,1610612763,6,8,7,4,2,1,0
2015-16,21500560,3,1610612738,4,3,3,1,2,0,1
2015-16,21500560,3,1610612763,9,11,8,2,6,3,1
2015-16,21500560,4,1610612738,10,14,10,5,3,4,2
2015-16,21500560,4,1610612763,9,15,15,4,5,0,0
2015-16,21500561,1,1610612745,3,0,0,0,3,0,0
2015-16,21500561,1,1610612754,5,5,5,4,1,0,0
2015-16,21500561,2,1610612745,3,4,1,3,0,3,0
2015-16,21500561,2,1610612754,2,0,0,0,2,0,0
2015-16,21500561,3,1610612745,5,8,6,3,2,2,0
2015-16,21500561,3,1610612754,1,1,1,1,0,0,0
2015-16,21500561,4,1610612745,6,9,7,4,1,2,1
2015-16,21500561,4,1610612754,4,4,2,2,2,2,0
2015-16,21500562,1,1610612749,3,5,2,2,1,3,0
2015-16,21500562,1,1610612752,5,6,6,3,1,0,1
2015-16,21500562,2,1610612749,4,4,3,2,2,1,0
2015-16,21500562,2,1610612752,2,3,2,1,1,1,0
2015-16,21500562,3,1610612749,5,5,4,2,3,1,0
2015-16,21500562,3,1610612752,5,3,3,2,3,0,0
2015-16,21500562,4,1610612749,8,16,12,8,0,4,0
2015-16,21500562,4,1610612752,4,6,4,3,1,2,0
2015-16,21500563,1,1610612743,6,8,7,5,1,1,0
2015-16,21500563,1,1610612766,2,4,4,2,0,0,0
2015-16,21500563,2,1610612743,3,6,6,3,0,0,0
2015-16,21500563,2,1610612766,6,10,8,2,2,2,2
2015-16,21500563,3,1610612743,6,7,5,3,2,2,1
2015-16,21500563,3,1610612766,2,2,2,1,1,0,0
2015-16,21500563,4,1610612743,2,2,1,1,1,1,0
2015-16,21500563,4,1610612766,7,8,6,4,2,2,1
2015-16,21500564,1,1610612757,3,3,3,2,1,0,0
2015-16,21500564,1,1610612760,5,4,2,2,3,2,0
2015-16,21500564,2,1610612757,4,4,2,2,2,2,0
2015-16,21500564,2,1610612760,6,6,5,4,2,1,0
2015-16,21500564,3,1610612757,3,5,5,2,1,0,0
2015-16,21500564,3,1610612760,8,13,11,5,2,2,0
2015-16,21500564,4,1610612757,4,2,2,0,4,0,0
2015-16,21500564,4,1610612760,8,13,8,5,2,5,1
2015-16,21500565,1,1610612747,3,1,1,1,1,0,1
2015-16,21500565,1,1610612762,4,4,1,2,2,3,0
2015-16,21500565,2,1610612747,3,4,3,2,0,1,1
2015-16,21500565,2,1610612762,6,8,7,4,2,1,0
2015-16,21500565,3,1610612747,5,4,3,3,1,1,1
2015-16,21500565,3,1610612762,5,5,5,2,1,0,2
2015-16,21500565,4,1610612747,4,6,6,1,1,0,2
2015-16,21500565,4,1610612762,6,8,6,2,3,2,1
2015-16,21500566,1,1610612751,2,2,2,1,1,0,0
2015-16,21500566,1,1610612759,1,0,0,0,1,0,0
2015-16,21500566,2,1610612751,2,4,3,2,0,1,0
2015-16,21500566,2,1610612759,4,0,0,0,3,0,1
2015-16,21500566,3,1610612751,5,6,5,2,2,1,1
2015-16,21500566,3,1610612759,8,13,11,5,2,2,1
2015-16,21500566,4,1610612751,4,1,1,1,2,0,1
2015-16,21500566,4,1610612759,3,6,3,3,0,3,0
2015-16,21500567,1,1610612741,5,6,6,3,2,0,0
2015-16,21500567,1,1610612764,4,3,2,2,1,1,1
2015-16,21500567,2,1610612741,6,8,5,4,2,3,0
2015-16,21500567,2,1610612764,3,4,4,3,0,0,0
2015-16,21500567,3,1610612741,3,4,3,2,1,1,0
2015-16,21500567,3,1610612764,1,0,0,0,1,0,0
2015-16,21500567,4,1610612741,7,9,9,2,5,0,0
2015-16,21500567,4,1610612764,4,3,3,2,1,0,1
2015-16,21500568,1,1610612744,5,5,4,3,2,1,0
2015-16,21500568,1,1610612748,2,2,2,1,1,0,0
2015-16,21500568,2,1610612744,7,14,12,7,0,2,0
2015-16,21500568,2,1610612748,7,8,6,5,2,2,0
2015-16,21500568,3,1610612744,4,6,2,3,1,4,0
2015-16,21500568,3,1610612748,3,2,2,2,1,0,0
2015-16,21500568,4,1610612744,3,5,4,1,2,1,0
2015-16,21500568,4,1610612748,5,4,4,1,4,0,0
2015-16,21500569,1,1610612754,4,7,5,4,0,2,0
2015-16,21500569,1,1610612756,2,3,3,2,0,0,0
2015-16,21500569,2,1610612754,6,10,8,5,0,2,1
2015-16,21500569,2,1610612756,4,4,2,2,2,2,0
2015-16,21500569,3,1610612754,7,7,6,3,4,1,0
2015-16,21500569,3,1610612756,7,10,7,6,1,3,0
2015-16,21500569,4,1610612754,6,7,5,3,2,2,1
2015-16,21500569,4,1610612756,6,10,5,4,1,5,1
2015-16,21500570,1,1610612759,6,4,4,0,4,0,2
2015-16,21500570,1,1610612765,2,4,3,2,0,1,0
2015-16,21500570,2,1610612759,6,9,9,3,2,0,1
2015-16,21500570,2,1610612765,5,8,6,3,2,2,0
2015-16,21500570,3,1610612759,3,3,3,1,2,0,0
2015-16,21500570,3,1610612765,3,4,1,2,1,3,0
2015-16,21500570,4,1610612759,8,11,6,2,5,5,1
2015-16,21500570,4,1610612765,6,10,7,3,3,3,0
2015-16,21500571,1,1610612738,3,4,4,2,1,0,0
2015-16,21500571,1,1610612752,2,4,3,2,0,1,0
2015-16,21500571,2,1610612738,3,5,4,3,0,1,0
2015-16,21500571,2,1610612752,4,7,7,3,1,0,0
2015-16,21500571,3,1610612738,5,9,8,3,2,1,0
2015-16,21500571,3,1610612752,7,10,9,3,3,1,1
2015-16,21500571,4,1610612738,4,8,5,4,0,3,0
2015-16,21500571,4,1610612752,7,9,8,3,3,1,1
2015-16,21500572,1,1610612745,5,6,5,2,3,1,0
2015-16,21500572,1,1610612763,3,2,2,0,3,0,0
2015-16,21500572,2,1610612745,6,9,6,5,0,3,1
2015-16,21500572,2,1610612763,5,9,6,3,2,3,0
2015-16,21500572,3,1610612745,5,3,3,1,3,0,1
2015-16,21500572,3,1610612763,4,5,5,2,2,0,0
2015-16,21500572,4,1610612745,7,9,9,2,4,0,0
2015-16,21500572,4,1610612763,6,8,5,3,3,3,0
2015-16,21500573,1,1610612741,3,2,1,1,2,1,0
2015-16,21500573,1,1610612749,3,7,3,3,0,4,0
2015-16,21500573,2,1610612741,7,10,9,5,2,1,0
2015-16,21500573,2,1610612749,5,4,3,3,2,1,0
2015-16,21500573,3,1610612741,2,3,2,1,1,1,0
2015-16,21500573,3,1610612749,6,7,4,3,2,3,1
2015-16,21500573,4,1610612741,7,9,7,4,3,2,0
2015-16,21500573,4,1610612749,8,10,7,3,3,3,2
2015-16,21500574,1,1610612750,4,5,5,2,2,0,0
2015-16,21500574,1,1610612760,5,6,5,4,0,1,1
2015-16,21500574,2,1610612750,5,5,4,3,2,1,0
2015-16,21500574,2,1610612760,0,0,0,0,0,0,0
2015-16,21500574,3,1610612750,3,1,1,1,2,0,0
2015-16,21500574,3,1610612760,4,4,2,2,2,2,0
2015-16,21500574,4,1610612750,7,12,7,6,1,5,0
2015-16,21500574,4,1610612760,6,8,7,2,4,1,0
2015-16,21500575,1,1610612739,2,2,2,1,1,0,0
2015-16,21500575,1,1610612742,1,0,0,0,1,0,0
2015-16,21500575,2,1610612739,4,4,3,3,1,1,0
2015-16,21500575,2,1610612742,4,6,6,2,2,0,0
2015-16,21500575,3,1610612739,4,2,1,1,3,1,0
2015-16,21500575,3,1610612742,9,10,6,2,7,4,0
2015-16,21500575,4,1610612739,4,6,6,2,2,0,0
2015-16,21500575,4,1610612742,4,4,4,2,2,0,0
2015-16,21500576,1,1610612740,2,1,1,1,1,0,0
2015-16,21500576,1,1610612747,2,2,1,1,0,1,1
2015-16,21500576,2,1610612740,6,2,1,1,3,1,1
2015-16,21500576,2,1610612747,9,15,13,6,3,2,0
2015-16,21500576,3,1610612740,4,7,6,3,1,1,0
2015-16,21500576,3,1610612747,8,9,7,5,2,2,1
2015-16,21500576,4,1610612740,4,4,1,2,2,3,0
2015-16,21500576,4,1610612747,6,6,4,2,4,2,0
2015-16,21500577,1,1610612737,5,5,3,3,1,2,1
2015-16,21500577,1,1610612766,5,7,6,4,0,1,1
2015-16,21500577,2,1610612737,3,3,3,1,2,0,0
2015-16,21500577,2,1610612766,4,6,6,2,2,0,0
2015-16,21500577,3,1610612737,4,6,5,2,2,1,0
2015-16,21500577,3,1610612766,4,5,5,3,1,0,0
2015-16,21500577,4,1610612737,5,7,6,4,1,1,0
2015-16,21500577,4,1610612766,6,8,5,3,3,3,0
2015-16,21500578,1,1610612749,2,4,2,2,0,2,0
2015-16,21500578,1,1610612764,1,0,0,0,1,0,0
2015-16,21500578,2,1610612749,8,11,5,4,4,6,0
2015-16,21500578,2,1610612764,5,6,4,4,1,2,0
2015-16,21500578,3,1610612749,6,9,9,5,1,0,0
2015-16,21500578,3,1610612764,3,2,1,1,1,1,1
2015-16,21500578,4,1610612749,8,10,8,5,3,2,0
2015-16,21500578,4,1610612764,8,16,13,5,3,3,0
2015-16,21500579,1,1610612751,2,2,2,1,1,0,0
2015-16,21500579,1,1610612752,0,0,0,0,0,0,0
2015-16,21500579,2,1610612751,2,2,1,1,1,1,0
2015-16,21500579,2,1610612752,8,14,9,6,2,5,0
2015-16,21500579,3,1610612751,1,0,0,0,1,0,0
2015-16,21500579,3,1610612752,1,0,0,0,1,0,0
2015-16,21500579,4,1610612751,7,10,8,2,5,2,0
2015-16,21500579,4,1610612752,5,9,6,5,0,3,0
2015-16,21500580,1,1610612738,2,0,0,0,2,0,0
2015-16,21500580,1,1610612754,2,3,3,1,1,0,0
2015-16,21500580,2,1610612738,6,8,6,4,2,2,0
2015-16,21500580,2,1610612754,2,3,3,1,1,0,0
2015-16,21500580,3,1610612738,4,4,2,2,2,2,0
2015-16,21500580,3,1610612754,9,12,7,4,5,5,0
2015-16,21500580,4,1610612738,7,8,6,1,4,2,2
2015-16,21500580,4,1610612754,3,2,2,1,1,0,1
2015-16,21500581,1,1610612745,6,7,6,2,4,1,0
2015-16,21500581,1,1610612750,2,4,4,2,0,0,0
2015-16,21500581,2,1610612745,7,13,10,7,0,3,0
2015-16,21500581,2,1610612750,2,6,4,1,1,2,0
2015-16,21500581,3,1610612745,4,3,2,2,2,1,0
2015-16,21500581,3,1610612750,7,9,6,4,3,3,0
2015-16,21500581,4,1610612745,9,15,8,4,5,7,0
2015-16,21500581,4,1610612750,7,11,10,2,4,1,1
2015-16,21500582,1,1610612742,2,1,0,1,1,1,0
2015-16,21500582,1,1610612760,4,8,5,4,0,3,0
2015-16,21500582,2,1610612742,10,11,7,4,4,4,0
2015-16,21500582,2,1610612760,7,12,6,3,3,6,1
2015-16,21500582,3,1610612742,6,6,5,2,2,1,2
2015-16,21500582,3,1610612760,4,6,4,3,0,2,1
2015-16,21500582,4,1610612742,6,7,7,4,2,0,0
2015-16,21500582,4,1610612760,3,3,2,2,1,1,0
2015-16,21500583,1,1610612743,7,10,9,5,1,1,1
2015-16,21500583,1,1610612744,6,7,4,2,4,3,0
2015-16,21500583,2,1610612743,4,6,4,3,1,2,0
2015-16,21500583,2,1610612744,4,4,4,3,1,0,0
2015-16,21500583,3,1610612743,8,12,12,5,1,0,2
2015-16,21500583,3,1610612744,3,3,3,1,2,0,0
2015-16,21500583,4,1610612743,6,9,8,3,2,1,1
2015-16,21500583,4,1610612744,5,6,5,3,2,1,0
2015-16,21500584,1,1610612757,4,3,3,1,1,0,2
2015-16,21500584,1,1610612762,1,2,1,1,0,1,0
2015-16,21500584,2,1610612757,4,6,3,2,1,3,0
2015-16,21500584,2,1610612762,7,6,6,3,3,0,1
2015-16,21500584,3,1610612757,3,4,2,2,1,2,0
2015-16,21500584,3,1610612762,5,4,3,2,3,1,0
2015-16,21500584,4,1610612757,3,2,2,1,2,0,0
2015-16,21500584,4,1610612762,6,10,5,5,1,5,0
2015-16,21500585,1,1610612740,1,2,2,1,0,0,0
2015-16,21500585,1,1610612758,3,2,1,1,2,1,0
2015-16,21500585,2,1610612740,3,2,1,1,2,1,0
2015-16,21500585,2,1610612758,4,6,4,3,1,2,0
2015-16,21500585,3,1610612740,6,5,4,2,4,1,0
2015-16,21500585,3,1610612758,5,2,1,0,4,1,1
2015-16,21500585,4,1610612740,4,2,2,2,1,0,1
2015-16,21500585,4,1610612758,5,4,3,2,1,1,2
2015-16,21500586,1,1610612746,2,0,0,0,2,0,0
2015-16,21500586,1,1610612748,4,5,3,3,1,2,0
2015-16,21500586,2,1610612746,3,2,1,1,2,1,0
2015-16,21500586,2,1610612748,5,5,2,3,1,3,1
2015-16,21500586,3,1610612746,6,10,8,4,2,2,0
2015-16,21500586,3,1610612748,7,8,5,3,3,3,0
2015-16,21500586,4,1610612746,3,4,4,1,1,0,0
2015-16,21500586,4,1610612748,9,11,9,5,3,2,1
2015-16,21500587,1,1610612741,4,6,5,3,1,1,0
2015-16,21500587,1,1610612755,3,2,2,1,2,0,0
2015-16,21500587,2,1610612741,9,12,10,4,5,2,0
2015-16,21500587,2,1610612755,6,10,8,3,2,2,1
2015-16,21500587,3,1610612741,6,9,8,2,4,1,0
2015-16,21500587,3,1610612755,5,8,5,4,1,3,0
2015-16,21500587,4,1610612741,5,2,1,2,3,1,0
2015-16,21500587,4,1610612755,0,0,0,0,0,0,0
2015-16,21500588,1,1610612753,3,2,2,1,2,0,0
2015-16,21500588,1,1610612761,8,13,10,4,3,3,1
2015-16,21500588,2,1610612753,3,3,1,2,1,2,0
2015-16,21500588,2,1610612761,2,2,2,1,1,0,0
2015-16,21500588,3,1610612753,4,2,2,1,2,0,1
2015-16,21500588,3,1610612761,3,0,0,0,2,0,1
2015-16,21500588,4,1610612753,3,1,1,1,2,0,0
2015-16,21500588,4,1610612761,6,12,9,5,1,3,0
2015-16,21500589,1,1610612763,4,2,2,1,1,0,2
2015-16,21500589,1,1610612765,1,2,1,1,0,1,0
2015-16,21500589,2,1610612763,3,4,4,3,0,0,0
2015-16,21500589,2,1610612765,4,3,2,1,3,1,0
2015-16,21500589,3,1610612763,8,11,8,4,3,3,1
2015-16,21500589,3,1610612765,7,10,7,3,2,3,2
2015-16,21500589,4,1610612763,4,8,6,4,0,2,0
2015-16,21500589,4,1610612765,3,2,2,1,1,0,1
2015-16,21500590,1,1610612739,6,4,3,3,3,1,0
2015-16,21500590,1,1610612759,2,2,2,1,1,0,0
2015-16,21500590,2,1610612739,4,1,0,1,3,1,0
2015-16,21500590,2,1610612759,4,5,4,2,2,1,0
2015-16,21500590,3,1610612739,3,4,4,2,0,0,1
2015-16,21500590,3,1610612759,5,8,8,3,2,0,0
2015-16,21500590,4,1610612739,2,2,2,1,1,0,0
2015-16,21500590,4,1610612759,6,7,4,1,5,3,0
2015-16,21500591,1,1610612758,5,8,6,3,2,2,0
2015-16,21500591,1,1610612762,6,4,3,1,4,1,1
2015-16,21500591,2,1610612758,12,18,12,6,6,6,0
2015-16,21500591,2,1610612762,10,13,9,4,5,4,1
2015-16,21500591,3,1610612758,5,10,8,5,0,2,0
2015-16,21500591,3,1610612762,3,4,3,2,1,1,0
2015-16,21500591,4,1610612758,4,6,4,2,2,2,0
2015-16,21500591,4,1610612762,9,13,10,6,3,3,0
2015-16,21500592,1,1610612744,2,2,2,1,1,0,0
2015-16,21500592,1,1610612747,3,5,2,3,0,3,0
2015-16,21500592,2,1610612744,7,12,11,5,1,1,1
2015-16,21500592,2,1610612747,4,3,3,2,2,0,0
2015-16,21500592,3,1610612744,5,5,3,3,2,2,0
2015-16,21500592,3,1610612747,5,10,6,5,0,4,0
2015-16,21500592,4,1610612744,3,1,1,1,2,0,0
2015-16,21500592,4,1610612747,4,6,3,2,2,3,0
2015-16,21500593,1,1610612754,7,8,5,4,3,3,0
2015-16,21500593,1,1610612764,4,4,2,1,2,2,1
2015-16,21500593,2,1610612754,5,4,2,1,4,2,0
2015-16,21500593,2,1610612764,2,2,1,1,1,1,0
2015-16,21500593,3,1610612754,8,10,8,2,6,2,0
2015-16,21500593,3,1610612764,3,4,2,3,0,2,0
2015-16,21500593,4,1610612754,8,10,10,6,2,0,0
2015-16,21500593,4,1610612764,2,0,0,0,2,0,0
2015-16,21500594,1,1610612750,3,3,3,2,1,0,0
2015-16,21500594,1,1610612760,2,0,0,0,1,0,1
2015-16,21500594,2,1610612750,6,8,7,5,0,1,1
2015-16,21500594,2,1610612760,5,4,4,1,2,0,2
2015-16,21500594,3,1610612750,6,5,4,3,2,1,1
2015-16,21500594,3,1610612760,6,9,5,3,1,4,1
2015-16,21500594,4,1610612750,6,7,6,3,3,1,0
2015-16,21500594,4,1610612760,6,9,5,5,1,4,0
2015-16,21500595,1,1610612738,6,7,4,3,2,3,1
2015-16,21500595,1,1610612756,3,5,5,2,0,0,1
2015-16,21500595,2,1610612738,2,4,2,2,0,2,0
2015-16,21500595,2,1610612756,1,2,0,1,0,2,0
2015-16,21500595,3,1610612738,10,16,12,5,4,4,1
2015-16,21500595,3,1610612756,10,17,14,5,4,3,1
2015-16,21500595,4,1610612738,4,2,1,1,3,1,0
2015-16,21500595,4,1610612756,5,4,4,1,4,0,0
2015-16,21500596,1,1610612751,2,2,2,1,0,0,1
2015-16,21500596,1,1610612757,2,2,1,1,1,1,0
2015-16,21500596,2,1610612751,7,12,7,6,1,5,0
2015-16,21500596,2,1610612757,2,2,1,0,2,1,0
2015-16,21500596,3,1610612751,3,3,3,1,2,0,0
2015-16,21500596,3,1610612757,2,4,3,2,0,1,0
2015-16,21500596,4,1610612751,6,11,8,5,1,3,0
2015-16,21500596,4,1610612757,1,3,2,1,0,1,0
2015-16,21500597,1,1610612741,5,7,6,3,2,1,0
2015-16,21500597,1,1610612742,6,6,4,2,4,2,0
2015-16,21500597,2,1610612741,4,4,4,2,2,0,0
2015-16,21500597,2,1610612742,5,7,7,3,2,0,0
2015-16,21500597,3,1610612741,2,0,0,0,2,0,0
2015-16,21500597,3,1610612742,2,0,0,0,1,0,1
2015-16,21500597,4,1610612741,3,4,3,1,1,1,1
2015-16,21500597,4,1610612742,3,4,4,1,2,0,0
2015-16,21500598,1,1610612740,3,4,3,2,1,1,0
2015-16,21500598,1,1610612766,1,1,1,1,0,0,0
2015-16,21500598,2,1610612740,2,1,1,0,2,0,0
2015-16,21500598,2,1610612766,4,1,0,1,1,1,1
2015-16,21500598,3,1610612740,7,6,5,1,6,1,0
2015-16,21500598,3,1610612766,5,5,5,3,2,0,0
2015-16,21500598,4,1610612740,3,2,2,1,1,0,1
2015-16,21500598,4,1610612766,4,5,3,2,1,2,0
2015-16,21500599,1,1610612737,3,2,2,1,1,0,1
2015-16,21500599,1,1610612749,4,5,2,3,1,3,0
2015-16,21500599,2,1610612737,4,0,0,0,3,0,1
2015-16,21500599,2,1610612749,6,12,8,5,1,4,0
2015-16,21500599,3,1610612737,4,4,4,0,3,0,1
2015-16,21500599,3,1610612749,3,4,2,1,2,2,0
2015-16,21500599,4,1610612737,3,0,0,0,3,0,0
2015-16,21500599,4,1610612749,7,10,8,3,3,2,1
2015-16,21500600,1,1610612743,1,3,3,1,0,0,0
2015-16,21500600,1,1610612748,1,2,1,1,0,1,0
2015-16,21500600,2,1610612743,8,15,14,8,0,1,0
2015-16,21500600,2,1610612748,6,7,6,3,3,1,0
2015-16,21500600,3,1610612743,4,6,6,3,1,0,0
2015-16,21500600,3,1610612748,5,6,5,2,2,1,1
2015-16,21500600,4,1610612743,3,2,2,1,1,0,1
2015-16,21500600,4,1610612748,5,4,2,1,3,2,1
2015-16,21500601,1,1610612739,4,4,3,1,3,1,0
2015-16,21500601,1,1610612745,6,9,6,2,2,3,2
2015-16,21500601,2,1610612739,4,6,4,2,2,2,0
2015-16,21500601,2,1610612745,7,10,6,4,3,4,0
2015-16,21500601,3,1610612739,2,1,1,0,2,0,0
2015-16,21500601,3,1610612745,5,4,3,0,4,1,0
2015-16,21500601,4,1610612739,9,12,7,2,7,5,0
2015-16,21500601,4,1610612745,6,6,4,3,3,2,0
2015-16,21500602,1,1610612737,4,6,5,3,1,1,0
2015-16,21500602,1,1610612751,6,8,6,1,4,2,1
2015-16,21500602,2,1610612737,3,4,3,2,1,1,0
2015-16,21500602,2,1610612751,4,3,3,2,1,0,1
2015-16,21500602,3,1610612737,5,7,5,3,1,2,1
2015-16,21500602,3,1610612751,1,0,0,0,1,0,0
2015-16,21500602,4,1610612737,4,7,5,3,0,2,1
2015-16,21500602,4,1610612751,6,8,3,4,2,5,0
2015-16,21500603,1,1610612749,3,2,1,1,2,1,0
2015-16,21500603,1,1610612766,2,4,4,1,1,0,0
2015-16,21500603,2,1610612749,4,2,2,1,3,0,0
2015-16,21500603,2,1610612766,3,2,2,1,1,0,1
2015-16,21500603,3,1610612749,9,18,15,7,2,3,0
2015-16,21500603,3,1610612766,6,10,6,3,2,4,1
2015-16,21500603,4,1610612749,4,4,4,2,2,0,0
2015-16,21500603,4,1610612766,3,6,5,2,1,1,0
2015-16,21500604,1,1610612738,6,7,5,3,3,2,0
2015-16,21500604,1,1610612764,6,9,7,4,2,2,0
2015-16,21500604,2,1610612738,5,8,7,3,2,1,0
2015-16,21500604,2,1610612764,7,10,9,2,2,1,3
2015-16,21500604,3,1610612738,6,7,7,3,3,0,0
2015-16,21500604,3,1610612764,4,5,5,3,1,0,0
2015-16,21500604,4,1610612738,8,14,13,3,4,1,1
2015-16,21500604,4,1610612764,7,12,10,3,3,2,1
2015-16,21500605,1,1610612744,6,8,5,4,2,3,0
2015-16,21500605,1,1610612765,2,2,1,1,1,1,0
2015-16,21500605,2,1610612744,2,2,2,2,0,0,0
2015-16,21500605,2,1610612765,7,11,7,2,4,4,1
2015-16,21500605,3,1610612744,6,7,5,2,3,2,1
2015-16,21500605,3,1610612765,5,6,2,2,1,4,2
2015-16,21500605,4,1610612744,6,6,5,3,3,1,0
2015-16,21500605,4,1610612765,0,1,1,0,0,0,0
2015-16,21500606,1,1610612755,6,9,5,4,2,4,0
2015-16,21500606,1,1610612757,4,3,2,2,2,1,0
2015-16,21500606,2,1610612755,6,9,7,5,1,2,0
2015-16,21500606,2,1610612757,8,10,7,3,3,3,2
2015-16,21500606,3,1610612755,3,6,4,3,0,2,0
2015-16,21500606,3,1610612757,4,3,1,2,1,2,1
2015-16,21500606,4,1610612755,6,6,4,2,4,2,0
2015-16,21500606,4,1610612757,5,8,6,4,0,2,1
2015-16,21500607,1,1610612752,5,9,8,4,1,1,0
2015-16,21500607,1,1610612763,6,10,8,5,1,2,0
2015-16,21500607,2,1610612752,4,5,4,3,1,1,0
2015-16,21500607,2,1610612763,4,4,2,1,3,2,0
2015-16,21500607,3,1610612752,2,0,0,0,2,0,0
2015-16,21500607,3,1610612763,3,3,2,2,1,1,0
2015-16,21500607,4,1610612752,7,10,8,3,3,2,0
2015-16,21500607,4,1610612763,6,9,8,0,5,1,0
2015-16,21500608,1,1610612747,4,4,3,2,1,1,1
2015-16,21500608,1,1610612762,4,6,6,2,2,0,0
2015-16,21500608,2,1610612747,3,2,1,1,2,1,0
2015-16,21500608,2,1610612762,6,7,5,4,2,2,0
2015-16,21500608,3,1610612747,3,6,4,3,0,2,0
2015-16,21500608,3,1610612762,3,4,3,2,1,1,0
2015-16,21500608,4,1610612747,5,6,3,3,2,3,0
2015-16,21500608,4,1610612762,1,1,1,1,0,0,0
2015-16,21500609,1,1610612746,2,5,3,2,0,2,0
2015-16,21500609,1,1610612758,5,7,5,3,2,2,0
2015-16,21500609,2,1610612746,4,8,6,3,1,2,0
2015-16,21500609,2,1610612758,6,8,7,3,2,1,1
2015-16,21500609,3,1610612746,4,4,3,2,2,1,0
2015-16,21500609,3,1610612758,4,6,3,2,2,3,0
2015-16,21500609,4,1610612746,4,2,2,1,2,0,1
2015-16,21500609,4,1610612758,7,12,10,2,4,2,1
2015-16,21500610,1,1610612750,6,6,4,4,2,2,0
2015-16,21500610,1,1610612756,5,6,4,3,1,2,1
2015-16,21500610,2,1610612750,6,10,8,3,2,2,1
2015-16,21500610,2,1610612756,5,4,2,2,2,2,1
2015-16,21500610,3,1610612750,3,3,3,2,1,0,0
2015-16,21500610,3,1610612756,7,9,5,5,2,4,0
2015-16,21500610,4,1610612750,12,21,17,12,0,4,0
2015-16,21500610,4,1610612756,5,6,3,3,2,3,0
2015-16,21500611,1,1610612748,1,2,2,1,0,0,0
2015-16,21500611,1,1610612760,3,5,5,3,0,0,0
2015-16,21500611,2,1610612748,5,7,6,3,2,1,0
2015-16,21500611,2,1610612760,3,2,2,1,2,0,0
2015-16,21500611,3,1610612748,0,0,0,0,0,0,0
2015-16,21500611,3,1610612760,1,2,2,1,0,0,0
2015-16,21500611,4,1610612748,4,2,2,1,3,0,0
2015-16,21500611,4,1610612760,2,3,3,2,0,0,0
2015-16,21500612,1,1610612742,3,2,2,1,2,0,0
2015-16,21500612,1,1610612759,3,4,4,1,2,0,0
2015-16,21500612,2,1610612742,5,5,4,3,2,1,0
2015-16,21500612,2,1610612759,7,8,8,2,4,0,0
2015-16,21500612,3,1610612742,4,6,5,1,3,1,0
2015-16,21500612,3,1610612759,6,9,7,4,2,2,0
2015-16,21500612,4,1610612742,8,12,8,1,6,4,1
2015-16,21500612,4,1610612759,5,7,4,2,3,3,0
2015-16,21500613,1,1610612743,5,6,6,2,3,0,0
2015-16,21500613,1,1610612754,5,4,3,2,3,1,0
2015-16,21500613,2,1610612743,4,4,2,3,1,2,0
2015-16,21500613,2,1610612754,3,3,2,2,1,1,0
2015-16,21500613,3,1610612743,8,13,10,5,3,3,0
2015-16,21500613,3,1610612754,5,6,5,2,3,1,0
2015-16,21500613,4,1610612743,11,15,9,6,4,6,1
2015-16,21500613,4,1610612754,11,17,11,5,6,6,0
2015-16,21500614,1,1610612745,2,1,1,1,1,0,0
2015-16,21500614,1,1610612747,5,7,6,3,2,1,0
2015-16,21500614,2,1610612745,6,13,11,6,0,2,0
2015-16,21500614,2,1610612747,5,4,4,1,4,0,0
2015-16,21500614,3,1610612745,4,5,3,3,1,2,0
2015-16,21500614,3,1610612747,4,2,1,1,2,1,1
2015-16,21500614,4,1610612745,4,5,3,3,1,2,0
2015-16,21500614,4,1610612747,5,6,4,3,2,2,0
2015-16,21500615,1,1610612752,2,3,3,2,0,0,0
2015-16,21500615,1,1610612755,1,1,1,1,0,0,0
2015-16,21500615,2,1610612752,4,6,5,4,0,1,0
2015-16,21500615,2,1610612755,4,3,1,1,3,2,0
2015-16,21500615,3,1610612752,5,5,4,3,1,1,1
2015-16,21500615,3,1610612755,3,2,2,0,3,0,0
2015-16,21500615,4,1610612752,5,5,4,2,3,1,0
2015-16,21500615,4,1610612755,7,15,7,5,1,8,1
2015-16,21500616,1,1610612762,3,4,3,3,0,1,0
2015-16,21500616,1,1610612766,5,6,5,3,1,1,1
2015-16,21500616,2,1610612762,3,3,1,1,2,2,0
2015-16,21500616,2,1610612766,3,1,1,1,1,0,1
2015-16,21500616,3,1610612762,2,0,0,0,2,0,0
2015-16,21500616,3,1610612766,5,5,4,3,2,1,0
2015-16,21500616,4,1610612762,5,6,6,3,2,0,0
2015-16,21500616,4,1610612766,4,4,3,1,3,1,0
2015-16,21500617,1,1610612757,3,2,0,1,2,2,0
2015-16,21500617,1,1610612764,4,4,1,2,2,3,0
2015-16,21500617,2,1610612757,4,2,1,2,1,1,1
2015-16,21500617,2,1610612764,3,2,2,2,1,0,0
2015-16,21500617,3,1610612757,4,2,1,2,2,1,0
2015-16,21500617,3,1610612764,7,8,6,1,6,2,0
2015-16,21500617,4,1610612757,4,5,3,2,2,2,0
2015-16,21500617,4,1610612764,6,6,6,2,4,0,0
2015-16,21500618,1,1610612740,6,9,8,4,2,1,0
2015-16,21500618,1,1610612763,3,4,4,2,1,0,0
2015-16,21500618,2,1610612740,6,6,6,3,2,0,1
2015-16,21500618,2,1610612763,4,1,1,1,2,0,1
2015-16,21500618,3,1610612740,6,4,4,1,2,0,3
2015-16,21500618,3,1610612763,5,7,6,2,3,1,0
2015-16,21500618,4,1610612740,5,4,3,2,3,1,0
2015-16,21500618,4,1610612763,9,18,12,7,1,6,1
2015-16,21500619,1,1610612741,2,2,1,1,1,1,0
2015-16,21500619,1,1610612765,2,2,1,1,1,1,0
2015-16,21500619,2,1610612741,5,6,3,2,2,3,1
2015-16,21500619,2,1610612765,1,1,1,1,0,0,0
2015-16,21500619,3,1610612741,5,7,5,2,2,2,1
2015-16,21500619,3,1610612765,3,3,3,2,1,0,0
2015-16,21500619,4,1610612741,3,5,5,1,2,0,0
2015-16,21500619,4,1610612765,8,14,7,4,2,7,2
2015-16,21500620,1,1610612737,5,4,2,3,2,2,0
2015-16,21500620,1,1610612753,3,0,0,0,1,0,2
2015-16,21500620,2,1610612737,3,2,2,1,1,0,1
2015-16,21500620,2,1610612753,5,7,6,4,1,1,0
2015-16,21500620,3,1610612737,1,0,0,0,1,0,0
2015-16,21500620,3,1610612753,5,5,1,3,2,4,0
2015-16,21500620,4,1610612737,3,4,3,2,1,1,0
2015-16,21500620,4,1610612753,5,8,8,3,2,0,0
2015-16,21500621,1,1610612751,3,3,3,2,1,0,0
2015-16,21500621,1,1610612761,4,6,4,3,1,2,0
2015-16,21500621,2,1610612751,4,4,4,2,1,0,1
2015-16,21500621,2,1610612761,5,3,2,2,3,1,0
2015-16,21500621,3,1610612751,9,10,8,3,6,2,0
2015-16,21500621,3,1610612761,5,7,5,3,1,2,1
2015-16,21500621,4,1610612751,1,2,2,1,0,0,0
2015-16,21500621,4,1610612761,3,2,2,1,2,0,0
2015-16,21500622,1,1610612739,4,2,1,1,3,1,0
2015-16,21500622,1,1610612744,4,4,1,2,1,3,1
2015-16,21500622,2,1610612739,6,8,4,4,1,4,1
2015-16,21500622,2,1610612744,6,8,7,4,2,1,0
2015-16,21500622,3,1610612739,6,4,4,2,4,0,0
2015-16,21500622,3,1610612744,6,9,8,2,3,1,0
2015-16,21500622,4,1610612739,7,11,8,4,3,3,0
2015-16,21500622,4,1610612744,6,6,5,3,2,1,0
2015-16,21500623,1,1610612738,2,0,0,0,1,0,1
2015-16,21500623,1,1610612742,5,4,4,1,4,0,0
2015-16,21500623,2,1610612738,3,2,1,1,1,1,1
2015-16,21500623,2,1610612742,3,1,1,1,2,0,0
2015-16,21500623,3,1610612738,6,9,7,4,2,2,0
2015-16,21500623,3,1610612742,7,6,4,1,6,2,0
2015-16,21500623,4,1610612738,7,13,11,5,2,2,0
2015-16,21500623,4,1610612742,8,7,7,1,6,0,1
2015-16,21500624,1,1610612745,5,7,5,3,1,2,0
2015-16,21500624,1,1610612746,5,5,4,3,2,1,0
2015-16,21500624,2,1610612745,8,16,9,6,2,7,0
2015-16,21500624,2,1610612746,5,2,1,0,4,1,1
2015-16,21500624,3,1610612745,8,14,10,5,2,4,0
2015-16,21500624,3,1610612746,9,12,6,3,5,6,1
2015-16,21500624,4,1610612745,8,13,8,5,2,5,1
2015-16,21500624,4,1610612746,4,6,6,0,4,0,0
2015-16,21500625,1,1610612748,2,2,2,1,1,0,0
2015-16,21500625,1,1610612749,3,1,1,1,2,0,0
2015-16,21500625,2,1610612748,7,10,7,3,4,3,0
2015-16,21500625,2,1610612749,4,5,4,2,2,1,0
2015-16,21500625,3,1610612748,2,4,4,2,0,0,0
2015-16,21500625,3,1610612749,3,6,6,3,0,0,0
2015-16,21500625,4,1610612748,7,10,7,4,2,3,1
2015-16,21500625,4,1610612749,3,4,3,1,1,1,0
2015-16,21500626,1,1610612740,2,0,0,0,2,0,0
2015-16,21500626,1,1610612750,8,13,11,7,1,2,0
2015-16,21500626,2,1610612740,8,12,11,3,5,1,0
2015-16,21500626,2,1610612750,5,9,6,4,1,3,0
2015-16,21500626,3,1610612740,4,3,3,2,1,0,1
2015-16,21500626,3,1610612750,7,8,6,1,6,2,0
2015-16,21500626,4,1610612740,5,8,6,4,1,2,0
2015-16,21500626,4,1610612750,3,1,1,1,2,0,0
2015-16,21500627,1,1610612743,5,8,6,4,1,2,0
2015-16,21500627,1,1610612760,5,4,2,2,2,2,1
2015-16,21500627,2,1610612743,5,6,5,3,2,1,0
2015-16,21500627,2,1610612760,4,3,3,2,0,0,2
2015-16,21500627,3,1610612743,6,8,6,4,2,2,0
2015-16,21500627,3,1610612760,6,8,6,4,2,2,0
2015-16,21500627,4,1610612743,9,14,10,7,2,4,0
2015-16,21500627,4,1610612760,9,15,11,4,1,4,4
2015-16,21500628,1,1610612754,5,7,5,3,2,2,0
2015-16,21500628,1,1610612756,3,3,3,2,1,0,0
2015-16,21500628,2,1610612754,2,2,1,1,1,1,0
2015-16,21500628,2,1610612756,4,5,4,2,2,1,0
2015-16,21500628,3,1610612754,7,11,9,6,1,2,0
2015-16,21500628,3,1610612756,7,11,11,4,3,0,0
2015-16,21500628,4,1610612754,7,14,10,4,3,4,0
2015-16,21500628,4,1610612756,7,10,9,4,3,1,0
2015-16,21500629,1,1610612753,4,7,3,3,0,4,0
2015-16,21500629,1,1610612755,1,2,2,1,0,0,0
2015-16,21500629,2,1610612753,7,9,8,4,3,1,0
2015-16,21500629,2,1610612755,5,7,3,4,1,4,0
2015-16,21500629,3,1610612753,4,5,4,3,1,1,0
2015-16,21500629,3,1610612755,7,12,10,5,1,2,1
2015-16,21500629,4,1610612753,4,5,2,3,1,3,0
2015-16,21500629,4,1610612755,1,0,0,0,1,0,0
2015-16,21500630,1,1610612748,3,2,2,1,1,0,1
2015-16,21500630,1,1610612764,4,6,5,3,1,1,0
2015-16,21500630,2,1610612748,5,4,3,1,3,1,1
2015-16,21500630,2,1610612764,4,4,3,2,1,1,1
2015-16,21500630,3,1610612748,5,8,6,3,2,2,0
2015-16,21500630,3,1610612764,1,0,0,0,0,0,1
2015-16,21500630,4,1610612748,5,4,3,1,2,1,2
2015-16,21500630,4,1610612764,4,3,3,2,2,0,0
2015-16,21500631,1,1610612739,2,0,0,0,2,0,0
2015-16,21500631,1,1610612751,2,1,0,1,1,1,0
2015-16,21500631,2,1610612739,7,12,8,1,5,4,1
2015-16,21500631,2,1610612751,3,2,2,1,2,0,0
2015-16,21500631,3,1610612739,4,6,4,3,1,2,0
2015-16,21500631,3,1610612751,3,3,0,1,2,3,0
2015-16,21500631,4,1610612739,2,2,2,1,1,0,0
2015-16,21500631,4,1610612751,4,2,2,1,3,0,0
2015-16,21500632,1,1610612752,1,0,0,0,1,0,0
2015-16,21500632,1,1610612762,4,2,2,1,3,0,0
2015-16,21500632,2,1610612752,2,1,1,1,1,0,0
2015-16,21500632,2,1610612762,5,8,7,3,1,1,1
2015-16,21500632,3,1610612752,5,4,4,2,2,0,1
2015-16,21500632,3,1610612762,9,12,9,3,5,3,1
2015-16,21500632,4,1610612752,6,6,6,1,4,0,1
2015-16,21500632,4,1610612762,6,7,6,2,2,1,2
2015-16,21500633,1,1610612738,3,4,3,2,1,1,0
2015-16,21500633,1,1610612761,4,2,2,2,2,0,0
2015-16,21500633,2,1610612738,2,4,2,2,0,2,0
2015-16,21500633,2,1610612761,2,2,2,1,1,0,0
2015-16,21500633,3,1610612738,6,7,6,4,2,1,0
2015-16,21500633,3,1610612761,5,7,5,3,1,2,1
2015-16,21500633,4,1610612738,3,0,0,0,2,0,1
2015-16,21500633,4,1610612761,5,6,3,2,2,3,1
2015-16,21500634,1,1610612741,3,4,2,2,1,2,0
2015-16,21500634,1,1610612744,4,4,1,3,1,3,0
2015-16,21500634,2,1610612741,5,3,3,1,3,0,1
2015-16,21500634,2,1610612744,5,5,5,2,2,0,0
2015-16,21500634,3,1610612741,3,6,5,3,0,1,0
2015-16,21500634,3,1610612744,4,6,3,3,1,3,0
2015-16,21500634,4,1610612741,6,11,9,4,2,2,0
2015-16,21500634,4,1610612744,5,5,4,3,1,1,1
2015-16,21500635,1,1610612745,4,4,4,2,2,0,0
2015-16,21500635,1,1610612765,4,5,4,3,0,1,1
2015-16,21500635,2,1610612745,4,3,3,2,2,0,0
2015-16,21500635,2,1610612765,7,12,7,3,4,5,0
2015-16,21500635,3,1610612745,3,3,2,2,1,1,0
2015-16,21500635,3,1610612765,15,22,10,1,14,12,0
2015-16,21500635,4,1610612745,5,8,7,4,1,1,0
2015-16,21500635,4,1610612765,12,20,14,2,10,6,0
2015-16,21500636,1,1610612760,7,12,9,5,1,3,1
2015-16,21500636,1,1610612766,1,2,1,1,0,1,0
2015-16,21500636,2,1610612760,4,5,3,2,1,2,1
2015-16,21500636,2,1610612766,2,3,3,1,1,0,0
2015-16,21500636,3,1610612760,5,10,9,5,0,1,0
2015-16,21500636,3,1610612766,6,10,9,2,3,1,0
2015-16,21500636,4,1610612760,3,3,1,2,0,2,1
2015-16,21500636,4,1610612766,3,6,5,2,0,1,0
2015-16,21500637,1,1610612742,3,5,3,3,0,2,0
2015-16,21500637,1,1610612750,2,3,3,2,0,0,0
2015-16,21500637,2,1610612742,3,5,3,2,1,2,0
2015-16,21500637,2,1610612750,3,3,3,1,2,0,0
2015-16,21500637,3,1610612742,5,4,4,1,3,0,1
2015-16,21500637,3,1610612750,2,2,1,1,1,1,0
2015-16,21500637,4,1610612742,5,5,4,2,2,1,0
2015-16,21500637,4,1610612750,4,1,1,1,3,0,0
2015-16,21500638,1,1610612747,1,2,2,0,1,0,0
2015-16,21500638,1,1610612758,7,9,5,4,3,4,0
2015-16,21500638,2,1610612747,7,12,11,4,3,1,0
2015-16,21500638,2,1610612758,6,11,9,4,2,2,0
2015-16,21500638,3,1610612747,6,8,7,4,2,1,0
2015-16,21500638,3,1610612758,3,4,3,2,0,1,1
2015-16,21500638,4,1610612747,7,9,5,4,3,4,0
2015-16,21500638,4,1610612758,5,4,3,3,2,1,0
2015-16,21500639,1,1610612737,6,9,5,3,2,4,1
2015-16,21500639,1,1610612757,4,4,1,2,2,3,0
2015-16,21500639,2,1610612737,2,3,3,2,0,0,0
2015-16,21500639,2,1610612757,4,4,3,2,2,1,0
2015-16,21500639,3,1610612737,5,7,4,3,2,3,0
2015-16,21500639,3,1610612757,2,2,2,1,1,0,0
2015-16,21500639,4,1610612737,3,4,4,0,3,0,0
2015-16,21500639,4,1610612757,2,1,1,1,0,0,1
2015-16,21500640,1,1610612739,3,3,2,1,2,1,0
2015-16,21500640,1,1610612746,6,5,5,2,4,0,0
2015-16,21500640,2,1610612739,8,12,12,4,3,0,1
2015-16,21500640,2,1610612746,6,6,5,2,3,1,1
2015-16,21500640,3,1610612739,3,2,1,1,2,1,0
2015-16,21500640,3,1610612746,8,11,5,2,6,6,0
2015-16,21500640,4,1610612739,7,7,3,2,4,4,0
2015-16,21500640,4,1610612746,10,14,9,2,6,5,2
2015-16,21500641,1,1610612740,3,5,5,2,1,0,0
2015-16,21500641,1,1610612765,3,7,6,3,0,1,0
2015-16,21500641,2,1610612740,3,5,5,2,1,0,0
2015-16,21500641,2,1610612765,7,8,6,4,3,2,0
2015-16,21500641,3,1610612740,3,4,4,2,1,0,0
2015-16,21500641,3,1610612765,2,0,0,0,1,0,1
2015-16,21500641,4,1610612740,5,4,4,1,4,0,0
2015-16,21500641,4,1610612765,4,5,4,2,2,1,0
2015-16,21500642,1,1610612743,4,6,4,3,1,2,0
2015-16,21500642,1,1610612763,8,11,10,4,3,1,1
2015-16,21500642,2,1610612743,3,2,1,2,1,1,0
2015-16,21500642,2,1610612763,4,2,1,1,2,1,1
2015-16,21500642,3,1610612743,6,7,6,2,3,1,0
2015-16,21500642,3,1610612763,3,4,3,3,0,1,0
2015-16,21500642,4,1610612743,8,11,9,5,3,2,0
2015-16,21500642,4,1610612763,9,12,10,3,5,2,1
2015-16,21500643,1,1610612737,1,0,0,0,1,0,0
2015-16,21500643,1,1610612758,2,4,2,2,0,2,0
2015-16,21500643,2,1610612737,6,8,5,4,1,3,1
2015-16,21500643,2,1610612758,3,5,5,2,1,0,0
2015-16,21500643,3,1610612737,3,6,5,3,0,1,0
2015-16,21500643,3,1610612758,5,5,3,3,2,2,0
2015-16,21500643,4,1610612737,4,1,0,1,2,1,1
2015-16,21500643,4,1610612758,8,10,8,2,2,2,4
2015-16,21500644,1,1610612756,2,2,0,1,1,2,0
2015-16,21500644,1,1610612759,5,6,6,4,0,0,1
2015-16,21500644,2,1610612756,3,3,3,2,0,0,1
2015-16,21500644,2,1610612759,6,6,5,3,2,1,1
2015-16,21500644,3,1610612756,7,10,9,4,3,1,0
2015-16,21500644,3,1610612759,6,7,4,3,3,3,0
2015-16,21500644,4,1610612756,8,8,7,1,6,1,1
2015-16,21500644,4,1610612759,7,9,9,4,2,0,0
2015-16,21500645,1,1610612753,5,7,6,3,1,1,1
2015-16,21500645,1,1610612766,5,7,7,3,2,0,0
2015-16,21500645,2,1610612753,6,7,6,2,3,1,1
2015-16,21500645,2,1610612766,4,0,0,0,4,0,0
2015-16,21500645,3,1610612753,3,2,1,2,0,1,1
2015-16,21500645,3,1610612766,5,7,5,3,2,2,0
2015-16,21500645,4,1610612753,3,3,2,2,1,1,0
2015-16,21500645,4,1610612766,4,6,6,2,2,0,0
2015-16,21500646,1,1610612738,3,2,2,1,2,0,0
2015-16,21500646,1,1610612741,6,8,7,3,2,1,1
2015-16,21500646,2,1610612738,5,5,4,3,2,1,0
2015-16,21500646,2,1610612741,2,5,4,1,1,1,0
2015-16,21500646,3,1610612738,6,8,6,4,2,2,0
2015-16,21500646,3,1610612741,5,4,4,3,1,0,1
2015-16,21500646,4,1610612738,5,6,4,1,4,2,0
2015-16,21500646,4,1610612741,7,9,7,4,3,2,0
2015-16,21500647,1,1610612751,3,2,0,1,2,2,0
2015-16,21500647,1,1610612762,4,2,2,1,3,0,0
2015-16,21500647,2,1610612751,5,4,4,2,3,0,0
2015-16,21500647,2,1610612762,5,8,6,3,1,2,1
2015-16,21500647,3,1610612751,2,2,2,1,1,0,0
2015-16,21500647,3,1610612762,3,3,3,0,2,0,1
2015-16,21500647,4,1610612751,7,10,8,4,2,2,1
2015-16,21500647,4,1610612762,2,2,2,0,2,0,0
2015-16,21500648,1,1610612746,3,0,0,0,2,0,1
2015-16,21500648,1,1610612752,3,5,4,3,0,1,0
2015-16,21500648,2,1610612746,3,2,0,0,2,2,1
2015-16,21500648,2,1610612752,4,3,3,2,2,0,0
2015-16,21500648,3,1610612746,12,12,8,1,8,4,1
2015-16,21500648,3,1610612752,5,6,5,3,2,1,0
2015-16,21500648,4,1610612746,5,10,9,5,0,1,0
2015-16,21500648,4,1610612752,5,6,6,4,1,0,0
2015-16,21500649,1,1610612748,3,3,3,2,1,0,0
2015-16,21500649,1,1610612761,3,5,4,3,0,1,0
2015-16,21500649,2,1610612748,4,6,5,3,1,1,0
2015-16,21500649,2,1610612761,2,3,3,1,1,0,0
2015-16,21500649,3,1610612748,2,3,1,2,0,2,0
2015-16,21500649,3,1610612761,6,8,7,3,3,1,0
2015-16,21500649,4,1610612748,4,5,2,2,2,3,0
2015-16,21500649,4,1610612761,5,5,4,3,1,1,1
2015-16,21500650,1,1610612745,5,8,6,4,1,2,0
2015-16,21500650,1,1610612749,5,3,2,2,2,1,1
2015-16,21500650,2,1610612745,4,4,2,2,2,2,0
2015-16,21500650,2,1610612749,2,2,2,1,1,0,0
2015-16,21500650,3,1610612745,1,0,0,0,1,0,0
2015-16,21500650,3,1610612749,6,10,9,4,2,1,0
2015-16,21500650,4,1610612745,5,4,3,1,4,1,0
2015-16,21500650,4,1610612749,7,7,4,4,3,3,0
2015-16,21500651,1,1610612742,4,2,2,1,3,0,0
2015-16,21500651,1,1610612760,2,2,2,0,1,0,1
2015-16,21500651,2,1610612742,2,0,0,0,2,0,0
2015-16,21500651,2,1610612760,5,8,5,3,1,3,1
2015-16,21500651,3,1610612742,5,6,5,2,2,1,1
2015-16,21500651,3,1610612760,4,2,1,1,2,1,1
2015-16,21500651,4,1610612742,6,10,9,5,1,1,0
2015-16,21500651,4,1610612760,1,3,3,1,0,0,0
2015-16,21500652,1,1610612744,4,4,3,2,2,1,0
2015-16,21500652,1,1610612754,3,2,1,1,1,1,1
2015-16,21500652,2,1610612744,5,7,7,3,2,0,0
2015-16,21500652,2,1610612754,5,9,5,3,1,4,0
2015-16,21500652,3,1610612744,5,8,7,3,1,1,1
2015-16,21500652,3,1610612754,5,3,1,3,2,2,0
2015-16,21500652,4,1610612744,5,6,5,4,1,1,0
2015-16,21500652,4,1610612754,8,13,12,6,2,1,0
2015-16,21500653,1,1610612747,2,2,2,1,1,0,0
2015-16,21500653,1,1610612759,3,5,5,3,0,0,0
2015-16,21500653,2,1610612747,5,7,4,4,0,3,1
2015-16,21500653,2,1610612759,3,2,2,1,0,0,2
2015-16,21500653,3,1610612747,4,7,6,3,1,1,0
2015-16,21500653,3,1610612759,5,6,4,4,0,2,1
2015-16,21500653,4,1610612747,3,2,1,1,1,1,1
2015-16,21500653,4,1610612759,1,0,0,0,1,0,0
2015-16,21500654,1,1610612762,6,9,8,3,3,1,0
2015-16,21500654,1,1610612764,5,4,1,3,1,3,1
2015-16,21500654,2,1610612762,1,2,2,1,0,0,0
2015-16,21500654,2,1610612764,3,4,3,2,1,1,0
2015-16,21500654,3,1610612762,8,12,7,3,5,5,0
2015-16,21500654,3,1610612764,5,8,6,3,2,2,0
2015-16,21500654,4,1610612762,5,6,6,3,2,0,0
2015-16,21500654,4,1610612764,4,5,2,2,1,3,0
2015-16,21500655,1,1610612752,6,10,7,3,2,3,1
2015-16,21500655,1,1610612766,2,3,3,2,0,0,0
2015-16,21500655,2,1610612752,6,13,7,6,0,6,0
2015-16,21500655,2,1610612766,6,11,7,6,0,4,0
2015-16,21500655,3,1610612752,4,2,1,1,2,1,1
2015-16,21500655,3,1610612766,9,15,14,5,2,1,2
2015-16,21500655,4,1610612752,4,7,4,4,0,3,0
2015-16,21500655,4,1610612766,6,8,8,3,3,0,0
2015-16,21500656,1,1610612738,2,3,2,2,0,1,0
2015-16,21500656,1,1610612755,3,7,3,2,1,4,0
2015-16,21500656,2,1610612738,3,3,2,2,1,1,0
2015-16,21500656,2,1610612755,3,4,2,2,0,2,1
2015-16,21500656,3,1610612738,6,7,6,3,2,1,1
2015-16,21500656,3,1610612755,5,2,2,1,3,0,1
2015-16,21500656,4,1610612738,6,6,5,2,3,1,1
2015-16,21500656,4,1610612755,5,7,7,3,1,0,1
2015-16,21500657,1,1610612740,6,5,4,3,2,1,1
2015-16,21500657,1,1610612749,6,7,6,3,3,1,0
2015-16,21500657,2,1610612740,6,6,4,2,3,2,1
2015-16,21500657,2,1610612749,4,5,4,3,1,1,0
2015-16,21500657,3,1610612740,3,4,4,2,1,0,0
2015-16,21500657,3,1610612749,3,0,0,0,2,0,1
2015-16,21500657,4,1610612740,3,2,1,1,1,1,1
2015-16,21500657,4,1610612749,4,6,5,3,1,1,0
2015-16,21500658,1,1610612750,4,7,6,3,0,1,0
2015-16,21500658,1,1610612763,2,4,3,2,0,1,0
2015-16,21500658,2,1610612750,9,16,15,6,3,1,0
2015-16,21500658,2,1610612763,7,7,6,2,4,1,1
2015-16,21500658,3,1610612750,0,0,0,0,0,0,0
2015-16,21500658,3,1610612763,4,7,5,3,1,2,0
2015-16,21500658,4,1610612750,8,13,12,4,4,1,0
2015-16,21500658,4,1610612763,4,4,4,2,2,0,0
2015-16,21500659,1,1610612739,2,0,0,0,1,0,1
2015-16,21500659,1,1610612741,4,0,0,0,3,0,1
2015-16,21500659,2,1610612739,2,3,0,2,0,3,0
2015-16,21500659,2,1610612741,3,3,3,2,1,0,0
2015-16,21500659,3,1610612739,6,9,2,2,4,7,0
2015-16,21500659,3,1610612741,5,5,4,1,3,1,1
2015-16,21500659,4,1610612739,8,10,7,5,3,3,0
2015-16,21500659,4,1610612741,4,7,6,3,1,1,0
2015-16,21500660,1,1610612737,2,3,2,2,0,1,0
2015-16,21500660,1,1610612756,1,2,2,1,0,0,0
2015-16,21500660,2,1610612737,3,0,0,0,3,0,0
2015-16,21500660,2,1610612756,6,11,8,5,0,3,1
2015-16,21500660,3,1610612737,2,4,4,2,0,0,0
2015-16,21500660,3,1610612756,6,12,10,6,0,2,0
2015-16,21500660,4,1610612737,7,11,9,6,1,2,0
2015-16,21500660,4,1610612756,3,1,0,1,2,1,0
2015-16,21500661,1,1610612743,7,13,12,7,0,1,0
2015-16,21500661,1,1610612765,2,0,0,0,1,0,1
2015-16,21500661,2,1610612743,5,5,3,3,2,2,0
2015-16,21500661,2,1610612765,6,8,3,3,3,5,0
2015-16,21500661,3,1610612743,3,2,2,1,1,0,1
2015-16,21500661,3,1610612765,5,6,3,2,2,3,1
2015-16,21500661,4,1610612743,7,9,7,2,4,2,0
2015-16,21500661,4,1610612765,4,5,4,2,1,1,1
2015-16,21500662,1,1610612747,4,8,8,4,0,0,0
2015-16,21500662,1,1610612757,2,1,0,1,1,1,0
2015-16,21500662,2,1610612747,5,7,6,4,1,1,0
2015-16,21500662,2,1610612757,5,6,4,3,2,2,0
2015-16,21500662,3,1610612747,4,6,5,3,1,1,0
2015-16,21500662,3,1610612757,7,11,10,6,1,1,0
2015-16,21500662,4,1610612747,7,11,9,5,2,2,0
2015-16,21500662,4,1610612757,4,4,3,1,3,1,0
2015-16,21500663,1,1610612754,3,2,2,1,2,0,0
2015-16,21500663,1,1610612758,3,4,4,2,1,0,0
2015-16,21500663,2,1610612754,3,2,1,1,2,1,0
2015-16,21500663,2,1610612758,4,3,3,2,2,0,0
2015-16,21500663,3,1610612754,7,8,5,2,4,3,1
2015-16,21500663,3,1610612758,7,14,9,6,1,5,0
2015-16,21500663,4,1610612754,7,13,10,5,2,3,0
2015-16,21500663,4,1610612758,10,15,11,2,7,4,1
2015-16,21500664,1,1610612751,2,2,2,1,0,0,1
2015-16,21500664,1,1610612760,3,4,2,2,1,2,0
2015-16,21500664,2,1610612751,3,3,2,2,1,1,0
2015-16,21500664,2,1610612760,5,6,4,2,3,2,0
2015-16,21500664,3,1610612751,6,8,6,3,2,2,1
2015-16,21500664,3,1610612760,4,6,4,3,1,2,0
2015-16,21500664,4,1610612751,7,12,8,4,3,4,0
2015-16,21500664,4,1610612760,5,3,2,2,3,1,0
2015-16,21500665,1,1610612742,4,3,2,2,2,1,0
2015-16,21500665,1,1610612745,4,6,5,3,0,1,1
2015-16,21500665,2,1610612742,6,6,5,1,4,1,1
2015-16,21500665,2,1610612745,4,5,2,3,1,3,0
2015-16,21500665,3,1610612742,3,3,2,1,1,1,1
2015-16,21500665,3,1610612745,4,5,5,3,1,0,0
2015-16,21500665,4,1610612742,7,10,8,3,2,2,2
2015-16,21500665,4,1610612745,5,5,2,3,0,3,2
2015-16,21500666,1,1610612746,6,8,5,5,1,3,0
2015-16,21500666,1,1610612761,7,9,8,5,1,1,1
2015-16,21500666,2,1610612746,7,7,5,2,3,2,1
2015-16,21500666,2,1610612761,3,0,0,0,1,0,2
2015-16,21500666,3,1610612746,7,11,6,4,3,5,0
2015-16,21500666,3,1610612761,6,4,3,1,5,1,0
2015-16,21500666,4,1610612746,5,4,2,2,3,2,0
2015-16,21500666,4,1610612761,10,13,7,4,4,6,2
2015-16,21500667,1,1610612739,4,2,2,1,3,0,0
2015-16,21500667,1,1610612750,2,4,4,2,0,0,0
2015-16,21500667,2,1610612739,5,3,1,3,2,2,0
2015-16,21500667,2,1610612750,5,2,2,1,4,0,0
2015-16,21500667,3,1610612739,3,2,1,1,1,1,1
2015-16,21500667,3,1610612750,3,6,4,3,0,2,0
2015-16,21500667,4,1610612739,10,13,9,2,7,4,1
2015-16,21500667,4,1610612750,8,11,11,6,1,0,1
2015-16,21500668,1,1610612738,3,5,5,2,1,0,0
2015-16,21500668,1,1610612764,2,4,4,2,0,0,0
2015-16,21500668,2,1610612738,3,3,2,2,1,1,0
2015-16,21500668,2,1610612764,9,10,8,3,3,2,3
2015-16,21500668,3,1610612738,7,11,9,4,3,2,0
2015-16,21500668,3,1610612764,6,8,5,3,2,3,1
2015-16,21500668,4,1610612738,2,4,3,1,0,1,0
2015-16,21500668,4,1610612764,6,8,3,4,2,5,0
2015-16,21500669,1,1610612741,3,3,1,2,1,2,0
2015-16,21500669,1,1610612748,3,2,1,0,2,1,1
2015-16,21500669,2,1610612741,2,0,0,0,2,0,0
2015-16,21500669,2,1610612748,4,4,4,2,1,0,1
2015-16,21500669,3,1610612741,5,5,5,3,2,0,0
2015-16,21500669,3,1610612748,3,4,2,2,1,2,0
2015-16,21500669,4,1610612741,5,4,3,1,4,1,0
2015-16,21500669,4,1610612748,6,7,5,3,3,2,0
2015-16,21500670,1,1610612753,1,2,2,1,0,0,0
2015-16,21500670,1,1610612763,6,8,6,3,3,2,0
2015-16,21500670,2,1610612753,7,8,7,5,1,1,1
2015-16,21500670,2,1610612763,3,4,3,3,0,1,0
2015-16,21500670,3,1610612753,4,2,2,1,3,0,0
2015-16,21500670,3,1610612763,4,2,1,1,3,1,0
2015-16,21500670,4,1610612753,2,2,1,1,0,1,1
2015-16,21500670,4,1610612763,3,1,0,1,2,1,0
2015-16,21500671,1,1610612740,4,4,2,2,2,2,0
2015-16,21500671,1,1610612745,4,6,4,3,1,2,0
2015-16,21500671,2,1610612740,4,6,3,3,1,3,0
2015-16,21500671,2,1610612745,5,7,6,4,1,1,0
2015-16,21500671,3,1610612740,6,8,5,4,2,3,0
2015-16,21500671,3,1610612745,2,5,5,2,0,0,0
2015-16,21500671,4,1610612740,5,7,4,4,1,3,0
2015-16,21500671,4,1610612745,5,3,2,2,3,1,0
2015-16,21500672,1,1610612737,5,8,7,4,1,1,0
2015-16,21500672,1,1610612743,2,4,4,1,1,0,0
2015-16,21500672,2,1610612737,4,6,5,3,0,1,1
2015-16,21500672,2,1610612743,9,13,11,5,2,2,2
2015-16,21500672,3,1610612737,4,4,4,3,1,0,0
2015-16,21500672,3,1610612743,6,8,6,4,1,2,1
2015-16,21500672,4,1610612737,5,8,8,4,1,0,0
2015-16,21500672,4,1610612743,7,12,12,5,2,0,0
2015-16,21500673,1,1610612762,3,4,2,2,1,2,0
2015-16,21500673,1,1610612765,3,4,2,2,1,2,0
2015-16,21500673,2,1610612762,6,7,6,4,2,1,0
2015-16,21500673,2,1610612765,8,11,7,5,3,4,0
2015-16,21500673,3,1610612762,6,5,5,3,1,0,2
2015-16,21500673,3,1610612765,7,11,4,2,3,7,1
2015-16,21500673,4,1610612762,3,2,2,1,2,0,0
2015-16,21500673,4,1610612765,5,7,3,2,3,4,0
2015-16,21500674,1,1610612758,4,3,3,1,3,0,0
2015-16,21500674,1,1610612766,7,8,7,2,5,1,0
2015-16,21500674,2,1610612758,7,6,4,3,3,2,1
2015-16,21500674,2,1610612766,4,3,2,2,1,1,1
2015-16,21500674,3,1610612758,5,10,8,4,0,2,1
2015-16,21500674,3,1610612766,4,1,1,0,4,0,0
2015-16,21500674,4,1610612758,5,5,5,3,2,0,0
2015-16,21500674,4,1610612766,8,12,9,3,4,3,1
2015-16,21500675,1,1610612744,3,2,2,1,2,0,0
2015-16,21500675,1,1610612759,5,7,7,2,3,0,0
2015-16,21500675,2,1610612744,6,8,8,4,1,0,1
2015-16,21500675,2,1610612759,6,5,3,1,4,2,1
2015-16,21500675,3,1610612744,7,10,7,5,2,3,0
2015-16,21500675,3,1610612759,6,10,7,4,2,3,0
2015-16,21500675,4,1610612744,5,5,4,2,3,1,0
2015-16,21500675,4,1610612759,5,9,6,5,0,3,0
2015-16,21500676,1,1610612746,2,2,0,1,0,2,1
2015-16,21500676,1,1610612754,2,2,2,1,1,0,0
2015-16,21500676,2,1610612746,4,6,4,3,1,2,0
2015-16,21500676,2,1610612754,8,15,8,5,2,7,1
2015-16,21500676,3,1610612746,4,8,4,4,0,4,0
2015-16,21500676,3,1610612754,4,5,4,3,1,1,0
2015-16,21500676,4,1610612746,6,8,4,3,3,4,0
2015-16,21500676,4,1610612754,4,2,0,1,3,2,0
2015-16,21500677,1,1610612755,4,6,4,3,1,2,0
2015-16,21500677,1,1610612756,2,3,1,2,0,2,0
2015-16,21500677,2,1610612755,6,8,6,2,4,2,0
2015-16,21500677,2,1610612756,6,8,7,3,3,1,0
2015-16,21500677,3,1610612755,8,9,5,3,5,4,0
2015-16,21500677,3,1610612756,8,14,8,5,3,6,0
2015-16,21500677,4,1610612755,8,13,9,4,4,4,0
2015-16,21500677,4,1610612756,5,3,3,2,3,0,0
2015-16,21500678,1,1610612748,2,2,2,1,1,0,0
2015-16,21500678,1,1610612751,2,3,3,2,0,0,0
2015-16,21500678,2,1610612748,2,1,1,1,1,0,0
2015-16,21500678,2,1610612751,3,3,1,2,1,2,0
2015-16,21500678,3,1610612748,4,2,2,1,3,0,0
2015-16,21500678,3,1610612751,6,6,5,2,4,1,0
2015-16,21500678,4,1610612748,4,5,4,1,3,1,0
2015-16,21500678,4,1610612751,6,11,8,5,1,3,0
2015-16,21500679,1,1610612752,6,7,5,2,4,2,0
2015-16,21500679,1,1610612760,5,10,8,5,0,2,0
2015-16,21500679,2,1610612752,6,9,8,6,0,1,0
2015-16,21500679,2,1610612760,1,0,0,0,1,0,0
2015-16,21500679,3,1610612752,5,8,6,4,1,2,0
2015-16,21500679,3,1610612760,5,6,5,2,2,1,1
2015-16,21500679,4,1610612752,1,0,0,0,1,0,0
2015-16,21500679,4,1610612760,4,5,5,2,2,0,0
2015-16,21500680,1,1610612761,5,7,5,3,2,2,0
2015-16,21500680,1,1610612764,2,2,2,1,0,0,1
2015-16,21500680,2,1610612761,6,10,8,3,2,2,1
2015-16,21500680,2,1610612764,9,16,10,8,1,6,0
2015-16,21500680,3,1610612761,4,4,3,2,2,1,0
2015-16,21500680,3,1610612764,3,2,2,1,2,0,0
2015-16,21500680,4,1610612761,9,11,9,5,2,2,2
2015-16,21500680,4,1610612764,5,8,7,3,1,1,1
2015-16,21500681,1,1610612749,3,3,3,2,1,0,0
2015-16,21500681,1,1610612753,2,4,4,1,0,0,0
2015-16,21500681,2,1610612749,3,7,5,3,0,2,0
2015-16,21500681,2,1610612753,6,8,6,2,4,2,0
2015-16,21500681,3,1610612749,6,9,9,3,2,0,1
2015-16,21500681,3,1610612753,8,9,6,4,4,3,0
2015-16,21500681,4,1610612749,7,12,9,4,3,3,0
2015-16,21500681,4,1610612753,6,8,5,4,2,3,0
2015-16,21500682,1,1610612757,3,3,3,2,1,0,0
2015-16,21500682,1,1610612758,5,7,4,3,2,3,0
2015-16,21500682,2,1610612757,6,7,5,4,2,2,0
2015-16,21500682,2,1610612758,3,4,3,2,1,1,0
2015-16,21500682,3,1610612757,5,9,7,4,1,2,0
2015-16,21500682,3,1610612758,7,12,4,3,3,8,0
2015-16,21500682,4,1610612757,1,0,0,0,1,0,0
2015-16,21500682,4,1610612758,6,9,7,3,2,2,1
2015-16,21500683,1,1610612742,4,9,7,3,1,2,0
2015-16,21500683,1,1610612747,4,7,5,3,1,2,0
2015-16,21500683,2,1610612742,6,8,6,3,3,2,0
2015-16,21500683,2,1610612747,7,13,12,5,1,1,1
2015-16,21500683,3,1610612742,5,4,3,1,2,1,2
2015-16,21500683,3,1610612747,4,4,4,2,2,0,0
2015-16,21500683,4,1610612742,4,5,4,2,2,1,0
2015-16,21500683,4,1610612747,5,4,2,1,4,2,0
2015-16,21500684,1,1610612739,3,2,2,1,2,0,0
2015-16,21500684,1,1610612756,5,8,7,3,2,1,0
2015-16,21500684,2,1610612739,7,10,8,3,4,2,0
2015-16,21500684,2,1610612756,4,4,0,3,1,4,0
2015-16,21500684,3,1610612739,2,1,1,1,1,0,0
2015-16,21500684,3,1610612756,3,5,4,2,1,1,0
2015-16,21500684,4,1610612739,3,3,3,1,2,0,0
2015-16,21500684,4,1610612756,4,8,8,4,0,0,0
2015-16,21500685,1,1610612738,3,4,4,2,1,0,0
2015-16,21500685,1,1610612743,5,4,3,1,3,1,1
2015-16,21500685,2,1610612738,6,8,7,4,2,1,0
2015-16,21500685,2,1610612743,3,3,1,2,1,2,0
2015-16,21500685,3,1610612738,6,7,7,3,2,0,1
2015-16,21500685,3,1610612743,7,14,11,4,3,3,0
2015-16,21500685,4,1610612738,6,5,2,1,5,3,0
2015-16,21500685,4,1610612743,8,11,9,5,2,2,1
2015-16,21500686,1,1610612755,4,2,2,1,3,0,0
2015-16,21500686,1,1610612765,2,2,1,1,1,1,0
2015-16,21500686,2,1610612755,3,5,4,2,1,1,0
2015-16,21500686,2,1610612765,8,14,10,6,2,4,0
2015-16,21500686,3,1610612755,6,6,6,4,2,0,0
2015-16,21500686,3,1610612765,8,12,8,4,3,4,1
2015-16,21500686,4,1610612755,5,4,0,2,3,4,0
2015-16,21500686,4,1610612765,7,10,8,2,4,2,1
2015-16,21500687,1,1610612737,2,1,0,1,1,1,0
2015-16,21500687,1,1610612746,1,0,0,0,1,0,0
2015-16,21500687,2,1610612737,3,3,2,1,2,1,0
2015-16,21500687,2,1610612746,5,8,4,3,2,4,0
2015-16,21500687,3,1610612737,3,3,2,1,2,1,0
2015-16,21500687,3,1610612746,3,1,1,0,3,0,0
2015-16,21500687,4,1610612737,6,7,3,2,4,4,0
2015-16,21500687,4,1610612746,7,12,9,2,4,3,0
2015-16,21500688,1,1610612750,7,10,6,4,1,4,2
2015-16,21500688,1,1610612760,3,5,5,3,0,0,0
2015-16,21500688,2,1610612750,7,9,6,4,3,3,0
2015-16,21500688,2,1610612760,5,7,6,3,1,1,0
2015-16,21500688,3,1610612750,2,2,1,1,1,1,0
2015-16,21500688,3,1610612760,1,1,1,1,0,0,0
2015-16,21500688,4,1610612750,7,7,5,4,3,2,0
2015-16,21500688,4,1610612760,7,8,8,1,6,0,0
2015-16,21500689,1,1610612745,7,13,8,3,3,5,1
2015-16,21500689,1,1610612759,6,9,9,4,2,0,0
2015-16,21500689,2,1610612745,10,18,10,5,5,8,0
2015-16,21500689,2,1610612759,5,4,2,1,3,2,1
2015-16,21500689,3,1610612745,5,11,8,4,1,3,0
2015-16,21500689,3,1610612759,4,1,1,1,3,0,0
2015-16,21500689,4,1610612745,6,10,9,5,1,1,0
2015-16,21500689,4,1610612759,4,7,6,3,1,1,0
2015-16,21500690,1,1610612762,2,2,1,1,1,1,0
2015-16,21500690,1,1610612766,3,3,1,2,1,2,0
2015-16,21500690,2,1610612762,3,4,2,2,1,2,0
2015-16,21500690,2,1610612766,3,2,2,0,1,0,1
2015-16,21500690,3,1610612762,4,4,3,2,2,1,0
2015-16,21500690,3,1610612766,6,7,6,4,2,1,0
2015-16,21500690,4,1610612762,5,5,4,2,3,1,0
2015-16,21500690,4,1610612766,5,9,8,5,0,1,0
2015-16,21500691,1,1610612742,4,6,4,3,1,2,0
2015-16,21500691,1,1610612744,3,5,5,2,1,0,0
2015-16,21500691,2,1610612742,3,1,1,1,2,0,0
2015-16,21500691,2,1610612744,3,4,4,2,1,0,0
2015-16,21500691,3,1610612742,2,1,1,1,0,0,1
2015-16,21500691,3,1610612744,7,8,6,2,5,2,0
2015-16,21500691,4,1610612742,6,4,2,2,4,2,0
2015-16,21500691,4,1610612744,6,4,4,0,4,0,2
2015-16,21500692,1,1610612737,2,3,1,2,0,2,0
2015-16,21500692,1,1610612754,6,8,8,2,3,0,1
2015-16,21500692,2,1610612737,5,7,7,4,1,0,0
2015-16,21500692,2,1610612754,1,2,1,1,0,1,0
2015-16,21500692,3,1610612737,2,4,4,2,0,0,0
2015-16,21500692,3,1610612754,7,11,10,6,1,1,0
2015-16,21500692,4,1610612737,5,7,7,4,1,0,0
2015-16,21500692,4,1610612754,6,9,7,3,3,2,0
2015-16,21500693,1,1610612743,8,12,8,4,4,4,0
2015-16,21500693,1,1610612764,4,6,6,3,1,0,0
2015-16,21500693,2,1610612743,5,6,6,4,0,0,1
2015-16,21500693,2,1610612764,6,4,3,1,4,1,1
2015-16,21500693,3,1610612743,5,5,4,3,2,1,0
2015-16,21500693,3,1610612764,5,8,6,2,2,2,1
2015-16,21500693,4,1610612743,10,10,8,0,9,2,0
2015-16,21500693,4,1610612764,9,12,9,3,5,3,1
2015-16,21500694,1,1610612752,2,1,1,1,1,0,0
2015-16,21500694,1,1610612761,1,2,0,1,0,2,0
2015-16,21500694,2,1610612752,5,7,5,3,2,2,0
2015-16,21500694,2,1610612761,6,9,7,4,1,2,1
2015-16,21500694,3,1610612752,5,5,2,3,1,3,1
2015-16,21500694,3,1610612761,6,11,8,5,1,3,0
2015-16,21500694,4,1610612752,5,7,2,4,1,5,0
2015-16,21500694,4,1610612761,5,7,6,3,2,1,0
2015-16,21500695,1,1610612749,7,9,8,4,3,1,0
2015-16,21500695,1,1610612763,4,7,5,3,1,2,0
2015-16,21500695,2,1610612749,4,2,2,1,3,0,0
2015-16,21500695,2,1610612763,4,4,4,2,1,0,0
2015-16,21500695,3,1610612749,6,8,7,3,3,1,0
2015-16,21500695,3,1610612763,4,6,6,3,0,0,1
2015-16,21500695,4,1610612749,6,8,7,3,2,1,1
2015-16,21500695,4,1610612763,3,3,2,1,2,1,0
2015-16,21500696,1,1610612740,3,2,2,1,2,0,0
2015-16,21500696,1,1610612758,1,0,0,0,1,0,0
2015-16,21500696,2,1610612740,3,4,4,2,1,0,0
2015-16,21500696,2,1610612758,8,10,7,2,5,3,1
2015-16,21500696,3,1610612740,7,10,8,4,3,2,0
2015-16,21500696,3,1610612758,5,8,7,4,1,1,0
2015-16,21500696,4,1610612740,6,8,4,2,3,4,1
2015-16,21500696,4,1610612758,4,2,1,1,2,1,1
2015-16,21500697,1,1610612741,3,2,2,1,2,0,0
2015-16,21500697,1,1610612747,4,4,4,2,2,0,0
2015-16,21500697,2,1610612741,1,0,0,0,1,0,0
2015-16,21500697,2,1610612747,3,4,3,2,1,1,0
2015-16,21500697,3,1610612741,8,10,10,6,2,0,0
2015-16,21500697,3,1610612747,4,7,6,4,0,1,0
2015-16,21500697,4,1610612741,5,4,2,1,3,2,1
2015-16,21500697,4,1610612747,6,8,5,3,3,3,0
2015-16,21500698,1,1610612738,3,3,3,2,1,0,0
2015-16,21500698,1,1610612753,4,4,4,2,1,0,1
2015-16,21500698,2,1610612738,7,9,8,3,3,1,0
2015-16,21500698,2,1610612753,6,10,8,5,1,2,0
2015-16,21500698,3,1610612738,4,6,5,2,2,1,0
2015-16,21500698,3,1610612753,6,11,9,3,3,2,0
2015-16,21500698,4,1610612738,2,3,1,1,1,2,0
2015-16,21500698,4,1610612753,3,4,2,2,1,2,0
2015-16,21500699,1,1610612739,5,5,4,3,1,1,1
2015-16,21500699,1,1610612765,3,6,4,3,0,2,0
2015-16,21500699,2,1610612739,9,16,15,6,3,1,0
2015-16,21500699,2,1610612765,8,11,9,4,4,2,0
2015-16,21500699,3,1610612739,5,6,6,3,1,0,0
2015-16,21500699,3,1610612765,6,5,3,3,3,2,0
2015-16,21500699,4,1610612739,3,2,2,1,2,0,0
2015-16,21500699,4,1610612765,6,4,3,3,3,1,0
2015-16,21500700,1,1610612752,4,8,6,4,0,2,0
2015-16,21500700,1,1610612756,4,3,2,2,2,1,0
2015-16,21500700,2,1610612752,8,10,10,4,4,0,0
2015-16,21500700,2,1610612756,4,4,2,2,2,2,0
2015-16,21500700,3,1610612752,3,4,4,2,1,0,0
2015-16,21500700,3,1610612756,3,2,1,1,2,1,0
2015-16,21500700,4,1610612752,3,4,3,2,1,1,0
2015-16,21500700,4,1610612756,6,3,2,2,4,1,0
2015-16,21500701,1,1610612745,4,6,3,3,1,3,0
2015-16,21500701,1,1610612760,1,1,1,0,1,0,0
2015-16,21500701,2,1610612745,10,17,8,4,5,9,1
2015-16,21500701,2,1610612760,7,11,10,5,2,1,0
2015-16,21500701,3,1610612745,5,9,7,3,2,2,0
2015-16,21500701,3,1610612760,7,11,10,2,5,1,0
2015-16,21500701,4,1610612745,7,11,9,6,1,2,0
2015-16,21500701,4,1610612760,6,7,5,2,3,2,1
2015-16,21500702,1,1610612742,3,1,1,0,2,0,1
2015-16,21500702,1,1610612751,1,0,0,0,1,0,0
2015-16,21500702,2,1610612742,2,2,2,1,1,0,0
2015-16,21500702,2,1610612751,5,8,7,4,1,1,0
2015-16,21500702,3,1610612742,2,2,1,1,1,1,0
2015-16,21500702,3,1610612751,5,8,6,4,0,2,1
2015-16,21500702,4,1610612742,7,10,5,2,4,5,0
2015-16,21500702,4,1610612751,6,7,6,3,2,1,1
2015-16,21500703,1,1610612748,2,1,1,1,1,0,0
2015-16,21500703,1,1610612749,5,6,6,1,4,0,0
2015-16,21500703,2,1610612748,4,6,4,3,1,2,0
2015-16,21500703,2,1610612749,3,3,2,2,1,1,0
2015-16,21500703,3,1610612748,6,10,9,4,2,1,0
2015-16,21500703,3,1610612749,6,9,9,5,1,0,0
2015-16,21500703,4,1610612748,8,15,12,5,3,3,0
2015-16,21500703,4,1610612749,7,10,8,3,2,2,2
2015-16,21500704,1,1610612750,4,7,4,4,0,3,0
2015-16,21500704,1,1610612762,2,2,2,1,1,0,0
2015-16,21500704,2,1610612750,7,9,8,4,3,1,0
2015-16,21500704,2,1610612762,3,7,7,3,0,0,0
2015-16,21500704,3,1610612750,4,3,3,2,2,0,0
2015-16,21500704,3,1610612762,4,4,2,2,2,2,0
2015-16,21500704,4,1610612750,6,7,3,3,2,4,1
2015-16,21500704,4,1610612762,3,3,2,1,2,1,0
2015-16,21500705,1,1610612757,1,1,1,1,0,0,0
2015-16,21500705,1,1610612766,1,2,2,1,0,0,0
2015-16,21500705,2,1610612757,2,1,1,1,1,0,0
2015-16,21500705,2,1610612766,8,7,5,4,3,2,1
2015-16,21500705,3,1610612757,6,10,8,6,0,2,0
2015-16,21500705,3,1610612766,3,3,3,2,1,0,0
2015-16,21500705,4,1610612757,3,4,2,3,0,2,0
2015-16,21500705,4,1610612766,9,16,9,8,0,7,0
2015-16,21500706,1,1610612746,7,9,6,3,3,3,1
2015-16,21500706,1,1610612747,6,10,8,4,2,2,0
2015-16,21500706,2,1610612746,6,6,5,2,3,1,1
2015-16,21500706,2,1610612747,4,4,3,2,1,1,1
2015-16,21500706,3,1610612746,5,9,6,5,0,3,0
2015-16,21500706,3,1610612747,5,9,7,4,1,2,0
2015-16,21500706,4,1610612746,1,0,0,0,1,0,0
2015-16,21500706,4,1610612747,4,2,2,1,3,0,0
2015-16,21500707,1,1610612744,1,1,0,1,0,1,0
2015-16,21500707,1,1610612755,2,2,1,1,1,1,0
2015-16,21500707,2,1610612744,3,0,0,0,3,0,0
2015-16,21500707,2,1610612755,7,10,4,4,2,6,1
2015-16,21500707,3,1610612744,2,1,1,1,1,0,0
2015-16,21500707,3,1610612755,3,4,2,3,0,2,0
2015-16,21500707,4,1610612744,0,0,0,0,0,0,0
2015-16,21500707,4,1610612755,6,5,4,2,4,1,0
2015-16,21500708,1,1610612761,2,3,3,1,1,0,0
2015-16,21500708,1,1610612765,4,8,2,4,0,6,0
2015-16,21500708,2,1610612761,6,9,8,3,3,1,0
2015-16,21500708,2,1610612765,5,13,7,4,1,6,0
2015-16,21500708,3,1610612761,10,15,9,5,4,6,1
2015-16,21500708,3,1610612765,6,6,6,1,5,0,0
2015-16,21500708,4,1610612761,10,20,15,3,5,5,1
2015-16,21500708,4,1610612765,6,7,5,3,1,2,1
2015-16,21500709,1,1610612743,4,8,7,4,0,1,0
2015-16,21500709,1,1610612754,1,0,0,0,1,0,0
2015-16,21500709,2,1610612743,7,7,5,3,4,2,0
2015-16,21500709,2,1610612754,5,3,2,2,3,1,0
2015-16,21500709,3,1610612743,4,5,5,3,1,0,0
2015-16,21500709,3,1610612754,4,2,2,1,3,0,0
2015-16,21500709,4,1610612743,3,5,4,3,0,1,0
2015-16,21500709,4,1610612754,5,8,7,4,0,1,1
2015-16,21500710,1,1610612740,2,1,1,1,1,0,0
2015-16,21500710,1,1610612751,1,0,0,0,1,0,0
2015-16,21500710,2,1610612740,4,5,4,3,1,1,0
2015-16,21500710,2,1610612751,7,11,5,4,3,6,0
2015-16,21500710,3,1610612740,3,0,0,0,1,0,2
2015-16,21500710,3,1610612751,3,4,2,2,1,2,0
2015-16,21500710,4,1610612740,3,4,3,2,1,1,0
2015-16,21500710,4,1610612751,6,8,7,3,3,1,0
2015-16,21500711,1,1610612745,4,5,5,3,1,0,0
2015-16,21500711,1,1610612764,1,0,0,0,1,0,0
2015-16,21500711,2,1610612745,8,13,6,5,2,7,0
2015-16,21500711,2,1610612764,5,7,4,3,2,3,0
2015-16,21500711,3,1610612745,5,6,6,3,2,0,0
2015-16,21500711,3,1610612764,4,5,4,3,0,1,1
2015-16,21500711,4,1610612745,8,9,6,3,5,3,0
2015-16,21500711,4,1610612764,12,18,14,5,5,4,1
2015-16,21500712,1,1610612758,4,6,5,2,2,1,0
2015-16,21500712,1,1610612763,5,4,4,2,2,0,1
2015-16,21500712,2,1610612758,7,10,9,5,1,1,1
2015-16,21500712,2,1610612763,6,9,7,3,3,2,0
2015-16,21500712,3,1610612758,7,6,4,2,3,2,2
2015-16,21500712,3,1610612763,6,10,9,3,2,1,1
2015-16,21500712,4,1610612758,8,16,14,3,4,2,1
2015-16,21500712,4,1610612763,10,14,11,1,9,3,0
2015-16,21500713,1,1610612739,5,7,7,3,0,0,2
2015-16,21500713,1,1610612759,2,2,2,0,2,0,0
2015-16,21500713,2,1610612739,5,6,4,3,2,2,0
2015-16,21500713,2,1610612759,7,10,8,5,2,2,0
2015-16,21500713,3,1610612739,5,6,6,2,2,0,1
2015-16,21500713,3,1610612759,5,7,6,4,1,1,0
2015-16,21500713,4,1610612739,4,2,1,2,2,1,0
2015-16,21500713,4,1610612759,5,2,1,0,5,1,0
2015-16,21500714,1,1610612741,3,1,1,1,1,0,1
2015-16,21500714,1,1610612746,2,1,0,1,1,1,0
2015-16,21500714,2,1610612741,5,2,2,1,4,0,0
2015-16,21500714,2,1610612746,6,8,5,3,2,3,1
2015-16,21500714,3,1610612741,4,5,4,2,2,1,0
2015-16,21500714,3,1610612746,8,8,6,1,6,2,1
2015-16,21500714,4,1610612741,2,3,1,2,0,2,0
2015-16,21500714,4,1610612746,4,2,2,2,2,0,0
2015-16,21500715,1,1610612737,4,3,2,2,2,1,0
2015-16,21500715,1,1610612748,3,3,3,2,1,0,0
2015-16,21500715,2,1610612737,6,8,8,3,3,0,0
2015-16,21500715,2,1610612748,5,7,6,3,1,1,1
2015-16,21500715,3,1610612737,6,9,8,3,2,1,1
2015-16,21500715,3,1610612748,5,6,5,3,2,1,0
2015-16,21500715,4,1610612737,7,12,10,4,2,2,1
2015-16,21500715,4,1610612748,7,10,8,4,2,2,1
2015-16,21500716,1,1610612738,4,1,1,1,3,0,0
2015-16,21500716,1,1610612753,2,2,2,1,1,0,0
2015-16,21500716,2,1610612738,5,4,3,1,4,1,0
2015-16,21500716,2,1610612753,4,7,3,4,0,4,0
2015-16,21500716,3,1610612738,7,13,11,5,1,2,1
2015-16,21500716,3,1610612753,5,5,3,1,4,2,0
2015-16,21500716,4,1610612738,6,7,5,3,2,2,1
2015-16,21500716,4,1610612753,11,21,13,3,6,8,2
2015-16,21500717,1,1610612742,3,4,3,2,1,1,0
2015-16,21500717,1,1610612756,3,5,5,2,1,0,0
2015-16,21500717,2,1610612742,5,5,5,2,2,0,1
2015-16,21500717,2,1610612756,7,9,5,2,3,4,2
2015-16,21500717,3,1610612742,4,4,3,2,2,1,0
2015-16,21500717,3,1610612756,3,6,6,2,1,0,0
2015-16,21500717,4,1610612742,7,10,10,2,3,0,2
2015-16,21500717,4,1610612756,3,4,3,2,1,1,0
2015-16,21500718,1,1610612744,3,4,1,2,1,3,0
2015-16,21500718,1,1610612752,2,5,5,2,0,0,0
2015-16,21500718,2,1610612744,7,7,5,3,4,2,0
2015-16,21500718,2,1610612752,5,7,7,3,2,0,0
2015-16,21500718,3,1610612744,0,0,0,0,0,0,0
2015-16,21500718,3,1610612752,7,10,7,4,2,3,1
2015-16,21500718,4,1610612744,9,12,10,4,4,2,0
2015-16,21500718,4,1610612752,3,4,4,3,0,0,0
2015-16,21500719,1,1610612750,7,12,9,4,3,3,0
2015-16,21500719,1,1610612757,5,8,7,4,1,1,0
2015-16,21500719,2,1610612750,2,1,0,1,1,1,0
2015-16,21500719,2,1610612757,5,6,5,3,1,1,1
2015-16,21500719,3,1610612750,7,13,8,6,1,5,0
2015-16,21500719,3,1610612757,2,0,0,0,2,0,0
2015-16,21500719,4,1610612750,4,2,2,1,3,0,0
2015-16,21500719,4,1610612757,9,16,14,5,4,2,0
2015-16,21500720,1,1610612747,3,2,2,1,1,0,1
2015-16,21500720,1,1610612766,2,3,1,1,1,2,0
2015-16,21500720,2,1610612747,4,7,7,3,0,0,1
2015-16,21500720,2,1610612766,8,13,8,5,3,5,0
2015-16,21500720,3,1610612747,3,6,4,3,0,2,0
2015-16,21500720,3,1610612766,5,8,6,2,1,2,1
2015-16,21500720,4,1610612747,5,8,7,3,2,1,0
2015-16,21500720,4,1610612766,2,2,1,1,1,1,0
2015-16,21500721,1,1610612739,1,2,1,1,0,1,0
2015-16,21500721,1,1610612754,2,2,1,0,1,1,0
2015-16,21500721,2,1610612739,7,7,5,2,4,2,1
2015-16,21500721,2,1610612754,4,3,3,2,2,0,0
2015-16,21500721,3,1610612739,5,4,3,2,2,1,1
2015-16,21500721,3,1610612754,6,6,5,2,3,1,0
2015-16,21500721,4,1610612739,4,4,1,2,2,3,0
2015-16,21500721,4,1610612754,4,1,1,1,1,0,2
2015-16,21500722,1,1610612751,4,2,1,1,3,1,0
2015-16,21500722,1,1610612765,4,4,3,3,1,1,0
2015-16,21500722,2,1610612751,5,6,5,3,1,1,1
2015-16,21500722,2,1610612765,4,4,3,2,1,1,1
2015-16,21500722,3,1610612751,3,4,4,2,1,0,0
2015-16,21500722,3,1610612765,3,3,3,2,1,0,0
2015-16,21500722,4,1610612751,2,3,3,2,0,0,0
2015-16,21500722,4,1610612765,4,5,2,2,2,3,0
2015-16,21500723,1,1610612737,3,6,5,3,0,1,0
2015-16,21500723,1,1610612742,5,9,6,5,0,3,0
2015-16,21500723,2,1610612737,3,0,0,0,3,0,0
2015-16,21500723,2,1610612742,5,8,6,3,2,2,0
2015-16,21500723,3,1610612737,5,7,4,2,3,3,0
2015-16,21500723,3,1610612742,6,8,6,3,3,2,0
2015-16,21500723,4,1610612737,5,6,5,2,3,1,0
2015-16,21500723,4,1610612742,8,13,10,6,0,3,2
2015-16,21500724,1,1610612740,4,5,2,2,1,3,1
2015-16,21500724,1,1610612763,3,4,2,2,1,2,0
2015-16,21500724,2,1610612740,5,5,3,2,3,2,0
2015-16,21500724,2,1610612763,4,4,4,2,2,0,0
2015-16,21500724,3,1610612740,4,2,2,1,1,0,2
2015-16,21500724,3,1610612763,2,3,3,2,0,0,0
2015-16,21500724,4,1610612740,6,9,6,4,0,3,2
2015-16,21500724,4,1610612763,5,7,6,4,1,1,0
2015-16,21500725,1,1610612760,1,1,0,1,0,1,0
2015-16,21500725,1,1610612764,2,1,1,1,1,0,0
2015-16,21500725,2,1610612760,6,9,8,4,2,1,0
2015-16,21500725,2,1610612764,8,9,6,2,5,3,1
2015-16,21500725,3,1610612760,6,9,5,6,0,4,0
2015-16,21500725,3,1610612764,3,2,2,1,0,0,1
2015-16,21500725,4,1610612760,5,8,8,3,2,0,0
2015-16,21500725,4,1610612764,3,3,2,2,0,1,1
2015-16,21500726,1,1610612753,1,0,0,0,1,0,0
2015-16,21500726,1,1610612759,3,6,6,3,0,0,0
2015-16,21500726,2,1610612753,5,3,1,2,2,2,1
2015-16,21500726,2,1610612759,3,2,1,1,2,1,0
2015-16,21500726,3,1610612753,3,4,4,2,1,0,0
2015-16,21500726,3,1610612759,5,8,6,4,1,2,0
2015-16,21500726,4,1610612753,4,4,4,2,2,0,0
2015-16,21500726,4,1610612759,6,5,5,2,4,0,0
2015-16,21500727,1,1610612743,4,1,1,1,3,0,0
2015-16,21500727,1,1610612761,4,6,5,2,1,1,1
2015-16,21500727,2,1610612743,5,4,4,2,3,0,0
2015-16,21500727,2,1610612761,9,17,11,7,0,6,2
2015-16,21500727,3,1610612743,6,8,5,2,3,3,1
2015-16,21500727,3,1610612761,3,4,1,2,1,3,0
2015-16,21500727,4,1610612743,2,2,2,1,1,0,0
2015-16,21500727,4,1610612761,7,12,10,5,1,2,0
2015-16,21500728,1,1610612741,5,9,6,4,1,3,0
2015-16,21500728,1,1610612762,2,3,3,1,1,0,0
2015-16,21500728,2,1610612741,3,2,2,0,3,0,0
2015-16,21500728,2,1610612762,5,8,5,4,1,3,0
2015-16,21500728,3,1610612741,4,2,1,1,3,1,0
2015-16,21500728,3,1610612762,4,2,2,1,3,0,0
2015-16,21500728,4,1610612741,3,1,1,0,3,0,0
2015-16,21500728,4,1610612762,8,12,8,5,3,4,0
2015-16,21500729,1,1610612749,5,6,6,4,1,0,0
2015-16,21500729,1,1610612758,4,5,4,2,2,1,0
2015-16,21500729,2,1610612749,4,5,2,3,1,3,0
2015-16,21500729,2,1610612758,6,5,4,2,4,1,0
2015-16,21500729,3,1610612749,4,2,1,2,2,1,0
2015-16,21500729,3,1610612758,5,4,3,2,3,1,0
2015-16,21500729,4,1610612749,3,4,3,2,1,1,0
2015-16,21500729,4,1610612758,11,16,13,1,10,3,0
2015-16,21500730,1,1610612738,5,9,7,2,2,2,0
2015-16,21500730,1,1610612752,5,4,3,1,4,1,0
2015-16,21500730,2,1610612738,3,4,4,2,0,0,1
2015-16,21500730,2,1610612752,5,10,7,5,0,3,0
2015-16,21500730,3,1610612738,2,2,1,1,1,1,0
2015-16,21500730,3,1610612752,5,7,5,2,2,2,0
2015-16,21500730,4,1610612738,4,2,2,1,1,0,2
2015-16,21500730,4,1610612752,5,7,6,3,2,1,0
2015-16,21500731,1,1610612745,2,2,2,1,0,0,1
2015-16,21500731,1,1610612748,3,3,3,2,0,0,1
2015-16,21500731,2,1610612745,3,2,1,1,1,1,1
2015-16,21500731,2,1610612748,6,10,7,4,2,3,0
2015-16,21500731,3,1610612745,5,6,3,3,1,3,1
2015-16,21500731,3,1610612748,1,2,2,1,0,0,0
2015-16,21500731,4,1610612745,6,6,5,3,3,1,0
2015-16,21500731,4,1610612748,7,12,8,3,4,4,0
2015-16,21500732,1,1610612756,5,7,6,4,1,1,0
2015-16,21500732,1,1610612761,6,7,6,3,3,1,0
2015-16,21500732,2,1610612756,4,4,3,2,2,1,0
2015-16,21500732,2,1610612761,5,7,6,3,1,1,1
2015-16,21500732,3,1610612756,5,2,1,1,4,1,0
2015-16,21500732,3,1610612761,6,10,7,5,1,3,0
2015-16,21500732,4,1610612756,4,2,1,1,3,1,0
2015-16,21500732,4,1610612761,6,8,6,2,4,2,0
2015-16,21500733,1,1610612749,6,11,7,6,0,4,0
2015-16,21500733,1,1610612757,1,1,0,1,0,1,0
2015-16,21500733,2,1610612749,3,3,1,2,0,2,1
2015-16,21500733,2,1610612757,8,14,10,6,2,4,0
2015-16,21500733,3,1610612749,4,4,3,2,2,1,0
2015-16,21500733,3,1610612757,3,6,4,3,0,2,0
2015-16,21500733,4,1610612749,5,6,3,3,2,3,0
2015-16,21500733,4,1610612757,5,4,4,2,3,0,0
2015-16,21500734,1,1610612747,4,6,4,3,0,2,1
2015-16,21500734,1,1610612750,3,1,0,1,2,1,0
2015-16,21500734,2,1610612747,6,13,10,6,0,3,0
2015-16,21500734,2,1610612750,9,12,10,3,5,2,1
2015-16,21500734,3,1610612747,6,10,7,4,2,3,0
2015-16,21500734,3,1610612750,5,6,3,4,1,3,0
2015-16,21500734,4,1610612747,5,6,6,0,5,0,0
2015-16,21500734,4,1610612750,5,6,6,3,2,0,0
2015-16,21500735,1,1610612739,1,0,0,0,0,0,1
2015-16,21500735,1,1610612766,3,5,4,2,1,1,0
2015-16,21500735,2,1610612739,5,8,6,4,1,2,0
2015-16,21500735,2,1610612766,6,6,4,2,3,2,0
2015-16,21500735,3,1610612739,3,1,1,1,1,0,1
2015-16,21500735,3,1610612766,4,5,4,3,1,1,0
2015-16,21500735,4,1610612739,3,5,4,2,1,1,0
2015-16,21500735,4,1610612766,6,7,7,2,3,0,1
2015-16,21500736,1,1610612737,6,7,3,3,3,4,0
2015-16,21500736,1,1610612755,2,3,2,1,1,1,0
2015-16,21500736,2,1610612737,7,11,10,4,1,1,2
2015-16,21500736,2,1610612755,2,1,0,1,1,1,0
2015-16,21500736,3,1610612737,3,6,4,3,0,2,0
2015-16,21500736,3,1610612755,4,7,6,3,1,1,0
2015-16,21500736,4,1610612737,3,1,1,1,2,0,0
2015-16,21500736,4,1610612755,3,3,2,2,1,1,0
2015-16,21500737,1,1610612738,4,0,0,0,2,0,2
2015-16,21500737,1,1610612765,4,6,4,3,1,2,0
2015-16,21500737,2,1610612738,6,7,5,4,2,2,0
2015-16,21500737,2,1610612765,6,6,4,2,4,2,0
2015-16,21500737,3,1610612738,2,1,1,1,1,0,0
2015-16,21500737,3,1610612765,2,2,1,1,1,1,0
2015-16,21500737,4,1610612738,5,5,5,2,3,0,0
2015-16,21500737,4,1610612765,8,14,11,5,2,3,1
2015-16,21500738,1,1610612751,3,6,4,3,0,2,0
2015-16,21500738,1,1610612754,1,0,0,0,1,0,0
2015-16,21500738,2,1610612751,6,8,6,3,3,2,0
2015-16,21500738,2,1610612754,5,6,6,2,2,0,1
2015-16,21500738,3,1610612751,6,12,7,5,1,5,0
2015-16,21500738,3,1610612754,5,7,5,2,2,2,1
2015-16,21500738,4,1610612751,5,5,4,3,1,1,1
2015-16,21500738,4,1610612754,6,4,3,3,3,1,0
2015-16,21500739,1,1610612744,4,5,3,2,1,2,0
2015-16,21500739,1,1610612764,2,2,2,1,1,0,0
2015-16,21500739,2,1610612744,6,8,4,3,3,4,0
2015-16,21500739,2,1610612764,7,8,7,4,3,1,0
2015-16,21500739,3,1610612744,8,14,8,4,3,6,1
2015-16,21500739,3,1610612764,8,11,7,5,1,4,2
2015-16,21500739,4,1610612744,3,2,1,1,1,1,1
2015-16,21500739,4,1610612764,7,9,5,4,3,4,0
2015-16,21500740,1,1610612753,1,0,0,0,1,0,0
2015-16,21500740,1,1610612760,4,4,4,2,2,0,0
2015-16,21500740,2,1610612753,5,6,6,3,0,0,1
2015-16,21500740,2,1610612760,5,8,5,3,1,3,0
2015-16,21500740,3,1610612753,4,4,2,2,2,2,0
2015-16,21500740,3,1610612760,7,13,11,6,1,2,0
2015-16,21500740,4,1610612753,5,2,2,1,4,0,0
2015-16,21500740,4,1610612760,1,0,0,0,1,0,0
2015-16,21500741,1,1610612742,2,3,3,2,0,0,0
2015-16,21500741,1,1610612748,6,7,5,4,2,2,0
2015-16,21500741,2,1610612742,6,7,5,3,3,2,0
2015-16,21500741,2,1610612748,2,4,3,1,0,1,0
2015-16,21500741,3,1610612742,4,2,1,1,2,1,1
2015-16,21500741,3,1610612748,2,4,3,2,0,1,0
2015-16,21500741,4,1610612742,6,7,5,3,2,2,1
2015-16,21500741,4,1610612748,6,8,6,2,3,2,1
2015-16,21500742,1,1610612740,2,2,2,1,1,0,0
2015-16,21500742,1,1610612759,4,4,3,2,2,1,0
2015-16,21500742,2,1610612740,4,2,2,1,2,0,1
2015-16,21500742,2,1610612759,7,6,6,2,5,0,0
2015-16,21500742,3,1610612740,3,6,5,3,0,1,0
2015-16,21500742,3,1610612759,4,0,0,0,2,0,2
2015-16,21500742,4,1610612740,3,4,3,2,1,1,0
2015-16,21500742,4,1610612759,6,8,8,4,2,0,0
2015-16,21500743,1,1610612743,2,3,2,2,0,1,0
2015-16,21500743,1,1610612762,4,0,0,0,4,0,0
2015-16,21500743,2,1610612743,6,12,9,3,2,3,0
2015-16,21500743,2,1610612762,3,4,2,2,0,2,0
2015-16,21500743,3,1610612743,4,6,4,3,0,2,0
2015-16,21500743,3,1610612762,3,2,2,1,1,0,1
2015-16,21500743,4,1610612743,7,12,10,3,2,2,1
2015-16,21500743,4,1610612762,8,14,10,3,5,4,0
2015-16,21500744,1,1610612741,4,4,4,2,1,0,1
2015-16,21500744,1,1610612758,3,1,1,1,1,0,1
2015-16,21500744,2,1610612741,4,4,2,1,2,2,0
2015-16,21500744,2,1610612758,4,3,2,2,1,1,1
2015-16,21500744,3,1610612741,3,1,1,1,2,0,0
2015-16,21500744,3,1610612758,5,4,2,2,3,2,0
2015-16,21500744,4,1610612741,7,12,9,3,4,3,0
2015-16,21500744,4,1610612758,8,11,7,4,4,4,0
2015-16,21500745,1,1610612746,6,10,7,5,1,3,0
2015-16,21500745,1,1610612750,3,0,0,0,3,0,0
2015-16,21500745,2,1610612746,3,5,4,2,1,1,0
2015-16,21500745,2,1610612750,4,3,1,1,3,2,0
2015-16,21500745,3,1610612746,5,7,3,4,1,4,0
2015-16,21500745,3,1610612750,4,4,4,2,2,0,0
2015-16,21500745,4,1610612746,8,12,11,3,5,1,0
2015-16,21500745,4,1610612750,10,19,17,5,3,2,2
2015-16,21500746,1,1610612752,3,4,2,2,1,2,0
2015-16,21500746,1,1610612765,4,5,3,1,3,2,0
2015-16,21500746,2,1610612752,8,12,8,5,3,4,0
2015-16,21500746,2,1610612765,7,11,9,4,3,2,0
2015-16,21500746,3,1610612752,8,14,13,5,3,1,0
2015-16,21500746,3,1610612765,2,0,0,0,1,0,1
2015-16,21500746,4,1610612752,3,4,4,2,0,0,1
2015-16,21500746,4,1610612765,11,17,10,3,7,7,0
2015-16,21500747,1,1610612740,6,10,4,5,1,6,0
2015-16,21500747,1,1610612747,3,3,1,2,1,2,0
2015-16,21500747,2,1610612740,5,6,3,3,1,3,1
2015-16,21500747,2,1610612747,6,7,6,3,2,1,1
2015-16,21500747,3,1610612740,5,4,3,3,2,1,0
2015-16,21500747,3,1610612747,6,7,6,3,3,1,0
2015-16,21500747,4,1610612740,5,6,4,3,2,2,0
2015-16,21500747,4,1610612747,5,3,1,1,4,2,0
2015-16,21500748,1,1610612757,6,8,5,4,2,3,0
2015-16,21500748,1,1610612761,4,7,5,3,0,2,1
2015-16,21500748,2,1610612757,3,3,3,2,1,0,0
2015-16,21500748,2,1610612761,4,2,2,1,3,0,0
2015-16,21500748,3,1610612757,4,6,4,3,1,2,0
2015-16,21500748,3,1610612761,4,1,1,1,3,0,0
2015-16,21500748,4,1610612757,5,6,5,3,2,1,0
2015-16,21500748,4,1610612761,7,15,10,2,4,5,0
2015-16,21500749,1,1610612745,5,4,4,2,3,0,0
2015-16,21500749,1,1610612756,6,7,7,3,3,0,0
2015-16,21500749,2,1610612745,8,13,11,5,2,2,1
2015-16,21500749,2,1610612756,8,13,12,4,3,1,0
2015-16,21500749,3,1610612745,5,5,3,3,2,2,0
2015-16,21500749,3,1610612756,4,5,4,3,0,1,1
2015-16,21500749,4,1610612745,6,10,4,4,2,6,0
2015-16,21500749,4,1610612756,4,7,7,3,1,0,0
2015-16,21500750,1,1610612737,3,2,2,1,2,0,0
2015-16,21500750,1,1610612754,1,0,0,0,1,0,0
2015-16,21500750,2,1610612737,4,6,5,3,0,1,1
2015-16,21500750,2,1610612754,3,2,2,1,2,0,0
2015-16,21500750,3,1610612737,3,5,1,3,0,4,0
2015-16,21500750,3,1610612754,5,5,4,2,3,1,0
2015-16,21500750,4,1610612737,7,7,6,1,5,1,1
2015-16,21500750,4,1610612754,4,2,1,1,3,1,0
2015-16,21500751,1,1610612748,4,5,3,3,1,2,0
2015-16,21500751,1,1610612766,5,8,7,5,0,1,0
2015-16,21500751,2,1610612748,4,6,4,3,0,2,0
2015-16,21500751,2,1610612766,4,0,0,0,4,0,0
2015-16,21500751,3,1610612748,3,3,2,2,1,1,0
2015-16,21500751,3,1610612766,2,2,2,1,1,0,0
2015-16,21500751,4,1610612748,4,4,3,2,2,1,0
2015-16,21500751,4,1610612766,5,5,4,2,2,1,1
2015-16,21500752,1,1610612746,6,10,9,2,4,1,0
2015-16,21500752,1,1610612753,5,7,5,3,2,2,0
2015-16,21500752,2,1610612746,4,2,1,1,3,1,0
2015-16,21500752,2,1610612753,2,2,1,1,1,1,0
2015-16,21500752,3,1610612746,5,8,6,4,1,2,0
2015-16,21500752,3,1610612753,6,9,8,5,1,1,0
2015-16,21500752,4,1610612746,3,3,3,2,1,0,0
2015-16,21500752,4,1610612753,8,10,7,1,6,3,1
2015-16,21500753,1,1610612755,3,3,3,2,1,0,0
2015-16,21500753,1,1610612764,6,4,3,3,3,1,0
2015-16,21500753,2,1610612755,5,7,4,2,3,3,0
2015-16,21500753,2,1610612764,6,10,4,4,1,6,1
2015-16,21500753,3,1610612755,2,3,3,1,1,0,0
2015-16,21500753,3,1610612764,2,2,2,1,0,0,1
2015-16,21500753,4,1610612755,4,1,1,1,2,0,1
2015-16,21500753,4,1610612764,2,4,3,2,0,1,0
2015-16,21500754,1,1610612751,5,4,3,1,4,1,0
2015-16,21500754,1,1610612758,2,0,0,0,2,0,0
2015-16,21500754,2,1610612751,4,5,5,3,1,0,0
2015-16,21500754,2,1610612758,5,10,9,4,1,1,0
2015-16,21500754,3,1610612751,5,4,4,3,2,0,0
2015-16,21500754,3,1610612758,3,4,4,2,1,0,0
2015-16,21500754,4,1610612751,4,2,2,1,3,0,0
2015-16,21500754,4,1610612758,8,8,8,4,3,0,0
2015-16,21500755,1,1610612738,4,4,4,2,2,0,0
2015-16,21500755,1,1610612739,5,8,5,3,1,3,1
2015-16,21500755,2,1610612738,3,4,4,2,1,0,0
2015-16,21500755,2,1610612739,6,5,2,3,2,3,1
2015-16,21500755,3,1610612738,3,3,3,2,1,0,0
2015-16,21500755,3,1610612739,4,5,2,3,1,3,0
2015-16,21500755,4,1610612738,10,14,10,6,3,4,1
2015-16,21500755,4,1610612739,10,17,12,5,3,5,2
2015-16,21500756,1,1610612752,3,2,1,1,2,1,0
2015-16,21500756,1,1610612763,6,10,8,3,3,2,0
2015-16,21500756,2,1610612752,3,4,3,2,1,1,0
2015-16,21500756,2,1610612763,3,3,3,2,0,0,1
2015-16,21500756,3,1610612752,6,5,5,2,2,0,2
2015-16,21500756,3,1610612763,4,2,2,1,2,0,0
2015-16,21500756,4,1610612752,4,6,6,2,0,0,1
2015-16,21500756,4,1610612763,7,9,8,1,4,1,2
2015-16,21500757,1,1610612741,4,5,2,3,1,3,0
2015-16,21500757,1,1610612743,7,10,9,4,2,1,1
2015-16,21500757,2,1610612741,10,14,11,7,2,3,1
2015-16,21500757,2,1610612743,6,9,6,4,2,3,0
2015-16,21500757,3,1610612741,4,5,4,3,0,1,1
2015-16,21500757,3,1610612743,7,10,8,5,1,2,1
2015-16,21500757,4,1610612741,5,3,2,1,2,1,2
2015-16,21500757,4,1610612743,11,15,8,4,4,7,3
2015-16,21500758,1,1610612749,1,2,1,1,0,1,0
2015-16,21500758,1,1610612762,5,6,5,2,3,1,0
2015-16,21500758,2,1610612749,5,5,4,2,3,1,0
2015-16,21500758,2,1610612762,3,5,4,2,1,1,0
2015-16,21500758,3,1610612749,4,6,4,3,1,2,0
2015-16,21500758,3,1610612762,2,2,1,0,0,1,1
2015-16,21500758,4,1610612749,7,8,5,3,3,3,1
2015-16,21500758,4,1610612762,6,10,6,3,3,4,0
2015-16,21500759,1,1610612742,4,4,2,2,2,2,0
2015-16,21500759,1,1610612759,4,2,2,1,3,0,0
2015-16,21500759,2,1610612742,2,0,0,0,2,0,0
2015-16,21500759,2,1610612759,6,8,8,3,1,0,0
2015-16,21500759,3,1610612742,6,10,9,3,3,1,0
2015-16,21500759,3,1610612759,6,7,6,1,5,1,0
2015-16,21500759,4,1610612742,7,13,10,6,1,3,0
2015-16,21500759,4,1610612759,5,8,6,4,1,2,0
2015-16,21500760,1,1610612745,2,2,2,1,1,0,0
2015-16,21500760,1,1610612757,4,3,2,1,3,1,0
2015-16,21500760,2,1610612745,7,10,5,4,3,5,0
2015-16,21500760,2,1610612757,8,14,9,5,2,5,0
2015-16,21500760,3,1610612745,5,8,7,3,1,1,1
2015-16,21500760,3,1610612757,3,2,2,1,2,0,0
2015-16,21500760,4,1610612745,6,10,8,4,1,2,1
2015-16,21500760,4,1610612757,3,4,2,2,0,2,1
2015-16,21500761,1,1610612764,3,4,3,1,2,1,0
2015-16,21500761,1,1610612766,2,0,0,0,2,0,0
2015-16,21500761,2,1610612764,6,8,6,5,1,2,0
2015-16,21500761,2,1610612766,5,9,7,4,0,2,1
2015-16,21500761,3,1610612764,4,2,2,1,2,0,1
2015-16,21500761,3,1610612766,5,5,4,2,2,1,0
2015-16,21500761,4,1610612764,5,10,8,4,1,2,0
2015-16,21500761,4,1610612766,8,11,9,3,4,2,1
2015-16,21500762,1,1610612754,3,2,2,1,2,0,0
2015-16,21500762,1,1610612765,4,6,4,2,2,2,0
2015-16,21500762,2,1610612754,7,7,5,2,4,2,1
2015-16,21500762,2,1610612765,5,7,4,3,1,3,1
2015-16,21500762,3,1610612754,6,11,9,4,2,2,0
2015-16,21500762,3,1610612765,5,8,5,3,2,3,0
2015-16,21500762,4,1610612754,6,9,8,2,4,1,0
2015-16,21500762,4,1610612765,8,10,3,3,4,7,1
2015-16,21500763,1,1610612739,4,0,0,0,3,0,1
2015-16,21500763,1,1610612740,2,2,1,1,1,1,0
2015-16,21500763,2,1610612739,3,2,2,1,2,0,0
2015-16,21500763,2,1610612740,3,4,3,2,1,1,0
2015-16,21500763,3,1610612739,1,0,0,0,0,0,1
2015-16,21500763,3,1610612740,5,4,2,1,4,2,0
2015-16,21500763,4,1610612739,6,5,5,2,4,0,0
2015-16,21500763,4,1610612740,4,6,5,3,1,1,0
2015-16,21500764,1,1610612751,4,4,2,2,2,2,0
2015-16,21500764,1,1610612755,2,2,2,0,2,0,0
2015-16,21500764,2,1610612751,5,4,4,2,3,0,0
2015-16,21500764,2,1610612755,4,5,5,2,1,0,1
2015-16,21500764,3,1610612751,2,1,1,1,1,0,0
2015-16,21500764,3,1610612755,0,0,0,0,0,0,0
2015-16,21500764,4,1610612751,10,17,16,4,5,1,1
2015-16,21500764,4,1610612755,10,15,10,2,8,5,0
2015-16,21500765,1,1610612742,6,8,6,4,2,2,0
2015-16,21500765,1,1610612763,4,5,2,2,0,3,2
2015-16,21500765,2,1610612742,4,6,4,3,1,2,0
2015-16,21500765,2,1610612763,7,9,6,2,4,3,1
2015-16,21500765,3,1610612742,7,13,8,6,1,5,0
2015-16,21500765,3,1610612763,2,1,1,1,1,0,0
2015-16,21500765,4,1610612742,4,4,3,2,1,1,1
2015-16,21500765,4,1610612763,5,3,2,2,2,1,1
2015-16,21500766,1,1610612741,0,0,0,0,0,0,0
2015-16,21500766,1,1610612750,1,2,2,1,0,0,0
2015-16,21500766,2,1610612741,4,5,5,3,1,0,0
2015-16,21500766,2,1610612750,0,0,0,0,0,0,0
2015-16,21500766,3,1610612741,6,9,8,4,2,1,0
2015-16,21500766,3,1610612750,9,14,13,5,4,1,0
2015-16,21500766,4,1610612741,5,5,4,3,1,1,1
2015-16,21500766,4,1610612750,5,6,6,3,1,0,1
2015-16,21500767,1,1610612747,4,4,4,2,2,0,0
2015-16,21500767,1,1610612759,4,6,6,3,1,0,0
2015-16,21500767,2,1610612747,7,13,11,4,1,2,2
2015-16,21500767,2,1610612759,9,8,6,5,4,2,0
2015-16,21500767,3,1610612747,4,4,4,2,2,0,0
2015-16,21500767,3,1610612759,5,5,5,3,2,0,0
2015-16,21500767,4,1610612747,4,6,5,2,1,1,1
2015-16,21500767,4,1610612759,3,6,3,2,1,3,0
2015-16,21500768,1,1610612756,3,2,2,1,2,0,0
2015-16,21500768,1,1610612762,3,7,6,2,1,1,0
2015-16,21500768,2,1610612756,5,8,6,4,1,2,0
2015-16,21500768,2,1610612762,3,3,3,1,2,0,0
2015-16,21500768,3,1610612756,8,8,6,2,6,2,0
2015-16,21500768,3,1610612762,3,3,3,2,1,0,0
2015-16,21500768,4,1610612756,7,8,6,1,5,2,1
2015-16,21500768,4,1610612762,13,18,13,2,10,5,1
2015-16,21500769,1,1610612744,2,5,5,2,0,0,0
2015-16,21500769,1,1610612760,3,4,4,2,0,0,1
2015-16,21500769,2,1610612744,7,9,5,6,1,4,0
2015-16,21500769,2,1610612760,8,14,9,5,2,5,1
2015-16,21500769,3,1610612744,3,0,0,0,3,0,0
2015-16,21500769,3,1610612760,6,8,7,4,2,1,0
2015-16,21500769,4,1610612744,4,6,3,3,1,3,0
2015-16,21500769,4,1610612760,6,11,9,4,2,2,0
2015-16,21500770,1,1610612743,6,8,5,4,2,3,0
2015-16,21500770,1,1610612752,3,5,2,3,0,3,0
2015-16,21500770,2,1610612743,7,8,6,2,5,2,0
2015-16,21500770,2,1610612752,4,5,5,2,2,0,0
2015-16,21500770,3,1610612743,4,4,4,2,2,0,0
2015-16,21500770,3,1610612752,3,0,0,0,3,0,0
2015-16,21500770,4,1610612743,6,8,7,2,3,1,1
2015-16,21500770,4,1610612752,6,10,7,3,3,3,0
2015-16,21500771,1,1610612737,3,2,2,0,2,0,1
2015-16,21500771,1,1610612753,3,4,4,1,1,0,1
2015-16,21500771,2,1610612737,5,9,8,4,1,1,0
2015-16,21500771,2,1610612753,3,2,2,1,1,0,1
2015-16,21500771,3,1610612737,4,4,1,1,3,3,0
2015-16,21500771,3,1610612753,3,4,3,2,1,1,0
2015-16,21500771,4,1610612737,0,0,0,0,0,0,0
2015-16,21500771,4,1610612753,3,2,2,0,2,0,1
2015-16,21500772,1,1610612746,6,9,5,3,1,4,2
2015-16,21500772,1,1610612748,4,4,2,1,2,2,1
2015-16,21500772,2,1610612746,2,5,4,2,0,1,0
2015-16,21500772,2,1610612748,5,4,3,2,3,1,0
2015-16,21500772,3,1610612746,9,16,7,3,4,9,2
2015-16,21500772,3,1610612748,11,17,11,8,3,6,0
2015-16,21500772,4,1610612746,2,3,1,2,0,2,0
2015-16,21500772,4,1610612748,4,4,4,2,2,0,0
2015-16,21500773,1,1610612738,4,5,3,3,1,2,0
2015-16,21500773,1,1610612758,5,8,6,3,1,2,1
2015-16,21500773,2,1610612738,3,0,0,0,2,0,1
2015-16,21500773,2,1610612758,4,4,4,2,1,0,1
2015-16,21500773,3,1610612738,3,0,0,0,3,0,0
2015-16,21500773,3,1610612758,6,7,5,3,3,2,0
2015-16,21500773,4,1610612738,8,10,10,4,4,0,0
2015-16,21500773,4,1610612758,3,0,0,0,3,0,0
2015-16,21500774,1,1610612741,3,0,0,0,3,0,0
2015-16,21500774,1,1610612766,5,7,5,3,0,2,2
2015-16,21500774,2,1610612741,5,7,4,4,0,3,1
2015-16,21500774,2,1610612766,5,11,8,4,0,3,0
2015-16,21500774,3,1610612741,1,2,2,1,0,0,0
2015-16,21500774,3,1610612766,7,8,7,1,5,1,0
2015-16,21500774,4,1610612741,5,5,5,3,1,0,1
2015-16,21500774,4,1610612766,4,5,4,3,1,1,0
2015-16,21500775,1,1610612739,7,6,5,3,4,1,0
2015-16,21500775,1,1610612758,4,5,2,3,0,3,0
2015-16,21500775,2,1610612739,4,6,4,3,1,2,0
2015-16,21500775,2,1610612758,5,5,3,2,3,2,0
2015-16,21500775,3,1610612739,4,4,3,1,3,1,0
2015-16,21500775,3,1610612758,4,2,1,1,3,1,0
2015-16,21500775,4,1610612739,4,3,2,2,2,1,0
2015-16,21500775,4,1610612758,11,17,13,6,5,4,0
2015-16,21500776,1,1610612747,4,6,4,3,1,2,0
2015-16,21500776,1,1610612754,5,8,4,4,0,4,1
2015-16,21500776,2,1610612747,5,7,5,2,3,2,0
2015-16,21500776,2,1610612754,7,11,8,6,1,3,0
2015-16,21500776,3,1610612747,6,8,8,5,1,0,0
2015-16,21500776,3,1610612754,2,2,2,1,1,0,0
2015-16,21500776,4,1610612747,4,5,4,3,1,1,0
2015-16,21500776,4,1610612754,9,12,9,4,4,3,1
2015-16,21500777,1,1610612746,6,4,3,3,2,1,1
2015-16,21500777,1,1610612755,3,2,2,1,2,0,0
2015-16,21500777,2,1610612746,12,15,11,2,10,4,0
2015-16,21500777,2,1610612755,5,11,11,4,1,0,0
2015-16,21500777,3,1610612746,4,2,1,1,3,1,0
2015-16,21500777,3,1610612755,5,1,0,1,3,1,1
2015-16,21500777,4,1610612746,6,8,6,3,2,2,1
2015-16,21500777,4,1610612755,5,4,3,1,3,1,1
2015-16,21500778,1,1610612743,1,2,2,1,0,0,0
2015-16,21500778,1,1610612751,1,0,0,0,1,0,0
2015-16,21500778,2,1610612743,3,3,2,1,2,1,0
2015-16,21500778,2,1610612751,7,7,6,3,3,1,1
2015-16,21500778,3,1610612743,3,4,4,2,0,0,1
2015-16,21500778,3,1610612751,3,6,5,2,1,1,0
2015-16,21500778,4,1610612743,3,4,3,2,1,1,0
2015-16,21500778,4,1610612751,2,2,1,1,1,1,0
2015-16,21500779,1,1610612761,5,4,4,1,4,0,0
2015-16,21500779,1,1610612765,4,5,3,2,2,2,0
2015-16,21500779,2,1610612761,4,2,2,1,3,0,0
2015-16,21500779,2,1610612765,4,2,2,1,2,0,1
2015-16,21500779,3,1610612761,3,5,3,2,1,2,0
2015-16,21500779,3,1610612765,6,8,2,3,3,6,0
2015-16,21500779,4,1610612761,4,6,5,4,0,1,0
2015-16,21500779,4,1610612765,5,2,2,0,5,0,0
2015-16,21500780,1,1610612737,4,3,1,1,3,2,0
2015-16,21500780,1,1610612753,1,0,0,0,1,0,0
2015-16,21500780,2,1610612737,6,7,5,3,3,2,0
2015-16,21500780,2,1610612753,5,5,4,1,2,1,2
2015-16,21500780,3,1610612737,4,4,3,2,2,1,0
2015-16,21500780,3,1610612753,3,1,1,1,2,0,0
2015-16,21500780,4,1610612737,4,3,2,2,2,1,0
2015-16,21500780,4,1610612753,4,4,2,2,1,2,1
2015-16,21500781,1,1610612757,4,5,4,2,1,1,0
2015-16,21500781,1,1610612763,4,3,3,2,2,0,0
2015-16,21500781,2,1610612757,4,1,1,1,3,0,0
2015-16,21500781,2,1610612763,4,5,4,2,2,1,0
2015-16,21500781,3,1610612757,5,4,3,2,1,1,2
2015-16,21500781,3,1610612763,5,6,3,2,3,3,0
2015-16,21500781,4,1610612757,6,6,2,2,3,4,1
2015-16,21500781,4,1610612763,4,5,3,2,1,2,1
2015-16,21500782,1,1610612740,5,3,2,2,3,1,0
2015-16,21500782,1,1610612750,4,4,4,2,1,0,1
2015-16,21500782,2,1610612740,4,3,2,3,1,1,0
2015-16,21500782,2,1610612750,8,15,10,7,1,5,0
2015-16,21500782,3,1610612740,5,9,6,4,1,3,0
2015-16,21500782,3,1610612750,6,9,8,5,1,1,0
2015-16,21500782,4,1610612740,7,5,2,2,3,3,1
2015-16,21500782,4,1610612750,6,7,6,2,3,1,1
2015-16,21500783,1,1610612756,7,12,9,4,3,3,0
2015-16,21500783,1,1610612760,4,0,0,0,3,0,0
2015-16,21500783,2,1610612756,6,9,8,4,0,1,2
2015-16,21500783,2,1610612760,7,6,5,2,5,1,0
2015-16,21500783,3,1610612756,7,8,7,1,6,1,0
2015-16,21500783,3,1610612760,9,11,7,6,1,4,1
2015-16,21500783,4,1610612756,8,10,7,4,3,3,1
2015-16,21500783,4,1610612760,9,13,11,2,7,2,0
2015-16,21500784,1,1610612748,3,4,3,1,2,1,0
2015-16,21500784,1,1610612759,5,7,6,3,2,1,0
2015-16,21500784,2,1610612748,2,3,3,2,0,0,0
2015-16,21500784,2,1610612759,3,4,4,2,1,0,0
2015-16,21500784,3,1610612748,7,9,5,3,3,4,1
2015-16,21500784,3,1610612759,4,4,1,2,1,3,1
2015-16,21500784,4,1610612748,5,8,6,5,0,2,0
2015-16,21500784,4,1610612759,7,11,8,6,0,3,0
2015-16,21500785,1,1610612752,5,6,4,2,3,2,0
2015-16,21500785,1,1610612764,4,6,5,3,1,1,0
2015-16,21500785,2,1610612752,5,4,4,1,4,0,0
2015-16,21500785,2,1610612764,4,4,2,2,1,2,1
2015-16,21500785,3,1610612752,1,0,0,0,0,0,1
2015-16,21500785,3,1610612764,3,5,4,2,1,1,0
2015-16,21500785,4,1610612752,6,4,4,0,6,0,0
2015-16,21500785,4,1610612764,8,10,6,2,6,4,0
2015-16,21500786,1,1610612738,5,5,5,3,2,0,0
2015-16,21500786,1,1610612749,5,4,3,1,4,1,0
2015-16,21500786,2,1610612738,1,2,2,1,0,0,0
2015-16,21500786,2,1610612749,3,1,1,1,2,0,0
2015-16,21500786,3,1610612738,6,10,9,5,1,1,0
2015-16,21500786,3,1610612749,8,10,8,4,3,2,0
2015-16,21500786,4,1610612738,7,7,7,3,3,0,1
2015-16,21500786,4,1610612749,6,8,3,3,2,5,1
2015-16,21500787,1,1610612742,7,11,11,3,2,0,2
2015-16,21500787,1,1610612762,2,5,3,2,0,2,0
2015-16,21500787,2,1610612742,3,4,2,2,1,2,0
2015-16,21500787,2,1610612762,4,8,7,4,0,1,0
2015-16,21500787,3,1610612742,6,13,11,6,0,2,0
2015-16,21500787,3,1610612762,4,4,3,2,2,1,0
2015-16,21500787,4,1610612742,8,11,11,3,5,0,0
2015-16,21500787,4,1610612762,6,8,5,5,1,3,0
2015-16,21500788,1,1610612744,4,3,2,2,2,1,0
2015-16,21500788,1,1610612745,5,7,7,2,3,0,0
2015-16,21500788,2,1610612744,9,16,14,3,4,2,2
2015-16,21500788,2,1610612745,8,13,8,4,4,5,0
2015-16,21500788,3,1610612744,4,4,4,2,2,0,0
2015-16,21500788,3,1610612745,4,5,2,4,0,3,0
2015-16,21500788,4,1610612744,3,3,3,2,0,0,1
2015-16,21500788,4,1610612745,7,10,6,3,4,4,0
2015-16,21500789,1,1610612754,4,5,5,3,1,0,0
2015-16,21500789,1,1610612766,3,5,5,3,0,0,0
2015-16,21500789,2,1610612754,2,4,2,2,0,2,0
2015-16,21500789,2,1610612766,3,4,4,3,0,0,0
2015-16,21500789,3,1610612754,1,0,0,0,1,0,0
2015-16,21500789,3,1610612766,3,5,3,2,1,2,0
2015-16,21500789,4,1610612754,5,6,4,3,1,2,1
2015-16,21500789,4,1610612766,4,5,3,3,0,2,1
2015-16,21500790,1,1610612753,2,4,3,2,0,1,0
2015-16,21500790,1,1610612759,4,4,3,3,1,1,0
2015-16,21500790,2,1610612753,3,2,1,1,2,1,0
2015-16,21500790,2,1610612759,4,5,5,3,1,0,0
2015-16,21500790,3,1610612753,6,8,8,4,2,0,0
2015-16,21500790,3,1610612759,1,0,0,0,1,0,0
2015-16,21500790,4,1610612753,2,2,2,1,1,0,0
2015-16,21500790,4,1610612759,6,6,6,1,5,0,0
2015-16,21500791,1,1610612755,2,2,0,2,0,2,0
2015-16,21500791,1,1610612758,4,6,5,2,1,1,0
2015-16,21500791,2,1610612755,4,5,4,3,1,1,0
2015-16,21500791,2,1610612758,6,10,6,5,1,4,0
2015-16,21500791,3,1610612755,5,4,4,1,4,0,0
2015-16,21500791,3,1610612758,3,3,3,2,1,0,0
2015-16,21500791,4,1610612755,4,6,3,2,2,3,0
2015-16,21500791,4,1610612758,6,10,8,4,2,2,0
2015-16,21500792,1,1610612738,2,5,5,2,0,0,0
2015-16,21500792,1,1610612746,6,7,5,2,3,2,1
2015-16,21500792,2,1610612738,7,13,12,5,2,1,0
2015-16,21500792,2,1610612746,6,8,5,2,3,3,1
2015-16,21500792,3,1610612738,6,8,7,4,2,1,0
2015-16,21500792,3,1610612746,8,12,10,5,3,2,0
2015-16,21500792,4,1610612738,6,6,3,3,3,3,0
2015-16,21500792,4,1610612746,7,11,7,2,2,4,2
2015-16,21500793,1,1610612751,2,0,0,0,1,0,1
2015-16,21500793,1,1610612763,3,4,2,2,1,2,0
2015-16,21500793,2,1610612751,4,6,5,3,1,1,0
2015-16,21500793,2,1610612763,4,2,2,0,4,0,0
2015-16,21500793,3,1610612751,5,5,5,2,3,0,0
2015-16,21500793,3,1610612763,3,4,4,3,0,0,0
2015-16,21500793,4,1610612751,5,8,3,4,1,5,0
2015-16,21500793,4,1610612763,1,2,2,1,0,0,0
2015-16,21500794,1,1610612743,3,6,4,3,0,2,0
2015-16,21500794,1,1610612765,3,2,2,1,2,0,0
2015-16,21500794,2,1610612743,6,5,5,3,0,0,3
2015-16,21500794,2,1610612765,3,2,2,2,1,0,0
2015-16,21500794,3,1610612743,4,5,3,3,1,2,0
2015-16,21500794,3,1610612765,1,2,1,1,0,1,0
2015-16,21500794,4,1610612743,6,8,7,1,4,1,1
2015-16,21500794,4,1610612765,1,1,1,1,0,0,0
2015-16,21500795,1,1610612739,2,2,2,1,0,0,1
2015-16,21500795,1,1610612747,4,8,7,4,0,1,0
2015-16,21500795,2,1610612739,6,7,3,3,3,4,0
2015-16,21500795,2,1610612747,3,3,3,2,0,0,1
2015-16,21500795,3,1610612739,4,5,4,3,0,1,1
2015-16,21500795,3,1610612747,7,7,3,3,4,4,0
2015-16,21500795,4,1610612739,5,4,2,1,4,2,0
2015-16,21500795,4,1610612747,6,9,9,5,1,0,0
2015-16,21500796,1,1610612737,4,1,1,1,2,0,1
2015-16,21500796,1,1610612741,3,3,2,2,1,1,0
2015-16,21500796,2,1610612737,3,3,3,1,2,0,0
2015-16,21500796,2,1610612741,2,3,3,1,1,0,0
2015-16,21500796,3,1610612737,7,9,8,2,5,1,0
2015-16,21500796,3,1610612741,4,4,2,2,2,2,0
2015-16,21500796,4,1610612737,3,2,2,1,2,0,0
2015-16,21500796,4,1610612741,2,2,2,1,1,0,0
2015-16,21500797,1,1610612750,8,12,11,6,2,1,0
2015-16,21500797,1,1610612761,7,12,9,6,1,3,0
2015-16,21500797,2,1610612750,9,16,13,7,2,3,0
2015-16,21500797,2,1610612761,3,5,5,2,0,0,1
2015-16,21500797,3,1610612750,6,9,7,4,2,2,0
2015-16,21500797,3,1610612761,3,5,4,3,0,1,0
2015-16,21500797,4,1610612750,11,16,12,2,9,4,0
2015-16,21500797,4,1610612761,8,10,6,3,5,4,0
2015-16,21500798,1,1610612740,4,5,2,2,1,3,1
2015-16,21500798,1,1610612762,4,4,3,2,2,1,0
2015-16,21500798,2,1610612740,3,3,2,2,1,1,0
2015-16,21500798,2,1610612762,5,9,7,2,2,2,0
2015-16,21500798,3,1610612740,2,0,0,0,1,0,1
2015-16,21500798,3,1610612762,4,7,6,4,0,1,0
2015-16,21500798,4,1610612740,9,13,10,1,6,3,2
2015-16,21500798,4,1610612762,8,10,7,5,3,3,0
2015-16,21500799,1,1610612744,4,4,3,2,2,1,0
2015-16,21500799,1,1610612756,4,7,5,4,0,2,0
2015-16,21500799,2,1610612744,5,7,7,3,2,0,0
2015-16,21500799,2,1610612756,3,3,1,1,2,2,0
2015-16,21500799,3,1610612744,7,10,7,5,2,3,0
2015-16,21500799,3,1610612756,7,6,5,3,4,1,0
2015-16,21500799,4,1610612744,6,8,7,4,1,1,1
2015-16,21500799,4,1610612756,6,6,5,2,2,1,2
2015-16,21500800,1,1610612745,4,7,6,2,2,1,0
2015-16,21500800,1,1610612757,4,4,3,2,2,1,0
2015-16,21500800,2,1610612745,8,12,5,4,4,7,0
2015-16,21500800,2,1610612757,5,8,6,4,1,2,0
2015-16,21500800,3,1610612745,7,9,6,6,1,3,0
2015-16,21500800,3,1610612757,6,11,9,4,2,2,0
2015-16,21500800,4,1610612745,4,6,1,3,1,5,0
2015-16,21500800,4,1610612757,6,11,8,4,0,3,1
2015-16,21500801,1,1610612749,4,8,5,3,0,3,1
2015-16,21500801,1,1610612764,3,2,0,1,2,2,0
2015-16,21500801,2,1610612749,9,16,12,7,2,4,0
2015-16,21500801,2,1610612764,5,9,7,4,0,2,1
2015-16,21500801,3,1610612749,2,0,0,0,2,0,0
2015-16,21500801,3,1610612764,4,6,5,2,0,1,1
2015-16,21500801,4,1610612749,7,8,6,3,4,2,0
2015-16,21500801,4,1610612764,4,7,6,3,1,1,0
2015-16,21500802,1,1610612740,3,4,3,2,1,1,0
2015-16,21500802,1,1610612760,2,1,1,1,1,0,0
2015-16,21500802,2,1610612740,3,3,1,2,1,2,0
2015-16,21500802,2,1610612760,6,10,9,4,1,1,1
2015-16,21500802,3,1610612740,6,9,7,5,1,2,0
2015-16,21500802,3,1610612760,4,4,4,1,2,0,1
2015-16,21500802,4,1610612740,7,8,5,3,4,3,0
2015-16,21500802,4,1610612760,5,8,5,3,1,3,1
2015-16,21500803,1,1610612739,3,0,0,0,3,0,0
2015-16,21500803,1,1610612741,4,2,2,2,2,0,0
2015-16,21500803,2,1610612739,5,5,3,3,2,2,0
2015-16,21500803,2,1610612741,2,1,1,1,1,0,0
2015-16,21500803,3,1610612739,5,6,6,4,1,0,0
2015-16,21500803,3,1610612741,9,9,4,3,4,5,1
2015-16,21500803,4,1610612739,4,6,6,3,1,0,0
2015-16,21500803,4,1610612741,6,10,6,5,1,4,0
2015-16,21500804,1,1610612746,4,5,2,2,2,3,0
2015-16,21500804,1,1610612759,2,0,0,0,2,0,0
2015-16,21500804,2,1610612746,4,4,3,1,3,1,0
2015-16,21500804,2,1610612759,4,2,2,1,3,0,0
2015-16,21500804,3,1610612746,6,8,7,3,1,1,2
2015-16,21500804,3,1610612759,6,8,7,2,2,1,2
2015-16,21500804,4,1610612746,2,3,3,1,1,0,0
2015-16,21500804,4,1610612759,5,5,3,2,3,2,0
2015-16,21500805,1,1610612742,5,4,3,1,4,1,0
2015-16,21500805,1,1610612753,3,3,3,2,1,0,0
2015-16,21500805,2,1610612742,2,2,1,1,1,1,0
2015-16,21500805,2,1610612753,2,2,2,1,1,0,0
2015-16,21500805,3,1610612742,3,0,0,0,1,0,2
2015-16,21500805,3,1610612753,3,6,4,2,1,2,0
2015-16,21500805,4,1610612742,6,10,6,4,1,4,1
2015-16,21500805,4,1610612753,2,4,4,2,0,0,0
2015-16,21500806,1,1610612764,4,7,7,4,0,0,0
2015-16,21500806,1,1610612765,3,1,1,1,2,0,0
2015-16,21500806,2,1610612764,5,7,2,3,2,5,0
2015-16,21500806,2,1610612765,3,2,2,1,2,0,0
2015-16,21500806,3,1610612764,5,6,5,3,1,1,1
2015-16,21500806,3,1610612765,4,7,4,4,0,3,0
2015-16,21500806,4,1610612764,4,6,5,3,1,1,0
2015-16,21500806,4,1610612765,7,7,2,3,2,5,2
2015-16,21500807,1,1610612751,1,0,0,0,1,0,0
2015-16,21500807,1,1610612752,2,2,2,0,2,0,0
2015-16,21500807,2,1610612751,4,1,1,1,2,0,1
2015-16,21500807,2,1610612752,4,3,2,1,3,1,0
2015-16,21500807,3,1610612751,6,9,8,3,3,1,0
2015-16,21500807,3,1610612752,7,9,8,3,3,1,1
2015-16,21500807,4,1610612751,6,10,8,3,3,2,0
2015-16,21500807,4,1610612752,4,4,4,1,2,0,1
2015-16,21500808,1,1610612737,4,6,6,3,1,0,0
2015-16,21500808,1,1610612748,6,8,4,3,3,4,0
2015-16,21500808,2,1610612737,6,6,6,2,4,0,0
2015-16,21500808,2,1610612748,5,4,4,1,4,0,0
2015-16,21500808,3,1610612737,0,0,0,0,0,0,0
2015-16,21500808,3,1610612748,3,5,3,3,0,2,0
2015-16,21500808,4,1610612737,1,1,1,1,0,0,0
2015-16,21500808,4,1610612748,7,11,8,2,4,3,1
2015-16,21500809,1,1610612741,4,6,3,4,0,3,0
2015-16,21500809,1,1610612761,9,13,10,6,2,3,1
2015-16,21500809,2,1610612741,3,2,1,1,2,1,0
2015-16,21500809,2,1610612761,6,8,6,4,2,2,0
2015-16,21500809,3,1610612741,8,10,8,3,4,2,1
2015-16,21500809,3,1610612761,6,7,5,2,4,2,0
2015-16,21500809,4,1610612741,2,2,1,1,1,1,0
2015-16,21500809,4,1610612761,6,6,4,3,2,2,1
2015-16,21500810,1,1610612750,3,4,4,2,1,0,0
2015-16,21500810,1,1610612763,5,7,6,3,2,1,0
2015-16,21500810,2,1610612750,4,2,2,1,2,0,1
2015-16,21500810,2,1610612763,6,4,3,2,3,1,1
2015-16,21500810,3,1610612750,7,8,8,4,3,0,0
2015-16,21500810,3,1610612763,5,6,4,2,3,2,0
2015-16,21500810,4,1610612750,9,17,17,6,3,0,0
2015-16,21500810,4,1610612763,8,11,9,2,5,2,0
2015-16,21500811,1,1610612740,7,12,10,6,1,2,0
2015-16,21500811,1,1610612755,4,3,3,2,2,0,0
2015-16,21500811,2,1610612740,4,6,6,3,1,0,0
2015-16,21500811,2,1610612755,7,7,6,3,4,1,0
2015-16,21500811,3,1610612740,6,10,7,4,2,3,0
2015-16,21500811,3,1610612755,6,8,8,3,3,0,0
2015-16,21500811,4,1610612740,8,12,9,2,6,3,0
2015-16,21500811,4,1610612755,4,8,5,4,0,3,0
2015-16,21500812,1,1610612754,2,2,0,1,1,2,0
2015-16,21500812,1,1610612760,3,3,2,2,0,1,1
2015-16,21500812,2,1610612754,4,4,4,2,1,0,1
2015-16,21500812,2,1610612760,3,1,1,1,2,0,0
2015-16,21500812,3,1610612754,8,10,5,6,2,5,0
2015-16,21500812,3,1610612760,5,4,4,0,5,0,0
2015-16,21500812,4,1610612754,6,6,5,1,3,1,2
2015-16,21500812,4,1610612760,1,2,2,1,0,0,0
2015-16,21500813,1,1610612749,2,4,4,2,0,0,0
2015-16,21500813,1,1610612766,3,2,1,1,1,1,1
2015-16,21500813,2,1610612749,4,6,5,3,1,1,0
2015-16,21500813,2,1610612766,4,2,2,1,3,0,0
2015-16,21500813,3,1610612749,4,4,2,2,2,2,0
2015-16,21500813,3,1610612766,5,9,7,3,0,2,2
2015-16,21500813,4,1610612749,4,7,5,3,1,2,0
2015-16,21500813,4,1610612766,4,5,5,2,2,0,0
2015-16,21500814,1,1610612745,5,8,7,4,0,1,1
2015-16,21500814,1,1610612756,5,4,2,1,4,2,0
2015-16,21500814,2,1610612745,8,16,10,5,3,6,0
2015-16,21500814,2,1610612756,6,8,7,3,3,1,0
2015-16,21500814,3,1610612745,11,21,11,6,4,10,1
2015-16,21500814,3,1610612756,8,11,10,2,5,1,1
2015-16,21500814,4,1610612745,9,11,7,4,3,4,1
2015-16,21500814,4,1610612756,9,12,10,3,5,2,1
2015-16,21500815,1,1610612744,2,2,2,1,1,0,0
2015-16,21500815,1,1610612757,4,5,4,3,1,1,0
2015-16,21500815,2,1610612744,4,4,3,3,1,1,0
2015-16,21500815,2,1610612757,7,8,6,3,3,2,1
2015-16,21500815,3,1610612744,5,2,2,0,5,0,0
2015-16,21500815,3,1610612757,5,7,4,4,1,3,0
2015-16,21500815,4,1610612744,10,20,14,8,1,6,1
2015-16,21500815,4,1610612757,1,3,2,1,0,1,0
2015-16,21500816,1,1610612743,4,2,2,1,2,0,0
2015-16,21500816,1,1610612758,6,8,8,2,4,0,0
2015-16,21500816,2,1610612743,9,11,7,5,3,4,1
2015-16,21500816,2,1610612758,3,3,2,2,0,1,1
2015-16,21500816,3,1610612743,5,8,5,3,1,3,0
2015-16,21500816,3,1610612758,5,7,6,4,0,1,1
2015-16,21500816,4,1610612743,3,5,4,3,0,1,0
2015-16,21500816,4,1610612758,9,13,8,2,7,5,0
2015-16,21500817,1,1610612738,5,6,4,2,3,2,0
2015-16,21500817,1,1610612762,2,2,2,1,1,0,0
2015-16,21500817,2,1610612738,6,9,7,4,1,2,1
2015-16,21500817,2,1610612762,9,15,7,3,6,8,0
2015-16,21500817,3,1610612738,10,15,11,5,4,4,1
2015-16,21500817,3,1610612762,10,12,8,3,5,4,2
2015-16,21500817,4,1610612738,4,6,4,3,1,2,0
2015-16,21500817,4,1610612762,10,15,10,7,1,5,2
2015-16,21500818,1,1610612747,3,4,4,2,1,0,0
2015-16,21500818,1,1610612759,4,4,4,3,1,0,0
2015-16,21500818,2,1610612747,2,3,1,2,0,2,0
2015-16,21500818,2,1610612759,1,0,0,0,1,0,0
2015-16,21500818,3,1610612747,7,7,7,3,4,0,0
2015-16,21500818,3,1610612759,3,4,4,2,1,0,0
2015-16,21500818,4,1610612747,8,12,11,5,2,1,1
2015-16,21500818,4,1610612759,5,10,9,3,2,1,0
2015-16,21500819,1,1610612737,2,4,2,1,0,2,0
2015-16,21500819,1,1610612749,5,5,5,3,2,0,0
2015-16,21500819,2,1610612737,4,3,3,1,3,0,0
2015-16,21500819,2,1610612749,5,6,5,2,3,1,0
2015-16,21500819,3,1610612737,4,4,2,2,2,2,0
2015-16,21500819,3,1610612749,6,8,5,3,3,3,0
2015-16,21500819,4,1610612737,7,7,5,3,4,2,0
2015-16,21500819,4,1610612749,7,10,6,3,4,4,0
2015-16,21500820,1,1610612748,7,10,6,5,2,4,0
2015-16,21500820,1,1610612764,4,6,1,3,1,5,0
2015-16,21500820,2,1610612748,6,5,4,2,4,1,0
2015-16,21500820,2,1610612764,2,2,1,1,0,1,1
2015-16,21500820,3,1610612748,2,4,2,2,0,2,0
2015-16,21500820,3,1610612764,6,7,5,4,2,2,0
2015-16,21500820,4,1610612748,6,9,6,5,1,3,0
2015-16,21500820,4,1610612764,6,6,4,5,1,2,0
2015-16,21500821,1,1610612750,5,9,6,5,0,3,0
2015-16,21500821,1,1610612752,5,8,7,3,2,1,0
2015-16,21500821,2,1610612750,5,7,4,4,0,3,1
2015-16,21500821,2,1610612752,1,4,3,1,0,1,0
2015-16,21500821,3,1610612750,2,0,0,0,2,0,0
2015-16,21500821,3,1610612752,2,2,2,1,1,0,0
2015-16,21500821,4,1610612750,5,9,8,4,1,1,0
2015-16,21500821,4,1610612752,3,2,2,1,2,0,0
2015-16,21500822,1,1610612744,7,6,5,2,5,1,0
2015-16,21500822,1,1610612746,5,3,3,1,4,0,0
2015-16,21500822,2,1610612744,7,9,7,3,3,2,1
2015-16,21500822,2,1610612746,8,9,7,2,6,2,0
2015-16,21500822,3,1610612744,5,9,8,4,1,1,0
2015-16,21500822,3,1610612746,2,1,1,1,0,0,1
2015-16,21500822,4,1610612744,3,2,0,1,2,2,0
2015-16,21500822,4,1610612746,2,5,4,2,0,1,0
2015-16,21500823,1,1610612740,6,10,8,5,1,2,0
2015-16,21500823,1,1610612765,3,6,5,3,0,1,0
2015-16,21500823,2,1610612740,6,4,2,3,3,2,0
2015-16,21500823,2,1610612765,7,13,9,6,1,4,0
2015-16,21500823,3,1610612740,4,1,1,0,1,0,3
2015-16,21500823,3,1610612765,5,8,5,3,2,3,0
2015-16,21500823,4,1610612740,7,14,14,3,4,0,0
2015-16,21500823,4,1610612765,5,5,1,2,3,4,0
2015-16,21500824,1,1610612739,4,2,1,1,3,1,0
2015-16,21500824,1,1610612760,5,5,5,2,2,0,1
2015-16,21500824,2,1610612739,5,7,7,3,2,0,0
2015-16,21500824,2,1610612760,4,5,3,3,1,2,0
2015-16,21500824,3,1610612739,10,16,14,3,5,2,2
2015-16,21500824,3,1610612760,5,4,3,2,3,1,0
2015-16,21500824,4,1610612739,3,2,1,1,2,1,0
2015-16,21500824,4,1610612760,5,5,2,1,3,3,1
2015-16,21500825,1,1610612738,5,5,5,3,1,0,1
2015-16,21500825,1,1610612743,3,4,2,1,2,2,0
2015-16,21500825,2,1610612738,3,2,1,1,1,1,1
2015-16,21500825,2,1610612743,7,12,12,7,0,0,0
2015-16,21500825,3,1610612738,4,5,4,4,0,1,0
2015-16,21500825,3,1610612743,5,6,4,2,3,2,0
2015-16,21500825,4,1610612738,6,8,7,3,3,1,0
2015-16,21500825,4,1610612743,6,12,9,6,0,3,0
2015-16,21500826,1,1610612756,1,0,0,0,1,0,0
2015-16,21500826,1,1610612759,3,3,2,1,2,1,0
2015-16,21500826,2,1610612756,5,7,6,4,0,1,1
2015-16,21500826,2,1610612759,8,8,6,1,7,2,0
2015-16,21500826,3,1610612756,4,5,4,3,1,1,0
2015-16,21500826,3,1610612759,8,10,8,3,5,2,0
2015-16,21500826,4,1610612756,7,10,6,4,3,4,0
2015-16,21500826,4,1610612759,10,13,6,2,8,7,0
2015-16,21500827,1,1610612751,5,7,7,4,1,0,0
2015-16,21500827,1,1610612766,3,5,5,2,1,0,0
2015-16,21500827,2,1610612751,5,8,7,2,2,1,1
2015-16,21500827,2,1610612766,3,2,2,1,1,0,1
2015-16,21500827,3,1610612751,4,7,6,4,0,1,0
2015-16,21500827,3,1610612766,1,2,2,1,0,0,0
2015-16,21500827,4,1610612751,3,2,1,1,2,1,0
2015-16,21500827,4,1610612766,5,6,5,3,2,1,0
2015-16,21500828,1,1610612753,2,3,2,2,0,1,0
2015-16,21500828,1,1610612754,4,2,1,1,3,1,0
2015-16,21500828,2,1610612753,5,6,5,3,2,1,0
2015-16,21500828,2,1610612754,5,6,4,2,3,2,0
2015-16,21500828,3,1610612753,4,5,3,3,1,2,0
2015-16,21500828,3,1610612754,7,7,5,3,4,2,0
2015-16,21500828,4,1610612753,10,15,9,5,5,6,0
2015-16,21500828,4,1610612754,7,6,4,1,6,2,0
2015-16,21500829,1,1610612761,5,5,3,3,1,2,1
2015-16,21500829,1,1610612763,3,6,5,2,1,1,0
2015-16,21500829,2,1610612761,4,5,5,2,1,0,1
2015-16,21500829,2,1610612763,4,8,7,3,1,1,0
2015-16,21500829,3,1610612761,6,8,7,5,1,1,0
2015-16,21500829,3,1610612763,5,7,5,4,1,2,0
2015-16,21500829,4,1610612761,7,13,10,4,3,3,0
2015-16,21500829,4,1610612763,7,11,9,4,3,2,0
2015-16,21500830,1,1610612742,5,3,3,1,4,0,0
2015-16,21500830,1,1610612755,5,8,5,5,0,3,0
2015-16,21500830,2,1610612742,11,17,16,5,6,1,0
2015-16,21500830,2,1610612755,5,6,2,2,3,4,0
2015-16,21500830,3,1610612742,8,10,9,3,4,1,1
2015-16,21500830,3,1610612755,5,8,7,4,1,1,0
2015-16,21500830,4,1610612742,4,6,6,3,1,0,0
2015-16,21500830,4,1610612755,3,5,3,2,1,2,0
2015-16,21500831,1,1610612741,5,9,9,4,1,0,0
2015-16,21500831,1,1610612747,4,3,1,1,3,2,0
2015-16,21500831,2,1610612741,4,6,6,3,1,0,0
2015-16,21500831,2,1610612747,5,8,7,5,0,1,0
2015-16,21500831,3,1610612741,4,4,4,2,2,0,0
2015-16,21500831,3,1610612747,3,4,2,2,1,2,0
2015-16,21500831,4,1610612741,6,7,6,2,4,1,0
2015-16,21500831,4,1610612747,9,18,12,7,2,6,0
2015-16,21500832,1,1610612757,2,2,1,1,1,1,0
2015-16,21500832,1,1610612762,4,3,2,2,2,1,0
2015-16,21500832,2,1610612757,7,11,5,3,4,6,0
2015-16,21500832,2,1610612762,4,2,2,1,3,0,0
2015-16,21500832,3,1610612757,8,10,5,2,4,5,2
2015-16,21500832,3,1610612762,7,11,10,4,2,1,1
2015-16,21500832,4,1610612757,8,15,14,5,2,1,1
2015-16,21500832,4,1610612762,5,7,3,3,2,4,0
2015-16,21500833,1,1610612739,2,2,2,1,1,0,0
2015-16,21500833,1,1610612765,3,1,1,1,2,0,0
2015-16,21500833,2,1610612739,3,3,3,2,1,0,0
2015-16,21500833,2,1610612765,7,11,7,3,3,4,0
2015-16,21500833,3,1610612739,3,2,2,1,2,0,0
2015-16,21500833,3,1610612765,4,4,1,2,2,3,0
2015-16,21500833,4,1610612739,5,6,5,3,2,1,0
2015-16,21500833,4,1610612765,6,5,5,1,5,0,0
2015-16,21500834,1,1610612748,6,9,5,4,2,4,0
2015-16,21500834,1,1610612754,3,2,1,0,3,1,0
2015-16,21500834,2,1610612748,4,4,2,2,2,2,0
2015-16,21500834,2,1610612754,3,4,2,2,1,2,0
2015-16,21500834,3,1610612748,6,9,5,4,1,4,1
2015-16,21500834,3,1610612754,9,12,10,5,3,2,1
2015-16,21500834,4,1610612748,3,4,4,2,0,0,1
2015-16,21500834,4,1610612754,5,5,2,2,1,3,2
2015-16,21500835,1,1610612752,5,8,7,4,1,1,0
2015-16,21500835,1,1610612761,5,7,6,3,1,1,1
2015-16,21500835,2,1610612752,6,9,3,3,3,6,0
2015-16,21500835,2,1610612761,4,3,1,2,1,2,1
2015-16,21500835,3,1610612752,4,2,2,1,3,0,0
2015-16,21500835,3,1610612761,7,9,7,4,3,2,0
2015-16,21500835,4,1610612752,4,4,3,2,2,1,0
2015-16,21500835,4,1610612761,4,6,5,3,1,1,0
2015-16,21500836,1,1610612737,3,0,0,0,3,0,0
2015-16,21500836,1,1610612744,3,0,0,0,3,0,0
2015-16,21500836,2,1610612737,4,8,4,2,2,4,0
2015-16,21500836,2,1610612744,2,2,2,1,1,0,0
2015-16,21500836,3,1610612737,5,6,5,3,2,1,0
2015-16,21500836,3,1610612744,3,4,3,2,1,1,0
2015-16,21500836,4,1610612737,5,2,1,1,4,1,0
2015-16,21500836,4,1610612744,7,6,5,0,7,1,0
2015-16,21500837,1,1610612747,3,4,4,2,1,0,0
2015-16,21500837,1,1610612749,5,4,2,1,3,2,1
2015-16,21500837,2,1610612747,6,10,7,4,2,3,0
2015-16,21500837,2,1610612749,6,9,4,4,2,5,0
2015-16,21500837,3,1610612747,8,14,10,6,2,4,0
2015-16,21500837,3,1610612749,6,8,6,3,2,2,1
2015-16,21500837,4,1610612747,10,15,12,6,4,3,0
2015-16,21500837,4,1610612749,6,4,3,2,4,1,0
2015-16,21500838,1,1610612738,4,6,4,2,1,2,0
2015-16,21500838,1,1610612750,3,2,1,1,2,1,0
2015-16,21500838,2,1610612738,3,2,2,1,1,0,1
2015-16,21500838,2,1610612750,5,6,3,3,1,3,1
2015-16,21500838,3,1610612738,3,3,3,2,1,0,0
2015-16,21500838,3,1610612750,4,8,7,3,1,1,0
2015-16,21500838,4,1610612738,6,6,5,4,2,1,0
2015-16,21500838,4,1610612750,13,24,19,4,9,5,0
2015-16,21500839,1,1610612746,9,13,9,7,1,4,1
2015-16,21500839,1,1610612756,2,2,1,1,1,1,0
2015-16,21500839,2,1610612746,6,9,6,3,2,3,1
2015-16,21500839,2,1610612756,5,6,4,1,2,2,1
2015-16,21500839,3,1610612746,7,11,6,6,1,5,0
2015-16,21500839,3,1610612756,5,5,3,3,2,2,0
2015-16,21500839,4,1610612746,3,2,2,1,2,0,0
2015-16,21500839,4,1610612756,5,7,7,3,1,0,0
2015-16,21500840,1,1610612753,7,10,9,1,5,1,1
2015-16,21500840,1,1610612755,2,4,3,2,0,1,0
2015-16,21500840,2,1610612753,6,9,8,5,1,1,0
2015-16,21500840,2,1610612755,10,14,10,4,6,4,0
2015-16,21500840,3,1610612753,6,10,8,3,3,2,0
2015-16,21500840,3,1610612755,2,0,0,1,1,0,0
2015-16,21500840,4,1610612753,7,12,10,3,4,2,0
2015-16,21500840,4,1610612755,7,8,6,3,4,2,0
2015-16,21500841,1,1610612740,5,7,5,4,1,2,0
2015-16,21500841,1,1610612764,3,6,3,3,0,3,0
2015-16,21500841,2,1610612740,5,9,6,4,1,3,0
2015-16,21500841,2,1610612764,4,6,4,3,0,2,0
2015-16,21500841,3,1610612740,4,5,4,3,1,1,0
2015-16,21500841,3,1610612764,4,3,2,2,2,1,0
2015-16,21500841,4,1610612740,8,12,10,3,4,2,1
2015-16,21500841,4,1610612764,5,2,2,0,5,0,0
2015-16,21500842,1,1610612743,4,4,4,2,2,0,0
2015-16,21500842,1,1610612758,4,4,4,2,2,0,0
2015-16,21500842,2,1610612743,3,3,3,1,2,0,0
2015-16,21500842,2,1610612758,8,11,5,3,5,6,0
2015-16,21500842,3,1610612743,2,4,3,2,0,1,0
2015-16,21500842,3,1610612758,5,3,3,2,2,0,1
2015-16,21500842,4,1610612743,6,11,8,5,0,3,0
2015-16,21500842,4,1610612758,7,10,9,3,4,1,0
2015-16,21500843,1,1610612745,7,10,5,2,4,5,1
2015-16,21500843,1,1610612762,6,10,9,3,2,1,1
2015-16,21500843,2,1610612745,10,18,16,5,4,2,1
2015-16,21500843,2,1610612762,6,8,6,3,2,2,1
2015-16,21500843,3,1610612745,1,2,1,1,0,1,0
2015-16,21500843,3,1610612762,6,12,11,4,2,1,0
2015-16,21500843,4,1610612745,7,9,8,4,2,1,0
2015-16,21500843,4,1610612762,7,8,5,2,5,3,0
2015-16,21500844,1,1610612751,2,4,3,2,0,1,0
2015-16,21500844,1,1610612757,3,6,6,3,0,0,0
2015-16,21500844,2,1610612751,2,2,2,1,0,0,1
2015-16,21500844,2,1610612757,2,2,2,1,1,0,0
2015-16,21500844,3,1610612751,7,7,5,4,3,2,0
2015-16,21500844,3,1610612757,6,9,7,2,4,2,0
2015-16,21500844,4,1610612751,6,6,5,3,3,1,0
2015-16,21500844,4,1610612757,7,8,7,3,4,1,0
2015-16,21500845,1,1610612739,3,2,2,1,2,0,0
2015-16,21500845,1,1610612766,2,2,1,1,1,1,0
2015-16,21500845,2,1610612739,7,8,5,2,5,3,0
2015-16,21500845,2,1610612766,8,13,9,6,2,4,0
2015-16,21500845,3,1610612739,4,6,4,3,1,2,0
2015-16,21500845,3,1610612766,3,2,2,1,2,0,0
2015-16,21500845,4,1610612739,4,1,0,1,2,1,1
2015-16,21500845,4,1610612766,6,10,7,4,1,3,0
2015-16,21500846,1,1610612752,4,8,6,4,0,2,0
2015-16,21500846,1,1610612754,3,4,2,2,1,2,0
2015-16,21500846,2,1610612752,5,5,5,2,2,0,1
2015-16,21500846,2,1610612754,1,1,1,1,0,0,0
2015-16,21500846,3,1610612752,4,6,6,2,2,0,0
2015-16,21500846,3,1610612754,5,4,4,2,3,0,0
2015-16,21500846,4,1610612752,5,6,5,2,3,1,0
2015-16,21500846,4,1610612754,6,7,6,1,5,1,0
2015-16,21500847,1,1610612755,3,7,4,3,0,3,0
2015-16,21500847,1,1610612765,6,7,5,4,2,2,0
2015-16,21500847,2,1610612755,7,8,6,3,3,2,0
2015-16,21500847,2,1610612765,8,10,7,3,4,3,1
2015-16,21500847,3,1610612755,1,2,1,1,0,1,0
2015-16,21500847,3,1610612765,5,10,7,5,0,3,0
2015-16,21500847,4,1610612755,6,9,7,4,2,2,0
2015-16,21500847,4,1610612765,5,7,3,4,0,4,1
2015-16,21500848,1,1610612744,4,4,3,2,2,1,0
2015-16,21500848,1,1610612748,3,3,2,2,1,1,0
2015-16,21500848,2,1610612744,3,5,5,2,1,0,0
2015-16,21500848,2,1610612748,5,8,7,4,1,1,0
2015-16,21500848,3,1610612744,6,7,4,3,3,3,0
2015-16,21500848,3,1610612748,8,10,8,2,5,2,1
2015-16,21500848,4,1610612744,8,9,9,1,5,0,1
2015-16,21500848,4,1610612748,6,10,9,4,2,1,0
2015-16,21500849,1,1610612750,4,7,4,4,0,3,0
2015-16,21500849,1,1610612761,4,6,6,3,1,0,0
2015-16,21500849,2,1610612750,3,6,5,3,0,1,0
2015-16,21500849,2,1610612761,5,7,6,4,1,1,0
2015-16,21500849,3,1610612750,9,18,14,6,2,4,0
2015-16,21500849,3,1610612761,7,9,7,3,4,2,0
2015-16,21500849,4,1610612750,4,2,2,2,1,0,1
2015-16,21500849,4,1610612761,5,4,3,1,4,1,0
2015-16,21500850,1,1610612741,4,3,2,2,2,1,0
2015-16,21500850,1,1610612764,5,6,6,3,1,0,1
2015-16,21500850,2,1610612741,7,9,7,6,0,2,1
2015-16,21500850,2,1610612764,7,11,8,3,2,3,2
2015-16,21500850,3,1610612741,4,2,2,1,3,0,0
2015-16,21500850,3,1610612764,2,2,1,1,0,1,1
2015-16,21500850,4,1610612741,4,2,2,1,3,0,0
2015-16,21500850,4,1610612764,6,7,4,3,3,3,0
2015-16,21500851,1,1610612747,4,9,4,4,0,5,0
2015-16,21500851,1,1610612763,4,6,5,4,0,1,0
2015-16,21500851,2,1610612747,5,10,9,5,0,1,0
2015-16,21500851,2,1610612763,5,8,5,3,1,3,1
2015-16,21500851,3,1610612747,5,7,5,2,2,2,1
2015-16,21500851,3,1610612763,5,6,2,3,2,4,0
2015-16,21500851,4,1610612747,5,7,6,2,1,1,2
2015-16,21500851,4,1610612763,6,9,7,4,2,2,0
2015-16,21500852,1,1610612742,6,10,6,4,2,4,0
2015-16,21500852,1,1610612760,8,10,9,3,2,1,1
2015-16,21500852,2,1610612742,5,8,8,4,1,0,0
2015-16,21500852,2,1610612760,2,2,2,1,1,0,0
2015-16,21500852,3,1610612742,4,3,3,2,0,0,2
2015-16,21500852,3,1610612760,5,6,5,4,0,1,1
2015-16,21500852,4,1610612742,9,9,7,2,5,2,2
2015-16,21500852,4,1610612760,5,4,2,3,2,2,0
2015-16,21500853,1,1610612743,2,0,0,0,2,0,0
2015-16,21500853,1,1610612746,2,4,2,2,0,2,0
2015-16,21500853,2,1610612743,8,9,7,4,4,2,0
2015-16,21500853,2,1610612746,6,6,3,3,3,3,0
2015-16,21500853,3,1610612743,3,2,2,1,2,0,0
2015-16,21500853,3,1610612746,3,2,2,1,1,0,1
2015-16,21500853,4,1610612743,5,6,4,2,3,2,0
2015-16,21500853,4,1610612746,3,2,1,1,2,1,0
2015-16,21500854,1,1610612758,3,1,0,1,2,1,0
2015-16,21500854,1,1610612759,3,4,1,2,0,3,1
2015-16,21500854,2,1610612758,3,2,1,1,2,1,0
2015-16,21500854,2,1610612759,2,3,3,2,0,0,0
2015-16,21500854,3,1610612758,5,8,5,3,1,3,1
2015-16,21500854,3,1610612759,5,6,6,2,2,0,1
2015-16,21500854,4,1610612758,4,4,2,2,2,2,0
2015-16,21500854,4,1610612759,3,2,2,1,2,0,0
2015-16,21500855,1,1610612744,4,4,2,2,2,2,0
2015-16,21500855,1,1610612753,3,5,4,3,0,1,0
2015-16,21500855,2,1610612744,3,4,3,2,1,1,0
2015-16,21500855,2,1610612753,7,12,11,4,2,1,1
2015-16,21500855,3,1610612744,3,3,3,2,1,0,0
2015-16,21500855,3,1610612753,5,8,4,4,1,4,0
2015-16,21500855,4,1610612744,5,5,3,3,2,2,0
2015-16,21500855,4,1610612753,3,3,3,2,1,0,0
2015-16,21500856,1,1610612738,6,6,5,4,2,1,0
2015-16,21500856,1,1610612749,4,5,5,3,1,0,0
2015-16,21500856,2,1610612738,8,8,7,4,3,1,1
2015-16,21500856,2,1610612749,9,10,8,5,3,2,1
2015-16,21500856,3,1610612738,7,11,8,3,4,3,0
2015-16,21500856,3,1610612749,5,7,3,2,3,4,0
2015-16,21500856,4,1610612738,5,8,5,1,4,3,0
2015-16,21500856,4,1610612749,2,3,3,2,0,0,0
2015-16,21500857,1,1610612740,2,5,4,2,0,1,0
2015-16,21500857,1,1610612760,5,6,3,2,2,3,1
2015-16,21500857,2,1610612740,2,2,2,1,1,0,0
2015-16,21500857,2,1610612760,7,8,7,5,1,1,1
2015-16,21500857,3,1610612740,3,7,7,3,0,0,0
2015-16,21500857,3,1610612760,5,4,4,2,3,0,0
2015-16,21500857,4,1610612740,4,4,4,1,3,0,0
2015-16,21500857,4,1610612760,6,4,3,2,3,1,0
2015-16,21500858,1,1610612751,2,3,3,1,1,0,0
2015-16,21500858,1,1610612756,4,7,4,2,2,3,0
2015-16,21500858,2,1610612751,6,10,9,3,3,1,0
2015-16,21500858,2,1610612756,4,3,2,1,3,1,0
2015-16,21500858,3,1610612751,8,13,8,4,3,5,1
2015-16,21500858,3,1610612756,5,3,0,2,3,3,0
2015-16,21500858,4,1610612751,11,16,14,2,9,2,0
2015-16,21500858,4,1610612756,8,10,7,5,2,3,1
2015-16,21500859,1,1610612745,4,3,1,2,1,2,1
2015-16,21500859,1,1610612757,3,2,2,1,2,0,0
2015-16,21500859,2,1610612745,4,8,3,4,0,5,0
2015-16,21500859,2,1610612757,7,8,7,2,4,1,1
2015-16,21500859,3,1610612745,4,3,3,1,3,0,0
2015-16,21500859,3,1610612757,8,10,8,3,5,2,0
2015-16,21500859,4,1610612745,13,21,14,5,7,7,0
2015-16,21500859,4,1610612757,2,2,1,1,1,1,0
2015-16,21500860,1,1610612759,1,2,2,1,0,0,0
2015-16,21500860,1,1610612762,2,4,4,2,0,0,0
2015-16,21500860,2,1610612759,2,0,0,0,0,0,1
2015-16,21500860,2,1610612762,4,0,0,0,2,0,2
2015-16,21500860,3,1610612759,5,6,6,2,2,0,1
2015-16,21500860,3,1610612762,2,1,1,0,2,0,0
2015-16,21500860,4,1610612759,3,4,3,3,0,1,0
2015-16,21500860,4,1610612762,6,7,4,4,2,3,0
2015-16,21500861,1,1610612754,3,4,3,2,1,1,0
2015-16,21500861,1,1610612766,3,5,4,3,0,1,0
2015-16,21500861,2,1610612754,6,7,7,1,4,0,1
2015-16,21500861,2,1610612766,6,8,5,2,3,3,0
2015-16,21500861,3,1610612754,6,7,6,3,2,1,1
2015-16,21500861,3,1610612766,4,0,0,0,3,0,1
2015-16,21500861,4,1610612754,5,6,5,3,2,1,0
2015-16,21500861,4,1610612766,5,6,4,2,3,2,0
2015-16,21500862,1,1610612755,4,3,2,2,2,1,0
2015-16,21500862,1,1610612764,1,0,0,0,1,0,0
2015-16,21500862,2,1610612755,5,5,5,2,3,0,0
2015-16,21500862,2,1610612764,4,4,4,2,1,0,1
2015-16,21500862,3,1610612755,6,6,4,2,4,2,0
2015-16,21500862,3,1610612764,4,1,1,1,3,0,0
2015-16,21500862,4,1610612755,4,7,5,2,2,2,0
2015-16,21500862,4,1610612764,7,12,11,3,3,1,1
2015-16,21500863,1,1610612752,5,4,4,2,3,0,0
2015-16,21500863,1,1610612753,3,4,2,2,1,2,0
2015-16,21500863,2,1610612752,8,15,12,8,0,3,0
2015-16,21500863,2,1610612753,3,3,3,1,2,0,0
2015-16,21500863,3,1610612752,5,6,4,2,3,2,0
2015-16,21500863,3,1610612753,5,7,4,2,2,3,0
2015-16,21500863,4,1610612752,6,11,10,4,2,1,0
2015-16,21500863,4,1610612753,2,2,2,1,1,0,0
2015-16,21500864,1,1610612739,4,5,3,3,1,2,0
2015-16,21500864,1,1610612761,3,4,4,2,1,0,0
2015-16,21500864,2,1610612739,2,1,1,0,2,0,0
2015-16,21500864,2,1610612761,4,1,0,1,3,1,0
2015-16,21500864,3,1610612739,7,11,8,3,1,3,2
2015-16,21500864,3,1610612761,8,11,7,3,4,4,0
2015-16,21500864,4,1610612739,5,4,3,1,4,1,0
2015-16,21500864,4,1610612761,7,10,8,5,2,2,0
2015-16,21500865,1,1610612737,4,4,3,2,2,1,0
2015-16,21500865,1,1610612741,2,1,1,1,1,0,0
2015-16,21500865,2,1610612737,3,4,4,2,1,0,0
2015-16,21500865,2,1610612741,4,6,6,3,1,0,0
2015-16,21500865,3,1610612737,6,8,7,3,2,1,1
2015-16,21500865,3,1610612741,6,8,5,4,2,3,0
2015-16,21500865,4,1610612737,6,8,8,4,2,0,0
2015-16,21500865,4,1610612741,6,7,7,2,1,0,3
2015-16,21500866,1,1610612742,6,3,2,1,5,1,0
2015-16,21500866,1,1610612743,6,7,7,4,1,0,1
2015-16,21500866,2,1610612742,7,10,10,2,5,0,0
2015-16,21500866,2,1610612743,3,4,2,2,0,2,0
2015-16,21500866,3,1610612742,4,4,3,2,2,1,0
2015-16,21500866,3,1610612743,7,10,7,4,2,3,1
2015-16,21500866,4,1610612742,3,6,3,3,0,3,0
2015-16,21500866,4,1610612743,5,6,3,3,2,3,0
2015-16,21500867,1,1610612746,6,8,6,3,2,2,0
2015-16,21500867,1,1610612758,4,7,4,4,0,3,0
2015-16,21500867,2,1610612746,5,8,8,3,1,0,1
2015-16,21500867,2,1610612758,7,12,10,5,2,2,0
2015-16,21500867,3,1610612746,5,3,3,1,4,0,0
2015-16,21500867,3,1610612758,7,9,7,5,1,2,1
2015-16,21500867,4,1610612746,5,7,5,2,2,2,0
2015-16,21500867,4,1610612758,7,9,6,4,2,3,1
2015-16,21500868,1,1610612747,5,9,5,5,0,4,0
2015-16,21500868,1,1610612763,2,2,2,1,1,0,0
2015-16,21500868,2,1610612747,5,8,5,4,0,3,1
2015-16,21500868,2,1610612763,2,3,3,1,1,0,0
2015-16,21500868,3,1610612747,10,15,9,4,5,6,0
2015-16,21500868,3,1610612763,7,8,6,3,4,2,0
2015-16,21500868,4,1610612747,5,7,7,3,2,0,0
2015-16,21500868,4,1610612763,3,2,2,1,1,0,1
2015-16,21500869,1,1610612738,3,6,4,3,0,2,0
2015-16,21500869,1,1610612748,5,9,6,4,0,3,1
2015-16,21500869,2,1610612738,5,6,4,2,2,2,1
2015-16,21500869,2,1610612748,4,5,3,3,1,2,0
2015-16,21500869,3,1610612738,4,3,3,2,2,0,0
2015-16,21500869,3,1610612748,5,3,2,2,3,1,0
2015-16,21500869,4,1610612738,3,7,7,3,0,0,0
2015-16,21500869,4,1610612748,3,6,5,3,0,1,0
2015-16,21500870,1,1610612740,4,5,5,2,1,0,1
2015-16,21500870,1,1610612750,4,6,5,3,1,1,0
2015-16,21500870,2,1610612740,3,4,4,2,1,0,0
2015-16,21500870,2,1610612750,5,6,4,3,1,2,1
2015-16,21500870,3,1610612740,7,9,6,4,1,3,2
2015-16,21500870,3,1610612750,8,11,8,6,2,3,0
2015-16,21500870,4,1610612740,7,8,7,2,5,1,0
2015-16,21500870,4,1610612750,6,7,6,4,2,1,0
2015-16,21500871,1,1610612741,6,5,4,4,1,1,1
2015-16,21500871,1,1610612757,4,5,4,3,1,1,0
2015-16,21500871,2,1610612741,4,2,2,1,3,0,0
2015-16,21500871,2,1610612757,5,6,5,2,3,1,0
2015-16,21500871,3,1610612741,2,0,0,0,2,0,0
2015-16,21500871,3,1610612757,5,7,5,4,0,2,0
2015-16,21500871,4,1610612741,4,5,4,1,3,1,0
2015-16,21500871,4,1610612757,6,9,8,3,3,1,0
2015-16,21500872,1,1610612745,4,2,1,1,2,1,1
2015-16,21500872,1,1610612759,3,1,1,1,2,0,0
2015-16,21500872,2,1610612745,2,2,2,1,1,0,0
2015-16,21500872,2,1610612759,5,6,4,2,1,2,2
2015-16,21500872,3,1610612745,6,4,4,0,5,0,1
2015-16,21500872,3,1610612759,4,4,3,2,2,1,0
2015-16,21500872,4,1610612745,8,14,9,3,4,5,1
2015-16,21500872,4,1610612759,12,17,14,4,8,3,0
2015-16,21500873,1,1610612749,4,3,2,2,2,1,0
2015-16,21500873,1,1610612765,1,0,0,0,1,0,0
2015-16,21500873,2,1610612749,4,3,3,1,3,0,0
2015-16,21500873,2,1610612765,3,2,2,1,2,0,0
2015-16,21500873,3,1610612749,1,0,0,0,1,0,0
2015-16,21500873,3,1610612765,6,6,3,3,3,3,0
2015-16,21500873,4,1610612749,6,6,3,2,4,3,0
2015-16,21500873,4,1610612765,10,16,11,4,6,5,0
2015-16,21500874,1,1610612744,2,4,3,2,0,1,0
2015-16,21500874,1,1610612760,4,4,1,2,2,3,0
2015-16,21500874,2,1610612744,3,2,1,1,1,1,1
2015-16,21500874,2,1610612760,3,2,2,1,2,0,0
2015-16,21500874,3,1610612744,5,7,5,3,0,2,1
2015-16,21500874,3,1610612760,8,11,6,4,3,5,1
2015-16,21500874,4,1610612744,6,7,4,3,3,3,0
2015-16,21500874,4,1610612760,4,6,5,3,1,1,0
2015-16,21500875,1,1610612756,5,5,4,3,2,1,0
2015-16,21500875,1,1610612763,6,10,6,3,2,4,1
2015-16,21500875,2,1610612756,6,10,7,4,2,3,0
2015-16,21500875,2,1610612763,8,13,13,4,3,0,1
2015-16,21500875,3,1610612756,6,8,6,3,3,2,0
2015-16,21500875,3,1610612763,6,9,8,3,2,1,1
2015-16,21500875,4,1610612756,8,12,8,5,3,4,0
2015-16,21500875,4,1610612763,6,10,9,4,2,1,0
2015-16,21500876,1,1610612751,2,2,1,1,1,1,0
2015-16,21500876,1,1610612762,7,11,7,4,2,4,1
2015-16,21500876,2,1610612751,3,1,1,1,2,0,0
2015-16,21500876,2,1610612762,4,4,2,3,1,2,0
2015-16,21500876,3,1610612751,2,2,1,1,1,1,0
2015-16,21500876,3,1610612762,4,4,3,2,2,1,0
2015-16,21500876,4,1610612751,8,12,8,2,6,4,0
2015-16,21500876,4,1610612762,5,6,5,3,2,1,0
2015-16,21500877,1,1610612739,5,6,6,2,3,0,0
2015-16,21500877,1,1610612764,7,12,9,5,2,3,0
2015-16,21500877,2,1610612739,7,8,7,2,4,1,1
2015-16,21500877,2,1610612764,3,5,4,3,0,1,0
2015-16,21500877,3,1610612739,3,4,2,2,1,2,0
2015-16,21500877,3,1610612764,6,5,3,1,5,2,0
2015-16,21500877,4,1610612739,9,12,11,4,5,1,0
2015-16,21500877,4,1610612764,9,12,8,6,2,4,1
2015-16,21500878,1,1610612737,2,2,1,1,1,1,0
2015-16,21500878,1,1610612766,2,4,4,2,0,0,0
2015-16,21500878,2,1610612737,4,1,1,1,2,0,1
2015-16,21500878,2,1610612766,5,10,5,5,0,5,0
2015-16,21500878,3,1610612737,2,0,0,0,2,0,0
2015-16,21500878,3,1610612766,3,4,3,2,1,1,0
2015-16,21500878,4,1610612737,4,2,1,1,3,1,0
2015-16,21500878,4,1610612766,6,5,3,1,4,2,1
2015-16,21500879,1,1610612761,6,5,2,2,4,3,0
2015-16,21500879,1,1610612765,4,3,3,2,2,0,0
2015-16,21500879,2,1610612761,2,3,3,2,0,0,0
2015-16,21500879,2,1610612765,8,8,5,3,3,3,2
2015-16,21500879,3,1610612761,4,1,1,1,3,0,0
2015-16,21500879,3,1610612765,5,10,7,4,1,3,0
2015-16,21500879,4,1610612761,6,9,7,5,1,2,0
2015-16,21500879,4,1610612765,5,6,5,1,2,1,1
2015-16,21500880,1,1610612754,4,5,5,3,1,0,0
2015-16,21500880,1,1610612757,5,7,6,4,1,1,0
2015-16,21500880,2,1610612754,6,6,4,2,3,2,1
2015-16,21500880,2,1610612757,4,7,6,2,2,1,0
2015-16,21500880,3,1610612754,6,10,7,4,2,3,0
2015-16,21500880,3,1610612757,6,5,3,1,4,2,1
2015-16,21500880,4,1610612754,4,4,3,3,1,1,0
2015-16,21500880,4,1610612757,2,2,0,1,1,2,0
2015-16,21500881,1,1610612753,5,9,9,5,0,0,0
2015-16,21500881,1,1610612755,5,5,4,3,2,1,0
2015-16,21500881,2,1610612753,1,2,2,1,0,0,0
2015-16,21500881,2,1610612755,7,11,8,5,2,3,0
2015-16,21500881,3,1610612753,4,4,3,2,2,1,0
2015-16,21500881,3,1610612755,5,7,5,4,1,2,0
2015-16,21500881,4,1610612753,7,10,8,2,4,2,1
2015-16,21500881,4,1610612755,9,14,12,5,4,2,0
2015-16,21500882,1,1610612742,2,2,2,1,1,0,0
2015-16,21500882,1,1610612750,4,4,4,2,2,0,0
2015-16,21500882,2,1610612742,4,8,8,3,1,0,0
2015-16,21500882,2,1610612750,3,3,2,2,0,1,1
2015-16,21500882,3,1610612742,4,4,4,2,2,0,0
2015-16,21500882,3,1610612750,9,15,7,6,3,8,0
2015-16,21500882,4,1610612742,4,7,7,4,0,0,0
2015-16,21500882,4,1610612750,9,15,13,4,2,2,3
2015-16,21500883,1,1610612748,3,3,2,2,1,1,0
2015-16,21500883,1,1610612752,3,0,0,0,3,0,0
2015-16,21500883,2,1610612748,4,2,1,1,3,1,0
2015-16,21500883,2,1610612752,5,5,4,2,3,1,0
2015-16,21500883,3,1610612748,7,8,7,2,5,1,0
2015-16,21500883,3,1610612752,4,5,5,3,1,0,0
2015-16,21500883,4,1610612748,7,8,7,3,4,1,0
2015-16,21500883,4,1610612752,3,2,2,1,2,0,0
2015-16,21500884,1,1610612739,3,3,1,1,1,2,1
2015-16,21500884,1,1610612754,2,0,0,0,2,0,0
2015-16,21500884,2,1610612739,5,4,4,3,1,0,1
2015-16,21500884,2,1610612754,5,5,5,3,2,0,0
2015-16,21500884,3,1610612739,7,9,8,4,3,1,0
2015-16,21500884,3,1610612754,3,4,3,2,1,1,0
2015-16,21500884,4,1610612739,7,9,8,2,4,1,1
2015-16,21500884,4,1610612754,5,6,6,3,2,0,0
2015-16,21500885,1,1610612755,4,7,4,4,0,3,0
2015-16,21500885,1,1610612764,7,6,4,3,3,2,1
2015-16,21500885,2,1610612755,4,3,1,1,3,2,0
2015-16,21500885,2,1610612764,4,4,4,2,1,0,1
2015-16,21500885,3,1610612755,4,6,4,4,0,2,0
2015-16,21500885,3,1610612764,7,9,6,2,5,3,0
2015-16,21500885,4,1610612755,3,5,3,2,0,2,0
2015-16,21500885,4,1610612764,8,12,10,7,1,2,0
2015-16,21500886,1,1610612738,3,3,1,2,1,2,0
2015-16,21500886,1,1610612762,2,2,1,2,0,1,0
2015-16,21500886,2,1610612738,3,4,2,2,1,2,0
2015-16,21500886,2,1610612762,4,0,0,0,3,0,1
2015-16,21500886,3,1610612738,9,16,13,6,1,3,2
2015-16,21500886,3,1610612762,6,7,6,3,2,1,1
2015-16,21500886,4,1610612738,4,6,4,0,4,2,0
2015-16,21500886,4,1610612762,6,8,5,4,1,3,1
2015-16,21500887,1,1610612745,3,5,4,3,0,1,0
2015-16,21500887,1,1610612749,3,7,6,3,0,1,0
2015-16,21500887,2,1610612745,7,12,8,6,1,4,0
2015-16,21500887,2,1610612749,6,8,5,2,3,3,1
2015-16,21500887,3,1610612745,5,6,3,3,2,3,0
2015-16,21500887,3,1610612749,6,6,3,2,4,3,0
2015-16,21500887,4,1610612745,8,12,9,3,3,3,2
2015-16,21500887,4,1610612749,9,12,10,5,4,2,0
2015-16,21500888,1,1610612743,3,3,3,2,1,0,0
2015-16,21500888,1,1610612763,5,9,6,5,0,3,0
2015-16,21500888,2,1610612743,4,4,3,2,2,1,0
2015-16,21500888,2,1610612763,6,10,8,4,1,2,1
2015-16,21500888,3,1610612743,4,0,0,0,4,0,0
2015-16,21500888,3,1610612763,2,2,1,1,1,1,0
2015-16,21500888,4,1610612743,4,3,2,2,2,1,0
2015-16,21500888,4,1610612763,10,15,13,3,4,2,1
2015-16,21500889,1,1610612758,3,1,0,1,2,1,0
2015-16,21500889,1,1610612760,4,3,3,1,2,0,1
2015-16,21500889,2,1610612758,5,4,3,3,2,1,0
2015-16,21500889,2,1610612760,3,8,8,2,1,0,0
2015-16,21500889,3,1610612758,7,7,5,4,3,2,0
2015-16,21500889,3,1610612760,6,10,8,5,1,2,0
2015-16,21500889,4,1610612758,6,7,5,4,2,2,0
2015-16,21500889,4,1610612760,2,5,4,1,0,1,0
2015-16,21500890,1,1610612746,4,4,4,2,2,0,0
2015-16,21500890,1,1610612751,4,5,4,3,1,1,0
2015-16,21500890,2,1610612746,6,6,5,3,3,1,0
2015-16,21500890,2,1610612751,4,7,4,3,0,3,1
2015-16,21500890,3,1610612746,4,4,4,2,2,0,0
2015-16,21500890,3,1610612751,7,14,10,6,1,4,0
2015-16,21500890,4,1610612746,3,2,1,1,2,1,0
2015-16,21500890,4,1610612751,7,7,5,4,2,2,1
2015-16,21500891,1,1610612756,4,6,4,3,1,2,0
2015-16,21500891,1,1610612766,5,6,6,4,1,0,0
2015-16,21500891,2,1610612756,6,10,8,4,2,2,0
2015-16,21500891,2,1610612766,4,5,4,2,2,1,0
2015-16,21500891,3,1610612756,4,2,1,2,2,1,0
2015-16,21500891,3,1610612766,4,4,4,3,1,0,0
2015-16,21500891,4,1610612756,6,9,7,4,2,2,0
2015-16,21500891,4,1610612766,8,12,9,5,3,3,0
2015-16,21500892,1,1610612741,2,2,2,1,1,0,0
2015-16,21500892,1,1610612748,4,4,3,3,1,1,0
2015-16,21500892,2,1610612741,9,13,10,4,5,3,0
2015-16,21500892,2,1610612748,7,10,9,5,2,1,0
2015-16,21500892,3,1610612741,4,0,0,0,4,0,0
2015-16,21500892,3,1610612748,4,4,2,2,1,2,1
2015-16,21500892,4,1610612741,7,11,6,3,2,5,2
2015-16,21500892,4,1610612748,6,7,5,3,2,2,1
2015-16,21500893,1,1610612752,4,3,3,3,1,0,0
2015-16,21500893,1,1610612757,3,5,5,3,0,0,0
2015-16,21500893,2,1610612752,3,4,2,2,1,2,0
2015-16,21500893,2,1610612757,3,3,3,1,1,0,1
2015-16,21500893,3,1610612752,6,4,2,0,6,2,0
2015-16,21500893,3,1610612757,3,3,3,1,2,0,0
2015-16,21500893,4,1610612752,4,7,6,3,1,1,0
2015-16,21500893,4,1610612757,6,9,7,4,1,2,1
2015-16,21500894,1,1610612742,7,8,7,4,3,1,0
2015-16,21500894,1,1610612753,4,2,2,1,3,0,0
2015-16,21500894,2,1610612742,8,12,9,5,3,3,0
2015-16,21500894,2,1610612753,7,7,7,1,5,0,1
2015-16,21500894,3,1610612742,6,5,5,1,5,0,0
2015-16,21500894,3,1610612753,3,5,2,3,0,3,0
2015-16,21500894,4,1610612742,4,6,5,3,1,1,0
2015-16,21500894,4,1610612753,3,6,6,3,0,0,0
2015-16,21500895,1,1610612737,6,10,8,4,2,2,0
2015-16,21500895,1,1610612744,3,6,6,3,0,0,0
2015-16,21500895,2,1610612737,4,0,0,0,4,0,0
2015-16,21500895,2,1610612744,4,2,1,1,3,1,0
2015-16,21500895,3,1610612737,3,2,2,1,2,0,0
2015-16,21500895,3,1610612744,0,0,0,0,0,0,0
2015-16,21500895,4,1610612737,5,6,5,2,3,1,0
2015-16,21500895,4,1610612744,6,7,6,2,2,1,1
2015-16,21500896,1,1610612747,2,2,2,1,1,0,0
2015-16,21500896,1,1610612751,2,2,2,1,1,0,0
2015-16,21500896,2,1610612747,4,9,6,4,0,3,0
2015-16,21500896,2,1610612751,4,5,5,3,1,0,0
2015-16,21500896,3,1610612747,5,2,1,2,2,1,1
2015-16,21500896,3,1610612751,7,8,6,5,2,2,0
2015-16,21500896,4,1610612747,7,8,5,1,6,3,0
2015-16,21500896,4,1610612751,7,12,5,5,1,7,1
2015-16,21500897,1,1610612741,2,3,3,2,0,0,0
2015-16,21500897,1,1610612753,2,2,2,1,0,0,1
2015-16,21500897,2,1610612741,5,2,2,0,5,0,0
2015-16,21500897,2,1610612753,7,9,6,5,2,3,0
2015-16,21500897,3,1610612741,3,4,1,2,1,3,0
2015-16,21500897,3,1610612753,5,7,5,2,2,2,0
2015-16,21500897,4,1610612741,4,2,1,1,3,1,0
2015-16,21500897,4,1610612753,3,4,4,1,1,0,1
2015-16,21500898,1,1610612755,3,5,5,2,1,0,0
2015-16,21500898,1,1610612766,6,9,7,5,1,2,0
2015-16,21500898,2,1610612755,3,5,4,2,1,1,0
2015-16,21500898,2,1610612766,3,4,3,2,1,1,0
2015-16,21500898,3,1610612755,7,10,5,4,2,5,1
2015-16,21500898,3,1610612766,7,9,7,4,2,2,1
2015-16,21500898,4,1610612755,6,6,4,3,3,2,0
2015-16,21500898,4,1610612766,8,13,12,5,2,1,1
2015-16,21500899,1,1610612738,5,8,7,2,3,1,0
2015-16,21500899,1,1610612757,4,6,3,2,2,3,0
2015-16,21500899,2,1610612738,5,4,4,2,2,0,1
2015-16,21500899,2,1610612757,7,10,8,3,3,2,1
2015-16,21500899,3,1610612738,5,5,5,3,2,0,0
2015-16,21500899,3,1610612757,3,2,1,1,2,1,0
2015-16,21500899,4,1610612738,4,7,7,4,0,0,0
2015-16,21500899,4,1610612757,2,2,2,1,0,0,1
2015-16,21500900,1,1610612761,3,3,2,2,1,1,0
2015-16,21500900,1,1610612762,3,1,0,1,2,1,0
2015-16,21500900,2,1610612761,5,6,5,3,1,1,1
2015-16,21500900,2,1610612762,4,6,4,3,1,2,0
2015-16,21500900,3,1610612761,6,9,8,5,0,1,1
2015-16,21500900,3,1610612762,6,5,4,1,5,1,0
2015-16,21500900,4,1610612761,5,3,3,1,3,0,1
2015-16,21500900,4,1610612762,5,4,2,2,2,2,1
2015-16,21500901,1,1610612740,3,4,2,2,1,2,0
2015-16,21500901,1,1610612745,6,7,5,3,3,2,0
2015-16,21500901,2,1610612740,3,4,2,2,1,2,0
2015-16,21500901,2,1610612745,6,7,6,3,3,1,0
2015-16,21500901,3,1610612740,1,2,2,1,0,0,0
2015-16,21500901,3,1610612745,5,8,5,3,1,3,1
2015-16,21500901,4,1610612740,5,3,3,2,3,0,0
2015-16,21500901,4,1610612745,9,16,9,2,7,7,0
2015-16,21500902,1,1610612758,3,4,3,2,1,1,0
2015-16,21500902,1,1610612763,5,8,8,4,1,0,0
2015-16,21500902,2,1610612758,7,7,2,3,4,5,0
2015-16,21500902,2,1610612763,8,9,6,5,2,3,1
2015-16,21500902,3,1610612758,6,7,5,3,3,2,0
2015-16,21500902,3,1610612763,6,8,8,4,2,0,0
2015-16,21500902,4,1610612758,2,2,1,1,0,1,0
2015-16,21500902,4,1610612763,6,8,7,2,3,1,1
2015-16,21500903,1,1610612749,4,5,5,3,0,0,1
2015-16,21500903,1,1610612754,5,3,2,2,3,1,0
2015-16,21500903,2,1610612749,2,1,1,1,1,0,0
2015-16,21500903,2,1610612754,3,4,2,2,1,2,0
2015-16,21500903,3,1610612749,6,10,9,4,1,1,1
2015-16,21500903,3,1610612754,4,5,5,2,2,0,0
2015-16,21500903,4,1610612749,10,16,13,8,2,3,0
2015-16,21500903,4,1610612754,8,14,9,4,4,5,0
2015-16,21500904,1,1610612750,3,5,5,2,1,0,0
2015-16,21500904,1,1610612764,3,4,3,3,0,1,0
2015-16,21500904,2,1610612750,7,13,9,5,2,4,0
2015-16,21500904,2,1610612764,4,5,4,3,1,1,0
2015-16,21500904,3,1610612750,2,5,4,2,0,1,0
2015-16,21500904,3,1610612764,4,2,2,1,3,0,0
2015-16,21500904,4,1610612750,7,11,11,6,1,0,0
2015-16,21500904,4,1610612764,4,2,0,1,3,2,0
2015-16,21500905,1,1610612759,3,3,2,2,1,1,0
2015-16,21500905,1,1610612765,1,1,1,0,1,0,0
2015-16,21500905,2,1610612759,3,1,1,1,2,0,0
2015-16,21500905,2,1610612765,3,2,2,1,2,0,0
2015-16,21500905,3,1610612759,2,3,3,2,0,0,0
2015-16,21500905,3,1610612765,8,11,5,5,3,6,0
2015-16,21500905,4,1610612759,3,2,2,1,2,0,0
2015-16,21500905,4,1610612765,7,9,5,2,4,4,1
2015-16,21500906,1,1610612743,5,8,5,4,0,3,1
2015-16,21500906,1,1610612747,5,8,5,4,0,3,1
2015-16,21500906,2,1610612743,8,15,11,3,4,4,0
2015-16,21500906,2,1610612747,5,7,6,4,1,1,0
2015-16,21500906,3,1610612743,3,4,4,2,1,0,0
2015-16,21500906,3,1610612747,6,10,9,4,1,1,1
2015-16,21500906,4,1610612743,9,11,9,2,4,2,3
2015-16,21500906,4,1610612747,4,7,6,4,0,1,0
2015-16,21500907,1,1610612746,5,7,4,4,1,3,0
2015-16,21500907,1,1610612760,3,3,3,3,0,0,0
2015-16,21500907,2,1610612746,3,0,0,0,2,0,1
2015-16,21500907,2,1610612760,3,1,1,1,1,0,1
2015-16,21500907,3,1610612746,5,7,5,3,2,2,0
2015-16,21500907,3,1610612760,4,3,3,2,1,0,1
2015-16,21500907,4,1610612746,7,7,5,4,1,2,2
2015-16,21500907,4,1610612760,3,4,3,2,1,1,0
2015-16,21500908,1,1610612748,5,4,4,1,3,0,1
2015-16,21500908,1,1610612756,4,5,2,3,1,3,0
2015-16,21500908,2,1610612748,7,7,6,1,5,1,1
2015-16,21500908,2,1610612756,6,9,8,4,1,1,1
2015-16,21500908,3,1610612748,5,6,4,3,2,2,0
2015-16,21500908,3,1610612756,8,8,6,4,4,2,0
2015-16,21500908,4,1610612748,5,8,5,4,1,3,0
2015-16,21500908,4,1610612756,6,5,5,1,5,0,0
2015-16,21500909,1,1610612740,2,1,1,1,1,0,0
2015-16,21500909,1,1610612759,2,2,2,1,1,0,0
2015-16,21500909,2,1610612740,1,2,2,1,0,0,0
2015-16,21500909,2,1610612759,4,5,5,3,1,0,0
2015-16,21500909,3,1610612740,2,0,0,0,2,0,0
2015-16,21500909,3,1610612759,4,6,5,3,1,1,0
2015-16,21500909,4,1610612740,6,5,5,3,3,0,0
2015-16,21500909,4,1610612759,3,2,2,1,2,0,0
2015-16,21500910,1,1610612742,2,1,1,1,1,0,0
2015-16,21500910,1,1610612758,3,1,1,0,3,0,0
2015-16,21500910,2,1610612742,2,2,1,1,1,1,0
2015-16,21500910,2,1610612758,4,3,2,2,2,1,0
2015-16,21500910,3,1610612742,3,0,0,0,3,0,0
2015-16,21500910,3,1610612758,0,0,0,0,0,0,0
2015-16,21500910,4,1610612742,4,3,2,2,2,1,0
2015-16,21500910,4,1610612758,14,20,10,2,12,10,0
2015-16,21500911,1,1610612744,3,3,1,2,1,2,0
2015-16,21500911,1,1610612760,4,7,6,2,2,1,0
2015-16,21500911,2,1610612744,1,1,1,1,0,0,0
2015-16,21500911,2,1610612760,5,9,7,5,0,2,0
2015-16,21500911,3,1610612744,4,4,2,2,2,2,0
2015-16,21500911,3,1610612760,4,4,2,2,2,2,0
2015-16,21500911,4,1610612744,9,13,12,5,2,1,2
2015-16,21500911,4,1610612760,4,7,7,4,0,0,0
2015-16,21500912,1,1610612754,3,5,5,3,0,0,0
2015-16,21500912,1,1610612766,3,3,2,2,1,1,0
2015-16,21500912,2,1610612754,2,2,2,1,1,0,0
2015-16,21500912,2,1610612766,3,4,3,2,1,1,0
2015-16,21500912,3,1610612754,8,8,5,6,1,3,0
2015-16,21500912,3,1610612766,6,10,9,5,0,1,1
2015-16,21500912,4,1610612754,5,6,6,2,2,0,1
2015-16,21500912,4,1610612766,7,6,5,1,6,1,0
2015-16,21500913,1,1610612753,3,2,1,0,1,1,1
2015-16,21500913,1,1610612756,4,2,0,1,2,2,0
2015-16,21500913,2,1610612753,4,8,4,3,1,4,0
2015-16,21500913,2,1610612756,6,7,5,4,2,2,0
2015-16,21500913,3,1610612753,4,2,2,1,3,0,0
2015-16,21500913,3,1610612756,11,18,15,7,4,3,0
2015-16,21500913,4,1610612753,2,2,0,1,1,2,0
2015-16,21500913,4,1610612756,8,12,7,3,5,5,0
2015-16,21500914,1,1610612748,8,12,11,6,2,1,0
2015-16,21500914,1,1610612755,6,9,8,5,1,1,0
2015-16,21500914,2,1610612748,6,9,4,5,0,5,1
2015-16,21500914,2,1610612755,3,2,2,1,2,0,0
2015-16,21500914,3,1610612748,7,9,8,3,3,1,1
2015-16,21500914,3,1610612755,7,12,8,5,2,4,0
2015-16,21500914,4,1610612748,6,6,6,2,3,0,1
2015-16,21500914,4,1610612755,3,4,3,2,1,1,0
2015-16,21500915,1,1610612738,6,8,6,4,2,2,0
2015-16,21500915,1,1610612752,2,3,2,2,0,1,0
2015-16,21500915,2,1610612738,4,7,7,3,1,0,0
2015-16,21500915,2,1610612752,4,6,4,4,0,2,0
2015-16,21500915,3,1610612738,3,6,4,3,0,2,0
2015-16,21500915,3,1610612752,5,5,5,0,4,0,1
2015-16,21500915,4,1610612738,5,4,2,1,4,2,0
2015-16,21500915,4,1610612752,1,0,0,0,1,0,0
2015-16,21500916,1,1610612757,9,7,6,4,5,1,0
2015-16,21500916,1,1610612761,10,13,12,6,2,1,2
2015-16,21500916,2,1610612757,6,11,6,5,0,5,1
2015-16,21500916,2,1610612761,7,15,10,6,1,5,0
2015-16,21500916,3,1610612757,4,4,4,2,2,0,0
2015-16,21500916,3,1610612761,8,14,14,7,1,0,0
2015-16,21500916,4,1610612757,9,13,10,4,4,3,1
2015-16,21500916,4,1610612761,8,12,7,3,5,5,0
2015-16,21500917,1,1610612739,4,4,4,2,2,0,0
2015-16,21500917,1,1610612764,3,4,3,2,1,1,0
2015-16,21500917,2,1610612739,3,2,2,1,2,0,0
2015-16,21500917,2,1610612764,3,3,3,2,1,0,0
2015-16,21500917,3,1610612739,5,5,4,3,1,1,1
2015-16,21500917,3,1610612764,5,7,4,4,1,3,0
2015-16,21500917,4,1610612739,5,5,2,2,3,3,0
2015-16,21500917,4,1610612764,7,10,6,5,1,4,0
2015-16,21500918,1,1610612762,4,5,2,3,1,3,0
2015-16,21500918,1,1610612763,3,2,2,1,2,0,0
2015-16,21500918,2,1610612762,3,1,1,1,2,0,0
2015-16,21500918,2,1610612763,3,7,5,3,0,2,0
2015-16,21500918,3,1610612762,5,10,7,4,0,3,0
2015-16,21500918,3,1610612763,3,2,2,1,2,0,0
2015-16,21500918,4,1610612762,8,13,9,4,3,4,1
2015-16,21500918,4,1610612763,6,8,7,2,3,1,1
2015-16,21500919,1,1610612749,3,4,3,1,2,1,0
2015-16,21500919,1,1610612750,4,3,2,2,1,1,1
2015-16,21500919,2,1610612749,2,2,1,1,1,1,0
2015-16,21500919,2,1610612750,3,4,4,2,1,0,0
2015-16,21500919,3,1610612749,8,9,7,2,6,2,0
2015-16,21500919,3,1610612750,6,7,4,4,1,3,0
2015-16,21500919,4,1610612749,7,5,5,1,4,0,1
2015-16,21500919,4,1610612750,3,0,0,0,2,0,1
2015-16,21500920,1,1610612743,2,2,2,1,1,0,0
2015-16,21500920,1,1610612751,3,0,0,0,2,0,1
2015-16,21500920,2,1610612743,6,7,7,2,1,0,3
2015-16,21500920,2,1610612751,5,4,4,2,2,0,1
2015-16,21500920,3,1610612743,6,9,8,4,2,1,0
2015-16,21500920,3,1610612751,3,6,4,2,1,2,0
2015-16,21500920,4,1610612743,4,5,3,3,1,2,0
2015-16,21500920,4,1610612751,6,9,7,4,2,2,0
2015-16,21500921,1,1610612737,3,4,2,2,1,2,0
2015-16,21500921,1,1610612747,2,2,1,1,1,1,0
2015-16,21500921,2,1610612737,4,7,5,4,0,2,0
2015-16,21500921,2,1610612747,4,0,0,0,2,0,2
2015-16,21500921,3,1610612737,5,10,7,4,1,3,0
2015-16,21500921,3,1610612747,6,9,7,4,2,2,0
2015-16,21500921,4,1610612737,3,5,5,2,0,0,0
2015-16,21500921,4,1610612747,6,9,6,3,2,3,0
2015-16,21500922,1,1610612738,2,1,0,1,1,1,0
2015-16,21500922,1,1610612739,2,0,0,0,1,0,1
2015-16,21500922,2,1610612738,5,8,3,3,2,5,0
2015-16,21500922,2,1610612739,8,13,11,4,4,2,0
2015-16,21500922,3,1610612738,3,2,2,1,2,0,0
2015-16,21500922,3,1610612739,8,15,10,6,1,5,0
2015-16,21500922,4,1610612738,9,16,14,3,4,2,1
2015-16,21500922,4,1610612739,3,6,5,3,0,1,0
2015-16,21500923,1,1610612752,4,4,2,2,2,2,0
2015-16,21500923,1,1610612765,4,4,4,2,2,0,0
2015-16,21500923,2,1610612752,5,6,5,3,2,1,0
2015-16,21500923,2,1610612765,2,2,1,1,1,1,0
2015-16,21500923,3,1610612752,6,8,7,5,1,1,0
2015-16,21500923,3,1610612765,5,7,6,4,1,1,0
2015-16,21500923,4,1610612752,2,0,0,0,2,0,0
2015-16,21500923,4,1610612765,1,2,0,1,0,2,0
2015-16,21500924,1,1610612754,2,4,4,2,0,0,0
2015-16,21500924,1,1610612764,3,1,0,1,2,1,0
2015-16,21500924,2,1610612754,4,2,2,1,3,0,0
2015-16,21500924,2,1610612764,9,10,7,5,3,3,1
2015-16,21500924,3,1610612754,5,2,2,0,5,0,0
2015-16,21500924,3,1610612764,5,3,1,2,1,2,2
2015-16,21500924,4,1610612754,7,12,11,5,2,1,0
2015-16,21500924,4,1610612764,7,10,7,5,1,3,1
2015-16,21500925,1,1610612740,3,2,2,1,2,0,0
2015-16,21500925,1,1610612762,5,4,3,2,3,1,0
2015-16,21500925,2,1610612740,2,2,0,2,0,2,0
2015-16,21500925,2,1610612762,5,5,5,3,2,0,0
2015-16,21500925,3,1610612740,4,2,2,1,1,0,2
2015-16,21500925,3,1610612762,8,10,10,3,4,0,0
2015-16,21500925,4,1610612740,7,5,5,2,3,0,2
2015-16,21500925,4,1610612762,7,8,8,3,4,0,0
2015-16,21500926,1,1610612750,4,1,0,1,3,1,0
2015-16,21500926,1,1610612751,8,10,7,2,5,3,1
2015-16,21500926,2,1610612750,5,7,5,2,3,2,0
2015-16,21500926,2,1610612751,4,5,3,3,1,2,0
2015-16,21500926,3,1610612750,2,2,2,1,1,0,0
2015-16,21500926,3,1610612751,4,2,2,1,2,0,1
2015-16,21500926,4,1610612750,9,12,11,5,4,1,0
2015-16,21500926,4,1610612751,8,9,7,6,1,2,1
2015-16,21500927,1,1610612741,5,8,6,3,2,2,0
2015-16,21500927,1,1610612745,5,10,5,5,0,5,0
2015-16,21500927,2,1610612741,9,15,12,4,4,3,1
2015-16,21500927,2,1610612745,5,5,4,1,2,1,1
2015-16,21500927,3,1610612741,4,5,3,3,1,2,0
2015-16,21500927,3,1610612745,6,12,10,6,0,2,0
2015-16,21500927,4,1610612741,6,6,6,1,5,0,0
2015-16,21500927,4,1610612745,4,3,2,2,2,1,0
2015-16,21500928,1,1610612758,4,8,4,3,1,4,0
2015-16,21500928,1,1610612759,2,1,1,1,0,0,1
2015-16,21500928,2,1610612758,5,7,5,3,2,2,0
2015-16,21500928,2,1610612759,4,7,5,4,0,2,0
2015-16,21500928,3,1610612758,4,0,0,0,4,0,0
2015-16,21500928,3,1610612759,7,9,9,4,3,0,0
2015-16,21500928,4,1610612758,7,6,5,4,3,1,0
2015-16,21500928,4,1610612759,4,2,1,1,3,1,0
2015-16,21500929,1,1610612737,3,2,1,2,1,1,0
2015-16,21500929,1,1610612746,3,4,3,3,0,1,0
2015-16,21500929,2,1610612737,5,4,4,2,3,0,0
2015-16,21500929,2,1610612746,2,1,1,1,1,0,0
2015-16,21500929,3,1610612737,4,5,5,3,1,0,0
2015-16,21500929,3,1610612746,11,16,9,3,7,7,0
2015-16,21500929,4,1610612737,6,9,7,3,2,2,1
2015-16,21500929,4,1610612746,7,7,4,2,4,3,1
2015-16,21500930,1,1610612749,6,7,6,4,2,1,0
2015-16,21500930,1,1610612760,5,11,8,5,0,3,0
2015-16,21500930,2,1610612749,7,11,9,4,2,2,0
2015-16,21500930,2,1610612760,7,12,10,7,0,2,0
2015-16,21500930,3,1610612749,4,4,4,2,2,0,0
2015-16,21500930,3,1610612760,5,7,4,2,2,3,1
2015-16,21500930,4,1610612749,6,8,6,2,4,2,0
2015-16,21500930,4,1610612760,7,13,11,3,4,2,0
2015-16,21500931,1,1610612744,5,5,2,2,3,3,0
2015-16,21500931,1,1610612747,3,3,3,2,1,0,0
2015-16,21500931,2,1610612744,6,8,8,4,2,0,0
2015-16,21500931,2,1610612747,6,7,7,4,2,0,0
2015-16,21500931,3,1610612744,5,4,4,2,3,0,0
2015-16,21500931,3,1610612747,4,5,5,2,1,0,1
2015-16,21500931,4,1610612744,6,4,3,2,3,1,1
2015-16,21500931,4,1610612747,6,7,6,3,2,1,1
2015-16,21500932,1,1610612756,3,1,1,0,3,0,0
2015-16,21500932,1,1610612763,5,5,5,2,3,0,0
2015-16,21500932,2,1610612756,9,13,7,5,4,6,0
2015-16,21500932,2,1610612763,7,12,10,6,1,2,0
2015-16,21500932,3,1610612756,6,8,8,4,2,0,0
2015-16,21500932,3,1610612763,3,5,2,3,0,3,0
2015-16,21500932,4,1610612756,7,8,7,2,5,1,0
2015-16,21500932,4,1610612763,5,11,9,5,0,2,0
2015-16,21500933,1,1610612742,3,3,3,2,1,0,0
2015-16,21500933,1,1610612743,5,4,2,2,2,2,1
2015-16,21500933,2,1610612742,8,10,7,3,3,3,2
2015-16,21500933,2,1610612743,6,11,10,3,2,1,0
2015-16,21500933,3,1610612742,6,4,3,2,3,1,1
2015-16,21500933,3,1610612743,1,2,2,1,0,0,0
2015-16,21500933,4,1610612742,3,0,0,0,2,0,1
2015-16,21500933,4,1610612743,3,6,3,3,0,3,0
2015-16,21500934,1,1610612757,2,2,2,1,1,0,0
2015-16,21500934,1,1610612765,5,5,5,3,2,0,0
2015-16,21500934,2,1610612757,6,6,6,2,4,0,0
2015-16,21500934,2,1610612765,5,9,8,5,0,1,0
2015-16,21500934,3,1610612757,7,7,7,2,4,0,1
2015-16,21500934,3,1610612765,7,12,10,3,3,2,0
2015-16,21500934,4,1610612757,7,8,7,2,5,1,0
2015-16,21500934,4,1610612765,4,2,0,2,2,2,0
2015-16,21500935,1,1610612748,5,8,6,4,1,2,0
2015-16,21500935,1,1610612755,4,4,1,3,1,3,0
2015-16,21500935,2,1610612748,1,2,1,1,0,1,0
2015-16,21500935,2,1610612755,4,6,4,4,0,2,0
2015-16,21500935,3,1610612748,9,12,9,4,3,3,2
2015-16,21500935,3,1610612755,6,9,6,4,2,3,0
2015-16,21500935,4,1610612748,6,8,7,1,5,1,0
2015-16,21500935,4,1610612755,2,3,2,1,1,1,0
2015-16,21500936,1,1610612745,6,11,7,5,1,4,0
2015-16,21500936,1,1610612761,5,3,3,0,5,0,0
2015-16,21500936,2,1610612745,5,8,6,4,1,2,0
2015-16,21500936,2,1610612761,3,3,2,0,2,1,0
2015-16,21500936,3,1610612745,6,9,5,4,2,4,0
2015-16,21500936,3,1610612761,7,13,11,5,2,2,0
2015-16,21500936,4,1610612745,4,9,6,2,1,3,0
2015-16,21500936,4,1610612761,6,8,5,4,2,3,0
2015-16,21500937,1,1610612750,1,2,2,1,0,0,0
2015-16,21500937,1,1610612766,1,2,2,1,0,0,0
2015-16,21500937,2,1610612750,4,6,6,4,0,0,0
2015-16,21500937,2,1610612766,4,4,3,2,2,1,0
2015-16,21500937,3,1610612750,5,6,5,3,2,1,0
2015-16,21500937,3,1610612766,6,4,3,3,2,1,1
2015-16,21500937,4,1610612750,7,10,8,2,4,2,1
2015-16,21500937,4,1610612766,5,7,6,1,4,1,0
2015-16,21500938,1,1610612739,4,5,4,2,1,1,1
2015-16,21500938,1,1610612763,3,6,5,3,0,1,0
2015-16,21500938,2,1610612739,8,12,9,4,4,3,0
2015-16,21500938,2,1610612763,4,5,4,4,0,1,0
2015-16,21500938,3,1610612739,6,8,7,2,1,1,3
2015-16,21500938,3,1610612763,5,5,4,2,2,1,0
2015-16,21500938,4,1610612739,4,4,4,2,1,0,1
2015-16,21500938,4,1610612763,5,6,5,1,3,1,0
2015-16,21500939,1,1610612754,3,6,5,3,0,1,0
2015-16,21500939,1,1610612759,2,0,0,0,1,0,1
2015-16,21500939,2,1610612754,5,7,6,4,1,1,0
2015-16,21500939,2,1610612759,3,6,5,3,0,1,0
2015-16,21500939,3,1610612754,7,10,10,3,4,0,0
2015-16,21500939,3,1610612759,5,5,4,2,3,1,0
2015-16,21500939,4,1610612754,4,7,7,3,1,0,0
2015-16,21500939,4,1610612759,7,11,10,4,3,1,0
2015-16,21500940,1,1610612741,1,1,1,0,1,0,0
2015-16,21500940,1,1610612749,2,2,0,1,1,2,0
2015-16,21500940,2,1610612741,4,2,1,1,3,1,0
2015-16,21500940,2,1610612749,5,6,4,2,3,2,0
2015-16,21500940,3,1610612741,6,4,3,2,4,1,0
2015-16,21500940,3,1610612749,5,7,6,4,1,1,0
2015-16,21500940,4,1610612741,7,8,7,1,6,1,0
2015-16,21500940,4,1610612749,3,2,1,1,2,1,0
2015-16,21500941,1,1610612740,5,2,2,2,2,0,1
2015-16,21500941,1,1610612758,5,4,4,2,3,0,0
2015-16,21500941,2,1610612740,4,1,0,1,3,1,0
2015-16,21500941,2,1610612758,4,6,5,4,0,1,0
2015-16,21500941,3,1610612740,10,16,12,5,3,4,2
2015-16,21500941,3,1610612758,8,13,10,3,3,3,2
2015-16,21500941,4,1610612740,5,7,4,3,2,3,0
2015-16,21500941,4,1610612758,4,4,4,2,2,0,0
2015-16,21500942,1,1610612742,6,7,6,4,2,1,0
2015-16,21500942,1,1610612746,2,0,0,0,2,0,0
2015-16,21500942,2,1610612742,10,16,12,7,2,4,1
2015-16,21500942,2,1610612746,8,15,8,4,4,7,0
2015-16,21500942,3,1610612742,4,5,4,3,1,1,0
2015-16,21500942,3,1610612746,4,7,6,2,2,1,0
2015-16,21500942,4,1610612742,5,4,4,2,2,0,1
2015-16,21500942,4,1610612746,4,7,5,3,1,2,0
2015-16,21500943,1,1610612744,2,4,3,2,0,1,0
2015-16,21500943,1,1610612753,3,2,2,1,1,0,1
2015-16,21500943,2,1610612744,4,4,3,2,2,1,0
2015-16,21500943,2,1610612753,8,14,9,6,2,5,0
2015-16,21500943,3,1610612744,9,11,8,2,7,3,0
2015-16,21500943,3,1610612753,6,7,7,4,2,0,0
2015-16,21500943,4,1610612744,6,8,5,2,4,3,0
2015-16,21500943,4,1610612753,8,11,10,3,5,1,0
2015-16,21500944,1,1610612751,0,0,0,0,0,0,0
2015-16,21500944,1,1610612761,4,4,4,2,2,0,0
2015-16,21500944,2,1610612751,6,4,4,0,4,0,2
2015-16,21500944,2,1610612761,6,9,7,4,2,2,0
2015-16,21500944,3,1610612751,4,2,2,2,2,0,0
2015-16,21500944,3,1610612761,7,10,9,4,2,1,1
2015-16,21500944,4,1610612751,3,3,3,2,1,0,0
2015-16,21500944,4,1610612761,4,2,0,0,3,2,1
2015-16,21500945,1,1610612750,4,6,5,3,1,1,0
2015-16,21500945,1,1610612759,2,2,2,1,1,0,0
2015-16,21500945,2,1610612750,4,5,3,3,1,2,0
2015-16,21500945,2,1610612759,7,11,10,4,3,1,0
2015-16,21500945,3,1610612750,3,3,3,2,1,0,0
2015-16,21500945,3,1610612759,5,4,4,2,3,0,0
2015-16,21500945,4,1610612750,4,5,4,3,1,1,0
2015-16,21500945,4,1610612759,2,2,2,1,1,0,0
2015-16,21500946,1,1610612743,3,3,3,2,0,0,1
2015-16,21500946,1,1610612752,4,3,3,2,2,0,0
2015-16,21500946,2,1610612743,4,4,2,2,2,2,0
2015-16,21500946,2,1610612752,6,7,6,3,3,1,0
2015-16,21500946,3,1610612743,4,5,4,2,1,1,1
2015-16,21500946,3,1610612752,5,6,3,2,3,3,0
2015-16,21500946,4,1610612743,7,7,5,4,1,2,2
2015-16,21500946,4,1610612752,6,10,10,4,1,0,1
2015-16,21500947,1,1610612737,1,2,1,1,0,1,0
2015-16,21500947,1,1610612762,3,3,3,2,1,0,0
2015-16,21500947,2,1610612737,3,4,1,2,1,3,0
2015-16,21500947,2,1610612762,5,7,4,4,1,3,0
2015-16,21500947,3,1610612737,3,3,3,2,0,0,1
2015-16,21500947,3,1610612762,4,4,4,2,2,0,0
2015-16,21500947,4,1610612737,5,5,2,1,3,3,0
2015-16,21500947,4,1610612762,6,9,6,5,1,3,0
2015-16,21500948,1,1610612757,2,3,1,1,1,2,0
2015-16,21500948,1,1610612764,7,8,4,4,2,4,0
2015-16,21500948,2,1610612757,8,10,7,4,3,3,1
2015-16,21500948,2,1610612764,6,9,5,5,1,4,0
2015-16,21500948,3,1610612757,5,10,10,4,0,0,1
2015-16,21500948,3,1610612764,4,3,1,2,0,2,2
2015-16,21500948,4,1610612757,4,4,3,2,1,1,1
2015-16,21500948,4,1610612764,4,3,1,2,2,2,0
2015-16,21500949,1,1610612747,1,0,0,0,1,0,0
2015-16,21500949,1,1610612753,1,2,0,1,0,2,0
2015-16,21500949,2,1610612747,7,7,4,3,3,3,1
2015-16,21500949,2,1610612753,6,6,6,4,2,0,0
2015-16,21500949,3,1610612747,9,11,10,4,5,1,0
2015-16,21500949,3,1610612753,8,12,9,3,5,3,0
2015-16,21500949,4,1610612747,6,5,4,3,2,1,1
2015-16,21500949,4,1610612753,6,7,4,3,3,3,0
2015-16,21500950,1,1610612740,2,4,3,2,0,1,0
2015-16,21500950,1,1610612766,4,4,3,2,2,1,0
2015-16,21500950,2,1610612740,5,10,9,5,0,1,0
2015-16,21500950,2,1610612766,6,12,10,5,1,2,0
2015-16,21500950,3,1610612740,5,7,4,3,1,3,1
2015-16,21500950,3,1610612766,6,10,6,4,2,4,0
2015-16,21500950,4,1610612740,6,7,7,4,2,0,0
2015-16,21500950,4,1610612766,7,12,12,3,4,0,0
2015-16,21500951,1,1610612745,5,9,4,5,0,5,0
2015-16,21500951,1,1610612755,7,8,4,3,4,4,0
2015-16,21500951,2,1610612745,5,11,10,5,0,1,0
2015-16,21500951,2,1610612755,5,7,6,2,2,1,1
2015-16,21500951,3,1610612745,11,15,13,6,5,2,0
2015-16,21500951,3,1610612755,10,16,11,7,3,5,0
2015-16,21500951,4,1610612745,6,6,4,2,3,2,1
2015-16,21500951,4,1610612755,0,1,1,0,0,0,0
2015-16,21500952,1,1610612748,3,4,4,2,0,0,1
2015-16,21500952,1,1610612749,4,7,4,3,1,3,0
2015-16,21500952,2,1610612748,7,9,8,4,1,1,1
2015-16,21500952,2,1610612749,4,4,3,2,2,1,0
2015-16,21500952,3,1610612748,5,4,4,1,4,0,0
2015-16,21500952,3,1610612749,8,13,9,5,3,4,0
2015-16,21500952,4,1610612748,2,2,2,0,1,0,1
2015-16,21500952,4,1610612749,8,13,10,3,3,3,1
2015-16,21500953,1,1610612738,5,6,5,3,2,1,0
2015-16,21500953,1,1610612763,6,8,8,3,2,0,1
2015-16,21500953,2,1610612738,7,7,6,4,3,1,0
2015-16,21500953,2,1610612763,8,10,9,3,3,1,2
2015-16,21500953,3,1610612738,5,9,6,3,1,3,1
2015-16,21500953,3,1610612763,6,8,6,3,3,2,0
2015-16,21500953,4,1610612738,2,2,2,1,1,0,0
2015-16,21500953,4,1610612763,6,5,2,3,0,3,3
2015-16,21500954,1,1610612742,3,3,3,2,1,0,0
2015-16,21500954,1,1610612765,3,1,1,1,2,0,0
2015-16,21500954,2,1610612742,3,0,0,0,3,0,0
2015-16,21500954,2,1610612765,9,15,8,5,4,7,0
2015-16,21500954,3,1610612742,2,3,2,1,0,1,1
2015-16,21500954,3,1610612765,1,2,0,1,0,2,0
2015-16,21500954,4,1610612742,5,5,4,3,1,1,1
2015-16,21500954,4,1610612765,6,12,8,3,2,4,0
2015-16,21500955,1,1610612746,7,9,2,2,5,7,0
2015-16,21500955,1,1610612760,6,8,7,3,3,1,0
2015-16,21500955,2,1610612746,3,5,5,2,1,0,0
2015-16,21500955,2,1610612760,3,5,5,2,1,0,0
2015-16,21500955,3,1610612746,3,2,2,1,1,0,1
2015-16,21500955,3,1610612760,5,3,1,1,4,2,0
2015-16,21500955,4,1610612746,6,7,5,2,4,2,0
2015-16,21500955,4,1610612760,2,2,2,1,1,0,0
2015-16,21500956,1,1610612752,4,4,3,2,1,1,1
2015-16,21500956,1,1610612756,4,5,2,3,1,3,0
2015-16,21500956,2,1610612752,7,11,10,5,2,1,0
2015-16,21500956,2,1610612756,4,2,2,1,3,0,0
2015-16,21500956,3,1610612752,6,5,4,2,3,1,1
2015-16,21500956,3,1610612756,5,6,6,3,1,0,1
2015-16,21500956,4,1610612752,4,4,3,2,2,1,0
2015-16,21500956,4,1610612756,4,2,0,1,3,2,0
2015-16,21500957,1,1610612739,5,6,4,3,2,2,0
2015-16,21500957,1,1610612758,2,4,4,2,0,0,0
2015-16,21500957,2,1610612739,8,12,9,6,2,3,0
2015-16,21500957,2,1610612758,7,9,7,4,3,2,0
2015-16,21500957,3,1610612739,4,4,4,3,0,0,1
2015-16,21500957,3,1610612758,5,6,3,2,1,3,1
2015-16,21500957,4,1610612739,9,13,12,5,4,1,0
2015-16,21500957,4,1610612758,7,13,9,4,2,4,1
2015-16,21500958,1,1610612744,3,0,0,0,3,0,0
2015-16,21500958,1,1610612762,3,2,1,1,2,1,0
2015-16,21500958,2,1610612744,2,2,1,1,1,1,0
2015-16,21500958,2,1610612762,4,6,4,2,2,2,0
2015-16,21500958,3,1610612744,4,6,4,3,0,2,1
2015-16,21500958,3,1610612762,5,7,5,3,2,2,0
2015-16,21500958,4,1610612744,4,2,1,2,1,1,1
2015-16,21500958,4,1610612762,10,16,12,6,4,4,0
2015-16,21500959,1,1610612737,2,2,1,1,0,1,1
2015-16,21500959,1,1610612761,3,0,0,0,3,0,0
2015-16,21500959,2,1610612737,7,12,8,5,2,4,0
2015-16,21500959,2,1610612761,7,11,7,3,3,4,1
2015-16,21500959,3,1610612737,7,8,6,1,5,2,1
2015-16,21500959,3,1610612761,7,12,9,5,2,3,0
2015-16,21500959,4,1610612737,6,5,4,1,3,1,2
2015-16,21500959,4,1610612761,4,6,5,2,2,1,0
2015-16,21500960,1,1610612741,5,7,7,3,2,0,0
2015-16,21500960,1,1610612759,1,0,0,0,1,0,0
2015-16,21500960,2,1610612741,1,0,0,0,1,0,0
2015-16,21500960,2,1610612759,5,6,4,4,1,2,0
2015-16,21500960,3,1610612741,3,4,3,2,1,1,0
2015-16,21500960,3,1610612759,4,6,6,3,1,0,0
2015-16,21500960,4,1610612741,2,2,2,1,1,0,0
2015-16,21500960,4,1610612759,7,7,5,2,4,2,1
2015-16,21500961,1,1610612743,3,4,2,2,1,2,0
2015-16,21500961,1,1610612756,7,12,10,4,2,2,1
2015-16,21500961,2,1610612743,7,7,6,2,4,1,1
2015-16,21500961,2,1610612756,6,3,2,2,3,1,1
2015-16,21500961,3,1610612743,3,2,2,1,2,0,0
2015-16,21500961,3,1610612756,9,15,11,4,5,4,0
2015-16,21500961,4,1610612743,4,6,5,4,0,1,0
2015-16,21500961,4,1610612756,7,3,3,1,5,0,0
2015-16,21500962,1,1610612739,6,8,7,3,2,1,1
2015-16,21500962,1,1610612747,3,1,1,1,2,0,0
2015-16,21500962,2,1610612739,4,2,1,1,3,1,0
2015-16,21500962,2,1610612747,4,3,3,1,3,0,0
2015-16,21500962,3,1610612739,5,4,2,1,3,2,1
2015-16,21500962,3,1610612747,7,8,6,4,3,2,0
2015-16,21500962,4,1610612739,5,6,4,3,2,2,0
2015-16,21500962,4,1610612747,6,9,7,4,1,2,1
2015-16,21500963,1,1610612765,1,2,2,1,0,0,0
2015-16,21500963,1,1610612766,4,8,7,4,0,1,0
2015-16,21500963,2,1610612765,9,14,10,4,4,4,1
2015-16,21500963,2,1610612766,8,14,11,5,2,3,1
2015-16,21500963,3,1610612765,4,6,6,3,1,0,0
2015-16,21500963,3,1610612766,5,5,5,1,1,0,2
2015-16,21500963,4,1610612765,4,5,4,3,1,1,0
2015-16,21500963,4,1610612766,2,2,1,2,0,1,0
2015-16,21500964,1,1610612751,2,4,4,2,0,0,0
2015-16,21500964,1,1610612755,2,2,2,1,1,0,0
2015-16,21500964,2,1610612751,2,3,2,2,0,1,0
2015-16,21500964,2,1610612755,4,6,4,3,1,2,0
2015-16,21500964,3,1610612751,8,7,6,3,5,1,0
2015-16,21500964,3,1610612755,3,2,1,1,2,1,0
2015-16,21500964,4,1610612751,4,8,6,4,0,2,0
2015-16,21500964,4,1610612755,4,5,3,2,2,2,0
2015-16,21500965,1,1610612738,5,8,7,3,2,1,0
2015-16,21500965,1,1610612745,6,8,5,3,3,3,0
2015-16,21500965,2,1610612738,6,5,4,1,5,1,0
2015-16,21500965,2,1610612745,2,2,1,1,1,1,0
2015-16,21500965,3,1610612738,9,13,10,6,2,3,1
2015-16,21500965,3,1610612745,5,10,7,4,1,3,0
2015-16,21500965,4,1610612738,1,2,1,1,0,1,0
2015-16,21500965,4,1610612745,3,5,4,1,2,1,0
2015-16,21500966,1,1610612741,3,4,4,2,1,0,0
2015-16,21500966,1,1610612748,4,6,4,3,1,2,0
2015-16,21500966,2,1610612741,3,4,3,3,0,1,0
2015-16,21500966,2,1610612748,5,8,5,3,2,3,0
2015-16,21500966,3,1610612741,3,1,1,1,2,0,0
2015-16,21500966,3,1610612748,5,6,5,2,3,1,0
2015-16,21500966,4,1610612741,4,6,4,3,1,2,0
2015-16,21500966,4,1610612748,0,0,0,0,0,0,0
2015-16,21500967,1,1610612740,4,8,6,2,0,2,0
2015-16,21500967,1,1610612763,5,6,4,3,1,2,1
2015-16,21500967,2,1610612740,6,9,6,3,3,3,0
2015-16,21500967,2,1610612763,6,7,4,3,2,3,1
2015-16,21500967,3,1610612740,4,5,3,2,2,2,0
2015-16,21500967,3,1610612763,4,2,2,1,3,0,0
2015-16,21500967,4,1610612740,7,7,6,3,4,1,0
2015-16,21500967,4,1610612763,5,8,4,3,2,4,0
2015-16,21500968,1,1610612750,4,2,2,1,3,0,0
2015-16,21500968,1,1610612760,7,11,10,4,1,1,2
2015-16,21500968,2,1610612750,5,7,6,3,2,1,0
2015-16,21500968,2,1610612760,6,10,5,5,1,5,0
2015-16,21500968,3,1610612750,3,2,2,1,2,0,0
2015-16,21500968,3,1610612760,4,3,2,1,3,1,0
2015-16,21500968,4,1610612750,8,10,8,5,3,2,0
2015-16,21500968,4,1610612760,3,1,1,1,2,0,0
2015-16,21500969,1,1610612762,3,5,4,3,0,1,0
2015-16,21500969,1,1610612764,3,5,5,2,1,0,0
2015-16,21500969,2,1610612762,3,4,4,2,1,0,0
2015-16,21500969,2,1610612764,3,2,2,1,2,0,0
2015-16,21500969,3,1610612762,13,17,11,8,4,6,1
2015-16,21500969,3,1610612764,6,8,3,2,2,5,2
2015-16,21500969,4,1610612762,8,12,10,6,1,2,1
2015-16,21500969,4,1610612764,5,7,6,4,1,1,0
2015-16,21500970,1,1610612753,5,8,5,3,2,3,0
2015-16,21500970,1,1610612758,3,3,3,2,0,0,1
2015-16,21500970,2,1610612753,4,7,5,3,0,2,1
2015-16,21500970,2,1610612758,8,9,9,4,3,0,1
2015-16,21500970,3,1610612753,5,7,4,4,1,3,0
2015-16,21500970,3,1610612758,3,5,5,3,0,0,0
2015-16,21500970,4,1610612753,7,12,7,3,4,5,0
2015-16,21500970,4,1610612758,7,8,5,5,2,3,0
2015-16,21500971,1,1610612744,2,2,2,1,1,0,0
2015-16,21500971,1,1610612757,7,8,7,3,3,1,0
2015-16,21500971,2,1610612744,8,15,11,4,3,4,1
2015-16,21500971,2,1610612757,3,4,4,1,1,0,1
2015-16,21500971,3,1610612744,5,10,7,2,2,3,1
2015-16,21500971,3,1610612757,3,3,3,0,3,0,0
2015-16,21500971,4,1610612744,7,12,10,4,3,2,0
2015-16,21500971,4,1610612757,6,8,5,4,2,3,0
2015-16,21500972,1,1610612746,5,5,4,2,3,1,0
2015-16,21500972,1,1610612752,4,4,3,2,2,1,0
2015-16,21500972,2,1610612746,6,7,6,2,4,1,0
2015-16,21500972,2,1610612752,4,6,4,2,2,2,0
2015-16,21500972,3,1610612746,2,0,0,0,2,0,0
2015-16,21500972,3,1610612752,6,7,7,2,3,0,1
2015-16,21500972,4,1610612746,5,4,2,0,5,2,0
2015-16,21500972,4,1610612752,6,8,8,3,3,0,0
2015-16,21500973,1,1610612742,3,2,2,1,2,0,0
2015-16,21500973,1,1610612754,2,4,4,2,0,0,0
2015-16,21500973,2,1610612742,5,5,5,1,3,0,0
2015-16,21500973,2,1610612754,5,4,4,3,2,0,0
2015-16,21500973,3,1610612742,6,7,5,2,3,2,1
2015-16,21500973,3,1610612754,6,9,9,5,1,0,0
2015-16,21500973,4,1610612742,5,4,3,2,3,1,0
2015-16,21500973,4,1610612754,8,12,10,3,4,2,1
2015-16,21500974,1,1610612737,3,1,1,1,1,0,1
2015-16,21500974,1,1610612763,4,3,2,2,1,1,1
2015-16,21500974,2,1610612737,5,10,9,5,0,1,0
2015-16,21500974,2,1610612763,1,2,2,1,0,0,0
2015-16,21500974,3,1610612737,4,6,2,3,1,4,0
2015-16,21500974,3,1610612763,4,6,6,3,1,0,0
2015-16,21500974,4,1610612737,2,0,0,0,1,0,1
2015-16,21500974,4,1610612763,5,3,1,2,2,2,1
2015-16,21500975,1,1610612745,2,2,0,1,1,2,0
2015-16,21500975,1,1610612766,2,0,0,0,2,0,0
2015-16,21500975,2,1610612745,7,9,6,5,1,3,1
2015-16,21500975,2,1610612766,6,6,6,2,3,0,1
2015-16,21500975,3,1610612745,6,6,6,3,2,0,1
2015-16,21500975,3,1610612766,6,6,5,1,5,1,0
2015-16,21500975,4,1610612745,9,11,6,6,3,5,0
2015-16,21500975,4,1610612766,5,4,3,2,3,1,0
2015-16,21500976,1,1610612755,4,5,4,3,1,1,0
2015-16,21500976,1,1610612765,3,5,3,3,0,2,0
2015-16,21500976,2,1610612755,3,3,3,1,2,0,0
2015-16,21500976,2,1610612765,5,8,6,4,1,2,0
2015-16,21500976,3,1610612755,6,7,6,4,2,1,0
2015-16,21500976,3,1610612765,4,5,5,3,0,0,1
2015-16,21500976,4,1610612755,6,12,10,4,1,2,1
2015-16,21500976,4,1610612765,4,4,4,2,1,0,0
2015-16,21500977,1,1610612748,2,4,3,2,0,1,0
2015-16,21500977,1,1610612761,3,3,3,2,0,0,1
2015-16,21500977,2,1610612748,3,0,0,0,2,0,1
2015-16,21500977,2,1610612761,8,11,9,4,2,2,2
2015-16,21500977,3,1610612748,6,6,4,3,2,2,1
2015-16,21500977,3,1610612761,4,2,2,1,0,0,3
2015-16,21500977,4,1610612748,10,16,14,4,5,2,1
2015-16,21500977,4,1610612761,6,8,8,2,3,0,1
2015-16,21500978,1,1610612740,3,6,6,3,0,0,0
2015-16,21500978,1,1610612749,1,1,1,0,1,0,0
2015-16,21500978,2,1610612740,4,6,5,3,1,1,0
2015-16,21500978,2,1610612749,5,6,5,4,1,1,0
2015-16,21500978,3,1610612740,1,2,2,1,0,0,0
2015-16,21500978,3,1610612749,7,11,8,4,3,3,0
2015-16,21500978,4,1610612740,6,7,3,4,2,4,0
2015-16,21500978,4,1610612749,5,6,5,3,1,1,1
2015-16,21500979,1,1610612759,4,3,3,2,2,0,0
2015-16,21500979,1,1610612760,5,10,9,5,0,1,0
2015-16,21500979,2,1610612759,3,3,3,2,0,0,1
2015-16,21500979,2,1610612760,5,9,7,5,0,2,0
2015-16,21500979,3,1610612759,7,12,10,5,2,2,0
2015-16,21500979,3,1610612760,3,0,0,0,3,0,0
2015-16,21500979,4,1610612759,5,7,5,1,4,2,0
2015-16,21500979,4,1610612760,4,6,5,3,1,1,0
2015-16,21500980,1,1610612743,4,4,4,2,2,0,0
2015-16,21500980,1,1610612764,5,4,2,2,3,2,0
2015-16,21500980,2,1610612743,4,3,2,1,2,1,1
2015-16,21500980,2,1610612764,4,6,5,3,1,1,0
2015-16,21500980,3,1610612743,9,12,10,3,5,2,1
2015-16,21500980,3,1610612764,10,9,6,6,2,3,2
2015-16,21500980,4,1610612743,8,10,8,3,4,2,1
2015-16,21500980,4,1610612764,6,10,8,3,3,2,0
2015-16,21500981,1,1610612744,4,6,5,2,2,1,0
2015-16,21500981,1,1610612756,3,0,0,0,3,0,0
2015-16,21500981,2,1610612744,10,15,14,5,5,1,0
2015-16,21500981,2,1610612756,7,9,6,5,2,3,0
2015-16,21500981,3,1610612744,7,9,6,2,5,3,0
2015-16,21500981,3,1610612756,7,5,4,1,4,1,2
2015-16,21500981,4,1610612744,4,3,3,2,2,0,0
2015-16,21500981,4,1610612756,6,6,5,2,4,1,0
2015-16,21500982,1,1610612753,2,2,2,1,1,0,0
2015-16,21500982,1,1610612757,4,3,3,0,4,0,0
2015-16,21500982,2,1610612753,4,3,0,3,1,3,0
2015-16,21500982,2,1610612757,2,0,0,0,1,0,1
2015-16,21500982,3,1610612753,5,7,4,3,1,3,0
2015-16,21500982,3,1610612757,1,2,2,1,0,0,0
2015-16,21500982,4,1610612753,5,6,3,3,1,3,1
2015-16,21500982,4,1610612757,5,6,5,3,2,1,0
2015-16,21500983,1,1610612739,4,5,3,3,1,2,0
2015-16,21500983,1,1610612746,4,2,1,1,2,1,1
2015-16,21500983,2,1610612739,6,8,5,4,2,3,0
2015-16,21500983,2,1610612746,5,2,1,1,4,1,0
2015-16,21500983,3,1610612739,5,3,3,1,4,0,0
2015-16,21500983,3,1610612746,5,11,10,4,1,1,0
2015-16,21500983,4,1610612739,6,4,3,1,3,1,2
2015-16,21500983,4,1610612746,4,4,4,3,1,0,0
2015-16,21500984,1,1610612737,3,4,4,1,1,0,1
2015-16,21500984,1,1610612754,5,3,2,2,3,1,0
2015-16,21500984,2,1610612737,4,4,3,2,1,1,1
2015-16,21500984,2,1610612754,4,3,2,1,3,1,0
2015-16,21500984,3,1610612737,1,0,0,0,1,0,0
2015-16,21500984,3,1610612754,1,0,0,0,1,0,0
2015-16,21500984,4,1610612737,4,2,2,1,3,0,0
2015-16,21500984,4,1610612754,2,1,0,1,1,1,0
2015-16,21500985,1,1610612749,2,3,3,2,0,0,0
2015-16,21500985,1,1610612751,2,4,4,2,0,0,0
2015-16,21500985,2,1610612749,5,6,4,2,1,2,2
2015-16,21500985,2,1610612751,3,5,3,2,1,2,0
2015-16,21500985,3,1610612749,1,0,0,0,0,0,1
2015-16,21500985,3,1610612751,3,2,2,1,2,0,0
2015-16,21500985,4,1610612749,9,12,6,6,3,6,0
2015-16,21500985,4,1610612751,2,2,1,1,1,1,0
2015-16,21500986,1,1610612758,5,4,2,2,3,2,0
2015-16,21500986,1,1610612762,3,4,4,2,1,0,0
2015-16,21500986,2,1610612758,5,6,5,3,2,1,0
2015-16,21500986,2,1610612762,4,5,3,3,1,2,0
2015-16,21500986,3,1610612758,3,4,0,2,1,4,0
2015-16,21500986,3,1610612762,3,1,1,1,1,0,1
2015-16,21500986,4,1610612758,6,7,7,3,2,0,1
2015-16,21500986,4,1610612762,10,12,10,0,9,2,1
2015-16,21500987,1,1610612747,4,8,5,4,0,3,0
2015-16,21500987,1,1610612752,5,8,4,3,2,4,0
2015-16,21500987,2,1610612747,1,0,0,0,1,0,0
2015-16,21500987,2,1610612752,4,6,4,3,1,2,0
2015-16,21500987,3,1610612747,6,10,9,5,0,1,1
2015-16,21500987,3,1610612752,5,7,7,3,2,0,0
2015-16,21500987,4,1610612747,4,3,2,2,0,1,1
2015-16,21500987,4,1610612752,5,6,4,3,2,2,0
2015-16,21500988,1,1610612742,3,1,1,1,2,0,0
2015-16,21500988,1,1610612766,6,7,3,4,2,4,0
2015-16,21500988,2,1610612742,4,8,6,3,1,2,0
2015-16,21500988,2,1610612766,5,7,3,2,2,4,0
2015-16,21500988,3,1610612742,4,4,3,2,2,1,0
2015-16,21500988,3,1610612766,8,11,8,5,3,3,0
2015-16,21500988,4,1610612742,4,5,4,2,2,1,0
2015-16,21500988,4,1610612766,6,9,8,4,2,1,0
2015-16,21500989,1,1610612764,2,2,2,1,1,0,0
2015-16,21500989,1,1610612765,3,5,3,3,0,2,0
2015-16,21500989,2,1610612764,2,2,1,1,0,1,1
2015-16,21500989,2,1610612765,6,6,4,0,6,2,0
2015-16,21500989,3,1610612764,6,8,7,3,3,1,0
2015-16,21500989,3,1610612765,7,7,3,4,2,4,1
2015-16,21500989,4,1610612764,5,6,4,4,0,2,0
2015-16,21500989,4,1610612765,5,4,4,2,3,0,0
2015-16,21500990,1,1610612743,4,6,3,4,0,3,0
2015-16,21500990,1,1610612748,3,4,4,2,1,0,0
2015-16,21500990,2,1610612743,4,6,5,3,0,1,1
2015-16,21500990,2,1610612748,2,2,2,1,1,0,0
2015-16,21500990,3,1610612743,6,6,4,4,2,2,0
2015-16,21500990,3,1610612748,8,11,7,3,4,4,1
2015-16,21500990,4,1610612743,4,2,2,1,2,0,1
2015-16,21500990,4,1610612748,8,11,9,2,6,2,0
2015-16,21500991,1,1610612741,2,2,2,2,0,0,0
2015-16,21500991,1,1610612761,6,11,11,5,1,0,0
2015-16,21500991,2,1610612741,6,11,10,4,2,1,0
2015-16,21500991,2,1610612761,4,6,4,3,0,2,1
2015-16,21500991,3,1610612741,4,0,0,0,4,0,0
2015-16,21500991,3,1610612761,7,8,8,3,3,0,1
2015-16,21500991,4,1610612741,6,7,6,1,5,1,0
2015-16,21500991,4,1610612761,5,6,4,2,3,2,0
2015-16,21500992,1,1610612745,6,10,8,5,1,2,0
2015-16,21500992,1,1610612763,4,4,4,1,0,0,1
2015-16,21500992,2,1610612745,6,10,5,5,1,5,0
2015-16,21500992,2,1610612763,8,12,7,3,5,5,0
2015-16,21500992,3,1610612745,6,11,8,3,2,3,1
2015-16,21500992,3,1610612763,2,4,2,2,0,2,0
2015-16,21500992,4,1610612745,4,3,1,2,1,2,1
2015-16,21500992,4,1610612763,8,8,4,3,4,4,1
2015-16,21500993,1,1610612757,2,2,2,1,1,0,0
2015-16,21500993,1,1610612760,5,6,6,3,2,0,0
2015-16,21500993,2,1610612757,3,4,3,2,1,1,0
2015-16,21500993,2,1610612760,4,7,6,4,0,1,0
2015-16,21500993,3,1610612757,7,10,10,4,2,0,1
2015-16,21500993,3,1610612760,6,8,5,4,2,3,0
2015-16,21500993,4,1610612757,8,11,10,5,3,1,0
2015-16,21500993,4,1610612760,4,5,4,3,0,1,1
2015-16,21500994,1,1610612739,2,2,2,1,1,0,0
2015-16,21500994,1,1610612762,2,1,1,1,1,0,0
2015-16,21500994,2,1610612739,3,0,0,0,2,0,1
2015-16,21500994,2,1610612762,5,5,4,1,4,1,0
2015-16,21500994,3,1610612739,5,4,2,2,3,2,0
2015-16,21500994,3,1610612762,2,1,1,0,2,0,0
2015-16,21500994,4,1610612739,4,2,1,0,1,1,2
2015-16,21500994,4,1610612762,6,7,6,2,1,1,3
2015-16,21500995,1,1610612750,5,8,7,4,1,1,0
2015-16,21500995,1,1610612756,3,3,3,1,1,0,0
2015-16,21500995,2,1610612750,4,2,2,1,3,0,0
2015-16,21500995,2,1610612756,8,12,8,4,3,4,1
2015-16,21500995,3,1610612750,5,6,6,3,1,0,0
2015-16,21500995,3,1610612756,4,4,4,2,2,0,0
2015-16,21500995,4,1610612750,10,14,11,5,4,3,1
2015-16,21500995,4,1610612756,3,1,1,1,2,0,0
2015-16,21500996,1,1610612740,3,2,2,1,2,0,0
2015-16,21500996,1,1610612744,4,1,0,1,1,1,2
2015-16,21500996,2,1610612740,8,15,11,7,1,4,0
2015-16,21500996,2,1610612744,4,7,6,4,0,1,0
2015-16,21500996,3,1610612740,6,7,7,3,3,0,0
2015-16,21500996,3,1610612744,5,8,7,4,0,1,1
2015-16,21500996,4,1610612740,5,10,10,5,0,0,0
2015-16,21500996,4,1610612744,5,7,6,3,2,1,0
2015-16,21500997,1,1610612738,3,0,0,0,3,0,0
2015-16,21500997,1,1610612754,2,4,3,2,0,1,0
2015-16,21500997,2,1610612738,3,6,4,3,0,2,0
2015-16,21500997,2,1610612754,3,0,0,0,3,0,0
2015-16,21500997,3,1610612738,6,10,9,5,1,1,0
2015-16,21500997,3,1610612754,5,6,4,2,3,2,0
2015-16,21500997,4,1610612738,5,6,5,3,1,1,0
2015-16,21500997,4,1610612754,10,18,13,4,5,5,1
2015-16,21500998,1,1610612743,2,2,1,1,1,1,0
2015-16,21500998,1,1610612753,2,0,0,0,1,0,1
2015-16,21500998,2,1610612743,3,5,5,3,0,0,0
2015-16,21500998,2,1610612753,2,2,1,1,1,1,0
2015-16,21500998,3,1610612743,5,4,4,2,3,0,0
2015-16,21500998,3,1610612753,2,4,4,2,0,0,0
2015-16,21500998,4,1610612743,8,13,11,6,1,2,1
2015-16,21500998,4,1610612753,11,19,15,2,9,4,0
2015-16,21500999,1,1610612751,4,7,6,4,0,1,0
2015-16,21500999,1,1610612755,4,3,2,2,1,1,1
2015-16,21500999,2,1610612751,8,16,14,7,0,2,1
2015-16,21500999,2,1610612755,7,12,9,5,0,3,1
2015-16,21500999,3,1610612751,6,6,5,3,3,1,0
2015-16,21500999,3,1610612755,4,5,5,3,1,0,0
2015-16,21500999,4,1610612751,3,2,2,1,2,0,0
2015-16,21500999,4,1610612755,3,6,5,3,0,1,0
2015-16,21501000,1,1610612749,6,9,5,4,2,4,0
2015-16,21501000,1,1610612761,3,5,3,2,1,2,0
2015-16,21501000,2,1610612749,6,6,5,1,5,1,0
2015-16,21501000,2,1610612761,4,6,6,2,0,0,2
2015-16,21501000,3,1610612749,5,6,5,4,1,1,0
2015-16,21501000,3,1610612761,4,2,2,1,2,0,1
2015-16,21501000,4,1610612749,5,5,4,2,2,1,1
2015-16,21501000,4,1610612761,4,4,4,2,2,0,0
2015-16,21501001,1,1610612746,5,5,5,1,4,0,0
2015-16,21501001,1,1610612759,5,6,5,3,2,1,0
2015-16,21501001,2,1610612746,4,4,1,2,2,3,0
2015-16,21501001,2,1610612759,3,4,3,2,1,1,0
2015-16,21501001,3,1610612746,6,10,6,4,2,4,0
2015-16,21501001,3,1610612759,5,2,1,0,5,1,0
2015-16,21501001,4,1610612746,5,3,3,2,3,0,0
2015-16,21501001,4,1610612759,4,4,3,2,2,1,0
2015-16,21501002,1,1610612747,4,9,5,4,0,4,0
2015-16,21501002,1,1610612758,6,10,8,3,3,2,0
2015-16,21501002,2,1610612747,2,4,3,2,0,1,0
2015-16,21501002,2,1610612758,4,5,3,3,1,2,0
2015-16,21501002,3,1610612747,3,4,3,2,1,1,0
2015-16,21501002,3,1610612758,7,10,7,4,2,3,1
2015-16,21501002,4,1610612747,6,9,8,4,2,1,0
2015-16,21501002,4,1610612758,6,8,8,3,2,0,1
2015-16,21501003,1,1610612738,5,5,3,2,3,2,0
2015-16,21501003,1,1610612760,4,4,3,1,2,1,1
2015-16,21501003,2,1610612738,4,4,4,2,2,0,0
2015-16,21501003,2,1610612760,6,11,9,6,0,2,0
2015-16,21501003,3,1610612738,6,8,7,5,1,1,0
2015-16,21501003,3,1610612760,9,13,10,4,5,3,0
2015-16,21501003,4,1610612738,6,10,10,4,2,0,0
2015-16,21501003,4,1610612760,3,2,2,1,2,0,0
2015-16,21501004,1,1610612753,3,5,4,2,1,1,0
2015-16,21501004,1,1610612766,6,9,7,4,2,2,0
2015-16,21501004,2,1610612753,4,8,7,4,0,1,0
2015-16,21501004,2,1610612766,4,4,3,2,1,1,1
2015-16,21501004,3,1610612753,3,4,3,3,0,1,0
2015-16,21501004,3,1610612766,2,2,1,1,0,1,1
2015-16,21501004,4,1610612753,2,4,4,2,0,0,0
2015-16,21501004,4,1610612766,4,6,5,3,1,1,0
2015-16,21501005,1,1610612739,3,3,2,2,1,1,0
2015-16,21501005,1,1610612742,3,3,2,2,1,1,0
2015-16,21501005,2,1610612739,5,4,3,3,2,1,0
2015-16,21501005,2,1610612742,5,8,8,3,2,0,0
2015-16,21501005,3,1610612739,4,0,0,0,3,0,1
2015-16,21501005,3,1610612742,3,6,5,3,0,1,0
2015-16,21501005,4,1610612739,6,6,6,1,5,0,0
2015-16,21501005,4,1610612742,4,2,2,1,1,0,2
2015-16,21501006,1,1610612741,4,7,5,3,1,2,0
2015-16,21501006,1,1610612764,4,4,2,2,0,2,2
2015-16,21501006,2,1610612741,5,6,6,3,1,0,1
2015-16,21501006,2,1610612764,5,8,5,3,1,3,1
2015-16,21501006,3,1610612741,6,10,9,3,1,1,1
2015-16,21501006,3,1610612764,4,4,4,3,0,0,1
2015-16,21501006,4,1610612741,1,0,0,0,0,0,1
2015-16,21501006,4,1610612764,5,8,7,4,1,1,0
2015-16,21501007,1,1610612737,2,3,3,1,1,0,0
2015-16,21501007,1,1610612765,3,5,5,3,0,0,0
2015-16,21501007,2,1610612737,5,7,6,2,2,1,1
2015-16,21501007,2,1610612765,1,1,1,1,0,0,0
2015-16,21501007,3,1610612737,6,7,6,3,3,1,0
2015-16,21501007,3,1610612765,10,16,12,5,4,4,1
2015-16,21501007,4,1610612737,11,17,13,3,7,4,1
2015-16,21501007,4,1610612765,10,17,10,2,8,7,0
2015-16,21501008,1,1610612750,5,10,9,5,0,1,0
2015-16,21501008,1,1610612763,7,9,7,5,2,2,0
2015-16,21501008,2,1610612750,3,6,4,3,0,2,0
2015-16,21501008,2,1610612763,4,7,6,3,1,1,0
2015-16,21501008,3,1610612750,3,3,2,2,1,1,0
2015-16,21501008,3,1610612763,5,3,2,3,2,1,0
2015-16,21501008,4,1610612750,8,12,9,2,5,3,1
2015-16,21501008,4,1610612763,2,2,1,2,0,1,0
2015-16,21501009,1,1610612745,4,5,4,3,0,1,1
2015-16,21501009,1,1610612746,4,2,2,1,3,0,0
2015-16,21501009,2,1610612745,5,7,5,2,3,2,0
2015-16,21501009,2,1610612746,8,10,6,2,6,4,0
2015-16,21501009,3,1610612745,6,8,5,2,3,3,1
2015-16,21501009,3,1610612746,9,16,12,6,3,4,0
2015-16,21501009,4,1610612745,4,4,3,2,1,1,1
2015-16,21501009,4,1610612746,3,4,4,2,1,0,0
2015-16,21501010,1,1610612740,3,2,1,1,1,1,1
2015-16,21501010,1,1610612758,1,0,0,0,1,0,0
2015-16,21501010,2,1610612740,4,6,6,3,1,0,0
2015-16,21501010,2,1610612758,3,4,3,2,1,1,0
2015-16,21501010,3,1610612740,5,6,5,3,1,1,1
2015-16,21501010,3,1610612758,7,9,9,3,3,0,1
2015-16,21501010,4,1610612740,2,2,1,1,1,1,0
2015-16,21501010,4,1610612758,3,4,3,1,1,1,0
2015-16,21501011,1,1610612744,2,2,2,1,1,0,0
2015-16,21501011,1,1610612752,4,5,2,3,1,3,0
2015-16,21501011,2,1610612744,1,1,1,1,0,0,0
2015-16,21501011,2,1610612752,3,1,0,1,2,1,0
2015-16,21501011,3,1610612744,3,4,4,1,2,0,0
2015-16,21501011,3,1610612752,2,2,2,1,1,0,0
2015-16,21501011,4,1610612744,5,5,4,2,3,1,0
2015-16,21501011,4,1610612752,3,2,2,1,2,0,0
2015-16,21501012,1,1610612754,8,9,5,4,3,4,1
2015-16,21501012,1,1610612761,5,7,6,4,1,1,0
2015-16,21501012,2,1610612754,4,5,4,2,2,1,0
2015-16,21501012,2,1610612761,7,12,8,4,2,4,1
2015-16,21501012,3,1610612754,1,0,0,0,0,0,1
2015-16,21501012,3,1610612761,3,3,2,0,1,1,2
2015-16,21501012,4,1610612754,6,7,6,4,1,1,1
2015-16,21501012,4,1610612761,8,10,9,6,2,1,0
2015-16,21501013,1,1610612755,2,2,1,1,0,1,1
2015-16,21501013,1,1610612764,4,4,2,2,2,2,0
2015-16,21501013,2,1610612755,2,2,0,1,1,2,0
2015-16,21501013,2,1610612764,2,0,0,0,2,0,0
2015-16,21501013,3,1610612755,5,7,5,4,1,2,0
2015-16,21501013,3,1610612764,3,2,1,0,3,1,0
2015-16,21501013,4,1610612755,7,15,12,6,0,3,0
2015-16,21501013,4,1610612764,10,13,10,1,6,3,3
2015-16,21501014,1,1610612748,3,3,3,2,1,0,0
2015-16,21501014,1,1610612766,1,1,1,1,0,0,0
2015-16,21501014,2,1610612748,4,6,5,3,1,1,0
2015-16,21501014,2,1610612766,6,7,6,3,2,1,1
2015-16,21501014,3,1610612748,4,4,4,3,1,0,0
2015-16,21501014,3,1610612766,2,2,0,1,1,2,0
2015-16,21501014,4,1610612748,8,11,7,4,3,4,1
2015-16,21501014,4,1610612766,6,11,9,2,4,2,0
2015-16,21501015,1,1610612737,4,4,3,2,2,1,0
2015-16,21501015,1,1610612743,3,2,2,1,1,0,1
2015-16,21501015,2,1610612737,4,5,4,3,1,1,0
2015-16,21501015,2,1610612743,2,3,2,1,0,1,1
2015-16,21501015,3,1610612737,6,7,6,3,3,1,0
2015-16,21501015,3,1610612743,4,2,2,1,3,0,0
2015-16,21501015,4,1610612737,7,12,11,5,1,1,0
2015-16,21501015,4,1610612743,5,10,8,4,0,2,1
2015-16,21501016,1,1610612741,4,2,2,1,3,0,0
2015-16,21501016,1,1610612751,1,0,0,0,1,0,0
2015-16,21501016,2,1610612741,4,4,4,2,2,0,0
2015-16,21501016,2,1610612751,7,11,8,6,0,3,1
2015-16,21501016,3,1610612741,6,7,7,3,2,0,1
2015-16,21501016,3,1610612751,3,2,2,1,2,0,0
2015-16,21501016,4,1610612741,3,2,2,0,3,0,0
2015-16,21501016,4,1610612751,5,7,6,4,1,1,0
2015-16,21501017,1,1610612749,4,7,5,4,0,2,0
2015-16,21501017,1,1610612763,4,3,3,3,1,0,0
2015-16,21501017,2,1610612749,5,6,2,2,2,4,1
2015-16,21501017,2,1610612763,2,1,1,1,1,0,0
2015-16,21501017,3,1610612749,4,5,5,3,1,0,0
2015-16,21501017,3,1610612763,4,6,6,3,1,0,0
2015-16,21501017,4,1610612749,6,7,5,2,4,2,0
2015-16,21501017,4,1610612763,6,7,5,2,2,2,0
2015-16,21501018,1,1610612757,4,5,4,3,1,1,0
2015-16,21501018,1,1610612759,3,4,3,2,1,1,0
2015-16,21501018,2,1610612757,7,11,9,6,1,2,0
2015-16,21501018,2,1610612759,9,13,12,3,5,1,1
2015-16,21501018,3,1610612757,3,0,0,0,3,0,0
2015-16,21501018,3,1610612759,4,2,2,2,2,0,0
2015-16,21501018,4,1610612757,9,14,9,7,2,5,0
2015-16,21501018,4,1610612759,5,3,3,1,3,0,1
2015-16,21501019,1,1610612756,3,4,3,2,1,1,0
2015-16,21501019,1,1610612762,1,0,0,0,1,0,0
2015-16,21501019,2,1610612756,4,0,0,0,4,0,0
2015-16,21501019,2,1610612762,4,2,2,1,3,0,0
2015-16,21501019,3,1610612756,5,2,2,2,3,0,0
2015-16,21501019,3,1610612762,5,6,3,3,2,3,0
2015-16,21501019,4,1610612756,6,8,2,3,3,6,0
2015-16,21501019,4,1610612762,3,1,1,1,2,0,0
2015-16,21501020,1,1610612739,3,4,3,2,1,1,0
2015-16,21501020,1,1610612753,2,2,2,1,1,0,0
2015-16,21501020,2,1610612739,5,6,6,2,3,0,0
2015-16,21501020,2,1610612753,6,6,5,2,2,1,2
2015-16,21501020,3,1610612739,5,5,3,1,4,2,0
2015-16,21501020,3,1610612753,7,12,10,5,1,2,1
2015-16,21501020,4,1610612739,8,12,8,6,2,4,0
2015-16,21501020,4,1610612753,4,2,1,1,3,1,0
2015-16,21501021,1,1610612755,5,7,5,2,2,2,1
2015-16,21501021,1,1610612760,5,2,2,0,5,0,0
2015-16,21501021,2,1610612755,4,4,3,3,1,1,0
2015-16,21501021,2,1610612760,3,7,5,3,0,2,0
2015-16,21501021,3,1610612755,6,10,6,4,2,4,0
2015-16,21501021,3,1610612760,6,8,6,2,4,2,0
2015-16,21501021,4,1610612755,5,6,3,3,1,3,1
2015-16,21501021,4,1610612760,2,1,1,1,1,0,0
2015-16,21501022,1,1610612758,4,7,5,3,1,2,0
2015-16,21501022,1,1610612765,4,3,2,3,1,1,0
2015-16,21501022,2,1610612758,4,7,5,3,0,2,1
2015-16,21501022,2,1610612765,2,1,1,1,1,0,0
2015-16,21501022,3,1610612758,7,9,8,4,2,1,1
2015-16,21501022,3,1610612765,8,8,6,4,3,2,1
2015-16,21501022,4,1610612758,5,6,6,2,3,0,0
2015-16,21501022,4,1610612765,6,6,6,2,3,0,1
2015-16,21501023,1,1610612738,5,2,0,1,3,2,0
2015-16,21501023,1,1610612761,0,0,0,0,0,0,0
2015-16,21501023,2,1610612738,4,3,3,2,2,0,0
2015-16,21501023,2,1610612761,7,11,7,4,3,4,0
2015-16,21501023,3,1610612738,7,7,7,2,4,0,1
2015-16,21501023,3,1610612761,4,7,6,3,0,1,1
2015-16,21501023,4,1610612738,2,0,0,0,2,0,0
2015-16,21501023,4,1610612761,6,7,5,3,3,2,0
2015-16,21501024,1,1610612745,2,2,2,1,1,0,0
2015-16,21501024,1,1610612750,5,6,4,2,3,2,0
2015-16,21501024,2,1610612745,3,2,2,1,1,0,1
2015-16,21501024,2,1610612750,6,7,6,4,2,1,0
2015-16,21501024,3,1610612745,4,4,4,2,1,0,1
2015-16,21501024,3,1610612750,3,3,3,2,1,0,0
2015-16,21501024,4,1610612745,4,6,1,3,1,5,0
2015-16,21501024,4,1610612750,5,8,6,3,2,2,0
2015-16,21501025,1,1610612740,5,4,3,2,2,1,1
2015-16,21501025,1,1610612757,6,8,8,3,1,0,2
2015-16,21501025,2,1610612740,5,4,4,2,3,0,0
2015-16,21501025,2,1610612757,6,10,9,4,2,1,0
2015-16,21501025,3,1610612740,6,12,10,5,0,2,1
2015-16,21501025,3,1610612757,3,2,2,1,2,0,0
2015-16,21501025,4,1610612740,6,8,5,2,2,3,2
2015-16,21501025,4,1610612757,11,20,17,4,5,3,1
2015-16,21501026,1,1610612742,4,5,5,2,2,0,0
2015-16,21501026,1,1610612744,3,1,1,1,2,0,0
2015-16,21501026,2,1610612742,8,15,14,7,1,1,0
2015-16,21501026,2,1610612744,3,3,3,0,3,0,0
2015-16,21501026,3,1610612742,4,2,2,1,3,0,0
2015-16,21501026,3,1610612744,6,6,4,3,3,2,0
2015-16,21501026,4,1610612742,4,0,0,0,3,0,1
2015-16,21501026,4,1610612744,3,4,4,3,0,0,0
2015-16,21501027,1,1610612747,4,4,4,2,2,0,0
2015-16,21501027,1,1610612756,3,2,1,2,1,1,0
2015-16,21501027,2,1610612747,3,2,2,1,1,0,1
2015-16,21501027,2,1610612756,5,6,5,3,2,1,0
2015-16,21501027,3,1610612747,6,10,8,4,2,2,0
2015-16,21501027,3,1610612756,5,6,5,3,2,1,0
2015-16,21501027,4,1610612747,5,10,8,4,0,2,1
2015-16,21501027,4,1610612756,6,12,12,4,2,0,0
2015-16,21501028,1,1610612743,4,8,5,4,0,3,0
2015-16,21501028,1,1610612766,4,4,4,1,1,0,2
2015-16,21501028,2,1610612743,4,4,3,3,1,1,0
2015-16,21501028,2,1610612766,5,6,3,3,2,3,0
2015-16,21501028,3,1610612743,3,1,1,1,2,0,0
2015-16,21501028,3,1610612766,5,8,6,3,2,2,0
2015-16,21501028,4,1610612743,7,10,7,2,4,3,1
2015-16,21501028,4,1610612766,4,2,1,1,2,1,1
2015-16,21501029,1,1610612737,3,2,1,1,2,1,0
2015-16,21501029,1,1610612745,4,7,3,4,0,4,0
2015-16,21501029,2,1610612737,4,3,2,2,2,1,0
2015-16,21501029,2,1610612745,8,13,12,3,4,1,0
2015-16,21501029,3,1610612737,6,5,3,1,3,2,1
2015-16,21501029,3,1610612745,6,9,9,4,2,0,0
2015-16,21501029,4,1610612737,3,2,1,1,2,1,0
2015-16,21501029,4,1610612745,1,2,2,1,0,0,0
2015-16,21501030,1,1610612751,3,4,2,2,1,2,0
2015-16,21501030,1,1610612765,4,3,0,2,1,3,1
2015-16,21501030,2,1610612751,3,3,3,1,2,0,0
2015-16,21501030,2,1610612765,5,7,4,3,1,3,1
2015-16,21501030,3,1610612751,2,0,0,0,2,0,0
2015-16,21501030,3,1610612765,2,0,0,0,2,0,0
2015-16,21501030,4,1610612751,9,14,9,5,4,5,0
2015-16,21501030,4,1610612765,8,11,9,6,1,2,1
2015-16,21501031,1,1610612754,0,0,0,0,0,0,0
2015-16,21501031,1,1610612760,2,4,2,2,0,2,0
2015-16,21501031,2,1610612754,8,12,8,5,3,4,0
2015-16,21501031,2,1610612760,8,12,10,5,2,2,1
2015-16,21501031,3,1610612754,9,14,12,4,2,2,3
2015-16,21501031,3,1610612760,2,2,2,1,0,0,1
2015-16,21501031,4,1610612754,5,4,2,2,3,2,0
2015-16,21501031,4,1610612760,6,8,7,2,4,1,0
2015-16,21501032,1,1610612752,0,0,0,0,0,0,0
2015-16,21501032,1,1610612764,1,2,1,1,0,1,0
2015-16,21501032,2,1610612752,7,12,11,4,2,1,1
2015-16,21501032,2,1610612764,6,6,4,4,2,2,0
2015-16,21501032,3,1610612752,3,2,2,0,3,0,0
2015-16,21501032,3,1610612764,7,7,7,3,3,0,1
2015-16,21501032,4,1610612752,4,3,2,2,1,1,0
2015-16,21501032,4,1610612764,3,2,1,1,1,1,1
2015-16,21501033,1,1610612739,3,2,2,1,2,0,0
2015-16,21501033,1,1610612748,4,3,2,2,2,1,0
2015-16,21501033,2,1610612739,2,0,0,0,2,0,0
2015-16,21501033,2,1610612748,6,8,8,3,0,0,3
2015-16,21501033,3,1610612739,3,3,3,1,2,0,0
2015-16,21501033,3,1610612748,4,6,5,3,1,1,0
2015-16,21501033,4,1610612739,5,8,6,3,1,2,1
2015-16,21501033,4,1610612748,5,6,4,3,2,2,0
2015-16,21501034,1,1610612741,2,1,1,0,1,0,0
2015-16,21501034,1,1610612762,3,2,1,1,2,1,0
2015-16,21501034,2,1610612741,1,1,1,0,1,0,0
2015-16,21501034,2,1610612762,1,1,1,0,1,0,0
2015-16,21501034,3,1610612741,3,3,2,1,2,1,0
2015-16,21501034,3,1610612762,4,5,3,3,1,2,0
2015-16,21501034,4,1610612741,5,6,4,2,3,2,0
2015-16,21501034,4,1610612762,3,4,2,1,2,2,0
2015-16,21501035,1,1610612746,4,7,5,3,1,2,0
2015-16,21501035,1,1610612763,4,4,2,2,1,2,1
2015-16,21501035,2,1610612746,7,10,7,4,2,3,1
2015-16,21501035,2,1610612763,6,5,4,3,3,1,0
2015-16,21501035,3,1610612746,5,6,5,3,2,1,0
2015-16,21501035,3,1610612763,9,15,12,6,1,3,2
2015-16,21501035,4,1610612746,10,16,11,2,7,5,1
2015-16,21501035,4,1610612763,7,12,11,2,5,1,0
2015-16,21501036,1,1610612744,5,3,1,2,3,2,0
2015-16,21501036,1,1610612759,2,3,3,1,1,0,0
2015-16,21501036,2,1610612744,3,3,3,0,3,0,0
2015-16,21501036,2,1610612759,6,5,3,3,3,2,0
2015-16,21501036,3,1610612744,5,4,4,1,4,0,0
2015-16,21501036,3,1610612759,4,4,4,2,1,0,1
2015-16,21501036,4,1610612744,4,0,0,0,2,0,2
2015-16,21501036,4,1610612759,7,6,5,1,5,1,1
2015-16,21501037,1,1610612742,8,9,9,3,4,0,1
2015-16,21501037,1,1610612757,6,7,2,3,2,5,1
2015-16,21501037,2,1610612742,2,3,3,2,0,0,0
2015-16,21501037,2,1610612757,6,10,7,4,1,3,1
2015-16,21501037,3,1610612742,4,3,1,2,1,2,1
2015-16,21501037,3,1610612757,3,4,4,2,1,0,0
2015-16,21501037,4,1610612742,3,4,2,2,1,2,0
2015-16,21501037,4,1610612757,1,0,0,0,1,0,0
2015-16,21501038,1,1610612753,4,5,4,3,1,1,0
2015-16,21501038,1,1610612761,7,12,7,6,1,5,0
2015-16,21501038,2,1610612753,6,7,4,2,3,3,1
2015-16,21501038,2,1610612761,8,11,8,5,3,3,0
2015-16,21501038,3,1610612753,4,4,3,1,2,1,1
2015-16,21501038,3,1610612761,6,9,5,4,1,4,1
2015-16,21501038,4,1610612753,2,2,1,2,0,1,0
2015-16,21501038,4,1610612761,8,13,9,4,4,4,0
2015-16,21501039,1,1610612738,5,6,6,3,2,0,0
2015-16,21501039,1,1610612755,5,5,3,2,3,2,0
2015-16,21501039,2,1610612738,3,3,3,1,2,0,0
2015-16,21501039,2,1610612755,5,7,6,3,2,1,0
2015-16,21501039,3,1610612738,5,6,5,3,2,1,0
2015-16,21501039,3,1610612755,4,5,5,3,1,0,0
2015-16,21501039,4,1610612738,5,6,4,2,2,2,1
2015-16,21501039,4,1610612755,6,10,5,5,0,5,1
2015-16,21501040,1,1610612740,2,2,2,1,1,0,0
2015-16,21501040,1,1610612746,3,4,3,2,0,1,1
2015-16,21501040,2,1610612740,10,18,14,4,5,4,1
2015-16,21501040,2,1610612746,6,9,7,3,2,2,1
2015-16,21501040,3,1610612740,6,7,5,1,4,2,1
2015-16,21501040,3,1610612746,8,10,7,3,4,3,1
2015-16,21501040,4,1610612740,9,13,11,5,4,2,0
2015-16,21501040,4,1610612746,13,19,12,4,6,7,3
2015-16,21501041,1,1610612749,3,4,2,1,2,2,0
2015-16,21501041,1,1610612762,3,6,6,3,0,0,0
2015-16,21501041,2,1610612749,1,1,1,0,1,0,0
2015-16,21501041,2,1610612762,1,0,0,0,1,0,0
2015-16,21501041,3,1610612749,3,4,4,2,1,0,0
2015-16,21501041,3,1610612762,5,8,7,4,1,1,0
2015-16,21501041,4,1610612749,6,8,7,4,2,1,0
2015-16,21501041,4,1610612762,1,0,0,0,1,0,0
2015-16,21501042,1,1610612752,3,2,2,1,2,0,0
2015-16,21501042,1,1610612758,4,4,3,2,1,1,1
2015-16,21501042,2,1610612752,5,6,5,3,2,1,0
2015-16,21501042,2,1610612758,5,6,5,3,2,1,0
2015-16,21501042,3,1610612752,4,5,4,3,1,1,0
2015-16,21501042,3,1610612758,3,2,2,1,1,0,1
2015-16,21501042,4,1610612752,3,2,1,1,1,1,1
2015-16,21501042,4,1610612758,2,2,1,1,1,1,0
2015-16,21501043,1,1610612759,2,3,3,2,0,0,0
2015-16,21501043,1,1610612766,4,3,1,2,2,2,0
2015-16,21501043,2,1610612759,3,3,2,1,2,1,0
2015-16,21501043,2,1610612766,6,7,6,4,2,1,0
2015-16,21501043,3,1610612759,3,5,3,3,0,2,0
2015-16,21501043,3,1610612766,1,3,2,1,0,1,0
2015-16,21501043,4,1610612759,3,2,2,1,1,0,1
2015-16,21501043,4,1610612766,5,6,4,2,3,2,0
2015-16,21501044,1,1610612739,6,6,5,2,2,1,1
2015-16,21501044,1,1610612743,6,9,5,3,3,4,0
2015-16,21501044,2,1610612739,4,5,4,3,1,1,0
2015-16,21501044,2,1610612743,5,6,4,2,3,2,0
2015-16,21501044,3,1610612739,4,4,3,3,1,1,0
2015-16,21501044,3,1610612743,5,8,8,5,0,0,0
2015-16,21501044,4,1610612739,2,2,1,1,1,1,0
2015-16,21501044,4,1610612743,3,2,2,1,2,0,0
2015-16,21501045,1,1610612754,3,3,2,2,1,1,0
2015-16,21501045,1,1610612755,2,2,2,1,0,0,1
2015-16,21501045,2,1610612754,1,2,2,1,0,0,0
2015-16,21501045,2,1610612755,3,2,2,1,2,0,0
2015-16,21501045,3,1610612754,5,4,4,2,3,0,0
2015-16,21501045,3,1610612755,4,2,1,0,4,1,0
2015-16,21501045,4,1610612754,5,4,3,2,1,1,2
2015-16,21501045,4,1610612755,8,8,4,3,4,4,0
2015-16,21501046,1,1610612738,2,3,3,2,0,0,0
2015-16,21501046,1,1610612753,1,2,1,1,0,1,0
2015-16,21501046,2,1610612738,5,7,6,4,1,1,0
2015-16,21501046,2,1610612753,6,10,7,5,0,3,1
2015-16,21501046,3,1610612738,5,10,8,4,1,2,0
2015-16,21501046,3,1610612753,4,4,3,2,2,1,0
2015-16,21501046,4,1610612738,6,4,3,0,6,1,0
2015-16,21501046,4,1610612753,4,3,2,2,2,1,0
2015-16,21501047,1,1610612749,0,0,0,0,0,0,0
2015-16,21501047,1,1610612765,2,3,3,1,1,0,0
2015-16,21501047,2,1610612749,4,4,3,2,2,1,0
2015-16,21501047,2,1610612765,4,2,2,2,2,0,0
2015-16,21501047,3,1610612749,1,0,0,0,1,0,0
2015-16,21501047,3,1610612765,4,4,3,1,3,1,0
2015-16,21501047,4,1610612749,4,3,1,1,3,2,0
2015-16,21501047,4,1610612765,6,8,5,4,2,3,0
2015-16,21501048,1,1610612737,5,8,6,3,1,2,1
2015-16,21501048,1,1610612764,2,4,1,2,0,3,0
2015-16,21501048,2,1610612737,3,3,3,2,1,0,0
2015-16,21501048,2,1610612764,4,8,5,4,0,3,0
2015-16,21501048,3,1610612737,3,2,2,1,2,0,0
2015-16,21501048,3,1610612764,4,4,3,2,1,1,1
2015-16,21501048,4,1610612737,4,4,2,2,2,2,0
2015-16,21501048,4,1610612764,4,4,3,2,0,1,2
2015-16,21501049,1,1610612741,3,5,3,2,1,2,0
2015-16,21501049,1,1610612758,1,2,2,1,0,0,0
2015-16,21501049,2,1610612741,6,8,5,2,3,3,1
2015-16,21501049,2,1610612758,5,6,4,2,3,2,0
2015-16,21501049,3,1610612741,3,2,1,1,2,1,0
2015-16,21501049,3,1610612758,4,7,7,4,0,0,0
2015-16,21501049,4,1610612741,6,8,6,2,4,2,0
2015-16,21501049,4,1610612758,5,1,0,1,3,1,1
2015-16,21501050,1,1610612744,4,6,3,2,2,3,0
2015-16,21501050,1,1610612750,2,3,3,1,1,0,0
2015-16,21501050,2,1610612744,5,4,2,2,3,2,0
2015-16,21501050,2,1610612750,6,12,10,6,0,2,0
2015-16,21501050,3,1610612744,3,4,2,1,1,2,1
2015-16,21501050,3,1610612750,6,10,9,5,1,1,0
2015-16,21501050,4,1610612744,7,10,8,2,5,2,0
2015-16,21501050,4,1610612750,4,5,3,2,2,2,0
2015-16,21501051,1,1610612756,7,8,8,2,4,0,1
2015-16,21501051,1,1610612763,3,3,3,1,2,0,0
2015-16,21501051,2,1610612756,7,6,5,1,6,1,0
2015-16,21501051,2,1610612763,4,4,4,1,2,0,0
2015-16,21501051,3,1610612756,8,13,7,4,4,6,0
2015-16,21501051,3,1610612763,3,4,3,2,1,1,0
2015-16,21501051,4,1610612756,4,7,6,4,0,1,0
2015-16,21501051,4,1610612763,7,8,7,2,5,1,0
2015-16,21501052,1,1610612751,2,2,2,1,1,0,0
2015-16,21501052,1,1610612766,2,0,0,0,2,0,0
2015-16,21501052,2,1610612751,7,10,8,4,3,2,0
2015-16,21501052,2,1610612766,4,2,1,0,3,1,1
2015-16,21501052,3,1610612751,7,9,8,5,2,1,0
2015-16,21501052,3,1610612766,6,6,5,2,2,1,2
2015-16,21501052,4,1610612751,4,6,6,3,1,0,0
2015-16,21501052,4,1610612766,10,13,11,2,7,2,1
2015-16,21501053,1,1610612740,4,6,3,2,2,3,0
2015-16,21501053,1,1610612748,6,8,6,4,1,2,1
2015-16,21501053,2,1610612740,4,6,5,3,1,1,0
2015-16,21501053,2,1610612748,3,3,2,2,1,1,0
2015-16,21501053,3,1610612740,8,10,8,4,4,2,0
2015-16,21501053,3,1610612748,6,8,6,4,2,2,0
2015-16,21501053,4,1610612740,4,8,8,4,0,0,0
2015-16,21501053,4,1610612748,7,8,8,4,3,0,0
2015-16,21501054,1,1610612745,3,2,1,1,2,1,0
2015-16,21501054,1,1610612760,4,1,1,1,2,0,1
2015-16,21501054,2,1610612745,5,7,5,3,2,2,0
2015-16,21501054,2,1610612760,4,2,2,1,3,0,0
2015-16,21501054,3,1610612745,3,2,2,1,2,0,0
2015-16,21501054,3,1610612760,8,11,7,2,4,4,1
2015-16,21501054,4,1610612745,4,6,6,3,1,0,0
2015-16,21501054,4,1610612760,10,15,11,4,6,4,0
2015-16,21501055,1,1610612747,4,5,4,3,1,1,0
2015-16,21501055,1,1610612763,2,0,0,0,2,0,0
2015-16,21501055,2,1610612747,3,2,2,1,1,0,1
2015-16,21501055,2,1610612763,3,2,1,1,2,1,0
2015-16,21501055,3,1610612747,8,9,9,4,3,0,1
2015-16,21501055,3,1610612763,7,8,7,4,3,1,0
2015-16,21501055,4,1610612747,6,8,8,3,3,0,0
2015-16,21501055,4,1610612763,7,13,8,5,2,5,0
2015-16,21501056,1,1610612737,5,4,3,1,4,1,0
2015-16,21501056,1,1610612764,2,2,2,1,0,0,1
2015-16,21501056,2,1610612737,5,5,5,2,2,0,1
2015-16,21501056,2,1610612764,3,3,3,2,0,0,1
2015-16,21501056,3,1610612737,5,4,1,3,2,3,0
2015-16,21501056,3,1610612764,6,6,5,2,4,1,0
2015-16,21501056,4,1610612737,5,9,6,3,1,3,1
2015-16,21501056,4,1610612764,4,1,1,1,3,0,0
2015-16,21501057,1,1610612738,2,4,3,2,0,1,0
2015-16,21501057,1,1610612761,4,4,4,2,1,0,1
2015-16,21501057,2,1610612738,6,11,6,4,2,5,0
2015-16,21501057,2,1610612761,2,0,0,0,2,0,0
2015-16,21501057,3,1610612738,4,6,4,3,1,2,0
2015-16,21501057,3,1610612761,5,7,5,3,2,2,0
2015-16,21501057,4,1610612738,1,0,0,0,0,0,1
2015-16,21501057,4,1610612761,6,9,2,4,2,7,0
2015-16,21501058,1,1610612753,1,2,2,1,0,0,0
2015-16,21501058,1,1610612765,7,10,8,4,2,2,1
2015-16,21501058,2,1610612753,3,5,5,3,0,0,0
2015-16,21501058,2,1610612765,5,7,6,3,2,1,0
2015-16,21501058,3,1610612753,6,10,9,5,1,1,0
2015-16,21501058,3,1610612765,5,5,4,2,3,1,0
2015-16,21501058,4,1610612753,3,2,0,1,2,2,0
2015-16,21501058,4,1610612765,2,3,3,2,0,0,0
2015-16,21501059,1,1610612739,5,9,8,4,0,1,1
2015-16,21501059,1,1610612749,2,2,1,1,1,1,0
2015-16,21501059,2,1610612739,4,5,5,3,1,0,0
2015-16,21501059,2,1610612749,4,8,6,4,0,2,0
2015-16,21501059,3,1610612739,7,6,5,0,7,1,0
2015-16,21501059,3,1610612749,5,5,4,3,2,1,0
2015-16,21501059,4,1610612739,6,7,5,2,4,2,0
2015-16,21501059,4,1610612749,4,0,0,0,3,0,1
2015-16,21501060,1,1610612741,5,8,7,5,0,1,0
2015-16,21501060,1,1610612752,1,0,0,0,1,0,0
2015-16,21501060,2,1610612741,3,4,2,2,1,2,0
2015-16,21501060,2,1610612752,4,3,2,3,1,1,0
2015-16,21501060,3,1610612741,5,6,4,2,3,2,0
2015-16,21501060,3,1610612752,3,6,4,3,0,2,0
2015-16,21501060,4,1610612741,3,3,3,0,3,0,0
2015-16,21501060,4,1610612752,4,6,5,1,3,1,0
2015-16,21501061,1,1610612745,6,8,3,3,2,5,1
2015-16,21501061,1,1610612762,4,4,3,2,2,1,0
2015-16,21501061,2,1610612745,3,0,0,0,2,0,1
2015-16,21501061,2,1610612762,5,4,3,2,2,1,1
2015-16,21501061,3,1610612745,6,9,4,5,0,5,1
2015-16,21501061,3,1610612762,4,2,1,2,2,1,0
2015-16,21501061,4,1610612745,3,5,5,2,1,0,0
2015-16,21501061,4,1610612762,7,10,9,3,3,1,1
2015-16,21501062,1,1610612750,5,8,3,5,0,5,0
2015-16,21501062,1,1610612758,4,4,3,2,2,1,0
2015-16,21501062,2,1610612750,3,3,2,2,1,1,0
2015-16,21501062,2,1610612758,7,12,4,4,2,8,1
2015-16,21501062,3,1610612750,5,7,4,3,2,3,0
2015-16,21501062,3,1610612758,3,5,5,2,1,0,0
2015-16,21501062,4,1610612750,9,14,9,5,4,5,0
2015-16,21501062,4,1610612758,2,2,0,1,1,2,0
2015-16,21501063,1,1610612748,3,4,4,2,0,0,1
2015-16,21501063,1,1610612759,1,2,2,1,0,0,0
2015-16,21501063,2,1610612748,2,4,3,2,0,1,0
2015-16,21501063,2,1610612759,5,10,10,5,0,0,0
2015-16,21501063,3,1610612748,3,2,0,1,2,2,0
2015-16,21501063,3,1610612759,6,9,5,5,1,4,0
2015-16,21501063,4,1610612748,4,2,0,1,3,2,0
2015-16,21501063,4,1610612759,2,3,3,2,0,0,0
2015-16,21501064,1,1610612743,2,1,0,1,1,1,0
2015-16,21501064,1,1610612755,3,6,6,3,0,0,0
2015-16,21501064,2,1610612743,7,11,10,5,2,1,0
2015-16,21501064,2,1610612755,2,0,0,0,2,0,0
2015-16,21501064,3,1610612743,9,15,11,6,3,4,0
2015-16,21501064,3,1610612755,4,5,5,3,1,0,0
2015-16,21501064,4,1610612743,8,13,11,5,2,2,1
2015-16,21501064,4,1610612755,4,4,3,1,3,1,0
2015-16,21501065,1,1610612747,6,5,4,2,4,1,0
2015-16,21501065,1,1610612756,4,2,1,1,3,1,0
2015-16,21501065,2,1610612747,5,6,5,3,2,1,0
2015-16,21501065,2,1610612756,7,6,2,4,3,4,0
2015-16,21501065,3,1610612747,6,11,10,6,0,1,0
2015-16,21501065,3,1610612756,6,6,6,2,4,0,0
2015-16,21501065,4,1610612747,2,4,3,2,0,1,0
2015-16,21501065,4,1610612756,7,6,3,2,4,3,1
2015-16,21501066,1,1610612744,5,6,3,2,3,3,0
2015-16,21501066,1,1610612746,5,6,5,2,3,1,0
2015-16,21501066,2,1610612744,4,3,3,2,1,0,1
2015-16,21501066,2,1610612746,2,3,1,2,0,2,0
2015-16,21501066,3,1610612744,6,8,6,3,3,2,0
2015-16,21501066,3,1610612746,7,11,6,5,2,5,0
2015-16,21501066,4,1610612744,7,11,9,4,3,2,0
2015-16,21501066,4,1610612746,5,7,6,1,3,1,1
2015-16,21501067,1,1610612742,3,4,4,2,0,0,1
2015-16,21501067,1,1610612757,5,7,7,4,1,0,0
2015-16,21501067,2,1610612742,3,1,1,1,1,0,0
2015-16,21501067,2,1610612757,4,4,4,2,2,0,0
2015-16,21501067,3,1610612742,0,0,0,0,0,0,0
2015-16,21501067,3,1610612757,1,3,3,1,0,0,0
2015-16,21501067,4,1610612742,5,6,5,2,3,1,0
2015-16,21501067,4,1610612757,7,11,8,2,5,3,0
2015-16,21501068,1,1610612740,3,5,2,3,0,3,0
2015-16,21501068,1,1610612754,2,3,2,2,0,1,0
2015-16,21501068,2,1610612740,2,2,1,1,1,1,0
2015-16,21501068,2,1610612754,4,4,4,3,1,0,0
2015-16,21501068,3,1610612740,4,4,4,2,1,0,1
2015-16,21501068,3,1610612754,3,2,2,1,2,0,0
2015-16,21501068,4,1610612740,3,3,3,2,1,0,0
2015-16,21501068,4,1610612754,5,6,5,1,4,1,0
2015-16,21501069,1,1610612739,3,0,0,0,2,0,1
2015-16,21501069,1,1610612751,5,8,5,4,1,3,0
2015-16,21501069,2,1610612739,4,4,4,3,1,0,0
2015-16,21501069,2,1610612751,7,9,7,2,3,2,2
2015-16,21501069,3,1610612739,4,3,2,2,2,1,0
2015-16,21501069,3,1610612751,3,1,1,1,2,0,0
2015-16,21501069,4,1610612739,2,2,1,1,1,1,0
2015-16,21501069,4,1610612751,4,1,1,1,2,0,1
2015-16,21501070,1,1610612741,4,8,7,4,0,1,0
2015-16,21501070,1,1610612752,3,4,4,2,1,0,0
2015-16,21501070,2,1610612741,2,2,1,1,1,1,0
2015-16,21501070,2,1610612752,4,3,3,1,2,0,1
2015-16,21501070,3,1610612741,3,6,5,3,0,1,0
2015-16,21501070,3,1610612752,4,8,7,4,0,1,0
2015-16,21501070,4,1610612741,3,2,1,1,2,1,0
2015-16,21501070,4,1610612752,2,1,1,1,1,0,0
2015-16,21501071,1,1610612760,4,3,3,2,1,0,1
2015-16,21501071,1,1610612762,3,3,3,2,1,0,0
2015-16,21501071,2,1610612760,4,5,3,2,1,2,1
2015-16,21501071,2,1610612762,2,2,0,1,1,2,0
2015-16,21501071,3,1610612760,7,8,4,2,4,4,1
2015-16,21501071,3,1610612762,5,9,5,3,1,4,1
2015-16,21501071,4,1610612760,5,6,4,4,1,2,0
2015-16,21501071,4,1610612762,6,9,8,3,3,1,0
2015-16,21501072,1,1610612746,4,4,1,2,0,3,2
2015-16,21501072,1,1610612757,7,9,6,4,3,3,0
2015-16,21501072,2,1610612746,9,13,8,1,7,5,0
2015-16,21501072,2,1610612757,4,0,0,0,4,0,0
2015-16,21501072,3,1610612746,4,2,2,1,3,0,0
2015-16,21501072,3,1610612757,9,14,11,4,4,3,1
2015-16,21501072,4,1610612746,7,9,7,2,4,2,0
2015-16,21501072,4,1610612757,8,9,7,3,5,2,0
2015-16,21501073,1,1610612750,1,0,0,0,1,0,0
2015-16,21501073,1,1610612764,2,5,5,2,0,0,0
2015-16,21501073,2,1610612750,6,7,7,3,3,0,0
2015-16,21501073,2,1610612764,5,6,4,4,0,2,1
2015-16,21501073,3,1610612750,6,8,8,3,3,0,0
2015-16,21501073,3,1610612764,3,2,0,1,2,2,0
2015-16,21501073,4,1610612750,6,7,7,4,2,0,0
2015-16,21501073,4,1610612764,5,4,3,1,3,1,1
2015-16,21501074,1,1610612765,4,5,4,3,1,1,0
2015-16,21501074,1,1610612766,3,5,3,3,0,2,0
2015-16,21501074,2,1610612765,4,3,2,3,0,1,1
2015-16,21501074,2,1610612766,2,1,1,1,1,0,0
2015-16,21501074,3,1610612765,5,8,6,4,1,2,0
2015-16,21501074,3,1610612766,5,5,5,2,3,0,0
2015-16,21501074,4,1610612765,7,10,8,2,5,2,0
2015-16,21501074,4,1610612766,8,11,8,4,3,3,0
2015-16,21501075,1,1610612748,5,8,7,3,2,1,0
2015-16,21501075,1,1610612753,5,5,5,3,1,0,1
2015-16,21501075,2,1610612748,6,10,8,6,0,2,0
2015-16,21501075,2,1610612753,4,8,7,4,0,1,0
2015-16,21501075,3,1610612748,5,6,3,4,1,3,0
2015-16,21501075,3,1610612753,3,3,2,1,1,1,1
2015-16,21501075,4,1610612748,6,9,5,5,1,4,0
2015-16,21501075,4,1610612753,8,12,5,4,3,7,1
2015-16,21501076,1,1610612737,2,2,2,2,0,0,0
2015-16,21501076,1,1610612749,2,2,1,1,1,1,0
2015-16,21501076,2,1610612737,4,4,3,2,2,1,0
2015-16,21501076,2,1610612749,6,8,7,2,3,1,1
2015-16,21501076,3,1610612737,3,2,2,1,2,0,0
2015-16,21501076,3,1610612749,7,12,7,5,2,5,0
2015-16,21501076,4,1610612737,6,9,7,3,3,2,0
2015-16,21501076,4,1610612749,4,4,2,3,1,2,0
2015-16,21501077,1,1610612745,2,1,0,0,1,1,1
2015-16,21501077,1,1610612761,2,0,0,0,2,0,0
2015-16,21501077,2,1610612745,3,3,0,2,1,3,0
2015-16,21501077,2,1610612761,6,4,3,1,3,1,2
2015-16,21501077,3,1610612745,7,13,6,3,3,7,1
2015-16,21501077,3,1610612761,7,9,6,4,3,3,0
2015-16,21501077,4,1610612745,8,18,10,5,3,8,0
2015-16,21501077,4,1610612761,7,13,9,7,0,4,0
2015-16,21501078,1,1610612759,5,5,5,3,2,0,0
2015-16,21501078,1,1610612763,2,3,3,1,1,0,0
2015-16,21501078,2,1610612759,4,5,4,3,1,1,0
2015-16,21501078,2,1610612763,6,8,4,3,3,4,0
2015-16,21501078,3,1610612759,5,6,5,3,2,1,0
2015-16,21501078,3,1610612763,1,0,0,0,1,0,0
2015-16,21501078,4,1610612759,5,2,1,0,4,1,1
2015-16,21501078,4,1610612763,3,2,2,1,2,0,0
2015-16,21501079,1,1610612756,3,2,2,1,2,0,0
2015-16,21501079,1,1610612758,6,10,6,4,2,4,0
2015-16,21501079,2,1610612756,2,2,1,1,1,1,0
2015-16,21501079,2,1610612758,8,15,13,7,1,2,0
2015-16,21501079,3,1610612756,6,7,4,2,4,3,0
2015-16,21501079,3,1610612758,6,8,5,4,1,3,1
2015-16,21501079,4,1610612756,10,12,8,6,4,4,0
2015-16,21501079,4,1610612758,4,6,5,3,1,1,0
2015-16,21501080,1,1610612742,2,4,2,2,0,2,0
2015-16,21501080,1,1610612744,3,4,4,1,2,0,0
2015-16,21501080,2,1610612742,6,7,7,3,3,0,0
2015-16,21501080,2,1610612744,4,7,6,2,2,1,0
2015-16,21501080,3,1610612742,5,8,5,4,1,3,0
2015-16,21501080,3,1610612744,6,8,8,1,5,0,0
2015-16,21501080,4,1610612742,2,2,2,1,1,0,0
2015-16,21501080,4,1610612744,4,4,3,1,3,1,0
2015-16,21501081,1,1610612743,2,4,3,2,0,1,0
2015-16,21501081,1,1610612747,4,7,7,3,1,0,0
2015-16,21501081,2,1610612743,5,5,2,2,3,3,0
2015-16,21501081,2,1610612747,6,8,6,3,2,2,1
2015-16,21501081,3,1610612743,4,7,6,4,0,1,0
2015-16,21501081,3,1610612747,4,2,1,2,2,1,0
2015-16,21501081,4,1610612743,8,8,5,3,3,3,1
2015-16,21501081,4,1610612747,7,9,7,3,4,2,0
2015-16,21501082,1,1610612751,1,1,1,1,0,0,0
2015-16,21501082,1,1610612754,4,6,5,3,1,1,0
2015-16,21501082,2,1610612751,7,11,9,4,3,2,0
2015-16,21501082,2,1610612754,6,7,6,4,2,1,0
2015-16,21501082,3,1610612751,8,11,10,5,3,1,0
2015-16,21501082,3,1610612754,5,4,4,1,4,0,0
2015-16,21501082,4,1610612751,8,13,11,3,5,2,0
2015-16,21501082,4,1610612754,7,13,10,3,4,3,0
2015-16,21501083,1,1610612741,4,0,0,0,3,0,1
2015-16,21501083,1,1610612753,5,4,3,3,2,1,0
2015-16,21501083,2,1610612741,8,14,8,6,2,6,0
2015-16,21501083,2,1610612753,3,3,2,2,1,1,0
2015-16,21501083,3,1610612741,4,1,1,0,4,0,0
2015-16,21501083,3,1610612753,2,0,0,0,2,0,0
2015-16,21501083,4,1610612741,2,2,2,0,2,0,0
2015-16,21501083,4,1610612753,4,5,3,1,3,2,0
2015-16,21501084,1,1610612740,2,3,3,1,1,0,0
2015-16,21501084,1,1610612761,1,0,0,0,1,0,0
2015-16,21501084,2,1610612740,5,3,2,2,3,1,0
2015-16,21501084,2,1610612761,6,8,8,3,3,0,0
2015-16,21501084,3,1610612740,6,10,5,5,1,5,0
2015-16,21501084,3,1610612761,4,8,6,4,0,2,0
2015-16,21501084,4,1610612740,4,4,3,2,1,1,1
2015-16,21501084,4,1610612761,6,12,11,6,0,1,0
2015-16,21501085,1,1610612737,3,2,2,1,1,0,1
2015-16,21501085,1,1610612765,2,4,3,2,0,1,0
2015-16,21501085,2,1610612737,4,4,4,3,1,0,0
2015-16,21501085,2,1610612765,7,9,6,3,3,3,1
2015-16,21501085,3,1610612737,4,5,4,2,1,1,0
2015-16,21501085,3,1610612765,4,4,2,2,2,2,0
2015-16,21501085,4,1610612737,3,3,3,2,1,0,0
2015-16,21501085,4,1610612765,7,11,9,5,1,2,1
2015-16,21501086,1,1610612739,3,3,2,2,1,1,0
2015-16,21501086,1,1610612752,3,0,0,0,3,0,0
2015-16,21501086,2,1610612739,5,4,2,2,2,2,0
2015-16,21501086,2,1610612752,7,11,7,5,2,4,0
2015-16,21501086,3,1610612739,7,9,6,5,2,3,0
2015-16,21501086,3,1610612752,4,5,2,1,3,3,0
2015-16,21501086,4,1610612739,7,9,9,3,3,0,1
2015-16,21501086,4,1610612752,6,12,10,5,1,2,0
2015-16,21501087,1,1610612750,1,0,0,0,1,0,0
2015-16,21501087,1,1610612762,2,0,0,0,1,0,1
2015-16,21501087,2,1610612750,4,4,4,2,1,0,1
2015-16,21501087,2,1610612762,3,0,0,0,2,0,1
2015-16,21501087,3,1610612750,3,5,4,2,1,1,0
2015-16,21501087,3,1610612762,4,5,4,3,1,1,0
2015-16,21501087,4,1610612750,7,10,8,3,4,2,0
2015-16,21501087,4,1610612762,3,2,2,2,1,0,0
2015-16,21501088,1,1610612759,5,6,4,2,2,2,1
2015-16,21501088,1,1610612760,1,2,2,1,0,0,0
2015-16,21501088,2,1610612759,3,2,2,1,2,0,0
2015-16,21501088,2,1610612760,4,4,3,2,1,1,1
2015-16,21501088,3,1610612759,4,4,3,2,2,1,0
2015-16,21501088,3,1610612760,6,7,6,3,3,1,0
2015-16,21501088,4,1610612759,4,5,5,3,1,0,0
2015-16,21501088,4,1610612760,4,5,5,2,0,0,2
2015-16,21501089,1,1610612749,1,0,0,0,1,0,0
2015-16,21501089,1,1610612766,4,7,5,3,1,2,0
2015-16,21501089,2,1610612749,5,8,6,3,2,2,0
2015-16,21501089,2,1610612766,3,4,4,2,0,0,1
2015-16,21501089,3,1610612749,3,5,5,3,0,0,0
2015-16,21501089,3,1610612766,7,8,6,4,2,2,1
2015-16,21501089,4,1610612749,2,2,2,1,0,0,1
2015-16,21501089,4,1610612766,1,2,2,1,0,0,0
2015-16,21501090,1,1610612738,7,11,11,5,1,0,1
2015-16,21501090,1,1610612756,4,5,4,2,1,1,1
2015-16,21501090,2,1610612738,3,4,3,0,3,1,0
2015-16,21501090,2,1610612756,2,2,2,1,1,0,0
2015-16,21501090,3,1610612738,3,6,6,3,0,0,0
2015-16,21501090,3,1610612756,7,8,7,4,3,1,0
2015-16,21501090,4,1610612738,6,6,4,0,6,2,0
2015-16,21501090,4,1610612756,6,6,5,2,2,1,2
2015-16,21501091,1,1610612755,4,6,5,3,1,1,0
2015-16,21501091,1,1610612757,4,3,3,2,2,0,0
2015-16,21501091,2,1610612755,3,5,5,3,0,0,0
2015-16,21501091,2,1610612757,4,8,5,4,0,3,0
2015-16,21501091,3,1610612755,5,3,2,3,2,1,0
2015-16,21501091,3,1610612757,5,5,5,2,3,0,0
2015-16,21501091,4,1610612755,7,10,5,5,2,5,0
2015-16,21501091,4,1610612757,9,14,11,7,2,3,0
2015-16,21501092,1,1610612743,4,0,0,0,3,0,1
2015-16,21501092,1,1610612746,4,9,6,3,0,3,0
2015-16,21501092,2,1610612743,7,8,6,2,5,2,0
2015-16,21501092,2,1610612746,5,2,1,0,3,1,2
2015-16,21501092,3,1610612743,2,1,0,0,1,1,1
2015-16,21501092,3,1610612746,5,6,6,3,1,0,1
2015-16,21501092,4,1610612743,5,4,3,2,2,1,1
2015-16,21501092,4,1610612746,5,9,6,5,0,3,0
2015-16,21501093,1,1610612745,6,6,3,3,2,3,1
2015-16,21501093,1,1610612754,3,4,3,2,1,1,0
2015-16,21501093,2,1610612745,4,4,4,2,2,0,0
2015-16,21501093,2,1610612754,3,2,2,1,1,0,1
2015-16,21501093,3,1610612745,6,10,6,5,1,4,0
2015-16,21501093,3,1610612754,7,7,4,3,4,3,0
2015-16,21501093,4,1610612745,5,7,5,3,1,2,0
2015-16,21501093,4,1610612754,4,7,4,1,3,3,0
2015-16,21501094,1,1610612744,4,4,3,3,1,1,0
2015-16,21501094,1,1610612755,4,4,3,1,3,1,0
2015-16,21501094,2,1610612744,5,3,2,2,3,1,0
2015-16,21501094,2,1610612755,4,1,1,1,2,0,1
2015-16,21501094,3,1610612744,5,7,4,3,2,3,0
2015-16,21501094,3,1610612755,4,2,2,1,3,0,0
2015-16,21501094,4,1610612744,6,6,6,2,2,0,2
2015-16,21501094,4,1610612755,2,5,5,2,0,0,0
2015-16,21501095,1,1610612742,2,5,4,2,0,1,0
2015-16,21501095,1,1610612758,5,5,3,2,3,2,0
2015-16,21501095,2,1610612742,5,6,6,3,2,0,0
2015-16,21501095,2,1610612758,9,12,7,5,4,5,0
2015-16,21501095,3,1610612742,4,4,3,2,2,1,0
2015-16,21501095,3,1610612758,3,6,6,2,1,0,0
2015-16,21501095,4,1610612742,5,9,6,4,1,3,0
2015-16,21501095,4,1610612758,6,7,6,3,3,1,0
2015-16,21501096,1,1610612747,4,4,4,1,3,0,0
2015-16,21501096,1,1610612764,3,1,0,1,2,1,0
2015-16,21501096,2,1610612747,4,5,5,2,2,0,0
2015-16,21501096,2,1610612764,7,7,4,3,4,3,0
2015-16,21501096,3,1610612747,3,1,1,1,2,0,0
2015-16,21501096,3,1610612764,6,9,6,4,1,3,1
2015-16,21501096,4,1610612747,5,7,5,3,1,2,1
2015-16,21501096,4,1610612764,8,12,6,5,2,6,1
2015-16,21501097,1,1610612748,0,0,0,0,0,0,0
2015-16,21501097,1,1610612751,4,6,5,2,2,1,0
2015-16,21501097,2,1610612748,4,7,6,4,0,1,0
2015-16,21501097,2,1610612751,1,2,2,0,1,0,0
2015-16,21501097,3,1610612748,2,3,2,2,0,1,0
2015-16,21501097,3,1610612751,4,4,3,2,1,1,1
2015-16,21501097,4,1610612748,3,2,1,1,2,1,0
2015-16,21501097,4,1610612751,4,6,4,3,1,2,0
2015-16,21501098,1,1610612760,4,6,3,3,1,3,0
2015-16,21501098,1,1610612761,6,9,6,4,2,3,0
2015-16,21501098,2,1610612760,5,10,9,4,0,1,1
2015-16,21501098,2,1610612761,3,3,3,2,1,0,0
2015-16,21501098,3,1610612760,7,9,8,3,3,1,1
2015-16,21501098,3,1610612761,5,5,3,2,1,2,2
2015-16,21501098,4,1610612760,5,7,6,4,0,1,1
2015-16,21501098,4,1610612761,6,6,4,3,2,2,1
2015-16,21501099,1,1610612737,4,4,3,2,1,1,1
2015-16,21501099,1,1610612741,3,4,3,2,1,1,0
2015-16,21501099,2,1610612737,2,4,4,2,0,0,0
2015-16,21501099,2,1610612741,4,6,4,3,1,2,0
2015-16,21501099,3,1610612737,4,8,8,4,0,0,0
2015-16,21501099,3,1610612741,3,2,1,1,2,1,0
2015-16,21501099,4,1610612737,7,12,10,3,4,2,0
2015-16,21501099,4,1610612741,3,3,3,2,1,0,0
2015-16,21501100,1,1610612759,3,6,4,3,0,2,0
2015-16,21501100,1,1610612763,3,4,3,1,1,1,1
2015-16,21501100,2,1610612759,5,4,2,1,3,2,1
2015-16,21501100,2,1610612763,4,4,3,2,1,1,1
2015-16,21501100,3,1610612759,8,11,8,4,4,3,0
2015-16,21501100,3,1610612763,5,11,8,3,0,3,2
2015-16,21501100,4,1610612759,5,9,8,4,1,1,0
2015-16,21501100,4,1610612763,7,5,1,1,6,4,0
2015-16,21501101,1,1610612750,8,9,9,4,3,0,0
2015-16,21501101,1,1610612756,2,4,3,2,0,1,0
2015-16,21501101,2,1610612750,4,8,3,3,1,5,0
2015-16,21501101,2,1610612756,8,11,10,3,5,1,0
2015-16,21501101,3,1610612750,10,13,12,6,3,1,1
2015-16,21501101,3,1610612756,1,0,0,0,1,0,0
2015-16,21501101,4,1610612750,7,10,8,2,5,2,0
2015-16,21501101,4,1610612756,5,8,6,3,1,2,1
2015-16,21501102,1,1610612740,5,5,2,2,2,3,1
2015-16,21501102,1,1610612752,4,3,1,2,2,2,0
2015-16,21501102,2,1610612740,6,8,6,3,3,2,0
2015-16,21501102,2,1610612752,2,2,2,1,1,0,0
2015-16,21501102,3,1610612740,2,4,4,2,0,0,0
2015-16,21501102,3,1610612752,5,4,2,1,2,2,2
2015-16,21501102,4,1610612740,11,20,15,4,6,5,1
2015-16,21501102,4,1610612752,5,4,4,1,3,0,1
2015-16,21501103,1,1610612742,7,8,8,1,6,0,0
2015-16,21501103,1,1610612743,5,5,5,3,1,0,1
2015-16,21501103,2,1610612742,4,1,1,1,2,0,1
2015-16,21501103,2,1610612743,4,0,0,0,3,0,1
2015-16,21501103,3,1610612742,2,0,0,0,2,0,0
2015-16,21501103,3,1610612743,5,6,4,2,1,2,2
2015-16,21501103,4,1610612742,4,6,5,1,2,1,1
2015-16,21501103,4,1610612743,6,8,8,4,1,0,1
2015-16,21501104,1,1610612747,2,1,1,1,1,0,0
2015-16,21501104,1,1610612762,4,5,3,1,3,2,0
2015-16,21501104,2,1610612747,5,5,3,2,1,2,2
2015-16,21501104,2,1610612762,5,6,4,2,2,2,1
2015-16,21501104,3,1610612747,5,9,7,4,1,2,0
2015-16,21501104,3,1610612762,7,7,6,2,5,1,0
2015-16,21501104,4,1610612747,7,7,5,2,4,2,0
2015-16,21501104,4,1610612762,2,1,1,1,1,0,0
2015-16,21501105,1,1610612757,3,4,4,3,0,0,0
2015-16,21501105,1,1610612758,5,3,2,2,3,1,0
2015-16,21501105,2,1610612757,5,3,3,2,1,0,2
2015-16,21501105,2,1610612758,4,6,5,3,0,1,1
2015-16,21501105,3,1610612757,6,6,5,1,4,1,1
2015-16,21501105,3,1610612758,4,4,2,2,1,2,1
2015-16,21501105,4,1610612757,5,5,3,3,2,2,0
2015-16,21501105,4,1610612758,5,6,3,3,2,3,0
2015-16,21501106,1,1610612738,2,1,1,0,2,0,0
2015-16,21501106,1,1610612746,7,7,4,1,4,3,2
2015-16,21501106,2,1610612738,8,13,10,3,5,3,0
2015-16,21501106,2,1610612746,5,8,8,3,1,0,1
2015-16,21501106,3,1610612738,5,8,7,3,2,1,0
2015-16,21501106,3,1610612746,4,2,2,1,3,0,0
2015-16,21501106,4,1610612738,5,5,3,3,1,2,1
2015-16,21501106,4,1610612746,0,1,1,0,0,0,0
2015-16,21501107,1,1610612741,7,11,9,3,4,2,0
2015-16,21501107,1,1610612754,5,4,4,1,3,0,1
2015-16,21501107,2,1610612741,2,2,2,2,0,0,0
2015-16,21501107,2,1610612754,5,7,6,3,1,1,1
2015-16,21501107,3,1610612741,4,3,3,2,1,0,1
2015-16,21501107,3,1610612754,4,4,3,2,2,1,0
2015-16,21501107,4,1610612741,1,0,0,0,0,0,1
2015-16,21501107,4,1610612754,3,2,2,1,2,0,0
2015-16,21501108,1,1610612751,4,7,5,4,0,2,0
2015-16,21501108,1,1610612753,3,2,2,1,2,0,0
2015-16,21501108,2,1610612751,4,3,2,1,2,1,0
2015-16,21501108,2,1610612753,4,3,3,2,2,0,0
2015-16,21501108,3,1610612751,11,16,11,6,5,5,0
2015-16,21501108,3,1610612753,5,8,5,5,0,3,0
2015-16,21501108,4,1610612751,10,13,8,6,4,5,0
2015-16,21501108,4,1610612753,4,6,3,3,1,3,0
2015-16,21501109,1,1610612755,1,3,3,1,0,0,0
2015-16,21501109,1,1610612766,5,5,5,3,1,0,1
2015-16,21501109,2,1610612755,2,4,3,2,0,1,0
2015-16,21501109,2,1610612766,4,4,3,2,2,1,0
2015-16,21501109,3,1610612755,0,0,0,0,0,0,0
2015-16,21501109,3,1610612766,5,6,6,2,3,0,0
2015-16,21501109,4,1610612755,3,3,3,2,1,0,0
2015-16,21501109,4,1610612766,4,3,3,2,2,0,0
2015-16,21501110,1,1610612760,3,5,4,2,0,1,1
2015-16,21501110,1,1610612765,3,3,3,2,1,0,0
2015-16,21501110,2,1610612760,7,10,6,4,2,4,1
2015-16,21501110,2,1610612765,7,7,6,2,5,1,0
2015-16,21501110,3,1610612760,4,4,3,2,2,1,0
2015-16,21501110,3,1610612765,1,2,2,1,0,0,0
2015-16,21501110,4,1610612760,3,3,1,1,1,2,1
2015-16,21501110,4,1610612765,7,8,7,1,6,1,0
2015-16,21501111,1,1610612739,8,11,9,4,3,2,1
2015-16,21501111,1,1610612745,7,12,6,5,1,6,1
2015-16,21501111,2,1610612739,4,7,7,2,1,0,1
2015-16,21501111,2,1610612745,6,7,3,2,3,4,1
2015-16,21501111,3,1610612739,4,5,4,2,2,1,0
2015-16,21501111,3,1610612745,4,5,1,3,0,4,1
2015-16,21501111,4,1610612739,5,5,4,2,3,1,0
2015-16,21501111,4,1610612745,12,18,11,1,10,7,0
2015-16,21501112,1,1610612744,5,6,6,3,2,0,0
2015-16,21501112,1,1610612764,5,7,6,4,1,1,0
2015-16,21501112,2,1610612744,4,5,2,3,1,3,0
2015-16,21501112,2,1610612764,3,4,3,3,0,1,0
2015-16,21501112,3,1610612744,2,2,1,0,2,1,0
2015-16,21501112,3,1610612764,4,2,2,0,4,0,0
2015-16,21501112,4,1610612744,6,10,6,4,2,4,0
2015-16,21501112,4,1610612764,10,14,6,7,3,8,0
2015-16,21501113,1,1610612737,4,1,1,0,3,0,0
2015-16,21501113,1,1610612761,3,2,1,0,2,1,0
2015-16,21501113,2,1610612737,2,1,1,0,1,0,1
2015-16,21501113,2,1610612761,5,10,8,3,2,2,0
2015-16,21501113,3,1610612737,5,5,3,3,2,2,0
2015-16,21501113,3,1610612761,8,14,11,7,1,3,0
2015-16,21501113,4,1610612737,4,6,4,3,1,2,0
2015-16,21501113,4,1610612761,3,2,2,1,2,0,0
2015-16,21501114,1,1610612743,3,4,3,2,1,1,0
2015-16,21501114,1,1610612763,6,8,6,3,2,2,1
2015-16,21501114,2,1610612743,5,8,7,4,1,1,0
2015-16,21501114,2,1610612763,5,7,5,3,2,2,0
2015-16,21501114,3,1610612743,5,6,5,3,2,1,0
2015-16,21501114,3,1610612763,4,2,1,1,3,1,0
2015-16,21501114,4,1610612743,6,6,5,1,5,1,0
2015-16,21501114,4,1610612763,8,10,5,4,4,5,0
2015-16,21501115,1,1610612749,3,7,7,3,0,0,0
2015-16,21501115,1,1610612756,4,3,3,2,2,0,0
2015-16,21501115,2,1610612749,2,2,2,1,1,0,0
2015-16,21501115,2,1610612756,5,2,1,1,3,1,0
2015-16,21501115,3,1610612749,7,10,7,5,2,3,0
2015-16,21501115,3,1610612756,7,6,5,3,4,1,0
2015-16,21501115,4,1610612749,10,15,9,5,5,6,0
2015-16,21501115,4,1610612756,5,6,4,2,3,2,0
2015-16,21501116,1,1610612746,5,7,7,3,1,0,1
2015-16,21501116,1,1610612750,1,1,1,0,1,0,0
2015-16,21501116,2,1610612746,5,8,6,2,3,2,0
2015-16,21501116,2,1610612750,7,8,5,3,2,3,2
2015-16,21501116,3,1610612746,3,3,3,3,0,0,0
2015-16,21501116,3,1610612750,1,0,0,0,1,0,0
2015-16,21501116,4,1610612746,1,0,0,0,1,0,0
2015-16,21501116,4,1610612750,7,8,5,4,1,3,2
2015-16,21501117,1,1610612742,3,5,4,2,1,1,0
2015-16,21501117,1,1610612752,2,0,0,0,1,0,1
2015-16,21501117,2,1610612742,2,0,0,0,2,0,0
2015-16,21501117,2,1610612752,6,10,8,5,1,2,0
2015-16,21501117,3,1610612742,6,8,7,4,1,1,1
2015-16,21501117,3,1610612752,4,5,5,3,1,0,0
2015-16,21501117,4,1610612742,3,4,2,1,2,2,0
2015-16,21501117,4,1610612752,2,3,3,2,0,0,0
2015-16,21501118,1,1610612740,3,4,2,2,1,2,0
2015-16,21501118,1,1610612759,2,4,3,2,0,1,0
2015-16,21501118,2,1610612740,5,3,1,1,4,2,0
2015-16,21501118,2,1610612759,7,9,7,1,5,2,1
2015-16,21501118,3,1610612740,3,4,4,2,1,0,0
2015-16,21501118,3,1610612759,1,0,0,0,0,0,1
2015-16,21501118,4,1610612740,6,7,5,4,2,2,0
2015-16,21501118,4,1610612759,6,9,6,3,3,3,0
2015-16,21501119,1,1610612744,2,0,0,0,2,0,0
2015-16,21501119,1,1610612762,3,2,1,1,2,1,0
2015-16,21501119,2,1610612744,3,2,1,1,2,1,0
2015-16,21501119,2,1610612762,3,4,4,2,1,0,0
2015-16,21501119,3,1610612744,5,5,5,1,3,0,1
2015-16,21501119,3,1610612762,5,9,4,3,2,5,0
2015-16,21501119,4,1610612744,6,6,3,2,3,3,1
2015-16,21501119,4,1610612762,8,14,4,3,5,10,0
2015-16,21501120,1,1610612758,4,4,3,2,2,1,0
2015-16,21501120,1,1610612764,5,7,7,3,2,0,0
2015-16,21501120,2,1610612758,5,7,4,3,1,3,1
2015-16,21501120,2,1610612764,4,6,3,3,1,3,0
2015-16,21501120,3,1610612758,2,4,3,2,0,1,0
2015-16,21501120,3,1610612764,2,0,0,0,1,0,1
2015-16,21501120,4,1610612758,7,10,8,5,2,2,0
2015-16,21501120,4,1610612764,3,7,6,1,2,1,0
2015-16,21501121,1,1610612747,4,6,5,3,0,1,1
2015-16,21501121,1,1610612748,2,4,2,2,0,2,0
2015-16,21501121,2,1610612747,1,0,0,0,1,0,0
2015-16,21501121,2,1610612748,5,6,3,3,2,3,0
2015-16,21501121,3,1610612747,6,7,5,4,2,2,0
2015-16,21501121,3,1610612748,5,5,4,2,2,1,1
2015-16,21501121,4,1610612747,7,12,8,5,1,4,1
2015-16,21501121,4,1610612748,5,8,4,3,1,4,1
2015-16,21501122,1,1610612739,6,9,7,5,0,2,1
2015-16,21501122,1,1610612751,3,6,4,3,0,2,0
2015-16,21501122,2,1610612739,7,11,9,6,1,2,0
2015-16,21501122,2,1610612751,5,3,3,2,3,0,0
2015-16,21501122,3,1610612739,4,4,3,2,2,1,0
2015-16,21501122,3,1610612751,5,8,4,3,2,4,0
2015-16,21501122,4,1610612739,1,0,0,0,0,0,1
2015-16,21501122,4,1610612751,4,4,2,3,1,2,0
2015-16,21501123,1,1610612753,3,4,3,2,1,1,0
2015-16,21501123,1,1610612754,4,6,5,3,1,1,0
2015-16,21501123,2,1610612753,4,4,3,3,1,1,0
2015-16,21501123,2,1610612754,1,1,1,1,0,0,0
2015-16,21501123,3,1610612753,4,4,1,3,1,3,0
2015-16,21501123,3,1610612754,7,10,8,4,3,2,0
2015-16,21501123,4,1610612753,3,6,6,3,0,0,0
2015-16,21501123,4,1610612754,5,4,1,1,3,3,1
2015-16,21501124,1,1610612741,3,6,5,2,1,1,0
2015-16,21501124,1,1610612745,3,4,4,2,1,0,0
2015-16,21501124,2,1610612741,2,0,0,0,2,0,0
2015-16,21501124,2,1610612745,7,9,8,4,3,1,0
2015-16,21501124,3,1610612741,5,4,4,2,2,0,1
2015-16,21501124,3,1610612745,3,1,1,1,2,0,0
2015-16,21501124,4,1610612741,8,12,9,2,6,3,0
2015-16,21501124,4,1610612745,4,8,6,3,1,2,0
2015-16,21501125,1,1610612740,4,1,1,1,3,0,0
2015-16,21501125,1,1610612743,3,3,2,1,2,1,0
2015-16,21501125,2,1610612740,2,3,2,2,0,1,0
2015-16,21501125,2,1610612743,3,1,0,1,2,1,0
2015-16,21501125,3,1610612740,1,0,0,0,1,0,0
2015-16,21501125,3,1610612743,4,7,6,3,1,1,0
2015-16,21501125,4,1610612740,4,5,5,2,2,0,0
2015-16,21501125,4,1610612743,4,6,5,2,2,1,0
2015-16,21501126,1,1610612746,1,2,1,1,0,1,0
2015-16,21501126,1,1610612760,2,2,2,1,1,0,0
2015-16,21501126,2,1610612746,6,12,11,4,2,1,0
2015-16,21501126,2,1610612760,7,9,9,4,2,0,1
2015-16,21501126,3,1610612746,4,4,2,2,0,2,2
2015-16,21501126,3,1610612760,2,4,2,2,0,2,0
2015-16,21501126,4,1610612746,2,4,3,2,0,1,0
2015-16,21501126,4,1610612760,5,9,6,4,0,3,0
2015-16,21501127,1,1610612738,6,9,5,5,1,4,0
2015-16,21501127,1,1610612757,5,6,5,3,2,1,0
2015-16,21501127,2,1610612738,5,9,7,3,2,2,0
2015-16,21501127,2,1610612757,4,6,4,2,2,2,0
2015-16,21501127,3,1610612738,2,4,4,2,0,0,0
2015-16,21501127,3,1610612757,7,5,3,3,4,2,0
2015-16,21501127,4,1610612738,6,12,10,6,0,2,0
2015-16,21501127,4,1610612757,7,10,8,2,4,2,1
2015-16,21501128,1,1610612755,2,4,2,2,0,2,0
2015-16,21501128,1,1610612766,6,8,6,4,2,2,0
2015-16,21501128,2,1610612755,5,9,6,4,1,3,0
2015-16,21501128,2,1610612766,6,10,9,5,1,1,0
2015-16,21501128,3,1610612755,2,2,1,1,1,1,0
2015-16,21501128,3,1610612766,5,7,4,2,3,3,0
2015-16,21501128,4,1610612755,3,6,6,3,0,0,0
2015-16,21501128,4,1610612766,3,2,2,1,2,0,0
2015-16,21501129,1,1610612742,3,5,4,3,0,1,0
2015-16,21501129,1,1610612765,2,4,1,2,0,3,0
2015-16,21501129,2,1610612742,1,1,1,1,0,0,0
2015-16,21501129,2,1610612765,3,2,1,1,2,1,0
2015-16,21501129,3,1610612742,3,0,0,0,2,0,1
2015-16,21501129,3,1610612765,5,8,5,4,1,3,0
2015-16,21501129,4,1610612742,7,8,7,2,5,1,0
2015-16,21501129,4,1610612765,7,10,7,3,4,3,0
2015-16,21501130,1,1610612751,1,2,1,1,0,1,0
2015-16,21501130,1,1610612752,3,2,2,1,2,0,0
2015-16,21501130,2,1610612751,4,7,6,4,0,1,0
2015-16,21501130,2,1610612752,1,0,0,0,1,0,0
2015-16,21501130,3,1610612751,2,4,3,2,0,1,0
2015-16,21501130,3,1610612752,3,4,4,2,1,0,0
2015-16,21501130,4,1610612751,5,7,5,4,1,2,0
2015-16,21501130,4,1610612752,3,1,1,1,1,0,1
2015-16,21501131,1,1610612737,3,5,5,3,0,0,0
2015-16,21501131,1,1610612739,2,4,3,2,0,1,0
2015-16,21501131,2,1610612737,7,9,8,3,4,1,0
2015-16,21501131,2,1610612739,6,5,3,3,3,2,0
2015-16,21501131,3,1610612737,6,8,6,2,2,2,2
2015-16,21501131,3,1610612739,6,6,5,2,4,1,0
2015-16,21501131,4,1610612737,2,2,2,1,1,0,0
2015-16,21501131,4,1610612739,6,8,3,2,3,5,1
2015-16,21501132,1,1610612761,4,2,2,1,3,0,0
2015-16,21501132,1,1610612763,3,2,2,1,0,0,2
2015-16,21501132,2,1610612761,4,4,4,2,2,0,0
2015-16,21501132,2,1610612763,4,3,2,1,3,1,0
2015-16,21501132,3,1610612761,9,13,12,4,5,1,0
2015-16,21501132,3,1610612763,4,4,3,2,1,1,1
2015-16,21501132,4,1610612761,8,10,9,1,5,1,2
2015-16,21501132,4,1610612763,6,8,7,2,3,1,1
2015-16,21501133,1,1610612749,5,7,2,4,1,5,0
2015-16,21501133,1,1610612753,2,2,2,1,1,0,0
2015-16,21501133,2,1610612749,4,2,1,1,3,1,0
2015-16,21501133,2,1610612753,5,4,3,2,2,1,1
2015-16,21501133,3,1610612749,5,4,2,3,1,2,1
2015-16,21501133,3,1610612753,2,1,1,1,1,0,0
2015-16,21501133,4,1610612749,7,12,10,3,4,2,0
2015-16,21501133,4,1610612753,5,5,4,1,4,1,0
2015-16,21501134,1,1610612750,0,0,0,0,0,0,0
2015-16,21501134,1,1610612762,4,2,0,1,3,2,0
2015-16,21501134,2,1610612750,1,3,2,0,1,1,0
2015-16,21501134,2,1610612762,6,11,7,5,1,4,0
2015-16,21501134,3,1610612750,4,3,2,2,2,1,0
2015-16,21501134,3,1610612762,4,6,3,2,1,3,1
2015-16,21501134,4,1610612750,4,4,2,2,2,2,0
2015-16,21501134,4,1610612762,5,4,4,1,4,0,0
2015-16,21501135,1,1610612748,1,0,0,0,1,0,0
2015-16,21501135,1,1610612758,3,6,6,3,0,0,0
2015-16,21501135,2,1610612748,3,2,2,1,2,0,0
2015-16,21501135,2,1610612758,5,6,2,1,4,4,0
2015-16,21501135,3,1610612748,5,6,6,2,3,0,0
2015-16,21501135,3,1610612758,6,9,7,3,3,2,0
2015-16,21501135,4,1610612748,5,9,8,3,2,1,0
2015-16,21501135,4,1610612758,5,8,8,4,0,0,1
2015-16,21501136,1,1610612738,3,6,2,3,0,4,0
2015-16,21501136,1,1610612744,3,4,2,2,1,2,0
2015-16,21501136,2,1610612738,5,7,5,3,1,2,1
2015-16,21501136,2,1610612744,2,1,1,1,1,0,0
2015-16,21501136,3,1610612738,8,13,8,5,3,5,0
2015-16,21501136,3,1610612744,4,5,4,2,2,1,0
2015-16,21501136,4,1610612738,4,4,4,1,3,0,0
2015-16,21501136,4,1610612744,5,3,3,2,2,0,1
2015-16,21501137,1,1610612756,5,7,6,4,1,1,0
2015-16,21501137,1,1610612764,4,0,0,0,1,0,3
2015-16,21501137,2,1610612756,7,7,5,4,2,2,1
2015-16,21501137,2,1610612764,7,13,8,4,3,5,0
2015-16,21501137,3,1610612756,6,6,6,1,5,0,0
2015-16,21501137,3,1610612764,3,4,4,2,0,0,1
2015-16,21501137,4,1610612756,5,6,3,2,2,3,1
2015-16,21501137,4,1610612764,8,8,8,1,5,0,1
2015-16,21501138,1,1610612754,5,7,5,3,2,2,0
2015-16,21501138,1,1610612755,2,4,4,2,0,0,0
2015-16,21501138,2,1610612754,4,3,3,2,1,0,1
2015-16,21501138,2,1610612755,5,6,5,2,3,1,0
2015-16,21501138,3,1610612754,4,3,3,1,3,0,0
2015-16,21501138,3,1610612755,5,9,4,4,1,5,0
2015-16,21501138,4,1610612754,6,10,8,6,0,2,0
2015-16,21501138,4,1610612755,6,7,5,4,2,2,0
2015-16,21501139,1,1610612741,1,0,0,0,1,0,0
2015-16,21501139,1,1610612765,3,4,2,2,1,2,0
2015-16,21501139,2,1610612741,4,4,4,2,2,0,0
2015-16,21501139,2,1610612765,7,8,3,2,5,5,0
2015-16,21501139,3,1610612741,3,0,0,0,3,0,0
2015-16,21501139,3,1610612765,5,6,4,3,1,2,1
2015-16,21501139,4,1610612741,6,11,9,2,3,2,0
2015-16,21501139,4,1610612765,10,16,11,5,4,5,0
2015-16,21501140,1,1610612759,5,7,5,3,2,2,0
2015-16,21501140,1,1610612761,2,0,0,0,2,0,0
2015-16,21501140,2,1610612759,4,4,4,2,2,0,0
2015-16,21501140,2,1610612761,5,4,4,1,4,0,0
2015-16,21501140,3,1610612759,3,6,6,3,0,0,0
2015-16,21501140,3,1610612761,4,2,1,1,3,1,0
2015-16,21501140,4,1610612759,9,13,12,3,5,1,1
2015-16,21501140,4,1610612761,3,4,4,2,1,0,0
2015-16,21501141,1,1610612743,4,4,3,1,3,1,0
2015-16,21501141,1,1610612758,1,2,2,1,0,0,0
2015-16,21501141,2,1610612743,4,5,4,4,0,1,0
2015-16,21501141,2,1610612758,5,7,5,3,2,2,0
2015-16,21501141,3,1610612743,6,8,6,4,2,2,0
2015-16,21501141,3,1610612758,8,13,11,8,0,2,0
2015-16,21501141,4,1610612743,5,7,4,4,0,3,1
2015-16,21501141,4,1610612758,6,9,7,3,3,2,0
2015-16,21501142,1,1610612748,2,2,2,1,1,0,0
2015-16,21501142,1,1610612757,2,2,1,1,1,1,0
2015-16,21501142,2,1610612748,4,6,4,4,0,2,0
2015-16,21501142,2,1610612757,7,9,9,4,3,0,0
2015-16,21501142,3,1610612748,9,13,9,4,3,4,2
2015-16,21501142,3,1610612757,3,6,3,1,2,3,0
2015-16,21501142,4,1610612748,4,6,4,3,1,2,0
2015-16,21501142,4,1610612757,4,6,5,3,1,1,0
2015-16,21501143,1,1610612740,4,3,3,2,1,0,1
2015-16,21501143,1,1610612751,5,6,5,2,3,1,0
2015-16,21501143,2,1610612740,6,8,5,3,2,3,1
2015-16,21501143,2,1610612751,5,2,2,1,3,0,1
2015-16,21501143,3,1610612740,6,9,5,3,3,4,0
2015-16,21501143,3,1610612751,5,10,5,5,0,5,0
2015-16,21501143,4,1610612740,3,3,1,2,1,2,0
2015-16,21501143,4,1610612751,4,3,1,2,2,2,0
2015-16,21501144,1,1610612739,1,2,0,1,0,2,0
2015-16,21501144,1,1610612766,3,3,3,1,1,0,1
2015-16,21501144,2,1610612739,2,4,2,2,0,2,0
2015-16,21501144,2,1610612766,3,4,4,2,1,0,0
2015-16,21501144,3,1610612739,4,6,3,2,2,3,0
2015-16,21501144,3,1610612766,6,11,10,5,1,1,0
2015-16,21501144,4,1610612739,4,1,1,1,3,0,0
2015-16,21501144,4,1610612766,6,9,9,3,1,0,2
2015-16,21501145,1,1610612745,3,5,3,3,0,2,0
2015-16,21501145,1,1610612760,8,12,11,5,2,1,1
2015-16,21501145,2,1610612745,2,4,4,2,0,0,0
2015-16,21501145,2,1610612760,4,1,1,1,3,0,0
2015-16,21501145,3,1610612745,6,4,4,3,2,0,1
2015-16,21501145,3,1610612760,7,11,9,3,3,2,1
2015-16,21501145,4,1610612745,8,13,12,3,4,1,0
2015-16,21501145,4,1610612760,5,8,6,3,2,2,0
2015-16,21501146,1,1610612742,3,2,2,1,2,0,0
2015-16,21501146,1,1610612750,3,2,2,2,1,0,0
2015-16,21501146,2,1610612742,6,7,4,3,2,3,1
2015-16,21501146,2,1610612750,5,4,4,1,4,0,0
2015-16,21501146,3,1610612742,5,6,3,3,2,3,0
2015-16,21501146,3,1610612750,7,11,9,4,3,2,0
2015-16,21501146,4,1610612742,1,2,1,1,0,1,0
2015-16,21501146,4,1610612750,1,1,1,1,0,0,0
2015-16,21501147,1,1610612746,5,4,2,1,3,2,1
2015-16,21501147,1,1610612764,2,2,1,1,1,1,0
2015-16,21501147,2,1610612746,6,6,4,1,4,2,1
2015-16,21501147,2,1610612764,8,12,7,4,3,5,0
2015-16,21501147,3,1610612746,8,11,7,5,3,4,0
2015-16,21501147,3,1610612764,1,2,1,1,0,1,0
2015-16,21501147,4,1610612746,9,12,7,2,7,5,0
2015-16,21501147,4,1610612764,4,5,3,3,1,2,0
2015-16,21501148,1,1610612753,3,3,3,2,1,0,0
2015-16,21501148,1,1610612763,2,0,0,0,1,0,1
2015-16,21501148,2,1610612753,6,7,5,4,2,2,0
2015-16,21501148,2,1610612763,8,14,7,4,3,7,1
2015-16,21501148,3,1610612753,8,15,12,6,2,3,0
2015-16,21501148,3,1610612763,6,7,7,1,3,0,2
2015-16,21501148,4,1610612753,3,4,3,1,2,1,0
2015-16,21501148,4,1610612763,4,5,3,3,1,2,0
2015-16,21501149,1,1610612756,6,10,7,5,1,3,0
2015-16,21501149,1,1610612762,4,2,2,1,2,0,1
2015-16,21501149,2,1610612756,4,4,3,2,2,1,0
2015-16,21501149,2,1610612762,2,4,3,2,0,1,0
2015-16,21501149,3,1610612756,4,2,1,2,2,1,0
2015-16,21501149,3,1610612762,7,8,5,3,3,3,1
2015-16,21501149,4,1610612756,4,3,1,2,2,2,0
2015-16,21501149,4,1610612762,4,3,3,2,2,0,0
2015-16,21501150,1,1610612741,2,2,1,1,1,1,0
2015-16,21501150,1,1610612749,5,4,2,3,2,2,0
2015-16,21501150,2,1610612741,5,5,4,3,2,1,0
2015-16,21501150,2,1610612749,2,4,3,2,0,1,0
2015-16,21501150,3,1610612741,6,7,5,2,4,2,0
2015-16,21501150,3,1610612749,4,5,5,3,1,0,0
2015-16,21501150,4,1610612741,4,8,7,2,2,1,0
2015-16,21501150,4,1610612749,5,7,6,3,2,1,0
2015-16,21501151,1,1610612752,3,6,3,2,0,3,0
2015-16,21501151,1,1610612754,1,2,1,1,0,1,0
2015-16,21501151,2,1610612752,4,0,0,0,4,0,0
2015-16,21501151,2,1610612754,5,4,4,2,3,0,0
2015-16,21501151,3,1610612752,4,5,4,2,2,1,0
2015-16,21501151,3,1610612754,4,4,4,1,3,0,0
2015-16,21501151,4,1610612752,6,9,7,4,2,2,0
2015-16,21501151,4,1610612754,6,10,8,3,3,2,0
2015-16,21501152,1,1610612744,3,6,4,3,0,2,0
2015-16,21501152,1,1610612757,4,7,5,4,0,2,0
2015-16,21501152,2,1610612744,3,6,6,3,0,0,0
2015-16,21501152,2,1610612757,4,8,6,4,0,2,0
2015-16,21501152,3,1610612744,3,5,3,3,0,2,0
2015-16,21501152,3,1610612757,7,8,6,2,4,2,1
2015-16,21501152,4,1610612744,4,5,5,3,1,0,0
2015-16,21501152,4,1610612757,7,10,9,4,3,1,0
2015-16,21501153,1,1610612738,3,4,3,2,1,1,0
2015-16,21501153,1,1610612747,5,10,8,5,0,2,0
2015-16,21501153,2,1610612738,6,9,8,5,1,1,0
2015-16,21501153,2,1610612747,4,2,1,1,2,1,1
2015-16,21501153,3,1610612738,5,3,1,2,1,2,2
2015-16,21501153,3,1610612747,5,7,3,4,1,4,0
2015-16,21501153,4,1610612738,3,6,5,2,1,1,0
2015-16,21501153,4,1610612747,8,10,8,5,3,2,0
2015-16,21501154,1,1610612740,3,6,4,3,0,2,0
2015-16,21501154,1,1610612755,3,1,0,1,2,1,0
2015-16,21501154,2,1610612740,3,2,2,1,2,0,0
2015-16,21501154,2,1610612755,3,4,4,2,0,0,1
2015-16,21501154,3,1610612740,5,6,4,3,2,2,0
2015-16,21501154,3,1610612755,5,5,5,3,2,0,0
2015-16,21501154,4,1610612740,4,2,2,1,3,0,0
2015-16,21501154,4,1610612755,3,7,5,3,0,2,0
2015-16,21501155,1,1610612748,2,2,1,1,1,1,0
2015-16,21501155,1,1610612765,3,2,2,1,2,0,0
2015-16,21501155,2,1610612748,3,5,4,3,0,1,0
2015-16,21501155,2,1610612765,2,2,2,1,1,0,0
2015-16,21501155,3,1610612748,3,5,4,2,1,1,0
2015-16,21501155,3,1610612765,8,15,11,4,4,4,0
2015-16,21501155,4,1610612748,3,2,1,1,2,1,0
2015-16,21501155,4,1610612765,4,6,5,2,2,1,0
2015-16,21501156,1,1610612761,4,3,2,2,1,1,1
2015-16,21501156,1,1610612766,3,3,3,1,2,0,0
2015-16,21501156,2,1610612761,7,12,9,6,1,3,0
2015-16,21501156,2,1610612766,3,4,2,2,1,2,0
2015-16,21501156,3,1610612761,6,9,6,3,2,3,1
2015-16,21501156,3,1610612766,5,8,5,3,2,3,0
2015-16,21501156,4,1610612761,5,7,5,1,4,2,0
2015-16,21501156,4,1610612766,5,6,5,4,0,1,1
2015-16,21501157,1,1610612737,3,4,2,3,0,2,0
2015-16,21501157,1,1610612756,2,4,4,2,0,0,0
2015-16,21501157,2,1610612737,4,2,1,1,2,1,1
2015-16,21501157,2,1610612756,6,12,6,5,0,6,1
2015-16,21501157,3,1610612737,5,6,5,4,1,1,0
2015-16,21501157,3,1610612756,7,10,8,4,2,2,1
2015-16,21501157,4,1610612737,6,7,6,2,3,1,1
2015-16,21501157,4,1610612756,5,4,0,2,2,4,0
2015-16,21501158,1,1610612741,2,2,2,1,0,0,1
2015-16,21501158,1,1610612763,3,5,5,2,1,0,0
2015-16,21501158,2,1610612741,3,4,3,2,1,1,0
2015-16,21501158,2,1610612763,5,5,5,3,1,0,1
2015-16,21501158,3,1610612741,5,5,3,3,2,2,0
2015-16,21501158,3,1610612763,3,4,3,2,1,1,0
2015-16,21501158,4,1610612741,4,8,5,4,0,3,0
2015-16,21501158,4,1610612763,8,12,10,4,3,2,1
2015-16,21501159,1,1610612739,5,4,4,1,4,0,0
2015-16,21501159,1,1610612749,3,2,1,1,2,1,0
2015-16,21501159,2,1610612739,3,2,1,1,2,1,0
2015-16,21501159,2,1610612749,3,2,0,1,2,2,0
2015-16,21501159,3,1610612739,3,4,4,2,0,0,1
2015-16,21501159,3,1610612749,3,2,2,1,2,0,0
2015-16,21501159,4,1610612739,2,0,0,0,2,0,0
2015-16,21501159,4,1610612749,5,6,3,3,2,3,0
2015-16,21501160,1,1610612743,3,2,2,1,1,0,1
2015-16,21501160,1,1610612760,7,9,6,5,1,3,1
2015-16,21501160,2,1610612743,4,8,3,3,1,5,0
2015-16,21501160,2,1610612760,4,8,6,3,1,2,0
2015-16,21501160,3,1610612743,5,8,5,4,1,3,0
2015-16,21501160,3,1610612760,6,5,4,1,3,1,2
2015-16,21501160,4,1610612743,7,9,8,4,2,1,1
2015-16,21501160,4,1610612760,2,2,1,1,0,1,0
2015-16,21501161,1,1610612759,2,2,2,1,1,0,0
2015-16,21501161,1,1610612762,1,2,2,1,0,0,0
2015-16,21501161,2,1610612759,5,5,4,2,3,1,0
2015-16,21501161,2,1610612762,6,5,5,1,5,0,0
2015-16,21501161,3,1610612759,8,10,9,2,5,1,1
2015-16,21501161,3,1610612762,7,13,10,4,3,3,0
2015-16,21501161,4,1610612759,2,2,2,1,1,0,0
2015-16,21501161,4,1610612762,1,1,0,1,0,1,0
2015-16,21501162,1,1610612757,4,8,6,3,0,2,0
2015-16,21501162,1,1610612758,4,3,2,2,2,1,0
2015-16,21501162,2,1610612757,3,2,1,1,2,1,0
2015-16,21501162,2,1610612758,4,5,3,3,1,2,0
2015-16,21501162,3,1610612757,3,2,2,1,2,0,0
2015-16,21501162,3,1610612758,5,6,4,3,2,2,0
2015-16,21501162,4,1610612757,8,15,14,3,4,1,0
2015-16,21501162,4,1610612758,5,7,5,3,1,2,1
2015-16,21501163,1,1610612744,5,3,2,2,2,1,1
2015-16,21501163,1,1610612750,6,4,3,2,4,1,0
2015-16,21501163,2,1610612744,2,3,3,2,0,0,0
2015-16,21501163,2,1610612750,3,3,1,2,0,2,1
2015-16,21501163,3,1610612744,1,0,0,0,1,0,0
2015-16,21501163,3,1610612750,7,8,7,4,3,1,0
2015-16,21501163,4,1610612744,3,0,0,0,3,0,0
2015-16,21501163,4,1610612750,5,8,7,4,1,1,0
2015-16,21501164,1,1610612746,6,8,5,4,2,3,0
2015-16,21501164,1,1610612747,5,8,8,3,1,0,1
2015-16,21501164,2,1610612746,4,4,1,2,2,3,0
2015-16,21501164,2,1610612747,3,4,3,2,1,1,0
2015-16,21501164,3,1610612746,6,6,5,3,3,1,0
2015-16,21501164,3,1610612747,2,2,2,1,1,0,0
2015-16,21501164,4,1610612746,7,8,5,2,4,3,1
2015-16,21501164,4,1610612747,6,11,10,5,1,1,0
2015-16,21501165,1,1610612739,5,10,9,5,0,1,0
2015-16,21501165,1,1610612754,7,12,8,6,1,4,0
2015-16,21501165,2,1610612739,6,10,9,4,2,1,0
2015-16,21501165,2,1610612754,4,3,3,1,3,0,0
2015-16,21501165,3,1610612739,4,6,6,3,1,0,0
2015-16,21501165,3,1610612754,4,4,4,2,2,0,0
2015-16,21501165,4,1610612739,6,8,7,3,3,1,0
2015-16,21501165,4,1610612754,4,3,2,2,2,1,0
2015-16,21501166,1,1610612753,3,4,1,2,1,3,0
2015-16,21501166,1,1610612765,1,2,1,1,0,1,0
2015-16,21501166,2,1610612753,5,4,3,3,1,1,1
2015-16,21501166,2,1610612765,5,4,1,1,4,3,0
2015-16,21501166,3,1610612753,4,6,6,1,3,0,0
2015-16,21501166,3,1610612765,7,13,8,7,0,5,0
2015-16,21501166,4,1610612753,3,5,4,3,0,1,0
2015-16,21501166,4,1610612765,9,12,9,1,7,3,1
2015-16,21501167,1,1610612751,3,1,0,1,1,1,1
2015-16,21501167,1,1610612764,5,4,2,3,2,2,0
2015-16,21501167,2,1610612751,5,5,3,2,3,2,0
2015-16,21501167,2,1610612764,3,1,1,1,2,0,0
2015-16,21501167,3,1610612751,2,3,3,1,1,0,0
2015-16,21501167,3,1610612764,6,9,8,3,2,1,1
2015-16,21501167,4,1610612751,9,15,12,7,1,3,1
2015-16,21501167,4,1610612764,5,6,6,3,2,0,0
2015-16,21501168,1,1610612738,5,5,3,2,3,2,0
2015-16,21501168,1,1610612740,1,2,1,1,0,1,0
2015-16,21501168,2,1610612738,3,2,2,1,2,0,0
2015-16,21501168,2,1610612740,5,8,7,5,0,1,0
2015-16,21501168,3,1610612738,6,7,7,3,3,0,0
2015-16,21501168,3,1610612740,7,8,7,2,5,1,0
2015-16,21501168,4,1610612738,10,13,10,4,6,3,0
2015-16,21501168,4,1610612740,5,5,5,2,2,0,1
2015-16,21501169,1,1610612752,4,3,3,2,1,0,1
2015-16,21501169,1,1610612766,2,1,1,1,1,0,0
2015-16,21501169,2,1610612752,5,7,6,3,2,1,0
2015-16,21501169,2,1610612766,4,4,4,2,2,0,0
2015-16,21501169,3,1610612752,3,5,4,3,0,1,0
2015-16,21501169,3,1610612766,4,5,4,3,1,1,0
2015-16,21501169,4,1610612752,2,0,0,0,2,0,0
2015-16,21501169,4,1610612766,3,7,6,3,0,1,0
2015-16,21501170,1,1610612742,4,6,5,2,1,1,0
2015-16,21501170,1,1610612745,5,5,5,2,2,0,1
2015-16,21501170,2,1610612742,3,0,0,0,2,0,1
2015-16,21501170,2,1610612745,3,3,1,2,1,2,0
2015-16,21501170,3,1610612742,3,3,3,1,2,0,0
2015-16,21501170,3,1610612745,5,4,3,2,2,1,0
2015-16,21501170,4,1610612742,6,5,4,1,4,1,1
2015-16,21501170,4,1610612745,6,6,3,2,4,3,0
2015-16,21501171,1,1610612757,3,4,3,3,0,1,0
2015-16,21501171,1,1610612760,7,12,5,5,2,7,0
2015-16,21501171,2,1610612757,7,11,9,5,1,2,1
2015-16,21501171,2,1610612760,5,9,7,4,1,2,0
2015-16,21501171,3,1610612757,4,3,3,1,3,0,0
2015-16,21501171,3,1610612760,6,3,2,2,4,1,0
2015-16,21501171,4,1610612757,4,6,4,2,2,2,0
2015-16,21501171,4,1610612760,4,7,6,4,0,1,0
2015-16,21501172,1,1610612746,4,4,3,2,2,1,0
2015-16,21501172,1,1610612747,4,5,4,3,1,1,0
2015-16,21501172,2,1610612746,6,8,5,3,3,3,0
2015-16,21501172,2,1610612747,3,3,2,2,1,1,0
2015-16,21501172,3,1610612746,3,0,0,0,1,0,1
2015-16,21501172,3,1610612747,4,5,5,2,2,0,0
2015-16,21501172,4,1610612746,2,2,2,1,1,0,0
2015-16,21501172,4,1610612747,3,4,2,2,1,2,0
2015-16,21501173,1,1610612737,2,2,1,1,1,1,0
2015-16,21501173,1,1610612761,1,0,0,0,1,0,0
2015-16,21501173,2,1610612737,2,4,3,2,0,1,0
2015-16,21501173,2,1610612761,6,7,4,2,3,3,1
2015-16,21501173,3,1610612737,3,4,3,2,1,1,0
2015-16,21501173,3,1610612761,5,7,6,4,1,1,0
2015-16,21501173,4,1610612737,8,11,10,4,4,1,0
2015-16,21501173,4,1610612761,6,6,5,1,4,1,1
2015-16,21501174,1,1610612741,1,0,0,0,1,0,0
2015-16,21501174,1,1610612748,1,0,0,0,1,0,0
2015-16,21501174,2,1610612741,6,8,6,2,4,2,0
2015-16,21501174,2,1610612748,3,6,5,3,0,1,0
2015-16,21501174,3,1610612741,5,6,6,2,3,0,0
2015-16,21501174,3,1610612748,2,3,2,1,0,1,0
2015-16,21501174,4,1610612741,7,14,13,6,1,1,0
2015-16,21501174,4,1610612748,5,8,7,4,1,1,0
2015-16,21501175,1,1610612745,4,5,1,3,1,4,0
2015-16,21501175,1,1610612756,3,0,0,0,3,0,0
2015-16,21501175,2,1610612745,7,13,8,4,3,5,0
2015-16,21501175,2,1610612756,3,5,3,2,1,2,0
2015-16,21501175,3,1610612745,7,6,5,1,5,1,1
2015-16,21501175,3,1610612756,7,8,6,4,3,2,0
2015-16,21501175,4,1610612745,5,4,3,1,3,1,1
2015-16,21501175,4,1610612756,10,16,15,3,7,1,0
2015-16,21501176,1,1610612750,4,6,5,3,1,1,0
2015-16,21501176,1,1610612758,5,8,8,4,1,0,0
2015-16,21501176,2,1610612750,9,15,8,6,2,7,0
2015-16,21501176,2,1610612758,6,7,6,3,2,1,1
2015-16,21501176,3,1610612750,6,8,7,3,3,1,0
2015-16,21501176,3,1610612758,3,4,3,2,1,1,0
2015-16,21501176,4,1610612750,2,2,2,1,1,0,0
2015-16,21501176,4,1610612758,3,2,2,1,2,0,0
2015-16,21501177,1,1610612744,2,0,0,0,2,0,0
2015-16,21501177,1,1610612759,3,1,0,0,2,1,1
2015-16,21501177,2,1610612744,3,2,2,1,2,0,0
2015-16,21501177,2,1610612759,6,6,4,2,4,2,0
2015-16,21501177,3,1610612744,2,3,2,2,0,1,0
2015-16,21501177,3,1610612759,6,8,6,3,3,2,0
2015-16,21501177,4,1610612744,4,6,6,3,1,0,0
2015-16,21501177,4,1610612759,6,8,6,4,2,2,0
2015-16,21501178,1,1610612751,3,4,2,2,0,2,1
2015-16,21501178,1,1610612766,3,4,3,2,1,1,0
2015-16,21501178,2,1610612751,4,2,1,1,2,1,1
2015-16,21501178,2,1610612766,4,2,1,1,3,1,0
2015-16,21501178,3,1610612751,5,6,2,4,1,4,0
2015-16,21501178,3,1610612766,5,8,7,4,1,1,0
2015-16,21501178,4,1610612751,4,8,6,4,0,2,0
2015-16,21501178,4,1610612766,4,6,6,4,0,0,0
2015-16,21501179,1,1610612748,3,2,2,1,2,0,0
2015-16,21501179,1,1610612753,3,5,3,3,0,2,0
2015-16,21501179,2,1610612748,4,5,1,1,2,4,1
2015-16,21501179,2,1610612753,6,9,7,3,3,2,0
2015-16,21501179,3,1610612748,4,7,4,3,0,3,1
2015-16,21501179,3,1610612753,5,4,3,2,2,1,1
2015-16,21501179,4,1610612748,7,7,4,4,3,3,0
2015-16,21501179,4,1610612753,7,10,8,4,3,2,0
2015-16,21501180,1,1610612752,5,9,5,5,0,4,0
2015-16,21501180,1,1610612755,3,6,4,3,0,2,0
2015-16,21501180,2,1610612752,4,6,3,3,1,3,0
2015-16,21501180,2,1610612755,7,8,6,3,3,2,1
2015-16,21501180,3,1610612752,5,5,4,3,2,1,0
2015-16,21501180,3,1610612755,4,8,3,4,0,5,0
2015-16,21501180,4,1610612752,6,10,7,2,4,3,0
2015-16,21501180,4,1610612755,9,14,11,7,1,3,0
2015-16,21501181,1,1610612738,5,7,5,5,0,2,0
2015-16,21501181,1,1610612749,10,13,7,7,3,6,0
2015-16,21501181,2,1610612738,6,9,6,5,1,3,0
2015-16,21501181,2,1610612749,4,5,4,3,0,1,1
2015-16,21501181,3,1610612738,8,15,14,7,1,1,0
2015-16,21501181,3,1610612749,4,4,4,2,2,0,0
2015-16,21501181,4,1610612738,4,7,5,4,0,2,0
2015-16,21501181,4,1610612749,5,7,5,5,0,2,0
2015-16,21501182,1,1610612764,3,5,3,3,0,2,0
2015-16,21501182,1,1610612765,1,2,2,1,0,0,0
2015-16,21501182,2,1610612764,3,4,4,2,0,0,1
2015-16,21501182,2,1610612765,5,7,6,4,1,1,0
2015-16,21501182,3,1610612764,5,7,5,4,0,2,1
2015-16,21501182,3,1610612765,4,1,1,1,2,0,1
2015-16,21501182,4,1610612764,5,7,5,2,2,2,1
2015-16,21501182,4,1610612765,11,19,17,6,5,2,0
2015-16,21501183,1,1610612754,3,1,1,0,3,0,0
2015-16,21501183,1,1610612761,4,3,2,1,2,1,1
2015-16,21501183,2,1610612754,2,5,4,2,0,1,0
2015-16,21501183,2,1610612761,7,11,10,6,1,1,0
2015-16,21501183,3,1610612754,6,8,6,3,2,2,1
2015-16,21501183,3,1610612761,4,6,4,3,1,2,0
2015-16,21501183,4,1610612754,5,6,5,2,3,1,0
2015-16,21501183,4,1610612761,10,18,11,3,7,7,0
2015-16,21501184,1,1610612740,5,6,4,2,2,2,1
2015-16,21501184,1,1610612747,3,7,7,3,0,0,0
2015-16,21501184,2,1610612740,6,3,2,1,3,1,2
2015-16,21501184,2,1610612747,8,12,9,4,1,3,3
2015-16,21501184,3,1610612740,5,8,8,4,1,0,0
2015-16,21501184,3,1610612747,4,3,2,2,2,1,0
2015-16,21501184,4,1610612740,4,4,2,1,3,2,0
2015-16,21501184,4,1610612747,4,5,5,2,2,0,0
2015-16,21501185,1,1610612742,6,9,6,4,2,3,0
2015-16,21501185,1,1610612763,2,0,0,0,2,0,0
2015-16,21501185,2,1610612742,6,7,6,4,1,1,1
2015-16,21501185,2,1610612763,5,8,6,4,1,2,0
2015-16,21501185,3,1610612742,10,11,9,2,6,2,2
2015-16,21501185,3,1610612763,5,9,7,3,1,2,1
2015-16,21501185,4,1610612742,9,12,10,1,7,2,1
2015-16,21501185,4,1610612763,3,5,3,3,0,2,0
2015-16,21501186,1,1610612743,2,1,1,1,1,0,0
2015-16,21501186,1,1610612759,2,2,2,1,1,0,0
2015-16,21501186,2,1610612743,3,6,5,3,0,1,0
2015-16,21501186,2,1610612759,5,8,7,3,2,1,0
2015-16,21501186,3,1610612743,3,4,3,2,1,1,0
2015-16,21501186,3,1610612759,6,7,5,3,3,2,0
2015-16,21501186,4,1610612743,4,8,7,3,0,1,1
2015-16,21501186,4,1610612759,7,11,9,5,2,2,0
2015-16,21501187,1,1610612746,2,4,3,1,1,1,0
2015-16,21501187,1,1610612762,2,2,1,0,2,1,0
2015-16,21501187,2,1610612746,4,5,4,3,1,1,0
2015-16,21501187,2,1610612762,5,8,4,3,2,4,0
2015-16,21501187,3,1610612746,4,8,6,3,1,2,0
2015-16,21501187,3,1610612762,6,6,4,2,3,2,1
2015-16,21501187,4,1610612746,3,2,2,1,2,0,0
2015-16,21501187,4,1610612762,3,7,7,2,1,0,0
2015-16,21501188,1,1610612737,4,2,1,1,3,1,0
2015-16,21501188,1,1610612738,5,6,5,3,2,1,0
2015-16,21501188,2,1610612737,5,2,2,1,4,0,0
2015-16,21501188,2,1610612738,6,8,4,4,1,4,1
2015-16,21501188,3,1610612737,5,3,2,1,4,1,0
2015-16,21501188,3,1610612738,3,4,4,2,1,0,0
2015-16,21501188,4,1610612737,5,4,4,1,4,0,0
2015-16,21501188,4,1610612738,5,6,3,3,1,3,1
2015-16,21501189,1,1610612740,4,4,3,2,2,1,0
2015-16,21501189,1,1610612756,4,6,5,2,1,1,1
2015-16,21501189,2,1610612740,4,1,1,1,2,0,1
2015-16,21501189,2,1610612756,5,5,3,3,2,2,0
2015-16,21501189,3,1610612740,7,6,3,2,5,3,0
2015-16,21501189,3,1610612756,6,8,7,2,3,1,1
2015-16,21501189,4,1610612740,9,9,8,3,4,1,2
2015-16,21501189,4,1610612756,10,12,10,8,2,2,0
2015-16,21501190,1,1610612744,3,2,2,2,1,0,0
2015-16,21501190,1,1610612763,2,1,1,1,1,0,0
2015-16,21501190,2,1610612744,5,4,4,2,2,0,1
2015-16,21501190,2,1610612763,5,8,7,3,2,1,0
2015-16,21501190,3,1610612744,2,1,1,1,1,0,0
2015-16,21501190,3,1610612763,3,4,4,2,1,0,0
2015-16,21501190,4,1610612744,6,6,5,4,1,1,1
2015-16,21501190,4,1610612763,4,7,6,3,1,1,0
2015-16,21501191,1,1610612739,3,2,2,1,1,0,1
2015-16,21501191,1,1610612741,3,3,2,3,0,1,0
2015-16,21501191,2,1610612739,6,3,2,2,3,1,1
2015-16,21501191,2,1610612741,3,4,4,2,1,0,0
2015-16,21501191,3,1610612739,5,7,3,3,1,4,1
2015-16,21501191,3,1610612741,6,5,4,1,3,1,2
2015-16,21501191,4,1610612739,5,6,4,2,2,2,1
2015-16,21501191,4,1610612741,5,9,7,3,2,2,0
2015-16,21501192,1,1610612750,6,13,10,4,2,3,0
2015-16,21501192,1,1610612757,4,4,4,3,0,0,1
2015-16,21501192,2,1610612750,3,6,5,3,0,1,0
2015-16,21501192,2,1610612757,2,2,2,1,1,0,0
2015-16,21501192,3,1610612750,2,0,0,0,2,0,0
2015-16,21501192,3,1610612757,4,6,4,3,1,2,0
2015-16,21501192,4,1610612750,7,6,4,2,5,2,0
2015-16,21501192,4,1610612757,6,6,6,3,3,0,0
2015-16,21501193,1,1610612758,4,2,1,1,3,1,0
2015-16,21501193,1,1610612760,4,1,0,1,1,1,2
2015-16,21501193,2,1610612758,5,5,2,3,2,3,0
2015-16,21501193,2,1610612760,7,8,6,4,3,2,0
2015-16,21501193,3,1610612758,4,1,1,1,3,0,0
2015-16,21501193,3,1610612760,5,10,8,4,1,2,0
2015-16,21501193,4,1610612758,8,12,7,3,5,5,0
2015-16,21501193,4,1610612760,5,9,7,4,1,2,0
2015-16,21501194,1,1610612764,2,0,0,0,2,0,0
2015-16,21501194,1,1610612766,5,9,6,3,1,3,0
2015-16,21501194,2,1610612764,8,14,11,6,2,3,0
2015-16,21501194,2,1610612766,3,3,3,1,2,0,0
2015-16,21501194,3,1610612764,4,6,4,3,0,2,1
2015-16,21501194,3,1610612766,6,9,8,2,4,1,0
2015-16,21501194,4,1610612764,6,8,5,3,3,3,0
2015-16,21501194,4,1610612766,9,14,13,3,6,1,0
2015-16,21501195,1,1610612745,2,3,2,2,0,1,0
2015-16,21501195,1,1610612747,4,5,5,2,2,0,0
2015-16,21501195,2,1610612745,3,3,1,2,1,2,0
2015-16,21501195,2,1610612747,5,6,5,3,2,1,0
2015-16,21501195,3,1610612745,4,7,6,4,0,1,0
2015-16,21501195,3,1610612747,2,2,0,1,1,2,0
2015-16,21501195,4,1610612745,4,5,4,3,1,1,0
2015-16,21501195,4,1610612747,4,6,6,1,3,0,0
2015-16,21501196,1,1610612742,5,7,6,3,2,1,0
2015-16,21501196,1,1610612746,4,5,1,2,1,4,1
2015-16,21501196,2,1610612742,5,9,8,3,2,1,0
2015-16,21501196,2,1610612746,5,4,1,1,4,3,0
2015-16,21501196,3,1610612742,4,8,5,4,0,3,0
2015-16,21501196,3,1610612746,12,21,9,6,6,12,0
2015-16,21501196,4,1610612742,5,9,4,3,2,5,0
2015-16,21501196,4,1610612746,7,7,4,2,4,3,1
2015-16,21501197,1,1610612749,5,8,7,4,1,1,0
2015-16,21501197,1,1610612755,4,5,4,3,0,1,1
2015-16,21501197,2,1610612749,3,3,3,2,1,0,0
2015-16,21501197,2,1610612755,5,7,4,4,1,3,0
2015-16,21501197,3,1610612749,4,5,4,3,1,1,0
2015-16,21501197,3,1610612755,4,6,6,3,1,0,0
2015-16,21501197,4,1610612749,4,4,4,2,2,0,0
2015-16,21501197,4,1610612755,4,7,3,3,1,4,0
2015-16,21501198,1,1610612743,1,2,2,1,0,0,0
2015-16,21501198,1,1610612762,7,9,7,3,4,2,0
2015-16,21501198,2,1610612743,4,6,5,3,1,1,0
2015-16,21501198,2,1610612762,0,0,0,0,0,0,0
2015-16,21501198,3,1610612743,2,2,2,1,1,0,0
2015-16,21501198,3,1610612762,5,8,7,5,0,1,0
2015-16,21501198,4,1610612743,7,9,5,3,3,4,1
2015-16,21501198,4,1610612762,5,4,2,2,2,2,1
2015-16,21501199,1,1610612751,4,0,0,0,3,0,1
2015-16,21501199,1,1610612754,6,10,8,4,2,2,0
2015-16,21501199,2,1610612751,6,8,5,4,2,3,0
2015-16,21501199,2,1610612754,2,2,2,1,1,0,0
2015-16,21501199,3,1610612751,5,11,10,4,1,1,0
2015-16,21501199,3,1610612754,7,10,8,5,2,2,0
2015-16,21501199,4,1610612751,4,7,6,4,0,1,0
2015-16,21501199,4,1610612754,5,5,4,2,2,1,1
2015-16,21501200,1,1610612748,4,7,5,4,0,2,0
2015-16,21501200,1,1610612753,2,0,0,0,2,0,0
2015-16,21501200,2,1610612748,7,11,9,5,2,2,0
2015-16,21501200,2,1610612753,3,4,3,2,1,1,0
2015-16,21501200,3,1610612748,3,6,6,3,0,0,0
2015-16,21501200,3,1610612753,2,3,2,2,0,1,0
2015-16,21501200,4,1610612748,3,6,6,3,0,0,0
2015-16,21501200,4,1610612753,9,12,10,4,5,2,0
2015-16,21501201,1,1610612744,5,7,5,3,2,2,0
2015-16,21501201,1,1610612759,4,1,1,1,3,0,0
2015-16,21501201,2,1610612744,3,0,0,0,3,0,0
2015-16,21501201,2,1610612759,5,5,4,1,4,1,0
2015-16,21501201,3,1610612744,5,1,1,1,4,0,0
2015-16,21501201,3,1610612759,5,7,5,3,2,2,0
2015-16,21501201,4,1610612744,5,10,8,4,1,2,0
2015-16,21501201,4,1610612759,4,6,5,3,0,1,1
2015-16,21501202,1,1610612752,3,6,6,3,0,0,0
2015-16,21501202,1,1610612761,3,0,0,0,2,0,1
2015-16,21501202,2,1610612752,3,5,4,3,0,1,0
2015-16,21501202,2,1610612761,4,8,6,4,0,2,0
2015-16,21501202,3,1610612752,6,5,4,3,2,1,1
2015-16,21501202,3,1610612761,1,2,1,1,0,1,0
2015-16,21501202,4,1610612752,6,5,4,1,4,1,1
2015-16,21501202,4,1610612761,6,9,5,2,4,4,0
2015-16,21501203,1,1610612737,2,4,2,2,0,2,0
2015-16,21501203,1,1610612739,0,0,0,0,0,0,0
2015-16,21501203,2,1610612737,4,6,4,2,2,2,0
2015-16,21501203,2,1610612739,3,1,1,1,2,0,0
2015-16,21501203,3,1610612737,5,5,2,3,2,3,0
2015-16,21501203,3,1610612739,10,13,13,7,2,0,1
2015-16,21501203,4,1610612737,0,0,0,0,0,0,0
2015-16,21501203,4,1610612739,3,6,4,3,0,2,0
2015-16,21501204,1,1610612749,4,6,4,3,1,2,0
2015-16,21501204,1,1610612753,2,4,3,2,0,1,0
2015-16,21501204,2,1610612749,3,6,3,3,0,3,0
2015-16,21501204,2,1610612753,3,4,3,2,1,1,0
2015-16,21501204,3,1610612749,4,4,3,2,2,1,0
2015-16,21501204,3,1610612753,4,6,4,3,1,2,0
2015-16,21501204,4,1610612749,2,3,3,1,1,0,0
2015-16,21501204,4,1610612753,8,14,8,3,3,6,2
2015-16,21501205,1,1610612738,1,2,2,1,0,0,0
2015-16,21501205,1,1610612766,2,2,2,1,1,0,0
2015-16,21501205,2,1610612738,5,9,7,5,0,2,0
2015-16,21501205,2,1610612766,10,17,14,6,3,3,0
2015-16,21501205,3,1610612738,8,12,9,5,3,3,0
2015-16,21501205,3,1610612766,1,1,1,0,1,0,0
2015-16,21501205,4,1610612738,5,6,6,3,2,0,0
2015-16,21501205,4,1610612766,3,2,1,1,2,1,0
2015-16,21501206,1,1610612751,7,10,10,4,3,0,0
2015-16,21501206,1,1610612764,3,3,1,2,0,2,0
2015-16,21501206,2,1610612751,3,4,2,3,0,2,0
2015-16,21501206,2,1610612764,5,7,5,3,2,2,0
2015-16,21501206,3,1610612751,3,2,1,1,2,1,0
2015-16,21501206,3,1610612764,9,14,13,6,2,1,1
2015-16,21501206,4,1610612751,5,5,0,3,2,5,0
2015-16,21501206,4,1610612764,0,0,0,0,0,0,0
2015-16,21501207,1,1610612745,6,9,5,5,1,4,0
2015-16,21501207,1,1610612750,5,8,8,3,2,0,0
2015-16,21501207,2,1610612745,3,5,5,2,1,0,0
2015-16,21501207,2,1610612750,3,4,3,2,1,1,0
2015-16,21501207,3,1610612745,5,4,4,2,1,0,2
2015-16,21501207,3,1610612750,5,7,5,4,0,2,1
2015-16,21501207,4,1610612745,5,8,4,5,0,4,0
2015-16,21501207,4,1610612750,8,14,8,5,3,6,0
2015-16,21501208,1,1610612740,6,10,7,4,2,3,0
2015-16,21501208,1,1610612741,3,1,1,0,3,0,0
2015-16,21501208,2,1610612740,4,7,7,3,1,0,0
2015-16,21501208,2,1610612741,4,4,3,2,2,1,0
2015-16,21501208,3,1610612740,6,9,6,2,3,3,1
2015-16,21501208,3,1610612741,5,7,7,3,2,0,0
2015-16,21501208,4,1610612740,3,2,2,2,1,0,0
2015-16,21501208,4,1610612741,8,14,12,3,5,2,0
2015-16,21501209,1,1610612747,6,6,5,2,2,1,1
2015-16,21501209,1,1610612760,7,10,6,3,2,4,2
2015-16,21501209,2,1610612747,6,12,10,6,0,2,0
2015-16,21501209,2,1610612760,5,9,5,5,0,4,0
2015-16,21501209,3,1610612747,1,2,2,1,0,0,0
2015-16,21501209,3,1610612760,5,7,4,4,0,3,0
2015-16,21501209,4,1610612747,8,10,9,3,5,1,0
2015-16,21501209,4,1610612760,1,1,1,0,1,0,0
2015-16,21501210,1,1610612742,4,7,6,4,0,1,0
2015-16,21501210,1,1610612762,5,6,4,2,3,2,0
2015-16,21501210,2,1610612742,4,3,2,2,1,1,0
2015-16,21501210,2,1610612762,3,3,1,2,1,2,0
2015-16,21501210,3,1610612742,0,0,0,0,0,0,0
2015-16,21501210,3,1610612762,1,0,0,0,1,0,0
2015-16,21501210,4,1610612742,8,12,10,2,6,2,0
2015-16,21501210,4,1610612762,6,9,8,4,1,1,1
2015-16,21501211,1,1610612756,4,2,2,1,3,0,0
2015-16,21501211,1,1610612758,6,6,4,2,3,2,1
2015-16,21501211,2,1610612756,4,4,4,2,2,0,0
2015-16,21501211,2,1610612758,4,7,4,4,0,3,0
2015-16,21501211,3,1610612756,4,4,3,2,2,1,0
2015-16,21501211,3,1610612758,5,6,4,3,1,2,1
2015-16,21501211,4,1610612756,6,7,5,3,2,2,1
2015-16,21501211,4,1610612758,7,9,5,1,5,4,0
2015-16,21501212,1,1610612752,1,2,2,1,0,0,0
2015-16,21501212,1,1610612754,5,8,7,5,0,1,0
2015-16,21501212,2,1610612752,2,3,2,2,0,1,0
2015-16,21501212,2,1610612754,5,6,3,3,2,3,0
2015-16,21501212,3,1610612752,2,3,3,2,0,0,0
2015-16,21501212,3,1610612754,3,2,0,2,1,2,0
2015-16,21501212,4,1610612752,3,1,1,1,2,0,0
2015-16,21501212,4,1610612754,4,4,4,2,2,0,0
2015-16,21501213,1,1610612748,0,0,0,0,0,0,0
2015-16,21501213,1,1610612765,2,2,1,1,1,1,0
2015-16,21501213,2,1610612748,6,11,9,6,0,2,0
2015-16,21501213,2,1610612765,8,13,9,5,3,4,0
2015-16,21501213,3,1610612748,6,7,5,3,3,2,0
2015-16,21501213,3,1610612765,5,8,4,3,1,4,1
2015-16,21501213,4,1610612748,4,4,2,2,2,2,0
2015-16,21501213,4,1610612765,5,7,6,4,1,1,0
2015-16,21501214,1,1610612755,3,5,3,3,0,2,0
2015-16,21501214,1,1610612761,2,0,0,0,1,0,1
2015-16,21501214,2,1610612755,6,8,3,3,3,5,0
2015-16,21501214,2,1610612761,4,6,5,3,1,1,0
2015-16,21501214,3,1610612755,6,10,5,4,2,5,0
2015-16,21501214,3,1610612761,5,7,5,4,0,2,1
2015-16,21501214,4,1610612755,2,2,2,1,1,0,0
2015-16,21501214,4,1610612761,5,6,6,3,1,0,1
2015-16,21501215,1,1610612759,3,6,2,3,0,4,0
2015-16,21501215,1,1610612760,4,8,8,3,1,0,0
2015-16,21501215,2,1610612759,5,6,6,2,2,0,1
2015-16,21501215,2,1610612760,3,4,4,2,1,0,0
2015-16,21501215,3,1610612759,8,11,10,5,3,1,0
2015-16,21501215,3,1610612760,4,1,1,1,3,0,0
2015-16,21501215,4,1610612759,4,5,3,3,1,2,0
2015-16,21501215,4,1610612760,5,10,8,5,0,2,0
2015-16,21501216,1,1610612746,9,13,8,5,3,5,1
2015-16,21501216,1,1610612763,5,5,4,3,1,1,1
2015-16,21501216,2,1610612746,2,2,2,1,1,0,0
2015-16,21501216,2,1610612763,2,6,2,2,0,4,0
2015-16,21501216,3,1610612746,2,2,2,1,1,0,0
2015-16,21501216,3,1610612763,4,1,1,1,3,0,0
2015-16,21501216,4,1610612746,3,4,4,2,1,0,0
2015-16,21501216,4,1610612763,4,2,2,1,3,0,0
2015-16,21501217,1,1610612738,5,4,2,0,5,2,0
2015-16,21501217,1,1610612748,3,1,1,1,1,0,1
2015-16,21501217,2,1610612738,4,5,5,3,1,0,0
2015-16,21501217,2,1610612748,5,5,4,1,4,1,0
2015-16,21501217,3,1610612738,4,2,1,1,0,1,3
2015-16,21501217,3,1610612748,6,0,0,0,4,0,0
2015-16,21501217,4,1610612738,7,11,11,3,4,0,0
2015-16,21501217,4,1610612748,6,6,5,3,3,1,0
2015-16,21501218,1,1610612751,4,6,5,2,2,1,0
2015-16,21501218,1,1610612761,6,6,2,2,4,4,0
2015-16,21501218,2,1610612751,4,2,1,1,3,1,0
2015-16,21501218,2,1610612761,4,4,2,2,2,2,0
2015-16,21501218,3,1610612751,1,1,0,1,0,1,0
2015-16,21501218,3,1610612761,2,2,1,1,1,1,0
2015-16,21501218,4,1610612751,3,3,2,2,1,1,0
2015-16,21501218,4,1610612761,5,3,3,2,3,0,0
2015-16,21501219,1,1610612753,1,2,0,1,0,2,0
2015-16,21501219,1,1610612766,3,1,1,1,2,0,0
2015-16,21501219,2,1610612753,3,2,2,2,0,0,1
2015-16,21501219,2,1610612766,3,5,2,3,0,3,0
2015-16,21501219,3,1610612753,4,6,5,3,0,1,1
2015-16,21501219,3,1610612766,5,5,4,2,3,1,0
2015-16,21501219,4,1610612753,5,8,4,2,2,4,0
2015-16,21501219,4,1610612766,6,8,5,2,4,3,0
2015-16,21501220,1,1610612739,1,2,1,1,0,1,0
2015-16,21501220,1,1610612765,3,2,2,1,2,0,0
2015-16,21501220,2,1610612739,3,2,2,2,1,0,0
2015-16,21501220,2,1610612765,3,4,3,2,1,1,0
2015-16,21501220,3,1610612739,3,6,5,3,0,1,0
2015-16,21501220,3,1610612765,3,6,6,3,0,0,0
2015-16,21501220,4,1610612739,3,2,2,1,2,0,0
2015-16,21501220,4,1610612765,6,12,8,5,1,4,0
2015-16,21501221,1,1610612737,4,5,3,3,1,2,0
2015-16,21501221,1,1610612764,4,4,1,3,1,3,0
2015-16,21501221,2,1610612737,7,14,11,4,3,3,0
2015-16,21501221,2,1610612764,6,11,7,5,1,4,0
2015-16,21501221,3,1610612737,3,4,3,2,1,1,0
2015-16,21501221,3,1610612764,7,11,6,4,3,5,0
2015-16,21501221,4,1610612737,7,8,6,2,5,2,0
2015-16,21501221,4,1610612764,3,4,2,2,1,2,0
2015-16,21501222,1,1610612741,4,3,2,2,2,1,0
2015-16,21501222,1,1610612755,4,2,1,0,4,1,0
2015-16,21501222,2,1610612741,8,12,12,5,3,0,0
2015-16,21501222,2,1610612755,2,4,4,2,0,0,0
2015-16,21501222,3,1610612741,5,4,2,1,4,2,0
2015-16,21501222,3,1610612755,4,9,6,4,0,3,0
2015-16,21501222,4,1610612741,6,8,6,4,2,2,0
2015-16,21501222,4,1610612755,2,3,3,1,1,0,0
2015-16,21501223,1,1610612742,3,2,2,1,0,0,2
2015-16,21501223,1,1610612759,1,1,1,1,0,0,0
2015-16,21501223,2,1610612742,5,8,5,3,2,3,0
2015-16,21501223,2,1610612759,3,2,1,1,1,1,1
2015-16,21501223,3,1610612742,5,7,6,2,3,1,0
2015-16,21501223,3,1610612759,7,8,5,3,3,3,1
2015-16,21501223,4,1610612742,5,4,4,2,3,0,0
2015-16,21501223,4,1610612759,10,15,13,3,6,2,1
2015-16,21501224,1,1610612745,5,5,4,2,3,1,0
2015-16,21501224,1,1610612758,3,4,2,2,1,2,0
2015-16,21501224,2,1610612745,2,2,2,1,0,0,1
2015-16,21501224,2,1610612758,4,0,0,0,4,0,0
2015-16,21501224,3,1610612745,3,4,3,2,1,1,0
2015-16,21501224,3,1610612758,3,5,3,2,1,2,0
2015-16,21501224,4,1610612745,6,8,3,5,1,5,0
2015-16,21501224,4,1610612758,5,4,1,1,3,3,1
2015-16,21501225,1,1610612749,5,5,5,3,1,0,1
2015-16,21501225,1,1610612754,3,2,2,1,2,0,0
2015-16,21501225,2,1610612749,3,4,4,2,1,0,0
2015-16,21501225,2,1610612754,2,2,1,1,1,1,0
2015-16,21501225,3,1610612749,1,2,1,1,0,1,0
2015-16,21501225,3,1610612754,6,6,5,3,2,1,1
2015-16,21501225,4,1610612749,1,2,1,1,0,1,0
2015-16,21501225,4,1610612754,3,0,0,0,3,0,0
2015-16,21501226,1,1610612740,2,4,4,2,0,0,0
2015-16,21501226,1,1610612750,3,6,4,3,0,2,0
2015-16,21501226,2,1610612740,5,5,4,3,1,1,1
2015-16,21501226,2,1610612750,3,6,5,3,0,1,0
2015-16,21501226,3,1610612740,6,6,6,2,4,0,0
2015-16,21501226,3,1610612750,3,4,4,2,1,0,0
2015-16,21501226,4,1610612740,7,7,4,3,4,3,0
2015-16,21501226,4,1610612750,5,7,6,4,1,1,0
2015-16,21501227,1,1610612744,3,4,3,2,1,1,0
2015-16,21501227,1,1610612763,3,1,1,0,2,0,1
2015-16,21501227,2,1610612744,3,4,3,2,1,1,0
2015-16,21501227,2,1610612763,6,9,6,5,1,3,0
2015-16,21501227,3,1610612744,4,4,4,2,2,0,0
2015-16,21501227,3,1610612763,4,4,3,2,1,1,1
2015-16,21501227,4,1610612744,5,4,3,1,4,1,0
2015-16,21501227,4,1610612763,2,2,2,1,0,0,0
2015-16,21501228,1,1610612747,2,4,4,2,0,0,0
2015-16,21501228,1,1610612762,3,2,1,1,1,1,1
2015-16,21501228,2,1610612747,5,6,4,3,2,2,0
2015-16,21501228,2,1610612762,7,6,6,5,2,0,0
2015-16,21501228,3,1610612747,3,1,1,1,2,0,0
2015-16,21501228,3,1610612762,4,5,1,3,1,4,0
2015-16,21501228,4,1610612747,5,4,4,1,4,0,0
2015-16,21501228,4,1610612762,2,2,1,1,1,1,0
2015-16,21501229,1,1610612746,3,5,5,2,1,0,0
2015-16,21501229,1,1610612756,6,10,7,4,1,3,1
2015-16,21501229,2,1610612746,2,3,2,2,0,1,0
2015-16,21501229,2,1610612756,4,4,3,3,1,1,0
2015-16,21501229,3,1610612746,2,1,0,0,0,1,2
2015-16,21501229,3,1610612756,5,6,6,2,3,0,0
2015-16,21501229,4,1610612746,5,3,3,2,3,0,0
2015-16,21501229,4,1610612756,3,2,1,1,2,1,0
2015-16,21501230,1,1610612743,3,2,1,1,2,1,0
2015-16,21501230,1,1610612757,6,12,8,5,1,4,0
2015-16,21501230,2,1610612743,5,7,5,3,2,2,0
2015-16,21501230,2,1610612757,4,5,5,2,2,0,0
2015-16,21501230,3,1610612743,4,2,1,2,2,1,0
2015-16,21501230,3,1610612757,3,2,2,1,2,0,0
2015-16,21501230,4,1610612743,5,7,5,4,1,2,0
2015-16,21501230,4,1610612757,4,3,3,2,2,0,0
