season,game_id,period,team_id,FOUL,FTA,FTM,PERS_FOUL_DRAWN,LOOSE_BALL_FOUL_DRAWN
2022-23,22200001,1,1610612738,5,8,6,1,0
2022-23,22200001,1,1610612755,9,14,11,2,1
2022-23,22200001,2,1610612738,6,8,7,3,0
2022-23,22200001,2,1610612755,4,3,3,2,0
2022-23,22200001,3,1610612738,7,11,8,2,1
2022-23,22200001,3,1610612755,6,7,6,3,0
2022-23,22200001,4,1610612738,3,1,1,2,0
2022-23,22200001,4,1610612755,4,4,4,1,1
2022-23,22200002,1,1610612744,7,12,8,1,3
2022-23,22200002,1,1610612747,6,7,5,2,0
2022-23,22200002,2,1610612744,5,6,4,1,1
2022-23,22200002,2,1610612747,7,6,4,2,3
2022-23,22200002,3,1610612744,3,4,4,1,0
2022-23,22200002,3,1610612747,3,4,4,1,0
2022-23,22200002,4,1610612744,2,1,1,1,0
2022-23,22200002,4,1610612747,5,8,6,2,0
2022-23,22200003,1,1610612753,6,7,4,4,0
2022-23,22200003,1,1610612765,6,3,3,4,0
2022-23,22200003,2,1610612753,5,5,4,1,1
2022-23,22200003,2,1610612765,8,10,9,3,1
2022-23,22200003,3,1610612753,5,4,3,4,0
2022-23,22200003,3,1610612765,2,2,0,1,0
2022-23,22200003,4,1610612753,5,3,3,3,0
2022-23,22200003,4,1610612765,7,9,7,1,2
2022-23,22200004,1,1610612754,2,4,4,0,0
2022-23,22200004,1,1610612764,5,9,6,1,0
2022-23,22200004,2,1610612754,3,2,2,1,1
2022-23,22200004,2,1610612764,3,6,4,0,0
2022-23,22200004,3,1610612754,4,6,5,1,0
2022-23,22200004,3,1610612764,3,2,2,2,0
2022-23,22200004,4,1610612754,6,9,3,0,0
2022-23,22200004,4,1610612764,6,7,7,3,1
2022-23,22200005,1,1610612737,4,6,4,1,0
2022-23,22200005,1,1610612745,4,3,3,3,0
2022-23,22200005,2,1610612737,3,3,3,1,0
2022-23,22200005,2,1610612745,4,4,3,2,0
2022-23,22200005,3,1610612737,5,8,7,2,0
2022-23,22200005,3,1610612745,3,4,4,1,0
2022-23,22200005,4,1610612737,6,7,6,5,0
2022-23,22200005,4,1610612745,4,4,4,0,2
2022-23,22200006,1,1610612740,1,2,1,0,0
2022-23,22200006,1,1610612751,2,2,2,1,0
2022-23,22200006,2,1610612740,4,2,2,2,0
2022-23,22200006,2,1610612751,8,9,6,3,1
2022-23,22200006,3,1610612740,11,14,11,4,0
2022-23,22200006,3,1610612751,4,6,5,2,0
2022-23,22200006,4,1610612740,6,7,4,4,0
2022-23,22200006,4,1610612751,7,7,5,2,0
2022-23,22200007,1,1610612741,4,6,5,0,0
2022-23,22200007,1,1610612748,4,6,5,1,0
2022-23,22200007,2,1610612741,6,8,6,0,3
2022-23,22200007,2,1610612748,3,6,5,0,0
2022-23,22200007,3,1610612741,6,8,6,1,0
2022-23,22200007,3,1610612748,7,8,8,5,0
2022-23,22200007,4,1610612741,5,6,4,2,0
2022-23,22200007,4,1610612748,8,8,4,5,0
2022-23,22200008,1,1610612739,5,4,3,4,0
2022-23,22200008,1,1610612761,6,12,8,1,1
2022-23,22200008,2,1610612739,3,3,3,1,0
2022-23,22200008,2,1610612761,4,7,5,1,0
2022-23,22200008,3,1610612739,6,8,6,3,0
2022-23,22200008,3,1610612761,7,9,7,2,1
2022-23,22200008,4,1610612739,5,8,7,3,0
2022-23,22200008,4,1610612761,3,4,3,2,0
2022-23,22200009,1,1610612752,3,2,1,0,1
2022-23,22200009,1,1610612763,4,6,5,1,0
2022-23,22200009,2,1610612752,3,3,2,1,0
2022-23,22200009,2,1610612763,4,2,1,2,1
2022-23,22200009,3,1610612752,4,7,6,0,1
2022-23,22200009,3,1610612763,4,1,1,3,0
2022-23,22200009,4,1610612752,4,6,6,0,0
2022-23,22200009,4,1610612763,8,11,7,1,3
2022-23,22200010,1,1610612750,4,6,6,0,0
2022-23,22200010,1,1610612760,3,3,2,1,0
2022-23,22200010,2,1610612750,5,4,3,2,1
2022-23,22200010,2,1610612760,4,6,4,1,0
2022-23,22200010,3,1610612750,6,8,7,3,1
2022-23,22200010,3,1610612760,7,8,7,2,1
2022-23,22200010,4,1610612750,9,15,11,6,0
2022-23,22200010,4,1610612760,3,5,5,1,0
2022-23,22200011,1,1610612759,2,4,2,0,0
2022-23,22200011,1,1610612766,4,6,4,0,0
2022-23,22200011,2,1610612759,7,7,5,3,0
2022-23,22200011,2,1610612766,4,5,5,1,0
2022-23,22200011,3,1610612759,2,3,2,0,0
2022-23,22200011,3,1610612766,7,8,7,5,1
2022-23,22200011,4,1610612759,4,7,6,0,0
2022-23,22200011,4,1610612766,2,4,4,1,0
2022-23,22200012,1,1610612743,6,6,5,3,1
2022-23,22200012,1,1610612762,1,2,1,0,0
2022-23,22200012,2,1610612743,4,2,2,3,0
2022-23,22200012,2,1610612762,7,11,7,2,0
2022-23,22200012,3,1610612743,5,7,7,2,0
2022-23,22200012,3,1610612762,5,8,5,1,0
2022-23,22200012,4,1610612743,2,3,3,1,0
2022-23,22200012,4,1610612762,6,10,10,2,0
2022-23,22200013,1,1610612742,5,7,4,2,0
2022-23,22200013,1,1610612756,3,3,2,1,0
2022-23,22200013,2,1610612742,8,13,8,2,1
2022-23,22200013,2,1610612756,6,6,5,3,1
2022-23,22200013,3,1610612742,6,6,4,4,1
2022-23,22200013,3,1610612756,9,10,9,5,1
2022-23,22200013,4,1610612742,6,8,5,2,0
2022-23,22200013,4,1610612756,3,3,3,1,1
2022-23,22200014,1,1610612757,9,14,11,4,0
2022-23,22200014,1,1610612758,5,10,6,0,0
2022-23,22200014,2,1610612757,4,6,3,0,1
2022-23,22200014,2,1610612758,5,6,5,3,0
2022-23,22200014,3,1610612757,5,6,5,2,0
2022-23,22200014,3,1610612758,3,2,1,2,0
2022-23,22200014,4,1610612757,6,7,7,4,0
2022-23,22200014,4,1610612758,3,1,1,1,1
2022-23,22200015,1,1610612749,2,1,1,1,0
2022-23,22200015,1,1610612755,5,5,3,2,0
2022-23,22200015,2,1610612749,2,2,1,1,0
2022-23,22200015,2,1610612755,1,0,0,1,0
2022-23,22200015,3,1610612749,3,2,1,2,0
2022-23,22200015,3,1610612755,3,4,4,1,0
2022-23,22200015,4,1610612749,5,9,6,2,0
2022-23,22200015,4,1610612755,5,4,4,2,2
2022-23,22200016,1,1610612746,6,10,8,1,1
2022-23,22200016,1,1610612747,5,5,4,3,0
2022-23,22200016,2,1610612746,3,3,1,1,0
2022-23,22200016,2,1610612747,6,5,5,3,1
2022-23,22200016,3,1610612746,8,12,7,5,0
2022-23,22200016,3,1610612747,5,9,7,1,0
2022-23,22200016,4,1610612746,5,6,4,1,2
2022-23,22200016,4,1610612747,5,7,6,2,0
2022-23,22200017,1,1610612740,5,9,7,0,0
2022-23,22200017,1,1610612766,3,0,0,2,1
2022-23,22200017,2,1610612740,1,1,1,0,0
2022-23,22200017,2,1610612766,3,3,3,1,0
2022-23,22200017,3,1610612740,8,12,10,4,0
2022-23,22200017,3,1610612766,2,3,3,1,0
2022-23,22200017,4,1610612740,10,15,14,4,0
2022-23,22200017,4,1610612766,5,8,5,1,0
2022-23,22200018,1,1610612754,5,5,5,2,0
2022-23,22200018,1,1610612759,2,3,2,0,0
2022-23,22200018,2,1610612754,4,6,5,0,1
2022-23,22200018,2,1610612759,4,0,0,4,0
2022-23,22200018,3,1610612754,5,4,4,1,2
2022-23,22200018,3,1610612759,8,12,7,3,2
2022-23,22200018,4,1610612754,6,7,7,0,2
2022-23,22200018,4,1610612759,17,29,23,13,0
2022-23,22200019,1,1610612741,3,6,6,0,0
2022-23,22200019,1,1610612764,3,2,1,1,1
2022-23,22200019,2,1610612741,3,2,0,2,0
2022-23,22200019,2,1610612764,4,4,4,2,0
2022-23,22200019,3,1610612741,6,10,8,2,0
2022-23,22200019,3,1610612764,4,0,0,3,1
2022-23,22200019,4,1610612741,7,15,13,1,0
2022-23,22200019,4,1610612764,3,5,5,0,1
2022-23,22200020,1,1610612737,4,5,4,1,0
2022-23,22200020,1,1610612753,5,6,6,1,0
2022-23,22200020,2,1610612737,3,4,4,1,0
2022-23,22200020,2,1610612753,4,4,3,1,0
2022-23,22200020,3,1610612737,5,7,7,2,0
2022-23,22200020,3,1610612753,8,14,9,1,1
2022-23,22200020,4,1610612737,2,0,0,2,0
2022-23,22200020,4,1610612753,5,6,6,2,0
2022-23,22200021,1,1610612751,4,6,6,1,0
2022-23,22200021,1,1610612761,6,5,3,3,0
2022-23,22200021,2,1610612751,7,10,5,2,1
2022-23,22200021,2,1610612761,5,6,6,2,0
2022-23,22200021,3,1610612751,3,6,3,0,0
2022-23,22200021,3,1610612761,5,5,2,2,0
2022-23,22200021,4,1610612751,5,7,6,2,0
2022-23,22200021,4,1610612761,2,2,1,1,0
2022-23,22200022,1,1610612738,6,6,6,4,1
2022-23,22200022,1,1610612748,3,0,0,3,0
2022-23,22200022,2,1610612738,2,2,2,1,0
2022-23,22200022,2,1610612748,4,4,3,3,0
2022-23,22200022,3,1610612738,4,5,5,1,1
2022-23,22200022,3,1610612748,8,9,8,5,1
2022-23,22200022,4,1610612738,3,2,2,2,0
2022-23,22200022,4,1610612748,3,2,1,2,0
2022-23,22200023,1,1610612752,3,2,1,2,0
2022-23,22200023,1,1610612765,5,4,0,2,1
2022-23,22200023,2,1610612752,3,6,6,0,0
2022-23,22200023,2,1610612765,7,11,4,2,1
2022-23,22200023,3,1610612752,9,12,7,2,0
2022-23,22200023,3,1610612765,7,8,8,4,0
2022-23,22200023,4,1610612752,2,2,0,1,0
2022-23,22200023,4,1610612765,7,9,7,5,0
2022-23,22200024,1,1610612745,2,3,2,0,0
2022-23,22200024,1,1610612763,2,4,2,0,0
2022-23,22200024,2,1610612745,8,15,11,0,0
2022-23,22200024,2,1610612763,9,12,9,1,2
2022-23,22200024,3,1610612745,3,3,2,1,0
2022-23,22200024,3,1610612763,1,0,0,0,1
2022-23,22200024,4,1610612745,7,9,3,3,2
2022-23,22200024,4,1610612763,8,13,9,2,1
2022-23,22200025,1,1610612750,5,9,8,1,0
2022-23,22200025,1,1610612762,5,4,1,2,0
2022-23,22200025,2,1610612750,2,2,2,0,1
2022-23,22200025,2,1610612762,2,3,3,0,0
2022-23,22200025,3,1610612750,4,4,2,1,0
2022-23,22200025,3,1610612762,7,10,7,2,1
2022-23,22200025,4,1610612750,8,6,5,4,1
2022-23,22200025,4,1610612762,3,4,3,1,0
2022-23,22200026,1,1610612743,3,2,1,2,0
2022-23,22200026,1,1610612744,4,6,5,1,0
2022-23,22200026,2,1610612743,7,12,11,2,0
2022-23,22200026,2,1610612744,3,4,4,1,0
2022-23,22200026,3,1610612743,5,6,5,2,0
2022-23,22200026,3,1610612744,5,9,8,2,0
2022-23,22200026,4,1610612743,5,5,4,4,0
2022-23,22200026,4,1610612744,7,8,7,3,1
2022-23,22200027,1,1610612756,2,4,4,0,0
2022-23,22200027,1,1610612757,6,7,6,2,0
2022-23,22200027,2,1610612756,4,3,3,1,1
2022-23,22200027,2,1610612757,6,9,8,2,0
2022-23,22200027,3,1610612756,4,7,5,1,0
2022-23,22200027,3,1610612757,3,2,2,1,1
2022-23,22200027,4,1610612756,3,4,2,1,0
2022-23,22200027,4,1610612757,9,14,12,3,0
2022-23,22200028,1,1610612755,2,2,2,1,0
2022-23,22200028,1,1610612759,3,4,2,1,0
2022-23,22200028,2,1610612755,8,15,11,0,0
2022-23,22200028,2,1610612759,3,2,2,1,0
2022-23,22200028,3,1610612755,3,2,1,2,0
2022-23,22200028,3,1610612759,2,3,3,0,0
2022-23,22200028,4,1610612755,5,9,7,0,0
2022-23,22200028,4,1610612759,5,6,5,3,0
2022-23,22200029,1,1610612754,7,9,9,2,0
2022-23,22200029,1,1610612765,5,8,7,1,0
2022-23,22200029,2,1610612754,3,2,0,1,1
2022-23,22200029,2,1610612765,5,6,4,2,0
2022-23,22200029,3,1610612754,4,3,3,1,0
2022-23,22200029,3,1610612765,4,6,5,1,0
2022-23,22200029,4,1610612754,6,10,6,2,0
2022-23,22200029,4,1610612765,6,10,7,1,0
2022-23,22200030,1,1610612738,3,3,2,0,1
2022-23,22200030,1,1610612753,2,0,0,0,2
2022-23,22200030,2,1610612738,6,8,6,2,0
2022-23,22200030,2,1610612753,6,9,7,3,0
2022-23,22200030,3,1610612738,5,8,7,1,0
2022-23,22200030,3,1610612753,6,8,5,3,1
2022-23,22200030,4,1610612738,7,9,8,5,0
2022-23,22200030,4,1610612753,5,6,3,2,0
2022-23,22200031,1,1610612748,5,8,8,2,0
2022-23,22200031,1,1610612761,7,12,9,1,0
2022-23,22200031,2,1610612748,8,9,8,3,1
2022-23,22200031,2,1610612761,4,1,0,2,1
2022-23,22200031,3,1610612748,4,6,6,1,0
2022-23,22200031,3,1610612761,8,9,7,3,1
2022-23,22200031,4,1610612748,5,4,3,4,0
2022-23,22200031,4,1610612761,6,6,5,4,0
2022-23,22200032,1,1610612739,3,3,3,1,0
2022-23,22200032,1,1610612741,2,3,2,0,0
2022-23,22200032,2,1610612739,3,3,3,2,0
2022-23,22200032,2,1610612741,7,10,9,4,0
2022-23,22200032,3,1610612739,5,5,4,2,0
2022-23,22200032,3,1610612741,3,5,4,1,0
2022-23,22200032,4,1610612739,5,7,6,3,0
2022-23,22200032,4,1610612741,5,7,6,1,0
2022-23,22200033,1,1610612745,4,4,4,2,0
2022-23,22200033,1,1610612749,6,7,4,2,0
2022-23,22200033,2,1610612745,5,6,5,1,1
2022-23,22200033,2,1610612749,6,6,3,3,0
2022-23,22200033,3,1610612745,5,8,5,2,0
2022-23,22200033,3,1610612749,5,2,2,3,0
2022-23,22200033,4,1610612745,5,4,3,2,0
2022-23,22200033,4,1610612749,3,6,4,0,0
2022-23,22200034,1,1610612742,7,8,7,2,0
2022-23,22200034,1,1610612763,2,3,1,0,0
2022-23,22200034,2,1610612742,3,2,2,1,1
2022-23,22200034,2,1610612763,7,8,7,5,1
2022-23,22200034,3,1610612742,5,7,5,1,1
2022-23,22200034,3,1610612763,6,9,9,2,0
2022-23,22200034,4,1610612742,12,19,16,5,3
2022-23,22200034,4,1610612763,5,4,2,2,0
2022-23,22200035,1,1610612743,3,1,1,2,0
2022-23,22200035,1,1610612760,2,2,2,1,0
2022-23,22200035,2,1610612743,5,6,3,2,0
2022-23,22200035,2,1610612760,7,9,7,3,1
2022-23,22200035,3,1610612743,7,10,5,3,1
2022-23,22200035,3,1610612760,4,7,6,1,0
2022-23,22200035,4,1610612743,11,14,9,8,1
2022-23,22200035,4,1610612760,6,5,3,3,0
2022-23,22200036,1,1610612746,2,2,1,1,0
2022-23,22200036,1,1610612758,3,4,3,1,0
2022-23,22200036,2,1610612746,7,8,8,4,0
2022-23,22200036,2,1610612758,5,7,3,2,0
2022-23,22200036,3,1610612746,6,7,6,2,2
2022-23,22200036,3,1610612758,6,11,6,1,0
2022-23,22200036,4,1610612746,5,5,5,4,0
2022-23,22200036,4,1610612758,4,4,3,1,1
2022-23,22200037,1,1610612747,4,6,5,0,0
2022-23,22200037,1,1610612757,7,11,10,3,0
2022-23,22200037,2,1610612747,7,10,8,3,0
2022-23,22200037,2,1610612757,4,6,5,1,0
2022-23,22200037,3,1610612747,1,2,2,0,0
2022-23,22200037,3,1610612757,6,8,5,2,2
2022-23,22200037,4,1610612747,4,2,1,1,1
2022-23,22200037,4,1610612757,5,2,2,5,0
2022-23,22200038,1,1610612737,5,6,5,1,0
2022-23,22200038,1,1610612766,6,9,5,1,1
2022-23,22200038,2,1610612737,10,14,12,6,0
2022-23,22200038,2,1610612766,2,2,1,1,0
2022-23,22200038,3,1610612737,5,6,6,1,0
2022-23,22200038,3,1610612766,7,12,10,0,0
2022-23,22200038,4,1610612737,1,2,0,0,0
2022-23,22200038,4,1610612766,5,7,5,2,0
2022-23,22200039,1,1610612739,4,4,4,2,0
2022-23,22200039,1,1610612764,3,1,1,2,1
2022-23,22200039,2,1610612739,3,7,5,0,0
2022-23,22200039,2,1610612764,3,3,2,1,0
2022-23,22200039,3,1610612739,5,4,3,3,0
2022-23,22200039,3,1610612764,3,2,1,2,0
2022-23,22200039,4,1610612739,4,6,6,1,1
2022-23,22200039,4,1610612764,5,4,4,3,0
2022-23,22200040,1,1610612740,2,2,1,1,0
2022-23,22200040,1,1610612762,2,3,3,0,0
2022-23,22200040,2,1610612740,5,6,5,3,0
2022-23,22200040,2,1610612762,10,14,12,5,1
2022-23,22200040,3,1610612740,7,9,8,2,0
2022-23,22200040,3,1610612762,3,5,3,1,0
2022-23,22200040,4,1610612740,5,5,3,1,1
2022-23,22200040,4,1610612762,1,0,0,1,0
2022-23,22200041,1,1610612750,1,0,0,1,0
2022-23,22200041,1,1610612760,4,5,1,2,0
2022-23,22200041,2,1610612750,7,12,9,2,0
2022-23,22200041,2,1610612760,3,4,4,0,1
2022-23,22200041,3,1610612750,5,6,3,1,0
2022-23,22200041,3,1610612760,2,4,4,0,0
2022-23,22200041,4,1610612750,2,4,2,0,0
2022-23,22200041,4,1610612760,5,8,6,1,0
2022-23,22200042,1,1610612744,8,11,10,3,1
2022-23,22200042,1,1610612758,5,4,3,3,0
2022-23,22200042,2,1610612744,7,9,7,3,1
2022-23,22200042,2,1610612758,7,12,10,2,0
2022-23,22200042,3,1610612744,4,4,1,3,0
2022-23,22200042,3,1610612758,5,4,3,3,0
2022-23,22200042,4,1610612744,7,12,8,2,2
2022-23,22200042,4,1610612758,3,5,4,1,0
2022-23,22200043,1,1610612746,4,6,3,1,0
2022-23,22200043,1,1610612756,1,2,1,0,0
2022-23,22200043,2,1610612746,6,8,7,2,1
2022-23,22200043,2,1610612756,4,3,3,1,1
2022-23,22200043,3,1610612746,2,4,4,0,0
2022-23,22200043,3,1610612756,4,3,3,2,0
2022-23,22200043,4,1610612746,5,2,0,5,0
2022-23,22200043,4,1610612756,3,4,4,2,0
2022-23,22200044,1,1610612754,6,10,7,0,2
2022-23,22200044,1,1610612755,5,10,9,1,0
2022-23,22200044,2,1610612754,4,3,3,1,1
2022-23,22200044,2,1610612755,6,4,4,3,0
2022-23,22200044,3,1610612754,4,6,4,2,0
2022-23,22200044,3,1610612755,6,10,10,2,0
2022-23,22200044,4,1610612754,4,4,4,0,1
2022-23,22200044,4,1610612755,4,4,2,2,0
2022-23,22200045,1,1610612748,5,6,3,2,0
2022-23,22200045,1,1610612761,3,5,4,1,0
2022-23,22200045,2,1610612748,5,6,6,2,0
2022-23,22200045,2,1610612761,4,6,4,1,0
2022-23,22200045,3,1610612748,8,15,15,2,1
2022-23,22200045,3,1610612761,4,6,6,1,0
2022-23,22200045,4,1610612748,0,0,0,0,0
2022-23,22200045,4,1610612761,4,3,2,2,0
2022-23,22200046,1,1610612752,9,16,12,2,1
2022-23,22200046,1,1610612753,7,10,9,2,2
2022-23,22200046,2,1610612752,4,3,2,2,0
2022-23,22200046,2,1610612753,5,5,4,3,0
2022-23,22200046,3,1610612752,2,1,1,1,0
2022-23,22200046,3,1610612753,4,6,4,1,0
2022-23,22200046,4,1610612752,5,5,3,2,0
2022-23,22200046,4,1610612753,5,6,6,2,1
2022-23,22200047,1,1610612738,3,3,3,2,0
2022-23,22200047,1,1610612741,4,6,5,1,0
2022-23,22200047,2,1610612738,3,0,0,3,0
2022-23,22200047,2,1610612741,8,13,11,2,0
2022-23,22200047,3,1610612738,5,6,5,2,0
2022-23,22200047,3,1610612741,4,5,5,2,1
2022-23,22200047,4,1610612738,5,3,2,3,0
2022-23,22200047,4,1610612741,3,5,5,1,0
2022-23,22200048,1,1610612745,5,4,3,3,0
2022-23,22200048,1,1610612762,5,5,2,1,1
2022-23,22200048,2,1610612745,5,8,6,1,0
2022-23,22200048,2,1610612762,4,3,3,2,0
2022-23,22200048,3,1610612745,5,8,6,1,0
2022-23,22200048,3,1610612762,4,5,3,1,0
2022-23,22200048,4,1610612745,7,12,12,3,0
2022-23,22200048,4,1610612762,4,3,1,2,0
2022-23,22200049,1,1610612751,7,10,7,2,1
2022-23,22200049,1,1610612763,5,7,5,3,0
2022-23,22200049,2,1610612751,6,5,4,2,0
2022-23,22200049,2,1610612763,9,11,7,3,1
2022-23,22200049,3,1610612751,3,3,3,1,1
2022-23,22200049,3,1610612763,9,13,12,1,3
2022-23,22200049,4,1610612751,5,8,7,2,0
2022-23,22200049,4,1610612763,3,0,0,3,0
2022-23,22200050,1,1610612750,4,3,3,3,0
2022-23,22200050,1,1610612759,7,5,2,3,1
2022-23,22200050,2,1610612750,6,7,6,2,0
2022-23,22200050,2,1610612759,3,4,2,0,0
2022-23,22200050,3,1610612750,3,4,4,0,1
2022-23,22200050,3,1610612759,2,2,1,0,0
2022-23,22200050,4,1610612750,7,10,9,3,0
2022-23,22200050,4,1610612759,3,2,2,1,2
2022-23,22200051,1,1610612743,2,2,1,1,0
2022-23,22200051,1,1610612757,3,6,3,0,0
2022-23,22200051,2,1610612743,7,7,3,3,1
2022-23,22200051,2,1610612757,5,5,5,2,0
2022-23,22200051,3,1610612743,3,2,1,3,0
2022-23,22200051,3,1610612757,8,11,10,3,0
2022-23,22200051,4,1610612743,3,3,3,1,0
2022-23,22200051,4,1610612757,9,9,5,3,2
2022-23,22200052,1,1610612764,4,6,6,1,0
2022-23,22200052,1,1610612765,3,4,3,1,0
2022-23,22200052,2,1610612764,6,4,3,6,0
2022-23,22200052,2,1610612765,2,1,0,1,0
2022-23,22200052,3,1610612764,5,3,3,2,1
2022-23,22200052,3,1610612765,6,10,8,0,1
2022-23,22200052,4,1610612764,10,13,10,4,1
2022-23,22200052,4,1610612765,8,10,8,3,1
2022-23,22200053,1,1610612740,4,4,3,1,0
2022-23,22200053,1,1610612742,2,1,1,1,0
2022-23,22200053,2,1610612740,2,1,1,1,0
2022-23,22200053,2,1610612742,7,11,8,3,0
2022-23,22200053,3,1610612740,2,5,3,0,0
2022-23,22200053,3,1610612742,6,10,6,1,1
2022-23,22200053,4,1610612740,6,8,6,3,0
2022-23,22200053,4,1610612742,4,2,2,3,0
2022-23,22200054,1,1610612746,0,0,0,0,0
2022-23,22200054,1,1610612760,2,1,1,1,0
2022-23,22200054,2,1610612746,6,6,3,5,0
2022-23,22200054,2,1610612760,3,6,4,0,0
2022-23,22200054,3,1610612746,6,12,11,1,0
2022-23,22200054,3,1610612760,7,13,10,0,0
2022-23,22200054,4,1610612746,1,0,0,1,0
2022-23,22200054,4,1610612760,3,5,5,1,0
2022-23,22200055,1,1610612744,3,3,2,1,0
2022-23,22200055,1,1610612756,6,12,10,0,0
2022-23,22200055,2,1610612744,3,4,3,1,0
2022-23,22200055,2,1610612756,5,4,3,4,0
2022-23,22200055,3,1610612744,6,6,4,5,0
2022-23,22200055,3,1610612756,8,12,11,2,1
2022-23,22200055,4,1610612744,5,4,4,4,0
2022-23,22200055,4,1610612756,7,6,4,3,2
2022-23,22200056,1,1610612739,6,9,5,2,0
2022-23,22200056,1,1610612753,6,6,3,5,0
2022-23,22200056,2,1610612739,3,2,1,0,2
2022-23,22200056,2,1610612753,5,3,3,4,0
2022-23,22200056,3,1610612739,4,0,0,2,1
2022-23,22200056,3,1610612753,5,7,6,2,0
2022-23,22200056,4,1610612739,11,19,15,6,0
2022-23,22200056,4,1610612753,4,5,4,1,0
2022-23,22200057,1,1610612737,6,8,8,3,0
2022-23,22200057,1,1610612765,2,3,1,0,0
2022-23,22200057,2,1610612737,3,2,2,2,0
2022-23,22200057,2,1610612765,6,7,6,2,2
2022-23,22200057,3,1610612737,3,4,3,1,0
2022-23,22200057,3,1610612765,5,8,7,1,0
2022-23,22200057,4,1610612737,9,11,7,6,0
2022-23,22200057,4,1610612765,5,4,1,1,1
2022-23,22200058,1,1610612752,5,4,4,3,0
2022-23,22200058,1,1610612766,4,2,2,2,0
2022-23,22200058,2,1610612752,5,7,5,2,0
2022-23,22200058,2,1610612766,6,11,7,1,0
2022-23,22200058,3,1610612752,5,4,3,4,0
2022-23,22200058,3,1610612766,5,4,3,3,0
2022-23,22200058,4,1610612752,4,4,4,2,0
2022-23,22200058,4,1610612766,4,7,5,0,0
2022-23,22200059,1,1610612755,6,6,3,2,0
2022-23,22200059,1,1610612761,2,3,2,0,0
2022-23,22200059,2,1610612755,7,7,6,4,1
2022-23,22200059,2,1610612761,3,2,2,2,0
2022-23,22200059,3,1610612755,3,3,2,1,0
2022-23,22200059,3,1610612761,4,4,2,2,0
2022-23,22200059,4,1610612755,3,3,2,1,0
2022-23,22200059,4,1610612761,3,5,5,0,0
2022-23,22200060,1,1610612749,4,5,4,2,0
2022-23,22200060,1,1610612751,4,3,3,2,0
2022-23,22200060,2,1610612749,4,2,1,2,1
2022-23,22200060,2,1610612751,3,7,6,0,0
2022-23,22200060,3,1610612749,7,15,12,3,1
2022-23,22200060,3,1610612751,7,10,6,4,0
2022-23,22200060,4,1610612749,6,7,5,2,1
2022-23,22200060,4,1610612751,6,10,9,2,1
2022-23,22200061,1,1610612741,2,5,5,0,0
2022-23,22200061,1,1610612754,4,6,6,1,0
2022-23,22200061,2,1610612741,6,11,10,2,0
2022-23,22200061,2,1610612754,5,3,3,4,0
2022-23,22200061,3,1610612741,5,7,6,1,0
2022-23,22200061,3,1610612754,5,6,5,1,1
2022-23,22200061,4,1610612741,2,1,1,1,0
2022-23,22200061,4,1610612754,6,9,5,1,1
2022-23,22200062,1,1610612750,7,8,3,5,1
2022-23,22200062,1,1610612759,3,4,4,1,0
2022-23,22200062,2,1610612750,3,2,2,2,0
2022-23,22200062,2,1610612759,2,3,3,0,0
2022-23,22200062,3,1610612750,2,2,2,1,0
2022-23,22200062,3,1610612759,6,10,10,1,0
2022-23,22200062,4,1610612750,5,4,3,4,0
2022-23,22200062,4,1610612759,4,5,3,1,0
2022-23,22200063,1,1610612745,4,3,2,2,0
2022-23,22200063,1,1610612762,3,2,1,1,1
2022-23,22200063,2,1610612745,4,1,0,3,0
2022-23,22200063,2,1610612762,7,9,5,2,1
2022-23,22200063,3,1610612745,7,9,7,1,2
2022-23,22200063,3,1610612762,8,9,7,4,1
2022-23,22200063,4,1610612745,8,11,9,3,0
2022-23,22200063,4,1610612762,9,10,7,8,0
2022-23,22200064,1,1610612743,0,0,0,0,0
2022-23,22200064,1,1610612747,2,1,0,1,0
2022-23,22200064,2,1610612743,8,11,9,1,2
2022-23,22200064,2,1610612747,5,4,2,0,2
2022-23,22200064,3,1610612743,2,3,2,0,0
2022-23,22200064,3,1610612747,4,6,5,1,0
2022-23,22200064,4,1610612743,6,7,6,2,0
2022-23,22200064,4,1610612747,6,5,4,2,1
2022-23,22200065,1,1610612748,6,10,8,0,1
2022-23,22200065,1,1610612757,7,9,7,0,1
2022-23,22200065,2,1610612748,2,3,2,0,0
2022-23,22200065,2,1610612757,7,10,6,2,1
2022-23,22200065,3,1610612748,2,0,0,2,0
2022-23,22200065,3,1610612757,3,5,5,1,0
2022-23,22200065,4,1610612748,5,6,6,3,0
2022-23,22200065,4,1610612757,2,2,0,1,0
2022-23,22200066,1,1610612742,6,11,9,1,0
2022-23,22200066,1,1610612751,5,7,5,1,0
2022-23,22200066,2,1610612742,5,8,4,2,0
2022-23,22200066,2,1610612751,6,9,8,3,0
2022-23,22200066,3,1610612742,5,8,8,1,0
2022-23,22200066,3,1610612751,3,4,4,0,0
2022-23,22200066,4,1610612742,5,4,4,3,1
2022-23,22200066,4,1610612751,4,4,4,1,1
2022-23,22200067,1,1610612746,6,7,5,2,0
2022-23,22200067,1,1610612760,2,0,0,2,0
2022-23,22200067,2,1610612746,5,6,5,3,0
2022-23,22200067,2,1610612760,3,0,0,3,0
2022-23,22200067,3,1610612746,4,2,1,3,0
2022-23,22200067,3,1610612760,1,0,0,0,1
2022-23,22200067,4,1610612746,4,3,2,2,0
2022-23,22200067,4,1610612760,6,8,7,1,1
2022-23,22200068,1,1610612744,3,4,4,1,0
2022-23,22200068,1,1610612748,3,4,4,1,0
2022-23,22200068,2,1610612744,4,7,6,0,0
2022-23,22200068,2,1610612748,5,8,7,1,0
2022-23,22200068,3,1610612744,2,0,0,2,0
2022-23,22200068,3,1610612748,4,7,5,1,0
2022-23,22200068,4,1610612744,4,4,3,1,1
2022-23,22200068,4,1610612748,1,3,2,0,0
2022-23,22200069,1,1610612758,2,3,3,0,0
2022-23,22200069,1,1610612763,3,4,4,0,0
2022-23,22200069,2,1610612758,5,8,7,2,0
2022-23,22200069,2,1610612763,5,6,4,2,0
2022-23,22200069,3,1610612758,4,5,4,2,0
2022-23,22200069,3,1610612763,6,8,5,4,0
2022-23,22200069,4,1610612758,5,6,4,2,0
2022-23,22200069,4,1610612763,3,0,0,2,1
2022-23,22200070,1,1610612737,3,6,4,1,0
2022-23,22200070,1,1610612765,6,11,9,1,0
2022-23,22200070,2,1610612737,7,6,4,4,1
2022-23,22200070,2,1610612765,9,14,13,5,0
2022-23,22200070,3,1610612737,7,6,6,6,1
2022-23,22200070,3,1610612765,4,8,6,0,0
2022-23,22200070,4,1610612737,1,0,0,1,0
2022-23,22200070,4,1610612765,5,5,3,2,0
2022-23,22200071,1,1610612753,3,3,2,0,0
2022-23,22200071,1,1610612766,4,1,0,3,0
2022-23,22200071,2,1610612753,8,14,10,2,0
2022-23,22200071,2,1610612766,4,6,4,1,0
2022-23,22200071,3,1610612753,5,7,5,1,0
2022-23,22200071,3,1610612766,6,8,5,2,0
2022-23,22200071,4,1610612753,2,2,2,1,0
2022-23,22200071,4,1610612766,7,9,7,0,1
2022-23,22200072,1,1610612738,8,12,9,5,1
2022-23,22200072,1,1610612739,8,12,8,4,0
2022-23,22200072,2,1610612738,5,8,7,2,0
2022-23,22200072,2,1610612739,4,8,7,0,0
2022-23,22200072,3,1610612738,5,4,3,4,0
2022-23,22200072,3,1610612739,3,5,5,0,0
2022-23,22200072,4,1610612738,4,5,5,1,0
2022-23,22200072,4,1610612739,3,4,1,1,0
2022-23,22200073,1,1610612755,2,1,1,1,0
2022-23,22200073,1,1610612761,4,3,2,2,0
2022-23,22200073,2,1610612755,3,2,2,1,0
2022-23,22200073,2,1610612761,5,11,7,0,1
2022-23,22200073,3,1610612755,4,3,3,2,0
2022-23,22200073,3,1610612761,5,7,4,1,1
2022-23,22200073,4,1610612755,4,5,4,1,0
2022-23,22200073,4,1610612761,5,3,2,2,1
2022-23,22200074,1,1610612754,4,6,6,0,0
2022-23,22200074,1,1610612764,4,8,7,1,0
2022-23,22200074,2,1610612754,8,16,15,0,2
2022-23,22200074,2,1610612764,5,7,5,0,1
2022-23,22200074,3,1610612754,3,6,5,1,0
2022-23,22200074,3,1610612764,3,6,5,0,0
2022-23,22200074,4,1610612754,4,5,4,2,0
2022-23,22200074,4,1610612764,4,7,6,0,0
2022-23,22200075,1,1610612749,4,8,7,0,0
2022-23,22200075,1,1610612752,4,7,6,1,0
2022-23,22200075,2,1610612749,9,13,9,2,0
2022-23,22200075,2,1610612752,7,10,6,1,2
2022-23,22200075,3,1610612749,4,5,5,1,0
2022-23,22200075,3,1610612752,5,4,3,3,0
2022-23,22200075,4,1610612749,2,1,1,1,0
2022-23,22200075,4,1610612752,7,11,7,4,0
2022-23,22200076,1,1610612747,4,4,4,2,0
2022-23,22200076,1,1610612750,2,4,3,0,0
2022-23,22200076,2,1610612747,5,7,5,0,1
2022-23,22200076,2,1610612750,1,0,0,1,0
2022-23,22200076,3,1610612747,5,7,4,2,0
2022-23,22200076,3,1610612750,6,6,6,4,0
2022-23,22200076,4,1610612747,7,9,6,3,0
2022-23,22200076,4,1610612750,10,14,7,4,1
2022-23,22200077,1,1610612741,2,4,4,0,0
2022-23,22200077,1,1610612759,4,6,5,1,1
2022-23,22200077,2,1610612741,5,7,7,1,1
2022-23,22200077,2,1610612759,1,0,0,1,0
2022-23,22200077,3,1610612741,3,4,1,0,0
2022-23,22200077,3,1610612759,3,5,2,0,0
2022-23,22200077,4,1610612741,5,11,9,0,0
2022-23,22200077,4,1610612759,8,15,14,2,0
2022-23,22200078,1,1610612743,6,8,6,1,0
2022-23,22200078,1,1610612762,1,1,1,0,1
2022-23,22200078,2,1610612743,7,12,6,4,0
2022-23,22200078,2,1610612762,3,7,7,1,0
2022-23,22200078,3,1610612743,6,4,3,5,0
2022-23,22200078,3,1610612762,6,5,3,2,1
2022-23,22200078,4,1610612743,7,10,7,2,1
2022-23,22200078,4,1610612762,5,6,4,2,1
2022-23,22200079,1,1610612740,1,2,2,0,0
2022-23,22200079,1,1610612756,0,0,0,0,0
2022-23,22200079,2,1610612740,5,7,6,1,0
2022-23,22200079,2,1610612756,9,14,13,6,0
2022-23,22200079,3,1610612740,3,2,2,2,0
2022-23,22200079,3,1610612756,4,4,4,2,0
2022-23,22200079,4,1610612740,8,11,10,4,0
2022-23,22200079,4,1610612756,3,2,1,2,0
2022-23,22200080,1,1610612745,3,2,2,1,0
2022-23,22200080,1,1610612757,2,4,3,0,0
2022-23,22200080,2,1610612745,2,1,1,0,1
2022-23,22200080,2,1610612757,4,3,3,2,0
2022-23,22200080,3,1610612745,6,10,8,1,2
2022-23,22200080,3,1610612757,5,5,3,1,1
2022-23,22200080,4,1610612745,5,8,6,1,0
2022-23,22200080,4,1610612757,7,8,7,2,1
2022-23,22200081,1,1610612748,6,10,7,1,1
2022-23,22200081,1,1610612758,5,5,3,1,0
2022-23,22200081,2,1610612748,4,4,4,2,0
2022-23,22200081,2,1610612758,2,3,3,0,0
2022-23,22200081,3,1610612748,6,9,8,3,0
2022-23,22200081,3,1610612758,4,7,4,0,1
2022-23,22200081,4,1610612748,6,8,7,3,0
2022-23,22200081,4,1610612758,10,14,11,4,2
2022-23,22200082,1,1610612744,1,0,0,1,0
2022-23,22200082,1,1610612766,5,4,4,2,0
2022-23,22200082,2,1610612744,4,8,7,1,0
2022-23,22200082,2,1610612766,7,9,9,3,0
2022-23,22200082,3,1610612744,3,2,2,2,0
2022-23,22200082,3,1610612766,4,2,1,3,0
2022-23,22200082,4,1610612744,3,2,1,2,0
2022-23,22200082,4,1610612766,9,12,6,4,4
2022-23,22200083,1,1610612751,6,4,3,3,0
2022-23,22200083,1,1610612754,6,8,7,3,0
2022-23,22200083,2,1610612751,3,5,3,1,0
2022-23,22200083,2,1610612754,4,7,7,0,1
2022-23,22200083,3,1610612751,4,2,1,2,0
2022-23,22200083,3,1610612754,3,2,0,2,0
2022-23,22200083,4,1610612751,10,15,13,5,1
2022-23,22200083,4,1610612754,6,9,8,1,2
2022-23,22200084,1,1610612741,4,8,7,0,0
2022-23,22200084,1,1610612755,2,3,3,1,0
2022-23,22200084,2,1610612741,7,11,10,1,0
2022-23,22200084,2,1610612755,3,4,3,1,0
2022-23,22200084,3,1610612741,1,0,0,1,0
2022-23,22200084,3,1610612755,6,10,8,1,0
2022-23,22200084,4,1610612741,6,10,9,1,0
2022-23,22200084,4,1610612755,7,10,8,5,0
2022-23,22200085,1,1610612737,3,5,3,1,0
2022-23,22200085,1,1610612749,2,3,2,0,0
2022-23,22200085,2,1610612737,2,4,4,0,0
2022-23,22200085,2,1610612749,2,4,2,0,0
2022-23,22200085,3,1610612737,5,6,5,3,0
2022-23,22200085,3,1610612749,5,6,6,2,0
2022-23,22200085,4,1610612737,4,0,0,3,1
2022-23,22200085,4,1610612749,11,16,9,5,1
2022-23,22200086,1,1610612742,4,7,7,1,0
2022-23,22200086,1,1610612760,4,3,3,2,0
2022-23,22200086,2,1610612742,6,7,6,1,2
2022-23,22200086,2,1610612760,6,9,7,2,0
2022-23,22200086,3,1610612742,3,3,3,0,1
2022-23,22200086,3,1610612760,4,3,1,1,1
2022-23,22200086,4,1610612742,8,13,8,3,0
2022-23,22200086,4,1610612760,5,6,5,2,1
2022-23,22200087,1,1610612762,6,7,5,2,1
2022-23,22200087,1,1610612763,2,2,1,2,0
2022-23,22200087,2,1610612762,3,2,2,2,0
2022-23,22200087,2,1610612763,4,3,1,2,0
2022-23,22200087,3,1610612762,6,7,4,1,1
2022-23,22200087,3,1610612763,3,3,3,1,0
2022-23,22200087,4,1610612762,4,4,4,2,0
2022-23,22200087,4,1610612763,5,7,6,2,0
2022-23,22200088,1,1610612740,4,4,2,1,1
2022-23,22200088,1,1610612746,3,2,2,2,0
2022-23,22200088,2,1610612740,1,1,1,0,0
2022-23,22200088,2,1610612746,2,3,2,0,0
2022-23,22200088,3,1610612740,4,1,1,1,2
2022-23,22200088,3,1610612746,3,4,2,0,1
2022-23,22200088,4,1610612740,4,2,1,3,0
2022-23,22200088,4,1610612746,5,4,2,3,1
2022-23,22200089,1,1610612738,5,6,6,2,1
2022-23,22200089,1,1610612764,3,5,2,1,0
2022-23,22200089,2,1610612738,4,4,4,2,0
2022-23,22200089,2,1610612764,4,6,5,0,0
2022-23,22200089,3,1610612738,5,6,6,2,0
2022-23,22200089,3,1610612764,4,5,4,0,1
2022-23,22200089,4,1610612738,4,4,3,2,0
2022-23,22200089,4,1610612764,3,0,0,3,0
2022-23,22200090,1,1610612739,4,2,2,3,0
2022-23,22200090,1,1610612752,4,2,1,2,1
2022-23,22200090,2,1610612739,6,5,4,3,0
2022-23,22200090,2,1610612752,5,8,5,1,0
2022-23,22200090,3,1610612739,5,6,5,2,1
2022-23,22200090,3,1610612752,4,2,1,2,1
2022-23,22200090,4,1610612739,5,6,5,1,0
2022-23,22200090,4,1610612752,6,4,1,5,1
2022-23,22200091,1,1610612744,9,11,11,2,1
2022-23,22200091,1,1610612765,6,11,11,1,1
2022-23,22200091,2,1610612744,4,2,2,3,0
2022-23,22200091,2,1610612765,5,9,8,0,1
2022-23,22200091,3,1610612744,6,9,8,3,0
2022-23,22200091,3,1610612765,4,7,6,1,0
2022-23,22200091,4,1610612744,2,3,3,1,0
2022-23,22200091,4,1610612765,7,11,9,2,0
2022-23,22200092,1,1610612750,2,2,2,1,0
2022-23,22200092,1,1610612759,4,4,3,0,2
2022-23,22200092,2,1610612750,7,10,8,1,2
2022-23,22200092,2,1610612759,7,14,9,2,0
2022-23,22200092,3,1610612750,6,5,1,2,1
2022-23,22200092,3,1610612759,3,2,2,1,1
2022-23,22200092,4,1610612750,3,3,3,1,0
2022-23,22200092,4,1610612759,5,5,5,2,1
2022-23,22200093,1,1610612742,5,7,4,1,0
2022-23,22200093,1,1610612753,5,6,4,1,0
2022-23,22200093,2,1610612742,7,8,6,1,0
2022-23,22200093,2,1610612753,6,12,8,0,2
2022-23,22200093,3,1610612742,6,9,7,3,1
2022-23,22200093,3,1610612753,6,7,6,2,1
2022-23,22200093,4,1610612742,4,4,4,3,0
2022-23,22200093,4,1610612753,4,2,2,3,0
2022-23,22200094,1,1610612745,2,2,1,0,1
2022-23,22200094,1,1610612756,4,2,2,3,0
2022-23,22200094,2,1610612745,9,12,9,4,0
2022-23,22200094,2,1610612756,7,9,7,3,1
2022-23,22200094,3,1610612745,3,1,1,3,0
2022-23,22200094,3,1610612756,7,11,6,1,1
2022-23,22200094,4,1610612745,6,11,11,1,0
2022-23,22200094,4,1610612756,5,8,7,1,0
2022-23,22200095,1,1610612743,3,5,3,0,0
2022-23,22200095,1,1610612747,3,6,4,0,0
2022-23,22200095,2,1610612743,4,6,5,1,0
2022-23,22200095,2,1610612747,4,2,2,3,0
2022-23,22200095,3,1610612743,4,1,0,3,1
2022-23,22200095,3,1610612747,4,6,5,0,0
2022-23,22200095,4,1610612743,5,6,5,2,0
2022-23,22200095,4,1610612747,3,6,5,0,0
2022-23,22200096,1,1610612758,5,9,7,1,0
2022-23,22200096,1,1610612766,4,5,5,1,0
2022-23,22200096,2,1610612758,6,7,6,2,0
2022-23,22200096,2,1610612766,6,7,2,3,0
2022-23,22200096,3,1610612758,5,7,6,1,0
2022-23,22200096,3,1610612766,3,2,1,2,0
2022-23,22200096,4,1610612758,6,5,5,4,1
2022-23,22200096,4,1610612766,4,0,0,2,2
2022-23,22200097,1,1610612755,4,6,4,0,0
2022-23,22200097,1,1610612764,5,8,7,1,0
2022-23,22200097,2,1610612755,2,3,3,0,0
2022-23,22200097,2,1610612764,3,2,2,2,0
2022-23,22200097,3,1610612755,7,8,4,2,0
2022-23,22200097,3,1610612764,1,1,1,0,0
2022-23,22200097,4,1610612755,4,3,3,3,0
2022-23,22200097,4,1610612764,9,15,15,2,0
2022-23,22200098,1,1610612751,6,8,8,4,0
2022-23,22200098,1,1610612754,3,3,2,1,0
2022-23,22200098,2,1610612751,4,0,0,4,0
2022-23,22200098,2,1610612754,2,5,4,0,0
2022-23,22200098,3,1610612751,4,4,4,3,0
2022-23,22200098,3,1610612754,9,13,8,0,2
2022-23,22200098,4,1610612751,6,8,7,4,0
2022-23,22200098,4,1610612754,3,2,2,2,0
2022-23,22200099,1,1610612737,7,10,5,3,0
2022-23,22200099,1,1610612761,2,4,3,0,0
2022-23,22200099,2,1610612737,3,2,2,1,1
2022-23,22200099,2,1610612761,6,10,7,3,0
2022-23,22200099,3,1610612737,3,5,5,0,0
2022-23,22200099,3,1610612761,9,13,12,2,2
2022-23,22200099,4,1610612737,8,8,8,4,0
2022-23,22200099,4,1610612761,8,13,11,0,1
2022-23,22200100,1,1610612749,6,7,5,3,1
2022-23,22200100,1,1610612765,3,4,3,1,0
2022-23,22200100,2,1610612749,3,5,5,1,0
2022-23,22200100,2,1610612765,3,1,0,2,0
2022-23,22200100,3,1610612749,7,11,8,2,1
2022-23,22200100,3,1610612765,4,5,5,1,0
2022-23,22200100,4,1610612749,5,6,5,2,1
2022-23,22200100,4,1610612765,8,11,10,3,1
2022-23,22200101,1,1610612762,2,3,3,0,0
2022-23,22200101,1,1610612763,4,5,1,1,0
2022-23,22200101,2,1610612762,3,6,5,0,0
2022-23,22200101,2,1610612763,6,8,5,4,0
2022-23,22200101,3,1610612762,5,7,5,2,0
2022-23,22200101,3,1610612763,9,12,9,1,1
2022-23,22200101,4,1610612762,5,6,5,2,0
2022-23,22200101,4,1610612763,9,17,8,0,2
2022-23,22200102,1,1610612745,3,4,2,1,0
2022-23,22200102,1,1610612746,5,6,4,2,0
2022-23,22200102,2,1610612745,5,7,6,2,1
2022-23,22200102,2,1610612746,2,2,1,1,0
2022-23,22200102,3,1610612745,4,5,5,1,0
2022-23,22200102,3,1610612746,5,3,2,2,1
2022-23,22200102,4,1610612745,5,7,4,2,0
2022-23,22200102,4,1610612746,3,6,5,0,0
2022-23,22200103,1,1610612741,2,2,1,1,0
2022-23,22200103,1,1610612751,4,6,4,1,0
2022-23,22200103,2,1610612741,6,7,6,3,0
2022-23,22200103,2,1610612751,6,7,7,3,1
2022-23,22200103,3,1610612741,6,8,7,3,1
2022-23,22200103,3,1610612751,2,4,3,0,0
2022-23,22200103,4,1610612741,3,4,4,1,0
2022-23,22200103,4,1610612751,1,2,1,0,0
2022-23,22200104,1,1610612744,2,2,1,1,0
2022-23,22200104,1,1610612748,5,6,6,2,0
2022-23,22200104,2,1610612744,6,10,8,1,0
2022-23,22200104,2,1610612748,4,4,4,3,0
2022-23,22200104,3,1610612744,4,5,4,0,1
2022-23,22200104,3,1610612748,6,7,7,1,2
2022-23,22200104,4,1610612744,2,0,0,1,1
2022-23,22200104,4,1610612748,4,3,3,2,0
2022-23,22200105,1,1610612753,6,8,8,2,0
2022-23,22200105,1,1610612760,2,3,2,0,0
2022-23,22200105,2,1610612753,4,3,3,2,0
2022-23,22200105,2,1610612760,2,4,3,0,0
2022-23,22200105,3,1610612753,3,4,4,1,0
2022-23,22200105,3,1610612760,2,2,1,0,0
2022-23,22200105,4,1610612753,4,5,5,1,0
2022-23,22200105,4,1610612760,5,11,10,1,0
2022-23,22200106,1,1610612750,4,6,3,2,0
2022-23,22200106,1,1610612756,5,5,3,3,0
2022-23,22200106,2,1610612750,7,9,9,2,1
2022-23,22200106,2,1610612756,9,11,9,3,2
2022-23,22200106,3,1610612750,5,6,6,2,0
2022-23,22200106,3,1610612756,3,0,0,2,1
2022-23,22200106,4,1610612750,4,3,2,1,1
2022-23,22200106,4,1610612756,5,6,5,4,0
2022-23,22200107,1,1610612738,5,8,8,2,0
2022-23,22200107,1,1610612739,6,7,7,3,0
2022-23,22200107,2,1610612738,4,7,6,0,0
2022-23,22200107,2,1610612739,2,0,0,2,0
2022-23,22200107,3,1610612738,4,4,4,3,0
2022-23,22200107,3,1610612739,10,14,10,6,0
2022-23,22200107,4,1610612738,6,8,8,1,1
2022-23,22200107,4,1610612739,5,3,2,4,0
2022-23,22200108,1,1610612755,5,5,3,3,0
2022-23,22200108,1,1610612764,6,6,5,3,0
2022-23,22200108,2,1610612755,6,8,6,3,0
2022-23,22200108,2,1610612764,6,9,7,3,0
2022-23,22200108,3,1610612755,4,7,5,0,0
2022-23,22200108,3,1610612764,7,10,7,3,0
2022-23,22200108,4,1610612755,2,0,0,2,0
2022-23,22200108,4,1610612764,5,7,7,2,0
2022-23,22200109,1,1610612748,2,3,3,0,0
2022-23,22200109,1,1610612758,2,1,1,0,1
2022-23,22200109,2,1610612748,5,4,3,4,0
2022-23,22200109,2,1610612758,5,3,1,2,1
2022-23,22200109,3,1610612748,3,1,1,2,0
2022-23,22200109,3,1610612758,4,2,2,2,1
2022-23,22200109,4,1610612748,6,5,4,4,0
2022-23,22200109,4,1610612758,6,8,8,2,1
2022-23,22200110,1,1610612737,6,7,4,2,0
2022-23,22200110,1,1610612752,3,5,4,1,0
2022-23,22200110,2,1610612737,3,3,3,1,0
2022-23,22200110,2,1610612752,5,8,5,2,0
2022-23,22200110,3,1610612737,6,6,5,1,2
2022-23,22200110,3,1610612752,2,0,0,2,0
2022-23,22200110,4,1610612737,3,0,0,1,2
2022-23,22200110,4,1610612752,6,7,6,1,1
2022-23,22200111,1,1610612741,3,4,4,1,0
2022-23,22200111,1,1610612766,5,7,4,1,0
2022-23,22200111,2,1610612741,4,7,6,0,0
2022-23,22200111,2,1610612766,2,1,0,1,0
2022-23,22200111,3,1610612741,4,5,5,0,1
2022-23,22200111,3,1610612766,5,4,3,3,1
2022-23,22200111,4,1610612741,2,2,1,1,0
2022-23,22200111,4,1610612766,5,4,2,1,1
2022-23,22200112,1,1610612745,4,3,1,2,0
2022-23,22200112,1,1610612746,5,7,6,1,0
2022-23,22200112,2,1610612745,5,8,5,0,0
2022-23,22200112,2,1610612746,2,1,1,0,1
2022-23,22200112,3,1610612745,5,6,6,1,0
2022-23,22200112,3,1610612746,6,5,3,4,0
2022-23,22200112,4,1610612745,5,4,4,4,0
2022-23,22200112,4,1610612746,4,6,5,2,0
2022-23,22200113,1,1610612749,6,8,6,2,0
2022-23,22200113,1,1610612765,3,4,4,1,0
2022-23,22200113,2,1610612749,6,6,6,3,0
2022-23,22200113,2,1610612765,6,5,4,2,2
2022-23,22200113,3,1610612749,3,3,3,2,0
2022-23,22200113,3,1610612765,4,4,4,2,0
2022-23,22200113,4,1610612749,5,7,5,2,0
2022-23,22200113,4,1610612765,2,2,2,0,1
2022-23,22200114,1,1610612759,4,4,4,2,0
2022-23,22200114,1,1610612761,4,2,2,3,0
2022-23,22200114,2,1610612759,3,0,0,2,0
2022-23,22200114,2,1610612761,2,2,2,1,0
2022-23,22200114,3,1610612759,5,4,3,4,0
2022-23,22200114,3,1610612761,5,6,6,1,0
2022-23,22200114,4,1610612759,3,6,5,0,0
2022-23,22200114,4,1610612761,5,6,5,1,0
2022-23,22200115,1,1610612742,2,2,1,1,0
2022-23,22200115,1,1610612762,2,5,5,0,0
2022-23,22200115,2,1610612742,7,6,2,3,0
2022-23,22200115,2,1610612762,3,1,1,0,2
2022-23,22200115,3,1610612742,3,6,5,0,0
2022-23,22200115,3,1610612762,7,8,6,2,2
2022-23,22200115,4,1610612742,3,1,0,3,0
2022-23,22200115,4,1610612762,2,0,0,1,1
2022-23,22200116,1,1610612757,4,4,3,1,0
2022-23,22200116,1,1610612763,2,3,2,0,0
2022-23,22200116,2,1610612757,5,5,4,0,2
2022-23,22200116,2,1610612763,2,5,4,0,0
2022-23,22200116,3,1610612757,4,7,5,1,0
2022-23,22200116,3,1610612763,3,5,3,1,0
2022-23,22200116,4,1610612757,6,10,9,1,1
2022-23,22200116,4,1610612763,7,14,13,5,0
2022-23,22200117,1,1610612740,2,2,2,1,0
2022-23,22200117,1,1610612747,3,3,2,1,0
2022-23,22200117,2,1610612740,2,3,3,0,0
2022-23,22200117,2,1610612747,4,4,4,2,0
2022-23,22200117,3,1610612740,7,9,5,2,0
2022-23,22200117,3,1610612747,2,4,4,0,0
2022-23,22200117,4,1610612740,5,7,5,3,0
2022-23,22200117,4,1610612747,7,12,10,1,1
2022-23,22200118,1,1610612744,4,2,1,3,0
2022-23,22200118,1,1610612753,8,13,7,4,2
2022-23,22200118,2,1610612744,4,6,3,0,0
2022-23,22200118,2,1610612753,6,5,3,3,1
2022-23,22200118,3,1610612744,3,1,1,2,0
2022-23,22200118,3,1610612753,9,13,10,2,1
2022-23,22200118,4,1610612744,5,6,5,2,0
2022-23,22200118,4,1610612753,8,15,13,3,1
2022-23,22200119,1,1610612743,3,2,2,2,0
2022-23,22200119,1,1610612760,4,7,7,1,0
2022-23,22200119,2,1610612743,5,7,6,2,0
2022-23,22200119,2,1610612760,2,5,1,0,0
2022-23,22200119,3,1610612743,4,2,2,3,0
2022-23,22200119,3,1610612760,5,7,6,1,0
2022-23,22200119,4,1610612743,5,5,4,2,0
2022-23,22200119,4,1610612760,1,0,0,1,0
2022-23,22200120,1,1610612739,4,7,5,0,0
2022-23,22200120,1,1610612765,3,2,2,1,1
2022-23,22200120,2,1610612739,4,2,2,3,0
2022-23,22200120,2,1610612765,3,4,4,0,0
2022-23,22200120,3,1610612739,6,6,5,1,1
2022-23,22200120,3,1610612765,4,5,4,2,0
2022-23,22200120,4,1610612739,3,1,1,2,0
2022-23,22200120,4,1610612765,3,4,3,1,0
2022-23,22200121,1,1610612748,5,10,10,1,0
2022-23,22200121,1,1610612754,5,8,7,1,0
2022-23,22200121,2,1610612748,5,5,5,3,0
2022-23,22200121,2,1610612754,8,11,6,1,1
2022-23,22200121,3,1610612748,2,3,3,1,0
2022-23,22200121,3,1610612754,1,0,0,1,0
2022-23,22200121,4,1610612748,5,8,8,2,0
2022-23,22200121,4,1610612754,4,4,2,2,1
2022-23,22200122,1,1610612752,5,4,3,3,0
2022-23,22200122,1,1610612755,4,2,2,3,0
2022-23,22200122,2,1610612752,4,8,7,0,0
2022-23,22200122,2,1610612755,6,10,8,1,1
2022-23,22200122,3,1610612752,4,4,4,2,0
2022-23,22200122,3,1610612755,1,1,1,0,0
2022-23,22200122,4,1610612752,9,11,9,4,2
2022-23,22200122,4,1610612755,8,8,6,4,2
2022-23,22200123,1,1610612751,4,6,6,1,0
2022-23,22200123,1,1610612764,3,4,2,1,0
2022-23,22200123,2,1610612751,4,2,2,3,0
2022-23,22200123,2,1610612764,7,10,9,2,0
2022-23,22200123,3,1610612751,0,0,0,0,0
2022-23,22200123,3,1610612764,3,2,1,2,0
2022-23,22200123,4,1610612751,5,6,6,1,0
2022-23,22200123,4,1610612764,5,6,6,2,0
2022-23,22200124,1,1610612738,4,5,4,1,0
2022-23,22200124,1,1610612741,4,4,3,1,0
2022-23,22200124,2,1610612738,5,8,8,2,0
2022-23,22200124,2,1610612741,4,2,2,3,0
2022-23,22200124,3,1610612738,8,13,11,1,0
2022-23,22200124,3,1610612741,5,9,8,1,0
2022-23,22200124,4,1610612738,8,13,9,4,0
2022-23,22200124,4,1610612741,7,10,9,1,0
2022-23,22200125,1,1610612763,3,5,4,1,0
2022-23,22200125,1,1610612766,4,8,7,0,0
2022-23,22200125,2,1610612763,6,8,6,2,1
2022-23,22200125,2,1610612766,3,4,3,1,0
2022-23,22200125,3,1610612763,4,1,1,3,0
2022-23,22200125,3,1610612766,6,8,6,2,1
2022-23,22200125,4,1610612763,2,4,3,0,0
2022-23,22200125,4,1610612766,6,11,9,1,0
2022-23,22200126,1,1610612746,2,0,0,1,0
2022-23,22200126,1,1610612759,4,3,1,2,0
2022-23,22200126,2,1610612746,5,6,4,3,0
2022-23,22200126,2,1610612759,2,1,1,1,0
2022-23,22200126,3,1610612746,7,11,8,3,0
2022-23,22200126,3,1610612759,6,9,6,2,0
2022-23,22200126,4,1610612746,4,2,2,3,0
2022-23,22200126,4,1610612759,6,5,2,3,1
2022-23,22200127,1,1610612742,5,9,9,1,1
2022-23,22200127,1,1610612761,3,3,3,2,0
2022-23,22200127,2,1610612742,4,6,4,1,0
2022-23,22200127,2,1610612761,4,8,7,0,0
2022-23,22200127,3,1610612742,3,4,4,1,0
2022-23,22200127,3,1610612761,6,8,5,3,1
2022-23,22200127,4,1610612742,6,6,4,5,0
2022-23,22200127,4,1610612761,5,6,6,1,1
2022-23,22200128,1,1610612740,4,9,6,1,0
2022-23,22200128,1,1610612744,7,12,11,1,2
2022-23,22200128,2,1610612740,4,4,3,1,1
2022-23,22200128,2,1610612744,4,3,3,2,0
2022-23,22200128,3,1610612740,8,10,7,3,1
2022-23,22200128,3,1610612744,5,7,6,2,0
2022-23,22200128,4,1610612740,6,6,4,3,2
2022-23,22200128,4,1610612744,4,3,3,1,1
2022-23,22200129,1,1610612749,3,6,5,0,0
2022-23,22200129,1,1610612750,3,0,0,3,0
2022-23,22200129,2,1610612749,6,6,5,4,0
2022-23,22200129,2,1610612750,5,6,4,1,0
2022-23,22200129,3,1610612749,6,5,3,2,1
2022-23,22200129,3,1610612750,6,8,7,1,1
2022-23,22200129,4,1610612749,7,11,3,1,0
2022-23,22200129,4,1610612750,5,3,2,3,1
2022-23,22200130,1,1610612756,4,3,3,3,0
2022-23,22200130,1,1610612757,4,0,0,4,0
2022-23,22200130,2,1610612756,7,8,8,4,1
2022-23,22200130,2,1610612757,3,5,5,1,0
2022-23,22200130,3,1610612756,7,6,5,4,0
2022-23,22200130,3,1610612757,6,8,6,2,0
2022-23,22200130,4,1610612756,3,4,4,1,0
2022-23,22200130,4,1610612757,3,2,1,2,0
2022-23,22200131,1,1610612747,3,3,3,1,0
2022-23,22200131,1,1610612762,3,2,2,1,0
2022-23,22200131,2,1610612747,4,5,4,1,0
2022-23,22200131,2,1610612762,3,3,2,1,0
2022-23,22200131,3,1610612747,7,9,9,3,0
2022-23,22200131,3,1610612762,3,1,1,1,1
2022-23,22200131,4,1610612747,8,11,9,2,0
2022-23,22200131,4,1610612762,7,4,4,4,0
2022-23,22200132,1,1610612753,2,3,3,0,0
2022-23,22200132,1,1610612758,4,3,2,1,1
2022-23,22200132,2,1610612753,6,7,7,3,0
2022-23,22200132,2,1610612758,3,3,0,1,0
2022-23,22200132,3,1610612753,2,2,2,1,0
2022-23,22200132,3,1610612758,6,9,7,3,0
2022-23,22200132,4,1610612753,5,6,5,3,0
2022-23,22200132,4,1610612758,3,6,3,0,0
2022-23,22200133,1,1610612751,5,3,3,4,0
2022-23,22200133,1,1610612766,6,9,5,1,1
2022-23,22200133,2,1610612751,3,4,4,1,0
2022-23,22200133,2,1610612766,4,1,1,2,1
2022-23,22200133,3,1610612751,6,9,7,2,0
2022-23,22200133,3,1610612766,5,9,6,1,1
2022-23,22200133,4,1610612751,4,6,6,2,0
2022-23,22200133,4,1610612766,3,4,4,1,0
2022-23,22200134,1,1610612737,3,2,1,1,0
2022-23,22200134,1,1610612740,4,6,4,0,1
2022-23,22200134,2,1610612737,4,3,2,2,0
2022-23,22200134,2,1610612740,3,3,3,1,0
2022-23,22200134,3,1610612737,9,16,14,2,1
2022-23,22200134,3,1610612740,4,6,4,1,0
2022-23,22200134,4,1610612737,3,2,2,0,2
2022-23,22200134,4,1610612740,7,9,5,0,1
2022-23,22200135,1,1610612738,2,2,2,1,1
2022-23,22200135,1,1610612752,3,0,0,3,0
2022-23,22200135,2,1610612738,2,2,2,1,0
2022-23,22200135,2,1610612752,6,10,9,0,0
2022-23,22200135,3,1610612738,3,2,2,2,0
2022-23,22200135,3,1610612752,3,5,5,0,0
2022-23,22200135,4,1610612738,5,6,6,2,0
2022-23,22200135,4,1610612752,4,1,1,2,1
2022-23,22200136,1,1610612749,2,0,0,2,0
2022-23,22200136,1,1610612760,2,4,3,0,0
2022-23,22200136,2,1610612749,7,12,10,1,0
2022-23,22200136,2,1610612760,4,7,3,1,0
2022-23,22200136,3,1610612749,3,3,3,1,0
2022-23,22200136,3,1610612760,3,3,3,1,0
2022-23,22200136,4,1610612749,3,2,2,1,1
2022-23,22200136,4,1610612760,3,2,1,2,0
2022-23,22200137,1,1610612745,6,9,5,1,0
2022-23,22200137,1,1610612750,5,6,5,1,0
2022-23,22200137,2,1610612745,5,8,6,1,1
2022-23,22200137,2,1610612750,4,3,3,2,0
2022-23,22200137,3,1610612745,6,9,7,1,0
2022-23,22200137,3,1610612750,4,7,5,0,0
2022-23,22200137,4,1610612745,4,5,3,2,0
2022-23,22200137,4,1610612750,4,4,3,1,0
2022-23,22200138,1,1610612743,4,3,3,2,0
2022-23,22200138,1,1610612759,2,2,1,1,0
2022-23,22200138,2,1610612743,3,3,2,1,0
2022-23,22200138,2,1610612759,6,6,3,4,0
2022-23,22200138,3,1610612743,4,4,0,2,0
2022-23,22200138,3,1610612759,4,7,5,0,0
2022-23,22200138,4,1610612743,1,0,0,1,0
2022-23,22200138,4,1610612759,3,4,2,0,0
2022-23,22200139,1,1610612756,6,6,5,4,0
2022-23,22200139,1,1610612757,3,4,4,1,0
2022-23,22200139,2,1610612756,7,9,8,4,1
2022-23,22200139,2,1610612757,4,1,0,2,1
2022-23,22200139,3,1610612756,5,7,5,3,0
2022-23,22200139,3,1610612757,6,9,5,4,0
2022-23,22200139,4,1610612756,6,6,3,3,0
2022-23,22200139,4,1610612757,7,10,6,2,0
2022-23,22200140,1,1610612739,5,11,11,1,0
2022-23,22200140,1,1610612747,5,7,3,1,0
2022-23,22200140,2,1610612739,6,12,10,1,1
2022-23,22200140,2,1610612747,8,10,7,1,1
2022-23,22200140,3,1610612739,4,6,4,1,0
2022-23,22200140,3,1610612747,3,1,0,1,0
2022-23,22200140,4,1610612739,6,7,7,2,1
2022-23,22200140,4,1610612747,3,3,2,1,0
2022-23,22200141,1,1610612741,3,3,3,1,0
2022-23,22200141,1,1610612761,5,4,2,3,0
2022-23,22200141,2,1610612741,4,4,2,2,0
2022-23,22200141,2,1610612761,6,6,4,4,0
2022-23,22200141,3,1610612741,4,3,3,2,0
2022-23,22200141,3,1610612761,7,9,8,3,1
2022-23,22200141,4,1610612741,3,3,3,1,0
2022-23,22200141,4,1610612761,2,1,1,1,0
2022-23,22200142,1,1610612763,5,5,4,1,1
2022-23,22200142,1,1610612764,1,0,0,1,0
2022-23,22200142,2,1610612763,4,2,2,2,0
2022-23,22200142,2,1610612764,3,1,0,1,1
2022-23,22200142,3,1610612763,6,6,5,4,0
2022-23,22200142,3,1610612764,6,8,6,2,0
2022-23,22200142,4,1610612763,6,7,5,3,1
2022-23,22200142,4,1610612764,3,1,1,1,1
2022-23,22200143,1,1610612746,1,0,0,0,1
2022-23,22200143,1,1610612762,3,4,3,1,0
2022-23,22200143,2,1610612746,5,4,2,2,1
2022-23,22200143,2,1610612762,7,8,8,2,0
2022-23,22200143,3,1610612746,5,5,3,1,1
2022-23,22200143,3,1610612762,3,4,4,1,0
2022-23,22200143,4,1610612746,4,4,3,1,1
2022-23,22200143,4,1610612762,10,10,10,3,1
2022-23,22200144,1,1610612764,5,8,4,1,0
2022-23,22200144,1,1610612766,4,3,2,2,0
2022-23,22200144,2,1610612764,5,8,5,2,0
2022-23,22200144,2,1610612766,8,7,5,5,0
2022-23,22200144,3,1610612764,7,4,3,3,1
2022-23,22200144,3,1610612766,3,3,2,0,1
2022-23,22200144,4,1610612764,6,10,7,5,0
2022-23,22200144,4,1610612766,3,3,2,1,0
2022-23,22200145,1,1610612745,3,4,4,1,0
2022-23,22200145,1,1610612753,2,0,0,2,0
2022-23,22200145,2,1610612745,6,6,5,2,0
2022-23,22200145,2,1610612753,8,13,11,1,0
2022-23,22200145,3,1610612745,4,4,1,2,0
2022-23,22200145,3,1610612753,5,10,7,1,0
2022-23,22200145,4,1610612745,8,11,8,4,1
2022-23,22200145,4,1610612753,7,8,7,3,0
2022-23,22200146,1,1610612760,5,8,6,1,0
2022-23,22200146,1,1610612765,9,11,7,4,2
2022-23,22200146,2,1610612760,5,5,3,2,0
2022-23,22200146,2,1610612765,5,4,4,3,0
2022-23,22200146,3,1610612760,3,4,2,1,0
2022-23,22200146,3,1610612765,4,8,6,0,0
2022-23,22200146,4,1610612760,4,0,0,3,1
2022-23,22200146,4,1610612765,7,10,8,4,0
2022-23,22200147,1,1610612740,2,2,1,1,0
2022-23,22200147,1,1610612754,3,2,2,2,0
2022-23,22200147,2,1610612740,4,0,0,4,0
2022-23,22200147,2,1610612754,3,6,6,0,0
2022-23,22200147,3,1610612740,6,8,7,2,0
2022-23,22200147,3,1610612754,6,8,7,1,0
2022-23,22200147,4,1610612740,5,7,4,1,0
2022-23,22200147,4,1610612754,6,7,6,3,0
2022-23,22200148,1,1610612755,7,11,10,2,0
2022-23,22200148,1,1610612756,2,3,3,0,0
2022-23,22200148,2,1610612755,6,8,7,4,0
2022-23,22200148,2,1610612756,6,7,7,4,0
2022-23,22200148,3,1610612755,6,6,6,3,0
2022-23,22200148,3,1610612756,5,10,7,1,0
2022-23,22200148,4,1610612755,4,6,3,1,0
2022-23,22200148,4,1610612756,3,2,1,2,0
2022-23,22200149,1,1610612737,1,1,0,0,0
2022-23,22200149,1,1610612749,1,0,0,1,0
2022-23,22200149,2,1610612737,4,1,1,3,0
2022-23,22200149,2,1610612749,5,6,5,2,0
2022-23,22200149,3,1610612737,8,11,11,1,1
2022-23,22200149,3,1610612749,5,5,4,3,1
2022-23,22200149,4,1610612737,3,4,2,1,0
2022-23,22200149,4,1610612749,5,5,4,3,0
2022-23,22200150,1,1610612748,1,2,2,0,0
2022-23,22200150,1,1610612757,4,5,5,1,0
2022-23,22200150,2,1610612748,4,2,0,2,0
2022-23,22200150,2,1610612757,2,2,2,2,0
2022-23,22200150,3,1610612748,4,4,4,2,0
2022-23,22200150,3,1610612757,6,7,5,3,1
2022-23,22200150,4,1610612748,5,7,7,1,0
2022-23,22200150,4,1610612757,4,7,6,1,0
2022-23,22200151,1,1610612741,2,4,4,0,0
2022-23,22200151,1,1610612761,6,8,6,3,0
2022-23,22200151,2,1610612741,4,4,4,0,1
2022-23,22200151,2,1610612761,3,2,2,1,0
2022-23,22200151,3,1610612741,5,5,3,3,1
2022-23,22200151,3,1610612761,6,7,4,4,1
2022-23,22200151,4,1610612741,6,9,7,2,1
2022-23,22200151,4,1610612761,5,5,4,1,1
2022-23,22200152,1,1610612738,4,3,3,2,1
2022-23,22200152,1,1610612763,3,2,1,2,0
2022-23,22200152,2,1610612738,4,7,5,1,0
2022-23,22200152,2,1610612763,4,5,4,1,1
2022-23,22200152,3,1610612738,1,1,1,0,1
2022-23,22200152,3,1610612763,4,5,4,1,0
2022-23,22200152,4,1610612738,10,17,12,4,1
2022-23,22200152,4,1610612763,3,2,0,1,1
2022-23,22200153,1,1610612750,5,3,3,3,1
2022-23,22200153,1,1610612752,2,2,2,1,0
2022-23,22200153,2,1610612750,7,9,8,0,2
2022-23,22200153,2,1610612752,6,10,9,1,0
2022-23,22200153,3,1610612750,4,4,4,1,1
2022-23,22200153,3,1610612752,6,11,10,2,0
2022-23,22200153,4,1610612750,5,8,5,1,0
2022-23,22200153,4,1610612752,3,2,2,2,0
2022-23,22200154,1,1610612743,3,4,4,0,0
2022-23,22200154,1,1610612759,4,6,2,0,0
2022-23,22200154,2,1610612743,7,13,7,2,0
2022-23,22200154,2,1610612759,5,11,8,1,0
2022-23,22200154,3,1610612743,2,3,2,0,0
2022-23,22200154,3,1610612759,1,1,1,0,0
2022-23,22200154,4,1610612743,2,0,0,1,1
2022-23,22200154,4,1610612759,2,0,0,2,0
2022-23,22200155,1,1610612742,5,7,5,2,0
2022-23,22200155,1,1610612751,1,2,1,0,0
2022-23,22200155,2,1610612742,3,2,1,2,0
2022-23,22200155,2,1610612751,4,7,6,1,0
2022-23,22200155,3,1610612742,5,5,5,3,0
2022-23,22200155,3,1610612751,3,3,3,2,0
2022-23,22200155,4,1610612742,9,10,9,4,3
2022-23,22200155,4,1610612751,6,7,4,4,0
2022-23,22200156,1,1610612744,4,3,2,2,0
2022-23,22200156,1,1610612758,4,6,5,0,1
2022-23,22200156,2,1610612744,6,8,6,1,2
2022-23,22200156,2,1610612758,9,15,14,4,0
2022-23,22200156,3,1610612744,5,7,3,1,1
2022-23,22200156,3,1610612758,3,2,2,2,0
2022-23,22200156,4,1610612744,4,3,3,3,0
2022-23,22200156,4,1610612758,5,6,4,3,0
2022-23,22200157,1,1610612747,2,2,2,1,0
2022-23,22200157,1,1610612762,5,9,8,1,0
2022-23,22200157,2,1610612747,7,12,12,1,0
2022-23,22200157,2,1610612762,5,6,4,1,0
2022-23,22200157,3,1610612747,5,7,6,2,0
2022-23,22200157,3,1610612762,3,5,4,0,0
2022-23,22200157,4,1610612747,7,9,7,2,1
2022-23,22200157,4,1610612762,4,2,1,3,0
2022-23,22200158,1,1610612739,0,1,0,0,0
2022-23,22200158,1,1610612746,1,2,1,0,0
2022-23,22200158,2,1610612739,6,6,5,3,1
2022-23,22200158,2,1610612746,3,2,2,2,0
2022-23,22200158,3,1610612739,2,0,0,2,0
2022-23,22200158,3,1610612746,2,2,1,1,0
2022-23,22200158,4,1610612739,9,14,10,5,0
2022-23,22200158,4,1610612746,13,22,18,5,2
2022-23,22200159,1,1610612757,4,5,3,1,0
2022-23,22200159,1,1610612766,1,0,0,0,1
2022-23,22200159,2,1610612757,5,5,2,2,0
2022-23,22200159,2,1610612766,6,12,7,1,0
2022-23,22200159,3,1610612757,5,8,6,0,1
2022-23,22200159,3,1610612766,7,10,9,3,0
2022-23,22200159,4,1610612757,6,7,3,2,0
2022-23,22200159,4,1610612766,4,2,1,2,1
2022-23,22200160,1,1610612743,3,4,3,1,0
2022-23,22200160,1,1610612754,5,4,3,2,1
2022-23,22200160,2,1610612743,5,4,3,2,2
2022-23,22200160,2,1610612754,4,8,6,0,0
2022-23,22200160,3,1610612743,7,11,11,3,0
2022-23,22200160,3,1610612754,2,4,4,0,0
2022-23,22200160,4,1610612743,5,7,7,3,0
2022-23,22200160,4,1610612754,3,3,2,1,0
2022-23,22200161,1,1610612742,5,3,3,2,1
2022-23,22200161,1,1610612753,3,2,2,2,0
2022-23,22200161,2,1610612742,5,6,3,2,0
2022-23,22200161,2,1610612753,0,0,0,0,0
2022-23,22200161,3,1610612742,4,6,4,1,0
2022-23,22200161,3,1610612753,6,10,7,0,2
2022-23,22200161,4,1610612742,4,4,2,2,0
2022-23,22200161,4,1610612753,8,9,5,5,0
2022-23,22200162,1,1610612737,3,1,1,1,1
2022-23,22200162,1,1610612762,6,13,12,1,0
2022-23,22200162,2,1610612737,5,4,2,2,0
2022-23,22200162,2,1610612762,2,3,2,0,0
2022-23,22200162,3,1610612737,4,2,2,3,0
2022-23,22200162,3,1610612762,1,2,1,0,0
2022-23,22200162,4,1610612737,4,4,4,1,1
2022-23,22200162,4,1610612762,5,6,5,2,1
2022-23,22200163,1,1610612738,6,9,8,3,0
2022-23,22200163,1,1610612765,6,9,5,2,0
2022-23,22200163,2,1610612738,3,5,2,1,0
2022-23,22200163,2,1610612765,5,7,5,2,0
2022-23,22200163,3,1610612738,4,0,0,3,1
2022-23,22200163,3,1610612765,6,11,9,1,0
2022-23,22200163,4,1610612738,3,7,6,0,0
2022-23,22200163,4,1610612765,7,13,12,1,0
2022-23,22200164,1,1610612751,4,3,2,1,1
2022-23,22200164,1,1610612752,6,7,3,2,1
2022-23,22200164,2,1610612751,4,7,5,1,0
2022-23,22200164,2,1610612752,5,6,4,2,0
2022-23,22200164,3,1610612751,6,9,7,2,1
2022-23,22200164,3,1610612752,7,11,9,3,0
2022-23,22200164,4,1610612751,2,1,0,1,0
2022-23,22200164,4,1610612752,2,2,1,0,0
2022-23,22200165,1,1610612745,4,6,6,0,0
2022-23,22200165,1,1610612761,4,2,2,3,0
2022-23,22200165,2,1610612745,7,10,8,3,0
2022-23,22200165,2,1610612761,3,3,2,2,0
2022-23,22200165,3,1610612745,7,8,7,2,0
2022-23,22200165,3,1610612761,4,5,5,1,0
2022-23,22200165,4,1610612745,5,7,5,1,0
2022-23,22200165,4,1610612761,6,10,8,2,1
2022-23,22200166,1,1610612740,3,5,2,0,0
2022-23,22200166,1,1610612741,2,3,3,0,0
2022-23,22200166,2,1610612740,5,9,8,1,0
2022-23,22200166,2,1610612741,2,4,3,0,0
2022-23,22200166,3,1610612740,5,9,7,1,0
2022-23,22200166,3,1610612741,7,8,7,2,0
2022-23,22200166,4,1610612740,9,13,11,6,1
2022-23,22200166,4,1610612741,4,3,3,2,0
2022-23,22200167,1,1610612750,3,3,2,1,0
2022-23,22200167,1,1610612756,7,9,8,2,1
2022-23,22200167,2,1610612750,5,6,5,2,0
2022-23,22200167,2,1610612756,3,0,0,2,1
2022-23,22200167,3,1610612750,5,9,5,1,1
2022-23,22200167,3,1610612756,6,8,8,1,1
2022-23,22200167,4,1610612750,7,14,14,2,0
2022-23,22200167,4,1610612756,3,3,3,1,0
2022-23,22200168,1,1610612749,4,2,2,2,1
2022-23,22200168,1,1610612760,2,4,4,0,0
2022-23,22200168,2,1610612749,5,6,5,3,0
2022-23,22200168,2,1610612760,6,5,2,3,1
2022-23,22200168,3,1610612749,4,2,2,3,0
2022-23,22200168,3,1610612760,1,0,0,1,0
2022-23,22200168,4,1610612749,4,6,5,1,0
2022-23,22200168,4,1610612760,6,5,4,3,0
2022-23,22200169,1,1610612759,0,0,0,0,0
2022-23,22200169,1,1610612763,3,5,3,0,0
2022-23,22200169,2,1610612759,4,4,2,2,0
2022-23,22200169,2,1610612763,2,0,0,2,0
2022-23,22200169,3,1610612759,8,11,8,4,1
2022-23,22200169,3,1610612763,4,3,3,2,0
2022-23,22200169,4,1610612759,5,8,6,1,1
2022-23,22200169,4,1610612763,4,3,3,1,1
2022-23,22200170,1,1610612746,3,5,4,0,0
2022-23,22200170,1,1610612747,5,2,2,4,1
2022-23,22200170,2,1610612746,6,11,8,0,1
2022-23,22200170,2,1610612747,6,6,4,4,0
2022-23,22200170,3,1610612746,4,4,3,2,0
2022-23,22200170,3,1610612747,5,3,2,3,1
2022-23,22200170,4,1610612746,5,6,5,2,1
2022-23,22200170,4,1610612747,3,6,3,0,0
2022-23,22200171,1,1610612739,4,4,3,1,1
2022-23,22200171,1,1610612758,4,8,8,0,0
2022-23,22200171,2,1610612739,5,4,4,1,2
2022-23,22200171,2,1610612758,5,7,4,1,1
2022-23,22200171,3,1610612739,3,1,0,2,0
2022-23,22200171,3,1610612758,5,8,8,2,0
2022-23,22200171,4,1610612739,7,11,10,2,1
2022-23,22200171,4,1610612758,8,12,10,4,1
2022-23,22200172,1,1610612742,4,3,1,2,0
2022-23,22200172,1,1610612764,5,8,7,1,0
2022-23,22200172,2,1610612742,5,6,3,1,1
2022-23,22200172,2,1610612764,4,7,7,0,0
2022-23,22200172,3,1610612742,7,8,6,3,0
2022-23,22200172,3,1610612764,1,3,3,0,0
2022-23,22200172,4,1610612742,3,4,3,1,0
2022-23,22200172,4,1610612764,1,2,2,0,0
2022-23,22200173,1,1610612737,7,13,11,2,0
2022-23,22200173,1,1610612755,4,6,5,1,0
2022-23,22200173,2,1610612737,3,2,2,1,1
2022-23,22200173,2,1610612755,2,3,3,0,0
2022-23,22200173,3,1610612737,6,8,7,2,0
2022-23,22200173,3,1610612755,5,8,7,1,0
2022-23,22200173,4,1610612737,4,0,0,3,1
2022-23,22200173,4,1610612755,9,13,10,3,0
2022-23,22200174,1,1610612748,6,8,6,2,0
2022-23,22200174,1,1610612766,5,4,2,1,2
2022-23,22200174,2,1610612748,4,4,3,2,0
2022-23,22200174,2,1610612766,5,6,5,3,0
2022-23,22200174,3,1610612748,8,13,9,2,1
2022-23,22200174,3,1610612766,5,4,2,3,1
2022-23,22200174,4,1610612748,1,2,2,0,0
2022-23,22200174,4,1610612766,4,4,2,1,0
2022-23,22200175,1,1610612740,3,6,4,0,0
2022-23,22200175,1,1610612757,3,4,3,1,0
2022-23,22200175,2,1610612740,4,8,7,0,0
2022-23,22200175,2,1610612757,5,7,6,1,0
2022-23,22200175,3,1610612740,0,0,0,0,0
2022-23,22200175,3,1610612757,5,6,5,3,0
2022-23,22200175,4,1610612740,6,10,8,1,0
2022-23,22200175,4,1610612757,6,9,6,2,0
2022-23,22200176,1,1610612738,3,2,2,2,0
2022-23,22200176,1,1610612743,2,0,0,2,0
2022-23,22200176,2,1610612738,1,1,1,0,0
2022-23,22200176,2,1610612743,6,5,5,2,1
2022-23,22200176,3,1610612738,7,9,7,2,0
2022-23,22200176,3,1610612743,4,5,3,1,0
2022-23,22200176,4,1610612738,3,8,5,0,0
2022-23,22200176,4,1610612743,6,10,8,2,0
2022-23,22200177,1,1610612753,3,2,2,1,0
2022-23,22200177,1,1610612756,2,2,2,1,0
2022-23,22200177,2,1610612753,2,0,0,2,0
2022-23,22200177,2,1610612756,2,1,1,2,0
2022-23,22200177,3,1610612753,4,3,3,2,0
2022-23,22200177,3,1610612756,3,5,4,0,0
2022-23,22200177,4,1610612753,5,10,8,0,0
2022-23,22200177,4,1610612756,3,1,1,2,0
2022-23,22200178,1,1610612752,8,9,7,4,1
2022-23,22200178,1,1610612765,6,10,8,1,0
2022-23,22200178,2,1610612752,5,8,8,1,1
2022-23,22200178,2,1610612765,12,16,13,3,1
2022-23,22200178,3,1610612752,3,7,7,0,0
2022-23,22200178,3,1610612765,3,2,2,1,1
2022-23,22200178,4,1610612752,5,5,5,2,1
2022-23,22200178,4,1610612765,7,13,8,1,1
2022-23,22200179,1,1610612760,2,4,3,0,0
2022-23,22200179,1,1610612761,2,4,2,0,0
2022-23,22200179,2,1610612760,6,5,5,3,0
2022-23,22200179,2,1610612761,8,12,10,2,1
2022-23,22200179,3,1610612760,4,6,4,0,0
2022-23,22200179,3,1610612761,8,12,8,1,0
2022-23,22200179,4,1610612760,2,2,1,1,0
2022-23,22200179,4,1610612761,6,8,6,3,1
2022-23,22200180,1,1610612749,6,6,5,2,0
2022-23,22200180,1,1610612759,2,2,2,0,1
2022-23,22200180,2,1610612749,5,8,6,1,0
2022-23,22200180,2,1610612759,3,5,3,1,0
2022-23,22200180,3,1610612749,5,4,3,1,2
2022-23,22200180,3,1610612759,3,3,3,1,0
2022-23,22200180,4,1610612749,4,5,3,1,1
2022-23,22200180,4,1610612759,4,5,5,1,0
2022-23,22200181,1,1610612750,8,13,11,1,0
2022-23,22200181,1,1610612763,6,7,7,1,1
2022-23,22200181,2,1610612750,5,6,5,0,2
2022-23,22200181,2,1610612763,8,10,5,2,2
2022-23,22200181,3,1610612750,4,3,3,2,0
2022-23,22200181,3,1610612763,3,3,3,2,0
2022-23,22200181,4,1610612750,1,0,0,1,0
2022-23,22200181,4,1610612763,7,7,4,3,1
2022-23,22200182,1,1610612739,4,2,1,3,0
2022-23,22200182,1,1610612744,4,3,3,2,0
2022-23,22200182,2,1610612739,6,8,6,3,0
2022-23,22200182,2,1610612744,3,2,2,2,0
2022-23,22200182,3,1610612739,5,6,4,3,0
2022-23,22200182,3,1610612744,4,3,3,2,0
2022-23,22200182,4,1610612739,7,10,8,4,1
2022-23,22200182,4,1610612744,6,6,3,6,0
2022-23,22200183,1,1610612747,2,2,1,1,0
2022-23,22200183,1,1610612758,4,4,3,3,0
2022-23,22200183,2,1610612747,5,10,7,2,0
2022-23,22200183,2,1610612758,4,5,4,1,0
2022-23,22200183,3,1610612747,6,8,6,2,0
2022-23,22200183,3,1610612758,6,8,7,1,1
2022-23,22200183,4,1610612747,4,6,6,1,0
2022-23,22200183,4,1610612758,4,4,4,2,1
2022-23,22200184,1,1610612746,3,2,2,1,1
2022-23,22200184,1,1610612751,6,9,6,2,1
2022-23,22200184,2,1610612746,7,8,5,2,0
2022-23,22200184,2,1610612751,2,4,4,0,0
2022-23,22200184,3,1610612746,4,6,5,1,0
2022-23,22200184,3,1610612751,2,3,1,0,1
2022-23,22200184,4,1610612746,3,4,4,1,0
2022-23,22200184,4,1610612751,4,5,3,1,0
2022-23,22200185,1,1610612762,0,0,0,0,0
2022-23,22200185,1,1610612764,4,4,3,2,0
2022-23,22200185,2,1610612762,2,1,1,2,0
2022-23,22200185,2,1610612764,5,3,2,3,0
2022-23,22200185,3,1610612762,5,4,4,4,0
2022-23,22200185,3,1610612764,3,4,4,1,0
2022-23,22200185,4,1610612762,6,6,5,3,0
2022-23,22200185,4,1610612764,5,9,8,1,0
2022-23,22200186,1,1610612738,8,11,10,4,2
2022-23,22200186,1,1610612765,3,5,5,0,0
2022-23,22200186,2,1610612738,4,1,0,1,2
2022-23,22200186,2,1610612765,7,10,7,2,2
2022-23,22200186,3,1610612738,4,6,6,1,0
2022-23,22200186,3,1610612765,3,3,3,0,2
2022-23,22200186,4,1610612738,4,6,5,2,1
2022-23,22200186,4,1610612765,3,3,3,1,0
2022-23,22200187,1,1610612754,4,3,1,1,1
2022-23,22200187,1,1610612761,10,16,13,2,1
2022-23,22200187,2,1610612754,7,8,7,4,1
2022-23,22200187,2,1610612761,3,5,4,0,0
2022-23,22200187,3,1610612754,3,6,4,0,0
2022-23,22200187,3,1610612761,5,6,5,1,0
2022-23,22200187,4,1610612754,4,6,5,1,0
2022-23,22200187,4,1610612761,2,2,1,1,0
2022-23,22200188,1,1610612737,6,9,7,2,0
2022-23,22200188,1,1610612755,6,10,9,2,1
2022-23,22200188,2,1610612737,7,6,6,3,1
2022-23,22200188,2,1610612755,3,5,4,0,0
2022-23,22200188,3,1610612737,8,11,9,2,1
2022-23,22200188,3,1610612755,5,8,7,1,0
2022-23,22200188,4,1610612737,3,1,1,1,1
2022-23,22200188,4,1610612755,4,8,5,0,0
2022-23,22200189,1,1610612748,2,2,1,1,0
2022-23,22200189,1,1610612766,2,0,0,2,0
2022-23,22200189,2,1610612748,6,7,6,2,1
2022-23,22200189,2,1610612766,6,6,6,2,0
2022-23,22200189,3,1610612748,5,8,7,0,0
2022-23,22200189,3,1610612766,4,5,4,1,0
2022-23,22200189,4,1610612748,5,4,4,3,0
2022-23,22200189,4,1610612766,4,5,4,1,0
2022-23,22200190,1,1610612742,3,4,3,0,0
2022-23,22200190,1,1610612757,6,5,5,2,1
2022-23,22200190,2,1610612742,5,7,5,1,0
2022-23,22200190,2,1610612757,7,10,8,3,1
2022-23,22200190,3,1610612742,7,10,8,4,0
2022-23,22200190,3,1610612757,6,10,8,2,0
2022-23,22200190,4,1610612742,5,5,5,3,0
2022-23,22200190,4,1610612757,5,10,6,1,0
2022-23,22200191,1,1610612740,4,7,7,0,0
2022-23,22200191,1,1610612745,3,2,2,2,0
2022-23,22200191,2,1610612740,6,9,7,1,1
2022-23,22200191,2,1610612745,7,9,6,3,0
2022-23,22200191,3,1610612740,2,3,2,1,0
2022-23,22200191,3,1610612745,4,4,4,2,0
2022-23,22200191,4,1610612740,8,12,11,2,0
2022-23,22200191,4,1610612745,5,3,2,1,1
2022-23,22200192,1,1610612752,4,6,4,1,0
2022-23,22200192,1,1610612760,2,4,4,0,0
2022-23,22200192,2,1610612752,9,12,12,3,0
2022-23,22200192,2,1610612760,3,1,1,2,0
2022-23,22200192,3,1610612752,9,13,11,2,1
2022-23,22200192,3,1610612760,5,9,8,1,0
2022-23,22200192,4,1610612752,3,2,2,1,0
2022-23,22200192,4,1610612760,5,6,5,2,0
2022-23,22200193,1,1610612739,5,5,3,2,0
2022-23,22200193,1,1610612750,4,5,5,2,0
2022-23,22200193,2,1610612739,7,9,5,4,0
2022-23,22200193,2,1610612750,4,4,3,2,0
2022-23,22200193,3,1610612739,9,15,13,5,0
2022-23,22200193,3,1610612750,5,9,7,0,0
2022-23,22200193,4,1610612739,7,10,6,3,1
2022-23,22200193,4,1610612750,9,16,10,5,0
2022-23,22200194,1,1610612763,0,0,0,0,0
2022-23,22200194,1,1610612764,7,8,4,4,1
2022-23,22200194,2,1610612763,5,2,1,4,1
2022-23,22200194,2,1610612764,4,4,2,2,0
2022-23,22200194,3,1610612763,5,8,6,0,1
2022-23,22200194,3,1610612764,5,5,3,1,0
2022-23,22200194,4,1610612763,1,0,0,1,0
2022-23,22200194,4,1610612764,6,4,2,5,0
2022-23,22200195,1,1610612755,3,6,5,0,0
2022-23,22200195,1,1610612762,0,0,0,0,0
2022-23,22200195,2,1610612755,1,2,2,0,0
2022-23,22200195,2,1610612762,7,13,5,2,1
2022-23,22200195,3,1610612755,2,1,1,1,1
2022-23,22200195,3,1610612762,4,4,4,1,1
2022-23,22200195,4,1610612755,10,17,13,5,0
2022-23,22200195,4,1610612762,5,6,4,3,0
2022-23,22200196,1,1610612741,3,5,2,0,0
2022-23,22200196,1,1610612743,3,6,4,0,0
2022-23,22200196,2,1610612741,4,5,5,1,0
2022-23,22200196,2,1610612743,6,7,6,3,0
2022-23,22200196,3,1610612741,4,5,5,1,0
2022-23,22200196,3,1610612743,6,6,6,3,0
2022-23,22200196,4,1610612741,5,6,5,3,0
2022-23,22200196,4,1610612743,4,2,1,1,1
2022-23,22200197,1,1610612744,5,5,5,0,2
2022-23,22200197,1,1610612758,3,1,1,2,0
2022-23,22200197,2,1610612744,2,4,3,0,0
2022-23,22200197,2,1610612758,7,11,8,4,0
2022-23,22200197,3,1610612744,5,7,7,1,0
2022-23,22200197,3,1610612758,5,1,1,3,1
2022-23,22200197,4,1610612744,2,0,0,2,0
2022-23,22200197,4,1610612758,4,6,2,2,0
2022-23,22200198,1,1610612747,4,8,7,0,0
2022-23,22200198,1,1610612751,3,7,5,0,0
2022-23,22200198,2,1610612747,3,3,2,1,0
2022-23,22200198,2,1610612751,5,6,3,2,0
2022-23,22200198,3,1610612747,4,3,2,3,0
2022-23,22200198,3,1610612751,5,5,5,2,0
2022-23,22200198,4,1610612747,4,6,6,1,0
2022-23,22200198,4,1610612751,8,13,11,3,0
2022-23,22200199,1,1610612761,5,7,6,3,0
2022-23,22200199,1,1610612765,5,8,5,2,0
2022-23,22200199,2,1610612761,1,2,2,0,0
2022-23,22200199,2,1610612765,6,11,7,1,0
2022-23,22200199,3,1610612761,6,7,7,2,1
2022-23,22200199,3,1610612765,6,9,6,0,0
2022-23,22200199,4,1610612761,7,12,12,3,0
2022-23,22200199,4,1610612765,8,15,13,4,0
2022-23,22200200,1,1610612753,6,4,3,4,1
2022-23,22200200,1,1610612766,2,4,4,0,0
2022-23,22200200,2,1610612753,4,6,3,1,0
2022-23,22200200,2,1610612766,6,6,5,5,0
2022-23,22200200,3,1610612753,3,3,3,1,0
2022-23,22200200,3,1610612766,5,6,6,1,0
2022-23,22200200,4,1610612753,8,10,10,4,1
2022-23,22200200,4,1610612766,5,8,6,2,0
2022-23,22200201,1,1610612738,5,8,8,1,0
2022-23,22200201,1,1610612760,2,3,3,1,0
2022-23,22200201,2,1610612738,4,7,7,0,0
2022-23,22200201,2,1610612760,5,8,7,1,0
2022-23,22200201,3,1610612738,5,6,4,2,0
2022-23,22200201,3,1610612760,2,3,2,0,0
2022-23,22200201,4,1610612738,6,8,5,1,2
2022-23,22200201,4,1610612760,6,7,5,1,0
2022-23,22200202,1,1610612748,5,6,6,2,1
2022-23,22200202,1,1610612756,1,1,0,1,0
2022-23,22200202,2,1610612748,4,5,3,3,0
2022-23,22200202,2,1610612756,0,0,0,0,0
2022-23,22200202,3,1610612748,5,6,5,2,1
2022-23,22200202,3,1610612756,4,2,1,2,1
2022-23,22200202,4,1610612748,6,8,8,0,1
2022-23,22200202,4,1610612756,4,1,1,3,0
2022-23,22200203,1,1610612745,2,0,0,2,0
2022-23,22200203,1,1610612746,2,3,3,1,0
2022-23,22200203,2,1610612745,10,15,9,4,1
2022-23,22200203,2,1610612746,5,9,7,1,0
2022-23,22200203,3,1610612745,3,3,3,1,0
2022-23,22200203,3,1610612746,3,7,5,0,1
2022-23,22200203,4,1610612745,6,13,7,0,0
2022-23,22200203,4,1610612746,11,14,11,4,2
2022-23,22200204,1,1610612737,2,0,0,2,0
2022-23,22200204,1,1610612749,3,6,5,0,0
2022-23,22200204,2,1610612737,6,6,6,2,0
2022-23,22200204,2,1610612749,9,18,12,2,0
2022-23,22200204,3,1610612737,8,15,12,4,0
2022-23,22200204,3,1610612749,7,11,10,2,1
2022-23,22200204,4,1610612737,6,9,8,3,0
2022-23,22200204,4,1610612749,4,6,5,0,0
2022-23,22200205,1,1610612744,3,4,4,1,0
2022-23,22200205,1,1610612759,2,2,2,1,0
2022-23,22200205,2,1610612744,3,2,2,2,0
2022-23,22200205,2,1610612759,5,5,3,2,0
2022-23,22200205,3,1610612744,6,8,7,2,1
2022-23,22200205,3,1610612759,3,2,1,3,0
2022-23,22200205,4,1610612744,2,2,2,0,0
2022-23,22200205,4,1610612759,6,10,7,1,1
2022-23,22200206,1,1610612740,4,6,5,0,1
2022-23,22200206,1,1610612763,6,11,7,1,1
2022-23,22200206,2,1610612740,3,2,1,2,0
2022-23,22200206,2,1610612763,3,3,2,0,1
2022-23,22200206,3,1610612740,2,0,0,2,0
2022-23,22200206,3,1610612763,5,9,7,1,1
2022-23,22200206,4,1610612740,3,4,3,1,0
2022-23,22200206,4,1610612763,4,2,1,2,1
2022-23,22200207,1,1610612742,4,1,1,3,0
2022-23,22200207,1,1610612746,3,4,4,1,0
2022-23,22200207,2,1610612742,5,8,6,2,0
2022-23,22200207,2,1610612746,5,2,1,3,1
2022-23,22200207,3,1610612742,4,2,2,3,0
2022-23,22200207,3,1610612746,5,8,6,0,1
2022-23,22200207,4,1610612742,11,13,7,6,0
2022-23,22200207,4,1610612746,7,12,10,3,0
2022-23,22200208,1,1610612752,2,2,2,1,0
2022-23,22200208,1,1610612762,5,6,4,1,0
2022-23,22200208,2,1610612752,5,5,5,1,0
2022-23,22200208,2,1610612762,8,12,10,3,1
2022-23,22200208,3,1610612752,4,8,4,0,0
2022-23,22200208,3,1610612762,4,4,4,3,0
2022-23,22200208,4,1610612752,7,10,8,4,0
2022-23,22200208,4,1610612762,7,8,7,4,1
2022-23,22200209,1,1610612757,3,5,5,0,0
2022-23,22200209,1,1610612759,2,4,3,0,0
2022-23,22200209,2,1610612757,6,6,3,4,0
2022-23,22200209,2,1610612759,4,2,0,2,0
2022-23,22200209,3,1610612757,9,12,9,2,0
2022-23,22200209,3,1610612759,5,5,5,2,0
2022-23,22200209,4,1610612757,5,3,3,3,1
2022-23,22200209,4,1610612759,4,6,5,1,0
2022-23,22200210,1,1610612751,5,6,6,3,0
2022-23,22200210,1,1610612758,5,7,6,2,0
2022-23,22200210,2,1610612751,5,8,8,2,0
2022-23,22200210,2,1610612758,6,9,7,1,0
2022-23,22200210,3,1610612751,5,6,5,2,0
2022-23,22200210,3,1610612758,4,3,2,2,0
2022-23,22200210,4,1610612751,7,13,11,1,0
2022-23,22200210,4,1610612758,3,6,6,0,0
2022-23,22200211,1,1610612754,3,4,3,1,0
2022-23,22200211,1,1610612766,3,6,5,0,0
2022-23,22200211,2,1610612754,7,9,6,2,0
2022-23,22200211,2,1610612766,6,5,4,5,0
2022-23,22200211,3,1610612754,3,4,3,1,0
2022-23,22200211,3,1610612766,3,2,2,2,0
2022-23,22200211,4,1610612754,8,14,14,4,0
2022-23,22200211,4,1610612766,5,5,4,2,0
2022-23,22200212,1,1610612750,3,5,5,0,0
2022-23,22200212,1,1610612753,2,4,3,0,0
2022-23,22200212,2,1610612750,11,11,9,5,0
2022-23,22200212,2,1610612753,3,3,3,2,0
2022-23,22200212,3,1610612750,4,5,3,1,0
2022-23,22200212,3,1610612753,4,2,1,3,0
2022-23,22200212,4,1610612750,7,7,5,2,0
2022-23,22200212,4,1610612753,6,8,8,2,1
2022-23,22200213,1,1610612760,3,3,2,1,0
2022-23,22200213,1,1610612764,4,2,2,3,0
2022-23,22200213,2,1610612760,4,8,5,0,0
2022-23,22200213,2,1610612764,3,1,1,2,0
2022-23,22200213,3,1610612760,5,8,6,2,0
2022-23,22200213,3,1610612764,4,2,2,3,0
2022-23,22200213,4,1610612760,5,7,4,2,0
2022-23,22200213,4,1610612764,9,12,10,3,0
2022-23,22200214,1,1610612737,5,4,2,4,0
2022-23,22200214,1,1610612738,2,0,0,2,0
2022-23,22200214,2,1610612737,6,7,7,2,0
2022-23,22200214,2,1610612738,3,2,1,2,0
2022-23,22200214,3,1610612737,1,0,0,1,0
2022-23,22200214,3,1610612738,2,4,4,0,0
2022-23,22200214,4,1610612737,3,2,1,1,0
2022-23,22200214,4,1610612738,3,4,4,1,0
2022-23,22200215,1,1610612748,2,3,3,1,0
2022-23,22200215,1,1610612761,1,1,1,1,0
2022-23,22200215,2,1610612748,8,12,10,3,0
2022-23,22200215,2,1610612761,5,6,4,1,1
2022-23,22200215,3,1610612748,5,3,2,3,0
2022-23,22200215,3,1610612761,3,4,3,1,0
2022-23,22200215,4,1610612748,4,4,4,1,1
2022-23,22200215,4,1610612761,8,11,9,3,1
2022-23,22200216,1,1610612739,3,6,5,0,0
2022-23,22200216,1,1610612749,3,4,3,1,0
2022-23,22200216,2,1610612739,4,2,2,2,1
2022-23,22200216,2,1610612749,9,16,9,4,2
2022-23,22200216,3,1610612739,4,5,3,1,0
2022-23,22200216,3,1610612749,2,1,0,0,1
2022-23,22200216,4,1610612739,3,4,4,0,1
2022-23,22200216,4,1610612749,4,6,3,1,0
2022-23,22200217,1,1610612740,4,4,4,2,0
2022-23,22200217,1,1610612741,2,2,2,0,1
2022-23,22200217,2,1610612740,2,2,2,0,0
2022-23,22200217,2,1610612741,4,4,1,2,0
2022-23,22200217,3,1610612740,6,10,9,2,1
2022-23,22200217,3,1610612741,1,0,0,1,0
2022-23,22200217,4,1610612740,5,8,6,2,0
2022-23,22200217,4,1610612741,8,11,8,3,0
2022-23,22200218,1,1610612742,6,8,7,2,0
2022-23,22200218,1,1610612745,6,8,6,1,0
2022-23,22200218,2,1610612742,2,0,0,2,0
2022-23,22200218,2,1610612745,4,5,5,1,1
2022-23,22200218,3,1610612742,5,6,6,1,1
2022-23,22200218,3,1610612745,3,2,2,1,1
2022-23,22200218,4,1610612742,5,5,5,1,1
2022-23,22200218,4,1610612745,6,9,8,2,0
2022-23,22200219,1,1610612743,2,2,2,1,0
2022-23,22200219,1,1610612752,2,2,2,0,0
2022-23,22200219,2,1610612743,4,2,2,2,1
2022-23,22200219,2,1610612752,9,10,8,3,2
2022-23,22200219,3,1610612743,8,13,10,0,2
2022-23,22200219,3,1610612752,5,6,5,1,1
2022-23,22200219,4,1610612743,3,3,3,0,0
2022-23,22200219,4,1610612752,9,13,9,2,2
2022-23,22200220,1,1610612744,5,7,7,2,0
2022-23,22200220,1,1610612756,6,9,7,3,0
2022-23,22200220,2,1610612744,5,4,4,3,0
2022-23,22200220,2,1610612756,4,7,5,0,0
2022-23,22200220,3,1610612744,3,2,2,2,0
2022-23,22200220,3,1610612756,2,3,3,1,0
2022-23,22200220,4,1610612744,4,4,4,2,1
2022-23,22200220,4,1610612756,7,6,6,3,0
2022-23,22200221,1,1610612751,4,5,4,1,0
2022-23,22200221,1,1610612757,4,2,1,3,0
2022-23,22200221,2,1610612751,3,2,2,2,0
2022-23,22200221,2,1610612757,5,8,7,1,0
2022-23,22200221,3,1610612751,7,9,7,1,1
2022-23,22200221,3,1610612757,4,2,2,2,1
2022-23,22200221,4,1610612751,7,7,5,4,2
2022-23,22200221,4,1610612757,9,15,12,2,2
2022-23,22200222,1,1610612758,3,5,5,0,0
2022-23,22200222,1,1610612759,1,1,1,0,0
2022-23,22200222,2,1610612758,3,4,4,1,0
2022-23,22200222,2,1610612759,5,2,1,3,1
2022-23,22200222,3,1610612758,5,6,5,2,0
2022-23,22200222,3,1610612759,2,3,2,0,0
2022-23,22200222,4,1610612758,7,9,8,1,0
2022-23,22200222,4,1610612759,6,6,5,3,0
2022-23,22200223,1,1610612746,5,6,3,2,1
2022-23,22200223,1,1610612765,6,9,7,1,0
2022-23,22200223,2,1610612746,4,5,5,1,1
2022-23,22200223,2,1610612765,3,6,5,1,0
2022-23,22200223,3,1610612746,4,5,4,1,0
2022-23,22200223,3,1610612765,4,1,1,2,1
2022-23,22200223,4,1610612746,7,8,7,4,0
2022-23,22200223,4,1610612765,6,8,6,1,2
2022-23,22200224,1,1610612748,4,6,5,1,0
2022-23,22200224,1,1610612764,4,4,2,1,0
2022-23,22200224,2,1610612748,8,13,11,0,2
2022-23,22200224,2,1610612764,4,3,2,2,1
2022-23,22200224,3,1610612748,5,7,5,1,0
2022-23,22200224,3,1610612764,3,2,2,1,1
2022-23,22200224,4,1610612748,4,4,2,1,1
2022-23,22200224,4,1610612764,3,3,3,1,0
2022-23,22200225,1,1610612739,4,3,3,2,0
2022-23,22200225,1,1610612766,4,3,2,1,1
2022-23,22200225,2,1610612739,6,8,7,2,1
2022-23,22200225,2,1610612766,9,13,10,3,0
2022-23,22200225,3,1610612739,8,10,7,3,0
2022-23,22200225,3,1610612766,4,3,3,3,0
2022-23,22200225,4,1610612739,6,6,6,5,0
2022-23,22200225,4,1610612766,5,5,5,1,1
2022-23,22200226,1,1610612749,3,6,3,0,0
2022-23,22200226,1,1610612755,2,5,2,0,0
2022-23,22200226,2,1610612749,4,3,1,2,0
2022-23,22200226,2,1610612755,1,3,2,0,0
2022-23,22200226,3,1610612749,5,8,2,2,0
2022-23,22200226,3,1610612755,8,13,11,3,2
2022-23,22200226,4,1610612749,4,4,2,0,2
2022-23,22200226,4,1610612755,5,5,2,1,1
2022-23,22200227,1,1610612741,5,4,3,2,0
2022-23,22200227,1,1610612753,6,9,8,2,0
2022-23,22200227,2,1610612741,6,7,7,4,0
2022-23,22200227,2,1610612753,6,6,6,4,0
2022-23,22200227,3,1610612741,7,11,9,2,0
2022-23,22200227,3,1610612753,4,5,4,1,0
2022-23,22200227,4,1610612741,4,3,1,3,0
2022-23,22200227,4,1610612753,3,2,2,2,0
2022-23,22200228,1,1610612745,5,8,6,1,0
2022-23,22200228,1,1610612754,4,4,2,1,1
2022-23,22200228,2,1610612745,4,5,4,1,1
2022-23,22200228,2,1610612754,7,9,7,2,2
2022-23,22200228,3,1610612745,5,7,7,1,0
2022-23,22200228,3,1610612754,5,9,8,1,0
2022-23,22200228,4,1610612745,9,12,10,4,0
2022-23,22200228,4,1610612754,6,5,4,3,0
2022-23,22200229,1,1610612760,3,0,0,3,0
2022-23,22200229,1,1610612763,7,9,5,3,0
2022-23,22200229,2,1610612760,3,6,5,0,0
2022-23,22200229,2,1610612763,7,12,9,2,0
2022-23,22200229,3,1610612760,3,2,2,2,0
2022-23,22200229,3,1610612763,5,7,6,0,1
2022-23,22200229,4,1610612760,2,3,2,0,0
2022-23,22200229,4,1610612763,8,12,9,4,0
2022-23,22200230,1,1610612742,4,7,5,0,0
2022-23,22200230,1,1610612743,1,1,0,0,0
2022-23,22200230,2,1610612742,6,9,9,1,0
2022-23,22200230,2,1610612743,4,4,3,1,0
2022-23,22200230,3,1610612742,4,6,4,1,0
2022-23,22200230,3,1610612743,5,6,6,1,0
2022-23,22200230,4,1610612742,4,6,4,1,0
2022-23,22200230,4,1610612743,6,7,4,2,0
2022-23,22200231,1,1610612738,1,0,0,1,0
2022-23,22200231,1,1610612740,3,0,0,2,1
2022-23,22200231,2,1610612738,4,5,5,1,0
2022-23,22200231,2,1610612740,2,3,2,0,0
2022-23,22200231,3,1610612738,4,4,4,1,1
2022-23,22200231,3,1610612740,5,6,5,2,0
2022-23,22200231,4,1610612738,7,8,6,5,1
2022-23,22200231,4,1610612740,3,4,3,1,0
2022-23,22200232,1,1610612756,5,3,3,2,1
2022-23,22200232,1,1610612762,6,8,5,1,1
2022-23,22200232,2,1610612756,8,15,14,2,1
2022-23,22200232,2,1610612762,6,8,5,2,0
2022-23,22200232,3,1610612756,6,5,4,4,0
2022-23,22200232,3,1610612762,5,4,4,1,1
2022-23,22200232,4,1610612756,6,5,5,3,1
2022-23,22200232,4,1610612762,4,4,2,1,0
2022-23,22200233,1,1610612744,2,3,2,1,0
2022-23,22200233,1,1610612752,5,10,9,0,0
2022-23,22200233,2,1610612744,5,8,6,0,1
2022-23,22200233,2,1610612752,5,7,7,0,1
2022-23,22200233,3,1610612744,3,3,1,1,0
2022-23,22200233,3,1610612752,5,5,5,0,1
2022-23,22200233,4,1610612744,4,6,2,1,0
2022-23,22200233,4,1610612752,9,12,11,0,2
2022-23,22200234,1,1610612747,10,16,12,2,0
2022-23,22200234,1,1610612765,6,8,7,2,1
2022-23,22200234,2,1610612747,3,4,3,1,0
2022-23,22200234,2,1610612765,3,3,1,2,0
2022-23,22200234,3,1610612747,4,4,4,2,0
2022-23,22200234,3,1610612765,7,13,10,3,0
2022-23,22200234,4,1610612747,10,16,16,4,0
2022-23,22200234,4,1610612765,5,8,6,1,0
2022-23,22200235,1,1610612737,4,7,7,1,0
2022-23,22200235,1,1610612761,2,3,3,0,0
2022-23,22200235,2,1610612737,3,4,4,1,0
2022-23,22200235,2,1610612761,4,5,4,0,1
2022-23,22200235,3,1610612737,6,8,4,3,0
2022-23,22200235,3,1610612761,5,2,2,3,2
2022-23,22200235,4,1610612737,6,7,7,4,1
2022-23,22200235,4,1610612761,5,8,6,1,0
2022-23,22200236,1,1610612753,2,4,2,0,0
2022-23,22200236,1,1610612754,4,4,2,1,1
2022-23,22200236,2,1610612753,2,3,1,0,0
2022-23,22200236,2,1610612754,5,8,5,1,0
2022-23,22200236,3,1610612753,6,10,8,1,0
2022-23,22200236,3,1610612754,2,1,1,0,1
2022-23,22200236,4,1610612753,6,9,8,2,1
2022-23,22200236,4,1610612754,6,6,6,3,2
2022-23,22200237,1,1610612750,5,5,4,1,0
2022-23,22200237,1,1610612755,3,3,2,1,0
2022-23,22200237,2,1610612750,2,1,1,1,0
2022-23,22200237,2,1610612755,7,9,8,2,0
2022-23,22200237,3,1610612750,7,12,10,2,0
2022-23,22200237,3,1610612755,9,16,14,1,0
2022-23,22200237,4,1610612750,5,6,5,3,0
2022-23,22200237,4,1610612755,3,4,3,0,1
2022-23,22200238,1,1610612757,3,5,4,1,0
2022-23,22200238,1,1610612762,2,4,4,0,0
2022-23,22200238,2,1610612757,7,10,9,3,1
2022-23,22200238,2,1610612762,5,8,7,1,0
2022-23,22200238,3,1610612757,3,1,1,2,0
2022-23,22200238,3,1610612762,5,2,2,3,0
2022-23,22200238,4,1610612757,6,11,8,1,0
2022-23,22200238,4,1610612762,7,9,7,3,1
2022-23,22200239,1,1610612746,4,5,3,1,0
2022-23,22200239,1,1610612759,3,2,2,1,0
2022-23,22200239,2,1610612746,2,4,1,0,0
2022-23,22200239,2,1610612759,2,0,0,2,0
2022-23,22200239,3,1610612746,2,2,2,1,0
2022-23,22200239,3,1610612759,4,2,2,2,1
2022-23,22200239,4,1610612746,5,8,4,1,0
2022-23,22200239,4,1610612759,9,17,14,4,1
2022-23,22200240,1,1610612752,3,4,4,1,0
2022-23,22200240,1,1610612756,4,8,6,0,0
2022-23,22200240,2,1610612752,4,5,4,1,0
2022-23,22200240,2,1610612756,5,7,5,1,1
2022-23,22200240,3,1610612752,4,3,3,1,1
2022-23,22200240,3,1610612756,1,1,1,0,0
2022-23,22200240,4,1610612752,8,13,9,2,2
2022-23,22200240,4,1610612756,3,2,1,1,1
2022-23,22200241,1,1610612764,3,3,2,1,0
2022-23,22200241,1,1610612766,1,3,1,0,0
2022-23,22200241,2,1610612764,2,2,2,0,1
2022-23,22200241,2,1610612766,3,2,2,1,1
2022-23,22200241,3,1610612764,6,4,1,4,0
2022-23,22200241,3,1610612766,5,10,7,0,0
2022-23,22200241,4,1610612764,6,9,8,3,0
2022-23,22200241,4,1610612766,6,8,6,1,2
2022-23,22200242,1,1610612758,6,9,7,1,0
2022-23,22200242,1,1610612765,3,1,1,2,0
2022-23,22200242,2,1610612758,4,8,6,0,0
2022-23,22200242,2,1610612765,4,5,4,0,1
2022-23,22200242,3,1610612758,6,11,11,2,0
2022-23,22200242,3,1610612765,5,7,7,1,1
2022-23,22200242,4,1610612758,5,7,7,3,0
2022-23,22200242,4,1610612765,5,10,8,1,0
2022-23,22200243,1,1610612751,3,2,0,3,0
2022-23,22200243,1,1610612763,2,2,2,0,1
2022-23,22200243,2,1610612751,2,4,3,0,0
2022-23,22200243,2,1610612763,8,10,5,4,1
2022-23,22200243,3,1610612751,4,7,6,0,0
2022-23,22200243,3,1610612763,6,11,6,0,0
2022-23,22200243,4,1610612751,2,2,2,1,0
2022-23,22200243,4,1610612763,7,8,4,1,1
2022-23,22200244,1,1610612739,4,4,3,1,1
2022-23,22200244,1,1610612748,6,8,8,2,1
2022-23,22200244,2,1610612739,7,11,8,1,0
2022-23,22200244,2,1610612748,5,2,2,4,1
2022-23,22200244,3,1610612739,2,0,0,1,1
2022-23,22200244,3,1610612748,6,8,7,1,2
2022-23,22200244,4,1610612739,2,1,1,1,0
2022-23,22200244,4,1610612748,4,4,2,2,0
2022-23,22200245,1,1610612744,2,2,2,1,0
2022-23,22200245,1,1610612745,3,4,3,1,0
2022-23,22200245,2,1610612744,2,2,2,1,0
2022-23,22200245,2,1610612745,7,11,10,3,0
2022-23,22200245,3,1610612744,3,3,2,2,0
2022-23,22200245,3,1610612745,5,4,4,3,0
2022-23,22200245,4,1610612744,5,8,5,2,0
2022-23,22200245,4,1610612745,7,8,6,1,2
2022-23,22200246,1,1610612742,5,10,5,1,0
2022-23,22200246,1,1610612743,4,8,6,0,0
2022-23,22200246,2,1610612742,4,3,3,2,0
2022-23,22200246,2,1610612743,4,2,2,3,0
2022-23,22200246,3,1610612742,4,6,3,2,0
2022-23,22200246,3,1610612743,2,1,0,1,0
2022-23,22200246,4,1610612742,4,2,1,2,1
2022-23,22200246,4,1610612743,7,8,7,6,0
2022-23,22200247,1,1610612747,3,4,4,0,0
2022-23,22200247,1,1610612759,1,1,0,0,0
2022-23,22200247,2,1610612747,5,9,7,0,1
2022-23,22200247,2,1610612759,0,0,0,0,0
2022-23,22200247,3,1610612747,2,2,2,1,0
2022-23,22200247,3,1610612759,4,5,3,0,1
2022-23,22200247,4,1610612747,5,9,8,0,1
2022-23,22200247,4,1610612759,3,4,0,1,0
2022-23,22200248,1,1610612737,5,5,4,3,0
2022-23,22200248,1,1610612739,3,4,4,1,0
2022-23,22200248,2,1610612737,6,8,7,3,0
2022-23,22200248,2,1610612739,6,8,6,1,1
2022-23,22200248,3,1610612737,2,2,2,1,0
2022-23,22200248,3,1610612739,8,9,8,4,1
2022-23,22200248,4,1610612737,4,2,2,3,0
2022-23,22200248,4,1610612739,3,2,2,1,1
2022-23,22200249,1,1610612753,5,7,6,1,0
2022-23,22200249,1,1610612754,4,4,4,1,0
2022-23,22200249,2,1610612753,5,4,2,4,0
2022-23,22200249,2,1610612754,5,4,4,3,0
2022-23,22200249,3,1610612753,4,2,1,3,0
2022-23,22200249,3,1610612754,6,6,5,2,0
2022-23,22200249,4,1610612753,7,12,10,2,1
2022-23,22200249,4,1610612754,7,13,11,2,0
2022-23,22200250,1,1610612738,4,7,6,0,1
2022-23,22200250,1,1610612741,5,6,3,2,0
2022-23,22200250,2,1610612738,3,3,2,1,0
2022-23,22200250,2,1610612741,3,5,5,0,0
2022-23,22200250,3,1610612738,4,4,2,2,0
2022-23,22200250,3,1610612741,5,7,5,0,1
2022-23,22200250,4,1610612738,5,3,2,2,0
2022-23,22200250,4,1610612741,3,2,2,2,0
2022-23,22200251,1,1610612749,2,3,1,0,0
2022-23,22200251,1,1610612757,3,3,2,1,0
2022-23,22200251,2,1610612749,3,4,4,1,0
2022-23,22200251,2,1610612757,6,6,5,3,1
2022-23,22200251,3,1610612749,9,13,6,4,0
2022-23,22200251,3,1610612757,6,8,6,1,1
2022-23,22200251,4,1610612749,3,5,5,0,0
2022-23,22200251,4,1610612757,2,2,2,1,0
2022-23,22200252,1,1610612748,4,8,7,0,0
2022-23,22200252,1,1610612750,4,3,3,2,0
2022-23,22200252,2,1610612748,5,6,5,1,1
2022-23,22200252,2,1610612750,5,5,5,2,1
2022-23,22200252,3,1610612748,8,12,6,4,1
2022-23,22200252,3,1610612750,5,5,4,2,0
2022-23,22200252,4,1610612748,5,4,2,3,1
2022-23,22200252,4,1610612750,5,7,5,3,0
2022-23,22200253,1,1610612740,5,7,5,2,0
2022-23,22200253,1,1610612744,5,4,3,2,0
2022-23,22200253,2,1610612740,5,5,3,2,0
2022-23,22200253,2,1610612744,5,7,7,0,1
2022-23,22200253,3,1610612740,5,7,6,2,1
2022-23,22200253,3,1610612744,4,8,7,1,0
2022-23,22200253,4,1610612740,3,2,1,2,0
2022-23,22200253,4,1610612744,1,0,0,0,1
2022-23,22200254,1,1610612752,2,4,3,0,0
2022-23,22200254,1,1610612760,5,5,4,2,0
2022-23,22200254,2,1610612752,3,3,2,2,0
2022-23,22200254,2,1610612760,6,11,10,1,0
2022-23,22200254,3,1610612752,5,7,6,3,0
2022-23,22200254,3,1610612760,4,4,4,1,1
2022-23,22200254,4,1610612752,6,6,5,1,2
2022-23,22200254,4,1610612760,9,12,7,3,0
2022-23,22200255,1,1610612746,3,4,4,0,0
2022-23,22200255,1,1610612762,3,5,5,0,1
2022-23,22200255,2,1610612746,4,4,3,1,0
2022-23,22200255,2,1610612762,4,5,4,1,0
2022-23,22200255,3,1610612746,3,2,2,2,0
2022-23,22200255,3,1610612762,6,8,8,1,0
2022-23,22200255,4,1610612746,6,9,9,3,0
2022-23,22200255,4,1610612762,5,6,5,3,0
2022-23,22200256,1,1610612751,3,6,6,0,0
2022-23,22200256,1,1610612755,2,2,2,1,0
2022-23,22200256,2,1610612751,1,2,1,0,0
2022-23,22200256,2,1610612755,6,7,5,3,0
2022-23,22200256,3,1610612751,3,2,0,2,0
2022-23,22200256,3,1610612755,2,1,1,1,0
2022-23,22200256,4,1610612751,4,3,2,1,0
2022-23,22200256,4,1610612755,5,6,5,2,0
2022-23,22200257,1,1610612758,4,6,6,0,1
2022-23,22200257,1,1610612763,3,3,2,1,0
2022-23,22200257,2,1610612758,6,6,2,3,1
2022-23,22200257,2,1610612763,5,7,6,1,0
2022-23,22200257,3,1610612758,3,2,2,1,1
2022-23,22200257,3,1610612763,5,3,0,4,0
2022-23,22200257,4,1610612758,7,13,10,5,1
2022-23,22200257,4,1610612763,10,17,11,1,1
2022-23,22200258,1,1610612743,2,0,0,1,1
2022-23,22200258,1,1610612765,1,0,0,1,0
2022-23,22200258,2,1610612743,9,13,7,5,1
2022-23,22200258,2,1610612765,3,4,3,0,1
2022-23,22200258,3,1610612743,2,3,3,0,0
2022-23,22200258,3,1610612765,3,1,1,2,0
2022-23,22200258,4,1610612743,7,10,7,4,0
2022-23,22200258,4,1610612765,7,9,8,4,0
2022-23,22200259,1,1610612747,3,3,2,1,0
2022-23,22200259,1,1610612756,2,3,3,0,0
2022-23,22200259,2,1610612747,5,11,11,1,0
2022-23,22200259,2,1610612756,1,0,0,0,1
2022-23,22200259,3,1610612747,6,9,8,1,1
2022-23,22200259,3,1610612756,1,0,0,1,0
2022-23,22200259,4,1610612747,7,12,8,0,0
2022-23,22200259,4,1610612756,4,2,0,3,0
2022-23,22200260,1,1610612755,3,6,6,0,0
2022-23,22200260,1,1610612766,5,5,2,1,0
2022-23,22200260,2,1610612755,5,5,5,3,0
2022-23,22200260,2,1610612766,6,7,5,2,0
2022-23,22200260,3,1610612755,2,2,2,1,0
2022-23,22200260,3,1610612766,7,5,4,2,0
2022-23,22200260,4,1610612755,4,5,3,1,1
2022-23,22200260,4,1610612766,4,4,2,4,0
2022-23,22200261,1,1610612739,4,5,3,1,0
2022-23,22200261,1,1610612757,3,2,2,2,0
2022-23,22200261,2,1610612739,2,1,1,0,1
2022-23,22200261,2,1610612757,3,5,5,0,0
2022-23,22200261,3,1610612739,7,12,12,3,0
2022-23,22200261,3,1610612757,4,2,2,2,0
2022-23,22200261,4,1610612739,7,5,4,4,0
2022-23,22200261,4,1610612757,3,4,4,0,1
2022-23,22200262,1,1610612750,4,2,1,3,0
2022-23,22200262,1,1610612754,4,1,1,2,1
2022-23,22200262,2,1610612750,5,6,5,2,0
2022-23,22200262,2,1610612754,5,8,5,1,0
2022-23,22200262,3,1610612750,2,4,4,0,0
2022-23,22200262,3,1610612754,4,4,3,1,1
2022-23,22200262,4,1610612750,5,5,3,2,0
2022-23,22200262,4,1610612754,3,3,2,1,1
2022-23,22200263,1,1610612737,4,4,4,1,0
2022-23,22200263,1,1610612758,4,3,3,2,0
2022-23,22200263,2,1610612737,5,5,4,1,1
2022-23,22200263,2,1610612758,5,8,7,1,0
2022-23,22200263,3,1610612737,7,10,10,3,0
2022-23,22200263,3,1610612758,3,5,3,0,0
2022-23,22200263,4,1610612737,5,4,4,4,0
2022-23,22200263,4,1610612758,4,5,2,1,0
2022-23,22200264,1,1610612738,3,5,4,0,0
2022-23,22200264,1,1610612742,4,5,3,1,0
2022-23,22200264,2,1610612738,4,8,7,0,0
2022-23,22200264,2,1610612742,5,4,2,2,0
2022-23,22200264,3,1610612738,3,3,3,1,0
2022-23,22200264,3,1610612742,6,5,3,5,0
2022-23,22200264,4,1610612738,6,5,4,6,0
2022-23,22200264,4,1610612742,5,7,5,3,0
2022-23,22200265,1,1610612748,5,5,3,2,0
2022-23,22200265,1,1610612764,5,8,4,0,0
2022-23,22200265,2,1610612748,7,11,11,3,0
2022-23,22200265,2,1610612764,4,3,2,1,1
2022-23,22200265,3,1610612748,2,1,1,1,0
2022-23,22200265,3,1610612764,5,6,4,2,1
2022-23,22200265,4,1610612748,5,5,4,2,1
2022-23,22200265,4,1610612764,4,2,1,1,1
2022-23,22200266,1,1610612751,2,2,2,1,0
2022-23,22200266,1,1610612761,5,9,7,0,0
2022-23,22200266,2,1610612751,3,3,1,0,1
2022-23,22200266,2,1610612761,6,6,4,1,2
2022-23,22200266,3,1610612751,4,2,2,1,1
2022-23,22200266,3,1610612761,2,2,2,1,0
2022-23,22200266,4,1610612751,2,0,0,1,1
2022-23,22200266,4,1610612761,7,8,6,3,1
2022-23,22200267,1,1610612741,2,2,2,1,0
2022-23,22200267,1,1610612749,4,6,6,2,0
2022-23,22200267,2,1610612741,2,3,3,0,0
2022-23,22200267,2,1610612749,4,4,4,1,1
2022-23,22200267,3,1610612741,4,5,4,1,0
2022-23,22200267,3,1610612749,4,6,5,1,0
2022-23,22200267,4,1610612741,5,8,5,3,0
2022-23,22200267,4,1610612749,6,9,4,3,0
2022-23,22200268,1,1610612743,7,11,10,2,0
2022-23,22200268,1,1610612760,3,2,2,2,0
2022-23,22200268,2,1610612743,7,11,9,3,0
2022-23,22200268,2,1610612760,7,12,11,1,0
2022-23,22200268,3,1610612743,4,5,3,1,0
2022-23,22200268,3,1610612760,5,6,5,2,0
2022-23,22200268,4,1610612743,5,9,7,1,0
2022-23,22200268,4,1610612760,4,6,5,1,0
2022-23,22200269,1,1610612740,4,5,3,1,0
2022-23,22200269,1,1610612759,3,6,4,1,0
2022-23,22200269,2,1610612740,2,3,2,1,0
2022-23,22200269,2,1610612759,5,8,6,1,0
2022-23,22200269,3,1610612740,12,16,13,2,2
2022-23,22200269,3,1610612759,5,5,3,2,0
2022-23,22200269,4,1610612740,3,6,3,0,0
2022-23,22200269,4,1610612759,6,9,5,0,1
2022-23,22200270,1,1610612762,3,0,0,3,0
2022-23,22200270,1,1610612765,4,5,4,1,0
2022-23,22200270,2,1610612762,4,1,1,3,0
2022-23,22200270,2,1610612765,3,3,3,0,1
2022-23,22200270,3,1610612762,7,10,7,3,1
2022-23,22200270,3,1610612765,5,7,7,1,0
2022-23,22200270,4,1610612762,5,8,8,1,0
2022-23,22200270,4,1610612765,7,12,11,5,0
2022-23,22200271,1,1610612744,4,6,5,1,0
2022-23,22200271,1,1610612746,4,4,3,1,1
2022-23,22200271,2,1610612744,3,4,3,0,1
2022-23,22200271,2,1610612746,7,10,7,2,0
2022-23,22200271,3,1610612744,2,2,1,1,0
2022-23,22200271,3,1610612746,9,11,6,5,1
2022-23,22200271,4,1610612744,2,1,0,1,0
2022-23,22200271,4,1610612746,3,2,2,1,1
2022-23,22200272,1,1610612750,4,7,7,0,0
2022-23,22200272,1,1610612766,6,8,3,1,0
2022-23,22200272,2,1610612750,6,6,6,1,1
2022-23,22200272,2,1610612766,5,5,4,2,0
2022-23,22200272,3,1610612750,4,3,2,2,0
2022-23,22200272,3,1610612766,8,11,9,1,1
2022-23,22200272,4,1610612750,2,2,2,1,0
2022-23,22200272,4,1610612766,6,8,6,2,1
2022-23,22200273,1,1610612753,4,6,5,0,1
2022-23,22200273,1,1610612755,3,2,1,2,0
2022-23,22200273,2,1610612753,4,5,4,2,0
2022-23,22200273,2,1610612755,4,6,6,1,0
2022-23,22200273,3,1610612753,2,2,2,1,0
2022-23,22200273,3,1610612755,3,6,4,0,0
2022-23,22200273,4,1610612753,9,14,11,3,1
2022-23,22200273,4,1610612755,3,4,4,1,0
2022-23,22200274,1,1610612752,5,7,7,1,1
2022-23,22200274,1,1610612757,3,4,3,1,0
2022-23,22200274,2,1610612752,4,4,4,1,0
2022-23,22200274,2,1610612757,13,24,18,5,1
2022-23,22200274,3,1610612752,3,3,2,1,0
2022-23,22200274,3,1610612757,3,4,4,0,1
2022-23,22200274,4,1610612752,6,8,7,1,1
2022-23,22200274,4,1610612757,8,10,7,4,1
2022-23,22200275,1,1610612738,4,7,5,0,0
2022-23,22200275,1,1610612758,5,7,6,3,0
2022-23,22200275,2,1610612738,3,4,4,1,0
2022-23,22200275,2,1610612758,6,6,6,2,1
2022-23,22200275,3,1610612738,7,8,8,2,1
2022-23,22200275,3,1610612758,4,8,8,1,0
2022-23,22200275,4,1610612738,4,8,7,0,0
2022-23,22200275,4,1610612758,5,5,3,2,0
2022-23,22200276,1,1610612751,2,2,1,1,0
2022-23,22200276,1,1610612754,6,12,9,1,0
2022-23,22200276,2,1610612751,3,1,1,2,0
2022-23,22200276,2,1610612754,2,0,0,2,0
2022-23,22200276,3,1610612751,2,2,1,1,0
2022-23,22200276,3,1610612754,8,10,9,3,0
2022-23,22200276,4,1610612751,3,5,5,0,0
2022-23,22200276,4,1610612754,10,16,12,1,0
2022-23,22200277,1,1610612748,3,6,3,0,0
2022-23,22200277,1,1610612764,4,4,3,1,0
2022-23,22200277,2,1610612748,4,4,4,1,0
2022-23,22200277,2,1610612764,2,2,2,0,1
2022-23,22200277,3,1610612748,4,5,5,1,0
2022-23,22200277,3,1610612764,4,4,3,2,0
2022-23,22200277,4,1610612748,6,8,7,4,0
2022-23,22200277,4,1610612764,8,10,8,5,0
2022-23,22200278,1,1610612737,5,5,5,2,0
2022-23,22200278,1,1610612745,7,11,9,2,0
2022-23,22200278,2,1610612737,7,9,9,3,0
2022-23,22200278,2,1610612745,5,9,8,0,2
2022-23,22200278,3,1610612737,8,7,6,2,1
2022-23,22200278,3,1610612745,5,11,9,0,0
2022-23,22200278,4,1610612737,8,15,9,2,0
2022-23,22200278,4,1610612745,8,10,8,6,1
2022-23,22200279,1,1610612740,6,9,9,3,0
2022-23,22200279,1,1610612763,4,3,2,1,1
2022-23,22200279,2,1610612740,5,8,6,1,1
2022-23,22200279,2,1610612763,3,2,1,2,0
2022-23,22200279,3,1610612740,4,5,4,2,0
2022-23,22200279,3,1610612763,9,18,14,2,0
2022-23,22200279,4,1610612740,5,9,8,0,0
2022-23,22200279,4,1610612763,4,4,3,1,0
2022-23,22200280,1,1610612739,3,3,2,1,0
2022-23,22200280,1,1610612749,5,8,5,1,0
2022-23,22200280,2,1610612739,10,12,10,4,2
2022-23,22200280,2,1610612749,6,12,9,2,0
2022-23,22200280,3,1610612739,4,4,4,2,0
2022-23,22200280,3,1610612749,5,3,2,1,1
2022-23,22200280,4,1610612739,5,7,6,1,0
2022-23,22200280,4,1610612749,1,2,2,0,0
2022-23,22200281,1,1610612741,5,6,5,0,1
2022-23,22200281,1,1610612760,4,4,4,2,0
2022-23,22200281,2,1610612741,3,6,4,0,0
2022-23,22200281,2,1610612760,5,8,6,1,0
2022-23,22200281,3,1610612741,4,4,3,1,1
2022-23,22200281,3,1610612760,6,11,9,1,0
2022-23,22200281,4,1610612741,4,4,4,1,0
2022-23,22200281,4,1610612760,3,2,2,1,1
2022-23,22200282,1,1610612747,2,4,3,0,0
2022-23,22200282,1,1610612759,3,3,2,1,0
2022-23,22200282,2,1610612747,3,2,2,0,2
2022-23,22200282,2,1610612759,3,6,5,0,0
2022-23,22200282,3,1610612747,4,4,4,1,1
2022-23,22200282,3,1610612759,4,3,3,1,0
2022-23,22200282,4,1610612747,8,10,8,2,0
2022-23,22200282,4,1610612759,3,4,2,1,0
2022-23,22200283,1,1610612756,3,0,0,2,1
2022-23,22200283,1,1610612765,4,0,0,3,1
2022-23,22200283,2,1610612756,9,15,10,3,1
2022-23,22200283,2,1610612765,4,4,4,2,0
2022-23,22200283,3,1610612756,1,2,1,0,0
2022-23,22200283,3,1610612765,2,2,2,2,0
2022-23,22200283,4,1610612756,5,9,6,1,0
2022-23,22200283,4,1610612765,6,10,9,2,1
2022-23,22200284,1,1610612744,3,2,1,1,0
2022-23,22200284,1,1610612762,2,3,3,0,0
2022-23,22200284,2,1610612744,2,1,1,2,0
2022-23,22200284,2,1610612762,3,4,4,1,0
2022-23,22200284,3,1610612744,4,1,1,3,0
2022-23,22200284,3,1610612762,3,2,2,2,0
2022-23,22200284,4,1610612744,3,2,2,2,0
2022-23,22200284,4,1610612762,6,8,6,2,1
2022-23,22200285,1,1610612743,4,5,2,1,0
2022-23,22200285,1,1610612746,4,5,4,1,1
2022-23,22200285,2,1610612743,5,5,5,3,0
2022-23,22200285,2,1610612746,5,8,5,1,0
2022-23,22200285,3,1610612743,8,9,6,4,1
2022-23,22200285,3,1610612746,6,6,3,3,1
2022-23,22200285,4,1610612743,3,4,3,1,0
2022-23,22200285,4,1610612746,8,15,7,1,2
2022-23,22200286,1,1610612742,6,7,6,1,1
2022-23,22200286,1,1610612761,4,6,6,2,0
2022-23,22200286,2,1610612742,2,2,2,2,0
2022-23,22200286,2,1610612761,3,3,3,1,0
2022-23,22200286,3,1610612742,6,7,6,2,2
2022-23,22200286,3,1610612761,7,8,5,2,2
2022-23,22200286,4,1610612742,6,8,5,3,0
2022-23,22200286,4,1610612761,8,9,7,4,1
2022-23,22200287,1,1610612745,3,1,1,2,0
2022-23,22200287,1,1610612760,3,2,1,2,0
2022-23,22200287,2,1610612745,1,3,3,0,0
2022-23,22200287,2,1610612760,1,1,1,0,0
2022-23,22200287,3,1610612745,6,7,4,5,0
2022-23,22200287,3,1610612760,4,7,7,0,0
2022-23,22200287,4,1610612745,3,3,2,1,1
2022-23,22200287,4,1610612760,8,13,10,0,1
2022-23,22200288,1,1610612747,2,3,2,0,0
2022-23,22200288,1,1610612759,2,3,2,0,0
2022-23,22200288,2,1610612747,7,10,10,3,1
2022-23,22200288,2,1610612759,2,0,0,2,0
2022-23,22200288,3,1610612747,9,12,10,2,0
2022-23,22200288,3,1610612759,6,7,4,2,0
2022-23,22200288,4,1610612747,9,12,10,3,1
2022-23,22200288,4,1610612759,5,10,8,0,0
2022-23,22200289,1,1610612756,3,6,4,0,0
2022-23,22200289,1,1610612762,4,4,2,2,1
2022-23,22200289,2,1610612756,4,6,5,1,0
2022-23,22200289,2,1610612762,5,4,3,2,0
2022-23,22200289,3,1610612756,6,11,8,1,0
2022-23,22200289,3,1610612762,6,10,8,2,0
2022-23,22200289,4,1610612756,5,7,6,2,0
2022-23,22200289,4,1610612762,4,7,6,2,0
2022-23,22200290,1,1610612751,2,3,2,0,0
2022-23,22200290,1,1610612757,4,2,2,2,1
2022-23,22200290,2,1610612751,4,5,5,1,0
2022-23,22200290,2,1610612757,7,6,5,5,1
2022-23,22200290,3,1610612751,2,2,1,0,0
2022-23,22200290,3,1610612757,6,8,5,3,0
2022-23,22200290,4,1610612751,6,8,6,3,0
2022-23,22200290,4,1610612757,7,6,3,5,1
2022-23,22200291,1,1610612744,2,3,3,0,0
2022-23,22200291,1,1610612750,2,0,0,2,0
2022-23,22200291,2,1610612744,9,11,9,5,1
2022-23,22200291,2,1610612750,9,9,7,4,2
2022-23,22200291,3,1610612744,1,2,1,0,0
2022-23,22200291,3,1610612750,7,13,11,2,0
2022-23,22200291,4,1610612744,3,4,4,1,0
2022-23,22200291,4,1610612750,5,7,4,2,1
2022-23,22200292,1,1610612746,6,7,6,3,0
2022-23,22200292,1,1610612754,2,1,1,1,0
2022-23,22200292,2,1610612746,7,7,5,3,0
2022-23,22200292,2,1610612754,3,6,5,0,0
2022-23,22200292,3,1610612746,5,5,2,2,1
2022-23,22200292,3,1610612754,5,6,4,1,1
2022-23,22200292,4,1610612746,10,13,11,7,1
2022-23,22200292,4,1610612754,6,10,9,1,0
2022-23,22200293,1,1610612737,3,6,6,0,0
2022-23,22200293,1,1610612748,2,2,2,1,0
2022-23,22200293,2,1610612737,4,3,3,1,2
2022-23,22200293,2,1610612748,4,7,6,0,0
2022-23,22200293,3,1610612737,7,8,8,3,1
2022-23,22200293,3,1610612748,4,9,9,0,0
2022-23,22200293,4,1610612737,1,2,1,0,0
2022-23,22200293,4,1610612748,2,1,0,1,0
2022-23,22200294,1,1610612738,3,5,5,0,0
2022-23,22200294,1,1610612764,4,7,5,0,0
2022-23,22200294,2,1610612738,4,4,4,1,1
2022-23,22200294,2,1610612764,3,4,3,2,0
2022-23,22200294,3,1610612738,7,11,11,1,1
2022-23,22200294,3,1610612764,7,12,10,3,0
2022-23,22200294,4,1610612738,6,6,6,1,1
2022-23,22200294,4,1610612764,7,10,8,2,0
2022-23,22200295,1,1610612739,4,4,4,3,0
2022-23,22200295,1,1610612765,4,8,5,0,0
2022-23,22200295,2,1610612739,6,6,6,3,0
2022-23,22200295,2,1610612765,6,7,4,1,2
2022-23,22200295,3,1610612739,5,9,8,1,0
2022-23,22200295,3,1610612765,6,7,3,1,2
2022-23,22200295,4,1610612739,8,14,10,3,0
2022-23,22200295,4,1610612765,3,4,2,1,0
2022-23,22200296,1,1610612752,5,7,4,1,0
2022-23,22200296,1,1610612763,2,0,0,2,0
2022-23,22200296,2,1610612752,5,8,7,1,0
2022-23,22200296,2,1610612763,9,14,9,5,1
2022-23,22200296,3,1610612752,7,6,6,3,1
2022-23,22200296,3,1610612763,7,6,5,2,0
2022-23,22200296,4,1610612752,6,9,8,2,0
2022-23,22200296,4,1610612763,8,11,9,4,0
2022-23,22200297,1,1610612753,4,7,5,0,0
2022-23,22200297,1,1610612755,6,6,5,2,0
2022-23,22200297,2,1610612753,3,4,3,1,1
2022-23,22200297,2,1610612755,2,3,2,0,0
2022-23,22200297,3,1610612753,6,8,6,1,0
2022-23,22200297,3,1610612755,7,13,10,2,0
2022-23,22200297,4,1610612753,3,6,5,0,0
2022-23,22200297,4,1610612755,3,5,5,0,0
2022-23,22200298,1,1610612742,4,4,1,1,1
2022-23,22200298,1,1610612749,2,0,0,2,0
2022-23,22200298,2,1610612742,1,0,0,1,0
2022-23,22200298,2,1610612749,5,5,4,2,0
2022-23,22200298,3,1610612742,8,11,9,1,1
2022-23,22200298,3,1610612749,5,6,5,2,0
2022-23,22200298,4,1610612742,6,10,6,3,0
2022-23,22200298,4,1610612749,4,4,2,2,0
2022-23,22200299,1,1610612737,5,5,5,3,0
2022-23,22200299,1,1610612755,3,4,4,1,0
2022-23,22200299,2,1610612737,7,11,7,3,0
2022-23,22200299,2,1610612755,4,3,3,2,0
2022-23,22200299,3,1610612737,2,2,1,1,0
2022-23,22200299,3,1610612755,4,3,2,2,0
2022-23,22200299,4,1610612737,4,4,2,2,0
2022-23,22200299,4,1610612755,6,8,7,4,0
2022-23,22200300,1,1610612750,5,9,7,0,0
2022-23,22200300,1,1610612764,4,6,5,1,0
2022-23,22200300,2,1610612750,4,6,5,1,0
2022-23,22200300,2,1610612764,8,13,12,3,0
2022-23,22200300,3,1610612750,9,16,14,3,1
2022-23,22200300,3,1610612764,4,2,1,3,0
2022-23,22200300,4,1610612750,7,11,10,0,1
2022-23,22200300,4,1610612764,5,6,5,0,0
2022-23,22200301,1,1610612738,2,1,1,1,0
2022-23,22200301,1,1610612766,5,4,1,2,1
2022-23,22200301,2,1610612738,3,3,3,1,0
2022-23,22200301,2,1610612766,4,4,4,2,0
2022-23,22200301,3,1610612738,2,3,2,0,0
2022-23,22200301,3,1610612766,5,7,5,1,0
2022-23,22200301,4,1610612738,2,0,0,2,0
2022-23,22200301,4,1610612766,3,0,0,2,1
2022-23,22200302,1,1610612751,4,2,2,2,0
2022-23,22200302,1,1610612753,4,5,3,1,0
2022-23,22200302,2,1610612751,4,4,3,1,1
2022-23,22200302,2,1610612753,6,7,5,2,1
2022-23,22200302,3,1610612751,5,6,6,2,0
2022-23,22200302,3,1610612753,3,3,2,1,0
2022-23,22200302,4,1610612751,4,2,1,1,2
2022-23,22200302,4,1610612753,4,7,3,0,0
2022-23,22200303,1,1610612739,3,5,3,0,0
2022-23,22200303,1,1610612761,4,8,8,0,0
2022-23,22200303,2,1610612739,3,2,2,2,0
2022-23,22200303,2,1610612761,3,0,0,3,0
2022-23,22200303,3,1610612739,4,4,4,1,0
2022-23,22200303,3,1610612761,7,7,5,3,2
2022-23,22200303,4,1610612739,5,5,4,3,0
2022-23,22200303,4,1610612761,3,2,1,2,0
2022-23,22200304,1,1610612740,4,3,2,2,0
2022-23,22200304,1,1610612760,3,6,5,0,0
2022-23,22200304,2,1610612740,4,4,4,1,1
2022-23,22200304,2,1610612760,3,3,3,1,0
2022-23,22200304,3,1610612740,6,7,7,3,1
2022-23,22200304,3,1610612760,3,6,6,0,0
2022-23,22200304,4,1610612740,5,6,5,2,0
2022-23,22200304,4,1610612760,4,8,7,0,0
2022-23,22200305,1,1610612743,5,6,6,1,1
2022-23,22200305,1,1610612745,2,4,3,0,0
2022-23,22200305,2,1610612743,5,7,7,2,0
2022-23,22200305,2,1610612745,3,3,1,1,0
2022-23,22200305,3,1610612743,4,6,4,1,0
2022-23,22200305,3,1610612745,6,10,8,3,0
2022-23,22200305,4,1610612743,4,1,0,2,1
2022-23,22200305,4,1610612745,5,8,7,0,0
2022-23,22200306,1,1610612741,1,2,2,0,0
2022-23,22200306,1,1610612762,3,0,0,3,0
2022-23,22200306,2,1610612741,3,6,6,0,0
2022-23,22200306,2,1610612762,2,2,1,1,0
2022-23,22200306,3,1610612741,7,11,9,1,0
2022-23,22200306,3,1610612762,5,8,1,1,0
2022-23,22200306,4,1610612741,4,6,5,1,0
2022-23,22200306,4,1610612762,6,5,4,3,0
2022-23,22200307,1,1610612756,2,0,0,2,0
2022-23,22200307,1,1610612758,1,1,1,1,0
2022-23,22200307,2,1610612756,2,2,1,0,1
2022-23,22200307,2,1610612758,4,4,4,1,1
2022-23,22200307,3,1610612756,5,6,5,1,0
2022-23,22200307,3,1610612758,5,4,3,3,0
2022-23,22200307,4,1610612756,4,6,6,2,0
2022-23,22200307,4,1610612758,6,9,8,1,0
2022-23,22200308,1,1610612747,5,8,5,1,0
2022-23,22200308,1,1610612754,5,8,8,0,1
2022-23,22200308,2,1610612747,7,13,11,2,0
2022-23,22200308,2,1610612754,4,2,1,2,1
2022-23,22200308,3,1610612747,5,5,4,4,0
2022-23,22200308,3,1610612754,3,4,2,1,0
2022-23,22200308,4,1610612747,5,5,4,2,1
2022-23,22200308,4,1610612754,4,2,2,3,0
2022-23,22200309,1,1610612752,1,2,2,0,0
2022-23,22200309,1,1610612765,2,4,3,0,0
2022-23,22200309,2,1610612752,4,7,5,0,0
2022-23,22200309,2,1610612765,6,7,6,4,0
2022-23,22200309,3,1610612752,8,11,8,2,2
2022-23,22200309,3,1610612765,5,3,2,4,0
2022-23,22200309,4,1610612752,2,1,1,1,0
2022-23,22200309,4,1610612765,3,6,2,0,0
2022-23,22200310,1,1610612742,7,10,8,2,0
2022-23,22200310,1,1610612744,4,6,6,1,0
2022-23,22200310,2,1610612742,6,9,5,2,1
2022-23,22200310,2,1610612744,1,0,0,1,0
2022-23,22200310,3,1610612742,5,4,1,2,0
2022-23,22200310,3,1610612744,9,11,7,5,0
2022-23,22200310,4,1610612742,4,4,3,3,0
2022-23,22200310,4,1610612744,5,6,5,1,0
2022-23,22200311,1,1610612746,6,7,6,2,1
2022-23,22200311,1,1610612757,4,4,2,1,0
2022-23,22200311,2,1610612746,5,4,3,2,2
2022-23,22200311,2,1610612757,5,9,7,2,0
2022-23,22200311,3,1610612746,4,5,5,0,1
2022-23,22200311,3,1610612757,3,0,0,2,1
2022-23,22200311,4,1610612746,7,12,9,2,1
2022-23,22200311,4,1610612757,4,2,2,3,0
2022-23,22200312,1,1610612739,1,0,0,1,0
2022-23,22200312,1,1610612755,3,5,4,1,0
2022-23,22200312,2,1610612739,5,8,7,1,0
2022-23,22200312,2,1610612755,3,6,5,1,0
2022-23,22200312,3,1610612739,4,2,1,3,0
2022-23,22200312,3,1610612755,3,3,3,1,0
2022-23,22200312,4,1610612739,0,0,0,0,0
2022-23,22200312,4,1610612755,2,4,3,0,0
2022-23,22200313,1,1610612737,7,9,6,1,1
2022-23,22200313,1,1610612753,3,3,3,1,0
2022-23,22200313,2,1610612737,4,4,4,2,0
2022-23,22200313,2,1610612753,5,7,6,1,0
2022-23,22200313,3,1610612737,5,6,5,2,0
2022-23,22200313,3,1610612753,4,6,5,1,0
2022-23,22200313,4,1610612737,3,0,0,3,0
2022-23,22200313,4,1610612753,4,9,8,0,0
2022-23,22200314,1,1610612738,2,1,1,1,0
2022-23,22200314,1,1610612748,1,0,0,1,0
2022-23,22200314,2,1610612738,4,7,7,0,0
2022-23,22200314,2,1610612748,4,0,0,3,1
2022-23,22200314,3,1610612738,5,7,5,1,0
2022-23,22200314,3,1610612748,6,6,6,5,0
2022-23,22200314,4,1610612738,5,8,7,2,0
2022-23,22200314,4,1610612748,4,3,3,2,0
2022-23,22200315,1,1610612751,3,5,4,0,0
2022-23,22200315,1,1610612764,7,10,6,4,1
2022-23,22200315,2,1610612751,2,1,1,1,0
2022-23,22200315,2,1610612764,4,4,3,1,1
2022-23,22200315,3,1610612751,4,3,3,2,0
2022-23,22200315,3,1610612764,4,3,2,2,0
2022-23,22200315,4,1610612751,10,17,16,4,1
2022-23,22200315,4,1610612764,10,17,12,3,1
2022-23,22200316,1,1610612749,2,4,3,0,0
2022-23,22200316,1,1610612752,1,2,2,0,0
2022-23,22200316,2,1610612749,2,2,2,1,0
2022-23,22200316,2,1610612752,3,4,3,1,0
2022-23,22200316,3,1610612749,8,10,8,4,0
2022-23,22200316,3,1610612752,3,4,3,0,1
2022-23,22200316,4,1610612749,6,10,8,3,0
2022-23,22200316,4,1610612752,7,10,5,2,0
2022-23,22200317,1,1610612750,2,2,2,0,1
2022-23,22200317,1,1610612763,3,5,2,1,0
2022-23,22200317,2,1610612750,4,7,4,0,1
2022-23,22200317,2,1610612763,7,13,9,4,0
2022-23,22200317,3,1610612750,7,6,5,2,1
2022-23,22200317,3,1610612763,6,7,3,1,0
2022-23,22200317,4,1610612750,4,4,4,2,0
2022-23,22200317,4,1610612763,6,5,4,3,0
2022-23,22200318,1,1610612740,6,6,4,3,0
2022-23,22200318,1,1610612761,3,3,1,0,1
2022-23,22200318,2,1610612740,4,5,5,2,0
2022-23,22200318,2,1610612761,4,5,4,0,1
2022-23,22200318,3,1610612740,4,6,6,2,0
2022-23,22200318,3,1610612761,5,8,7,1,1
2022-23,22200318,4,1610612740,6,9,7,2,0
2022-23,22200318,4,1610612761,3,3,1,0,1
2022-23,22200319,1,1610612759,4,4,3,2,0
2022-23,22200319,1,1610612760,5,6,5,2,0
2022-23,22200319,2,1610612759,7,13,12,0,0
2022-23,22200319,2,1610612760,4,4,2,1,1
2022-23,22200319,3,1610612759,4,6,3,1,0
2022-23,22200319,3,1610612760,4,5,2,1,0
2022-23,22200319,4,1610612759,4,2,1,2,0
2022-23,22200319,4,1610612760,4,6,5,3,0
2022-23,22200320,1,1610612743,4,4,4,1,0
2022-23,22200320,1,1610612745,4,7,4,1,0
2022-23,22200320,2,1610612743,5,4,3,1,2
2022-23,22200320,2,1610612745,6,6,6,4,0
2022-23,22200320,3,1610612743,7,8,6,3,1
2022-23,22200320,3,1610612745,4,1,1,3,0
2022-23,22200320,4,1610612743,2,4,2,0,0
2022-23,22200320,4,1610612745,4,4,3,1,0
2022-23,22200321,1,1610612741,4,6,4,1,0
2022-23,22200321,1,1610612756,2,2,2,0,0
2022-23,22200321,2,1610612741,6,6,4,2,1
2022-23,22200321,2,1610612756,3,6,4,0,0
2022-23,22200321,3,1610612741,5,9,9,0,0
2022-23,22200321,3,1610612756,6,5,5,3,0
2022-23,22200321,4,1610612741,9,12,10,3,1
2022-23,22200321,4,1610612756,7,8,8,5,0
2022-23,22200322,1,1610612746,5,9,9,1,0
2022-23,22200322,1,1610612762,6,9,7,3,0
2022-23,22200322,2,1610612746,5,8,6,1,0
2022-23,22200322,2,1610612762,4,3,3,3,0
2022-23,22200322,3,1610612746,5,6,4,2,0
2022-23,22200322,3,1610612762,9,12,8,5,0
2022-23,22200322,4,1610612746,8,13,9,2,0
2022-23,22200322,4,1610612762,2,4,3,0,0
2022-23,22200323,1,1610612754,3,2,1,1,1
2022-23,22200323,1,1610612758,4,5,4,1,0
2022-23,22200323,2,1610612754,5,11,10,0,1
2022-23,22200323,2,1610612758,3,5,4,1,0
2022-23,22200323,3,1610612754,6,8,4,2,0
2022-23,22200323,3,1610612758,8,15,13,1,0
2022-23,22200323,4,1610612754,7,9,7,2,1
2022-23,22200323,4,1610612758,2,4,4,0,0
2022-23,22200324,1,1610612747,7,11,7,2,0
2022-23,22200324,1,1610612757,3,2,1,2,0
2022-23,22200324,2,1610612747,3,4,4,1,0
2022-23,22200324,2,1610612757,6,9,7,1,0
2022-23,22200324,3,1610612747,4,3,3,1,1
2022-23,22200324,3,1610612757,6,6,5,3,1
2022-23,22200324,4,1610612747,8,8,4,3,0
2022-23,22200324,4,1610612757,3,4,4,1,0
2022-23,22200325,1,1610612742,4,4,2,1,1
2022-23,22200325,1,1610612765,4,4,3,2,0
2022-23,22200325,2,1610612742,8,13,7,5,0
2022-23,22200325,2,1610612765,7,10,6,3,0
2022-23,22200325,3,1610612742,6,7,3,3,0
2022-23,22200325,3,1610612765,6,6,4,3,0
2022-23,22200325,4,1610612742,4,5,2,1,0
2022-23,22200325,4,1610612765,3,2,0,1,1
2022-23,22200326,1,1610612764,8,10,6,5,0
2022-23,22200326,1,1610612766,6,9,9,2,0
2022-23,22200326,2,1610612764,3,3,1,0,1
2022-23,22200326,2,1610612766,4,7,4,0,0
2022-23,22200326,3,1610612764,6,8,6,1,1
2022-23,22200326,3,1610612766,6,13,10,1,0
2022-23,22200326,4,1610612764,7,14,13,0,0
2022-23,22200326,4,1610612766,3,2,2,2,0
2022-23,22200327,1,1610612737,2,2,1,1,0
2022-23,22200327,1,1610612743,4,4,2,2,0
2022-23,22200327,2,1610612737,2,0,0,1,1
2022-23,22200327,2,1610612743,3,2,1,2,0
2022-23,22200327,3,1610612737,3,6,3,0,0
2022-23,22200327,3,1610612743,6,5,3,3,1
2022-23,22200327,4,1610612737,4,6,5,3,0
2022-23,22200327,4,1610612743,1,2,1,0,0
2022-23,22200328,1,1610612738,5,8,7,1,0
2022-23,22200328,1,1610612748,5,7,4,2,0
2022-23,22200328,2,1610612738,7,11,8,3,0
2022-23,22200328,2,1610612748,3,2,1,0,1
2022-23,22200328,3,1610612738,5,5,3,1,1
2022-23,22200328,3,1610612748,3,4,3,1,0
2022-23,22200328,4,1610612738,2,2,1,1,0
2022-23,22200328,4,1610612748,3,3,3,1,0
2022-23,22200329,1,1610612751,6,8,5,0,1
2022-23,22200329,1,1610612761,4,4,4,2,0
2022-23,22200329,2,1610612751,3,3,3,1,1
2022-23,22200329,2,1610612761,10,14,9,5,0
2022-23,22200329,3,1610612751,4,3,2,3,0
2022-23,22200329,3,1610612761,4,6,5,1,0
2022-23,22200329,4,1610612751,5,8,5,3,0
2022-23,22200329,4,1610612761,7,6,4,2,0
2022-23,22200330,1,1610612739,2,1,1,1,0
2022-23,22200330,1,1610612753,3,4,3,0,0
2022-23,22200330,2,1610612739,3,2,2,2,0
2022-23,22200330,2,1610612753,5,5,3,3,0
2022-23,22200330,3,1610612739,0,0,0,0,0
2022-23,22200330,3,1610612753,1,0,0,1,0
2022-23,22200330,4,1610612739,4,6,6,3,0
2022-23,22200330,4,1610612753,4,3,2,2,0
2022-23,22200331,1,1610612747,2,5,4,0,0
2022-23,22200331,1,1610612749,5,4,3,4,0
2022-23,22200331,2,1610612747,3,5,4,0,0
2022-23,22200331,2,1610612749,1,0,0,1,0
2022-23,22200331,3,1610612747,5,8,8,2,0
2022-23,22200331,3,1610612749,4,2,0,2,0
2022-23,22200331,4,1610612747,6,6,2,5,0
2022-23,22200331,4,1610612749,6,9,9,1,0
2022-23,22200332,1,1610612755,3,4,3,0,1
2022-23,22200332,1,1610612763,3,2,1,2,0
2022-23,22200332,2,1610612755,5,6,5,2,1
2022-23,22200332,2,1610612763,6,10,7,2,0
2022-23,22200332,3,1610612755,3,3,3,0,1
2022-23,22200332,3,1610612763,5,7,7,1,0
2022-23,22200332,4,1610612755,5,4,4,2,1
2022-23,22200332,4,1610612763,6,9,7,2,0
2022-23,22200333,1,1610612740,4,1,1,3,0
2022-23,22200333,1,1610612759,1,0,0,1,0
2022-23,22200333,2,1610612740,7,14,13,1,0
2022-23,22200333,2,1610612759,6,9,6,1,0
2022-23,22200333,3,1610612740,6,7,7,3,0
2022-23,22200333,3,1610612759,3,2,2,1,1
2022-23,22200333,4,1610612740,5,4,4,1,1
2022-23,22200333,4,1610612759,6,5,4,2,1
2022-23,22200334,1,1610612745,8,13,10,2,1
2022-23,22200334,1,1610612756,3,4,4,1,0
2022-23,22200334,2,1610612745,7,12,8,1,0
2022-23,22200334,2,1610612756,5,2,2,3,1
2022-23,22200334,3,1610612745,7,11,10,1,0
2022-23,22200334,3,1610612756,5,6,5,2,0
2022-23,22200334,4,1610612745,4,7,6,1,0
2022-23,22200334,4,1610612756,7,7,3,3,0
2022-23,22200335,1,1610612754,5,10,8,0,0
2022-23,22200335,1,1610612762,4,0,0,4,0
2022-23,22200335,2,1610612754,7,7,6,1,1
2022-23,22200335,2,1610612762,10,15,14,6,0
2022-23,22200335,3,1610612754,6,5,5,4,1
2022-23,22200335,3,1610612762,8,13,9,3,0
2022-23,22200335,4,1610612754,7,11,8,2,0
2022-23,22200335,4,1610612762,9,9,9,7,1
2022-23,22200336,1,1610612741,7,12,8,2,0
2022-23,22200336,1,1610612744,4,3,2,2,1
2022-23,22200336,2,1610612741,1,2,0,0,0
2022-23,22200336,2,1610612744,7,7,4,3,1
2022-23,22200336,3,1610612741,5,7,6,1,0
2022-23,22200336,3,1610612744,4,1,1,3,0
2022-23,22200336,4,1610612741,3,3,2,1,0
2022-23,22200336,4,1610612744,8,12,8,5,0
2022-23,22200337,1,1610612742,4,4,4,1,1
2022-23,22200337,1,1610612752,5,7,5,1,0
2022-23,22200337,2,1610612742,7,9,7,2,0
2022-23,22200337,2,1610612752,6,9,7,1,1
2022-23,22200337,3,1610612742,2,0,0,1,1
2022-23,22200337,3,1610612752,1,2,2,0,0
2022-23,22200337,4,1610612742,2,1,0,1,0
2022-23,22200337,4,1610612752,6,10,6,2,0
2022-23,22200338,1,1610612746,3,3,3,2,0
2022-23,22200338,1,1610612758,4,6,4,0,0
2022-23,22200338,2,1610612746,6,9,5,2,1
2022-23,22200338,2,1610612758,4,7,3,0,0
2022-23,22200338,3,1610612746,7,6,6,2,2
2022-23,22200338,3,1610612758,7,9,6,3,0
2022-23,22200338,4,1610612746,5,8,7,1,0
2022-23,22200338,4,1610612758,6,8,7,2,0
2022-23,22200339,1,1610612749,2,4,3,0,0
2022-23,22200339,1,1610612766,2,4,4,0,0
2022-23,22200339,2,1610612749,3,2,1,2,0
2022-23,22200339,2,1610612766,4,7,6,0,0
2022-23,22200339,3,1610612749,3,4,4,1,0
2022-23,22200339,3,1610612766,4,8,7,0,0
2022-23,22200339,4,1610612749,7,9,7,3,1
2022-23,22200339,4,1610612766,4,7,6,0,1
2022-23,22200340,1,1610612753,4,6,4,1,0
2022-23,22200340,1,1610612761,5,7,5,1,0
2022-23,22200340,2,1610612753,7,5,3,3,0
2022-23,22200340,2,1610612761,4,7,6,0,0
2022-23,22200340,3,1610612753,5,7,6,2,0
2022-23,22200340,3,1610612761,4,5,5,1,0
2022-23,22200340,4,1610612753,6,8,8,2,1
2022-23,22200340,4,1610612761,5,6,2,2,0
2022-23,22200341,1,1610612750,5,6,3,2,2
2022-23,22200341,1,1610612760,6,12,11,1,0
2022-23,22200341,2,1610612750,5,12,9,0,0
2022-23,22200341,2,1610612760,3,5,2,0,0
2022-23,22200341,3,1610612750,2,2,2,1,0
2022-23,22200341,3,1610612760,4,10,10,0,0
2022-23,22200341,4,1610612750,5,10,10,1,0
2022-23,22200341,4,1610612760,5,8,5,3,0
2022-23,22200342,1,1610612744,3,5,2,0,0
2022-23,22200342,1,1610612745,2,2,2,1,0
2022-23,22200342,2,1610612744,2,2,2,0,1
2022-23,22200342,2,1610612745,7,5,4,3,0
2022-23,22200342,3,1610612744,3,1,1,2,0
2022-23,22200342,3,1610612745,7,7,6,2,2
2022-23,22200342,4,1610612744,4,2,0,3,0
2022-23,22200342,4,1610612745,5,6,6,2,0
2022-23,22200343,1,1610612757,2,4,4,0,0
2022-23,22200343,1,1610612762,4,8,6,0,0
2022-23,22200343,2,1610612757,3,6,4,0,0
2022-23,22200343,2,1610612762,10,15,12,7,1
2022-23,22200343,3,1610612757,5,7,5,2,0
2022-23,22200343,3,1610612762,3,5,4,0,0
2022-23,22200343,4,1610612757,9,14,11,4,0
2022-23,22200343,4,1610612762,3,0,0,3,0
2022-23,22200344,1,1610612740,4,5,3,1,0
2022-23,22200344,1,1610612743,4,6,4,1,0
2022-23,22200344,2,1610612740,4,6,3,1,0
2022-23,22200344,2,1610612743,6,8,7,1,1
2022-23,22200344,3,1610612740,5,7,7,1,0
2022-23,22200344,3,1610612743,5,4,2,1,2
2022-23,22200344,4,1610612740,8,18,15,0,0
2022-23,22200344,4,1610612743,5,6,3,2,0
2022-23,22200345,1,1610612756,7,10,9,2,0
2022-23,22200345,1,1610612759,5,4,3,3,1
2022-23,22200345,2,1610612756,5,6,4,1,0
2022-23,22200345,2,1610612759,0,1,1,0,0
2022-23,22200345,3,1610612756,2,2,2,1,0
2022-23,22200345,3,1610612759,7,12,8,0,0
2022-23,22200345,4,1610612756,4,2,1,3,0
2022-23,22200345,4,1610612759,4,1,1,1,2
2022-23,22200346,1,1610612738,4,4,3,2,0
2022-23,22200346,1,1610612751,3,4,2,1,0
2022-23,22200346,2,1610612738,5,4,4,3,0
2022-23,22200346,2,1610612751,3,4,4,0,1
2022-23,22200346,3,1610612738,4,4,4,2,0
2022-23,22200346,3,1610612751,3,4,2,1,0
2022-23,22200346,4,1610612738,4,8,7,1,0
2022-23,22200346,4,1610612751,9,10,7,5,0
2022-23,22200347,1,1610612763,5,8,7,0,1
2022-23,22200347,1,1610612765,6,10,8,2,0
2022-23,22200347,2,1610612763,5,3,3,3,1
2022-23,22200347,2,1610612765,5,9,8,0,1
2022-23,22200347,3,1610612763,6,9,7,0,1
2022-23,22200347,3,1610612765,5,7,5,0,1
2022-23,22200347,4,1610612763,7,9,4,4,1
2022-23,22200347,4,1610612765,4,4,4,1,1
2022-23,22200348,1,1610612739,2,2,2,1,0
2022-23,22200348,1,1610612752,3,3,2,1,0
2022-23,22200348,2,1610612739,2,1,0,0,1
2022-23,22200348,2,1610612752,3,6,4,0,0
2022-23,22200348,3,1610612739,6,12,10,2,0
2022-23,22200348,3,1610612752,2,2,2,1,0
2022-23,22200348,4,1610612739,4,5,3,2,0
2022-23,22200348,4,1610612752,6,10,9,2,0
2022-23,22200349,1,1610612747,4,4,4,0,1
2022-23,22200349,1,1610612764,4,3,2,3,0
2022-23,22200349,2,1610612747,6,6,4,2,0
2022-23,22200349,2,1610612764,2,4,3,0,0
2022-23,22200349,3,1610612747,5,8,6,0,0
2022-23,22200349,3,1610612764,5,5,3,2,0
2022-23,22200349,4,1610612747,5,4,2,2,1
2022-23,22200349,4,1610612764,2,3,3,0,0
2022-23,22200350,1,1610612741,3,2,1,0,1
2022-23,22200350,1,1610612758,2,3,3,0,0
2022-23,22200350,2,1610612741,2,2,1,1,0
2022-23,22200350,2,1610612758,3,5,3,0,0
2022-23,22200350,3,1610612741,3,6,6,0,0
2022-23,22200350,3,1610612758,4,4,4,2,0
2022-23,22200350,4,1610612741,8,9,8,5,0
2022-23,22200350,4,1610612758,6,7,7,5,0
2022-23,22200351,1,1610612754,4,4,4,1,1
2022-23,22200351,1,1610612757,5,3,1,3,0
2022-23,22200351,2,1610612754,5,3,3,4,0
2022-23,22200351,2,1610612757,2,3,3,1,0
2022-23,22200351,3,1610612754,4,0,0,4,0
2022-23,22200351,3,1610612757,3,3,3,1,0
2022-23,22200351,4,1610612754,4,5,3,1,0
2022-23,22200351,4,1610612757,10,13,8,4,2
2022-23,22200352,1,1610612746,4,2,1,2,1
2022-23,22200352,1,1610612766,4,6,4,1,0
2022-23,22200352,2,1610612746,5,8,5,1,0
2022-23,22200352,2,1610612766,4,5,2,2,0
2022-23,22200352,3,1610612746,2,3,2,0,0
2022-23,22200352,3,1610612766,4,2,1,2,0
2022-23,22200352,4,1610612746,4,8,6,0,0
2022-23,22200352,4,1610612766,4,4,4,2,0
2022-23,22200353,1,1610612749,4,6,5,1,0
2022-23,22200353,1,1610612753,3,4,4,0,0
2022-23,22200353,2,1610612749,0,0,0,0,0
2022-23,22200353,2,1610612753,3,6,6,0,0
2022-23,22200353,3,1610612749,7,11,8,2,0
2022-23,22200353,3,1610612753,4,7,6,0,0
2022-23,22200353,4,1610612749,7,9,7,3,2
2022-23,22200353,4,1610612753,7,12,10,1,1
2022-23,22200354,1,1610612737,2,2,1,1,0
2022-23,22200354,1,1610612760,2,2,1,1,0
2022-23,22200354,2,1610612737,3,3,2,1,0
2022-23,22200354,2,1610612760,1,0,0,0,1
2022-23,22200354,3,1610612737,5,6,6,1,1
2022-23,22200354,3,1610612760,6,7,7,2,0
2022-23,22200354,4,1610612737,4,6,4,1,0
2022-23,22200354,4,1610612760,10,15,15,8,0
2022-23,22200355,1,1610612738,2,4,1,0,0
2022-23,22200355,1,1610612761,3,4,1,1,0
2022-23,22200355,2,1610612738,5,5,5,1,0
2022-23,22200355,2,1610612761,8,16,13,1,0
2022-23,22200355,3,1610612738,6,9,7,1,0
2022-23,22200355,3,1610612761,3,3,2,1,0
2022-23,22200355,4,1610612738,4,3,2,3,0
2022-23,22200355,4,1610612761,7,7,6,1,3
2022-23,22200356,1,1610612745,9,15,13,3,0
2022-23,22200356,1,1610612755,6,10,9,2,0
2022-23,22200356,2,1610612745,5,7,6,2,0
2022-23,22200356,2,1610612755,4,1,0,2,1
2022-23,22200356,3,1610612745,5,8,5,0,1
2022-23,22200356,3,1610612755,6,10,9,1,0
2022-23,22200356,4,1610612745,6,5,4,3,0
2022-23,22200356,4,1610612755,7,11,7,1,0
2022-23,22200357,1,1610612748,3,7,6,1,0
2022-23,22200357,1,1610612763,4,2,2,2,0
2022-23,22200357,2,1610612748,4,4,2,1,1
2022-23,22200357,2,1610612763,3,3,3,1,0
2022-23,22200357,3,1610612748,4,6,6,0,1
2022-23,22200357,3,1610612763,3,4,4,0,0
2022-23,22200357,4,1610612748,2,5,3,0,0
2022-23,22200357,4,1610612763,0,0,0,0,0
2022-23,22200358,1,1610612742,4,6,5,0,0
2022-23,22200358,1,1610612756,3,2,1,2,0
2022-23,22200358,2,1610612742,4,7,6,1,0
2022-23,22200358,2,1610612756,4,4,3,2,0
2022-23,22200358,3,1610612742,3,4,3,2,0
2022-23,22200358,3,1610612756,2,3,3,1,0
2022-23,22200358,4,1610612742,5,9,8,0,0
2022-23,22200358,4,1610612756,10,17,11,5,0
2022-23,22200359,1,1610612744,4,4,3,1,1
2022-23,22200359,1,1610612754,3,3,1,1,0
2022-23,22200359,2,1610612744,5,6,5,1,1
2022-23,22200359,2,1610612754,5,5,4,2,1
2022-23,22200359,3,1610612744,7,7,5,4,0
2022-23,22200359,3,1610612754,3,5,3,0,0
2022-23,22200359,4,1610612744,2,2,2,0,1
2022-23,22200359,4,1610612754,5,5,3,4,1
2022-23,22200360,1,1610612739,1,0,0,1,0
2022-23,22200360,1,1610612747,5,8,5,0,1
2022-23,22200360,2,1610612739,2,4,2,0,0
2022-23,22200360,2,1610612747,5,3,3,3,1
2022-23,22200360,3,1610612739,4,6,5,1,0
2022-23,22200360,3,1610612747,5,8,7,1,0
2022-23,22200360,4,1610612739,4,7,6,0,0
2022-23,22200360,4,1610612747,4,5,5,0,1
2022-23,22200361,1,1610612748,4,6,4,1,2
2022-23,22200361,1,1610612765,3,2,2,2,0
2022-23,22200361,2,1610612748,5,7,4,2,0
2022-23,22200361,2,1610612765,5,5,4,2,0
2022-23,22200361,3,1610612748,7,7,6,2,1
2022-23,22200361,3,1610612765,5,5,4,2,0
2022-23,22200361,4,1610612748,3,6,6,0,0
2022-23,22200361,4,1610612765,3,3,1,1,0
2022-23,22200362,1,1610612742,7,8,8,4,1
2022-23,22200362,1,1610612743,7,7,5,2,0
2022-23,22200362,2,1610612742,7,9,7,3,0
2022-23,22200362,2,1610612743,5,5,5,3,0
2022-23,22200362,3,1610612742,7,8,8,3,0
2022-23,22200362,3,1610612743,8,9,6,4,0
2022-23,22200362,4,1610612742,6,6,4,5,0
2022-23,22200362,4,1610612743,8,7,6,6,0
2022-23,22200363,1,1610612746,5,8,6,1,1
2022-23,22200363,1,1610612753,3,4,4,1,0
2022-23,22200363,2,1610612746,4,1,1,2,1
2022-23,22200363,2,1610612753,5,7,6,1,0
2022-23,22200363,3,1610612746,6,10,7,1,0
2022-23,22200363,3,1610612753,3,5,4,0,0
2022-23,22200363,4,1610612746,2,4,3,0,0
2022-23,22200363,4,1610612753,4,8,7,0,0
2022-23,22200364,1,1610612751,3,2,2,1,0
2022-23,22200364,1,1610612766,2,2,1,0,0
2022-23,22200364,2,1610612751,3,6,5,0,1
2022-23,22200364,2,1610612766,5,6,2,2,0
2022-23,22200364,3,1610612751,3,2,1,2,0
2022-23,22200364,3,1610612766,7,10,6,2,0
2022-23,22200364,4,1610612751,5,6,4,2,0
2022-23,22200364,4,1610612766,4,5,3,0,0
2022-23,22200365,1,1610612737,5,4,3,3,1
2022-23,22200365,1,1610612752,3,3,3,2,0
2022-23,22200365,2,1610612737,3,2,2,2,0
2022-23,22200365,2,1610612752,4,6,6,0,1
2022-23,22200365,3,1610612737,6,9,7,2,0
2022-23,22200365,3,1610612752,6,9,8,2,0
2022-23,22200365,4,1610612737,6,9,7,2,1
2022-23,22200365,4,1610612752,3,6,5,0,0
2022-23,22200366,1,1610612747,6,11,10,1,1
2022-23,22200366,1,1610612761,4,4,3,0,1
2022-23,22200366,2,1610612747,2,5,5,0,0
2022-23,22200366,2,1610612761,5,10,9,0,1
2022-23,22200366,3,1610612747,6,9,7,2,0
2022-23,22200366,3,1610612761,6,6,6,1,2
2022-23,22200366,4,1610612747,7,10,10,2,0
2022-23,22200366,4,1610612761,2,4,2,0,0
2022-23,22200367,1,1610612741,3,2,2,1,0
2022-23,22200367,1,1610612764,3,6,4,0,0
2022-23,22200367,2,1610612741,2,3,2,0,0
2022-23,22200367,2,1610612764,6,7,5,3,1
2022-23,22200367,3,1610612741,5,5,4,2,0
2022-23,22200367,3,1610612764,5,8,6,1,0
2022-23,22200367,4,1610612741,4,7,7,2,0
2022-23,22200367,4,1610612764,5,8,5,2,0
2022-23,22200368,1,1610612760,6,10,9,2,0
2022-23,22200368,1,1610612763,6,6,4,1,0
2022-23,22200368,2,1610612760,3,2,1,2,0
2022-23,22200368,2,1610612763,4,3,2,3,0
2022-23,22200368,3,1610612760,5,5,5,3,1
2022-23,22200368,3,1610612763,2,4,4,0,0
2022-23,22200368,4,1610612760,4,6,5,0,1
2022-23,22200368,4,1610612763,3,3,3,1,0
2022-23,22200369,1,1610612749,2,4,2,0,0
2022-23,22200369,1,1610612758,1,1,1,0,0
2022-23,22200369,2,1610612749,8,12,11,4,1
2022-23,22200369,2,1610612758,3,4,3,0,1
2022-23,22200369,3,1610612749,3,3,2,1,0
2022-23,22200369,3,1610612758,5,6,6,1,0
2022-23,22200369,4,1610612749,3,5,5,0,0
2022-23,22200369,4,1610612758,5,5,5,2,1
2022-23,22200370,1,1610612750,4,6,5,1,0
2022-23,22200370,1,1610612754,8,11,7,2,0
2022-23,22200370,2,1610612750,7,11,10,0,1
2022-23,22200370,2,1610612754,8,13,11,3,1
2022-23,22200370,3,1610612750,1,2,2,1,0
2022-23,22200370,3,1610612754,3,0,0,2,1
2022-23,22200370,4,1610612750,5,8,8,1,1
2022-23,22200370,4,1610612754,0,0,0,0,0
2022-23,22200371,1,1610612740,7,6,4,1,2
2022-23,22200371,1,1610612765,4,5,5,1,0
2022-23,22200371,2,1610612740,6,5,4,4,0
2022-23,22200371,2,1610612765,5,5,3,2,1
2022-23,22200371,3,1610612740,3,4,3,2,0
2022-23,22200371,3,1610612765,2,2,2,1,0
2022-23,22200371,4,1610612740,6,8,7,5,0
2022-23,22200371,4,1610612765,5,4,3,3,0
2022-23,22200372,1,1610612744,2,2,2,0,0
2022-23,22200372,1,1610612762,4,9,8,0,0
2022-23,22200372,2,1610612744,6,14,10,0,1
2022-23,22200372,2,1610612762,3,6,5,1,0
2022-23,22200372,3,1610612744,4,4,4,1,1
2022-23,22200372,3,1610612762,4,2,1,3,0
2022-23,22200372,4,1610612744,4,5,3,1,1
2022-23,22200372,4,1610612762,5,4,3,2,0
2022-23,22200373,1,1610612738,3,2,1,2,0
2022-23,22200373,1,1610612756,3,4,3,0,1
2022-23,22200373,2,1610612738,5,5,5,1,0
2022-23,22200373,2,1610612756,2,4,4,0,0
2022-23,22200373,3,1610612738,5,4,3,4,0
2022-23,22200373,3,1610612756,5,4,2,2,1
2022-23,22200373,4,1610612738,1,2,2,0,0
2022-23,22200373,4,1610612756,6,7,7,1,1
2022-23,22200374,1,1610612746,3,3,3,1,0
2022-23,22200374,1,1610612748,2,2,2,1,0
2022-23,22200374,2,1610612746,3,2,2,2,0
2022-23,22200374,2,1610612748,4,3,3,2,0
2022-23,22200374,3,1610612746,8,8,6,1,1
2022-23,22200374,3,1610612748,4,4,2,2,0
2022-23,22200374,4,1610612746,5,8,8,1,1
2022-23,22200374,4,1610612748,5,5,4,3,0
2022-23,22200375,1,1610612745,3,4,2,0,1
2022-23,22200375,1,1610612759,2,1,0,1,0
2022-23,22200375,2,1610612745,4,3,2,1,1
2022-23,22200375,2,1610612759,4,2,2,3,0
2022-23,22200375,3,1610612745,4,4,4,2,0
2022-23,22200375,3,1610612759,3,3,3,1,1
2022-23,22200375,4,1610612745,4,4,3,1,0
2022-23,22200375,4,1610612759,6,9,8,3,0
2022-23,22200376,1,1610612743,7,8,4,1,1
2022-23,22200376,1,1610612757,3,6,6,0,0
2022-23,22200376,2,1610612743,3,4,4,1,0
2022-23,22200376,2,1610612757,3,3,3,1,0
2022-23,22200376,3,1610612743,6,9,6,3,0
2022-23,22200376,3,1610612757,4,3,3,3,0
2022-23,22200376,4,1610612743,1,1,1,1,0
2022-23,22200376,4,1610612757,4,4,4,0,2
2022-23,22200377,1,1610612752,4,1,1,2,1
2022-23,22200377,1,1610612766,5,4,2,3,0
2022-23,22200377,2,1610612752,7,11,9,2,1
2022-23,22200377,2,1610612766,5,7,7,1,0
2022-23,22200377,3,1610612752,7,11,9,3,0
2022-23,22200377,3,1610612766,4,7,4,0,0
2022-23,22200377,4,1610612752,5,7,7,0,2
2022-23,22200377,4,1610612766,6,10,9,1,0
2022-23,22200378,1,1610612754,2,2,2,1,0
2022-23,22200378,1,1610612764,3,3,2,2,0
2022-23,22200378,2,1610612754,5,6,5,1,1
2022-23,22200378,2,1610612764,3,2,1,2,0
2022-23,22200378,3,1610612754,6,8,6,1,2
2022-23,22200378,3,1610612764,5,7,6,0,0
2022-23,22200378,4,1610612754,4,4,4,1,1
2022-23,22200378,4,1610612764,7,13,10,1,0
2022-23,22200379,1,1610612753,2,3,3,0,0
2022-23,22200379,1,1610612761,3,0,0,3,0
2022-23,22200379,2,1610612753,6,8,8,4,0
2022-23,22200379,2,1610612761,10,18,14,4,0
2022-23,22200379,3,1610612753,5,6,5,1,0
2022-23,22200379,3,1610612761,6,6,6,2,0
2022-23,22200379,4,1610612753,2,4,3,1,0
2022-23,22200379,4,1610612761,7,9,7,3,1
2022-23,22200380,1,1610612737,6,7,6,3,0
2022-23,22200380,1,1610612751,2,3,3,0,0
2022-23,22200380,2,1610612737,4,2,2,3,0
2022-23,22200380,2,1610612751,6,10,8,1,0
2022-23,22200380,3,1610612737,5,5,4,4,0
2022-23,22200380,3,1610612751,2,2,2,1,0
2022-23,22200380,4,1610612737,2,2,2,1,0
2022-23,22200380,4,1610612751,5,6,4,4,0
2022-23,22200381,1,1610612739,5,8,5,1,0
2022-23,22200381,1,1610612758,4,6,4,1,0
2022-23,22200381,2,1610612739,4,4,2,3,0
2022-23,22200381,2,1610612758,7,11,8,1,0
2022-23,22200381,3,1610612739,5,7,7,1,0
2022-23,22200381,3,1610612758,4,8,4,0,0
2022-23,22200381,4,1610612739,4,3,3,1,1
2022-23,22200381,4,1610612758,7,7,4,6,0
2022-23,22200382,1,1610612747,3,0,0,3,0
2022-23,22200382,1,1610612755,5,4,4,3,1
2022-23,22200382,2,1610612747,5,9,7,1,0
2022-23,22200382,2,1610612755,3,1,0,2,0
2022-23,22200382,3,1610612747,4,1,0,2,1
2022-23,22200382,3,1610612755,6,6,6,3,1
2022-23,22200382,4,1610612747,12,20,16,5,0
2022-23,22200382,4,1610612755,4,4,2,4,0
2022-23,22200383,1,1610612763,5,6,2,2,0
2022-23,22200383,1,1610612765,5,7,5,1,0
2022-23,22200383,2,1610612763,6,9,6,0,1
2022-23,22200383,2,1610612765,3,5,3,0,1
2022-23,22200383,3,1610612763,8,11,7,3,1
2022-23,22200383,3,1610612765,7,9,6,4,1
2022-23,22200383,4,1610612763,5,6,2,1,2
2022-23,22200383,4,1610612765,3,6,6,0,1
2022-23,22200384,1,1610612740,4,5,4,1,0
2022-23,22200384,1,1610612756,1,0,0,1,0
2022-23,22200384,2,1610612740,2,3,3,0,1
2022-23,22200384,2,1610612756,6,9,7,2,0
2022-23,22200384,3,1610612740,9,13,12,3,0
2022-23,22200384,3,1610612756,4,4,2,2,0
2022-23,22200384,4,1610612740,9,14,9,4,1
2022-23,22200384,4,1610612756,2,0,0,2,0
2022-23,22200385,1,1610612750,7,8,7,1,1
2022-23,22200385,1,1610612762,4,2,1,3,0
2022-23,22200385,2,1610612750,7,12,9,3,1
2022-23,22200385,2,1610612762,3,7,4,1,0
2022-23,22200385,3,1610612750,3,4,3,1,0
2022-23,22200385,3,1610612762,8,12,9,6,0
2022-23,22200385,4,1610612750,1,2,1,0,0
2022-23,22200385,4,1610612762,3,3,3,0,1
2022-23,22200386,1,1610612742,1,2,1,0,0
2022-23,22200386,1,1610612749,1,1,1,0,0
2022-23,22200386,2,1610612742,4,3,1,2,0
2022-23,22200386,2,1610612749,6,8,6,2,0
2022-23,22200386,3,1610612742,5,4,1,3,1
2022-23,22200386,3,1610612749,6,7,6,3,0
2022-23,22200386,4,1610612742,9,15,7,3,0
2022-23,22200386,4,1610612749,7,7,6,1,0
2022-23,22200387,1,1610612748,7,14,9,0,0
2022-23,22200387,1,1610612759,3,3,1,0,1
2022-23,22200387,2,1610612748,4,6,5,0,0
2022-23,22200387,2,1610612759,6,7,4,3,0
2022-23,22200387,3,1610612748,4,5,4,1,1
2022-23,22200387,3,1610612759,3,5,5,0,0
2022-23,22200387,4,1610612748,2,3,2,0,0
2022-23,22200387,4,1610612759,10,16,14,3,1
2022-23,22200388,1,1610612751,6,9,6,2,0
2022-23,22200388,1,1610612754,6,5,5,4,0
2022-23,22200388,2,1610612751,5,6,5,1,1
2022-23,22200388,2,1610612754,4,3,3,2,0
2022-23,22200388,3,1610612751,4,4,4,2,0
2022-23,22200388,3,1610612754,3,2,0,2,0
2022-23,22200388,4,1610612751,9,13,8,6,1
2022-23,22200388,4,1610612754,7,14,10,2,0
2022-23,22200389,1,1610612746,4,3,2,2,0
2022-23,22200389,1,1610612764,4,4,3,2,0
2022-23,22200389,2,1610612746,2,2,2,1,0
2022-23,22200389,2,1610612764,4,6,6,1,0
2022-23,22200389,3,1610612746,6,7,7,3,0
2022-23,22200389,3,1610612764,3,5,4,0,0
2022-23,22200389,4,1610612746,3,4,4,1,1
2022-23,22200389,4,1610612764,5,4,4,3,0
2022-23,22200390,1,1610612739,7,9,5,3,0
2022-23,22200390,1,1610612760,5,7,5,1,0
2022-23,22200390,2,1610612739,4,1,0,3,0
2022-23,22200390,2,1610612760,3,6,5,0,0
2022-23,22200390,3,1610612739,6,8,5,3,0
2022-23,22200390,3,1610612760,3,2,2,2,0
2022-23,22200390,4,1610612739,8,8,8,5,0
2022-23,22200390,4,1610612760,2,5,4,0,0
2022-23,22200391,1,1610612741,3,6,5,0,0
2022-23,22200391,1,1610612742,2,3,2,1,0
2022-23,22200391,2,1610612741,8,12,9,0,0
2022-23,22200391,2,1610612742,5,8,6,1,0
2022-23,22200391,3,1610612741,3,0,0,3,0
2022-23,22200391,3,1610612742,2,3,3,0,0
2022-23,22200391,4,1610612741,3,6,3,0,0
2022-23,22200391,4,1610612742,7,12,11,3,0
2022-23,22200392,1,1610612738,3,2,1,2,0
2022-23,22200392,1,1610612744,4,7,6,1,0
2022-23,22200392,2,1610612738,7,9,8,5,0
2022-23,22200392,2,1610612744,5,8,6,1,0
2022-23,22200392,3,1610612738,3,5,4,1,0
2022-23,22200392,3,1610612744,2,4,3,0,0
2022-23,22200392,4,1610612738,7,10,6,3,1
2022-23,22200392,4,1610612744,2,1,1,1,1
2022-23,22200393,1,1610612743,3,0,0,3,0
2022-23,22200393,1,1610612762,1,1,1,0,0
2022-23,22200393,2,1610612743,3,2,2,2,0
2022-23,22200393,2,1610612762,3,5,4,1,0
2022-23,22200393,3,1610612743,4,3,3,2,0
2022-23,22200393,3,1610612762,7,11,10,3,0
2022-23,22200393,4,1610612743,8,11,8,4,1
2022-23,22200393,4,1610612762,4,4,2,1,0
2022-23,22200394,1,1610612750,4,2,2,2,0
2022-23,22200394,1,1610612757,6,11,10,1,0
2022-23,22200394,2,1610612750,6,7,5,0,1
2022-23,22200394,2,1610612757,6,8,6,2,1
2022-23,22200394,3,1610612750,7,8,5,3,1
2022-23,22200394,3,1610612757,5,7,7,1,1
2022-23,22200394,4,1610612750,6,7,6,3,0
2022-23,22200394,4,1610612757,2,2,2,2,0
2022-23,22200395,1,1610612740,4,7,6,0,0
2022-23,22200395,1,1610612756,3,2,2,2,0
2022-23,22200395,2,1610612740,6,6,5,3,1
2022-23,22200395,2,1610612756,6,4,3,3,0
2022-23,22200395,3,1610612740,6,7,5,1,0
2022-23,22200395,3,1610612756,7,7,4,2,1
2022-23,22200395,4,1610612740,6,8,5,3,0
2022-23,22200395,4,1610612756,3,4,4,1,1
2022-23,22200396,1,1610612747,2,3,2,1,0
2022-23,22200396,1,1610612765,4,6,4,0,1
2022-23,22200396,2,1610612747,4,7,7,0,0
2022-23,22200396,2,1610612765,2,3,3,0,0
2022-23,22200396,3,1610612747,6,5,4,3,0
2022-23,22200396,3,1610612765,2,6,6,0,0
2022-23,22200396,4,1610612747,7,12,8,2,0
2022-23,22200396,4,1610612765,4,2,1,2,0
2022-23,22200397,1,1610612752,6,10,10,1,0
2022-23,22200397,1,1610612758,5,7,4,1,0
2022-23,22200397,2,1610612752,3,2,2,1,0
2022-23,22200397,2,1610612758,6,13,10,0,0
2022-23,22200397,3,1610612752,6,7,6,3,1
2022-23,22200397,3,1610612758,3,7,4,0,0
2022-23,22200397,4,1610612752,4,8,6,0,0
2022-23,22200397,4,1610612758,6,8,5,3,1
2022-23,22200398,1,1610612753,6,6,6,1,2
2022-23,22200398,1,1610612761,4,4,4,2,0
2022-23,22200398,2,1610612753,6,10,7,2,0
2022-23,22200398,2,1610612761,7,7,5,4,1
2022-23,22200398,3,1610612753,5,7,5,1,0
2022-23,22200398,3,1610612761,9,17,14,2,1
2022-23,22200398,4,1610612753,5,8,7,0,2
2022-23,22200398,4,1610612761,7,10,10,1,1
2022-23,22200399,1,1610612755,3,3,3,1,0
2022-23,22200399,1,1610612766,3,0,0,3,0
2022-23,22200399,2,1610612755,11,17,14,1,0
2022-23,22200399,2,1610612766,5,5,5,1,1
2022-23,22200399,3,1610612755,3,4,3,2,0
2022-23,22200399,3,1610612766,9,17,15,2,1
2022-23,22200399,4,1610612755,6,8,6,3,0
2022-23,22200399,4,1610612766,6,8,6,2,0
2022-23,22200400,1,1610612737,3,4,2,1,0
2022-23,22200400,1,1610612741,4,0,0,3,1
2022-23,22200400,2,1610612737,5,8,7,0,0
2022-23,22200400,2,1610612741,4,8,7,0,0
2022-23,22200400,3,1610612737,6,9,7,2,0
2022-23,22200400,3,1610612741,4,3,3,2,0
2022-23,22200400,4,1610612737,3,0,0,2,1
2022-23,22200400,4,1610612741,8,9,6,2,0
2022-23,22200401,1,1610612745,1,0,0,1,0
2022-23,22200401,1,1610612749,2,2,2,1,0
2022-23,22200401,2,1610612745,2,0,0,1,1
2022-23,22200401,2,1610612749,4,5,3,1,0
2022-23,22200401,3,1610612745,3,2,2,1,1
2022-23,22200401,3,1610612749,2,3,3,1,0
2022-23,22200401,4,1610612745,6,10,9,2,1
2022-23,22200401,4,1610612749,7,8,6,4,0
2022-23,22200402,1,1610612748,2,4,3,0,0
2022-23,22200402,1,1610612754,0,0,0,0,0
2022-23,22200402,2,1610612748,3,3,3,0,1
2022-23,22200402,2,1610612754,6,9,5,0,2
2022-23,22200402,3,1610612748,4,2,2,2,1
2022-23,22200402,3,1610612754,3,3,3,2,0
2022-23,22200402,4,1610612748,7,9,6,4,0
2022-23,22200402,4,1610612754,5,8,7,2,0
2022-23,22200403,1,1610612751,3,4,3,1,1
2022-23,22200403,1,1610612764,6,5,5,4,0
2022-23,22200403,2,1610612751,4,5,5,1,0
2022-23,22200403,2,1610612764,6,7,4,3,0
2022-23,22200403,3,1610612751,2,3,2,0,0
2022-23,22200403,3,1610612764,3,5,5,1,0
2022-23,22200403,4,1610612751,4,6,6,1,0
2022-23,22200403,4,1610612764,5,5,1,2,0
2022-23,22200404,1,1610612737,2,2,1,1,0
2022-23,22200404,1,1610612763,1,1,1,1,0
2022-23,22200404,2,1610612737,4,5,4,1,0
2022-23,22200404,2,1610612763,4,7,6,0,0
2022-23,22200404,3,1610612737,6,11,8,1,0
2022-23,22200404,3,1610612763,8,10,8,1,2
2022-23,22200404,4,1610612737,3,4,4,0,1
2022-23,22200404,4,1610612763,4,0,0,3,1
2022-23,22200405,1,1610612742,5,9,8,1,1
2022-23,22200405,1,1610612760,2,4,4,0,0
2022-23,22200405,2,1610612742,4,6,5,0,0
2022-23,22200405,2,1610612760,4,3,3,2,0
2022-23,22200405,3,1610612742,6,5,4,3,1
2022-23,22200405,3,1610612760,4,8,8,0,0
2022-23,22200405,4,1610612742,4,5,4,2,0
2022-23,22200405,4,1610612760,4,6,5,1,0
2022-23,22200406,1,1610612739,1,0,0,1,0
2022-23,22200406,1,1610612759,2,4,3,0,0
2022-23,22200406,2,1610612739,4,4,4,1,1
2022-23,22200406,2,1610612759,4,4,2,1,0
2022-23,22200406,3,1610612739,5,6,6,3,0
2022-23,22200406,3,1610612759,3,5,4,0,0
2022-23,22200406,4,1610612739,6,7,6,1,2
2022-23,22200406,4,1610612759,2,3,2,0,0
2022-23,22200407,1,1610612750,4,2,0,2,1
2022-23,22200407,1,1610612757,8,12,8,1,1
2022-23,22200407,2,1610612750,5,6,3,2,0
2022-23,22200407,2,1610612757,3,1,1,1,1
2022-23,22200407,3,1610612750,5,7,4,1,0
2022-23,22200407,3,1610612757,5,8,7,2,0
2022-23,22200407,4,1610612750,3,4,3,1,0
2022-23,22200407,4,1610612757,1,0,0,1,0
2022-23,22200408,1,1610612738,5,5,4,2,1
2022-23,22200408,1,1610612746,4,8,4,0,0
2022-23,22200408,2,1610612738,3,4,3,1,0
2022-23,22200408,2,1610612746,4,7,6,1,0
2022-23,22200408,3,1610612738,7,8,6,6,0
2022-23,22200408,3,1610612746,3,2,1,0,2
2022-23,22200408,4,1610612738,7,9,5,2,0
2022-23,22200408,4,1610612746,5,4,4,1,3
2022-23,22200409,1,1610612755,9,14,10,2,0
2022-23,22200409,1,1610612758,5,6,5,3,0
2022-23,22200409,2,1610612755,6,10,8,2,0
2022-23,22200409,2,1610612758,7,9,8,5,1
2022-23,22200409,3,1610612755,3,3,3,1,0
2022-23,22200409,3,1610612758,3,3,3,1,0
2022-23,22200409,4,1610612755,3,0,0,3,0
2022-23,22200409,4,1610612758,3,2,1,2,0
2022-23,22200410,1,1610612744,2,0,0,2,0
2022-23,22200410,1,1610612749,4,9,8,1,0
2022-23,22200410,2,1610612744,2,2,1,1,0
2022-23,22200410,2,1610612749,4,4,3,2,0
2022-23,22200410,3,1610612744,4,10,9,1,0
2022-23,22200410,3,1610612749,8,14,10,3,1
2022-23,22200410,4,1610612744,5,7,5,1,0
2022-23,22200410,4,1610612749,4,5,5,2,0
2022-23,22200411,1,1610612745,2,2,2,1,0
2022-23,22200411,1,1610612756,1,1,1,0,0
2022-23,22200411,2,1610612745,6,10,9,2,0
2022-23,22200411,2,1610612756,7,8,8,4,1
2022-23,22200411,3,1610612745,5,6,4,3,0
2022-23,22200411,3,1610612756,6,9,8,1,0
2022-23,22200411,4,1610612745,9,16,16,4,0
2022-23,22200411,4,1610612756,4,1,1,2,1
2022-23,22200412,1,1610612740,4,7,5,0,0
2022-23,22200412,1,1610612762,3,1,1,1,1
2022-23,22200412,2,1610612740,4,5,3,2,0
2022-23,22200412,2,1610612762,5,5,3,2,0
2022-23,22200412,3,1610612740,8,14,9,0,1
2022-23,22200412,3,1610612762,2,3,2,0,0
2022-23,22200412,4,1610612740,5,7,5,1,0
2022-23,22200412,4,1610612762,2,3,2,1,0
2022-23,22200413,1,1610612738,3,2,2,2,0
2022-23,22200413,1,1610612747,6,8,6,3,0
2022-23,22200413,2,1610612738,3,3,3,1,0
2022-23,22200413,2,1610612747,4,5,3,1,1
2022-23,22200413,3,1610612738,3,4,1,2,0
2022-23,22200413,3,1610612747,6,9,8,2,1
2022-23,22200413,4,1610612738,5,3,3,3,0
2022-23,22200413,4,1610612747,5,8,5,1,0
2022-23,22200414,1,1610612765,5,7,5,1,0
2022-23,22200414,1,1610612766,7,11,8,1,0
2022-23,22200414,2,1610612765,8,14,11,1,1
2022-23,22200414,2,1610612766,7,9,6,5,0
2022-23,22200414,3,1610612765,6,5,5,2,2
2022-23,22200414,3,1610612766,4,3,3,2,1
2022-23,22200414,4,1610612765,4,6,3,1,0
2022-23,22200414,4,1610612766,4,4,4,1,1
2022-23,22200415,1,1610612744,3,3,3,1,0
2022-23,22200415,1,1610612754,4,4,3,1,0
2022-23,22200415,2,1610612744,5,6,5,3,0
2022-23,22200415,2,1610612754,5,7,6,3,0
2022-23,22200415,3,1610612744,6,9,8,1,0
2022-23,22200415,3,1610612754,5,5,4,1,1
2022-23,22200415,4,1610612744,7,11,9,1,0
2022-23,22200415,4,1610612754,4,9,8,0,0
2022-23,22200416,1,1610612737,6,7,6,3,0
2022-23,22200416,1,1610612753,8,13,12,3,1
2022-23,22200416,2,1610612737,5,8,8,1,0
2022-23,22200416,2,1610612753,3,6,4,0,0
2022-23,22200416,3,1610612737,5,9,7,0,1
2022-23,22200416,3,1610612753,3,6,4,0,0
2022-23,22200416,4,1610612737,4,3,3,1,1
2022-23,22200416,4,1610612753,5,5,5,3,0
2022-23,22200417,1,1610612758,1,0,0,1,0
2022-23,22200417,1,1610612761,4,8,7,0,0
2022-23,22200417,2,1610612758,7,10,9,2,0
2022-23,22200417,2,1610612761,1,2,2,0,0
2022-23,22200417,3,1610612758,2,0,0,2,0
2022-23,22200417,3,1610612761,7,13,11,3,0
2022-23,22200417,4,1610612758,6,10,8,3,0
2022-23,22200417,4,1610612761,2,4,3,0,0
2022-23,22200418,1,1610612741,4,5,4,1,0
2022-23,22200418,1,1610612752,6,9,7,1,0
2022-23,22200418,2,1610612741,4,3,3,2,0
2022-23,22200418,2,1610612752,4,6,5,1,0
2022-23,22200418,3,1610612741,5,5,3,1,1
2022-23,22200418,3,1610612752,2,3,3,0,0
2022-23,22200418,4,1610612741,7,8,8,3,0
2022-23,22200418,4,1610612752,1,3,2,0,0
2022-23,22200419,1,1610612748,3,2,2,2,0
2022-23,22200419,1,1610612760,4,9,7,0,0
2022-23,22200419,2,1610612748,3,4,4,1,0
2022-23,22200419,2,1610612760,2,0,0,1,1
2022-23,22200419,3,1610612748,5,4,3,4,0
2022-23,22200419,3,1610612760,5,3,3,3,0
2022-23,22200419,4,1610612748,4,5,3,1,0
2022-23,22200419,4,1610612760,7,11,7,3,0
2022-23,22200420,1,1610612757,5,7,5,1,1
2022-23,22200420,1,1610612759,4,4,1,1,1
2022-23,22200420,2,1610612757,6,7,4,2,0
2022-23,22200420,2,1610612759,5,6,3,3,0
2022-23,22200420,3,1610612757,2,2,2,1,0
2022-23,22200420,3,1610612759,3,5,4,0,0
2022-23,22200420,4,1610612757,3,1,1,1,1
2022-23,22200420,4,1610612759,4,4,3,2,0
2022-23,22200421,1,1610612739,2,2,1,1,0
2022-23,22200421,1,1610612742,3,1,1,2,0
2022-23,22200421,2,1610612739,5,8,5,2,0
2022-23,22200421,2,1610612742,5,10,6,0,0
2022-23,22200421,3,1610612739,5,7,7,2,0
2022-23,22200421,3,1610612742,5,7,6,1,0
2022-23,22200421,4,1610612739,3,2,2,1,1
2022-23,22200421,4,1610612742,6,8,6,2,1
2022-23,22200422,1,1610612743,4,5,4,2,0
2022-23,22200422,1,1610612764,4,4,2,2,0
2022-23,22200422,2,1610612743,8,12,11,2,1
2022-23,22200422,2,1610612764,4,4,2,0,1
2022-23,22200422,3,1610612743,5,5,3,3,0
2022-23,22200422,3,1610612764,2,4,1,0,0
2022-23,22200422,4,1610612743,9,13,11,4,0
2022-23,22200422,4,1610612764,7,11,8,4,0
2022-23,22200423,1,1610612746,5,4,4,3,1
2022-23,22200423,1,1610612750,5,10,7,1,0
2022-23,22200423,2,1610612746,4,4,3,2,0
2022-23,22200423,2,1610612750,5,8,6,1,0
2022-23,22200423,3,1610612746,3,3,2,1,0
2022-23,22200423,3,1610612750,4,3,2,2,0
2022-23,22200423,4,1610612746,8,10,8,3,2
2022-23,22200423,4,1610612750,6,9,7,2,0
2022-23,22200424,1,1610612745,3,1,1,2,0
2022-23,22200424,1,1610612748,5,8,7,1,0
2022-23,22200424,2,1610612745,3,3,2,2,0
2022-23,22200424,2,1610612748,3,5,4,0,0
2022-23,22200424,3,1610612745,6,11,8,1,0
2022-23,22200424,3,1610612748,4,2,1,2,0
2022-23,22200424,4,1610612745,5,2,0,4,0
2022-23,22200424,4,1610612748,5,8,5,2,0
2022-23,22200425,1,1610612749,5,6,5,2,1
2022-23,22200425,1,1610612763,4,7,5,0,0
2022-23,22200425,2,1610612749,5,8,4,0,1
2022-23,22200425,2,1610612763,2,2,1,1,0
2022-23,22200425,3,1610612749,3,3,2,1,0
2022-23,22200425,3,1610612763,7,10,9,1,0
2022-23,22200425,4,1610612749,6,10,7,3,0
2022-23,22200425,4,1610612763,3,4,3,1,0
2022-23,22200426,1,1610612740,4,5,4,1,0
2022-23,22200426,1,1610612762,7,9,6,2,1
2022-23,22200426,2,1610612740,5,7,7,0,0
2022-23,22200426,2,1610612762,3,2,2,2,0
2022-23,22200426,3,1610612740,5,7,5,1,0
2022-23,22200426,3,1610612762,7,9,8,2,2
2022-23,22200426,4,1610612740,6,9,7,1,0
2022-23,22200426,4,1610612762,7,11,11,2,0
2022-23,22200427,1,1610612746,4,5,3,1,0
2022-23,22200427,1,1610612756,3,5,4,0,0
2022-23,22200427,2,1610612746,4,2,1,2,0
2022-23,22200427,2,1610612756,5,4,2,1,1
2022-23,22200427,3,1610612746,4,7,5,0,0
2022-23,22200427,3,1610612756,2,2,2,1,0
2022-23,22200427,4,1610612746,6,7,6,3,0
2022-23,22200427,4,1610612756,6,7,6,3,0
2022-23,22200428,1,1610612737,5,7,7,2,0
2022-23,22200428,1,1610612766,6,9,6,1,1
2022-23,22200428,2,1610612737,7,10,9,3,1
2022-23,22200428,2,1610612766,6,3,2,5,0
2022-23,22200428,3,1610612737,6,10,8,4,0
2022-23,22200428,3,1610612766,5,3,3,2,2
2022-23,22200428,4,1610612737,4,7,4,1,0
2022-23,22200428,4,1610612766,3,4,2,1,0
2022-23,22200429,1,1610612758,5,6,5,0,1
2022-23,22200429,1,1610612765,6,8,5,3,0
2022-23,22200429,2,1610612758,6,8,6,0,1
2022-23,22200429,2,1610612765,7,12,10,3,0
2022-23,22200429,3,1610612758,3,4,4,0,1
2022-23,22200429,3,1610612765,3,2,1,1,1
2022-23,22200429,4,1610612758,9,11,9,4,0
2022-23,22200429,4,1610612765,7,9,9,4,0
2022-23,22200430,1,1610612738,1,0,0,1,0
2022-23,22200430,1,1610612753,7,11,9,2,0
2022-23,22200430,2,1610612738,6,12,11,1,1
2022-23,22200430,2,1610612753,5,4,3,2,0
2022-23,22200430,3,1610612738,9,13,10,2,2
2022-23,22200430,3,1610612753,4,7,7,0,1
2022-23,22200430,4,1610612738,7,9,7,5,0
2022-23,22200430,4,1610612753,4,6,5,0,1
2022-23,22200431,1,1610612739,2,4,4,0,0
2022-23,22200431,1,1610612754,3,3,3,1,0
2022-23,22200431,2,1610612739,8,11,11,3,0
2022-23,22200431,2,1610612754,7,12,10,1,0
2022-23,22200431,3,1610612739,5,6,5,2,0
2022-23,22200431,3,1610612754,2,2,2,0,0
2022-23,22200431,4,1610612739,7,11,8,1,1
2022-23,22200431,4,1610612754,2,2,2,1,0
2022-23,22200432,1,1610612744,1,2,1,0,0
2022-23,22200432,1,1610612755,3,3,2,1,0
2022-23,22200432,2,1610612744,4,4,3,2,0
2022-23,22200432,2,1610612755,7,12,9,2,0
2022-23,22200432,3,1610612744,2,2,2,1,0
2022-23,22200432,3,1610612755,3,2,2,2,0
2022-23,22200432,4,1610612744,5,5,5,1,2
2022-23,22200432,4,1610612755,7,14,12,2,1
2022-23,22200433,1,1610612751,3,4,2,2,0
2022-23,22200433,1,1610612761,5,6,6,2,1
2022-23,22200433,2,1610612751,6,4,4,2,2
2022-23,22200433,2,1610612761,6,8,6,1,0
2022-23,22200433,3,1610612751,8,13,12,0,1
2022-23,22200433,3,1610612761,3,5,4,1,0
2022-23,22200433,4,1610612751,2,2,0,1,0
2022-23,22200433,4,1610612761,7,10,9,2,0
2022-23,22200434,1,1610612741,3,4,4,1,0
2022-23,22200434,1,1610612752,3,1,1,1,1
2022-23,22200434,2,1610612741,2,2,1,1,0
2022-23,22200434,2,1610612752,6,11,7,0,2
2022-23,22200434,3,1610612741,3,2,2,1,1
2022-23,22200434,3,1610612752,6,10,6,1,1
2022-23,22200434,4,1610612741,2,0,0,2,0
2022-23,22200434,4,1610612752,6,10,9,2,0
2022-23,22200435,1,1610612750,6,11,7,0,0
2022-23,22200435,1,1610612760,3,2,1,2,0
2022-23,22200435,2,1610612750,4,5,4,1,0
2022-23,22200435,2,1610612760,1,1,0,0,0
2022-23,22200435,3,1610612750,3,5,2,0,0
2022-23,22200435,3,1610612760,6,10,10,1,0
2022-23,22200435,4,1610612750,5,4,1,3,2
2022-23,22200435,4,1610612760,6,8,6,4,0
2022-23,22200436,1,1610612742,4,5,5,1,1
2022-23,22200436,1,1610612757,4,4,4,1,0
2022-23,22200436,2,1610612742,9,14,11,3,1
2022-23,22200436,2,1610612757,7,11,9,1,0
2022-23,22200436,3,1610612742,3,2,2,0,1
2022-23,22200436,3,1610612757,4,8,4,0,0
2022-23,22200436,4,1610612742,4,5,4,2,0
2022-23,22200436,4,1610612757,2,2,2,1,0
2022-23,22200437,1,1610612743,6,9,8,0,0
2022-23,22200437,1,1610612747,4,9,5,0,0
2022-23,22200437,2,1610612743,5,9,6,0,0
2022-23,22200437,2,1610612747,5,7,7,1,0
2022-23,22200437,3,1610612743,4,7,5,0,0
2022-23,22200437,3,1610612747,4,6,4,0,1
2022-23,22200437,4,1610612743,5,3,2,4,0
2022-23,22200437,4,1610612747,2,2,2,1,0
2022-23,22200438,1,1610612746,3,6,4,0,0
2022-23,22200438,1,1610612764,3,2,2,1,1
2022-23,22200438,2,1610612746,3,2,2,1,0
2022-23,22200438,2,1610612764,1,2,1,0,0
2022-23,22200438,3,1610612746,7,10,7,4,0
2022-23,22200438,3,1610612764,5,7,7,0,1
2022-23,22200438,4,1610612746,5,8,3,0,1
2022-23,22200438,4,1610612764,5,2,2,5,0
2022-23,22200439,1,1610612748,4,4,4,2,0
2022-23,22200439,1,1610612759,8,7,5,3,2
2022-23,22200439,2,1610612748,5,6,3,1,0
2022-23,22200439,2,1610612759,6,8,6,2,0
2022-23,22200439,3,1610612748,4,5,3,1,0
2022-23,22200439,3,1610612759,4,6,5,1,1
2022-23,22200439,4,1610612748,4,8,6,0,0
2022-23,22200439,4,1610612759,8,12,9,3,1
2022-23,22200440,1,1610612739,3,2,2,1,1
2022-23,22200440,1,1610612742,5,7,5,1,0
2022-23,22200440,2,1610612739,3,3,1,2,0
2022-23,22200440,2,1610612742,5,2,1,3,1
2022-23,22200440,3,1610612739,6,10,4,1,0
2022-23,22200440,3,1610612742,4,4,3,1,1
2022-23,22200440,4,1610612739,5,7,6,1,1
2022-23,22200440,4,1610612742,5,6,3,4,0
2022-23,22200441,1,1610612745,3,5,3,1,0
2022-23,22200441,1,1610612757,7,8,7,2,1
2022-23,22200441,2,1610612745,5,6,5,2,1
2022-23,22200441,2,1610612757,3,4,3,1,0
2022-23,22200441,3,1610612745,6,10,6,2,0
2022-23,22200441,3,1610612757,1,2,1,0,0
2022-23,22200441,4,1610612745,5,8,6,0,1
2022-23,22200441,4,1610612757,4,5,3,1,1
2022-23,22200442,1,1610612749,2,2,2,1,0
2022-23,22200442,1,1610612762,0,0,0,0,0
2022-23,22200442,2,1610612749,2,2,2,0,1
2022-23,22200442,2,1610612762,4,1,1,3,0
2022-23,22200442,3,1610612749,5,5,3,3,0
2022-23,22200442,3,1610612762,4,3,2,1,1
2022-23,22200442,4,1610612749,2,2,2,1,0
2022-23,22200442,4,1610612762,3,2,0,2,0
2022-23,22200443,1,1610612760,3,4,4,1,1
2022-23,22200443,1,1610612763,5,9,7,0,1
2022-23,22200443,2,1610612760,4,11,7,1,1
2022-23,22200443,2,1610612763,7,11,8,5,0
2022-23,22200443,3,1610612760,8,9,4,1,2
2022-23,22200443,3,1610612763,7,11,9,1,0
2022-23,22200443,4,1610612760,5,7,5,4,0
2022-23,22200443,4,1610612763,5,6,5,2,0
2022-23,22200444,1,1610612740,2,2,2,2,0
2022-23,22200444,1,1610612756,3,4,3,1,0
2022-23,22200444,2,1610612740,4,2,2,1,1
2022-23,22200444,2,1610612756,7,8,5,5,1
2022-23,22200444,3,1610612740,3,2,2,2,0
2022-23,22200444,3,1610612756,3,3,2,1,0
2022-23,22200444,4,1610612740,4,7,4,0,0
2022-23,22200444,4,1610612756,11,20,15,4,0
2022-23,22200445,1,1610612738,5,6,5,2,1
2022-23,22200445,1,1610612753,3,3,2,1,0
2022-23,22200445,2,1610612738,6,8,7,4,0
2022-23,22200445,2,1610612753,4,6,6,0,0
2022-23,22200445,3,1610612738,2,2,2,0,1
2022-23,22200445,3,1610612753,6,6,5,4,0
2022-23,22200445,4,1610612738,4,5,4,1,0
2022-23,22200445,4,1610612753,3,4,4,2,0
2022-23,22200446,1,1610612752,6,9,4,1,0
2022-23,22200446,1,1610612754,4,4,2,1,1
2022-23,22200446,2,1610612752,3,2,2,1,0
2022-23,22200446,2,1610612754,5,7,6,0,0
2022-23,22200446,3,1610612752,9,13,11,3,0
2022-23,22200446,3,1610612754,4,3,3,2,0
2022-23,22200446,4,1610612752,7,6,6,7,0
2022-23,22200446,4,1610612754,5,9,4,1,0
2022-23,22200447,1,1610612751,3,3,3,1,1
2022-23,22200447,1,1610612765,7,11,9,3,0
2022-23,22200447,2,1610612751,4,3,2,2,0
2022-23,22200447,2,1610612765,5,5,4,3,0
2022-23,22200447,3,1610612751,6,8,8,4,0
2022-23,22200447,3,1610612765,6,9,8,3,0
2022-23,22200447,4,1610612751,6,9,8,2,1
2022-23,22200447,4,1610612765,5,9,8,1,0
2022-23,22200448,1,1610612744,3,2,2,1,1
2022-23,22200448,1,1610612761,6,10,7,1,1
2022-23,22200448,2,1610612744,6,10,9,1,1
2022-23,22200448,2,1610612761,2,3,3,1,0
2022-23,22200448,3,1610612744,4,7,5,0,0
2022-23,22200448,3,1610612761,5,3,2,2,0
2022-23,22200448,4,1610612744,6,7,6,2,1
2022-23,22200448,4,1610612761,6,6,5,3,0
2022-23,22200449,1,1610612741,5,8,7,1,0
2022-23,22200449,1,1610612750,5,5,4,3,0
2022-23,22200449,2,1610612741,2,1,0,1,0
2022-23,22200449,2,1610612750,3,5,3,0,0
2022-23,22200449,3,1610612741,7,7,5,2,1
2022-23,22200449,3,1610612750,3,3,3,1,0
2022-23,22200449,4,1610612741,5,8,6,2,0
2022-23,22200449,4,1610612750,3,3,3,1,0
2022-23,22200450,1,1610612743,4,5,3,1,0
2022-23,22200450,1,1610612766,0,1,1,0,0
2022-23,22200450,2,1610612743,7,11,7,1,1
2022-23,22200450,2,1610612766,4,7,6,0,1
2022-23,22200450,3,1610612743,5,6,4,1,0
2022-23,22200450,3,1610612766,4,6,5,1,0
2022-23,22200450,4,1610612743,8,12,8,5,1
2022-23,22200450,4,1610612766,6,9,9,3,0
2022-23,22200451,1,1610612747,2,0,0,2,0
2022-23,22200451,1,1610612764,3,6,5,0,0
2022-23,22200451,2,1610612747,3,7,6,0,0
2022-23,22200451,2,1610612764,3,5,3,0,0
2022-23,22200451,3,1610612747,6,9,6,1,0
2022-23,22200451,3,1610612764,7,8,6,3,0
2022-23,22200451,4,1610612747,5,6,4,0,1
2022-23,22200451,4,1610612764,4,5,5,1,0
2022-23,22200452,1,1610612739,3,3,3,1,0
2022-23,22200452,1,1610612762,3,5,2,0,0
2022-23,22200452,2,1610612739,3,4,4,1,0
2022-23,22200452,2,1610612762,3,7,7,0,0
2022-23,22200452,3,1610612739,5,9,8,1,0
2022-23,22200452,3,1610612762,5,7,6,1,1
2022-23,22200452,4,1610612739,6,10,6,2,0
2022-23,22200452,4,1610612762,5,4,2,3,0
2022-23,22200453,1,1610612755,6,7,7,2,1
2022-23,22200453,1,1610612761,4,8,6,0,0
2022-23,22200453,2,1610612755,5,5,5,1,0
2022-23,22200453,2,1610612761,4,4,3,1,1
2022-23,22200453,3,1610612755,1,3,3,0,0
2022-23,22200453,3,1610612761,2,4,4,0,0
2022-23,22200453,4,1610612755,7,10,8,4,0
2022-23,22200453,4,1610612761,5,4,3,3,0
2022-23,22200454,1,1610612737,5,8,7,0,1
2022-23,22200454,1,1610612753,2,4,2,0,0
2022-23,22200454,2,1610612737,5,4,3,0,1
2022-23,22200454,2,1610612753,3,3,3,1,0
2022-23,22200454,3,1610612737,2,4,4,0,0
2022-23,22200454,3,1610612753,6,9,9,2,0
2022-23,22200454,4,1610612737,5,4,4,3,0
2022-23,22200454,4,1610612753,6,9,9,3,1
2022-23,22200455,1,1610612745,7,9,7,3,0
2022-23,22200455,1,1610612759,5,8,6,1,0
2022-23,22200455,2,1610612745,6,11,5,2,0
2022-23,22200455,2,1610612759,4,1,1,3,0
2022-23,22200455,3,1610612745,4,5,3,1,0
2022-23,22200455,3,1610612759,5,8,6,2,0
2022-23,22200455,4,1610612745,5,6,5,2,0
2022-23,22200455,4,1610612759,2,2,2,1,0
2022-23,22200456,1,1610612742,6,9,7,2,0
2022-23,22200456,1,1610612750,3,2,1,2,0
2022-23,22200456,2,1610612742,5,4,4,3,0
2022-23,22200456,2,1610612750,7,9,7,1,0
2022-23,22200456,3,1610612742,7,11,10,2,0
2022-23,22200456,3,1610612750,6,10,10,2,0
2022-23,22200456,4,1610612742,5,7,4,1,1
2022-23,22200456,4,1610612750,4,3,2,2,0
2022-23,22200457,1,1610612740,4,2,2,2,1
2022-23,22200457,1,1610612749,3,4,4,0,0
2022-23,22200457,2,1610612740,5,4,4,2,1
2022-23,22200457,2,1610612749,3,3,3,1,0
2022-23,22200457,3,1610612740,7,11,7,3,0
2022-23,22200457,3,1610612749,4,7,5,1,0
2022-23,22200457,4,1610612740,5,7,4,1,0
2022-23,22200457,4,1610612749,9,17,13,3,0
2022-23,22200458,1,1610612757,4,4,3,2,0
2022-23,22200458,1,1610612760,4,7,7,0,0
2022-23,22200458,2,1610612757,4,5,4,2,0
2022-23,22200458,2,1610612760,5,11,9,1,0
2022-23,22200458,3,1610612757,7,12,10,1,2
2022-23,22200458,3,1610612760,4,5,5,1,0
2022-23,22200458,4,1610612757,4,0,0,3,1
2022-23,22200458,4,1610612760,9,14,11,4,1
2022-23,22200459,1,1610612747,2,2,1,1,0
2022-23,22200459,1,1610612756,5,8,6,2,0
2022-23,22200459,2,1610612747,4,2,2,2,0
2022-23,22200459,2,1610612756,6,11,8,2,0
2022-23,22200459,3,1610612747,5,5,5,2,0
2022-23,22200459,3,1610612756,3,4,3,1,0
2022-23,22200459,4,1610612747,5,8,6,1,0
2022-23,22200459,4,1610612756,1,1,1,0,0
2022-23,22200460,1,1610612758,7,9,4,4,0
2022-23,22200460,1,1610612766,4,5,4,2,0
2022-23,22200460,2,1610612758,5,8,6,2,0
2022-23,22200460,2,1610612766,6,6,3,1,1
2022-23,22200460,3,1610612758,3,3,1,1,0
2022-23,22200460,3,1610612766,5,6,5,3,0
2022-23,22200460,4,1610612758,7,11,6,1,1
2022-23,22200460,4,1610612766,7,6,5,5,1
2022-23,22200461,1,1610612762,4,4,3,2,0
2022-23,22200461,1,1610612765,5,5,4,2,0
2022-23,22200461,2,1610612762,4,7,5,0,0
2022-23,22200461,2,1610612765,3,2,2,1,1
2022-23,22200461,3,1610612762,5,7,4,1,0
2022-23,22200461,3,1610612765,5,7,6,0,0
2022-23,22200461,4,1610612762,5,1,0,4,0
2022-23,22200461,4,1610612765,7,13,8,1,0
2022-23,22200462,1,1610612741,2,5,5,0,0
2022-23,22200462,1,1610612748,2,4,3,0,0
2022-23,22200462,2,1610612741,4,8,7,0,0
2022-23,22200462,2,1610612748,2,3,2,1,0
2022-23,22200462,3,1610612741,6,7,6,2,0
2022-23,22200462,3,1610612748,4,2,2,4,0
2022-23,22200462,4,1610612741,4,4,2,1,1
2022-23,22200462,4,1610612748,6,8,5,4,0
2022-23,22200463,1,1610612744,1,3,3,0,0
2022-23,22200463,1,1610612752,3,6,5,0,0
2022-23,22200463,2,1610612744,5,4,3,4,0
2022-23,22200463,2,1610612752,5,7,5,2,0
2022-23,22200463,3,1610612744,3,6,6,1,0
2022-23,22200463,3,1610612752,8,13,9,3,0
2022-23,22200463,4,1610612744,1,0,0,1,0
2022-23,22200463,4,1610612752,4,6,6,0,0
2022-23,22200464,1,1610612756,1,2,1,0,0
2022-23,22200464,1,1610612764,2,4,2,0,0
2022-23,22200464,2,1610612756,1,2,1,0,0
2022-23,22200464,2,1610612764,2,4,3,0,0
2022-23,22200464,3,1610612756,8,10,10,7,0
2022-23,22200464,3,1610612764,6,10,7,1,0
2022-23,22200464,4,1610612756,2,5,3,0,0
2022-23,22200464,4,1610612764,10,19,14,4,0
2022-23,22200465,1,1610612743,5,10,6,0,0
2022-23,22200465,1,1610612763,2,0,0,2,0
2022-23,22200465,2,1610612743,7,10,6,2,2
2022-23,22200465,2,1610612763,4,3,1,2,0
2022-23,22200465,3,1610612743,4,2,1,3,0
2022-23,22200465,3,1610612763,7,11,10,2,0
2022-23,22200465,4,1610612743,3,3,2,2,0
2022-23,22200465,4,1610612763,4,7,3,0,0
2022-23,22200466,1,1610612739,5,2,2,5,0
2022-23,22200466,1,1610612749,5,8,5,0,0
2022-23,22200466,2,1610612739,2,4,3,0,0
2022-23,22200466,2,1610612749,6,5,3,4,0
2022-23,22200466,3,1610612739,4,9,6,0,0
2022-23,22200466,3,1610612749,4,5,4,1,0
2022-23,22200466,4,1610612739,6,13,11,2,0
2022-23,22200466,4,1610612749,4,4,3,1,1
2022-23,22200467,1,1610612755,2,4,4,0,0
2022-23,22200467,1,1610612765,6,12,11,0,1
2022-23,22200467,2,1610612755,5,5,4,3,0
2022-23,22200467,2,1610612765,6,8,4,3,1
2022-23,22200467,3,1610612755,5,9,8,2,0
2022-23,22200467,3,1610612765,6,7,6,3,0
2022-23,22200467,4,1610612755,2,4,4,0,0
2022-23,22200467,4,1610612765,4,7,4,1,0
2022-23,22200468,1,1610612737,3,4,4,1,0
2022-23,22200468,1,1610612741,3,6,4,0,0
2022-23,22200468,2,1610612737,4,7,7,1,0
2022-23,22200468,2,1610612741,3,6,5,0,0
2022-23,22200468,3,1610612737,3,3,3,2,0
2022-23,22200468,3,1610612741,5,6,5,2,0
2022-23,22200468,4,1610612737,4,2,2,3,0
2022-23,22200468,4,1610612741,3,4,3,1,0
2022-23,22200469,1,1610612738,6,6,5,4,0
2022-23,22200469,1,1610612754,3,3,2,1,0
2022-23,22200469,2,1610612738,4,4,3,2,0
2022-23,22200469,2,1610612754,2,1,1,2,0
2022-23,22200469,3,1610612738,7,13,12,3,0
2022-23,22200469,3,1610612754,2,2,2,1,0
2022-23,22200469,4,1610612738,3,2,1,2,0
2022-23,22200469,4,1610612754,2,3,2,0,0
2022-23,22200470,1,1610612744,4,0,0,4,0
2022-23,22200470,1,1610612751,5,7,5,0,1
2022-23,22200470,2,1610612744,6,10,7,2,0
2022-23,22200470,2,1610612751,2,3,3,1,0
2022-23,22200470,3,1610612744,5,7,7,2,0
2022-23,22200470,3,1610612751,5,4,4,2,2
2022-23,22200470,4,1610612744,6,8,5,1,1
2022-23,22200470,4,1610612751,1,2,2,0,0
2022-23,22200471,1,1610612752,4,6,4,1,0
2022-23,22200471,1,1610612761,1,2,2,0,0
2022-23,22200471,2,1610612752,6,7,4,2,0
2022-23,22200471,2,1610612761,2,3,2,0,0
2022-23,22200471,3,1610612752,3,4,3,0,1
2022-23,22200471,3,1610612761,8,8,7,3,1
2022-23,22200471,4,1610612752,3,1,0,1,1
2022-23,22200471,4,1610612761,7,9,9,3,1
2022-23,22200472,1,1610612745,5,5,4,3,0
2022-23,22200472,1,1610612753,4,4,4,0,1
2022-23,22200472,2,1610612745,4,5,3,1,0
2022-23,22200472,2,1610612753,5,8,7,0,1
2022-23,22200472,3,1610612745,4,4,3,2,0
2022-23,22200472,3,1610612753,5,9,4,1,0
2022-23,22200472,4,1610612745,4,3,1,1,1
2022-23,22200472,4,1610612753,9,12,8,5,0
2022-23,22200473,1,1610612742,9,13,10,3,0
2022-23,22200473,1,1610612750,2,1,0,1,0
2022-23,22200473,2,1610612742,2,0,0,2,0
2022-23,22200473,2,1610612750,2,4,3,0,0
2022-23,22200473,3,1610612742,6,6,6,3,0
2022-23,22200473,3,1610612750,2,4,3,0,0
2022-23,22200473,4,1610612742,7,8,7,6,0
2022-23,22200473,4,1610612750,4,1,1,1,2
2022-23,22200474,1,1610612757,2,2,1,1,0
2022-23,22200474,1,1610612760,4,8,6,0,0
2022-23,22200474,2,1610612757,5,5,4,2,0
2022-23,22200474,2,1610612760,6,8,7,3,0
2022-23,22200474,3,1610612757,2,0,0,2,0
2022-23,22200474,3,1610612760,3,5,4,0,1
2022-23,22200474,4,1610612757,4,2,1,3,0
2022-23,22200474,4,1610612760,4,4,4,3,0
2022-23,22200475,1,1610612747,6,6,6,4,0
2022-23,22200475,1,1610612758,6,9,8,2,0
2022-23,22200475,2,1610612747,4,5,4,1,0
2022-23,22200475,2,1610612758,6,9,8,1,0
2022-23,22200475,3,1610612747,5,6,4,1,0
2022-23,22200475,3,1610612758,3,3,1,1,0
2022-23,22200475,4,1610612747,6,13,11,0,0
2022-23,22200475,4,1610612758,3,7,4,0,0
2022-23,22200476,1,1610612746,6,10,9,0,0
2022-23,22200476,1,1610612766,6,9,8,1,0
2022-23,22200476,2,1610612746,2,2,2,1,0
2022-23,22200476,2,1610612766,5,8,6,2,0
2022-23,22200476,3,1610612746,4,6,5,1,0
2022-23,22200476,3,1610612766,1,2,1,0,0
2022-23,22200476,4,1610612746,5,5,5,2,0
2022-23,22200476,4,1610612766,6,10,7,2,0
2022-23,22200477,1,1610612740,5,6,5,1,1
2022-23,22200477,1,1610612759,2,2,1,0,1
2022-23,22200477,2,1610612740,6,6,6,3,0
2022-23,22200477,2,1610612759,7,13,11,1,0
2022-23,22200477,3,1610612740,7,12,11,2,0
2022-23,22200477,3,1610612759,4,2,2,3,0
2022-23,22200477,4,1610612740,3,3,3,1,0
2022-23,22200477,4,1610612759,7,10,8,2,0
2022-23,22200478,1,1610612762,3,4,3,1,0
2022-23,22200478,1,1610612764,7,6,5,3,1
2022-23,22200478,2,1610612762,6,9,9,1,0
2022-23,22200478,2,1610612764,2,2,2,2,0
2022-23,22200478,3,1610612762,2,5,5,0,0
2022-23,22200478,3,1610612764,1,2,1,0,0
2022-23,22200478,4,1610612762,2,3,3,0,0
2022-23,22200478,4,1610612764,5,7,5,2,0
2022-23,22200479,1,1610612753,2,4,4,0,0
2022-23,22200479,1,1610612759,3,3,1,1,0
2022-23,22200479,2,1610612753,3,3,2,0,0
2022-23,22200479,2,1610612759,4,4,3,0,1
2022-23,22200479,3,1610612753,7,11,9,3,0
2022-23,22200479,3,1610612759,2,3,2,1,0
2022-23,22200479,4,1610612753,4,2,1,3,0
2022-23,22200479,4,1610612759,5,8,7,2,0
2022-23,22200480,1,1610612746,3,2,2,2,0
2022-23,22200480,1,1610612755,2,0,0,2,0
2022-23,22200480,2,1610612746,3,3,1,1,0
2022-23,22200480,2,1610612755,4,3,3,2,0
2022-23,22200480,3,1610612746,5,4,3,4,0
2022-23,22200480,3,1610612755,5,6,5,3,0
2022-23,22200480,4,1610612746,9,14,12,1,1
2022-23,22200480,4,1610612755,5,5,5,3,0
2022-23,22200481,1,1610612737,5,6,5,2,0
2022-23,22200481,1,1610612765,2,4,3,0,0
2022-23,22200481,2,1610612737,3,6,4,0,0
2022-23,22200481,2,1610612765,5,9,7,0,0
2022-23,22200481,3,1610612737,3,4,3,1,0
2022-23,22200481,3,1610612765,4,5,5,1,1
2022-23,22200481,4,1610612737,6,8,8,3,0
2022-23,22200481,4,1610612765,8,11,7,4,0
2022-23,22200482,1,1610612738,2,4,3,0,0
2022-23,22200482,1,1610612750,5,8,7,1,0
2022-23,22200482,2,1610612738,6,8,5,0,2
2022-23,22200482,2,1610612750,2,1,0,1,0
2022-23,22200482,3,1610612738,6,9,8,2,0
2022-23,22200482,3,1610612750,2,1,0,1,0
2022-23,22200482,4,1610612738,2,5,4,0,0
2022-23,22200482,4,1610612750,5,5,4,2,0
2022-23,22200483,1,1610612749,5,6,3,2,0
2022-23,22200483,1,1610612751,2,2,2,0,1
2022-23,22200483,2,1610612749,4,5,5,2,0
2022-23,22200483,2,1610612751,3,2,2,2,0
2022-23,22200483,3,1610612749,7,10,8,2,0
2022-23,22200483,3,1610612751,1,3,2,0,0
2022-23,22200483,4,1610612749,1,1,1,0,0
2022-23,22200483,4,1610612751,4,6,6,1,0
2022-23,22200484,1,1610612739,3,5,3,0,0
2022-23,22200484,1,1610612761,4,6,5,0,0
2022-23,22200484,2,1610612739,6,8,4,2,1
2022-23,22200484,2,1610612761,6,6,4,3,0
2022-23,22200484,3,1610612739,5,9,7,2,0
2022-23,22200484,3,1610612761,4,4,4,1,0
2022-23,22200484,4,1610612739,4,8,4,0,0
2022-23,22200484,4,1610612761,1,2,2,0,0
2022-23,22200485,1,1610612741,1,0,0,0,1
2022-23,22200485,1,1610612752,3,3,0,1,0
2022-23,22200485,2,1610612741,3,4,1,0,1
2022-23,22200485,2,1610612752,4,5,4,1,0
2022-23,22200485,3,1610612741,5,5,5,1,0
2022-23,22200485,3,1610612752,3,3,2,2,0
2022-23,22200485,4,1610612741,6,9,8,0,1
2022-23,22200485,4,1610612752,10,15,9,3,2
2022-23,22200486,1,1610612748,5,5,4,2,1
2022-23,22200486,1,1610612754,2,4,3,0,0
2022-23,22200486,2,1610612748,4,2,2,2,1
2022-23,22200486,2,1610612754,3,3,2,1,1
2022-23,22200486,3,1610612748,6,5,5,3,0
2022-23,22200486,3,1610612754,1,0,0,1,0
2022-23,22200486,4,1610612748,4,2,2,2,1
2022-23,22200486,4,1610612754,6,7,5,3,0
2022-23,22200487,1,1610612742,8,10,9,3,1
2022-23,22200487,1,1610612745,2,4,1,1,0
2022-23,22200487,2,1610612742,4,4,4,2,0
2022-23,22200487,2,1610612745,9,14,13,6,0
2022-23,22200487,3,1610612742,4,9,8,0,0
2022-23,22200487,3,1610612745,5,9,9,1,0
2022-23,22200487,4,1610612742,3,4,3,1,1
2022-23,22200487,4,1610612745,4,1,1,3,0
2022-23,22200488,1,1610612740,5,8,7,2,0
2022-23,22200488,1,1610612760,3,4,2,1,0
2022-23,22200488,2,1610612740,4,6,5,1,0
2022-23,22200488,2,1610612760,4,7,4,0,0
2022-23,22200488,3,1610612740,2,2,2,0,1
2022-23,22200488,3,1610612760,3,3,3,1,0
2022-23,22200488,4,1610612740,10,17,15,3,1
2022-23,22200488,4,1610612760,5,9,7,0,0
2022-23,22200489,1,1610612743,2,0,0,2,0
2022-23,22200489,1,1610612757,2,4,4,0,0
2022-23,22200489,2,1610612743,6,7,4,3,0
2022-23,22200489,2,1610612757,9,13,8,1,1
2022-23,22200489,3,1610612743,5,8,5,0,0
2022-23,22200489,3,1610612757,1,1,1,1,0
2022-23,22200489,4,1610612743,7,11,7,1,1
2022-23,22200489,4,1610612757,6,8,7,3,0
2022-23,22200490,1,1610612756,2,0,0,2,0
2022-23,22200490,1,1610612763,3,5,5,0,0
2022-23,22200490,2,1610612756,5,5,2,2,1
2022-23,22200490,2,1610612763,6,8,4,2,1
2022-23,22200490,3,1610612756,5,8,5,1,0
2022-23,22200490,3,1610612763,10,16,13,3,2
2022-23,22200490,4,1610612756,8,13,8,5,1
2022-23,22200490,4,1610612763,5,9,6,1,0
2022-23,22200491,1,1610612758,3,4,4,1,0
2022-23,22200491,1,1610612764,3,5,1,0,0
2022-23,22200491,2,1610612758,4,7,5,1,0
2022-23,22200491,2,1610612764,6,8,7,1,0
2022-23,22200491,3,1610612758,9,16,14,4,0
2022-23,22200491,3,1610612764,6,9,7,2,0
2022-23,22200491,4,1610612758,5,8,4,0,0
2022-23,22200491,4,1610612764,4,2,2,1,2
2022-23,22200492,1,1610612747,6,10,6,2,0
2022-23,22200492,1,1610612766,4,7,5,0,0
2022-23,22200492,2,1610612747,5,5,3,4,0
2022-23,22200492,2,1610612766,5,4,4,2,1
2022-23,22200492,3,1610612747,2,4,3,0,0
2022-23,22200492,3,1610612766,1,0,0,1,0
2022-23,22200492,4,1610612747,3,3,3,1,0
2022-23,22200492,4,1610612766,6,7,5,4,0
2022-23,22200493,1,1610612752,6,8,6,3,1
2022-23,22200493,1,1610612755,4,9,6,0,0
2022-23,22200493,2,1610612752,6,3,3,5,0
2022-23,22200493,2,1610612755,9,11,9,4,0
2022-23,22200493,3,1610612752,4,4,4,2,0
2022-23,22200493,3,1610612755,5,8,7,0,0
2022-23,22200493,4,1610612752,3,2,1,1,1
2022-23,22200493,4,1610612755,1,1,1,0,0
2022-23,22200494,1,1610612742,5,8,6,2,0
2022-23,22200494,1,1610612747,3,2,1,1,1
2022-23,22200494,2,1610612742,5,6,2,1,1
2022-23,22200494,2,1610612747,1,0,0,0,1
2022-23,22200494,3,1610612742,6,6,6,4,0
2022-23,22200494,3,1610612747,7,10,8,2,1
2022-23,22200494,4,1610612742,6,5,4,3,1
2022-23,22200494,4,1610612747,11,20,19,0,1
2022-23,22200495,1,1610612738,0,0,0,0,0
2022-23,22200495,1,1610612749,2,4,4,0,0
2022-23,22200495,2,1610612738,8,14,10,2,0
2022-23,22200495,2,1610612749,6,9,7,2,0
2022-23,22200495,3,1610612738,6,10,9,1,1
2022-23,22200495,3,1610612749,5,8,5,2,0
2022-23,22200495,4,1610612738,0,1,1,0,0
2022-23,22200495,4,1610612749,4,6,5,1,0
2022-23,22200496,1,1610612744,6,10,7,2,0
2022-23,22200496,1,1610612763,6,10,5,0,1
2022-23,22200496,2,1610612744,5,5,3,2,0
2022-23,22200496,2,1610612763,2,6,4,0,0
2022-23,22200496,3,1610612744,7,9,7,2,2
2022-23,22200496,3,1610612763,8,10,9,2,2
2022-23,22200496,4,1610612744,3,2,2,2,0
2022-23,22200496,4,1610612763,2,4,4,0,1
2022-23,22200497,1,1610612743,3,4,4,0,0
2022-23,22200497,1,1610612756,1,1,1,0,0
2022-23,22200497,2,1610612743,8,9,6,4,0
2022-23,22200497,2,1610612756,7,8,8,4,1
2022-23,22200497,3,1610612743,8,9,7,5,0
2022-23,22200497,3,1610612756,1,2,0,0,0
2022-23,22200497,4,1610612743,5,5,4,3,0
2022-23,22200497,4,1610612756,10,13,9,8,0
2022-23,22200498,1,1610612739,4,3,3,2,0
2022-23,22200498,1,1610612751,2,3,3,0,0
2022-23,22200498,2,1610612739,4,5,5,1,0
2022-23,22200498,2,1610612751,1,1,0,0,0
2022-23,22200498,3,1610612739,9,10,8,5,0
2022-23,22200498,3,1610612751,3,6,3,0,0
2022-23,22200498,4,1610612739,6,12,10,1,0
2022-23,22200498,4,1610612751,6,7,7,4,0
2022-23,22200499,1,1610612746,3,6,5,0,0
2022-23,22200499,1,1610612765,1,1,1,1,0
2022-23,22200499,2,1610612746,4,1,1,2,1
2022-23,22200499,2,1610612765,5,7,5,1,0
2022-23,22200499,3,1610612746,9,14,12,6,0
2022-23,22200499,3,1610612765,8,14,12,2,0
2022-23,22200499,4,1610612746,5,5,4,3,1
2022-23,22200499,4,1610612765,9,12,9,5,1
2022-23,22200500,1,1610612748,6,4,3,3,0
2022-23,22200500,1,1610612750,4,4,2,1,1
2022-23,22200500,2,1610612748,1,0,0,1,0
2022-23,22200500,2,1610612750,6,5,4,2,1
2022-23,22200500,3,1610612748,2,3,2,0,0
2022-23,22200500,3,1610612750,2,1,0,1,0
2022-23,22200500,4,1610612748,4,1,1,1,2
2022-23,22200500,4,1610612750,4,4,3,1,0
2022-23,22200501,1,1610612741,4,5,4,1,0
2022-23,22200501,1,1610612745,6,10,6,1,0
2022-23,22200501,2,1610612741,3,4,3,0,0
2022-23,22200501,2,1610612745,4,2,1,3,0
2022-23,22200501,3,1610612741,3,4,2,1,0
2022-23,22200501,3,1610612745,5,6,5,2,0
2022-23,22200501,4,1610612741,4,8,6,0,0
2022-23,22200501,4,1610612745,3,4,4,1,0
2022-23,22200502,1,1610612740,4,5,5,1,1
2022-23,22200502,1,1610612754,3,4,3,1,0
2022-23,22200502,2,1610612740,7,13,10,1,0
2022-23,22200502,2,1610612754,6,4,2,5,0
2022-23,22200502,3,1610612740,1,2,2,0,0
2022-23,22200502,3,1610612754,0,0,0,0,0
2022-23,22200502,4,1610612740,6,4,2,3,1
2022-23,22200502,4,1610612754,8,12,9,1,0
2022-23,22200503,1,1610612759,7,9,7,1,1
2022-23,22200503,1,1610612762,3,3,2,0,1
2022-23,22200503,2,1610612759,6,10,7,0,0
2022-23,22200503,2,1610612762,8,10,9,3,1
2022-23,22200503,3,1610612759,3,5,4,1,0
2022-23,22200503,3,1610612762,6,10,8,1,0
2022-23,22200503,4,1610612759,6,10,6,2,1
2022-23,22200503,4,1610612762,8,14,12,1,2
2022-23,22200504,1,1610612757,2,1,1,1,0
2022-23,22200504,1,1610612766,5,6,6,3,0
2022-23,22200504,2,1610612757,9,15,15,4,1
2022-23,22200504,2,1610612766,6,5,2,2,0
2022-23,22200504,3,1610612757,3,4,3,1,0
2022-23,22200504,3,1610612766,5,8,8,0,1
2022-23,22200504,4,1610612757,6,8,5,4,0
2022-23,22200504,4,1610612766,4,6,3,0,1
2022-23,22200505,1,1610612747,3,2,1,1,1
2022-23,22200505,1,1610612753,5,11,7,0,0
2022-23,22200505,2,1610612747,6,9,7,3,0
2022-23,22200505,2,1610612753,4,4,2,1,1
2022-23,22200505,3,1610612747,2,3,3,1,0
2022-23,22200505,3,1610612753,5,10,7,0,0
2022-23,22200505,4,1610612747,1,3,3,0,0
2022-23,22200505,4,1610612753,2,0,0,2,0
2022-23,22200506,1,1610612755,8,12,9,2,0
2022-23,22200506,1,1610612764,6,8,8,1,0
2022-23,22200506,2,1610612755,4,7,7,0,0
2022-23,22200506,2,1610612764,4,7,6,0,0
2022-23,22200506,3,1610612755,5,6,6,1,1
2022-23,22200506,3,1610612764,6,6,5,2,0
2022-23,22200506,4,1610612755,5,6,5,2,1
2022-23,22200506,4,1610612764,7,10,8,4,1
2022-23,22200507,1,1610612738,1,0,0,1,0
2022-23,22200507,1,1610612745,3,0,0,3,0
2022-23,22200507,2,1610612738,7,12,12,0,0
2022-23,22200507,2,1610612745,5,8,7,0,0
2022-23,22200507,3,1610612738,4,7,7,0,0
2022-23,22200507,3,1610612745,3,2,2,2,0
2022-23,22200507,4,1610612738,2,4,1,0,0
2022-23,22200507,4,1610612745,2,4,3,0,0
2022-23,22200508,1,1610612737,1,2,2,0,0
2022-23,22200508,1,1610612754,2,2,1,0,1
2022-23,22200508,2,1610612737,7,13,8,1,0
2022-23,22200508,2,1610612754,4,6,5,1,0
2022-23,22200508,3,1610612737,4,8,7,0,0
2022-23,22200508,3,1610612754,6,10,8,0,0
2022-23,22200508,4,1610612737,4,6,5,1,0
2022-23,22200508,4,1610612754,6,9,8,1,1
2022-23,22200509,1,1610612746,2,4,4,0,0
2022-23,22200509,1,1610612761,2,2,1,1,0
2022-23,22200509,2,1610612746,3,4,3,1,0
2022-23,22200509,2,1610612761,5,10,8,0,0
2022-23,22200509,3,1610612746,7,11,8,1,1
2022-23,22200509,3,1610612761,4,4,2,1,0
2022-23,22200509,4,1610612746,4,4,4,2,0
2022-23,22200509,4,1610612761,5,10,10,0,1
2022-23,22200510,1,1610612756,1,2,2,0,0
2022-23,22200510,1,1610612763,6,9,7,2,0
2022-23,22200510,2,1610612756,6,9,9,1,2
2022-23,22200510,2,1610612763,6,9,9,2,1
2022-23,22200510,3,1610612756,7,8,7,2,0
2022-23,22200510,3,1610612763,6,10,10,0,0
2022-23,22200510,4,1610612756,5,6,4,1,1
2022-23,22200510,4,1610612763,4,6,2,1,0
2022-23,22200511,1,1610612759,2,2,1,1,0
2022-23,22200511,1,1610612760,6,11,9,0,0
2022-23,22200511,2,1610612759,5,2,2,3,0
2022-23,22200511,2,1610612760,3,7,6,0,0
2022-23,22200511,3,1610612759,6,8,7,0,3
2022-23,22200511,3,1610612760,4,4,2,2,0
2022-23,22200511,4,1610612759,5,2,2,4,0
2022-23,22200511,4,1610612760,6,9,8,1,0
2022-23,22200512,1,1610612742,4,9,6,0,0
2022-23,22200512,1,1610612752,4,2,1,1,1
2022-23,22200512,2,1610612742,4,4,4,2,0
2022-23,22200512,2,1610612752,4,3,3,2,0
2022-23,22200512,3,1610612742,3,6,4,0,0
2022-23,22200512,3,1610612752,3,4,4,1,0
2022-23,22200512,4,1610612742,4,4,2,1,1
2022-23,22200512,4,1610612752,7,9,5,5,0
2022-23,22200513,1,1610612744,3,6,5,0,0
2022-23,22200513,1,1610612766,4,6,5,1,0
2022-23,22200513,2,1610612744,7,9,8,1,1
2022-23,22200513,2,1610612766,5,7,5,1,0
2022-23,22200513,3,1610612744,4,6,5,0,0
2022-23,22200513,3,1610612766,5,5,4,0,2
2022-23,22200513,4,1610612744,3,3,2,2,0
2022-23,22200513,4,1610612766,6,7,5,3,1
2022-23,22200514,1,1610612743,3,0,0,2,1
2022-23,22200514,1,1610612758,4,5,3,1,0
2022-23,22200514,2,1610612743,5,8,8,1,0
2022-23,22200514,2,1610612758,2,2,2,0,0
2022-23,22200514,3,1610612743,6,7,5,3,0
2022-23,22200514,3,1610612758,5,6,6,2,0
2022-23,22200514,4,1610612743,3,6,5,1,0
2022-23,22200514,4,1610612758,5,6,5,3,0
2022-23,22200515,1,1610612753,4,5,4,1,0
2022-23,22200515,1,1610612765,3,6,5,1,0
2022-23,22200515,2,1610612753,8,15,11,2,1
2022-23,22200515,2,1610612765,8,12,9,2,0
2022-23,22200515,3,1610612753,7,10,9,1,0
2022-23,22200515,3,1610612765,6,8,5,2,0
2022-23,22200515,4,1610612753,3,4,2,1,1
2022-23,22200515,4,1610612765,8,14,12,3,0
2022-23,22200516,1,1610612756,1,2,1,0,0
2022-23,22200516,1,1610612764,5,5,4,2,0
2022-23,22200516,2,1610612756,2,4,4,0,0
2022-23,22200516,2,1610612764,5,4,4,3,0
2022-23,22200516,3,1610612756,3,2,2,2,0
2022-23,22200516,3,1610612764,6,10,9,1,1
2022-23,22200516,4,1610612756,5,8,4,2,0
2022-23,22200516,4,1610612764,3,9,8,1,0
2022-23,22200517,1,1610612737,1,2,2,0,0
2022-23,22200517,1,1610612751,2,2,0,1,0
2022-23,22200517,2,1610612737,4,3,3,2,0
2022-23,22200517,2,1610612751,6,9,8,2,0
2022-23,22200517,3,1610612737,6,7,3,2,1
2022-23,22200517,3,1610612751,3,5,5,0,0
2022-23,22200517,4,1610612737,6,10,7,1,1
2022-23,22200517,4,1610612751,2,1,1,1,0
2022-23,22200518,1,1610612747,4,4,4,1,0
2022-23,22200518,1,1610612748,3,6,5,0,0
2022-23,22200518,2,1610612747,3,3,3,1,0
2022-23,22200518,2,1610612748,3,4,4,0,0
2022-23,22200518,3,1610612747,4,4,3,1,0
2022-23,22200518,3,1610612748,1,0,0,1,0
2022-23,22200518,4,1610612747,3,4,1,0,0
2022-23,22200518,4,1610612748,5,6,4,3,0
2022-23,22200519,1,1610612741,2,4,4,0,0
2022-23,22200519,1,1610612749,4,4,2,1,0
2022-23,22200519,2,1610612741,2,5,5,0,0
2022-23,22200519,2,1610612749,5,8,7,0,0
2022-23,22200519,3,1610612741,6,10,6,0,0
2022-23,22200519,3,1610612749,9,15,10,3,0
2022-23,22200519,4,1610612741,4,5,5,1,0
2022-23,22200519,4,1610612749,4,5,3,1,0
2022-23,22200520,1,1610612740,6,9,7,2,0
2022-23,22200520,1,1610612750,5,6,4,2,1
2022-23,22200520,2,1610612740,4,4,3,2,0
2022-23,22200520,2,1610612750,3,3,2,1,0
2022-23,22200520,3,1610612740,11,17,12,2,2
2022-23,22200520,3,1610612750,10,19,15,1,0
2022-23,22200520,4,1610612740,6,13,8,1,0
2022-23,22200520,4,1610612750,4,4,3,1,0
2022-23,22200521,1,1610612744,3,4,4,1,1
2022-23,22200521,1,1610612762,4,6,6,1,0
2022-23,22200521,2,1610612744,7,10,7,3,0
2022-23,22200521,2,1610612762,5,5,2,2,1
2022-23,22200521,3,1610612744,5,7,6,2,0
2022-23,22200521,3,1610612762,5,7,6,3,0
2022-23,22200521,4,1610612744,5,6,5,4,0
2022-23,22200521,4,1610612762,6,8,4,2,1
2022-23,22200522,1,1610612743,4,4,4,2,1
2022-23,22200522,1,1610612758,5,6,5,3,0
2022-23,22200522,2,1610612743,5,5,4,3,0
2022-23,22200522,2,1610612758,7,7,6,4,1
2022-23,22200522,3,1610612743,2,3,3,0,0
2022-23,22200522,3,1610612758,5,6,3,1,2
2022-23,22200522,4,1610612743,3,6,5,0,0
2022-23,22200522,4,1610612758,4,6,5,1,0
2022-23,22200523,1,1610612760,3,4,4,1,0
2022-23,22200523,1,1610612766,4,2,2,2,0
2022-23,22200523,2,1610612760,6,11,9,1,0
2022-23,22200523,2,1610612766,9,14,8,2,0
2022-23,22200523,3,1610612760,1,2,1,0,0
2022-23,22200523,3,1610612766,4,3,1,3,0
2022-23,22200523,4,1610612760,4,4,4,1,0
2022-23,22200523,4,1610612766,6,10,8,2,0
2022-23,22200524,1,1610612739,3,4,4,1,0
2022-23,22200524,1,1610612754,3,5,4,0,0
2022-23,22200524,2,1610612739,4,1,1,2,1
2022-23,22200524,2,1610612754,3,3,3,1,0
2022-23,22200524,3,1610612739,4,6,3,2,0
2022-23,22200524,3,1610612754,3,0,0,2,1
2022-23,22200524,4,1610612739,7,9,6,3,0
2022-23,22200524,4,1610612754,7,13,13,2,0
2022-23,22200525,1,1610612738,2,3,2,1,0
2022-23,22200525,1,1610612746,2,1,1,1,0
2022-23,22200525,2,1610612738,4,5,5,1,0
2022-23,22200525,2,1610612746,5,6,3,0,2
2022-23,22200525,3,1610612738,4,5,3,1,0
2022-23,22200525,3,1610612746,2,2,1,1,0
2022-23,22200525,4,1610612738,7,9,7,3,1
2022-23,22200525,4,1610612746,4,5,4,1,0
2022-23,22200526,1,1610612761,3,0,0,3,0
2022-23,22200526,1,1610612763,3,2,1,2,0
2022-23,22200526,2,1610612761,7,9,8,1,1
2022-23,22200526,2,1610612763,3,3,3,2,0
2022-23,22200526,3,1610612761,5,8,5,0,0
2022-23,22200526,3,1610612763,5,1,0,3,1
2022-23,22200526,4,1610612761,4,7,5,0,0
2022-23,22200526,4,1610612763,6,8,6,2,1
2022-23,22200527,1,1610612752,5,6,5,2,0
2022-23,22200527,1,1610612759,4,6,3,1,0
2022-23,22200527,2,1610612752,7,12,11,0,1
2022-23,22200527,2,1610612759,6,7,6,2,0
2022-23,22200527,3,1610612752,6,7,3,1,1
2022-23,22200527,3,1610612759,4,8,6,0,1
2022-23,22200527,4,1610612752,5,6,5,1,0
2022-23,22200527,4,1610612759,5,8,6,4,0
2022-23,22200528,1,1610612742,7,15,10,0,0
2022-23,22200528,1,1610612745,4,6,5,1,0
2022-23,22200528,2,1610612742,5,5,4,2,1
2022-23,22200528,2,1610612745,8,11,6,4,1
2022-23,22200528,3,1610612742,5,4,3,1,1
2022-23,22200528,3,1610612745,8,12,10,4,0
2022-23,22200528,4,1610612742,5,1,0,3,1
2022-23,22200528,4,1610612745,6,8,5,1,2
2022-23,22200529,1,1610612753,2,2,1,1,0
2022-23,22200529,1,1610612764,3,4,4,1,0
2022-23,22200529,2,1610612753,2,2,1,0,0
2022-23,22200529,2,1610612764,9,14,10,5,1
2022-23,22200529,3,1610612753,6,8,5,1,1
2022-23,22200529,3,1610612764,4,6,6,0,0
2022-23,22200529,4,1610612753,3,4,4,1,0
2022-23,22200529,4,1610612764,1,1,0,0,0
2022-23,22200530,1,1610612737,5,4,3,3,0
2022-23,22200530,1,1610612747,3,4,4,1,0
2022-23,22200530,2,1610612737,4,7,4,0,0
2022-23,22200530,2,1610612747,5,5,5,1,0
2022-23,22200530,3,1610612737,4,5,5,1,0
2022-23,22200530,3,1610612747,5,6,4,1,0
2022-23,22200530,4,1610612737,4,4,2,2,0
2022-23,22200530,4,1610612747,5,3,3,2,2
2022-23,22200531,1,1610612756,1,2,1,0,0
2022-23,22200531,1,1610612761,5,8,8,1,0
2022-23,22200531,2,1610612756,7,6,5,2,2
2022-23,22200531,2,1610612761,1,2,2,0,0
2022-23,22200531,3,1610612756,6,7,7,3,1
2022-23,22200531,3,1610612761,4,8,7,0,0
2022-23,22200531,4,1610612756,4,8,7,1,0
2022-23,22200531,4,1610612761,6,8,5,3,1
2022-23,22200532,1,1610612741,5,5,5,1,1
2022-23,22200532,1,1610612765,3,1,1,2,0
2022-23,22200532,2,1610612741,3,2,1,1,1
2022-23,22200532,2,1610612765,3,3,3,1,0
2022-23,22200532,3,1610612741,1,2,2,0,0
2022-23,22200532,3,1610612765,3,4,4,1,0
2022-23,22200532,4,1610612741,6,6,6,0,1
2022-23,22200532,4,1610612765,8,16,11,2,1
2022-23,22200533,1,1610612749,5,6,5,1,0
2022-23,22200533,1,1610612750,4,7,3,0,0
2022-23,22200533,2,1610612749,10,12,6,3,1
2022-23,22200533,2,1610612750,8,13,11,5,0
2022-23,22200533,3,1610612749,7,9,8,3,1
2022-23,22200533,3,1610612750,4,5,4,0,1
2022-23,22200533,4,1610612749,6,6,4,2,1
2022-23,22200533,4,1610612750,6,9,8,2,0
2022-23,22200534,1,1610612740,7,8,7,1,1
2022-23,22200534,1,1610612755,3,5,5,0,0
2022-23,22200534,2,1610612740,3,5,2,0,0
2022-23,22200534,2,1610612755,4,1,1,3,0
2022-23,22200534,3,1610612740,6,11,9,1,0
2022-23,22200534,3,1610612755,7,9,6,3,0
2022-23,22200534,4,1610612740,5,12,8,0,0
2022-23,22200534,4,1610612755,5,7,6,1,2
2022-23,22200535,1,1610612743,1,2,2,0,0
2022-23,22200535,1,1610612748,2,4,4,0,1
2022-23,22200535,2,1610612743,3,4,2,1,0
2022-23,22200535,2,1610612748,4,9,7,0,0
2022-23,22200535,3,1610612743,5,6,5,3,0
2022-23,22200535,3,1610612748,7,11,10,0,0
2022-23,22200535,4,1610612743,6,10,8,2,0
2022-23,22200535,4,1610612748,5,6,6,2,0
2022-23,22200536,1,1610612744,1,0,0,1,0
2022-23,22200536,1,1610612757,6,8,4,3,0
2022-23,22200536,2,1610612744,6,8,7,3,0
2022-23,22200536,2,1610612757,6,8,6,3,1
2022-23,22200536,3,1610612744,5,6,4,2,1
2022-23,22200536,3,1610612757,5,7,6,0,1
2022-23,22200536,4,1610612744,5,7,6,3,0
2022-23,22200536,4,1610612757,2,0,0,2,0
2022-23,22200537,1,1610612758,4,5,3,1,0
2022-23,22200537,1,1610612762,5,11,8,0,0
2022-23,22200537,2,1610612758,2,1,1,1,0
2022-23,22200537,2,1610612762,4,6,6,2,0
2022-23,22200537,3,1610612758,4,5,4,1,0
2022-23,22200537,3,1610612762,5,3,2,2,1
2022-23,22200537,4,1610612758,5,8,6,0,1
2022-23,22200537,4,1610612762,5,10,9,1,0
2022-23,22200538,1,1610612746,3,4,4,1,0
2022-23,22200538,1,1610612754,5,1,1,3,0
2022-23,22200538,2,1610612746,5,7,6,1,0
2022-23,22200538,2,1610612754,3,6,5,0,0
2022-23,22200538,3,1610612746,6,9,9,1,0
2022-23,22200538,3,1610612754,3,6,5,0,0
2022-23,22200538,4,1610612746,5,9,9,2,0
2022-23,22200538,4,1610612754,12,16,14,2,2
2022-23,22200539,1,1610612751,2,1,1,1,0
2022-23,22200539,1,1610612766,4,5,5,1,0
2022-23,22200539,2,1610612751,6,9,7,2,0
2022-23,22200539,2,1610612766,7,9,8,1,0
2022-23,22200539,3,1610612751,5,7,5,2,0
2022-23,22200539,3,1610612766,1,3,3,0,0
2022-23,22200539,4,1610612751,3,2,1,2,0
2022-23,22200539,4,1610612766,3,4,3,0,0
2022-23,22200540,1,1610612739,5,6,3,3,0
2022-23,22200540,1,1610612741,3,2,1,2,0
2022-23,22200540,2,1610612739,1,2,0,0,0
2022-23,22200540,2,1610612741,7,13,9,1,0
2022-23,22200540,3,1610612739,5,5,5,3,0
2022-23,22200540,3,1610612741,3,0,0,2,1
2022-23,22200540,4,1610612739,3,6,4,0,0
2022-23,22200540,4,1610612741,5,9,7,0,0
2022-23,22200541,1,1610612745,2,5,5,0,0
2022-23,22200541,1,1610612752,6,11,8,2,0
2022-23,22200541,2,1610612745,3,3,1,1,0
2022-23,22200541,2,1610612752,6,10,9,2,1
2022-23,22200541,3,1610612745,3,2,1,2,0
2022-23,22200541,3,1610612752,4,6,3,1,0
2022-23,22200541,4,1610612745,9,13,9,3,1
2022-23,22200541,4,1610612752,5,5,3,2,0
2022-23,22200542,1,1610612742,5,7,4,1,0
2022-23,22200542,1,1610612759,4,6,3,1,0
2022-23,22200542,2,1610612742,2,2,1,1,0
2022-23,22200542,2,1610612759,3,3,1,1,0
2022-23,22200542,3,1610612742,5,4,4,1,2
2022-23,22200542,3,1610612759,6,7,6,2,1
2022-23,22200542,4,1610612742,5,8,3,4,0
2022-23,22200542,4,1610612759,9,16,13,2,1
2022-23,22200543,1,1610612740,5,7,6,1,0
2022-23,22200543,1,1610612763,4,3,3,2,0
2022-23,22200543,2,1610612740,6,9,6,1,0
2022-23,22200543,2,1610612763,1,0,0,1,0
2022-23,22200543,3,1610612740,9,13,11,3,1
2022-23,22200543,3,1610612763,7,12,8,1,2
2022-23,22200543,4,1610612740,5,7,6,1,1
2022-23,22200543,4,1610612763,7,7,6,2,2
2022-23,22200544,1,1610612750,4,4,4,1,0
2022-23,22200544,1,1610612765,7,10,7,5,0
2022-23,22200544,2,1610612750,4,4,4,2,0
2022-23,22200544,2,1610612765,2,1,1,2,0
2022-23,22200544,3,1610612750,7,8,6,3,0
2022-23,22200544,3,1610612765,4,4,3,2,0
2022-23,22200544,4,1610612750,6,10,8,1,0
2022-23,22200544,4,1610612765,8,13,9,5,0
2022-23,22200545,1,1610612755,5,4,2,2,0
2022-23,22200545,1,1610612760,6,7,3,2,0
2022-23,22200545,2,1610612755,5,8,7,2,0
2022-23,22200545,2,1610612760,5,5,4,3,0
2022-23,22200545,3,1610612755,5,4,2,3,0
2022-23,22200545,3,1610612760,4,4,3,1,0
2022-23,22200545,4,1610612755,4,1,1,3,0
2022-23,22200545,4,1610612760,6,6,4,3,1
2022-23,22200546,1,1610612748,5,8,5,1,0
2022-23,22200546,1,1610612762,6,5,4,4,1
2022-23,22200546,2,1610612748,5,7,5,2,0
2022-23,22200546,2,1610612762,9,14,12,6,0
2022-23,22200546,3,1610612748,2,2,2,1,0
2022-23,22200546,3,1610612762,8,10,9,3,0
2022-23,22200546,4,1610612748,9,13,11,3,1
2022-23,22200546,4,1610612762,8,15,11,2,0
2022-23,22200547,1,1610612758,4,4,4,1,0
2022-23,22200547,1,1610612763,7,14,11,1,0
2022-23,22200547,2,1610612758,4,6,6,0,0
2022-23,22200547,2,1610612763,2,3,1,0,0
2022-23,22200547,3,1610612758,4,5,5,2,0
2022-23,22200547,3,1610612763,6,5,3,3,0
2022-23,22200547,4,1610612758,4,0,0,4,0
2022-23,22200547,4,1610612763,3,2,1,1,1
2022-23,22200548,1,1610612749,1,2,2,0,0
2022-23,22200548,1,1610612764,6,7,6,1,0
2022-23,22200548,2,1610612749,4,6,5,1,0
2022-23,22200548,2,1610612764,3,4,2,1,0
2022-23,22200548,3,1610612749,2,3,3,0,0
2022-23,22200548,3,1610612764,1,1,0,0,0
2022-23,22200548,4,1610612749,3,4,4,1,0
2022-23,22200548,4,1610612764,4,4,3,2,0
2022-23,22200549,1,1610612738,3,6,5,0,0
2022-23,22200549,1,1610612743,4,7,6,0,0
2022-23,22200549,2,1610612738,7,9,8,2,0
2022-23,22200549,2,1610612743,2,2,2,1,0
2022-23,22200549,3,1610612738,4,8,6,0,0
2022-23,22200549,3,1610612743,3,4,3,1,0
2022-23,22200549,4,1610612738,3,4,3,0,1
2022-23,22200549,4,1610612743,5,5,5,1,0
2022-23,22200550,1,1610612752,3,4,4,0,1
2022-23,22200550,1,1610612756,0,0,0,0,0
2022-23,22200550,2,1610612752,4,7,4,1,1
2022-23,22200550,2,1610612756,2,2,0,0,1
2022-23,22200550,3,1610612752,6,10,7,3,0
2022-23,22200550,3,1610612756,5,4,4,3,1
2022-23,22200550,4,1610612752,2,4,2,0,0
2022-23,22200550,4,1610612756,4,1,1,2,1
2022-23,22200551,1,1610612747,1,0,0,0,1
2022-23,22200551,1,1610612766,1,2,2,0,0
2022-23,22200551,2,1610612747,7,11,7,3,0
2022-23,22200551,2,1610612766,6,7,3,0,1
2022-23,22200551,3,1610612747,4,5,3,0,0
2022-23,22200551,3,1610612766,9,12,9,4,2
2022-23,22200551,4,1610612747,9,14,11,5,0
2022-23,22200551,4,1610612766,5,8,6,0,0
2022-23,22200552,1,1610612739,7,11,7,2,0
2022-23,22200552,1,1610612741,3,4,4,1,0
2022-23,22200552,2,1610612739,4,3,2,2,0
2022-23,22200552,2,1610612741,6,12,9,1,1
2022-23,22200552,3,1610612739,11,18,16,3,0
2022-23,22200552,3,1610612741,6,6,6,2,0
2022-23,22200552,4,1610612739,7,11,6,4,0
2022-23,22200552,4,1610612741,9,10,9,4,2
2022-23,22200553,1,1610612754,5,2,2,4,0
2022-23,22200553,1,1610612761,4,6,5,1,0
2022-23,22200553,2,1610612754,6,6,6,3,0
2022-23,22200553,2,1610612761,4,6,4,1,0
2022-23,22200553,3,1610612754,7,9,6,3,0
2022-23,22200553,3,1610612761,7,8,7,3,1
2022-23,22200553,4,1610612754,8,9,8,3,2
2022-23,22200553,4,1610612761,3,3,2,1,0
2022-23,22200554,1,1610612740,3,4,3,1,0
2022-23,22200554,1,1610612755,5,7,7,1,0
2022-23,22200554,2,1610612740,6,6,4,3,1
2022-23,22200554,2,1610612755,5,5,4,1,0
2022-23,22200554,3,1610612740,3,2,2,1,0
2022-23,22200554,3,1610612755,5,6,5,0,1
2022-23,22200554,4,1610612740,6,8,7,2,0
2022-23,22200554,4,1610612755,5,10,7,1,0
2022-23,22200555,1,1610612751,1,1,1,0,0
2022-23,22200555,1,1610612759,3,1,1,2,0
2022-23,22200555,2,1610612751,5,5,5,3,0
2022-23,22200555,2,1610612759,4,6,4,1,0
2022-23,22200555,3,1610612751,5,7,4,1,0
2022-23,22200555,3,1610612759,4,6,5,0,0
2022-23,22200555,4,1610612751,1,2,2,0,0
2022-23,22200555,4,1610612759,4,5,1,1,0
2022-23,22200556,1,1610612742,4,2,1,2,1
2022-23,22200556,1,1610612745,3,4,3,0,0
2022-23,22200556,2,1610612742,7,8,7,4,1
2022-23,22200556,2,1610612745,5,11,7,0,0
2022-23,22200556,3,1610612742,10,17,16,3,0
2022-23,22200556,3,1610612745,5,6,5,2,1
2022-23,22200556,4,1610612742,5,7,6,2,0
2022-23,22200556,4,1610612745,6,8,6,3,1
2022-23,22200557,1,1610612743,6,8,8,3,0
2022-23,22200557,1,1610612750,3,4,2,0,1
2022-23,22200557,2,1610612743,5,6,4,1,0
2022-23,22200557,2,1610612750,7,12,11,1,1
2022-23,22200557,3,1610612743,4,2,2,3,0
2022-23,22200557,3,1610612750,4,2,2,3,0
2022-23,22200557,4,1610612743,4,4,2,2,1
2022-23,22200557,4,1610612750,5,9,6,0,1
2022-23,22200558,1,1610612737,1,2,2,0,0
2022-23,22200558,1,1610612744,2,2,1,0,0
2022-23,22200558,2,1610612737,7,14,9,2,0
2022-23,22200558,2,1610612744,5,8,5,1,0
2022-23,22200558,3,1610612737,2,1,1,1,0
2022-23,22200558,3,1610612744,6,8,5,2,0
2022-23,22200558,4,1610612737,6,6,6,4,0
2022-23,22200558,4,1610612744,3,6,5,0,0
2022-23,22200559,1,1610612757,4,4,4,3,0
2022-23,22200559,1,1610612765,3,4,3,2,0
2022-23,22200559,2,1610612757,4,7,5,0,0
2022-23,22200559,2,1610612765,5,8,8,0,1
2022-23,22200559,3,1610612757,7,9,6,1,0
2022-23,22200559,3,1610612765,5,10,10,0,0
2022-23,22200559,4,1610612757,9,15,10,3,0
2022-23,22200559,4,1610612765,12,19,11,5,0
2022-23,22200560,1,1610612746,5,9,7,2,0
2022-23,22200560,1,1610612748,2,2,2,1,0
2022-23,22200560,2,1610612746,5,7,6,1,0
2022-23,22200560,2,1610612748,4,7,6,1,0
2022-23,22200560,3,1610612746,7,9,9,2,1
2022-23,22200560,3,1610612748,4,7,5,0,0
2022-23,22200560,4,1610612746,5,9,8,2,0
2022-23,22200560,4,1610612748,6,8,7,1,1
2022-23,22200561,1,1610612749,1,2,2,0,0
2022-23,22200561,1,1610612764,5,8,7,1,0
2022-23,22200561,2,1610612749,6,4,4,3,1
2022-23,22200561,2,1610612764,2,2,2,1,0
2022-23,22200561,3,1610612749,3,3,3,1,0
2022-23,22200561,3,1610612764,2,4,3,0,0
2022-23,22200561,4,1610612749,6,8,7,1,0
2022-23,22200561,4,1610612764,5,9,9,0,0
2022-23,22200562,1,1610612738,4,5,4,0,0
2022-23,22200562,1,1610612760,4,7,5,0,0
2022-23,22200562,2,1610612738,8,13,10,2,1
2022-23,22200562,2,1610612760,4,5,4,2,0
2022-23,22200562,3,1610612738,7,11,10,2,0
2022-23,22200562,3,1610612760,3,5,2,0,0
2022-23,22200562,4,1610612738,2,2,1,0,1
2022-23,22200562,4,1610612760,3,5,3,0,0
2022-23,22200563,1,1610612758,5,7,6,1,0
2022-23,22200563,1,1610612762,4,6,6,0,1
2022-23,22200563,2,1610612758,2,1,1,0,1
2022-23,22200563,2,1610612762,3,5,3,0,0
2022-23,22200563,3,1610612758,6,5,5,2,0
2022-23,22200563,3,1610612762,9,10,9,2,2
2022-23,22200563,4,1610612758,4,5,4,1,0
2022-23,22200563,4,1610612762,7,8,8,4,0
2022-23,22200564,1,1610612763,8,12,8,0,1
2022-23,22200564,1,1610612766,4,7,7,0,0
2022-23,22200564,2,1610612763,8,16,12,2,0
2022-23,22200564,2,1610612766,1,1,0,0,0
2022-23,22200564,3,1610612763,4,3,3,2,1
2022-23,22200564,3,1610612766,4,5,5,1,0
2022-23,22200564,4,1610612763,3,6,5,0,0
2022-23,22200564,4,1610612766,6,11,8,1,0
2022-23,22200565,1,1610612739,6,9,7,2,0
2022-23,22200565,1,1610612756,1,0,0,0,1
2022-23,22200565,2,1610612739,2,2,1,1,0
2022-23,22200565,2,1610612756,6,8,6,4,0
2022-23,22200565,3,1610612739,6,7,6,2,1
2022-23,22200565,3,1610612756,4,4,2,2,0
2022-23,22200565,4,1610612739,4,5,5,0,1
2022-23,22200565,4,1610612756,3,6,6,0,0
2022-23,22200566,1,1610612753,3,4,4,1,0
2022-23,22200566,1,1610612760,5,7,7,1,0
2022-23,22200566,2,1610612753,6,9,8,1,0
2022-23,22200566,2,1610612760,3,5,4,1,0
2022-23,22200566,3,1610612753,8,13,9,3,1
2022-23,22200566,3,1610612760,5,10,8,0,0
2022-23,22200566,4,1610612753,6,10,8,3,0
2022-23,22200566,4,1610612760,6,9,9,2,2
2022-23,22200567,1,1610612754,2,0,0,2,0
2022-23,22200567,1,1610612755,3,6,6,0,0
2022-23,22200567,2,1610612754,7,13,12,0,1
2022-23,22200567,2,1610612755,3,6,6,0,0
2022-23,22200567,3,1610612754,1,0,0,1,0
2022-23,22200567,3,1610612755,3,2,2,2,0
2022-23,22200567,4,1610612754,6,11,9,1,0
2022-23,22200567,4,1610612755,3,4,3,1,0
2022-23,22200568,1,1610612752,7,10,7,2,2
2022-23,22200568,1,1610612759,5,9,7,0,0
2022-23,22200568,2,1610612752,5,6,5,1,0
2022-23,22200568,2,1610612759,2,2,2,0,0
2022-23,22200568,3,1610612752,4,4,1,1,1
2022-23,22200568,3,1610612759,4,3,3,0,1
2022-23,22200568,4,1610612752,4,6,4,2,0
2022-23,22200568,4,1610612759,8,12,9,2,1
2022-23,22200569,1,1610612749,2,0,0,1,1
2022-23,22200569,1,1610612761,7,10,8,1,1
2022-23,22200569,2,1610612749,3,5,3,0,0
2022-23,22200569,2,1610612761,4,2,2,3,0
2022-23,22200569,3,1610612749,5,8,6,0,0
2022-23,22200569,3,1610612761,2,2,2,2,0
2022-23,22200569,4,1610612749,10,17,12,5,1
2022-23,22200569,4,1610612761,6,6,4,1,2
2022-23,22200570,1,1610612741,3,2,2,2,0
2022-23,22200570,1,1610612751,1,2,2,0,0
2022-23,22200570,2,1610612741,6,12,10,2,0
2022-23,22200570,2,1610612751,5,10,5,0,0
2022-23,22200570,3,1610612741,6,6,6,4,0
2022-23,22200570,3,1610612751,5,7,7,1,0
2022-23,22200570,4,1610612741,6,9,9,3,0
2022-23,22200570,4,1610612751,2,2,2,1,0
2022-23,22200571,1,1610612750,5,11,8,1,0
2022-23,22200571,1,1610612757,7,9,6,2,1
2022-23,22200571,2,1610612750,4,4,4,2,0
2022-23,22200571,2,1610612757,7,10,8,2,1
2022-23,22200571,3,1610612750,8,13,9,2,1
2022-23,22200571,3,1610612757,8,15,12,1,0
2022-23,22200571,4,1610612750,8,8,5,2,1
2022-23,22200571,4,1610612757,6,8,5,3,0
2022-23,22200572,1,1610612740,5,9,8,1,0
2022-23,22200572,1,1610612745,3,6,4,1,0
2022-23,22200572,2,1610612740,4,6,4,1,0
2022-23,22200572,2,1610612745,7,9,6,2,0
2022-23,22200572,3,1610612740,5,5,5,3,0
2022-23,22200572,3,1610612745,4,7,3,0,0
2022-23,22200572,4,1610612740,5,6,6,1,1
2022-23,22200572,4,1610612745,3,5,5,0,0
2022-23,22200573,1,1610612744,1,1,1,0,0
2022-23,22200573,1,1610612765,5,8,6,1,0
2022-23,22200573,2,1610612744,3,4,4,0,0
2022-23,22200573,2,1610612765,2,6,4,0,0
2022-23,22200573,3,1610612744,5,6,5,0,2
2022-23,22200573,3,1610612765,5,6,3,1,0
2022-23,22200573,4,1610612744,2,4,4,0,0
2022-23,22200573,4,1610612765,6,3,3,4,0
2022-23,22200574,1,1610612747,4,3,3,1,1
2022-23,22200574,1,1610612748,1,2,1,0,0
2022-23,22200574,2,1610612747,4,8,6,1,0
2022-23,22200574,2,1610612748,3,3,1,1,0
2022-23,22200574,3,1610612747,4,7,5,1,0
2022-23,22200574,3,1610612748,5,5,4,1,1
2022-23,22200574,4,1610612747,8,12,10,2,0
2022-23,22200574,4,1610612748,7,11,9,2,1
2022-23,22200575,1,1610612737,6,9,8,1,0
2022-23,22200575,1,1610612758,1,2,2,0,0
2022-23,22200575,2,1610612737,4,3,3,2,0
2022-23,22200575,2,1610612758,4,8,8,1,0
2022-23,22200575,3,1610612737,6,7,6,3,1
2022-23,22200575,3,1610612758,6,8,8,2,0
2022-23,22200575,4,1610612737,3,3,3,1,0
2022-23,22200575,4,1610612758,6,9,7,1,0
2022-23,22200576,1,1610612753,3,3,2,1,0
2022-23,22200576,1,1610612763,3,2,0,2,0
2022-23,22200576,2,1610612753,5,8,8,1,0
2022-23,22200576,2,1610612763,6,7,5,1,1
2022-23,22200576,3,1610612753,6,9,7,2,0
2022-23,22200576,3,1610612763,7,10,7,1,0
2022-23,22200576,4,1610612753,5,10,9,1,0
2022-23,22200576,4,1610612763,3,4,3,2,0
2022-23,22200577,1,1610612738,3,0,0,2,1
2022-23,22200577,1,1610612742,6,12,9,1,0
2022-23,22200577,2,1610612738,7,12,10,1,0
2022-23,22200577,2,1610612742,6,6,5,2,0
2022-23,22200577,3,1610612738,5,11,9,0,0
2022-23,22200577,3,1610612742,3,4,3,1,0
2022-23,22200577,4,1610612738,4,8,7,0,0
2022-23,22200577,4,1610612742,4,3,3,1,1
2022-23,22200578,1,1610612745,1,2,2,0,0
2022-23,22200578,1,1610612762,3,0,0,2,1
2022-23,22200578,2,1610612745,8,13,11,4,0
2022-23,22200578,2,1610612762,6,7,7,2,1
2022-23,22200578,3,1610612745,4,3,3,2,0
2022-23,22200578,3,1610612762,7,12,11,1,0
2022-23,22200578,4,1610612745,5,8,7,2,0
2022-23,22200578,4,1610612762,3,2,2,2,0
2022-23,22200579,1,1610612743,2,4,3,0,0
2022-23,22200579,1,1610612746,3,6,6,0,0
2022-23,22200579,2,1610612743,3,5,4,1,0
2022-23,22200579,2,1610612746,2,2,2,1,0
2022-23,22200579,3,1610612743,5,7,6,2,0
2022-23,22200579,3,1610612746,1,2,2,0,0
2022-23,22200579,4,1610612743,4,5,5,0,1
2022-23,22200579,4,1610612746,8,15,8,2,1
2022-23,22200580,1,1610612754,2,2,1,1,0
2022-23,22200580,1,1610612757,5,8,7,1,0
2022-23,22200580,2,1610612754,5,11,10,1,0
2022-23,22200580,2,1610612757,4,3,2,2,1
2022-23,22200580,3,1610612754,3,5,4,1,0
2022-23,22200580,3,1610612757,2,2,1,1,0
2022-23,22200580,4,1610612754,7,10,10,0,2
2022-23,22200580,4,1610612757,5,4,4,3,1
2022-23,22200581,1,1610612741,3,3,0,1,0
2022-23,22200581,1,1610612755,3,6,4,0,0
2022-23,22200581,2,1610612741,5,8,5,0,0
2022-23,22200581,2,1610612755,0,0,0,0,0
2022-23,22200581,3,1610612741,3,2,2,2,0
2022-23,22200581,3,1610612755,4,4,3,2,0
2022-23,22200581,4,1610612741,3,4,3,1,0
2022-23,22200581,4,1610612755,5,8,7,1,1
2022-23,22200582,1,1610612752,2,2,2,1,0
2022-23,22200582,1,1610612761,3,5,3,1,0
2022-23,22200582,2,1610612752,5,5,1,1,1
2022-23,22200582,2,1610612761,7,8,7,3,0
2022-23,22200582,3,1610612752,5,4,4,3,0
2022-23,22200582,3,1610612761,6,9,7,2,0
2022-23,22200582,4,1610612752,9,15,11,3,1
2022-23,22200582,4,1610612761,7,13,11,3,0
2022-23,22200583,1,1610612749,2,2,1,1,0
2022-23,22200583,1,1610612766,4,4,4,2,0
2022-23,22200583,2,1610612749,7,11,6,2,0
2022-23,22200583,2,1610612766,4,2,0,2,1
2022-23,22200583,3,1610612749,5,5,4,3,1
2022-23,22200583,3,1610612766,6,10,7,1,0
2022-23,22200583,4,1610612749,3,6,4,0,0
2022-23,22200583,4,1610612766,3,3,1,1,1
2022-23,22200584,1,1610612760,4,4,4,1,1
2022-23,22200584,1,1610612764,4,2,2,3,0
2022-23,22200584,2,1610612760,3,2,0,1,1
2022-23,22200584,2,1610612764,7,8,6,1,1
2022-23,22200584,3,1610612760,4,6,4,1,0
2022-23,22200584,3,1610612764,9,15,12,4,0
2022-23,22200584,4,1610612760,4,2,2,2,1
2022-23,22200584,4,1610612764,6,11,7,0,0
2022-23,22200585,1,1610612759,4,3,3,2,0
2022-23,22200585,1,1610612765,2,2,2,1,0
2022-23,22200585,2,1610612759,5,2,2,3,1
2022-23,22200585,2,1610612765,3,0,0,2,1
2022-23,22200585,3,1610612759,9,14,11,3,0
2022-23,22200585,3,1610612765,8,11,7,3,1
2022-23,22200585,4,1610612759,3,7,6,0,0
2022-23,22200585,4,1610612765,2,4,1,0,0
2022-23,22200586,1,1610612740,2,3,2,0,0
2022-23,22200586,1,1610612751,3,4,4,0,1
2022-23,22200586,2,1610612740,9,14,14,3,0
2022-23,22200586,2,1610612751,7,10,9,2,0
2022-23,22200586,3,1610612740,3,4,1,1,0
2022-23,22200586,3,1610612751,4,4,4,2,0
2022-23,22200586,4,1610612740,6,4,3,3,0
2022-23,22200586,4,1610612751,4,2,2,2,2
2022-23,22200587,1,1610612746,2,0,0,2,0
2022-23,22200587,1,1610612750,6,10,7,3,0
2022-23,22200587,2,1610612746,4,8,5,0,0
2022-23,22200587,2,1610612750,3,5,3,0,0
2022-23,22200587,3,1610612746,5,6,4,3,0
2022-23,22200587,3,1610612750,2,3,3,1,0
2022-23,22200587,4,1610612746,10,13,9,1,0
2022-23,22200587,4,1610612750,7,11,10,2,0
2022-23,22200588,1,1610612739,4,4,1,1,1
2022-23,22200588,1,1610612743,4,5,4,1,0
2022-23,22200588,2,1610612739,4,7,4,1,0
2022-23,22200588,2,1610612743,7,11,8,3,1
2022-23,22200588,3,1610612739,6,10,5,2,0
2022-23,22200588,3,1610612743,2,2,1,1,0
2022-23,22200588,4,1610612739,7,11,8,2,1
2022-23,22200588,4,1610612743,4,5,5,1,0
2022-23,22200589,1,1610612748,2,3,3,0,0
2022-23,22200589,1,1610612756,1,2,2,0,0
2022-23,22200589,2,1610612748,5,8,7,3,0
2022-23,22200589,2,1610612756,3,7,7,0,0
2022-23,22200589,3,1610612748,7,9,7,2,0
2022-23,22200589,3,1610612756,5,9,8,1,0
2022-23,22200589,4,1610612748,6,11,9,2,0
2022-23,22200589,4,1610612756,4,7,5,2,0
2022-23,22200590,1,1610612737,4,8,8,0,0
2022-23,22200590,1,1610612747,5,7,4,1,0
2022-23,22200590,2,1610612737,6,9,7,2,0
2022-23,22200590,2,1610612747,3,3,2,1,0
2022-23,22200590,3,1610612737,1,1,1,0,0
2022-23,22200590,3,1610612747,4,3,3,2,0
2022-23,22200590,4,1610612737,4,4,1,1,0
2022-23,22200590,4,1610612747,3,3,3,1,1
2022-23,22200591,1,1610612738,3,3,2,1,0
2022-23,22200591,1,1610612759,4,5,5,1,0
2022-23,22200591,2,1610612738,5,6,3,1,1
2022-23,22200591,2,1610612759,3,4,2,0,0
2022-23,22200591,3,1610612738,4,4,4,1,0
2022-23,22200591,3,1610612759,2,3,3,0,0
2022-23,22200591,4,1610612738,5,5,3,4,0
2022-23,22200591,4,1610612759,3,2,1,2,0
2022-23,22200592,1,1610612741,5,7,5,1,0
2022-23,22200592,1,1610612762,4,1,1,2,1
2022-23,22200592,2,1610612741,5,9,7,1,0
2022-23,22200592,2,1610612762,4,5,3,1,0
2022-23,22200592,3,1610612741,7,9,7,2,1
2022-23,22200592,3,1610612762,7,8,7,3,0
2022-23,22200592,4,1610612741,5,7,6,2,0
2022-23,22200592,4,1610612762,5,4,3,2,0
2022-23,22200593,1,1610612740,6,8,3,2,0
2022-23,22200593,1,1610612742,7,12,9,2,1
2022-23,22200593,2,1610612740,5,10,5,1,1
2022-23,22200593,2,1610612742,4,9,6,0,0
2022-23,22200593,3,1610612740,3,4,4,1,0
2022-23,22200593,3,1610612742,4,7,6,1,0
2022-23,22200593,4,1610612740,8,13,10,3,1
2022-23,22200593,4,1610612742,6,10,9,4,0
2022-23,22200594,1,1610612744,1,2,1,0,0
2022-23,22200594,1,1610612753,1,2,1,0,0
2022-23,22200594,2,1610612744,5,5,4,2,1
2022-23,22200594,2,1610612753,6,7,4,1,0
2022-23,22200594,3,1610612744,5,10,8,1,0
2022-23,22200594,3,1610612753,4,5,3,0,1
2022-23,22200594,4,1610612744,2,4,4,0,0
2022-23,22200594,4,1610612753,5,10,6,0,0
2022-23,22200595,1,1610612747,3,5,3,0,0
2022-23,22200595,1,1610612758,4,8,7,0,0
2022-23,22200595,2,1610612747,7,7,7,4,1
2022-23,22200595,2,1610612758,6,12,10,1,0
2022-23,22200595,3,1610612747,7,11,10,0,0
2022-23,22200595,3,1610612758,5,10,6,1,0
2022-23,22200595,4,1610612747,6,10,7,2,0
2022-23,22200595,4,1610612758,5,7,7,1,0
2022-23,22200596,1,1610612755,4,4,4,2,0
2022-23,22200596,1,1610612765,6,7,6,3,0
2022-23,22200596,2,1610612755,5,6,3,1,0
2022-23,22200596,2,1610612765,4,6,5,0,0
2022-23,22200596,3,1610612755,5,7,7,1,0
2022-23,22200596,3,1610612765,4,3,3,3,0
2022-23,22200596,4,1610612755,5,6,6,3,0
2022-23,22200596,4,1610612765,2,2,1,1,0
2022-23,22200597,1,1610612757,4,7,5,1,0
2022-23,22200597,1,1610612761,4,4,3,2,1
2022-23,22200597,2,1610612757,8,8,7,1,2
2022-23,22200597,2,1610612761,4,2,2,3,0
2022-23,22200597,3,1610612757,8,15,12,1,1
2022-23,22200597,3,1610612761,8,14,12,1,0
2022-23,22200597,4,1610612757,6,7,4,2,0
2022-23,22200597,4,1610612761,5,9,8,3,0
2022-23,22200598,1,1610612754,3,1,1,1,1
2022-23,22200598,1,1610612766,5,5,4,2,0
2022-23,22200598,2,1610612754,7,11,8,0,2
2022-23,22200598,2,1610612766,5,6,5,2,1
2022-23,22200598,3,1610612754,3,4,3,1,0
2022-23,22200598,3,1610612766,7,10,9,2,0
2022-23,22200598,4,1610612754,11,17,15,6,1
2022-23,22200598,4,1610612766,3,6,6,0,0
2022-23,22200599,1,1610612748,2,2,2,1,0
2022-23,22200599,1,1610612751,3,3,2,1,0
2022-23,22200599,2,1610612748,7,7,3,4,1
2022-23,22200599,2,1610612751,7,11,9,4,0
2022-23,22200599,3,1610612748,5,3,3,3,0
2022-23,22200599,3,1610612751,4,0,0,3,1
2022-23,22200599,4,1610612748,4,5,4,2,0
2022-23,22200599,4,1610612751,3,1,1,2,0
2022-23,22200600,1,1610612762,3,4,3,1,0
2022-23,22200600,1,1610612763,3,4,4,1,0
2022-23,22200600,2,1610612762,2,3,3,1,0
2022-23,22200600,2,1610612763,2,0,0,2,0
2022-23,22200600,3,1610612762,4,5,5,2,0
2022-23,22200600,3,1610612763,6,9,7,1,0
2022-23,22200600,4,1610612762,7,10,7,0,2
2022-23,22200600,4,1610612763,6,9,5,3,1
2022-23,22200601,1,1610612745,2,1,0,0,1
2022-23,22200601,1,1610612750,1,2,2,0,0
2022-23,22200601,2,1610612745,7,9,6,3,1
2022-23,22200601,2,1610612750,5,7,6,1,0
2022-23,22200601,3,1610612745,5,4,3,2,0
2022-23,22200601,3,1610612750,2,2,2,1,0
2022-23,22200601,4,1610612745,1,1,0,0,0
2022-23,22200601,4,1610612750,9,11,8,3,2
2022-23,22200602,1,1610612742,8,13,10,3,0
2022-23,22200602,1,1610612760,7,8,6,3,1
2022-23,22200602,2,1610612742,4,8,5,1,0
2022-23,22200602,2,1610612760,2,5,4,0,0
2022-23,22200602,3,1610612742,6,10,8,3,0
2022-23,22200602,3,1610612760,3,3,3,1,0
2022-23,22200602,4,1610612742,5,11,10,1,0
2022-23,22200602,4,1610612760,3,4,3,1,0
2022-23,22200603,1,1610612739,5,9,4,1,1
2022-23,22200603,1,1610612756,4,6,5,1,0
2022-23,22200603,2,1610612739,0,0,0,0,0
2022-23,22200603,2,1610612756,3,3,3,1,0
2022-23,22200603,3,1610612739,4,4,3,2,0
2022-23,22200603,3,1610612756,2,0,0,2,0
2022-23,22200603,4,1610612739,3,4,4,1,0
2022-23,22200603,4,1610612756,3,2,2,2,0
2022-23,22200604,1,1610612737,3,4,2,1,0
2022-23,22200604,1,1610612746,3,6,5,0,0
2022-23,22200604,2,1610612737,3,2,1,2,0
2022-23,22200604,2,1610612746,3,6,5,0,0
2022-23,22200604,3,1610612737,4,5,5,1,0
2022-23,22200604,3,1610612746,7,10,9,3,0
2022-23,22200604,4,1610612737,7,9,8,5,0
2022-23,22200604,4,1610612746,5,9,5,1,0
2022-23,22200605,1,1610612740,5,7,6,1,0
2022-23,22200605,1,1610612764,3,2,2,2,0
2022-23,22200605,2,1610612740,5,10,7,0,0
2022-23,22200605,2,1610612764,4,2,2,3,0
2022-23,22200605,3,1610612740,4,6,4,1,0
2022-23,22200605,3,1610612764,5,7,7,0,0
2022-23,22200605,4,1610612740,6,8,7,2,0
2022-23,22200605,4,1610612764,7,7,3,4,1
2022-23,22200606,1,1610612738,2,3,2,0,0
2022-23,22200606,1,1610612741,5,6,5,2,0
2022-23,22200606,2,1610612738,6,9,9,2,0
2022-23,22200606,2,1610612741,1,0,0,1,0
2022-23,22200606,3,1610612738,4,5,5,1,0
2022-23,22200606,3,1610612741,3,6,2,0,1
2022-23,22200606,4,1610612738,5,4,4,3,0
2022-23,22200606,4,1610612741,3,2,2,2,0
2022-23,22200607,1,1610612749,2,4,2,0,0
2022-23,22200607,1,1610612752,4,6,6,1,0
2022-23,22200607,2,1610612749,3,4,3,1,0
2022-23,22200607,2,1610612752,4,6,5,0,0
2022-23,22200607,3,1610612749,5,6,5,1,2
2022-23,22200607,3,1610612752,5,6,6,2,0
2022-23,22200607,4,1610612749,3,4,4,3,0
2022-23,22200607,4,1610612752,3,4,3,1,1
2022-23,22200608,1,1610612759,0,0,0,0,0
2022-23,22200608,1,1610612763,3,3,2,0,1
2022-23,22200608,2,1610612759,5,7,6,2,0
2022-23,22200608,2,1610612763,6,10,5,1,1
2022-23,22200608,3,1610612759,4,3,2,3,0
2022-23,22200608,3,1610612763,4,5,3,1,0
2022-23,22200608,4,1610612759,5,6,6,3,0
2022-23,22200608,4,1610612763,10,17,10,3,2
2022-23,22200609,1,1610612743,3,3,3,1,0
2022-23,22200609,1,1610612747,3,2,2,2,0
2022-23,22200609,2,1610612743,2,2,2,1,0
2022-23,22200609,2,1610612747,4,8,5,0,0
2022-23,22200609,3,1610612743,5,8,6,1,1
2022-23,22200609,3,1610612747,2,4,4,1,0
2022-23,22200609,4,1610612743,3,4,4,1,0
2022-23,22200609,4,1610612747,8,11,8,3,0
2022-23,22200610,1,1610612753,4,5,3,1,0
2022-23,22200610,1,1610612758,4,0,0,4,0
2022-23,22200610,2,1610612753,5,6,5,1,1
2022-23,22200610,2,1610612758,2,2,2,0,0
2022-23,22200610,3,1610612753,1,3,3,0,0
2022-23,22200610,3,1610612758,4,4,3,1,0
2022-23,22200610,4,1610612753,4,6,4,0,1
2022-23,22200610,4,1610612758,3,6,4,0,0
2022-23,22200611,1,1610612748,5,8,8,1,0
2022-23,22200611,1,1610612760,4,8,6,1,0
2022-23,22200611,2,1610612748,8,14,14,0,0
2022-23,22200611,2,1610612760,4,7,5,0,0
2022-23,22200611,3,1610612748,6,10,10,1,1
2022-23,22200611,3,1610612760,2,2,1,1,0
2022-23,22200611,4,1610612748,5,8,8,0,0
2022-23,22200611,4,1610612760,3,4,2,0,1
2022-23,22200612,1,1610612755,2,0,0,2,0
2022-23,22200612,1,1610612765,4,9,7,0,0
2022-23,22200612,2,1610612755,6,7,6,3,0
2022-23,22200612,2,1610612765,2,0,0,2,0
2022-23,22200612,3,1610612755,7,10,10,2,0
2022-23,22200612,3,1610612765,6,7,6,2,0
2022-23,22200612,4,1610612755,7,13,12,1,0
2022-23,22200612,4,1610612765,10,20,17,1,1
2022-23,22200613,1,1610612761,3,3,3,0,1
2022-23,22200613,1,1610612766,1,2,1,0,0
2022-23,22200613,2,1610612761,4,5,5,1,0
2022-23,22200613,2,1610612766,3,2,1,2,0
2022-23,22200613,3,1610612761,5,9,6,0,0
2022-23,22200613,3,1610612766,5,6,4,2,0
2022-23,22200613,4,1610612761,6,10,8,3,0
2022-23,22200613,4,1610612766,4,5,5,1,0
2022-23,22200614,1,1610612739,4,5,5,2,0
2022-23,22200614,1,1610612762,5,9,6,1,0
2022-23,22200614,2,1610612739,5,8,7,2,0
2022-23,22200614,2,1610612762,5,4,4,4,0
2022-23,22200614,3,1610612739,5,9,7,0,0
2022-23,22200614,3,1610612762,5,5,4,3,0
2022-23,22200614,4,1610612739,2,2,1,1,0
2022-23,22200614,4,1610612762,10,19,16,5,0
2022-23,22200615,1,1610612744,1,0,0,1,0
2022-23,22200615,1,1610612756,3,1,1,2,0
2022-23,22200615,2,1610612744,2,4,3,0,0
2022-23,22200615,2,1610612756,7,11,10,4,0
2022-23,22200615,3,1610612744,9,15,13,2,1
2022-23,22200615,3,1610612756,6,7,6,4,0
2022-23,22200615,4,1610612744,4,8,5,0,0
2022-23,22200615,4,1610612756,8,12,12,6,0
2022-23,22200616,1,1610612753,2,4,4,0,0
2022-23,22200616,1,1610612757,6,7,5,3,0
2022-23,22200616,2,1610612753,4,3,2,4,0
2022-23,22200616,2,1610612757,6,7,6,2,1
2022-23,22200616,3,1610612753,4,9,7,0,0
2022-23,22200616,3,1610612757,3,0,0,3,0
2022-23,22200616,4,1610612753,7,9,7,3,0
2022-23,22200616,4,1610612757,4,5,5,1,0
2022-23,22200617,1,1610612742,6,9,7,1,0
2022-23,22200617,1,1610612746,2,5,5,0,0
2022-23,22200617,2,1610612742,7,11,7,2,1
2022-23,22200617,2,1610612746,6,11,6,0,0
2022-23,22200617,3,1610612742,6,8,7,2,1
2022-23,22200617,3,1610612746,3,4,4,0,1
2022-23,22200617,4,1610612742,4,8,8,0,0
2022-23,22200617,4,1610612746,5,10,8,1,0
2022-23,22200618,1,1610612750,7,8,5,3,0
2022-23,22200618,1,1610612765,6,9,8,2,0
2022-23,22200618,2,1610612750,1,2,1,0,0
2022-23,22200618,2,1610612765,4,5,3,1,0
2022-23,22200618,3,1610612750,4,4,3,2,0
2022-23,22200618,3,1610612765,3,4,3,1,0
2022-23,22200618,4,1610612750,7,7,7,4,0
2022-23,22200618,4,1610612765,7,10,8,5,0
2022-23,22200619,1,1610612741,3,0,0,3,0
2022-23,22200619,1,1610612764,5,6,4,1,0
2022-23,22200619,2,1610612741,4,4,3,1,0
2022-23,22200619,2,1610612764,6,10,9,1,1
2022-23,22200619,3,1610612741,5,5,3,2,0
2022-23,22200619,3,1610612764,4,3,2,1,0
2022-23,22200619,4,1610612741,2,0,0,2,0
2022-23,22200619,4,1610612764,2,2,2,1,0
2022-23,22200620,1,1610612737,1,2,1,0,0
2022-23,22200620,1,1610612749,3,1,0,2,0
2022-23,22200620,2,1610612737,3,2,2,1,1
2022-23,22200620,2,1610612749,3,4,1,1,0
2022-23,22200620,3,1610612737,4,4,4,1,0
2022-23,22200620,3,1610612749,2,2,2,1,0
2022-23,22200620,4,1610612737,6,10,9,0,1
2022-23,22200620,4,1610612749,3,4,3,2,0
2022-23,22200621,1,1610612738,2,0,0,2,0
2022-23,22200621,1,1610612740,3,5,3,0,0
2022-23,22200621,2,1610612738,6,11,10,0,0
2022-23,22200621,2,1610612740,4,4,2,1,0
2022-23,22200621,3,1610612738,5,10,9,0,0
2022-23,22200621,3,1610612740,5,4,4,4,0
2022-23,22200621,4,1610612738,2,4,3,0,0
2022-23,22200621,4,1610612740,3,4,4,1,0
2022-23,22200622,1,1610612752,4,7,6,0,1
2022-23,22200622,1,1610612754,2,2,1,1,0
2022-23,22200622,2,1610612752,5,6,5,2,0
2022-23,22200622,2,1610612754,3,4,2,0,0
2022-23,22200622,3,1610612752,9,16,15,3,1
2022-23,22200622,3,1610612754,8,12,9,0,0
2022-23,22200622,4,1610612752,4,4,2,3,0
2022-23,22200622,4,1610612754,3,3,3,0,1
2022-23,22200623,1,1610612759,7,10,9,2,0
2022-23,22200623,1,1610612763,5,8,5,1,0
2022-23,22200623,2,1610612759,3,5,5,1,0
2022-23,22200623,2,1610612763,5,5,4,3,0
2022-23,22200623,3,1610612759,2,3,2,0,0
2022-23,22200623,3,1610612763,2,4,3,0,0
2022-23,22200623,4,1610612759,4,5,2,1,0
2022-23,22200623,4,1610612763,4,8,5,0,0
2022-23,22200624,1,1610612743,4,3,2,2,0
2022-23,22200624,1,1610612756,3,0,0,2,0
2022-23,22200624,2,1610612743,4,5,3,1,1
2022-23,22200624,2,1610612756,6,5,3,3,1
2022-23,22200624,3,1610612743,5,9,6,1,0
2022-23,22200624,3,1610612756,5,6,4,2,0
2022-23,22200624,4,1610612743,3,4,4,0,1
2022-23,22200624,4,1610612756,2,3,3,1,0
2022-23,22200625,1,1610612745,4,4,2,1,1
2022-23,22200625,1,1610612758,6,8,7,2,1
2022-23,22200625,2,1610612745,8,7,5,2,0
2022-23,22200625,2,1610612758,5,7,4,1,0
2022-23,22200625,3,1610612745,1,2,1,0,0
2022-23,22200625,3,1610612758,5,9,8,0,1
2022-23,22200625,4,1610612745,5,4,3,4,0
2022-23,22200625,4,1610612758,4,7,7,0,1
2022-23,22200626,1,1610612755,5,8,8,0,1
2022-23,22200626,1,1610612760,6,7,7,2,1
2022-23,22200626,2,1610612755,6,5,4,0,3
2022-23,22200626,2,1610612760,4,7,6,0,0
2022-23,22200626,3,1610612755,4,4,3,2,0
2022-23,22200626,3,1610612760,5,4,4,3,0
2022-23,22200626,4,1610612755,5,10,10,0,0
2022-23,22200626,4,1610612760,9,15,14,4,1
2022-23,22200627,1,1610612738,2,0,0,2,0
2022-23,22200627,1,1610612751,3,1,1,2,0
2022-23,22200627,2,1610612738,4,7,5,1,0
2022-23,22200627,2,1610612751,3,6,5,0,0
2022-23,22200627,3,1610612738,6,6,6,3,0
2022-23,22200627,3,1610612751,3,2,1,1,1
2022-23,22200627,4,1610612738,5,4,4,3,0
2022-23,22200627,4,1610612751,4,2,2,3,1
2022-23,22200628,1,1610612748,1,2,2,0,0
2022-23,22200628,1,1610612749,1,3,1,0,0
2022-23,22200628,2,1610612748,3,5,5,0,0
2022-23,22200628,2,1610612749,2,2,2,1,0
2022-23,22200628,3,1610612748,4,3,3,1,1
2022-23,22200628,3,1610612749,3,6,5,0,0
2022-23,22200628,4,1610612748,4,6,5,1,0
2022-23,22200628,4,1610612749,2,4,2,0,0
2022-23,22200629,1,1610612761,3,4,3,2,0
2022-23,22200629,1,1610612766,5,5,3,3,1
2022-23,22200629,2,1610612761,7,11,8,2,2
2022-23,22200629,2,1610612766,4,5,3,1,0
2022-23,22200629,3,1610612761,8,9,7,1,1
2022-23,22200629,3,1610612766,8,8,6,3,1
2022-23,22200629,4,1610612761,9,12,10,8,0
2022-23,22200629,4,1610612766,5,9,7,2,0
2022-23,22200630,1,1610612742,4,5,4,0,0
2022-23,22200630,1,1610612747,3,2,2,1,1
2022-23,22200630,2,1610612742,3,2,1,2,0
2022-23,22200630,2,1610612747,4,7,4,2,0
2022-23,22200630,3,1610612742,1,2,1,0,0
2022-23,22200630,3,1610612747,6,9,5,3,0
2022-23,22200630,4,1610612742,5,4,2,2,1
2022-23,22200630,4,1610612747,4,5,3,2,0
2022-23,22200631,1,1610612739,4,6,4,1,0
2022-23,22200631,1,1610612757,3,6,4,1,0
2022-23,22200631,2,1610612739,4,3,2,2,0
2022-23,22200631,2,1610612757,4,6,3,0,0
2022-23,22200631,3,1610612739,7,10,9,2,0
2022-23,22200631,3,1610612757,7,11,9,2,0
2022-23,22200631,4,1610612739,8,12,9,5,0
2022-23,22200631,4,1610612757,3,6,6,0,1
2022-23,22200632,1,1610612740,5,8,5,0,1
2022-23,22200632,1,1610612765,4,6,4,0,0
2022-23,22200632,2,1610612740,4,5,4,2,0
2022-23,22200632,2,1610612765,6,9,6,2,0
2022-23,22200632,3,1610612740,5,6,3,2,1
2022-23,22200632,3,1610612765,3,3,3,1,0
2022-23,22200632,4,1610612740,8,11,9,5,0
2022-23,22200632,4,1610612765,6,6,4,3,0
2022-23,22200633,1,1610612737,5,6,2,1,0
2022-23,22200633,1,1610612754,4,5,4,0,0
2022-23,22200633,2,1610612737,3,4,3,0,1
2022-23,22200633,2,1610612754,5,5,5,1,1
2022-23,22200633,3,1610612737,5,5,5,3,0
2022-23,22200633,3,1610612754,8,14,11,1,2
2022-23,22200633,4,1610612737,5,6,5,1,1
2022-23,22200633,4,1610612754,4,5,4,0,1
2022-23,22200634,1,1610612752,3,4,1,0,0
2022-23,22200634,1,1610612764,2,3,3,0,0
2022-23,22200634,2,1610612752,3,5,4,0,0
2022-23,22200634,2,1610612764,6,8,8,2,0
2022-23,22200634,3,1610612752,8,13,10,0,0
2022-23,22200634,3,1610612764,5,6,5,2,1
2022-23,22200634,4,1610612752,7,9,7,4,0
2022-23,22200634,4,1610612764,7,9,7,3,0
2022-23,22200635,1,1610612744,5,3,2,3,0
2022-23,22200635,1,1610612759,7,13,9,1,0
2022-23,22200635,2,1610612744,5,6,5,2,0
2022-23,22200635,2,1610612759,6,7,5,2,0
2022-23,22200635,3,1610612744,3,3,2,0,1
2022-23,22200635,3,1610612759,7,9,7,2,0
2022-23,22200635,4,1610612744,5,8,7,1,0
2022-23,22200635,4,1610612759,5,5,4,3,0
2022-23,22200636,1,1610612741,6,10,9,0,0
2022-23,22200636,1,1610612760,3,4,3,1,0
2022-23,22200636,2,1610612741,3,4,4,1,0
2022-23,22200636,2,1610612760,7,13,11,1,0
2022-23,22200636,3,1610612741,4,4,4,1,1
2022-23,22200636,3,1610612760,4,2,2,2,0
2022-23,22200636,4,1610612741,5,6,5,1,1
2022-23,22200636,4,1610612760,2,3,3,0,0
2022-23,22200637,1,1610612750,4,4,3,1,0
2022-23,22200637,1,1610612756,3,0,0,3,0
2022-23,22200637,2,1610612750,3,2,1,2,0
2022-23,22200637,2,1610612756,4,1,1,2,1
2022-23,22200637,3,1610612750,3,2,2,2,0
2022-23,22200637,3,1610612756,5,6,5,2,0
2022-23,22200637,4,1610612750,7,12,11,4,0
2022-23,22200637,4,1610612756,9,17,14,3,0
2022-23,22200638,1,1610612753,3,4,2,1,0
2022-23,22200638,1,1610612762,4,3,3,2,0
2022-23,22200638,2,1610612753,6,4,2,5,0
2022-23,22200638,2,1610612762,7,11,7,3,0
2022-23,22200638,3,1610612753,5,6,4,1,0
2022-23,22200638,3,1610612762,7,15,11,1,0
2022-23,22200638,4,1610612753,1,2,2,0,0
2022-23,22200638,4,1610612762,7,11,8,3,1
2022-23,22200639,1,1610612743,1,0,0,1,0
2022-23,22200639,1,1610612746,4,6,5,0,0
2022-23,22200639,2,1610612743,5,5,4,2,0
2022-23,22200639,2,1610612746,2,2,2,1,0
2022-23,22200639,3,1610612743,5,7,4,2,0
2022-23,22200639,3,1610612746,3,4,2,2,0
2022-23,22200639,4,1610612743,7,13,11,1,1
2022-23,22200639,4,1610612746,2,2,2,1,0
2022-23,22200640,1,1610612745,7,13,9,2,1
2022-23,22200640,1,1610612758,3,6,5,0,0
2022-23,22200640,2,1610612745,2,1,1,1,0
2022-23,22200640,2,1610612758,10,12,11,2,3
2022-23,22200640,3,1610612745,4,4,3,0,1
2022-23,22200640,3,1610612758,5,7,7,0,1
2022-23,22200640,4,1610612745,6,7,3,1,2
2022-23,22200640,4,1610612758,5,4,2,2,2
2022-23,22200641,1,1610612748,3,3,1,1,0
2022-23,22200641,1,1610612749,2,4,3,0,0
2022-23,22200641,2,1610612748,4,3,3,2,1
2022-23,22200641,2,1610612749,1,2,0,0,0
2022-23,22200641,3,1610612748,1,0,0,0,1
2022-23,22200641,3,1610612749,5,6,5,0,2
2022-23,22200641,4,1610612748,4,6,6,1,0
2022-23,22200641,4,1610612749,4,0,0,4,0
2022-23,22200642,1,1610612738,2,3,3,1,0
2022-23,22200642,1,1610612766,3,4,4,1,0
2022-23,22200642,2,1610612738,5,4,3,3,0
2022-23,22200642,2,1610612766,3,5,4,1,1
2022-23,22200642,3,1610612738,2,0,0,1,1
2022-23,22200642,3,1610612766,2,1,1,1,0
2022-23,22200642,4,1610612738,2,3,3,0,0
2022-23,22200642,4,1610612766,6,9,7,1,0
2022-23,22200643,1,1610612754,6,9,8,1,0
2022-23,22200643,1,1610612763,6,10,10,1,0
2022-23,22200643,2,1610612754,5,9,7,1,1
2022-23,22200643,2,1610612763,3,4,2,1,0
2022-23,22200643,3,1610612754,4,4,4,1,1
2022-23,22200643,3,1610612763,5,8,4,2,0
2022-23,22200643,4,1610612754,3,6,6,1,0
2022-23,22200643,4,1610612763,3,6,6,0,0
2022-23,22200644,1,1610612737,5,6,5,3,0
2022-23,22200644,1,1610612761,3,3,2,1,0
2022-23,22200644,2,1610612737,3,7,7,0,0
2022-23,22200644,2,1610612761,9,14,12,2,1
2022-23,22200644,3,1610612737,2,0,0,2,0
2022-23,22200644,3,1610612761,4,6,6,1,0
2022-23,22200644,4,1610612737,6,5,5,3,0
2022-23,22200644,4,1610612761,5,7,4,0,1
2022-23,22200645,1,1610612739,4,7,6,0,0
2022-23,22200645,1,1610612750,1,0,0,1,0
2022-23,22200645,2,1610612739,5,4,3,3,0
2022-23,22200645,2,1610612750,6,9,7,0,0
2022-23,22200645,3,1610612739,7,10,10,2,2
2022-23,22200645,3,1610612750,3,2,2,2,0
2022-23,22200645,4,1610612739,1,2,1,0,0
2022-23,22200645,4,1610612750,4,4,2,1,0
2022-23,22200646,1,1610612755,6,7,5,0,1
2022-23,22200646,1,1610612762,2,3,3,1,0
2022-23,22200646,2,1610612755,6,4,4,4,1
2022-23,22200646,2,1610612762,4,7,6,0,0
2022-23,22200646,3,1610612755,4,5,5,0,1
2022-23,22200646,3,1610612762,4,3,2,2,0
2022-23,22200646,4,1610612755,5,10,7,0,0
2022-23,22200646,4,1610612762,6,10,8,3,0
2022-23,22200647,1,1610612742,5,3,0,3,0
2022-23,22200647,1,1610612757,4,6,5,0,1
2022-23,22200647,2,1610612742,6,8,6,4,0
2022-23,22200647,2,1610612757,7,10,10,0,1
2022-23,22200647,3,1610612742,3,4,3,0,0
2022-23,22200647,3,1610612757,2,2,2,1,0
2022-23,22200647,4,1610612742,5,4,2,3,1
2022-23,22200647,4,1610612757,5,4,4,3,0
2022-23,22200648,1,1610612752,6,9,7,2,0
2022-23,22200648,1,1610612765,3,6,5,0,0
2022-23,22200648,2,1610612752,1,2,2,0,0
2022-23,22200648,2,1610612765,4,4,2,0,1
2022-23,22200648,3,1610612752,2,4,3,0,0
2022-23,22200648,3,1610612765,1,0,0,1,0
2022-23,22200648,4,1610612752,9,16,13,2,1
2022-23,22200648,4,1610612765,4,5,5,1,1
2022-23,22200649,1,1610612745,5,10,7,1,0
2022-23,22200649,1,1610612746,1,0,0,0,1
2022-23,22200649,2,1610612745,3,4,3,1,0
2022-23,22200649,2,1610612746,3,4,1,1,0
2022-23,22200649,3,1610612745,4,9,7,0,0
2022-23,22200649,3,1610612746,4,9,7,0,0
2022-23,22200649,4,1610612745,3,0,0,1,2
2022-23,22200649,4,1610612746,7,8,7,2,0
2022-23,22200650,1,1610612741,1,1,1,1,0
2022-23,22200650,1,1610612744,4,2,0,3,0
2022-23,22200650,2,1610612741,3,5,5,1,0
2022-23,22200650,2,1610612744,6,11,8,1,1
2022-23,22200650,3,1610612741,5,8,5,2,0
2022-23,22200650,3,1610612744,6,8,6,2,2
2022-23,22200650,4,1610612741,7,10,10,3,1
2022-23,22200650,4,1610612744,1,1,1,0,0
2022-23,22200651,1,1610612751,3,6,5,0,0
2022-23,22200651,1,1610612760,3,2,2,2,0
2022-23,22200651,2,1610612751,3,4,1,1,0
2022-23,22200651,2,1610612760,1,0,0,0,1
2022-23,22200651,3,1610612751,3,3,2,0,1
2022-23,22200651,3,1610612760,7,13,12,2,0
2022-23,22200651,4,1610612751,5,6,4,2,0
2022-23,22200651,4,1610612760,6,11,6,0,0
2022-23,22200652,1,1610612758,6,8,7,1,0
2022-23,22200652,1,1610612759,4,2,1,2,0
2022-23,22200652,2,1610612758,5,5,4,3,0
2022-23,22200652,2,1610612759,4,7,5,2,0
2022-23,22200652,3,1610612758,6,8,6,1,1
2022-23,22200652,3,1610612759,6,9,6,1,0
2022-23,22200652,4,1610612758,4,4,3,1,1
2022-23,22200652,4,1610612759,4,2,1,3,0
2022-23,22200653,1,1610612743,4,2,1,3,0
2022-23,22200653,1,1610612753,5,9,8,0,0
2022-23,22200653,2,1610612743,5,7,4,0,1
2022-23,22200653,2,1610612753,5,10,9,1,0
2022-23,22200653,3,1610612743,2,4,1,0,1
2022-23,22200653,3,1610612753,4,7,5,0,1
2022-23,22200653,4,1610612743,5,6,4,2,0
2022-23,22200653,4,1610612753,6,8,5,2,0
2022-23,22200654,1,1610612742,6,6,6,2,0
2022-23,22200654,1,1610612757,4,6,5,0,2
2022-23,22200654,2,1610612742,6,6,5,3,1
2022-23,22200654,2,1610612757,6,9,8,1,1
2022-23,22200654,3,1610612742,9,12,10,4,2
2022-23,22200654,3,1610612757,6,11,11,1,0
2022-23,22200654,4,1610612742,6,9,6,2,0
2022-23,22200654,4,1610612757,9,16,13,2,3
2022-23,22200655,1,1610612747,1,1,0,0,0
2022-23,22200655,1,1610612755,5,8,8,1,0
2022-23,22200655,2,1610612747,4,5,5,1,0
2022-23,22200655,2,1610612755,3,2,2,2,0
2022-23,22200655,3,1610612747,5,3,2,3,0
2022-23,22200655,3,1610612755,6,5,2,3,0
2022-23,22200655,4,1610612747,3,4,3,0,1
2022-23,22200655,4,1610612755,3,4,3,1,0
2022-23,22200656,1,1610612738,2,3,3,1,0
2022-23,22200656,1,1610612766,4,6,3,1,0
2022-23,22200656,2,1610612738,5,7,7,1,1
2022-23,22200656,2,1610612766,7,10,8,2,0
2022-23,22200656,3,1610612738,2,3,3,1,0
2022-23,22200656,3,1610612766,5,6,4,1,0
2022-23,22200656,4,1610612738,7,12,11,3,0
2022-23,22200656,4,1610612766,4,8,8,0,0
2022-23,22200657,1,1610612749,3,3,2,1,0
2022-23,22200657,1,1610612754,6,8,7,3,0
2022-23,22200657,2,1610612749,3,4,4,1,0
2022-23,22200657,2,1610612754,1,1,1,0,0
2022-23,22200657,3,1610612749,3,2,2,2,0
2022-23,22200657,3,1610612754,2,2,2,1,0
2022-23,22200657,4,1610612749,5,6,5,2,1
2022-23,22200657,4,1610612754,3,4,4,1,0
2022-23,22200658,1,1610612739,4,5,3,2,0
2022-23,22200658,1,1610612740,5,7,6,1,1
2022-23,22200658,2,1610612739,3,7,4,0,0
2022-23,22200658,2,1610612740,4,0,0,3,1
2022-23,22200658,3,1610612739,4,6,6,1,1
2022-23,22200658,3,1610612740,4,7,5,1,0
2022-23,22200658,4,1610612739,7,15,13,2,0
2022-23,22200658,4,1610612740,6,8,6,1,1
2022-23,22200659,1,1610612752,2,3,3,1,0
2022-23,22200659,1,1610612761,3,6,6,0,0
2022-23,22200659,2,1610612752,5,8,6,0,1
2022-23,22200659,2,1610612761,9,16,12,1,2
2022-23,22200659,3,1610612752,7,9,8,2,1
2022-23,22200659,3,1610612761,4,8,6,0,1
2022-23,22200659,4,1610612752,6,8,6,2,1
2022-23,22200659,4,1610612761,7,8,7,2,1
2022-23,22200660,1,1610612744,4,7,7,0,0
2022-23,22200660,1,1610612764,5,4,4,2,1
2022-23,22200660,2,1610612744,3,5,4,0,0
2022-23,22200660,2,1610612764,8,11,9,3,2
2022-23,22200660,3,1610612744,5,5,5,2,0
2022-23,22200660,3,1610612764,2,0,0,2,0
2022-23,22200660,4,1610612744,5,4,3,4,0
2022-23,22200660,4,1610612764,6,8,7,2,0
2022-23,22200661,1,1610612737,7,12,10,1,0
2022-23,22200661,1,1610612748,2,4,4,0,0
2022-23,22200661,2,1610612737,2,0,0,1,1
2022-23,22200661,2,1610612748,3,2,2,1,1
2022-23,22200661,3,1610612737,3,0,0,3,0
2022-23,22200661,3,1610612748,4,5,5,1,0
2022-23,22200661,4,1610612737,8,10,8,5,1
2022-23,22200661,4,1610612748,5,9,8,1,1
2022-23,22200662,1,1610612750,2,4,4,0,0
2022-23,22200662,1,1610612762,3,2,2,2,0
2022-23,22200662,2,1610612750,3,4,2,1,0
2022-23,22200662,2,1610612762,4,6,6,0,0
2022-23,22200662,3,1610612750,4,7,7,0,0
2022-23,22200662,3,1610612762,8,14,10,4,0
2022-23,22200662,4,1610612750,2,3,2,0,0
2022-23,22200662,4,1610612762,3,6,5,1,0
2022-23,22200663,1,1610612756,5,7,7,0,1
2022-23,22200663,1,1610612763,4,3,3,2,0
2022-23,22200663,2,1610612756,4,3,3,0,2
2022-23,22200663,2,1610612763,4,6,6,1,0
2022-23,22200663,3,1610612756,6,7,6,3,0
2022-23,22200663,3,1610612763,7,8,6,1,0
2022-23,22200663,4,1610612756,2,2,2,1,0
2022-23,22200663,4,1610612763,3,3,1,1,0
2022-23,22200664,1,1610612745,7,13,11,2,0
2022-23,22200664,1,1610612747,5,6,6,2,0
2022-23,22200664,2,1610612745,2,4,3,0,0
2022-23,22200664,2,1610612747,7,10,7,0,1
2022-23,22200664,3,1610612745,3,2,2,1,0
2022-23,22200664,3,1610612747,5,7,6,1,0
2022-23,22200664,4,1610612745,7,12,7,2,0
2022-23,22200664,4,1610612747,7,12,11,2,1
2022-23,22200665,1,1610612749,2,4,4,0,0
2022-23,22200665,1,1610612761,5,6,6,2,0
2022-23,22200665,2,1610612749,2,5,3,0,0
2022-23,22200665,2,1610612761,2,4,2,0,0
2022-23,22200665,3,1610612749,4,6,6,1,0
2022-23,22200665,3,1610612761,6,11,6,1,0
2022-23,22200665,4,1610612749,5,6,6,4,0
2022-23,22200665,4,1610612761,5,6,3,2,0
2022-23,22200666,1,1610612751,4,4,3,2,0
2022-23,22200666,1,1610612759,4,4,2,1,0
2022-23,22200666,2,1610612751,7,10,9,2,0
2022-23,22200666,2,1610612759,6,10,9,2,1
2022-23,22200666,3,1610612751,4,5,5,1,0
2022-23,22200666,3,1610612759,6,6,6,3,0
2022-23,22200666,4,1610612751,3,5,4,1,0
2022-23,22200666,4,1610612759,6,8,8,3,1
2022-23,22200667,1,1610612743,4,3,3,1,1
2022-23,22200667,1,1610612757,3,5,4,0,0
2022-23,22200667,2,1610612743,8,12,10,0,1
2022-23,22200667,2,1610612757,4,8,8,1,0
2022-23,22200667,3,1610612743,2,2,0,1,0
2022-23,22200667,3,1610612757,0,1,1,0,0
2022-23,22200667,4,1610612743,8,11,10,5,2
2022-23,22200667,4,1610612757,7,11,11,0,1
2022-23,22200668,1,1610612746,5,6,5,2,1
2022-23,22200668,1,1610612755,5,8,7,1,0
2022-23,22200668,2,1610612746,3,3,2,1,1
2022-23,22200668,2,1610612755,4,7,5,0,0
2022-23,22200668,3,1610612746,4,7,5,1,0
2022-23,22200668,3,1610612755,5,10,9,0,0
2022-23,22200668,4,1610612746,5,4,4,3,1
2022-23,22200668,4,1610612755,7,9,8,3,0
2022-23,22200669,1,1610612752,5,8,4,0,0
2022-23,22200669,1,1610612764,3,0,0,1,2
2022-23,22200669,2,1610612752,3,4,3,1,0
2022-23,22200669,2,1610612764,5,4,4,1,3
2022-23,22200669,3,1610612752,8,11,9,1,1
2022-23,22200669,3,1610612764,7,12,10,3,0
2022-23,22200669,4,1610612752,6,4,2,2,0
2022-23,22200669,4,1610612764,4,3,2,1,1
2022-23,22200670,1,1610612737,5,6,5,0,2
2022-23,22200670,1,1610612742,4,7,7,0,0
2022-23,22200670,2,1610612737,4,4,4,0,2
2022-23,22200670,2,1610612742,5,6,2,1,2
2022-23,22200670,3,1610612737,2,2,2,1,0
2022-23,22200670,3,1610612742,6,9,8,0,1
2022-23,22200670,4,1610612737,5,8,8,3,0
2022-23,22200670,4,1610612742,4,2,1,3,0
2022-23,22200671,1,1610612745,2,2,2,1,0
2022-23,22200671,1,1610612766,2,1,1,1,0
2022-23,22200671,2,1610612745,6,6,3,1,1
2022-23,22200671,2,1610612766,3,3,3,2,0
2022-23,22200671,3,1610612745,4,5,5,2,0
2022-23,22200671,3,1610612766,5,5,5,2,1
2022-23,22200671,4,1610612745,6,7,5,4,0
2022-23,22200671,4,1610612766,10,16,8,5,0
2022-23,22200672,1,1610612739,3,2,2,2,0
2022-23,22200672,1,1610612763,3,6,4,0,0
2022-23,22200672,2,1610612739,6,10,7,2,0
2022-23,22200672,2,1610612763,4,6,6,1,0
2022-23,22200672,3,1610612739,5,7,3,0,1
2022-23,22200672,3,1610612763,3,4,1,1,0
2022-23,22200672,4,1610612739,2,2,2,1,0
2022-23,22200672,4,1610612763,6,6,5,1,2
2022-23,22200673,1,1610612740,5,5,5,2,0
2022-23,22200673,1,1610612748,3,4,1,0,0
2022-23,22200673,2,1610612740,3,4,1,1,0
2022-23,22200673,2,1610612748,5,5,5,1,1
2022-23,22200673,3,1610612740,2,0,0,0,2
2022-23,22200673,3,1610612748,4,3,3,1,1
2022-23,22200673,4,1610612740,6,9,5,0,0
2022-23,22200673,4,1610612748,3,4,3,1,0
2022-23,22200674,1,1610612754,6,8,5,2,2
2022-23,22200674,1,1610612760,6,9,7,1,0
2022-23,22200674,2,1610612754,2,2,2,0,1
2022-23,22200674,2,1610612760,2,3,2,1,0
2022-23,22200674,3,1610612754,4,2,2,2,1
2022-23,22200674,3,1610612760,4,7,5,0,0
2022-23,22200674,4,1610612754,9,12,7,2,2
2022-23,22200674,4,1610612760,2,2,2,0,1
2022-23,22200675,1,1610612746,3,3,2,1,0
2022-23,22200675,1,1610612762,2,2,2,1,0
2022-23,22200675,2,1610612746,6,3,3,4,1
2022-23,22200675,2,1610612762,4,4,3,0,1
2022-23,22200675,3,1610612746,4,8,5,0,0
2022-23,22200675,3,1610612762,7,9,7,3,0
2022-23,22200675,4,1610612746,4,7,4,0,0
2022-23,22200675,4,1610612762,3,7,5,0,0
2022-23,22200676,1,1610612743,4,3,3,1,1
2022-23,22200676,1,1610612750,3,6,6,0,0
2022-23,22200676,2,1610612743,8,9,6,3,1
2022-23,22200676,2,1610612750,6,11,9,1,0
2022-23,22200676,3,1610612743,11,16,12,7,1
2022-23,22200676,3,1610612750,7,11,7,3,0
2022-23,22200676,4,1610612743,3,4,3,1,0
2022-23,22200676,4,1610612750,1,0,0,1,0
2022-23,22200677,1,1610612747,3,2,2,1,1
2022-23,22200677,1,1610612758,2,2,2,0,0
2022-23,22200677,2,1610612747,5,7,6,2,0
2022-23,22200677,2,1610612758,5,8,6,0,1
2022-23,22200677,3,1610612747,4,6,3,0,1
2022-23,22200677,3,1610612758,2,2,2,1,0
2022-23,22200677,4,1610612747,2,3,3,0,0
2022-23,22200677,4,1610612758,10,15,11,5,0
2022-23,22200678,1,1610612741,3,4,4,1,0
2022-23,22200678,1,1610612765,2,2,2,0,1
2022-23,22200678,2,1610612741,4,4,4,1,0
2022-23,22200678,2,1610612765,6,10,7,2,0
2022-23,22200678,3,1610612741,5,9,7,1,0
2022-23,22200678,3,1610612765,3,4,4,1,0
2022-23,22200678,4,1610612741,2,4,4,0,0
2022-23,22200678,4,1610612765,6,11,9,1,0
2022-23,22200679,1,1610612738,1,2,2,0,0
2022-23,22200679,1,1610612744,1,0,0,1,0
2022-23,22200679,2,1610612738,7,11,8,1,1
2022-23,22200679,2,1610612744,4,5,5,1,0
2022-23,22200679,3,1610612738,5,5,4,2,0
2022-23,22200679,3,1610612744,6,9,8,3,0
2022-23,22200679,4,1610612738,6,8,5,3,1
2022-23,22200679,4,1610612744,3,2,1,2,0
2022-23,22200680,1,1610612750,5,4,3,2,0
2022-23,22200680,1,1610612761,6,11,7,1,0
2022-23,22200680,2,1610612750,3,5,4,0,0
2022-23,22200680,2,1610612761,6,6,6,4,1
2022-23,22200680,3,1610612750,6,10,10,0,1
2022-23,22200680,3,1610612761,4,5,4,0,1
2022-23,22200680,4,1610612750,3,4,4,2,0
2022-23,22200680,4,1610612761,3,5,3,0,0
2022-23,22200681,1,1610612751,7,11,6,0,1
2022-23,22200681,1,1610612756,5,2,2,3,2
2022-23,22200681,2,1610612751,4,2,1,3,0
2022-23,22200681,2,1610612756,7,11,7,1,1
2022-23,22200681,3,1610612751,6,7,5,2,0
2022-23,22200681,3,1610612756,9,16,10,2,0
2022-23,22200681,4,1610612751,3,5,3,1,0
2022-23,22200681,4,1610612756,6,12,9,4,0
2022-23,22200682,1,1610612755,3,4,4,0,1
2022-23,22200682,1,1610612757,3,2,2,2,0
2022-23,22200682,2,1610612755,4,4,3,2,0
2022-23,22200682,2,1610612757,4,8,5,0,0
2022-23,22200682,3,1610612755,2,2,0,1,0
2022-23,22200682,3,1610612757,7,10,7,3,0
2022-23,22200682,4,1610612755,6,9,8,2,0
2022-23,22200682,4,1610612757,6,9,8,2,2
2022-23,22200683,1,1610612740,5,8,6,0,1
2022-23,22200683,1,1610612753,3,3,3,1,0
2022-23,22200683,2,1610612740,4,5,4,0,1
2022-23,22200683,2,1610612753,5,9,8,0,0
2022-23,22200683,3,1610612740,3,5,5,0,0
2022-23,22200683,3,1610612753,6,12,10,0,0
2022-23,22200683,4,1610612740,5,6,3,2,1
2022-23,22200683,4,1610612753,6,10,9,1,0
2022-23,22200684,1,1610612737,3,3,3,1,0
2022-23,22200684,1,1610612752,2,3,3,0,0
2022-23,22200684,2,1610612737,3,5,4,0,0
2022-23,22200684,2,1610612752,1,2,2,0,0
2022-23,22200684,3,1610612737,5,6,6,2,0
2022-23,22200684,3,1610612752,8,10,7,2,0
2022-23,22200684,4,1610612737,2,2,1,0,0
2022-23,22200684,4,1610612752,4,2,1,3,0
2022-23,22200685,1,1610612739,3,2,2,2,0
2022-23,22200685,1,1610612744,2,4,2,0,0
2022-23,22200685,2,1610612739,6,8,7,1,1
2022-23,22200685,2,1610612744,5,6,4,3,0
2022-23,22200685,3,1610612739,2,3,2,1,0
2022-23,22200685,3,1610612744,3,7,6,1,0
2022-23,22200685,4,1610612739,4,6,5,2,0
2022-23,22200685,4,1610612744,3,2,1,2,1
2022-23,22200686,1,1610612742,3,4,3,2,0
2022-23,22200686,1,1610612748,5,8,7,1,0
2022-23,22200686,2,1610612742,6,10,8,1,1
2022-23,22200686,2,1610612748,5,6,6,2,0
2022-23,22200686,3,1610612742,7,10,10,2,1
2022-23,22200686,3,1610612748,5,6,3,3,0
2022-23,22200686,4,1610612742,4,4,2,2,0
2022-23,22200686,4,1610612748,5,7,4,0,1
2022-23,22200687,1,1610612746,3,6,4,0,0
2022-23,22200687,1,1610612759,3,2,1,2,0
2022-23,22200687,2,1610612746,1,0,0,1,0
2022-23,22200687,2,1610612759,3,6,4,0,0
2022-23,22200687,3,1610612746,2,4,4,0,0
2022-23,22200687,3,1610612759,3,4,3,1,0
2022-23,22200687,4,1610612746,7,10,6,2,1
2022-23,22200687,4,1610612759,4,2,2,3,0
2022-23,22200688,1,1610612743,3,4,4,1,0
2022-23,22200688,1,1610612754,5,11,11,0,0
2022-23,22200688,2,1610612743,4,5,3,1,0
2022-23,22200688,2,1610612754,3,3,2,1,0
2022-23,22200688,3,1610612743,3,6,5,0,0
2022-23,22200688,3,1610612754,10,12,9,4,2
2022-23,22200688,4,1610612743,7,11,6,2,1
2022-23,22200688,4,1610612754,8,11,7,1,1
2022-23,22200689,1,1610612751,1,0,0,0,1
2022-23,22200689,1,1610612762,7,12,6,2,1
2022-23,22200689,2,1610612751,4,4,2,3,0
2022-23,22200689,2,1610612762,4,5,5,1,0
2022-23,22200689,3,1610612751,5,8,5,2,0
2022-23,22200689,3,1610612762,2,2,2,0,1
2022-23,22200689,4,1610612751,5,8,6,3,0
2022-23,22200689,4,1610612762,4,4,3,2,0
2022-23,22200690,1,1610612747,2,2,1,1,0
2022-23,22200690,1,1610612763,4,4,1,1,0
2022-23,22200690,2,1610612747,6,10,8,2,1
2022-23,22200690,2,1610612763,5,6,6,2,0
2022-23,22200690,3,1610612747,9,14,11,5,1
2022-23,22200690,3,1610612763,7,12,5,1,1
2022-23,22200690,4,1610612747,10,15,13,2,0
2022-23,22200690,4,1610612763,10,18,14,6,1
2022-23,22200691,1,1610612758,3,6,6,0,0
2022-23,22200691,1,1610612760,4,3,2,1,1
2022-23,22200691,2,1610612758,5,3,3,3,1
2022-23,22200691,2,1610612760,1,2,2,0,0
2022-23,22200691,3,1610612758,6,11,9,1,1
2022-23,22200691,3,1610612760,4,0,0,4,0
2022-23,22200691,4,1610612758,6,8,6,3,0
2022-23,22200691,4,1610612760,4,6,3,1,0
2022-23,22200692,1,1610612738,5,5,5,3,0
2022-23,22200692,1,1610612761,2,2,1,0,1
2022-23,22200692,2,1610612738,1,2,1,0,0
2022-23,22200692,2,1610612761,4,2,2,2,0
2022-23,22200692,3,1610612738,4,8,8,0,0
2022-23,22200692,3,1610612761,3,1,1,2,0
2022-23,22200692,4,1610612738,1,0,0,1,0
2022-23,22200692,4,1610612761,5,2,1,5,0
2022-23,22200693,1,1610612753,2,2,2,1,0
2022-23,22200693,1,1610612764,7,9,9,3,0
2022-23,22200693,2,1610612753,3,3,2,0,1
2022-23,22200693,2,1610612764,2,4,3,0,0
2022-23,22200693,3,1610612753,7,9,7,2,0
2022-23,22200693,3,1610612764,5,5,3,3,0
2022-23,22200693,4,1610612753,6,10,9,3,0
2022-23,22200693,4,1610612764,4,7,3,0,0
2022-23,22200694,1,1610612737,4,7,5,0,0
2022-23,22200694,1,1610612766,5,2,2,3,1
2022-23,22200694,2,1610612737,3,6,5,1,0
2022-23,22200694,2,1610612766,4,3,2,1,1
2022-23,22200694,3,1610612737,4,3,3,2,0
2022-23,22200694,3,1610612766,4,5,4,1,0
2022-23,22200694,4,1610612737,3,4,4,1,0
2022-23,22200694,4,1610612766,6,12,11,1,0
2022-23,22200695,1,1610612739,3,4,3,1,0
2022-23,22200695,1,1610612749,1,1,1,1,0
2022-23,22200695,2,1610612739,1,0,0,1,0
2022-23,22200695,2,1610612749,1,0,0,1,0
2022-23,22200695,3,1610612739,6,7,5,1,1
2022-23,22200695,3,1610612749,5,4,4,1,2
2022-23,22200695,4,1610612739,5,6,3,3,0
2022-23,22200695,4,1610612749,4,6,5,1,0
2022-23,22200696,1,1610612745,6,6,2,3,1
2022-23,22200696,1,1610612750,4,6,4,0,0
2022-23,22200696,2,1610612745,3,2,0,2,0
2022-23,22200696,2,1610612750,6,10,9,2,0
2022-23,22200696,3,1610612745,8,14,10,2,0
2022-23,22200696,3,1610612750,3,6,5,0,0
2022-23,22200696,4,1610612745,8,11,7,5,0
2022-23,22200696,4,1610612750,4,2,2,3,0
2022-23,22200697,1,1610612754,2,2,2,1,0
2022-23,22200697,1,1610612756,4,1,0,3,0
2022-23,22200697,2,1610612754,8,10,7,3,1
2022-23,22200697,2,1610612756,6,8,5,3,0
2022-23,22200697,3,1610612754,4,6,5,1,0
2022-23,22200697,3,1610612756,7,12,9,3,0
2022-23,22200697,4,1610612754,5,8,8,0,0
2022-23,22200697,4,1610612756,8,14,10,3,0
2022-23,22200698,1,1610612755,4,5,5,2,1
2022-23,22200698,1,1610612758,5,8,8,2,0
2022-23,22200698,2,1610612755,5,5,3,1,0
2022-23,22200698,2,1610612758,5,6,5,2,0
2022-23,22200698,3,1610612755,5,6,5,0,1
2022-23,22200698,3,1610612758,4,6,2,0,1
2022-23,22200698,4,1610612755,6,7,6,5,0
2022-23,22200698,4,1610612758,7,9,7,4,0
2022-23,22200699,1,1610612740,5,7,5,0,1
2022-23,22200699,1,1610612748,4,8,8,0,0
2022-23,22200699,2,1610612740,0,0,0,0,0
2022-23,22200699,2,1610612748,2,1,1,1,0
2022-23,22200699,3,1610612740,4,7,5,0,0
2022-23,22200699,3,1610612748,7,11,8,1,0
2022-23,22200699,4,1610612740,4,4,4,2,0
2022-23,22200699,4,1610612748,7,7,5,4,1
2022-23,22200700,1,1610612752,5,7,6,1,0
2022-23,22200700,1,1610612761,3,2,2,2,0
2022-23,22200700,2,1610612752,4,7,3,0,0
2022-23,22200700,2,1610612761,6,10,8,1,0
2022-23,22200700,3,1610612752,5,6,4,1,1
2022-23,22200700,3,1610612761,5,6,4,2,0
2022-23,22200700,4,1610612752,4,6,5,2,0
2022-23,22200700,4,1610612761,9,17,14,3,0
2022-23,22200701,1,1610612742,5,4,4,3,1
2022-23,22200701,1,1610612746,2,3,3,1,0
2022-23,22200701,2,1610612742,4,6,3,1,0
2022-23,22200701,2,1610612746,5,6,5,1,1
2022-23,22200701,3,1610612742,4,6,4,2,0
2022-23,22200701,3,1610612746,6,12,12,2,0
2022-23,22200701,4,1610612742,8,10,4,1,2
2022-23,22200701,4,1610612746,6,10,10,0,1
2022-23,22200702,1,1610612743,2,4,3,0,0
2022-23,22200702,1,1610612760,2,3,2,0,0
2022-23,22200702,2,1610612743,6,10,7,2,0
2022-23,22200702,2,1610612760,2,0,0,2,0
2022-23,22200702,3,1610612743,7,9,4,3,0
2022-23,22200702,3,1610612760,7,9,9,3,0
2022-23,22200702,4,1610612743,8,10,3,3,2
2022-23,22200702,4,1610612760,2,4,3,0,0
2022-23,22200703,1,1610612756,4,2,2,2,0
2022-23,22200703,1,1610612763,1,1,1,0,0
2022-23,22200703,2,1610612756,6,8,5,1,0
2022-23,22200703,2,1610612763,7,9,4,1,1
2022-23,22200703,3,1610612756,7,11,10,1,1
2022-23,22200703,3,1610612763,6,8,6,1,0
2022-23,22200703,4,1610612756,4,4,4,2,0
2022-23,22200703,4,1610612763,8,9,8,3,0
2022-23,22200704,1,1610612744,2,3,1,0,0
2022-23,22200704,1,1610612751,2,4,4,0,0
2022-23,22200704,2,1610612744,9,12,10,2,0
2022-23,22200704,2,1610612751,7,9,3,5,0
2022-23,22200704,3,1610612744,4,5,4,1,0
2022-23,22200704,3,1610612751,6,8,5,2,1
2022-23,22200704,4,1610612744,5,7,6,1,0
2022-23,22200704,4,1610612751,8,10,8,3,1
2022-23,22200705,1,1610612747,4,4,3,3,0
2022-23,22200705,1,1610612757,1,1,1,0,0
2022-23,22200705,2,1610612747,1,2,1,0,0
2022-23,22200705,2,1610612757,5,9,8,2,0
2022-23,22200705,3,1610612747,10,17,13,4,0
2022-23,22200705,3,1610612757,5,7,5,1,0
2022-23,22200705,4,1610612747,4,4,4,3,0
2022-23,22200705,4,1610612757,5,8,7,2,0
2022-23,22200706,1,1610612749,5,8,6,0,0
2022-23,22200706,1,1610612765,5,7,5,1,0
2022-23,22200706,2,1610612749,2,0,0,2,0
2022-23,22200706,2,1610612765,5,9,7,1,0
2022-23,22200706,3,1610612749,7,12,9,0,0
2022-23,22200706,3,1610612765,6,9,8,4,0
2022-23,22200706,4,1610612749,3,4,2,1,0
2022-23,22200706,4,1610612765,8,15,11,4,0
2022-23,22200707,1,1610612738,2,3,2,0,0
2022-23,22200707,1,1610612753,4,4,3,1,0
2022-23,22200707,2,1610612738,4,6,4,1,0
2022-23,22200707,2,1610612753,3,4,2,1,0
2022-23,22200707,3,1610612738,2,1,1,0,2
2022-23,22200707,3,1610612753,8,12,9,3,0
2022-23,22200707,4,1610612738,3,1,1,2,0
2022-23,22200707,4,1610612753,5,4,2,2,1
2022-23,22200708,1,1610612737,4,4,2,3,0
2022-23,22200708,1,1610612741,3,6,4,0,0
2022-23,22200708,2,1610612737,2,0,0,0,2
2022-23,22200708,2,1610612741,2,3,2,0,0
2022-23,22200708,3,1610612737,8,9,7,3,0
2022-23,22200708,3,1610612741,3,2,1,2,1
2022-23,22200708,4,1610612737,5,6,3,2,1
2022-23,22200708,4,1610612741,5,7,5,2,0
2022-23,22200709,1,1610612745,5,7,4,2,1
2022-23,22200709,1,1610612750,2,3,2,0,0
2022-23,22200709,2,1610612745,2,3,2,0,1
2022-23,22200709,2,1610612750,2,4,2,0,0
2022-23,22200709,3,1610612745,5,10,7,1,0
2022-23,22200709,3,1610612750,6,8,7,2,1
2022-23,22200709,4,1610612745,8,10,7,8,0
2022-23,22200709,4,1610612750,4,7,5,0,0
2022-23,22200710,1,1610612762,0,0,0,0,0
2022-23,22200710,1,1610612766,2,2,0,1,0
2022-23,22200710,2,1610612762,10,14,13,5,1
2022-23,22200710,2,1610612766,6,8,5,2,0
2022-23,22200710,3,1610612762,4,4,4,2,0
2022-23,22200710,3,1610612766,8,13,10,2,1
2022-23,22200710,4,1610612762,7,8,5,5,0
2022-23,22200710,4,1610612766,8,11,9,2,2
2022-23,22200711,1,1610612757,6,6,4,4,0
2022-23,22200711,1,1610612759,3,6,4,0,0
2022-23,22200711,2,1610612757,4,8,7,0,0
2022-23,22200711,2,1610612759,3,4,4,1,0
2022-23,22200711,3,1610612757,2,2,2,1,0
2022-23,22200711,3,1610612759,4,8,7,1,0
2022-23,22200711,4,1610612757,5,6,4,2,0
2022-23,22200711,4,1610612759,5,8,5,0,1
2022-23,22200712,1,1610612758,3,1,1,2,0
2022-23,22200712,1,1610612763,2,4,2,0,0
2022-23,22200712,2,1610612758,6,4,4,3,0
2022-23,22200712,2,1610612763,1,0,0,0,1
2022-23,22200712,3,1610612758,4,3,3,2,0
2022-23,22200712,3,1610612763,1,0,0,1,0
2022-23,22200712,4,1610612758,5,6,5,1,1
2022-23,22200712,4,1610612763,4,6,6,0,1
2022-23,22200713,1,1610612741,7,11,10,0,1
2022-23,22200713,1,1610612754,2,4,2,0,0
2022-23,22200713,2,1610612741,3,4,3,0,1
2022-23,22200713,2,1610612754,5,5,5,2,1
2022-23,22200713,3,1610612741,6,7,3,1,1
2022-23,22200713,3,1610612754,6,5,3,2,1
2022-23,22200713,4,1610612741,5,3,3,2,1
2022-23,22200713,4,1610612754,8,14,12,4,0
2022-23,22200714,1,1610612738,8,12,9,3,0
2022-23,22200714,1,1610612748,8,9,7,4,2
2022-23,22200714,2,1610612738,2,3,2,0,0
2022-23,22200714,2,1610612748,5,6,5,2,0
2022-23,22200714,3,1610612738,7,11,9,2,0
2022-23,22200714,3,1610612748,3,4,4,1,0
2022-23,22200714,4,1610612738,1,1,1,0,0
2022-23,22200714,4,1610612748,3,4,2,2,0
2022-23,22200715,1,1610612739,2,0,0,2,0
2022-23,22200715,1,1610612752,4,4,2,2,0
2022-23,22200715,2,1610612739,5,7,5,3,0
2022-23,22200715,2,1610612752,7,9,6,1,1
2022-23,22200715,3,1610612739,3,2,1,2,0
2022-23,22200715,3,1610612752,2,2,1,1,0
2022-23,22200715,4,1610612739,7,7,5,2,0
2022-23,22200715,4,1610612752,5,6,5,2,0
2022-23,22200716,1,1610612740,3,2,1,2,0
2022-23,22200716,1,1610612743,3,4,3,1,0
2022-23,22200716,2,1610612740,5,9,8,2,0
2022-23,22200716,2,1610612743,2,4,4,0,0
2022-23,22200716,3,1610612740,4,5,4,1,0
2022-23,22200716,3,1610612743,4,5,3,1,0
2022-23,22200716,4,1610612740,5,4,4,3,1
2022-23,22200716,4,1610612743,2,0,0,2,0
2022-23,22200717,1,1610612742,4,4,3,2,0
2022-23,22200717,1,1610612764,4,6,5,2,0
2022-23,22200717,2,1610612742,3,6,4,0,0
2022-23,22200717,2,1610612764,7,13,10,1,1
2022-23,22200717,3,1610612742,8,11,11,3,0
2022-23,22200717,3,1610612764,6,13,9,0,1
2022-23,22200717,4,1610612742,5,5,4,0,1
2022-23,22200717,4,1610612764,7,9,8,2,1
2022-23,22200718,1,1610612756,3,0,0,3,0
2022-23,22200718,1,1610612766,4,4,2,2,0
2022-23,22200718,2,1610612756,3,1,1,2,0
2022-23,22200718,2,1610612766,4,4,3,1,0
2022-23,22200718,3,1610612756,6,5,5,3,1
2022-23,22200718,3,1610612766,6,7,6,1,0
2022-23,22200718,4,1610612756,5,7,6,3,0
2022-23,22200718,4,1610612766,4,3,2,1,1
2022-23,22200719,1,1610612746,2,4,4,0,0
2022-23,22200719,1,1610612747,6,10,5,1,0
2022-23,22200719,2,1610612746,5,6,4,2,0
2022-23,22200719,2,1610612747,5,6,4,1,0
2022-23,22200719,3,1610612746,3,3,2,2,0
2022-23,22200719,3,1610612747,4,3,2,2,0
2022-23,22200719,4,1610612746,3,2,2,1,0
2022-23,22200719,4,1610612747,4,5,4,1,0
2022-23,22200720,1,1610612753,4,8,8,0,0
2022-23,22200720,1,1610612754,5,8,7,1,0
2022-23,22200720,2,1610612753,3,2,1,1,1
2022-23,22200720,2,1610612754,4,8,5,0,0
2022-23,22200720,3,1610612753,4,6,2,1,0
2022-23,22200720,3,1610612754,5,5,5,3,0
2022-23,22200720,4,1610612753,8,9,8,5,1
2022-23,22200720,4,1610612754,7,8,6,2,2
2022-23,22200721,1,1610612751,6,12,9,0,0
2022-23,22200721,1,1610612755,8,13,13,3,0
2022-23,22200721,2,1610612751,1,3,3,0,0
2022-23,22200721,2,1610612755,4,4,3,2,0
2022-23,22200721,3,1610612751,6,8,6,2,0
2022-23,22200721,3,1610612755,9,11,11,6,0
2022-23,22200721,4,1610612751,3,4,3,1,0
2022-23,22200721,4,1610612755,6,8,8,4,0
2022-23,22200722,1,1610612745,3,4,3,1,0
2022-23,22200722,1,1610612764,2,4,2,0,0
2022-23,22200722,2,1610612745,6,9,7,1,0
2022-23,22200722,2,1610612764,3,3,3,1,1
2022-23,22200722,3,1610612745,5,6,3,1,2
2022-23,22200722,3,1610612764,4,5,5,2,0
2022-23,22200722,4,1610612745,2,1,1,1,0
2022-23,22200722,4,1610612764,6,11,8,2,1
2022-23,22200723,1,1610612743,1,1,1,0,0
2022-23,22200723,1,1610612749,3,4,4,0,0
2022-23,22200723,2,1610612743,6,12,10,1,0
2022-23,22200723,2,1610612749,3,1,1,1,1
2022-23,22200723,3,1610612743,3,2,1,2,0
2022-23,22200723,3,1610612749,5,8,6,2,0
2022-23,22200723,4,1610612743,2,1,0,1,0
2022-23,22200723,4,1610612749,9,15,9,4,0
2022-23,22200724,1,1610612740,5,6,3,2,0
2022-23,22200724,1,1610612750,4,5,5,1,0
2022-23,22200724,2,1610612740,2,1,1,2,0
2022-23,22200724,2,1610612750,3,4,1,1,0
2022-23,22200724,3,1610612740,3,4,4,1,0
2022-23,22200724,3,1610612750,5,7,6,2,0
2022-23,22200724,4,1610612740,8,10,8,4,2
2022-23,22200724,4,1610612750,6,12,8,2,1
2022-23,22200725,1,1610612737,4,7,4,0,0
2022-23,22200725,1,1610612760,4,1,1,2,1
2022-23,22200725,2,1610612737,8,13,12,3,0
2022-23,22200725,2,1610612760,5,8,7,0,0
2022-23,22200725,3,1610612737,3,3,2,1,0
2022-23,22200725,3,1610612760,3,5,3,0,1
2022-23,22200725,4,1610612737,6,10,8,3,0
2022-23,22200725,4,1610612760,2,2,0,0,0
2022-23,22200726,1,1610612744,4,4,3,1,1
2022-23,22200726,1,1610612763,7,11,7,2,1
2022-23,22200726,2,1610612744,5,5,4,4,0
2022-23,22200726,2,1610612763,3,4,3,1,0
2022-23,22200726,3,1610612744,9,12,9,3,0
2022-23,22200726,3,1610612763,7,10,9,1,0
2022-23,22200726,4,1610612744,6,7,6,2,2
2022-23,22200726,4,1610612763,7,12,7,2,0
2022-23,22200727,1,1610612757,3,0,0,2,1
2022-23,22200727,1,1610612762,3,3,3,0,1
2022-23,22200727,2,1610612757,2,4,4,0,0
2022-23,22200727,2,1610612762,1,2,2,0,0
2022-23,22200727,3,1610612757,5,7,5,0,1
2022-23,22200727,3,1610612762,4,4,1,2,0
2022-23,22200727,4,1610612757,7,7,6,6,0
2022-23,22200727,4,1610612762,7,6,4,3,1
2022-23,22200728,1,1610612758,3,1,1,2,0
2022-23,22200728,1,1610612761,4,0,0,3,1
2022-23,22200728,2,1610612758,5,6,6,3,0
2022-23,22200728,2,1610612761,3,4,2,1,0
2022-23,22200728,3,1610612758,2,2,1,0,1
2022-23,22200728,3,1610612761,0,1,1,0,0
2022-23,22200728,4,1610612758,4,4,4,1,1
2022-23,22200728,4,1610612761,3,2,2,1,1
2022-23,22200729,1,1610612747,8,14,11,3,0
2022-23,22200729,1,1610612759,2,4,4,0,0
2022-23,22200729,2,1610612747,0,0,0,0,0
2022-23,22200729,2,1610612759,3,4,2,0,0
2022-23,22200729,3,1610612747,6,11,8,2,1
2022-23,22200729,3,1610612759,3,2,2,2,0
2022-23,22200729,4,1610612747,4,5,4,1,0
2022-23,22200729,4,1610612759,5,8,8,2,0
2022-23,22200730,1,1610612738,4,4,4,0,2
2022-23,22200730,1,1610612752,2,1,0,1,0
2022-23,22200730,2,1610612738,2,3,2,0,0
2022-23,22200730,2,1610612752,2,3,3,0,0
2022-23,22200730,3,1610612738,5,8,8,2,0
2022-23,22200730,3,1610612752,5,10,8,1,0
2022-23,22200730,4,1610612738,5,4,3,2,0
2022-23,22200730,4,1610612752,4,5,4,1,0
2022-23,22200731,1,1610612751,4,5,5,1,0
2022-23,22200731,1,1610612765,4,5,5,2,0
2022-23,22200731,2,1610612751,7,8,7,3,0
2022-23,22200731,2,1610612765,3,6,5,0,0
2022-23,22200731,3,1610612751,4,8,5,0,0
2022-23,22200731,3,1610612765,7,6,6,4,0
2022-23,22200731,4,1610612751,5,6,6,1,0
2022-23,22200731,4,1610612765,9,9,7,4,1
2022-23,22200732,1,1610612741,3,4,3,1,0
2022-23,22200732,1,1610612766,4,7,5,0,0
2022-23,22200732,2,1610612741,2,3,2,0,0
2022-23,22200732,2,1610612766,5,4,3,3,0
2022-23,22200732,3,1610612741,5,7,6,1,0
2022-23,22200732,3,1610612766,3,6,6,0,0
2022-23,22200732,4,1610612741,6,8,7,1,1
2022-23,22200732,4,1610612766,8,14,12,5,0
2022-23,22200733,1,1610612739,6,8,7,2,0
2022-23,22200733,1,1610612745,6,10,5,1,0
2022-23,22200733,2,1610612739,7,10,8,1,0
2022-23,22200733,2,1610612745,3,3,3,1,0
2022-23,22200733,3,1610612739,3,4,3,0,1
2022-23,22200733,3,1610612745,4,4,2,1,0
2022-23,22200733,4,1610612739,1,0,0,1,0
2022-23,22200733,4,1610612745,2,3,2,0,1
2022-23,22200734,1,1610612742,4,6,6,1,0
2022-23,22200734,1,1610612756,3,4,4,2,0
2022-23,22200734,2,1610612742,7,9,5,4,0
2022-23,22200734,2,1610612756,2,4,2,0,0
2022-23,22200734,3,1610612742,4,5,3,2,0
2022-23,22200734,3,1610612756,1,2,1,0,0
2022-23,22200734,4,1610612742,5,8,6,2,1
2022-23,22200734,4,1610612756,3,6,5,0,0
2022-23,22200735,1,1610612746,6,6,5,2,0
2022-23,22200735,1,1610612759,4,8,5,0,0
2022-23,22200735,2,1610612746,7,10,6,3,0
2022-23,22200735,2,1610612759,6,8,6,1,0
2022-23,22200735,3,1610612746,4,5,5,1,0
2022-23,22200735,3,1610612759,6,6,4,3,0
2022-23,22200735,4,1610612746,1,0,0,0,1
2022-23,22200735,4,1610612759,5,6,3,2,0
2022-23,22200736,1,1610612749,3,5,4,0,0
2022-23,22200736,1,1610612754,2,4,3,0,0
2022-23,22200736,2,1610612749,4,3,2,2,0
2022-23,22200736,2,1610612754,5,11,8,1,0
2022-23,22200736,3,1610612749,5,7,3,2,0
2022-23,22200736,3,1610612754,4,5,3,1,0
2022-23,22200736,4,1610612749,11,16,10,8,1
2022-23,22200736,4,1610612754,7,8,6,5,0
2022-23,22200737,1,1610612750,3,5,3,0,0
2022-23,22200737,1,1610612763,4,4,3,2,0
2022-23,22200737,2,1610612750,2,2,2,1,0
2022-23,22200737,2,1610612763,4,3,2,2,0
2022-23,22200737,3,1610612750,2,2,0,1,0
2022-23,22200737,3,1610612763,5,7,7,1,0
2022-23,22200737,4,1610612750,4,6,5,1,0
2022-23,22200737,4,1610612763,5,5,4,1,1
2022-23,22200738,1,1610612748,3,5,5,0,0
2022-23,22200738,1,1610612753,3,5,4,0,0
2022-23,22200738,2,1610612748,4,6,4,0,1
2022-23,22200738,2,1610612753,6,12,10,0,0
2022-23,22200738,3,1610612748,3,2,2,1,1
2022-23,22200738,3,1610612753,4,5,5,0,1
2022-23,22200738,4,1610612748,9,13,11,6,0
2022-23,22200738,4,1610612753,6,10,8,1,0
2022-23,22200739,1,1610612739,2,3,3,0,0
2022-23,22200739,1,1610612760,6,9,8,1,0
2022-23,22200739,2,1610612739,5,3,2,4,0
2022-23,22200739,2,1610612760,2,3,2,0,0
2022-23,22200739,3,1610612739,5,6,4,3,0
2022-23,22200739,3,1610612760,4,2,2,3,0
2022-23,22200739,4,1610612739,4,6,5,1,0
2022-23,22200739,4,1610612760,6,11,10,4,0
2022-23,22200740,1,1610612744,3,1,1,2,0
2022-23,22200740,1,1610612761,5,5,3,1,0
2022-23,22200740,2,1610612744,6,6,4,2,1
2022-23,22200740,2,1610612761,5,7,3,0,1
2022-23,22200740,3,1610612744,5,6,4,1,1
2022-23,22200740,3,1610612761,3,3,3,1,0
2022-23,22200740,4,1610612744,3,2,2,2,0
2022-23,22200740,4,1610612761,5,6,4,1,0
2022-23,22200741,1,1610612743,3,6,5,0,0
2022-23,22200741,1,1610612755,3,5,1,0,0
2022-23,22200741,2,1610612743,2,0,0,2,0
2022-23,22200741,2,1610612755,3,5,3,1,0
2022-23,22200741,3,1610612743,5,12,10,1,0
2022-23,22200741,3,1610612755,4,9,9,0,0
2022-23,22200741,4,1610612743,4,2,2,2,1
2022-23,22200741,4,1610612755,3,5,3,2,0
2022-23,22200742,1,1610612751,4,0,0,3,1
2022-23,22200742,1,1610612752,3,4,2,1,0
2022-23,22200742,2,1610612751,5,8,5,3,0
2022-23,22200742,2,1610612752,2,4,4,0,0
2022-23,22200742,3,1610612751,0,0,0,0,0
2022-23,22200742,3,1610612752,5,4,4,2,0
2022-23,22200742,4,1610612751,4,6,3,3,0
2022-23,22200742,4,1610612752,5,7,5,2,0
2022-23,22200743,1,1610612745,3,3,2,1,0
2022-23,22200743,1,1610612765,7,12,11,0,0
2022-23,22200743,2,1610612745,6,7,6,2,1
2022-23,22200743,2,1610612765,2,0,0,2,0
2022-23,22200743,3,1610612745,7,10,8,2,0
2022-23,22200743,3,1610612765,7,14,10,1,0
2022-23,22200743,4,1610612745,7,7,5,4,1
2022-23,22200743,4,1610612765,4,5,3,1,1
2022-23,22200744,1,1610612741,4,5,5,1,0
2022-23,22200744,1,1610612753,4,5,3,1,0
2022-23,22200744,2,1610612741,3,3,2,0,1
2022-23,22200744,2,1610612753,3,4,4,1,0
2022-23,22200744,3,1610612741,5,8,7,0,0
2022-23,22200744,3,1610612753,7,8,5,3,2
2022-23,22200744,4,1610612741,5,3,2,2,1
2022-23,22200744,4,1610612753,5,7,5,1,0
2022-23,22200745,1,1610612737,3,2,2,2,0
2022-23,22200745,1,1610612746,2,1,0,1,0
2022-23,22200745,2,1610612737,2,2,1,1,0
2022-23,22200745,2,1610612746,5,4,4,4,0
2022-23,22200745,3,1610612737,5,10,8,2,0
2022-23,22200745,3,1610612746,3,3,3,2,0
2022-23,22200745,4,1610612737,4,6,5,1,0
2022-23,22200745,4,1610612746,7,11,10,2,0
2022-23,22200746,1,1610612750,2,0,0,2,0
2022-23,22200746,1,1610612758,7,10,8,1,1
2022-23,22200746,2,1610612750,6,7,5,1,2
2022-23,22200746,2,1610612758,4,9,8,0,0
2022-23,22200746,3,1610612750,5,7,5,1,0
2022-23,22200746,3,1610612758,6,6,5,3,1
2022-23,22200746,4,1610612750,7,7,6,2,3
2022-23,22200746,4,1610612758,6,11,6,3,0
2022-23,22200747,1,1610612740,2,4,3,0,0
2022-23,22200747,1,1610612764,4,3,2,2,0
2022-23,22200747,2,1610612740,4,3,2,2,0
2022-23,22200747,2,1610612764,7,9,5,4,0
2022-23,22200747,3,1610612740,2,3,3,0,0
2022-23,22200747,3,1610612764,4,2,1,0,3
2022-23,22200747,4,1610612740,6,9,9,1,0
2022-23,22200747,4,1610612764,9,15,14,5,0
2022-23,22200748,1,1610612756,3,6,6,0,0
2022-23,22200748,1,1610612759,5,5,4,1,1
2022-23,22200748,2,1610612756,4,4,1,2,0
2022-23,22200748,2,1610612759,3,3,3,1,0
2022-23,22200748,3,1610612756,3,4,3,1,0
2022-23,22200748,3,1610612759,4,3,3,2,0
2022-23,22200748,4,1610612756,4,3,2,1,1
2022-23,22200748,4,1610612759,5,5,2,1,1
2022-23,22200749,1,1610612738,4,8,5,0,0
2022-23,22200749,1,1610612747,4,3,3,2,0
2022-23,22200749,2,1610612738,5,9,9,1,0
2022-23,22200749,2,1610612747,5,7,5,0,2
2022-23,22200749,3,1610612738,5,9,8,2,0
2022-23,22200749,3,1610612747,2,0,0,1,1
2022-23,22200749,4,1610612738,4,3,3,1,1
2022-23,22200749,4,1610612747,5,6,4,3,0
2022-23,22200750,1,1610612742,5,5,3,2,0
2022-23,22200750,1,1610612762,4,8,7,0,0
2022-23,22200750,2,1610612742,3,2,0,2,0
2022-23,22200750,2,1610612762,4,6,2,1,0
2022-23,22200750,3,1610612742,4,2,1,3,0
2022-23,22200750,3,1610612762,2,2,2,1,0
2022-23,22200750,4,1610612742,7,8,8,1,1
2022-23,22200750,4,1610612762,6,8,6,3,1
2022-23,22200751,1,1610612757,4,3,2,2,0
2022-23,22200751,1,1610612761,1,2,1,0,0
2022-23,22200751,2,1610612757,4,4,3,1,0
2022-23,22200751,2,1610612761,4,3,3,1,0
2022-23,22200751,3,1610612757,4,8,7,0,0
2022-23,22200751,3,1610612761,6,6,6,1,0
2022-23,22200751,4,1610612757,4,8,6,0,0
2022-23,22200751,4,1610612761,3,7,7,0,0
2022-23,22200752,1,1610612748,5,5,3,1,1
2022-23,22200752,1,1610612766,3,5,3,1,0
2022-23,22200752,2,1610612748,7,10,7,2,0
2022-23,22200752,2,1610612766,5,7,7,1,0
2022-23,22200752,3,1610612748,0,0,0,0,0
2022-23,22200752,3,1610612766,2,2,1,1,0
2022-23,22200752,4,1610612748,3,8,7,0,0
2022-23,22200752,4,1610612766,5,8,6,2,0
2022-23,22200753,1,1610612754,5,9,9,1,0
2022-23,22200753,1,1610612763,4,3,3,2,0
2022-23,22200753,2,1610612754,4,3,3,2,1
2022-23,22200753,2,1610612763,5,5,5,2,0
2022-23,22200753,3,1610612754,6,6,4,1,1
2022-23,22200753,3,1610612763,6,6,5,1,2
2022-23,22200753,4,1610612754,4,3,3,2,0
2022-23,22200753,4,1610612763,4,8,4,0,0
2022-23,22200754,1,1610612739,6,6,5,3,0
2022-23,22200754,1,1610612746,5,6,5,3,0
2022-23,22200754,2,1610612739,4,7,5,0,0
2022-23,22200754,2,1610612746,4,4,2,2,0
2022-23,22200754,3,1610612739,4,2,2,3,0
2022-23,22200754,3,1610612746,5,5,5,2,0
2022-23,22200754,4,1610612739,3,4,2,1,0
2022-23,22200754,4,1610612746,8,12,11,1,2
2022-23,22200755,1,1610612740,4,4,3,3,0
2022-23,22200755,1,1610612749,3,2,1,2,0
2022-23,22200755,2,1610612740,4,3,1,1,0
2022-23,22200755,2,1610612749,5,4,2,2,0
2022-23,22200755,3,1610612740,6,9,8,1,1
2022-23,22200755,3,1610612749,3,5,4,0,0
2022-23,22200755,4,1610612740,3,5,3,1,0
2022-23,22200755,4,1610612749,8,9,5,4,0
2022-23,22200756,1,1610612753,2,2,2,1,0
2022-23,22200756,1,1610612755,5,8,7,0,0
2022-23,22200756,2,1610612753,6,9,6,1,0
2022-23,22200756,2,1610612755,5,8,6,2,0
2022-23,22200756,3,1610612753,5,5,4,1,0
2022-23,22200756,3,1610612755,2,1,1,1,0
2022-23,22200756,4,1610612753,10,14,12,4,1
2022-23,22200756,4,1610612755,4,6,4,0,1
2022-23,22200757,1,1610612747,2,3,2,0,0
2022-23,22200757,1,1610612751,3,4,4,2,0
2022-23,22200757,2,1610612747,6,11,8,0,0
2022-23,22200757,2,1610612751,6,8,6,2,1
2022-23,22200757,3,1610612747,6,11,8,1,0
2022-23,22200757,3,1610612751,4,5,4,1,0
2022-23,22200757,4,1610612747,7,12,5,2,0
2022-23,22200757,4,1610612751,2,2,1,1,0
2022-23,22200758,1,1610612750,2,4,0,0,0
2022-23,22200758,1,1610612758,2,2,2,1,0
2022-23,22200758,2,1610612750,5,6,4,2,0
2022-23,22200758,2,1610612758,4,7,4,0,0
2022-23,22200758,3,1610612750,6,9,6,2,0
2022-23,22200758,3,1610612758,0,1,0,0,0
2022-23,22200758,4,1610612750,4,5,2,2,1
2022-23,22200758,4,1610612758,6,9,6,4,0
2022-23,22200759,1,1610612744,1,0,0,1,0
2022-23,22200759,1,1610612760,3,2,2,1,1
2022-23,22200759,2,1610612744,6,6,5,2,1
2022-23,22200759,2,1610612760,3,6,4,0,0
2022-23,22200759,3,1610612744,2,4,3,0,0
2022-23,22200759,3,1610612760,8,8,8,3,0
2022-23,22200759,4,1610612744,7,10,8,6,0
2022-23,22200759,4,1610612760,3,4,3,1,0
2022-23,22200760,1,1610612759,3,5,4,0,0
2022-23,22200760,1,1610612764,6,5,4,2,0
2022-23,22200760,2,1610612759,4,5,3,3,0
2022-23,22200760,2,1610612764,4,3,3,1,1
2022-23,22200760,3,1610612759,3,5,4,1,0
2022-23,22200760,3,1610612764,5,4,3,2,0
2022-23,22200760,4,1610612759,7,8,4,1,1
2022-23,22200760,4,1610612764,4,5,5,1,0
2022-23,22200761,1,1610612742,7,8,6,3,1
2022-23,22200761,1,1610612765,7,13,9,2,1
2022-23,22200761,2,1610612742,5,7,3,0,1
2022-23,22200761,2,1610612765,1,1,0,0,0
2022-23,22200761,3,1610612742,10,14,10,3,1
2022-23,22200761,3,1610612765,6,7,5,2,1
2022-23,22200761,4,1610612742,6,4,4,6,0
2022-23,22200761,4,1610612765,3,6,5,0,0
2022-23,22200762,1,1610612756,2,3,3,0,0
2022-23,22200762,1,1610612761,6,7,7,1,1
2022-23,22200762,2,1610612756,5,7,5,1,1
2022-23,22200762,2,1610612761,5,9,8,0,0
2022-23,22200762,3,1610612756,2,3,3,0,1
2022-23,22200762,3,1610612761,3,3,2,1,0
2022-23,22200762,4,1610612756,8,8,6,6,2
2022-23,22200762,4,1610612761,1,0,0,1,0
2022-23,22200763,1,1610612737,3,3,2,0,1
2022-23,22200763,1,1610612757,4,2,2,2,1
2022-23,22200763,2,1610612737,5,8,6,1,0
2022-23,22200763,2,1610612757,4,5,5,1,0
2022-23,22200763,3,1610612737,5,6,6,3,0
2022-23,22200763,3,1610612757,6,10,8,2,0
2022-23,22200763,4,1610612737,7,13,10,1,0
2022-23,22200763,4,1610612757,6,10,9,4,0
2022-23,22200764,1,1610612739,2,0,0,1,1
2022-23,22200764,1,1610612748,4,7,5,0,1
2022-23,22200764,2,1610612739,5,5,3,3,0
2022-23,22200764,2,1610612748,4,8,7,0,0
2022-23,22200764,3,1610612739,4,1,1,3,0
2022-23,22200764,3,1610612748,4,5,3,1,0
2022-23,22200764,4,1610612739,6,6,2,4,0
2022-23,22200764,4,1610612748,6,5,3,5,0
2022-23,22200765,1,1610612747,5,6,4,1,0
2022-23,22200765,1,1610612752,2,1,1,2,0
2022-23,22200765,2,1610612747,2,5,3,0,0
2022-23,22200765,2,1610612752,5,9,7,0,0
2022-23,22200765,3,1610612747,8,11,8,3,0
2022-23,22200765,3,1610612752,6,12,12,0,0
2022-23,22200765,4,1610612747,7,7,5,2,3
2022-23,22200765,4,1610612752,5,7,5,2,0
2022-23,22200766,1,1610612741,2,2,2,1,0
2022-23,22200766,1,1610612746,1,1,1,0,0
2022-23,22200766,2,1610612741,3,6,6,1,0
2022-23,22200766,2,1610612746,6,10,9,1,0
2022-23,22200766,3,1610612741,4,4,3,1,0
2022-23,22200766,3,1610612746,6,8,6,2,0
2022-23,22200766,4,1610612741,6,9,4,2,0
2022-23,22200766,4,1610612746,6,7,6,2,1
2022-23,22200767,1,1610612749,1,0,0,1,0
2022-23,22200767,1,1610612766,3,2,2,2,0
2022-23,22200767,2,1610612749,5,3,3,3,1
2022-23,22200767,2,1610612766,5,8,7,1,0
2022-23,22200767,3,1610612749,7,9,9,3,0
2022-23,22200767,3,1610612766,5,8,5,2,0
2022-23,22200767,4,1610612749,10,15,11,6,1
2022-23,22200767,4,1610612766,5,8,6,0,0
2022-23,22200768,1,1610612740,1,0,0,1,0
2022-23,22200768,1,1610612743,4,5,4,1,0
2022-23,22200768,2,1610612740,6,5,5,2,1
2022-23,22200768,2,1610612743,4,5,5,1,0
2022-23,22200768,3,1610612740,9,14,12,5,0
2022-23,22200768,3,1610612743,6,7,5,2,2
2022-23,22200768,4,1610612740,4,6,4,1,0
2022-23,22200768,4,1610612743,6,7,6,3,1
2022-23,22200769,1,1610612764,6,8,7,3,0
2022-23,22200769,1,1610612765,2,2,1,1,0
2022-23,22200769,2,1610612764,1,0,0,1,0
2022-23,22200769,2,1610612765,5,5,4,1,1
2022-23,22200769,3,1610612764,4,3,2,1,1
2022-23,22200769,3,1610612765,4,5,5,2,0
2022-23,22200769,4,1610612764,5,6,4,1,0
2022-23,22200769,4,1610612765,6,10,8,1,1
2022-23,22200770,1,1610612753,6,9,4,1,1
2022-23,22200770,1,1610612755,7,12,12,1,1
2022-23,22200770,2,1610612753,6,11,9,1,1
2022-23,22200770,2,1610612755,4,4,4,2,0
2022-23,22200770,3,1610612753,4,5,5,0,0
2022-23,22200770,3,1610612755,4,6,5,1,0
2022-23,22200770,4,1610612753,4,4,4,2,0
2022-23,22200770,4,1610612755,5,4,2,4,0
2022-23,22200771,1,1610612757,3,3,3,1,0
2022-23,22200771,1,1610612763,4,7,6,0,0
2022-23,22200771,2,1610612757,7,11,11,4,0
2022-23,22200771,2,1610612763,7,9,5,1,1
2022-23,22200771,3,1610612757,3,3,3,2,0
2022-23,22200771,3,1610612763,5,8,7,3,0
2022-23,22200771,4,1610612757,5,10,9,3,0
2022-23,22200771,4,1610612763,3,4,3,1,0
2022-23,22200772,1,1610612738,2,2,2,0,0
2022-23,22200772,1,1610612751,3,4,2,1,0
2022-23,22200772,2,1610612738,4,2,0,3,0
2022-23,22200772,2,1610612751,1,1,1,0,0
2022-23,22200772,3,1610612738,4,4,4,2,0
2022-23,22200772,3,1610612751,5,8,7,1,0
2022-23,22200772,4,1610612738,2,2,1,1,0
2022-23,22200772,4,1610612751,4,5,5,1,0
2022-23,22200773,1,1610612745,6,7,7,2,0
2022-23,22200773,1,1610612760,5,7,6,1,0
2022-23,22200773,2,1610612745,7,11,9,2,0
2022-23,22200773,2,1610612760,3,4,4,0,1
2022-23,22200773,3,1610612745,4,5,3,2,0
2022-23,22200773,3,1610612760,3,5,3,0,0
2022-23,22200773,4,1610612745,5,8,4,3,0
2022-23,22200773,4,1610612760,6,6,5,3,1
2022-23,22200774,1,1610612744,4,8,8,0,0
2022-23,22200774,1,1610612750,4,4,3,2,0
2022-23,22200774,2,1610612744,7,12,10,1,0
2022-23,22200774,2,1610612750,7,8,5,2,1
2022-23,22200774,3,1610612744,5,8,4,1,0
2022-23,22200774,3,1610612750,7,12,5,2,1
2022-23,22200774,4,1610612744,5,6,5,3,0
2022-23,22200774,4,1610612750,4,0,0,3,1
2022-23,22200775,1,1610612758,3,4,4,1,0
2022-23,22200775,1,1610612759,2,1,1,1,0
2022-23,22200775,2,1610612758,2,3,3,0,0
2022-23,22200775,2,1610612759,1,0,0,1,0
2022-23,22200775,3,1610612758,3,3,1,0,1
2022-23,22200775,3,1610612759,2,0,0,1,1
2022-23,22200775,4,1610612758,5,9,7,1,0
2022-23,22200775,4,1610612759,6,6,4,4,1
2022-23,22200776,1,1610612761,4,4,4,2,0
2022-23,22200776,1,1610612762,3,4,4,1,0
2022-23,22200776,2,1610612761,7,10,4,0,1
2022-23,22200776,2,1610612762,4,4,4,2,1
2022-23,22200776,3,1610612761,3,6,5,0,0
2022-23,22200776,3,1610612762,4,6,5,1,0
2022-23,22200776,4,1610612761,3,6,5,0,0
2022-23,22200776,4,1610612762,9,16,13,4,0
2022-23,22200777,1,1610612737,2,1,1,1,0
2022-23,22200777,1,1610612756,3,4,4,1,0
2022-23,22200777,2,1610612737,3,1,1,2,0
2022-23,22200777,2,1610612756,6,6,5,2,1
2022-23,22200777,3,1610612737,4,3,3,2,0
2022-23,22200777,3,1610612756,4,8,5,0,0
2022-23,22200777,4,1610612737,4,6,4,0,0
2022-23,22200777,4,1610612756,10,13,12,2,0
2022-23,22200778,1,1610612747,5,9,8,0,0
2022-23,22200778,1,1610612754,1,1,0,0,1
2022-23,22200778,2,1610612747,2,2,2,1,0
2022-23,22200778,2,1610612754,4,1,1,3,0
2022-23,22200778,3,1610612747,4,4,4,2,0
2022-23,22200778,3,1610612754,2,4,4,0,0
2022-23,22200778,4,1610612747,9,16,8,5,0
2022-23,22200778,4,1610612754,1,0,0,1,0
2022-23,22200779,1,1610612739,7,7,4,1,2
2022-23,22200779,1,1610612763,6,8,7,2,0
2022-23,22200779,2,1610612739,4,3,3,2,0
2022-23,22200779,2,1610612763,3,7,7,0,0
2022-23,22200779,3,1610612739,7,10,7,4,0
2022-23,22200779,3,1610612763,2,5,5,0,0
2022-23,22200779,4,1610612739,2,2,2,1,0
2022-23,22200779,4,1610612763,4,2,2,3,0
2022-23,22200780,1,1610612748,4,6,4,1,0
2022-23,22200780,1,1610612752,3,4,3,1,0
2022-23,22200780,2,1610612748,5,4,3,2,0
2022-23,22200780,2,1610612752,5,6,5,2,0
2022-23,22200780,3,1610612748,1,0,0,1,0
2022-23,22200780,3,1610612752,4,4,4,1,1
2022-23,22200780,4,1610612748,4,6,6,0,1
2022-23,22200780,4,1610612752,2,4,2,0,0
2022-23,22200781,1,1610612741,6,7,6,1,2
2022-23,22200781,1,1610612766,2,3,2,0,1
2022-23,22200781,2,1610612741,3,6,3,0,0
2022-23,22200781,2,1610612766,2,2,1,1,0
2022-23,22200781,3,1610612741,4,7,6,0,0
2022-23,22200781,3,1610612766,5,4,4,3,1
2022-23,22200781,4,1610612741,2,6,6,0,0
2022-23,22200781,4,1610612766,6,6,6,1,2
2022-23,22200782,1,1610612740,3,2,2,2,0
2022-23,22200782,1,1610612742,5,10,9,0,0
2022-23,22200782,2,1610612740,5,5,4,2,0
2022-23,22200782,2,1610612742,5,6,5,0,1
2022-23,22200782,3,1610612740,8,10,9,1,0
2022-23,22200782,3,1610612742,6,7,4,2,0
2022-23,22200782,4,1610612740,6,4,2,3,1
2022-23,22200782,4,1610612742,7,6,5,4,1
2022-23,22200783,1,1610612743,5,5,2,1,0
2022-23,22200783,1,1610612744,5,6,2,1,0
2022-23,22200783,2,1610612743,7,8,8,1,0
2022-23,22200783,2,1610612744,4,5,4,1,0
2022-23,22200783,3,1610612743,6,7,6,2,1
2022-23,22200783,3,1610612744,5,5,3,2,0
2022-23,22200783,4,1610612743,1,1,0,0,0
2022-23,22200783,4,1610612744,3,3,3,1,0
2022-23,22200784,1,1610612746,2,2,2,1,0
2022-23,22200784,1,1610612749,3,6,3,0,0
2022-23,22200784,2,1610612746,6,7,6,2,0
2022-23,22200784,2,1610612749,4,5,5,1,0
2022-23,22200784,3,1610612746,6,9,6,1,1
2022-23,22200784,3,1610612749,7,9,6,2,1
2022-23,22200784,4,1610612746,2,2,0,1,0
2022-23,22200784,4,1610612749,5,7,5,1,0
2022-23,22200785,1,1610612765,3,4,3,1,0
2022-23,22200785,1,1610612766,3,6,5,0,0
2022-23,22200785,2,1610612765,5,4,4,1,1
2022-23,22200785,2,1610612766,8,10,10,3,0
2022-23,22200785,3,1610612765,0,0,0,0,0
2022-23,22200785,3,1610612766,4,4,3,2,0
2022-23,22200785,4,1610612765,10,15,9,4,2
2022-23,22200785,4,1610612766,6,10,5,0,1
2022-23,22200786,1,1610612754,4,8,6,0,0
2022-23,22200786,1,1610612758,3,4,3,1,0
2022-23,22200786,2,1610612754,4,2,2,3,0
2022-23,22200786,2,1610612758,4,3,3,2,0
2022-23,22200786,3,1610612754,1,0,0,1,0
2022-23,22200786,3,1610612758,5,9,8,1,0
2022-23,22200786,4,1610612754,4,4,2,1,1
2022-23,22200786,4,1610612758,3,4,3,1,0
2022-23,22200787,1,1610612757,1,2,1,0,0
2022-23,22200787,1,1610612764,5,8,8,1,0
2022-23,22200787,2,1610612757,8,12,12,3,1
2022-23,22200787,2,1610612764,2,3,3,0,0
2022-23,22200787,3,1610612757,4,5,4,1,0
2022-23,22200787,3,1610612764,7,11,9,3,0
2022-23,22200787,4,1610612757,3,4,4,1,0
2022-23,22200787,4,1610612764,1,0,0,1,0
2022-23,22200788,1,1610612738,4,2,2,3,0
2022-23,22200788,1,1610612756,1,0,0,1,0
2022-23,22200788,2,1610612738,3,6,6,0,0
2022-23,22200788,2,1610612756,5,5,4,4,0
2022-23,22200788,3,1610612738,8,13,11,2,1
2022-23,22200788,3,1610612756,5,4,3,1,1
2022-23,22200788,4,1610612738,6,10,7,1,0
2022-23,22200788,4,1610612756,5,5,5,3,0
2022-23,22200789,1,1610612745,5,5,2,1,0
2022-23,22200789,1,1610612761,4,3,3,2,0
2022-23,22200789,2,1610612745,3,3,1,1,0
2022-23,22200789,2,1610612761,4,4,3,2,0
2022-23,22200789,3,1610612745,4,6,5,0,1
2022-23,22200789,3,1610612761,4,5,3,1,0
2022-23,22200789,4,1610612745,11,19,16,3,1
2022-23,22200789,4,1610612761,11,15,11,8,1
2022-23,22200790,1,1610612750,5,7,6,0,1
2022-23,22200790,1,1610612753,5,6,5,1,1
2022-23,22200790,2,1610612750,6,7,7,2,0
2022-23,22200790,2,1610612753,7,11,6,0,2
2022-23,22200790,3,1610612750,6,8,6,4,0
2022-23,22200790,3,1610612753,5,7,6,1,1
2022-23,22200790,4,1610612750,5,6,5,1,1
2022-23,22200790,4,1610612753,9,14,8,6,0
2022-23,22200791,1,1610612755,5,7,6,2,0
2022-23,22200791,1,1610612759,4,3,2,2,0
2022-23,22200791,2,1610612755,6,11,10,1,0
2022-23,22200791,2,1610612759,4,6,6,0,0
2022-23,22200791,3,1610612755,3,5,4,0,0
2022-23,22200791,3,1610612759,2,2,2,1,0
2022-23,22200791,4,1610612755,9,18,12,0,1
2022-23,22200791,4,1610612759,3,4,4,0,0
2022-23,22200792,1,1610612737,7,7,5,2,0
2022-23,22200792,1,1610612762,3,4,3,1,0
2022-23,22200792,2,1610612737,6,6,6,2,0
2022-23,22200792,2,1610612762,5,7,4,1,0
2022-23,22200792,3,1610612737,3,4,3,1,0
2022-23,22200792,3,1610612762,4,1,1,3,0
2022-23,22200792,4,1610612737,4,6,3,2,0
2022-23,22200792,4,1610612762,5,6,5,2,0
2022-23,22200793,1,1610612751,3,6,5,0,0
2022-23,22200793,1,1610612764,9,13,11,1,1
2022-23,22200793,2,1610612751,7,12,11,0,0
2022-23,22200793,2,1610612764,4,6,4,1,0
2022-23,22200793,3,1610612751,3,5,5,0,0
2022-23,22200793,3,1610612764,7,11,9,2,1
2022-23,22200793,4,1610612751,3,5,4,0,0
2022-23,22200793,4,1610612764,8,11,8,4,0
2022-23,22200794,1,1610612756,6,8,7,3,0
2022-23,22200794,1,1610612765,5,6,2,1,1
2022-23,22200794,2,1610612756,8,10,6,5,0
2022-23,22200794,2,1610612765,5,6,3,2,0
2022-23,22200794,3,1610612756,5,5,2,4,0
2022-23,22200794,3,1610612765,2,1,1,1,0
2022-23,22200794,4,1610612756,7,8,6,4,0
2022-23,22200794,4,1610612765,7,9,8,3,1
2022-23,22200795,1,1610612746,3,2,1,2,0
2022-23,22200795,1,1610612752,3,4,4,1,0
2022-23,22200795,2,1610612746,6,4,4,2,1
2022-23,22200795,2,1610612752,3,5,4,0,0
2022-23,22200795,3,1610612746,7,8,8,2,0
2022-23,22200795,3,1610612752,3,4,2,1,0
2022-23,22200795,4,1610612746,2,3,2,0,0
2022-23,22200795,4,1610612752,6,9,6,1,1
2022-23,22200796,1,1610612741,3,2,2,2,0
2022-23,22200796,1,1610612757,6,7,6,4,0
2022-23,22200796,2,1610612741,1,0,0,0,1
2022-23,22200796,2,1610612757,6,9,9,2,0
2022-23,22200796,3,1610612741,4,7,6,0,0
2022-23,22200796,3,1610612757,2,2,1,0,1
2022-23,22200796,4,1610612741,9,16,13,3,1
2022-23,22200796,4,1610612757,3,3,3,0,0
2022-23,22200797,1,1610612748,3,5,5,0,0
2022-23,22200797,1,1610612749,6,7,7,3,0
2022-23,22200797,2,1610612748,2,2,2,1,0
2022-23,22200797,2,1610612749,8,13,6,2,1
2022-23,22200797,3,1610612748,5,9,6,2,0
2022-23,22200797,3,1610612749,3,3,2,1,0
2022-23,22200797,4,1610612748,4,5,4,0,2
2022-23,22200797,4,1610612749,5,5,2,3,0
2022-23,22200798,1,1610612740,5,5,5,1,1
2022-23,22200798,1,1610612747,7,11,7,2,1
2022-23,22200798,2,1610612740,4,4,4,1,0
2022-23,22200798,2,1610612747,4,5,5,1,0
2022-23,22200798,3,1610612740,4,5,4,2,0
2022-23,22200798,3,1610612747,6,11,9,0,0
2022-23,22200798,4,1610612740,5,6,5,3,0
2022-23,22200798,4,1610612747,4,6,4,1,0
2022-23,22200799,1,1610612745,3,1,1,2,0
2022-23,22200799,1,1610612760,5,7,6,0,1
2022-23,22200799,2,1610612745,5,5,5,2,0
2022-23,22200799,2,1610612760,5,7,6,0,1
2022-23,22200799,3,1610612745,2,4,3,0,0
2022-23,22200799,3,1610612760,5,7,7,1,0
2022-23,22200799,4,1610612745,9,17,12,2,0
2022-23,22200799,4,1610612760,1,2,1,0,0
2022-23,22200800,1,1610612742,4,4,3,2,0
2022-23,22200800,1,1610612744,2,1,1,2,0
2022-23,22200800,2,1610612742,5,7,7,1,1
2022-23,22200800,2,1610612744,3,2,2,2,0
2022-23,22200800,3,1610612742,6,9,6,3,0
2022-23,22200800,3,1610612744,7,10,8,3,1
2022-23,22200800,4,1610612742,7,7,5,2,2
2022-23,22200800,4,1610612744,4,6,4,2,0
2022-23,22200801,1,1610612737,2,4,3,0,0
2022-23,22200801,1,1610612743,3,2,1,2,0
2022-23,22200801,2,1610612737,3,4,4,1,0
2022-23,22200801,2,1610612743,6,7,5,3,0
2022-23,22200801,3,1610612737,4,6,5,0,0
2022-23,22200801,3,1610612743,2,3,3,0,0
2022-23,22200801,4,1610612737,4,3,2,2,0
2022-23,22200801,4,1610612743,6,8,8,1,2
2022-23,22200802,1,1610612753,5,4,3,3,0
2022-23,22200802,1,1610612766,4,7,5,0,0
2022-23,22200802,2,1610612753,3,4,4,1,0
2022-23,22200802,2,1610612766,4,4,3,2,0
2022-23,22200802,3,1610612753,5,7,7,1,1
2022-23,22200802,3,1610612766,4,3,2,2,0
2022-23,22200802,4,1610612753,8,15,13,4,0
2022-23,22200802,4,1610612766,5,9,1,0,0
2022-23,22200803,1,1610612739,3,2,2,2,0
2022-23,22200803,1,1610612754,7,10,6,2,1
2022-23,22200803,2,1610612739,5,4,4,4,0
2022-23,22200803,2,1610612754,3,5,3,0,0
2022-23,22200803,3,1610612739,4,2,1,2,0
2022-23,22200803,3,1610612754,4,2,2,2,0
2022-23,22200803,4,1610612739,5,8,8,1,0
2022-23,22200803,4,1610612754,4,5,4,1,0
2022-23,22200804,1,1610612752,5,7,7,1,0
2022-23,22200804,1,1610612755,6,7,7,2,0
2022-23,22200804,2,1610612752,5,10,8,1,0
2022-23,22200804,2,1610612755,7,11,8,3,0
2022-23,22200804,3,1610612752,5,9,5,0,0
2022-23,22200804,3,1610612755,5,5,3,2,0
2022-23,22200804,4,1610612752,7,13,8,3,0
2022-23,22200804,4,1610612755,9,13,12,4,1
2022-23,22200805,1,1610612761,3,2,1,0,2
2022-23,22200805,1,1610612763,5,8,6,0,0
2022-23,22200805,2,1610612761,2,1,0,1,0
2022-23,22200805,2,1610612763,2,4,2,0,0
2022-23,22200805,3,1610612761,4,5,3,2,0
2022-23,22200805,3,1610612763,5,5,3,2,1
2022-23,22200805,4,1610612761,4,4,3,2,1
2022-23,22200805,4,1610612763,3,6,6,0,0
2022-23,22200806,1,1610612743,2,2,2,0,1
2022-23,22200806,1,1610612750,4,7,4,0,0
2022-23,22200806,2,1610612743,8,10,9,2,1
2022-23,22200806,2,1610612750,4,5,4,0,1
2022-23,22200806,3,1610612743,7,11,7,1,0
2022-23,22200806,3,1610612750,5,8,6,0,0
2022-23,22200806,4,1610612743,5,8,6,2,0
2022-23,22200806,4,1610612750,5,10,8,0,0
2022-23,22200807,1,1610612740,6,10,7,2,0
2022-23,22200807,1,1610612758,3,1,1,2,0
2022-23,22200807,2,1610612740,5,4,3,1,0
2022-23,22200807,2,1610612758,6,9,8,1,0
2022-23,22200807,3,1610612740,7,10,7,1,0
2022-23,22200807,3,1610612758,7,10,10,2,1
2022-23,22200807,4,1610612740,5,10,9,0,0
2022-23,22200807,4,1610612758,5,7,4,1,0
2022-23,22200808,1,1610612738,4,3,3,1,1
2022-23,22200808,1,1610612765,6,4,4,4,0
2022-23,22200808,2,1610612738,5,7,7,1,0
2022-23,22200808,2,1610612765,5,7,6,2,0
2022-23,22200808,3,1610612738,3,5,2,0,0
2022-23,22200808,3,1610612765,5,3,3,4,0
2022-23,22200808,4,1610612738,6,6,5,4,0
2022-23,22200808,4,1610612765,5,7,3,2,0
2022-23,22200809,1,1610612739,5,6,4,1,1
2022-23,22200809,1,1610612764,3,4,4,0,0
2022-23,22200809,2,1610612739,4,5,3,0,0
2022-23,22200809,2,1610612764,3,5,5,0,0
2022-23,22200809,3,1610612739,2,3,2,0,0
2022-23,22200809,3,1610612764,2,2,2,1,0
2022-23,22200809,4,1610612739,4,6,5,1,0
2022-23,22200809,4,1610612764,6,8,4,3,1
2022-23,22200810,1,1610612746,5,3,3,3,0
2022-23,22200810,1,1610612751,1,1,1,0,0
2022-23,22200810,2,1610612746,4,4,3,1,1
2022-23,22200810,2,1610612751,4,2,2,3,0
2022-23,22200810,3,1610612746,8,13,10,2,0
2022-23,22200810,3,1610612751,7,11,10,4,0
2022-23,22200810,4,1610612746,8,10,8,4,1
2022-23,22200810,4,1610612751,5,8,5,0,0
2022-23,22200811,1,1610612741,3,6,6,0,0
2022-23,22200811,1,1610612759,3,5,4,0,0
2022-23,22200811,2,1610612741,2,3,3,0,0
2022-23,22200811,2,1610612759,1,1,1,0,0
2022-23,22200811,3,1610612741,5,5,4,2,0
2022-23,22200811,3,1610612759,3,5,5,0,0
2022-23,22200811,4,1610612741,7,11,9,2,0
2022-23,22200811,4,1610612759,5,6,6,2,0
2022-23,22200812,1,1610612745,7,12,10,2,0
2022-23,22200812,1,1610612758,5,5,4,2,0
2022-23,22200812,2,1610612745,5,5,4,2,1
2022-23,22200812,2,1610612758,4,7,6,1,0
2022-23,22200812,3,1610612745,5,5,3,2,1
2022-23,22200812,3,1610612758,3,4,3,1,1
2022-23,22200812,4,1610612745,3,2,2,1,1
2022-23,22200812,4,1610612758,1,2,2,0,0
2022-23,22200813,1,1610612742,5,7,5,1,0
2022-23,22200813,1,1610612762,3,4,4,0,0
2022-23,22200813,2,1610612742,2,2,2,1,0
2022-23,22200813,2,1610612762,7,8,8,2,1
2022-23,22200813,3,1610612742,3,6,6,0,0
2022-23,22200813,3,1610612762,4,5,4,0,1
2022-23,22200813,4,1610612742,9,16,14,4,1
2022-23,22200813,4,1610612762,7,9,7,4,0
2022-23,22200814,1,1610612744,4,2,1,3,0
2022-23,22200814,1,1610612760,4,5,5,1,0
2022-23,22200814,2,1610612744,1,0,0,0,1
2022-23,22200814,2,1610612760,3,2,2,0,2
2022-23,22200814,3,1610612744,2,1,1,1,0
2022-23,22200814,3,1610612760,6,10,6,2,0
2022-23,22200814,4,1610612744,3,4,1,0,0
2022-23,22200814,4,1610612760,2,4,2,0,0
2022-23,22200815,1,1610612749,6,8,7,3,0
2022-23,22200815,1,1610612757,2,0,0,2,0
2022-23,22200815,2,1610612749,1,0,0,1,0
2022-23,22200815,2,1610612757,5,2,2,2,2
2022-23,22200815,3,1610612749,7,10,8,4,0
2022-23,22200815,3,1610612757,8,12,11,2,1
2022-23,22200815,4,1610612749,4,3,2,2,0
2022-23,22200815,4,1610612757,10,15,12,3,1
2022-23,22200816,1,1610612752,3,2,1,1,1
2022-23,22200816,1,1610612753,4,8,6,1,0
2022-23,22200816,2,1610612752,4,4,2,2,0
2022-23,22200816,2,1610612753,5,4,2,3,0
2022-23,22200816,3,1610612752,3,4,3,1,0
2022-23,22200816,3,1610612753,5,4,3,4,0
2022-23,22200816,4,1610612752,7,9,7,5,0
2022-23,22200816,4,1610612753,6,8,7,2,1
2022-23,22200817,1,1610612751,3,6,5,0,0
2022-23,22200817,1,1610612756,4,6,3,1,0
2022-23,22200817,2,1610612751,6,6,5,2,0
2022-23,22200817,2,1610612756,3,5,4,0,0
2022-23,22200817,3,1610612751,3,4,4,2,0
2022-23,22200817,3,1610612756,6,6,6,2,1
2022-23,22200817,4,1610612751,10,15,13,5,1
2022-23,22200817,4,1610612756,8,11,8,6,0
2022-23,22200818,1,1610612737,3,5,5,0,0
2022-23,22200818,1,1610612740,6,8,5,2,1
2022-23,22200818,2,1610612737,5,7,5,2,0
2022-23,22200818,2,1610612740,2,0,0,2,0
2022-23,22200818,3,1610612737,6,10,8,1,0
2022-23,22200818,3,1610612740,6,7,6,2,0
2022-23,22200818,4,1610612737,5,3,1,2,0
2022-23,22200818,4,1610612740,6,6,3,5,0
2022-23,22200819,1,1610612741,3,6,4,0,0
2022-23,22200819,1,1610612763,3,5,3,0,0
2022-23,22200819,2,1610612741,7,11,8,0,1
2022-23,22200819,2,1610612763,4,6,6,0,1
2022-23,22200819,3,1610612741,6,6,3,1,2
2022-23,22200819,3,1610612763,5,7,4,2,0
2022-23,22200819,4,1610612741,3,4,3,1,0
2022-23,22200819,4,1610612763,4,3,2,2,0
2022-23,22200820,1,1610612743,6,9,7,2,0
2022-23,22200820,1,1610612750,4,4,4,2,0
2022-23,22200820,2,1610612743,3,4,4,2,0
2022-23,22200820,2,1610612750,4,6,5,0,0
2022-23,22200820,3,1610612743,4,6,5,2,0
2022-23,22200820,3,1610612750,6,6,5,3,0
2022-23,22200820,4,1610612743,2,3,1,0,0
2022-23,22200820,4,1610612750,6,10,8,1,0
2022-23,22200821,1,1610612747,5,6,3,3,0
2022-23,22200821,1,1610612760,6,8,7,2,0
2022-23,22200821,2,1610612747,7,12,9,2,0
2022-23,22200821,2,1610612760,3,6,5,0,0
2022-23,22200821,3,1610612747,2,2,2,0,1
2022-23,22200821,3,1610612760,5,4,4,3,0
2022-23,22200821,4,1610612747,3,6,4,0,0
2022-23,22200821,4,1610612760,3,2,2,3,0
2022-23,22200822,1,1610612739,5,7,3,0,1
2022-23,22200822,1,1610612765,1,2,2,0,0
2022-23,22200822,2,1610612739,2,0,0,2,0
2022-23,22200822,2,1610612765,4,3,3,2,1
2022-23,22200822,3,1610612739,4,3,3,3,0
2022-23,22200822,3,1610612765,6,10,9,2,0
2022-23,22200822,4,1610612739,10,15,15,3,2
2022-23,22200822,4,1610612765,4,3,3,2,0
2022-23,22200823,1,1610612764,4,5,5,1,0
2022-23,22200823,1,1610612766,5,9,6,1,0
2022-23,22200823,2,1610612764,5,5,4,1,1
2022-23,22200823,2,1610612766,2,2,2,0,1
2022-23,22200823,3,1610612764,2,0,0,1,1
2022-23,22200823,3,1610612766,3,4,3,1,0
2022-23,22200823,4,1610612764,5,7,6,1,0
2022-23,22200823,4,1610612766,5,6,6,1,0
2022-23,22200824,1,1610612738,1,2,2,0,0
2022-23,22200824,1,1610612755,2,3,3,0,0
2022-23,22200824,2,1610612738,3,3,3,2,0
2022-23,22200824,2,1610612755,5,1,1,4,0
2022-23,22200824,3,1610612738,4,2,0,3,0
2022-23,22200824,3,1610612755,5,4,3,3,1
2022-23,22200824,4,1610612738,5,3,2,4,0
2022-23,22200824,4,1610612755,7,12,8,1,0
2022-23,22200825,1,1610612748,4,9,9,0,0
2022-23,22200825,1,1610612754,4,3,1,1,1
2022-23,22200825,2,1610612748,4,5,5,1,0
2022-23,22200825,2,1610612754,6,9,7,2,0
2022-23,22200825,3,1610612748,8,13,12,2,0
2022-23,22200825,3,1610612754,6,9,5,2,1
2022-23,22200825,4,1610612748,9,12,10,7,0
2022-23,22200825,4,1610612754,5,7,7,3,0
2022-23,22200826,1,1610612759,3,6,4,0,0
2022-23,22200826,1,1610612761,4,6,4,0,0
2022-23,22200826,2,1610612759,4,6,3,1,0
2022-23,22200826,2,1610612761,3,2,1,2,0
2022-23,22200826,3,1610612759,5,6,4,2,0
2022-23,22200826,3,1610612761,7,10,9,4,0
2022-23,22200826,4,1610612759,7,9,8,4,0
2022-23,22200826,4,1610612761,3,3,2,1,0
2022-23,22200827,1,1610612745,2,5,4,0,0
2022-23,22200827,1,1610612758,4,7,7,0,0
2022-23,22200827,2,1610612745,5,9,8,1,1
2022-23,22200827,2,1610612758,4,7,7,1,0
2022-23,22200827,3,1610612745,6,12,10,1,1
2022-23,22200827,3,1610612758,7,10,9,2,2
2022-23,22200827,4,1610612745,2,2,2,1,0
2022-23,22200827,4,1610612758,5,6,5,2,0
2022-23,22200828,1,1610612750,3,1,1,1,1
2022-23,22200828,1,1610612762,5,4,4,3,1
2022-23,22200828,2,1610612750,4,3,3,2,0
2022-23,22200828,2,1610612762,3,4,4,0,0
2022-23,22200828,3,1610612750,2,2,2,1,0
2022-23,22200828,3,1610612762,3,2,2,2,0
2022-23,22200828,4,1610612750,3,2,2,3,0
2022-23,22200828,4,1610612762,6,11,8,1,0
2022-23,22200829,1,1610612742,2,4,2,0,0
2022-23,22200829,1,1610612746,3,4,3,1,0
2022-23,22200829,2,1610612742,6,5,3,3,0
2022-23,22200829,2,1610612746,5,1,1,3,1
2022-23,22200829,3,1610612742,1,0,0,1,0
2022-23,22200829,3,1610612746,4,6,4,1,0
2022-23,22200829,4,1610612742,5,8,6,2,0
2022-23,22200829,4,1610612746,5,10,8,0,0
2022-23,22200830,1,1610612744,2,2,1,1,0
2022-23,22200830,1,1610612757,6,10,9,1,0
2022-23,22200830,2,1610612744,5,6,6,2,1
2022-23,22200830,2,1610612757,5,9,9,1,0
2022-23,22200830,3,1610612744,1,0,0,1,0
2022-23,22200830,3,1610612757,6,6,6,4,0
2022-23,22200830,4,1610612744,2,2,2,1,0
2022-23,22200830,4,1610612757,6,7,7,2,0
2022-23,22200831,1,1610612743,4,10,7,0,0
2022-23,22200831,1,1610612753,5,8,5,1,0
2022-23,22200831,2,1610612743,4,3,1,2,0
2022-23,22200831,2,1610612753,5,4,2,3,0
2022-23,22200831,3,1610612743,4,4,3,2,0
2022-23,22200831,3,1610612753,3,4,3,1,0
2022-23,22200831,4,1610612743,4,7,5,1,0
2022-23,22200831,4,1610612753,2,3,2,0,0
2022-23,22200832,1,1610612737,5,9,7,0,0
2022-23,22200832,1,1610612756,2,5,5,0,0
2022-23,22200832,2,1610612737,4,6,4,1,0
2022-23,22200832,2,1610612756,6,6,3,4,0
2022-23,22200832,3,1610612737,5,7,6,1,0
2022-23,22200832,3,1610612756,5,10,8,2,0
2022-23,22200832,4,1610612737,4,5,3,0,2
2022-23,22200832,4,1610612756,7,8,6,4,0
2022-23,22200833,1,1610612741,3,4,4,0,1
2022-23,22200833,1,1610612751,1,2,1,0,0
2022-23,22200833,2,1610612741,6,4,4,2,2
2022-23,22200833,2,1610612751,2,0,0,2,0
2022-23,22200833,3,1610612741,5,7,5,1,0
2022-23,22200833,3,1610612751,2,3,2,0,0
2022-23,22200833,4,1610612741,3,6,3,0,0
2022-23,22200833,4,1610612751,11,20,18,6,0
2022-23,22200834,1,1610612747,3,2,0,1,1
2022-23,22200834,1,1610612749,2,4,2,0,0
2022-23,22200834,2,1610612747,6,9,8,1,1
2022-23,22200834,2,1610612749,5,6,5,2,1
2022-23,22200834,3,1610612747,0,0,0,0,0
2022-23,22200834,3,1610612749,3,4,3,1,0
2022-23,22200834,4,1610612747,7,10,7,2,0
2022-23,22200834,4,1610612749,5,4,3,1,1
2022-23,22200835,1,1610612759,2,1,1,1,0
2022-23,22200835,1,1610612765,5,6,4,1,1
2022-23,22200835,2,1610612759,5,4,3,2,1
2022-23,22200835,2,1610612765,7,9,7,1,1
2022-23,22200835,3,1610612759,8,13,12,3,1
2022-23,22200835,3,1610612765,9,15,12,3,0
2022-23,22200835,4,1610612759,5,6,4,3,0
2022-23,22200835,4,1610612765,4,7,4,0,0
2022-23,22200836,1,1610612754,4,4,4,2,0
2022-23,22200836,1,1610612756,3,4,3,1,0
2022-23,22200836,2,1610612754,5,5,5,1,2
2022-23,22200836,2,1610612756,2,4,4,1,0
2022-23,22200836,3,1610612754,6,8,6,2,0
2022-23,22200836,3,1610612756,8,12,10,4,0
2022-23,22200836,4,1610612754,7,11,6,1,1
2022-23,22200836,4,1610612756,3,4,4,0,0
2022-23,22200837,1,1610612752,5,6,3,1,0
2022-23,22200837,1,1610612755,2,4,3,0,0
2022-23,22200837,2,1610612752,4,4,3,1,0
2022-23,22200837,2,1610612755,8,13,11,2,0
2022-23,22200837,3,1610612752,3,4,4,0,0
2022-23,22200837,3,1610612755,5,4,2,2,0
2022-23,22200837,4,1610612752,1,2,1,0,0
2022-23,22200837,4,1610612755,2,1,1,0,1
2022-23,22200838,1,1610612738,5,7,5,1,0
2022-23,22200838,1,1610612766,4,5,4,1,0
2022-23,22200838,2,1610612738,2,3,2,0,0
2022-23,22200838,2,1610612766,5,5,3,2,0
2022-23,22200838,3,1610612738,3,2,2,1,0
2022-23,22200838,3,1610612766,6,11,6,1,0
2022-23,22200838,4,1610612738,5,5,5,4,0
2022-23,22200838,4,1610612766,4,5,5,2,0
2022-23,22200839,1,1610612761,5,6,4,1,0
2022-23,22200839,1,1610612762,3,2,2,2,0
2022-23,22200839,2,1610612761,6,10,8,2,1
2022-23,22200839,2,1610612762,9,9,5,7,1
2022-23,22200839,3,1610612761,6,9,7,2,0
2022-23,22200839,3,1610612762,5,5,4,3,0
2022-23,22200839,4,1610612761,2,5,3,0,0
2022-23,22200839,4,1610612762,11,13,11,6,0
2022-23,22200840,1,1610612745,3,3,2,1,0
2022-23,22200840,1,1610612748,5,6,5,1,0
2022-23,22200840,2,1610612745,8,13,9,2,0
2022-23,22200840,2,1610612748,6,7,7,3,0
2022-23,22200840,3,1610612745,5,2,2,3,1
2022-23,22200840,3,1610612748,3,1,1,2,0
2022-23,22200840,4,1610612745,5,6,5,0,2
2022-23,22200840,4,1610612748,7,8,8,4,0
2022-23,22200841,1,1610612750,4,4,4,0,2
2022-23,22200841,1,1610612763,7,8,7,3,1
2022-23,22200841,2,1610612750,2,4,4,0,0
2022-23,22200841,2,1610612763,3,5,4,0,0
2022-23,22200841,3,1610612750,2,0,0,2,0
2022-23,22200841,3,1610612763,6,10,7,2,0
2022-23,22200841,4,1610612750,4,4,2,2,0
2022-23,22200841,4,1610612763,4,4,2,0,1
2022-23,22200842,1,1610612739,6,8,7,1,0
2022-23,22200842,1,1610612740,6,8,6,3,0
2022-23,22200842,2,1610612739,4,3,3,2,0
2022-23,22200842,2,1610612740,5,5,3,2,0
2022-23,22200842,3,1610612739,3,3,2,1,0
2022-23,22200842,3,1610612740,6,7,7,2,1
2022-23,22200842,4,1610612739,4,1,0,3,0
2022-23,22200842,4,1610612740,4,5,4,1,0
2022-23,22200843,1,1610612757,5,7,7,2,1
2022-23,22200843,1,1610612760,3,6,6,0,0
2022-23,22200843,2,1610612757,9,13,11,2,0
2022-23,22200843,2,1610612760,8,11,10,2,1
2022-23,22200843,3,1610612757,5,5,5,2,1
2022-23,22200843,3,1610612760,7,11,9,1,0
2022-23,22200843,4,1610612757,4,6,6,1,0
2022-23,22200843,4,1610612760,5,7,7,1,1
2022-23,22200844,1,1610612742,4,2,2,2,0
2022-23,22200844,1,1610612758,5,9,8,0,0
2022-23,22200844,2,1610612742,4,5,4,0,1
2022-23,22200844,2,1610612758,5,9,9,0,0
2022-23,22200844,3,1610612742,2,2,2,1,0
2022-23,22200844,3,1610612758,2,2,2,1,0
2022-23,22200844,4,1610612742,6,10,10,3,0
2022-23,22200844,4,1610612758,6,12,8,2,0
2022-23,22200845,1,1610612746,3,3,3,2,0
2022-23,22200845,1,1610612749,3,4,3,1,0
2022-23,22200845,2,1610612746,2,2,1,1,0
2022-23,22200845,2,1610612749,1,2,1,0,0
2022-23,22200845,3,1610612746,5,5,4,4,0
2022-23,22200845,3,1610612749,2,4,3,0,0
2022-23,22200845,4,1610612746,3,4,3,1,0
2022-23,22200845,4,1610612749,6,6,5,3,0
2022-23,22200846,1,1610612751,0,0,0,0,0
2022-23,22200846,1,1610612755,6,11,10,0,0
2022-23,22200846,2,1610612751,3,4,4,0,2
2022-23,22200846,2,1610612755,3,3,3,1,0
2022-23,22200846,3,1610612751,6,9,7,0,1
2022-23,22200846,3,1610612755,5,8,8,1,0
2022-23,22200846,4,1610612751,1,0,0,1,0
2022-23,22200846,4,1610612755,5,8,8,2,0
2022-23,22200847,1,1610612743,5,9,6,1,0
2022-23,22200847,1,1610612766,3,6,2,0,0
2022-23,22200847,2,1610612743,7,7,7,5,0
2022-23,22200847,2,1610612766,4,5,0,2,0
2022-23,22200847,3,1610612743,2,1,1,1,0
2022-23,22200847,3,1610612766,6,10,8,1,1
2022-23,22200847,4,1610612743,1,0,0,1,0
2022-23,22200847,4,1610612766,6,8,7,2,0
2022-23,22200848,1,1610612748,2,4,3,0,0
2022-23,22200848,1,1610612753,2,3,2,0,0
2022-23,22200848,2,1610612748,7,10,10,3,1
2022-23,22200848,2,1610612753,5,6,6,2,0
2022-23,22200848,3,1610612748,3,4,4,0,1
2022-23,22200848,3,1610612753,7,10,8,2,1
2022-23,22200848,4,1610612748,4,4,3,2,1
2022-23,22200848,4,1610612753,4,4,2,1,1
2022-23,22200849,1,1610612754,0,0,0,0,0
2022-23,22200849,1,1610612764,3,4,4,0,0
2022-23,22200849,2,1610612754,3,5,4,0,0
2022-23,22200849,2,1610612764,7,9,7,4,0
2022-23,22200849,3,1610612754,5,4,2,2,1
2022-23,22200849,3,1610612764,5,8,7,0,1
2022-23,22200849,4,1610612754,7,8,7,3,1
2022-23,22200849,4,1610612764,3,1,1,2,0
2022-23,22200850,1,1610612737,3,5,3,0,0
2022-23,22200850,1,1610612759,1,2,2,0,0
2022-23,22200850,2,1610612737,4,6,4,1,0
2022-23,22200850,2,1610612759,3,5,4,0,0
2022-23,22200850,3,1610612737,5,6,6,1,1
2022-23,22200850,3,1610612759,3,6,6,0,0
2022-23,22200850,4,1610612737,2,2,2,1,0
2022-23,22200850,4,1610612759,3,4,3,1,0
2022-23,22200851,1,1610612752,4,6,4,1,0
2022-23,22200851,1,1610612762,2,1,1,1,0
2022-23,22200851,2,1610612752,5,8,5,1,0
2022-23,22200851,2,1610612762,7,5,4,4,1
2022-23,22200851,3,1610612752,4,6,5,1,0
2022-23,22200851,3,1610612762,8,12,9,1,0
2022-23,22200851,4,1610612752,9,18,14,2,0
2022-23,22200851,4,1610612762,6,10,7,1,1
2022-23,22200852,1,1610612739,2,2,2,0,1
2022-23,22200852,1,1610612741,2,3,3,0,0
2022-23,22200852,2,1610612739,4,3,1,2,0
2022-23,22200852,2,1610612741,3,1,0,2,0
2022-23,22200852,3,1610612739,6,5,5,4,0
2022-23,22200852,3,1610612741,6,7,5,2,1
2022-23,22200852,4,1610612739,6,9,8,3,0
2022-23,22200852,4,1610612741,4,4,4,2,0
2022-23,22200853,1,1610612744,3,4,3,1,0
2022-23,22200853,1,1610612747,3,6,4,0,0
2022-23,22200853,2,1610612744,2,4,4,0,0
2022-23,22200853,2,1610612747,2,4,4,0,0
2022-23,22200853,3,1610612744,1,1,1,0,0
2022-23,22200853,3,1610612747,6,11,10,1,1
2022-23,22200853,4,1610612744,4,3,3,2,0
2022-23,22200853,4,1610612747,5,5,3,4,0
2022-23,22200854,1,1610612742,4,7,7,0,0
2022-23,22200854,1,1610612758,3,2,0,2,0
2022-23,22200854,2,1610612742,4,4,2,1,1
2022-23,22200854,2,1610612758,3,5,5,0,0
2022-23,22200854,3,1610612742,1,1,0,0,0
2022-23,22200854,3,1610612758,4,6,6,1,0
2022-23,22200854,4,1610612742,7,7,5,4,1
2022-23,22200854,4,1610612758,3,4,4,0,1
2022-23,22200855,1,1610612738,3,2,0,2,0
2022-23,22200855,1,1610612763,4,7,4,0,0
2022-23,22200855,2,1610612738,5,7,7,1,0
2022-23,22200855,2,1610612763,1,2,2,0,0
2022-23,22200855,3,1610612738,7,8,5,1,3
2022-23,22200855,3,1610612763,3,4,2,0,0
2022-23,22200855,4,1610612738,5,9,8,2,0
2022-23,22200855,4,1610612763,5,8,5,1,0
2022-23,22200856,1,1610612761,3,5,2,1,0
2022-23,22200856,1,1610612765,4,3,1,2,0
2022-23,22200856,2,1610612761,6,10,6,1,0
2022-23,22200856,2,1610612765,6,8,7,3,1
2022-23,22200856,3,1610612761,8,11,9,4,1
2022-23,22200856,3,1610612765,4,6,5,1,0
2022-23,22200856,4,1610612761,8,10,7,4,1
2022-23,22200856,4,1610612765,9,15,12,2,2
2022-23,22200857,1,1610612737,6,9,9,2,0
2022-23,22200857,1,1610612766,3,7,6,0,0
2022-23,22200857,2,1610612737,5,3,3,2,1
2022-23,22200857,2,1610612766,4,4,4,2,0
2022-23,22200857,3,1610612737,4,6,6,0,0
2022-23,22200857,3,1610612766,5,8,5,1,0
2022-23,22200857,4,1610612737,3,3,3,1,0
2022-23,22200857,4,1610612766,3,4,3,1,0
2022-23,22200858,1,1610612739,5,7,5,2,0
2022-23,22200858,1,1610612759,2,4,3,0,0
2022-23,22200858,2,1610612739,5,10,9,0,0
2022-23,22200858,2,1610612759,3,4,3,1,0
2022-23,22200858,3,1610612739,3,0,0,3,0
2022-23,22200858,3,1610612759,5,6,5,1,0
2022-23,22200858,4,1610612739,7,8,6,4,0
2022-23,22200858,4,1610612759,4,6,4,0,1
2022-23,22200859,1,1610612754,3,3,2,1,0
2022-23,22200859,1,1610612762,2,3,3,0,0
2022-23,22200859,2,1610612754,4,4,2,1,1
2022-23,22200859,2,1610612762,4,2,2,3,0
2022-23,22200859,3,1610612754,7,10,7,2,1
2022-23,22200859,3,1610612762,6,9,7,3,0
2022-23,22200859,4,1610612754,3,3,3,1,0
2022-23,22200859,4,1610612762,8,11,10,5,1
2022-23,22200860,1,1610612745,5,9,9,0,1
2022-23,22200860,1,1610612755,3,5,4,0,0
2022-23,22200860,2,1610612745,5,5,5,3,0
2022-23,22200860,2,1610612755,6,11,11,1,0
2022-23,22200860,3,1610612745,6,10,8,1,0
2022-23,22200860,3,1610612755,1,0,0,1,0
2022-23,22200860,4,1610612745,6,7,6,2,1
2022-23,22200860,4,1610612755,3,1,1,2,0
2022-23,22200861,1,1610612743,2,2,2,1,0
2022-23,22200861,1,1610612748,4,3,3,1,2
2022-23,22200861,2,1610612743,4,5,5,1,0
2022-23,22200861,2,1610612748,3,5,5,1,0
2022-23,22200861,3,1610612743,2,2,2,0,1
2022-23,22200861,3,1610612748,3,3,3,0,1
2022-23,22200861,4,1610612743,4,6,4,3,0
2022-23,22200861,4,1610612748,8,9,7,5,1
2022-23,22200862,1,1610612751,3,3,3,1,0
2022-23,22200862,1,1610612752,2,1,1,1,0
2022-23,22200862,2,1610612751,6,12,9,1,0
2022-23,22200862,2,1610612752,1,4,3,0,0
2022-23,22200862,3,1610612751,7,10,6,2,1
2022-23,22200862,3,1610612752,6,9,7,1,0
2022-23,22200862,4,1610612751,7,8,6,3,1
2022-23,22200862,4,1610612752,7,12,8,3,0
2022-23,22200863,1,1610612741,4,6,5,1,0
2022-23,22200863,1,1610612753,2,2,1,0,0
2022-23,22200863,2,1610612741,5,5,5,2,0
2022-23,22200863,2,1610612753,4,4,4,2,0
2022-23,22200863,3,1610612741,1,1,1,0,0
2022-23,22200863,3,1610612753,4,3,2,2,0
2022-23,22200863,4,1610612741,6,7,7,2,0
2022-23,22200863,4,1610612753,8,10,9,1,1
2022-23,22200864,1,1610612740,3,2,2,2,0
2022-23,22200864,1,1610612760,4,3,2,2,0
2022-23,22200864,2,1610612740,5,7,6,1,0
2022-23,22200864,2,1610612760,4,4,4,2,0
2022-23,22200864,3,1610612740,5,7,6,1,0
2022-23,22200864,3,1610612760,3,3,2,0,1
2022-23,22200864,4,1610612740,3,2,2,3,0
2022-23,22200864,4,1610612760,4,8,7,0,0
2022-23,22200865,1,1610612742,5,3,2,3,1
2022-23,22200865,1,1610612750,6,7,6,2,0
2022-23,22200865,2,1610612742,8,10,9,4,1
2022-23,22200865,2,1610612750,3,2,1,1,0
2022-23,22200865,3,1610612742,8,11,8,2,0
2022-23,22200865,3,1610612750,6,7,7,3,0
2022-23,22200865,4,1610612742,4,5,3,1,0
2022-23,22200865,4,1610612750,6,10,5,2,0
2022-23,22200866,1,1610612744,3,2,2,0,2
2022-23,22200866,1,1610612764,5,6,5,2,0
2022-23,22200866,2,1610612744,3,5,3,0,0
2022-23,22200866,2,1610612764,3,5,4,1,0
2022-23,22200866,3,1610612744,3,3,2,1,0
2022-23,22200866,3,1610612764,6,9,8,2,1
2022-23,22200866,4,1610612744,5,5,4,2,0
2022-23,22200866,4,1610612764,3,1,1,2,0
2022-23,22200867,1,1610612747,4,2,2,3,0
2022-23,22200867,1,1610612757,1,0,0,1,0
2022-23,22200867,2,1610612747,2,3,3,0,0
2022-23,22200867,2,1610612757,3,2,2,2,0
2022-23,22200867,3,1610612747,2,4,4,0,0
2022-23,22200867,3,1610612757,5,5,5,2,1
2022-23,22200867,4,1610612747,6,12,10,1,0
2022-23,22200867,4,1610612757,5,6,5,2,0
2022-23,22200868,1,1610612753,0,0,0,0,0
2022-23,22200868,1,1610612761,1,1,1,0,0
2022-23,22200868,2,1610612753,7,11,10,2,2
2022-23,22200868,2,1610612761,3,3,1,1,0
2022-23,22200868,3,1610612753,3,4,3,1,0
2022-23,22200868,3,1610612761,3,5,5,1,0
2022-23,22200868,4,1610612753,2,3,1,0,0
2022-23,22200868,4,1610612761,7,11,8,1,0
2022-23,22200869,1,1610612738,3,5,4,0,0
2022-23,22200869,1,1610612749,3,4,3,0,1
2022-23,22200869,2,1610612738,4,5,4,3,0
2022-23,22200869,2,1610612749,3,6,3,0,0
2022-23,22200869,3,1610612738,5,6,4,1,0
2022-23,22200869,3,1610612749,5,6,5,2,0
2022-23,22200869,4,1610612738,2,2,2,1,0
2022-23,22200869,4,1610612749,8,11,8,3,1
2022-23,22200870,1,1610612756,4,2,2,2,0
2022-23,22200870,1,1610612758,5,6,6,3,0
2022-23,22200870,2,1610612756,6,8,5,2,0
2022-23,22200870,2,1610612758,5,10,9,1,0
2022-23,22200870,3,1610612756,5,4,4,2,1
2022-23,22200870,3,1610612758,3,4,4,1,0
2022-23,22200870,4,1610612756,3,2,2,2,1
2022-23,22200870,4,1610612758,4,4,2,2,0
2022-23,22200871,1,1610612744,4,6,5,1,1
2022-23,22200871,1,1610612746,4,1,0,3,0
2022-23,22200871,2,1610612744,8,13,10,2,0
2022-23,22200871,2,1610612746,4,6,5,1,1
2022-23,22200871,3,1610612744,4,3,2,2,0
2022-23,22200871,3,1610612746,7,9,9,4,0
2022-23,22200871,4,1610612744,5,5,2,1,1
2022-23,22200871,4,1610612746,6,6,5,5,0
2022-23,22200872,1,1610612757,6,9,5,0,0
2022-23,22200872,1,1610612764,4,4,4,2,0
2022-23,22200872,2,1610612757,2,0,0,2,0
2022-23,22200872,2,1610612764,2,2,1,1,0
2022-23,22200872,3,1610612757,6,10,7,2,0
2022-23,22200872,3,1610612764,7,8,7,4,1
2022-23,22200872,4,1610612757,3,5,5,1,0
2022-23,22200872,4,1610612764,5,8,7,2,0
2022-23,22200873,1,1610612759,4,7,6,0,0
2022-23,22200873,1,1610612766,5,10,7,0,0
2022-23,22200873,2,1610612759,2,0,0,2,0
2022-23,22200873,2,1610612766,3,1,0,1,1
2022-23,22200873,3,1610612759,7,11,7,1,1
2022-23,22200873,3,1610612766,7,12,10,2,0
2022-23,22200873,4,1610612759,3,2,2,2,0
2022-23,22200873,4,1610612766,5,6,3,2,0
2022-23,22200874,1,1610612741,6,5,5,1,2
2022-23,22200874,1,1610612754,5,3,2,3,0
2022-23,22200874,2,1610612741,2,3,1,0,0
2022-23,22200874,2,1610612754,6,7,7,2,0
2022-23,22200874,3,1610612741,4,5,4,2,0
2022-23,22200874,3,1610612754,3,4,4,0,0
2022-23,22200874,4,1610612741,6,8,6,3,0
2022-23,22200874,4,1610612754,5,8,8,3,0
2022-23,22200875,1,1610612739,1,2,2,0,0
2022-23,22200875,1,1610612755,3,5,5,0,0
2022-23,22200875,2,1610612739,5,8,4,1,0
2022-23,22200875,2,1610612755,3,7,6,1,0
2022-23,22200875,3,1610612739,4,3,3,3,0
2022-23,22200875,3,1610612755,4,3,3,2,0
2022-23,22200875,4,1610612739,10,12,11,4,0
2022-23,22200875,4,1610612755,7,14,13,3,0
2022-23,22200876,1,1610612737,7,7,5,3,0
2022-23,22200876,1,1610612752,3,4,3,1,0
2022-23,22200876,2,1610612737,4,1,0,1,2
2022-23,22200876,2,1610612752,4,1,0,2,1
2022-23,22200876,3,1610612737,7,12,10,2,2
2022-23,22200876,3,1610612752,6,8,7,1,1
2022-23,22200876,4,1610612737,1,1,1,1,0
2022-23,22200876,4,1610612752,5,9,8,1,0
2022-23,22200877,1,1610612738,4,6,5,1,0
2022-23,22200877,1,1610612765,0,0,0,0,0
2022-23,22200877,2,1610612738,4,2,1,3,0
2022-23,22200877,2,1610612765,5,5,4,1,1
2022-23,22200877,3,1610612738,4,2,2,3,0
2022-23,22200877,3,1610612765,8,7,6,4,3
2022-23,22200877,4,1610612738,2,0,0,2,0
2022-23,22200877,4,1610612765,4,4,2,2,0
2022-23,22200878,1,1610612748,5,8,6,1,0
2022-23,22200878,1,1610612751,2,3,3,0,0
2022-23,22200878,2,1610612748,5,7,5,1,0
2022-23,22200878,2,1610612751,7,9,9,2,0
2022-23,22200878,3,1610612748,7,9,6,3,1
2022-23,22200878,3,1610612751,4,7,4,2,0
2022-23,22200878,4,1610612748,6,5,4,2,1
2022-23,22200878,4,1610612751,3,1,1,2,0
2022-23,22200879,1,1610612762,1,0,0,1,0
2022-23,22200879,1,1610612763,3,3,3,0,1
2022-23,22200879,2,1610612762,7,6,6,3,1
2022-23,22200879,2,1610612763,2,2,0,1,0
2022-23,22200879,3,1610612762,4,4,3,2,0
2022-23,22200879,3,1610612763,4,7,4,1,0
2022-23,22200879,4,1610612762,8,9,6,4,1
2022-23,22200879,4,1610612763,8,13,10,4,0
2022-23,22200880,1,1610612745,7,17,10,1,0
2022-23,22200880,1,1610612760,9,13,11,3,1
2022-23,22200880,2,1610612745,6,10,8,1,0
2022-23,22200880,2,1610612760,6,12,11,1,0
2022-23,22200880,3,1610612745,6,7,4,2,0
2022-23,22200880,3,1610612760,6,11,10,0,0
2022-23,22200880,4,1610612745,2,4,4,0,0
2022-23,22200880,4,1610612760,7,11,8,1,1
2022-23,22200881,1,1610612742,6,9,8,2,0
2022-23,22200881,1,1610612743,4,6,4,1,0
2022-23,22200881,2,1610612742,2,3,2,1,0
2022-23,22200881,2,1610612743,3,2,1,2,0
2022-23,22200881,3,1610612742,2,4,3,0,0
2022-23,22200881,3,1610612743,3,4,3,1,0
2022-23,22200881,4,1610612742,3,4,4,0,0
2022-23,22200881,4,1610612743,3,3,3,1,0
2022-23,22200882,1,1610612740,5,6,5,2,0
2022-23,22200882,1,1610612747,5,7,5,1,0
2022-23,22200882,2,1610612740,5,4,2,4,0
2022-23,22200882,2,1610612747,4,7,3,0,1
2022-23,22200882,3,1610612740,6,10,7,2,0
2022-23,22200882,3,1610612747,9,14,9,2,0
2022-23,22200882,4,1610612740,4,4,3,3,0
2022-23,22200882,4,1610612747,6,8,5,3,0
2022-23,22200883,1,1610612741,3,3,3,1,0
2022-23,22200883,1,1610612749,4,5,3,1,0
2022-23,22200883,2,1610612741,3,6,4,0,0
2022-23,22200883,2,1610612749,3,3,3,2,0
2022-23,22200883,3,1610612741,4,6,5,1,0
2022-23,22200883,3,1610612749,5,4,3,2,0
2022-23,22200883,4,1610612741,4,6,4,1,0
2022-23,22200883,4,1610612749,5,6,5,2,0
2022-23,22200884,1,1610612750,5,7,7,1,0
2022-23,22200884,1,1610612764,5,6,5,1,0
2022-23,22200884,2,1610612750,1,2,2,0,0
2022-23,22200884,2,1610612764,3,3,2,1,0
2022-23,22200884,3,1610612750,4,5,5,0,1
2022-23,22200884,3,1610612764,4,5,4,1,0
2022-23,22200884,4,1610612750,3,8,6,0,0
2022-23,22200884,4,1610612764,4,3,3,2,0
2022-23,22200885,1,1610612746,6,9,7,1,1
2022-23,22200885,1,1610612756,5,5,5,3,0
2022-23,22200885,2,1610612746,3,2,2,2,0
2022-23,22200885,2,1610612756,3,1,0,2,1
2022-23,22200885,3,1610612746,9,11,11,4,0
2022-23,22200885,3,1610612756,6,9,6,1,0
2022-23,22200885,4,1610612746,5,5,5,1,1
2022-23,22200885,4,1610612756,5,1,1,4,0
2022-23,22200886,1,1610612739,3,3,2,1,0
2022-23,22200886,1,1610612743,6,7,7,2,0
2022-23,22200886,2,1610612739,5,4,2,4,0
2022-23,22200886,2,1610612743,6,10,8,1,1
2022-23,22200886,3,1610612739,6,9,9,0,1
2022-23,22200886,3,1610612743,5,4,4,3,0
2022-23,22200886,4,1610612739,5,4,4,2,1
2022-23,22200886,4,1610612743,3,2,1,3,0
2022-23,22200887,1,1610612738,2,5,5,0,0
2022-23,22200887,1,1610612754,3,3,3,1,0
2022-23,22200887,2,1610612738,4,3,2,2,0
2022-23,22200887,2,1610612754,4,4,3,0,2
2022-23,22200887,3,1610612738,5,3,3,3,0
2022-23,22200887,3,1610612754,3,5,3,0,0
2022-23,22200887,4,1610612738,5,7,5,2,0
2022-23,22200887,4,1610612754,3,5,4,1,0
2022-23,22200888,1,1610612753,3,4,3,0,1
2022-23,22200888,1,1610612765,7,9,8,3,0
2022-23,22200888,2,1610612753,5,7,4,2,0
2022-23,22200888,2,1610612765,1,0,0,1,0
2022-23,22200888,3,1610612753,5,4,4,2,0
2022-23,22200888,3,1610612765,4,2,2,2,0
2022-23,22200888,4,1610612753,8,8,7,6,1
2022-23,22200888,4,1610612765,5,8,5,2,1
2022-23,22200889,1,1610612755,8,11,7,2,0
2022-23,22200889,1,1610612763,7,11,10,3,1
2022-23,22200889,2,1610612755,3,5,4,0,0
2022-23,22200889,2,1610612763,6,12,9,1,0
2022-23,22200889,3,1610612755,7,10,10,1,1
2022-23,22200889,3,1610612763,6,8,8,3,0
2022-23,22200889,4,1610612755,8,10,8,2,1
2022-23,22200889,4,1610612763,6,5,3,2,1
2022-23,22200890,1,1610612740,3,4,3,0,1
2022-23,22200890,1,1610612761,2,0,0,1,1
2022-23,22200890,2,1610612740,6,11,8,0,1
2022-23,22200890,2,1610612761,5,8,6,0,1
2022-23,22200890,3,1610612740,6,4,3,3,1
2022-23,22200890,3,1610612761,7,12,12,0,0
2022-23,22200890,4,1610612740,4,6,5,1,0
2022-23,22200890,4,1610612761,4,5,2,1,0
2022-23,22200891,1,1610612742,6,11,11,0,0
2022-23,22200891,1,1610612759,4,8,6,0,0
2022-23,22200891,2,1610612742,6,9,7,1,1
2022-23,22200891,2,1610612759,3,2,2,1,0
2022-23,22200891,3,1610612742,6,8,3,1,1
2022-23,22200891,3,1610612759,7,9,5,2,0
2022-23,22200891,4,1610612742,5,8,7,1,0
2022-23,22200891,4,1610612759,4,4,3,1,0
2022-23,22200892,1,1610612760,6,9,8,1,0
2022-23,22200892,1,1610612762,5,6,5,1,0
2022-23,22200892,2,1610612760,4,5,4,1,0
2022-23,22200892,2,1610612762,4,4,4,2,0
2022-23,22200892,3,1610612760,7,5,3,5,1
2022-23,22200892,3,1610612762,6,5,4,4,0
2022-23,22200892,4,1610612760,3,4,3,2,0
2022-23,22200892,4,1610612762,4,5,5,0,1
2022-23,22200893,1,1610612744,3,2,2,1,1
2022-23,22200893,1,1610612747,4,6,5,2,0
2022-23,22200893,2,1610612744,5,6,6,1,0
2022-23,22200893,2,1610612747,7,12,7,2,0
2022-23,22200893,3,1610612744,7,7,5,4,0
2022-23,22200893,3,1610612747,7,8,8,5,0
2022-23,22200893,4,1610612744,4,6,4,0,0
2022-23,22200893,4,1610612747,4,8,4,0,0
2022-23,22200894,1,1610612757,3,1,1,1,1
2022-23,22200894,1,1610612758,2,3,2,0,0
2022-23,22200894,2,1610612757,5,8,7,1,0
2022-23,22200894,2,1610612758,7,9,7,3,0
2022-23,22200894,3,1610612757,5,7,5,1,0
2022-23,22200894,3,1610612758,6,11,10,0,0
2022-23,22200894,4,1610612757,1,1,1,0,0
2022-23,22200894,4,1610612758,7,8,6,4,0
2022-23,22200895,1,1610612752,2,2,2,1,0
2022-23,22200895,1,1610612764,4,6,6,0,0
2022-23,22200895,2,1610612752,5,3,2,3,0
2022-23,22200895,2,1610612764,3,0,0,2,1
2022-23,22200895,3,1610612752,4,5,5,0,1
2022-23,22200895,3,1610612764,3,0,0,3,0
2022-23,22200895,4,1610612752,4,6,4,2,1
2022-23,22200895,4,1610612764,6,6,6,4,1
2022-23,22200896,1,1610612737,5,6,6,0,1
2022-23,22200896,1,1610612739,5,10,9,0,0
2022-23,22200896,2,1610612737,7,8,8,5,0
2022-23,22200896,2,1610612739,4,4,4,2,0
2022-23,22200896,3,1610612737,5,2,1,4,1
2022-23,22200896,3,1610612739,3,4,4,2,0
2022-23,22200896,4,1610612737,6,7,6,4,0
2022-23,22200896,4,1610612739,7,11,9,3,0
2022-23,22200897,1,1610612748,5,8,6,1,0
2022-23,22200897,1,1610612749,5,6,5,1,0
2022-23,22200897,2,1610612748,4,8,5,0,0
2022-23,22200897,2,1610612749,3,4,4,1,0
2022-23,22200897,3,1610612748,2,2,1,1,0
2022-23,22200897,3,1610612749,4,4,3,2,0
2022-23,22200897,4,1610612748,4,7,6,1,0
2022-23,22200897,4,1610612749,4,5,3,1,0
2022-23,22200898,1,1610612750,5,7,5,0,0
2022-23,22200898,1,1610612766,6,11,10,1,0
2022-23,22200898,2,1610612750,6,8,5,2,0
2022-23,22200898,2,1610612766,5,9,8,0,1
2022-23,22200898,3,1610612750,3,1,0,1,1
2022-23,22200898,3,1610612766,3,2,2,2,0
2022-23,22200898,4,1610612750,2,0,0,2,0
2022-23,22200898,4,1610612766,5,6,5,3,0
2022-23,22200899,1,1610612756,7,12,9,2,0
2022-23,22200899,1,1610612760,4,2,1,0,3
2022-23,22200899,2,1610612756,6,8,8,1,0
2022-23,22200899,2,1610612760,4,8,6,0,0
2022-23,22200899,3,1610612756,2,4,2,0,0
2022-23,22200899,3,1610612760,5,7,5,1,0
2022-23,22200899,4,1610612756,5,8,7,2,0
2022-23,22200899,4,1610612760,6,7,6,2,1
2022-23,22200900,1,1610612741,5,4,2,3,0
2022-23,22200900,1,1610612751,2,4,4,0,0
2022-23,22200900,2,1610612741,6,8,6,3,0
2022-23,22200900,2,1610612751,2,3,2,0,0
2022-23,22200900,3,1610612741,5,7,6,1,1
2022-23,22200900,3,1610612751,6,8,5,2,0
2022-23,22200900,4,1610612741,6,9,5,1,0
2022-23,22200900,4,1610612751,4,4,4,2,0
2022-23,22200901,1,1610612744,4,8,6,1,0
2022-23,22200901,1,1610612745,4,5,5,1,0
2022-23,22200901,2,1610612744,6,6,6,1,1
2022-23,22200901,2,1610612745,7,8,6,1,1
2022-23,22200901,3,1610612744,4,3,3,2,0
2022-23,22200901,3,1610612745,6,9,7,2,0
2022-23,22200901,4,1610612744,3,1,1,2,0
2022-23,22200901,4,1610612745,1,0,0,1,0
2022-23,22200902,1,1610612746,7,11,11,2,1
2022-23,22200902,1,1610612758,4,3,3,1,1
2022-23,22200902,2,1610612746,5,9,7,0,0
2022-23,22200902,2,1610612758,5,9,8,0,0
2022-23,22200902,3,1610612746,2,1,1,2,0
2022-23,22200902,3,1610612758,6,10,7,0,1
2022-23,22200902,4,1610612746,6,9,8,2,0
2022-23,22200902,4,1610612758,3,6,5,0,0
2022-23,22200903,1,1610612761,4,7,4,1,0
2022-23,22200903,1,1610612765,4,4,3,1,2
2022-23,22200903,2,1610612761,9,13,8,2,1
2022-23,22200903,2,1610612765,3,2,0,1,1
2022-23,22200903,3,1610612761,6,3,2,3,1
2022-23,22200903,3,1610612765,3,3,2,0,1
2022-23,22200903,4,1610612761,7,11,8,4,1
2022-23,22200903,4,1610612765,5,5,4,3,0
2022-23,22200904,1,1610612748,4,6,5,0,1
2022-23,22200904,1,1610612766,6,11,10,1,0
2022-23,22200904,2,1610612748,6,11,11,1,1
2022-23,22200904,2,1610612766,5,7,6,2,0
2022-23,22200904,3,1610612748,4,4,1,1,1
2022-23,22200904,3,1610612766,6,6,5,3,1
2022-23,22200904,4,1610612748,8,13,11,3,1
2022-23,22200904,4,1610612766,5,3,1,4,0
2022-23,22200905,1,1610612753,4,4,3,2,0
2022-23,22200905,1,1610612754,7,7,7,4,1
2022-23,22200905,2,1610612753,6,11,10,2,0
2022-23,22200905,2,1610612754,5,3,0,1,1
2022-23,22200905,3,1610612753,5,9,7,0,0
2022-23,22200905,3,1610612754,3,0,0,2,1
2022-23,22200905,4,1610612753,8,14,12,3,0
2022-23,22200905,4,1610612754,4,4,3,1,0
2022-23,22200906,1,1610612740,2,1,1,0,1
2022-23,22200906,1,1610612752,4,6,6,0,1
2022-23,22200906,2,1610612740,5,9,9,0,0
2022-23,22200906,2,1610612752,3,6,4,0,0
2022-23,22200906,3,1610612740,6,5,3,3,0
2022-23,22200906,3,1610612752,4,6,4,1,0
2022-23,22200906,4,1610612740,6,6,5,4,0
2022-23,22200906,4,1610612752,4,5,5,1,0
2022-23,22200907,1,1610612743,2,5,4,0,0
2022-23,22200907,1,1610612763,3,2,1,2,0
2022-23,22200907,2,1610612743,3,3,3,0,1
2022-23,22200907,2,1610612763,3,0,0,3,0
2022-23,22200907,3,1610612743,2,0,0,2,0
2022-23,22200907,3,1610612763,4,5,5,1,0
2022-23,22200907,4,1610612743,4,6,4,1,0
2022-23,22200907,4,1610612763,2,1,1,1,0
2022-23,22200908,1,1610612738,1,2,2,0,0
2022-23,22200908,1,1610612755,3,4,2,1,0
2022-23,22200908,2,1610612738,5,5,3,3,0
2022-23,22200908,2,1610612755,8,13,11,2,1
2022-23,22200908,3,1610612738,4,5,3,1,0
2022-23,22200908,3,1610612755,4,5,2,1,0
2022-23,22200908,4,1610612738,3,0,0,3,0
2022-23,22200908,4,1610612755,6,13,13,0,0
2022-23,22200909,1,1610612759,3,4,4,1,0
2022-23,22200909,1,1610612762,3,5,4,0,0
2022-23,22200909,2,1610612759,5,6,5,1,0
2022-23,22200909,2,1610612762,6,8,6,0,0
2022-23,22200909,3,1610612759,1,2,2,0,0
2022-23,22200909,3,1610612762,5,6,5,2,0
2022-23,22200909,4,1610612759,5,9,6,1,0
2022-23,22200909,4,1610612762,6,9,7,2,0
2022-23,22200910,1,1610612749,4,7,7,1,0
2022-23,22200910,1,1610612756,6,7,5,2,1
2022-23,22200910,2,1610612749,5,5,4,2,0
2022-23,22200910,2,1610612756,4,4,2,2,0
2022-23,22200910,3,1610612749,4,1,0,3,0
2022-23,22200910,3,1610612756,3,6,3,0,0
2022-23,22200910,4,1610612749,6,8,4,4,0
2022-23,22200910,4,1610612756,4,5,3,1,1
2022-23,22200911,1,1610612737,6,9,8,3,0
2022-23,22200911,1,1610612751,4,6,6,1,0
2022-23,22200911,2,1610612737,5,6,2,2,0
2022-23,22200911,2,1610612751,3,6,5,0,0
2022-23,22200911,3,1610612737,4,8,8,1,0
2022-23,22200911,3,1610612751,3,6,6,0,0
2022-23,22200911,4,1610612737,5,5,5,3,1
2022-23,22200911,4,1610612751,7,11,10,4,0
2022-23,22200912,1,1610612741,4,5,5,0,1
2022-23,22200912,1,1610612764,0,0,0,0,0
2022-23,22200912,2,1610612741,4,5,5,1,1
2022-23,22200912,2,1610612764,5,5,2,2,0
2022-23,22200912,3,1610612741,2,3,2,1,0
2022-23,22200912,3,1610612764,5,6,5,1,1
2022-23,22200912,4,1610612741,4,4,2,1,1
2022-23,22200912,4,1610612764,7,12,5,1,0
2022-23,22200913,1,1610612742,3,3,1,1,0
2022-23,22200913,1,1610612747,5,5,4,2,1
2022-23,22200913,2,1610612742,4,4,4,2,0
2022-23,22200913,2,1610612747,7,11,8,0,1
2022-23,22200913,3,1610612742,4,2,0,2,1
2022-23,22200913,3,1610612747,4,6,5,0,0
2022-23,22200913,4,1610612742,4,5,5,1,0
2022-23,22200913,4,1610612747,7,6,4,3,2
2022-23,22200914,1,1610612739,5,7,7,2,0
2022-23,22200914,1,1610612761,4,2,2,4,0
2022-23,22200914,2,1610612739,0,0,0,0,0
2022-23,22200914,2,1610612761,5,5,4,1,2
2022-23,22200914,3,1610612739,3,2,1,2,0
2022-23,22200914,3,1610612761,2,2,2,1,0
2022-23,22200914,4,1610612739,5,5,4,1,1
2022-23,22200914,4,1610612761,6,6,4,2,1
2022-23,22200915,1,1610612758,2,3,2,0,0
2022-23,22200915,1,1610612760,4,4,3,1,1
2022-23,22200915,2,1610612758,5,7,4,1,1
2022-23,22200915,2,1610612760,4,5,3,1,0
2022-23,22200915,3,1610612758,4,6,4,0,0
2022-23,22200915,3,1610612760,4,6,4,2,0
2022-23,22200915,4,1610612758,5,8,6,2,0
2022-23,22200915,4,1610612760,5,8,7,1,0
2022-23,22200916,1,1610612744,6,7,5,2,0
2022-23,22200916,1,1610612750,2,3,1,1,0
2022-23,22200916,2,1610612744,7,11,8,1,1
2022-23,22200916,2,1610612750,7,10,6,2,2
2022-23,22200916,3,1610612744,0,0,0,0,0
2022-23,22200916,3,1610612750,4,3,2,1,1
2022-23,22200916,4,1610612744,4,4,3,3,0
2022-23,22200916,4,1610612750,4,5,2,0,1
2022-23,22200917,1,1610612745,3,5,4,0,0
2022-23,22200917,1,1610612757,5,9,8,1,1
2022-23,22200917,2,1610612745,5,10,6,0,0
2022-23,22200917,2,1610612757,7,11,7,3,0
2022-23,22200917,3,1610612745,6,8,6,2,0
2022-23,22200917,3,1610612757,7,10,7,2,3
2022-23,22200917,4,1610612745,4,2,1,3,0
2022-23,22200917,4,1610612757,5,5,5,3,0
2022-23,22200918,1,1610612743,4,3,3,2,1
2022-23,22200918,1,1610612746,3,1,0,2,0
2022-23,22200918,2,1610612743,4,6,4,0,1
2022-23,22200918,2,1610612746,4,5,5,1,0
2022-23,22200918,3,1610612743,8,11,9,2,3
2022-23,22200918,3,1610612746,4,7,7,0,0
2022-23,22200918,4,1610612743,7,7,5,4,0
2022-23,22200918,4,1610612746,9,13,9,4,0
2022-23,22200919,1,1610612765,2,2,2,1,0
2022-23,22200919,1,1610612766,5,6,6,2,0
2022-23,22200919,2,1610612765,7,8,8,3,1
2022-23,22200919,2,1610612766,4,7,4,0,0
2022-23,22200919,3,1610612765,5,8,3,1,1
2022-23,22200919,3,1610612766,3,2,2,2,0
2022-23,22200919,4,1610612765,5,9,6,0,0
2022-23,22200919,4,1610612766,6,7,6,1,0
2022-23,22200920,1,1610612748,6,4,2,4,1
2022-23,22200920,1,1610612755,4,8,6,0,0
2022-23,22200920,2,1610612748,5,4,3,4,0
2022-23,22200920,2,1610612755,6,10,10,2,0
2022-23,22200920,3,1610612748,2,4,4,0,0
2022-23,22200920,3,1610612755,2,1,1,1,0
2022-23,22200920,4,1610612748,7,10,7,2,0
2022-23,22200920,4,1610612755,7,9,8,2,1
2022-23,22200921,1,1610612738,1,2,0,0,0
2022-23,22200921,1,1610612752,5,10,5,0,0
2022-23,22200921,2,1610612738,4,8,8,0,0
2022-23,22200921,2,1610612752,5,6,5,1,0
2022-23,22200921,3,1610612738,2,0,0,1,1
2022-23,22200921,3,1610612752,4,7,6,1,0
2022-23,22200921,4,1610612738,3,4,3,1,0
2022-23,22200921,4,1610612752,6,11,7,2,1
2022-23,22200922,1,1610612740,6,11,10,2,1
2022-23,22200922,1,1610612753,3,6,4,0,0
2022-23,22200922,2,1610612740,3,2,1,2,0
2022-23,22200922,2,1610612753,4,6,4,1,0
2022-23,22200922,3,1610612740,5,4,4,3,0
2022-23,22200922,3,1610612753,9,12,10,2,1
2022-23,22200922,4,1610612740,4,6,4,1,0
2022-23,22200922,4,1610612753,5,2,2,2,3
2022-23,22200923,1,1610612737,1,2,2,0,0
2022-23,22200923,1,1610612764,1,2,2,0,0
2022-23,22200923,2,1610612737,3,4,3,0,0
2022-23,22200923,2,1610612764,5,9,8,0,1
2022-23,22200923,3,1610612737,5,5,5,3,0
2022-23,22200923,3,1610612764,6,5,4,2,1
2022-23,22200923,4,1610612737,5,8,7,1,0
2022-23,22200923,4,1610612764,3,4,3,1,1
2022-23,22200924,1,1610612749,4,4,1,1,0
2022-23,22200924,1,1610612751,6,9,8,2,0
2022-23,22200924,2,1610612749,4,2,1,3,0
2022-23,22200924,2,1610612751,6,7,6,2,2
2022-23,22200924,3,1610612749,5,5,2,0,1
2022-23,22200924,3,1610612751,5,6,4,2,1
2022-23,22200924,4,1610612749,4,1,0,2,1
2022-23,22200924,4,1610612751,3,3,2,1,0
2022-23,22200925,1,1610612741,3,1,1,0,2
2022-23,22200925,1,1610612761,3,1,1,2,0
2022-23,22200925,2,1610612741,4,3,3,2,0
2022-23,22200925,2,1610612761,4,5,4,2,0
2022-23,22200925,3,1610612741,2,4,4,0,0
2022-23,22200925,3,1610612761,3,4,1,1,0
2022-23,22200925,4,1610612741,6,9,6,1,1
2022-23,22200925,4,1610612761,6,9,7,3,0
2022-23,22200926,1,1610612743,3,1,1,2,0
2022-23,22200926,1,1610612745,5,6,4,1,0
2022-23,22200926,2,1610612743,5,5,3,1,2
2022-23,22200926,2,1610612745,2,2,1,0,1
2022-23,22200926,3,1610612743,3,4,2,2,0
2022-23,22200926,3,1610612745,0,0,0,0,0
2022-23,22200926,4,1610612743,3,6,5,0,0
2022-23,22200926,4,1610612745,1,2,2,0,0
2022-23,22200927,1,1610612747,6,8,7,2,1
2022-23,22200927,1,1610612763,2,2,1,1,0
2022-23,22200927,2,1610612747,3,3,2,1,0
2022-23,22200927,2,1610612763,3,2,2,1,1
2022-23,22200927,3,1610612747,4,7,7,0,0
2022-23,22200927,3,1610612763,6,10,9,0,0
2022-23,22200927,4,1610612747,4,5,4,1,0
2022-23,22200927,4,1610612763,5,3,1,3,0
2022-23,22200928,1,1610612758,6,10,8,2,0
2022-23,22200928,1,1610612760,5,4,4,1,1
2022-23,22200928,2,1610612758,6,11,9,0,0
2022-23,22200928,2,1610612760,4,6,5,1,0
2022-23,22200928,3,1610612758,4,5,2,0,1
2022-23,22200928,3,1610612760,4,7,5,0,0
2022-23,22200928,4,1610612758,3,4,3,1,0
2022-23,22200928,4,1610612760,5,7,6,1,0
2022-23,22200929,1,1610612742,6,11,6,0,0
2022-23,22200929,1,1610612754,6,12,10,1,0
2022-23,22200929,2,1610612742,5,9,4,0,0
2022-23,22200929,2,1610612754,8,14,11,3,1
2022-23,22200929,3,1610612742,4,6,6,1,0
2022-23,22200929,3,1610612754,7,8,7,3,0
2022-23,22200929,4,1610612742,3,2,2,1,1
2022-23,22200929,4,1610612754,6,6,3,5,0
2022-23,22200930,1,1610612759,4,8,4,0,0
2022-23,22200930,1,1610612762,2,4,4,0,0
2022-23,22200930,2,1610612759,1,0,0,1,0
2022-23,22200930,2,1610612762,9,15,6,1,1
2022-23,22200930,3,1610612759,2,3,2,0,1
2022-23,22200930,3,1610612762,5,6,5,2,1
2022-23,22200930,4,1610612759,8,14,10,3,1
2022-23,22200930,4,1610612762,6,11,9,1,0
2022-23,22200931,1,1610612744,3,1,1,2,0
2022-23,22200931,1,1610612757,4,5,5,1,0
2022-23,22200931,2,1610612744,6,7,6,2,1
2022-23,22200931,2,1610612757,7,10,8,3,1
2022-23,22200931,3,1610612744,5,7,6,2,0
2022-23,22200931,3,1610612757,2,3,2,0,1
2022-23,22200931,4,1610612744,2,1,0,1,0
2022-23,22200931,4,1610612757,4,4,4,2,0
2022-23,22200932,1,1610612746,6,9,7,1,0
2022-23,22200932,1,1610612750,3,5,4,0,0
2022-23,22200932,2,1610612746,4,6,6,1,0
2022-23,22200932,2,1610612750,4,5,3,1,0
2022-23,22200932,3,1610612746,4,4,4,2,0
2022-23,22200932,3,1610612750,4,6,3,0,1
2022-23,22200932,4,1610612746,3,4,3,0,1
2022-23,22200932,4,1610612750,5,6,3,2,0
2022-23,22200933,1,1610612756,3,0,0,3,0
2022-23,22200933,1,1610612766,2,2,2,0,1
2022-23,22200933,2,1610612756,2,0,0,2,0
2022-23,22200933,2,1610612766,5,4,3,3,0
2022-23,22200933,3,1610612756,4,5,4,0,0
2022-23,22200933,3,1610612766,7,12,8,0,0
2022-23,22200933,4,1610612756,8,10,8,4,1
2022-23,22200933,4,1610612766,7,10,5,3,2
2022-23,22200934,1,1610612741,5,5,3,2,0
2022-23,22200934,1,1610612765,5,7,5,1,0
2022-23,22200934,2,1610612741,2,3,2,0,0
2022-23,22200934,2,1610612765,3,4,4,1,0
2022-23,22200934,3,1610612741,7,10,6,3,0
2022-23,22200934,3,1610612765,5,5,5,2,1
2022-23,22200934,4,1610612741,8,13,12,3,1
2022-23,22200934,4,1610612765,7,12,9,2,0
2022-23,22200935,1,1610612738,2,2,1,1,0
2022-23,22200935,1,1610612739,2,3,3,0,0
2022-23,22200935,2,1610612738,4,8,7,1,0
2022-23,22200935,2,1610612739,8,10,4,2,0
2022-23,22200935,3,1610612738,6,9,7,1,1
2022-23,22200935,3,1610612739,5,6,5,1,0
2022-23,22200935,4,1610612738,6,9,8,2,1
2022-23,22200935,4,1610612739,2,2,1,1,0
2022-23,22200936,1,1610612748,6,8,7,1,2
2022-23,22200936,1,1610612755,3,2,2,2,0
2022-23,22200936,2,1610612748,4,4,4,2,0
2022-23,22200936,2,1610612755,6,12,12,0,0
2022-23,22200936,3,1610612748,6,8,8,2,1
2022-23,22200936,3,1610612755,2,3,3,0,0
2022-23,22200936,4,1610612748,2,3,2,0,0
2022-23,22200936,4,1610612755,4,5,5,2,0
2022-23,22200937,1,1610612751,4,3,3,2,0
2022-23,22200937,1,1610612752,4,2,2,2,1
2022-23,22200937,2,1610612751,8,11,10,2,0
2022-23,22200937,2,1610612752,2,2,1,0,0
2022-23,22200937,3,1610612751,3,3,3,0,0
2022-23,22200937,3,1610612752,8,12,6,2,0
2022-23,22200937,4,1610612751,2,3,3,0,0
2022-23,22200937,4,1610612752,3,5,5,0,0
2022-23,22200938,1,1610612745,6,5,5,5,0
2022-23,22200938,1,1610612763,4,2,2,3,0
2022-23,22200938,2,1610612745,4,6,2,1,0
2022-23,22200938,2,1610612763,6,10,8,1,0
2022-23,22200938,3,1610612745,6,8,5,1,1
2022-23,22200938,3,1610612763,4,6,5,1,0
2022-23,22200938,4,1610612745,4,6,4,1,0
2022-23,22200938,4,1610612763,2,1,1,1,0
2022-23,22200939,1,1610612749,3,4,4,1,0
2022-23,22200939,1,1610612753,3,4,3,1,0
2022-23,22200939,2,1610612749,2,4,3,0,0
2022-23,22200939,2,1610612753,7,10,7,3,0
2022-23,22200939,3,1610612749,6,9,7,2,0
2022-23,22200939,3,1610612753,7,10,9,3,0
2022-23,22200939,4,1610612749,3,2,1,2,0
2022-23,22200939,4,1610612753,5,5,3,1,0
2022-23,22200940,1,1610612747,4,8,6,0,0
2022-23,22200940,1,1610612760,5,7,5,1,1
2022-23,22200940,2,1610612747,4,4,3,1,0
2022-23,22200940,2,1610612760,2,3,2,0,0
2022-23,22200940,3,1610612747,6,9,8,2,0
2022-23,22200940,3,1610612760,2,3,1,0,0
2022-23,22200940,4,1610612747,11,18,14,6,1
2022-23,22200940,4,1610612760,6,11,10,1,1
2022-23,22200941,1,1610612740,6,10,10,3,0
2022-23,22200941,1,1610612757,2,3,3,0,0
2022-23,22200941,2,1610612740,3,4,3,1,0
2022-23,22200941,2,1610612757,5,7,6,1,0
2022-23,22200941,3,1610612740,5,7,5,1,0
2022-23,22200941,3,1610612757,8,14,14,2,0
2022-23,22200941,4,1610612740,2,2,2,1,0
2022-23,22200941,4,1610612757,5,5,4,2,1
2022-23,22200942,1,1610612761,1,0,0,1,0
2022-23,22200942,1,1610612764,3,0,0,3,0
2022-23,22200942,2,1610612761,4,8,8,1,0
2022-23,22200942,2,1610612764,4,6,3,0,0
2022-23,22200942,3,1610612761,4,8,8,0,0
2022-23,22200942,3,1610612764,7,11,11,3,0
2022-23,22200942,4,1610612761,3,1,1,2,0
2022-23,22200942,4,1610612764,6,7,5,4,1
2022-23,22200943,1,1610612742,4,4,2,1,0
2022-23,22200943,1,1610612755,6,8,7,2,0
2022-23,22200943,2,1610612742,6,10,7,2,0
2022-23,22200943,2,1610612755,6,9,8,0,0
2022-23,22200943,3,1610612742,5,6,4,2,1
2022-23,22200943,3,1610612755,5,10,7,0,0
2022-23,22200943,4,1610612742,6,7,5,4,0
2022-23,22200943,4,1610612755,4,2,2,2,0
2022-23,22200944,1,1610612754,3,4,4,1,0
2022-23,22200944,1,1610612759,2,1,1,1,0
2022-23,22200944,2,1610612754,3,2,2,2,0
2022-23,22200944,2,1610612759,4,5,3,0,1
2022-23,22200944,3,1610612754,4,1,0,2,1
2022-23,22200944,3,1610612759,3,1,1,2,0
2022-23,22200944,4,1610612754,3,4,3,0,0
2022-23,22200944,4,1610612759,5,6,5,2,1
2022-23,22200945,1,1610612744,3,4,3,1,0
2022-23,22200945,1,1610612746,3,4,4,0,1
2022-23,22200945,2,1610612744,7,8,7,4,1
2022-23,22200945,2,1610612746,4,3,2,2,0
2022-23,22200945,3,1610612744,7,10,9,3,0
2022-23,22200945,3,1610612746,5,8,7,2,0
2022-23,22200945,4,1610612744,5,5,4,2,0
2022-23,22200945,4,1610612746,7,6,5,3,0
2022-23,22200946,1,1610612753,4,6,4,1,0
2022-23,22200946,1,1610612766,3,4,3,1,0
2022-23,22200946,2,1610612753,5,6,5,1,0
2022-23,22200946,2,1610612766,4,4,4,2,0
2022-23,22200946,3,1610612753,3,5,4,0,0
2022-23,22200946,3,1610612766,6,6,5,1,2
2022-23,22200946,4,1610612753,3,2,2,2,0
2022-23,22200946,4,1610612766,8,11,9,1,1
2022-23,22200947,1,1610612737,2,2,2,1,0
2022-23,22200947,1,1610612757,5,6,5,2,0
2022-23,22200947,2,1610612737,4,6,4,1,0
2022-23,22200947,2,1610612757,7,9,7,3,0
2022-23,22200947,3,1610612737,5,8,7,2,0
2022-23,22200947,3,1610612757,1,2,2,0,0
2022-23,22200947,4,1610612737,3,0,0,3,0
2022-23,22200947,4,1610612757,4,3,2,2,0
2022-23,22200948,1,1610612738,5,7,7,1,1
2022-23,22200948,1,1610612751,2,4,1,0,0
2022-23,22200948,2,1610612738,4,3,0,2,0
2022-23,22200948,2,1610612751,4,6,6,0,0
2022-23,22200948,3,1610612738,5,6,4,2,0
2022-23,22200948,3,1610612751,7,11,10,3,0
2022-23,22200948,4,1610612738,5,4,3,2,1
2022-23,22200948,4,1610612751,4,5,4,0,2
2022-23,22200949,1,1610612748,7,11,10,0,1
2022-23,22200949,1,1610612752,6,11,7,0,0
2022-23,22200949,2,1610612748,5,5,5,3,1
2022-23,22200949,2,1610612752,2,3,2,0,0
2022-23,22200949,3,1610612748,3,4,4,1,0
2022-23,22200949,3,1610612752,3,2,1,1,0
2022-23,22200949,4,1610612748,7,12,11,0,1
2022-23,22200949,4,1610612752,5,1,1,4,0
2022-23,22200950,1,1610612741,4,6,5,0,0
2022-23,22200950,1,1610612756,6,10,8,2,0
2022-23,22200950,2,1610612741,7,12,10,1,1
2022-23,22200950,2,1610612756,3,6,4,0,0
2022-23,22200950,3,1610612741,5,4,2,2,1
2022-23,22200950,3,1610612756,3,3,3,2,0
2022-23,22200950,4,1610612741,4,3,2,1,1
2022-23,22200950,4,1610612756,3,6,6,1,0
2022-23,22200951,1,1610612760,2,2,1,1,0
2022-23,22200951,1,1610612762,4,4,4,1,1
2022-23,22200951,2,1610612760,4,4,3,1,1
2022-23,22200951,2,1610612762,5,3,3,4,0
2022-23,22200951,3,1610612760,3,3,2,1,0
2022-23,22200951,3,1610612762,7,10,9,3,0
2022-23,22200951,4,1610612760,4,5,3,1,0
2022-23,22200951,4,1610612762,5,6,2,1,0
2022-23,22200952,1,1610612743,6,8,6,2,1
2022-23,22200952,1,1610612763,3,3,2,1,0
2022-23,22200952,2,1610612743,5,10,8,0,0
2022-23,22200952,2,1610612763,8,13,13,1,0
2022-23,22200952,3,1610612743,6,7,5,4,0
2022-23,22200952,3,1610612763,7,13,8,3,0
2022-23,22200952,4,1610612743,7,6,6,2,1
2022-23,22200952,4,1610612763,2,2,1,1,0
2022-23,22200953,1,1610612740,6,6,6,3,1
2022-23,22200953,1,1610612744,5,2,2,5,0
2022-23,22200953,2,1610612740,4,4,4,2,0
2022-23,22200953,2,1610612744,6,6,6,4,1
2022-23,22200953,3,1610612740,6,9,7,3,0
2022-23,22200953,3,1610612744,4,6,5,1,0
2022-23,22200953,4,1610612740,5,8,4,2,0
2022-23,22200953,4,1610612744,4,6,5,2,0
2022-23,22200954,1,1610612746,7,7,6,3,1
2022-23,22200954,1,1610612758,6,7,7,2,1
2022-23,22200954,2,1610612746,3,2,1,0,1
2022-23,22200954,2,1610612758,6,7,7,4,0
2022-23,22200954,3,1610612746,7,13,8,2,0
2022-23,22200954,3,1610612758,4,3,3,2,0
2022-23,22200954,4,1610612746,4,5,4,2,0
2022-23,22200954,4,1610612758,7,9,9,2,1
2022-23,22200955,1,1610612747,5,5,4,2,0
2022-23,22200955,1,1610612750,3,4,3,1,0
2022-23,22200955,2,1610612747,5,5,5,3,0
2022-23,22200955,2,1610612750,5,8,6,1,0
2022-23,22200955,3,1610612747,6,8,7,1,0
2022-23,22200955,3,1610612750,4,2,2,3,0
2022-23,22200955,4,1610612747,3,6,4,0,0
2022-23,22200955,4,1610612750,3,2,1,1,1
2022-23,22200956,1,1610612761,3,3,2,1,0
2022-23,22200956,1,1610612764,6,7,7,2,0
2022-23,22200956,2,1610612761,3,4,2,1,0
2022-23,22200956,2,1610612764,5,6,4,2,0
2022-23,22200956,3,1610612761,5,6,5,1,1
2022-23,22200956,3,1610612764,4,6,6,1,0
2022-23,22200956,4,1610612761,0,0,0,0,0
2022-23,22200956,4,1610612764,2,1,0,1,0
2022-23,22200957,1,1610612739,2,2,1,1,0
2022-23,22200957,1,1610612765,4,6,2,0,1
2022-23,22200957,2,1610612739,2,3,2,0,0
2022-23,22200957,2,1610612765,5,8,7,2,0
2022-23,22200957,3,1610612739,6,11,6,0,0
2022-23,22200957,3,1610612765,5,5,4,1,1
2022-23,22200957,4,1610612739,2,2,1,1,0
2022-23,22200957,4,1610612765,4,6,5,1,0
2022-23,22200958,1,1610612737,4,8,6,0,0
2022-23,22200958,1,1610612748,5,4,4,2,2
2022-23,22200958,2,1610612737,2,1,0,1,0
2022-23,22200958,2,1610612748,7,11,9,0,1
2022-23,22200958,3,1610612737,6,9,9,2,0
2022-23,22200958,3,1610612748,4,3,2,2,1
2022-23,22200958,4,1610612737,6,12,11,0,0
2022-23,22200958,4,1610612748,4,5,5,1,0
2022-23,22200959,1,1610612745,5,4,4,2,0
2022-23,22200959,1,1610612759,6,8,7,2,0
2022-23,22200959,2,1610612745,6,9,6,0,1
2022-23,22200959,2,1610612759,4,6,6,1,0
2022-23,22200959,3,1610612745,4,4,3,1,1
2022-23,22200959,3,1610612759,4,2,2,3,0
2022-23,22200959,4,1610612745,4,5,3,1,0
2022-23,22200959,4,1610612759,6,4,4,5,0
2022-23,22200960,1,1610612749,5,7,5,1,0
2022-23,22200960,1,1610612755,1,2,2,0,0
2022-23,22200960,2,1610612749,2,3,3,0,0
2022-23,22200960,2,1610612755,8,11,9,2,1
2022-23,22200960,3,1610612749,4,6,5,0,0
2022-23,22200960,3,1610612755,2,5,3,0,0
2022-23,22200960,4,1610612749,10,12,12,3,1
2022-23,22200960,4,1610612755,11,19,17,4,1
2022-23,22200961,1,1610612750,9,14,10,2,0
2022-23,22200961,1,1610612758,5,7,5,1,0
2022-23,22200961,2,1610612750,3,3,1,1,0
2022-23,22200961,2,1610612758,5,8,7,1,0
2022-23,22200961,3,1610612750,4,6,4,1,0
2022-23,22200961,3,1610612758,7,9,4,2,0
2022-23,22200961,4,1610612750,5,8,7,2,0
2022-23,22200961,4,1610612758,3,6,6,0,0
2022-23,22200962,1,1610612742,4,6,5,1,0
2022-23,22200962,1,1610612756,2,2,1,1,0
2022-23,22200962,2,1610612742,6,9,9,2,1
2022-23,22200962,2,1610612756,5,5,4,3,1
2022-23,22200962,3,1610612742,8,12,11,1,0
2022-23,22200962,3,1610612756,9,13,12,3,0
2022-23,22200962,4,1610612742,8,11,10,2,0
2022-23,22200962,4,1610612756,5,5,3,2,1
2022-23,22200963,1,1610612741,5,7,6,1,0
2022-23,22200963,1,1610612754,3,1,0,2,0
2022-23,22200963,2,1610612741,4,5,4,1,0
2022-23,22200963,2,1610612754,6,7,7,1,1
2022-23,22200963,3,1610612741,3,2,2,2,0
2022-23,22200963,3,1610612754,4,4,3,2,0
2022-23,22200963,4,1610612741,6,11,10,0,1
2022-23,22200963,4,1610612754,4,4,3,1,0
2022-23,22200964,1,1610612744,4,4,3,0,2
2022-23,22200964,1,1610612747,7,8,6,2,2
2022-23,22200964,2,1610612744,5,5,4,2,0
2022-23,22200964,2,1610612747,4,2,1,1,2
2022-23,22200964,3,1610612744,0,0,0,0,0
2022-23,22200964,3,1610612747,1,2,1,0,0
2022-23,22200964,4,1610612744,6,9,8,3,0
2022-23,22200964,4,1610612747,8,10,10,5,1
2022-23,22200965,1,1610612751,4,1,1,2,1
2022-23,22200965,1,1610612766,2,1,1,1,0
2022-23,22200965,2,1610612751,7,12,9,4,0
2022-23,22200965,2,1610612766,4,8,7,0,0
2022-23,22200965,3,1610612751,2,4,3,0,0
2022-23,22200965,3,1610612766,1,0,0,1,0
2022-23,22200965,4,1610612751,4,5,5,2,0
2022-23,22200965,4,1610612766,3,6,4,0,0
2022-23,22200966,1,1610612753,3,6,5,0,0
2022-23,22200966,1,1610612757,6,7,6,2,1
2022-23,22200966,2,1610612753,3,2,0,1,0
2022-23,22200966,2,1610612757,7,9,8,3,0
2022-23,22200966,3,1610612753,6,7,5,2,0
2022-23,22200966,3,1610612757,4,1,1,2,1
2022-23,22200966,4,1610612753,9,16,14,4,0
2022-23,22200966,4,1610612757,8,15,13,2,0
2022-23,22200967,1,1610612745,3,4,4,1,0
2022-23,22200967,1,1610612759,5,3,2,3,0
2022-23,22200967,2,1610612745,5,9,7,1,0
2022-23,22200967,2,1610612759,6,8,6,0,0
2022-23,22200967,3,1610612745,5,6,5,2,0
2022-23,22200967,3,1610612759,6,9,5,4,0
2022-23,22200967,4,1610612745,5,10,9,1,0
2022-23,22200967,4,1610612759,2,1,0,1,0
2022-23,22200968,1,1610612760,4,4,4,2,0
2022-23,22200968,1,1610612762,5,9,8,0,1
2022-23,22200968,2,1610612760,8,16,12,2,0
2022-23,22200968,2,1610612762,5,7,6,1,0
2022-23,22200968,3,1610612760,5,9,8,0,0
2022-23,22200968,3,1610612762,4,4,3,2,0
2022-23,22200968,4,1610612760,4,4,3,2,0
2022-23,22200968,4,1610612762,4,7,5,1,0
2022-23,22200969,1,1610612738,4,7,7,0,0
2022-23,22200969,1,1610612752,3,3,2,1,0
2022-23,22200969,2,1610612738,4,4,3,1,1
2022-23,22200969,2,1610612752,6,6,5,2,1
2022-23,22200969,3,1610612738,2,5,4,0,0
2022-23,22200969,3,1610612752,4,6,3,0,0
2022-23,22200969,4,1610612738,6,3,2,3,0
2022-23,22200969,4,1610612752,5,7,6,2,0
2022-23,22200970,1,1610612746,2,5,5,0,0
2022-23,22200970,1,1610612763,4,7,5,0,0
2022-23,22200970,2,1610612746,7,12,11,1,1
2022-23,22200970,2,1610612763,4,1,1,3,0
2022-23,22200970,3,1610612746,6,7,7,2,0
2022-23,22200970,3,1610612763,4,5,3,0,0
2022-23,22200970,4,1610612746,7,11,10,2,0
2022-23,22200970,4,1610612763,5,2,2,3,0
2022-23,22200971,1,1610612738,4,4,3,0,1
2022-23,22200971,1,1610612739,4,6,5,0,0
2022-23,22200971,2,1610612738,2,3,2,0,0
2022-23,22200971,2,1610612739,4,6,3,1,0
2022-23,22200971,3,1610612738,6,5,3,4,0
2022-23,22200971,3,1610612739,3,4,4,0,0
2022-23,22200971,4,1610612738,4,6,3,1,0
2022-23,22200971,4,1610612739,5,7,6,1,0
2022-23,22200972,1,1610612754,1,0,0,0,1
2022-23,22200972,1,1610612755,4,6,6,0,0
2022-23,22200972,2,1610612754,8,9,6,2,0
2022-23,22200972,2,1610612755,8,14,12,1,1
2022-23,22200972,3,1610612754,6,8,7,2,0
2022-23,22200972,3,1610612755,5,10,9,1,0
2022-23,22200972,4,1610612754,10,14,9,6,1
2022-23,22200972,4,1610612755,6,8,8,3,1
2022-23,22200973,1,1610612749,6,6,3,2,0
2022-23,22200973,1,1610612764,2,3,3,0,0
2022-23,22200973,2,1610612749,3,2,2,1,1
2022-23,22200973,2,1610612764,1,0,0,1,0
2022-23,22200973,3,1610612749,5,8,6,1,0
2022-23,22200973,3,1610612764,3,3,2,1,0
2022-23,22200973,4,1610612749,4,6,6,3,0
2022-23,22200973,4,1610612764,7,6,6,4,0
2022-23,22200974,1,1610612737,2,3,1,1,0
2022-23,22200974,1,1610612748,5,6,5,3,0
2022-23,22200974,2,1610612737,4,7,4,1,0
2022-23,22200974,2,1610612748,7,13,11,3,1
2022-23,22200974,3,1610612737,6,7,7,2,2
2022-23,22200974,3,1610612748,4,6,6,0,1
2022-23,22200974,4,1610612737,4,6,5,1,0
2022-23,22200974,4,1610612748,7,12,10,4,0
2022-23,22200975,1,1610612743,2,2,1,1,0
2022-23,22200975,1,1610612761,6,10,9,1,0
2022-23,22200975,2,1610612743,5,5,5,1,2
2022-23,22200975,2,1610612761,0,0,0,0,0
2022-23,22200975,3,1610612743,5,4,3,3,0
2022-23,22200975,3,1610612761,1,2,2,0,0
2022-23,22200975,4,1610612743,8,12,10,6,0
2022-23,22200975,4,1610612761,5,8,6,2,0
2022-23,22200976,1,1610612740,2,4,3,0,0
2022-23,22200976,1,1610612758,1,2,2,0,0
2022-23,22200976,2,1610612740,1,1,1,0,0
2022-23,22200976,2,1610612758,4,3,1,1,1
2022-23,22200976,3,1610612740,4,7,5,1,0
2022-23,22200976,3,1610612758,4,5,4,2,0
2022-23,22200976,4,1610612740,4,2,2,3,0
2022-23,22200976,4,1610612758,7,10,6,1,0
2022-23,22200977,1,1610612757,5,6,5,2,0
2022-23,22200977,1,1610612765,3,2,0,1,1
2022-23,22200977,2,1610612757,6,10,6,1,0
2022-23,22200977,2,1610612765,5,8,6,2,0
2022-23,22200977,3,1610612757,2,3,3,0,0
2022-23,22200977,3,1610612765,3,3,2,2,0
2022-23,22200977,4,1610612757,5,6,5,3,0
2022-23,22200977,4,1610612765,5,7,6,2,0
2022-23,22200978,1,1610612749,2,4,4,0,0
2022-23,22200978,1,1610612753,1,3,2,0,0
2022-23,22200978,2,1610612749,7,12,12,2,0
2022-23,22200978,2,1610612753,6,6,4,2,0
2022-23,22200978,3,1610612749,7,13,11,2,0
2022-23,22200978,3,1610612753,4,6,5,0,1
2022-23,22200978,4,1610612749,5,5,5,3,0
2022-23,22200978,4,1610612753,3,4,3,0,1
2022-23,22200979,1,1610612752,1,2,2,0,0
2022-23,22200979,1,1610612766,3,4,3,0,0
2022-23,22200979,2,1610612752,8,10,7,2,1
2022-23,22200979,2,1610612766,4,3,2,2,0
2022-23,22200979,3,1610612752,4,4,3,1,2
2022-23,22200979,3,1610612766,3,5,5,0,0
2022-23,22200979,4,1610612752,4,8,6,0,0
2022-23,22200979,4,1610612766,7,9,6,0,4
2022-23,22200980,1,1610612750,4,5,5,1,0
2022-23,22200980,1,1610612755,1,1,1,1,0
2022-23,22200980,2,1610612750,2,1,0,1,0
2022-23,22200980,2,1610612755,4,5,4,1,0
2022-23,22200980,3,1610612750,5,8,6,1,0
2022-23,22200980,3,1610612755,6,10,10,1,0
2022-23,22200980,4,1610612750,6,7,4,2,0
2022-23,22200980,4,1610612755,4,7,7,0,0
2022-23,22200981,1,1610612745,3,3,3,0,1
2022-23,22200981,1,1610612751,4,5,4,0,1
2022-23,22200981,2,1610612745,4,2,2,3,0
2022-23,22200981,2,1610612751,4,6,4,0,1
2022-23,22200981,3,1610612745,9,15,9,1,1
2022-23,22200981,3,1610612751,9,15,12,4,0
2022-23,22200981,4,1610612745,3,4,3,1,0
2022-23,22200981,4,1610612751,4,3,3,2,0
2022-23,22200982,1,1610612744,1,1,0,0,0
2022-23,22200982,1,1610612760,0,0,0,0,0
2022-23,22200982,2,1610612744,5,4,4,3,0
2022-23,22200982,2,1610612760,2,2,1,1,0
2022-23,22200982,3,1610612744,5,5,4,2,1
2022-23,22200982,3,1610612760,8,15,14,2,0
2022-23,22200982,4,1610612744,3,6,6,0,0
2022-23,22200982,4,1610612760,6,7,5,6,0
2022-23,22200983,1,1610612742,5,8,5,1,0
2022-23,22200983,1,1610612762,0,0,0,0,0
2022-23,22200983,2,1610612742,4,2,1,1,1
2022-23,22200983,2,1610612762,6,9,7,0,2
2022-23,22200983,3,1610612742,5,4,3,0,3
2022-23,22200983,3,1610612762,6,8,5,2,1
2022-23,22200983,4,1610612742,6,8,8,3,0
2022-23,22200983,4,1610612762,6,8,7,3,1
2022-23,22200984,1,1610612747,4,4,3,0,2
2022-23,22200984,1,1610612763,2,2,1,1,0
2022-23,22200984,2,1610612747,6,5,5,4,0
2022-23,22200984,2,1610612763,7,12,10,2,1
2022-23,22200984,3,1610612747,7,9,8,0,4
2022-23,22200984,3,1610612763,6,11,8,1,1
2022-23,22200984,4,1610612747,7,11,7,1,1
2022-23,22200984,4,1610612763,2,4,3,0,0
2022-23,22200985,1,1610612737,3,6,4,0,0
2022-23,22200985,1,1610612764,0,0,0,0,0
2022-23,22200985,2,1610612737,2,4,4,0,0
2022-23,22200985,2,1610612764,8,8,6,1,1
2022-23,22200985,3,1610612737,5,5,5,2,0
2022-23,22200985,3,1610612764,3,3,3,1,0
2022-23,22200985,4,1610612737,6,11,7,2,0
2022-23,22200985,4,1610612764,5,6,5,2,0
2022-23,22200986,1,1610612738,6,8,7,2,1
2022-23,22200986,1,1610612757,5,6,3,1,1
2022-23,22200986,2,1610612738,2,2,2,0,0
2022-23,22200986,2,1610612757,6,10,9,2,0
2022-23,22200986,3,1610612738,4,6,3,1,0
2022-23,22200986,3,1610612757,4,6,6,1,0
2022-23,22200986,4,1610612738,3,4,1,0,0
2022-23,22200986,4,1610612757,5,5,4,3,0
2022-23,22200987,1,1610612739,3,5,5,1,0
2022-23,22200987,1,1610612748,5,7,4,1,1
2022-23,22200987,2,1610612739,4,5,5,1,0
2022-23,22200987,2,1610612748,4,6,6,1,0
2022-23,22200987,3,1610612739,4,5,5,1,0
2022-23,22200987,3,1610612748,7,9,6,3,0
2022-23,22200987,4,1610612739,4,4,2,3,1
2022-23,22200987,4,1610612748,5,7,6,2,0
2022-23,22200988,1,1610612740,2,1,1,2,0
2022-23,22200988,1,1610612742,5,4,3,2,1
2022-23,22200988,2,1610612740,5,5,5,2,0
2022-23,22200988,2,1610612742,5,6,3,1,1
2022-23,22200988,3,1610612740,3,4,3,1,0
2022-23,22200988,3,1610612742,3,6,5,0,0
2022-23,22200988,4,1610612740,6,8,7,4,0
2022-23,22200988,4,1610612742,3,3,3,0,0
2022-23,22200989,1,1610612741,3,2,2,0,2
2022-23,22200989,1,1610612743,3,4,2,1,0
2022-23,22200989,2,1610612741,6,5,5,5,0
2022-23,22200989,2,1610612743,3,0,0,3,0
2022-23,22200989,3,1610612741,3,4,4,1,0
2022-23,22200989,3,1610612743,6,9,3,2,0
2022-23,22200989,4,1610612741,4,7,6,0,0
2022-23,22200989,4,1610612743,3,2,2,2,0
2022-23,22200990,1,1610612756,1,3,2,0,0
2022-23,22200990,1,1610612760,5,5,5,2,1
2022-23,22200990,2,1610612756,5,6,6,2,1
2022-23,22200990,2,1610612760,2,3,3,1,0
2022-23,22200990,3,1610612756,2,4,4,0,0
2022-23,22200990,3,1610612760,5,8,7,0,0
2022-23,22200990,4,1610612756,4,3,2,1,1
2022-23,22200990,4,1610612760,4,5,5,1,0
2022-23,22200991,1,1610612746,5,8,5,3,0
2022-23,22200991,1,1610612761,3,4,4,1,0
2022-23,22200991,2,1610612746,6,7,5,2,0
2022-23,22200991,2,1610612761,3,0,0,2,1
2022-23,22200991,3,1610612746,4,3,3,3,0
2022-23,22200991,3,1610612761,5,6,5,1,1
2022-23,22200991,4,1610612746,8,13,11,2,0
2022-23,22200991,4,1610612761,5,4,4,2,1
2022-23,22200992,1,1610612765,3,4,4,1,0
2022-23,22200992,1,1610612766,5,5,2,1,1
2022-23,22200992,2,1610612765,5,10,6,0,0
2022-23,22200992,2,1610612766,6,6,4,4,0
2022-23,22200992,3,1610612765,5,4,4,2,0
2022-23,22200992,3,1610612766,3,8,7,0,0
2022-23,22200992,4,1610612765,3,2,2,2,0
2022-23,22200992,4,1610612766,7,13,6,2,1
2022-23,22200993,1,1610612745,5,6,3,3,0
2022-23,22200993,1,1610612754,4,4,4,2,0
2022-23,22200993,2,1610612745,2,3,3,1,0
2022-23,22200993,2,1610612754,3,4,4,1,0
2022-23,22200993,3,1610612745,7,12,10,1,0
2022-23,22200993,3,1610612754,7,9,8,2,0
2022-23,22200993,4,1610612745,5,6,3,1,0
2022-23,22200993,4,1610612754,5,2,2,4,1
2022-23,22200994,1,1610612753,2,2,2,1,0
2022-23,22200994,1,1610612762,2,4,4,0,0
2022-23,22200994,2,1610612753,7,8,6,3,0
2022-23,22200994,2,1610612762,7,8,7,3,0
2022-23,22200994,3,1610612753,9,15,10,2,2
2022-23,22200994,3,1610612762,2,3,3,0,0
2022-23,22200994,4,1610612753,5,6,2,2,0
2022-23,22200994,4,1610612762,5,6,6,1,1
2022-23,22200995,1,1610612749,0,0,0,0,0
2022-23,22200995,1,1610612751,2,3,3,1,0
2022-23,22200995,2,1610612749,2,4,4,0,0
2022-23,22200995,2,1610612751,4,5,5,1,0
2022-23,22200995,3,1610612749,4,4,2,2,0
2022-23,22200995,3,1610612751,3,3,3,2,0
2022-23,22200995,4,1610612749,4,6,5,2,0
2022-23,22200995,4,1610612751,4,6,6,0,1
2022-23,22200996,1,1610612744,5,10,10,0,0
2022-23,22200996,1,1610612763,4,4,4,0,1
2022-23,22200996,2,1610612744,2,2,2,1,0
2022-23,22200996,2,1610612763,7,12,8,2,2
2022-23,22200996,3,1610612744,5,6,5,0,1
2022-23,22200996,3,1610612763,2,0,0,2,0
2022-23,22200996,4,1610612744,5,6,6,2,0
2022-23,22200996,4,1610612763,4,2,1,2,1
2022-23,22200997,1,1610612752,3,6,5,0,0
2022-23,22200997,1,1610612758,3,2,1,2,0
2022-23,22200997,2,1610612752,8,11,6,0,1
2022-23,22200997,2,1610612758,7,9,7,2,2
2022-23,22200997,3,1610612752,7,12,7,3,0
2022-23,22200997,3,1610612758,5,6,5,2,0
2022-23,22200997,4,1610612752,2,2,2,1,0
2022-23,22200997,4,1610612758,10,15,11,5,1
2022-23,22200998,1,1610612755,4,8,4,0,0
2022-23,22200998,1,1610612757,7,6,5,3,0
2022-23,22200998,2,1610612755,5,8,7,2,0
2022-23,22200998,2,1610612757,3,5,3,0,0
2022-23,22200998,3,1610612755,2,4,4,0,0
2022-23,22200998,3,1610612757,4,6,4,1,0
2022-23,22200998,4,1610612755,6,9,8,2,0
2022-23,22200998,4,1610612757,8,13,8,3,1
2022-23,22200999,1,1610612737,4,3,1,2,0
2022-23,22200999,1,1610612764,1,0,0,1,0
2022-23,22200999,2,1610612737,2,4,4,0,0
2022-23,22200999,2,1610612764,3,4,2,0,0
2022-23,22200999,3,1610612737,4,5,4,1,0
2022-23,22200999,3,1610612764,3,0,0,2,1
2022-23,22200999,4,1610612737,6,7,6,5,0
2022-23,22200999,4,1610612764,7,14,12,2,0
2022-23,22201000,1,1610612739,4,4,4,1,1
2022-23,22201000,1,1610612748,5,6,6,1,1
2022-23,22201000,2,1610612739,3,6,5,1,0
2022-23,22201000,2,1610612748,6,9,7,2,0
2022-23,22201000,3,1610612739,3,3,3,1,0
2022-23,22201000,3,1610612748,3,0,0,3,0
2022-23,22201000,4,1610612739,6,8,5,1,2
2022-23,22201000,4,1610612748,5,8,8,3,0
2022-23,22201001,1,1610612750,5,6,3,1,2
2022-23,22201001,1,1610612751,3,3,2,1,0
2022-23,22201001,2,1610612750,4,4,4,2,0
2022-23,22201001,2,1610612751,6,13,8,2,0
2022-23,22201001,3,1610612750,5,8,6,2,0
2022-23,22201001,3,1610612751,6,13,11,0,1
2022-23,22201001,4,1610612750,8,9,4,4,0
2022-23,22201001,4,1610612751,4,4,3,3,0
2022-23,22201002,1,1610612743,4,4,3,2,0
2022-23,22201002,1,1610612759,5,4,3,2,0
2022-23,22201002,2,1610612743,5,6,6,1,0
2022-23,22201002,2,1610612759,4,6,5,1,0
2022-23,22201002,3,1610612743,4,0,0,3,1
2022-23,22201002,3,1610612759,5,4,3,1,0
2022-23,22201002,4,1610612743,6,10,10,2,0
2022-23,22201002,4,1610612759,2,3,2,0,0
2022-23,22201003,1,1610612747,5,7,7,2,0
2022-23,22201003,1,1610612761,2,2,1,1,0
2022-23,22201003,2,1610612747,2,2,2,0,1
2022-23,22201003,2,1610612761,1,2,2,0,0
2022-23,22201003,3,1610612747,5,7,7,0,1
2022-23,22201003,3,1610612761,4,7,6,0,0
2022-23,22201003,4,1610612747,3,3,3,1,0
2022-23,22201003,4,1610612761,2,2,1,1,0
2022-23,22201004,1,1610612746,2,2,0,0,1
2022-23,22201004,1,1610612752,3,1,1,1,1
2022-23,22201004,2,1610612746,3,3,1,0,0
2022-23,22201004,2,1610612752,6,13,11,0,0
2022-23,22201004,3,1610612746,5,6,6,2,1
2022-23,22201004,3,1610612752,2,2,2,1,0
2022-23,22201004,4,1610612746,6,5,5,3,1
2022-23,22201004,4,1610612752,8,11,10,4,0
2022-23,22201005,1,1610612762,3,5,5,1,0
2022-23,22201005,1,1610612766,2,4,4,0,0
2022-23,22201005,2,1610612762,2,2,2,0,1
2022-23,22201005,2,1610612766,4,4,4,2,0
2022-23,22201005,3,1610612762,5,9,8,0,0
2022-23,22201005,3,1610612766,4,3,3,2,1
2022-23,22201005,4,1610612762,4,4,3,1,1
2022-23,22201005,4,1610612766,2,4,3,0,0
2022-23,22201006,1,1610612754,4,8,6,0,0
2022-23,22201006,1,1610612765,5,9,4,1,0
2022-23,22201006,2,1610612754,8,11,8,2,0
2022-23,22201006,2,1610612765,4,6,5,0,1
2022-23,22201006,3,1610612754,3,5,3,0,0
2022-23,22201006,3,1610612765,4,6,5,0,1
2022-23,22201006,4,1610612754,6,10,9,3,0
2022-23,22201006,4,1610612765,4,6,4,1,0
2022-23,22201007,1,1610612748,4,4,4,2,0
2022-23,22201007,1,1610612753,2,4,4,0,0
2022-23,22201007,2,1610612748,3,6,5,0,0
2022-23,22201007,2,1610612753,6,9,7,1,0
2022-23,22201007,3,1610612748,5,4,4,2,1
2022-23,22201007,3,1610612753,1,1,1,0,0
2022-23,22201007,4,1610612748,4,4,4,0,1
2022-23,22201007,4,1610612753,5,5,4,3,0
2022-23,22201008,1,1610612737,4,4,4,2,0
2022-23,22201008,1,1610612738,2,2,1,1,0
2022-23,22201008,2,1610612737,4,2,2,3,0
2022-23,22201008,2,1610612738,5,2,2,3,1
2022-23,22201008,3,1610612737,5,2,2,3,0
2022-23,22201008,3,1610612738,4,6,6,0,1
2022-23,22201008,4,1610612737,6,8,7,2,0
2022-23,22201008,4,1610612738,6,2,1,4,1
2022-23,22201009,1,1610612741,2,4,2,0,0
2022-23,22201009,1,1610612745,4,3,2,1,1
2022-23,22201009,2,1610612741,1,2,0,0,0
2022-23,22201009,2,1610612745,2,2,2,1,0
2022-23,22201009,3,1610612741,5,7,6,1,0
2022-23,22201009,3,1610612745,4,4,4,2,0
2022-23,22201009,4,1610612741,6,9,8,1,1
2022-23,22201009,4,1610612745,5,8,5,0,0
2022-23,22201010,1,1610612742,2,2,1,1,0
2022-23,22201010,1,1610612763,1,2,2,0,0
2022-23,22201010,2,1610612742,7,10,8,2,1
2022-23,22201010,2,1610612763,3,2,2,1,0
2022-23,22201010,3,1610612742,3,6,2,0,0
2022-23,22201010,3,1610612763,4,8,7,0,0
2022-23,22201010,4,1610612742,3,5,4,1,0
2022-23,22201010,4,1610612763,8,12,9,3,0
2022-23,22201011,1,1610612740,4,7,6,1,0
2022-23,22201011,1,1610612760,5,10,7,1,0
2022-23,22201011,2,1610612740,5,2,2,3,0
2022-23,22201011,2,1610612760,7,14,13,1,0
2022-23,22201011,3,1610612740,5,7,5,1,0
2022-23,22201011,3,1610612760,4,2,2,2,1
2022-23,22201011,4,1610612740,1,3,3,0,0
2022-23,22201011,4,1610612760,5,6,5,2,1
2022-23,22201012,1,1610612744,1,2,2,0,0
2022-23,22201012,1,1610612749,4,2,2,3,0
2022-23,22201012,2,1610612744,4,2,2,3,0
2022-23,22201012,2,1610612749,5,4,4,3,1
2022-23,22201012,3,1610612744,2,3,3,0,0
2022-23,22201012,3,1610612749,3,1,1,0,2
2022-23,22201012,4,1610612744,3,0,0,3,0
2022-23,22201012,4,1610612749,2,2,2,1,0
2022-23,22201013,1,1610612756,4,5,4,1,0
2022-23,22201013,1,1610612758,8,15,11,3,1
2022-23,22201013,2,1610612756,7,10,9,2,0
2022-23,22201013,2,1610612758,8,11,10,2,1
2022-23,22201013,3,1610612756,2,2,2,1,0
2022-23,22201013,3,1610612758,4,5,4,0,1
2022-23,22201013,4,1610612756,5,5,3,2,1
2022-23,22201013,4,1610612758,5,6,6,3,1
2022-23,22201014,1,1610612743,3,3,2,0,1
2022-23,22201014,1,1610612751,3,3,3,1,0
2022-23,22201014,2,1610612743,4,2,2,1,2
2022-23,22201014,2,1610612751,6,10,8,0,0
2022-23,22201014,3,1610612743,7,9,6,4,0
2022-23,22201014,3,1610612751,6,9,9,2,0
2022-23,22201014,4,1610612743,6,10,8,1,0
2022-23,22201014,4,1610612751,2,2,1,2,0
2022-23,22201015,1,1610612739,3,3,3,2,0
2022-23,22201015,1,1610612766,6,5,4,3,0
2022-23,22201015,2,1610612739,6,9,5,2,0
2022-23,22201015,2,1610612766,6,6,4,2,0
2022-23,22201015,3,1610612739,5,8,7,1,0
2022-23,22201015,3,1610612766,2,2,2,1,0
2022-23,22201015,4,1610612739,8,14,10,1,0
2022-23,22201015,4,1610612766,7,9,6,4,0
2022-23,22201016,1,1610612755,4,6,5,1,0
2022-23,22201016,1,1610612764,1,2,2,0,0
2022-23,22201016,2,1610612755,6,7,7,5,0
2022-23,22201016,2,1610612764,6,7,5,3,1
2022-23,22201016,3,1610612755,5,6,4,2,0
2022-23,22201016,3,1610612764,5,5,4,2,1
2022-23,22201016,4,1610612755,4,4,3,1,1
2022-23,22201016,4,1610612764,7,9,8,3,0
2022-23,22201017,1,1610612740,7,9,7,3,0
2022-23,22201017,1,1610612757,7,9,6,3,0
2022-23,22201017,2,1610612740,3,6,5,0,0
2022-23,22201017,2,1610612757,1,0,0,1,0
2022-23,22201017,3,1610612740,3,4,3,1,0
2022-23,22201017,3,1610612757,5,4,3,2,0
2022-23,22201017,4,1610612740,7,10,7,4,0
2022-23,22201017,4,1610612757,5,7,5,2,0
2022-23,22201018,1,1610612759,4,8,5,0,0
2022-23,22201018,1,1610612760,5,10,9,1,0
2022-23,22201018,2,1610612759,5,3,2,2,0
2022-23,22201018,2,1610612760,2,5,5,0,0
2022-23,22201018,3,1610612759,4,5,4,1,0
2022-23,22201018,3,1610612760,3,5,4,0,0
2022-23,22201018,4,1610612759,4,3,3,2,0
2022-23,22201018,4,1610612760,4,3,2,2,1
2022-23,22201019,1,1610612747,2,2,1,1,0
2022-23,22201019,1,1610612752,5,9,9,0,0
2022-23,22201019,2,1610612747,4,2,1,2,0
2022-23,22201019,2,1610612752,4,5,2,2,1
2022-23,22201019,3,1610612747,4,4,2,2,1
2022-23,22201019,3,1610612752,3,5,4,0,0
2022-23,22201019,4,1610612747,6,9,6,2,1
2022-23,22201019,4,1610612752,4,2,2,4,0
2022-23,22201020,1,1610612754,5,8,5,1,0
2022-23,22201020,1,1610612765,3,4,4,1,0
2022-23,22201020,2,1610612754,5,6,3,2,0
2022-23,22201020,2,1610612765,5,2,1,3,2
2022-23,22201020,3,1610612754,5,7,4,2,0
2022-23,22201020,3,1610612765,3,2,1,1,0
2022-23,22201020,4,1610612754,2,3,3,0,0
2022-23,22201020,4,1610612765,2,2,1,1,0
2022-23,22201021,1,1610612737,5,8,7,1,0
2022-23,22201021,1,1610612750,2,4,2,0,0
2022-23,22201021,2,1610612737,2,2,2,1,0
2022-23,22201021,2,1610612750,9,12,8,5,0
2022-23,22201021,3,1610612737,6,8,8,2,1
2022-23,22201021,3,1610612750,5,5,5,2,0
2022-23,22201021,4,1610612737,7,10,6,2,0
2022-23,22201021,4,1610612750,2,2,1,1,0
2022-23,22201022,1,1610612748,2,2,2,1,0
2022-23,22201022,1,1610612762,6,11,7,0,0
2022-23,22201022,2,1610612748,8,14,12,2,0
2022-23,22201022,2,1610612762,2,3,3,0,0
2022-23,22201022,3,1610612748,7,10,9,0,0
2022-23,22201022,3,1610612762,2,2,2,1,0
2022-23,22201022,4,1610612748,7,10,8,3,0
2022-23,22201022,4,1610612762,3,2,1,2,0
2022-23,22201023,1,1610612742,3,4,3,1,0
2022-23,22201023,1,1610612763,1,1,1,0,0
2022-23,22201023,2,1610612742,3,0,0,2,1
2022-23,22201023,2,1610612763,4,7,6,0,0
2022-23,22201023,3,1610612742,2,2,2,1,0
2022-23,22201023,3,1610612763,6,9,8,2,1
2022-23,22201023,4,1610612742,4,2,1,3,0
2022-23,22201023,4,1610612763,3,2,1,2,0
2022-23,22201024,1,1610612738,3,4,4,1,0
2022-23,22201024,1,1610612745,6,8,5,2,0
2022-23,22201024,2,1610612738,2,1,1,1,0
2022-23,22201024,2,1610612745,6,10,8,0,1
2022-23,22201024,3,1610612738,4,4,4,1,1
2022-23,22201024,3,1610612745,3,3,2,1,0
2022-23,22201024,4,1610612738,10,12,10,2,2
2022-23,22201024,4,1610612745,5,6,5,4,0
2022-23,22201025,1,1610612744,5,4,3,2,0
2022-23,22201025,1,1610612756,4,5,3,1,0
2022-23,22201025,2,1610612744,3,3,2,1,0
2022-23,22201025,2,1610612756,5,9,6,0,0
2022-23,22201025,3,1610612744,8,13,7,2,0
2022-23,22201025,3,1610612756,6,8,7,3,0
2022-23,22201025,4,1610612744,7,4,2,4,0
2022-23,22201025,4,1610612756,2,0,0,2,0
2022-23,22201026,1,1610612749,1,2,2,0,0
2022-23,22201026,1,1610612758,3,2,2,1,1
2022-23,22201026,2,1610612749,4,0,0,4,0
2022-23,22201026,2,1610612758,3,4,3,1,0
2022-23,22201026,3,1610612749,9,13,9,2,0
2022-23,22201026,3,1610612758,5,4,2,3,0
2022-23,22201026,4,1610612749,3,7,7,0,0
2022-23,22201026,4,1610612758,5,5,4,1,1
2022-23,22201027,1,1610612739,3,3,1,1,0
2022-23,22201027,1,1610612766,4,3,2,2,0
2022-23,22201027,2,1610612739,8,11,11,4,1
2022-23,22201027,2,1610612766,4,3,2,3,0
2022-23,22201027,3,1610612739,2,2,2,1,0
2022-23,22201027,3,1610612766,4,2,1,3,0
2022-23,22201027,4,1610612739,2,3,2,0,0
2022-23,22201027,4,1610612766,7,7,7,5,0
2022-23,22201028,1,1610612764,5,7,7,1,1
2022-23,22201028,1,1610612765,0,0,0,0,0
2022-23,22201028,2,1610612764,3,0,0,2,1
2022-23,22201028,2,1610612765,5,6,6,1,2
2022-23,22201028,3,1610612764,8,11,11,2,1
2022-23,22201028,3,1610612765,5,4,3,2,0
2022-23,22201028,4,1610612764,3,4,4,1,0
2022-23,22201028,4,1610612765,1,2,2,0,0
2022-23,22201029,1,1610612743,3,5,5,1,0
2022-23,22201029,1,1610612761,2,3,3,0,0
2022-23,22201029,2,1610612743,6,8,5,2,0
2022-23,22201029,2,1610612761,4,7,7,1,0
2022-23,22201029,3,1610612743,5,6,6,2,0
2022-23,22201029,3,1610612761,5,6,5,1,0
2022-23,22201029,4,1610612743,4,6,4,0,1
2022-23,22201029,4,1610612761,3,1,0,1,1
2022-23,22201030,1,1610612740,2,2,2,0,0
2022-23,22201030,1,1610612747,5,5,4,2,0
2022-23,22201030,2,1610612740,7,9,5,4,0
2022-23,22201030,2,1610612747,4,5,4,1,0
2022-23,22201030,3,1610612740,4,4,2,2,0
2022-23,22201030,3,1610612747,1,1,1,1,0
2022-23,22201030,4,1610612740,2,5,4,0,0
2022-23,22201030,4,1610612747,12,17,16,5,1
2022-23,22201031,1,1610612751,3,4,3,1,0
2022-23,22201031,1,1610612760,3,4,2,0,0
2022-23,22201031,2,1610612751,5,6,5,1,0
2022-23,22201031,2,1610612760,5,10,10,1,0
2022-23,22201031,3,1610612751,11,20,14,5,0
2022-23,22201031,3,1610612760,2,0,0,2,0
2022-23,22201031,4,1610612751,3,4,3,0,0
2022-23,22201031,4,1610612760,7,9,8,3,1
2022-23,22201032,1,1610612753,3,4,3,0,0
2022-23,22201032,1,1610612759,3,7,6,0,0
2022-23,22201032,2,1610612753,2,2,2,1,0
2022-23,22201032,2,1610612759,3,3,3,1,0
2022-23,22201032,3,1610612753,4,3,2,1,1
2022-23,22201032,3,1610612759,3,0,0,3,0
2022-23,22201032,4,1610612753,8,12,9,2,1
2022-23,22201032,4,1610612759,6,8,5,3,1
2022-23,22201033,1,1610612749,6,8,6,1,0
2022-23,22201033,1,1610612756,3,3,3,1,0
2022-23,22201033,2,1610612749,4,6,3,0,1
2022-23,22201033,2,1610612756,2,2,2,0,1
2022-23,22201033,3,1610612749,6,9,6,4,0
2022-23,22201033,3,1610612756,4,7,7,0,0
2022-23,22201033,4,1610612749,8,14,9,4,1
2022-23,22201033,4,1610612756,3,4,2,1,0
2022-23,22201034,1,1610612752,4,7,5,0,0
2022-23,22201034,1,1610612757,3,3,2,0,1
2022-23,22201034,2,1610612752,5,10,9,1,0
2022-23,22201034,2,1610612757,5,6,6,3,0
2022-23,22201034,3,1610612752,6,11,7,1,0
2022-23,22201034,3,1610612757,3,7,5,0,1
2022-23,22201034,4,1610612752,3,6,3,0,0
2022-23,22201034,4,1610612757,1,2,1,0,0
2022-23,22201035,1,1610612739,5,6,4,2,1
2022-23,22201035,1,1610612755,5,11,10,0,0
2022-23,22201035,2,1610612739,4,7,6,1,0
2022-23,22201035,2,1610612755,5,4,3,3,0
2022-23,22201035,3,1610612739,3,5,2,0,0
2022-23,22201035,3,1610612755,1,3,3,0,0
2022-23,22201035,4,1610612739,4,4,3,2,0
2022-23,22201035,4,1610612755,7,9,7,5,0
2022-23,22201036,1,1610612748,4,9,8,1,0
2022-23,22201036,1,1610612763,4,1,0,3,0
2022-23,22201036,2,1610612748,5,10,9,0,0
2022-23,22201036,2,1610612763,1,2,2,0,0
2022-23,22201036,3,1610612748,5,7,5,1,1
2022-23,22201036,3,1610612763,3,4,2,1,0
2022-23,22201036,4,1610612748,5,7,5,1,0
2022-23,22201036,4,1610612763,6,7,5,3,0
2022-23,22201037,1,1610612741,5,8,7,1,0
2022-23,22201037,1,1610612758,2,2,1,1,0
2022-23,22201037,2,1610612741,4,4,4,2,0
2022-23,22201037,2,1610612758,4,7,5,0,0
2022-23,22201037,3,1610612741,4,6,6,0,0
2022-23,22201037,3,1610612758,7,11,11,2,0
2022-23,22201037,4,1610612741,6,7,5,0,1
2022-23,22201037,4,1610612758,7,9,6,4,0
2022-23,22201038,1,1610612745,2,4,3,0,0
2022-23,22201038,1,1610612747,4,4,3,1,1
2022-23,22201038,2,1610612745,4,3,2,2,0
2022-23,22201038,2,1610612747,9,15,13,2,0
2022-23,22201038,3,1610612745,1,0,0,1,0
2022-23,22201038,3,1610612747,1,1,1,0,1
2022-23,22201038,4,1610612745,9,12,7,6,1
2022-23,22201038,4,1610612747,9,17,14,3,0
2022-23,22201039,1,1610612738,3,2,2,2,0
2022-23,22201039,1,1610612750,3,4,2,1,0
2022-23,22201039,2,1610612738,5,9,7,0,0
2022-23,22201039,2,1610612750,2,2,2,1,0
2022-23,22201039,3,1610612738,5,6,5,2,0
2022-23,22201039,3,1610612750,5,4,4,1,1
2022-23,22201039,4,1610612738,7,13,10,3,0
2022-23,22201039,4,1610612750,8,12,8,2,1
2022-23,22201040,1,1610612742,7,8,7,2,1
2022-23,22201040,1,1610612759,4,8,5,0,0
2022-23,22201040,2,1610612742,5,5,5,2,1
2022-23,22201040,2,1610612759,3,3,3,0,1
2022-23,22201040,3,1610612742,4,3,3,2,0
2022-23,22201040,3,1610612759,4,7,3,1,0
2022-23,22201040,4,1610612742,11,19,16,2,1
2022-23,22201040,4,1610612759,5,6,2,2,0
2022-23,22201041,1,1610612744,3,5,4,1,0
2022-23,22201041,1,1610612746,5,6,4,2,0
2022-23,22201041,2,1610612744,2,3,3,0,0
2022-23,22201041,2,1610612746,2,3,3,1,0
2022-23,22201041,3,1610612744,4,0,0,3,1
2022-23,22201041,3,1610612746,8,12,10,5,0
2022-23,22201041,4,1610612744,7,7,4,5,0
2022-23,22201041,4,1610612746,8,11,9,4,1
2022-23,22201042,1,1610612743,3,5,4,0,0
2022-23,22201042,1,1610612765,4,2,1,2,1
2022-23,22201042,2,1610612743,2,2,1,0,1
2022-23,22201042,2,1610612765,4,5,3,1,0
2022-23,22201042,3,1610612743,8,11,7,2,1
2022-23,22201042,3,1610612765,6,9,6,2,1
2022-23,22201042,4,1610612743,5,7,5,0,1
2022-23,22201042,4,1610612765,1,2,0,0,0
2022-23,22201043,1,1610612751,1,1,1,0,0
2022-23,22201043,1,1610612758,2,2,2,1,0
2022-23,22201043,2,1610612751,4,4,2,2,0
2022-23,22201043,2,1610612758,8,12,10,3,2
2022-23,22201043,3,1610612751,5,11,8,0,0
2022-23,22201043,3,1610612758,6,6,4,3,0
2022-23,22201043,4,1610612751,5,7,5,1,1
2022-23,22201043,4,1610612758,6,12,8,2,0
2022-23,22201044,1,1610612760,2,1,1,1,0
2022-23,22201044,1,1610612761,6,12,6,0,0
2022-23,22201044,2,1610612760,4,4,2,0,1
2022-23,22201044,2,1610612761,0,0,0,0,0
2022-23,22201044,3,1610612760,5,8,8,1,0
2022-23,22201044,3,1610612761,3,6,6,0,0
2022-23,22201044,4,1610612760,6,7,7,1,1
2022-23,22201044,4,1610612761,7,10,8,5,0
2022-23,22201045,1,1610612749,1,2,0,0,0
2022-23,22201045,1,1610612754,3,1,1,2,0
2022-23,22201045,2,1610612749,5,6,4,2,0
2022-23,22201045,2,1610612754,3,4,3,1,0
2022-23,22201045,3,1610612749,6,6,6,4,0
2022-23,22201045,3,1610612754,4,5,3,1,0
2022-23,22201045,4,1610612749,8,12,8,5,0
2022-23,22201045,4,1610612754,4,5,2,1,0
2022-23,22201046,1,1610612753,6,9,6,2,1
2022-23,22201046,1,1610612756,4,4,4,1,0
2022-23,22201046,2,1610612753,4,2,2,3,0
2022-23,22201046,2,1610612756,5,7,7,3,0
2022-23,22201046,3,1610612753,2,2,2,0,0
2022-23,22201046,3,1610612756,1,2,2,0,0
2022-23,22201046,4,1610612753,6,10,9,2,0
2022-23,22201046,4,1610612756,5,4,4,3,1
2022-23,22201047,1,1610612755,5,7,6,1,0
2022-23,22201047,1,1610612766,4,7,6,1,0
2022-23,22201047,2,1610612755,2,3,3,0,0
2022-23,22201047,2,1610612766,5,8,6,0,0
2022-23,22201047,3,1610612755,5,8,5,1,0
2022-23,22201047,3,1610612766,4,2,1,3,0
2022-23,22201047,4,1610612755,3,7,5,0,0
2022-23,22201047,4,1610612766,6,9,6,2,0
2022-23,22201048,1,1610612737,2,1,0,1,0
2022-23,22201048,1,1610612744,1,1,1,0,0
2022-23,22201048,2,1610612737,4,8,6,0,0
2022-23,22201048,2,1610612744,4,2,2,3,0
2022-23,22201048,3,1610612737,4,5,4,1,0
2022-23,22201048,3,1610612744,5,8,6,1,0
2022-23,22201048,4,1610612737,8,11,7,2,2
2022-23,22201048,4,1610612744,5,9,5,1,0
2022-23,22201049,1,1610612739,3,5,5,0,0
2022-23,22201049,1,1610612764,3,2,2,1,1
2022-23,22201049,2,1610612739,4,5,4,1,0
2022-23,22201049,2,1610612764,3,1,0,2,0
2022-23,22201049,3,1610612739,5,6,3,2,0
2022-23,22201049,3,1610612764,8,13,11,2,0
2022-23,22201049,4,1610612739,5,6,5,2,0
2022-23,22201049,4,1610612764,3,4,3,1,0
2022-23,22201050,1,1610612741,5,4,4,3,0
2022-23,22201050,1,1610612750,3,6,3,0,0
2022-23,22201050,2,1610612741,2,4,4,0,0
2022-23,22201050,2,1610612750,2,2,2,1,0
2022-23,22201050,3,1610612741,5,6,4,1,1
2022-23,22201050,3,1610612750,5,8,6,2,0
2022-23,22201050,4,1610612741,5,10,8,0,1
2022-23,22201050,4,1610612750,5,9,5,0,0
2022-23,22201051,1,1610612740,2,2,2,1,0
2022-23,22201051,1,1610612745,5,7,5,2,0
2022-23,22201051,2,1610612740,4,7,6,0,0
2022-23,22201051,2,1610612745,3,2,2,2,0
2022-23,22201051,3,1610612740,6,9,8,3,0
2022-23,22201051,3,1610612745,3,3,2,0,0
2022-23,22201051,4,1610612740,5,7,6,1,0
2022-23,22201051,4,1610612745,6,12,8,2,0
2022-23,22201052,1,1610612759,3,5,5,0,0
2022-23,22201052,1,1610612763,1,0,0,1,0
2022-23,22201052,2,1610612759,6,8,8,1,2
2022-23,22201052,2,1610612763,7,10,8,3,0
2022-23,22201052,3,1610612759,5,6,4,1,1
2022-23,22201052,3,1610612763,1,2,2,0,0
2022-23,22201052,4,1610612759,6,8,4,3,1
2022-23,22201052,4,1610612763,4,6,2,0,0
2022-23,22201053,1,1610612738,6,12,10,0,0
2022-23,22201053,1,1610612757,3,4,3,0,0
2022-23,22201053,2,1610612738,3,1,1,2,0
2022-23,22201053,2,1610612757,4,7,5,0,0
2022-23,22201053,3,1610612738,4,6,5,1,0
2022-23,22201053,3,1610612757,1,2,1,0,0
2022-23,22201053,4,1610612738,10,16,13,6,0
2022-23,22201053,4,1610612757,10,18,13,2,0
2022-23,22201054,1,1610612742,3,3,3,1,0
2022-23,22201054,1,1610612747,6,7,4,2,0
2022-23,22201054,2,1610612742,5,5,2,2,0
2022-23,22201054,2,1610612747,5,6,3,1,1
2022-23,22201054,3,1610612742,2,2,2,0,0
2022-23,22201054,3,1610612747,4,4,3,2,0
2022-23,22201054,4,1610612742,6,9,8,2,0
2022-23,22201054,4,1610612747,9,14,9,2,2
2022-23,22201055,1,1610612743,2,4,3,0,0
2022-23,22201055,1,1610612752,5,9,8,1,0
2022-23,22201055,2,1610612743,6,8,7,1,1
2022-23,22201055,2,1610612752,4,5,5,1,0
2022-23,22201055,3,1610612743,3,1,1,2,1
2022-23,22201055,3,1610612752,6,8,7,1,1
2022-23,22201055,4,1610612743,4,2,1,3,0
2022-23,22201055,4,1610612752,5,6,5,1,1
2022-23,22201056,1,1610612746,5,6,4,1,0
2022-23,22201056,1,1610612753,6,10,7,2,0
2022-23,22201056,2,1610612746,5,6,5,1,1
2022-23,22201056,2,1610612753,6,5,5,2,0
2022-23,22201056,3,1610612746,6,8,8,1,1
2022-23,22201056,3,1610612753,5,5,2,2,1
2022-23,22201056,4,1610612746,3,4,1,1,0
2022-23,22201056,4,1610612753,6,5,5,4,0
2022-23,22201057,1,1610612754,1,0,0,1,0
2022-23,22201057,1,1610612755,4,6,3,0,0
2022-23,22201057,2,1610612754,7,11,10,0,0
2022-23,22201057,2,1610612755,4,5,5,1,0
2022-23,22201057,3,1610612754,3,3,3,1,0
2022-23,22201057,3,1610612755,6,7,6,2,1
2022-23,22201057,4,1610612754,5,6,6,3,0
2022-23,22201057,4,1610612755,3,4,4,1,0
2022-23,22201058,1,1610612750,5,5,4,1,0
2022-23,22201058,1,1610612761,4,3,2,2,0
2022-23,22201058,2,1610612750,3,4,3,1,0
2022-23,22201058,2,1610612761,5,6,6,1,0
2022-23,22201058,3,1610612750,7,9,7,3,1
2022-23,22201058,3,1610612761,8,5,2,4,1
2022-23,22201058,4,1610612750,5,10,10,0,0
2022-23,22201058,4,1610612761,5,7,7,2,0
2022-23,22201059,1,1610612758,2,4,1,0,0
2022-23,22201059,1,1610612764,4,3,2,1,1
2022-23,22201059,2,1610612758,4,5,2,1,0
2022-23,22201059,2,1610612764,5,3,2,3,0
2022-23,22201059,3,1610612758,6,7,5,3,0
2022-23,22201059,3,1610612764,5,10,10,1,0
2022-23,22201059,4,1610612758,4,7,6,0,0
2022-23,22201059,4,1610612764,8,11,9,3,1
2022-23,22201060,1,1610612741,2,0,0,1,1
2022-23,22201060,1,1610612748,3,4,2,0,1
2022-23,22201060,2,1610612741,3,3,3,0,1
2022-23,22201060,2,1610612748,6,8,6,3,0
2022-23,22201060,3,1610612741,4,3,3,1,1
2022-23,22201060,3,1610612748,6,9,9,3,0
2022-23,22201060,4,1610612741,0,0,0,0,0
2022-23,22201060,4,1610612748,2,3,2,0,0
2022-23,22201061,1,1610612744,2,4,4,0,0
2022-23,22201061,1,1610612763,3,2,2,1,1
2022-23,22201061,2,1610612744,5,6,4,3,0
2022-23,22201061,2,1610612763,4,4,3,2,0
2022-23,22201061,3,1610612744,10,19,16,3,0
2022-23,22201061,3,1610612763,7,8,4,3,2
2022-23,22201061,4,1610612744,7,5,4,3,2
2022-23,22201061,4,1610612763,4,3,2,2,0
2022-23,22201062,1,1610612738,2,4,3,0,0
2022-23,22201062,1,1610612762,3,5,4,0,0
2022-23,22201062,2,1610612738,5,7,6,2,0
2022-23,22201062,2,1610612762,8,9,7,3,1
2022-23,22201062,3,1610612738,3,3,1,2,0
2022-23,22201062,3,1610612762,3,2,2,2,0
2022-23,22201062,4,1610612738,3,2,1,1,1
2022-23,22201062,4,1610612762,3,6,4,0,0
2022-23,22201063,1,1610612743,2,2,2,0,1
2022-23,22201063,1,1610612751,3,3,3,1,0
2022-23,22201063,2,1610612743,3,4,4,1,0
2022-23,22201063,2,1610612751,5,5,5,3,0
2022-23,22201063,3,1610612743,6,7,6,2,2
2022-23,22201063,3,1610612751,1,1,0,0,0
2022-23,22201063,4,1610612743,3,0,0,2,1
2022-23,22201063,4,1610612751,5,7,6,2,0
2022-23,22201064,1,1610612756,6,8,6,3,0
2022-23,22201064,1,1610612760,6,10,7,0,1
2022-23,22201064,2,1610612756,3,9,5,0,0
2022-23,22201064,2,1610612760,3,4,3,1,0
2022-23,22201064,3,1610612756,6,3,2,3,0
2022-23,22201064,3,1610612760,7,11,9,1,0
2022-23,22201064,4,1610612756,5,4,4,3,1
2022-23,22201064,4,1610612760,9,11,10,8,0
2022-23,22201065,1,1610612737,4,5,5,1,0
2022-23,22201065,1,1610612759,3,5,2,0,0
2022-23,22201065,2,1610612737,6,9,9,2,0
2022-23,22201065,2,1610612759,1,2,2,0,0
2022-23,22201065,3,1610612737,2,0,0,2,0
2022-23,22201065,3,1610612759,3,3,1,2,0
2022-23,22201065,4,1610612737,3,6,3,0,0
2022-23,22201065,4,1610612759,5,6,5,3,0
2022-23,22201066,1,1610612748,4,4,4,2,0
2022-23,22201066,1,1610612765,2,1,0,1,0
2022-23,22201066,2,1610612748,2,4,3,0,0
2022-23,22201066,2,1610612765,7,9,8,2,1
2022-23,22201066,3,1610612748,5,9,8,0,0
2022-23,22201066,3,1610612765,1,1,1,0,0
2022-23,22201066,4,1610612748,7,8,8,4,0
2022-23,22201066,4,1610612765,5,6,5,2,0
2022-23,22201067,1,1610612740,2,1,1,1,0
2022-23,22201067,1,1610612745,3,7,7,0,0
2022-23,22201067,2,1610612740,5,7,5,1,0
2022-23,22201067,2,1610612745,3,4,4,1,0
2022-23,22201067,3,1610612740,5,5,5,2,0
2022-23,22201067,3,1610612745,7,12,11,3,1
2022-23,22201067,4,1610612740,8,11,9,5,0
2022-23,22201067,4,1610612745,8,15,14,2,0
2022-23,22201068,1,1610612749,0,0,0,0,0
2022-23,22201068,1,1610612761,2,2,1,1,0
2022-23,22201068,2,1610612749,4,4,2,1,0
2022-23,22201068,2,1610612761,2,2,1,1,0
2022-23,22201068,3,1610612749,3,4,2,1,0
2022-23,22201068,3,1610612761,5,6,5,2,0
2022-23,22201068,4,1610612749,8,13,12,2,0
2022-23,22201068,4,1610612761,4,2,2,1,2
2022-23,22201069,1,1610612746,4,6,6,1,0
2022-23,22201069,1,1610612757,5,5,5,2,0
2022-23,22201069,2,1610612746,1,1,1,0,0
2022-23,22201069,2,1610612757,1,2,2,0,0
2022-23,22201069,3,1610612746,7,12,8,2,1
2022-23,22201069,3,1610612757,7,12,10,2,0
2022-23,22201069,4,1610612746,2,4,4,0,0
2022-23,22201069,4,1610612757,4,5,5,1,0
2022-23,22201070,1,1610612747,6,8,6,3,0
2022-23,22201070,1,1610612753,5,4,2,2,1
2022-23,22201070,2,1610612747,3,3,3,1,0
2022-23,22201070,2,1610612753,3,2,2,1,0
2022-23,22201070,3,1610612747,6,6,5,2,0
2022-23,22201070,3,1610612753,5,8,6,1,0
2022-23,22201070,4,1610612747,10,15,12,5,1
2022-23,22201070,4,1610612753,5,3,3,0,3
2022-23,22201071,1,1610612754,9,16,13,3,1
2022-23,22201071,1,1610612766,4,2,2,3,0
2022-23,22201071,2,1610612754,5,10,6,1,0
2022-23,22201071,2,1610612766,9,15,12,2,1
2022-23,22201071,3,1610612754,2,2,1,1,0
2022-23,22201071,3,1610612766,4,6,4,1,0
2022-23,22201071,4,1610612754,5,6,6,3,0
2022-23,22201071,4,1610612766,6,9,5,1,1
2022-23,22201072,1,1610612741,2,2,2,1,0
2022-23,22201072,1,1610612755,3,6,5,0,0
2022-23,22201072,2,1610612741,5,8,6,0,0
2022-23,22201072,2,1610612755,2,4,3,0,0
2022-23,22201072,3,1610612741,4,5,5,1,0
2022-23,22201072,3,1610612755,6,9,8,1,0
2022-23,22201072,4,1610612741,5,7,5,0,0
2022-23,22201072,4,1610612755,1,0,0,1,0
2022-23,22201073,1,1610612750,5,6,4,2,0
2022-23,22201073,1,1610612752,5,6,5,0,1
2022-23,22201073,2,1610612750,2,3,1,0,0
2022-23,22201073,2,1610612752,9,14,12,3,0
2022-23,22201073,3,1610612750,8,15,13,2,0
2022-23,22201073,3,1610612752,3,4,3,2,0
2022-23,22201073,4,1610612750,5,8,6,2,1
2022-23,22201073,4,1610612752,3,4,4,0,0
2022-23,22201074,1,1610612744,2,2,2,1,0
2022-23,22201074,1,1610612745,2,2,1,1,0
2022-23,22201074,2,1610612744,5,6,4,2,0
2022-23,22201074,2,1610612745,4,7,7,0,0
2022-23,22201074,3,1610612744,3,6,5,0,0
2022-23,22201074,3,1610612745,5,10,8,1,0
2022-23,22201074,4,1610612744,3,5,5,1,0
2022-23,22201074,4,1610612745,3,5,4,1,0
2022-23,22201075,1,1610612742,4,4,4,1,1
2022-23,22201075,1,1610612763,3,5,5,0,0
2022-23,22201075,2,1610612742,5,4,3,1,2
2022-23,22201075,2,1610612763,7,12,6,0,1
2022-23,22201075,3,1610612742,6,7,7,3,0
2022-23,22201075,3,1610612763,2,3,3,0,0
2022-23,22201075,4,1610612742,2,5,5,0,0
2022-23,22201075,4,1610612763,5,6,6,3,0
2022-23,22201076,1,1610612758,3,7,5,0,0
2022-23,22201076,1,1610612762,3,5,5,0,0
2022-23,22201076,2,1610612758,8,8,7,4,2
2022-23,22201076,2,1610612762,4,2,1,1,2
2022-23,22201076,3,1610612758,3,6,4,0,0
2022-23,22201076,3,1610612762,4,6,6,1,0
2022-23,22201076,4,1610612758,6,6,5,2,0
2022-23,22201076,4,1610612762,8,10,8,5,1
2022-23,22201077,1,1610612753,3,4,4,1,0
2022-23,22201077,1,1610612764,3,4,4,1,0
2022-23,22201077,2,1610612753,3,3,3,0,1
2022-23,22201077,2,1610612764,5,7,5,1,0
2022-23,22201077,3,1610612753,7,8,8,4,0
2022-23,22201077,3,1610612764,5,7,6,1,0
2022-23,22201077,4,1610612753,5,10,9,1,0
2022-23,22201077,4,1610612764,6,5,3,3,1
2022-23,22201078,1,1610612737,6,9,7,2,0
2022-23,22201078,1,1610612765,5,7,7,1,0
2022-23,22201078,2,1610612737,7,13,10,2,0
2022-23,22201078,2,1610612765,5,6,5,1,0
2022-23,22201078,3,1610612737,5,6,6,2,0
2022-23,22201078,3,1610612765,7,9,6,4,0
2022-23,22201078,4,1610612737,6,8,4,4,0
2022-23,22201078,4,1610612765,3,2,2,2,0
2022-23,22201079,1,1610612739,3,3,3,1,0
2022-23,22201079,1,1610612751,3,1,1,2,0
2022-23,22201079,2,1610612739,5,5,4,1,1
2022-23,22201079,2,1610612751,5,6,6,2,0
2022-23,22201079,3,1610612739,3,3,3,0,0
2022-23,22201079,3,1610612751,3,2,1,1,0
2022-23,22201079,4,1610612739,6,10,7,4,0
2022-23,22201079,4,1610612751,8,14,10,2,2
2022-23,22201080,1,1610612740,8,12,12,2,0
2022-23,22201080,1,1610612759,4,4,2,2,0
2022-23,22201080,2,1610612740,5,4,2,3,0
2022-23,22201080,2,1610612759,6,8,4,1,0
2022-23,22201080,3,1610612740,2,4,3,0,0
2022-23,22201080,3,1610612759,3,4,3,0,1
2022-23,22201080,4,1610612740,4,3,2,1,1
2022-23,22201080,4,1610612759,3,3,2,1,0
2022-23,22201081,1,1610612738,4,7,4,1,0
2022-23,22201081,1,1610612758,2,4,2,0,0
2022-23,22201081,2,1610612738,3,3,3,1,0
2022-23,22201081,2,1610612758,3,6,5,0,0
2022-23,22201081,3,1610612738,4,6,3,0,0
2022-23,22201081,3,1610612758,3,4,2,1,0
2022-23,22201081,4,1610612738,5,7,6,1,0
2022-23,22201081,4,1610612758,6,7,5,2,1
2022-23,22201082,1,1610612746,7,10,6,3,0
2022-23,22201082,1,1610612760,2,3,3,0,0
2022-23,22201082,2,1610612746,6,5,1,2,0
2022-23,22201082,2,1610612760,3,5,4,2,0
2022-23,22201082,3,1610612746,4,4,3,1,0
2022-23,22201082,3,1610612760,3,4,4,0,1
2022-23,22201082,4,1610612746,3,2,2,2,0
2022-23,22201082,4,1610612760,5,2,2,5,0
2022-23,22201083,1,1610612743,3,3,3,1,0
2022-23,22201083,1,1610612764,4,2,1,3,0
2022-23,22201083,2,1610612743,5,9,7,1,0
2022-23,22201083,2,1610612764,6,8,5,2,1
2022-23,22201083,3,1610612743,4,4,4,1,0
2022-23,22201083,3,1610612764,2,0,0,2,0
2022-23,22201083,4,1610612743,3,5,5,0,0
2022-23,22201083,4,1610612764,5,6,6,3,0
2022-23,22201084,1,1610612748,4,2,2,3,0
2022-23,22201084,1,1610612752,3,5,4,0,0
2022-23,22201084,2,1610612748,5,8,7,0,1
2022-23,22201084,2,1610612752,4,5,5,1,0
2022-23,22201084,3,1610612748,2,4,3,0,0
2022-23,22201084,3,1610612752,6,7,5,2,0
2022-23,22201084,4,1610612748,8,12,9,4,0
2022-23,22201084,4,1610612752,4,8,6,1,0
2022-23,22201085,1,1610612754,4,3,2,2,0
2022-23,22201085,1,1610612761,3,4,4,0,1
2022-23,22201085,2,1610612754,4,4,3,2,0
2022-23,22201085,2,1610612761,2,2,1,1,0
2022-23,22201085,3,1610612754,4,7,5,1,0
2022-23,22201085,3,1610612761,8,12,8,4,1
2022-23,22201085,4,1610612754,8,11,11,3,1
2022-23,22201085,4,1610612761,12,21,16,3,2
2022-23,22201086,1,1610612742,2,4,3,0,0
2022-23,22201086,1,1610612744,5,5,2,3,0
2022-23,22201086,2,1610612742,9,13,10,2,2
2022-23,22201086,2,1610612744,4,4,4,1,1
2022-23,22201086,3,1610612742,3,5,2,0,0
2022-23,22201086,3,1610612744,3,3,3,1,0
2022-23,22201086,4,1610612742,5,6,5,3,1
2022-23,22201086,4,1610612744,5,6,6,1,1
2022-23,22201087,1,1610612741,6,7,5,2,0
2022-23,22201087,1,1610612755,2,4,4,0,0
2022-23,22201087,2,1610612741,4,5,5,1,0
2022-23,22201087,2,1610612755,6,11,8,2,0
2022-23,22201087,3,1610612741,5,6,4,1,1
2022-23,22201087,3,1610612755,4,6,6,1,0
2022-23,22201087,4,1610612741,4,4,3,2,0
2022-23,22201087,4,1610612755,3,5,4,0,0
2022-23,22201088,1,1610612745,3,4,3,1,0
2022-23,22201088,1,1610612763,4,6,6,0,0
2022-23,22201088,2,1610612745,6,7,5,1,0
2022-23,22201088,2,1610612763,3,2,1,1,0
2022-23,22201088,3,1610612745,4,1,1,3,0
2022-23,22201088,3,1610612763,4,8,7,1,0
2022-23,22201088,4,1610612745,7,11,8,2,1
2022-23,22201088,4,1610612763,10,17,14,6,1
2022-23,22201089,1,1610612749,5,5,5,0,2
2022-23,22201089,1,1610612759,2,3,2,0,0
2022-23,22201089,2,1610612749,9,11,4,2,2
2022-23,22201089,2,1610612759,3,3,3,0,1
2022-23,22201089,3,1610612749,2,4,2,0,0
2022-23,22201089,3,1610612759,4,7,5,0,0
2022-23,22201089,4,1610612749,3,4,2,1,0
2022-23,22201089,4,1610612759,4,7,3,1,0
2022-23,22201090,1,1610612737,3,3,3,0,1
2022-23,22201090,1,1610612750,2,3,3,0,0
2022-23,22201090,2,1610612737,5,6,5,2,0
2022-23,22201090,2,1610612750,6,9,7,2,0
2022-23,22201090,3,1610612737,5,8,6,2,0
2022-23,22201090,3,1610612750,7,9,6,3,0
2022-23,22201090,4,1610612737,4,8,8,0,0
2022-23,22201090,4,1610612750,5,8,8,2,0
2022-23,22201091,1,1610612757,5,9,6,0,0
2022-23,22201091,1,1610612762,5,11,6,1,0
2022-23,22201091,2,1610612757,6,8,7,3,0
2022-23,22201091,2,1610612762,4,3,3,3,0
2022-23,22201091,3,1610612757,1,1,1,0,0
2022-23,22201091,3,1610612762,6,6,5,2,0
2022-23,22201091,4,1610612757,8,12,10,2,1
2022-23,22201091,4,1610612762,9,16,12,2,0
2022-23,22201092,1,1610612747,6,8,6,2,0
2022-23,22201092,1,1610612756,4,4,3,2,0
2022-23,22201092,2,1610612747,10,19,14,1,1
2022-23,22201092,2,1610612756,5,6,4,1,1
2022-23,22201092,3,1610612747,2,4,2,0,0
2022-23,22201092,3,1610612756,5,6,4,2,0
2022-23,22201092,4,1610612747,9,15,14,4,0
2022-23,22201092,4,1610612756,4,4,4,1,1
2022-23,22201093,1,1610612752,5,11,6,0,0
2022-23,22201093,1,1610612753,4,7,6,0,0
2022-23,22201093,2,1610612752,4,4,4,1,1
2022-23,22201093,2,1610612753,5,6,6,1,0
2022-23,22201093,3,1610612752,4,4,4,3,0
2022-23,22201093,3,1610612753,1,2,1,0,0
2022-23,22201093,4,1610612752,6,7,6,3,0
2022-23,22201093,4,1610612753,5,6,5,4,0
2022-23,22201094,1,1610612739,5,8,5,2,0
2022-23,22201094,1,1610612751,5,7,6,0,1
2022-23,22201094,2,1610612739,4,4,4,2,0
2022-23,22201094,2,1610612751,6,4,3,4,0
2022-23,22201094,3,1610612739,6,8,6,0,2
2022-23,22201094,3,1610612751,8,14,13,2,0
2022-23,22201094,4,1610612739,3,6,5,1,0
2022-23,22201094,4,1610612751,1,2,2,0,0
2022-23,22201095,1,1610612740,5,7,7,1,0
2022-23,22201095,1,1610612766,3,3,1,1,0
2022-23,22201095,2,1610612740,1,2,2,0,0
2022-23,22201095,2,1610612766,4,4,3,1,0
2022-23,22201095,3,1610612740,5,4,4,2,0
2022-23,22201095,3,1610612766,4,5,4,1,0
2022-23,22201095,4,1610612740,4,2,1,2,1
2022-23,22201095,4,1610612766,2,4,3,0,0
2022-23,22201096,1,1610612746,4,7,5,0,0
2022-23,22201096,1,1610612760,1,2,2,0,0
2022-23,22201096,2,1610612746,5,4,3,4,0
2022-23,22201096,2,1610612760,2,2,2,1,0
2022-23,22201096,3,1610612746,7,9,7,2,0
2022-23,22201096,3,1610612760,4,7,6,0,0
2022-23,22201096,4,1610612746,3,0,0,3,0
2022-23,22201096,4,1610612760,0,0,0,0,0
2022-23,22201097,1,1610612738,3,4,1,1,0
2022-23,22201097,1,1610612754,0,0,0,0,0
2022-23,22201097,2,1610612738,5,7,6,0,1
2022-23,22201097,2,1610612754,3,4,1,0,0
2022-23,22201097,3,1610612738,4,7,6,0,0
2022-23,22201097,3,1610612754,7,10,8,2,0
2022-23,22201097,4,1610612738,2,1,1,1,0
2022-23,22201097,4,1610612754,4,8,4,0,0
2022-23,22201098,1,1610612759,3,2,2,2,0
2022-23,22201098,1,1610612764,5,5,5,3,0
2022-23,22201098,2,1610612759,3,4,2,0,0
2022-23,22201098,2,1610612764,6,8,3,1,0
2022-23,22201098,3,1610612759,4,6,4,1,0
2022-23,22201098,3,1610612764,5,8,7,1,0
2022-23,22201098,4,1610612759,4,3,1,2,0
2022-23,22201098,4,1610612764,5,5,4,3,0
2022-23,22201099,1,1610612761,7,13,11,1,0
2022-23,22201099,1,1610612765,6,8,6,2,0
2022-23,22201099,2,1610612761,4,8,5,0,0
2022-23,22201099,2,1610612765,6,9,8,1,0
2022-23,22201099,3,1610612761,2,2,2,1,0
2022-23,22201099,3,1610612765,6,5,3,5,0
2022-23,22201099,4,1610612761,4,6,5,0,1
2022-23,22201099,4,1610612765,4,8,6,0,0
2022-23,22201100,1,1610612745,6,9,6,2,0
2022-23,22201100,1,1610612763,6,7,6,1,1
2022-23,22201100,2,1610612745,3,4,2,1,0
2022-23,22201100,2,1610612763,3,3,3,1,0
2022-23,22201100,3,1610612745,4,5,3,1,0
2022-23,22201100,3,1610612763,2,4,3,0,0
2022-23,22201100,4,1610612745,4,3,2,2,0
2022-23,22201100,4,1610612763,1,0,0,1,0
2022-23,22201101,1,1610612742,2,5,4,0,0
2022-23,22201101,1,1610612766,4,5,3,1,0
2022-23,22201101,2,1610612742,8,9,6,4,0
2022-23,22201101,2,1610612766,5,10,9,0,0
2022-23,22201101,3,1610612742,4,8,6,0,0
2022-23,22201101,3,1610612766,7,8,6,1,0
2022-23,22201101,4,1610612742,2,2,2,0,1
2022-23,22201101,4,1610612766,3,4,2,0,1
2022-23,22201102,1,1610612749,3,4,2,1,0
2022-23,22201102,1,1610612762,3,4,3,1,0
2022-23,22201102,2,1610612749,3,2,2,2,0
2022-23,22201102,2,1610612762,2,4,4,0,0
2022-23,22201102,3,1610612749,5,8,6,0,0
2022-23,22201102,3,1610612762,8,17,10,3,0
2022-23,22201102,4,1610612749,3,2,2,2,0
2022-23,22201102,4,1610612762,5,9,8,1,0
2022-23,22201103,1,1610612744,1,2,0,0,0
2022-23,22201103,1,1610612755,5,7,5,0,1
2022-23,22201103,2,1610612744,6,8,6,2,0
2022-23,22201103,2,1610612755,3,4,4,1,0
2022-23,22201103,3,1610612744,4,3,2,2,0
2022-23,22201103,3,1610612755,7,15,13,0,0
2022-23,22201103,4,1610612744,6,11,10,3,0
2022-23,22201103,4,1610612755,6,8,6,1,0
2022-23,22201104,1,1610612741,3,4,4,2,0
2022-23,22201104,1,1610612757,4,4,2,1,1
2022-23,22201104,2,1610612741,1,2,1,0,0
2022-23,22201104,2,1610612757,5,4,4,4,0
2022-23,22201104,3,1610612741,2,4,3,0,0
2022-23,22201104,3,1610612757,4,7,7,0,0
2022-23,22201104,4,1610612741,4,4,3,0,1
2022-23,22201104,4,1610612757,4,3,3,3,0
2022-23,22201105,1,1610612756,6,9,8,2,0
2022-23,22201105,1,1610612758,1,0,0,1,0
2022-23,22201105,2,1610612756,2,1,1,1,0
2022-23,22201105,2,1610612758,4,4,4,2,0
2022-23,22201105,3,1610612756,7,9,6,4,0
2022-23,22201105,3,1610612758,7,11,10,2,1
2022-23,22201105,4,1610612756,8,10,7,0,1
2022-23,22201105,4,1610612758,9,17,14,4,1
2022-23,22201106,1,1610612747,5,7,7,1,0
2022-23,22201106,1,1610612760,2,3,3,0,0
2022-23,22201106,2,1610612747,7,9,6,2,0
2022-23,22201106,2,1610612760,6,11,11,0,0
2022-23,22201106,3,1610612747,2,2,2,1,0
2022-23,22201106,3,1610612760,2,3,2,1,0
2022-23,22201106,4,1610612747,5,10,5,2,0
2022-23,22201106,4,1610612760,1,2,1,0,0
2022-23,22201107,1,1610612737,2,3,3,0,0
2022-23,22201107,1,1610612754,3,1,1,1,1
2022-23,22201107,2,1610612737,3,2,2,2,0
2022-23,22201107,2,1610612754,4,4,4,1,0
2022-23,22201107,3,1610612737,6,12,10,0,0
2022-23,22201107,3,1610612754,1,3,3,0,0
2022-23,22201107,4,1610612737,6,8,7,3,1
2022-23,22201107,4,1610612754,4,4,4,0,1
2022-23,22201108,1,1610612748,4,6,4,1,0
2022-23,22201108,1,1610612751,5,9,8,1,0
2022-23,22201108,2,1610612748,4,2,2,2,1
2022-23,22201108,2,1610612751,6,8,7,2,0
2022-23,22201108,3,1610612748,6,5,5,3,0
2022-23,22201108,3,1610612751,2,1,1,1,0
2022-23,22201108,4,1610612748,4,1,1,3,0
2022-23,22201108,4,1610612751,5,7,7,1,0
2022-23,22201109,1,1610612743,3,3,3,1,0
2022-23,22201109,1,1610612749,4,2,2,3,0
2022-23,22201109,2,1610612743,4,6,5,1,0
2022-23,22201109,2,1610612749,4,7,6,0,0
2022-23,22201109,3,1610612743,6,12,9,1,0
2022-23,22201109,3,1610612749,3,4,4,2,0
2022-23,22201109,4,1610612743,5,7,3,2,0
2022-23,22201109,4,1610612749,6,8,7,3,0
2022-23,22201110,1,1610612755,6,5,5,3,0
2022-23,22201110,1,1610612756,5,7,6,1,0
2022-23,22201110,2,1610612755,4,4,4,2,0
2022-23,22201110,2,1610612756,2,2,2,1,0
2022-23,22201110,3,1610612755,5,9,7,0,1
2022-23,22201110,3,1610612756,5,8,7,0,1
2022-23,22201110,4,1610612755,6,9,8,1,0
2022-23,22201110,4,1610612756,2,2,1,0,1
2022-23,22201111,1,1610612758,2,4,1,0,0
2022-23,22201111,1,1610612762,2,4,2,0,0
2022-23,22201111,2,1610612758,4,6,6,1,0
2022-23,22201111,2,1610612762,6,6,4,1,0
2022-23,22201111,3,1610612758,1,2,2,0,0
2022-23,22201111,3,1610612762,0,0,0,0,0
2022-23,22201111,4,1610612758,6,9,8,2,0
2022-23,22201111,4,1610612762,5,6,4,2,0
2022-23,22201112,1,1610612740,2,0,0,2,0
2022-23,22201112,1,1610612746,3,2,1,1,1
2022-23,22201112,2,1610612740,1,0,0,1,0
2022-23,22201112,2,1610612746,7,10,10,4,0
2022-23,22201112,3,1610612740,5,5,5,3,0
2022-23,22201112,3,1610612746,3,6,4,0,0
2022-23,22201112,4,1610612740,4,4,3,2,0
2022-23,22201112,4,1610612746,5,3,2,3,0
2022-23,22201113,1,1610612742,6,10,9,1,0
2022-23,22201113,1,1610612766,7,6,5,4,0
2022-23,22201113,2,1610612742,4,4,4,2,0
2022-23,22201113,2,1610612766,5,6,5,2,0
2022-23,22201113,3,1610612742,3,6,6,0,0
2022-23,22201113,3,1610612766,6,5,4,3,2
2022-23,22201113,4,1610612742,2,2,2,1,0
2022-23,22201113,4,1610612766,6,7,6,3,0
2022-23,22201114,1,1610612741,3,2,2,2,0
2022-23,22201114,1,1610612747,5,5,3,2,0
2022-23,22201114,2,1610612741,1,0,0,1,0
2022-23,22201114,2,1610612747,5,7,6,1,1
2022-23,22201114,3,1610612741,6,7,6,3,0
2022-23,22201114,3,1610612747,8,8,5,4,0
2022-23,22201114,4,1610612741,3,4,2,2,0
2022-23,22201114,4,1610612747,5,8,5,0,0
2022-23,22201115,1,1610612737,4,8,6,1,0
2022-23,22201115,1,1610612763,1,0,0,1,0
2022-23,22201115,2,1610612737,4,6,6,2,0
2022-23,22201115,2,1610612763,4,5,2,0,1
2022-23,22201115,3,1610612737,4,4,4,2,0
2022-23,22201115,3,1610612763,5,7,7,1,0
2022-23,22201115,4,1610612737,6,8,6,1,1
2022-23,22201115,4,1610612763,5,7,5,3,0
2022-23,22201116,1,1610612738,3,2,1,1,0
2022-23,22201116,1,1610612759,0,0,0,0,0
2022-23,22201116,2,1610612738,8,13,11,2,0
2022-23,22201116,2,1610612759,6,8,6,3,0
2022-23,22201116,3,1610612738,3,4,2,1,0
2022-23,22201116,3,1610612759,4,5,3,2,0
2022-23,22201116,4,1610612738,1,2,1,0,0
2022-23,22201116,4,1610612759,6,5,4,4,0
2022-23,22201117,1,1610612739,5,6,6,3,0
2022-23,22201117,1,1610612745,2,1,1,1,0
2022-23,22201117,2,1610612739,4,4,2,2,0
2022-23,22201117,2,1610612745,3,4,4,1,0
2022-23,22201117,3,1610612739,2,4,4,0,0
2022-23,22201117,3,1610612745,7,12,9,0,2
2022-23,22201117,4,1610612739,6,10,9,2,0
2022-23,22201117,4,1610612745,4,1,1,3,0
2022-23,22201118,1,1610612751,4,4,4,2,0
2022-23,22201118,1,1610612753,3,4,2,1,0
2022-23,22201118,2,1610612751,5,3,3,3,0
2022-23,22201118,2,1610612753,6,11,9,2,0
2022-23,22201118,3,1610612751,2,5,4,0,0
2022-23,22201118,3,1610612753,3,5,4,0,0
2022-23,22201118,4,1610612751,10,16,13,3,0
2022-23,22201118,4,1610612753,6,8,7,3,0
2022-23,22201119,1,1610612761,1,1,1,0,0
2022-23,22201119,1,1610612764,6,6,4,3,0
2022-23,22201119,2,1610612761,3,4,2,1,0
2022-23,22201119,2,1610612764,3,5,3,1,0
2022-23,22201119,3,1610612761,1,2,2,0,0
2022-23,22201119,3,1610612764,3,5,2,1,0
2022-23,22201119,4,1610612761,5,9,8,1,0
2022-23,22201119,4,1610612764,4,4,3,2,0
2022-23,22201120,1,1610612757,3,5,3,1,0
2022-23,22201120,1,1610612760,4,4,2,1,0
2022-23,22201120,2,1610612757,6,11,9,2,1
2022-23,22201120,2,1610612760,6,10,9,2,0
2022-23,22201120,3,1610612757,3,3,3,0,1
2022-23,22201120,3,1610612760,7,11,10,3,0
2022-23,22201120,4,1610612757,6,8,5,3,1
2022-23,22201120,4,1610612760,2,3,3,0,0
2022-23,22201121,1,1610612744,5,6,4,2,1
2022-23,22201121,1,1610612750,5,10,6,1,0
2022-23,22201121,2,1610612744,4,4,4,2,0
2022-23,22201121,2,1610612750,2,4,1,0,0
2022-23,22201121,3,1610612744,2,2,1,0,1
2022-23,22201121,3,1610612750,4,5,3,1,0
2022-23,22201121,4,1610612744,4,5,4,2,0
2022-23,22201121,4,1610612750,5,6,4,3,1
2022-23,22201122,1,1610612749,4,5,4,1,0
2022-23,22201122,1,1610612765,7,11,9,2,1
2022-23,22201122,2,1610612749,8,9,7,5,0
2022-23,22201122,2,1610612765,5,8,3,1,0
2022-23,22201122,3,1610612749,4,6,6,1,0
2022-23,22201122,3,1610612765,7,10,9,3,0
2022-23,22201122,4,1610612749,4,6,5,1,0
2022-23,22201122,4,1610612765,3,7,7,0,0
2022-23,22201123,1,1610612742,4,3,3,1,1
2022-23,22201123,1,1610612754,4,2,2,2,1
2022-23,22201123,2,1610612742,5,7,5,0,1
2022-23,22201123,2,1610612754,6,7,3,2,1
2022-23,22201123,3,1610612742,4,3,3,1,1
2022-23,22201123,3,1610612754,1,2,2,0,0
2022-23,22201123,4,1610612742,4,4,4,1,1
2022-23,22201123,4,1610612754,8,12,11,2,0
2022-23,22201124,1,1610612745,4,1,0,2,1
2022-23,22201124,1,1610612752,5,6,4,1,0
2022-23,22201124,2,1610612745,8,15,13,2,1
2022-23,22201124,2,1610612752,3,5,4,0,0
2022-23,22201124,3,1610612745,3,6,4,0,0
2022-23,22201124,3,1610612752,4,5,5,1,0
2022-23,22201124,4,1610612745,5,7,7,2,0
2022-23,22201124,4,1610612752,6,12,7,0,0
2022-23,22201125,1,1610612756,7,9,8,2,1
2022-23,22201125,1,1610612762,4,4,4,3,0
2022-23,22201125,2,1610612756,3,5,4,0,0
2022-23,22201125,2,1610612762,5,8,7,1,1
2022-23,22201125,3,1610612756,4,4,4,2,0
2022-23,22201125,3,1610612762,1,2,0,0,0
2022-23,22201125,4,1610612756,2,4,4,0,0
2022-23,22201125,4,1610612762,9,13,7,2,1
2022-23,22201126,1,1610612743,3,4,3,1,0
2022-23,22201126,1,1610612755,3,2,1,2,0
2022-23,22201126,2,1610612743,5,5,5,2,0
2022-23,22201126,2,1610612755,5,7,6,0,0
2022-23,22201126,3,1610612743,5,7,6,2,1
2022-23,22201126,3,1610612755,3,3,2,1,0
2022-23,22201126,4,1610612743,5,6,5,2,0
2022-23,22201126,4,1610612755,5,10,8,0,0
2022-23,22201127,1,1610612740,3,4,4,0,0
2022-23,22201127,1,1610612757,2,2,1,1,0
2022-23,22201127,2,1610612740,2,3,1,2,0
2022-23,22201127,2,1610612757,2,1,1,1,0
2022-23,22201127,3,1610612740,5,7,6,1,0
2022-23,22201127,3,1610612757,3,4,4,1,0
2022-23,22201127,4,1610612740,3,3,3,1,0
2022-23,22201127,4,1610612757,6,8,7,1,1
2022-23,22201128,1,1610612750,4,8,4,0,0
2022-23,22201128,1,1610612758,3,4,3,1,0
2022-23,22201128,2,1610612750,5,8,5,0,1
2022-23,22201128,2,1610612758,8,11,9,2,0
2022-23,22201128,3,1610612750,5,4,4,3,1
2022-23,22201128,3,1610612758,4,7,6,1,0
2022-23,22201128,4,1610612750,8,14,9,4,1
2022-23,22201128,4,1610612758,11,18,14,5,0
2022-23,22201129,1,1610612741,3,4,4,1,0
2022-23,22201129,1,1610612746,2,4,3,0,0
2022-23,22201129,2,1610612741,5,4,2,2,1
2022-23,22201129,2,1610612746,2,2,0,1,0
2022-23,22201129,3,1610612741,3,2,2,1,0
2022-23,22201129,3,1610612746,4,6,2,1,0
2022-23,22201129,4,1610612741,5,11,7,0,0
2022-23,22201129,4,1610612746,2,4,3,0,0
2022-23,22201130,1,1610612738,1,0,0,1,0
2022-23,22201130,1,1610612764,3,3,2,1,0
2022-23,22201130,2,1610612738,0,0,0,0,0
2022-23,22201130,2,1610612764,1,0,0,1,0
2022-23,22201130,3,1610612738,4,6,6,1,1
2022-23,22201130,3,1610612764,5,7,4,2,0
2022-23,22201130,4,1610612738,5,5,4,2,0
2022-23,22201130,4,1610612764,2,3,3,0,0
2022-23,22201131,1,1610612737,2,2,2,1,0
2022-23,22201131,1,1610612739,2,0,0,2,0
2022-23,22201131,2,1610612737,6,10,10,3,0
2022-23,22201131,2,1610612739,4,7,2,0,0
2022-23,22201131,3,1610612737,9,15,10,5,1
2022-23,22201131,3,1610612739,3,5,5,0,0
2022-23,22201131,4,1610612737,5,6,4,3,0
2022-23,22201131,4,1610612739,6,10,8,1,0
2022-23,22201132,1,1610612748,2,4,4,0,0
2022-23,22201132,1,1610612761,3,4,4,1,0
2022-23,22201132,2,1610612748,3,4,4,1,0
2022-23,22201132,2,1610612761,3,3,2,1,0
2022-23,22201132,3,1610612748,3,5,5,1,0
2022-23,22201132,3,1610612761,2,2,2,1,0
2022-23,22201132,4,1610612748,3,6,5,0,0
2022-23,22201132,4,1610612761,0,0,0,0,0
2022-23,22201133,1,1610612753,3,2,1,1,1
2022-23,22201133,1,1610612763,2,4,3,0,0
2022-23,22201133,2,1610612753,4,7,5,0,0
2022-23,22201133,2,1610612763,1,2,1,0,0
2022-23,22201133,3,1610612753,3,3,3,1,0
2022-23,22201133,3,1610612763,3,3,1,2,0
2022-23,22201133,4,1610612753,5,3,3,2,2
2022-23,22201133,4,1610612763,9,14,12,6,1
2022-23,22201134,1,1610612760,4,2,1,3,0
2022-23,22201134,1,1610612766,2,4,2,0,0
2022-23,22201134,2,1610612760,6,10,10,0,0
2022-23,22201134,2,1610612766,7,13,7,1,0
2022-23,22201134,3,1610612760,4,6,5,1,0
2022-23,22201134,3,1610612766,5,5,3,3,0
2022-23,22201134,4,1610612760,6,11,7,0,0
2022-23,22201134,4,1610612766,7,8,7,3,0
2022-23,22201135,1,1610612740,4,3,3,3,0
2022-23,22201135,1,1610612744,1,1,1,1,0
2022-23,22201135,2,1610612740,4,4,3,1,0
2022-23,22201135,2,1610612744,5,5,5,3,0
2022-23,22201135,3,1610612740,6,7,7,1,2
2022-23,22201135,3,1610612744,7,11,7,3,0
2022-23,22201135,4,1610612740,1,0,0,1,0
2022-23,22201135,4,1610612744,4,5,3,0,1
2022-23,22201136,1,1610612749,5,9,7,0,0
2022-23,22201136,1,1610612754,2,2,2,1,0
2022-23,22201136,2,1610612749,4,4,2,2,0
2022-23,22201136,2,1610612754,2,3,2,0,0
2022-23,22201136,3,1610612749,10,14,11,1,0
2022-23,22201136,3,1610612754,6,9,8,1,0
2022-23,22201136,4,1610612749,5,3,3,2,0
2022-23,22201136,4,1610612754,5,8,4,1,0
2022-23,22201137,1,1610612745,2,2,0,1,0
2022-23,22201137,1,1610612751,2,4,2,0,0
2022-23,22201137,2,1610612745,5,6,5,3,0
2022-23,22201137,2,1610612751,6,10,6,2,0
2022-23,22201137,3,1610612745,5,4,2,2,0
2022-23,22201137,3,1610612751,6,9,6,1,1
2022-23,22201137,4,1610612745,6,9,6,2,0
2022-23,22201137,4,1610612751,4,4,4,4,0
2022-23,22201138,1,1610612748,3,4,3,1,0
2022-23,22201138,1,1610612752,6,6,0,3,1
2022-23,22201138,2,1610612748,3,4,3,1,0
2022-23,22201138,2,1610612752,5,7,5,2,0
2022-23,22201138,3,1610612748,3,4,2,1,0
2022-23,22201138,3,1610612752,2,3,2,0,0
2022-23,22201138,4,1610612748,3,2,1,1,1
2022-23,22201138,4,1610612752,3,7,5,0,0
2022-23,22201139,1,1610612742,5,5,5,1,0
2022-23,22201139,1,1610612755,4,6,5,1,0
2022-23,22201139,2,1610612742,4,7,4,1,0
2022-23,22201139,2,1610612755,7,11,9,2,0
2022-23,22201139,3,1610612742,5,6,5,2,0
2022-23,22201139,3,1610612755,3,6,6,0,0
2022-23,22201139,4,1610612742,4,0,0,3,1
2022-23,22201139,4,1610612755,7,7,5,4,1
2022-23,22201140,1,1610612741,4,4,2,1,1
2022-23,22201140,1,1610612747,2,4,2,0,0
2022-23,22201140,2,1610612741,1,2,2,0,0
2022-23,22201140,2,1610612747,7,12,10,1,0
2022-23,22201140,3,1610612741,3,1,1,1,1
2022-23,22201140,3,1610612747,5,6,6,1,2
2022-23,22201140,4,1610612741,5,6,6,1,0
2022-23,22201140,4,1610612747,6,8,6,1,0
2022-23,22201141,1,1610612746,1,1,0,0,0
2022-23,22201141,1,1610612763,2,2,1,1,0
2022-23,22201141,2,1610612746,6,11,9,1,0
2022-23,22201141,2,1610612763,7,9,8,2,0
2022-23,22201141,3,1610612746,6,11,8,1,0
2022-23,22201141,3,1610612763,8,13,11,2,1
2022-23,22201141,4,1610612746,5,8,6,2,0
2022-23,22201141,4,1610612763,3,4,3,1,0
2022-23,22201142,1,1610612760,5,9,5,1,0
2022-23,22201142,1,1610612765,4,4,3,2,0
2022-23,22201142,2,1610612760,4,4,4,1,0
2022-23,22201142,2,1610612765,3,3,3,1,0
2022-23,22201142,3,1610612760,5,7,6,1,0
2022-23,22201142,3,1610612765,5,3,2,3,1
2022-23,22201142,4,1610612760,4,5,4,1,0
2022-23,22201142,4,1610612765,5,4,2,3,1
2022-23,22201143,1,1610612759,5,8,8,1,1
2022-23,22201143,1,1610612762,3,6,6,0,0
2022-23,22201143,2,1610612759,5,8,5,2,0
2022-23,22201143,2,1610612762,3,3,1,1,0
2022-23,22201143,3,1610612759,3,2,1,2,0
2022-23,22201143,3,1610612762,3,6,6,0,0
2022-23,22201143,4,1610612759,3,3,3,0,1
2022-23,22201143,4,1610612762,4,5,5,1,0
2022-23,22201144,1,1610612750,1,1,1,0,0
2022-23,22201144,1,1610612756,0,0,0,0,0
2022-23,22201144,2,1610612750,4,4,3,2,0
2022-23,22201144,2,1610612756,5,7,4,1,1
2022-23,22201144,3,1610612750,5,4,3,2,2
2022-23,22201144,3,1610612756,8,13,11,3,1
2022-23,22201144,4,1610612750,3,3,1,1,0
2022-23,22201144,4,1610612756,5,7,6,3,0
2022-23,22201145,1,1610612757,2,2,2,1,0
2022-23,22201145,1,1610612758,3,4,3,0,1
2022-23,22201145,2,1610612757,4,5,5,1,0
2022-23,22201145,2,1610612758,4,6,4,0,1
2022-23,22201145,3,1610612757,2,0,0,2,0
2022-23,22201145,3,1610612758,5,8,6,1,0
2022-23,22201145,4,1610612757,3,5,4,0,0
2022-23,22201145,4,1610612758,3,6,5,0,0
2022-23,22201146,1,1610612738,1,0,0,0,1
2022-23,22201146,1,1610612749,5,4,3,3,0
2022-23,22201146,2,1610612738,6,10,9,0,1
2022-23,22201146,2,1610612749,4,3,3,2,0
2022-23,22201146,3,1610612738,2,2,2,1,0
2022-23,22201146,3,1610612749,2,0,0,2,0
2022-23,22201146,4,1610612738,6,8,5,2,1
2022-23,22201146,4,1610612749,6,6,3,1,2
2022-23,22201147,1,1610612740,4,2,1,2,0
2022-23,22201147,1,1610612743,2,3,3,1,0
2022-23,22201147,2,1610612740,3,4,4,1,0
2022-23,22201147,2,1610612743,2,4,2,0,0
2022-23,22201147,3,1610612740,5,7,7,2,0
2022-23,22201147,3,1610612743,11,17,11,5,2
2022-23,22201147,4,1610612740,6,9,6,3,0
2022-23,22201147,4,1610612743,7,8,4,2,2
2022-23,22201148,1,1610612741,5,7,6,1,0
2022-23,22201148,1,1610612766,1,1,0,0,0
2022-23,22201148,2,1610612741,4,6,6,1,0
2022-23,22201148,2,1610612766,3,2,1,2,0
2022-23,22201148,3,1610612741,5,6,4,1,0
2022-23,22201148,3,1610612766,3,4,3,1,0
2022-23,22201148,4,1610612741,5,3,2,3,0
2022-23,22201148,4,1610612766,5,3,3,3,1
2022-23,22201149,1,1610612754,2,0,0,2,0
2022-23,22201149,1,1610612760,4,4,4,2,0
2022-23,22201149,2,1610612754,9,14,9,2,1
2022-23,22201149,2,1610612760,5,7,5,1,0
2022-23,22201149,3,1610612754,5,4,3,2,0
2022-23,22201149,3,1610612760,7,13,11,1,0
2022-23,22201149,4,1610612754,7,10,7,5,0
2022-23,22201149,4,1610612760,5,10,9,1,0
2022-23,22201150,1,1610612755,3,4,3,1,0
2022-23,22201150,1,1610612761,3,5,3,1,0
2022-23,22201150,2,1610612755,4,5,5,0,0
2022-23,22201150,2,1610612761,3,5,4,1,0
2022-23,22201150,3,1610612755,4,6,6,1,0
2022-23,22201150,3,1610612761,6,9,8,2,0
2022-23,22201150,4,1610612755,6,10,9,4,0
2022-23,22201150,4,1610612761,5,4,3,3,0
2022-23,22201151,1,1610612753,5,5,2,3,0
2022-23,22201151,1,1610612764,3,3,3,2,0
2022-23,22201151,2,1610612753,2,4,4,0,0
2022-23,22201151,2,1610612764,2,3,3,0,0
2022-23,22201151,3,1610612753,4,3,3,2,0
2022-23,22201151,3,1610612764,5,3,2,1,1
2022-23,22201151,4,1610612753,8,14,11,4,0
2022-23,22201151,4,1610612764,5,3,2,1,2
2022-23,22201152,1,1610612738,4,6,6,1,0
2022-23,22201152,1,1610612762,0,0,0,0,0
2022-23,22201152,2,1610612738,5,7,7,2,0
2022-23,22201152,2,1610612762,3,0,0,3,0
2022-23,22201152,3,1610612738,1,3,2,0,0
2022-23,22201152,3,1610612762,2,2,2,1,0
2022-23,22201152,4,1610612738,4,6,6,2,0
2022-23,22201152,4,1610612762,7,12,11,3,0
2022-23,22201153,1,1610612737,3,5,3,0,0
2022-23,22201153,1,1610612751,0,0,0,0,0
2022-23,22201153,2,1610612737,4,8,8,0,0
2022-23,22201153,2,1610612751,3,2,0,2,0
2022-23,22201153,3,1610612737,3,2,2,2,0
2022-23,22201153,3,1610612751,6,7,7,2,0
2022-23,22201153,4,1610612737,5,8,8,1,0
2022-23,22201153,4,1610612751,4,4,4,1,0
2022-23,22201154,1,1610612739,5,8,7,1,0
2022-23,22201154,1,1610612752,5,6,5,2,0
2022-23,22201154,2,1610612739,1,0,0,1,0
2022-23,22201154,2,1610612752,4,5,2,1,0
2022-23,22201154,3,1610612739,3,3,2,1,0
2022-23,22201154,3,1610612752,5,8,6,0,0
2022-23,22201154,4,1610612739,3,2,2,2,0
2022-23,22201154,4,1610612752,5,5,2,2,1
2022-23,22201155,1,1610612745,5,6,5,2,0
2022-23,22201155,1,1610612765,5,9,6,0,0
2022-23,22201155,2,1610612745,3,3,2,2,0
2022-23,22201155,2,1610612765,4,3,3,1,2
2022-23,22201155,3,1610612745,9,16,13,2,0
2022-23,22201155,3,1610612765,5,4,2,4,0
2022-23,22201155,4,1610612745,10,20,14,2,1
2022-23,22201155,4,1610612765,6,11,7,3,0
2022-23,22201156,1,1610612746,7,11,10,2,0
2022-23,22201156,1,1610612763,4,6,5,0,0
2022-23,22201156,2,1610612746,2,1,0,1,0
2022-23,22201156,2,1610612763,2,3,1,0,0
2022-23,22201156,3,1610612746,1,2,2,0,0
2022-23,22201156,3,1610612763,7,7,6,3,0
2022-23,22201156,4,1610612746,2,4,3,0,0
2022-23,22201156,4,1610612763,1,1,1,0,0
2022-23,22201157,1,1610612747,1,2,1,0,0
2022-23,22201157,1,1610612750,3,4,2,1,0
2022-23,22201157,2,1610612747,4,5,4,1,0
2022-23,22201157,2,1610612750,5,6,5,1,0
2022-23,22201157,3,1610612747,7,10,7,4,0
2022-23,22201157,3,1610612750,4,2,2,2,0
2022-23,22201157,4,1610612747,9,13,12,6,0
2022-23,22201157,4,1610612750,4,7,7,1,0
2022-23,22201158,1,1610612744,5,6,3,1,0
2022-23,22201158,1,1610612759,4,9,6,1,0
2022-23,22201158,2,1610612744,4,4,3,1,0
2022-23,22201158,2,1610612759,2,1,0,1,0
2022-23,22201158,3,1610612744,2,3,3,0,0
2022-23,22201158,3,1610612759,2,4,3,0,0
2022-23,22201158,4,1610612744,7,8,6,3,1
2022-23,22201158,4,1610612759,8,9,7,4,1
2022-23,22201159,1,1610612757,3,2,2,1,1
2022-23,22201159,1,1610612758,4,4,4,2,0
2022-23,22201159,2,1610612757,9,14,7,1,2
2022-23,22201159,2,1610612758,3,4,2,1,0
2022-23,22201159,3,1610612757,4,5,4,1,0
2022-23,22201159,3,1610612758,3,4,3,2,0
2022-23,22201159,4,1610612757,4,2,2,2,1
2022-23,22201159,4,1610612758,3,3,2,1,0
2022-23,22201160,1,1610612743,4,6,2,0,0
2022-23,22201160,1,1610612756,3,5,5,1,0
2022-23,22201160,2,1610612743,6,7,3,2,0
2022-23,22201160,2,1610612756,6,9,6,3,1
2022-23,22201160,3,1610612743,5,7,6,0,1
2022-23,22201160,3,1610612756,2,2,2,1,0
2022-23,22201160,4,1610612743,0,0,0,0,0
2022-23,22201160,4,1610612756,4,5,3,2,0
2022-23,22201161,1,1610612742,3,3,3,1,0
2022-23,22201161,1,1610612748,7,9,9,1,1
2022-23,22201161,2,1610612742,4,5,4,2,0
2022-23,22201161,2,1610612748,5,10,9,1,0
2022-23,22201161,3,1610612742,5,4,4,3,0
2022-23,22201161,3,1610612748,1,2,2,0,0
2022-23,22201161,4,1610612742,2,4,3,0,0
2022-23,22201161,4,1610612748,6,8,6,4,0
2022-23,22201162,1,1610612740,4,4,3,2,0
2022-23,22201162,1,1610612746,5,8,6,0,2
2022-23,22201162,2,1610612740,11,15,12,2,2
2022-23,22201162,2,1610612746,3,5,4,0,0
2022-23,22201162,3,1610612740,6,7,7,2,0
2022-23,22201162,3,1610612746,6,8,8,1,0
2022-23,22201162,4,1610612740,6,9,9,4,0
2022-23,22201162,4,1610612746,1,2,1,0,0
2022-23,22201163,1,1610612761,3,2,2,2,0
2022-23,22201163,1,1610612766,1,2,2,0,0
2022-23,22201163,2,1610612761,2,0,0,2,0
2022-23,22201163,2,1610612766,4,2,1,3,0
2022-23,22201163,3,1610612761,2,3,3,0,0
2022-23,22201163,3,1610612766,5,6,5,1,0
2022-23,22201163,4,1610612761,2,3,3,0,0
2022-23,22201163,4,1610612766,2,3,1,0,0
2022-23,22201164,1,1610612751,2,4,4,0,0
2022-23,22201164,1,1610612762,4,4,1,2,0
2022-23,22201164,2,1610612751,4,5,3,1,0
2022-23,22201164,2,1610612762,5,4,3,3,0
2022-23,22201164,3,1610612751,8,13,11,1,0
2022-23,22201164,3,1610612762,5,7,4,0,1
2022-23,22201164,4,1610612751,6,12,8,3,0
2022-23,22201164,4,1610612762,10,15,14,4,2
2022-23,22201165,1,1610612741,5,7,6,0,1
2022-23,22201165,1,1610612763,3,3,3,1,0
2022-23,22201165,2,1610612741,3,2,2,1,0
2022-23,22201165,2,1610612763,3,2,2,1,1
2022-23,22201165,3,1610612741,5,5,4,0,1
2022-23,22201165,3,1610612763,3,5,3,1,0
2022-23,22201165,4,1610612741,5,8,7,1,0
2022-23,22201165,4,1610612763,4,2,2,3,0
2022-23,22201166,1,1610612750,7,7,6,4,0
2022-23,22201166,1,1610612757,4,7,4,0,0
2022-23,22201166,2,1610612750,5,6,3,0,1
2022-23,22201166,2,1610612757,2,1,1,1,0
2022-23,22201166,3,1610612750,4,3,3,3,0
2022-23,22201166,3,1610612757,4,5,2,1,0
2022-23,22201166,4,1610612750,7,7,6,3,0
2022-23,22201166,4,1610612757,5,7,5,2,0
2022-23,22201167,1,1610612737,2,4,3,0,0
2022-23,22201167,1,1610612742,4,7,4,0,0
2022-23,22201167,2,1610612737,5,8,7,1,0
2022-23,22201167,2,1610612742,5,8,7,1,0
2022-23,22201167,3,1610612737,4,4,3,2,0
2022-23,22201167,3,1610612742,2,2,1,1,0
2022-23,22201167,4,1610612737,1,2,2,0,0
2022-23,22201167,4,1610612742,9,15,10,3,1
2022-23,22201168,1,1610612752,3,2,2,1,1
2022-23,22201168,1,1610612764,2,5,5,0,0
2022-23,22201168,2,1610612752,5,6,4,2,0
2022-23,22201168,2,1610612764,4,2,2,3,0
2022-23,22201168,3,1610612752,2,4,4,0,0
2022-23,22201168,3,1610612764,5,4,3,4,0
2022-23,22201168,4,1610612752,5,6,3,2,0
2022-23,22201168,4,1610612764,5,7,5,1,0
2022-23,22201169,1,1610612753,6,9,4,1,1
2022-23,22201169,1,1610612765,7,10,7,3,0
2022-23,22201169,2,1610612753,6,8,4,3,0
2022-23,22201169,2,1610612765,6,12,9,1,0
2022-23,22201169,3,1610612753,6,12,8,0,0
2022-23,22201169,3,1610612765,3,2,1,2,0
2022-23,22201169,4,1610612753,9,11,9,1,0
2022-23,22201169,4,1610612765,9,12,12,5,0
2022-23,22201170,1,1610612758,6,7,5,2,1
2022-23,22201170,1,1610612759,3,6,6,0,0
2022-23,22201170,2,1610612758,5,6,6,2,0
2022-23,22201170,2,1610612759,7,8,5,2,2
2022-23,22201170,3,1610612758,5,8,5,1,0
2022-23,22201170,3,1610612759,4,6,5,0,0
2022-23,22201170,4,1610612758,3,6,5,0,1
2022-23,22201170,4,1610612759,2,2,2,0,1
2022-23,22201171,1,1610612745,1,2,2,0,0
2022-23,22201171,1,1610612747,3,3,3,1,0
2022-23,22201171,2,1610612745,3,3,2,1,0
2022-23,22201171,2,1610612747,6,8,5,2,0
2022-23,22201171,3,1610612745,2,3,2,0,0
2022-23,22201171,3,1610612747,5,10,8,0,0
2022-23,22201171,4,1610612745,3,2,2,2,0
2022-23,22201171,4,1610612747,4,7,5,1,0
2022-23,22201172,1,1610612756,0,0,0,0,0
2022-23,22201172,1,1610612760,5,6,5,3,0
2022-23,22201172,2,1610612756,8,12,11,2,1
2022-23,22201172,2,1610612760,5,9,8,1,0
2022-23,22201172,3,1610612756,7,8,7,4,2
2022-23,22201172,3,1610612760,10,17,14,1,1
2022-23,22201172,4,1610612756,5,8,5,1,1
2022-23,22201172,4,1610612760,6,9,8,2,1
2022-23,22201173,1,1610612739,3,3,2,1,0
2022-23,22201173,1,1610612754,3,4,2,1,0
2022-23,22201173,2,1610612739,6,8,5,4,0
2022-23,22201173,2,1610612754,8,13,11,1,2
2022-23,22201173,3,1610612739,6,9,8,3,0
2022-23,22201173,3,1610612754,4,6,5,0,1
2022-23,22201173,4,1610612739,6,6,3,3,2
2022-23,22201173,4,1610612754,5,6,6,2,0
2022-23,22201174,1,1610612749,4,6,4,2,0
2022-23,22201174,1,1610612755,3,2,2,2,0
2022-23,22201174,2,1610612749,3,2,1,2,0
2022-23,22201174,2,1610612755,4,3,3,2,0
2022-23,22201174,3,1610612749,6,9,9,1,0
2022-23,22201174,3,1610612755,5,7,7,1,1
2022-23,22201174,4,1610612749,3,4,1,0,0
2022-23,22201174,4,1610612755,2,1,0,1,0
2022-23,22201175,1,1610612743,5,2,2,3,0
2022-23,22201175,1,1610612744,4,6,6,1,1
2022-23,22201175,2,1610612743,5,4,4,3,0
2022-23,22201175,2,1610612744,3,1,1,1,1
2022-23,22201175,3,1610612743,6,9,8,2,2
2022-23,22201175,3,1610612744,7,9,9,1,3
2022-23,22201175,4,1610612743,3,3,1,2,0
2022-23,22201175,4,1610612744,2,1,1,1,0
2022-23,22201176,1,1610612761,7,10,6,4,0
2022-23,22201176,1,1610612766,5,7,5,1,0
2022-23,22201176,2,1610612761,3,3,2,1,0
2022-23,22201176,2,1610612766,2,2,2,1,0
2022-23,22201176,3,1610612761,6,5,5,4,0
2022-23,22201176,3,1610612766,4,5,5,1,0
2022-23,22201176,4,1610612761,6,10,8,1,0
2022-23,22201176,4,1610612766,6,5,4,1,1
2022-23,22201177,1,1610612748,3,4,4,2,0
2022-23,22201177,1,1610612765,3,7,6,0,0
2022-23,22201177,2,1610612748,5,4,3,2,2
2022-23,22201177,2,1610612765,6,8,7,2,0
2022-23,22201177,3,1610612748,6,8,6,2,1
2022-23,22201177,3,1610612765,3,2,1,2,0
2022-23,22201177,4,1610612748,7,10,10,3,0
2022-23,22201177,4,1610612765,5,10,8,0,0
2022-23,22201178,1,1610612739,4,4,4,1,1
2022-23,22201178,1,1610612753,7,10,7,3,1
2022-23,22201178,2,1610612739,6,9,8,2,0
2022-23,22201178,2,1610612753,1,2,2,0,0
2022-23,22201178,3,1610612739,4,4,3,2,0
2022-23,22201178,3,1610612753,3,2,2,2,0
2022-23,22201178,4,1610612739,3,3,3,3,0
2022-23,22201178,4,1610612753,4,3,2,3,0
2022-23,22201179,1,1610612749,7,8,4,3,0
2022-23,22201179,1,1610612764,4,4,1,1,1
2022-23,22201179,2,1610612749,6,10,7,1,1
2022-23,22201179,2,1610612764,5,8,7,1,0
2022-23,22201179,3,1610612749,5,8,5,1,0
2022-23,22201179,3,1610612764,3,5,3,0,0
2022-23,22201179,4,1610612749,2,3,1,0,0
2022-23,22201179,4,1610612764,3,4,4,1,0
2022-23,22201180,1,1610612750,6,6,4,3,0
2022-23,22201180,1,1610612751,5,8,7,0,2
2022-23,22201180,2,1610612750,2,2,2,0,1
2022-23,22201180,2,1610612751,3,3,3,1,0
2022-23,22201180,3,1610612750,3,3,2,1,0
2022-23,22201180,3,1610612751,0,0,0,0,0
2022-23,22201180,4,1610612750,7,11,9,3,0
2022-23,22201180,4,1610612751,4,3,1,2,0
2022-23,22201181,1,1610612738,2,2,1,1,1
2022-23,22201181,1,1610612755,5,7,6,0,1
2022-23,22201181,2,1610612738,3,4,4,1,0
2022-23,22201181,2,1610612755,3,2,2,3,0
2022-23,22201181,3,1610612738,4,1,1,4,0
2022-23,22201181,3,1610612755,4,2,2,1,2
2022-23,22201181,4,1610612738,7,9,4,3,0
2022-23,22201181,4,1610612755,4,5,4,1,1
2022-23,22201182,1,1610612737,5,5,5,2,0
2022-23,22201182,1,1610612741,3,6,4,0,0
2022-23,22201182,2,1610612737,3,4,4,0,0
2022-23,22201182,2,1610612741,3,2,2,2,0
2022-23,22201182,3,1610612737,4,6,5,0,1
2022-23,22201182,3,1610612741,6,7,6,4,0
2022-23,22201182,4,1610612737,5,4,3,2,0
2022-23,22201182,4,1610612741,4,5,4,0,1
2022-23,22201183,1,1610612743,2,1,0,1,0
2022-23,22201183,1,1610612745,4,5,4,0,1
2022-23,22201183,2,1610612743,3,2,1,2,0
2022-23,22201183,2,1610612745,5,7,5,2,0
2022-23,22201183,3,1610612743,8,11,6,4,1
2022-23,22201183,3,1610612745,5,5,4,1,0
2022-23,22201183,4,1610612743,2,4,3,0,0
2022-23,22201183,4,1610612745,4,7,5,0,0
2022-23,22201184,1,1610612757,1,3,2,0,0
2022-23,22201184,1,1610612763,3,6,6,0,0
2022-23,22201184,2,1610612757,6,12,8,0,0
2022-23,22201184,2,1610612763,2,2,2,1,0
2022-23,22201184,3,1610612757,0,0,0,0,0
2022-23,22201184,3,1610612763,7,9,6,1,1
2022-23,22201184,4,1610612757,1,2,1,0,0
2022-23,22201184,4,1610612763,5,5,3,2,0
2022-23,22201185,1,1610612740,3,7,6,0,0
2022-23,22201185,1,1610612758,4,2,1,2,1
2022-23,22201185,2,1610612740,3,3,3,0,1
2022-23,22201185,2,1610612758,3,6,5,0,0
2022-23,22201185,3,1610612740,9,14,10,4,1
2022-23,22201185,3,1610612758,3,4,3,2,0
2022-23,22201185,4,1610612740,6,3,3,1,3
2022-23,22201185,4,1610612758,3,3,3,1,0
2022-23,22201186,1,1610612747,5,9,7,0,0
2022-23,22201186,1,1610612762,0,0,0,0,0
2022-23,22201186,2,1610612747,4,5,4,1,0
2022-23,22201186,2,1610612762,6,8,6,4,0
2022-23,22201186,3,1610612747,6,10,8,2,0
2022-23,22201186,3,1610612762,6,12,9,0,0
2022-23,22201186,4,1610612747,7,7,6,4,0
2022-23,22201186,4,1610612762,4,8,7,0,0
2022-23,22201187,1,1610612744,5,6,6,2,1
2022-23,22201187,1,1610612760,6,9,5,1,0
2022-23,22201187,2,1610612744,4,4,2,2,0
2022-23,22201187,2,1610612760,7,12,10,0,0
2022-23,22201187,3,1610612744,4,7,6,0,0
2022-23,22201187,3,1610612760,3,7,5,0,0
2022-23,22201187,4,1610612744,7,13,8,2,1
2022-23,22201187,4,1610612760,4,7,6,0,0
2022-23,22201188,1,1610612756,4,8,7,0,0
2022-23,22201188,1,1610612759,3,2,1,1,1
2022-23,22201188,2,1610612756,2,3,2,0,0
2022-23,22201188,2,1610612759,5,6,5,1,1
2022-23,22201188,3,1610612756,4,8,7,0,0
2022-23,22201188,3,1610612759,0,0,0,0,0
2022-23,22201188,4,1610612756,6,7,3,3,0
2022-23,22201188,4,1610612759,3,6,5,0,0
2022-23,22201189,1,1610612751,5,7,5,0,1
2022-23,22201189,1,1610612765,2,3,3,0,0
2022-23,22201189,2,1610612751,6,8,4,1,0
2022-23,22201189,2,1610612765,2,1,1,1,0
2022-23,22201189,3,1610612751,3,4,3,1,0
2022-23,22201189,3,1610612765,3,4,4,1,0
2022-23,22201189,4,1610612751,3,4,4,1,0
2022-23,22201189,4,1610612765,4,6,5,1,0
2022-23,22201190,1,1610612752,5,8,5,1,0
2022-23,22201190,1,1610612754,0,0,0,0,0
2022-23,22201190,2,1610612752,2,1,1,1,0
2022-23,22201190,2,1610612754,10,16,13,1,1
2022-23,22201190,3,1610612752,2,3,2,0,0
2022-23,22201190,3,1610612754,5,9,7,1,0
2022-23,22201190,4,1610612752,7,13,8,0,2
2022-23,22201190,4,1610612754,4,5,4,1,0
2022-23,22201191,1,1610612737,3,4,2,2,0
2022-23,22201191,1,1610612764,3,4,2,1,0
2022-23,22201191,2,1610612737,7,13,12,2,0
2022-23,22201191,2,1610612764,5,7,5,0,1
2022-23,22201191,3,1610612737,8,12,12,3,0
2022-23,22201191,3,1610612764,6,9,9,1,2
2022-23,22201191,4,1610612737,7,11,9,2,1
2022-23,22201191,4,1610612764,6,6,4,2,0
2022-23,22201192,1,1610612738,3,4,3,1,0
2022-23,22201192,1,1610612761,1,2,2,0,0
2022-23,22201192,2,1610612738,4,0,0,3,1
2022-23,22201192,2,1610612761,2,2,0,1,0
2022-23,22201192,3,1610612738,5,8,3,2,0
2022-23,22201192,3,1610612761,7,10,10,3,0
2022-23,22201192,4,1610612738,6,6,4,3,1
2022-23,22201192,4,1610612761,3,3,1,1,0
2022-23,22201193,1,1610612741,1,0,0,1,0
2022-23,22201193,1,1610612749,1,2,2,0,0
2022-23,22201193,2,1610612741,4,5,4,1,0
2022-23,22201193,2,1610612749,1,0,0,1,0
2022-23,22201193,3,1610612741,4,2,2,2,1
2022-23,22201193,3,1610612749,3,3,2,1,0
2022-23,22201193,4,1610612741,4,4,3,1,1
2022-23,22201193,4,1610612749,4,6,5,1,0
2022-23,22201194,1,1610612740,3,3,3,1,0
2022-23,22201194,1,1610612763,4,3,2,1,1
2022-23,22201194,2,1610612740,5,8,5,1,0
2022-23,22201194,2,1610612763,4,6,5,0,0
2022-23,22201194,3,1610612740,6,8,5,1,1
2022-23,22201194,3,1610612763,4,5,4,1,0
2022-23,22201194,4,1610612740,8,16,14,2,0
2022-23,22201194,4,1610612763,7,11,8,3,0
2022-23,22201195,1,1610612742,4,4,2,1,0
2022-23,22201195,1,1610612758,3,4,3,1,0
2022-23,22201195,2,1610612742,4,5,5,1,0
2022-23,22201195,2,1610612758,3,2,2,1,0
2022-23,22201195,3,1610612742,6,7,6,4,0
2022-23,22201195,3,1610612758,6,10,7,2,0
2022-23,22201195,4,1610612742,4,2,2,3,0
2022-23,22201195,4,1610612758,3,3,3,1,0
2022-23,22201196,1,1610612746,1,0,0,1,0
2022-23,22201196,1,1610612747,5,6,2,2,0
2022-23,22201196,2,1610612746,3,4,4,1,0
2022-23,22201196,2,1610612747,5,6,5,3,0
2022-23,22201196,3,1610612746,7,13,11,0,0
2022-23,22201196,3,1610612747,3,6,4,0,0
2022-23,22201196,4,1610612746,6,10,8,3,0
2022-23,22201196,4,1610612747,4,6,5,1,0
2022-23,22201197,1,1610612739,4,5,4,1,0
2022-23,22201197,1,1610612753,5,3,3,3,0
2022-23,22201197,2,1610612739,0,0,0,0,0
2022-23,22201197,2,1610612753,2,3,3,0,0
2022-23,22201197,3,1610612739,2,0,0,2,0
2022-23,22201197,3,1610612753,6,5,4,2,2
2022-23,22201197,4,1610612739,3,4,4,1,0
2022-23,22201197,4,1610612753,6,8,5,2,1
2022-23,22201198,1,1610612748,4,6,5,1,0
2022-23,22201198,1,1610612755,5,6,5,1,0
2022-23,22201198,2,1610612748,3,3,3,2,0
2022-23,22201198,2,1610612755,2,2,1,1,0
2022-23,22201198,3,1610612748,3,4,3,0,0
2022-23,22201198,3,1610612755,1,0,0,1,0
2022-23,22201198,4,1610612748,2,2,2,1,0
2022-23,22201198,4,1610612755,4,7,7,0,0
2022-23,22201199,1,1610612757,1,0,0,1,0
2022-23,22201199,1,1610612759,5,9,8,0,0
2022-23,22201199,2,1610612757,4,6,6,0,0
2022-23,22201199,2,1610612759,6,8,8,1,0
2022-23,22201199,3,1610612757,4,8,7,0,0
2022-23,22201199,3,1610612759,4,5,3,1,0
2022-23,22201199,4,1610612757,3,4,2,0,1
2022-23,22201199,4,1610612759,5,6,6,3,0
2022-23,22201200,1,1610612760,6,10,7,1,0
2022-23,22201200,1,1610612762,3,2,1,2,0
2022-23,22201200,2,1610612760,4,2,2,2,1
2022-23,22201200,2,1610612762,7,6,6,3,0
2022-23,22201200,3,1610612760,4,8,6,0,0
2022-23,22201200,3,1610612762,1,0,0,1,0
2022-23,22201200,4,1610612760,4,6,6,0,1
2022-23,22201200,4,1610612762,6,8,4,3,0
2022-23,22201201,1,1610612743,6,8,7,3,0
2022-23,22201201,1,1610612756,4,6,4,1,0
2022-23,22201201,2,1610612743,2,2,1,1,0
2022-23,22201201,2,1610612756,3,4,4,2,0
2022-23,22201201,3,1610612743,3,6,4,0,0
2022-23,22201201,3,1610612756,6,9,6,1,0
2022-23,22201201,4,1610612743,4,7,7,0,0
2022-23,22201201,4,1610612756,4,6,6,1,0
2022-23,22201202,1,1610612745,3,6,5,0,0
2022-23,22201202,1,1610612766,4,3,3,1,1
2022-23,22201202,2,1610612745,4,7,6,1,0
2022-23,22201202,2,1610612766,6,9,5,1,0
2022-23,22201202,3,1610612745,5,6,4,2,0
2022-23,22201202,3,1610612766,5,8,6,1,0
2022-23,22201202,4,1610612745,6,9,6,3,0
2022-23,22201202,4,1610612766,6,7,6,3,1
2022-23,22201203,1,1610612754,4,6,5,1,0
2022-23,22201203,1,1610612765,3,5,4,0,0
2022-23,22201203,2,1610612754,9,11,9,6,0
2022-23,22201203,2,1610612765,4,4,4,2,0
2022-23,22201203,3,1610612754,5,7,4,1,0
2022-23,22201203,3,1610612765,8,12,9,1,1
2022-23,22201203,4,1610612754,4,4,4,2,0
2022-23,22201203,4,1610612765,4,5,4,1,1
2022-23,22201204,1,1610612748,3,5,2,0,0
2022-23,22201204,1,1610612764,4,7,6,0,0
2022-23,22201204,2,1610612748,4,1,1,2,1
2022-23,22201204,2,1610612764,7,8,7,3,0
2022-23,22201204,3,1610612748,3,0,0,3,0
2022-23,22201204,3,1610612764,5,6,6,1,0
2022-23,22201204,4,1610612748,5,6,4,2,0
2022-23,22201204,4,1610612764,9,16,10,4,2
2022-23,22201205,1,1610612737,4,7,6,1,0
2022-23,22201205,1,1610612755,2,4,2,0,0
2022-23,22201205,2,1610612737,4,5,3,1,1
2022-23,22201205,2,1610612755,3,5,4,0,0
2022-23,22201205,3,1610612737,6,8,5,4,0
2022-23,22201205,3,1610612755,4,7,7,0,0
2022-23,22201205,4,1610612737,2,3,1,0,0
2022-23,22201205,4,1610612755,6,11,9,0,0
2022-23,22201206,1,1610612738,6,8,7,0,2
2022-23,22201206,1,1610612761,2,1,1,1,0
2022-23,22201206,2,1610612738,5,5,4,3,0
2022-23,22201206,2,1610612761,5,8,6,3,0
2022-23,22201206,3,1610612738,4,6,4,2,0
2022-23,22201206,3,1610612761,2,4,3,0,0
2022-23,22201206,4,1610612738,2,2,1,1,0
2022-23,22201206,4,1610612761,4,4,3,1,0
2022-23,22201207,1,1610612751,7,7,5,2,1
2022-23,22201207,1,1610612753,1,2,1,0,0
2022-23,22201207,2,1610612751,6,9,9,1,0
2022-23,22201207,2,1610612753,4,5,5,2,0
2022-23,22201207,3,1610612751,1,2,2,0,0
2022-23,22201207,3,1610612753,3,4,4,1,1
2022-23,22201207,4,1610612751,4,7,6,0,0
2022-23,22201207,4,1610612753,4,6,5,0,1
2022-23,22201208,1,1610612749,1,0,0,1,0
2022-23,22201208,1,1610612763,3,4,3,1,0
2022-23,22201208,2,1610612749,5,7,7,1,0
2022-23,22201208,2,1610612763,4,7,5,0,0
2022-23,22201208,3,1610612749,5,2,0,4,0
2022-23,22201208,3,1610612763,2,2,2,1,0
2022-23,22201208,4,1610612749,5,2,2,2,2
2022-23,22201208,4,1610612763,1,2,1,0,0
2022-23,22201209,1,1610612740,7,11,10,3,0
2022-23,22201209,1,1610612752,3,4,3,1,0
2022-23,22201209,2,1610612740,1,0,0,1,0
2022-23,22201209,2,1610612752,4,8,7,0,0
2022-23,22201209,3,1610612740,2,2,2,0,1
2022-23,22201209,3,1610612752,3,2,1,0,1
2022-23,22201209,4,1610612740,5,7,7,1,1
2022-23,22201209,4,1610612752,5,6,4,2,1
2022-23,22201210,1,1610612741,1,2,2,0,0
2022-23,22201210,1,1610612742,5,7,5,1,0
2022-23,22201210,2,1610612741,5,4,4,2,0
2022-23,22201210,2,1610612742,3,0,0,2,1
2022-23,22201210,3,1610612741,5,7,5,0,1
2022-23,22201210,3,1610612742,4,6,5,1,0
2022-23,22201210,4,1610612741,4,5,1,2,0
2022-23,22201210,4,1610612742,2,0,0,2,0
2022-23,22201211,1,1610612744,3,3,3,0,1
2022-23,22201211,1,1610612758,1,1,1,0,0
2022-23,22201211,2,1610612744,3,7,7,0,0
2022-23,22201211,2,1610612758,1,0,0,1,0
2022-23,22201211,3,1610612744,5,6,5,2,0
2022-23,22201211,3,1610612758,8,11,6,2,3
2022-23,22201211,4,1610612744,4,8,6,0,0
2022-23,22201211,4,1610612758,6,6,3,4,0
2022-23,22201212,1,1610612747,2,4,3,0,0
2022-23,22201212,1,1610612756,2,2,2,1,0
2022-23,22201212,2,1610612747,3,3,2,1,0
2022-23,22201212,2,1610612756,4,6,6,0,1
2022-23,22201212,3,1610612747,4,5,5,1,0
2022-23,22201212,3,1610612756,1,3,3,0,0
2022-23,22201212,4,1610612747,2,5,3,0,0
2022-23,22201212,4,1610612756,4,3,1,2,1
2022-23,22201213,1,1610612743,5,8,6,1,0
2022-23,22201213,1,1610612762,4,4,2,0,1
2022-23,22201213,2,1610612743,2,3,2,0,1
2022-23,22201213,2,1610612762,5,9,8,0,0
2022-23,22201213,3,1610612743,1,2,2,0,0
2022-23,22201213,3,1610612762,3,4,4,0,0
2022-23,22201213,4,1610612743,7,11,7,2,1
2022-23,22201213,4,1610612762,5,6,5,3,0
2022-23,22201214,1,1610612750,5,7,4,1,0
2022-23,22201214,1,1610612759,1,2,1,0,0
2022-23,22201214,2,1610612750,6,8,7,1,0
2022-23,22201214,2,1610612759,5,9,6,0,0
2022-23,22201214,3,1610612750,1,2,1,0,0
2022-23,22201214,3,1610612759,7,9,7,2,1
2022-23,22201214,4,1610612750,3,4,3,1,0
2022-23,22201214,4,1610612759,4,4,4,1,0
2022-23,22201215,1,1610612746,5,10,8,0,0
2022-23,22201215,1,1610612757,5,10,9,0,0
2022-23,22201215,2,1610612746,4,4,4,2,0
2022-23,22201215,2,1610612757,5,5,4,1,1
2022-23,22201215,3,1610612746,6,7,7,1,2
2022-23,22201215,3,1610612757,2,5,3,0,0
2022-23,22201215,4,1610612746,5,9,7,0,0
2022-23,22201215,4,1610612757,5,3,1,3,0
2022-23,22201216,1,1610612737,3,2,2,1,0
2022-23,22201216,1,1610612738,2,4,3,0,0
2022-23,22201216,2,1610612737,4,8,7,0,0
2022-23,22201216,2,1610612738,6,6,5,2,2
2022-23,22201216,3,1610612737,2,4,3,0,0
2022-23,22201216,3,1610612738,1,1,1,1,0
2022-23,22201216,4,1610612737,2,5,3,0,0
2022-23,22201216,4,1610612738,2,3,2,1,0
2022-23,22201217,1,1610612751,5,6,6,2,0
2022-23,22201217,1,1610612755,4,2,2,2,0
2022-23,22201217,2,1610612751,3,5,3,1,0
2022-23,22201217,2,1610612755,5,7,5,1,0
2022-23,22201217,3,1610612751,8,13,11,1,0
2022-23,22201217,3,1610612755,5,3,2,4,0
2022-23,22201217,4,1610612751,4,4,3,1,1
2022-23,22201217,4,1610612755,7,7,5,3,0
2022-23,22201218,1,1610612739,0,0,0,0,0
2022-23,22201218,1,1610612766,3,3,3,2,0
2022-23,22201218,2,1610612739,5,7,6,2,0
2022-23,22201218,2,1610612766,10,13,12,4,0
2022-23,22201218,3,1610612739,5,6,6,2,1
2022-23,22201218,3,1610612766,3,4,3,1,0
2022-23,22201218,4,1610612739,2,3,3,1,0
2022-23,22201218,4,1610612766,6,10,8,0,0
2022-23,22201219,1,1610612748,2,1,0,0,1
2022-23,22201219,1,1610612753,5,7,5,2,0
2022-23,22201219,2,1610612748,5,5,3,1,2
2022-23,22201219,2,1610612753,4,2,2,3,0
2022-23,22201219,3,1610612748,2,5,4,0,0
2022-23,22201219,3,1610612753,3,6,4,0,0
2022-23,22201219,4,1610612748,7,9,8,2,0
2022-23,22201219,4,1610612753,8,9,6,1,2
2022-23,22201220,1,1610612752,5,5,5,0,1
2022-23,22201220,1,1610612754,6,9,6,0,0
2022-23,22201220,2,1610612752,5,6,4,1,0
2022-23,22201220,2,1610612754,6,13,11,2,0
2022-23,22201220,3,1610612752,5,8,5,2,0
2022-23,22201220,3,1610612754,4,5,3,1,0
2022-23,22201220,4,1610612752,5,3,3,3,0
2022-23,22201220,4,1610612754,7,11,10,5,0
2022-23,22201221,1,1610612749,2,0,0,2,0
2022-23,22201221,1,1610612761,2,1,1,1,0
2022-23,22201221,2,1610612749,3,6,6,0,0
2022-23,22201221,2,1610612761,6,10,9,1,0
2022-23,22201221,3,1610612749,7,7,6,3,1
2022-23,22201221,3,1610612761,1,0,0,0,1
2022-23,22201221,4,1610612749,6,8,5,2,0
2022-23,22201221,4,1610612761,3,5,4,0,0
2022-23,22201222,1,1610612745,4,4,4,2,0
2022-23,22201222,1,1610612764,2,3,3,1,0
2022-23,22201222,2,1610612745,4,5,4,1,0
2022-23,22201222,2,1610612764,4,6,2,1,0
2022-23,22201222,3,1610612745,6,9,6,1,0
2022-23,22201222,3,1610612764,4,6,2,2,0
2022-23,22201222,4,1610612745,6,10,6,1,0
2022-23,22201222,4,1610612764,4,6,6,2,0
2022-23,22201223,1,1610612741,1,1,1,1,0
2022-23,22201223,1,1610612765,5,1,0,4,0
2022-23,22201223,2,1610612741,4,6,6,1,0
2022-23,22201223,2,1610612765,3,6,5,1,0
2022-23,22201223,3,1610612741,4,4,1,2,0
2022-23,22201223,3,1610612765,3,1,0,3,0
2022-23,22201223,4,1610612741,6,11,9,2,0
2022-23,22201223,4,1610612765,5,5,5,3,0
2022-23,22201224,1,1610612742,2,4,1,0,0
2022-23,22201224,1,1610612759,6,9,6,0,0
2022-23,22201224,2,1610612742,2,2,2,0,1
2022-23,22201224,2,1610612759,5,5,4,2,1
2022-23,22201224,3,1610612742,3,4,2,1,0
2022-23,22201224,3,1610612759,5,9,6,0,0
2022-23,22201224,4,1610612742,6,6,3,1,1
2022-23,22201224,4,1610612759,5,7,5,1,1
2022-23,22201225,1,1610612740,4,4,4,1,1
2022-23,22201225,1,1610612750,2,0,0,2,0
2022-23,22201225,2,1610612740,3,3,3,0,0
2022-23,22201225,2,1610612750,7,11,8,3,0
2022-23,22201225,3,1610612740,7,11,9,1,0
2022-23,22201225,3,1610612750,4,6,3,1,0
2022-23,22201225,4,1610612740,7,11,9,2,0
2022-23,22201225,4,1610612750,9,14,11,4,0
2022-23,22201226,1,1610612760,4,2,2,2,1
2022-23,22201226,1,1610612763,3,4,4,1,0
2022-23,22201226,2,1610612760,2,3,2,0,0
2022-23,22201226,2,1610612763,4,4,2,1,1
2022-23,22201226,3,1610612760,5,6,5,1,1
2022-23,22201226,3,1610612763,2,2,2,1,0
2022-23,22201226,4,1610612760,4,5,4,1,0
2022-23,22201226,4,1610612763,6,8,5,2,0
2022-23,22201227,1,1610612743,6,10,10,1,0
2022-23,22201227,1,1610612758,4,5,4,0,1
2022-23,22201227,2,1610612743,5,7,4,0,1
2022-23,22201227,2,1610612758,0,0,0,0,0
2022-23,22201227,3,1610612743,6,8,4,2,0
2022-23,22201227,3,1610612758,4,6,3,1,0
2022-23,22201227,4,1610612743,1,0,0,1,0
2022-23,22201227,4,1610612758,3,4,3,1,0
2022-23,22201228,1,1610612747,3,2,2,1,1
2022-23,22201228,1,1610612762,1,0,0,1,0
2022-23,22201228,2,1610612747,4,8,6,0,0
2022-23,22201228,2,1610612762,2,0,0,2,0
2022-23,22201228,3,1610612747,5,9,7,2,0
2022-23,22201228,3,1610612762,6,6,5,1,0
2022-23,22201228,4,1610612747,4,2,1,2,1
2022-23,22201228,4,1610612762,0,0,0,0,0
2022-23,22201229,1,1610612746,6,4,1,3,0
2022-23,22201229,1,1610612756,3,3,3,0,1
2022-23,22201229,2,1610612746,6,8,5,2,1
2022-23,22201229,2,1610612756,5,8,7,1,1
2022-23,22201229,3,1610612746,5,7,5,2,0
2022-23,22201229,3,1610612756,2,2,1,2,0
2022-23,22201229,4,1610612746,4,5,5,1,0
2022-23,22201229,4,1610612756,6,9,5,2,0
2022-23,22201230,1,1610612744,2,3,3,0,0
2022-23,22201230,1,1610612757,3,4,4,2,0
2022-23,22201230,2,1610612744,2,4,4,0,0
2022-23,22201230,2,1610612757,3,4,2,0,1
2022-23,22201230,3,1610612744,3,5,4,0,0
2022-23,22201230,3,1610612757,4,6,3,0,0
2022-23,22201230,4,1610612744,2,4,3,0,0
2022-23,22201230,4,1610612757,8,10,7,4,2
