season,game_id,period,team_id,FOUL,FTA,FTM,SHOT_FOUL_DRAWN,PERS_FOUL_DRAWN,MISS_FT,LOOSE_BALL_FOUL_DRAWN
2020-21,22000001,1,1610612744,3,6,5,3,0,1,0
2020-21,22000001,1,1610612751,4,5,5,3,1,0,0
2020-21,22000001,2,1610612744,3,4,2,2,0,2,1
2020-21,22000001,2,1610612751,4,4,3,2,2,1,0
2020-21,22000001,3,1610612744,4,5,4,3,1,1,0
2020-21,22000001,3,1610612751,10,18,13,6,3,5,1
2020-21,22000001,4,1610612744,6,8,4,4,1,4,1
2020-21,22000001,4,1610612751,4,5,5,3,1,0,0
2020-21,22000002,1,1610612746,6,7,6,3,3,1,0
2020-21,22000002,1,1610612747,4,6,3,3,1,3,0
2020-21,22000002,2,1610612746,4,2,1,2,1,1,1
2020-21,22000002,2,1610612747,9,14,12,6,3,2,0
2020-21,22000002,3,1610612746,4,5,3,3,1,2,0
2020-21,22000002,3,1610612747,5,3,2,1,3,1,1
2020-21,22000002,4,1610612746,3,5,4,3,0,1,0
2020-21,22000002,4,1610612747,5,8,7,3,2,1,0
2020-21,22000003,1,1610612738,3,2,2,1,2,0,0
2020-21,22000003,1,1610612749,2,1,1,1,1,0,0
2020-21,22000003,2,1610612738,5,4,2,2,3,2,0
2020-21,22000003,2,1610612749,2,3,3,2,0,0,0
2020-21,22000003,3,1610612738,5,5,4,3,2,1,0
2020-21,22000003,3,1610612749,5,7,5,3,1,2,0
2020-21,22000003,4,1610612738,3,0,0,1,2,0,0
2020-21,22000003,4,1610612749,6,7,6,2,2,1,2
2020-21,22000004,1,1610612742,7,7,6,2,3,1,2
2020-21,22000004,1,1610612756,4,4,4,2,2,0,0
2020-21,22000004,2,1610612742,6,6,4,3,3,2,0
2020-21,22000004,2,1610612756,4,6,3,3,1,3,0
2020-21,22000004,3,1610612742,6,8,7,2,3,1,1
2020-21,22000004,3,1610612756,6,6,3,1,5,3,0
2020-21,22000004,4,1610612742,4,5,4,3,1,1,0
2020-21,22000004,4,1610612756,6,11,9,4,1,2,0
2020-21,22000005,1,1610612740,5,8,8,3,1,0,1
2020-21,22000005,1,1610612748,1,0,0,0,1,0,0
2020-21,22000005,2,1610612740,5,9,6,5,0,3,0
2020-21,22000005,2,1610612748,4,7,7,4,0,0,0
2020-21,22000005,3,1610612740,8,11,8,6,2,3,0
2020-21,22000005,3,1610612748,6,8,7,3,3,1,0
2020-21,22000005,4,1610612740,5,5,4,3,2,1,0
2020-21,22000005,4,1610612748,7,8,5,3,3,3,0
2020-21,22000006,1,1610612744,5,11,9,5,0,2,0
2020-21,22000006,1,1610612749,6,9,6,4,2,3,0
2020-21,22000006,2,1610612744,3,4,3,2,1,1,0
2020-21,22000006,2,1610612749,6,7,3,4,2,4,0
2020-21,22000006,3,1610612744,1,1,1,1,0,0,0
2020-21,22000006,3,1610612749,5,8,7,3,2,1,0
2020-21,22000006,4,1610612744,5,9,8,3,2,1,0
2020-21,22000006,4,1610612749,2,2,2,1,1,0,0
2020-21,22000007,1,1610612738,4,4,3,0,3,1,1
2020-21,22000007,1,1610612751,5,6,5,2,2,1,1
2020-21,22000007,2,1610612738,4,3,1,2,2,2,0
2020-21,22000007,2,1610612751,8,11,8,3,2,3,3
2020-21,22000007,3,1610612738,8,8,6,2,5,2,1
2020-21,22000007,3,1610612751,5,6,5,3,2,1,0
2020-21,22000007,4,1610612738,4,4,3,2,2,1,0
2020-21,22000007,4,1610612751,6,8,8,3,3,0,0
2020-21,22000008,1,1610612742,3,4,4,2,1,0,0
2020-21,22000008,1,1610612747,4,5,4,3,1,1,0
2020-21,22000008,2,1610612742,9,12,9,6,3,3,0
2020-21,22000008,2,1610612747,6,4,2,1,5,2,0
2020-21,22000008,3,1610612742,5,4,3,1,4,1,0
2020-21,22000008,3,1610612747,7,10,7,4,2,3,1
2020-21,22000008,4,1610612742,5,6,4,2,3,2,0
2020-21,22000008,4,1610612747,5,5,4,2,3,1,0
2020-21,22000009,1,1610612743,9,10,8,4,5,2,0
2020-21,22000009,1,1610612746,5,8,6,3,1,2,1
2020-21,22000009,2,1610612743,7,12,9,3,2,3,2
2020-21,22000009,2,1610612746,10,14,12,5,5,2,0
2020-21,22000009,3,1610612743,8,9,6,3,3,3,2
2020-21,22000009,3,1610612746,3,2,2,1,1,0,1
2020-21,22000009,4,1610612743,4,0,0,0,4,0,0
2020-21,22000009,4,1610612746,1,0,0,0,1,0,0
2020-21,22000010,1,1610612739,4,5,4,3,1,1,0
2020-21,22000010,1,1610612766,4,1,0,1,2,1,1
2020-21,22000010,2,1610612739,4,4,4,2,2,0,0
2020-21,22000010,2,1610612766,4,5,3,2,2,2,0
2020-21,22000010,3,1610612739,4,6,3,3,1,3,0
2020-21,22000010,3,1610612766,4,3,2,2,1,1,1
2020-21,22000010,4,1610612739,4,5,4,2,2,1,0
2020-21,22000010,4,1610612766,6,6,3,4,2,3,0
2020-21,22000011,1,1610612752,3,4,4,2,1,0,0
2020-21,22000011,1,1610612754,6,10,7,4,1,3,1
2020-21,22000011,2,1610612752,7,7,6,2,5,1,0
2020-21,22000011,2,1610612754,5,6,4,4,1,2,0
2020-21,22000011,3,1610612752,4,2,1,1,3,1,0
2020-21,22000011,3,1610612754,5,3,2,2,2,1,1
2020-21,22000011,4,1610612752,7,10,6,4,3,4,0
2020-21,22000011,4,1610612754,6,10,8,5,1,2,0
2020-21,22000012,1,1610612748,3,4,3,2,1,1,0
2020-21,22000012,1,1610612753,2,3,1,2,0,2,0
2020-21,22000012,2,1610612748,4,3,3,2,2,0,0
2020-21,22000012,2,1610612753,5,6,3,3,2,3,0
2020-21,22000012,3,1610612748,7,10,9,4,3,1,0
2020-21,22000012,3,1610612753,3,6,5,3,0,1,0
2020-21,22000012,4,1610612748,3,2,1,1,1,1,1
2020-21,22000012,4,1610612753,10,15,10,4,5,5,1
2020-21,22000013,1,1610612755,3,2,0,1,2,2,0
2020-21,22000013,1,1610612764,2,1,0,1,1,1,0
2020-21,22000013,2,1610612755,7,8,6,2,5,2,0
2020-21,22000013,2,1610612764,5,7,5,3,1,2,1
2020-21,22000013,3,1610612755,5,5,4,3,2,1,0
2020-21,22000013,3,1610612764,7,7,5,3,2,2,1
2020-21,22000013,4,1610612755,7,15,13,5,2,2,0
2020-21,22000013,4,1610612764,6,8,6,4,2,2,0
2020-21,22000014,1,1610612740,5,8,2,3,2,6,0
2020-21,22000014,1,1610612761,4,4,3,2,2,1,0
2020-21,22000014,2,1610612740,5,4,2,1,4,2,0
2020-21,22000014,2,1610612761,2,2,1,1,1,1,0
2020-21,22000014,3,1610612740,3,4,3,2,1,1,0
2020-21,22000014,3,1610612761,0,0,0,0,0,0,0
2020-21,22000014,4,1610612740,5,4,3,3,1,1,1
2020-21,22000014,4,1610612761,4,6,5,3,0,1,1
2020-21,22000015,1,1610612737,6,9,7,5,1,2,0
2020-21,22000015,1,1610612741,5,8,7,3,1,1,1
2020-21,22000015,2,1610612737,6,9,8,3,3,1,0
2020-21,22000015,2,1610612741,4,4,4,2,2,0,0
2020-21,22000015,3,1610612737,5,10,9,4,1,1,0
2020-21,22000015,3,1610612741,9,10,8,1,7,2,0
2020-21,22000015,4,1610612737,2,1,0,0,2,1,0
2020-21,22000015,4,1610612741,5,6,5,3,2,1,0
2020-21,22000016,1,1610612745,3,2,1,1,1,1,1
2020-21,22000016,1,1610612760,4,5,5,3,1,0,0
2020-21,22000016,2,1610612745,6,9,8,4,2,1,0
2020-21,22000016,2,1610612760,6,5,3,3,3,2,0
2020-21,22000016,3,1610612745,5,8,6,3,2,2,0
2020-21,22000016,3,1610612760,2,5,2,2,0,3,0
2020-21,22000016,4,1610612745,5,8,5,4,1,3,0
2020-21,22000016,4,1610612760,6,10,7,4,2,3,0
2020-21,22000017,1,1610612759,4,10,9,4,0,1,0
2020-21,22000017,1,1610612763,3,3,2,2,1,1,0
2020-21,22000017,2,1610612759,1,2,1,1,0,1,0
2020-21,22000017,2,1610612763,3,2,0,1,2,2,0
2020-21,22000017,3,1610612759,8,10,9,5,3,1,0
2020-21,22000017,3,1610612763,5,6,4,3,2,2,0
2020-21,22000017,4,1610612759,6,7,6,2,4,1,0
2020-21,22000017,4,1610612763,6,7,5,4,2,2,0
2020-21,22000018,1,1610612750,4,6,5,2,2,1,0
2020-21,22000018,1,1610612765,4,3,2,1,2,1,0
2020-21,22000018,2,1610612750,6,11,9,6,0,2,0
2020-21,22000018,2,1610612765,3,1,0,1,2,1,0
2020-21,22000018,3,1610612750,3,4,3,1,1,1,1
2020-21,22000018,3,1610612765,3,2,1,1,1,1,1
2020-21,22000018,4,1610612750,6,7,7,4,2,0,0
2020-21,22000018,4,1610612765,2,2,0,1,1,2,0
2020-21,22000019,1,1610612743,5,5,4,2,3,1,0
2020-21,22000019,1,1610612758,4,5,4,3,1,1,0
2020-21,22000019,2,1610612743,5,5,5,2,3,0,0
2020-21,22000019,2,1610612758,5,6,5,2,3,1,0
2020-21,22000019,3,1610612743,6,4,3,1,4,1,1
2020-21,22000019,3,1610612758,7,10,10,5,2,0,0
2020-21,22000019,4,1610612743,7,10,8,4,2,2,1
2020-21,22000019,4,1610612758,5,10,5,5,0,5,0
2020-21,22000020,1,1610612757,5,5,2,2,2,3,1
2020-21,22000020,1,1610612762,3,2,0,1,2,2,0
2020-21,22000020,2,1610612757,2,4,4,2,0,0,0
2020-21,22000020,2,1610612762,5,4,4,1,3,0,1
2020-21,22000020,3,1610612757,2,2,2,1,0,0,1
2020-21,22000020,3,1610612762,4,4,4,3,1,0,0
2020-21,22000020,4,1610612757,5,6,6,3,2,0,0
2020-21,22000020,4,1610612762,6,9,7,2,4,2,0
2020-21,22000021,1,1610612737,2,2,2,1,1,0,0
2020-21,22000021,1,1610612763,5,4,2,1,4,2,0
2020-21,22000021,2,1610612737,6,8,8,4,2,0,0
2020-21,22000021,2,1610612763,6,13,11,3,2,2,0
2020-21,22000021,3,1610612737,8,11,8,3,3,3,2
2020-21,22000021,3,1610612763,2,2,2,1,0,0,1
2020-21,22000021,4,1610612737,8,17,15,4,4,2,0
2020-21,22000021,4,1610612763,5,10,10,4,1,0,0
2020-21,22000022,1,1610612760,3,2,2,1,2,0,0
2020-21,22000022,1,1610612766,5,9,7,4,1,2,0
2020-21,22000022,2,1610612760,7,9,9,4,3,0,0
2020-21,22000022,2,1610612766,5,8,5,5,0,3,0
2020-21,22000022,3,1610612760,4,5,3,3,1,2,0
2020-21,22000022,3,1610612766,3,5,3,3,0,2,0
2020-21,22000022,4,1610612760,7,8,5,0,7,3,0
2020-21,22000022,4,1610612766,7,10,5,3,4,5,0
2020-21,22000023,1,1610612739,3,1,0,1,2,1,0
2020-21,22000023,1,1610612765,3,6,4,3,0,2,0
2020-21,22000023,2,1610612739,4,8,6,4,0,2,0
2020-21,22000023,2,1610612765,5,9,6,5,0,3,0
2020-21,22000023,3,1610612739,3,4,1,2,1,3,0
2020-21,22000023,3,1610612765,6,10,8,3,3,2,0
2020-21,22000023,4,1610612739,6,12,8,6,0,4,0
2020-21,22000023,4,1610612765,4,1,1,1,2,0,1
2020-21,22000024,1,1610612753,5,4,3,3,2,1,0
2020-21,22000024,1,1610612764,6,8,5,3,1,3,2
2020-21,22000024,2,1610612753,8,13,11,4,4,2,0
2020-21,22000024,2,1610612764,4,8,5,3,1,3,0
2020-21,22000024,3,1610612753,5,5,4,2,3,1,0
2020-21,22000024,3,1610612764,4,5,2,3,0,3,1
2020-21,22000024,4,1610612753,6,7,5,3,3,2,0
2020-21,22000024,4,1610612764,3,7,3,3,0,4,0
2020-21,22000025,1,1610612752,6,7,4,4,2,3,0
2020-21,22000025,1,1610612755,3,4,2,2,1,2,0
2020-21,22000025,2,1610612752,5,7,5,4,1,2,0
2020-21,22000025,2,1610612755,8,8,7,2,4,1,2
2020-21,22000025,3,1610612752,3,2,1,1,2,1,0
2020-21,22000025,3,1610612755,4,2,1,1,2,1,1
2020-21,22000025,4,1610612752,4,7,7,3,0,0,1
2020-21,22000025,4,1610612755,8,8,6,3,5,2,0
2020-21,22000026,1,1610612741,6,7,6,4,1,1,1
2020-21,22000026,1,1610612754,2,2,0,0,2,2,0
2020-21,22000026,2,1610612741,6,5,4,2,4,1,0
2020-21,22000026,2,1610612754,8,14,9,5,3,5,0
2020-21,22000026,3,1610612741,4,0,0,0,4,0,0
2020-21,22000026,3,1610612754,1,1,1,1,0,0,0
2020-21,22000026,4,1610612741,9,13,12,6,2,1,1
2020-21,22000026,4,1610612754,4,2,2,1,3,0,0
2020-21,22000027,1,1610612759,4,3,3,2,2,0,0
2020-21,22000027,1,1610612761,6,4,3,2,4,1,0
2020-21,22000027,2,1610612759,4,0,0,0,3,0,1
2020-21,22000027,2,1610612761,5,4,3,2,3,1,0
2020-21,22000027,3,1610612759,6,7,3,5,1,4,0
2020-21,22000027,3,1610612761,5,7,5,3,2,2,0
2020-21,22000027,4,1610612759,6,6,5,1,4,1,1
2020-21,22000027,4,1610612761,2,0,0,0,2,0,0
2020-21,22000028,1,1610612750,3,7,6,3,0,1,0
2020-21,22000028,1,1610612762,4,4,4,2,1,0,1
2020-21,22000028,2,1610612750,3,2,1,1,1,1,1
2020-21,22000028,2,1610612762,7,12,10,6,1,2,0
2020-21,22000028,3,1610612750,6,4,2,1,4,2,1
2020-21,22000028,3,1610612762,9,12,9,5,3,3,1
2020-21,22000028,4,1610612750,5,5,4,1,3,1,1
2020-21,22000028,4,1610612762,6,9,6,3,3,3,0
2020-21,22000029,1,1610612745,2,4,4,2,0,0,0
2020-21,22000029,1,1610612757,3,4,2,2,1,2,0
2020-21,22000029,2,1610612745,7,13,10,4,3,3,0
2020-21,22000029,2,1610612757,7,7,5,3,4,2,0
2020-21,22000029,3,1610612745,6,13,9,4,2,4,0
2020-21,22000029,3,1610612757,5,6,4,2,3,2,0
2020-21,22000029,4,1610612745,3,2,2,1,2,0,0
2020-21,22000029,4,1610612757,5,6,4,2,1,2,2
2020-21,22000030,1,1610612756,4,0,0,0,2,0,2
2020-21,22000030,1,1610612758,4,4,3,2,2,1,0
2020-21,22000030,2,1610612756,4,3,3,1,2,0,0
2020-21,22000030,2,1610612758,4,7,7,4,0,0,0
2020-21,22000030,3,1610612756,4,3,1,2,1,2,1
2020-21,22000030,3,1610612758,6,11,4,5,1,7,0
2020-21,22000030,4,1610612756,6,7,6,3,3,1,0
2020-21,22000030,4,1610612758,8,11,9,4,4,2,0
2020-21,22000031,1,1610612742,4,4,4,3,1,0,0
2020-21,22000031,1,1610612746,2,4,3,2,0,1,0
2020-21,22000031,2,1610612742,5,6,6,4,1,0,0
2020-21,22000031,2,1610612746,5,6,5,2,3,1,0
2020-21,22000031,3,1610612742,6,9,8,3,3,1,0
2020-21,22000031,3,1610612746,5,8,7,4,1,1,0
2020-21,22000031,4,1610612742,4,8,6,4,0,2,0
2020-21,22000031,4,1610612746,2,2,2,1,1,0,0
2020-21,22000032,1,1610612751,4,6,4,3,0,2,1
2020-21,22000032,1,1610612766,3,4,3,2,1,1,0
2020-21,22000032,2,1610612751,4,4,3,2,2,1,0
2020-21,22000032,2,1610612766,3,6,4,3,0,2,0
2020-21,22000032,3,1610612751,7,8,6,1,4,2,2
2020-21,22000032,3,1610612766,2,2,1,2,0,1,0
2020-21,22000032,4,1610612751,6,7,4,2,2,3,1
2020-21,22000032,4,1610612766,5,5,2,1,2,3,2
2020-21,22000033,1,1610612753,4,5,5,2,2,0,0
2020-21,22000033,1,1610612764,4,4,3,3,1,1,0
2020-21,22000033,2,1610612753,8,16,15,6,1,1,1
2020-21,22000033,2,1610612764,2,0,0,0,2,0,0
2020-21,22000033,3,1610612753,3,5,5,2,1,0,0
2020-21,22000033,3,1610612764,4,7,6,3,1,1,0
2020-21,22000033,4,1610612753,8,12,12,3,4,0,1
2020-21,22000033,4,1610612764,2,2,2,1,1,0,0
2020-21,22000034,1,1610612740,2,4,3,2,0,1,0
2020-21,22000034,1,1610612759,2,2,2,1,0,0,1
2020-21,22000034,2,1610612740,7,11,10,4,3,1,0
2020-21,22000034,2,1610612759,2,0,0,0,1,0,1
2020-21,22000034,3,1610612740,4,4,3,3,1,1,0
2020-21,22000034,3,1610612759,7,6,6,3,4,0,0
2020-21,22000034,4,1610612740,7,10,5,3,3,5,1
2020-21,22000034,4,1610612759,4,0,0,0,2,0,2
2020-21,22000035,1,1610612739,3,0,0,0,2,0,1
2020-21,22000035,1,1610612755,4,5,5,3,1,0,0
2020-21,22000035,2,1610612739,4,4,3,2,1,1,0
2020-21,22000035,2,1610612755,8,10,8,2,4,2,2
2020-21,22000035,3,1610612739,6,10,8,3,2,2,0
2020-21,22000035,3,1610612755,5,4,2,2,3,2,0
2020-21,22000035,4,1610612739,3,2,2,1,1,0,1
2020-21,22000035,4,1610612755,3,3,1,2,1,2,0
2020-21,22000036,1,1610612749,3,5,3,2,1,2,0
2020-21,22000036,1,1610612752,4,5,5,3,1,0,0
2020-21,22000036,2,1610612749,2,2,1,1,1,1,0
2020-21,22000036,2,1610612752,6,10,8,5,1,2,0
2020-21,22000036,3,1610612749,9,14,10,7,2,4,0
2020-21,22000036,3,1610612752,5,8,5,3,1,3,0
2020-21,22000036,4,1610612749,5,8,7,3,2,1,0
2020-21,22000036,4,1610612752,5,4,4,2,2,0,0
2020-21,22000037,1,1610612738,4,6,3,2,2,3,0
2020-21,22000037,1,1610612754,4,1,0,1,2,1,1
2020-21,22000037,2,1610612738,3,2,2,1,2,0,0
2020-21,22000037,2,1610612754,1,3,3,1,0,0,0
2020-21,22000037,3,1610612738,7,10,9,3,3,1,1
2020-21,22000037,3,1610612754,7,8,7,5,1,1,1
2020-21,22000037,4,1610612738,5,6,4,2,3,2,0
2020-21,22000037,4,1610612754,4,3,1,1,3,2,0
2020-21,22000038,1,1610612741,6,10,7,4,2,3,0
2020-21,22000038,1,1610612744,4,5,4,3,1,1,0
2020-21,22000038,2,1610612741,2,1,1,1,1,0,0
2020-21,22000038,2,1610612744,2,2,1,1,1,1,0
2020-21,22000038,3,1610612741,4,6,5,3,1,1,0
2020-21,22000038,3,1610612744,7,12,11,6,1,1,0
2020-21,22000038,4,1610612741,8,14,10,5,3,4,0
2020-21,22000038,4,1610612744,6,11,11,6,0,0,0
2020-21,22000039,1,1610612756,2,1,1,1,1,0,0
2020-21,22000039,1,1610612758,4,8,6,4,0,2,0
2020-21,22000039,2,1610612756,4,3,3,2,2,0,0
2020-21,22000039,2,1610612758,4,6,5,3,1,1,0
2020-21,22000039,3,1610612756,8,6,6,3,5,0,0
2020-21,22000039,3,1610612758,5,5,4,3,2,1,0
2020-21,22000039,4,1610612756,4,1,0,1,2,1,1
2020-21,22000039,4,1610612758,5,6,3,3,2,3,0
2020-21,22000040,1,1610612747,5,6,4,3,1,2,1
2020-21,22000040,1,1610612750,3,1,1,1,2,0,0
2020-21,22000040,2,1610612747,3,2,0,1,2,2,0
2020-21,22000040,2,1610612750,3,3,1,2,1,2,0
2020-21,22000040,3,1610612747,5,7,7,4,0,0,1
2020-21,22000040,3,1610612750,6,6,5,2,4,1,0
2020-21,22000040,4,1610612747,4,3,3,2,2,0,0
2020-21,22000040,4,1610612750,4,4,2,2,2,2,0
2020-21,22000041,1,1610612737,3,2,1,1,1,1,1
2020-21,22000041,1,1610612765,2,2,2,1,1,0,0
2020-21,22000041,2,1610612737,7,10,8,3,3,2,1
2020-21,22000041,2,1610612765,7,11,8,5,0,3,2
2020-21,22000041,3,1610612737,6,8,7,4,2,1,0
2020-21,22000041,3,1610612765,7,6,6,1,6,0,0
2020-21,22000041,4,1610612737,7,12,12,3,4,0,0
2020-21,22000041,4,1610612765,3,5,5,2,0,0,1
2020-21,22000042,1,1610612751,3,4,3,2,1,1,0
2020-21,22000042,1,1610612763,4,6,4,4,0,2,0
2020-21,22000042,2,1610612751,2,4,4,2,0,0,0
2020-21,22000042,2,1610612763,3,6,4,3,0,2,0
2020-21,22000042,3,1610612751,5,7,6,4,1,1,0
2020-21,22000042,3,1610612763,5,9,8,4,1,1,0
2020-21,22000042,4,1610612751,3,2,2,1,1,0,1
2020-21,22000042,4,1610612763,3,2,2,1,1,0,1
2020-21,22000043,1,1610612760,3,2,1,1,1,1,1
2020-21,22000043,1,1610612762,4,2,1,1,3,1,0
2020-21,22000043,2,1610612760,3,7,5,3,0,2,0
2020-21,22000043,2,1610612762,2,2,2,1,0,0,1
2020-21,22000043,3,1610612760,6,10,8,3,3,2,0
2020-21,22000043,3,1610612762,3,6,4,3,0,2,0
2020-21,22000043,4,1610612760,4,0,0,0,3,0,1
2020-21,22000043,4,1610612762,5,4,4,2,3,0,0
2020-21,22000044,1,1610612743,7,10,6,4,3,4,0
2020-21,22000044,1,1610612745,2,4,3,2,0,1,0
2020-21,22000044,2,1610612743,4,4,1,1,3,3,0
2020-21,22000044,2,1610612745,4,8,6,4,0,2,0
2020-21,22000044,3,1610612743,7,10,5,5,2,5,0
2020-21,22000044,3,1610612745,2,3,2,2,0,1,0
2020-21,22000044,4,1610612743,6,8,6,2,3,2,1
2020-21,22000044,4,1610612745,7,8,6,4,2,2,1
2020-21,22000045,1,1610612747,1,1,1,1,0,0,0
2020-21,22000045,1,1610612757,3,5,5,2,1,0,0
2020-21,22000045,2,1610612747,3,4,4,2,1,0,0
2020-21,22000045,2,1610612757,5,6,5,2,3,1,0
2020-21,22000045,3,1610612747,8,8,6,5,2,2,0
2020-21,22000045,3,1610612757,4,2,1,1,2,1,1
2020-21,22000045,4,1610612747,3,5,4,3,0,1,0
2020-21,22000045,4,1610612757,1,2,2,1,0,0,0
2020-21,22000046,1,1610612739,3,4,3,1,2,1,0
2020-21,22000046,1,1610612752,2,2,2,1,1,0,0
2020-21,22000046,2,1610612739,5,6,5,3,2,1,0
2020-21,22000046,2,1610612752,4,6,5,3,1,1,0
2020-21,22000046,3,1610612739,3,4,3,2,1,1,0
2020-21,22000046,3,1610612752,6,10,6,4,2,4,0
2020-21,22000046,4,1610612739,5,8,4,4,1,4,0
2020-21,22000046,4,1610612752,4,3,0,1,3,3,0
2020-21,22000047,1,1610612744,4,6,3,3,0,3,1
2020-21,22000047,1,1610612765,6,7,7,4,1,0,1
2020-21,22000047,2,1610612744,6,11,8,5,1,3,0
2020-21,22000047,2,1610612765,7,8,6,4,3,2,0
2020-21,22000047,3,1610612744,7,7,5,1,2,2,3
2020-21,22000047,3,1610612765,7,9,7,4,2,2,1
2020-21,22000047,4,1610612744,7,12,10,5,1,2,1
2020-21,22000047,4,1610612765,5,5,3,3,2,2,0
2020-21,22000048,1,1610612738,4,8,6,4,0,2,0
2020-21,22000048,1,1610612754,2,2,2,1,0,0,1
2020-21,22000048,2,1610612738,4,5,4,1,3,1,0
2020-21,22000048,2,1610612754,2,0,0,0,2,0,0
2020-21,22000048,3,1610612738,6,8,5,2,4,3,0
2020-21,22000048,3,1610612754,7,10,8,6,1,2,0
2020-21,22000048,4,1610612738,10,16,12,6,4,4,0
2020-21,22000048,4,1610612754,3,4,3,2,1,1,0
2020-21,22000049,1,1610612755,1,3,3,1,0,0,0
2020-21,22000049,1,1610612761,4,2,2,1,3,0,0
2020-21,22000049,2,1610612755,9,15,13,4,4,2,1
2020-21,22000049,2,1610612761,3,4,4,1,2,0,0
2020-21,22000049,3,1610612755,5,5,4,2,3,1,0
2020-21,22000049,3,1610612761,2,3,3,1,1,0,0
2020-21,22000049,4,1610612755,9,10,8,1,8,2,0
2020-21,22000049,4,1610612761,3,5,3,2,1,2,0
2020-21,22000050,1,1610612741,6,9,6,5,1,3,0
2020-21,22000050,1,1610612764,3,1,1,1,2,0,0
2020-21,22000050,2,1610612741,5,8,6,3,2,2,0
2020-21,22000050,2,1610612764,4,5,5,2,1,0,1
2020-21,22000050,3,1610612741,7,7,6,1,5,1,1
2020-21,22000050,3,1610612764,6,9,6,4,2,3,0
2020-21,22000050,4,1610612741,6,8,6,1,5,2,0
2020-21,22000050,4,1610612764,7,11,11,4,3,0,0
2020-21,22000051,1,1610612748,3,2,2,1,2,0,0
2020-21,22000051,1,1610612749,4,4,4,3,1,0,0
2020-21,22000051,2,1610612748,4,4,3,1,3,1,0
2020-21,22000051,2,1610612749,3,3,1,2,1,2,0
2020-21,22000051,3,1610612748,5,6,3,3,2,3,0
2020-21,22000051,3,1610612749,5,4,4,1,4,0,0
2020-21,22000051,4,1610612748,7,6,4,2,3,2,2
2020-21,22000051,4,1610612749,2,4,4,2,0,0,0
2020-21,22000052,1,1610612753,3,3,1,2,1,2,0
2020-21,22000052,1,1610612760,2,2,2,1,1,0,0
2020-21,22000052,2,1610612753,4,6,6,2,2,0,0
2020-21,22000052,2,1610612760,5,3,3,2,3,0,0
2020-21,22000052,3,1610612753,6,4,4,2,4,0,0
2020-21,22000052,3,1610612760,3,1,1,1,2,0,0
2020-21,22000052,4,1610612753,4,3,2,1,3,1,0
2020-21,22000052,4,1610612760,8,13,4,5,3,9,0
2020-21,22000053,1,1610612740,5,6,2,3,2,4,0
2020-21,22000053,1,1610612756,2,2,2,1,1,0,0
2020-21,22000053,2,1610612740,3,2,1,1,1,1,1
2020-21,22000053,2,1610612756,8,15,15,5,3,0,0
2020-21,22000053,3,1610612740,4,3,2,3,1,1,0
2020-21,22000053,3,1610612756,1,0,0,0,1,0,0
2020-21,22000053,4,1610612740,6,7,4,2,4,3,0
2020-21,22000053,4,1610612756,1,2,1,1,0,1,0
2020-21,22000054,1,1610612746,5,7,6,3,2,1,0
2020-21,22000054,1,1610612750,5,6,5,3,2,1,0
2020-21,22000054,2,1610612746,4,4,4,2,2,0,0
2020-21,22000054,2,1610612750,4,2,2,1,3,0,0
2020-21,22000054,3,1610612746,3,3,3,2,1,0,0
2020-21,22000054,3,1610612750,3,1,1,1,2,0,0
2020-21,22000054,4,1610612746,2,2,1,1,1,1,0
2020-21,22000054,4,1610612750,6,8,6,4,1,2,1
2020-21,22000055,1,1610612743,3,1,1,1,2,0,0
2020-21,22000055,1,1610612758,4,9,8,3,1,1,0
2020-21,22000055,2,1610612743,5,7,4,2,3,3,0
2020-21,22000055,2,1610612758,5,6,5,4,0,1,1
2020-21,22000055,3,1610612743,8,11,10,2,5,1,1
2020-21,22000055,3,1610612758,3,6,3,3,0,3,0
2020-21,22000055,4,1610612743,2,1,1,0,2,0,0
2020-21,22000055,4,1610612758,4,1,1,1,3,0,0
2020-21,22000056,1,1610612738,2,4,3,2,0,1,0
2020-21,22000056,1,1610612763,4,4,2,2,2,2,0
2020-21,22000056,2,1610612738,2,0,0,0,2,0,0
2020-21,22000056,2,1610612763,5,4,4,1,1,0,3
2020-21,22000056,3,1610612738,6,6,5,3,3,1,0
2020-21,22000056,3,1610612763,7,9,7,4,3,2,0
2020-21,22000056,4,1610612738,2,4,4,2,0,0,0
2020-21,22000056,4,1610612763,5,8,5,5,0,3,0
2020-21,22000057,1,1610612737,4,5,4,3,1,1,0
2020-21,22000057,1,1610612751,4,5,4,3,1,1,0
2020-21,22000057,2,1610612737,5,6,5,2,2,1,1
2020-21,22000057,2,1610612751,3,1,0,1,1,1,1
2020-21,22000057,3,1610612737,6,10,6,4,1,4,1
2020-21,22000057,3,1610612751,4,6,4,3,1,2,0
2020-21,22000057,4,1610612737,10,14,14,6,3,0,0
2020-21,22000057,4,1610612751,7,11,10,2,5,1,0
2020-21,22000058,1,1610612748,4,3,3,2,2,0,0
2020-21,22000058,1,1610612749,4,6,6,3,1,0,0
2020-21,22000058,2,1610612748,5,7,5,3,0,2,0
2020-21,22000058,2,1610612749,3,1,0,1,2,1,0
2020-21,22000058,3,1610612748,5,6,6,2,3,0,0
2020-21,22000058,3,1610612749,3,2,2,1,2,0,0
2020-21,22000058,4,1610612748,8,13,10,2,5,3,1
2020-21,22000058,4,1610612749,4,4,4,2,2,0,0
2020-21,22000059,1,1610612742,4,6,3,3,0,3,1
2020-21,22000059,1,1610612766,6,7,7,2,2,0,2
2020-21,22000059,2,1610612742,7,10,7,5,2,3,0
2020-21,22000059,2,1610612766,6,8,5,4,1,3,0
2020-21,22000059,3,1610612742,4,6,3,3,1,3,0
2020-21,22000059,3,1610612766,2,4,3,2,0,1,0
2020-21,22000059,4,1610612742,7,11,6,3,3,5,1
2020-21,22000059,4,1610612766,2,2,2,1,0,0,0
2020-21,22000060,1,1610612747,3,2,2,1,2,0,0
2020-21,22000060,1,1610612759,5,4,3,2,1,1,1
2020-21,22000060,2,1610612747,5,10,8,5,0,2,0
2020-21,22000060,2,1610612759,4,5,3,3,1,2,0
2020-21,22000060,3,1610612747,2,2,1,1,1,1,0
2020-21,22000060,3,1610612759,7,6,4,2,5,2,0
2020-21,22000060,4,1610612747,4,6,4,3,1,2,0
2020-21,22000060,4,1610612759,7,8,7,4,3,1,0
2020-21,22000061,1,1610612746,2,4,3,2,0,1,0
2020-21,22000061,1,1610612757,2,4,3,1,1,1,0
2020-21,22000061,2,1610612746,4,4,3,3,1,1,0
2020-21,22000061,2,1610612757,7,9,9,4,3,0,0
2020-21,22000061,3,1610612746,6,9,7,3,3,2,0
2020-21,22000061,3,1610612757,9,14,13,4,4,1,1
2020-21,22000061,4,1610612746,3,5,3,3,0,2,0
2020-21,22000061,4,1610612757,6,7,4,4,2,3,0
2020-21,22000062,1,1610612739,5,8,2,3,2,6,0
2020-21,22000062,1,1610612754,4,2,2,1,2,0,1
2020-21,22000062,2,1610612739,4,6,6,2,1,0,0
2020-21,22000062,2,1610612754,5,4,3,3,2,1,0
2020-21,22000062,3,1610612739,4,4,2,2,2,2,0
2020-21,22000062,3,1610612754,6,7,5,3,2,2,1
2020-21,22000062,4,1610612739,5,6,3,1,4,3,0
2020-21,22000062,4,1610612754,5,11,9,5,0,2,0
2020-21,22000063,1,1610612741,4,2,1,1,3,1,0
2020-21,22000063,1,1610612764,6,11,9,5,1,2,0
2020-21,22000063,2,1610612741,7,6,3,3,3,3,1
2020-21,22000063,2,1610612764,6,8,7,5,1,1,0
2020-21,22000063,3,1610612741,6,5,4,3,2,1,1
2020-21,22000063,3,1610612764,5,9,8,5,0,1,0
2020-21,22000063,4,1610612741,9,12,11,4,5,1,0
2020-21,22000063,4,1610612764,7,13,8,5,0,5,2
2020-21,22000064,1,1610612753,6,9,7,5,1,2,0
2020-21,22000064,1,1610612755,5,6,6,3,2,0,0
2020-21,22000064,2,1610612753,2,2,2,1,1,0,0
2020-21,22000064,2,1610612755,6,7,5,4,2,2,0
2020-21,22000064,3,1610612753,5,4,4,3,1,0,1
2020-21,22000064,3,1610612755,1,1,1,0,1,0,0
2020-21,22000064,4,1610612753,4,6,6,3,1,0,0
2020-21,22000064,4,1610612755,2,1,1,1,1,0,0
2020-21,22000065,1,1610612745,4,7,6,2,2,1,0
2020-21,22000065,1,1610612758,4,8,5,4,0,3,0
2020-21,22000065,2,1610612745,3,1,0,1,2,1,0
2020-21,22000065,2,1610612758,5,8,6,5,0,2,0
2020-21,22000065,3,1610612745,2,0,0,0,2,0,0
2020-21,22000065,3,1610612758,3,4,4,2,1,0,0
2020-21,22000065,4,1610612745,10,17,13,6,4,4,0
2020-21,22000065,4,1610612758,2,4,3,2,0,1,0
2020-21,22000066,1,1610612752,3,2,2,1,2,0,0
2020-21,22000066,1,1610612761,5,7,4,4,1,3,0
2020-21,22000066,2,1610612752,6,6,6,3,2,0,1
2020-21,22000066,2,1610612761,3,2,1,1,2,1,0
2020-21,22000066,3,1610612752,2,1,0,1,1,1,0
2020-21,22000066,3,1610612761,6,5,5,2,3,0,1
2020-21,22000066,4,1610612752,7,11,8,5,2,3,0
2020-21,22000066,4,1610612761,5,7,5,3,1,2,1
2020-21,22000067,1,1610612740,4,7,4,3,1,3,0
2020-21,22000067,1,1610612760,2,3,1,2,0,2,0
2020-21,22000067,2,1610612740,4,1,1,1,3,0,0
2020-21,22000067,2,1610612760,1,2,1,1,0,1,0
2020-21,22000067,3,1610612740,6,7,5,3,2,2,0
2020-21,22000067,3,1610612760,5,6,3,2,2,3,0
2020-21,22000067,4,1610612740,5,4,2,2,3,2,0
2020-21,22000067,4,1610612760,5,4,0,2,3,4,0
2020-21,22000068,1,1610612756,2,0,0,0,2,0,0
2020-21,22000068,1,1610612762,6,9,5,4,2,4,0
2020-21,22000068,2,1610612756,4,5,4,1,1,1,1
2020-21,22000068,2,1610612762,2,2,2,1,0,0,1
2020-21,22000068,3,1610612756,4,4,3,1,2,1,1
2020-21,22000068,3,1610612762,4,6,4,3,1,2,0
2020-21,22000068,4,1610612756,4,1,0,1,3,1,0
2020-21,22000068,4,1610612762,3,2,2,1,2,0,0
2020-21,22000069,1,1610612763,2,2,2,1,1,0,0
2020-21,22000069,1,1610612766,4,7,3,3,1,4,0
2020-21,22000069,2,1610612763,4,6,4,3,1,2,0
2020-21,22000069,2,1610612766,2,2,2,1,1,0,0
2020-21,22000069,3,1610612763,2,0,0,0,1,0,1
2020-21,22000069,3,1610612766,5,7,5,3,1,2,1
2020-21,22000069,4,1610612763,2,2,2,1,1,0,0
2020-21,22000069,4,1610612766,5,5,4,3,2,1,0
2020-21,22000070,1,1610612738,2,2,1,1,0,1,1
2020-21,22000070,1,1610612765,0,0,0,0,0,0,0
2020-21,22000070,2,1610612738,5,5,2,2,3,3,0
2020-21,22000070,2,1610612765,6,7,4,3,3,3,0
2020-21,22000070,3,1610612738,2,2,1,1,0,1,1
2020-21,22000070,3,1610612765,2,4,3,2,0,1,0
2020-21,22000070,4,1610612738,4,5,3,2,2,2,0
2020-21,22000070,4,1610612765,7,9,6,3,4,3,0
2020-21,22000071,1,1610612742,7,9,7,4,3,2,0
2020-21,22000071,1,1610612748,5,6,4,2,3,2,0
2020-21,22000071,2,1610612742,4,4,1,2,1,3,1
2020-21,22000071,2,1610612748,9,12,9,3,6,3,0
2020-21,22000071,3,1610612742,6,2,2,1,4,0,0
2020-21,22000071,3,1610612748,5,3,2,0,4,1,1
2020-21,22000071,4,1610612742,6,8,7,2,3,1,1
2020-21,22000071,4,1610612748,4,4,3,2,2,1,0
2020-21,22000072,1,1610612737,0,0,0,0,0,0,0
2020-21,22000072,1,1610612751,4,3,3,2,2,0,0
2020-21,22000072,2,1610612737,6,8,8,4,2,0,0
2020-21,22000072,2,1610612751,6,10,8,3,2,2,1
2020-21,22000072,3,1610612737,3,2,2,1,2,0,0
2020-21,22000072,3,1610612751,4,4,3,2,2,1,0
2020-21,22000072,4,1610612737,5,4,2,1,3,2,1
2020-21,22000072,4,1610612751,5,6,5,2,2,1,1
2020-21,22000073,1,1610612741,3,4,3,2,0,1,1
2020-21,22000073,1,1610612749,3,2,2,1,1,0,1
2020-21,22000073,2,1610612741,2,0,0,0,2,0,0
2020-21,22000073,2,1610612749,6,12,6,5,1,6,0
2020-21,22000073,3,1610612741,7,9,8,2,4,1,1
2020-21,22000073,3,1610612749,4,3,3,2,2,0,0
2020-21,22000073,4,1610612741,4,7,3,4,0,4,0
2020-21,22000073,4,1610612749,7,13,9,5,1,4,1
2020-21,22000074,1,1610612750,3,4,1,2,1,3,0
2020-21,22000074,1,1610612764,4,3,2,2,2,1,0
2020-21,22000074,2,1610612750,4,6,5,4,0,1,0
2020-21,22000074,2,1610612764,6,7,4,3,2,3,1
2020-21,22000074,3,1610612750,5,6,3,3,2,3,0
2020-21,22000074,3,1610612764,7,9,8,5,2,1,0
2020-21,22000074,4,1610612750,4,5,3,4,0,2,0
2020-21,22000074,4,1610612764,3,2,2,2,0,0,1
2020-21,22000075,1,1610612747,4,4,3,2,2,1,0
2020-21,22000075,1,1610612759,3,4,3,2,1,1,0
2020-21,22000075,2,1610612747,5,5,4,3,2,1,0
2020-21,22000075,2,1610612759,7,12,8,4,3,4,0
2020-21,22000075,3,1610612747,4,3,2,2,2,1,0
2020-21,22000075,3,1610612759,4,6,4,3,1,2,0
2020-21,22000075,4,1610612747,4,4,4,1,3,0,0
2020-21,22000075,4,1610612759,3,4,3,3,0,1,0
2020-21,22000076,1,1610612743,2,5,4,2,0,1,0
2020-21,22000076,1,1610612756,3,3,3,1,2,0,0
2020-21,22000076,2,1610612743,5,5,4,2,2,1,1
2020-21,22000076,2,1610612756,5,7,7,3,2,0,0
2020-21,22000076,3,1610612743,6,6,5,3,3,1,0
2020-21,22000076,3,1610612756,6,5,4,2,3,1,1
2020-21,22000076,4,1610612743,2,0,0,0,1,0,1
2020-21,22000076,4,1610612756,6,6,5,1,3,1,2
2020-21,22000077,1,1610612746,5,4,4,1,3,0,1
2020-21,22000077,1,1610612762,3,0,0,0,3,0,0
2020-21,22000077,2,1610612746,5,6,4,2,2,2,1
2020-21,22000077,2,1610612762,2,2,1,1,1,1,0
2020-21,22000077,3,1610612746,3,7,6,3,0,1,0
2020-21,22000077,3,1610612762,3,5,3,2,1,2,0
2020-21,22000077,4,1610612746,4,7,7,3,1,0,0
2020-21,22000077,4,1610612762,7,7,5,3,3,2,1
2020-21,22000078,1,1610612744,2,2,2,1,1,0,0
2020-21,22000078,1,1610612757,7,9,5,3,3,4,1
2020-21,22000078,2,1610612744,10,16,15,7,3,1,0
2020-21,22000078,2,1610612757,6,6,6,2,4,0,0
2020-21,22000078,3,1610612744,4,5,4,4,0,1,0
2020-21,22000078,3,1610612757,5,4,3,1,2,1,1
2020-21,22000078,4,1610612744,5,10,8,4,1,2,0
2020-21,22000078,4,1610612757,8,11,9,4,4,2,0
2020-21,22000079,1,1610612745,8,10,8,4,4,2,0
2020-21,22000079,1,1610612758,3,6,5,3,0,1,0
2020-21,22000079,2,1610612745,4,8,4,4,0,4,0
2020-21,22000079,2,1610612758,6,5,5,3,3,0,0
2020-21,22000079,3,1610612745,3,0,0,0,3,0,0
2020-21,22000079,3,1610612758,5,7,3,4,1,4,0
2020-21,22000079,4,1610612745,5,5,5,1,3,0,1
2020-21,22000079,4,1610612758,6,3,2,2,4,1,0
2020-21,22000080,1,1610612752,5,5,3,1,3,2,0
2020-21,22000080,1,1610612754,2,3,3,2,0,0,0
2020-21,22000080,2,1610612752,4,0,0,0,4,0,0
2020-21,22000080,2,1610612754,9,14,11,7,2,3,0
2020-21,22000080,3,1610612752,4,2,2,2,2,0,0
2020-21,22000080,3,1610612754,2,1,1,0,1,0,1
2020-21,22000080,4,1610612752,6,6,5,1,4,1,1
2020-21,22000080,4,1610612754,2,0,0,0,2,0,0
2020-21,22000081,1,1610612753,3,7,5,3,0,2,0
2020-21,22000081,1,1610612760,4,9,9,4,0,0,0
2020-21,22000081,2,1610612753,3,0,0,0,2,0,1
2020-21,22000081,2,1610612760,4,5,4,3,1,1,0
2020-21,22000081,3,1610612753,5,3,3,2,3,0,0
2020-21,22000081,3,1610612760,3,2,2,2,1,0,0
2020-21,22000081,4,1610612753,5,2,1,2,2,1,1
2020-21,22000081,4,1610612760,6,5,4,1,5,1,0
2020-21,22000082,1,1610612755,2,2,2,1,1,0,0
2020-21,22000082,1,1610612766,6,9,8,3,3,1,0
2020-21,22000082,2,1610612755,6,8,5,3,3,3,0
2020-21,22000082,2,1610612766,6,8,7,3,3,1,0
2020-21,22000082,3,1610612755,7,11,8,4,2,3,1
2020-21,22000082,3,1610612766,1,2,2,1,0,0,0
2020-21,22000082,4,1610612755,3,3,2,1,2,1,0
2020-21,22000082,4,1610612766,4,7,6,2,2,1,0
2020-21,22000083,1,1610612737,6,8,8,3,2,0,1
2020-21,22000083,1,1610612739,2,1,0,1,1,1,0
2020-21,22000083,2,1610612737,6,9,2,5,1,7,0
2020-21,22000083,2,1610612739,4,4,4,2,1,0,1
2020-21,22000083,3,1610612737,4,1,0,1,2,1,1
2020-21,22000083,3,1610612739,2,3,3,1,1,0,0
2020-21,22000083,4,1610612737,4,1,0,1,2,1,1
2020-21,22000083,4,1610612739,7,9,6,2,5,3,0
2020-21,22000084,1,1610612740,5,7,6,3,1,1,1
2020-21,22000084,1,1610612761,3,5,5,3,0,0,0
2020-21,22000084,2,1610612740,5,6,4,2,1,2,2
2020-21,22000084,2,1610612761,3,4,4,2,1,0,0
2020-21,22000084,3,1610612740,4,6,5,3,1,1,0
2020-21,22000084,3,1610612761,3,8,8,3,0,0,0
2020-21,22000084,4,1610612740,13,28,21,8,4,7,0
2020-21,22000084,4,1610612761,6,10,9,6,0,1,0
2020-21,22000085,1,1610612738,1,0,0,0,1,0,0
2020-21,22000085,1,1610612765,0,0,0,0,0,0,0
2020-21,22000085,2,1610612738,4,0,0,0,3,0,1
2020-21,22000085,2,1610612765,6,6,5,2,3,1,1
2020-21,22000085,3,1610612738,6,7,5,4,2,2,0
2020-21,22000085,3,1610612765,5,5,4,3,2,1,0
2020-21,22000085,4,1610612738,4,6,4,4,0,2,0
2020-21,22000085,4,1610612765,8,14,13,6,2,1,0
2020-21,22000086,1,1610612751,6,10,8,4,2,2,0
2020-21,22000086,1,1610612764,4,6,4,4,0,2,0
2020-21,22000086,2,1610612751,6,8,8,5,1,0,0
2020-21,22000086,2,1610612764,8,15,11,4,4,4,0
2020-21,22000086,3,1610612751,4,5,5,3,1,0,0
2020-21,22000086,3,1610612764,2,3,3,2,0,0,0
2020-21,22000086,4,1610612751,6,8,7,3,3,1,0
2020-21,22000086,4,1610612764,6,10,7,4,2,3,0
2020-21,22000087,1,1610612747,3,0,0,0,2,0,1
2020-21,22000087,1,1610612763,4,3,2,2,2,1,0
2020-21,22000087,2,1610612747,5,8,7,3,2,1,0
2020-21,22000087,2,1610612763,2,1,1,1,1,0,0
2020-21,22000087,3,1610612747,2,2,2,1,1,0,0
2020-21,22000087,3,1610612763,4,2,2,1,2,0,1
2020-21,22000087,4,1610612747,7,9,5,3,4,4,0
2020-21,22000087,4,1610612763,4,2,2,1,2,0,1
2020-21,22000088,1,1610612743,5,9,6,4,1,3,0
2020-21,22000088,1,1610612750,3,4,4,2,0,0,1
2020-21,22000088,2,1610612743,3,2,1,1,2,1,0
2020-21,22000088,2,1610612750,2,4,2,2,0,2,0
2020-21,22000088,3,1610612743,3,6,4,3,0,2,0
2020-21,22000088,3,1610612750,2,4,3,2,0,1,0
2020-21,22000088,4,1610612743,4,4,4,2,1,0,1
2020-21,22000088,4,1610612750,2,4,2,2,0,2,0
2020-21,22000089,1,1610612759,1,2,1,1,0,1,0
2020-21,22000089,1,1610612762,6,6,5,1,5,1,0
2020-21,22000089,2,1610612759,4,5,3,3,0,2,1
2020-21,22000089,2,1610612762,6,9,5,4,2,4,0
2020-21,22000089,3,1610612759,4,2,2,2,2,0,0
2020-21,22000089,3,1610612762,2,3,1,2,0,2,0
2020-21,22000089,4,1610612759,8,12,9,7,1,3,0
2020-21,22000089,4,1610612762,2,1,0,1,1,1,0
2020-21,22000090,1,1610612741,2,4,3,2,0,1,0
2020-21,22000090,1,1610612742,4,2,2,1,3,0,0
2020-21,22000090,2,1610612741,8,8,7,4,3,1,1
2020-21,22000090,2,1610612742,4,5,4,3,1,1,0
2020-21,22000090,3,1610612741,6,4,4,0,5,0,1
2020-21,22000090,3,1610612742,4,4,3,2,2,1,0
2020-21,22000090,4,1610612741,9,14,13,5,3,1,1
2020-21,22000090,4,1610612742,9,16,10,4,4,6,1
2020-21,22000091,1,1610612746,4,4,3,2,2,1,0
2020-21,22000091,1,1610612756,1,1,1,1,0,0,0
2020-21,22000091,2,1610612746,6,5,3,1,5,2,0
2020-21,22000091,2,1610612756,5,6,4,2,3,2,0
2020-21,22000091,3,1610612746,3,4,3,2,1,1,0
2020-21,22000091,3,1610612756,7,12,10,4,2,2,1
2020-21,22000091,4,1610612746,8,6,6,0,6,0,1
2020-21,22000091,4,1610612756,6,9,8,4,2,1,0
2020-21,22000092,1,1610612744,8,10,8,2,5,2,0
2020-21,22000092,1,1610612757,4,8,5,4,0,3,0
2020-21,22000092,2,1610612744,3,5,5,2,1,0,0
2020-21,22000092,2,1610612757,6,9,8,4,2,1,0
2020-21,22000092,3,1610612744,4,6,4,2,1,2,0
2020-21,22000092,3,1610612757,3,2,1,0,3,1,0
2020-21,22000092,4,1610612744,9,13,9,5,4,4,0
2020-21,22000092,4,1610612757,10,14,12,4,4,2,2
2020-21,22000093,1,1610612739,2,4,2,2,0,2,0
2020-21,22000093,1,1610612753,1,3,2,1,0,1,0
2020-21,22000093,2,1610612739,4,0,0,0,4,0,0
2020-21,22000093,2,1610612753,3,2,2,1,2,0,0
2020-21,22000093,3,1610612739,4,4,3,2,1,1,1
2020-21,22000093,3,1610612753,5,4,4,1,2,0,1
2020-21,22000093,4,1610612739,3,4,2,2,1,2,0
2020-21,22000093,4,1610612753,3,4,4,2,0,0,1
2020-21,22000094,1,1610612755,3,2,1,1,2,1,0
2020-21,22000094,1,1610612766,5,3,2,2,3,1,0
2020-21,22000094,2,1610612755,7,7,5,4,3,2,0
2020-21,22000094,2,1610612766,1,1,0,1,0,1,0
2020-21,22000094,3,1610612755,4,2,2,1,3,0,0
2020-21,22000094,3,1610612766,3,4,4,2,1,0,0
2020-21,22000094,4,1610612755,8,12,7,5,3,5,0
2020-21,22000094,4,1610612766,10,14,10,5,4,4,0
2020-21,22000095,1,1610612737,3,3,3,2,1,0,0
2020-21,22000095,1,1610612752,1,2,2,1,0,0,0
2020-21,22000095,2,1610612737,6,6,5,1,5,1,0
2020-21,22000095,2,1610612752,3,3,3,1,2,0,0
2020-21,22000095,3,1610612737,5,7,5,3,2,2,0
2020-21,22000095,3,1610612752,7,10,7,3,4,3,0
2020-21,22000095,4,1610612737,4,7,5,3,1,2,0
2020-21,22000095,4,1610612752,8,10,8,2,5,2,1
2020-21,22000096,1,1610612748,1,2,0,1,0,2,0
2020-21,22000096,1,1610612760,4,4,4,3,1,0,0
2020-21,22000096,2,1610612748,2,4,4,2,0,0,0
2020-21,22000096,2,1610612760,4,3,2,2,1,1,1
2020-21,22000096,3,1610612748,5,7,6,4,1,1,0
2020-21,22000096,3,1610612760,3,2,2,1,2,0,0
2020-21,22000096,4,1610612748,5,5,0,3,2,5,0
2020-21,22000096,4,1610612760,9,18,11,5,4,7,0
2020-21,22000097,1,1610612738,3,3,3,2,1,0,0
2020-21,22000097,1,1610612761,7,11,5,5,1,6,1
2020-21,22000097,2,1610612738,8,13,10,3,4,3,1
2020-21,22000097,2,1610612761,4,4,4,2,2,0,0
2020-21,22000097,3,1610612738,8,10,8,5,3,2,0
2020-21,22000097,3,1610612761,10,15,13,7,3,2,0
2020-21,22000097,4,1610612738,4,8,8,4,0,0,0
2020-21,22000097,4,1610612761,6,8,7,4,2,1,0
2020-21,22000098,1,1610612742,6,11,11,4,2,0,0
2020-21,22000098,1,1610612745,6,8,6,2,3,2,1
2020-21,22000098,2,1610612742,2,2,2,1,1,0,0
2020-21,22000098,2,1610612745,10,12,8,4,3,4,2
2020-21,22000098,3,1610612742,5,6,5,3,2,1,0
2020-21,22000098,3,1610612745,5,6,5,1,3,1,0
2020-21,22000098,4,1610612742,2,1,1,0,2,0,0
2020-21,22000098,4,1610612745,6,10,10,4,2,0,0
2020-21,22000099,1,1610612749,4,3,3,2,2,0,0
2020-21,22000099,1,1610612765,3,2,2,1,1,0,1
2020-21,22000099,2,1610612749,3,3,3,2,1,0,0
2020-21,22000099,2,1610612765,4,7,7,3,1,0,0
2020-21,22000099,3,1610612749,3,3,3,1,2,0,0
2020-21,22000099,3,1610612765,3,2,2,1,2,0,0
2020-21,22000099,4,1610612749,7,7,4,2,5,3,0
2020-21,22000099,4,1610612765,4,1,1,1,1,0,2
2020-21,22000100,1,1610612740,5,5,3,2,2,2,1
2020-21,22000100,1,1610612754,3,4,2,2,1,2,0
2020-21,22000100,2,1610612740,6,7,6,5,1,1,0
2020-21,22000100,2,1610612754,7,5,4,3,2,1,1
2020-21,22000100,3,1610612740,5,5,5,3,1,0,1
2020-21,22000100,3,1610612754,2,0,0,0,2,0,0
2020-21,22000100,4,1610612740,4,6,5,4,0,1,0
2020-21,22000100,4,1610612754,3,3,2,2,1,1,0
2020-21,22000101,1,1610612744,6,7,6,2,2,1,2
2020-21,22000101,1,1610612758,7,12,8,6,1,4,0
2020-21,22000101,2,1610612744,3,3,2,1,2,1,0
2020-21,22000101,2,1610612758,8,13,10,4,4,3,0
2020-21,22000101,3,1610612744,5,4,4,2,2,0,1
2020-21,22000101,3,1610612758,6,8,8,3,3,0,0
2020-21,22000101,4,1610612744,2,0,0,0,2,0,0
2020-21,22000101,4,1610612758,6,6,2,4,2,4,0
2020-21,22000102,1,1610612751,4,2,2,1,2,0,1
2020-21,22000102,1,1610612762,4,6,5,3,1,1,0
2020-21,22000102,2,1610612751,3,4,3,2,1,1,0
2020-21,22000102,2,1610612762,7,5,3,2,3,2,2
2020-21,22000102,3,1610612751,5,6,3,4,1,3,0
2020-21,22000102,3,1610612762,5,6,4,3,2,2,0
2020-21,22000102,4,1610612751,6,4,4,2,4,0,0
2020-21,22000102,4,1610612762,5,10,7,5,0,3,0
2020-21,22000103,1,1610612747,3,2,1,2,1,1,0
2020-21,22000103,1,1610612763,2,1,1,1,1,0,0
2020-21,22000103,2,1610612747,2,1,1,1,1,0,0
2020-21,22000103,2,1610612763,3,3,3,2,1,0,0
2020-21,22000103,3,1610612747,2,2,1,1,1,1,0
2020-21,22000103,3,1610612763,5,4,3,2,2,1,1
2020-21,22000103,4,1610612747,5,6,6,1,3,0,0
2020-21,22000103,4,1610612763,4,5,3,3,1,2,0
2020-21,22000104,1,1610612743,6,10,8,4,2,2,0
2020-21,22000104,1,1610612750,7,7,6,4,3,1,0
2020-21,22000104,2,1610612743,8,14,8,5,2,6,1
2020-21,22000104,2,1610612750,6,11,10,3,2,1,1
2020-21,22000104,3,1610612743,7,10,8,4,3,2,0
2020-21,22000104,3,1610612750,3,3,0,2,1,3,0
2020-21,22000104,4,1610612743,8,11,9,2,6,2,0
2020-21,22000104,4,1610612750,7,6,5,4,3,1,0
2020-21,22000105,1,1610612746,3,4,4,2,1,0,0
2020-21,22000105,1,1610612759,2,1,1,0,1,0,0
2020-21,22000105,2,1610612746,3,3,3,2,1,0,0
2020-21,22000105,2,1610612759,4,3,3,2,2,0,0
2020-21,22000105,3,1610612746,3,2,1,1,2,1,0
2020-21,22000105,3,1610612759,5,2,1,0,5,1,0
2020-21,22000105,4,1610612746,2,4,4,2,0,0,0
2020-21,22000105,4,1610612759,5,5,3,2,1,2,2
2020-21,22000106,1,1610612741,4,4,3,3,1,1,0
2020-21,22000106,1,1610612757,6,4,3,2,4,1,0
2020-21,22000106,2,1610612741,2,2,1,1,0,1,1
2020-21,22000106,2,1610612757,3,0,0,0,3,0,0
2020-21,22000106,3,1610612741,3,5,4,2,1,1,0
2020-21,22000106,3,1610612757,4,6,2,3,1,4,0
2020-21,22000106,4,1610612741,5,7,7,2,3,0,0
2020-21,22000106,4,1610612757,4,7,6,2,2,1,0
2020-21,22000107,1,1610612745,6,8,6,3,2,2,1
2020-21,22000107,1,1610612754,5,8,6,3,2,2,0
2020-21,22000107,2,1610612745,5,6,5,3,1,1,1
2020-21,22000107,2,1610612754,7,8,7,2,4,1,1
2020-21,22000107,3,1610612745,6,8,6,3,2,2,1
2020-21,22000107,3,1610612754,2,2,2,1,1,0,0
2020-21,22000107,4,1610612745,3,4,4,2,0,0,1
2020-21,22000107,4,1610612754,6,8,6,2,3,2,1
2020-21,22000108,1,1610612739,5,8,7,4,1,1,0
2020-21,22000108,1,1610612753,6,6,3,2,4,3,0
2020-21,22000108,2,1610612739,3,4,2,2,1,2,0
2020-21,22000108,2,1610612753,3,4,3,1,2,1,0
2020-21,22000108,3,1610612739,0,0,0,0,0,0,0
2020-21,22000108,3,1610612753,5,4,3,3,1,1,1
2020-21,22000108,4,1610612739,10,14,9,2,8,5,0
2020-21,22000108,4,1610612753,3,4,4,2,1,0,0
2020-21,22000109,1,1610612755,4,3,3,1,3,0,0
2020-21,22000109,1,1610612764,3,7,4,3,0,3,0
2020-21,22000109,2,1610612755,8,12,7,6,1,5,1
2020-21,22000109,2,1610612764,8,11,9,4,3,2,1
2020-21,22000109,3,1610612755,6,9,8,4,2,1,0
2020-21,22000109,3,1610612764,7,12,10,3,3,2,1
2020-21,22000109,4,1610612755,9,9,5,4,5,4,0
2020-21,22000109,4,1610612764,2,5,3,1,1,2,0
2020-21,22000110,1,1610612737,2,2,0,1,1,2,0
2020-21,22000110,1,1610612766,4,5,5,2,2,0,0
2020-21,22000110,2,1610612737,5,6,6,2,3,0,0
2020-21,22000110,2,1610612766,6,10,8,3,3,2,0
2020-21,22000110,3,1610612737,5,9,8,4,1,1,0
2020-21,22000110,3,1610612766,5,5,4,3,2,1,0
2020-21,22000110,4,1610612737,1,1,1,1,0,0,0
2020-21,22000110,4,1610612766,9,13,10,2,6,3,1
2020-21,22000111,1,1610612738,1,2,1,1,0,1,0
2020-21,22000111,1,1610612748,5,11,9,5,0,2,0
2020-21,22000111,2,1610612738,7,6,6,1,5,0,1
2020-21,22000111,2,1610612748,8,8,6,4,4,2,0
2020-21,22000111,3,1610612738,3,0,0,0,3,0,0
2020-21,22000111,3,1610612748,3,2,2,1,2,0,0
2020-21,22000111,4,1610612738,4,4,4,2,2,0,0
2020-21,22000111,4,1610612748,6,5,5,3,3,0,0
2020-21,22000112,1,1610612752,2,2,1,1,1,1,0
2020-21,22000112,1,1610612762,4,1,0,1,2,1,1
2020-21,22000112,2,1610612752,6,7,5,3,3,2,0
2020-21,22000112,2,1610612762,4,4,2,2,2,2,0
2020-21,22000112,3,1610612752,4,8,6,3,0,2,1
2020-21,22000112,3,1610612762,2,2,0,1,1,2,0
2020-21,22000112,4,1610612752,3,2,2,0,3,0,0
2020-21,22000112,4,1610612762,3,4,4,2,1,0,0
2020-21,22000113,1,1610612749,6,6,5,3,2,1,1
2020-21,22000113,1,1610612765,6,6,6,3,2,0,1
2020-21,22000113,2,1610612749,5,7,5,3,2,2,0
2020-21,22000113,2,1610612765,4,6,5,3,1,1,0
2020-21,22000113,3,1610612749,4,0,0,0,2,0,2
2020-21,22000113,3,1610612765,4,7,6,4,0,1,0
2020-21,22000113,4,1610612749,5,8,3,3,2,5,0
2020-21,22000113,4,1610612765,6,11,9,6,0,2,0
2020-21,22000114,1,1610612740,4,6,3,3,1,3,0
2020-21,22000114,1,1610612760,2,1,0,1,1,1,0
2020-21,22000114,2,1610612740,3,2,2,1,1,0,1
2020-21,22000114,2,1610612760,3,4,2,2,1,2,0
2020-21,22000114,3,1610612740,4,6,5,3,1,1,0
2020-21,22000114,3,1610612760,4,5,4,3,0,1,1
2020-21,22000114,4,1610612740,7,9,8,5,2,1,0
2020-21,22000114,4,1610612760,5,6,6,3,2,0,0
2020-21,22000115,1,1610612756,2,0,0,0,2,0,0
2020-21,22000115,1,1610612761,4,4,3,2,2,1,0
2020-21,22000115,2,1610612756,3,5,3,2,1,2,0
2020-21,22000115,2,1610612761,7,10,7,5,2,3,0
2020-21,22000115,3,1610612756,5,10,10,4,1,0,0
2020-21,22000115,3,1610612761,4,6,5,3,1,1,0
2020-21,22000115,4,1610612756,6,9,9,3,3,0,0
2020-21,22000115,4,1610612761,8,12,8,5,2,4,1
2020-21,22000116,1,1610612744,3,2,2,0,2,0,1
2020-21,22000116,1,1610612746,3,3,3,2,1,0,0
2020-21,22000116,2,1610612744,7,8,7,4,2,1,1
2020-21,22000116,2,1610612746,6,8,8,4,2,0,0
2020-21,22000116,3,1610612744,7,7,4,3,4,3,0
2020-21,22000116,3,1610612746,6,8,8,3,3,0,0
2020-21,22000116,4,1610612744,4,2,2,1,2,0,1
2020-21,22000116,4,1610612746,4,6,6,2,0,0,1
2020-21,22000117,1,1610612741,2,4,3,2,0,1,0
2020-21,22000117,1,1610612758,4,5,4,2,2,1,0
2020-21,22000117,2,1610612741,4,1,0,1,3,1,0
2020-21,22000117,2,1610612758,5,8,7,3,2,1,0
2020-21,22000117,3,1610612741,4,4,3,2,2,1,0
2020-21,22000117,3,1610612758,6,8,6,4,2,2,0
2020-21,22000117,4,1610612741,6,6,6,3,2,0,0
2020-21,22000117,4,1610612758,6,6,3,1,5,3,0
2020-21,22000118,1,1610612751,2,3,2,2,0,1,0
2020-21,22000118,1,1610612755,4,3,3,2,2,0,0
2020-21,22000118,2,1610612751,8,12,8,5,1,4,2
2020-21,22000118,2,1610612755,5,7,7,4,1,0,0
2020-21,22000118,3,1610612751,7,10,5,5,0,5,1
2020-21,22000118,3,1610612755,3,4,4,2,0,0,1
2020-21,22000118,4,1610612751,5,4,4,1,4,0,0
2020-21,22000118,4,1610612755,3,6,4,3,0,2,0
2020-21,22000119,1,1610612739,3,0,0,0,3,0,0
2020-21,22000119,1,1610612763,2,2,1,1,0,1,1
2020-21,22000119,2,1610612739,2,2,1,1,1,1,0
2020-21,22000119,2,1610612763,3,0,0,0,3,0,0
2020-21,22000119,3,1610612739,4,6,3,4,0,3,0
2020-21,22000119,3,1610612763,4,2,2,1,3,0,0
2020-21,22000119,4,1610612739,5,8,5,3,2,3,0
2020-21,22000119,4,1610612763,5,4,4,2,3,0,0
2020-21,22000120,1,1610612742,6,6,5,3,3,1,0
2020-21,22000120,1,1610612743,4,4,3,2,2,1,0
2020-21,22000120,2,1610612742,9,9,6,3,4,3,2
2020-21,22000120,2,1610612743,6,7,7,2,3,0,1
2020-21,22000120,3,1610612742,6,7,6,3,2,1,1
2020-21,22000120,3,1610612743,1,0,0,0,1,0,0
2020-21,22000120,4,1610612742,2,5,4,2,0,1,0
2020-21,22000120,4,1610612743,7,10,6,2,5,4,0
2020-21,22000121,1,1610612747,0,0,0,0,0,0,0
2020-21,22000121,1,1610612759,4,3,2,2,1,1,1
2020-21,22000121,2,1610612747,6,6,4,3,3,2,0
2020-21,22000121,2,1610612759,2,2,2,1,1,0,0
2020-21,22000121,3,1610612747,4,6,4,3,1,2,0
2020-21,22000121,3,1610612759,3,4,4,2,1,0,0
2020-21,22000121,4,1610612747,5,9,5,4,1,4,0
2020-21,22000121,4,1610612759,5,8,8,3,2,0,0
2020-21,22000122,1,1610612750,1,2,2,1,0,0,0
2020-21,22000122,1,1610612757,6,9,7,4,2,2,0
2020-21,22000122,2,1610612750,4,6,5,1,3,1,0
2020-21,22000122,2,1610612757,4,4,3,2,2,1,0
2020-21,22000122,3,1610612750,8,12,11,5,3,1,0
2020-21,22000122,3,1610612757,4,4,4,2,2,0,0
2020-21,22000122,4,1610612750,9,13,7,8,1,6,0
2020-21,22000122,4,1610612757,4,6,5,3,1,1,0
2020-21,22000123,1,1610612756,4,4,0,2,1,4,1
2020-21,22000123,1,1610612765,2,3,2,2,0,1,0
2020-21,22000123,2,1610612756,1,2,0,1,0,2,0
2020-21,22000123,2,1610612765,3,4,4,2,1,0,0
2020-21,22000123,3,1610612756,3,4,4,1,1,0,1
2020-21,22000123,3,1610612765,8,14,14,4,0,0,3
2020-21,22000123,4,1610612756,3,1,0,0,3,1,0
2020-21,22000123,4,1610612765,7,6,4,1,6,2,0
2020-21,22000124,1,1610612738,4,4,4,2,2,0,0
2020-21,22000124,1,1610612764,5,6,5,2,2,1,1
2020-21,22000124,2,1610612738,7,9,6,6,1,3,0
2020-21,22000124,2,1610612764,4,0,0,0,4,0,0
2020-21,22000124,3,1610612738,4,7,6,3,1,1,0
2020-21,22000124,3,1610612764,4,8,7,3,1,1,0
2020-21,22000124,4,1610612738,6,10,6,3,2,4,1
2020-21,22000124,4,1610612764,5,2,2,1,2,0,1
2020-21,22000125,1,1610612752,4,4,4,2,2,0,0
2020-21,22000125,1,1610612760,3,4,3,2,1,1,0
2020-21,22000125,2,1610612752,3,4,0,2,1,4,0
2020-21,22000125,2,1610612760,2,0,0,0,2,0,0
2020-21,22000125,3,1610612752,5,5,3,3,2,2,0
2020-21,22000125,3,1610612760,5,6,4,2,2,2,1
2020-21,22000125,4,1610612752,6,7,5,3,3,2,0
2020-21,22000125,4,1610612760,7,11,7,2,4,4,0
2020-21,22000126,1,1610612740,3,4,3,2,0,1,1
2020-21,22000126,1,1610612766,2,2,1,1,1,1,0
2020-21,22000126,2,1610612740,6,8,7,3,3,1,0
2020-21,22000126,2,1610612766,6,10,7,4,2,3,0
2020-21,22000126,3,1610612740,5,9,6,4,1,3,0
2020-21,22000126,3,1610612766,1,0,0,0,1,0,0
2020-21,22000126,4,1610612740,4,5,3,2,2,2,0
2020-21,22000126,4,1610612766,8,13,12,4,4,1,0
2020-21,22000127,1,1610612745,3,2,1,1,2,1,0
2020-21,22000127,1,1610612753,3,6,6,3,0,0,0
2020-21,22000127,2,1610612745,4,2,2,1,3,0,0
2020-21,22000127,2,1610612753,5,3,2,0,5,1,0
2020-21,22000127,3,1610612745,2,2,1,1,1,1,0
2020-21,22000127,3,1610612753,3,2,1,1,1,1,1
2020-21,22000127,4,1610612745,2,5,4,2,0,1,0
2020-21,22000127,4,1610612753,6,5,5,3,2,0,1
2020-21,22000128,1,1610612751,4,4,4,2,2,0,0
2020-21,22000128,1,1610612763,2,4,4,2,0,0,0
2020-21,22000128,2,1610612751,6,8,8,2,3,0,0
2020-21,22000128,2,1610612763,3,4,4,2,1,0,0
2020-21,22000128,3,1610612751,4,7,6,4,0,1,0
2020-21,22000128,3,1610612763,3,2,2,1,2,0,0
2020-21,22000128,4,1610612751,3,2,2,1,2,0,0
2020-21,22000128,4,1610612763,4,4,2,2,2,2,0
2020-21,22000129,1,1610612749,4,3,2,3,1,1,0
2020-21,22000129,1,1610612762,5,6,3,2,3,3,0
2020-21,22000129,2,1610612749,3,5,3,2,0,2,1
2020-21,22000129,2,1610612762,5,3,2,2,3,1,0
2020-21,22000129,3,1610612749,3,4,3,2,1,1,0
2020-21,22000129,3,1610612762,2,2,1,1,1,1,0
2020-21,22000129,4,1610612749,7,9,9,2,5,0,0
2020-21,22000129,4,1610612762,4,2,2,1,2,0,1
2020-21,22000130,1,1610612744,4,4,2,2,2,2,0
2020-21,22000130,1,1610612746,2,1,1,0,1,0,1
2020-21,22000130,2,1610612744,5,6,6,3,2,0,0
2020-21,22000130,2,1610612746,6,3,2,1,5,1,0
2020-21,22000130,3,1610612744,4,6,6,3,1,0,0
2020-21,22000130,3,1610612746,6,7,7,2,3,0,1
2020-21,22000130,4,1610612744,1,2,1,1,0,1,0
2020-21,22000130,4,1610612746,1,2,1,1,0,1,0
2020-21,22000131,1,1610612741,2,1,1,1,0,0,1
2020-21,22000131,1,1610612747,2,4,4,2,0,0,0
2020-21,22000131,2,1610612741,0,0,0,0,0,0,0
2020-21,22000131,2,1610612747,6,6,6,3,3,0,0
2020-21,22000131,3,1610612741,7,8,8,5,2,0,0
2020-21,22000131,3,1610612747,5,9,9,4,1,0,0
2020-21,22000131,4,1610612741,5,5,4,2,3,1,0
2020-21,22000131,4,1610612747,8,8,4,4,4,4,0
2020-21,22000132,1,1610612758,2,4,3,2,0,1,0
2020-21,22000132,1,1610612761,3,6,5,3,0,1,0
2020-21,22000132,2,1610612758,6,11,8,5,1,3,0
2020-21,22000132,2,1610612761,8,9,8,4,4,1,0
2020-21,22000132,3,1610612758,5,2,1,2,3,1,0
2020-21,22000132,3,1610612761,3,3,2,1,2,1,0
2020-21,22000132,4,1610612758,6,11,4,5,1,7,0
2020-21,22000132,4,1610612761,3,4,3,2,1,1,0
2020-21,22000133,1,1610612743,5,4,4,1,3,0,1
2020-21,22000133,1,1610612755,3,2,2,1,2,0,0
2020-21,22000133,2,1610612743,5,7,5,3,1,2,1
2020-21,22000133,2,1610612755,1,2,0,1,0,2,0
2020-21,22000133,3,1610612743,6,4,4,3,2,0,1
2020-21,22000133,3,1610612755,2,2,1,1,1,1,0
2020-21,22000133,4,1610612743,2,0,0,0,1,0,1
2020-21,22000133,4,1610612755,5,4,3,1,3,1,1
2020-21,22000134,1,1610612737,2,2,2,1,0,0,1
2020-21,22000134,1,1610612766,4,4,4,2,2,0,0
2020-21,22000134,2,1610612737,5,6,4,3,2,2,0
2020-21,22000134,2,1610612766,4,5,2,2,2,3,0
2020-21,22000134,3,1610612737,3,5,5,2,1,0,0
2020-21,22000134,3,1610612766,5,7,6,4,1,1,0
2020-21,22000134,4,1610612737,8,15,12,6,1,3,1
2020-21,22000134,4,1610612766,6,8,6,3,3,2,0
2020-21,22000135,1,1610612754,2,3,2,2,0,1,0
2020-21,22000135,1,1610612756,1,0,0,0,1,0,0
2020-21,22000135,2,1610612754,3,5,4,3,0,1,0
2020-21,22000135,2,1610612756,4,2,2,1,2,0,1
2020-21,22000135,3,1610612754,6,8,4,5,1,4,0
2020-21,22000135,3,1610612756,7,10,10,5,2,0,0
2020-21,22000135,4,1610612754,6,8,7,3,2,1,1
2020-21,22000135,4,1610612756,5,5,5,2,3,0,0
2020-21,22000136,1,1610612748,4,2,2,1,2,0,1
2020-21,22000136,1,1610612764,8,14,12,6,2,2,0
2020-21,22000136,2,1610612748,9,11,7,1,7,4,0
2020-21,22000136,2,1610612764,5,9,6,3,1,3,1
2020-21,22000136,3,1610612748,2,3,3,2,0,0,0
2020-21,22000136,3,1610612764,2,2,1,1,1,1,0
2020-21,22000136,4,1610612748,9,10,8,3,6,2,0
2020-21,22000136,4,1610612764,5,3,2,1,4,1,0
2020-21,22000137,1,1610612739,2,4,1,2,0,3,0
2020-21,22000137,1,1610612749,5,7,5,4,1,2,0
2020-21,22000137,2,1610612739,4,4,2,3,1,2,0
2020-21,22000137,2,1610612749,3,0,0,0,3,0,0
2020-21,22000137,3,1610612739,2,4,4,2,0,0,0
2020-21,22000137,3,1610612749,4,4,3,2,2,1,0
2020-21,22000137,4,1610612739,5,4,4,1,3,0,1
2020-21,22000137,4,1610612749,6,7,6,1,5,1,0
2020-21,22000138,1,1610612750,4,4,2,2,2,2,0
2020-21,22000138,1,1610612759,2,4,3,2,0,1,0
2020-21,22000138,2,1610612750,3,3,1,2,0,2,1
2020-21,22000138,2,1610612759,8,12,11,6,2,1,0
2020-21,22000138,3,1610612750,6,8,7,3,3,1,0
2020-21,22000138,3,1610612759,3,2,1,1,2,1,0
2020-21,22000138,4,1610612750,3,2,1,1,1,1,1
2020-21,22000138,4,1610612759,6,9,7,5,1,2,0
2020-21,22000139,1,1610612742,4,4,2,3,1,2,0
2020-21,22000139,1,1610612753,4,9,7,4,0,2,0
2020-21,22000139,2,1610612742,0,0,0,0,0,0,0
2020-21,22000139,2,1610612753,2,2,1,1,1,1,0
2020-21,22000139,3,1610612742,3,4,3,2,1,1,0
2020-21,22000139,3,1610612753,5,5,3,2,3,2,0
2020-21,22000139,4,1610612742,8,10,9,2,6,1,0
2020-21,22000139,4,1610612753,4,6,5,3,1,1,0
2020-21,22000140,1,1610612757,8,10,10,5,2,0,1
2020-21,22000140,1,1610612758,2,4,4,2,0,0,0
2020-21,22000140,2,1610612757,2,2,2,1,1,0,0
2020-21,22000140,2,1610612758,5,8,5,4,1,3,0
2020-21,22000140,3,1610612757,2,2,2,0,1,0,1
2020-21,22000140,3,1610612758,7,7,4,4,3,3,0
2020-21,22000140,4,1610612757,7,9,6,3,3,3,1
2020-21,22000140,4,1610612758,11,16,12,6,5,4,0
2020-21,22000141,1,1610612762,2,0,0,0,2,0,0
2020-21,22000141,1,1610612765,2,5,5,2,0,0,0
2020-21,22000141,2,1610612762,5,5,1,3,2,4,0
2020-21,22000141,2,1610612765,2,2,2,1,1,0,0
2020-21,22000141,3,1610612762,6,6,5,2,4,1,0
2020-21,22000141,3,1610612765,7,8,6,4,3,2,0
2020-21,22000141,4,1610612762,8,11,9,1,7,2,0
2020-21,22000141,4,1610612765,6,6,5,1,5,1,0
2020-21,22000142,1,1610612741,5,7,5,2,2,2,0
2020-21,22000142,1,1610612746,2,2,1,1,1,1,0
2020-21,22000142,2,1610612741,4,0,0,0,3,0,1
2020-21,22000142,2,1610612746,6,7,5,2,3,2,1
2020-21,22000142,3,1610612741,2,2,2,1,1,0,0
2020-21,22000142,3,1610612746,2,0,0,0,2,0,0
2020-21,22000142,4,1610612741,6,8,8,5,1,0,0
2020-21,22000142,4,1610612746,8,16,14,6,2,2,0
2020-21,22000143,1,1610612751,5,7,7,3,2,0,0
2020-21,22000143,1,1610612760,1,2,2,1,0,0,0
2020-21,22000143,2,1610612751,2,4,2,2,0,2,0
2020-21,22000143,2,1610612760,5,5,4,3,2,1,0
2020-21,22000143,3,1610612751,3,3,3,2,1,0,0
2020-21,22000143,3,1610612760,6,8,8,3,1,0,1
2020-21,22000143,4,1610612751,9,10,8,6,3,2,0
2020-21,22000143,4,1610612760,3,2,2,1,2,0,0
2020-21,22000144,1,1610612743,3,4,3,3,0,1,0
2020-21,22000144,1,1610612752,2,4,2,2,0,2,0
2020-21,22000144,2,1610612743,6,6,4,1,5,2,0
2020-21,22000144,2,1610612752,5,4,3,2,2,1,1
2020-21,22000144,3,1610612743,2,0,0,0,2,0,0
2020-21,22000144,3,1610612752,5,6,4,4,1,2,0
2020-21,22000144,4,1610612743,2,2,2,1,1,0,0
2020-21,22000144,4,1610612752,9,11,10,5,4,1,0
2020-21,22000145,1,1610612738,5,6,6,2,3,0,0
2020-21,22000145,1,1610612748,2,4,4,2,0,0,0
2020-21,22000145,2,1610612738,1,2,1,1,0,1,0
2020-21,22000145,2,1610612748,8,8,8,4,4,0,0
2020-21,22000145,3,1610612738,9,13,10,5,3,3,1
2020-21,22000145,3,1610612748,5,4,3,1,4,1,0
2020-21,22000145,4,1610612738,4,4,3,1,2,1,1
2020-21,22000145,4,1610612748,5,6,5,1,4,1,0
2020-21,22000146,1,1610612745,6,10,6,3,1,4,1
2020-21,22000146,1,1610612747,5,2,2,2,1,0,1
2020-21,22000146,2,1610612745,3,3,3,1,2,0,0
2020-21,22000146,2,1610612747,8,13,8,3,1,5,3
2020-21,22000146,3,1610612745,6,6,5,2,3,1,1
2020-21,22000146,3,1610612747,3,4,3,2,1,1,0
2020-21,22000146,4,1610612745,5,4,2,3,2,2,0
2020-21,22000146,4,1610612747,4,5,5,3,0,0,1
2020-21,22000147,1,1610612750,2,4,3,2,0,1,0
2020-21,22000147,1,1610612759,4,4,2,3,1,2,0
2020-21,22000147,2,1610612750,2,2,2,1,1,0,0
2020-21,22000147,2,1610612759,3,4,3,2,1,1,0
2020-21,22000147,3,1610612750,1,0,0,0,0,0,1
2020-21,22000147,3,1610612759,4,3,2,2,2,1,0
2020-21,22000147,4,1610612750,10,17,14,4,5,3,1
2020-21,22000147,4,1610612759,4,3,1,1,1,2,1
2020-21,22000148,1,1610612744,4,3,3,2,1,0,1
2020-21,22000148,1,1610612761,3,4,3,2,1,1,0
2020-21,22000148,2,1610612744,4,5,4,2,2,1,0
2020-21,22000148,2,1610612761,4,4,2,3,0,2,1
2020-21,22000148,3,1610612744,5,5,4,3,2,1,0
2020-21,22000148,3,1610612761,3,2,1,1,2,1,0
2020-21,22000148,4,1610612744,6,6,6,2,4,0,0
2020-21,22000148,4,1610612761,8,12,8,3,4,4,0
2020-21,22000149,1,1610612752,4,5,4,2,2,1,0
2020-21,22000149,1,1610612766,4,4,3,2,2,1,0
2020-21,22000149,2,1610612752,1,0,0,0,1,0,0
2020-21,22000149,2,1610612766,8,11,10,5,2,1,1
2020-21,22000149,3,1610612752,3,6,4,3,0,2,0
2020-21,22000149,3,1610612766,5,4,3,1,4,1,0
2020-21,22000149,4,1610612752,4,6,3,3,1,3,0
2020-21,22000149,4,1610612766,4,4,4,2,2,0,0
2020-21,22000150,1,1610612739,1,0,0,0,1,0,0
2020-21,22000150,1,1610612763,5,10,6,5,0,4,0
2020-21,22000150,2,1610612739,5,5,2,2,3,3,0
2020-21,22000150,2,1610612763,5,2,2,0,5,0,0
2020-21,22000150,3,1610612739,6,4,2,2,4,2,0
2020-21,22000150,3,1610612763,2,0,0,0,2,0,0
2020-21,22000150,4,1610612739,3,5,2,3,0,3,0
2020-21,22000150,4,1610612763,8,9,8,3,5,1,0
2020-21,22000151,1,1610612749,2,3,3,0,2,0,0
2020-21,22000151,1,1610612753,1,0,0,0,1,0,0
2020-21,22000151,2,1610612749,6,13,11,4,2,2,0
2020-21,22000151,2,1610612753,2,2,1,1,1,1,0
2020-21,22000151,3,1610612749,2,2,1,1,1,1,0
2020-21,22000151,3,1610612753,8,8,7,3,5,1,0
2020-21,22000151,4,1610612749,3,2,1,2,1,1,0
2020-21,22000151,4,1610612753,4,3,2,2,1,1,1
2020-21,22000152,1,1610612756,3,4,2,2,1,2,0
2020-21,22000152,1,1610612764,4,7,6,3,1,1,0
2020-21,22000152,2,1610612756,6,8,8,4,2,0,0
2020-21,22000152,2,1610612764,7,6,4,3,4,2,0
2020-21,22000152,3,1610612756,3,5,5,3,0,0,0
2020-21,22000152,3,1610612764,5,7,3,4,1,4,0
2020-21,22000152,4,1610612756,9,13,10,4,5,3,0
2020-21,22000152,4,1610612764,5,8,4,3,1,4,1
2020-21,22000153,1,1610612737,4,6,6,3,1,0,0
2020-21,22000153,1,1610612755,4,7,6,4,0,1,0
2020-21,22000153,2,1610612737,9,16,11,6,3,5,0
2020-21,22000153,2,1610612755,4,4,4,2,2,0,0
2020-21,22000153,3,1610612737,4,4,3,2,2,1,0
2020-21,22000153,3,1610612755,0,0,0,0,0,0,0
2020-21,22000153,4,1610612737,0,1,1,0,0,0,0
2020-21,22000153,4,1610612755,4,2,2,1,3,0,0
2020-21,22000154,1,1610612740,7,11,8,4,2,3,1
2020-21,22000154,1,1610612742,5,7,6,3,2,1,0
2020-21,22000154,2,1610612740,5,7,4,4,1,3,0
2020-21,22000154,2,1610612742,3,4,3,3,0,1,0
2020-21,22000154,3,1610612740,7,12,10,3,2,2,2
2020-21,22000154,3,1610612742,4,7,6,2,2,1,0
2020-21,22000154,4,1610612740,6,8,6,4,2,2,0
2020-21,22000154,4,1610612742,4,2,1,1,2,1,1
2020-21,22000155,1,1610612757,4,4,4,2,2,0,0
2020-21,22000155,1,1610612761,4,3,3,2,2,0,0
2020-21,22000155,2,1610612757,9,10,8,5,3,2,1
2020-21,22000155,2,1610612761,2,3,3,1,1,0,0
2020-21,22000155,3,1610612757,4,4,4,2,1,0,1
2020-21,22000155,3,1610612761,2,2,2,1,1,0,0
2020-21,22000155,4,1610612757,4,7,6,4,0,1,0
2020-21,22000155,4,1610612761,3,4,4,2,1,0,0
2020-21,22000156,1,1610612754,3,2,2,1,2,0,0
2020-21,22000156,1,1610612758,5,7,6,4,1,1,0
2020-21,22000156,2,1610612754,4,7,5,2,1,2,0
2020-21,22000156,2,1610612758,4,3,3,1,2,0,0
2020-21,22000156,3,1610612754,4,5,5,3,0,0,1
2020-21,22000156,3,1610612758,2,2,1,1,1,1,0
2020-21,22000156,4,1610612754,4,4,3,3,1,1,0
2020-21,22000156,4,1610612758,6,11,8,3,3,3,0
2020-21,22000157,1,1610612748,6,7,5,2,2,2,2
2020-21,22000157,1,1610612755,3,6,5,3,0,1,0
2020-21,22000157,2,1610612748,1,0,0,0,1,0,0
2020-21,22000157,2,1610612755,3,5,2,3,0,3,0
2020-21,22000157,3,1610612748,2,1,1,1,1,0,0
2020-21,22000157,3,1610612755,6,6,5,2,3,1,1
2020-21,22000157,4,1610612748,7,10,8,5,2,2,0
2020-21,22000157,4,1610612755,4,2,2,1,3,0,0
2020-21,22000158,1,1610612743,6,4,4,0,5,0,1
2020-21,22000158,1,1610612751,5,4,3,3,2,1,0
2020-21,22000158,2,1610612743,6,11,6,5,1,5,0
2020-21,22000158,2,1610612751,4,4,4,2,2,0,0
2020-21,22000158,3,1610612743,4,1,0,1,3,1,0
2020-21,22000158,3,1610612751,2,0,0,0,2,0,0
2020-21,22000158,4,1610612743,1,0,0,0,1,0,0
2020-21,22000158,4,1610612751,6,7,3,2,4,4,0
2020-21,22000159,1,1610612739,1,0,0,0,1,0,0
2020-21,22000159,1,1610612762,1,2,1,1,0,1,0
2020-21,22000159,2,1610612739,2,0,0,0,2,0,0
2020-21,22000159,2,1610612762,3,0,0,0,2,0,1
2020-21,22000159,3,1610612739,6,9,5,4,2,4,0
2020-21,22000159,3,1610612762,6,10,8,4,2,2,0
2020-21,22000159,4,1610612739,5,5,4,3,2,1,0
2020-21,22000159,4,1610612762,2,0,0,0,2,0,0
2020-21,22000160,1,1610612738,2,2,2,1,1,0,0
2020-21,22000160,1,1610612741,3,4,4,3,0,0,0
2020-21,22000160,2,1610612738,3,0,0,0,3,0,0
2020-21,22000160,2,1610612741,4,4,3,2,1,1,1
2020-21,22000160,3,1610612738,7,8,7,2,4,1,1
2020-21,22000160,3,1610612741,5,10,10,4,1,0,0
2020-21,22000160,4,1610612738,7,13,9,7,0,4,0
2020-21,22000160,4,1610612741,3,0,0,0,3,0,0
2020-21,22000161,1,1610612745,2,0,0,0,2,0,0
2020-21,22000161,1,1610612747,5,6,4,2,2,2,1
2020-21,22000161,2,1610612745,7,8,7,3,4,1,0
2020-21,22000161,2,1610612747,4,3,2,2,2,1,0
2020-21,22000161,3,1610612745,2,1,1,1,1,0,0
2020-21,22000161,3,1610612747,5,6,4,3,1,2,0
2020-21,22000161,4,1610612745,6,7,4,3,2,3,1
2020-21,22000161,4,1610612747,6,12,9,6,0,3,0
2020-21,22000162,1,1610612759,4,3,3,2,2,0,0
2020-21,22000162,1,1610612760,4,3,2,2,2,1,0
2020-21,22000162,2,1610612759,4,4,4,2,1,0,1
2020-21,22000162,2,1610612760,3,6,4,3,0,2,0
2020-21,22000162,3,1610612759,3,4,3,2,1,1,0
2020-21,22000162,3,1610612760,6,12,9,5,1,3,0
2020-21,22000162,4,1610612759,9,11,10,3,6,1,0
2020-21,22000162,4,1610612760,5,8,8,4,1,0,0
2020-21,22000163,1,1610612744,7,8,4,3,3,4,1
2020-21,22000163,1,1610612754,5,4,3,1,3,1,1
2020-21,22000163,2,1610612744,5,9,7,4,1,2,0
2020-21,22000163,2,1610612754,6,11,7,5,0,4,1
2020-21,22000163,3,1610612744,3,2,1,1,2,1,0
2020-21,22000163,3,1610612754,2,2,2,1,1,0,0
2020-21,22000163,4,1610612744,1,3,2,1,0,1,0
2020-21,22000163,4,1610612754,5,8,5,2,3,3,0
2020-21,22000164,1,1610612742,2,4,2,1,1,2,0
2020-21,22000164,1,1610612766,3,2,2,1,2,0,0
2020-21,22000164,2,1610612742,3,0,0,0,2,0,1
2020-21,22000164,2,1610612766,4,2,2,1,2,0,1
2020-21,22000164,3,1610612742,6,8,4,4,1,4,1
2020-21,22000164,3,1610612766,4,6,2,3,1,4,0
2020-21,22000164,4,1610612742,4,4,3,1,3,1,0
2020-21,22000164,4,1610612766,4,4,1,3,1,3,0
2020-21,22000165,1,1610612749,4,2,0,2,2,2,0
2020-21,22000165,1,1610612765,4,5,3,3,1,2,0
2020-21,22000165,2,1610612749,4,5,3,3,1,2,0
2020-21,22000165,2,1610612765,2,6,4,2,0,2,0
2020-21,22000165,3,1610612749,4,5,4,3,1,1,0
2020-21,22000165,3,1610612765,5,7,6,2,1,1,2
2020-21,22000165,4,1610612749,5,2,2,0,5,0,0
2020-21,22000165,4,1610612765,6,4,2,0,5,2,1
2020-21,22000166,1,1610612762,5,4,0,2,3,4,0
2020-21,22000166,1,1610612764,2,4,4,2,0,0,0
2020-21,22000166,2,1610612762,5,4,2,2,3,2,0
2020-21,22000166,2,1610612764,4,7,6,4,0,1,0
2020-21,22000166,3,1610612762,5,5,5,2,2,0,1
2020-21,22000166,3,1610612764,7,11,9,5,2,2,0
2020-21,22000166,4,1610612762,10,15,9,6,4,6,0
2020-21,22000166,4,1610612764,9,16,11,6,3,5,0
2020-21,22000167,1,1610612738,3,3,3,1,2,0,0
2020-21,22000167,1,1610612753,4,8,5,4,0,3,0
2020-21,22000167,2,1610612738,2,2,2,1,1,0,0
2020-21,22000167,2,1610612753,5,6,5,3,1,1,1
2020-21,22000167,3,1610612738,4,2,2,1,3,0,0
2020-21,22000167,3,1610612753,5,7,4,3,1,3,1
2020-21,22000167,4,1610612738,4,2,2,1,3,0,0
2020-21,22000167,4,1610612753,5,9,7,3,2,2,0
2020-21,22000168,1,1610612751,3,2,1,1,2,1,0
2020-21,22000168,1,1610612752,1,2,2,1,0,0,0
2020-21,22000168,2,1610612751,4,3,3,2,2,0,0
2020-21,22000168,2,1610612752,3,2,2,2,0,0,1
2020-21,22000168,3,1610612751,3,2,2,1,2,0,0
2020-21,22000168,3,1610612752,5,7,6,4,1,1,0
2020-21,22000168,4,1610612751,5,10,6,3,2,4,0
2020-21,22000168,4,1610612752,3,1,0,1,1,1,1
2020-21,22000169,1,1610612750,3,2,2,1,1,0,1
2020-21,22000169,1,1610612763,5,6,4,2,2,2,1
2020-21,22000169,2,1610612750,5,9,7,5,0,2,0
2020-21,22000169,2,1610612763,6,4,3,1,2,1,3
2020-21,22000169,3,1610612750,6,6,5,2,2,1,2
2020-21,22000169,3,1610612763,2,0,0,0,2,0,0
2020-21,22000169,4,1610612750,6,7,6,3,2,1,1
2020-21,22000169,4,1610612763,5,3,3,1,3,0,1
2020-21,22000170,1,1610612747,3,2,2,1,2,0,0
2020-21,22000170,1,1610612760,3,2,2,1,2,0,0
2020-21,22000170,2,1610612747,2,3,2,1,0,1,1
2020-21,22000170,2,1610612760,2,4,2,1,1,2,0
2020-21,22000170,3,1610612747,5,6,2,4,1,4,0
2020-21,22000170,3,1610612760,5,7,6,2,3,1,0
2020-21,22000170,4,1610612747,7,11,11,4,2,0,1
2020-21,22000170,4,1610612760,5,6,5,3,2,1,0
2020-21,22000171,1,1610612737,1,2,0,1,0,2,0
2020-21,22000171,1,1610612756,5,7,6,3,1,1,0
2020-21,22000171,2,1610612737,4,4,4,3,1,0,0
2020-21,22000171,2,1610612756,3,2,2,1,2,0,0
2020-21,22000171,3,1610612737,4,8,4,4,0,4,0
2020-21,22000171,3,1610612756,5,4,3,2,3,1,0
2020-21,22000171,4,1610612737,4,7,7,3,1,0,0
2020-21,22000171,4,1610612756,4,5,4,2,2,1,0
2020-21,22000172,1,1610612740,4,3,3,2,2,0,0
2020-21,22000172,1,1610612746,2,4,4,2,0,0,0
2020-21,22000172,2,1610612740,3,2,2,1,2,0,0
2020-21,22000172,2,1610612746,5,10,10,4,1,0,0
2020-21,22000172,3,1610612740,5,7,3,4,1,4,0
2020-21,22000172,3,1610612746,5,8,5,5,0,3,0
2020-21,22000172,4,1610612740,4,4,4,2,1,0,1
2020-21,22000172,4,1610612746,6,5,4,2,4,1,0
2020-21,22000173,1,1610612757,4,6,4,4,0,2,0
2020-21,22000173,1,1610612758,6,8,6,2,3,2,1
2020-21,22000173,2,1610612757,5,7,6,3,2,1,0
2020-21,22000173,2,1610612758,4,4,3,1,3,1,0
2020-21,22000173,3,1610612757,1,2,2,1,0,0,0
2020-21,22000173,3,1610612758,5,6,5,3,2,1,0
2020-21,22000173,4,1610612757,8,12,9,5,2,3,1
2020-21,22000173,4,1610612758,5,8,5,3,1,3,1
2020-21,22000174,1,1610612748,3,7,4,3,0,3,0
2020-21,22000174,1,1610612755,5,9,8,3,2,1,0
2020-21,22000174,2,1610612748,3,4,2,2,1,2,0
2020-21,22000174,2,1610612755,5,6,5,3,2,1,0
2020-21,22000174,3,1610612748,5,6,3,2,3,3,0
2020-21,22000174,3,1610612755,2,3,3,1,1,0,0
2020-21,22000174,4,1610612748,7,9,7,3,4,2,0
2020-21,22000174,4,1610612755,5,6,4,2,2,2,1
2020-21,22000175,1,1610612761,4,4,3,2,1,1,1
2020-21,22000175,1,1610612766,4,4,4,2,2,0,0
2020-21,22000175,2,1610612761,5,7,7,4,1,0,0
2020-21,22000175,2,1610612766,2,4,3,1,1,1,0
2020-21,22000175,3,1610612761,1,0,0,0,1,0,0
2020-21,22000175,3,1610612766,3,2,1,1,2,1,0
2020-21,22000175,4,1610612761,3,2,1,1,2,1,0
2020-21,22000175,4,1610612766,3,2,1,1,2,1,0
2020-21,22000176,1,1610612745,3,3,3,2,1,0,0
2020-21,22000176,1,1610612759,3,3,1,2,1,2,0
2020-21,22000176,2,1610612745,2,2,0,1,1,2,0
2020-21,22000176,2,1610612759,5,4,3,3,2,1,0
2020-21,22000176,3,1610612745,6,5,3,3,3,2,0
2020-21,22000176,3,1610612759,3,5,4,3,0,1,0
2020-21,22000176,4,1610612745,6,9,6,4,2,3,0
2020-21,22000176,4,1610612759,4,4,4,2,2,0,0
2020-21,22000177,1,1610612743,3,4,3,2,1,1,0
2020-21,22000177,1,1610612744,5,8,5,3,2,3,0
2020-21,22000177,2,1610612743,6,9,7,3,3,2,0
2020-21,22000177,2,1610612744,6,7,5,5,1,2,0
2020-21,22000177,3,1610612743,5,5,3,3,2,2,0
2020-21,22000177,3,1610612744,4,3,3,2,1,0,1
2020-21,22000177,4,1610612743,8,9,8,3,3,1,1
2020-21,22000177,4,1610612744,6,6,4,2,3,2,1
2020-21,22000178,1,1610612754,1,2,2,1,0,0,0
2020-21,22000178,1,1610612757,2,4,4,2,0,0,0
2020-21,22000178,2,1610612754,5,4,3,1,3,1,1
2020-21,22000178,2,1610612757,4,2,2,1,3,0,0
2020-21,22000178,3,1610612754,5,2,2,0,5,0,0
2020-21,22000178,3,1610612757,3,4,4,2,1,0,0
2020-21,22000178,4,1610612754,9,10,7,5,4,3,0
2020-21,22000178,4,1610612757,2,0,0,0,2,0,0
2020-21,22000179,1,1610612764,2,2,0,1,1,2,0
2020-21,22000179,1,1610612765,4,2,2,1,2,0,1
2020-21,22000179,2,1610612764,1,3,0,1,0,3,0
2020-21,22000179,2,1610612765,6,8,8,1,3,0,1
2020-21,22000179,3,1610612764,6,6,2,3,2,4,1
2020-21,22000179,3,1610612765,6,8,5,3,3,3,0
2020-21,22000179,4,1610612764,6,8,4,4,2,4,0
2020-21,22000179,4,1610612765,3,4,3,2,1,1,0
2020-21,22000180,1,1610612738,3,4,4,2,1,0,0
2020-21,22000180,1,1610612753,2,2,2,1,1,0,0
2020-21,22000180,2,1610612738,3,6,6,2,1,0,0
2020-21,22000180,2,1610612753,7,10,7,3,4,3,0
2020-21,22000180,3,1610612738,3,2,2,1,2,0,0
2020-21,22000180,3,1610612753,4,6,3,4,0,3,0
2020-21,22000180,4,1610612738,5,7,5,5,0,2,0
2020-21,22000180,4,1610612753,5,4,2,3,2,2,0
2020-21,22000181,1,1610612739,5,8,6,4,0,2,1
2020-21,22000181,1,1610612752,2,4,4,2,0,0,0
2020-21,22000181,2,1610612739,8,14,10,7,1,4,0
2020-21,22000181,2,1610612752,4,3,3,2,2,0,0
2020-21,22000181,3,1610612739,1,2,1,1,0,1,0
2020-21,22000181,3,1610612752,3,0,0,0,3,0,0
2020-21,22000181,4,1610612739,7,10,8,1,5,2,0
2020-21,22000181,4,1610612752,7,9,7,4,3,2,0
2020-21,22000182,1,1610612742,3,2,1,1,1,1,1
2020-21,22000182,1,1610612749,4,6,2,4,0,4,0
2020-21,22000182,2,1610612742,5,6,3,3,1,3,1
2020-21,22000182,2,1610612749,5,3,0,2,3,3,0
2020-21,22000182,3,1610612742,4,3,1,3,1,2,0
2020-21,22000182,3,1610612749,7,8,6,5,2,2,0
2020-21,22000182,4,1610612742,1,2,1,1,0,1,0
2020-21,22000182,4,1610612749,7,8,4,3,4,4,0
2020-21,22000183,1,1610612750,3,2,1,1,1,1,1
2020-21,22000183,1,1610612763,6,10,10,5,1,0,0
2020-21,22000183,2,1610612750,6,9,8,5,1,1,0
2020-21,22000183,2,1610612763,4,3,2,3,1,1,0
2020-21,22000183,3,1610612750,5,6,6,2,3,0,0
2020-21,22000183,3,1610612763,6,9,7,6,0,2,0
2020-21,22000183,4,1610612750,5,5,3,3,2,2,0
2020-21,22000183,4,1610612763,5,6,2,1,3,4,1
2020-21,22000184,1,1610612741,2,5,4,2,0,1,0
2020-21,22000184,1,1610612760,2,4,1,1,0,3,1
2020-21,22000184,2,1610612741,4,4,4,3,1,0,0
2020-21,22000184,2,1610612760,4,8,5,4,0,3,0
2020-21,22000184,3,1610612741,7,10,6,3,3,4,1
2020-21,22000184,3,1610612760,4,5,4,3,0,1,1
2020-21,22000184,4,1610612741,3,4,3,2,1,1,0
2020-21,22000184,4,1610612760,6,5,5,3,3,0,0
2020-21,22000185,1,1610612744,4,7,4,4,0,3,0
2020-21,22000185,1,1610612756,0,0,0,0,0,0,0
2020-21,22000185,2,1610612744,4,3,3,2,2,0,0
2020-21,22000185,2,1610612756,5,10,8,4,1,2,0
2020-21,22000185,3,1610612744,3,4,2,2,1,2,0
2020-21,22000185,3,1610612756,3,2,1,1,2,1,0
2020-21,22000185,4,1610612744,4,2,1,1,3,1,0
2020-21,22000185,4,1610612756,2,1,1,1,1,0,0
2020-21,22000186,1,1610612737,3,2,1,1,2,1,0
2020-21,22000186,1,1610612762,3,5,3,3,0,2,0
2020-21,22000186,2,1610612737,4,2,2,1,2,0,1
2020-21,22000186,2,1610612762,5,4,3,1,4,1,0
2020-21,22000186,3,1610612737,4,7,6,4,0,1,0
2020-21,22000186,3,1610612762,4,4,3,2,1,1,1
2020-21,22000186,4,1610612737,5,4,2,1,2,2,2
2020-21,22000186,4,1610612762,2,1,1,1,1,0,0
2020-21,22000187,1,1610612740,5,2,1,2,3,1,0
2020-21,22000187,1,1610612747,5,7,3,3,2,4,0
2020-21,22000187,2,1610612740,4,1,1,1,3,0,0
2020-21,22000187,2,1610612747,8,13,12,5,2,1,0
2020-21,22000187,3,1610612740,4,4,2,2,2,2,0
2020-21,22000187,3,1610612747,3,2,1,1,2,1,0
2020-21,22000187,4,1610612740,2,1,0,1,1,1,0
2020-21,22000187,4,1610612747,3,4,3,2,0,1,1
2020-21,22000188,1,1610612746,5,9,8,3,2,1,0
2020-21,22000188,1,1610612758,4,4,4,2,2,0,0
2020-21,22000188,2,1610612746,3,2,2,1,1,0,1
2020-21,22000188,2,1610612758,6,7,6,3,2,1,1
2020-21,22000188,3,1610612746,6,7,4,4,2,3,0
2020-21,22000188,3,1610612758,1,2,1,1,0,1,0
2020-21,22000188,4,1610612746,1,2,2,1,0,0,0
2020-21,22000188,4,1610612758,5,4,1,2,3,3,0
2020-21,22000189,1,1610612745,4,6,6,3,0,0,1
2020-21,22000189,1,1610612759,5,6,3,3,1,3,1
2020-21,22000189,2,1610612745,5,7,2,3,2,5,0
2020-21,22000189,2,1610612759,6,8,8,5,0,0,1
2020-21,22000189,3,1610612745,6,7,4,4,2,3,0
2020-21,22000189,3,1610612759,1,1,1,1,0,0,0
2020-21,22000189,4,1610612745,5,7,5,4,1,2,0
2020-21,22000189,4,1610612759,5,8,6,4,1,2,0
2020-21,22000190,1,1610612751,7,10,10,4,3,0,0
2020-21,22000190,1,1610612753,4,6,4,3,1,2,0
2020-21,22000190,2,1610612751,1,0,0,0,1,0,0
2020-21,22000190,2,1610612753,3,4,3,2,1,1,0
2020-21,22000190,3,1610612751,4,5,3,2,1,2,1
2020-21,22000190,3,1610612753,3,2,2,0,3,0,0
2020-21,22000190,4,1610612751,7,10,9,2,5,1,0
2020-21,22000190,4,1610612753,3,4,4,1,1,0,1
2020-21,22000191,1,1610612761,3,6,5,3,0,1,0
2020-21,22000191,1,1610612766,5,7,6,3,2,1,0
2020-21,22000191,2,1610612761,4,4,4,2,1,0,1
2020-21,22000191,2,1610612766,8,13,11,5,3,2,0
2020-21,22000191,3,1610612761,4,4,4,2,1,0,1
2020-21,22000191,3,1610612766,5,7,4,4,1,3,0
2020-21,22000191,4,1610612761,8,12,10,4,3,2,1
2020-21,22000191,4,1610612766,2,2,1,1,1,1,0
2020-21,22000192,1,1610612748,4,3,2,2,2,1,0
2020-21,22000192,1,1610612765,5,4,2,1,2,2,1
2020-21,22000192,2,1610612748,9,9,8,1,8,1,0
2020-21,22000192,2,1610612765,5,6,4,3,1,2,1
2020-21,22000192,3,1610612748,4,5,4,0,4,1,0
2020-21,22000192,3,1610612765,3,3,2,2,1,1,0
2020-21,22000192,4,1610612748,8,10,10,3,5,0,0
2020-21,22000192,4,1610612765,3,2,2,1,2,0,0
2020-21,22000193,1,1610612755,4,4,1,3,0,3,1
2020-21,22000193,1,1610612763,4,5,4,2,2,1,0
2020-21,22000193,2,1610612755,7,11,10,5,2,1,0
2020-21,22000193,2,1610612763,4,4,4,2,1,0,1
2020-21,22000193,3,1610612755,7,11,10,5,1,1,1
2020-21,22000193,3,1610612763,3,0,0,0,3,0,0
2020-21,22000193,4,1610612755,5,6,2,3,1,4,1
2020-21,22000193,4,1610612763,5,9,4,3,2,5,0
2020-21,22000194,1,1610612754,4,3,3,2,2,0,0
2020-21,22000194,1,1610612756,3,4,4,2,0,0,1
2020-21,22000194,2,1610612754,5,8,5,4,1,3,0
2020-21,22000194,2,1610612756,4,4,1,1,3,3,0
2020-21,22000194,3,1610612754,2,3,2,2,0,1,0
2020-21,22000194,3,1610612756,3,4,4,1,1,0,1
2020-21,22000194,4,1610612754,6,7,7,0,5,0,1
2020-21,22000194,4,1610612756,4,5,4,3,1,1,0
2020-21,22000195,1,1610612737,4,6,5,3,1,1,0
2020-21,22000195,1,1610612757,4,3,3,2,2,0,0
2020-21,22000195,2,1610612737,6,6,4,2,3,2,1
2020-21,22000195,2,1610612757,3,3,3,2,1,0,0
2020-21,22000195,3,1610612737,4,7,7,3,1,0,0
2020-21,22000195,3,1610612757,3,2,2,1,2,0,0
2020-21,22000195,4,1610612737,6,9,8,3,1,1,2
2020-21,22000195,4,1610612757,8,12,9,2,5,3,1
2020-21,22000196,1,1610612738,3,2,0,1,2,2,0
2020-21,22000196,1,1610612752,6,8,7,4,1,1,1
2020-21,22000196,2,1610612738,5,4,3,3,2,1,0
2020-21,22000196,2,1610612752,3,4,3,2,1,1,0
2020-21,22000196,3,1610612738,5,6,3,3,2,3,0
2020-21,22000196,3,1610612752,4,2,2,2,2,0,0
2020-21,22000196,4,1610612738,12,17,12,5,6,5,1
2020-21,22000196,4,1610612752,7,7,5,1,6,2,0
2020-21,22000197,1,1610612739,2,2,2,1,1,0,0
2020-21,22000197,1,1610612764,4,3,3,2,2,0,0
2020-21,22000197,2,1610612739,8,10,9,2,6,1,0
2020-21,22000197,2,1610612764,8,10,7,5,3,3,0
2020-21,22000197,3,1610612739,5,5,4,3,2,1,0
2020-21,22000197,3,1610612764,3,2,2,1,2,0,0
2020-21,22000197,4,1610612739,5,8,5,4,0,3,1
2020-21,22000197,4,1610612764,8,11,9,2,4,2,2
2020-21,22000198,1,1610612741,7,13,8,6,1,5,0
2020-21,22000198,1,1610612742,5,4,2,2,3,2,0
2020-21,22000198,2,1610612741,7,11,11,6,1,0,0
2020-21,22000198,2,1610612742,6,4,3,2,4,1,0
2020-21,22000198,3,1610612741,4,5,3,3,1,2,0
2020-21,22000198,3,1610612742,6,6,3,2,4,3,0
2020-21,22000198,4,1610612741,5,4,2,2,3,2,0
2020-21,22000198,4,1610612742,4,5,3,3,1,2,0
2020-21,22000199,1,1610612755,4,3,2,2,2,1,0
2020-21,22000199,1,1610612760,3,4,2,2,1,2,0
2020-21,22000199,2,1610612755,7,12,9,4,3,3,0
2020-21,22000199,2,1610612760,5,6,3,2,3,3,0
2020-21,22000199,3,1610612755,5,6,3,3,1,3,1
2020-21,22000199,3,1610612760,4,6,3,3,1,3,0
2020-21,22000199,4,1610612755,2,4,3,2,0,1,0
2020-21,22000199,4,1610612760,4,3,1,2,2,2,0
2020-21,22000200,1,1610612743,2,2,2,1,1,0,0
2020-21,22000200,1,1610612762,2,2,1,1,1,1,0
2020-21,22000200,2,1610612743,8,7,5,3,4,2,1
2020-21,22000200,2,1610612762,3,3,1,2,1,2,0
2020-21,22000200,3,1610612743,5,2,2,1,4,0,0
2020-21,22000200,3,1610612762,9,10,7,6,3,3,0
2020-21,22000200,4,1610612743,5,4,2,1,4,2,0
2020-21,22000200,4,1610612762,8,13,7,6,1,6,1
2020-21,22000201,1,1610612740,6,5,5,2,4,0,0
2020-21,22000201,1,1610612758,1,3,3,1,0,0,0
2020-21,22000201,2,1610612740,4,6,5,3,0,1,1
2020-21,22000201,2,1610612758,4,3,2,2,2,1,0
2020-21,22000201,3,1610612740,3,4,1,2,1,3,0
2020-21,22000201,3,1610612758,3,6,5,3,0,1,0
2020-21,22000201,4,1610612740,10,19,16,6,3,3,1
2020-21,22000201,4,1610612758,4,6,6,3,1,0,0
2020-21,22000202,1,1610612746,5,4,3,1,3,1,1
2020-21,22000202,1,1610612754,5,3,1,2,3,2,0
2020-21,22000202,2,1610612746,2,5,4,2,0,1,0
2020-21,22000202,2,1610612754,2,2,2,1,1,0,0
2020-21,22000202,3,1610612746,4,4,3,1,1,1,2
2020-21,22000202,3,1610612754,4,4,3,2,2,1,0
2020-21,22000202,4,1610612746,6,7,4,4,2,3,0
2020-21,22000202,4,1610612754,7,7,5,4,3,2,0
2020-21,22000203,1,1610612752,3,0,0,0,3,0,0
2020-21,22000203,1,1610612753,3,2,2,1,2,0,0
2020-21,22000203,2,1610612752,6,10,9,3,3,1,0
2020-21,22000203,2,1610612753,6,8,6,3,2,2,1
2020-21,22000203,3,1610612752,5,9,4,4,1,5,0
2020-21,22000203,3,1610612753,2,0,0,0,2,0,0
2020-21,22000203,4,1610612752,9,15,11,2,6,4,1
2020-21,22000203,4,1610612753,4,6,6,3,1,0,0
2020-21,22000204,1,1610612739,4,8,5,4,0,3,0
2020-21,22000204,1,1610612764,7,13,10,5,2,3,0
2020-21,22000204,2,1610612739,4,2,2,1,3,0,0
2020-21,22000204,2,1610612764,2,2,2,1,1,0,0
2020-21,22000204,3,1610612739,4,5,4,2,1,1,1
2020-21,22000204,3,1610612764,9,15,13,6,3,2,0
2020-21,22000204,4,1610612739,6,6,6,2,3,0,1
2020-21,22000204,4,1610612764,3,7,6,3,0,1,0
2020-21,22000205,1,1610612737,3,4,4,2,1,0,0
2020-21,22000205,1,1610612750,2,2,1,1,0,1,1
2020-21,22000205,2,1610612737,6,9,8,5,1,1,0
2020-21,22000205,2,1610612750,5,7,5,4,1,2,0
2020-21,22000205,3,1610612737,5,3,2,1,3,1,1
2020-21,22000205,3,1610612750,6,7,5,3,3,2,0
2020-21,22000205,4,1610612737,5,9,9,1,4,0,0
2020-21,22000205,4,1610612750,2,0,0,0,2,0,0
2020-21,22000206,1,1610612748,6,4,2,2,4,2,0
2020-21,22000206,1,1610612765,3,1,1,1,2,0,0
2020-21,22000206,2,1610612748,2,2,2,0,2,0,0
2020-21,22000206,2,1610612765,8,11,8,5,2,3,1
2020-21,22000206,3,1610612748,5,3,3,1,3,0,1
2020-21,22000206,3,1610612765,6,6,5,3,1,1,2
2020-21,22000206,4,1610612748,9,10,8,0,9,2,0
2020-21,22000206,4,1610612765,6,6,4,2,4,2,0
2020-21,22000207,1,1610612757,3,5,5,3,0,0,0
2020-21,22000207,1,1610612759,4,2,2,1,3,0,0
2020-21,22000207,2,1610612757,1,0,0,0,1,0,0
2020-21,22000207,2,1610612759,0,0,0,0,0,0,0
2020-21,22000207,3,1610612757,7,11,9,5,2,2,0
2020-21,22000207,3,1610612759,5,8,6,3,1,2,1
2020-21,22000207,4,1610612757,4,3,2,2,2,1,0
2020-21,22000207,4,1610612759,4,6,6,3,1,0,0
2020-21,22000208,1,1610612756,4,2,1,1,1,1,2
2020-21,22000208,1,1610612763,4,1,1,0,3,0,1
2020-21,22000208,2,1610612756,4,6,4,3,1,2,0
2020-21,22000208,2,1610612763,2,3,3,2,0,0,0
2020-21,22000208,3,1610612756,2,3,3,2,0,0,0
2020-21,22000208,3,1610612763,5,4,2,1,4,2,0
2020-21,22000208,4,1610612756,4,5,1,3,0,4,1
2020-21,22000208,4,1610612763,8,12,9,3,5,3,0
2020-21,22000209,1,1610612749,3,2,1,2,1,1,0
2020-21,22000209,1,1610612751,3,2,2,1,1,0,1
2020-21,22000209,2,1610612749,4,8,7,4,0,1,0
2020-21,22000209,2,1610612751,3,5,5,2,1,0,0
2020-21,22000209,3,1610612749,8,13,11,5,2,2,1
2020-21,22000209,3,1610612751,4,8,7,4,0,1,0
2020-21,22000209,4,1610612749,2,1,1,1,1,0,0
2020-21,22000209,4,1610612751,5,6,4,2,3,2,0
2020-21,22000210,1,1610612742,5,9,7,3,2,2,0
2020-21,22000210,1,1610612761,3,4,3,1,1,1,1
2020-21,22000210,2,1610612742,5,6,3,4,1,3,0
2020-21,22000210,2,1610612761,2,0,0,0,2,0,0
2020-21,22000210,3,1610612742,4,4,4,2,1,0,1
2020-21,22000210,3,1610612761,6,7,7,3,3,0,0
2020-21,22000210,4,1610612742,7,8,8,2,4,0,1
2020-21,22000210,4,1610612761,4,7,6,3,1,1,0
2020-21,22000211,1,1610612741,4,4,4,2,2,0,0
2020-21,22000211,1,1610612745,4,4,2,1,3,2,0
2020-21,22000211,2,1610612741,4,6,5,3,1,1,0
2020-21,22000211,2,1610612745,4,3,2,2,2,1,0
2020-21,22000211,3,1610612741,2,3,3,2,0,0,0
2020-21,22000211,3,1610612745,4,2,0,2,2,2,0
2020-21,22000211,4,1610612741,6,8,7,1,5,1,0
2020-21,22000211,4,1610612745,5,8,7,4,1,1,0
2020-21,22000212,1,1610612744,4,4,3,2,2,1,0
2020-21,22000212,1,1610612747,6,9,5,4,1,4,1
2020-21,22000212,2,1610612744,4,2,1,2,2,1,0
2020-21,22000212,2,1610612747,4,9,8,4,0,1,0
2020-21,22000212,3,1610612744,6,9,8,3,3,1,0
2020-21,22000212,3,1610612747,6,4,3,2,4,1,0
2020-21,22000212,4,1610612744,5,5,3,2,1,2,2
2020-21,22000212,4,1610612747,8,11,8,2,6,3,0
2020-21,22000213,1,1610612743,5,6,6,3,1,0,1
2020-21,22000213,1,1610612760,6,5,3,2,4,2,0
2020-21,22000213,2,1610612743,3,5,4,2,0,1,0
2020-21,22000213,2,1610612760,4,5,4,3,1,1,0
2020-21,22000213,3,1610612743,1,0,0,0,1,0,0
2020-21,22000213,3,1610612760,3,4,2,2,1,2,0
2020-21,22000213,4,1610612743,3,3,3,2,1,0,0
2020-21,22000213,4,1610612760,7,9,6,4,2,3,1
2020-21,22000214,1,1610612740,4,3,1,1,3,2,0
2020-21,22000214,1,1610612762,2,3,1,2,0,2,0
2020-21,22000214,2,1610612740,3,2,2,2,1,0,0
2020-21,22000214,2,1610612762,1,1,1,1,0,0,0
2020-21,22000214,3,1610612740,5,4,3,2,3,1,0
2020-21,22000214,3,1610612762,2,3,2,2,0,1,0
2020-21,22000214,4,1610612740,5,6,4,3,2,2,0
2020-21,22000214,4,1610612762,7,10,7,4,3,3,0
2020-21,22000215,1,1610612764,4,4,4,2,2,0,0
2020-21,22000215,1,1610612766,2,4,4,1,1,0,0
2020-21,22000215,2,1610612764,6,9,5,3,2,4,0
2020-21,22000215,2,1610612766,5,7,5,4,1,2,0
2020-21,22000215,3,1610612764,6,6,4,2,3,2,1
2020-21,22000215,3,1610612766,6,8,6,3,3,2,0
2020-21,22000215,4,1610612764,7,9,7,3,2,2,2
2020-21,22000215,4,1610612766,3,7,5,3,0,2,0
2020-21,22000216,1,1610612739,4,4,4,3,1,0,0
2020-21,22000216,1,1610612751,2,0,0,0,2,0,0
2020-21,22000216,2,1610612739,2,1,1,1,1,0,0
2020-21,22000216,2,1610612751,3,5,4,2,1,1,0
2020-21,22000216,3,1610612739,4,6,5,3,1,1,0
2020-21,22000216,3,1610612751,5,7,6,3,2,1,0
2020-21,22000216,4,1610612739,5,4,2,1,4,2,0
2020-21,22000216,4,1610612751,5,8,8,4,1,0,0
2020-21,22000217,1,1610612742,4,2,2,1,3,0,0
2020-21,22000217,1,1610612754,6,7,6,4,2,1,0
2020-21,22000217,2,1610612742,8,10,8,3,5,2,0
2020-21,22000217,2,1610612754,2,3,3,2,0,0,0
2020-21,22000217,3,1610612742,3,3,3,2,1,0,0
2020-21,22000217,3,1610612754,4,5,3,3,1,2,0
2020-21,22000217,4,1610612742,4,2,1,1,2,1,1
2020-21,22000217,4,1610612754,3,6,2,3,0,4,0
2020-21,22000218,1,1610612738,5,5,4,2,2,1,1
2020-21,22000218,1,1610612755,2,2,1,1,1,1,0
2020-21,22000218,2,1610612738,6,10,6,5,0,4,1
2020-21,22000218,2,1610612755,9,16,14,5,4,2,0
2020-21,22000218,3,1610612738,4,5,3,2,1,2,1
2020-21,22000218,3,1610612755,7,10,6,5,1,4,1
2020-21,22000218,4,1610612738,2,0,0,0,2,0,0
2020-21,22000218,4,1610612755,10,17,15,5,5,2,0
2020-21,22000219,1,1610612737,4,6,3,3,0,3,1
2020-21,22000219,1,1610612765,1,2,2,1,0,0,0
2020-21,22000219,2,1610612737,3,4,2,2,1,2,0
2020-21,22000219,2,1610612765,6,7,6,3,3,1,0
2020-21,22000219,3,1610612737,7,10,8,3,4,2,0
2020-21,22000219,3,1610612765,4,5,5,3,0,0,1
2020-21,22000219,4,1610612737,10,12,8,2,8,4,0
2020-21,22000219,4,1610612765,2,1,1,1,1,0,0
2020-21,22000220,1,1610612748,4,1,1,1,3,0,0
2020-21,22000220,1,1610612761,2,2,2,1,1,0,0
2020-21,22000220,2,1610612748,3,3,1,2,1,2,0
2020-21,22000220,2,1610612761,4,4,3,2,2,1,0
2020-21,22000220,3,1610612748,6,8,8,4,2,0,0
2020-21,22000220,3,1610612761,6,8,7,3,3,1,0
2020-21,22000220,4,1610612748,6,5,5,1,5,0,0
2020-21,22000220,4,1610612761,3,4,4,2,1,0,0
2020-21,22000221,1,1610612750,2,2,2,1,0,0,1
2020-21,22000221,1,1610612753,4,7,5,3,0,2,1
2020-21,22000221,2,1610612750,4,5,3,3,1,2,0
2020-21,22000221,2,1610612753,5,5,3,1,2,2,2
2020-21,22000221,3,1610612750,4,0,0,0,4,0,0
2020-21,22000221,3,1610612753,5,7,6,3,2,1,0
2020-21,22000221,4,1610612750,4,7,4,3,1,3,0
2020-21,22000221,4,1610612753,5,2,1,1,3,1,1
2020-21,22000222,1,1610612745,3,2,1,1,1,1,1
2020-21,22000222,1,1610612756,6,7,6,2,4,1,0
2020-21,22000222,2,1610612745,4,5,3,3,1,2,0
2020-21,22000222,2,1610612756,6,6,6,2,3,0,1
2020-21,22000222,3,1610612745,4,6,6,3,1,0,0
2020-21,22000222,3,1610612756,1,2,1,1,0,1,0
2020-21,22000222,4,1610612745,7,9,9,4,3,0,0
2020-21,22000222,4,1610612756,4,4,4,1,3,0,0
2020-21,22000223,1,1610612744,7,12,8,7,0,4,0
2020-21,22000223,1,1610612759,2,4,4,2,0,0,0
2020-21,22000223,2,1610612744,2,2,2,1,1,0,0
2020-21,22000223,2,1610612759,5,7,6,2,3,1,0
2020-21,22000223,3,1610612744,3,2,1,0,2,1,1
2020-21,22000223,3,1610612759,5,7,6,4,1,1,0
2020-21,22000223,4,1610612744,2,4,3,2,0,1,0
2020-21,22000223,4,1610612759,9,13,9,6,2,4,0
2020-21,22000224,1,1610612746,1,2,1,1,0,1,0
2020-21,22000224,1,1610612758,3,4,2,2,0,2,1
2020-21,22000224,2,1610612746,5,4,4,2,3,0,0
2020-21,22000224,2,1610612758,3,3,1,2,1,2,0
2020-21,22000224,3,1610612746,4,6,6,4,0,0,0
2020-21,22000224,3,1610612758,2,0,0,0,2,0,0
2020-21,22000224,4,1610612746,4,6,6,3,1,0,0
2020-21,22000224,4,1610612758,6,5,2,3,3,3,0
2020-21,22000225,1,1610612757,4,2,2,1,3,0,0
2020-21,22000225,1,1610612763,3,2,2,1,1,0,1
2020-21,22000225,2,1610612757,7,10,9,6,1,1,0
2020-21,22000225,2,1610612763,3,3,1,3,0,2,0
2020-21,22000225,3,1610612757,4,5,4,3,1,1,0
2020-21,22000225,3,1610612763,5,6,6,3,1,0,1
2020-21,22000225,4,1610612757,6,10,7,4,2,3,0
2020-21,22000225,4,1610612763,7,11,8,4,2,3,1
2020-21,22000226,1,1610612747,5,5,4,3,0,1,2
2020-21,22000226,1,1610612749,1,1,0,1,0,1,0
2020-21,22000226,2,1610612747,5,6,5,1,2,1,1
2020-21,22000226,2,1610612749,3,2,2,1,2,0,0
2020-21,22000226,3,1610612747,3,4,3,2,0,1,1
2020-21,22000226,3,1610612749,5,6,5,2,3,1,0
2020-21,22000226,4,1610612747,2,0,0,0,2,0,0
2020-21,22000226,4,1610612749,3,3,2,2,1,1,0
2020-21,22000227,1,1610612740,5,6,5,1,4,1,0
2020-21,22000227,1,1610612762,1,2,2,1,0,0,0
2020-21,22000227,2,1610612740,5,8,6,3,2,2,0
2020-21,22000227,2,1610612762,8,13,13,4,4,0,0
2020-21,22000227,3,1610612740,8,8,6,4,4,2,0
2020-21,22000227,3,1610612762,3,8,7,2,1,1,0
2020-21,22000227,4,1610612740,7,8,6,3,4,2,0
2020-21,22000227,4,1610612762,3,2,2,1,1,0,1
2020-21,22000228,1,1610612744,7,11,7,7,0,4,0
2020-21,22000228,1,1610612752,7,14,10,5,2,4,0
2020-21,22000228,2,1610612744,6,10,8,4,2,2,0
2020-21,22000228,2,1610612752,7,13,11,4,3,2,0
2020-21,22000228,3,1610612744,6,4,3,0,4,1,2
2020-21,22000228,3,1610612752,3,5,4,3,0,1,0
2020-21,22000228,4,1610612744,10,14,11,6,3,3,1
2020-21,22000228,4,1610612752,8,9,7,3,2,2,1
2020-21,22000229,1,1610612741,1,2,2,1,0,0,0
2020-21,22000229,1,1610612766,5,3,3,2,2,0,1
2020-21,22000229,2,1610612741,4,3,1,2,2,2,0
2020-21,22000229,2,1610612766,4,6,4,2,2,2,0
2020-21,22000229,3,1610612741,2,3,3,1,0,0,1
2020-21,22000229,3,1610612766,7,11,8,6,1,3,0
2020-21,22000229,4,1610612741,3,4,4,2,1,0,0
2020-21,22000229,4,1610612766,3,5,4,2,1,1,0
2020-21,22000230,1,1610612745,3,5,4,3,0,1,0
2020-21,22000230,1,1610612765,7,9,5,5,2,4,0
2020-21,22000230,2,1610612745,4,4,2,2,2,2,0
2020-21,22000230,2,1610612765,5,8,7,3,2,1,0
2020-21,22000230,3,1610612745,2,2,2,1,1,0,0
2020-21,22000230,3,1610612765,5,9,7,5,0,2,0
2020-21,22000230,4,1610612745,6,9,7,3,2,2,1
2020-21,22000230,4,1610612765,8,11,6,4,4,5,0
2020-21,22000231,1,1610612753,4,4,2,1,3,2,0
2020-21,22000231,1,1610612754,3,5,5,3,0,0,0
2020-21,22000231,2,1610612753,3,5,5,2,1,0,0
2020-21,22000231,2,1610612754,3,6,5,3,0,1,0
2020-21,22000231,3,1610612753,5,10,5,5,0,5,0
2020-21,22000231,3,1610612754,2,3,3,2,0,0,0
2020-21,22000231,4,1610612753,3,0,0,0,3,0,0
2020-21,22000231,4,1610612754,2,0,0,0,2,0,0
2020-21,22000232,1,1610612739,8,11,10,2,4,1,2
2020-21,22000232,1,1610612751,5,5,4,2,3,1,0
2020-21,22000232,2,1610612739,3,2,1,1,2,1,0
2020-21,22000232,2,1610612751,1,0,0,0,1,0,0
2020-21,22000232,3,1610612739,5,9,8,4,1,1,0
2020-21,22000232,3,1610612751,2,2,2,1,1,0,0
2020-21,22000232,4,1610612739,6,10,8,5,1,2,0
2020-21,22000232,4,1610612751,7,10,9,5,2,1,0
2020-21,22000233,1,1610612738,3,3,3,2,1,0,0
2020-21,22000233,1,1610612755,4,4,1,2,2,3,0
2020-21,22000233,2,1610612738,4,0,0,0,4,0,0
2020-21,22000233,2,1610612755,3,3,3,2,0,0,1
2020-21,22000233,3,1610612738,6,11,9,5,1,2,0
2020-21,22000233,3,1610612755,8,12,11,4,4,1,0
2020-21,22000233,4,1610612738,5,6,4,3,2,2,0
2020-21,22000233,4,1610612755,6,5,5,3,3,0,0
2020-21,22000234,1,1610612748,4,4,3,1,3,1,0
2020-21,22000234,1,1610612761,5,4,3,3,2,1,0
2020-21,22000234,2,1610612748,4,4,3,1,3,1,0
2020-21,22000234,2,1610612761,2,3,3,1,1,0,0
2020-21,22000234,3,1610612748,3,0,0,0,2,0,1
2020-21,22000234,3,1610612761,3,2,0,1,1,2,0
2020-21,22000234,4,1610612748,1,2,2,1,0,0,0
2020-21,22000234,4,1610612761,1,0,0,0,1,0,0
2020-21,22000235,1,1610612749,4,5,3,2,1,2,1
2020-21,22000235,1,1610612764,5,7,5,3,2,2,0
2020-21,22000235,2,1610612749,8,12,9,6,1,3,1
2020-21,22000235,2,1610612764,7,11,8,7,0,3,0
2020-21,22000235,3,1610612749,4,4,3,3,1,1,0
2020-21,22000235,3,1610612764,6,8,7,2,1,1,3
2020-21,22000235,4,1610612749,6,7,6,2,3,1,1
2020-21,22000235,4,1610612764,7,17,12,6,1,5,0
2020-21,22000236,1,1610612737,4,6,6,3,1,0,0
2020-21,22000236,1,1610612750,4,2,2,1,3,0,0
2020-21,22000236,2,1610612737,6,11,8,5,0,3,1
2020-21,22000236,2,1610612750,4,5,5,3,1,0,0
2020-21,22000236,3,1610612737,4,5,4,2,2,1,0
2020-21,22000236,3,1610612750,3,2,0,2,1,2,0
2020-21,22000236,4,1610612737,6,8,7,3,3,1,0
2020-21,22000236,4,1610612750,3,3,3,2,1,0,0
2020-21,22000237,1,1610612742,2,2,2,1,1,0,0
2020-21,22000237,1,1610612759,5,6,5,3,2,1,0
2020-21,22000237,2,1610612742,3,5,4,3,0,1,0
2020-21,22000237,2,1610612759,4,8,5,4,0,3,0
2020-21,22000237,3,1610612742,5,6,6,2,1,0,2
2020-21,22000237,3,1610612759,3,4,3,2,1,1,0
2020-21,22000237,4,1610612742,5,7,6,2,3,1,0
2020-21,22000237,4,1610612759,9,12,10,4,5,2,0
2020-21,22000238,1,1610612743,4,0,0,0,3,0,1
2020-21,22000238,1,1610612756,2,1,1,1,1,0,0
2020-21,22000238,2,1610612743,4,4,4,2,2,0,0
2020-21,22000238,2,1610612756,0,0,0,0,0,0,0
2020-21,22000238,3,1610612743,6,6,6,4,2,0,0
2020-21,22000238,3,1610612756,6,7,7,3,3,0,0
2020-21,22000238,4,1610612743,3,3,2,2,1,1,0
2020-21,22000238,4,1610612756,4,2,2,1,3,0,0
2020-21,22000239,1,1610612746,2,0,0,0,1,0,1
2020-21,22000239,1,1610612760,2,0,0,0,2,0,0
2020-21,22000239,2,1610612746,6,10,9,3,3,1,0
2020-21,22000239,2,1610612760,3,2,2,1,2,0,0
2020-21,22000239,3,1610612746,5,6,6,2,3,0,0
2020-21,22000239,3,1610612760,4,4,2,2,2,2,0
2020-21,22000239,4,1610612746,8,9,9,5,1,0,2
2020-21,22000239,4,1610612760,8,7,6,3,4,1,1
2020-21,22000240,1,1610612757,3,2,1,1,1,1,1
2020-21,22000240,1,1610612763,4,6,5,3,1,1,0
2020-21,22000240,2,1610612757,6,10,9,4,2,1,0
2020-21,22000240,2,1610612763,4,3,2,1,2,1,1
2020-21,22000240,3,1610612757,8,7,6,2,4,1,1
2020-21,22000240,3,1610612763,6,6,5,2,3,1,0
2020-21,22000240,4,1610612757,5,6,5,3,1,1,0
2020-21,22000240,4,1610612763,8,13,12,3,5,1,0
2020-21,22000241,1,1610612752,4,5,5,2,1,0,1
2020-21,22000241,1,1610612758,2,1,1,1,1,0,0
2020-21,22000241,2,1610612752,5,5,4,4,1,1,0
2020-21,22000241,2,1610612758,5,8,4,4,1,4,0
2020-21,22000241,3,1610612752,6,6,2,3,3,4,0
2020-21,22000241,3,1610612758,5,4,3,1,3,1,1
2020-21,22000241,4,1610612752,9,9,6,3,6,3,0
2020-21,22000241,4,1610612758,6,8,7,3,3,1,0
2020-21,22000242,1,1610612744,2,0,0,0,2,0,0
2020-21,22000242,1,1610612762,3,2,1,0,2,1,1
2020-21,22000242,2,1610612744,5,7,4,4,1,3,0
2020-21,22000242,2,1610612762,6,10,8,3,2,2,1
2020-21,22000242,3,1610612744,4,2,1,2,2,1,0
2020-21,22000242,3,1610612762,5,6,5,2,3,1,0
2020-21,22000242,4,1610612744,4,6,5,3,1,1,0
2020-21,22000242,4,1610612762,5,4,3,1,4,1,0
2020-21,22000243,1,1610612755,1,2,2,1,0,0,0
2020-21,22000243,1,1610612765,3,4,3,2,1,1,0
2020-21,22000243,2,1610612755,9,15,11,6,2,4,1
2020-21,22000243,2,1610612765,8,14,9,4,3,5,1
2020-21,22000243,3,1610612755,8,11,9,3,4,2,1
2020-21,22000243,3,1610612765,6,8,6,3,3,2,0
2020-21,22000243,4,1610612755,7,10,8,3,4,2,0
2020-21,22000243,4,1610612765,4,4,4,2,2,0,0
2020-21,22000244,1,1610612748,6,9,8,4,2,1,0
2020-21,22000244,1,1610612751,4,5,5,2,1,0,1
2020-21,22000244,2,1610612748,3,4,3,2,0,1,1
2020-21,22000244,2,1610612751,7,12,9,5,2,3,0
2020-21,22000244,3,1610612748,8,8,7,3,3,1,2
2020-21,22000244,3,1610612751,2,0,0,0,1,0,1
2020-21,22000244,4,1610612748,7,11,9,5,2,2,0
2020-21,22000244,4,1610612751,7,9,7,1,6,2,0
2020-21,22000245,1,1610612741,5,6,5,3,1,1,1
2020-21,22000245,1,1610612747,4,7,4,4,0,3,0
2020-21,22000245,2,1610612741,3,2,0,1,2,2,0
2020-21,22000245,2,1610612747,7,11,9,5,1,2,1
2020-21,22000245,3,1610612741,4,8,7,3,0,1,1
2020-21,22000245,3,1610612747,6,6,6,3,3,0,0
2020-21,22000245,4,1610612741,3,6,4,3,0,2,0
2020-21,22000245,4,1610612747,6,7,6,3,2,1,1
2020-21,22000246,1,1610612740,2,2,1,1,1,1,0
2020-21,22000246,1,1610612750,1,2,2,1,0,0,0
2020-21,22000246,2,1610612740,6,7,6,5,1,1,0
2020-21,22000246,2,1610612750,7,10,9,5,1,1,1
2020-21,22000246,3,1610612740,6,6,4,3,2,2,1
2020-21,22000246,3,1610612750,4,6,6,3,1,0,0
2020-21,22000246,4,1610612740,7,13,9,5,1,4,1
2020-21,22000246,4,1610612750,11,19,13,2,9,6,0
2020-21,22000247,1,1610612742,3,6,4,3,0,2,0
2020-21,22000247,1,1610612745,4,7,5,4,0,2,0
2020-21,22000247,2,1610612742,10,18,16,8,1,2,1
2020-21,22000247,2,1610612745,6,6,5,2,3,1,1
2020-21,22000247,3,1610612742,5,6,3,2,3,3,0
2020-21,22000247,3,1610612745,5,8,6,5,0,2,0
2020-21,22000247,4,1610612742,7,10,6,4,2,4,1
2020-21,22000247,4,1610612745,5,8,7,4,1,1,0
2020-21,22000248,1,1610612743,3,3,3,2,1,0,0
2020-21,22000248,1,1610612756,3,5,4,3,0,1,0
2020-21,22000248,2,1610612743,6,8,6,5,1,2,0
2020-21,22000248,2,1610612756,4,6,5,3,1,1,0
2020-21,22000248,3,1610612743,6,4,2,0,5,2,1
2020-21,22000248,3,1610612756,2,0,0,0,1,0,1
2020-21,22000248,4,1610612743,5,6,5,2,3,1,0
2020-21,22000248,4,1610612756,5,4,4,1,3,0,1
2020-21,22000249,1,1610612754,2,2,1,1,1,1,0
2020-21,22000249,1,1610612761,1,1,0,1,0,1,0
2020-21,22000249,2,1610612754,8,12,12,3,4,0,1
2020-21,22000249,2,1610612761,5,7,4,3,1,3,1
2020-21,22000249,3,1610612754,3,4,4,3,0,0,0
2020-21,22000249,3,1610612761,3,2,2,1,1,0,1
2020-21,22000249,4,1610612754,3,4,2,3,0,2,0
2020-21,22000249,4,1610612761,11,16,12,1,8,4,2
2020-21,22000250,1,1610612738,6,6,5,2,3,1,1
2020-21,22000250,1,1610612739,5,8,7,4,1,1,0
2020-21,22000250,2,1610612738,7,9,7,3,4,2,0
2020-21,22000250,2,1610612739,5,8,5,4,1,3,0
2020-21,22000250,3,1610612738,7,9,9,4,3,0,0
2020-21,22000250,3,1610612739,6,8,5,4,1,3,1
2020-21,22000250,4,1610612738,3,3,2,2,1,1,0
2020-21,22000250,4,1610612739,6,10,8,3,2,2,1
2020-21,22000251,1,1610612746,2,2,2,1,1,0,0
2020-21,22000251,1,1610612760,1,3,3,1,0,0,0
2020-21,22000251,2,1610612746,5,4,3,1,4,1,0
2020-21,22000251,2,1610612760,3,4,4,2,1,0,0
2020-21,22000251,3,1610612746,3,2,1,1,1,1,1
2020-21,22000251,3,1610612760,3,3,2,2,0,1,1
2020-21,22000251,4,1610612746,7,8,6,1,6,2,0
2020-21,22000251,4,1610612760,3,4,0,2,1,4,0
2020-21,22000252,1,1610612753,4,2,2,1,2,0,1
2020-21,22000252,1,1610612766,4,3,3,2,2,0,0
2020-21,22000252,2,1610612753,4,7,4,3,1,3,0
2020-21,22000252,2,1610612766,3,1,0,0,3,1,0
2020-21,22000252,3,1610612753,3,2,1,1,2,1,0
2020-21,22000252,3,1610612766,3,4,2,2,1,2,0
2020-21,22000252,4,1610612753,3,2,2,1,2,0,0
2020-21,22000252,4,1610612766,7,8,4,1,6,4,0
2020-21,22000253,1,1610612759,3,3,3,2,1,0,0
2020-21,22000253,1,1610612764,3,0,0,0,3,0,0
2020-21,22000253,2,1610612759,2,2,2,1,1,0,0
2020-21,22000253,2,1610612764,4,6,2,2,2,4,0
2020-21,22000253,3,1610612759,4,3,2,2,2,1,0
2020-21,22000253,3,1610612764,3,4,4,3,0,0,0
2020-21,22000253,4,1610612759,4,3,3,2,2,0,0
2020-21,22000253,4,1610612764,3,4,3,2,1,1,0
2020-21,22000254,1,1610612737,1,2,1,1,0,1,0
2020-21,22000254,1,1610612749,3,2,2,1,1,0,1
2020-21,22000254,2,1610612737,6,10,7,4,2,3,0
2020-21,22000254,2,1610612749,4,3,2,2,1,1,1
2020-21,22000254,3,1610612737,3,6,6,3,0,0,0
2020-21,22000254,3,1610612749,9,14,10,5,2,4,2
2020-21,22000254,4,1610612737,3,4,3,2,1,1,0
2020-21,22000254,4,1610612749,6,8,5,3,2,3,0
2020-21,22000255,1,1610612758,4,1,1,1,3,0,0
2020-21,22000255,1,1610612763,5,5,2,2,3,3,0
2020-21,22000255,2,1610612758,2,4,3,2,0,1,0
2020-21,22000255,2,1610612763,2,4,4,2,0,0,0
2020-21,22000255,3,1610612758,4,6,3,3,1,3,0
2020-21,22000255,3,1610612763,5,4,4,3,1,0,1
2020-21,22000255,4,1610612758,3,3,2,2,1,1,0
2020-21,22000255,4,1610612763,4,5,5,2,2,0,0
2020-21,22000256,1,1610612752,2,4,4,2,0,0,0
2020-21,22000256,1,1610612757,5,7,7,4,1,0,0
2020-21,22000256,2,1610612752,3,4,4,2,1,0,0
2020-21,22000256,2,1610612757,2,2,1,1,1,1,0
2020-21,22000256,3,1610612752,4,5,4,2,1,1,1
2020-21,22000256,3,1610612757,3,4,3,2,1,1,0
2020-21,22000256,4,1610612752,7,12,11,4,2,1,1
2020-21,22000256,4,1610612757,9,10,10,0,8,0,1
2020-21,22000257,1,1610612755,2,2,1,1,1,1,0
2020-21,22000257,1,1610612765,4,6,6,2,2,0,0
2020-21,22000257,2,1610612755,6,5,5,2,4,0,0
2020-21,22000257,2,1610612765,9,14,13,5,4,1,0
2020-21,22000257,3,1610612755,6,7,6,2,3,1,1
2020-21,22000257,3,1610612765,6,10,6,4,2,4,0
2020-21,22000257,4,1610612755,5,6,3,1,2,3,1
2020-21,22000257,4,1610612765,5,8,7,3,1,1,1
2020-21,22000258,1,1610612754,3,6,3,3,0,3,0
2020-21,22000258,1,1610612761,5,7,6,2,3,1,0
2020-21,22000258,2,1610612754,5,7,7,3,1,0,1
2020-21,22000258,2,1610612761,6,6,6,1,5,0,0
2020-21,22000258,3,1610612754,8,15,13,5,2,2,1
2020-21,22000258,3,1610612761,7,10,9,3,2,1,2
2020-21,22000258,4,1610612754,8,17,14,4,3,3,1
2020-21,22000258,4,1610612761,6,4,3,0,6,1,0
2020-21,22000259,1,1610612753,3,4,4,1,0,0,2
2020-21,22000259,1,1610612766,5,4,2,2,2,2,1
2020-21,22000259,2,1610612753,5,6,5,3,2,1,0
2020-21,22000259,2,1610612766,2,3,2,2,0,1,0
2020-21,22000259,3,1610612753,4,6,1,3,0,5,1
2020-21,22000259,3,1610612766,3,6,5,3,0,1,0
2020-21,22000259,4,1610612753,6,6,4,1,5,2,0
2020-21,22000259,4,1610612766,8,14,10,4,3,4,0
2020-21,22000260,1,1610612748,3,1,1,1,2,0,0
2020-21,22000260,1,1610612751,7,8,7,4,3,1,0
2020-21,22000260,2,1610612748,4,4,2,1,1,2,2
2020-21,22000260,2,1610612751,2,2,2,1,0,0,1
2020-21,22000260,3,1610612748,4,4,4,2,1,0,1
2020-21,22000260,3,1610612751,7,10,8,5,2,2,0
2020-21,22000260,4,1610612748,7,8,5,4,2,3,1
2020-21,22000260,4,1610612751,3,2,2,1,2,0,0
2020-21,22000261,1,1610612739,5,6,6,3,2,0,0
2020-21,22000261,1,1610612747,4,6,3,3,1,3,0
2020-21,22000261,2,1610612739,5,8,7,3,1,1,1
2020-21,22000261,2,1610612747,7,9,8,4,3,1,0
2020-21,22000261,3,1610612739,5,2,2,0,4,0,1
2020-21,22000261,3,1610612747,7,13,10,5,2,3,0
2020-21,22000261,4,1610612739,6,6,4,1,5,2,0
2020-21,22000261,4,1610612747,3,0,0,0,3,0,0
2020-21,22000262,1,1610612738,4,5,4,2,2,1,0
2020-21,22000262,1,1610612741,5,8,2,5,0,6,0
2020-21,22000262,2,1610612738,4,5,5,3,1,0,0
2020-21,22000262,2,1610612741,0,0,0,0,0,0,0
2020-21,22000262,3,1610612738,1,0,0,0,1,0,0
2020-21,22000262,3,1610612741,3,0,0,0,3,0,0
2020-21,22000262,4,1610612738,7,10,7,5,1,3,1
2020-21,22000262,4,1610612741,4,2,2,1,1,0,1
2020-21,22000263,1,1610612758,5,8,6,3,2,2,0
2020-21,22000263,1,1610612763,6,12,9,5,1,3,0
2020-21,22000263,2,1610612758,5,7,7,3,2,0,0
2020-21,22000263,2,1610612763,2,0,0,0,2,0,0
2020-21,22000263,3,1610612758,4,2,2,1,3,0,0
2020-21,22000263,3,1610612763,4,6,6,3,1,0,0
2020-21,22000263,4,1610612758,6,10,7,3,3,3,0
2020-21,22000263,4,1610612763,9,17,7,4,5,10,0
2020-21,22000264,1,1610612740,3,5,3,2,1,2,0
2020-21,22000264,1,1610612759,2,3,2,2,0,1,0
2020-21,22000264,2,1610612740,9,14,5,7,2,9,0
2020-21,22000264,2,1610612759,4,6,6,3,0,0,1
2020-21,22000264,3,1610612740,5,9,7,4,1,2,0
2020-21,22000264,3,1610612759,8,16,13,7,1,3,0
2020-21,22000264,4,1610612740,5,4,2,3,2,2,0
2020-21,22000264,4,1610612759,5,7,6,3,2,1,0
2020-21,22000265,1,1610612742,5,10,10,5,0,0,0
2020-21,22000265,1,1610612743,5,4,3,1,4,1,0
2020-21,22000265,2,1610612742,6,6,4,3,3,2,0
2020-21,22000265,2,1610612743,5,9,9,4,1,0,0
2020-21,22000265,3,1610612742,3,4,4,1,1,0,0
2020-21,22000265,3,1610612743,5,8,5,2,2,3,1
2020-21,22000265,4,1610612742,6,4,2,2,4,2,0
2020-21,22000265,4,1610612743,6,7,5,2,4,2,0
2020-21,22000266,1,1610612744,8,10,7,3,4,3,1
2020-21,22000266,1,1610612750,2,4,4,2,0,0,0
2020-21,22000266,2,1610612744,4,5,4,3,1,1,0
2020-21,22000266,2,1610612750,5,7,7,3,2,0,0
2020-21,22000266,3,1610612744,4,6,6,2,2,0,0
2020-21,22000266,3,1610612750,4,8,7,3,0,1,1
2020-21,22000266,4,1610612744,10,16,11,6,4,5,0
2020-21,22000266,4,1610612750,5,6,4,3,2,2,0
2020-21,22000267,1,1610612757,5,6,5,3,2,1,0
2020-21,22000267,1,1610612760,3,3,2,2,1,1,0
2020-21,22000267,2,1610612757,6,7,3,2,4,4,0
2020-21,22000267,2,1610612760,6,9,7,4,1,2,0
2020-21,22000267,3,1610612757,3,2,2,1,2,0,0
2020-21,22000267,3,1610612760,4,6,3,3,1,3,0
2020-21,22000267,4,1610612757,5,6,6,2,1,0,2
2020-21,22000267,4,1610612760,9,17,9,5,4,8,0
2020-21,22000268,1,1610612737,4,4,4,2,2,0,0
2020-21,22000268,1,1610612746,2,3,2,1,0,1,0
2020-21,22000268,2,1610612737,6,10,10,5,1,0,0
2020-21,22000268,2,1610612746,4,4,4,2,2,0,0
2020-21,22000268,3,1610612737,3,6,5,3,0,1,0
2020-21,22000268,3,1610612746,5,8,8,4,1,0,0
2020-21,22000268,4,1610612737,5,5,5,1,4,0,0
2020-21,22000268,4,1610612746,6,7,5,4,2,2,0
2020-21,22000269,1,1610612745,4,4,2,2,2,2,0
2020-21,22000269,1,1610612764,1,2,0,1,0,2,0
2020-21,22000269,2,1610612745,5,6,5,2,3,1,0
2020-21,22000269,2,1610612764,5,9,8,3,1,1,1
2020-21,22000269,3,1610612745,4,7,6,3,1,1,0
2020-21,22000269,3,1610612764,3,4,4,2,1,0,0
2020-21,22000269,4,1610612745,9,12,8,4,4,4,0
2020-21,22000269,4,1610612764,6,8,5,4,1,3,1
2020-21,22000270,1,1610612752,1,3,1,1,0,2,0
2020-21,22000270,1,1610612762,3,6,4,3,0,2,0
2020-21,22000270,2,1610612752,3,3,3,1,2,0,0
2020-21,22000270,2,1610612762,6,6,5,2,3,1,1
2020-21,22000270,3,1610612752,3,4,4,2,1,0,0
2020-21,22000270,3,1610612762,6,8,8,2,4,0,0
2020-21,22000270,4,1610612752,7,7,4,3,3,3,1
2020-21,22000270,4,1610612762,4,2,2,2,2,0,0
2020-21,22000271,1,1610612754,2,2,2,1,1,0,0
2020-21,22000271,1,1610612766,1,0,0,0,1,0,0
2020-21,22000271,2,1610612754,4,3,2,1,2,1,1
2020-21,22000271,2,1610612766,7,10,9,5,2,1,0
2020-21,22000271,3,1610612754,4,4,3,2,2,1,0
2020-21,22000271,3,1610612766,5,6,5,1,3,1,0
2020-21,22000271,4,1610612754,3,3,3,2,1,0,0
2020-21,22000271,4,1610612766,4,5,5,2,2,0,0
2020-21,22000272,1,1610612739,5,6,3,2,3,3,0
2020-21,22000272,1,1610612765,4,7,5,3,1,2,0
2020-21,22000272,2,1610612739,4,1,1,1,2,0,1
2020-21,22000272,2,1610612765,5,5,4,1,4,1,0
2020-21,22000272,3,1610612739,4,4,4,1,2,0,1
2020-21,22000272,3,1610612765,3,2,2,1,2,0,0
2020-21,22000272,4,1610612739,7,12,9,5,2,3,0
2020-21,22000272,4,1610612765,9,15,11,6,3,4,0
2020-21,22000273,1,1610612753,3,4,4,2,1,0,0
2020-21,22000273,1,1610612758,5,5,3,3,2,2,0
2020-21,22000273,2,1610612753,2,3,3,1,1,0,0
2020-21,22000273,2,1610612758,4,3,3,2,2,0,0
2020-21,22000273,3,1610612753,4,0,0,0,4,0,0
2020-21,22000273,3,1610612758,9,13,9,5,3,4,1
2020-21,22000273,4,1610612753,7,11,10,4,3,1,0
2020-21,22000273,4,1610612758,4,5,2,3,0,3,0
2020-21,22000274,1,1610612737,5,8,7,4,1,1,0
2020-21,22000274,1,1610612751,3,2,2,1,2,0,0
2020-21,22000274,2,1610612737,5,7,7,2,3,0,0
2020-21,22000274,2,1610612751,4,4,3,2,0,1,2
2020-21,22000274,3,1610612737,6,9,8,2,3,1,0
2020-21,22000274,3,1610612751,3,4,3,2,1,1,0
2020-21,22000274,4,1610612737,3,1,1,1,2,0,0
2020-21,22000274,4,1610612751,4,6,6,3,1,0,0
2020-21,22000275,1,1610612743,3,2,2,1,1,0,1
2020-21,22000275,1,1610612748,2,2,1,1,1,1,0
2020-21,22000275,2,1610612743,5,4,4,3,1,0,1
2020-21,22000275,2,1610612748,5,3,3,2,3,0,0
2020-21,22000275,3,1610612743,2,2,2,1,0,0,1
2020-21,22000275,3,1610612748,1,2,2,1,0,0,0
2020-21,22000275,4,1610612743,3,3,3,2,1,0,0
2020-21,22000275,4,1610612748,3,4,3,2,1,1,0
2020-21,22000276,1,1610612747,6,5,3,3,2,2,1
2020-21,22000276,1,1610612755,7,10,6,3,3,4,1
2020-21,22000276,2,1610612747,6,6,5,3,2,1,1
2020-21,22000276,2,1610612755,6,8,4,3,3,4,0
2020-21,22000276,3,1610612747,2,2,1,0,1,1,0
2020-21,22000276,3,1610612755,2,4,3,1,0,1,0
2020-21,22000276,4,1610612747,9,12,7,4,2,5,2
2020-21,22000276,4,1610612755,5,4,3,2,2,1,1
2020-21,22000277,1,1610612749,3,4,3,3,0,1,0
2020-21,22000277,1,1610612761,2,1,1,0,1,0,1
2020-21,22000277,2,1610612749,4,5,2,2,2,3,0
2020-21,22000277,2,1610612761,3,5,4,2,1,1,0
2020-21,22000277,3,1610612749,4,4,2,2,2,2,0
2020-21,22000277,3,1610612761,3,6,5,3,0,1,0
2020-21,22000277,4,1610612749,8,13,12,4,3,1,0
2020-21,22000277,4,1610612761,2,0,0,0,2,0,0
2020-21,22000278,1,1610612741,3,3,2,2,1,1,0
2020-21,22000278,1,1610612763,3,5,5,2,1,0,0
2020-21,22000278,2,1610612741,2,4,4,2,0,0,0
2020-21,22000278,2,1610612763,4,0,0,0,3,0,1
2020-21,22000278,3,1610612741,4,5,3,3,1,2,0
2020-21,22000278,3,1610612763,3,2,1,1,2,1,0
2020-21,22000278,4,1610612741,6,5,4,1,5,1,0
2020-21,22000278,4,1610612763,3,7,6,3,0,1,0
2020-21,22000279,1,1610612740,4,3,1,2,1,2,1
2020-21,22000279,1,1610612764,2,3,2,1,1,1,0
2020-21,22000279,2,1610612740,6,6,4,4,2,2,0
2020-21,22000279,2,1610612764,4,6,6,4,0,0,0
2020-21,22000279,3,1610612740,3,5,2,3,0,3,0
2020-21,22000279,3,1610612764,5,8,7,4,1,1,0
2020-21,22000279,4,1610612740,6,10,8,4,1,2,0
2020-21,22000279,4,1610612764,5,4,4,1,4,0,0
2020-21,22000280,1,1610612738,4,5,4,3,1,1,0
2020-21,22000280,1,1610612759,4,4,3,2,2,1,0
2020-21,22000280,2,1610612738,3,2,2,1,2,0,0
2020-21,22000280,2,1610612759,1,0,0,0,1,0,0
2020-21,22000280,3,1610612738,5,5,4,3,1,1,1
2020-21,22000280,3,1610612759,5,6,2,3,2,4,0
2020-21,22000280,4,1610612738,2,2,2,2,0,0,0
2020-21,22000280,4,1610612759,3,6,5,1,2,1,0
2020-21,22000281,1,1610612756,4,2,2,2,1,0,1
2020-21,22000281,1,1610612760,3,2,1,1,2,1,0
2020-21,22000281,2,1610612756,4,3,2,2,2,1,0
2020-21,22000281,2,1610612760,2,1,1,1,1,0,0
2020-21,22000281,3,1610612756,5,3,3,1,3,0,1
2020-21,22000281,3,1610612760,3,3,2,2,1,1,0
2020-21,22000281,4,1610612756,4,4,3,1,3,1,0
2020-21,22000281,4,1610612760,5,8,6,2,3,2,0
2020-21,22000282,1,1610612742,4,1,1,1,2,0,1
2020-21,22000282,1,1610612762,3,3,2,2,1,1,0
2020-21,22000282,2,1610612742,2,3,3,1,1,0,0
2020-21,22000282,2,1610612762,4,8,5,3,1,3,0
2020-21,22000282,3,1610612742,3,0,0,0,2,0,0
2020-21,22000282,3,1610612762,4,8,7,4,0,1,0
2020-21,22000282,4,1610612742,6,5,4,2,4,1,0
2020-21,22000282,4,1610612762,1,2,2,1,0,0,0
2020-21,22000283,1,1610612744,3,3,3,2,1,0,0
2020-21,22000283,1,1610612750,6,8,6,3,2,2,1
2020-21,22000283,2,1610612744,6,8,7,3,2,1,0
2020-21,22000283,2,1610612750,4,4,2,1,3,2,0
2020-21,22000283,3,1610612744,5,4,3,1,3,1,1
2020-21,22000283,3,1610612750,5,10,7,5,0,3,0
2020-21,22000283,4,1610612744,6,8,5,3,3,3,0
2020-21,22000283,4,1610612750,7,11,8,6,1,3,0
2020-21,22000284,1,1610612747,3,5,4,3,0,1,0
2020-21,22000284,1,1610612765,4,6,6,3,1,0,0
2020-21,22000284,2,1610612747,7,5,3,3,2,2,1
2020-21,22000284,2,1610612765,4,2,2,1,3,0,0
2020-21,22000284,3,1610612747,3,0,0,0,3,0,0
2020-21,22000284,3,1610612765,5,3,3,0,3,0,1
2020-21,22000284,4,1610612747,4,2,1,2,2,1,0
2020-21,22000284,4,1610612765,2,2,2,1,1,0,0
2020-21,22000285,1,1610612746,4,6,6,3,1,0,0
2020-21,22000285,1,1610612748,4,3,1,2,2,2,0
2020-21,22000285,2,1610612746,4,2,2,1,3,0,0
2020-21,22000285,2,1610612748,6,6,6,1,4,0,1
2020-21,22000285,3,1610612746,4,5,5,2,2,0,0
2020-21,22000285,3,1610612748,5,2,1,2,3,1,0
2020-21,22000285,4,1610612746,5,9,7,2,3,2,0
2020-21,22000285,4,1610612748,3,4,4,2,1,0,0
2020-21,22000286,1,1610612744,4,4,3,2,1,1,1
2020-21,22000286,1,1610612756,4,5,4,3,1,1,0
2020-21,22000286,2,1610612744,4,2,1,0,4,1,0
2020-21,22000286,2,1610612756,2,2,2,1,1,0,0
2020-21,22000286,3,1610612744,4,2,2,1,3,0,0
2020-21,22000286,3,1610612756,7,11,11,5,2,0,0
2020-21,22000286,4,1610612744,0,0,0,0,0,0,0
2020-21,22000286,4,1610612756,4,5,4,3,1,1,0
2020-21,22000287,1,1610612745,2,2,1,2,0,1,0
2020-21,22000287,1,1610612757,1,2,2,1,0,0,0
2020-21,22000287,2,1610612745,4,6,6,3,1,0,0
2020-21,22000287,2,1610612757,4,2,2,1,3,0,0
2020-21,22000287,3,1610612745,3,3,2,2,1,1,0
2020-21,22000287,3,1610612757,2,4,2,2,0,2,0
2020-21,22000287,4,1610612745,6,7,6,2,4,1,0
2020-21,22000287,4,1610612757,2,0,0,0,2,0,0
2020-21,22000288,1,1610612754,2,4,4,2,0,0,0
2020-21,22000288,1,1610612766,5,3,2,2,2,1,1
2020-21,22000288,2,1610612754,2,2,1,1,1,1,0
2020-21,22000288,2,1610612766,3,2,2,1,2,0,0
2020-21,22000288,3,1610612754,4,4,3,1,3,1,0
2020-21,22000288,3,1610612766,1,2,1,0,1,1,0
2020-21,22000288,4,1610612754,4,3,2,2,2,1,0
2020-21,22000288,4,1610612766,2,2,1,1,1,1,0
2020-21,22000289,1,1610612746,3,2,2,1,2,0,0
2020-21,22000289,1,1610612753,3,8,8,3,0,0,0
2020-21,22000289,2,1610612746,5,6,6,4,1,0,0
2020-21,22000289,2,1610612753,2,0,0,0,2,0,0
2020-21,22000289,3,1610612746,3,3,3,1,2,0,0
2020-21,22000289,3,1610612753,4,3,2,2,2,1,0
2020-21,22000289,4,1610612746,0,0,0,0,0,0,0
2020-21,22000289,4,1610612753,6,7,6,3,2,1,1
2020-21,22000290,1,1610612737,5,10,9,5,0,1,0
2020-21,22000290,1,1610612764,3,5,5,3,0,0,0
2020-21,22000290,2,1610612737,5,6,5,2,3,1,0
2020-21,22000290,2,1610612764,7,6,4,1,5,2,0
2020-21,22000290,3,1610612737,7,10,8,2,5,2,0
2020-21,22000290,3,1610612764,6,11,7,5,0,4,1
2020-21,22000290,4,1610612737,7,8,4,2,4,4,0
2020-21,22000290,4,1610612764,11,16,15,4,6,1,0
2020-21,22000291,1,1610612739,5,2,2,0,3,0,2
2020-21,22000291,1,1610612752,4,0,0,0,4,0,0
2020-21,22000291,2,1610612739,5,4,3,1,3,1,1
2020-21,22000291,2,1610612752,3,5,4,3,0,1,0
2020-21,22000291,3,1610612739,3,2,1,1,2,1,0
2020-21,22000291,3,1610612752,8,8,7,5,3,1,0
2020-21,22000291,4,1610612739,7,10,9,4,3,1,0
2020-21,22000291,4,1610612752,3,3,3,2,1,0,0
2020-21,22000292,1,1610612758,4,6,5,3,1,1,0
2020-21,22000292,1,1610612761,3,3,2,2,1,1,0
2020-21,22000292,2,1610612758,8,11,8,4,3,3,1
2020-21,22000292,2,1610612761,5,10,10,4,1,0,0
2020-21,22000292,3,1610612758,4,3,3,2,0,0,2
2020-21,22000292,3,1610612761,10,15,12,5,4,3,1
2020-21,22000292,4,1610612758,7,11,8,3,4,3,0
2020-21,22000292,4,1610612761,5,5,3,1,4,2,0
2020-21,22000293,1,1610612740,2,4,3,2,0,1,0
2020-21,22000293,1,1610612749,2,2,2,1,1,0,0
2020-21,22000293,2,1610612740,5,8,5,5,0,3,0
2020-21,22000293,2,1610612749,5,8,4,4,1,4,0
2020-21,22000293,3,1610612740,5,6,4,3,2,2,0
2020-21,22000293,3,1610612749,3,4,4,2,1,0,0
2020-21,22000293,4,1610612740,7,10,8,2,3,2,1
2020-21,22000293,4,1610612749,5,8,7,5,0,1,0
2020-21,22000294,1,1610612750,4,7,6,3,1,1,0
2020-21,22000294,1,1610612755,8,13,13,6,2,0,0
2020-21,22000294,2,1610612750,7,8,6,3,3,2,0
2020-21,22000294,2,1610612755,6,10,8,4,2,2,0
2020-21,22000294,3,1610612750,2,1,0,1,1,1,0
2020-21,22000294,3,1610612755,7,8,5,3,4,3,0
2020-21,22000294,4,1610612750,3,2,2,1,1,0,1
2020-21,22000294,4,1610612755,7,7,6,3,3,1,1
2020-21,22000295,1,1610612751,4,4,3,3,1,1,0
2020-21,22000295,1,1610612760,7,10,8,4,2,2,1
2020-21,22000295,2,1610612751,2,3,3,2,0,0,0
2020-21,22000295,2,1610612760,5,7,7,3,2,0,0
2020-21,22000295,3,1610612751,4,6,6,4,0,0,0
2020-21,22000295,3,1610612760,5,5,3,3,2,2,0
2020-21,22000295,4,1610612751,2,3,2,2,0,1,0
2020-21,22000295,4,1610612760,7,12,11,5,1,1,1
2020-21,22000296,1,1610612743,2,0,0,0,2,0,0
2020-21,22000296,1,1610612759,3,6,5,3,0,1,0
2020-21,22000296,2,1610612743,3,2,2,1,2,0,0
2020-21,22000296,2,1610612759,5,11,9,5,0,2,0
2020-21,22000296,3,1610612743,9,16,10,6,3,6,0
2020-21,22000296,3,1610612759,1,1,1,1,0,0,0
2020-21,22000296,4,1610612743,3,2,1,1,2,1,0
2020-21,22000296,4,1610612759,5,8,6,2,3,2,0
2020-21,22000297,1,1610612742,5,6,4,3,2,2,0
2020-21,22000297,1,1610612762,2,2,1,1,1,1,0
2020-21,22000297,2,1610612742,3,4,3,2,1,1,0
2020-21,22000297,2,1610612762,9,9,9,4,5,0,0
2020-21,22000297,3,1610612742,4,6,3,3,0,3,1
2020-21,22000297,3,1610612762,9,11,10,5,3,1,1
2020-21,22000297,4,1610612742,7,11,8,7,0,3,0
2020-21,22000297,4,1610612762,5,4,4,2,3,0,0
2020-21,22000298,1,1610612741,3,4,4,3,0,0,0
2020-21,22000298,1,1610612757,5,5,4,3,1,1,1
2020-21,22000298,2,1610612741,4,4,4,2,1,0,1
2020-21,22000298,2,1610612757,3,4,4,2,1,0,0
2020-21,22000298,3,1610612741,4,4,4,3,1,0,0
2020-21,22000298,3,1610612757,4,8,6,4,0,2,0
2020-21,22000298,4,1610612741,4,3,3,1,3,0,0
2020-21,22000298,4,1610612757,2,2,2,1,0,0,1
2020-21,22000299,1,1610612749,4,4,3,2,2,1,0
2020-21,22000299,1,1610612766,3,3,3,1,2,0,0
2020-21,22000299,2,1610612749,6,7,5,2,4,2,0
2020-21,22000299,2,1610612766,5,3,2,0,4,1,1
2020-21,22000299,3,1610612749,6,7,5,2,4,2,0
2020-21,22000299,3,1610612766,4,5,5,3,1,0,0
2020-21,22000299,4,1610612749,4,6,3,3,1,3,0
2020-21,22000299,4,1610612766,5,9,7,4,1,2,0
2020-21,22000300,1,1610612740,3,1,1,1,1,0,1
2020-21,22000300,1,1610612745,1,0,0,0,1,0,0
2020-21,22000300,2,1610612740,6,6,5,2,3,1,0
2020-21,22000300,2,1610612745,6,8,7,2,3,1,1
2020-21,22000300,3,1610612740,6,8,4,4,1,4,1
2020-21,22000300,3,1610612745,3,8,6,2,0,2,0
2020-21,22000300,4,1610612740,8,14,8,5,3,6,0
2020-21,22000300,4,1610612745,1,4,3,1,0,1,0
2020-21,22000301,1,1610612748,3,4,3,2,1,1,0
2020-21,22000301,1,1610612758,2,0,0,0,2,0,0
2020-21,22000301,2,1610612748,6,9,9,3,3,0,0
2020-21,22000301,2,1610612758,4,5,3,2,2,2,0
2020-21,22000301,3,1610612748,5,7,5,4,1,2,0
2020-21,22000301,3,1610612758,3,2,0,1,2,2,0
2020-21,22000301,4,1610612748,4,6,5,3,1,1,0
2020-21,22000301,4,1610612758,4,4,2,2,2,2,0
2020-21,22000302,1,1610612738,2,2,1,1,1,1,0
2020-21,22000302,1,1610612747,5,7,5,4,1,2,0
2020-21,22000302,2,1610612738,3,2,1,1,2,1,0
2020-21,22000302,2,1610612747,3,3,3,2,1,0,0
2020-21,22000302,3,1610612738,4,4,4,2,2,0,0
2020-21,22000302,3,1610612747,3,6,3,3,0,3,0
2020-21,22000302,4,1610612738,5,6,3,2,3,3,0
2020-21,22000302,4,1610612747,4,3,2,2,2,1,0
2020-21,22000303,1,1610612742,4,2,1,1,2,1,1
2020-21,22000303,1,1610612756,5,9,9,3,1,0,1
2020-21,22000303,2,1610612742,4,4,3,2,2,1,0
2020-21,22000303,2,1610612756,2,3,3,1,1,0,0
2020-21,22000303,3,1610612742,6,7,3,2,3,4,1
2020-21,22000303,3,1610612756,7,9,8,3,4,1,0
2020-21,22000303,4,1610612742,3,1,1,0,2,0,1
2020-21,22000303,4,1610612756,8,10,7,1,6,3,1
2020-21,22000304,1,1610612759,2,2,1,1,1,1,0
2020-21,22000304,1,1610612763,4,3,2,2,2,1,0
2020-21,22000304,2,1610612759,5,5,4,3,2,1,0
2020-21,22000304,2,1610612763,3,3,2,2,1,1,0
2020-21,22000304,3,1610612759,6,7,5,3,3,2,0
2020-21,22000304,3,1610612763,2,3,2,2,0,1,0
2020-21,22000304,4,1610612759,7,12,11,6,1,1,0
2020-21,22000304,4,1610612763,6,6,4,2,4,2,0
2020-21,22000305,1,1610612744,0,0,0,0,0,0,0
2020-21,22000305,1,1610612765,4,4,3,2,1,1,1
2020-21,22000305,2,1610612744,3,5,5,2,1,0,0
2020-21,22000305,2,1610612765,7,12,8,5,2,4,0
2020-21,22000305,3,1610612744,4,3,1,2,2,2,0
2020-21,22000305,3,1610612765,7,12,11,3,4,1,0
2020-21,22000305,4,1610612744,2,2,1,1,1,1,0
2020-21,22000305,4,1610612765,3,4,2,2,1,2,0
2020-21,22000306,1,1610612743,4,4,3,2,2,1,0
2020-21,22000306,1,1610612762,4,5,5,2,1,0,0
2020-21,22000306,2,1610612743,5,3,3,0,5,0,0
2020-21,22000306,2,1610612762,8,10,8,2,5,2,1
2020-21,22000306,3,1610612743,8,10,9,2,6,1,0
2020-21,22000306,3,1610612762,6,10,9,4,2,1,0
2020-21,22000306,4,1610612743,3,2,1,0,2,1,0
2020-21,22000306,4,1610612762,8,14,11,4,4,3,0
2020-21,22000307,1,1610612754,4,2,2,1,3,0,0
2020-21,22000307,1,1610612755,6,8,2,3,2,6,1
2020-21,22000307,2,1610612754,4,7,5,4,0,2,0
2020-21,22000307,2,1610612755,6,6,6,3,2,0,1
2020-21,22000307,3,1610612754,7,7,7,5,1,0,0
2020-21,22000307,3,1610612755,3,4,3,2,1,1,0
2020-21,22000307,4,1610612754,4,6,4,2,2,2,0
2020-21,22000307,4,1610612755,8,13,10,2,4,3,1
2020-21,22000308,1,1610612746,4,9,8,4,0,1,0
2020-21,22000308,1,1610612752,2,5,5,2,0,0,0
2020-21,22000308,2,1610612746,6,8,7,3,2,1,1
2020-21,22000308,2,1610612752,7,14,10,3,3,4,1
2020-21,22000308,3,1610612746,3,4,4,2,1,0,0
2020-21,22000308,3,1610612752,1,2,2,1,0,0,0
2020-21,22000308,4,1610612746,6,7,5,3,3,2,0
2020-21,22000308,4,1610612752,3,7,6,3,0,1,0
2020-21,22000309,1,1610612753,3,2,2,1,2,0,0
2020-21,22000309,1,1610612761,3,2,2,2,1,0,0
2020-21,22000309,2,1610612753,6,6,4,2,3,2,1
2020-21,22000309,2,1610612761,6,7,7,2,3,0,0
2020-21,22000309,3,1610612753,8,15,13,4,4,2,0
2020-21,22000309,3,1610612761,4,6,6,3,1,0,0
2020-21,22000309,4,1610612753,5,5,4,3,2,1,0
2020-21,22000309,4,1610612761,5,7,6,3,2,1,0
2020-21,22000310,1,1610612751,3,3,3,1,2,0,0
2020-21,22000310,1,1610612764,3,4,3,2,1,1,0
2020-21,22000310,2,1610612751,5,9,7,4,1,2,0
2020-21,22000310,2,1610612764,7,8,7,4,3,1,0
2020-21,22000310,3,1610612751,5,7,5,3,2,2,0
2020-21,22000310,3,1610612764,3,5,2,3,0,3,0
2020-21,22000310,4,1610612751,9,14,12,3,6,2,0
2020-21,22000310,4,1610612764,10,15,13,7,2,2,0
2020-21,22000311,1,1610612739,6,6,6,3,3,0,0
2020-21,22000311,1,1610612750,6,11,8,6,0,3,0
2020-21,22000311,2,1610612739,5,5,4,2,3,1,0
2020-21,22000311,2,1610612750,1,0,0,0,1,0,0
2020-21,22000311,3,1610612739,6,8,5,2,4,3,0
2020-21,22000311,3,1610612750,1,2,1,1,0,1,0
2020-21,22000311,4,1610612739,5,4,3,2,3,1,0
2020-21,22000311,4,1610612750,3,2,2,0,1,0,1
2020-21,22000312,1,1610612739,1,2,1,1,0,1,0
2020-21,22000312,1,1610612750,2,3,2,2,0,1,0
2020-21,22000312,2,1610612739,9,10,9,3,6,1,0
2020-21,22000312,2,1610612750,3,2,1,1,2,1,0
2020-21,22000312,3,1610612739,3,5,2,2,1,3,0
2020-21,22000312,3,1610612750,2,2,1,1,1,1,0
2020-21,22000312,4,1610612739,8,14,11,3,4,3,1
2020-21,22000312,4,1610612750,3,4,3,2,1,1,0
2020-21,22000313,1,1610612737,4,2,2,1,3,0,0
2020-21,22000313,1,1610612747,3,5,4,2,1,1,0
2020-21,22000313,2,1610612737,6,8,6,4,2,2,0
2020-21,22000313,2,1610612747,6,6,6,3,3,0,0
2020-21,22000313,3,1610612737,4,3,3,1,2,0,1
2020-21,22000313,3,1610612747,4,5,3,3,1,2,0
2020-21,22000313,4,1610612737,5,4,3,1,4,1,0
2020-21,22000313,4,1610612747,6,8,7,2,4,1,0
2020-21,22000314,1,1610612748,6,8,5,3,3,3,0
2020-21,22000314,1,1610612766,4,2,2,1,3,0,0
2020-21,22000314,2,1610612748,5,6,3,2,2,3,0
2020-21,22000314,2,1610612766,5,7,5,3,1,2,1
2020-21,22000314,3,1610612748,3,4,2,2,1,2,0
2020-21,22000314,3,1610612766,5,6,6,2,2,0,1
2020-21,22000314,4,1610612748,3,2,2,1,1,0,1
2020-21,22000314,4,1610612766,5,5,4,3,2,1,0
2020-21,22000315,1,1610612741,4,8,7,4,0,1,0
2020-21,22000315,1,1610612752,5,7,6,5,0,1,0
2020-21,22000315,2,1610612741,2,1,0,1,0,1,1
2020-21,22000315,2,1610612752,6,11,11,4,1,0,1
2020-21,22000315,3,1610612741,6,4,3,0,4,1,2
2020-21,22000315,3,1610612752,5,8,5,3,2,3,0
2020-21,22000315,4,1610612741,6,7,5,2,3,2,1
2020-21,22000315,4,1610612752,2,0,0,0,2,0,0
2020-21,22000316,1,1610612749,4,5,2,2,2,3,0
2020-21,22000316,1,1610612757,2,3,3,1,0,0,1
2020-21,22000316,2,1610612749,3,5,3,3,0,2,0
2020-21,22000316,2,1610612757,5,5,5,3,2,0,0
2020-21,22000316,3,1610612749,1,2,2,1,0,0,0
2020-21,22000316,3,1610612757,1,2,2,1,0,0,0
2020-21,22000316,4,1610612749,1,0,0,0,1,0,0
2020-21,22000316,4,1610612757,3,3,3,2,1,0,0
2020-21,22000317,1,1610612740,6,10,8,4,1,2,1
2020-21,22000317,1,1610612758,5,4,4,3,1,0,1
2020-21,22000317,2,1610612740,4,6,5,3,1,1,0
2020-21,22000317,2,1610612758,4,5,3,2,2,2,0
2020-21,22000317,3,1610612740,4,5,5,2,2,0,0
2020-21,22000317,3,1610612758,6,10,7,5,1,3,0
2020-21,22000317,4,1610612740,2,3,2,2,0,1,0
2020-21,22000317,4,1610612758,5,7,6,2,3,1,0
2020-21,22000318,1,1610612745,3,3,3,3,0,0,0
2020-21,22000318,1,1610612760,4,5,4,2,2,1,0
2020-21,22000318,2,1610612745,2,2,2,1,1,0,0
2020-21,22000318,2,1610612760,4,4,3,2,2,1,0
2020-21,22000318,3,1610612745,3,1,0,1,2,1,0
2020-21,22000318,3,1610612760,3,0,0,0,3,0,0
2020-21,22000318,4,1610612745,2,5,5,2,0,0,0
2020-21,22000318,4,1610612760,7,10,8,4,2,2,1
2020-21,22000319,1,1610612742,4,2,2,1,3,0,0
2020-21,22000319,1,1610612756,4,2,1,2,2,1,0
2020-21,22000319,2,1610612742,4,6,6,2,2,0,0
2020-21,22000319,2,1610612756,4,4,3,2,1,1,1
2020-21,22000319,3,1610612742,6,10,9,3,2,1,1
2020-21,22000319,3,1610612756,4,4,4,2,2,0,0
2020-21,22000319,4,1610612742,6,7,7,2,2,0,1
2020-21,22000319,4,1610612756,3,2,2,1,2,0,0
2020-21,22000320,1,1610612759,4,6,4,3,1,2,0
2020-21,22000320,1,1610612763,2,2,2,2,0,0,0
2020-21,22000320,2,1610612759,1,1,0,1,0,1,0
2020-21,22000320,2,1610612763,5,7,5,4,1,2,0
2020-21,22000320,3,1610612759,6,8,5,4,2,3,0
2020-21,22000320,3,1610612763,4,5,5,3,1,0,0
2020-21,22000320,4,1610612759,5,7,6,4,1,1,0
2020-21,22000320,4,1610612763,2,4,2,2,0,2,0
2020-21,22000321,1,1610612743,4,2,2,1,3,0,0
2020-21,22000321,1,1610612765,5,6,5,3,2,1,0
2020-21,22000321,2,1610612743,2,2,2,1,1,0,0
2020-21,22000321,2,1610612765,3,1,1,1,2,0,0
2020-21,22000321,3,1610612743,5,4,3,1,4,1,0
2020-21,22000321,3,1610612765,6,9,6,3,3,3,0
2020-21,22000321,4,1610612743,1,1,1,0,1,0,0
2020-21,22000321,4,1610612765,5,4,4,3,2,0,0
2020-21,22000322,1,1610612754,4,2,2,1,3,0,0
2020-21,22000322,1,1610612763,5,7,7,3,2,0,0
2020-21,22000322,2,1610612754,4,8,6,4,0,2,0
2020-21,22000322,2,1610612763,5,7,7,3,2,0,0
2020-21,22000322,3,1610612754,3,3,2,1,1,1,1
2020-21,22000322,3,1610612763,4,6,6,2,1,0,1
2020-21,22000322,4,1610612754,9,16,10,7,2,6,0
2020-21,22000322,4,1610612763,4,4,3,2,2,1,0
2020-21,22000323,1,1610612753,3,3,3,2,1,0,0
2020-21,22000323,1,1610612761,3,6,6,3,0,0,0
2020-21,22000323,2,1610612753,5,7,5,3,2,2,0
2020-21,22000323,2,1610612761,7,9,9,3,4,0,0
2020-21,22000323,3,1610612753,3,1,1,0,3,0,0
2020-21,22000323,3,1610612761,6,5,5,2,4,0,0
2020-21,22000323,4,1610612753,4,3,3,2,2,0,0
2020-21,22000323,4,1610612761,5,5,3,3,2,2,0
2020-21,22000324,1,1610612746,4,6,6,3,1,0,0
2020-21,22000324,1,1610612751,1,1,1,1,0,0,0
2020-21,22000324,2,1610612746,1,1,1,1,0,0,0
2020-21,22000324,2,1610612751,3,4,4,2,1,0,0
2020-21,22000324,3,1610612746,2,1,1,1,1,0,0
2020-21,22000324,3,1610612751,6,10,7,4,2,3,0
2020-21,22000324,4,1610612746,7,9,7,4,3,2,0
2020-21,22000324,4,1610612751,7,11,9,4,3,2,0
2020-21,22000325,1,1610612762,2,2,2,1,1,0,0
2020-21,22000325,1,1610612765,5,7,7,3,2,0,0
2020-21,22000325,2,1610612762,7,13,13,5,2,0,0
2020-21,22000325,2,1610612765,5,4,4,3,2,0,0
2020-21,22000325,3,1610612762,3,5,4,3,0,1,0
2020-21,22000325,3,1610612765,4,5,4,2,1,1,1
2020-21,22000325,4,1610612762,6,9,6,3,2,3,1
2020-21,22000325,4,1610612765,3,4,3,2,1,1,0
2020-21,22000326,1,1610612738,2,4,2,2,0,2,0
2020-21,22000326,1,1610612744,2,1,1,1,1,0,0
2020-21,22000326,2,1610612738,6,6,4,2,3,2,1
2020-21,22000326,2,1610612744,4,3,2,2,2,1,0
2020-21,22000326,3,1610612738,6,8,8,3,3,0,0
2020-21,22000326,3,1610612744,7,9,7,4,3,2,0
2020-21,22000326,4,1610612738,7,9,6,2,3,3,2
2020-21,22000326,4,1610612744,7,10,6,5,2,4,0
2020-21,22000327,1,1610612755,5,8,6,4,1,2,0
2020-21,22000327,1,1610612766,1,2,2,1,0,0,0
2020-21,22000327,2,1610612755,4,3,2,2,2,1,0
2020-21,22000327,2,1610612766,5,6,5,2,3,1,0
2020-21,22000327,3,1610612755,7,12,9,6,1,3,0
2020-21,22000327,3,1610612766,5,7,5,3,2,2,0
2020-21,22000327,4,1610612755,6,9,9,3,3,0,0
2020-21,22000327,4,1610612766,6,8,7,3,2,1,1
2020-21,22000328,1,1610612739,3,1,1,1,2,0,0
2020-21,22000328,1,1610612746,4,4,3,2,2,1,0
2020-21,22000328,2,1610612739,7,6,4,1,6,2,0
2020-21,22000328,2,1610612746,3,3,2,1,1,1,1
2020-21,22000328,3,1610612739,5,7,6,3,2,1,0
2020-21,22000328,3,1610612746,3,4,3,2,0,1,0
2020-21,22000328,4,1610612739,5,3,2,1,4,1,0
2020-21,22000328,4,1610612746,3,6,5,3,0,1,0
2020-21,22000329,1,1610612749,2,1,1,1,1,0,0
2020-21,22000329,1,1610612754,2,0,0,0,1,0,1
2020-21,22000329,2,1610612749,5,9,9,4,1,0,0
2020-21,22000329,2,1610612754,4,5,4,2,2,1,0
2020-21,22000329,3,1610612749,3,4,3,1,1,1,0
2020-21,22000329,3,1610612754,0,0,0,0,0,0,0
2020-21,22000329,4,1610612749,3,0,0,0,2,0,1
2020-21,22000329,4,1610612754,5,10,9,5,0,1,0
2020-21,22000330,1,1610612737,6,8,6,4,2,2,0
2020-21,22000330,1,1610612742,5,6,6,2,3,0,0
2020-21,22000330,2,1610612737,5,2,1,0,5,1,0
2020-21,22000330,2,1610612742,3,4,4,2,1,0,0
2020-21,22000330,3,1610612737,6,6,4,1,4,2,1
2020-21,22000330,3,1610612742,5,9,8,3,2,1,0
2020-21,22000330,4,1610612737,1,1,1,0,1,0,0
2020-21,22000330,4,1610612742,4,6,5,0,4,1,0
2020-21,22000331,1,1610612748,8,12,9,6,2,3,0
2020-21,22000331,1,1610612764,5,8,6,3,2,2,0
2020-21,22000331,2,1610612748,3,2,1,1,1,1,1
2020-21,22000331,2,1610612764,2,2,2,1,1,0,0
2020-21,22000331,3,1610612748,2,2,1,1,1,1,0
2020-21,22000331,3,1610612764,3,2,1,1,2,1,0
2020-21,22000331,4,1610612748,4,6,5,3,1,1,0
2020-21,22000331,4,1610612764,7,13,9,5,1,4,1
2020-21,22000332,1,1610612741,3,2,1,1,2,1,0
2020-21,22000332,1,1610612752,2,1,0,1,1,1,0
2020-21,22000332,2,1610612741,7,9,7,5,1,2,1
2020-21,22000332,2,1610612752,4,6,4,3,1,2,0
2020-21,22000332,3,1610612741,3,3,2,2,1,1,0
2020-21,22000332,3,1610612752,5,5,5,3,1,0,1
2020-21,22000332,4,1610612741,3,2,1,1,2,1,0
2020-21,22000332,4,1610612752,3,3,1,1,2,2,0
2020-21,22000333,1,1610612745,2,3,3,2,0,0,0
2020-21,22000333,1,1610612760,4,8,7,4,0,1,0
2020-21,22000333,2,1610612745,5,4,2,1,2,2,2
2020-21,22000333,2,1610612760,5,6,5,3,1,1,1
2020-21,22000333,3,1610612745,1,0,0,0,0,0,1
2020-21,22000333,3,1610612760,2,3,3,1,0,0,1
2020-21,22000333,4,1610612745,4,6,4,3,1,2,0
2020-21,22000333,4,1610612760,6,9,7,3,3,2,0
2020-21,22000334,1,1610612750,4,3,3,2,2,0,0
2020-21,22000334,1,1610612759,4,4,4,3,0,0,1
2020-21,22000334,2,1610612750,3,4,3,2,1,1,0
2020-21,22000334,2,1610612759,3,3,3,2,1,0,0
2020-21,22000334,3,1610612750,1,2,2,1,0,0,0
2020-21,22000334,3,1610612759,3,3,2,2,1,1,0
2020-21,22000334,4,1610612750,4,2,1,1,3,1,0
2020-21,22000334,4,1610612759,10,14,9,7,3,5,0
2020-21,22000335,1,1610612740,2,4,3,2,0,1,0
2020-21,22000335,1,1610612756,3,5,4,3,0,1,0
2020-21,22000335,2,1610612740,2,2,2,1,1,0,0
2020-21,22000335,2,1610612756,4,2,2,1,2,0,1
2020-21,22000335,3,1610612740,8,11,10,2,5,1,1
2020-21,22000335,3,1610612756,6,7,7,3,3,0,0
2020-21,22000335,4,1610612740,3,4,2,2,1,2,0
2020-21,22000335,4,1610612756,6,6,4,2,4,2,0
2020-21,22000336,1,1610612738,5,9,8,5,0,1,0
2020-21,22000336,1,1610612758,4,4,3,2,2,1,0
2020-21,22000336,2,1610612738,1,1,1,1,0,0,0
2020-21,22000336,2,1610612758,3,2,0,1,2,2,0
2020-21,22000336,3,1610612738,5,8,7,4,0,1,1
2020-21,22000336,3,1610612758,5,4,4,1,2,0,2
2020-21,22000336,4,1610612738,8,11,6,3,3,5,2
2020-21,22000336,4,1610612758,9,13,12,3,6,1,0
2020-21,22000337,1,1610612755,2,4,2,2,0,2,0
2020-21,22000337,1,1610612757,4,7,5,3,1,2,0
2020-21,22000337,2,1610612755,6,11,11,4,2,0,0
2020-21,22000337,2,1610612757,1,3,2,1,0,1,0
2020-21,22000337,3,1610612755,4,5,5,1,3,0,0
2020-21,22000337,3,1610612757,5,11,9,4,0,2,1
2020-21,22000337,4,1610612755,4,4,2,2,1,2,1
2020-21,22000337,4,1610612757,2,2,2,1,1,0,0
2020-21,22000338,1,1610612737,4,3,3,1,3,0,0
2020-21,22000338,1,1610612762,5,6,4,3,2,2,0
2020-21,22000338,2,1610612737,3,0,0,0,3,0,0
2020-21,22000338,2,1610612762,3,0,0,0,2,0,1
2020-21,22000338,3,1610612737,5,9,9,4,1,0,0
2020-21,22000338,3,1610612762,4,3,3,2,2,0,0
2020-21,22000338,4,1610612737,7,7,6,3,4,1,0
2020-21,22000338,4,1610612762,3,4,4,2,1,0,0
2020-21,22000339,1,1610612742,6,8,6,3,3,2,0
2020-21,22000339,1,1610612744,5,6,6,3,1,0,1
2020-21,22000339,2,1610612742,4,9,9,4,0,0,0
2020-21,22000339,2,1610612744,8,10,9,6,2,1,0
2020-21,22000339,3,1610612742,4,2,1,1,3,1,0
2020-21,22000339,3,1610612744,5,5,5,3,1,0,1
2020-21,22000339,4,1610612742,4,4,4,2,2,0,0
2020-21,22000339,4,1610612744,4,6,3,3,1,3,0
2020-21,22000340,1,1610612745,2,0,0,0,2,0,0
2020-21,22000340,1,1610612763,3,5,3,2,0,2,1
2020-21,22000340,2,1610612745,5,6,5,4,1,1,0
2020-21,22000340,2,1610612763,4,2,0,1,2,2,1
2020-21,22000340,3,1610612745,5,7,6,2,2,1,1
2020-21,22000340,3,1610612763,6,8,8,5,1,0,0
2020-21,22000340,4,1610612745,3,4,3,2,1,1,0
2020-21,22000340,4,1610612763,6,9,6,4,2,3,0
2020-21,22000341,1,1610612743,3,1,1,0,3,0,0
2020-21,22000341,1,1610612747,4,4,2,2,2,2,0
2020-21,22000341,2,1610612743,6,11,10,5,1,1,0
2020-21,22000341,2,1610612747,6,6,4,3,2,2,1
2020-21,22000341,3,1610612743,3,1,1,0,3,0,0
2020-21,22000341,3,1610612747,8,11,7,4,2,4,2
2020-21,22000341,4,1610612743,5,2,1,0,5,1,0
2020-21,22000341,4,1610612747,2,1,1,1,1,0,0
2020-21,22000342,1,1610612762,3,3,2,2,1,1,0
2020-21,22000342,1,1610612766,4,6,6,3,0,0,1
2020-21,22000342,2,1610612762,2,1,1,1,1,0,0
2020-21,22000342,2,1610612766,2,2,1,1,1,1,0
2020-21,22000342,3,1610612762,5,6,6,2,3,0,0
2020-21,22000342,3,1610612766,3,2,2,1,2,0,0
2020-21,22000342,4,1610612762,7,8,7,1,5,1,1
2020-21,22000342,4,1610612766,7,7,5,2,3,2,2
2020-21,22000343,1,1610612740,3,4,3,3,0,1,0
2020-21,22000343,1,1610612754,3,4,3,2,1,1,0
2020-21,22000343,2,1610612740,5,8,5,4,1,3,0
2020-21,22000343,2,1610612754,5,10,7,4,0,3,0
2020-21,22000343,3,1610612740,5,8,6,4,1,2,0
2020-21,22000343,3,1610612754,3,2,1,1,1,1,1
2020-21,22000343,4,1610612740,5,6,5,3,2,1,0
2020-21,22000343,4,1610612754,1,0,0,0,1,0,0
2020-21,22000344,1,1610612741,5,6,6,3,2,0,0
2020-21,22000344,1,1610612753,3,4,4,3,0,0,0
2020-21,22000344,2,1610612741,2,0,0,0,2,0,0
2020-21,22000344,2,1610612753,7,11,9,4,2,2,1
2020-21,22000344,3,1610612741,5,3,2,1,3,1,1
2020-21,22000344,3,1610612753,4,8,6,4,0,2,0
2020-21,22000344,4,1610612741,8,11,10,6,2,1,0
2020-21,22000344,4,1610612753,8,14,9,3,5,5,0
2020-21,22000345,1,1610612751,4,7,4,3,0,3,1
2020-21,22000345,1,1610612761,4,2,2,2,2,0,0
2020-21,22000345,2,1610612751,7,10,7,3,3,3,1
2020-21,22000345,2,1610612761,2,1,0,1,1,1,0
2020-21,22000345,3,1610612751,4,2,2,0,3,0,1
2020-21,22000345,3,1610612761,5,8,7,4,1,1,0
2020-21,22000345,4,1610612751,7,10,9,4,2,1,1
2020-21,22000345,4,1610612761,4,3,3,0,4,0,0
2020-21,22000346,1,1610612739,5,5,3,2,3,2,0
2020-21,22000346,1,1610612749,6,10,6,4,2,4,0
2020-21,22000346,2,1610612739,3,2,2,1,2,0,0
2020-21,22000346,2,1610612749,5,5,4,2,2,1,1
2020-21,22000346,3,1610612739,4,6,6,3,1,0,0
2020-21,22000346,3,1610612749,4,4,3,2,2,1,0
2020-21,22000346,4,1610612739,3,3,1,1,1,2,0
2020-21,22000346,4,1610612749,3,3,3,1,2,0,0
2020-21,22000347,1,1610612748,7,13,12,7,0,1,0
2020-21,22000347,1,1610612764,3,6,6,3,0,0,0
2020-21,22000347,2,1610612748,3,4,2,2,1,2,0
2020-21,22000347,2,1610612764,6,8,6,5,1,2,0
2020-21,22000347,3,1610612748,4,6,6,2,1,0,0
2020-21,22000347,3,1610612764,4,6,6,3,1,0,0
2020-21,22000347,4,1610612748,2,0,0,0,1,0,1
2020-21,22000347,4,1610612764,4,4,3,3,1,1,0
2020-21,22000348,1,1610612750,2,3,3,1,1,0,0
2020-21,22000348,1,1610612760,3,2,1,1,2,1,0
2020-21,22000348,2,1610612750,2,3,3,2,0,0,0
2020-21,22000348,2,1610612760,5,9,7,5,0,2,0
2020-21,22000348,3,1610612750,3,3,2,2,1,1,0
2020-21,22000348,3,1610612760,3,4,3,2,1,1,0
2020-21,22000348,4,1610612750,0,0,0,0,0,0,0
2020-21,22000348,4,1610612760,4,2,1,1,3,1,0
2020-21,22000349,1,1610612756,4,3,3,2,2,0,0
2020-21,22000349,1,1610612765,3,6,5,3,0,1,0
2020-21,22000349,2,1610612756,5,6,5,3,1,1,0
2020-21,22000349,2,1610612765,3,6,2,3,0,4,0
2020-21,22000349,3,1610612756,3,3,3,1,2,0,0
2020-21,22000349,3,1610612765,8,13,8,5,2,5,1
2020-21,22000349,4,1610612756,4,4,2,2,2,2,0
2020-21,22000349,4,1610612765,4,3,2,2,2,1,0
2020-21,22000350,1,1610612738,3,1,0,1,1,1,1
2020-21,22000350,1,1610612746,3,6,5,2,1,1,0
2020-21,22000350,2,1610612738,5,9,6,3,1,3,1
2020-21,22000350,2,1610612746,3,4,3,2,1,1,0
2020-21,22000350,3,1610612738,1,0,0,0,0,0,1
2020-21,22000350,3,1610612746,4,6,6,3,1,0,0
2020-21,22000350,4,1610612738,7,11,11,2,5,0,0
2020-21,22000350,4,1610612746,5,5,3,3,1,2,1
2020-21,22000351,1,1610612752,4,4,2,2,2,2,0
2020-21,22000351,1,1610612757,3,2,2,0,3,0,0
2020-21,22000351,2,1610612752,3,1,1,1,2,0,0
2020-21,22000351,2,1610612757,6,10,3,4,2,7,0
2020-21,22000351,3,1610612752,2,3,1,2,0,2,0
2020-21,22000351,3,1610612757,3,0,0,0,3,0,0
2020-21,22000351,4,1610612752,5,5,5,0,4,0,1
2020-21,22000351,4,1610612757,5,4,3,3,2,1,0
2020-21,22000352,1,1610612743,3,4,4,2,1,0,0
2020-21,22000352,1,1610612758,4,5,3,3,1,2,0
2020-21,22000352,2,1610612743,0,0,0,0,0,0,0
2020-21,22000352,2,1610612758,4,8,5,4,0,3,0
2020-21,22000352,3,1610612743,3,6,4,3,0,2,0
2020-21,22000352,3,1610612758,3,4,3,2,1,1,0
2020-21,22000352,4,1610612743,4,4,3,2,1,1,1
2020-21,22000352,4,1610612758,7,7,6,0,7,1,0
2020-21,22000353,1,1610612741,3,4,4,3,0,0,0
2020-21,22000353,1,1610612753,5,8,8,3,2,0,0
2020-21,22000353,2,1610612741,0,0,0,0,0,0,0
2020-21,22000353,2,1610612753,1,2,2,1,0,0,0
2020-21,22000353,3,1610612741,4,8,4,3,1,4,0
2020-21,22000353,3,1610612753,1,0,0,0,0,0,1
2020-21,22000353,4,1610612741,1,1,1,1,0,0,0
2020-21,22000353,4,1610612753,4,2,2,1,3,0,0
2020-21,22000354,1,1610612751,0,0,0,0,0,0,0
2020-21,22000354,1,1610612755,2,6,6,2,0,0,0
2020-21,22000354,2,1610612751,4,4,4,2,1,0,1
2020-21,22000354,2,1610612755,1,0,0,0,1,0,0
2020-21,22000354,3,1610612751,2,4,3,1,1,1,0
2020-21,22000354,3,1610612755,8,12,10,6,2,2,0
2020-21,22000354,4,1610612751,5,9,8,4,0,1,1
2020-21,22000354,4,1610612755,4,4,2,2,1,2,1
2020-21,22000355,1,1610612740,4,8,4,4,0,4,0
2020-21,22000355,1,1610612763,3,3,2,2,1,1,0
2020-21,22000355,2,1610612740,0,0,0,0,0,0,0
2020-21,22000355,2,1610612763,4,4,3,2,2,1,0
2020-21,22000355,3,1610612740,8,11,8,4,4,3,0
2020-21,22000355,3,1610612763,5,8,7,3,1,1,1
2020-21,22000355,4,1610612740,3,2,1,1,2,1,0
2020-21,22000355,4,1610612763,2,4,4,2,0,0,0
2020-21,22000356,1,1610612737,4,5,2,3,1,3,0
2020-21,22000356,1,1610612761,3,3,3,2,1,0,0
2020-21,22000356,2,1610612737,5,7,6,3,2,1,0
2020-21,22000356,2,1610612761,7,12,9,5,2,3,0
2020-21,22000356,3,1610612737,8,11,11,2,5,0,0
2020-21,22000356,3,1610612761,8,16,13,7,1,3,0
2020-21,22000356,4,1610612737,8,10,10,2,5,0,1
2020-21,22000356,4,1610612761,5,3,1,1,3,2,1
2020-21,22000357,1,1610612739,4,5,3,3,1,2,0
2020-21,22000357,1,1610612749,1,0,0,0,1,0,0
2020-21,22000357,2,1610612739,6,7,5,4,2,2,0
2020-21,22000357,2,1610612749,4,6,5,3,0,1,1
2020-21,22000357,3,1610612739,4,2,2,1,3,0,0
2020-21,22000357,3,1610612749,7,9,6,4,2,3,1
2020-21,22000357,4,1610612739,5,7,5,3,2,2,0
2020-21,22000357,4,1610612749,6,8,3,3,3,5,0
2020-21,22000358,1,1610612745,3,5,1,3,0,4,0
2020-21,22000358,1,1610612759,3,5,5,3,0,0,0
2020-21,22000358,2,1610612745,4,6,5,3,1,1,0
2020-21,22000358,2,1610612759,5,7,3,3,2,4,0
2020-21,22000358,3,1610612745,4,6,6,3,1,0,0
2020-21,22000358,3,1610612759,5,9,7,3,2,2,0
2020-21,22000358,4,1610612745,7,8,6,2,5,2,0
2020-21,22000358,4,1610612759,10,15,14,5,3,1,2
2020-21,22000359,1,1610612750,3,3,1,2,1,2,0
2020-21,22000359,1,1610612760,4,6,5,4,0,1,0
2020-21,22000359,2,1610612750,5,8,4,4,1,4,0
2020-21,22000359,2,1610612760,7,13,10,7,0,3,0
2020-21,22000359,3,1610612750,6,6,3,3,2,3,1
2020-21,22000359,3,1610612760,2,0,0,0,2,0,0
2020-21,22000359,4,1610612750,4,5,4,3,1,1,0
2020-21,22000359,4,1610612760,1,1,1,1,0,0,0
2020-21,22000360,1,1610612742,6,10,8,4,2,2,0
2020-21,22000360,1,1610612744,5,7,6,4,1,1,0
2020-21,22000360,2,1610612742,7,9,7,3,4,2,0
2020-21,22000360,2,1610612744,3,5,4,3,0,1,0
2020-21,22000360,3,1610612742,5,11,10,5,0,1,0
2020-21,22000360,3,1610612744,4,5,4,2,2,1,0
2020-21,22000360,4,1610612742,3,0,0,0,2,0,1
2020-21,22000360,4,1610612744,6,6,6,4,2,0,0
2020-21,22000361,1,1610612747,4,4,4,2,2,0,0
2020-21,22000361,1,1610612765,4,6,5,3,1,1,0
2020-21,22000361,2,1610612747,6,8,6,2,4,2,0
2020-21,22000361,2,1610612765,5,9,7,3,1,2,1
2020-21,22000361,3,1610612747,6,6,5,2,2,1,2
2020-21,22000361,3,1610612765,6,7,5,4,2,2,0
2020-21,22000361,4,1610612747,4,3,2,2,2,1,0
2020-21,22000361,4,1610612765,2,2,2,1,1,0,0
2020-21,22000362,1,1610612757,7,10,5,4,3,5,0
2020-21,22000362,1,1610612766,4,4,3,3,1,1,0
2020-21,22000362,2,1610612757,8,10,7,4,3,3,1
2020-21,22000362,2,1610612766,5,6,4,3,2,2,0
2020-21,22000362,3,1610612757,3,5,4,1,2,1,0
2020-21,22000362,3,1610612766,1,1,1,1,0,0,0
2020-21,22000362,4,1610612757,3,3,3,2,1,0,0
2020-21,22000362,4,1610612766,6,6,5,1,3,1,2
2020-21,22000363,1,1610612754,3,4,3,2,0,1,1
2020-21,22000363,1,1610612762,2,1,1,1,0,0,1
2020-21,22000363,2,1610612754,4,3,2,2,2,1,0
2020-21,22000363,2,1610612762,3,1,1,1,2,0,0
2020-21,22000363,3,1610612754,3,1,0,1,2,1,0
2020-21,22000363,3,1610612762,4,5,4,3,1,1,0
2020-21,22000363,4,1610612754,7,10,8,1,3,2,2
2020-21,22000363,4,1610612762,11,14,8,3,7,6,1
2020-21,22000364,1,1610612748,4,3,1,2,2,2,0
2020-21,22000364,1,1610612752,3,2,2,1,2,0,0
2020-21,22000364,2,1610612748,3,1,0,0,3,1,0
2020-21,22000364,2,1610612752,3,3,3,1,2,0,0
2020-21,22000364,3,1610612748,3,5,5,3,0,0,0
2020-21,22000364,3,1610612752,7,8,4,2,5,4,0
2020-21,22000364,4,1610612748,9,11,10,3,6,1,0
2020-21,22000364,4,1610612752,2,2,2,1,1,0,0
2020-21,22000365,1,1610612738,3,1,1,1,1,0,1
2020-21,22000365,1,1610612756,2,2,2,1,1,0,0
2020-21,22000365,2,1610612738,5,3,2,2,2,1,1
2020-21,22000365,2,1610612756,1,2,2,1,0,0,0
2020-21,22000365,3,1610612738,4,4,3,2,2,1,0
2020-21,22000365,3,1610612756,2,3,3,1,1,0,0
2020-21,22000365,4,1610612738,2,4,2,2,0,2,0
2020-21,22000365,4,1610612756,6,5,5,1,4,0,1
2020-21,22000366,1,1610612746,3,2,1,2,1,1,0
2020-21,22000366,1,1610612758,3,0,0,0,3,0,0
2020-21,22000366,2,1610612746,6,6,5,2,3,1,1
2020-21,22000366,2,1610612758,5,7,5,3,2,2,0
2020-21,22000366,3,1610612746,1,3,3,1,0,0,0
2020-21,22000366,3,1610612758,4,4,2,2,2,2,0
2020-21,22000366,4,1610612746,7,12,11,4,3,1,0
2020-21,22000366,4,1610612758,3,4,4,1,2,0,0
2020-21,22000367,1,1610612745,3,4,3,2,1,1,0
2020-21,22000367,1,1610612766,4,4,3,2,2,1,0
2020-21,22000367,2,1610612745,5,8,5,4,1,3,0
2020-21,22000367,2,1610612766,6,7,7,4,1,0,1
2020-21,22000367,3,1610612745,3,2,2,1,2,0,0
2020-21,22000367,3,1610612766,4,2,2,1,3,0,0
2020-21,22000367,4,1610612745,2,2,1,1,1,1,0
2020-21,22000367,4,1610612766,2,0,0,0,2,0,0
2020-21,22000368,1,1610612741,3,5,4,3,0,1,0
2020-21,22000368,1,1610612764,2,3,1,2,0,2,0
2020-21,22000368,2,1610612741,6,8,6,3,3,2,0
2020-21,22000368,2,1610612764,7,11,9,5,1,2,1
2020-21,22000368,3,1610612741,4,3,2,2,1,1,1
2020-21,22000368,3,1610612764,6,10,7,3,2,3,0
2020-21,22000368,4,1610612741,4,8,8,4,0,0,0
2020-21,22000368,4,1610612764,8,12,10,4,3,2,1
2020-21,22000369,1,1610612761,5,6,6,3,2,0,0
2020-21,22000369,1,1610612763,7,12,11,4,3,1,0
2020-21,22000369,2,1610612761,4,4,2,2,2,2,0
2020-21,22000369,2,1610612763,6,10,10,4,2,0,0
2020-21,22000369,3,1610612761,4,6,6,3,0,0,0
2020-21,22000369,3,1610612763,4,5,4,1,2,1,1
2020-21,22000369,4,1610612761,5,10,10,4,1,0,0
2020-21,22000369,4,1610612763,3,2,1,1,2,1,0
2020-21,22000370,1,1610612742,7,9,7,4,3,2,0
2020-21,22000370,1,1610612750,4,4,3,2,2,1,0
2020-21,22000370,2,1610612742,3,4,3,2,1,1,0
2020-21,22000370,2,1610612750,7,12,10,6,0,2,1
2020-21,22000370,3,1610612742,7,7,5,3,3,2,0
2020-21,22000370,3,1610612750,4,4,2,2,2,2,0
2020-21,22000370,4,1610612742,7,10,10,4,3,0,0
2020-21,22000370,4,1610612750,6,8,5,2,3,3,1
2020-21,22000371,1,1610612744,5,4,3,1,4,1,0
2020-21,22000371,1,1610612759,4,4,4,2,1,0,1
2020-21,22000371,2,1610612744,2,1,1,1,1,0,0
2020-21,22000371,2,1610612759,3,4,3,2,0,1,1
2020-21,22000371,3,1610612744,1,0,0,0,1,0,0
2020-21,22000371,3,1610612759,4,4,3,1,2,1,0
2020-21,22000371,4,1610612744,6,10,7,5,1,3,0
2020-21,22000371,4,1610612759,5,7,6,1,4,1,0
2020-21,22000372,1,1610612739,3,4,2,1,1,2,1
2020-21,22000372,1,1610612756,3,1,1,1,2,0,0
2020-21,22000372,2,1610612739,3,5,1,3,0,4,0
2020-21,22000372,2,1610612756,5,4,1,2,3,3,0
2020-21,22000372,3,1610612739,7,10,9,3,4,1,0
2020-21,22000372,3,1610612756,4,5,4,2,2,1,0
2020-21,22000372,4,1610612739,6,6,5,4,2,1,0
2020-21,22000372,4,1610612756,7,9,8,2,4,1,0
2020-21,22000373,1,1610612743,2,0,0,0,2,0,0
2020-21,22000373,1,1610612749,2,5,4,2,0,1,0
2020-21,22000373,2,1610612743,6,6,6,3,1,0,2
2020-21,22000373,2,1610612749,2,3,2,2,0,1,0
2020-21,22000373,3,1610612743,3,2,2,2,1,0,0
2020-21,22000373,3,1610612749,6,11,10,4,2,1,0
2020-21,22000373,4,1610612743,7,8,7,2,5,1,0
2020-21,22000373,4,1610612749,5,3,3,1,4,0,0
2020-21,22000374,1,1610612747,5,10,9,4,1,1,0
2020-21,22000374,1,1610612760,5,5,2,4,1,3,0
2020-21,22000374,2,1610612747,4,7,7,3,1,0,0
2020-21,22000374,2,1610612760,4,5,4,3,1,1,0
2020-21,22000374,3,1610612747,4,3,1,1,2,2,1
2020-21,22000374,3,1610612760,5,4,3,2,3,1,0
2020-21,22000374,4,1610612747,5,7,5,3,2,2,0
2020-21,22000374,4,1610612760,4,5,5,2,2,0,0
2020-21,22000375,1,1610612751,4,3,3,2,2,0,0
2020-21,22000375,1,1610612765,5,5,3,3,1,2,1
2020-21,22000375,2,1610612751,5,6,4,3,1,2,1
2020-21,22000375,2,1610612765,3,1,1,1,2,0,0
2020-21,22000375,3,1610612751,5,5,5,2,3,0,0
2020-21,22000375,3,1610612765,6,9,7,1,5,2,0
2020-21,22000375,4,1610612751,1,2,2,1,0,0,0
2020-21,22000375,4,1610612765,6,6,4,2,3,2,1
2020-21,22000376,1,1610612748,6,12,12,4,2,0,0
2020-21,22000376,1,1610612752,5,7,5,4,1,2,0
2020-21,22000376,2,1610612748,5,6,4,2,3,2,0
2020-21,22000376,2,1610612752,1,1,0,1,0,1,0
2020-21,22000376,3,1610612748,6,8,6,2,3,2,1
2020-21,22000376,3,1610612752,5,6,5,2,1,1,2
2020-21,22000376,4,1610612748,8,13,10,3,4,3,1
2020-21,22000376,4,1610612752,3,2,2,1,1,0,1
2020-21,22000377,1,1610612740,5,8,8,4,1,0,0
2020-21,22000377,1,1610612745,4,5,3,2,2,2,0
2020-21,22000377,2,1610612740,6,6,5,4,1,1,1
2020-21,22000377,2,1610612745,6,7,1,4,2,6,0
2020-21,22000377,3,1610612740,5,8,5,4,1,3,0
2020-21,22000377,3,1610612745,3,4,3,2,0,1,1
2020-21,22000377,4,1610612740,6,6,6,2,3,0,1
2020-21,22000377,4,1610612745,4,5,5,2,2,0,0
2020-21,22000378,1,1610612744,6,9,5,4,2,4,0
2020-21,22000378,1,1610612759,4,6,6,3,1,0,0
2020-21,22000378,2,1610612744,4,6,4,3,1,2,0
2020-21,22000378,2,1610612759,6,8,8,3,3,0,0
2020-21,22000378,3,1610612744,3,3,3,1,2,0,0
2020-21,22000378,3,1610612759,3,3,3,2,1,0,0
2020-21,22000378,4,1610612744,2,1,1,1,1,0,0
2020-21,22000378,4,1610612759,5,4,2,2,3,2,0
2020-21,22000379,1,1610612738,2,2,2,1,1,0,0
2020-21,22000379,1,1610612762,2,1,1,1,0,0,1
2020-21,22000379,2,1610612738,4,2,1,2,2,1,0
2020-21,22000379,2,1610612762,5,2,2,0,5,0,0
2020-21,22000379,3,1610612738,9,14,13,3,5,1,1
2020-21,22000379,3,1610612762,10,14,13,7,2,1,1
2020-21,22000379,4,1610612738,5,5,3,2,2,2,1
2020-21,22000379,4,1610612762,7,10,8,2,4,2,1
2020-21,22000380,1,1610612753,3,3,1,2,1,2,0
2020-21,22000380,1,1610612757,3,7,6,3,0,1,0
2020-21,22000380,2,1610612753,6,8,5,3,3,3,0
2020-21,22000380,2,1610612757,1,0,0,0,1,0,0
2020-21,22000380,3,1610612753,2,3,1,2,0,2,0
2020-21,22000380,3,1610612757,2,5,5,2,0,0,0
2020-21,22000380,4,1610612753,5,8,5,5,0,3,0
2020-21,22000380,4,1610612757,5,7,7,4,1,0,0
2020-21,22000381,1,1610612755,8,10,8,5,2,2,1
2020-21,22000381,1,1610612758,4,6,3,3,1,3,0
2020-21,22000381,2,1610612755,6,8,6,3,3,2,0
2020-21,22000381,2,1610612758,2,2,1,1,1,1,0
2020-21,22000381,3,1610612755,5,4,3,2,3,1,0
2020-21,22000381,3,1610612758,5,7,5,3,0,2,2
2020-21,22000381,4,1610612755,7,13,11,4,3,2,0
2020-21,22000381,4,1610612758,6,4,2,1,4,2,1
2020-21,22000382,1,1610612761,4,7,5,4,0,2,0
2020-21,22000382,1,1610612764,4,6,5,3,1,1,0
2020-21,22000382,2,1610612761,4,3,3,2,2,0,0
2020-21,22000382,2,1610612764,2,4,3,2,0,1,0
2020-21,22000382,3,1610612761,4,3,3,1,3,0,0
2020-21,22000382,3,1610612764,6,9,8,4,2,1,0
2020-21,22000382,4,1610612761,5,10,9,4,1,1,0
2020-21,22000382,4,1610612764,3,4,3,2,1,1,0
2020-21,22000383,1,1610612751,7,14,11,5,2,3,0
2020-21,22000383,1,1610612754,4,2,1,1,2,1,1
2020-21,22000383,2,1610612751,6,12,11,6,0,1,0
2020-21,22000383,2,1610612754,6,6,3,2,4,3,0
2020-21,22000383,3,1610612751,1,1,1,0,1,0,0
2020-21,22000383,3,1610612754,3,0,0,0,2,0,1
2020-21,22000383,4,1610612751,7,8,8,3,2,0,2
2020-21,22000383,4,1610612754,5,3,3,2,3,0,0
2020-21,22000384,1,1610612737,5,3,3,1,4,0,0
2020-21,22000384,1,1610612742,6,6,6,1,3,0,2
2020-21,22000384,2,1610612737,9,15,13,6,3,2,0
2020-21,22000384,2,1610612742,2,2,2,1,1,0,0
2020-21,22000384,3,1610612737,3,2,2,1,2,0,0
2020-21,22000384,3,1610612742,6,12,10,5,1,2,0
2020-21,22000384,4,1610612737,6,8,5,4,1,3,1
2020-21,22000384,4,1610612742,2,0,0,0,2,0,0
2020-21,22000385,1,1610612740,5,8,7,4,1,1,0
2020-21,22000385,1,1610612741,3,3,2,2,1,1,0
2020-21,22000385,2,1610612740,7,8,6,3,4,2,0
2020-21,22000385,2,1610612741,4,2,2,1,2,0,1
2020-21,22000385,3,1610612740,2,2,2,1,1,0,0
2020-21,22000385,3,1610612741,2,4,3,2,0,1,0
2020-21,22000385,4,1610612740,5,8,6,4,1,2,0
2020-21,22000385,4,1610612741,1,2,1,1,0,1,0
2020-21,22000386,1,1610612763,2,2,1,1,1,1,0
2020-21,22000386,1,1610612766,5,6,6,3,2,0,0
2020-21,22000386,2,1610612763,5,8,5,3,1,3,1
2020-21,22000386,2,1610612766,3,4,3,2,1,1,0
2020-21,22000386,3,1610612763,5,6,5,3,0,1,2
2020-21,22000386,3,1610612766,3,0,0,0,3,0,0
2020-21,22000386,4,1610612763,1,2,2,1,0,0,0
2020-21,22000386,4,1610612766,4,2,1,0,3,1,1
2020-21,22000387,1,1610612746,2,4,3,2,0,1,0
2020-21,22000387,1,1610612750,5,7,4,4,1,3,0
2020-21,22000387,2,1610612746,6,6,6,3,2,0,1
2020-21,22000387,2,1610612750,3,1,1,0,3,0,0
2020-21,22000387,3,1610612746,7,9,7,4,3,2,0
2020-21,22000387,3,1610612750,3,1,0,1,2,1,0
2020-21,22000387,4,1610612746,7,10,9,0,6,1,0
2020-21,22000387,4,1610612750,8,10,10,5,2,0,0
2020-21,22000388,1,1610612739,3,6,5,3,0,1,0
2020-21,22000388,1,1610612743,5,8,6,4,1,2,0
2020-21,22000388,2,1610612739,7,9,8,4,3,1,0
2020-21,22000388,2,1610612743,7,5,4,1,5,1,1
2020-21,22000388,3,1610612739,2,2,1,1,1,1,0
2020-21,22000388,3,1610612743,4,5,3,3,1,2,0
2020-21,22000388,4,1610612739,4,3,1,1,3,2,0
2020-21,22000388,4,1610612743,2,3,2,2,0,1,0
2020-21,22000389,1,1610612749,1,2,2,1,0,0,0
2020-21,22000389,1,1610612756,2,2,1,1,1,1,0
2020-21,22000389,2,1610612749,3,6,4,3,0,2,0
2020-21,22000389,2,1610612756,3,6,4,2,1,2,0
2020-21,22000389,3,1610612749,8,15,12,7,1,3,0
2020-21,22000389,3,1610612756,9,11,9,4,5,2,0
2020-21,22000389,4,1610612749,5,7,4,5,0,3,0
2020-21,22000389,4,1610612756,6,6,4,2,3,2,1
2020-21,22000390,1,1610612747,6,11,8,5,0,3,1
2020-21,22000390,1,1610612760,4,3,3,2,2,0,0
2020-21,22000390,2,1610612747,6,7,7,3,3,0,0
2020-21,22000390,2,1610612760,3,4,4,1,1,0,0
2020-21,22000390,3,1610612747,2,1,1,1,1,0,0
2020-21,22000390,3,1610612760,4,2,0,1,3,2,0
2020-21,22000390,4,1610612747,4,3,2,2,1,1,1
2020-21,22000390,4,1610612760,2,3,3,1,1,0,0
2020-21,22000391,1,1610612754,3,0,0,0,3,0,0
2020-21,22000391,1,1610612765,2,3,3,1,1,0,0
2020-21,22000391,2,1610612754,4,4,4,2,2,0,0
2020-21,22000391,2,1610612765,4,3,2,2,2,1,0
2020-21,22000391,3,1610612754,2,2,2,1,1,0,0
2020-21,22000391,3,1610612765,4,3,1,2,2,2,0
2020-21,22000391,4,1610612754,4,4,3,2,2,1,0
2020-21,22000391,4,1610612765,6,10,8,5,1,2,0
2020-21,22000392,1,1610612745,5,7,5,3,1,2,1
2020-21,22000392,1,1610612748,4,4,4,2,2,0,0
2020-21,22000392,2,1610612745,5,5,3,3,1,2,1
2020-21,22000392,2,1610612748,8,9,9,5,2,0,1
2020-21,22000392,3,1610612745,4,2,2,1,3,0,0
2020-21,22000392,3,1610612748,3,3,1,2,1,2,0
2020-21,22000392,4,1610612745,4,6,5,3,1,1,0
2020-21,22000392,4,1610612748,3,4,4,0,3,0,0
2020-21,22000393,1,1610612744,1,0,0,0,1,0,0
2020-21,22000393,1,1610612753,3,2,1,2,0,1,1
2020-21,22000393,2,1610612744,3,2,2,1,1,0,1
2020-21,22000393,2,1610612753,4,10,9,4,0,1,0
2020-21,22000393,3,1610612744,4,5,3,3,1,2,0
2020-21,22000393,3,1610612753,6,5,3,1,5,2,0
2020-21,22000393,4,1610612744,6,5,4,1,4,1,1
2020-21,22000393,4,1610612753,4,1,1,1,3,0,0
2020-21,22000394,1,1610612755,6,11,10,6,0,1,0
2020-21,22000394,1,1610612757,5,7,7,2,3,0,0
2020-21,22000394,2,1610612755,7,9,7,4,2,2,1
2020-21,22000394,2,1610612757,5,4,4,1,4,0,0
2020-21,22000394,3,1610612755,4,5,3,3,0,2,1
2020-21,22000394,3,1610612757,4,6,5,2,1,1,1
2020-21,22000394,4,1610612755,4,4,4,2,2,0,0
2020-21,22000394,4,1610612757,5,6,5,1,4,1,0
2020-21,22000395,1,1610612750,3,0,0,0,3,0,0
2020-21,22000395,1,1610612766,3,1,1,1,2,0,0
2020-21,22000395,2,1610612750,2,5,3,2,0,2,0
2020-21,22000395,2,1610612766,5,4,4,3,2,0,0
2020-21,22000395,3,1610612750,6,5,3,3,3,2,0
2020-21,22000395,3,1610612766,5,6,6,3,2,0,0
2020-21,22000395,4,1610612750,3,4,2,2,1,2,0
2020-21,22000395,4,1610612766,5,8,8,0,5,0,0
2020-21,22000396,1,1610612752,4,8,5,4,0,3,0
2020-21,22000396,1,1610612764,4,3,1,2,2,2,0
2020-21,22000396,2,1610612752,4,5,3,2,1,2,1
2020-21,22000396,2,1610612764,4,4,3,2,2,1,0
2020-21,22000396,3,1610612752,6,4,3,3,3,1,0
2020-21,22000396,3,1610612764,5,6,4,3,2,2,0
2020-21,22000396,4,1610612752,3,5,4,1,2,1,0
2020-21,22000396,4,1610612764,5,7,6,3,2,1,0
2020-21,22000397,1,1610612737,5,8,7,3,2,1,0
2020-21,22000397,1,1610612759,4,6,5,3,0,1,0
2020-21,22000397,2,1610612737,5,3,1,2,2,2,1
2020-21,22000397,2,1610612759,5,8,7,4,1,1,0
2020-21,22000397,3,1610612737,4,6,5,3,1,1,0
2020-21,22000397,3,1610612759,3,4,2,3,0,2,0
2020-21,22000397,4,1610612737,10,16,12,6,4,4,0
2020-21,22000397,4,1610612759,5,10,9,5,0,1,0
2020-21,22000398,1,1610612738,6,8,4,3,1,4,2
2020-21,22000398,1,1610612761,7,7,7,3,3,0,1
2020-21,22000398,2,1610612738,7,8,8,3,4,0,0
2020-21,22000398,2,1610612761,4,6,4,3,1,2,0
2020-21,22000398,3,1610612738,2,0,0,0,1,0,1
2020-21,22000398,3,1610612761,3,1,1,0,2,0,1
2020-21,22000398,4,1610612738,9,12,10,4,5,2,0
2020-21,22000398,4,1610612761,5,5,3,3,2,2,0
2020-21,22000399,1,1610612740,1,0,0,0,1,0,0
2020-21,22000399,1,1610612742,3,6,5,3,0,1,0
2020-21,22000399,2,1610612740,8,8,4,6,1,4,1
2020-21,22000399,2,1610612742,4,3,2,1,3,1,0
2020-21,22000399,3,1610612740,3,2,1,1,2,1,0
2020-21,22000399,3,1610612742,3,4,4,2,1,0,0
2020-21,22000399,4,1610612740,10,13,12,4,5,1,1
2020-21,22000399,4,1610612742,5,8,5,3,2,3,0
2020-21,22000400,1,1610612741,0,0,0,0,0,0,0
2020-21,22000400,1,1610612746,4,2,1,2,2,1,0
2020-21,22000400,2,1610612741,2,5,5,2,0,0,0
2020-21,22000400,2,1610612746,5,4,3,1,4,1,0
2020-21,22000400,3,1610612741,4,8,7,4,0,1,0
2020-21,22000400,3,1610612746,4,8,7,4,0,1,0
2020-21,22000400,4,1610612741,4,2,2,1,3,0,0
2020-21,22000400,4,1610612746,2,1,1,0,1,0,1
2020-21,22000401,1,1610612743,3,0,0,0,3,0,0
2020-21,22000401,1,1610612760,4,4,2,1,3,2,0
2020-21,22000401,2,1610612743,2,0,0,0,2,0,0
2020-21,22000401,2,1610612760,3,3,3,2,0,0,1
2020-21,22000401,3,1610612743,4,4,3,1,3,1,0
2020-21,22000401,3,1610612760,3,2,2,1,2,0,0
2020-21,22000401,4,1610612743,7,6,4,0,5,2,2
2020-21,22000401,4,1610612760,4,8,6,4,0,2,0
2020-21,22000402,1,1610612749,3,0,0,0,3,0,0
2020-21,22000402,1,1610612762,5,4,4,3,2,0,0
2020-21,22000402,2,1610612749,4,5,3,3,1,2,0
2020-21,22000402,2,1610612762,2,3,3,1,1,0,0
2020-21,22000402,3,1610612749,7,9,7,3,4,2,0
2020-21,22000402,3,1610612762,9,13,9,5,4,4,0
2020-21,22000402,4,1610612749,7,13,9,5,1,4,1
2020-21,22000402,4,1610612762,9,14,13,2,6,1,1
2020-21,22000403,1,1610612747,2,3,3,2,0,0,0
2020-21,22000403,1,1610612763,2,2,2,1,1,0,0
2020-21,22000403,2,1610612747,6,11,7,4,1,4,1
2020-21,22000403,2,1610612763,4,4,4,2,2,0,0
2020-21,22000403,3,1610612747,9,15,10,7,2,5,0
2020-21,22000403,3,1610612763,3,2,2,1,2,0,0
2020-21,22000403,4,1610612747,3,4,3,2,1,1,0
2020-21,22000403,4,1610612763,6,11,7,3,3,4,0
2020-21,22000404,1,1610612739,3,6,5,2,1,1,0
2020-21,22000404,1,1610612757,9,16,15,6,3,1,0
2020-21,22000404,2,1610612739,6,7,5,4,2,2,0
2020-21,22000404,2,1610612757,3,5,5,2,1,0,0
2020-21,22000404,3,1610612739,9,11,8,4,4,3,1
2020-21,22000404,3,1610612757,5,2,2,2,1,0,1
2020-21,22000404,4,1610612739,7,13,8,7,0,5,0
2020-21,22000404,4,1610612757,4,10,8,4,0,2,0
2020-21,22000405,1,1610612753,1,3,3,0,0,0,0
2020-21,22000405,1,1610612758,2,3,3,1,0,0,0
2020-21,22000405,2,1610612753,3,4,2,2,1,2,0
2020-21,22000405,2,1610612758,3,3,2,2,1,1,0
2020-21,22000405,3,1610612753,7,9,7,6,1,2,0
2020-21,22000405,3,1610612758,7,10,6,4,2,4,1
2020-21,22000405,4,1610612753,5,4,4,1,4,0,0
2020-21,22000405,4,1610612758,2,3,3,2,0,0,0
2020-21,22000406,1,1610612755,4,7,6,4,0,1,0
2020-21,22000406,1,1610612756,2,0,0,0,1,0,1
2020-21,22000406,2,1610612755,5,10,9,4,1,1,0
2020-21,22000406,2,1610612756,4,6,5,4,0,1,0
2020-21,22000406,3,1610612755,3,4,2,2,1,2,0
2020-21,22000406,3,1610612756,4,7,5,4,0,2,0
2020-21,22000406,4,1610612755,9,12,11,3,6,1,0
2020-21,22000406,4,1610612756,4,4,4,2,2,0,0
2020-21,22000407,1,1610612737,4,3,2,1,2,1,1
2020-21,22000407,1,1610612754,4,4,4,3,1,0,0
2020-21,22000407,2,1610612737,7,6,5,3,3,1,1
2020-21,22000407,2,1610612754,2,1,1,1,1,0,0
2020-21,22000407,3,1610612737,5,8,7,3,2,1,0
2020-21,22000407,3,1610612754,5,6,5,3,2,1,0
2020-21,22000407,4,1610612737,5,6,4,2,2,2,1
2020-21,22000407,4,1610612754,10,16,13,5,5,3,0
2020-21,22000408,1,1610612745,4,0,0,0,4,0,0
2020-21,22000408,1,1610612752,3,6,6,3,0,0,0
2020-21,22000408,2,1610612745,5,11,9,5,0,2,0
2020-21,22000408,2,1610612752,4,4,1,3,1,3,0
2020-21,22000408,3,1610612745,5,10,9,5,0,1,0
2020-21,22000408,3,1610612752,4,4,3,2,2,1,0
2020-21,22000408,4,1610612745,6,9,7,4,1,2,1
2020-21,22000408,4,1610612752,5,9,9,4,1,0,0
2020-21,22000409,1,1610612744,3,7,4,3,0,3,0
2020-21,22000409,1,1610612751,4,7,7,3,1,0,0
2020-21,22000409,2,1610612744,4,8,7,4,0,1,0
2020-21,22000409,2,1610612751,3,6,5,3,0,1,0
2020-21,22000409,3,1610612744,3,6,5,3,0,1,0
2020-21,22000409,3,1610612751,3,2,2,2,1,0,0
2020-21,22000409,4,1610612744,5,4,4,3,2,0,0
2020-21,22000409,4,1610612751,4,5,4,3,1,1,0
2020-21,22000410,1,1610612748,5,6,4,2,3,2,0
2020-21,22000410,1,1610612762,1,2,1,1,0,1,0
2020-21,22000410,2,1610612748,3,2,0,1,1,2,1
2020-21,22000410,2,1610612762,8,10,7,3,3,3,2
2020-21,22000410,3,1610612748,5,4,3,1,3,1,1
2020-21,22000410,3,1610612762,3,4,3,2,1,1,0
2020-21,22000410,4,1610612748,7,5,5,2,5,0,0
2020-21,22000410,4,1610612762,7,13,11,6,1,2,0
2020-21,22000411,1,1610612742,5,5,5,2,3,0,0
2020-21,22000411,1,1610612757,4,0,0,0,2,0,1
2020-21,22000411,2,1610612742,4,7,7,2,1,0,0
2020-21,22000411,2,1610612757,3,3,2,2,1,1,0
2020-21,22000411,3,1610612742,4,7,6,4,0,1,0
2020-21,22000411,3,1610612757,5,8,7,4,1,1,0
2020-21,22000411,4,1610612742,6,6,6,2,4,0,0
2020-21,22000411,4,1610612757,6,8,4,3,1,4,2
2020-21,22000412,1,1610612738,3,5,3,3,0,2,0
2020-21,22000412,1,1610612765,5,5,4,3,2,1,0
2020-21,22000412,2,1610612738,3,7,5,3,0,2,0
2020-21,22000412,2,1610612765,5,9,9,4,1,0,0
2020-21,22000412,3,1610612738,4,4,3,2,2,1,0
2020-21,22000412,3,1610612765,3,2,1,1,2,1,0
2020-21,22000412,4,1610612738,9,14,11,3,5,3,1
2020-21,22000412,4,1610612765,8,14,11,2,6,3,0
2020-21,22000413,1,1610612750,4,2,2,1,2,0,1
2020-21,22000413,1,1610612761,6,8,7,4,1,1,1
2020-21,22000413,2,1610612750,5,3,2,1,3,1,1
2020-21,22000413,2,1610612761,5,4,2,3,2,2,0
2020-21,22000413,3,1610612750,2,4,2,1,0,2,0
2020-21,22000413,3,1610612761,5,6,6,2,3,0,0
2020-21,22000413,4,1610612750,8,10,8,1,7,2,0
2020-21,22000413,4,1610612761,9,13,11,7,2,2,0
2020-21,22000414,1,1610612759,3,6,5,3,0,1,0
2020-21,22000414,1,1610612766,1,0,0,0,1,0,0
2020-21,22000414,2,1610612759,3,2,2,2,1,0,0
2020-21,22000414,2,1610612766,2,1,0,1,1,1,0
2020-21,22000414,3,1610612759,4,2,1,1,3,1,0
2020-21,22000414,3,1610612766,3,3,2,2,1,1,0
2020-21,22000414,4,1610612759,8,9,8,1,6,1,1
2020-21,22000414,4,1610612766,6,7,6,2,4,1,0
2020-21,22000415,1,1610612749,2,3,3,2,0,0,0
2020-21,22000415,1,1610612760,4,4,2,2,2,2,0
2020-21,22000415,2,1610612749,4,1,1,1,2,0,1
2020-21,22000415,2,1610612760,1,3,0,1,0,3,0
2020-21,22000415,3,1610612749,3,3,2,1,2,1,0
2020-21,22000415,3,1610612760,4,1,1,1,2,0,1
2020-21,22000415,4,1610612749,4,2,0,1,3,2,0
2020-21,22000415,4,1610612760,4,8,6,3,1,2,0
2020-21,22000416,1,1610612743,4,2,2,1,2,0,1
2020-21,22000416,1,1610612747,4,7,4,4,0,3,0
2020-21,22000416,2,1610612743,12,19,12,5,7,7,0
2020-21,22000416,2,1610612747,6,10,8,5,1,2,0
2020-21,22000416,3,1610612743,3,6,6,3,0,0,0
2020-21,22000416,3,1610612747,5,5,3,2,3,2,0
2020-21,22000416,4,1610612743,7,7,5,3,3,2,1
2020-21,22000416,4,1610612747,6,7,4,4,2,3,0
2020-21,22000417,1,1610612753,1,1,1,0,1,0,0
2020-21,22000417,1,1610612756,1,0,0,0,1,0,0
2020-21,22000417,2,1610612753,5,8,6,3,1,2,1
2020-21,22000417,2,1610612756,3,5,4,3,0,1,0
2020-21,22000417,3,1610612753,4,5,5,3,1,0,0
2020-21,22000417,3,1610612756,5,9,9,4,1,0,0
2020-21,22000417,4,1610612753,6,8,6,4,2,2,0
2020-21,22000417,4,1610612756,2,2,2,1,1,0,0
2020-21,22000418,1,1610612758,3,2,1,0,2,1,1
2020-21,22000418,1,1610612763,3,3,1,2,1,2,0
2020-21,22000418,2,1610612758,4,8,7,4,0,1,0
2020-21,22000418,2,1610612763,5,5,5,3,2,0,0
2020-21,22000418,3,1610612758,8,10,7,5,3,3,0
2020-21,22000418,3,1610612763,7,9,7,4,3,2,0
2020-21,22000418,4,1610612758,5,6,5,2,2,1,1
2020-21,22000418,4,1610612763,1,2,2,1,0,0,0
2020-21,22000419,1,1610612739,6,8,6,3,2,2,1
2020-21,22000419,1,1610612746,9,15,12,5,4,3,0
2020-21,22000419,2,1610612739,4,9,6,4,0,3,0
2020-21,22000419,2,1610612746,6,4,4,1,5,0,0
2020-21,22000419,3,1610612739,5,5,4,2,3,1,0
2020-21,22000419,3,1610612746,8,10,8,3,5,2,0
2020-21,22000419,4,1610612739,4,3,2,3,1,1,0
2020-21,22000419,4,1610612746,3,7,7,3,0,0,0
2020-21,22000420,1,1610612741,4,4,3,3,1,1,0
2020-21,22000420,1,1610612754,5,8,5,1,3,3,1
2020-21,22000420,2,1610612741,2,4,3,1,0,1,0
2020-21,22000420,2,1610612754,6,9,7,4,2,2,0
2020-21,22000420,3,1610612741,5,6,6,3,1,0,1
2020-21,22000420,3,1610612754,4,4,3,3,1,1,0
2020-21,22000420,4,1610612741,4,4,3,1,3,1,0
2020-21,22000420,4,1610612754,6,10,10,3,3,0,0
2020-21,22000421,1,1610612745,7,13,9,4,3,4,0
2020-21,22000421,1,1610612764,7,10,8,1,6,2,0
2020-21,22000421,2,1610612745,4,8,7,4,0,1,0
2020-21,22000421,2,1610612764,7,10,7,5,2,3,0
2020-21,22000421,3,1610612745,4,0,0,0,3,0,1
2020-21,22000421,3,1610612764,4,6,5,3,1,1,0
2020-21,22000421,4,1610612745,8,13,9,6,2,4,0
2020-21,22000421,4,1610612764,3,5,3,3,0,2,0
2020-21,22000422,1,1610612737,5,8,7,4,1,1,0
2020-21,22000422,1,1610612752,3,4,3,2,1,1,0
2020-21,22000422,2,1610612737,9,17,16,5,3,1,1
2020-21,22000422,2,1610612752,6,12,10,5,1,2,0
2020-21,22000422,3,1610612737,5,5,4,2,3,1,0
2020-21,22000422,3,1610612752,5,5,4,3,2,1,0
2020-21,22000422,4,1610612737,3,2,2,1,1,0,1
2020-21,22000422,4,1610612752,5,6,5,2,2,1,1
2020-21,22000423,1,1610612755,5,8,8,3,1,0,1
2020-21,22000423,1,1610612762,4,2,2,1,3,0,0
2020-21,22000423,2,1610612755,2,2,1,1,1,1,0
2020-21,22000423,2,1610612762,8,13,13,5,2,0,1
2020-21,22000423,3,1610612755,6,8,6,4,2,2,0
2020-21,22000423,3,1610612762,7,11,7,5,2,4,0
2020-21,22000423,4,1610612755,4,6,6,3,0,0,1
2020-21,22000423,4,1610612762,2,5,4,2,0,1,0
2020-21,22000424,1,1610612739,5,5,4,2,3,1,0
2020-21,22000424,1,1610612744,5,3,3,3,1,0,1
2020-21,22000424,2,1610612739,7,11,9,4,3,2,0
2020-21,22000424,2,1610612744,4,4,4,3,0,0,1
2020-21,22000424,3,1610612739,4,2,2,1,2,0,1
2020-21,22000424,3,1610612744,6,6,6,2,3,0,1
2020-21,22000424,4,1610612739,5,2,1,0,5,1,0
2020-21,22000424,4,1610612744,7,8,7,1,5,1,1
2020-21,22000425,1,1610612746,8,9,6,6,2,3,0
2020-21,22000425,1,1610612748,4,2,2,2,2,0,0
2020-21,22000425,2,1610612746,5,4,3,1,4,1,0
2020-21,22000425,2,1610612748,6,7,3,4,2,4,0
2020-21,22000425,3,1610612746,4,3,3,2,2,0,0
2020-21,22000425,3,1610612748,6,9,9,4,2,0,0
2020-21,22000425,4,1610612746,3,4,4,1,2,0,0
2020-21,22000425,4,1610612748,5,4,4,2,2,0,1
2020-21,22000426,1,1610612751,4,4,3,2,2,1,0
2020-21,22000426,1,1610612758,2,4,4,2,0,0,0
2020-21,22000426,2,1610612751,2,3,1,2,0,2,0
2020-21,22000426,2,1610612758,5,4,4,2,3,0,0
2020-21,22000426,3,1610612751,2,1,0,1,1,1,0
2020-21,22000426,3,1610612758,4,4,3,2,2,1,0
2020-21,22000426,4,1610612751,4,4,3,2,2,1,0
2020-21,22000426,4,1610612758,3,1,0,1,1,1,1
2020-21,22000427,1,1610612738,6,8,7,3,2,1,1
2020-21,22000427,1,1610612743,3,3,3,1,2,0,0
2020-21,22000427,2,1610612738,2,2,2,1,1,0,0
2020-21,22000427,2,1610612743,6,4,4,2,4,0,0
2020-21,22000427,3,1610612738,3,0,0,0,2,0,1
2020-21,22000427,3,1610612743,4,2,2,1,3,0,0
2020-21,22000427,4,1610612738,7,11,10,3,4,1,0
2020-21,22000427,4,1610612743,6,6,5,3,3,1,0
2020-21,22000428,1,1610612759,2,1,0,1,1,1,0
2020-21,22000428,1,1610612765,2,4,3,2,0,1,0
2020-21,22000428,2,1610612759,0,0,0,0,0,0,0
2020-21,22000428,2,1610612765,4,5,1,3,1,4,0
2020-21,22000428,3,1610612759,4,4,3,3,1,1,0
2020-21,22000428,3,1610612765,5,6,4,2,3,2,0
2020-21,22000428,4,1610612759,2,0,0,0,2,0,0
2020-21,22000428,4,1610612765,8,10,6,4,4,4,0
2020-21,22000429,1,1610612740,4,6,4,4,0,2,0
2020-21,22000429,1,1610612763,5,4,4,2,3,0,0
2020-21,22000429,2,1610612740,4,3,2,2,1,1,1
2020-21,22000429,2,1610612763,4,4,4,2,0,0,2
2020-21,22000429,3,1610612740,5,6,5,2,2,1,0
2020-21,22000429,3,1610612763,4,3,2,2,2,1,0
2020-21,22000429,4,1610612740,4,2,2,2,2,0,0
2020-21,22000429,4,1610612763,6,7,6,5,1,1,0
2020-21,22000430,1,1610612749,7,13,8,6,1,5,0
2020-21,22000430,1,1610612761,2,1,1,1,0,0,1
2020-21,22000430,2,1610612749,1,0,0,0,1,0,0
2020-21,22000430,2,1610612761,4,6,6,2,0,0,2
2020-21,22000430,3,1610612749,5,8,7,2,2,1,0
2020-21,22000430,3,1610612761,5,9,4,5,0,5,0
2020-21,22000430,4,1610612749,3,4,4,2,1,0,0
2020-21,22000430,4,1610612761,3,5,4,2,1,1,0
2020-21,22000431,1,1610612747,4,4,4,2,1,0,1
2020-21,22000431,1,1610612750,2,4,3,2,0,1,0
2020-21,22000431,2,1610612747,5,7,7,2,3,0,0
2020-21,22000431,2,1610612750,4,3,3,2,2,0,0
2020-21,22000431,3,1610612747,6,6,5,3,2,1,1
2020-21,22000431,3,1610612750,3,4,3,2,1,1,0
2020-21,22000431,4,1610612747,5,4,1,2,3,3,0
2020-21,22000431,4,1610612750,3,2,1,1,2,1,0
2020-21,22000432,1,1610612757,2,3,2,2,0,1,0
2020-21,22000432,1,1610612760,3,5,4,3,0,1,0
2020-21,22000432,2,1610612757,5,6,4,3,1,2,1
2020-21,22000432,2,1610612760,8,10,7,4,4,3,0
2020-21,22000432,3,1610612757,6,8,5,3,3,3,0
2020-21,22000432,3,1610612760,3,2,1,2,1,1,0
2020-21,22000432,4,1610612757,3,0,0,0,3,0,0
2020-21,22000432,4,1610612760,6,10,8,4,2,2,0
2020-21,22000433,1,1610612751,2,1,1,0,2,0,0
2020-21,22000433,1,1610612756,3,5,5,3,0,0,0
2020-21,22000433,2,1610612751,1,2,1,1,0,1,0
2020-21,22000433,2,1610612756,2,4,4,2,0,0,0
2020-21,22000433,3,1610612751,4,5,5,3,1,0,0
2020-21,22000433,3,1610612756,2,1,1,1,1,0,0
2020-21,22000433,4,1610612751,6,7,7,2,3,0,1
2020-21,22000433,4,1610612756,2,2,2,1,1,0,0
2020-21,22000434,1,1610612741,4,6,3,4,0,3,0
2020-21,22000434,1,1610612766,4,4,2,2,2,2,0
2020-21,22000434,2,1610612741,2,2,1,1,1,1,0
2020-21,22000434,2,1610612766,2,2,1,1,1,1,0
2020-21,22000434,3,1610612741,5,4,2,3,2,2,0
2020-21,22000434,3,1610612766,9,12,4,7,2,8,0
2020-21,22000434,4,1610612741,4,5,4,2,2,1,0
2020-21,22000434,4,1610612766,4,0,0,0,3,0,1
2020-21,22000435,1,1610612739,4,4,1,2,2,3,0
2020-21,22000435,1,1610612759,3,5,5,3,0,0,0
2020-21,22000435,2,1610612739,5,6,5,2,3,1,0
2020-21,22000435,2,1610612759,4,3,2,3,1,1,0
2020-21,22000435,3,1610612739,8,9,9,4,4,0,0
2020-21,22000435,3,1610612759,7,14,11,4,3,3,0
2020-21,22000435,4,1610612739,8,13,10,6,2,3,0
2020-21,22000435,4,1610612759,7,11,9,3,4,2,0
2020-21,22000436,1,1610612752,2,5,5,1,1,0,0
2020-21,22000436,1,1610612753,3,2,0,1,2,2,0
2020-21,22000436,2,1610612752,5,7,6,4,1,1,0
2020-21,22000436,2,1610612753,2,1,1,1,1,0,0
2020-21,22000436,3,1610612752,3,3,1,2,1,2,0
2020-21,22000436,3,1610612753,4,4,3,2,2,1,0
2020-21,22000436,4,1610612752,4,4,4,1,1,0,2
2020-21,22000436,4,1610612753,4,3,3,1,3,0,0
2020-21,22000437,1,1610612743,4,6,5,4,0,1,0
2020-21,22000437,1,1610612764,2,0,0,0,2,0,0
2020-21,22000437,2,1610612743,3,1,0,1,2,1,0
2020-21,22000437,2,1610612764,9,15,13,7,2,2,0
2020-21,22000437,3,1610612743,6,8,7,4,2,1,0
2020-21,22000437,3,1610612764,5,8,5,3,2,3,0
2020-21,22000437,4,1610612743,4,3,3,1,3,0,0
2020-21,22000437,4,1610612764,8,11,9,4,4,2,0
2020-21,22000438,1,1610612737,6,7,7,2,4,0,0
2020-21,22000438,1,1610612738,4,6,5,2,1,1,1
2020-21,22000438,2,1610612737,5,5,4,3,2,1,0
2020-21,22000438,2,1610612738,1,2,2,1,0,0,0
2020-21,22000438,3,1610612737,5,1,1,1,4,0,0
2020-21,22000438,3,1610612738,6,8,8,3,3,0,0
2020-21,22000438,4,1610612737,10,18,14,3,7,4,0
2020-21,22000438,4,1610612738,6,11,9,3,3,2,0
2020-21,22000439,1,1610612745,6,4,4,0,5,0,1
2020-21,22000439,1,1610612755,3,2,2,1,2,0,0
2020-21,22000439,2,1610612745,4,4,2,2,2,2,0
2020-21,22000439,2,1610612755,5,5,4,3,2,1,0
2020-21,22000439,3,1610612745,3,4,3,3,0,1,0
2020-21,22000439,3,1610612755,5,9,8,3,2,1,0
2020-21,22000439,4,1610612745,5,6,5,3,2,1,0
2020-21,22000439,4,1610612755,8,16,14,4,4,2,0
2020-21,22000440,1,1610612750,2,3,3,2,0,0,0
2020-21,22000440,1,1610612754,4,4,4,3,0,0,1
2020-21,22000440,2,1610612750,8,12,11,5,3,1,0
2020-21,22000440,2,1610612754,6,10,8,5,0,2,1
2020-21,22000440,3,1610612750,3,5,5,2,1,0,0
2020-21,22000440,3,1610612754,1,0,0,0,1,0,0
2020-21,22000440,4,1610612750,3,5,4,3,0,1,0
2020-21,22000440,4,1610612754,6,9,8,4,0,1,1
2020-21,22000441,1,1610612740,2,2,2,1,1,0,0
2020-21,22000441,1,1610612757,5,6,5,3,1,1,1
2020-21,22000441,2,1610612740,5,6,5,4,1,1,0
2020-21,22000441,2,1610612757,3,6,5,2,1,1,0
2020-21,22000441,3,1610612740,6,10,7,5,1,3,0
2020-21,22000441,3,1610612757,5,5,5,3,2,0,0
2020-21,22000441,4,1610612740,6,11,9,5,1,2,0
2020-21,22000441,4,1610612757,1,1,1,1,0,0,0
2020-21,22000442,1,1610612742,3,3,1,2,1,2,0
2020-21,22000442,1,1610612765,4,6,4,4,0,2,0
2020-21,22000442,2,1610612742,5,3,3,2,3,0,0
2020-21,22000442,2,1610612765,2,3,3,1,0,0,1
2020-21,22000442,3,1610612742,8,11,10,6,2,1,0
2020-21,22000442,3,1610612765,7,12,8,4,2,4,1
2020-21,22000442,4,1610612742,6,9,5,5,1,4,0
2020-21,22000442,4,1610612765,8,10,9,4,4,1,0
2020-21,22000443,1,1610612744,2,2,2,1,0,0,1
2020-21,22000443,1,1610612748,5,6,5,3,2,1,0
2020-21,22000443,2,1610612744,8,9,6,5,3,3,0
2020-21,22000443,2,1610612748,3,0,0,0,3,0,0
2020-21,22000443,3,1610612744,3,4,4,2,1,0,0
2020-21,22000443,3,1610612748,5,5,5,3,2,0,0
2020-21,22000443,4,1610612744,4,4,2,2,2,2,0
2020-21,22000443,4,1610612748,4,1,1,1,3,0,0
2020-21,22000444,1,1610612746,1,0,0,0,1,0,0
2020-21,22000444,1,1610612762,3,4,3,2,1,1,0
2020-21,22000444,2,1610612746,5,10,6,5,0,4,0
2020-21,22000444,2,1610612762,4,0,0,0,4,0,0
2020-21,22000444,3,1610612746,3,3,2,2,1,1,0
2020-21,22000444,3,1610612762,5,7,6,5,0,1,0
2020-21,22000444,4,1610612746,3,4,3,2,1,1,0
2020-21,22000444,4,1610612762,6,9,8,5,1,1,0
2020-21,22000445,1,1610612749,4,6,3,3,1,3,0
2020-21,22000445,1,1610612761,5,5,5,2,3,0,0
2020-21,22000445,2,1610612749,4,3,3,2,2,0,0
2020-21,22000445,2,1610612761,4,2,2,1,3,0,0
2020-21,22000445,3,1610612749,6,10,7,5,0,3,1
2020-21,22000445,3,1610612761,6,7,6,4,2,1,0
2020-21,22000445,4,1610612749,6,4,3,1,4,1,1
2020-21,22000445,4,1610612761,6,9,9,4,1,0,0
2020-21,22000446,1,1610612747,3,2,1,1,1,1,1
2020-21,22000446,1,1610612751,2,3,2,2,0,1,0
2020-21,22000446,2,1610612747,6,5,4,2,4,1,0
2020-21,22000446,2,1610612751,5,9,5,4,1,4,0
2020-21,22000446,3,1610612747,4,4,2,2,2,2,0
2020-21,22000446,3,1610612751,7,10,7,3,4,3,0
2020-21,22000446,4,1610612747,3,3,3,2,1,0,0
2020-21,22000446,4,1610612751,1,2,1,1,0,1,0
2020-21,22000447,1,1610612748,6,6,5,2,4,1,0
2020-21,22000447,1,1610612758,4,6,4,3,1,2,0
2020-21,22000447,2,1610612748,5,2,1,2,2,1,1
2020-21,22000447,2,1610612758,6,7,3,4,1,4,1
2020-21,22000447,3,1610612748,2,1,1,1,1,0,0
2020-21,22000447,3,1610612758,0,0,0,0,0,0,0
2020-21,22000447,4,1610612748,4,1,1,1,1,0,2
2020-21,22000447,4,1610612758,3,3,2,3,0,1,0
2020-21,22000448,1,1610612743,1,2,2,1,0,0,0
2020-21,22000448,1,1610612766,2,4,4,2,0,0,0
2020-21,22000448,2,1610612743,5,7,5,3,2,2,0
2020-21,22000448,2,1610612766,3,4,4,2,1,0,0
2020-21,22000448,3,1610612743,5,9,8,3,1,1,1
2020-21,22000448,3,1610612766,5,6,5,3,2,1,0
2020-21,22000448,4,1610612743,6,8,7,2,4,1,0
2020-21,22000448,4,1610612766,4,6,4,2,2,2,0
2020-21,22000449,1,1610612744,5,7,4,4,1,3,0
2020-21,22000449,1,1610612753,2,4,3,2,0,1,0
2020-21,22000449,2,1610612744,4,2,1,1,3,1,0
2020-21,22000449,2,1610612753,3,3,3,2,1,0,0
2020-21,22000449,3,1610612744,4,2,1,2,2,1,0
2020-21,22000449,3,1610612753,4,2,2,2,2,0,0
2020-21,22000449,4,1610612744,4,4,3,2,2,1,0
2020-21,22000449,4,1610612753,7,8,6,2,5,2,0
2020-21,22000450,1,1610612741,5,6,6,3,1,0,1
2020-21,22000450,1,1610612755,4,8,5,3,0,3,0
2020-21,22000450,2,1610612741,4,5,5,3,1,0,0
2020-21,22000450,2,1610612755,3,4,3,3,0,1,0
2020-21,22000450,3,1610612741,3,6,6,2,0,0,0
2020-21,22000450,3,1610612755,3,3,3,2,1,0,0
2020-21,22000450,4,1610612741,3,1,1,1,2,0,0
2020-21,22000450,4,1610612755,9,14,12,2,7,2,0
2020-21,22000451,1,1610612737,4,6,6,3,1,0,0
2020-21,22000451,1,1610612738,5,6,4,3,2,2,0
2020-21,22000451,2,1610612737,5,4,4,2,3,0,0
2020-21,22000451,2,1610612738,2,3,2,1,1,1,0
2020-21,22000451,3,1610612737,6,6,5,3,3,1,0
2020-21,22000451,3,1610612738,1,0,0,0,1,0,0
2020-21,22000451,4,1610612737,6,9,8,5,1,1,0
2020-21,22000451,4,1610612738,4,1,1,1,3,0,0
2020-21,22000452,1,1610612763,4,5,3,3,1,2,0
2020-21,22000452,1,1610612765,2,0,0,0,2,0,0
2020-21,22000452,2,1610612763,2,1,1,1,0,0,1
2020-21,22000452,2,1610612765,3,4,3,2,0,1,1
2020-21,22000452,3,1610612763,5,4,3,1,4,1,0
2020-21,22000452,3,1610612765,4,4,2,2,2,2,0
2020-21,22000452,4,1610612763,9,13,13,3,6,0,0
2020-21,22000452,4,1610612765,4,5,4,2,1,1,1
2020-21,22000453,1,1610612749,4,2,1,1,3,1,0
2020-21,22000453,1,1610612760,1,2,2,1,0,0,0
2020-21,22000453,2,1610612749,7,9,6,6,1,3,0
2020-21,22000453,2,1610612760,2,3,0,2,0,3,0
2020-21,22000453,3,1610612749,5,5,4,2,3,1,0
2020-21,22000453,3,1610612760,7,11,7,7,0,4,0
2020-21,22000453,4,1610612749,6,9,6,3,3,3,0
2020-21,22000453,4,1610612760,6,5,2,3,3,3,0
2020-21,22000454,1,1610612750,4,5,4,2,1,1,1
2020-21,22000454,1,1610612761,6,8,7,3,3,1,0
2020-21,22000454,2,1610612750,2,0,0,0,2,0,0
2020-21,22000454,2,1610612761,4,3,2,2,2,1,0
2020-21,22000454,3,1610612750,4,6,4,2,1,2,1
2020-21,22000454,3,1610612761,4,2,1,1,3,1,0
2020-21,22000454,4,1610612750,4,0,0,0,4,0,0
2020-21,22000454,4,1610612761,7,9,8,3,4,1,0
2020-21,22000455,1,1610612740,3,5,4,3,0,1,0
2020-21,22000455,1,1610612756,3,3,3,2,1,0,0
2020-21,22000455,2,1610612740,4,3,3,2,2,0,0
2020-21,22000455,2,1610612756,3,2,0,1,1,2,1
2020-21,22000455,3,1610612740,5,11,9,5,0,2,0
2020-21,22000455,3,1610612756,4,4,3,2,2,1,0
2020-21,22000455,4,1610612740,5,5,3,3,2,2,0
2020-21,22000455,4,1610612756,4,3,2,2,2,1,0
2020-21,22000456,1,1610612742,3,3,2,2,1,1,0
2020-21,22000456,1,1610612745,2,2,2,1,1,0,0
2020-21,22000456,2,1610612742,2,2,2,1,1,0,0
2020-21,22000456,2,1610612745,3,4,0,2,1,4,0
2020-21,22000456,3,1610612742,5,5,4,3,2,1,0
2020-21,22000456,3,1610612745,3,4,1,2,0,3,1
2020-21,22000456,4,1610612742,6,12,9,4,1,3,1
2020-21,22000456,4,1610612745,6,6,6,2,3,0,1
2020-21,22000457,1,1610612746,2,0,0,0,2,0,0
2020-21,22000457,1,1610612762,3,4,4,2,1,0,0
2020-21,22000457,2,1610612746,3,2,1,1,2,1,0
2020-21,22000457,2,1610612762,1,0,0,0,1,0,0
2020-21,22000457,3,1610612746,4,6,6,2,2,0,0
2020-21,22000457,3,1610612762,5,4,4,1,3,0,1
2020-21,22000457,4,1610612746,9,14,13,2,7,1,0
2020-21,22000457,4,1610612762,9,13,10,4,4,3,1
2020-21,22000458,1,1610612752,5,8,8,4,1,0,0
2020-21,22000458,1,1610612759,4,3,3,1,2,0,1
2020-21,22000458,2,1610612752,2,0,0,0,2,0,0
2020-21,22000458,2,1610612759,4,5,4,3,1,1,0
2020-21,22000458,3,1610612752,4,5,5,3,1,0,0
2020-21,22000458,3,1610612759,4,5,4,2,2,1,0
2020-21,22000458,4,1610612752,5,5,5,1,4,0,0
2020-21,22000458,4,1610612759,6,6,5,3,3,1,0
2020-21,22000459,1,1610612744,2,2,1,1,1,1,0
2020-21,22000459,1,1610612766,4,0,0,0,4,0,0
2020-21,22000459,2,1610612744,5,6,5,2,2,1,1
2020-21,22000459,2,1610612766,2,1,1,1,1,0,0
2020-21,22000459,3,1610612744,5,4,3,2,3,1,0
2020-21,22000459,3,1610612766,3,6,5,3,0,1,0
2020-21,22000459,4,1610612744,6,5,4,3,3,1,0
2020-21,22000459,4,1610612766,1,2,2,0,1,0,0
2020-21,22000460,1,1610612741,2,3,3,2,0,0,0
2020-21,22000460,1,1610612758,3,1,1,1,2,0,0
2020-21,22000460,2,1610612741,6,5,5,3,3,0,0
2020-21,22000460,2,1610612758,5,10,6,5,0,4,0
2020-21,22000460,3,1610612741,5,4,2,1,4,2,0
2020-21,22000460,3,1610612758,6,3,3,1,5,0,0
2020-21,22000460,4,1610612741,4,3,3,1,3,0,0
2020-21,22000460,4,1610612758,7,8,8,4,1,0,2
2020-21,22000461,1,1610612745,1,2,1,1,0,1,0
2020-21,22000461,1,1610612754,3,5,3,1,2,2,0
2020-21,22000461,2,1610612745,7,8,6,4,3,2,0
2020-21,22000461,2,1610612754,2,2,2,1,1,0,0
2020-21,22000461,3,1610612745,4,6,5,4,0,1,0
2020-21,22000461,3,1610612754,5,5,2,3,1,3,1
2020-21,22000461,4,1610612745,3,6,6,3,0,0,0
2020-21,22000461,4,1610612754,6,10,10,4,2,0,0
2020-21,22000462,1,1610612756,2,3,3,2,0,0,0
2020-21,22000462,1,1610612763,1,1,1,1,0,0,0
2020-21,22000462,2,1610612756,6,8,7,3,2,1,1
2020-21,22000462,2,1610612763,3,6,4,2,0,2,1
2020-21,22000462,3,1610612756,1,0,0,0,1,0,0
2020-21,22000462,3,1610612763,4,4,4,2,2,0,0
2020-21,22000462,4,1610612756,1,2,2,1,0,0,0
2020-21,22000462,4,1610612763,6,12,11,5,0,1,1
2020-21,22000463,1,1610612747,4,6,5,3,1,1,0
2020-21,22000463,1,1610612748,2,3,2,1,1,1,0
2020-21,22000463,2,1610612747,5,6,6,3,2,0,0
2020-21,22000463,2,1610612748,4,6,4,3,1,2,0
2020-21,22000463,3,1610612747,1,2,2,1,0,0,0
2020-21,22000463,3,1610612748,6,8,5,3,3,3,0
2020-21,22000463,4,1610612747,4,3,2,2,0,1,2
2020-21,22000463,4,1610612748,4,6,5,2,2,1,0
2020-21,22000464,1,1610612757,6,7,5,4,2,2,0
2020-21,22000464,1,1610612764,5,6,3,3,2,3,0
2020-21,22000464,2,1610612757,3,7,3,3,0,4,0
2020-21,22000464,2,1610612764,6,8,7,5,1,1,0
2020-21,22000464,3,1610612757,5,6,6,1,3,0,0
2020-21,22000464,3,1610612764,4,5,5,3,0,0,1
2020-21,22000464,4,1610612757,4,5,4,2,2,1,0
2020-21,22000464,4,1610612764,5,10,7,4,1,3,0
2020-21,22000465,1,1610612738,2,3,3,1,1,0,0
2020-21,22000465,1,1610612740,3,3,3,2,1,0,0
2020-21,22000465,2,1610612738,5,9,8,4,1,1,0
2020-21,22000465,2,1610612740,3,5,3,3,0,2,0
2020-21,22000465,3,1610612738,8,12,8,5,3,4,0
2020-21,22000465,3,1610612740,7,11,5,5,2,6,0
2020-21,22000465,4,1610612738,4,5,5,2,1,0,1
2020-21,22000465,4,1610612740,8,9,7,6,2,2,0
2020-21,22000466,1,1610612739,2,2,1,2,0,1,0
2020-21,22000466,1,1610612760,4,4,4,3,1,0,0
2020-21,22000466,2,1610612739,6,11,10,4,2,1,0
2020-21,22000466,2,1610612760,6,12,9,6,0,3,0
2020-21,22000466,3,1610612739,3,0,0,0,3,0,0
2020-21,22000466,3,1610612760,3,3,2,2,1,1,0
2020-21,22000466,4,1610612739,4,7,4,4,0,3,0
2020-21,22000466,4,1610612760,2,5,3,2,0,2,0
2020-21,22000467,1,1610612753,5,8,8,4,1,0,0
2020-21,22000467,1,1610612765,4,4,4,2,2,0,0
2020-21,22000467,2,1610612753,5,10,8,4,1,2,0
2020-21,22000467,2,1610612765,4,4,3,2,2,1,0
2020-21,22000467,3,1610612753,5,7,6,3,2,1,0
2020-21,22000467,3,1610612765,5,4,3,2,3,1,0
2020-21,22000467,4,1610612753,4,4,4,2,2,0,0
2020-21,22000467,4,1610612765,5,9,7,4,1,2,0
2020-21,22000468,1,1610612755,5,11,9,4,1,2,0
2020-21,22000468,1,1610612761,3,2,1,1,2,1,0
2020-21,22000468,2,1610612755,5,8,6,3,2,2,0
2020-21,22000468,2,1610612761,5,2,2,1,4,0,0
2020-21,22000468,3,1610612755,5,5,3,3,2,2,0
2020-21,22000468,3,1610612761,5,7,7,3,1,0,1
2020-21,22000468,4,1610612755,8,11,8,3,5,3,0
2020-21,22000468,4,1610612761,6,7,6,1,4,1,1
2020-21,22000469,1,1610612750,4,0,0,0,4,0,0
2020-21,22000469,1,1610612752,6,10,6,4,2,4,0
2020-21,22000469,2,1610612750,8,12,10,4,2,2,2
2020-21,22000469,2,1610612752,6,11,11,5,0,0,1
2020-21,22000469,3,1610612750,5,3,2,3,1,1,1
2020-21,22000469,3,1610612752,4,7,6,2,1,1,1
2020-21,22000469,4,1610612750,6,6,5,3,2,1,1
2020-21,22000469,4,1610612752,6,10,8,4,2,2,0
2020-21,22000470,1,1610612737,6,11,8,5,1,3,0
2020-21,22000470,1,1610612743,5,4,3,2,2,1,1
2020-21,22000470,2,1610612737,4,4,3,2,2,1,0
2020-21,22000470,2,1610612743,4,0,0,0,4,0,0
2020-21,22000470,3,1610612737,3,0,0,0,3,0,0
2020-21,22000470,3,1610612743,3,1,0,0,3,1,0
2020-21,22000470,4,1610612737,11,18,16,2,9,2,0
2020-21,22000470,4,1610612743,8,11,10,4,4,1,0
2020-21,22000471,1,1610612749,4,8,6,4,0,2,0
2020-21,22000471,1,1610612758,2,4,3,2,0,1,0
2020-21,22000471,2,1610612749,7,13,12,6,1,1,0
2020-21,22000471,2,1610612758,4,8,6,4,0,2,0
2020-21,22000471,3,1610612749,4,2,2,1,3,0,0
2020-21,22000471,3,1610612758,5,8,6,3,2,2,0
2020-21,22000471,4,1610612749,9,13,9,5,4,4,0
2020-21,22000471,4,1610612758,1,0,0,0,1,0,0
2020-21,22000472,1,1610612746,5,2,1,1,4,1,0
2020-21,22000472,1,1610612751,3,2,1,1,2,1,0
2020-21,22000472,2,1610612746,5,4,2,2,2,2,1
2020-21,22000472,2,1610612751,5,7,5,4,1,2,0
2020-21,22000472,3,1610612746,1,2,0,1,0,2,0
2020-21,22000472,3,1610612751,2,2,2,1,1,0,0
2020-21,22000472,4,1610612746,8,10,10,3,5,0,0
2020-21,22000472,4,1610612751,4,8,5,2,2,3,0
2020-21,22000473,1,1610612754,2,2,0,1,1,2,0
2020-21,22000473,1,1610612759,8,12,10,4,3,2,1
2020-21,22000473,2,1610612754,6,9,7,3,2,2,1
2020-21,22000473,2,1610612759,5,4,3,1,3,1,1
2020-21,22000473,3,1610612754,6,10,8,5,1,2,0
2020-21,22000473,3,1610612759,6,8,6,4,2,2,0
2020-21,22000473,4,1610612754,7,6,3,3,1,3,2
2020-21,22000473,4,1610612759,7,11,10,5,1,1,0
2020-21,22000474,1,1610612741,4,6,4,3,1,2,0
2020-21,22000474,1,1610612745,5,7,5,5,0,2,0
2020-21,22000474,2,1610612741,1,0,0,0,1,0,0
2020-21,22000474,2,1610612745,3,4,2,2,1,2,0
2020-21,22000474,3,1610612741,5,2,1,2,3,1,0
2020-21,22000474,3,1610612745,5,5,3,3,2,2,0
2020-21,22000474,4,1610612741,4,2,2,1,3,0,0
2020-21,22000474,4,1610612745,3,3,3,2,1,0,0
2020-21,22000475,1,1610612748,2,2,0,1,1,2,0
2020-21,22000475,1,1610612760,1,0,0,0,1,0,0
2020-21,22000475,2,1610612748,8,12,11,5,3,1,0
2020-21,22000475,2,1610612760,7,12,9,3,4,3,0
2020-21,22000475,3,1610612748,8,8,8,4,3,0,1
2020-21,22000475,3,1610612760,4,5,5,2,2,0,0
2020-21,22000475,4,1610612748,4,3,2,2,2,1,0
2020-21,22000475,4,1610612760,5,2,2,1,4,0,0
2020-21,22000476,1,1610612742,5,9,5,4,1,4,0
2020-21,22000476,1,1610612763,1,0,0,0,1,0,0
2020-21,22000476,2,1610612742,2,0,0,0,2,0,0
2020-21,22000476,2,1610612763,3,3,2,2,1,1,0
2020-21,22000476,3,1610612742,7,9,7,4,3,2,0
2020-21,22000476,3,1610612763,5,4,3,3,2,1,0
2020-21,22000476,4,1610612742,6,8,5,4,1,3,1
2020-21,22000476,4,1610612763,7,12,7,5,2,5,0
2020-21,22000477,1,1610612756,3,6,6,3,0,0,0
2020-21,22000477,1,1610612757,3,6,3,3,0,3,0
2020-21,22000477,2,1610612756,4,4,3,3,1,1,0
2020-21,22000477,2,1610612757,2,3,2,1,1,1,0
2020-21,22000477,3,1610612756,3,4,4,2,1,0,0
2020-21,22000477,3,1610612757,4,2,2,0,4,0,0
2020-21,22000477,4,1610612756,4,4,3,3,1,1,0
2020-21,22000477,4,1610612757,4,8,7,4,0,1,0
2020-21,22000478,1,1610612762,4,7,5,3,0,2,1
2020-21,22000478,1,1610612766,4,3,2,2,1,1,1
2020-21,22000478,2,1610612762,3,4,4,2,0,0,1
2020-21,22000478,2,1610612766,4,8,8,4,0,0,0
2020-21,22000478,3,1610612762,5,6,5,3,2,1,0
2020-21,22000478,3,1610612766,5,4,2,2,2,2,1
2020-21,22000478,4,1610612762,2,0,0,0,2,0,0
2020-21,22000478,4,1610612766,5,6,5,1,2,1,2
2020-21,22000479,1,1610612747,4,4,4,3,1,0,0
2020-21,22000479,1,1610612764,5,6,2,3,2,4,0
2020-21,22000479,2,1610612747,3,2,1,1,2,1,0
2020-21,22000479,2,1610612764,8,9,7,3,5,2,0
2020-21,22000479,3,1610612747,4,1,1,1,3,0,0
2020-21,22000479,3,1610612764,4,8,7,3,0,1,0
2020-21,22000479,4,1610612747,8,8,3,5,1,5,2
2020-21,22000479,4,1610612764,6,9,8,4,2,1,0
2020-21,22000480,1,1610612737,0,0,0,0,0,0,0
2020-21,22000480,1,1610612739,5,8,7,3,2,1,0
2020-21,22000480,2,1610612737,9,12,11,4,4,1,1
2020-21,22000480,2,1610612739,2,2,2,1,1,0,0
2020-21,22000480,3,1610612737,2,5,3,2,0,2,0
2020-21,22000480,3,1610612739,4,1,1,1,3,0,0
2020-21,22000480,4,1610612737,5,6,3,4,1,3,0
2020-21,22000480,4,1610612739,7,8,5,1,6,3,0
2020-21,22000481,1,1610612753,2,2,1,1,1,1,0
2020-21,22000481,1,1610612765,2,3,2,2,0,1,0
2020-21,22000481,2,1610612753,7,10,7,4,3,3,0
2020-21,22000481,2,1610612765,3,2,2,2,1,0,0
2020-21,22000481,3,1610612753,2,0,0,0,2,0,0
2020-21,22000481,3,1610612765,4,6,6,2,1,0,1
2020-21,22000481,4,1610612753,7,10,5,4,3,5,0
2020-21,22000481,4,1610612765,6,5,3,2,4,2,0
2020-21,22000482,1,1610612751,4,8,7,4,0,1,0
2020-21,22000482,1,1610612758,5,7,6,4,1,1,0
2020-21,22000482,2,1610612751,0,0,0,0,0,0,0
2020-21,22000482,2,1610612758,1,2,1,1,0,1,0
2020-21,22000482,3,1610612751,6,12,6,4,2,6,0
2020-21,22000482,3,1610612758,4,4,2,2,1,2,0
2020-21,22000482,4,1610612751,6,11,9,5,0,2,0
2020-21,22000482,4,1610612758,5,6,4,3,1,2,1
2020-21,22000483,1,1610612744,4,6,4,3,1,2,0
2020-21,22000483,1,1610612752,2,2,2,1,1,0,0
2020-21,22000483,2,1610612744,4,1,1,1,3,0,0
2020-21,22000483,2,1610612752,3,5,4,3,0,1,0
2020-21,22000483,3,1610612744,5,7,7,2,2,0,1
2020-21,22000483,3,1610612752,5,4,4,2,3,0,0
2020-21,22000483,4,1610612744,8,10,9,2,5,1,0
2020-21,22000483,4,1610612752,7,11,9,4,3,2,0
2020-21,22000484,1,1610612755,2,6,6,2,0,0,0
2020-21,22000484,1,1610612761,3,3,2,2,1,1,0
2020-21,22000484,2,1610612755,2,2,2,1,1,0,0
2020-21,22000484,2,1610612761,3,0,0,0,2,0,1
2020-21,22000484,3,1610612755,5,9,8,4,1,1,0
2020-21,22000484,3,1610612761,3,4,4,2,1,0,0
2020-21,22000484,4,1610612755,8,13,10,2,6,3,0
2020-21,22000484,4,1610612761,6,6,5,1,5,1,0
2020-21,22000485,1,1610612738,5,6,4,3,2,2,0
2020-21,22000485,1,1610612742,3,4,4,2,1,0,0
2020-21,22000485,2,1610612738,5,4,3,1,4,1,0
2020-21,22000485,2,1610612742,2,0,0,0,2,0,0
2020-21,22000485,3,1610612738,3,5,5,3,0,0,0
2020-21,22000485,3,1610612742,5,2,2,0,4,0,1
2020-21,22000485,4,1610612738,3,3,1,2,1,2,0
2020-21,22000485,4,1610612742,8,9,7,3,4,2,1
2020-21,22000486,1,1610612749,7,9,6,5,2,3,0
2020-21,22000486,1,1610612750,2,0,0,0,2,0,0
2020-21,22000486,2,1610612749,2,4,3,2,0,1,0
2020-21,22000486,2,1610612750,4,3,3,2,2,0,0
2020-21,22000486,3,1610612749,6,3,2,2,4,1,0
2020-21,22000486,3,1610612750,5,6,6,3,1,0,1
2020-21,22000486,4,1610612749,1,2,2,1,0,0,0
2020-21,22000486,4,1610612750,1,0,0,0,0,0,1
2020-21,22000487,1,1610612743,2,3,3,2,0,0,0
2020-21,22000487,1,1610612757,0,0,0,0,0,0,0
2020-21,22000487,2,1610612743,5,9,8,3,2,1,0
2020-21,22000487,2,1610612757,4,4,4,2,2,0,0
2020-21,22000487,3,1610612743,4,0,0,0,4,0,0
2020-21,22000487,3,1610612757,3,2,2,1,1,0,1
2020-21,22000487,4,1610612743,7,6,6,0,6,0,1
2020-21,22000487,4,1610612757,3,4,4,2,1,0,0
2020-21,22000488,1,1610612746,3,2,1,0,3,1,0
2020-21,22000488,1,1610612764,6,5,2,2,4,3,0
2020-21,22000488,2,1610612746,4,6,3,2,2,3,0
2020-21,22000488,2,1610612764,4,3,3,3,1,0,0
2020-21,22000488,3,1610612746,6,5,4,2,3,1,1
2020-21,22000488,3,1610612764,4,4,4,3,1,0,0
2020-21,22000488,4,1610612746,2,0,0,0,2,0,0
2020-21,22000488,4,1610612764,6,4,2,2,4,2,0
2020-21,22000489,1,1610612744,2,3,3,2,0,0,0
2020-21,22000489,1,1610612754,2,2,2,1,1,0,0
2020-21,22000489,2,1610612744,8,11,11,4,4,0,0
2020-21,22000489,2,1610612754,7,13,9,6,1,4,0
2020-21,22000489,3,1610612744,4,8,6,4,0,2,0
2020-21,22000489,3,1610612754,6,7,7,4,2,0,0
2020-21,22000489,4,1610612744,5,9,8,2,3,1,0
2020-21,22000489,4,1610612754,8,10,8,2,4,2,2
2020-21,22000490,1,1610612737,0,0,0,0,0,0,0
2020-21,22000490,1,1610612738,4,2,2,2,2,0,0
2020-21,22000490,2,1610612737,6,8,7,2,4,1,0
2020-21,22000490,2,1610612738,5,5,3,3,1,2,1
2020-21,22000490,3,1610612737,4,2,1,1,2,1,1
2020-21,22000490,3,1610612738,10,15,14,4,6,1,0
2020-21,22000490,4,1610612737,6,7,6,2,3,1,1
2020-21,22000490,4,1610612738,2,1,1,1,1,0,0
2020-21,22000491,1,1610612739,4,6,4,3,0,2,1
2020-21,22000491,1,1610612745,2,4,4,2,0,0,0
2020-21,22000491,2,1610612739,2,2,1,1,1,1,0
2020-21,22000491,2,1610612745,4,3,2,2,1,1,1
2020-21,22000491,3,1610612739,4,2,2,1,2,0,1
2020-21,22000491,3,1610612745,4,3,2,2,2,1,0
2020-21,22000491,4,1610612739,5,5,3,2,2,2,1
2020-21,22000491,4,1610612745,6,7,6,4,2,1,0
2020-21,22000492,1,1610612748,8,11,9,3,3,2,0
2020-21,22000492,1,1610612761,4,3,2,2,1,1,1
2020-21,22000492,2,1610612748,4,4,3,2,2,1,0
2020-21,22000492,2,1610612761,6,5,4,3,3,1,0
2020-21,22000492,3,1610612748,6,8,8,3,3,0,0
2020-21,22000492,3,1610612761,4,5,4,2,2,1,0
2020-21,22000492,4,1610612748,5,6,5,2,2,1,1
2020-21,22000492,4,1610612761,4,4,4,2,2,0,0
2020-21,22000493,1,1610612741,2,1,0,1,1,1,0
2020-21,22000493,1,1610612750,5,7,6,4,1,1,0
2020-21,22000493,2,1610612741,5,4,4,3,1,0,1
2020-21,22000493,2,1610612750,1,2,2,1,0,0,0
2020-21,22000493,3,1610612741,4,3,2,2,1,1,1
2020-21,22000493,3,1610612750,3,4,4,2,1,0,0
2020-21,22000493,4,1610612741,5,4,4,1,4,0,0
2020-21,22000493,4,1610612750,4,6,6,2,0,0,1
2020-21,22000494,1,1610612740,5,8,5,3,2,3,0
2020-21,22000494,1,1610612765,5,7,4,5,0,3,0
2020-21,22000494,2,1610612740,4,5,3,3,0,2,1
2020-21,22000494,2,1610612765,2,5,4,2,0,1,0
2020-21,22000494,3,1610612740,6,5,3,3,3,2,0
2020-21,22000494,3,1610612765,2,2,2,1,1,0,0
2020-21,22000494,4,1610612740,7,11,7,4,3,4,0
2020-21,22000494,4,1610612765,1,2,1,1,0,1,0
2020-21,22000495,1,1610612759,2,2,2,1,1,0,0
2020-21,22000495,1,1610612760,4,0,0,0,4,0,0
2020-21,22000495,2,1610612759,4,4,3,2,2,1,0
2020-21,22000495,2,1610612760,2,2,2,1,1,0,0
2020-21,22000495,3,1610612759,5,7,3,4,1,4,0
2020-21,22000495,3,1610612760,6,9,8,5,1,1,0
2020-21,22000495,4,1610612759,3,2,2,1,2,0,0
2020-21,22000495,4,1610612760,0,0,0,0,0,0,0
2020-21,22000496,1,1610612756,4,4,2,2,2,2,0
2020-21,22000496,1,1610612766,6,9,9,5,1,0,0
2020-21,22000496,2,1610612756,6,7,4,3,3,3,0
2020-21,22000496,2,1610612766,7,8,7,3,4,1,0
2020-21,22000496,3,1610612756,4,8,8,3,1,0,0
2020-21,22000496,3,1610612766,4,3,3,2,2,0,0
2020-21,22000496,4,1610612756,7,8,5,3,3,3,1
2020-21,22000496,4,1610612766,6,7,6,0,6,1,0
2020-21,22000497,1,1610612747,3,3,2,2,1,1,0
2020-21,22000497,1,1610612762,0,0,0,0,0,0,0
2020-21,22000497,2,1610612747,2,2,2,1,1,0,0
2020-21,22000497,2,1610612762,4,5,3,3,1,2,0
2020-21,22000497,3,1610612747,5,9,6,5,0,3,0
2020-21,22000497,3,1610612762,5,6,5,2,3,1,0
2020-21,22000497,4,1610612747,4,6,3,3,1,3,0
2020-21,22000497,4,1610612762,5,4,2,1,4,2,0
2020-21,22000498,1,1610612742,4,6,4,3,1,2,0
2020-21,22000498,1,1610612755,4,4,3,3,1,1,0
2020-21,22000498,2,1610612742,3,4,4,3,0,0,0
2020-21,22000498,2,1610612755,6,7,5,4,2,2,0
2020-21,22000498,3,1610612742,3,2,1,1,2,1,0
2020-21,22000498,3,1610612755,8,12,11,5,2,1,1
2020-21,22000498,4,1610612742,7,11,11,6,1,0,0
2020-21,22000498,4,1610612755,2,2,2,1,1,0,0
2020-21,22000499,1,1610612751,5,9,6,4,1,3,0
2020-21,22000499,1,1610612753,4,6,5,3,1,1,0
2020-21,22000499,2,1610612751,1,2,2,1,0,0,0
2020-21,22000499,2,1610612753,3,0,0,0,3,0,0
2020-21,22000499,3,1610612751,1,1,1,1,0,0,0
2020-21,22000499,3,1610612753,3,3,3,2,1,0,0
2020-21,22000499,4,1610612751,1,2,2,1,0,0,0
2020-21,22000499,4,1610612753,6,6,5,1,4,1,1
2020-21,22000500,1,1610612752,4,3,3,2,2,0,0
2020-21,22000500,1,1610612758,3,6,5,3,0,1,0
2020-21,22000500,2,1610612752,4,7,7,3,1,0,0
2020-21,22000500,2,1610612758,5,9,6,5,0,3,0
2020-21,22000500,3,1610612752,5,7,6,3,2,1,0
2020-21,22000500,3,1610612758,7,8,7,4,3,1,0
2020-21,22000500,4,1610612752,5,4,3,2,3,1,0
2020-21,22000500,4,1610612758,8,10,7,2,4,3,2
2020-21,22000501,1,1610612746,3,3,3,1,1,0,0
2020-21,22000501,1,1610612763,1,1,1,1,0,0,0
2020-21,22000501,2,1610612746,4,3,2,1,2,1,1
2020-21,22000501,2,1610612763,2,2,1,1,0,1,1
2020-21,22000501,3,1610612746,5,6,5,3,2,1,0
2020-21,22000501,3,1610612763,2,2,2,1,1,0,0
2020-21,22000501,4,1610612746,4,4,4,2,2,0,0
2020-21,22000501,4,1610612763,8,11,7,6,2,4,0
2020-21,22000502,1,1610612743,3,3,3,2,1,0,0
2020-21,22000502,1,1610612764,2,2,2,1,1,0,0
2020-21,22000502,2,1610612743,5,8,7,4,1,1,0
2020-21,22000502,2,1610612764,8,16,13,7,1,3,0
2020-21,22000502,3,1610612743,4,4,4,2,2,0,0
2020-21,22000502,3,1610612764,2,2,2,1,1,0,0
2020-21,22000502,4,1610612743,7,9,7,5,1,2,1
2020-21,22000502,4,1610612764,3,5,5,2,1,0,0
2020-21,22000503,1,1610612740,3,2,1,1,2,1,0
2020-21,22000503,1,1610612749,2,2,2,1,1,0,0
2020-21,22000503,2,1610612740,3,5,4,3,0,1,0
2020-21,22000503,2,1610612749,5,6,5,2,3,1,0
2020-21,22000503,3,1610612740,6,7,5,2,2,2,2
2020-21,22000503,3,1610612749,4,4,3,3,1,1,0
2020-21,22000503,4,1610612740,0,0,0,0,0,0,0
2020-21,22000503,4,1610612749,4,4,2,1,3,2,0
2020-21,22000504,1,1610612758,4,8,6,4,0,2,0
2020-21,22000504,1,1610612765,5,8,6,4,1,2,0
2020-21,22000504,2,1610612758,9,12,9,4,3,3,2
2020-21,22000504,2,1610612765,4,2,0,1,2,2,1
2020-21,22000504,3,1610612758,2,4,3,2,0,1,0
2020-21,22000504,3,1610612765,7,9,7,4,2,2,1
2020-21,22000504,4,1610612758,10,17,11,6,4,6,0
2020-21,22000504,4,1610612765,8,13,8,4,4,5,0
2020-21,22000505,1,1610612738,8,14,11,4,3,3,0
2020-21,22000505,1,1610612754,4,7,7,2,2,0,0
2020-21,22000505,2,1610612738,5,6,6,2,3,0,0
2020-21,22000505,2,1610612754,5,6,5,2,2,1,1
2020-21,22000505,3,1610612738,2,1,1,1,1,0,0
2020-21,22000505,3,1610612754,4,6,5,3,1,1,0
2020-21,22000505,4,1610612738,6,8,7,2,4,1,0
2020-21,22000505,4,1610612754,7,10,10,4,3,0,0
2020-21,22000506,1,1610612745,6,9,8,3,2,1,1
2020-21,22000506,1,1610612761,4,8,8,4,0,0,0
2020-21,22000506,2,1610612745,6,7,5,3,2,2,1
2020-21,22000506,2,1610612761,7,11,10,5,2,1,0
2020-21,22000506,3,1610612745,4,2,2,1,3,0,0
2020-21,22000506,3,1610612761,4,4,4,2,2,0,0
2020-21,22000506,4,1610612745,2,2,2,1,0,0,1
2020-21,22000506,4,1610612761,6,4,4,2,3,0,0
2020-21,22000507,1,1610612748,2,0,0,0,2,0,0
2020-21,22000507,1,1610612762,3,4,4,2,1,0,0
2020-21,22000507,2,1610612748,6,8,8,3,3,0,0
2020-21,22000507,2,1610612762,2,2,2,1,1,0,0
2020-21,22000507,3,1610612748,6,9,8,4,2,1,0
2020-21,22000507,3,1610612762,6,9,9,4,0,0,2
2020-21,22000507,4,1610612748,6,8,6,1,5,2,0
2020-21,22000507,4,1610612762,7,8,6,3,2,2,2
2020-21,22000508,1,1610612741,2,1,1,1,1,0,0
2020-21,22000508,1,1610612756,3,1,1,1,2,0,0
2020-21,22000508,2,1610612741,1,1,0,0,1,1,0
2020-21,22000508,2,1610612756,2,4,4,2,0,0,0
2020-21,22000508,3,1610612741,3,2,2,1,2,0,0
2020-21,22000508,3,1610612756,4,5,3,3,1,2,0
2020-21,22000508,4,1610612741,4,6,4,3,1,2,0
2020-21,22000508,4,1610612756,5,5,4,3,1,1,1
2020-21,22000509,1,1610612746,4,3,3,2,2,0,0
2020-21,22000509,1,1610612763,4,4,4,3,1,0,0
2020-21,22000509,2,1610612746,6,6,6,1,4,0,1
2020-21,22000509,2,1610612763,3,4,2,1,1,2,1
2020-21,22000509,3,1610612746,1,2,2,1,0,0,0
2020-21,22000509,3,1610612763,5,3,2,2,2,1,1
2020-21,22000509,4,1610612746,3,7,6,2,1,1,0
2020-21,22000509,4,1610612763,5,5,4,3,2,1,0
2020-21,22000510,1,1610612737,4,2,2,1,3,0,0
2020-21,22000510,1,1610612760,2,2,1,1,1,1,0
2020-21,22000510,2,1610612737,5,5,2,3,2,3,0
2020-21,22000510,2,1610612760,1,1,1,1,0,0,0
2020-21,22000510,3,1610612737,4,6,5,3,1,1,0
2020-21,22000510,3,1610612760,5,9,6,4,1,3,0
2020-21,22000510,4,1610612737,3,4,2,2,1,2,0
2020-21,22000510,4,1610612760,4,4,2,1,3,2,0
2020-21,22000511,1,1610612744,3,1,0,1,2,1,0
2020-21,22000511,1,1610612766,6,12,8,4,1,4,0
2020-21,22000511,2,1610612744,7,9,8,3,3,1,1
2020-21,22000511,2,1610612766,3,4,2,2,1,2,0
2020-21,22000511,3,1610612744,5,9,9,4,1,0,0
2020-21,22000511,3,1610612766,2,2,1,1,0,1,1
2020-21,22000511,4,1610612744,7,6,6,0,6,0,1
2020-21,22000511,4,1610612766,8,14,11,6,2,3,0
2020-21,22000512,1,1610612747,4,7,5,4,0,2,0
2020-21,22000512,1,1610612757,7,6,6,4,2,0,1
2020-21,22000512,2,1610612747,5,7,5,4,1,2,0
2020-21,22000512,2,1610612757,8,8,8,3,4,0,1
2020-21,22000512,3,1610612747,5,10,8,5,0,2,0
2020-21,22000512,3,1610612757,5,4,4,1,3,0,1
2020-21,22000512,4,1610612747,3,4,3,2,1,1,0
2020-21,22000512,4,1610612757,2,2,0,1,1,2,0
2020-21,22000513,1,1610612739,3,6,5,3,0,1,0
2020-21,22000513,1,1610612755,4,6,6,2,2,0,0
2020-21,22000513,2,1610612739,5,7,5,3,2,2,0
2020-21,22000513,2,1610612755,7,14,8,6,1,6,0
2020-21,22000513,3,1610612739,3,1,0,0,2,1,0
2020-21,22000513,3,1610612755,4,5,3,2,2,2,0
2020-21,22000513,4,1610612739,3,2,2,1,2,0,0
2020-21,22000513,4,1610612755,4,3,2,1,2,1,1
2020-21,22000514,1,1610612740,4,3,3,2,2,0,0
2020-21,22000514,1,1610612759,2,5,4,2,0,1,0
2020-21,22000514,2,1610612740,6,6,6,4,2,0,0
2020-21,22000514,2,1610612759,5,7,5,3,0,2,1
2020-21,22000514,3,1610612740,4,4,4,2,2,0,0
2020-21,22000514,3,1610612759,2,4,4,2,0,0,0
2020-21,22000514,4,1610612740,10,18,12,8,1,6,1
2020-21,22000514,4,1610612759,7,12,10,5,1,2,1
2020-21,22000515,1,1610612752,3,4,3,2,0,1,1
2020-21,22000515,1,1610612754,5,8,7,5,0,1,0
2020-21,22000515,2,1610612752,1,2,2,1,0,0,0
2020-21,22000515,2,1610612754,6,11,8,4,1,3,1
2020-21,22000515,3,1610612752,5,6,5,3,0,1,2
2020-21,22000515,3,1610612754,4,2,2,1,2,0,1
2020-21,22000515,4,1610612752,7,10,8,3,4,2,0
2020-21,22000515,4,1610612754,5,4,3,1,3,1,1
2020-21,22000516,1,1610612753,1,2,1,1,0,1,0
2020-21,22000516,1,1610612762,3,2,0,1,2,2,0
2020-21,22000516,2,1610612753,4,1,1,1,3,0,0
2020-21,22000516,2,1610612762,7,9,4,3,3,5,1
2020-21,22000516,3,1610612753,2,1,1,0,2,0,0
2020-21,22000516,3,1610612762,4,5,5,2,2,0,0
2020-21,22000516,4,1610612753,4,4,4,2,2,0,0
2020-21,22000516,4,1610612762,4,8,8,4,0,0,0
2020-21,22000517,1,1610612750,5,8,4,5,0,4,0
2020-21,22000517,1,1610612764,6,10,7,4,2,3,0
2020-21,22000517,2,1610612750,4,6,3,3,1,3,0
2020-21,22000517,2,1610612764,7,11,9,3,4,2,0
2020-21,22000517,3,1610612750,5,8,7,3,2,1,0
2020-21,22000517,3,1610612764,4,5,5,3,1,0,0
2020-21,22000517,4,1610612750,5,7,5,3,2,2,0
2020-21,22000517,4,1610612764,6,8,6,4,2,2,0
2020-21,22000518,1,1610612743,2,4,4,2,0,0,0
2020-21,22000518,1,1610612760,0,0,0,0,0,0,0
2020-21,22000518,2,1610612743,3,2,1,1,2,1,0
2020-21,22000518,2,1610612760,4,0,0,0,4,0,0
2020-21,22000518,3,1610612743,4,3,3,2,2,0,0
2020-21,22000518,3,1610612760,4,6,5,3,1,1,0
2020-21,22000518,4,1610612743,6,7,5,3,3,2,0
2020-21,22000518,4,1610612760,7,9,6,4,2,3,1
2020-21,22000519,1,1610612742,3,4,4,3,0,0,0
2020-21,22000519,1,1610612751,6,9,7,6,0,2,0
2020-21,22000519,2,1610612742,5,9,4,4,1,5,0
2020-21,22000519,2,1610612751,3,3,3,2,0,0,1
2020-21,22000519,3,1610612742,4,4,3,3,1,1,0
2020-21,22000519,3,1610612751,3,5,3,2,1,2,0
2020-21,22000519,4,1610612742,3,0,0,0,3,0,0
2020-21,22000519,4,1610612751,3,2,1,1,1,1,1
2020-21,22000520,1,1610612746,2,2,2,1,1,0,0
2020-21,22000520,1,1610612749,3,2,2,1,2,0,0
2020-21,22000520,2,1610612746,1,0,0,0,1,0,0
2020-21,22000520,2,1610612749,3,5,4,3,0,1,0
2020-21,22000520,3,1610612746,3,5,4,2,1,1,0
2020-21,22000520,3,1610612749,3,4,4,3,0,0,0
2020-21,22000520,4,1610612746,3,0,0,0,3,0,0
2020-21,22000520,4,1610612749,9,11,7,4,4,4,1
2020-21,22000521,1,1610612752,4,6,4,3,0,2,1
2020-21,22000521,1,1610612765,4,2,2,0,3,0,1
2020-21,22000521,2,1610612752,2,0,0,0,2,0,0
2020-21,22000521,2,1610612765,6,12,7,6,0,5,0
2020-21,22000521,3,1610612752,4,4,4,3,1,0,0
2020-21,22000521,3,1610612765,7,8,8,4,3,0,0
2020-21,22000521,4,1610612752,3,0,0,0,3,0,0
2020-21,22000521,4,1610612765,5,9,8,4,1,1,0
2020-21,22000522,1,1610612737,2,2,1,1,1,1,0
2020-21,22000522,1,1610612748,4,6,4,4,0,2,0
2020-21,22000522,2,1610612737,5,5,5,2,3,0,0
2020-21,22000522,2,1610612748,4,4,4,2,2,0,0
2020-21,22000522,3,1610612737,5,6,4,3,2,2,0
2020-21,22000522,3,1610612748,4,2,2,1,2,0,1
2020-21,22000522,4,1610612737,7,9,9,4,3,0,0
2020-21,22000522,4,1610612748,7,10,10,3,3,0,1
2020-21,22000523,1,1610612741,5,5,4,4,1,1,0
2020-21,22000523,1,1610612761,2,2,1,1,1,1,0
2020-21,22000523,2,1610612741,5,6,6,2,2,0,1
2020-21,22000523,2,1610612761,3,4,4,2,0,0,1
2020-21,22000523,3,1610612741,4,2,2,1,2,0,1
2020-21,22000523,3,1610612761,6,11,9,6,0,2,0
2020-21,22000523,4,1610612741,5,5,4,2,3,1,0
2020-21,22000523,4,1610612761,3,5,4,3,0,1,0
2020-21,22000524,1,1610612738,6,9,8,3,3,1,0
2020-21,22000524,1,1610612764,9,17,14,5,4,3,0
2020-21,22000524,2,1610612738,9,11,5,2,7,6,0
2020-21,22000524,2,1610612764,3,3,2,2,1,1,0
2020-21,22000524,3,1610612738,3,2,2,1,1,0,1
2020-21,22000524,3,1610612764,5,3,3,1,2,0,2
2020-21,22000524,4,1610612738,3,2,2,1,2,0,0
2020-21,22000524,4,1610612764,5,6,6,3,2,0,0
2020-21,22000525,1,1610612745,5,4,4,2,2,0,1
2020-21,22000525,1,1610612763,4,5,2,3,1,3,0
2020-21,22000525,2,1610612745,11,14,9,6,3,5,1
2020-21,22000525,2,1610612763,6,5,5,2,3,0,1
2020-21,22000525,3,1610612745,7,11,11,6,1,0,0
2020-21,22000525,3,1610612763,5,8,7,4,1,1,0
2020-21,22000525,4,1610612745,7,12,10,6,1,2,0
2020-21,22000525,4,1610612763,8,10,9,3,4,1,1
2020-21,22000526,1,1610612750,5,8,7,4,1,1,0
2020-21,22000526,1,1610612756,4,5,5,3,1,0,0
2020-21,22000526,2,1610612750,3,4,4,2,1,0,0
2020-21,22000526,2,1610612756,3,4,4,2,1,0,0
2020-21,22000526,3,1610612750,4,4,4,2,2,0,0
2020-21,22000526,3,1610612756,7,8,7,4,3,1,0
2020-21,22000526,4,1610612750,6,8,6,3,2,2,1
2020-21,22000526,4,1610612756,6,7,7,5,1,0,0
2020-21,22000527,1,1610612744,3,4,3,3,0,1,0
2020-21,22000527,1,1610612747,9,16,13,6,2,3,1
2020-21,22000527,2,1610612744,5,4,3,2,2,1,1
2020-21,22000527,2,1610612747,6,10,7,2,3,3,0
2020-21,22000527,3,1610612744,6,5,3,2,3,2,1
2020-21,22000527,3,1610612747,6,8,5,5,1,3,0
2020-21,22000527,4,1610612744,5,6,4,2,3,2,0
2020-21,22000527,4,1610612747,2,4,1,2,0,3,0
2020-21,22000528,1,1610612758,1,0,0,0,1,0,0
2020-21,22000528,1,1610612766,7,11,10,6,1,1,0
2020-21,22000528,2,1610612758,5,6,5,2,2,1,1
2020-21,22000528,2,1610612766,2,4,4,2,0,0,0
2020-21,22000528,3,1610612758,2,2,2,1,1,0,0
2020-21,22000528,3,1610612766,3,2,2,1,1,0,1
2020-21,22000528,4,1610612758,9,9,3,1,5,6,2
2020-21,22000528,4,1610612766,6,10,10,5,1,0,0
2020-21,22000529,1,1610612742,3,2,2,1,2,0,0
2020-21,22000529,1,1610612753,4,6,3,3,1,3,0
2020-21,22000529,2,1610612742,2,2,2,1,1,0,0
2020-21,22000529,2,1610612753,2,2,2,1,1,0,0
2020-21,22000529,3,1610612742,4,5,4,3,1,1,0
2020-21,22000529,3,1610612753,2,1,1,1,1,0,0
2020-21,22000529,4,1610612742,8,14,11,3,5,3,0
2020-21,22000529,4,1610612753,4,5,4,3,0,1,1
2020-21,22000530,1,1610612754,3,4,4,3,0,0,0
2020-21,22000530,1,1610612755,3,5,5,3,0,0,0
2020-21,22000530,2,1610612754,5,7,6,3,2,1,0
2020-21,22000530,2,1610612755,5,4,3,2,3,1,0
2020-21,22000530,3,1610612754,3,4,3,3,0,1,0
2020-21,22000530,3,1610612755,5,3,3,2,2,0,1
2020-21,22000530,4,1610612754,5,6,5,2,3,1,0
2020-21,22000530,4,1610612755,5,4,4,2,2,0,1
2020-21,22000531,1,1610612741,2,3,1,2,0,2,0
2020-21,22000531,1,1610612743,2,1,1,1,0,0,1
2020-21,22000531,2,1610612741,7,8,6,3,4,2,0
2020-21,22000531,2,1610612743,5,4,4,3,2,0,0
2020-21,22000531,3,1610612741,6,9,7,4,2,2,0
2020-21,22000531,3,1610612743,2,4,4,2,0,0,0
2020-21,22000531,4,1610612741,2,2,2,1,1,0,0
2020-21,22000531,4,1610612743,9,11,7,4,5,4,0
2020-21,22000532,1,1610612739,7,11,9,5,2,2,0
2020-21,22000532,1,1610612745,5,10,8,5,0,2,0
2020-21,22000532,2,1610612739,5,8,7,4,1,1,0
2020-21,22000532,2,1610612745,3,2,1,1,1,1,1
2020-21,22000532,3,1610612739,0,0,0,0,0,0,0
2020-21,22000532,3,1610612745,3,5,5,3,0,0,0
2020-21,22000532,4,1610612739,5,5,3,2,3,2,0
2020-21,22000532,4,1610612745,5,7,4,2,2,3,1
2020-21,22000533,1,1610612740,3,2,1,1,2,1,0
2020-21,22000533,1,1610612762,1,0,0,0,1,0,0
2020-21,22000533,2,1610612740,5,4,2,3,2,2,0
2020-21,22000533,2,1610612762,2,5,5,2,0,0,0
2020-21,22000533,3,1610612740,8,10,9,4,4,1,0
2020-21,22000533,3,1610612762,2,0,0,0,2,0,0
2020-21,22000533,4,1610612740,6,7,6,2,3,1,1
2020-21,22000533,4,1610612762,9,13,10,5,4,3,0
2020-21,22000534,1,1610612751,2,4,2,2,0,2,0
2020-21,22000534,1,1610612759,0,0,0,0,0,0,0
2020-21,22000534,2,1610612751,4,3,2,2,2,1,0
2020-21,22000534,2,1610612759,4,5,5,3,1,0,0
2020-21,22000534,3,1610612751,5,6,5,3,1,1,1
2020-21,22000534,3,1610612759,3,2,0,1,2,2,0
2020-21,22000534,4,1610612751,3,4,4,2,1,0,0
2020-21,22000534,4,1610612759,5,8,5,4,1,3,0
2020-21,22000535,1,1610612757,4,3,2,2,1,1,1
2020-21,22000535,1,1610612766,3,3,0,2,1,3,0
2020-21,22000535,2,1610612757,3,3,3,2,1,0,0
2020-21,22000535,2,1610612766,1,2,2,1,0,0,0
2020-21,22000535,3,1610612757,4,4,2,2,1,2,1
2020-21,22000535,3,1610612766,6,7,5,3,3,2,0
2020-21,22000535,4,1610612757,4,0,0,0,4,0,0
2020-21,22000535,4,1610612766,3,5,3,3,0,2,0
2020-21,22000536,1,1610612763,3,5,5,3,0,0,0
2020-21,22000536,1,1610612764,5,8,7,3,2,1,0
2020-21,22000536,2,1610612763,2,2,2,1,1,0,0
2020-21,22000536,2,1610612764,3,4,3,2,0,1,1
2020-21,22000536,3,1610612763,6,7,4,4,2,3,0
2020-21,22000536,3,1610612764,3,4,4,2,1,0,0
2020-21,22000536,4,1610612763,6,9,7,3,3,2,0
2020-21,22000536,4,1610612764,7,9,4,4,2,5,1
2020-21,22000537,1,1610612738,2,2,1,1,1,1,0
2020-21,22000537,1,1610612746,2,3,3,2,0,0,0
2020-21,22000537,2,1610612738,3,3,3,2,0,0,1
2020-21,22000537,2,1610612746,3,2,2,1,1,0,1
2020-21,22000537,3,1610612738,5,6,4,1,3,2,1
2020-21,22000537,3,1610612746,2,0,0,0,2,0,0
2020-21,22000537,4,1610612738,8,12,9,3,5,3,0
2020-21,22000537,4,1610612746,4,4,3,2,1,1,1
2020-21,22000538,1,1610612737,2,2,2,1,1,0,0
2020-21,22000538,1,1610612748,4,4,4,2,2,0,0
2020-21,22000538,2,1610612737,1,2,1,1,0,1,0
2020-21,22000538,2,1610612748,5,8,5,3,2,3,0
2020-21,22000538,3,1610612737,6,4,4,3,2,0,1
2020-21,22000538,3,1610612748,4,4,3,2,2,1,0
2020-21,22000538,4,1610612737,3,7,6,3,0,1,0
2020-21,22000538,4,1610612748,4,6,3,3,1,3,0
2020-21,22000539,1,1610612761,8,12,11,5,3,1,0
2020-21,22000539,1,1610612765,3,2,2,2,1,0,0
2020-21,22000539,2,1610612761,7,8,8,2,5,0,0
2020-21,22000539,2,1610612765,5,4,4,2,3,0,0
2020-21,22000539,3,1610612761,3,2,1,1,1,1,1
2020-21,22000539,3,1610612765,6,9,3,4,2,6,0
2020-21,22000539,4,1610612761,8,8,5,4,4,3,0
2020-21,22000539,4,1610612765,5,6,4,3,2,2,0
2020-21,22000540,1,1610612743,5,2,2,2,3,0,0
2020-21,22000540,1,1610612749,2,4,2,2,0,2,0
2020-21,22000540,2,1610612743,5,5,5,2,2,0,1
2020-21,22000540,2,1610612749,4,5,4,3,0,1,1
2020-21,22000540,3,1610612743,5,3,2,1,4,1,0
2020-21,22000540,3,1610612749,7,14,11,6,1,3,0
2020-21,22000540,4,1610612743,2,2,2,1,1,0,0
2020-21,22000540,4,1610612749,6,8,5,2,4,3,0
2020-21,22000541,1,1610612752,2,2,2,1,0,0,1
2020-21,22000541,1,1610612759,3,7,4,3,0,3,0
2020-21,22000541,2,1610612752,0,0,0,0,0,0,0
2020-21,22000541,2,1610612759,5,8,7,3,1,1,1
2020-21,22000541,3,1610612752,4,5,3,3,1,2,0
2020-21,22000541,3,1610612759,6,5,3,1,2,2,3
2020-21,22000541,4,1610612752,5,8,7,4,1,1,0
2020-21,22000541,4,1610612759,1,1,1,0,1,0,0
2020-21,22000542,1,1610612747,4,6,6,3,1,0,0
2020-21,22000542,1,1610612756,3,3,3,2,1,0,0
2020-21,22000542,2,1610612747,4,1,1,1,3,0,0
2020-21,22000542,2,1610612756,6,6,5,1,3,1,1
2020-21,22000542,3,1610612747,4,6,4,2,2,2,0
2020-21,22000542,3,1610612756,6,8,7,1,5,1,0
2020-21,22000542,4,1610612747,2,4,2,2,0,2,0
2020-21,22000542,4,1610612756,6,8,7,3,3,1,0
2020-21,22000543,1,1610612739,4,3,3,2,1,0,1
2020-21,22000543,1,1610612754,2,0,0,0,2,0,0
2020-21,22000543,2,1610612739,4,2,2,0,2,0,2
2020-21,22000543,2,1610612754,2,2,1,2,0,1,0
2020-21,22000543,3,1610612739,2,3,3,2,0,0,0
2020-21,22000543,3,1610612754,5,5,3,4,1,2,0
2020-21,22000543,4,1610612739,6,7,6,4,2,1,0
2020-21,22000543,4,1610612754,7,9,8,3,3,1,0
2020-21,22000544,1,1610612737,1,0,0,0,1,0,0
2020-21,22000544,1,1610612753,5,5,5,3,1,0,1
2020-21,22000544,2,1610612737,3,2,2,0,3,0,0
2020-21,22000544,2,1610612753,5,5,5,3,2,0,0
2020-21,22000544,3,1610612737,8,11,10,4,4,1,0
2020-21,22000544,3,1610612753,7,11,11,3,4,0,0
2020-21,22000544,4,1610612737,3,6,6,2,1,0,0
2020-21,22000544,4,1610612753,4,6,6,3,1,0,0
2020-21,22000545,1,1610612755,3,5,5,2,1,0,0
2020-21,22000545,1,1610612762,2,2,2,1,1,0,0
2020-21,22000545,2,1610612755,5,7,4,3,2,3,0
2020-21,22000545,2,1610612762,3,6,3,2,1,3,0
2020-21,22000545,3,1610612755,9,13,10,6,3,3,0
2020-21,22000545,3,1610612762,6,6,5,4,2,1,0
2020-21,22000545,4,1610612755,3,4,3,2,1,1,0
2020-21,22000545,4,1610612762,4,2,2,0,4,0,0
2020-21,22000546,1,1610612745,5,4,2,1,4,2,0
2020-21,22000546,1,1610612751,4,1,0,0,4,1,0
2020-21,22000546,2,1610612745,7,11,8,4,2,3,0
2020-21,22000546,2,1610612751,7,13,10,5,2,3,0
2020-21,22000546,3,1610612745,7,9,8,1,6,1,0
2020-21,22000546,3,1610612751,5,8,5,3,2,3,0
2020-21,22000546,4,1610612745,5,4,2,2,2,2,1
2020-21,22000546,4,1610612751,1,2,2,1,0,0,0
2020-21,22000547,1,1610612750,6,7,6,4,2,1,0
2020-21,22000547,1,1610612766,7,8,7,1,4,1,2
2020-21,22000547,2,1610612750,5,5,4,3,1,1,1
2020-21,22000547,2,1610612766,3,4,2,2,0,2,0
2020-21,22000547,3,1610612750,1,2,1,1,0,1,0
2020-21,22000547,3,1610612766,4,5,4,3,1,1,0
2020-21,22000547,4,1610612750,3,4,4,2,1,0,0
2020-21,22000547,4,1610612766,3,4,3,1,2,1,0
2020-21,22000548,1,1610612740,8,15,8,7,1,7,0
2020-21,22000548,1,1610612741,4,5,4,3,1,1,0
2020-21,22000548,2,1610612740,2,4,4,2,0,0,0
2020-21,22000548,2,1610612741,4,6,6,4,0,0,0
2020-21,22000548,3,1610612740,2,4,4,2,0,0,0
2020-21,22000548,3,1610612741,4,3,3,2,2,0,0
2020-21,22000548,4,1610612740,8,15,10,7,1,5,0
2020-21,22000548,4,1610612741,7,8,7,0,7,1,0
2020-21,22000549,1,1610612742,5,7,6,4,1,1,0
2020-21,22000549,1,1610612760,3,6,3,3,0,3,0
2020-21,22000549,2,1610612742,5,8,6,5,0,2,0
2020-21,22000549,2,1610612760,6,7,6,3,3,1,0
2020-21,22000549,3,1610612742,3,2,2,1,2,0,0
2020-21,22000549,3,1610612760,1,2,1,1,0,1,0
2020-21,22000549,4,1610612742,4,2,1,1,3,1,0
2020-21,22000549,4,1610612760,2,2,1,1,1,1,0
2020-21,22000550,1,1610612744,2,3,1,2,0,2,0
2020-21,22000550,1,1610612757,4,5,5,3,1,0,0
2020-21,22000550,2,1610612744,7,6,5,1,5,1,1
2020-21,22000550,2,1610612757,5,8,6,5,0,2,0
2020-21,22000550,3,1610612744,3,3,2,1,2,1,0
2020-21,22000550,3,1610612757,7,5,5,3,4,0,0
2020-21,22000550,4,1610612744,3,2,1,1,2,1,0
2020-21,22000550,4,1610612757,6,8,6,2,4,2,0
2020-21,22000551,1,1610612747,2,0,0,0,2,0,0
2020-21,22000551,1,1610612758,4,6,4,4,0,2,0
2020-21,22000551,2,1610612747,6,8,6,3,3,2,0
2020-21,22000551,2,1610612758,4,6,5,3,0,1,1
2020-21,22000551,3,1610612747,4,1,0,1,3,1,0
2020-21,22000551,3,1610612758,4,1,1,1,2,0,1
2020-21,22000551,4,1610612747,4,5,4,3,1,1,0
2020-21,22000551,4,1610612758,5,6,5,2,3,1,0
2020-21,22000552,1,1610612738,7,10,7,4,3,3,0
2020-21,22000552,1,1610612761,3,0,0,0,3,0,0
2020-21,22000552,2,1610612738,2,5,5,2,0,0,0
2020-21,22000552,2,1610612761,9,11,9,3,5,2,1
2020-21,22000552,3,1610612738,6,10,7,4,2,3,0
2020-21,22000552,3,1610612761,2,0,0,0,2,0,0
2020-21,22000552,4,1610612738,9,15,10,3,6,5,0
2020-21,22000552,4,1610612761,3,6,5,3,0,1,0
2020-21,22000553,1,1610612743,3,2,2,1,2,0,0
2020-21,22000553,1,1610612754,3,3,1,1,1,2,1
2020-21,22000553,2,1610612743,5,4,2,1,2,2,2
2020-21,22000553,2,1610612754,4,5,3,3,0,2,1
2020-21,22000553,3,1610612743,3,0,0,0,3,0,0
2020-21,22000553,3,1610612754,2,2,2,1,1,0,0
2020-21,22000553,4,1610612743,6,10,7,1,5,3,0
2020-21,22000553,4,1610612754,3,2,1,1,2,1,0
2020-21,22000554,1,1610612746,4,2,2,1,3,0,0
2020-21,22000554,1,1610612764,4,3,2,1,2,1,0
2020-21,22000554,2,1610612746,5,7,6,2,3,1,0
2020-21,22000554,2,1610612764,4,6,5,3,1,1,0
2020-21,22000554,3,1610612746,7,7,6,4,3,1,0
2020-21,22000554,3,1610612764,8,16,11,4,4,5,0
2020-21,22000554,4,1610612746,6,11,11,4,1,0,1
2020-21,22000554,4,1610612764,10,17,12,3,7,5,0
2020-21,22000555,1,1610612749,2,1,1,0,2,0,0
2020-21,22000555,1,1610612763,1,0,0,0,1,0,0
2020-21,22000555,2,1610612749,3,3,3,2,1,0,0
2020-21,22000555,2,1610612763,6,8,8,4,2,0,0
2020-21,22000555,3,1610612749,5,6,3,4,1,3,0
2020-21,22000555,3,1610612763,6,9,9,5,1,0,0
2020-21,22000555,4,1610612749,9,12,11,3,5,1,1
2020-21,22000555,4,1610612763,6,7,6,4,2,1,0
2020-21,22000556,1,1610612759,2,2,2,1,1,0,0
2020-21,22000556,1,1610612760,5,3,1,2,3,2,0
2020-21,22000556,2,1610612759,5,6,6,3,2,0,0
2020-21,22000556,2,1610612760,7,12,10,5,2,2,0
2020-21,22000556,3,1610612759,3,2,2,1,2,0,0
2020-21,22000556,3,1610612760,3,5,5,3,0,0,0
2020-21,22000556,4,1610612759,3,2,2,1,2,0,0
2020-21,22000556,4,1610612760,5,6,5,1,4,1,0
2020-21,22000557,1,1610612740,3,2,0,1,2,2,0
2020-21,22000557,1,1610612748,2,4,4,2,0,0,0
2020-21,22000557,2,1610612740,2,3,3,1,1,0,0
2020-21,22000557,2,1610612748,5,4,3,2,3,1,0
2020-21,22000557,3,1610612740,7,11,10,4,2,1,1
2020-21,22000557,3,1610612748,6,8,7,2,4,1,0
2020-21,22000557,4,1610612740,5,4,3,1,4,1,0
2020-21,22000557,4,1610612748,6,9,7,3,3,2,0
2020-21,22000558,1,1610612757,2,4,4,2,0,0,0
2020-21,22000558,1,1610612758,3,3,1,2,1,2,0
2020-21,22000558,2,1610612757,4,6,6,3,0,0,1
2020-21,22000558,2,1610612758,4,2,1,2,2,1,0
2020-21,22000558,3,1610612757,4,3,3,2,2,0,0
2020-21,22000558,3,1610612758,2,4,4,2,0,0,0
2020-21,22000558,4,1610612757,8,12,11,2,6,1,0
2020-21,22000558,4,1610612758,5,7,4,3,2,3,0
2020-21,22000559,1,1610612757,5,6,6,2,2,0,1
2020-21,22000559,1,1610612764,4,4,4,3,1,0,0
2020-21,22000559,2,1610612757,7,12,12,5,1,0,1
2020-21,22000559,2,1610612764,5,6,5,3,2,1,0
2020-21,22000559,3,1610612757,2,1,1,0,2,0,0
2020-21,22000559,3,1610612764,5,7,4,3,2,3,0
2020-21,22000559,4,1610612757,5,4,4,1,2,0,2
2020-21,22000559,4,1610612764,0,0,0,0,0,0,0
2020-21,22000560,1,1610612738,4,5,2,2,2,3,0
2020-21,22000560,1,1610612764,2,4,4,2,0,0,0
2020-21,22000560,2,1610612738,4,5,2,2,2,3,0
2020-21,22000560,2,1610612764,10,13,11,6,2,2,2
2020-21,22000560,3,1610612738,6,8,5,5,1,3,0
2020-21,22000560,3,1610612764,8,12,11,4,3,1,1
2020-21,22000560,4,1610612738,7,12,9,4,2,3,1
2020-21,22000560,4,1610612764,5,7,5,3,2,2,0
2020-21,22000561,1,1610612740,5,9,5,3,2,4,0
2020-21,22000561,1,1610612765,2,1,0,1,0,1,1
2020-21,22000561,2,1610612740,5,4,4,1,4,0,0
2020-21,22000561,2,1610612765,5,5,4,2,3,1,0
2020-21,22000561,3,1610612740,3,3,3,2,1,0,0
2020-21,22000561,3,1610612765,5,10,8,4,1,2,0
2020-21,22000561,4,1610612740,6,12,11,5,0,1,1
2020-21,22000561,4,1610612765,4,4,4,0,4,0,0
2020-21,22000562,1,1610612760,6,11,11,4,2,0,0
2020-21,22000562,1,1610612763,4,5,4,3,1,1,0
2020-21,22000562,2,1610612760,0,0,0,0,0,0,0
2020-21,22000562,2,1610612763,4,4,4,2,2,0,0
2020-21,22000562,3,1610612760,6,10,7,4,2,3,0
2020-21,22000562,3,1610612763,7,8,6,4,1,2,2
2020-21,22000562,4,1610612760,5,7,6,2,3,1,0
2020-21,22000562,4,1610612763,10,16,12,4,5,4,1
2020-21,22000563,1,1610612739,5,3,2,1,3,1,1
2020-21,22000563,1,1610612743,3,0,0,0,3,0,0
2020-21,22000563,2,1610612739,2,3,2,1,1,1,0
2020-21,22000563,2,1610612743,3,5,5,1,1,0,0
2020-21,22000563,3,1610612739,6,8,5,2,4,3,0
2020-21,22000563,3,1610612743,5,8,7,3,2,1,0
2020-21,22000563,4,1610612739,4,7,4,3,0,3,1
2020-21,22000563,4,1610612743,3,4,1,2,1,3,0
2020-21,22000564,1,1610612741,4,4,3,2,2,1,0
2020-21,22000564,1,1610612765,4,2,2,1,3,0,0
2020-21,22000564,2,1610612741,5,6,3,2,2,3,1
2020-21,22000564,2,1610612765,4,5,4,3,1,1,0
2020-21,22000564,3,1610612741,5,3,2,2,2,1,0
2020-21,22000564,3,1610612765,2,4,4,2,0,0,0
2020-21,22000564,4,1610612741,7,11,7,4,3,4,0
2020-21,22000564,4,1610612765,9,13,10,4,4,3,1
2020-21,22000565,1,1610612752,4,6,5,3,1,1,0
2020-21,22000565,1,1610612765,2,2,1,1,1,1,0
2020-21,22000565,2,1610612752,3,4,3,2,1,1,0
2020-21,22000565,2,1610612765,2,0,0,0,0,0,2
2020-21,22000565,3,1610612752,2,2,1,1,1,1,0
2020-21,22000565,3,1610612765,4,6,5,3,1,1,0
2020-21,22000565,4,1610612752,4,7,6,1,3,1,0
2020-21,22000565,4,1610612765,5,7,6,4,0,1,0
2020-21,22000566,1,1610612763,4,4,3,2,2,1,0
2020-21,22000566,1,1610612764,5,4,4,2,3,0,0
2020-21,22000566,2,1610612763,9,16,11,7,2,5,0
2020-21,22000566,2,1610612764,8,12,11,6,1,1,1
2020-21,22000566,3,1610612763,6,7,4,5,1,3,0
2020-21,22000566,3,1610612764,6,7,6,2,2,1,1
2020-21,22000566,4,1610612763,5,2,1,1,2,1,2
2020-21,22000566,4,1610612764,3,4,4,2,1,0,0
2020-21,22000567,1,1610612742,3,3,3,2,1,0,0
2020-21,22000567,1,1610612759,4,2,2,1,3,0,0
2020-21,22000567,2,1610612742,5,4,3,2,3,1,0
2020-21,22000567,2,1610612759,2,3,3,1,1,0,0
2020-21,22000567,3,1610612742,6,9,7,5,0,2,1
2020-21,22000567,3,1610612759,7,9,5,6,1,4,0
2020-21,22000567,4,1610612742,3,3,3,2,1,0,0
2020-21,22000567,4,1610612759,4,6,6,2,1,0,0
2020-21,22000568,1,1610612765,1,0,0,0,1,0,0
2020-21,22000568,1,1610612766,3,6,6,3,0,0,0
2020-21,22000568,2,1610612765,5,3,1,1,4,2,0
2020-21,22000568,2,1610612766,5,5,4,3,2,1,0
2020-21,22000568,3,1610612765,4,6,5,3,1,1,0
2020-21,22000568,3,1610612766,4,5,5,3,1,0,0
2020-21,22000568,4,1610612765,4,5,5,3,0,0,1
2020-21,22000568,4,1610612766,8,8,8,5,3,0,0
2020-21,22000569,1,1610612738,6,5,2,2,3,3,1
2020-21,22000569,1,1610612751,2,2,2,1,0,0,1
2020-21,22000569,2,1610612738,4,6,5,3,1,1,0
2020-21,22000569,2,1610612751,5,9,7,4,0,2,1
2020-21,22000569,3,1610612738,6,8,4,4,2,4,0
2020-21,22000569,3,1610612751,2,5,4,2,0,1,0
2020-21,22000569,4,1610612738,4,3,3,1,3,0,0
2020-21,22000569,4,1610612751,4,6,5,2,2,1,0
2020-21,22000570,1,1610612737,2,3,2,2,0,1,0
2020-21,22000570,1,1610612761,7,10,9,4,3,1,0
2020-21,22000570,2,1610612737,10,14,10,2,8,4,0
2020-21,22000570,2,1610612761,6,4,3,1,5,1,0
2020-21,22000570,3,1610612737,5,8,6,3,1,2,1
2020-21,22000570,3,1610612761,4,4,4,2,2,0,0
2020-21,22000570,4,1610612737,7,10,10,3,4,0,0
2020-21,22000570,4,1610612761,5,5,3,2,3,2,0
2020-21,22000571,1,1610612748,2,3,2,2,0,1,0
2020-21,22000571,1,1610612753,6,8,7,4,2,1,0
2020-21,22000571,2,1610612748,6,7,2,3,1,5,2
2020-21,22000571,2,1610612753,4,4,3,2,1,1,1
2020-21,22000571,3,1610612748,3,3,1,2,1,2,0
2020-21,22000571,3,1610612753,1,1,1,1,0,0,0
2020-21,22000571,4,1610612748,7,9,8,2,5,1,0
2020-21,22000571,4,1610612753,4,2,2,1,2,0,1
2020-21,22000572,1,1610612741,4,4,3,2,2,1,0
2020-21,22000572,1,1610612755,3,5,3,3,0,2,0
2020-21,22000572,2,1610612741,1,0,0,0,0,0,1
2020-21,22000572,2,1610612755,7,7,6,3,3,1,1
2020-21,22000572,3,1610612741,5,6,6,3,2,0,0
2020-21,22000572,3,1610612755,3,1,1,0,3,0,0
2020-21,22000572,4,1610612741,3,6,4,3,0,2,0
2020-21,22000572,4,1610612755,4,2,1,2,1,1,1
2020-21,22000573,1,1610612749,2,4,3,2,0,1,0
2020-21,22000573,1,1610612752,2,3,1,1,0,2,1
2020-21,22000573,2,1610612749,6,8,8,3,3,0,0
2020-21,22000573,2,1610612752,3,3,3,2,1,0,0
2020-21,22000573,3,1610612749,4,2,2,1,3,0,0
2020-21,22000573,3,1610612752,2,4,2,2,0,2,0
2020-21,22000573,4,1610612749,3,3,3,2,0,0,1
2020-21,22000573,4,1610612752,8,11,8,5,3,3,0
2020-21,22000574,1,1610612740,7,9,7,4,2,2,1
2020-21,22000574,1,1610612750,4,4,4,2,2,0,0
2020-21,22000574,2,1610612740,3,6,4,3,0,2,0
2020-21,22000574,2,1610612750,2,2,2,1,1,0,0
2020-21,22000574,3,1610612740,4,5,0,2,2,5,0
2020-21,22000574,3,1610612750,6,6,4,3,3,2,0
2020-21,22000574,4,1610612740,4,4,2,3,1,2,0
2020-21,22000574,4,1610612750,2,4,4,1,0,0,0
2020-21,22000575,1,1610612742,4,6,4,3,1,2,0
2020-21,22000575,1,1610612760,4,4,4,2,2,0,0
2020-21,22000575,2,1610612742,4,5,3,1,3,2,0
2020-21,22000575,2,1610612760,2,2,0,1,1,2,0
2020-21,22000575,3,1610612742,4,2,2,1,3,0,0
2020-21,22000575,3,1610612760,5,6,6,4,1,0,0
2020-21,22000575,4,1610612742,10,20,14,9,1,6,0
2020-21,22000575,4,1610612760,8,8,8,1,7,0,0
2020-21,22000576,1,1610612744,5,7,6,2,3,1,0
2020-21,22000576,1,1610612746,3,2,2,1,2,0,0
2020-21,22000576,2,1610612744,4,4,2,2,1,2,1
2020-21,22000576,2,1610612746,8,10,8,4,4,2,0
2020-21,22000576,3,1610612744,6,7,5,3,1,2,2
2020-21,22000576,3,1610612746,8,9,8,5,2,1,1
2020-21,22000576,4,1610612744,6,9,6,4,1,3,1
2020-21,22000576,4,1610612746,4,8,6,4,0,2,0
2020-21,22000577,1,1610612756,0,0,0,0,0,0,0
2020-21,22000577,1,1610612757,2,2,1,1,1,1,0
2020-21,22000577,2,1610612756,6,6,6,3,3,0,0
2020-21,22000577,2,1610612757,4,2,2,1,2,0,1
2020-21,22000577,3,1610612756,5,5,3,4,1,2,0
2020-21,22000577,3,1610612757,6,7,6,4,2,1,0
2020-21,22000577,4,1610612756,5,8,7,3,2,1,0
2020-21,22000577,4,1610612757,7,8,8,4,3,0,0
2020-21,22000578,1,1610612745,6,10,7,4,2,3,0
2020-21,22000578,1,1610612758,8,9,9,5,3,0,0
2020-21,22000578,2,1610612745,5,4,2,1,2,2,2
2020-21,22000578,2,1610612758,7,9,6,6,1,3,0
2020-21,22000578,3,1610612745,3,3,3,2,1,0,0
2020-21,22000578,3,1610612758,6,10,9,3,3,1,0
2020-21,22000578,4,1610612745,3,0,0,0,2,0,1
2020-21,22000578,4,1610612758,1,0,0,0,1,0,0
2020-21,22000579,1,1610612755,2,2,2,1,1,0,0
2020-21,22000579,1,1610612764,4,4,3,2,1,1,1
2020-21,22000579,2,1610612755,7,10,10,6,1,0,0
2020-21,22000579,2,1610612764,3,6,3,3,0,3,0
2020-21,22000579,3,1610612755,4,2,2,1,2,0,1
2020-21,22000579,3,1610612764,7,8,5,2,5,3,0
2020-21,22000579,4,1610612755,2,4,4,2,0,0,0
2020-21,22000579,4,1610612764,3,4,2,3,0,2,0
2020-21,22000580,1,1610612743,4,2,2,1,3,0,0
2020-21,22000580,1,1610612763,3,4,4,3,0,0,0
2020-21,22000580,2,1610612743,3,4,3,2,1,1,0
2020-21,22000580,2,1610612763,2,2,2,1,1,0,0
2020-21,22000580,3,1610612743,5,5,3,3,2,2,0
2020-21,22000580,3,1610612763,5,2,2,1,4,0,0
2020-21,22000580,4,1610612743,3,0,0,0,2,0,1
2020-21,22000580,4,1610612763,0,0,0,0,0,0,0
2020-21,22000581,1,1610612739,4,6,5,3,1,1,0
2020-21,22000581,1,1610612740,5,7,7,4,1,0,0
2020-21,22000581,2,1610612739,5,6,5,3,2,1,0
2020-21,22000581,2,1610612740,7,8,6,5,2,2,0
2020-21,22000581,3,1610612739,3,4,4,2,1,0,0
2020-21,22000581,3,1610612740,0,0,0,0,0,0,0
2020-21,22000581,4,1610612739,5,4,1,2,3,3,0
2020-21,22000581,4,1610612740,4,4,3,2,2,1,0
2020-21,22000582,1,1610612741,2,0,0,0,2,0,0
2020-21,22000582,1,1610612748,4,4,3,2,2,1,0
2020-21,22000582,2,1610612741,3,2,2,1,2,0,0
2020-21,22000582,2,1610612748,5,8,6,4,1,2,0
2020-21,22000582,3,1610612741,3,3,3,2,1,0,0
2020-21,22000582,3,1610612748,2,2,2,1,0,0,1
2020-21,22000582,4,1610612741,3,2,2,1,2,0,0
2020-21,22000582,4,1610612748,4,6,4,3,1,2,0
2020-21,22000583,1,1610612753,3,4,2,2,1,2,0
2020-21,22000583,1,1610612759,2,2,1,1,0,1,1
2020-21,22000583,2,1610612753,3,0,0,0,3,0,0
2020-21,22000583,2,1610612759,7,10,8,3,3,2,1
2020-21,22000583,3,1610612753,3,4,3,1,1,1,0
2020-21,22000583,3,1610612759,2,2,1,1,1,1,0
2020-21,22000583,4,1610612753,4,4,4,2,2,0,0
2020-21,22000583,4,1610612759,3,4,4,3,0,0,0
2020-21,22000584,1,1610612745,2,4,3,2,0,1,0
2020-21,22000584,1,1610612762,8,14,12,5,3,2,0
2020-21,22000584,2,1610612745,6,5,1,2,1,4,3
2020-21,22000584,2,1610612762,6,7,7,3,3,0,0
2020-21,22000584,3,1610612745,2,4,4,2,0,0,0
2020-21,22000584,3,1610612762,2,0,0,0,2,0,0
2020-21,22000584,4,1610612745,3,0,0,0,2,0,1
2020-21,22000584,4,1610612762,3,4,2,2,1,2,0
2020-21,22000585,1,1610612747,6,7,5,3,3,2,0
2020-21,22000585,1,1610612754,3,3,3,2,0,0,1
2020-21,22000585,2,1610612747,10,16,12,7,3,4,0
2020-21,22000585,2,1610612754,4,2,1,2,2,1,0
2020-21,22000585,3,1610612747,4,7,7,4,0,0,0
2020-21,22000585,3,1610612754,6,10,9,4,2,1,0
2020-21,22000585,4,1610612747,6,9,6,4,1,3,1
2020-21,22000585,4,1610612754,4,6,5,3,1,1,0
2020-21,22000586,1,1610612752,2,2,1,1,1,1,0
2020-21,22000586,1,1610612760,5,4,4,2,3,0,0
2020-21,22000586,2,1610612752,6,8,7,3,3,1,0
2020-21,22000586,2,1610612760,7,13,8,5,2,5,0
2020-21,22000586,3,1610612752,6,11,8,5,1,3,0
2020-21,22000586,3,1610612760,3,4,3,2,1,1,0
2020-21,22000586,4,1610612752,3,1,1,1,2,0,0
2020-21,22000586,4,1610612760,2,0,0,0,2,0,0
2020-21,22000587,1,1610612751,2,4,3,2,0,1,0
2020-21,22000587,1,1610612765,4,4,3,2,2,1,0
2020-21,22000587,2,1610612751,5,8,5,4,0,3,1
2020-21,22000587,2,1610612765,3,2,2,1,1,0,1
2020-21,22000587,3,1610612751,2,2,1,1,1,1,0
2020-21,22000587,3,1610612765,6,8,6,4,1,2,1
2020-21,22000587,4,1610612751,5,8,7,3,2,1,0
2020-21,22000587,4,1610612765,3,6,4,2,0,2,1
2020-21,22000588,1,1610612761,4,2,2,1,3,0,0
2020-21,22000588,1,1610612766,5,5,5,1,4,0,0
2020-21,22000588,2,1610612761,4,6,5,3,1,1,0
2020-21,22000588,2,1610612766,2,2,2,1,1,0,0
2020-21,22000588,3,1610612761,4,2,1,1,2,1,1
2020-21,22000588,3,1610612766,5,7,5,2,2,2,0
2020-21,22000588,4,1610612761,5,8,7,4,1,1,0
2020-21,22000588,4,1610612766,3,5,3,2,1,2,0
2020-21,22000589,1,1610612749,3,0,0,0,3,0,0
2020-21,22000589,1,1610612764,3,4,4,2,1,0,0
2020-21,22000589,2,1610612749,7,10,9,3,2,1,1
2020-21,22000589,2,1610612764,5,7,5,4,0,2,1
2020-21,22000589,3,1610612749,5,9,7,5,0,2,0
2020-21,22000589,3,1610612764,4,8,7,4,0,1,0
2020-21,22000589,4,1610612749,3,6,6,1,2,0,0
2020-21,22000589,4,1610612764,3,3,1,2,1,2,0
2020-21,22000590,1,1610612737,2,2,2,1,1,0,0
2020-21,22000590,1,1610612758,5,4,3,2,1,1,2
2020-21,22000590,2,1610612737,7,8,8,1,3,0,2
2020-21,22000590,2,1610612758,3,4,4,2,0,0,1
2020-21,22000590,3,1610612737,6,7,4,1,5,3,0
2020-21,22000590,3,1610612758,5,4,3,3,2,1,0
2020-21,22000590,4,1610612737,8,16,9,5,3,7,0
2020-21,22000590,4,1610612758,3,4,3,2,1,1,0
2020-21,22000591,1,1610612750,2,4,2,2,0,2,0
2020-21,22000591,1,1610612757,3,5,5,3,0,0,0
2020-21,22000591,2,1610612750,9,16,11,6,3,5,0
2020-21,22000591,2,1610612757,10,13,12,4,5,1,1
2020-21,22000591,3,1610612750,4,8,7,4,0,1,0
2020-21,22000591,3,1610612757,4,5,3,2,2,2,0
2020-21,22000591,4,1610612750,2,3,3,1,1,0,0
2020-21,22000591,4,1610612757,4,7,6,1,3,1,0
2020-21,22000592,1,1610612742,5,7,6,3,1,1,1
2020-21,22000592,1,1610612743,5,3,3,2,2,0,1
2020-21,22000592,2,1610612742,2,0,0,0,2,0,0
2020-21,22000592,2,1610612743,6,7,4,3,1,3,2
2020-21,22000592,3,1610612742,3,0,0,0,3,0,0
2020-21,22000592,3,1610612743,4,2,2,1,3,0,0
2020-21,22000592,4,1610612742,7,9,8,3,4,1,0
2020-21,22000592,4,1610612743,4,6,4,3,1,2,0
2020-21,22000593,1,1610612760,6,10,10,4,2,0,0
2020-21,22000593,1,1610612763,3,0,0,0,3,0,0
2020-21,22000593,2,1610612760,1,3,3,1,0,0,0
2020-21,22000593,2,1610612763,6,12,9,5,1,3,0
2020-21,22000593,3,1610612760,7,10,8,3,3,2,1
2020-21,22000593,3,1610612763,5,6,5,3,2,1,0
2020-21,22000593,4,1610612760,7,11,7,3,4,4,0
2020-21,22000593,4,1610612763,5,11,7,4,1,4,0
2020-21,22000594,1,1610612744,2,1,1,1,1,0,0
2020-21,22000594,1,1610612762,5,4,2,2,3,2,0
2020-21,22000594,2,1610612744,4,1,1,1,3,0,0
2020-21,22000594,2,1610612762,7,11,8,5,2,3,0
2020-21,22000594,3,1610612744,3,6,5,3,0,1,0
2020-21,22000594,3,1610612762,7,10,9,4,3,1,0
2020-21,22000594,4,1610612744,7,10,8,1,6,2,0
2020-21,22000594,4,1610612762,5,4,3,1,4,1,0
2020-21,22000595,1,1610612755,2,1,0,0,1,1,0
2020-21,22000595,1,1610612759,3,0,0,0,2,0,1
2020-21,22000595,2,1610612755,3,2,1,1,2,1,0
2020-21,22000595,2,1610612759,9,13,12,6,2,1,1
2020-21,22000595,3,1610612755,6,6,5,2,4,1,0
2020-21,22000595,3,1610612759,4,4,3,2,1,1,1
2020-21,22000595,4,1610612755,2,2,1,1,0,1,1
2020-21,22000595,4,1610612759,10,14,8,5,5,6,0
2020-21,22000596,1,1610612748,2,2,1,1,1,1,0
2020-21,22000596,1,1610612753,2,4,4,2,0,0,0
2020-21,22000596,2,1610612748,2,2,2,1,1,0,0
2020-21,22000596,2,1610612753,5,11,8,5,0,3,0
2020-21,22000596,3,1610612748,4,5,5,3,1,0,0
2020-21,22000596,3,1610612753,4,2,1,2,1,1,1
2020-21,22000596,4,1610612748,6,6,6,2,4,0,0
2020-21,22000596,4,1610612753,4,4,2,2,2,2,0
2020-21,22000597,1,1610612737,6,8,8,3,3,0,0
2020-21,22000597,1,1610612739,3,2,0,1,2,2,0
2020-21,22000597,2,1610612737,3,6,5,3,0,1,0
2020-21,22000597,2,1610612739,6,7,3,4,2,4,0
2020-21,22000597,3,1610612737,5,4,4,2,3,0,0
2020-21,22000597,3,1610612739,8,12,7,3,5,5,0
2020-21,22000597,4,1610612737,4,8,7,4,0,1,0
2020-21,22000597,4,1610612739,3,2,2,1,1,0,1
2020-21,22000598,1,1610612738,6,8,7,4,2,1,0
2020-21,22000598,1,1610612745,6,10,5,5,1,5,0
2020-21,22000598,2,1610612738,3,2,1,1,2,1,0
2020-21,22000598,2,1610612745,5,6,5,2,2,1,1
2020-21,22000598,3,1610612738,4,6,5,3,1,1,0
2020-21,22000598,3,1610612745,3,6,5,3,0,1,0
2020-21,22000598,4,1610612738,4,5,1,3,1,4,0
2020-21,22000598,4,1610612745,6,9,6,5,1,3,0
2020-21,22000599,1,1610612750,5,8,4,4,1,4,0
2020-21,22000599,1,1610612757,6,5,3,2,3,2,1
2020-21,22000599,2,1610612750,4,3,0,2,1,3,1
2020-21,22000599,2,1610612757,3,2,1,1,1,1,1
2020-21,22000599,3,1610612750,6,10,8,3,3,2,0
2020-21,22000599,3,1610612757,4,1,1,1,2,0,1
2020-21,22000599,4,1610612750,10,18,17,4,5,1,1
2020-21,22000599,4,1610612757,7,13,12,5,2,1,0
2020-21,22000600,1,1610612741,5,5,5,3,2,0,0
2020-21,22000600,1,1610612761,4,6,6,3,1,0,0
2020-21,22000600,2,1610612741,3,2,2,2,1,0,0
2020-21,22000600,2,1610612761,3,3,1,2,1,2,0
2020-21,22000600,3,1610612741,9,11,7,2,7,4,0
2020-21,22000600,3,1610612761,6,8,6,4,1,2,1
2020-21,22000600,4,1610612741,3,5,4,2,0,1,1
2020-21,22000600,4,1610612761,6,4,2,0,4,2,2
2020-21,22000601,1,1610612740,5,5,4,3,1,1,1
2020-21,22000601,1,1610612746,2,2,2,1,1,0,0
2020-21,22000601,2,1610612740,5,7,7,3,1,0,1
2020-21,22000601,2,1610612746,3,4,4,2,1,0,0
2020-21,22000601,3,1610612740,5,6,6,4,1,0,0
2020-21,22000601,3,1610612746,7,11,8,4,3,3,0
2020-21,22000601,4,1610612740,2,3,0,2,0,3,0
2020-21,22000601,4,1610612746,3,2,2,1,2,0,0
2020-21,22000602,1,1610612758,1,1,1,1,0,0,0
2020-21,22000602,1,1610612766,4,2,1,1,2,1,1
2020-21,22000602,2,1610612758,7,11,8,5,2,3,0
2020-21,22000602,2,1610612766,6,10,9,3,3,1,0
2020-21,22000602,3,1610612758,2,1,1,1,1,0,0
2020-21,22000602,3,1610612766,3,4,3,3,0,1,0
2020-21,22000602,4,1610612758,5,4,1,2,3,3,0
2020-21,22000602,4,1610612766,5,9,7,2,3,2,0
2020-21,22000603,1,1610612749,4,4,4,2,1,0,1
2020-21,22000603,1,1610612764,2,2,2,1,1,0,0
2020-21,22000603,2,1610612749,2,0,0,0,1,0,1
2020-21,22000603,2,1610612764,5,9,5,4,1,4,0
2020-21,22000603,3,1610612749,8,10,10,2,6,0,0
2020-21,22000603,3,1610612764,4,8,7,4,0,1,0
2020-21,22000603,4,1610612749,3,5,4,2,1,1,0
2020-21,22000603,4,1610612764,4,5,4,3,1,1,0
2020-21,22000604,1,1610612751,3,6,3,3,0,3,0
2020-21,22000604,1,1610612752,2,2,2,1,1,0,0
2020-21,22000604,2,1610612751,6,8,8,3,3,0,0
2020-21,22000604,2,1610612752,7,11,9,5,2,2,0
2020-21,22000604,3,1610612751,4,0,0,1,3,0,0
2020-21,22000604,3,1610612752,5,8,7,4,0,1,1
2020-21,22000604,4,1610612751,8,8,6,0,7,2,1
2020-21,22000604,4,1610612752,4,6,5,3,1,1,0
2020-21,22000605,1,1610612742,2,1,0,1,1,1,0
2020-21,22000605,1,1610612746,4,4,3,2,2,1,0
2020-21,22000605,2,1610612742,3,0,0,0,3,0,0
2020-21,22000605,2,1610612746,2,0,0,0,2,0,0
2020-21,22000605,3,1610612742,3,2,2,1,2,0,0
2020-21,22000605,3,1610612746,4,2,2,1,3,0,0
2020-21,22000605,4,1610612742,3,2,2,1,2,0,0
2020-21,22000605,4,1610612746,5,5,4,3,2,1,0
2020-21,22000606,1,1610612743,2,4,4,2,0,0,0
2020-21,22000606,1,1610612754,1,1,1,1,0,0,0
2020-21,22000606,2,1610612743,5,7,5,2,3,2,0
2020-21,22000606,2,1610612754,5,3,3,1,3,0,1
2020-21,22000606,3,1610612743,3,4,4,2,1,0,0
2020-21,22000606,3,1610612754,3,2,2,1,0,0,2
2020-21,22000606,4,1610612743,2,4,3,1,0,1,0
2020-21,22000606,4,1610612754,5,7,5,4,1,2,0
2020-21,22000607,1,1610612756,5,5,5,3,2,0,0
2020-21,22000607,1,1610612763,3,2,1,1,1,1,1
2020-21,22000607,2,1610612756,4,2,2,1,2,0,1
2020-21,22000607,2,1610612763,6,9,8,4,2,1,0
2020-21,22000607,3,1610612756,3,3,3,1,2,0,0
2020-21,22000607,3,1610612763,5,9,6,4,1,3,0
2020-21,22000607,4,1610612756,5,8,6,4,1,2,0
2020-21,22000607,4,1610612763,3,6,3,3,0,3,0
2020-21,22000608,1,1610612744,3,5,3,2,1,2,0
2020-21,22000608,1,1610612747,3,4,3,2,1,1,0
2020-21,22000608,2,1610612744,5,8,5,4,0,3,1
2020-21,22000608,2,1610612747,6,10,8,5,1,2,0
2020-21,22000608,3,1610612744,4,4,4,2,1,0,1
2020-21,22000608,3,1610612747,4,6,5,3,1,1,0
2020-21,22000608,4,1610612744,7,7,4,2,4,3,1
2020-21,22000608,4,1610612747,3,5,3,3,0,2,0
2020-21,22000609,1,1610612738,4,0,0,0,4,0,0
2020-21,22000609,1,1610612762,0,0,0,0,0,0,0
2020-21,22000609,2,1610612738,1,0,0,0,1,0,0
2020-21,22000609,2,1610612762,3,7,6,1,1,1,0
2020-21,22000609,3,1610612738,5,2,2,2,3,0,0
2020-21,22000609,3,1610612762,4,6,5,2,2,1,0
2020-21,22000609,4,1610612738,4,2,1,2,2,1,0
2020-21,22000609,4,1610612762,9,11,11,1,8,0,0
2020-21,22000610,1,1610612739,2,2,2,1,1,0,0
2020-21,22000610,1,1610612748,6,7,6,2,4,1,0
2020-21,22000610,2,1610612739,5,3,2,1,4,1,0
2020-21,22000610,2,1610612748,3,5,5,3,0,0,0
2020-21,22000610,3,1610612739,5,6,4,2,3,2,0
2020-21,22000610,3,1610612748,5,3,2,1,3,1,1
2020-21,22000610,4,1610612739,4,3,2,2,2,1,0
2020-21,22000610,4,1610612748,4,6,6,3,1,0,0
2020-21,22000611,1,1610612752,1,1,0,0,1,1,0
2020-21,22000611,1,1610612755,4,1,1,0,4,0,0
2020-21,22000611,2,1610612752,10,15,9,7,3,6,0
2020-21,22000611,2,1610612755,9,11,7,4,5,4,0
2020-21,22000611,3,1610612752,4,2,2,1,3,0,0
2020-21,22000611,3,1610612755,4,1,1,1,3,0,0
2020-21,22000611,4,1610612752,6,4,3,1,5,1,0
2020-21,22000611,4,1610612755,5,6,5,1,3,1,1
2020-21,22000612,1,1610612741,5,5,4,2,2,1,1
2020-21,22000612,1,1610612760,4,2,2,2,2,0,0
2020-21,22000612,2,1610612741,2,5,5,2,0,0,0
2020-21,22000612,2,1610612760,5,8,6,3,1,2,0
2020-21,22000612,3,1610612741,4,5,3,3,1,2,0
2020-21,22000612,3,1610612760,3,0,0,0,2,0,1
2020-21,22000612,4,1610612741,3,3,3,2,1,0,0
2020-21,22000612,4,1610612760,4,3,3,1,3,0,0
2020-21,22000613,1,1610612737,4,6,6,3,1,0,0
2020-21,22000613,1,1610612745,3,4,2,2,0,2,1
2020-21,22000613,2,1610612737,7,7,6,4,2,1,1
2020-21,22000613,2,1610612745,6,6,5,4,2,1,0
2020-21,22000613,3,1610612737,2,0,0,0,2,0,0
2020-21,22000613,3,1610612745,5,3,3,1,4,0,0
2020-21,22000613,4,1610612737,5,3,2,0,5,1,0
2020-21,22000613,4,1610612745,2,0,0,0,2,0,0
2020-21,22000614,1,1610612740,4,8,8,4,0,0,0
2020-21,22000614,1,1610612757,3,4,4,2,1,0,0
2020-21,22000614,2,1610612740,3,5,4,2,0,1,0
2020-21,22000614,2,1610612757,5,6,6,2,2,0,1
2020-21,22000614,3,1610612740,4,3,2,2,2,1,0
2020-21,22000614,3,1610612757,6,11,11,3,2,0,1
2020-21,22000614,4,1610612740,5,4,2,1,4,2,0
2020-21,22000614,4,1610612757,8,10,10,4,3,0,1
2020-21,22000615,1,1610612747,6,12,9,5,1,3,0
2020-21,22000615,1,1610612750,4,7,6,4,0,1,0
2020-21,22000615,2,1610612747,4,7,7,4,0,0,0
2020-21,22000615,2,1610612750,5,9,6,5,0,3,0
2020-21,22000615,3,1610612747,5,6,5,3,2,1,0
2020-21,22000615,3,1610612750,5,4,3,1,4,1,0
2020-21,22000615,4,1610612747,2,3,3,1,0,0,0
2020-21,22000615,4,1610612750,1,2,1,1,0,1,0
2020-21,22000616,1,1610612761,3,0,0,0,3,0,0
2020-21,22000616,1,1610612765,5,6,6,3,2,0,0
2020-21,22000616,2,1610612761,6,10,8,4,1,2,0
2020-21,22000616,2,1610612765,5,5,5,3,2,0,0
2020-21,22000616,3,1610612761,6,10,8,2,3,2,0
2020-21,22000616,3,1610612765,8,11,10,4,4,1,0
2020-21,22000616,4,1610612761,10,14,10,5,4,4,1
2020-21,22000616,4,1610612765,8,10,7,1,6,3,1
2020-21,22000617,1,1610612751,7,9,7,3,3,2,0
2020-21,22000617,1,1610612754,4,1,1,1,2,0,1
2020-21,22000617,2,1610612751,8,13,10,5,3,3,0
2020-21,22000617,2,1610612754,5,8,7,4,1,1,0
2020-21,22000617,3,1610612751,5,5,3,2,2,2,1
2020-21,22000617,3,1610612754,5,9,8,5,0,1,0
2020-21,22000617,4,1610612751,8,13,11,3,4,2,0
2020-21,22000617,4,1610612754,5,7,4,4,1,3,0
2020-21,22000618,1,1610612749,4,6,3,3,0,3,1
2020-21,22000618,1,1610612755,1,0,0,0,1,0,0
2020-21,22000618,2,1610612749,1,3,3,1,0,0,0
2020-21,22000618,2,1610612755,3,3,2,1,1,1,1
2020-21,22000618,3,1610612749,4,5,4,2,1,1,0
2020-21,22000618,3,1610612755,2,3,1,1,1,2,0
2020-21,22000618,4,1610612749,4,4,3,3,1,1,0
2020-21,22000618,4,1610612755,2,2,2,1,0,0,1
2020-21,22000619,1,1610612758,6,11,10,5,1,1,0
2020-21,22000619,1,1610612764,4,6,6,4,0,0,0
2020-21,22000619,2,1610612758,3,2,0,1,2,2,0
2020-21,22000619,2,1610612764,8,9,8,4,4,1,0
2020-21,22000619,3,1610612758,7,12,10,5,1,2,1
2020-21,22000619,3,1610612764,5,3,2,1,2,1,2
2020-21,22000619,4,1610612758,8,10,9,3,5,1,0
2020-21,22000619,4,1610612764,7,10,7,5,2,3,0
2020-21,22000620,1,1610612738,2,0,0,0,2,0,0
2020-21,22000620,1,1610612739,6,8,7,2,4,1,0
2020-21,22000620,2,1610612738,2,6,5,2,0,1,0
2020-21,22000620,2,1610612739,3,4,3,1,1,1,0
2020-21,22000620,3,1610612738,4,6,3,3,1,3,0
2020-21,22000620,3,1610612739,5,4,3,1,3,1,0
2020-21,22000620,4,1610612738,9,17,12,4,4,5,1
2020-21,22000620,4,1610612739,10,17,14,5,5,3,0
2020-21,22000621,1,1610612741,1,2,2,1,0,0,0
2020-21,22000621,1,1610612759,5,5,2,1,2,3,1
2020-21,22000621,2,1610612741,1,2,2,1,0,0,0
2020-21,22000621,2,1610612759,4,7,6,3,1,1,0
2020-21,22000621,3,1610612741,4,2,2,1,3,0,0
2020-21,22000621,3,1610612759,6,10,9,4,2,1,0
2020-21,22000621,4,1610612741,2,3,2,1,0,1,0
2020-21,22000621,4,1610612759,5,8,5,3,2,3,0
2020-21,22000622,1,1610612744,2,3,3,2,0,0,0
2020-21,22000622,1,1610612745,4,9,6,3,0,3,0
2020-21,22000622,2,1610612744,6,5,4,4,2,1,0
2020-21,22000622,2,1610612745,7,6,3,1,4,3,2
2020-21,22000622,3,1610612744,2,0,0,0,2,0,0
2020-21,22000622,3,1610612745,9,15,10,6,3,5,0
2020-21,22000622,4,1610612744,3,4,3,2,1,1,0
2020-21,22000622,4,1610612745,6,10,2,5,1,8,0
2020-21,22000623,1,1610612748,4,6,4,3,1,2,0
2020-21,22000623,1,1610612763,4,6,4,4,0,2,0
2020-21,22000623,2,1610612748,3,3,2,2,1,1,0
2020-21,22000623,2,1610612763,3,3,3,2,1,0,0
2020-21,22000623,3,1610612748,4,3,1,2,2,2,0
2020-21,22000623,3,1610612763,6,6,4,3,2,2,1
2020-21,22000623,4,1610612748,5,6,6,2,2,0,1
2020-21,22000623,4,1610612763,6,10,8,4,2,2,0
2020-21,22000624,1,1610612743,4,4,2,2,2,2,0
2020-21,22000624,1,1610612766,2,2,2,1,1,0,0
2020-21,22000624,2,1610612743,3,1,1,1,2,0,0
2020-21,22000624,2,1610612766,4,3,2,2,2,1,0
2020-21,22000624,3,1610612743,3,1,1,1,2,0,0
2020-21,22000624,3,1610612766,3,3,2,1,2,1,0
2020-21,22000624,4,1610612743,5,7,5,2,3,2,0
2020-21,22000624,4,1610612766,12,20,14,8,3,6,1
2020-21,22000625,1,1610612742,4,3,3,2,2,0,0
2020-21,22000625,1,1610612746,3,5,3,3,0,2,0
2020-21,22000625,2,1610612742,5,6,5,2,3,1,0
2020-21,22000625,2,1610612746,2,2,2,1,1,0,0
2020-21,22000625,3,1610612742,3,3,2,2,1,1,0
2020-21,22000625,3,1610612746,3,4,1,2,1,3,0
2020-21,22000625,4,1610612742,3,0,0,0,3,0,0
2020-21,22000625,4,1610612746,4,0,0,0,4,0,0
2020-21,22000626,1,1610612737,3,2,1,1,1,1,1
2020-21,22000626,1,1610612760,4,4,4,1,2,0,1
2020-21,22000626,2,1610612737,5,9,8,3,1,1,1
2020-21,22000626,2,1610612760,2,2,2,1,1,0,0
2020-21,22000626,3,1610612737,5,2,2,0,4,0,1
2020-21,22000626,3,1610612760,4,4,3,2,2,1,0
2020-21,22000626,4,1610612737,0,0,0,0,0,0,0
2020-21,22000626,4,1610612760,5,6,3,2,3,3,0
2020-21,22000627,1,1610612752,3,1,1,1,2,0,0
2020-21,22000627,1,1610612753,4,7,6,4,0,1,0
2020-21,22000627,2,1610612752,3,6,3,2,1,3,0
2020-21,22000627,2,1610612753,4,5,4,2,2,1,0
2020-21,22000627,3,1610612752,3,3,2,2,0,1,1
2020-21,22000627,3,1610612753,4,2,2,1,3,0,0
2020-21,22000627,4,1610612752,3,1,0,1,1,1,1
2020-21,22000627,4,1610612753,2,2,1,1,1,1,0
2020-21,22000628,1,1610612750,5,4,3,1,4,1,0
2020-21,22000628,1,1610612756,4,4,4,2,2,0,0
2020-21,22000628,2,1610612750,3,4,4,2,0,0,1
2020-21,22000628,2,1610612756,4,5,5,3,0,0,1
2020-21,22000628,3,1610612750,10,13,8,6,2,5,2
2020-21,22000628,3,1610612756,4,6,3,3,0,3,1
2020-21,22000628,4,1610612750,10,14,9,6,4,5,0
2020-21,22000628,4,1610612756,4,4,2,1,3,2,0
2020-21,22000629,1,1610612740,1,0,0,0,1,0,0
2020-21,22000629,1,1610612757,2,4,3,2,0,1,0
2020-21,22000629,2,1610612740,7,11,8,5,2,3,0
2020-21,22000629,2,1610612757,5,9,7,4,0,2,0
2020-21,22000629,3,1610612740,4,6,4,4,0,2,0
2020-21,22000629,3,1610612757,6,6,6,1,3,0,2
2020-21,22000629,4,1610612740,5,8,5,4,1,3,0
2020-21,22000629,4,1610612757,5,6,5,1,2,1,2
2020-21,22000630,1,1610612747,4,8,6,4,0,2,0
2020-21,22000630,1,1610612766,5,6,3,5,0,3,0
2020-21,22000630,2,1610612747,2,2,2,1,1,0,0
2020-21,22000630,2,1610612766,4,5,3,3,1,2,0
2020-21,22000630,3,1610612747,3,2,1,1,2,1,0
2020-21,22000630,3,1610612766,4,4,2,3,1,2,0
2020-21,22000630,4,1610612747,5,8,6,2,2,2,0
2020-21,22000630,4,1610612766,5,5,4,2,2,1,1
2020-21,22000631,1,1610612738,0,0,0,0,0,0,0
2020-21,22000631,1,1610612758,1,2,2,1,0,0,0
2020-21,22000631,2,1610612738,5,4,4,2,3,0,0
2020-21,22000631,2,1610612758,6,8,7,3,2,1,0
2020-21,22000631,3,1610612738,4,2,1,1,3,1,0
2020-21,22000631,3,1610612758,6,9,6,5,1,3,0
2020-21,22000631,4,1610612738,5,1,1,1,4,0,0
2020-21,22000631,4,1610612758,4,7,6,2,2,1,0
2020-21,22000632,1,1610612748,5,9,9,5,0,0,0
2020-21,22000632,1,1610612754,3,1,0,1,2,1,0
2020-21,22000632,2,1610612748,7,11,10,3,4,1,0
2020-21,22000632,2,1610612754,6,9,7,4,2,2,0
2020-21,22000632,3,1610612748,3,0,0,0,3,0,0
2020-21,22000632,3,1610612754,1,0,0,0,0,0,1
2020-21,22000632,4,1610612748,2,0,0,0,1,0,1
2020-21,22000632,4,1610612754,4,9,6,4,0,3,0
2020-21,22000633,1,1610612751,3,3,3,2,1,0,0
2020-21,22000633,1,1610612753,5,7,4,3,1,3,1
2020-21,22000633,2,1610612751,4,7,5,3,1,2,0
2020-21,22000633,2,1610612753,3,2,1,1,1,1,1
2020-21,22000633,3,1610612751,6,7,4,4,2,3,0
2020-21,22000633,3,1610612753,3,5,5,3,0,0,0
2020-21,22000633,4,1610612751,4,6,5,3,1,1,0
2020-21,22000633,4,1610612753,4,6,4,3,1,2,0
2020-21,22000634,1,1610612761,4,2,1,0,3,1,1
2020-21,22000634,1,1610612762,6,6,6,2,4,0,0
2020-21,22000634,2,1610612761,3,5,5,2,1,0,0
2020-21,22000634,2,1610612762,4,7,6,3,1,1,0
2020-21,22000634,3,1610612761,5,5,3,2,2,2,1
2020-21,22000634,3,1610612762,7,11,10,4,3,1,0
2020-21,22000634,4,1610612761,2,2,2,1,1,0,0
2020-21,22000634,4,1610612762,10,17,13,5,5,4,0
2020-21,22000635,1,1610612745,2,3,1,2,0,2,0
2020-21,22000635,1,1610612765,4,7,5,4,0,2,0
2020-21,22000635,2,1610612745,4,4,4,2,2,0,0
2020-21,22000635,2,1610612765,4,6,6,2,1,0,0
2020-21,22000635,3,1610612745,3,4,3,3,0,1,0
2020-21,22000635,3,1610612765,6,10,9,3,3,1,0
2020-21,22000635,4,1610612745,4,5,5,3,0,0,1
2020-21,22000635,4,1610612765,3,5,5,3,0,0,0
2020-21,22000636,1,1610612744,1,2,2,1,0,0,0
2020-21,22000636,1,1610612763,2,5,4,2,0,1,0
2020-21,22000636,2,1610612744,8,12,8,3,3,4,2
2020-21,22000636,2,1610612763,4,5,4,3,1,1,0
2020-21,22000636,3,1610612744,5,2,1,2,3,1,0
2020-21,22000636,3,1610612763,6,7,6,2,4,1,0
2020-21,22000636,4,1610612744,2,2,2,1,1,0,0
2020-21,22000636,4,1610612763,4,4,3,2,2,1,0
2020-21,22000637,1,1610612741,1,0,0,0,1,0,0
2020-21,22000637,1,1610612743,2,4,2,2,0,2,0
2020-21,22000637,2,1610612741,5,6,5,4,0,1,1
2020-21,22000637,2,1610612743,3,4,4,2,1,0,0
2020-21,22000637,3,1610612741,7,10,4,5,1,6,0
2020-21,22000637,3,1610612743,8,14,11,3,4,3,1
2020-21,22000637,4,1610612741,5,2,2,0,3,0,2
2020-21,22000637,4,1610612743,4,3,2,0,1,1,2
2020-21,22000638,1,1610612750,3,2,2,2,1,0,0
2020-21,22000638,1,1610612756,5,6,6,2,2,0,1
2020-21,22000638,2,1610612750,5,8,7,2,3,1,0
2020-21,22000638,2,1610612756,3,1,0,1,2,1,0
2020-21,22000638,3,1610612750,2,4,2,2,0,2,0
2020-21,22000638,3,1610612756,4,5,4,1,1,1,1
2020-21,22000638,4,1610612750,4,4,3,2,2,1,0
2020-21,22000638,4,1610612756,4,5,3,3,0,2,1
2020-21,22000639,1,1610612742,2,2,2,1,1,0,0
2020-21,22000639,1,1610612757,4,3,3,2,2,0,0
2020-21,22000639,2,1610612742,4,4,3,2,2,1,0
2020-21,22000639,2,1610612757,3,8,7,3,0,1,0
2020-21,22000639,3,1610612742,6,7,7,4,1,0,1
2020-21,22000639,3,1610612757,3,2,1,1,2,1,0
2020-21,22000639,4,1610612742,3,0,0,0,3,0,0
2020-21,22000639,4,1610612757,3,4,4,0,3,0,0
2020-21,22000640,1,1610612737,2,4,4,2,0,0,0
2020-21,22000640,1,1610612747,4,7,6,3,0,1,1
2020-21,22000640,2,1610612737,3,1,0,1,2,1,0
2020-21,22000640,2,1610612747,5,7,5,3,1,2,1
2020-21,22000640,3,1610612737,4,2,2,1,3,0,0
2020-21,22000640,3,1610612747,5,5,2,2,3,3,0
2020-21,22000640,4,1610612737,5,2,2,0,5,0,0
2020-21,22000640,4,1610612747,6,5,5,1,5,0,0
2020-21,22000641,1,1610612755,3,5,4,2,1,1,0
2020-21,22000641,1,1610612758,2,2,1,1,1,1,0
2020-21,22000641,2,1610612755,6,10,7,4,1,3,1
2020-21,22000641,2,1610612758,9,11,7,6,2,4,1
2020-21,22000641,3,1610612755,4,6,5,3,1,1,0
2020-21,22000641,3,1610612758,2,1,1,1,1,0,0
2020-21,22000641,4,1610612755,7,8,6,3,2,2,2
2020-21,22000641,4,1610612758,8,13,8,6,2,5,0
2020-21,22000642,1,1610612744,8,16,13,5,2,3,1
2020-21,22000642,1,1610612763,6,7,6,3,3,1,0
2020-21,22000642,2,1610612744,6,9,8,3,3,1,0
2020-21,22000642,2,1610612763,4,7,6,3,1,1,0
2020-21,22000642,3,1610612744,6,9,7,4,0,2,2
2020-21,22000642,3,1610612763,8,10,8,5,3,2,0
2020-21,22000642,4,1610612744,1,0,0,0,1,0,0
2020-21,22000642,4,1610612763,5,7,7,2,3,0,0
2020-21,22000643,1,1610612749,1,2,1,1,0,1,0
2020-21,22000643,1,1610612759,0,0,0,0,0,0,0
2020-21,22000643,2,1610612749,5,8,8,4,1,0,0
2020-21,22000643,2,1610612759,3,3,3,2,1,0,0
2020-21,22000643,3,1610612749,5,8,7,4,1,1,0
2020-21,22000643,3,1610612759,4,2,2,1,1,0,2
2020-21,22000643,4,1610612749,0,0,0,0,0,0,0
2020-21,22000643,4,1610612759,3,5,4,2,1,1,0
2020-21,22000644,1,1610612746,2,3,3,1,1,0,0
2020-21,22000644,1,1610612766,4,2,1,1,2,1,1
2020-21,22000644,2,1610612746,6,7,7,3,3,0,0
2020-21,22000644,2,1610612766,7,8,6,3,4,2,0
2020-21,22000644,3,1610612746,8,10,10,3,4,0,1
2020-21,22000644,3,1610612766,5,6,5,3,2,1,0
2020-21,22000644,4,1610612746,3,3,3,2,1,0,0
2020-21,22000644,4,1610612766,7,12,9,6,1,3,0
2020-21,22000645,1,1610612748,3,6,4,3,0,2,0
2020-21,22000645,1,1610612754,3,5,4,3,0,1,0
2020-21,22000645,2,1610612748,4,4,4,3,1,0,0
2020-21,22000645,2,1610612754,6,8,7,2,2,1,2
2020-21,22000645,3,1610612748,3,5,5,3,0,0,0
2020-21,22000645,3,1610612754,4,2,2,1,2,0,1
2020-21,22000645,4,1610612748,7,7,5,1,4,2,2
2020-21,22000645,4,1610612754,5,5,5,2,1,0,2
2020-21,22000646,1,1610612740,6,7,5,4,1,2,1
2020-21,22000646,1,1610612743,4,6,6,2,1,0,1
2020-21,22000646,2,1610612740,6,5,3,2,3,2,1
2020-21,22000646,2,1610612743,0,0,0,0,0,0,0
2020-21,22000646,3,1610612740,2,2,2,1,1,0,0
2020-21,22000646,3,1610612743,2,0,0,0,1,0,1
2020-21,22000646,4,1610612740,10,16,13,5,4,3,0
2020-21,22000646,4,1610612743,3,4,2,2,1,2,0
2020-21,22000647,1,1610612751,1,0,0,0,1,0,0
2020-21,22000647,1,1610612764,3,4,3,1,1,1,1
2020-21,22000647,2,1610612751,6,6,3,3,2,3,1
2020-21,22000647,2,1610612764,6,7,6,5,1,1,0
2020-21,22000647,3,1610612751,4,8,6,4,0,2,0
2020-21,22000647,3,1610612764,4,4,3,2,2,1,0
2020-21,22000647,4,1610612751,7,8,7,4,2,1,1
2020-21,22000647,4,1610612764,4,4,3,2,0,1,2
2020-21,22000648,1,1610612739,4,2,1,1,3,1,0
2020-21,22000648,1,1610612761,4,8,7,4,0,1,0
2020-21,22000648,2,1610612739,6,10,7,3,1,3,2
2020-21,22000648,2,1610612761,2,2,2,1,1,0,0
2020-21,22000648,3,1610612739,4,1,1,1,2,0,1
2020-21,22000648,3,1610612761,6,4,3,1,4,1,0
2020-21,22000648,4,1610612739,11,15,12,5,6,3,0
2020-21,22000648,4,1610612761,5,5,4,3,2,1,0
2020-21,22000649,1,1610612741,3,4,4,2,1,0,0
2020-21,22000649,1,1610612765,4,4,4,3,1,0,0
2020-21,22000649,2,1610612741,4,4,2,2,2,2,0
2020-21,22000649,2,1610612765,3,4,3,2,1,1,0
2020-21,22000649,3,1610612741,2,4,4,2,0,0,0
2020-21,22000649,3,1610612765,7,9,7,3,3,2,1
2020-21,22000649,4,1610612741,4,2,2,2,2,0,0
2020-21,22000649,4,1610612765,7,8,4,5,1,4,1
2020-21,22000650,1,1610612752,4,2,0,1,2,2,1
2020-21,22000650,1,1610612755,2,3,2,1,1,1,0
2020-21,22000650,2,1610612752,7,12,9,4,3,3,0
2020-21,22000650,2,1610612755,4,4,4,1,3,0,0
2020-21,22000650,3,1610612752,4,6,4,2,1,2,0
2020-21,22000650,3,1610612755,4,4,2,2,2,2,0
2020-21,22000650,4,1610612752,2,3,0,2,0,3,0
2020-21,22000650,4,1610612755,6,10,4,2,4,6,0
2020-21,22000651,1,1610612747,5,8,7,3,2,1,0
2020-21,22000651,1,1610612756,1,2,0,1,0,2,0
2020-21,22000651,2,1610612747,4,6,3,3,0,3,1
2020-21,22000651,2,1610612756,6,6,5,3,2,1,1
2020-21,22000651,3,1610612747,5,5,3,3,2,2,0
2020-21,22000651,3,1610612756,9,13,11,5,3,2,1
2020-21,22000651,4,1610612747,6,9,6,2,3,3,1
2020-21,22000651,4,1610612756,2,2,2,1,1,0,0
2020-21,22000652,1,1610612742,4,5,3,3,1,2,0
2020-21,22000652,1,1610612757,5,5,4,2,3,1,0
2020-21,22000652,2,1610612742,6,6,6,1,4,0,1
2020-21,22000652,2,1610612757,5,4,4,2,3,0,0
2020-21,22000652,3,1610612742,3,4,3,2,0,1,1
2020-21,22000652,3,1610612757,2,1,1,1,1,0,0
2020-21,22000652,4,1610612742,4,5,5,3,1,0,0
2020-21,22000652,4,1610612757,5,9,6,5,0,3,0
2020-21,22000653,1,1610612739,2,4,3,1,1,1,0
2020-21,22000653,1,1610612758,3,3,1,2,1,2,0
2020-21,22000653,2,1610612739,4,7,6,4,0,1,0
2020-21,22000653,2,1610612758,2,2,1,1,1,1,0
2020-21,22000653,3,1610612739,4,5,5,2,1,0,1
2020-21,22000653,3,1610612758,3,2,2,1,2,0,0
2020-21,22000653,4,1610612739,6,7,5,4,2,2,0
2020-21,22000653,4,1610612758,3,5,4,3,0,1,0
2020-21,22000654,1,1610612750,3,4,3,1,2,1,0
2020-21,22000654,1,1610612760,2,0,0,0,2,0,0
2020-21,22000654,2,1610612750,3,2,2,1,1,0,1
2020-21,22000654,2,1610612760,5,4,4,1,4,0,0
2020-21,22000654,3,1610612750,2,3,3,2,0,0,0
2020-21,22000654,3,1610612760,3,0,0,0,3,0,0
2020-21,22000654,4,1610612750,6,9,5,3,3,4,0
2020-21,22000654,4,1610612760,6,6,5,1,5,1,0
2020-21,22000655,1,1610612759,4,6,5,3,1,1,0
2020-21,22000655,1,1610612766,3,5,4,1,1,1,0
2020-21,22000655,2,1610612759,4,5,4,3,1,1,0
2020-21,22000655,2,1610612766,3,2,1,1,2,1,0
2020-21,22000655,3,1610612759,2,0,0,0,2,0,0
2020-21,22000655,3,1610612766,5,7,7,4,1,0,0
2020-21,22000655,4,1610612759,3,6,5,2,0,1,1
2020-21,22000655,4,1610612766,7,9,8,2,4,1,1
2020-21,22000656,1,1610612741,2,2,2,1,1,0,0
2020-21,22000656,1,1610612762,5,8,8,4,0,0,1
2020-21,22000656,2,1610612741,3,2,2,1,2,0,0
2020-21,22000656,2,1610612762,3,4,2,2,1,2,0
2020-21,22000656,3,1610612741,4,2,2,2,1,0,1
2020-21,22000656,3,1610612762,1,2,2,1,0,0,0
2020-21,22000656,4,1610612741,7,6,5,1,3,1,3
2020-21,22000656,4,1610612762,4,1,1,1,2,0,0
2020-21,22000657,1,1610612745,6,5,4,2,4,1,0
2020-21,22000657,1,1610612761,2,3,2,1,0,1,1
2020-21,22000657,2,1610612745,4,6,4,2,1,2,1
2020-21,22000657,2,1610612761,8,10,8,4,3,2,1
2020-21,22000657,3,1610612745,3,2,2,1,2,0,0
2020-21,22000657,3,1610612761,4,3,3,2,2,0,0
2020-21,22000657,4,1610612745,7,13,11,4,3,2,0
2020-21,22000657,4,1610612761,4,3,2,2,2,1,0
2020-21,22000658,1,1610612738,0,0,0,0,0,0,0
2020-21,22000658,1,1610612763,3,2,2,1,2,0,0
2020-21,22000658,2,1610612738,6,9,7,4,2,2,0
2020-21,22000658,2,1610612763,2,2,2,1,1,0,0
2020-21,22000658,3,1610612738,2,3,2,1,1,1,0
2020-21,22000658,3,1610612763,5,2,1,0,4,1,1
2020-21,22000658,4,1610612738,6,8,3,4,2,5,0
2020-21,22000658,4,1610612763,4,4,1,3,0,3,1
2020-21,22000659,1,1610612749,2,3,3,1,1,0,0
2020-21,22000659,1,1610612754,4,4,3,2,2,1,0
2020-21,22000659,2,1610612749,3,2,2,1,2,0,0
2020-21,22000659,2,1610612754,2,4,4,2,0,0,0
2020-21,22000659,3,1610612749,6,7,3,4,2,4,0
2020-21,22000659,3,1610612754,3,3,3,2,1,0,0
2020-21,22000659,4,1610612749,5,3,2,2,3,1,0
2020-21,22000659,4,1610612754,5,1,1,1,3,0,1
2020-21,22000660,1,1610612737,4,4,2,2,2,2,0
2020-21,22000660,1,1610612746,5,5,4,1,4,1,0
2020-21,22000660,2,1610612737,7,11,9,4,3,2,0
2020-21,22000660,2,1610612746,3,3,3,2,1,0,0
2020-21,22000660,3,1610612737,3,1,1,1,1,0,1
2020-21,22000660,3,1610612746,6,7,6,2,2,1,1
2020-21,22000660,4,1610612737,1,0,0,0,1,0,0
2020-21,22000660,4,1610612746,4,5,5,3,1,0,0
2020-21,22000661,1,1610612743,1,0,0,0,1,0,0
2020-21,22000661,1,1610612753,2,2,2,1,1,0,0
2020-21,22000661,2,1610612743,1,2,1,1,0,1,0
2020-21,22000661,2,1610612753,2,2,1,1,1,1,0
2020-21,22000661,3,1610612743,3,2,2,1,2,0,0
2020-21,22000661,3,1610612753,4,6,4,3,1,2,0
2020-21,22000661,4,1610612743,6,9,9,2,4,0,0
2020-21,22000661,4,1610612753,4,4,3,3,1,1,0
2020-21,22000662,1,1610612752,5,7,6,3,2,1,0
2020-21,22000662,1,1610612764,7,12,7,6,1,5,0
2020-21,22000662,2,1610612752,4,5,3,3,1,2,0
2020-21,22000662,2,1610612764,6,7,6,3,3,1,0
2020-21,22000662,3,1610612752,6,8,8,3,3,0,0
2020-21,22000662,3,1610612764,6,9,9,4,2,0,0
2020-21,22000662,4,1610612752,4,4,4,2,2,0,0
2020-21,22000662,4,1610612764,7,7,6,3,4,1,0
2020-21,22000663,1,1610612740,4,4,3,2,1,1,1
2020-21,22000663,1,1610612747,8,10,9,5,2,1,1
2020-21,22000663,2,1610612740,4,8,7,4,0,1,0
2020-21,22000663,2,1610612747,4,6,1,3,1,5,0
2020-21,22000663,3,1610612740,5,9,9,5,0,0,0
2020-21,22000663,3,1610612747,6,7,5,3,2,2,1
2020-21,22000663,4,1610612740,3,5,5,2,1,0,0
2020-21,22000663,4,1610612747,4,7,6,3,1,1,0
2020-21,22000664,1,1610612748,3,2,2,1,1,0,1
2020-21,22000664,1,1610612756,2,0,0,0,2,0,0
2020-21,22000664,2,1610612748,5,10,9,4,1,1,0
2020-21,22000664,2,1610612756,2,3,3,2,0,0,0
2020-21,22000664,3,1610612748,4,3,3,2,1,0,1
2020-21,22000664,3,1610612756,2,2,2,2,0,0,0
2020-21,22000664,4,1610612748,4,2,1,1,3,1,0
2020-21,22000664,4,1610612756,3,4,3,2,1,1,0
2020-21,22000665,1,1610612744,3,6,3,3,0,3,0
2020-21,22000665,1,1610612755,3,4,3,2,1,1,0
2020-21,22000665,2,1610612744,8,8,7,3,4,1,1
2020-21,22000665,2,1610612755,7,10,7,6,1,3,0
2020-21,22000665,3,1610612744,7,12,8,6,1,4,0
2020-21,22000665,3,1610612755,7,12,6,4,3,6,0
2020-21,22000665,4,1610612744,3,0,0,0,2,0,1
2020-21,22000665,4,1610612755,5,9,7,3,2,2,0
2020-21,22000666,1,1610612751,4,6,5,3,1,1,0
2020-21,22000666,1,1610612757,6,11,10,4,2,1,0
2020-21,22000666,2,1610612751,6,7,5,3,2,2,1
2020-21,22000666,2,1610612757,2,4,4,1,1,0,0
2020-21,22000666,3,1610612751,5,9,6,5,0,3,0
2020-21,22000666,3,1610612757,3,2,2,1,2,0,0
2020-21,22000666,4,1610612751,4,5,5,2,2,0,0
2020-21,22000666,4,1610612757,5,6,5,2,2,1,1
2020-21,22000667,1,1610612754,4,3,2,0,2,1,1
2020-21,22000667,1,1610612765,5,2,1,1,3,1,1
2020-21,22000667,2,1610612754,5,2,1,1,3,1,1
2020-21,22000667,2,1610612765,6,6,4,3,2,2,1
2020-21,22000667,3,1610612754,4,6,5,3,1,1,0
2020-21,22000667,3,1610612765,4,4,3,2,1,1,1
2020-21,22000667,4,1610612754,5,3,3,0,3,0,1
2020-21,22000667,4,1610612765,5,7,4,3,2,3,0
2020-21,22000668,1,1610612743,2,3,3,2,0,0,0
2020-21,22000668,1,1610612761,6,8,7,2,4,1,0
2020-21,22000668,2,1610612743,5,2,2,0,3,0,2
2020-21,22000668,2,1610612761,4,7,6,3,1,1,0
2020-21,22000668,3,1610612743,3,2,2,1,2,0,0
2020-21,22000668,3,1610612761,3,3,3,2,1,0,0
2020-21,22000668,4,1610612743,9,11,8,3,6,3,0
2020-21,22000668,4,1610612761,5,5,5,4,1,0,0
2020-21,22000669,1,1610612738,3,1,1,1,2,0,0
2020-21,22000669,1,1610612749,4,5,4,3,1,1,0
2020-21,22000669,2,1610612738,1,0,0,0,0,0,1
2020-21,22000669,2,1610612749,4,5,4,3,1,1,0
2020-21,22000669,3,1610612738,4,2,2,1,2,0,1
2020-21,22000669,3,1610612749,5,6,3,2,3,3,0
2020-21,22000669,4,1610612738,4,7,7,4,0,0,0
2020-21,22000669,4,1610612749,2,4,3,2,0,1,0
2020-21,22000670,1,1610612753,2,2,1,1,1,1,0
2020-21,22000670,1,1610612756,4,4,2,3,1,2,0
2020-21,22000670,2,1610612753,4,8,6,4,0,2,0
2020-21,22000670,2,1610612756,3,2,2,1,2,0,0
2020-21,22000670,3,1610612753,3,3,3,2,1,0,0
2020-21,22000670,3,1610612756,7,12,12,3,4,0,0
2020-21,22000670,4,1610612753,4,6,5,2,2,1,0
2020-21,22000670,4,1610612756,4,4,4,2,2,0,0
2020-21,22000671,1,1610612739,3,4,4,2,1,0,0
2020-21,22000671,1,1610612741,4,2,2,1,3,0,0
2020-21,22000671,2,1610612739,3,1,0,1,1,1,1
2020-21,22000671,2,1610612741,3,4,4,2,1,0,0
2020-21,22000671,3,1610612739,3,1,1,1,2,0,0
2020-21,22000671,3,1610612741,5,6,4,2,3,2,0
2020-21,22000671,4,1610612739,3,4,3,2,1,1,0
2020-21,22000671,4,1610612741,3,2,2,1,2,0,0
2020-21,22000672,1,1610612745,3,2,2,1,2,0,0
2020-21,22000672,1,1610612766,4,4,3,1,2,1,1
2020-21,22000672,2,1610612745,5,8,7,4,1,1,0
2020-21,22000672,2,1610612766,6,11,10,5,1,1,0
2020-21,22000672,3,1610612745,4,4,1,2,2,3,0
2020-21,22000672,3,1610612766,3,3,1,1,1,2,1
2020-21,22000672,4,1610612745,5,8,5,4,1,3,0
2020-21,22000672,4,1610612766,6,11,8,3,2,3,0
2020-21,22000673,1,1610612742,6,10,9,4,2,1,0
2020-21,22000673,1,1610612750,5,6,4,2,2,2,0
2020-21,22000673,2,1610612742,7,7,4,3,3,3,1
2020-21,22000673,2,1610612750,5,6,4,3,2,2,0
2020-21,22000673,3,1610612742,6,3,2,1,5,1,0
2020-21,22000673,3,1610612750,4,2,2,0,4,0,0
2020-21,22000673,4,1610612742,4,2,1,1,2,1,1
2020-21,22000673,4,1610612750,6,12,10,5,1,2,0
2020-21,22000674,1,1610612760,1,2,1,1,0,1,0
2020-21,22000674,1,1610612763,4,9,7,4,0,2,0
2020-21,22000674,2,1610612760,3,3,1,2,1,2,0
2020-21,22000674,2,1610612763,2,3,3,2,0,0,0
2020-21,22000674,3,1610612760,3,6,4,3,0,2,0
2020-21,22000674,3,1610612763,1,0,0,0,1,0,0
2020-21,22000674,4,1610612760,3,6,5,3,0,1,0
2020-21,22000674,4,1610612763,3,1,1,1,2,0,0
2020-21,22000675,1,1610612746,6,7,6,4,2,1,0
2020-21,22000675,1,1610612759,3,2,2,1,2,0,0
2020-21,22000675,2,1610612746,3,4,2,2,1,2,0
2020-21,22000675,2,1610612759,5,5,4,3,2,1,0
2020-21,22000675,3,1610612746,8,13,10,6,2,3,0
2020-21,22000675,3,1610612759,6,7,6,4,2,1,0
2020-21,22000675,4,1610612746,4,6,1,3,1,5,0
2020-21,22000675,4,1610612759,5,5,4,2,3,1,0
2020-21,22000676,1,1610612751,2,1,1,1,1,0,0
2020-21,22000676,1,1610612762,3,4,3,1,1,1,1
2020-21,22000676,2,1610612751,4,4,2,2,2,2,0
2020-21,22000676,2,1610612762,3,3,3,1,2,0,0
2020-21,22000676,3,1610612751,4,3,1,2,2,2,0
2020-21,22000676,3,1610612762,3,6,6,3,0,0,0
2020-21,22000676,4,1610612751,5,7,7,4,1,0,0
2020-21,22000676,4,1610612762,1,1,1,1,0,0,0
2020-21,22000677,1,1610612737,4,5,3,2,2,2,0
2020-21,22000677,1,1610612758,4,5,4,3,1,1,0
2020-21,22000677,2,1610612737,4,8,8,4,0,0,0
2020-21,22000677,2,1610612758,4,4,4,2,1,0,1
2020-21,22000677,3,1610612737,1,2,2,1,0,0,0
2020-21,22000677,3,1610612758,5,4,4,2,3,0,0
2020-21,22000677,4,1610612737,6,8,6,2,3,2,1
2020-21,22000677,4,1610612758,5,9,8,5,0,1,0
2020-21,22000678,1,1610612748,1,1,1,1,0,0,0
2020-21,22000678,1,1610612757,2,1,1,1,1,0,0
2020-21,22000678,2,1610612748,6,6,5,1,5,1,0
2020-21,22000678,2,1610612757,3,5,4,2,0,1,1
2020-21,22000678,3,1610612748,4,4,4,2,2,0,0
2020-21,22000678,3,1610612757,2,2,2,1,1,0,0
2020-21,22000678,4,1610612748,1,2,2,1,0,0,0
2020-21,22000678,4,1610612757,8,11,10,7,0,1,1
2020-21,22000679,1,1610612752,5,5,4,2,1,1,1
2020-21,22000679,1,1610612764,5,9,5,3,1,4,1
2020-21,22000679,2,1610612752,7,12,8,6,1,4,0
2020-21,22000679,2,1610612764,7,10,8,4,3,2,0
2020-21,22000679,3,1610612752,9,12,8,4,5,4,0
2020-21,22000679,3,1610612764,6,6,3,1,5,3,0
2020-21,22000679,4,1610612752,10,13,11,5,5,2,0
2020-21,22000679,4,1610612764,6,8,4,3,2,4,1
2020-21,22000680,1,1610612746,4,7,7,4,0,0,0
2020-21,22000680,1,1610612759,4,5,4,3,1,1,0
2020-21,22000680,2,1610612746,2,0,0,0,2,0,0
2020-21,22000680,2,1610612759,2,3,3,1,1,0,0
2020-21,22000680,3,1610612746,3,4,4,2,1,0,0
2020-21,22000680,3,1610612759,3,2,1,1,2,1,0
2020-21,22000680,4,1610612746,4,7,6,3,1,1,0
2020-21,22000680,4,1610612759,2,3,3,2,0,0,0
2020-21,22000681,1,1610612747,5,4,2,1,4,2,0
2020-21,22000681,1,1610612755,5,3,2,1,2,1,1
2020-21,22000681,2,1610612747,6,12,10,5,1,2,0
2020-21,22000681,2,1610612755,6,8,5,3,3,3,0
2020-21,22000681,3,1610612747,7,13,9,5,1,4,1
2020-21,22000681,3,1610612755,3,2,1,1,1,1,0
2020-21,22000681,4,1610612747,3,4,3,2,1,1,0
2020-21,22000681,4,1610612755,5,8,6,2,3,2,0
2020-21,22000682,1,1610612744,2,3,3,2,0,0,0
2020-21,22000682,1,1610612758,3,3,3,2,1,0,0
2020-21,22000682,2,1610612744,3,2,2,1,2,0,0
2020-21,22000682,2,1610612758,4,3,3,2,2,0,0
2020-21,22000682,3,1610612744,3,0,0,0,3,0,0
2020-21,22000682,3,1610612758,9,9,6,5,4,3,0
2020-21,22000682,4,1610612744,5,7,7,3,2,0,0
2020-21,22000682,4,1610612758,2,4,4,2,0,0,0
2020-21,22000683,1,1610612751,8,13,12,4,4,1,0
2020-21,22000683,1,1610612765,5,10,6,4,1,4,0
2020-21,22000683,2,1610612751,7,8,5,1,5,3,0
2020-21,22000683,2,1610612765,6,9,7,3,0,2,3
2020-21,22000683,3,1610612751,7,6,6,1,5,0,1
2020-21,22000683,3,1610612765,5,8,8,3,2,0,0
2020-21,22000683,4,1610612751,6,7,3,3,3,4,0
2020-21,22000683,4,1610612765,11,20,13,6,5,7,0
2020-21,22000684,1,1610612756,3,0,0,0,3,0,0
2020-21,22000684,1,1610612761,2,2,2,1,1,0,0
2020-21,22000684,2,1610612756,3,0,0,0,3,0,0
2020-21,22000684,2,1610612761,5,6,6,3,0,0,1
2020-21,22000684,3,1610612756,3,3,3,2,1,0,0
2020-21,22000684,3,1610612761,4,4,3,2,2,1,0
2020-21,22000684,4,1610612756,5,6,6,1,4,0,0
2020-21,22000684,4,1610612761,2,4,3,2,0,1,0
2020-21,22000685,1,1610612738,4,6,5,3,1,1,0
2020-21,22000685,1,1610612749,4,6,4,3,1,2,0
2020-21,22000685,2,1610612738,3,2,2,1,2,0,0
2020-21,22000685,2,1610612749,3,2,2,1,2,0,0
2020-21,22000685,3,1610612738,3,4,4,2,1,0,0
2020-21,22000685,3,1610612749,4,2,1,1,3,1,0
2020-21,22000685,4,1610612738,4,4,3,2,2,1,0
2020-21,22000685,4,1610612749,4,1,0,1,3,1,0
2020-21,22000686,1,1610612748,3,2,0,1,2,2,0
2020-21,22000686,1,1610612766,3,3,2,2,1,1,0
2020-21,22000686,2,1610612748,5,7,3,4,1,4,0
2020-21,22000686,2,1610612766,6,12,9,4,1,3,1
2020-21,22000686,3,1610612748,7,11,7,5,1,4,1
2020-21,22000686,3,1610612766,1,0,0,0,1,0,0
2020-21,22000686,4,1610612748,0,0,0,0,0,0,0
2020-21,22000686,4,1610612766,5,4,3,0,4,1,1
2020-21,22000687,1,1610612753,4,6,4,3,1,2,0
2020-21,22000687,1,1610612757,5,7,4,4,1,3,0
2020-21,22000687,2,1610612753,4,7,4,4,0,3,0
2020-21,22000687,2,1610612757,6,9,6,4,2,3,0
2020-21,22000687,3,1610612753,1,1,0,0,1,1,0
2020-21,22000687,3,1610612757,0,0,0,0,0,0,0
2020-21,22000687,4,1610612753,4,3,1,2,2,2,0
2020-21,22000687,4,1610612757,5,5,4,1,4,1,0
2020-21,22000688,1,1610612745,3,4,2,2,1,2,0
2020-21,22000688,1,1610612750,4,8,5,4,0,3,0
2020-21,22000688,2,1610612745,3,7,6,3,0,1,0
2020-21,22000688,2,1610612750,2,1,0,1,1,1,0
2020-21,22000688,3,1610612745,2,0,0,0,2,0,0
2020-21,22000688,3,1610612750,5,4,3,2,2,1,1
2020-21,22000688,4,1610612745,3,2,2,1,1,0,1
2020-21,22000688,4,1610612750,7,11,11,4,3,0,0
2020-21,22000689,1,1610612740,3,5,4,2,1,1,0
2020-21,22000689,1,1610612743,2,2,1,1,1,1,0
2020-21,22000689,2,1610612740,5,7,6,3,2,1,0
2020-21,22000689,2,1610612743,3,1,1,1,2,0,0
2020-21,22000689,3,1610612740,3,0,0,0,3,0,0
2020-21,22000689,3,1610612743,1,1,0,1,0,1,0
2020-21,22000689,4,1610612740,5,8,8,4,1,0,0
2020-21,22000689,4,1610612743,4,3,3,1,3,0,0
2020-21,22000690,1,1610612742,2,3,2,1,1,1,0
2020-21,22000690,1,1610612754,1,2,1,1,0,1,0
2020-21,22000690,2,1610612742,5,3,2,2,2,1,1
2020-21,22000690,2,1610612754,7,10,7,4,2,3,1
2020-21,22000690,3,1610612742,2,1,0,0,0,1,1
2020-21,22000690,3,1610612754,2,0,0,0,2,0,0
2020-21,22000690,4,1610612742,6,7,4,3,2,3,0
2020-21,22000690,4,1610612754,6,6,5,2,3,1,1
2020-21,22000691,1,1610612762,1,2,2,1,0,0,0
2020-21,22000691,1,1610612763,1,0,0,0,1,0,0
2020-21,22000691,2,1610612762,2,5,4,2,0,1,0
2020-21,22000691,2,1610612763,3,4,3,2,1,1,0
2020-21,22000691,3,1610612762,5,5,4,3,1,1,1
2020-21,22000691,3,1610612763,5,5,4,2,2,1,1
2020-21,22000691,4,1610612762,6,6,5,2,3,1,1
2020-21,22000691,4,1610612763,6,9,7,5,0,2,0
2020-21,22000692,1,1610612737,7,8,6,3,4,2,0
2020-21,22000692,1,1610612744,4,4,2,3,1,2,0
2020-21,22000692,2,1610612737,6,8,6,3,3,2,0
2020-21,22000692,2,1610612744,7,10,7,5,2,3,0
2020-21,22000692,3,1610612737,3,3,3,2,1,0,0
2020-21,22000692,3,1610612744,6,9,7,6,0,2,0
2020-21,22000692,4,1610612737,5,5,4,2,3,1,0
2020-21,22000692,4,1610612744,5,3,2,2,2,1,1
2020-21,22000693,1,1610612739,4,7,5,3,1,2,0
2020-21,22000693,1,1610612747,5,6,4,2,3,2,0
2020-21,22000693,2,1610612739,6,7,3,2,1,4,2
2020-21,22000693,2,1610612747,5,6,5,2,1,1,2
2020-21,22000693,3,1610612739,5,4,4,1,3,0,0
2020-21,22000693,3,1610612747,5,6,4,3,1,2,1
2020-21,22000693,4,1610612739,6,10,7,5,1,3,0
2020-21,22000693,4,1610612747,3,7,5,2,0,2,0
2020-21,22000694,1,1610612764,3,1,1,0,3,0,0
2020-21,22000694,1,1610612765,2,2,1,1,1,1,0
2020-21,22000694,2,1610612764,4,5,5,3,1,0,0
2020-21,22000694,2,1610612765,4,3,3,2,2,0,0
2020-21,22000694,3,1610612764,1,1,1,1,0,0,0
2020-21,22000694,3,1610612765,6,10,9,5,0,1,1
2020-21,22000694,4,1610612764,4,2,2,1,3,0,0
2020-21,22000694,4,1610612765,5,4,3,2,3,1,0
2020-21,22000695,1,1610612749,3,0,0,0,3,0,0
2020-21,22000695,1,1610612752,2,0,0,0,2,0,0
2020-21,22000695,2,1610612749,7,11,7,4,3,4,0
2020-21,22000695,2,1610612752,1,1,1,0,1,0,0
2020-21,22000695,3,1610612749,4,3,2,1,3,1,0
2020-21,22000695,3,1610612752,1,2,2,1,0,0,0
2020-21,22000695,4,1610612749,4,2,1,1,3,1,0
2020-21,22000695,4,1610612752,3,5,3,1,1,2,1
2020-21,22000696,1,1610612745,3,2,1,2,0,1,1
2020-21,22000696,1,1610612750,4,4,2,2,2,2,0
2020-21,22000696,2,1610612745,3,3,3,2,1,0,0
2020-21,22000696,2,1610612750,5,5,4,2,2,1,1
2020-21,22000696,3,1610612745,4,7,6,3,0,1,1
2020-21,22000696,3,1610612750,8,12,12,5,3,0,0
2020-21,22000696,4,1610612745,2,1,1,1,1,0,0
2020-21,22000696,4,1610612750,6,7,4,5,1,3,0
2020-21,22000697,1,1610612741,1,0,0,0,1,0,0
2020-21,22000697,1,1610612759,2,2,1,1,1,1,0
2020-21,22000697,2,1610612741,2,3,2,2,0,1,0
2020-21,22000697,2,1610612759,3,3,3,2,1,0,0
2020-21,22000697,3,1610612741,5,7,7,3,2,0,0
2020-21,22000697,3,1610612759,5,5,4,2,3,1,0
2020-21,22000697,4,1610612741,7,8,5,4,3,3,0
2020-21,22000697,4,1610612759,12,18,10,6,6,8,0
2020-21,22000698,1,1610612740,4,7,6,3,1,1,0
2020-21,22000698,1,1610612742,2,0,0,0,1,0,1
2020-21,22000698,2,1610612740,3,3,2,2,1,1,0
2020-21,22000698,2,1610612742,6,6,6,2,4,0,0
2020-21,22000698,3,1610612740,5,8,4,3,1,4,1
2020-21,22000698,3,1610612742,6,13,9,5,1,4,0
2020-21,22000698,4,1610612740,7,11,7,5,2,4,0
2020-21,22000698,4,1610612742,3,5,4,3,0,1,0
2020-21,22000699,1,1610612738,1,2,2,1,0,0,0
2020-21,22000699,1,1610612760,3,3,3,2,1,0,0
2020-21,22000699,2,1610612738,5,7,6,4,1,1,0
2020-21,22000699,2,1610612760,6,11,8,6,0,3,0
2020-21,22000699,3,1610612738,3,1,1,1,2,0,0
2020-21,22000699,3,1610612760,4,6,2,3,1,4,0
2020-21,22000699,4,1610612738,2,4,2,1,1,2,0
2020-21,22000699,4,1610612760,3,4,2,2,1,2,0
2020-21,22000700,1,1610612762,5,8,8,5,0,0,0
2020-21,22000700,1,1610612763,4,4,4,2,2,0,0
2020-21,22000700,2,1610612762,2,1,0,1,1,1,0
2020-21,22000700,2,1610612763,5,6,6,2,3,0,0
2020-21,22000700,3,1610612762,5,10,6,4,1,4,0
2020-21,22000700,3,1610612763,5,6,4,3,2,2,0
2020-21,22000700,4,1610612762,1,1,1,0,1,0,0
2020-21,22000700,4,1610612763,8,14,9,6,2,5,0
2020-21,22000701,1,1610612746,5,6,4,3,2,2,0
2020-21,22000701,1,1610612755,2,4,3,2,0,1,0
2020-21,22000701,2,1610612746,6,6,5,4,2,1,0
2020-21,22000701,2,1610612755,6,7,6,3,2,1,1
2020-21,22000701,3,1610612746,6,8,7,2,4,1,0
2020-21,22000701,3,1610612755,10,16,12,3,4,4,2
2020-21,22000701,4,1610612746,5,7,5,1,4,2,0
2020-21,22000701,4,1610612755,3,6,3,3,0,3,0
2020-21,22000702,1,1610612739,3,2,1,1,2,1,0
2020-21,22000702,1,1610612758,3,1,1,1,2,0,0
2020-21,22000702,2,1610612739,4,4,3,2,2,1,0
2020-21,22000702,2,1610612758,5,7,6,2,2,1,0
2020-21,22000702,3,1610612739,5,8,7,4,1,1,0
2020-21,22000702,3,1610612758,3,4,2,2,1,2,0
2020-21,22000702,4,1610612739,7,9,4,2,4,5,1
2020-21,22000702,4,1610612758,2,2,2,2,0,0,0
2020-21,22000703,1,1610612756,2,1,1,1,0,0,1
2020-21,22000703,1,1610612766,3,4,3,2,1,1,0
2020-21,22000703,2,1610612756,6,9,6,4,2,3,0
2020-21,22000703,2,1610612766,3,7,4,3,0,3,0
2020-21,22000703,3,1610612756,6,11,10,4,1,1,0
2020-21,22000703,3,1610612766,4,8,5,4,0,3,0
2020-21,22000703,4,1610612756,1,0,0,0,1,0,0
2020-21,22000703,4,1610612766,3,0,0,0,3,0,0
2020-21,22000704,1,1610612757,4,8,8,3,0,0,1
2020-21,22000704,1,1610612761,5,5,4,4,0,1,1
2020-21,22000704,2,1610612757,4,6,5,3,1,1,0
2020-21,22000704,2,1610612761,7,10,8,4,3,2,0
2020-21,22000704,3,1610612757,4,2,1,0,3,1,0
2020-21,22000704,3,1610612761,2,2,2,1,1,0,0
2020-21,22000704,4,1610612757,7,8,6,2,5,2,0
2020-21,22000704,4,1610612761,9,16,11,6,3,5,0
2020-21,22000705,1,1610612737,3,3,3,2,1,0,0
2020-21,22000705,1,1610612743,2,3,1,2,0,2,0
2020-21,22000705,2,1610612737,1,1,1,1,0,0,0
2020-21,22000705,2,1610612743,2,3,1,1,1,2,0
2020-21,22000705,3,1610612737,1,2,2,1,0,0,0
2020-21,22000705,3,1610612743,5,4,4,3,1,0,1
2020-21,22000705,4,1610612737,10,15,12,7,3,3,0
2020-21,22000705,4,1610612743,5,6,5,3,2,1,0
2020-21,22000706,1,1610612747,2,4,4,2,0,0,0
2020-21,22000706,1,1610612753,1,0,0,0,1,0,0
2020-21,22000706,2,1610612747,4,5,4,2,1,1,1
2020-21,22000706,2,1610612753,3,5,4,3,0,1,0
2020-21,22000706,3,1610612747,4,2,2,1,3,0,0
2020-21,22000706,3,1610612753,4,4,4,3,1,0,0
2020-21,22000706,4,1610612747,8,12,7,5,3,5,0
2020-21,22000706,4,1610612753,6,8,6,3,3,2,0
2020-21,22000707,1,1610612754,4,3,2,2,1,1,1
2020-21,22000707,1,1610612764,2,2,2,1,1,0,0
2020-21,22000707,2,1610612754,4,6,5,3,1,1,0
2020-21,22000707,2,1610612764,4,4,4,2,2,0,0
2020-21,22000707,3,1610612754,9,15,12,8,1,3,0
2020-21,22000707,3,1610612764,3,5,1,1,1,4,0
2020-21,22000707,4,1610612754,7,9,5,4,3,4,0
2020-21,22000707,4,1610612764,6,7,5,3,3,2,0
2020-21,22000708,1,1610612738,4,6,4,4,0,2,0
2020-21,22000708,1,1610612740,6,8,5,2,3,3,1
2020-21,22000708,2,1610612738,3,4,3,3,0,1,0
2020-21,22000708,2,1610612740,5,3,2,2,3,1,0
2020-21,22000708,3,1610612738,4,3,3,1,3,0,0
2020-21,22000708,3,1610612740,4,4,3,1,2,1,0
2020-21,22000708,4,1610612738,5,6,5,3,1,1,1
2020-21,22000708,4,1610612740,9,15,7,1,6,8,1
2020-21,22000709,1,1610612750,6,8,6,3,2,2,1
2020-21,22000709,1,1610612751,4,1,1,1,3,0,0
2020-21,22000709,2,1610612750,5,1,1,1,4,0,0
2020-21,22000709,2,1610612751,7,8,8,4,3,0,0
2020-21,22000709,3,1610612750,5,5,4,3,1,1,1
2020-21,22000709,3,1610612751,6,10,7,4,2,3,0
2020-21,22000709,4,1610612750,2,3,2,2,0,1,0
2020-21,22000709,4,1610612751,6,6,6,1,5,0,0
2020-21,22000710,1,1610612748,4,2,2,1,3,0,0
2020-21,22000710,1,1610612752,2,2,1,1,1,1,0
2020-21,22000710,2,1610612748,3,3,2,1,2,1,0
2020-21,22000710,2,1610612752,4,6,4,3,1,2,0
2020-21,22000710,3,1610612748,8,9,8,2,5,1,1
2020-21,22000710,3,1610612752,7,9,4,4,3,5,0
2020-21,22000710,4,1610612748,2,3,2,2,0,1,0
2020-21,22000710,4,1610612752,2,3,3,1,1,0,0
2020-21,22000711,1,1610612761,4,5,5,3,1,0,0
2020-21,22000711,1,1610612765,5,6,6,2,3,0,0
2020-21,22000711,2,1610612761,8,11,8,4,4,3,0
2020-21,22000711,2,1610612765,7,14,12,6,0,2,1
2020-21,22000711,3,1610612761,5,8,6,3,1,2,1
2020-21,22000711,3,1610612765,7,7,4,2,4,3,1
2020-21,22000711,4,1610612761,3,4,4,2,1,0,0
2020-21,22000711,4,1610612765,5,7,5,3,1,2,1
2020-21,22000712,1,1610612745,6,11,9,5,0,2,1
2020-21,22000712,1,1610612763,2,4,3,2,0,1,0
2020-21,22000712,2,1610612745,2,2,2,0,1,0,0
2020-21,22000712,2,1610612763,8,13,8,5,2,5,0
2020-21,22000712,3,1610612745,4,4,4,3,1,0,0
2020-21,22000712,3,1610612763,3,3,2,2,1,1,0
2020-21,22000712,4,1610612745,3,5,4,3,0,1,0
2020-21,22000712,4,1610612763,5,4,4,2,3,0,0
2020-21,22000713,1,1610612742,1,0,0,0,1,0,0
2020-21,22000713,1,1610612760,3,6,4,3,0,2,0
2020-21,22000713,2,1610612742,5,11,9,4,1,2,0
2020-21,22000713,2,1610612760,8,12,8,6,2,4,0
2020-21,22000713,3,1610612742,3,2,0,1,2,2,0
2020-21,22000713,3,1610612760,4,5,3,3,1,2,0
2020-21,22000713,4,1610612742,2,0,0,0,2,0,0
2020-21,22000713,4,1610612760,6,10,6,3,2,4,1
2020-21,22000714,1,1610612758,5,8,6,3,2,2,0
2020-21,22000714,1,1610612759,3,2,1,1,2,1,0
2020-21,22000714,2,1610612758,4,5,5,3,1,0,0
2020-21,22000714,2,1610612759,0,0,0,0,0,0,0
2020-21,22000714,3,1610612758,3,3,3,1,1,0,1
2020-21,22000714,3,1610612759,8,11,9,5,2,2,1
2020-21,22000714,4,1610612758,5,9,6,4,1,3,0
2020-21,22000714,4,1610612759,4,1,1,1,3,0,0
2020-21,22000715,1,1610612739,3,6,4,3,0,2,0
2020-21,22000715,1,1610612762,5,6,5,3,1,1,1
2020-21,22000715,2,1610612739,3,2,2,1,2,0,0
2020-21,22000715,2,1610612762,4,4,3,2,2,1,0
2020-21,22000715,3,1610612739,3,3,0,2,0,3,1
2020-21,22000715,3,1610612762,5,9,7,4,1,2,0
2020-21,22000715,4,1610612739,5,5,4,3,2,1,0
2020-21,22000715,4,1610612762,3,4,4,2,0,0,1
2020-21,22000716,1,1610612741,0,1,1,0,0,0,0
2020-21,22000716,1,1610612744,4,0,0,0,4,0,0
2020-21,22000716,2,1610612741,4,1,0,1,3,1,0
2020-21,22000716,2,1610612744,3,2,2,1,0,0,2
2020-21,22000716,3,1610612741,4,5,4,3,1,1,0
2020-21,22000716,3,1610612744,2,3,2,2,0,1,0
2020-21,22000716,4,1610612741,5,4,3,1,3,1,1
2020-21,22000716,4,1610612744,4,4,4,2,2,0,0
2020-21,22000717,1,1610612746,4,2,2,1,2,0,1
2020-21,22000717,1,1610612749,2,2,1,1,1,1,0
2020-21,22000717,2,1610612746,2,5,4,2,0,1,0
2020-21,22000717,2,1610612749,1,3,3,1,0,0,0
2020-21,22000717,3,1610612746,2,1,1,1,1,0,0
2020-21,22000717,3,1610612749,5,8,7,4,1,1,0
2020-21,22000717,4,1610612746,3,2,1,1,2,1,0
2020-21,22000717,4,1610612749,6,8,7,3,3,1,0
2020-21,22000718,1,1610612764,3,3,3,2,1,0,0
2020-21,22000718,1,1610612766,2,0,0,0,2,0,0
2020-21,22000718,2,1610612764,3,3,3,2,1,0,0
2020-21,22000718,2,1610612766,4,6,4,3,0,2,1
2020-21,22000718,3,1610612764,3,5,4,3,0,1,0
2020-21,22000718,3,1610612766,5,3,3,1,3,0,1
2020-21,22000718,4,1610612764,4,4,2,2,2,2,0
2020-21,22000718,4,1610612766,8,10,9,3,5,1,0
2020-21,22000719,1,1610612743,2,1,1,1,1,0,0
2020-21,22000719,1,1610612755,3,2,2,1,2,0,0
2020-21,22000719,2,1610612743,6,8,8,2,3,0,0
2020-21,22000719,2,1610612755,5,7,6,3,2,1,0
2020-21,22000719,3,1610612743,3,4,2,2,1,2,0
2020-21,22000719,3,1610612755,4,0,0,0,4,0,0
2020-21,22000719,4,1610612743,6,4,3,0,6,1,0
2020-21,22000719,4,1610612755,3,6,6,3,0,0,0
2020-21,22000720,1,1610612746,1,0,0,0,1,0,0
2020-21,22000720,1,1610612753,2,2,1,0,1,1,0
2020-21,22000720,2,1610612746,4,3,3,1,2,0,1
2020-21,22000720,2,1610612753,4,3,3,2,2,0,0
2020-21,22000720,3,1610612746,2,4,4,2,0,0,0
2020-21,22000720,3,1610612753,6,7,7,3,3,0,0
2020-21,22000720,4,1610612746,5,3,3,1,3,0,1
2020-21,22000720,4,1610612753,8,13,11,3,5,2,0
2020-21,22000721,1,1610612757,3,4,4,2,1,0,0
2020-21,22000721,1,1610612765,4,3,2,2,2,1,0
2020-21,22000721,2,1610612757,5,1,0,1,4,1,0
2020-21,22000721,2,1610612765,2,0,0,0,2,0,0
2020-21,22000721,3,1610612757,7,8,7,4,3,1,0
2020-21,22000721,3,1610612765,5,8,6,5,0,2,0
2020-21,22000721,4,1610612757,9,13,13,4,4,0,1
2020-21,22000721,4,1610612765,5,6,4,4,1,2,0
2020-21,22000722,1,1610612748,3,4,2,2,1,2,0
2020-21,22000722,1,1610612754,2,2,1,1,1,1,0
2020-21,22000722,2,1610612748,7,11,9,5,1,2,1
2020-21,22000722,2,1610612754,4,2,1,1,2,1,1
2020-21,22000722,3,1610612748,4,3,0,2,2,3,0
2020-21,22000722,3,1610612754,5,6,5,2,2,1,1
2020-21,22000722,4,1610612748,6,10,7,3,3,3,0
2020-21,22000722,4,1610612754,3,2,1,1,1,1,1
2020-21,22000723,1,1610612738,2,2,2,1,1,0,0
2020-21,22000723,1,1610612742,3,4,3,2,1,1,0
2020-21,22000723,2,1610612738,5,8,7,3,2,1,0
2020-21,22000723,2,1610612742,3,2,2,1,1,0,1
2020-21,22000723,3,1610612738,4,6,5,3,1,1,0
2020-21,22000723,3,1610612742,6,10,6,5,0,4,1
2020-21,22000723,4,1610612738,5,7,5,3,1,2,1
2020-21,22000723,4,1610612742,5,9,7,1,4,2,0
2020-21,22000724,1,1610612745,5,6,5,2,3,1,0
2020-21,22000724,1,1610612751,6,6,6,1,4,0,1
2020-21,22000724,2,1610612745,6,8,6,4,1,2,1
2020-21,22000724,2,1610612751,5,5,5,2,0,0,3
2020-21,22000724,3,1610612745,7,10,6,4,2,4,1
2020-21,22000724,3,1610612751,4,5,5,3,1,0,0
2020-21,22000724,4,1610612745,2,0,0,0,2,0,0
2020-21,22000724,4,1610612751,4,3,3,2,2,0,0
2020-21,22000725,1,1610612762,4,2,0,1,2,2,1
2020-21,22000725,1,1610612763,3,4,3,2,1,1,0
2020-21,22000725,2,1610612762,4,4,2,2,2,2,0
2020-21,22000725,2,1610612763,3,1,1,0,3,0,0
2020-21,22000725,3,1610612762,6,9,7,5,1,2,0
2020-21,22000725,3,1610612763,8,10,8,5,3,2,0
2020-21,22000725,4,1610612762,6,10,10,3,3,0,0
2020-21,22000725,4,1610612763,6,8,6,3,1,2,2
2020-21,22000726,1,1610612750,5,5,3,2,3,2,0
2020-21,22000726,1,1610612752,2,3,2,2,0,1,0
2020-21,22000726,2,1610612750,2,2,2,1,1,0,0
2020-21,22000726,2,1610612752,3,4,2,2,1,2,0
2020-21,22000726,3,1610612750,4,4,4,2,2,0,0
2020-21,22000726,3,1610612752,4,6,5,3,0,1,1
2020-21,22000726,4,1610612750,6,8,7,4,2,1,0
2020-21,22000726,4,1610612752,3,4,3,2,1,1,0
2020-21,22000727,1,1610612760,6,9,7,5,1,2,0
2020-21,22000727,1,1610612761,4,5,4,2,1,1,1
2020-21,22000727,2,1610612760,5,7,3,4,1,4,0
2020-21,22000727,2,1610612761,5,9,9,4,1,0,0
2020-21,22000727,3,1610612760,5,5,5,2,3,0,0
2020-21,22000727,3,1610612761,4,6,4,3,1,2,0
2020-21,22000727,4,1610612760,7,7,6,2,4,1,1
2020-21,22000727,4,1610612761,2,0,0,0,1,0,1
2020-21,22000728,1,1610612758,4,7,7,3,1,0,0
2020-21,22000728,1,1610612759,2,4,3,2,0,1,0
2020-21,22000728,2,1610612758,4,6,5,3,1,1,0
2020-21,22000728,2,1610612759,4,9,7,4,0,2,0
2020-21,22000728,3,1610612758,3,0,0,0,3,0,0
2020-21,22000728,3,1610612759,1,3,3,1,0,0,0
2020-21,22000728,4,1610612758,5,6,5,3,1,1,1
2020-21,22000728,4,1610612759,10,18,11,5,5,7,0
2020-21,22000729,1,1610612747,1,0,0,0,1,0,0
2020-21,22000729,1,1610612749,2,2,2,1,1,0,0
2020-21,22000729,2,1610612747,4,8,5,4,0,3,0
2020-21,22000729,2,1610612749,5,6,4,3,2,2,0
2020-21,22000729,3,1610612747,5,8,7,2,1,1,1
2020-21,22000729,3,1610612749,6,6,5,3,3,1,0
2020-21,22000729,4,1610612747,4,6,5,3,1,1,0
2020-21,22000729,4,1610612749,2,4,3,2,0,1,0
2020-21,22000730,1,1610612741,5,7,6,4,1,1,0
2020-21,22000730,1,1610612756,3,3,1,1,1,2,0
2020-21,22000730,2,1610612741,3,2,2,1,2,0,0
2020-21,22000730,2,1610612756,3,1,0,1,2,1,0
2020-21,22000730,3,1610612741,6,4,4,0,5,0,1
2020-21,22000730,3,1610612756,3,2,2,1,2,0,0
2020-21,22000730,4,1610612741,7,8,7,1,5,1,1
2020-21,22000730,4,1610612756,11,18,15,6,5,3,0
2020-21,22000731,1,1610612739,4,6,5,4,0,1,0
2020-21,22000731,1,1610612755,7,12,7,4,3,5,0
2020-21,22000731,2,1610612739,3,3,3,2,1,0,0
2020-21,22000731,2,1610612755,4,3,3,2,1,0,1
2020-21,22000731,3,1610612739,4,6,3,3,1,3,0
2020-21,22000731,3,1610612755,6,6,5,2,3,1,1
2020-21,22000731,4,1610612739,5,6,5,4,0,1,1
2020-21,22000731,4,1610612755,4,4,4,2,2,0,0
2020-21,22000732,1,1610612751,2,2,2,1,1,0,0
2020-21,22000732,1,1610612766,3,3,2,2,1,1,0
2020-21,22000732,2,1610612751,2,2,1,1,1,1,0
2020-21,22000732,2,1610612766,6,8,8,4,1,0,1
2020-21,22000732,3,1610612751,3,0,0,0,3,0,0
2020-21,22000732,3,1610612766,4,4,2,2,2,2,0
2020-21,22000732,4,1610612751,1,0,0,0,1,0,0
2020-21,22000732,4,1610612766,5,4,4,2,3,0,0
2020-21,22000733,1,1610612744,3,5,5,2,0,0,1
2020-21,22000733,1,1610612748,6,10,9,3,3,1,0
2020-21,22000733,2,1610612744,6,4,2,3,3,2,0
2020-21,22000733,2,1610612748,6,9,7,3,2,2,0
2020-21,22000733,3,1610612744,3,5,5,3,0,0,0
2020-21,22000733,3,1610612748,5,3,2,2,3,1,0
2020-21,22000733,4,1610612744,8,11,10,4,4,1,0
2020-21,22000733,4,1610612748,7,8,7,2,4,1,1
2020-21,22000734,1,1610612740,3,2,2,1,2,0,0
2020-21,22000734,1,1610612753,4,7,5,4,0,2,0
2020-21,22000734,2,1610612740,5,5,4,3,1,1,1
2020-21,22000734,2,1610612753,3,3,3,2,1,0,0
2020-21,22000734,3,1610612740,4,2,2,1,2,0,1
2020-21,22000734,3,1610612753,4,5,4,2,2,1,0
2020-21,22000734,4,1610612740,4,6,6,3,1,0,0
2020-21,22000734,4,1610612753,5,4,4,2,2,0,1
2020-21,22000735,1,1610612737,5,6,6,3,2,0,0
2020-21,22000735,1,1610612759,3,4,3,2,1,1,0
2020-21,22000735,2,1610612737,1,2,2,1,0,0,0
2020-21,22000735,2,1610612759,3,3,2,2,1,1,0
2020-21,22000735,3,1610612737,5,8,5,3,1,3,1
2020-21,22000735,3,1610612759,7,9,5,6,0,4,1
2020-21,22000735,4,1610612737,6,8,7,2,4,1,0
2020-21,22000735,4,1610612759,3,3,3,2,1,0,0
2020-21,22000736,1,1610612743,2,1,1,1,1,0,0
2020-21,22000736,1,1610612746,2,0,0,0,2,0,0
2020-21,22000736,2,1610612743,7,9,8,4,3,1,0
2020-21,22000736,2,1610612746,6,10,9,3,3,1,0
2020-21,22000736,3,1610612743,4,2,0,2,2,2,0
2020-21,22000736,3,1610612746,4,4,3,2,1,1,1
2020-21,22000736,4,1610612743,5,2,1,0,5,1,0
2020-21,22000736,4,1610612746,3,2,2,1,2,0,0
2020-21,22000737,1,1610612744,1,2,2,1,0,0,0
2020-21,22000737,1,1610612761,3,4,3,2,1,1,0
2020-21,22000737,2,1610612744,2,4,3,2,0,1,0
2020-21,22000737,2,1610612761,5,8,7,4,1,1,0
2020-21,22000737,3,1610612744,5,5,4,3,2,1,0
2020-21,22000737,3,1610612761,5,10,10,2,2,0,0
2020-21,22000737,4,1610612744,6,7,5,4,1,2,0
2020-21,22000737,4,1610612761,5,3,1,1,4,2,0
2020-21,22000738,1,1610612738,4,4,3,2,1,1,1
2020-21,22000738,1,1610612745,7,9,4,4,3,5,0
2020-21,22000738,2,1610612738,1,0,0,0,1,0,0
2020-21,22000738,2,1610612745,4,2,2,1,3,0,0
2020-21,22000738,3,1610612738,4,6,5,3,1,1,0
2020-21,22000738,3,1610612745,7,11,8,3,4,3,0
2020-21,22000738,4,1610612738,2,2,1,1,1,1,0
2020-21,22000738,4,1610612745,3,4,2,2,1,2,0
2020-21,22000739,1,1610612742,3,1,0,1,1,1,1
2020-21,22000739,1,1610612752,2,2,2,1,1,0,0
2020-21,22000739,2,1610612742,4,1,0,1,3,1,0
2020-21,22000739,2,1610612752,4,1,1,1,2,0,1
2020-21,22000739,3,1610612742,4,4,2,2,1,2,1
2020-21,22000739,3,1610612752,2,2,2,1,1,0,0
2020-21,22000739,4,1610612742,3,4,3,1,2,1,0
2020-21,22000739,4,1610612752,4,5,5,2,2,0,0
2020-21,22000740,1,1610612754,2,2,0,1,0,2,1
2020-21,22000740,1,1610612766,5,6,5,1,4,1,0
2020-21,22000740,2,1610612754,5,6,4,3,2,2,0
2020-21,22000740,2,1610612766,3,5,4,1,2,1,0
2020-21,22000740,3,1610612754,5,6,4,2,3,2,0
2020-21,22000740,3,1610612766,10,17,10,7,1,7,2
2020-21,22000740,4,1610612754,3,5,3,2,1,2,0
2020-21,22000740,4,1610612766,2,1,1,1,1,0,0
2020-21,22000741,1,1610612750,4,2,2,1,3,0,0
2020-21,22000741,1,1610612763,5,8,5,4,1,3,0
2020-21,22000741,2,1610612750,5,9,8,5,0,1,0
2020-21,22000741,2,1610612763,5,6,4,3,1,2,0
2020-21,22000741,3,1610612750,4,2,1,1,2,1,1
2020-21,22000741,3,1610612763,8,9,7,3,4,2,0
2020-21,22000741,4,1610612750,5,10,9,5,0,1,0
2020-21,22000741,4,1610612763,2,2,1,1,1,1,0
2020-21,22000742,1,1610612737,6,7,5,2,3,2,0
2020-21,22000742,1,1610612740,6,6,4,2,4,2,0
2020-21,22000742,2,1610612737,4,6,4,3,1,2,0
2020-21,22000742,2,1610612740,4,4,3,2,2,1,0
2020-21,22000742,3,1610612737,3,4,4,2,1,0,0
2020-21,22000742,3,1610612740,4,2,2,1,3,0,0
2020-21,22000742,4,1610612737,4,4,2,2,2,2,0
2020-21,22000742,4,1610612740,6,11,10,5,0,1,1
2020-21,22000743,1,1610612741,2,0,0,0,2,0,0
2020-21,22000743,1,1610612762,4,2,2,1,3,0,0
2020-21,22000743,2,1610612741,6,7,6,4,1,1,1
2020-21,22000743,2,1610612762,6,12,11,5,0,1,1
2020-21,22000743,3,1610612741,2,0,0,0,2,0,0
2020-21,22000743,3,1610612762,4,7,7,4,0,0,0
2020-21,22000743,4,1610612741,7,10,7,2,5,3,0
2020-21,22000743,4,1610612762,5,6,6,1,4,0,0
2020-21,22000744,1,1610612756,4,8,7,4,0,1,0
2020-21,22000744,1,1610612760,4,4,4,2,1,0,1
2020-21,22000744,2,1610612756,4,8,6,4,0,2,0
2020-21,22000744,2,1610612760,4,4,2,2,1,2,1
2020-21,22000744,3,1610612756,4,1,1,1,3,0,0
2020-21,22000744,3,1610612760,5,7,5,4,1,2,0
2020-21,22000744,4,1610612756,4,4,3,2,2,1,0
2020-21,22000744,4,1610612760,5,8,7,3,1,1,1
2020-21,22000745,1,1610612749,4,4,3,2,2,1,0
2020-21,22000745,1,1610612757,5,10,7,5,0,3,0
2020-21,22000745,2,1610612749,4,6,5,3,1,1,0
2020-21,22000745,2,1610612757,4,4,3,2,1,1,1
2020-21,22000745,3,1610612749,5,6,6,4,1,0,0
2020-21,22000745,3,1610612757,4,2,1,1,3,1,0
2020-21,22000745,4,1610612749,4,3,3,2,2,0,0
2020-21,22000745,4,1610612757,4,6,5,3,1,1,0
2020-21,22000746,1,1610612747,4,4,1,2,1,3,1
2020-21,22000746,1,1610612758,3,4,2,2,1,2,0
2020-21,22000746,2,1610612747,2,4,3,2,0,1,0
2020-21,22000746,2,1610612758,6,9,8,5,1,1,0
2020-21,22000746,3,1610612747,2,2,2,1,1,0,0
2020-21,22000746,3,1610612758,3,1,0,1,2,1,0
2020-21,22000746,4,1610612747,7,10,6,6,1,4,0
2020-21,22000746,4,1610612758,4,2,2,1,1,0,2
2020-21,22000747,1,1610612742,3,2,1,1,2,1,0
2020-21,22000747,1,1610612764,3,0,0,0,2,0,1
2020-21,22000747,2,1610612742,5,5,4,4,1,1,0
2020-21,22000747,2,1610612764,6,7,5,4,2,2,0
2020-21,22000747,3,1610612742,3,4,3,2,1,1,0
2020-21,22000747,3,1610612764,4,2,2,1,3,0,0
2020-21,22000747,4,1610612742,8,13,11,4,4,2,0
2020-21,22000747,4,1610612764,7,6,5,2,5,1,0
2020-21,22000748,1,1610612752,4,4,2,2,2,2,0
2020-21,22000748,1,1610612765,4,4,3,2,2,1,0
2020-21,22000748,2,1610612752,2,2,1,1,1,1,0
2020-21,22000748,2,1610612765,7,12,8,4,3,4,0
2020-21,22000748,3,1610612752,8,11,9,4,4,2,0
2020-21,22000748,3,1610612765,4,2,2,1,3,0,0
2020-21,22000748,4,1610612752,6,10,8,4,2,2,0
2020-21,22000748,4,1610612765,3,2,1,1,2,1,0
2020-21,22000749,1,1610612739,5,5,4,3,2,1,0
2020-21,22000749,1,1610612748,3,2,1,1,2,1,0
2020-21,22000749,2,1610612739,1,0,0,0,1,0,0
2020-21,22000749,2,1610612748,4,7,6,3,1,1,0
2020-21,22000749,3,1610612739,5,6,5,3,2,1,0
2020-21,22000749,3,1610612748,4,4,3,2,1,1,1
2020-21,22000749,4,1610612739,8,14,12,6,1,2,1
2020-21,22000749,4,1610612748,2,3,2,1,1,1,0
2020-21,22000750,1,1610612750,5,10,9,4,1,1,0
2020-21,22000750,1,1610612755,5,8,5,3,2,3,0
2020-21,22000750,2,1610612750,7,10,8,3,4,2,0
2020-21,22000750,2,1610612755,10,15,11,4,5,4,1
2020-21,22000750,3,1610612750,5,8,6,4,1,2,0
2020-21,22000750,3,1610612755,2,4,4,2,0,0,0
2020-21,22000750,4,1610612750,4,8,8,3,0,0,0
2020-21,22000750,4,1610612755,7,10,8,3,4,2,0
2020-21,22000751,1,1610612754,5,7,5,4,1,2,0
2020-21,22000751,1,1610612759,5,8,8,4,1,0,0
2020-21,22000751,2,1610612754,6,3,3,2,3,0,1
2020-21,22000751,2,1610612759,4,5,3,3,1,2,0
2020-21,22000751,3,1610612754,3,4,4,2,1,0,0
2020-21,22000751,3,1610612759,5,8,8,5,0,0,0
2020-21,22000751,4,1610612754,3,6,6,3,0,0,0
2020-21,22000751,4,1610612759,7,9,7,4,3,2,0
2020-21,22000752,1,1610612753,3,1,1,1,0,0,2
2020-21,22000752,1,1610612762,4,4,3,2,2,1,0
2020-21,22000752,2,1610612753,8,11,9,4,4,2,0
2020-21,22000752,2,1610612762,4,1,1,1,3,0,0
2020-21,22000752,3,1610612753,7,8,8,4,2,0,1
2020-21,22000752,3,1610612762,3,4,2,2,1,2,0
2020-21,22000752,4,1610612753,7,11,7,4,3,4,0
2020-21,22000752,4,1610612762,3,3,3,1,2,0,0
2020-21,22000753,1,1610612757,5,4,3,2,3,1,0
2020-21,22000753,1,1610612760,2,4,2,2,0,2,0
2020-21,22000753,2,1610612757,5,3,3,2,3,0,0
2020-21,22000753,2,1610612760,4,6,5,3,1,1,0
2020-21,22000753,3,1610612757,2,1,1,1,1,0,0
2020-21,22000753,3,1610612760,4,4,2,1,2,2,0
2020-21,22000753,4,1610612757,7,6,4,3,3,2,1
2020-21,22000753,4,1610612760,7,10,8,5,1,2,1
2020-21,22000754,1,1610612749,3,4,4,2,1,0,0
2020-21,22000754,1,1610612758,4,2,2,1,3,0,0
2020-21,22000754,2,1610612749,3,2,2,1,2,0,0
2020-21,22000754,2,1610612758,2,2,2,1,1,0,0
2020-21,22000754,3,1610612749,4,3,3,2,2,0,0
2020-21,22000754,3,1610612758,5,7,7,4,1,0,0
2020-21,22000754,4,1610612749,7,11,9,3,4,2,0
2020-21,22000754,4,1610612758,3,2,2,2,0,0,1
2020-21,22000755,1,1610612741,2,3,1,2,0,2,0
2020-21,22000755,1,1610612751,3,3,3,2,1,0,0
2020-21,22000755,2,1610612741,9,16,10,5,3,6,1
2020-21,22000755,2,1610612751,2,2,1,1,1,1,0
2020-21,22000755,3,1610612741,1,2,2,1,0,0,0
2020-21,22000755,3,1610612751,3,2,2,1,2,0,0
2020-21,22000755,4,1610612741,5,9,8,4,1,1,0
2020-21,22000755,4,1610612751,2,0,0,0,2,0,0
2020-21,22000756,1,1610612746,1,0,0,0,1,0,0
2020-21,22000756,1,1610612747,5,3,2,2,2,1,1
2020-21,22000756,2,1610612746,4,5,4,2,2,1,0
2020-21,22000756,2,1610612747,4,2,2,1,2,0,1
2020-21,22000756,3,1610612746,3,4,4,1,2,0,0
2020-21,22000756,3,1610612747,6,7,5,4,2,2,0
2020-21,22000756,4,1610612746,1,0,0,0,1,0,0
2020-21,22000756,4,1610612747,6,8,6,5,1,2,0
2020-21,22000757,1,1610612738,2,2,2,1,1,0,0
2020-21,22000757,1,1610612766,4,2,2,1,0,0,3
2020-21,22000757,2,1610612738,3,3,2,2,1,1,0
2020-21,22000757,2,1610612766,7,7,3,3,2,4,2
2020-21,22000757,3,1610612738,6,4,4,0,5,0,1
2020-21,22000757,3,1610612766,3,5,3,2,1,2,0
2020-21,22000757,4,1610612738,3,2,1,1,2,1,0
2020-21,22000757,4,1610612766,4,6,4,3,0,2,1
2020-21,22000758,1,1610612755,3,2,2,1,2,0,0
2020-21,22000758,1,1610612763,4,6,4,3,0,2,1
2020-21,22000758,2,1610612755,6,8,3,2,4,5,0
2020-21,22000758,2,1610612763,3,1,1,1,2,0,0
2020-21,22000758,3,1610612755,6,8,7,4,2,1,0
2020-21,22000758,3,1610612763,5,7,6,4,1,1,0
2020-21,22000758,4,1610612755,7,10,6,6,1,4,0
2020-21,22000758,4,1610612763,4,1,1,1,3,0,0
2020-21,22000759,1,1610612737,5,7,2,4,1,5,0
2020-21,22000759,1,1610612744,4,4,1,3,1,3,0
2020-21,22000759,2,1610612737,8,11,9,3,4,2,1
2020-21,22000759,2,1610612744,5,6,5,2,2,1,1
2020-21,22000759,3,1610612737,4,8,7,3,0,1,1
2020-21,22000759,3,1610612744,5,7,5,4,0,2,1
2020-21,22000759,4,1610612737,9,19,17,5,3,2,1
2020-21,22000759,4,1610612744,3,4,4,2,1,0,0
2020-21,22000760,1,1610612740,6,11,6,6,0,5,0
2020-21,22000760,1,1610612745,4,4,2,2,2,2,0
2020-21,22000760,2,1610612740,6,11,8,4,1,3,1
2020-21,22000760,2,1610612745,7,8,6,4,1,2,2
2020-21,22000760,3,1610612740,3,3,3,1,1,0,1
2020-21,22000760,3,1610612745,7,8,6,2,4,2,1
2020-21,22000760,4,1610612740,9,10,5,2,7,5,0
2020-21,22000760,4,1610612745,5,4,3,2,3,1,0
2020-21,22000761,1,1610612743,3,1,1,1,1,0,1
2020-21,22000761,1,1610612753,3,4,2,2,1,2,0
2020-21,22000761,2,1610612743,6,10,6,3,3,4,0
2020-21,22000761,2,1610612753,2,2,2,2,0,0,0
2020-21,22000761,3,1610612743,7,9,8,5,1,1,1
2020-21,22000761,3,1610612753,4,5,4,3,1,1,0
2020-21,22000761,4,1610612743,8,11,9,4,4,2,0
2020-21,22000761,4,1610612753,4,6,4,3,0,2,0
2020-21,22000762,1,1610612751,7,7,5,4,2,2,1
2020-21,22000762,1,1610612752,5,7,7,3,2,0,0
2020-21,22000762,2,1610612751,5,4,1,2,1,3,2
2020-21,22000762,2,1610612752,2,3,2,2,0,1,0
2020-21,22000762,3,1610612751,6,8,7,4,1,1,1
2020-21,22000762,3,1610612752,2,4,4,2,0,0,0
2020-21,22000762,4,1610612751,6,7,7,4,0,0,2
2020-21,22000762,4,1610612752,6,8,5,4,1,3,0
2020-21,22000763,1,1610612761,3,4,3,2,1,1,0
2020-21,22000763,1,1610612764,4,6,3,3,1,3,0
2020-21,22000763,2,1610612761,4,3,2,2,2,1,0
2020-21,22000763,2,1610612764,3,3,3,1,2,0,0
2020-21,22000763,3,1610612761,6,3,2,3,3,1,0
2020-21,22000763,3,1610612764,4,3,3,2,2,0,0
2020-21,22000763,4,1610612761,3,1,1,1,2,0,0
2020-21,22000763,4,1610612764,5,6,6,2,3,0,0
2020-21,22000764,1,1610612742,4,0,0,0,4,0,0
2020-21,22000764,1,1610612762,1,0,0,0,1,0,0
2020-21,22000764,2,1610612742,1,2,1,1,0,1,0
2020-21,22000764,2,1610612762,3,3,2,2,1,1,0
2020-21,22000764,3,1610612742,5,5,5,2,3,0,0
2020-21,22000764,3,1610612762,5,10,8,4,0,2,1
2020-21,22000764,4,1610612742,5,1,0,1,2,1,2
2020-21,22000764,4,1610612762,6,9,7,3,3,2,0
2020-21,22000765,1,1610612750,2,4,4,2,0,0,0
2020-21,22000765,1,1610612758,4,5,4,3,1,1,0
2020-21,22000765,2,1610612750,6,9,7,4,2,2,0
2020-21,22000765,2,1610612758,5,10,9,5,0,1,0
2020-21,22000765,3,1610612750,4,8,6,4,0,2,0
2020-21,22000765,3,1610612758,2,3,2,2,0,1,0
2020-21,22000765,4,1610612750,7,12,11,3,4,1,0
2020-21,22000765,4,1610612758,4,6,4,3,1,2,0
2020-21,22000766,1,1610612760,4,4,4,2,2,0,0
2020-21,22000766,1,1610612765,5,7,5,4,0,2,1
2020-21,22000766,2,1610612760,3,4,3,1,1,1,0
2020-21,22000766,2,1610612765,4,2,2,1,2,0,1
2020-21,22000766,3,1610612760,4,6,5,4,0,1,0
2020-21,22000766,3,1610612765,5,9,9,4,1,0,0
2020-21,22000766,4,1610612760,7,11,9,4,1,2,2
2020-21,22000766,4,1610612765,5,6,5,3,2,1,0
2020-21,22000767,1,1610612739,4,5,4,3,1,1,0
2020-21,22000767,1,1610612759,3,5,5,3,0,0,0
2020-21,22000767,2,1610612739,4,4,4,2,2,0,0
2020-21,22000767,2,1610612759,6,7,5,4,2,2,0
2020-21,22000767,3,1610612739,8,12,11,5,2,1,1
2020-21,22000767,3,1610612759,8,13,11,5,3,2,0
2020-21,22000767,4,1610612739,3,6,4,3,0,2,0
2020-21,22000767,4,1610612759,7,7,5,2,4,2,1
2020-21,22000768,1,1610612745,3,6,6,3,0,0,0
2020-21,22000768,1,1610612756,2,0,0,0,2,0,0
2020-21,22000768,2,1610612745,6,11,8,4,1,3,0
2020-21,22000768,2,1610612756,6,8,8,3,3,0,0
2020-21,22000768,3,1610612745,5,5,3,2,3,2,0
2020-21,22000768,3,1610612756,7,7,6,4,3,1,0
2020-21,22000768,4,1610612745,7,11,10,3,3,1,1
2020-21,22000768,4,1610612756,9,16,13,4,5,3,0
2020-21,22000769,1,1610612741,7,9,7,4,2,2,1
2020-21,22000769,1,1610612754,2,5,4,2,0,1,0
2020-21,22000769,2,1610612741,2,2,1,1,0,1,1
2020-21,22000769,2,1610612754,4,6,4,3,1,2,0
2020-21,22000769,3,1610612741,3,0,0,0,3,0,0
2020-21,22000769,3,1610612754,3,3,3,2,1,0,0
2020-21,22000769,4,1610612741,4,3,3,2,2,0,0
2020-21,22000769,4,1610612754,2,2,1,1,0,1,0
2020-21,22000770,1,1610612737,1,2,2,1,0,0,0
2020-21,22000770,1,1610612740,7,8,6,4,2,2,1
2020-21,22000770,2,1610612737,6,8,5,4,2,3,0
2020-21,22000770,2,1610612740,7,12,9,4,2,3,1
2020-21,22000770,3,1610612737,4,6,5,3,1,1,0
2020-21,22000770,3,1610612740,2,2,2,1,1,0,0
2020-21,22000770,4,1610612737,3,6,3,3,0,3,0
2020-21,22000770,4,1610612740,5,6,4,3,0,2,2
2020-21,22000771,1,1610612738,4,3,3,2,2,0,0
2020-21,22000771,1,1610612755,7,12,8,6,1,4,0
2020-21,22000771,2,1610612738,4,3,2,2,1,1,1
2020-21,22000771,2,1610612755,2,4,3,2,0,1,0
2020-21,22000771,3,1610612738,3,2,2,1,2,0,0
2020-21,22000771,3,1610612755,5,9,8,4,1,1,0
2020-21,22000771,4,1610612738,6,10,9,5,1,1,0
2020-21,22000771,4,1610612755,8,14,10,5,3,4,0
2020-21,22000772,1,1610612747,3,4,3,2,0,1,0
2020-21,22000772,1,1610612761,4,5,3,3,1,2,0
2020-21,22000772,2,1610612747,4,4,2,2,0,2,2
2020-21,22000772,2,1610612761,6,7,6,3,3,1,0
2020-21,22000772,3,1610612747,4,5,4,2,1,1,1
2020-21,22000772,3,1610612761,4,4,4,2,2,0,0
2020-21,22000772,4,1610612747,7,9,5,3,4,4,0
2020-21,22000772,4,1610612761,8,14,11,7,1,3,0
2020-21,22000773,1,1610612748,3,5,2,3,0,3,0
2020-21,22000773,1,1610612763,6,10,8,5,1,2,0
2020-21,22000773,2,1610612748,1,3,2,1,0,1,0
2020-21,22000773,2,1610612763,4,4,1,2,2,3,0
2020-21,22000773,3,1610612748,6,7,5,4,1,2,1
2020-21,22000773,3,1610612763,2,3,3,0,1,0,0
2020-21,22000773,4,1610612748,2,3,2,2,0,1,0
2020-21,22000773,4,1610612763,4,3,3,1,3,0,0
2020-21,22000774,1,1610612744,2,3,3,2,0,0,0
2020-21,22000774,1,1610612749,4,4,4,2,2,0,0
2020-21,22000774,2,1610612744,2,1,1,1,0,0,1
2020-21,22000774,2,1610612749,3,3,2,2,1,1,0
2020-21,22000774,3,1610612744,3,7,5,3,0,2,0
2020-21,22000774,3,1610612749,6,9,8,5,1,1,0
2020-21,22000774,4,1610612744,5,6,6,3,1,0,1
2020-21,22000774,4,1610612749,5,6,5,3,2,1,0
2020-21,22000775,1,1610612746,3,4,4,2,1,0,0
2020-21,22000775,1,1610612757,5,9,7,4,1,2,0
2020-21,22000775,2,1610612746,5,4,3,1,4,1,0
2020-21,22000775,2,1610612757,8,12,9,4,4,3,0
2020-21,22000775,3,1610612746,6,8,7,4,1,1,1
2020-21,22000775,3,1610612757,5,6,6,3,2,0,0
2020-21,22000775,4,1610612746,8,14,11,8,0,3,0
2020-21,22000775,4,1610612757,6,10,9,5,1,1,0
2020-21,22000776,1,1610612750,4,7,5,4,0,2,0
2020-21,22000776,1,1610612754,5,10,9,5,0,1,0
2020-21,22000776,2,1610612750,8,12,8,4,3,4,1
2020-21,22000776,2,1610612754,3,4,4,2,1,0,0
2020-21,22000776,3,1610612750,7,12,11,5,2,1,0
2020-21,22000776,3,1610612754,2,1,1,1,1,0,0
2020-21,22000776,4,1610612750,8,9,7,4,4,2,0
2020-21,22000776,4,1610612754,5,4,3,0,5,1,0
2020-21,22000777,1,1610612753,5,5,4,2,1,1,1
2020-21,22000777,1,1610612764,3,2,2,1,2,0,0
2020-21,22000777,2,1610612753,4,4,1,3,0,3,1
2020-21,22000777,2,1610612764,5,8,8,4,0,0,1
2020-21,22000777,3,1610612753,2,3,3,1,0,0,0
2020-21,22000777,3,1610612764,2,0,0,0,2,0,0
2020-21,22000777,4,1610612753,6,11,8,3,2,3,1
2020-21,22000777,4,1610612764,5,6,4,3,2,2,0
2020-21,22000778,1,1610612738,6,6,3,2,4,3,0
2020-21,22000778,1,1610612752,5,4,2,2,3,2,0
2020-21,22000778,2,1610612738,3,2,1,1,2,1,0
2020-21,22000778,2,1610612752,2,4,4,2,0,0,0
2020-21,22000778,3,1610612738,3,1,1,1,2,0,0
2020-21,22000778,3,1610612752,3,4,4,2,1,0,0
2020-21,22000778,4,1610612738,7,11,9,3,4,2,0
2020-21,22000778,4,1610612752,3,4,3,2,1,1,0
2020-21,22000779,1,1610612740,6,10,7,3,2,3,1
2020-21,22000779,1,1610612751,7,11,7,4,3,4,0
2020-21,22000779,2,1610612740,9,11,7,3,5,4,1
2020-21,22000779,2,1610612751,6,9,9,4,1,0,1
2020-21,22000779,3,1610612740,7,9,8,4,3,1,0
2020-21,22000779,3,1610612751,0,2,2,0,0,0,0
2020-21,22000779,4,1610612740,7,9,7,4,2,2,0
2020-21,22000779,4,1610612751,0,0,0,0,0,0,0
2020-21,22000780,1,1610612737,2,1,1,1,1,0,0
2020-21,22000780,1,1610612763,3,3,3,2,1,0,0
2020-21,22000780,2,1610612737,4,4,3,3,1,1,0
2020-21,22000780,2,1610612763,7,9,8,3,4,1,0
2020-21,22000780,3,1610612737,3,5,4,2,1,1,0
2020-21,22000780,3,1610612763,4,4,4,3,1,0,0
2020-21,22000780,4,1610612737,7,5,5,4,3,0,0
2020-21,22000780,4,1610612763,4,5,3,3,1,2,0
2020-21,22000781,1,1610612760,4,6,2,3,1,4,0
2020-21,22000781,1,1610612766,2,4,4,2,0,0,0
2020-21,22000781,2,1610612760,5,5,5,3,1,0,1
2020-21,22000781,2,1610612766,4,6,5,3,1,1,0
2020-21,22000781,3,1610612760,3,2,1,1,2,1,0
2020-21,22000781,3,1610612766,2,2,2,1,1,0,0
2020-21,22000781,4,1610612760,2,4,4,2,0,0,0
2020-21,22000781,4,1610612766,1,1,1,1,0,0,0
2020-21,22000782,1,1610612743,3,1,1,1,2,0,0
2020-21,22000782,1,1610612759,3,3,2,2,1,1,0
2020-21,22000782,2,1610612743,3,3,3,1,2,0,0
2020-21,22000782,2,1610612759,4,8,5,3,0,3,1
2020-21,22000782,3,1610612743,7,10,7,4,3,3,0
2020-21,22000782,3,1610612759,4,2,2,1,1,0,2
2020-21,22000782,4,1610612743,6,10,7,4,1,3,1
2020-21,22000782,4,1610612759,6,8,5,2,4,3,0
2020-21,22000783,1,1610612756,2,4,3,2,0,1,0
2020-21,22000783,1,1610612762,2,1,0,1,1,1,0
2020-21,22000783,2,1610612756,5,8,7,3,2,1,0
2020-21,22000783,2,1610612762,3,4,3,2,1,1,0
2020-21,22000783,3,1610612756,6,4,3,2,2,1,2
2020-21,22000783,3,1610612762,7,6,4,5,1,2,1
2020-21,22000783,4,1610612756,3,0,0,0,2,0,1
2020-21,22000783,4,1610612762,3,2,2,1,1,0,0
2020-21,22000784,1,1610612747,3,1,1,0,3,0,0
2020-21,22000784,1,1610612748,9,18,16,6,2,2,1
2020-21,22000784,2,1610612747,7,14,11,5,2,3,0
2020-21,22000784,2,1610612748,1,2,1,1,0,1,0
2020-21,22000784,3,1610612747,5,8,8,3,2,0,0
2020-21,22000784,3,1610612748,8,8,6,4,4,2,0
2020-21,22000784,4,1610612747,3,2,2,1,2,0,0
2020-21,22000784,4,1610612748,5,12,9,3,2,3,0
2020-21,22000785,1,1610612739,4,6,6,3,1,0,0
2020-21,22000785,1,1610612760,3,3,2,3,0,1,0
2020-21,22000785,2,1610612739,6,10,6,4,0,4,2
2020-21,22000785,2,1610612760,2,2,2,1,1,0,0
2020-21,22000785,3,1610612739,3,2,2,1,1,0,1
2020-21,22000785,3,1610612760,2,2,1,1,1,1,0
2020-21,22000785,4,1610612739,5,6,6,3,2,0,0
2020-21,22000785,4,1610612760,4,6,4,3,1,2,0
2020-21,22000786,1,1610612742,5,7,6,2,2,1,1
2020-21,22000786,1,1610612749,5,7,5,4,1,2,0
2020-21,22000786,2,1610612742,4,3,3,2,2,0,0
2020-21,22000786,2,1610612749,2,1,1,1,1,0,0
2020-21,22000786,3,1610612742,4,1,1,0,4,0,0
2020-21,22000786,3,1610612749,3,2,2,1,2,0,0
2020-21,22000786,4,1610612742,7,7,3,2,4,4,1
2020-21,22000786,4,1610612749,4,6,5,3,1,1,0
2020-21,22000787,1,1610612757,2,3,2,1,0,1,1
2020-21,22000787,1,1610612762,3,2,2,1,2,0,0
2020-21,22000787,2,1610612757,6,7,6,4,2,1,0
2020-21,22000787,2,1610612762,4,7,6,3,1,1,0
2020-21,22000787,3,1610612757,2,3,2,2,0,1,0
2020-21,22000787,3,1610612762,8,12,11,4,4,1,0
2020-21,22000787,4,1610612757,5,5,4,2,2,1,1
2020-21,22000787,4,1610612762,4,6,5,3,1,1,0
2020-21,22000788,1,1610612746,3,2,2,1,2,0,0
2020-21,22000788,1,1610612756,5,6,4,2,3,2,0
2020-21,22000788,2,1610612746,4,2,1,1,3,1,0
2020-21,22000788,2,1610612756,3,3,1,2,1,2,0
2020-21,22000788,3,1610612746,6,5,5,1,4,0,0
2020-21,22000788,3,1610612756,5,10,9,5,0,1,0
2020-21,22000788,4,1610612746,6,3,3,2,2,0,1
2020-21,22000788,4,1610612756,7,11,11,2,4,0,0
2020-21,22000789,1,1610612758,4,2,1,1,3,1,0
2020-21,22000789,1,1610612765,3,4,4,2,1,0,0
2020-21,22000789,2,1610612758,6,6,3,1,3,3,2
2020-21,22000789,2,1610612765,6,6,5,4,1,1,1
2020-21,22000789,3,1610612758,6,9,7,4,2,2,0
2020-21,22000789,3,1610612765,7,6,4,3,4,2,0
2020-21,22000789,4,1610612758,7,9,7,4,3,2,0
2020-21,22000789,4,1610612765,4,4,4,2,2,0,0
2020-21,22000790,1,1610612753,5,6,4,3,2,2,0
2020-21,22000790,1,1610612754,5,7,6,3,2,1,0
2020-21,22000790,2,1610612753,6,6,4,1,4,2,1
2020-21,22000790,2,1610612754,4,6,4,3,1,2,0
2020-21,22000790,3,1610612753,6,11,9,4,2,2,0
2020-21,22000790,3,1610612754,2,2,2,1,1,0,0
2020-21,22000790,4,1610612753,4,8,7,3,0,1,1
2020-21,22000790,4,1610612754,9,13,12,4,3,1,2
2020-21,22000791,1,1610612737,4,6,5,3,1,1,0
2020-21,22000791,1,1610612741,3,2,2,1,2,0,0
2020-21,22000791,2,1610612737,2,1,1,1,1,0,0
2020-21,22000791,2,1610612741,5,8,8,3,2,0,0
2020-21,22000791,3,1610612737,6,8,6,4,2,2,0
2020-21,22000791,3,1610612741,1,2,1,1,0,1,0
2020-21,22000791,4,1610612737,5,8,7,3,2,1,0
2020-21,22000791,4,1610612741,3,2,2,1,2,0,0
2020-21,22000792,1,1610612738,5,3,2,1,4,1,0
2020-21,22000792,1,1610612750,5,7,6,3,2,1,0
2020-21,22000792,2,1610612738,6,10,10,4,2,0,0
2020-21,22000792,2,1610612750,4,3,2,1,3,1,0
2020-21,22000792,3,1610612738,4,6,6,2,2,0,0
2020-21,22000792,3,1610612750,8,15,14,6,2,1,0
2020-21,22000792,4,1610612738,5,6,6,3,2,0,0
2020-21,22000792,4,1610612750,4,4,4,2,1,0,1
2020-21,22000793,1,1610612752,7,8,8,2,5,0,0
2020-21,22000793,1,1610612763,6,10,6,4,1,4,1
2020-21,22000793,2,1610612752,2,2,1,1,0,1,1
2020-21,22000793,2,1610612763,2,2,2,1,1,0,0
2020-21,22000793,3,1610612752,5,9,8,4,0,1,1
2020-21,22000793,3,1610612763,6,5,3,2,3,2,0
2020-21,22000793,4,1610612752,5,8,8,4,1,0,0
2020-21,22000793,4,1610612763,8,13,7,5,1,6,2
2020-21,22000794,1,1610612739,6,12,10,5,1,2,0
2020-21,22000794,1,1610612761,7,11,10,6,1,1,0
2020-21,22000794,2,1610612739,5,4,3,2,3,1,0
2020-21,22000794,2,1610612761,2,0,0,0,2,0,0
2020-21,22000794,3,1610612739,3,5,5,3,0,0,0
2020-21,22000794,3,1610612761,1,0,0,0,1,0,0
2020-21,22000794,4,1610612739,3,5,4,2,1,1,0
2020-21,22000794,4,1610612761,3,3,2,1,1,1,0
2020-21,22000795,1,1610612740,3,4,3,2,1,1,0
2020-21,22000795,1,1610612755,5,8,6,4,0,2,0
2020-21,22000795,2,1610612740,7,10,7,6,1,3,0
2020-21,22000795,2,1610612755,2,2,0,1,1,2,0
2020-21,22000795,3,1610612740,5,6,4,3,2,2,0
2020-21,22000795,3,1610612755,4,6,5,3,1,1,0
2020-21,22000795,4,1610612740,7,10,5,2,4,5,0
2020-21,22000795,4,1610612755,6,8,6,3,3,2,0
2020-21,22000796,1,1610612749,2,4,2,2,0,2,0
2020-21,22000796,1,1610612766,6,12,12,4,2,0,0
2020-21,22000796,2,1610612749,5,5,5,3,2,0,0
2020-21,22000796,2,1610612766,1,2,2,1,0,0,0
2020-21,22000796,3,1610612749,4,7,4,3,1,3,0
2020-21,22000796,3,1610612766,2,3,2,2,0,1,0
2020-21,22000796,4,1610612749,6,7,6,3,3,1,0
2020-21,22000796,4,1610612766,4,5,4,2,2,1,0
2020-21,22000797,1,1610612743,5,4,4,1,4,0,0
2020-21,22000797,1,1610612759,3,2,2,1,2,0,0
2020-21,22000797,2,1610612743,3,1,1,1,2,0,0
2020-21,22000797,2,1610612759,6,7,5,4,2,2,0
2020-21,22000797,3,1610612743,6,10,9,5,1,1,0
2020-21,22000797,3,1610612759,5,7,6,4,1,1,0
2020-21,22000797,4,1610612743,6,8,7,1,5,1,0
2020-21,22000797,4,1610612759,6,12,11,5,1,1,0
2020-21,22000798,1,1610612744,2,2,0,1,1,2,0
2020-21,22000798,1,1610612764,5,7,5,5,0,2,0
2020-21,22000798,2,1610612744,4,2,1,1,1,1,2
2020-21,22000798,2,1610612764,6,8,5,4,2,3,0
2020-21,22000798,3,1610612744,5,9,7,5,0,2,0
2020-21,22000798,3,1610612764,3,2,2,2,1,0,0
2020-21,22000798,4,1610612744,5,8,6,3,2,2,0
2020-21,22000798,4,1610612764,5,7,7,3,2,0,0
2020-21,22000799,1,1610612745,7,8,7,5,2,1,0
2020-21,22000799,1,1610612746,4,1,1,1,3,0,0
2020-21,22000799,2,1610612745,5,6,4,1,3,2,1
2020-21,22000799,2,1610612746,4,5,4,3,1,1,0
2020-21,22000799,3,1610612745,6,7,2,3,2,5,1
2020-21,22000799,3,1610612746,3,3,2,2,1,1,0
2020-21,22000799,4,1610612745,4,6,6,3,1,0,0
2020-21,22000799,4,1610612746,3,4,4,2,0,0,1
2020-21,22000800,1,1610612747,5,8,6,4,0,2,1
2020-21,22000800,1,1610612751,4,4,4,2,2,0,0
2020-21,22000800,2,1610612747,2,2,2,1,0,0,1
2020-21,22000800,2,1610612751,5,8,7,3,1,1,0
2020-21,22000800,3,1610612747,9,8,4,4,4,4,0
2020-21,22000800,3,1610612751,3,5,5,2,1,0,0
2020-21,22000800,4,1610612747,4,2,1,2,2,1,0
2020-21,22000800,4,1610612751,8,13,10,4,4,3,0
2020-21,22000801,1,1610612758,3,2,1,1,2,1,0
2020-21,22000801,1,1610612762,8,13,10,5,3,3,0
2020-21,22000801,2,1610612758,7,13,9,6,1,4,0
2020-21,22000801,2,1610612762,3,4,4,2,1,0,0
2020-21,22000801,3,1610612758,3,3,1,2,1,2,0
2020-21,22000801,3,1610612762,5,8,7,2,3,1,0
2020-21,22000801,4,1610612758,4,4,3,2,2,1,0
2020-21,22000801,4,1610612762,6,10,9,4,2,1,0
2020-21,22000802,1,1610612744,3,4,4,2,1,0,0
2020-21,22000802,1,1610612745,3,0,0,0,3,0,0
2020-21,22000802,2,1610612744,4,2,0,1,2,2,1
2020-21,22000802,2,1610612745,8,10,5,4,4,5,0
2020-21,22000802,3,1610612744,5,4,4,2,2,0,1
2020-21,22000802,3,1610612745,3,4,4,2,1,0,0
2020-21,22000802,4,1610612744,3,6,5,3,0,1,0
2020-21,22000802,4,1610612745,5,6,5,2,3,1,0
2020-21,22000803,1,1610612756,3,0,0,0,3,0,0
2020-21,22000803,1,1610612764,2,4,3,2,0,1,0
2020-21,22000803,2,1610612756,2,0,0,0,2,0,0
2020-21,22000803,2,1610612764,5,6,4,2,3,2,0
2020-21,22000803,3,1610612756,4,2,2,1,3,0,0
2020-21,22000803,3,1610612764,4,9,6,4,0,3,0
2020-21,22000803,4,1610612756,3,5,5,2,1,0,0
2020-21,22000803,4,1610612764,6,9,6,5,1,3,0
2020-21,22000804,1,1610612757,2,2,1,1,1,1,0
2020-21,22000804,1,1610612765,1,0,0,0,1,0,0
2020-21,22000804,2,1610612757,4,2,2,1,3,0,0
2020-21,22000804,2,1610612765,6,9,5,3,2,4,1
2020-21,22000804,3,1610612757,8,10,9,1,6,1,1
2020-21,22000804,3,1610612765,3,6,4,3,0,2,0
2020-21,22000804,4,1610612757,8,10,7,4,3,3,1
2020-21,22000804,4,1610612765,8,13,11,4,3,2,1
2020-21,22000805,1,1610612737,2,2,1,1,1,1,0
2020-21,22000805,1,1610612766,2,4,4,2,0,0,0
2020-21,22000805,2,1610612737,3,5,4,2,1,1,0
2020-21,22000805,2,1610612766,4,5,4,3,0,1,1
2020-21,22000805,3,1610612737,3,2,2,1,2,0,0
2020-21,22000805,3,1610612766,4,5,4,3,0,1,1
2020-21,22000805,4,1610612737,4,7,5,2,2,2,0
2020-21,22000805,4,1610612766,0,0,0,0,0,0,0
2020-21,22000806,1,1610612738,5,5,3,2,2,2,1
2020-21,22000806,1,1610612743,3,0,0,0,3,0,0
2020-21,22000806,2,1610612738,6,11,10,5,1,1,0
2020-21,22000806,2,1610612743,4,7,6,3,1,1,0
2020-21,22000806,3,1610612738,3,2,2,2,1,0,0
2020-21,22000806,3,1610612743,6,8,7,5,1,1,0
2020-21,22000806,4,1610612738,4,5,5,2,1,0,1
2020-21,22000806,4,1610612743,4,3,2,2,2,1,0
2020-21,22000807,1,1610612739,5,6,4,4,1,2,0
2020-21,22000807,1,1610612740,5,7,5,4,1,2,0
2020-21,22000807,2,1610612739,2,3,3,2,0,0,0
2020-21,22000807,2,1610612740,6,7,6,4,2,1,0
2020-21,22000807,3,1610612739,4,8,7,4,0,1,0
2020-21,22000807,3,1610612740,5,8,7,4,1,1,0
2020-21,22000807,4,1610612739,1,0,0,0,1,0,0
2020-21,22000807,4,1610612740,3,4,3,1,2,1,0
2020-21,22000808,1,1610612749,2,3,2,2,0,1,0
2020-21,22000808,1,1610612753,1,1,0,1,0,1,0
2020-21,22000808,2,1610612749,1,2,2,1,0,0,0
2020-21,22000808,2,1610612753,2,2,0,1,0,2,1
2020-21,22000808,3,1610612749,6,8,7,2,4,1,0
2020-21,22000808,3,1610612753,4,4,4,2,0,0,1
2020-21,22000808,4,1610612749,3,2,2,1,2,0,0
2020-21,22000808,4,1610612753,8,12,11,3,3,1,2
2020-21,22000809,1,1610612752,6,7,5,4,1,2,1
2020-21,22000809,1,1610612761,3,4,4,2,1,0,0
2020-21,22000809,2,1610612752,6,8,8,3,2,0,1
2020-21,22000809,2,1610612761,5,8,6,4,1,2,0
2020-21,22000809,3,1610612752,1,0,0,0,1,0,0
2020-21,22000809,3,1610612761,4,7,7,4,0,0,0
2020-21,22000809,4,1610612752,9,12,10,4,4,2,1
2020-21,22000809,4,1610612761,5,4,2,1,3,2,1
2020-21,22000810,1,1610612742,5,6,6,3,2,0,0
2020-21,22000810,1,1610612759,4,6,4,3,1,2,0
2020-21,22000810,2,1610612742,4,1,1,1,1,0,2
2020-21,22000810,2,1610612759,4,8,6,4,0,2,0
2020-21,22000810,3,1610612742,3,6,5,3,0,1,0
2020-21,22000810,3,1610612759,6,6,5,4,2,1,0
2020-21,22000810,4,1610612742,5,2,2,1,3,0,1
2020-21,22000810,4,1610612759,7,7,6,4,3,1,0
2020-21,22000811,1,1610612754,2,4,4,2,0,0,0
2020-21,22000811,1,1610612763,4,6,4,3,1,2,0
2020-21,22000811,2,1610612754,1,2,2,1,0,0,0
2020-21,22000811,2,1610612763,2,0,0,0,2,0,0
2020-21,22000811,3,1610612754,4,6,4,3,1,2,0
2020-21,22000811,3,1610612763,4,6,3,3,1,3,0
2020-21,22000811,4,1610612754,5,5,5,2,3,0,0
2020-21,22000811,4,1610612763,6,7,6,3,2,1,1
2020-21,22000812,1,1610612741,2,1,0,1,1,1,0
2020-21,22000812,1,1610612750,1,0,0,0,1,0,0
2020-21,22000812,2,1610612741,3,3,3,2,1,0,0
2020-21,22000812,2,1610612750,8,14,14,7,1,0,0
2020-21,22000812,3,1610612741,3,5,4,3,0,1,0
2020-21,22000812,3,1610612750,4,2,2,1,3,0,0
2020-21,22000812,4,1610612741,5,4,1,3,1,3,1
2020-21,22000812,4,1610612750,6,9,9,3,3,0,0
2020-21,22000813,1,1610612746,3,1,1,1,2,0,0
2020-21,22000813,1,1610612765,4,0,0,0,4,0,0
2020-21,22000813,2,1610612746,5,6,5,2,3,1,0
2020-21,22000813,2,1610612765,4,5,5,2,2,0,0
2020-21,22000813,3,1610612746,4,2,1,1,3,1,0
2020-21,22000813,3,1610612765,4,5,5,3,1,0,0
2020-21,22000813,4,1610612746,9,12,9,1,7,3,1
2020-21,22000813,4,1610612765,6,9,7,4,2,2,0
2020-21,22000814,1,1610612748,3,6,4,3,0,2,0
2020-21,22000814,1,1610612757,3,4,4,2,1,0,0
2020-21,22000814,2,1610612748,1,2,1,1,0,1,0
2020-21,22000814,2,1610612757,3,2,1,1,2,1,0
2020-21,22000814,3,1610612748,5,6,5,3,2,1,0
2020-21,22000814,3,1610612757,5,7,4,3,0,3,2
2020-21,22000814,4,1610612748,4,6,3,3,1,3,0
2020-21,22000814,4,1610612757,6,6,4,3,2,2,1
2020-21,22000815,1,1610612747,4,2,2,2,1,0,1
2020-21,22000815,1,1610612752,4,6,5,3,1,1,0
2020-21,22000815,2,1610612747,4,4,3,2,1,1,1
2020-21,22000815,2,1610612752,6,9,7,5,1,2,0
2020-21,22000815,3,1610612747,3,4,3,2,1,1,0
2020-21,22000815,3,1610612752,2,2,1,1,1,1,0
2020-21,22000815,4,1610612747,3,8,6,2,0,2,0
2020-21,22000815,4,1610612752,7,10,9,4,2,1,1
2020-21,22000816,1,1610612753,5,7,3,2,2,4,1
2020-21,22000816,1,1610612759,4,1,1,1,2,0,1
2020-21,22000816,2,1610612753,4,6,5,4,0,1,0
2020-21,22000816,2,1610612759,3,5,5,3,0,0,0
2020-21,22000816,3,1610612753,7,9,6,5,2,3,0
2020-21,22000816,3,1610612759,2,3,0,2,0,3,0
2020-21,22000816,4,1610612753,8,10,6,4,4,4,0
2020-21,22000816,4,1610612759,6,9,8,5,0,1,1
2020-21,22000817,1,1610612750,3,0,0,0,3,0,0
2020-21,22000817,1,1610612751,7,8,8,4,2,0,1
2020-21,22000817,2,1610612750,5,8,7,4,1,1,0
2020-21,22000817,2,1610612751,6,6,4,3,3,2,0
2020-21,22000817,3,1610612750,9,17,12,6,1,5,2
2020-21,22000817,3,1610612751,2,3,3,2,0,0,0
2020-21,22000817,4,1610612750,4,8,5,4,0,3,0
2020-21,22000817,4,1610612751,5,7,5,3,2,2,0
2020-21,22000818,1,1610612742,5,8,6,4,1,2,0
2020-21,22000818,1,1610612755,6,10,9,3,2,1,1
2020-21,22000818,2,1610612742,6,8,6,2,4,2,0
2020-21,22000818,2,1610612755,6,12,8,5,1,4,0
2020-21,22000818,3,1610612742,3,2,2,1,1,0,1
2020-21,22000818,3,1610612755,4,6,4,3,0,2,1
2020-21,22000818,4,1610612742,4,2,2,1,3,0,0
2020-21,22000818,4,1610612755,6,5,2,2,4,3,0
2020-21,22000819,1,1610612740,2,3,3,2,0,0,0
2020-21,22000819,1,1610612758,4,3,3,2,2,0,0
2020-21,22000819,2,1610612740,8,12,7,6,2,5,0
2020-21,22000819,2,1610612758,8,13,9,6,1,4,1
2020-21,22000819,3,1610612740,3,5,5,3,0,0,0
2020-21,22000819,3,1610612758,6,12,5,6,0,7,0
2020-21,22000819,4,1610612740,12,19,12,5,7,7,0
2020-21,22000819,4,1610612758,5,9,5,3,1,4,0
2020-21,22000820,1,1610612762,6,6,4,2,4,2,0
2020-21,22000820,1,1610612764,5,10,10,5,0,0,0
2020-21,22000820,2,1610612762,7,10,8,2,3,2,2
2020-21,22000820,2,1610612764,3,2,2,1,2,0,0
2020-21,22000820,3,1610612762,5,4,3,2,3,1,0
2020-21,22000820,3,1610612764,3,5,4,3,0,1,0
2020-21,22000820,4,1610612762,7,11,9,4,2,2,1
2020-21,22000820,4,1610612764,7,11,6,1,5,5,0
2020-21,22000821,1,1610612743,4,5,4,3,1,1,0
2020-21,22000821,1,1610612744,5,4,4,1,4,0,0
2020-21,22000821,2,1610612743,6,6,6,1,4,0,1
2020-21,22000821,2,1610612744,4,4,3,1,3,1,0
2020-21,22000821,3,1610612743,3,2,1,1,2,1,0
2020-21,22000821,3,1610612744,7,6,6,2,1,0,2
2020-21,22000821,4,1610612743,7,12,10,6,1,2,0
2020-21,22000821,4,1610612744,7,8,7,1,6,1,0
2020-21,22000822,1,1610612745,2,2,1,1,1,1,0
2020-21,22000822,1,1610612756,2,5,4,2,0,1,0
2020-21,22000822,2,1610612745,5,6,6,3,2,0,0
2020-21,22000822,2,1610612756,6,6,3,2,3,3,1
2020-21,22000822,3,1610612745,6,6,4,2,4,2,0
2020-21,22000822,3,1610612756,1,1,0,1,0,1,0
2020-21,22000822,4,1610612745,5,5,4,3,2,1,0
2020-21,22000822,4,1610612756,4,6,4,1,3,2,0
2020-21,22000823,1,1610612746,5,6,5,2,3,1,0
2020-21,22000823,1,1610612754,4,5,5,3,1,0,0
2020-21,22000823,2,1610612746,4,8,7,4,0,1,0
2020-21,22000823,2,1610612754,8,9,6,5,2,3,1
2020-21,22000823,3,1610612746,3,1,1,1,2,0,0
2020-21,22000823,3,1610612754,5,6,5,2,3,1,0
2020-21,22000823,4,1610612746,4,4,4,0,3,0,1
2020-21,22000823,4,1610612754,3,2,2,1,2,0,0
2020-21,22000824,1,1610612737,6,7,7,3,3,0,0
2020-21,22000824,1,1610612761,7,9,6,4,3,3,0
2020-21,22000824,2,1610612737,5,6,3,3,2,3,0
2020-21,22000824,2,1610612761,1,0,0,0,1,0,0
2020-21,22000824,3,1610612737,3,3,2,1,2,1,0
2020-21,22000824,3,1610612761,3,4,3,3,0,1,0
2020-21,22000824,4,1610612737,5,6,3,0,5,3,0
2020-21,22000824,4,1610612761,4,0,0,0,4,0,0
2020-21,22000825,1,1610612747,4,6,6,3,1,0,0
2020-21,22000825,1,1610612766,5,4,2,3,1,2,1
2020-21,22000825,2,1610612747,2,2,1,0,1,1,0
2020-21,22000825,2,1610612766,4,6,4,3,1,2,0
2020-21,22000825,3,1610612747,1,4,4,1,0,0,0
2020-21,22000825,3,1610612766,2,1,1,1,1,0,0
2020-21,22000825,4,1610612747,7,6,6,0,7,0,0
2020-21,22000825,4,1610612766,5,7,5,2,1,2,0
2020-21,22000826,1,1610612760,3,0,0,0,3,0,0
2020-21,22000826,1,1610612762,2,4,4,2,0,0,0
2020-21,22000826,2,1610612760,4,5,4,2,2,1,0
2020-21,22000826,2,1610612762,7,7,5,2,4,2,1
2020-21,22000826,3,1610612760,4,6,1,3,1,5,0
2020-21,22000826,3,1610612762,5,5,5,3,2,0,0
2020-21,22000826,4,1610612760,4,7,5,3,1,2,0
2020-21,22000826,4,1610612762,6,4,3,0,6,1,0
2020-21,22000827,1,1610612748,3,5,5,3,0,0,0
2020-21,22000827,1,1610612756,2,0,0,0,2,0,0
2020-21,22000827,2,1610612748,5,8,6,3,2,2,0
2020-21,22000827,2,1610612756,7,9,8,3,3,1,1
2020-21,22000827,3,1610612748,5,3,3,2,2,0,1
2020-21,22000827,3,1610612756,5,7,7,3,2,0,0
2020-21,22000827,4,1610612748,2,3,1,1,1,2,0
2020-21,22000827,4,1610612756,4,2,2,1,1,0,1
2020-21,22000828,1,1610612738,5,8,6,4,1,2,0
2020-21,22000828,1,1610612757,6,8,5,4,2,3,0
2020-21,22000828,2,1610612738,5,6,3,3,2,3,0
2020-21,22000828,2,1610612757,5,6,4,3,1,2,1
2020-21,22000828,3,1610612738,3,6,6,3,0,0,0
2020-21,22000828,3,1610612757,4,1,1,1,2,0,1
2020-21,22000828,4,1610612738,6,4,2,0,6,2,0
2020-21,22000828,4,1610612757,4,2,2,1,3,0,0
2020-21,22000829,1,1610612739,3,3,2,2,0,1,1
2020-21,22000829,1,1610612766,0,0,0,0,0,0,0
2020-21,22000829,2,1610612739,5,3,3,2,2,0,1
2020-21,22000829,2,1610612766,2,4,1,2,0,3,0
2020-21,22000829,3,1610612739,6,10,8,4,2,2,0
2020-21,22000829,3,1610612766,3,4,1,1,2,3,0
2020-21,22000829,4,1610612739,4,3,3,2,2,0,0
2020-21,22000829,4,1610612766,5,4,4,2,3,0,0
2020-21,22000830,1,1610612751,4,5,4,2,2,1,0
2020-21,22000830,1,1610612755,4,4,3,2,2,1,0
2020-21,22000830,2,1610612751,6,8,8,2,4,0,0
2020-21,22000830,2,1610612755,4,6,5,3,1,1,0
2020-21,22000830,3,1610612751,3,5,5,3,0,0,0
2020-21,22000830,3,1610612755,2,1,1,1,1,0,0
2020-21,22000830,4,1610612751,7,12,10,4,2,2,1
2020-21,22000830,4,1610612755,9,14,11,2,7,3,0
2020-21,22000831,1,1610612759,4,7,4,4,0,3,0
2020-21,22000831,1,1610612761,3,5,3,3,0,2,0
2020-21,22000831,2,1610612759,1,1,1,1,0,0,0
2020-21,22000831,2,1610612761,5,4,4,1,4,0,0
2020-21,22000831,3,1610612759,8,13,8,6,2,5,0
2020-21,22000831,3,1610612761,4,6,5,3,1,1,0
2020-21,22000831,4,1610612759,5,6,6,3,2,0,0
2020-21,22000831,4,1610612761,7,10,9,2,5,1,0
2020-21,22000832,1,1610612746,6,11,9,5,1,2,0
2020-21,22000832,1,1610612765,3,3,2,2,1,1,0
2020-21,22000832,2,1610612746,5,7,7,3,1,0,0
2020-21,22000832,2,1610612765,3,1,1,1,0,0,2
2020-21,22000832,3,1610612746,2,1,1,1,1,0,0
2020-21,22000832,3,1610612765,5,11,9,4,1,2,0
2020-21,22000832,4,1610612746,5,2,2,0,4,0,1
2020-21,22000832,4,1610612765,6,7,5,3,3,2,0
2020-21,22000833,1,1610612741,2,2,1,1,1,1,0
2020-21,22000833,1,1610612753,3,1,1,1,2,0,0
2020-21,22000833,2,1610612741,4,1,1,1,3,0,0
2020-21,22000833,2,1610612753,3,4,1,2,1,3,0
2020-21,22000833,3,1610612741,3,2,2,1,2,0,0
2020-21,22000833,3,1610612753,3,5,4,3,0,1,0
2020-21,22000833,4,1610612741,6,4,3,3,2,1,1
2020-21,22000833,4,1610612753,6,10,9,3,3,1,0
2020-21,22000834,1,1610612749,3,4,4,2,1,0,0
2020-21,22000834,1,1610612750,3,2,1,1,2,1,0
2020-21,22000834,2,1610612749,3,1,1,0,2,0,1
2020-21,22000834,2,1610612750,3,4,4,2,1,0,0
2020-21,22000834,3,1610612749,10,16,14,8,2,2,0
2020-21,22000834,3,1610612750,5,10,8,5,0,2,0
2020-21,22000834,4,1610612749,1,2,0,1,0,2,0
2020-21,22000834,4,1610612750,8,15,9,5,3,6,0
2020-21,22000835,1,1610612740,2,2,2,1,1,0,0
2020-21,22000835,1,1610612752,1,1,1,1,0,0,0
2020-21,22000835,2,1610612740,3,3,3,1,1,0,1
2020-21,22000835,2,1610612752,2,2,1,1,1,1,0
2020-21,22000835,3,1610612740,5,9,8,4,0,1,1
2020-21,22000835,3,1610612752,4,6,5,3,1,1,0
2020-21,22000835,4,1610612740,6,10,7,6,0,3,0
2020-21,22000835,4,1610612752,5,4,4,2,3,0,0
2020-21,22000836,1,1610612744,4,5,4,3,1,1,0
2020-21,22000836,1,1610612760,4,6,4,3,1,2,0
2020-21,22000836,2,1610612744,3,4,4,3,0,0,0
2020-21,22000836,2,1610612760,7,10,6,5,2,4,0
2020-21,22000836,3,1610612744,5,9,7,5,0,2,0
2020-21,22000836,3,1610612760,5,4,2,1,3,2,1
2020-21,22000836,4,1610612744,5,5,4,3,1,1,1
2020-21,22000836,4,1610612760,3,5,2,2,0,3,1
2020-21,22000837,1,1610612742,4,5,3,3,1,2,0
2020-21,22000837,1,1610612763,3,5,5,2,1,0,0
2020-21,22000837,2,1610612742,4,3,2,2,2,1,0
2020-21,22000837,2,1610612763,4,4,3,2,1,1,1
2020-21,22000837,3,1610612742,6,7,7,2,3,0,1
2020-21,22000837,3,1610612763,2,2,0,1,1,2,0
2020-21,22000837,4,1610612742,3,2,1,1,2,1,0
2020-21,22000837,4,1610612763,7,10,8,3,4,2,0
2020-21,22000838,1,1610612743,2,2,1,1,1,1,0
2020-21,22000838,1,1610612748,4,6,6,3,1,0,0
2020-21,22000838,2,1610612743,4,4,4,2,2,0,0
2020-21,22000838,2,1610612748,3,1,1,1,2,0,0
2020-21,22000838,3,1610612743,4,3,2,2,2,1,0
2020-21,22000838,3,1610612748,3,4,4,2,1,0,0
2020-21,22000838,4,1610612743,3,4,3,2,0,1,1
2020-21,22000838,4,1610612748,7,7,4,4,3,3,0
2020-21,22000839,1,1610612758,2,1,1,1,1,0,0
2020-21,22000839,1,1610612764,4,7,5,4,0,2,0
2020-21,22000839,2,1610612758,7,12,8,5,2,4,0
2020-21,22000839,2,1610612764,5,8,5,4,0,3,1
2020-21,22000839,3,1610612758,5,6,4,3,1,2,1
2020-21,22000839,3,1610612764,4,4,4,2,2,0,0
2020-21,22000839,4,1610612758,3,5,5,3,0,0,0
2020-21,22000839,4,1610612764,5,8,8,1,4,0,0
2020-21,22000840,1,1610612737,4,8,6,4,0,2,0
2020-21,22000840,1,1610612749,2,4,3,2,0,1,0
2020-21,22000840,2,1610612737,2,0,0,0,2,0,0
2020-21,22000840,2,1610612749,5,4,4,2,2,0,1
2020-21,22000840,3,1610612737,6,5,5,2,3,0,1
2020-21,22000840,3,1610612749,6,8,5,3,2,3,1
2020-21,22000840,4,1610612737,3,6,6,2,0,0,0
2020-21,22000840,4,1610612749,1,1,0,1,0,1,0
2020-21,22000841,1,1610612739,5,5,4,3,2,1,0
2020-21,22000841,1,1610612744,5,4,3,3,2,1,0
2020-21,22000841,2,1610612739,4,4,3,2,2,1,0
2020-21,22000841,2,1610612744,4,1,1,1,1,0,2
2020-21,22000841,3,1610612739,6,4,4,1,5,0,0
2020-21,22000841,3,1610612744,6,5,4,2,4,1,0
2020-21,22000841,4,1610612739,7,14,10,5,2,4,0
2020-21,22000841,4,1610612744,4,0,0,0,4,0,0
2020-21,22000842,1,1610612738,6,5,4,1,3,1,2
2020-21,22000842,1,1610612747,1,2,2,1,0,0,0
2020-21,22000842,2,1610612738,3,2,1,2,1,1,0
2020-21,22000842,2,1610612747,5,6,5,3,2,1,0
2020-21,22000842,3,1610612738,1,2,2,1,0,0,0
2020-21,22000842,3,1610612747,3,3,1,2,1,2,0
2020-21,22000842,4,1610612738,3,4,4,1,2,0,0
2020-21,22000842,4,1610612747,7,8,5,2,4,3,1
2020-21,22000843,1,1610612756,5,8,6,3,2,2,0
2020-21,22000843,1,1610612758,3,2,2,1,2,0,0
2020-21,22000843,2,1610612756,1,0,0,0,1,0,0
2020-21,22000843,2,1610612758,5,6,5,3,1,1,1
2020-21,22000843,3,1610612756,4,2,2,1,3,0,0
2020-21,22000843,3,1610612758,2,4,4,1,1,0,0
2020-21,22000843,4,1610612756,3,4,4,2,1,0,0
2020-21,22000843,4,1610612758,5,7,3,3,2,4,0
2020-21,22000844,1,1610612754,4,4,4,2,2,0,0
2020-21,22000844,1,1610612762,2,2,1,1,1,1,0
2020-21,22000844,2,1610612754,5,9,8,3,2,1,0
2020-21,22000844,2,1610612762,4,8,7,2,1,1,1
2020-21,22000844,3,1610612754,4,1,1,0,2,0,1
2020-21,22000844,3,1610612762,3,4,2,2,1,2,0
2020-21,22000844,4,1610612754,5,3,3,1,2,0,2
2020-21,22000844,4,1610612762,8,10,9,2,6,1,0
2020-21,22000845,1,1610612760,5,6,3,2,3,3,0
2020-21,22000845,1,1610612765,5,9,7,4,1,2,0
2020-21,22000845,2,1610612760,5,5,5,3,2,0,0
2020-21,22000845,2,1610612765,7,12,7,3,4,5,0
2020-21,22000845,3,1610612760,6,7,6,4,2,1,0
2020-21,22000845,3,1610612765,1,1,1,1,0,0,0
2020-21,22000845,4,1610612760,6,8,5,4,2,3,0
2020-21,22000845,4,1610612765,7,12,9,3,4,3,0
2020-21,22000846,1,1610612746,5,4,3,2,2,1,0
2020-21,22000846,1,1610612755,3,4,3,2,1,1,0
2020-21,22000846,2,1610612746,5,6,4,3,2,2,0
2020-21,22000846,2,1610612755,7,10,6,4,2,4,1
2020-21,22000846,3,1610612746,3,1,0,1,2,1,0
2020-21,22000846,3,1610612755,5,5,4,3,2,1,0
2020-21,22000846,4,1610612746,3,5,3,2,1,2,0
2020-21,22000846,4,1610612755,8,11,9,4,3,2,0
2020-21,22000847,1,1610612740,3,2,2,1,2,0,0
2020-21,22000847,1,1610612764,4,7,4,3,1,3,0
2020-21,22000847,2,1610612740,12,20,16,9,3,4,0
2020-21,22000847,2,1610612764,7,9,6,6,0,3,1
2020-21,22000847,3,1610612740,6,6,5,2,4,1,0
2020-21,22000847,3,1610612764,4,5,4,3,1,1,0
2020-21,22000847,4,1610612740,1,1,1,0,1,0,0
2020-21,22000847,4,1610612764,5,9,7,5,0,2,0
2020-21,22000848,1,1610612751,4,3,3,2,2,0,0
2020-21,22000848,1,1610612766,3,4,3,2,1,1,0
2020-21,22000848,2,1610612751,4,5,4,2,2,1,0
2020-21,22000848,2,1610612766,6,6,5,4,2,1,0
2020-21,22000848,3,1610612751,5,4,4,3,2,0,0
2020-21,22000848,3,1610612766,3,2,2,1,2,0,0
2020-21,22000848,4,1610612751,3,4,4,2,1,0,0
2020-21,22000848,4,1610612766,5,8,5,4,1,3,0
2020-21,22000849,1,1610612753,6,11,6,5,1,5,0
2020-21,22000849,1,1610612761,3,4,4,2,1,0,0
2020-21,22000849,2,1610612753,4,5,4,3,1,1,0
2020-21,22000849,2,1610612761,3,4,4,2,1,0,0
2020-21,22000849,3,1610612753,6,7,5,3,3,2,0
2020-21,22000849,3,1610612761,4,5,4,2,2,1,0
2020-21,22000849,4,1610612753,6,11,9,6,0,2,0
2020-21,22000849,4,1610612761,4,5,5,3,1,0,0
2020-21,22000850,1,1610612741,3,1,1,1,1,0,1
2020-21,22000850,1,1610612763,4,5,4,3,0,1,1
2020-21,22000850,2,1610612741,2,3,3,1,1,0,0
2020-21,22000850,2,1610612763,5,7,6,3,2,1,0
2020-21,22000850,3,1610612741,7,10,7,3,4,3,0
2020-21,22000850,3,1610612763,4,6,4,3,1,2,0
2020-21,22000850,4,1610612741,4,1,1,1,2,0,1
2020-21,22000850,4,1610612763,6,6,5,1,4,1,1
2020-21,22000851,1,1610612743,4,6,5,3,1,1,0
2020-21,22000851,1,1610612745,2,3,2,2,0,1,0
2020-21,22000851,2,1610612743,6,10,8,4,0,2,1
2020-21,22000851,2,1610612745,2,2,2,1,1,0,0
2020-21,22000851,3,1610612743,5,10,9,4,1,1,0
2020-21,22000851,3,1610612745,6,9,4,4,2,5,0
2020-21,22000851,4,1610612743,4,5,5,3,1,0,0
2020-21,22000851,4,1610612745,4,4,4,2,2,0,0
2020-21,22000852,1,1610612748,8,10,8,5,3,2,0
2020-21,22000852,1,1610612750,4,4,3,2,2,1,0
2020-21,22000852,2,1610612748,3,4,3,2,1,1,0
2020-21,22000852,2,1610612750,4,3,2,2,1,1,1
2020-21,22000852,3,1610612748,5,6,5,2,3,1,0
2020-21,22000852,3,1610612750,8,10,6,6,2,4,0
2020-21,22000852,4,1610612748,5,6,3,3,1,3,1
2020-21,22000852,4,1610612750,9,12,9,5,4,3,0
2020-21,22000853,1,1610612757,4,2,2,1,2,0,1
2020-21,22000853,1,1610612759,4,4,4,2,2,0,0
2020-21,22000853,2,1610612757,2,2,1,1,1,1,0
2020-21,22000853,2,1610612759,3,3,2,1,1,1,1
2020-21,22000853,3,1610612757,8,10,9,6,1,1,0
2020-21,22000853,3,1610612759,2,3,3,2,0,0,0
2020-21,22000853,4,1610612757,1,2,2,1,0,0,0
2020-21,22000853,4,1610612759,0,0,0,0,0,0,0
2020-21,22000854,1,1610612742,3,0,0,0,2,0,1
2020-21,22000854,1,1610612752,2,2,1,1,1,1,0
2020-21,22000854,2,1610612742,6,8,6,2,2,2,2
2020-21,22000854,2,1610612752,1,1,1,0,1,0,0
2020-21,22000854,3,1610612742,4,4,4,2,1,0,1
2020-21,22000854,3,1610612752,5,3,3,2,3,0,0
2020-21,22000854,4,1610612742,7,7,4,2,5,3,0
2020-21,22000854,4,1610612752,9,15,10,4,5,5,0
2020-21,22000855,1,1610612747,3,4,4,2,1,0,0
2020-21,22000855,1,1610612762,2,3,3,1,1,0,0
2020-21,22000855,2,1610612747,5,6,5,1,4,1,0
2020-21,22000855,2,1610612762,2,4,4,2,0,0,0
2020-21,22000855,3,1610612747,2,2,2,1,1,0,0
2020-21,22000855,3,1610612762,4,1,1,1,2,0,1
2020-21,22000855,4,1610612747,4,4,3,2,2,1,0
2020-21,22000855,4,1610612762,3,0,0,0,3,0,0
2020-21,22000856,1,1610612764,4,4,3,3,1,1,0
2020-21,22000856,1,1610612765,4,6,4,3,1,2,0
2020-21,22000856,2,1610612764,7,10,7,4,3,3,0
2020-21,22000856,2,1610612765,5,3,3,1,4,0,0
2020-21,22000856,3,1610612764,3,5,2,3,0,3,0
2020-21,22000856,3,1610612765,6,8,6,3,3,2,0
2020-21,22000856,4,1610612764,2,0,0,0,1,0,1
2020-21,22000856,4,1610612765,6,6,4,2,4,2,0
2020-21,22000857,1,1610612739,2,4,4,2,0,0,0
2020-21,22000857,1,1610612741,1,1,1,0,1,0,0
2020-21,22000857,2,1610612739,4,1,1,1,3,0,0
2020-21,22000857,2,1610612741,2,3,2,2,0,1,0
2020-21,22000857,3,1610612739,3,2,1,1,2,1,0
2020-21,22000857,3,1610612741,2,3,3,2,0,0,0
2020-21,22000857,4,1610612739,4,0,0,0,3,0,1
2020-21,22000857,4,1610612741,3,2,2,1,2,0,0
2020-21,22000858,1,1610612738,4,3,2,2,2,1,0
2020-21,22000858,1,1610612744,3,4,4,2,1,0,0
2020-21,22000858,2,1610612738,4,5,5,3,1,0,0
2020-21,22000858,2,1610612744,5,9,8,5,0,1,0
2020-21,22000858,3,1610612738,4,2,1,1,3,1,0
2020-21,22000858,3,1610612744,5,4,2,2,3,2,0
2020-21,22000858,4,1610612738,8,10,8,3,4,2,1
2020-21,22000858,4,1610612744,3,3,1,2,1,2,0
2020-21,22000859,1,1610612749,4,5,4,3,1,1,0
2020-21,22000859,1,1610612763,3,6,6,3,0,0,0
2020-21,22000859,2,1610612749,4,8,6,4,0,2,0
2020-21,22000859,2,1610612763,3,4,4,3,0,0,0
2020-21,22000859,3,1610612749,4,6,5,2,1,1,0
2020-21,22000859,3,1610612763,0,0,0,0,0,0,0
2020-21,22000859,4,1610612749,6,8,6,4,2,2,0
2020-21,22000859,4,1610612763,1,2,1,1,0,1,0
2020-21,22000860,1,1610612756,2,2,1,1,1,1,0
2020-21,22000860,1,1610612759,4,3,3,2,2,0,0
2020-21,22000860,2,1610612756,4,4,3,2,2,1,0
2020-21,22000860,2,1610612759,3,5,3,1,2,2,0
2020-21,22000860,3,1610612756,5,2,2,1,4,0,0
2020-21,22000860,3,1610612759,4,3,2,2,2,1,0
2020-21,22000860,4,1610612756,6,8,1,3,2,7,0
2020-21,22000860,4,1610612759,2,1,1,1,1,0,0
2020-21,22000861,1,1610612737,4,6,5,3,1,1,0
2020-21,22000861,1,1610612754,4,3,3,2,2,0,0
2020-21,22000861,2,1610612737,5,3,2,2,3,1,0
2020-21,22000861,2,1610612754,4,3,3,2,2,0,0
2020-21,22000861,3,1610612737,9,14,11,5,4,3,0
2020-21,22000861,3,1610612754,5,6,4,2,2,2,1
2020-21,22000861,4,1610612737,8,11,8,3,5,3,0
2020-21,22000861,4,1610612754,6,8,7,3,3,1,0
2020-21,22000862,1,1610612740,3,3,2,2,0,1,1
2020-21,22000862,1,1610612752,2,2,2,1,1,0,0
2020-21,22000862,2,1610612740,5,2,1,1,4,1,0
2020-21,22000862,2,1610612752,4,6,5,3,0,1,1
2020-21,22000862,3,1610612740,7,12,8,5,2,4,0
2020-21,22000862,3,1610612752,2,4,4,2,0,0,0
2020-21,22000862,4,1610612740,5,6,6,2,3,0,0
2020-21,22000862,4,1610612752,3,4,3,2,1,1,0
2020-21,22000863,1,1610612748,3,4,4,2,1,0,0
2020-21,22000863,1,1610612751,4,2,0,1,2,2,1
2020-21,22000863,2,1610612748,7,8,8,4,3,0,0
2020-21,22000863,2,1610612751,3,6,5,3,0,1,0
2020-21,22000863,3,1610612748,3,4,4,3,0,0,0
2020-21,22000863,3,1610612751,2,4,1,2,0,3,0
2020-21,22000863,4,1610612748,4,5,1,3,1,4,0
2020-21,22000863,4,1610612751,4,6,6,3,1,0,0
2020-21,22000864,1,1610612745,4,4,3,2,1,1,1
2020-21,22000864,1,1610612753,3,2,2,1,2,0,0
2020-21,22000864,2,1610612745,5,2,1,1,4,1,0
2020-21,22000864,2,1610612753,7,8,7,2,4,1,1
2020-21,22000864,3,1610612745,3,4,3,2,1,1,0
2020-21,22000864,3,1610612753,5,4,3,3,2,1,0
2020-21,22000864,4,1610612745,6,10,7,2,4,3,0
2020-21,22000864,4,1610612753,6,5,5,2,4,0,0
2020-21,22000865,1,1610612760,3,6,3,3,0,3,0
2020-21,22000865,1,1610612761,3,4,4,2,1,0,0
2020-21,22000865,2,1610612760,3,7,7,2,1,0,0
2020-21,22000865,2,1610612761,4,6,6,3,1,0,0
2020-21,22000865,3,1610612760,3,3,3,2,1,0,0
2020-21,22000865,3,1610612761,4,5,4,3,1,1,0
2020-21,22000865,4,1610612760,4,5,5,3,1,0,0
2020-21,22000865,4,1610612761,5,9,7,3,2,2,0
2020-21,22000866,1,1610612742,7,8,6,2,3,2,2
2020-21,22000866,1,1610612758,2,2,1,2,0,1,0
2020-21,22000866,2,1610612742,3,6,4,3,0,2,0
2020-21,22000866,2,1610612758,3,2,1,1,2,1,0
2020-21,22000866,3,1610612742,4,4,2,2,2,2,0
2020-21,22000866,3,1610612758,7,8,7,2,3,1,1
2020-21,22000866,4,1610612742,3,2,1,1,2,1,0
2020-21,22000866,4,1610612758,7,13,13,3,4,0,0
2020-21,22000867,1,1610612746,4,1,1,1,3,0,0
2020-21,22000867,1,1610612750,4,2,1,1,2,1,1
2020-21,22000867,2,1610612746,6,6,5,3,2,1,1
2020-21,22000867,2,1610612750,6,5,4,1,4,1,1
2020-21,22000867,3,1610612746,6,4,3,2,3,1,1
2020-21,22000867,3,1610612750,7,6,4,2,4,2,1
2020-21,22000867,4,1610612746,3,6,4,3,0,2,0
2020-21,22000867,4,1610612750,6,8,7,3,2,1,1
2020-21,22000868,1,1610612739,6,6,4,3,3,2,0
2020-21,22000868,1,1610612765,3,1,1,1,2,0,0
2020-21,22000868,2,1610612739,5,3,3,2,3,0,0
2020-21,22000868,2,1610612765,4,4,3,2,2,1,0
2020-21,22000868,3,1610612739,4,2,2,1,2,0,1
2020-21,22000868,3,1610612765,4,6,6,2,2,0,0
2020-21,22000868,4,1610612739,6,9,7,3,2,2,1
2020-21,22000868,4,1610612765,7,10,5,3,3,5,1
2020-21,22000869,1,1610612738,0,0,0,0,0,0,0
2020-21,22000869,1,1610612741,1,0,0,0,1,0,0
2020-21,22000869,2,1610612738,3,4,3,2,1,1,0
2020-21,22000869,2,1610612741,4,1,1,1,2,0,1
2020-21,22000869,3,1610612738,2,3,3,2,0,0,0
2020-21,22000869,3,1610612741,3,2,2,1,2,0,0
2020-21,22000869,4,1610612738,6,8,8,4,1,0,1
2020-21,22000869,4,1610612741,5,7,6,0,4,1,1
2020-21,22000870,1,1610612744,3,3,3,2,1,0,0
2020-21,22000870,1,1610612755,4,6,5,2,2,1,0
2020-21,22000870,2,1610612744,4,7,5,4,0,2,0
2020-21,22000870,2,1610612755,4,2,1,1,2,1,1
2020-21,22000870,3,1610612744,6,10,8,4,1,2,0
2020-21,22000870,3,1610612755,4,4,3,2,1,1,1
2020-21,22000870,4,1610612744,6,12,9,4,2,3,0
2020-21,22000870,4,1610612755,5,6,5,2,3,1,0
2020-21,22000871,1,1610612745,4,6,6,4,0,0,0
2020-21,22000871,1,1610612748,5,5,3,1,2,2,1
2020-21,22000871,2,1610612745,5,5,4,3,2,1,0
2020-21,22000871,2,1610612748,1,2,1,1,0,1,0
2020-21,22000871,3,1610612745,2,1,1,1,1,0,0
2020-21,22000871,3,1610612748,1,0,0,0,0,0,1
2020-21,22000871,4,1610612745,5,5,5,2,2,0,1
2020-21,22000871,4,1610612748,0,0,0,0,0,0,0
2020-21,22000872,1,1610612760,3,6,6,3,0,0,0
2020-21,22000872,1,1610612764,8,12,9,6,2,3,0
2020-21,22000872,2,1610612760,5,6,4,2,2,2,0
2020-21,22000872,2,1610612764,7,11,4,4,2,7,1
2020-21,22000872,3,1610612760,6,9,6,4,2,3,0
2020-21,22000872,3,1610612764,2,1,1,1,1,0,0
2020-21,22000872,4,1610612760,3,6,6,3,0,0,0
2020-21,22000872,4,1610612764,5,5,3,3,2,2,0
2020-21,22000873,1,1610612749,1,1,1,1,0,0,0
2020-21,22000873,1,1610612756,2,0,0,0,2,0,0
2020-21,22000873,2,1610612749,7,10,9,5,1,1,1
2020-21,22000873,2,1610612756,3,2,2,1,2,0,0
2020-21,22000873,3,1610612749,4,4,4,2,1,0,1
2020-21,22000873,3,1610612756,5,2,2,1,4,0,0
2020-21,22000873,4,1610612749,3,4,4,2,0,0,1
2020-21,22000873,4,1610612756,2,2,2,1,1,0,0
2020-21,22000874,1,1610612743,3,3,3,1,2,0,0
2020-21,22000874,1,1610612763,1,2,1,1,0,1,0
2020-21,22000874,2,1610612743,6,11,7,6,0,4,0
2020-21,22000874,2,1610612763,4,5,5,2,2,0,0
2020-21,22000874,3,1610612743,8,8,8,3,4,0,1
2020-21,22000874,3,1610612763,5,8,7,4,1,1,0
2020-21,22000874,4,1610612743,2,2,2,1,1,0,0
2020-21,22000874,4,1610612763,3,4,1,2,1,3,0
2020-21,22000875,1,1610612747,1,2,1,1,0,1,0
2020-21,22000875,1,1610612762,2,2,2,1,1,0,0
2020-21,22000875,2,1610612747,4,0,0,0,3,0,1
2020-21,22000875,2,1610612762,2,1,1,1,1,0,0
2020-21,22000875,3,1610612747,5,6,4,3,2,2,0
2020-21,22000875,3,1610612762,4,2,1,1,3,1,0
2020-21,22000875,4,1610612747,8,17,12,7,0,5,1
2020-21,22000875,4,1610612762,4,6,6,4,0,0,0
2020-21,22000876,1,1610612737,5,7,6,3,2,1,0
2020-21,22000876,1,1610612753,5,5,3,3,2,2,0
2020-21,22000876,2,1610612737,3,8,8,3,0,0,0
2020-21,22000876,2,1610612753,1,1,0,1,0,1,0
2020-21,22000876,3,1610612737,3,1,1,1,2,0,0
2020-21,22000876,3,1610612753,7,9,8,4,3,1,0
2020-21,22000876,4,1610612737,7,13,10,5,1,3,1
2020-21,22000876,4,1610612753,9,14,9,6,3,5,0
2020-21,22000877,1,1610612752,1,1,1,0,1,0,0
2020-21,22000877,1,1610612766,2,4,1,2,0,3,0
2020-21,22000877,2,1610612752,5,7,6,4,0,1,1
2020-21,22000877,2,1610612766,3,0,0,0,2,0,1
2020-21,22000877,3,1610612752,2,4,4,2,0,0,0
2020-21,22000877,3,1610612766,4,4,2,2,1,2,1
2020-21,22000877,4,1610612752,1,0,0,0,1,0,0
2020-21,22000877,4,1610612766,2,0,0,0,2,0,0
2020-21,22000878,1,1610612740,3,2,2,1,2,0,0
2020-21,22000878,1,1610612751,5,6,3,3,2,3,0
2020-21,22000878,2,1610612740,3,3,2,2,0,1,1
2020-21,22000878,2,1610612751,6,9,8,4,2,1,0
2020-21,22000878,3,1610612740,5,4,0,2,3,4,0
2020-21,22000878,3,1610612751,3,3,3,2,1,0,0
2020-21,22000878,4,1610612740,10,15,11,6,3,4,1
2020-21,22000878,4,1610612751,6,10,8,1,5,2,0
2020-21,22000879,1,1610612746,4,3,3,2,2,0,0
2020-21,22000879,1,1610612757,1,0,0,0,1,0,0
2020-21,22000879,2,1610612746,3,2,0,1,1,2,1
2020-21,22000879,2,1610612757,5,10,8,4,1,2,0
2020-21,22000879,3,1610612746,4,4,3,2,1,1,1
2020-21,22000879,3,1610612757,4,4,3,2,2,1,0
2020-21,22000879,4,1610612746,4,6,6,2,2,0,0
2020-21,22000879,4,1610612757,5,5,3,2,2,2,1
2020-21,22000880,1,1610612750,1,0,0,0,1,0,0
2020-21,22000880,1,1610612758,5,5,4,2,3,1,0
2020-21,22000880,2,1610612750,6,9,8,5,0,1,1
2020-21,22000880,2,1610612758,6,8,7,3,3,1,0
2020-21,22000880,3,1610612750,3,2,1,0,3,1,0
2020-21,22000880,3,1610612758,3,3,3,1,1,0,1
2020-21,22000880,4,1610612750,6,8,5,4,2,3,0
2020-21,22000880,4,1610612758,1,0,0,0,1,0,0
2020-21,22000881,1,1610612739,5,6,6,3,2,0,0
2020-21,22000881,1,1610612741,2,0,0,0,2,0,0
2020-21,22000881,2,1610612739,7,6,4,1,3,2,3
2020-21,22000881,2,1610612741,6,11,10,5,1,1,0
2020-21,22000881,3,1610612739,4,5,3,2,2,2,0
2020-21,22000881,3,1610612741,6,4,2,0,5,2,1
2020-21,22000881,4,1610612739,5,2,2,1,4,0,0
2020-21,22000881,4,1610612741,3,3,2,2,1,1,0
2020-21,22000882,1,1610612754,3,4,4,2,1,0,0
2020-21,22000882,1,1610612760,1,0,0,0,0,0,1
2020-21,22000882,2,1610612754,3,2,1,1,2,1,0
2020-21,22000882,2,1610612760,7,8,7,5,2,1,0
2020-21,22000882,3,1610612754,2,1,1,1,1,0,0
2020-21,22000882,3,1610612760,6,8,4,5,0,4,1
2020-21,22000882,4,1610612754,8,13,10,3,4,3,1
2020-21,22000882,4,1610612760,2,0,0,0,2,0,0
2020-21,22000883,1,1610612755,4,5,5,2,2,0,0
2020-21,22000883,1,1610612756,3,5,5,3,0,0,0
2020-21,22000883,2,1610612755,8,7,6,3,3,1,1
2020-21,22000883,2,1610612756,4,4,3,2,1,1,1
2020-21,22000883,3,1610612755,5,6,2,2,3,4,0
2020-21,22000883,3,1610612756,4,3,3,1,3,0,0
2020-21,22000883,4,1610612755,5,8,5,5,0,3,0
2020-21,22000883,4,1610612756,6,9,8,2,4,1,0
2020-21,22000884,1,1610612751,2,2,1,1,1,1,0
2020-21,22000884,1,1610612761,3,6,5,3,0,1,0
2020-21,22000884,2,1610612751,5,7,4,4,1,3,0
2020-21,22000884,2,1610612761,5,5,5,3,2,0,0
2020-21,22000884,3,1610612751,3,4,3,2,1,1,0
2020-21,22000884,3,1610612761,3,4,3,2,1,1,0
2020-21,22000884,4,1610612751,7,10,10,3,4,0,0
2020-21,22000884,4,1610612761,6,6,5,1,4,1,1
2020-21,22000885,1,1610612744,2,2,2,1,1,0,0
2020-21,22000885,1,1610612764,6,12,10,6,0,2,0
2020-21,22000885,2,1610612744,5,9,8,4,1,1,0
2020-21,22000885,2,1610612764,3,7,4,3,0,3,0
2020-21,22000885,3,1610612744,6,8,7,2,3,1,0
2020-21,22000885,3,1610612764,4,6,6,3,0,0,1
2020-21,22000885,4,1610612744,2,2,2,1,1,0,0
2020-21,22000885,4,1610612764,8,13,12,6,2,1,0
2020-21,22000886,1,1610612737,4,4,4,3,1,0,0
2020-21,22000886,1,1610612752,4,5,4,3,1,1,0
2020-21,22000886,2,1610612737,2,4,4,2,0,0,0
2020-21,22000886,2,1610612752,2,2,1,1,1,1,0
2020-21,22000886,3,1610612737,4,6,6,4,0,0,0
2020-21,22000886,3,1610612752,3,6,4,1,2,2,0
2020-21,22000886,4,1610612737,5,7,3,3,1,4,1
2020-21,22000886,4,1610612752,7,12,11,4,3,1,0
2020-21,22000887,1,1610612745,3,3,3,2,1,0,0
2020-21,22000887,1,1610612762,2,0,0,0,2,0,0
2020-21,22000887,2,1610612745,4,3,0,1,2,3,1
2020-21,22000887,2,1610612762,6,6,4,2,4,2,0
2020-21,22000887,3,1610612745,6,7,4,5,1,3,0
2020-21,22000887,3,1610612762,5,6,6,2,3,0,0
2020-21,22000887,4,1610612745,2,4,2,2,0,2,0
2020-21,22000887,4,1610612762,5,4,3,1,4,1,0
2020-21,22000888,1,1610612748,3,2,2,1,1,0,1
2020-21,22000888,1,1610612759,5,6,5,2,3,1,0
2020-21,22000888,2,1610612748,6,7,5,4,2,2,0
2020-21,22000888,2,1610612759,3,4,2,2,1,2,0
2020-21,22000888,3,1610612748,4,7,6,3,1,1,0
2020-21,22000888,3,1610612759,2,2,2,1,1,0,0
2020-21,22000888,4,1610612748,2,4,3,2,0,1,0
2020-21,22000888,4,1610612759,6,8,6,4,2,2,0
2020-21,22000889,1,1610612746,4,6,4,3,1,2,0
2020-21,22000889,1,1610612763,4,6,5,3,1,1,0
2020-21,22000889,2,1610612746,8,8,6,1,6,2,1
2020-21,22000889,2,1610612763,0,0,0,0,0,0,0
2020-21,22000889,3,1610612746,9,17,12,5,3,5,1
2020-21,22000889,3,1610612763,5,7,4,2,2,3,0
2020-21,22000889,4,1610612746,4,5,5,2,0,0,2
2020-21,22000889,4,1610612763,6,10,7,5,1,3,0
2020-21,22000890,1,1610612743,4,6,6,2,2,0,0
2020-21,22000890,1,1610612757,4,4,4,1,2,0,1
2020-21,22000890,2,1610612743,2,1,1,1,1,0,0
2020-21,22000890,2,1610612757,3,2,2,1,2,0,0
2020-21,22000890,3,1610612743,4,4,3,3,1,1,0
2020-21,22000890,3,1610612757,3,4,4,1,1,0,0
2020-21,22000890,4,1610612743,5,6,5,3,2,1,0
2020-21,22000890,4,1610612757,4,5,3,2,0,2,1
2020-21,22000891,1,1610612750,6,10,8,5,1,2,0
2020-21,22000891,1,1610612758,6,7,5,3,2,2,1
2020-21,22000891,2,1610612750,2,2,1,1,1,1,0
2020-21,22000891,2,1610612758,4,6,5,3,0,1,1
2020-21,22000891,3,1610612750,5,6,6,3,2,0,0
2020-21,22000891,3,1610612758,5,8,7,4,1,1,0
2020-21,22000891,4,1610612750,5,4,3,1,4,1,0
2020-21,22000891,4,1610612758,6,10,8,4,2,2,0
2020-21,22000892,1,1610612738,3,2,2,1,2,0,0
2020-21,22000892,1,1610612756,2,2,1,1,0,1,1
2020-21,22000892,2,1610612738,3,3,3,1,2,0,0
2020-21,22000892,2,1610612756,3,3,3,1,2,0,0
2020-21,22000892,3,1610612738,7,12,10,6,1,2,0
2020-21,22000892,3,1610612756,2,2,2,1,1,0,0
2020-21,22000892,4,1610612738,5,7,6,3,1,1,1
2020-21,22000892,4,1610612756,4,2,2,1,0,0,2
2020-21,22000893,1,1610612740,3,3,3,3,0,0,0
2020-21,22000893,1,1610612753,3,3,3,2,1,0,0
2020-21,22000893,2,1610612740,8,10,10,4,3,0,1
2020-21,22000893,2,1610612753,3,4,3,2,1,1,0
2020-21,22000893,3,1610612740,2,3,1,2,0,2,0
2020-21,22000893,3,1610612753,3,4,2,2,0,2,1
2020-21,22000893,4,1610612740,5,10,9,4,1,1,0
2020-21,22000893,4,1610612753,5,8,7,3,2,1,0
2020-21,22000894,1,1610612749,6,9,6,3,3,3,0
2020-21,22000894,1,1610612755,3,2,2,1,2,0,0
2020-21,22000894,2,1610612749,2,0,0,0,2,0,0
2020-21,22000894,2,1610612755,4,3,2,2,1,1,1
2020-21,22000894,3,1610612749,3,6,3,3,0,3,0
2020-21,22000894,3,1610612755,3,6,5,3,0,1,0
2020-21,22000894,4,1610612749,6,8,5,2,4,3,0
2020-21,22000894,4,1610612755,5,7,4,4,1,3,0
2020-21,22000895,1,1610612759,5,6,4,3,2,2,0
2020-21,22000895,1,1610612765,4,4,2,2,2,2,0
2020-21,22000895,2,1610612759,5,4,2,2,2,2,1
2020-21,22000895,2,1610612765,2,3,2,2,0,1,0
2020-21,22000895,3,1610612759,4,6,6,3,1,0,0
2020-21,22000895,3,1610612765,4,6,5,2,1,1,0
2020-21,22000895,4,1610612759,7,11,9,3,4,2,0
2020-21,22000895,4,1610612765,6,9,4,5,1,5,0
2020-21,22000896,1,1610612741,2,2,1,1,0,1,1
2020-21,22000896,1,1610612766,3,5,4,2,1,1,0
2020-21,22000896,2,1610612741,4,0,0,0,4,0,0
2020-21,22000896,2,1610612766,4,3,1,2,2,2,0
2020-21,22000896,3,1610612741,5,5,5,4,1,0,0
2020-21,22000896,3,1610612766,1,1,1,1,0,0,0
2020-21,22000896,4,1610612741,5,4,2,1,3,2,1
2020-21,22000896,4,1610612766,5,8,7,3,2,1,0
2020-21,22000897,1,1610612742,6,9,7,4,2,2,0
2020-21,22000897,1,1610612747,4,6,5,3,0,1,1
2020-21,22000897,2,1610612742,7,13,9,4,2,4,1
2020-21,22000897,2,1610612747,5,8,6,3,2,2,0
2020-21,22000897,3,1610612742,7,8,7,4,3,1,0
2020-21,22000897,3,1610612747,2,3,3,1,1,0,0
2020-21,22000897,4,1610612742,5,6,3,1,3,3,1
2020-21,22000897,4,1610612747,2,0,0,0,1,0,1
2020-21,22000898,1,1610612737,2,2,1,1,1,1,0
2020-21,22000898,1,1610612748,3,4,3,2,1,1,0
2020-21,22000898,2,1610612737,6,8,8,5,1,0,0
2020-21,22000898,2,1610612748,2,1,1,1,1,0,0
2020-21,22000898,3,1610612737,4,5,5,3,1,0,0
2020-21,22000898,3,1610612748,4,2,2,1,2,0,1
2020-21,22000898,4,1610612737,5,4,3,2,3,1,0
2020-21,22000898,4,1610612748,5,9,8,5,0,1,0
2020-21,22000899,1,1610612738,4,8,6,4,0,2,0
2020-21,22000899,1,1610612751,6,9,6,4,2,3,0
2020-21,22000899,2,1610612738,4,2,1,1,2,1,1
2020-21,22000899,2,1610612751,1,2,2,1,0,0,0
2020-21,22000899,3,1610612738,2,0,0,0,2,0,0
2020-21,22000899,3,1610612751,6,11,10,6,0,1,0
2020-21,22000899,4,1610612738,6,6,4,3,3,2,0
2020-21,22000899,4,1610612751,5,6,6,0,5,0,0
2020-21,22000900,1,1610612739,3,2,1,1,2,1,0
2020-21,22000900,1,1610612766,3,2,2,1,2,0,0
2020-21,22000900,2,1610612739,2,1,1,0,0,0,2
2020-21,22000900,2,1610612766,5,3,2,1,3,1,1
2020-21,22000900,3,1610612739,3,2,2,1,2,0,0
2020-21,22000900,3,1610612766,4,5,3,3,1,2,0
2020-21,22000900,4,1610612739,7,9,6,3,4,3,0
2020-21,22000900,4,1610612766,7,8,7,4,2,1,0
2020-21,22000901,1,1610612745,5,10,9,4,0,1,1
2020-21,22000901,1,1610612746,6,9,9,5,1,0,0
2020-21,22000901,2,1610612745,4,3,3,2,2,0,0
2020-21,22000901,2,1610612746,1,0,0,0,1,0,0
2020-21,22000901,3,1610612745,2,3,2,1,1,1,0
2020-21,22000901,3,1610612746,3,2,1,2,0,1,1
2020-21,22000901,4,1610612745,6,6,5,1,5,1,0
2020-21,22000901,4,1610612746,8,12,9,2,6,3,0
2020-21,22000902,1,1610612760,7,8,7,4,3,1,0
2020-21,22000902,1,1610612764,5,6,6,2,2,0,1
2020-21,22000902,2,1610612760,7,10,9,5,2,1,0
2020-21,22000902,2,1610612764,5,5,5,2,3,0,0
2020-21,22000902,3,1610612760,3,4,3,2,1,1,0
2020-21,22000902,3,1610612764,1,3,2,1,0,1,0
2020-21,22000902,4,1610612760,3,3,2,1,2,1,0
2020-21,22000902,4,1610612764,2,2,2,2,0,0,0
2020-21,22000903,1,1610612743,4,4,1,2,2,3,0
2020-21,22000903,1,1610612744,3,8,5,3,0,3,0
2020-21,22000903,2,1610612743,5,6,6,2,3,0,0
2020-21,22000903,2,1610612744,3,3,2,1,2,1,0
2020-21,22000903,3,1610612743,4,8,7,3,1,1,0
2020-21,22000903,3,1610612744,2,2,1,1,1,1,0
2020-21,22000903,4,1610612743,2,2,2,1,1,0,0
2020-21,22000903,4,1610612744,6,5,5,2,4,0,0
2020-21,22000904,1,1610612752,3,2,2,1,2,0,0
2020-21,22000904,1,1610612761,3,4,2,1,2,2,0
2020-21,22000904,2,1610612752,2,2,2,1,1,0,0
2020-21,22000904,2,1610612761,5,7,4,3,2,3,0
2020-21,22000904,3,1610612752,6,9,6,2,3,3,1
2020-21,22000904,3,1610612761,3,4,4,2,1,0,0
2020-21,22000904,4,1610612752,8,11,10,4,3,1,0
2020-21,22000904,4,1610612761,3,4,4,2,1,0,0
2020-21,22000905,1,1610612749,2,2,1,1,1,1,0
2020-21,22000905,1,1610612755,3,2,2,1,1,0,1
2020-21,22000905,2,1610612749,6,10,6,3,2,4,1
2020-21,22000905,2,1610612755,6,6,5,3,3,1,0
2020-21,22000905,3,1610612749,3,4,3,3,0,1,0
2020-21,22000905,3,1610612755,4,4,2,1,3,2,0
2020-21,22000905,4,1610612749,7,8,6,1,5,2,1
2020-21,22000905,4,1610612755,13,22,16,8,4,6,1
2020-21,22000906,1,1610612754,5,7,5,3,2,2,0
2020-21,22000906,1,1610612765,3,5,3,2,1,2,0
2020-21,22000906,2,1610612754,5,6,5,3,1,1,1
2020-21,22000906,2,1610612765,8,11,9,4,3,2,0
2020-21,22000906,3,1610612754,5,6,5,2,2,1,1
2020-21,22000906,3,1610612765,3,2,2,1,1,0,1
2020-21,22000906,4,1610612754,9,16,10,4,5,6,0
2020-21,22000906,4,1610612765,7,8,7,1,5,1,1
2020-21,22000907,1,1610612741,0,1,1,0,0,0,0
2020-21,22000907,1,1610612748,5,6,6,2,2,0,1
2020-21,22000907,2,1610612741,3,0,0,0,3,0,0
2020-21,22000907,2,1610612748,4,5,5,3,1,0,0
2020-21,22000907,3,1610612741,6,8,7,2,4,1,0
2020-21,22000907,3,1610612748,4,4,3,2,2,1,0
2020-21,22000907,4,1610612741,2,4,4,2,0,0,0
2020-21,22000907,4,1610612748,6,9,6,3,3,3,0
2020-21,22000908,1,1610612742,4,7,4,3,1,3,0
2020-21,22000908,1,1610612747,4,2,2,1,3,0,0
2020-21,22000908,2,1610612742,7,10,8,5,2,2,0
2020-21,22000908,2,1610612747,3,7,6,3,0,1,0
2020-21,22000908,3,1610612742,4,4,4,2,1,0,0
2020-21,22000908,3,1610612747,6,8,5,3,1,3,2
2020-21,22000908,4,1610612742,5,4,3,1,4,1,0
2020-21,22000908,4,1610612747,3,2,2,1,2,0,0
2020-21,22000909,1,1610612750,3,4,2,1,1,2,0
2020-21,22000909,1,1610612762,3,5,3,2,1,2,0
2020-21,22000909,2,1610612750,5,6,3,3,2,3,0
2020-21,22000909,2,1610612762,5,5,4,3,2,1,0
2020-21,22000909,3,1610612750,5,4,2,3,0,2,2
2020-21,22000909,3,1610612762,5,3,2,2,3,1,0
2020-21,22000909,4,1610612750,6,6,5,0,5,1,1
2020-21,22000909,4,1610612762,4,2,2,1,2,0,1
2020-21,22000910,1,1610612743,2,2,2,1,1,0,0
2020-21,22000910,1,1610612745,4,6,4,3,1,2,0
2020-21,22000910,2,1610612743,3,1,1,1,2,0,0
2020-21,22000910,2,1610612745,8,14,10,6,2,4,0
2020-21,22000910,3,1610612743,6,8,5,4,2,3,0
2020-21,22000910,3,1610612745,3,4,4,2,1,0,0
2020-21,22000910,4,1610612743,4,5,5,3,1,0,0
2020-21,22000910,4,1610612745,5,4,1,1,3,3,1
2020-21,22000911,1,1610612738,3,6,5,3,0,1,0
2020-21,22000911,1,1610612766,2,1,1,1,1,0,0
2020-21,22000911,2,1610612738,6,5,4,3,3,1,0
2020-21,22000911,2,1610612766,3,2,2,1,2,0,0
2020-21,22000911,3,1610612738,5,10,8,4,1,2,0
2020-21,22000911,3,1610612766,2,4,4,2,0,0,0
2020-21,22000911,4,1610612738,5,5,5,2,3,0,0
2020-21,22000911,4,1610612766,4,4,3,2,2,1,0
2020-21,22000912,1,1610612751,6,9,8,4,2,1,0
2020-21,22000912,1,1610612756,4,8,7,3,1,1,0
2020-21,22000912,2,1610612751,4,7,6,4,0,1,0
2020-21,22000912,2,1610612756,2,0,0,0,2,0,0
2020-21,22000912,3,1610612751,4,2,1,1,3,1,0
2020-21,22000912,3,1610612756,4,6,5,3,1,1,0
2020-21,22000912,4,1610612751,8,9,8,4,4,1,0
2020-21,22000912,4,1610612756,7,11,9,4,1,2,2
2020-21,22000913,1,1610612737,2,0,0,0,2,0,0
2020-21,22000913,1,1610612749,2,4,3,2,0,1,0
2020-21,22000913,2,1610612737,0,0,0,0,0,0,0
2020-21,22000913,2,1610612749,5,4,4,2,3,0,0
2020-21,22000913,3,1610612737,7,11,9,4,2,2,1
2020-21,22000913,3,1610612749,7,10,9,3,4,1,0
2020-21,22000913,4,1610612737,7,12,9,3,2,3,2
2020-21,22000913,4,1610612749,6,5,2,3,3,3,0
2020-21,22000914,1,1610612753,5,10,7,5,0,3,0
2020-21,22000914,1,1610612754,5,7,6,4,1,1,0
2020-21,22000914,2,1610612753,5,10,8,4,1,2,0
2020-21,22000914,2,1610612754,1,1,1,1,0,0,0
2020-21,22000914,3,1610612753,3,4,3,2,1,1,0
2020-21,22000914,3,1610612754,6,9,8,6,0,1,0
2020-21,22000914,4,1610612753,6,4,4,2,4,0,0
2020-21,22000914,4,1610612754,1,1,1,1,0,0,0
2020-21,22000915,1,1610612744,0,0,0,0,0,0,0
2020-21,22000915,1,1610612758,3,4,4,3,0,0,0
2020-21,22000915,2,1610612744,6,6,5,3,3,1,0
2020-21,22000915,2,1610612758,1,3,2,1,0,1,0
2020-21,22000915,3,1610612744,1,0,0,0,1,0,0
2020-21,22000915,3,1610612758,4,3,3,2,2,0,0
2020-21,22000915,4,1610612744,6,9,6,3,3,3,0
2020-21,22000915,4,1610612758,6,12,8,6,0,4,0
2020-21,22000916,1,1610612737,1,0,0,0,0,0,1
2020-21,22000916,1,1610612765,2,2,2,1,1,0,0
2020-21,22000916,2,1610612737,3,6,5,2,1,1,0
2020-21,22000916,2,1610612765,7,7,4,3,4,3,0
2020-21,22000916,3,1610612737,5,7,7,3,2,0,0
2020-21,22000916,3,1610612765,3,4,4,2,1,0,0
2020-21,22000916,4,1610612737,6,4,4,1,4,0,1
2020-21,22000916,4,1610612765,1,2,1,1,0,1,0
2020-21,22000917,1,1610612747,3,4,3,2,1,1,0
2020-21,22000917,1,1610612753,2,2,2,1,1,0,0
2020-21,22000917,2,1610612747,3,2,0,1,1,2,1
2020-21,22000917,2,1610612753,7,12,9,6,0,3,1
2020-21,22000917,3,1610612747,5,5,4,3,2,1,0
2020-21,22000917,3,1610612753,4,4,4,2,1,0,1
2020-21,22000917,4,1610612747,5,3,2,1,4,1,0
2020-21,22000917,4,1610612753,5,6,5,2,3,1,0
2020-21,22000918,1,1610612755,5,5,4,4,1,1,0
2020-21,22000918,1,1610612760,3,2,1,1,2,1,0
2020-21,22000918,2,1610612755,3,4,3,2,1,1,0
2020-21,22000918,2,1610612760,4,6,3,3,1,3,0
2020-21,22000918,3,1610612755,5,9,6,4,1,3,0
2020-21,22000918,3,1610612760,4,7,3,4,0,4,0
2020-21,22000918,4,1610612755,2,0,0,0,2,0,0
2020-21,22000918,4,1610612760,5,8,6,4,1,2,0
2020-21,22000919,1,1610612759,8,12,10,6,2,2,0
2020-21,22000919,1,1610612764,2,3,3,2,0,0,0
2020-21,22000919,2,1610612759,2,4,3,2,0,1,0
2020-21,22000919,2,1610612764,3,3,2,2,1,1,0
2020-21,22000919,3,1610612759,4,7,6,4,0,1,0
2020-21,22000919,3,1610612764,8,12,11,4,4,1,0
2020-21,22000919,4,1610612759,5,7,6,3,2,1,0
2020-21,22000919,4,1610612764,4,7,5,4,0,2,0
2020-21,22000920,1,1610612752,4,5,4,2,1,1,1
2020-21,22000920,1,1610612756,6,8,6,3,3,2,0
2020-21,22000920,2,1610612752,3,0,0,0,3,0,0
2020-21,22000920,2,1610612756,4,4,3,2,2,1,0
2020-21,22000920,3,1610612752,4,4,3,2,2,1,0
2020-21,22000920,3,1610612756,5,2,2,2,3,0,0
2020-21,22000920,4,1610612752,2,1,1,1,1,0,0
2020-21,22000920,4,1610612756,3,3,3,2,1,0,0
2020-21,22000921,1,1610612739,3,4,3,2,1,1,0
2020-21,22000921,1,1610612761,5,7,6,4,1,1,0
2020-21,22000921,2,1610612739,3,3,3,1,1,0,1
2020-21,22000921,2,1610612761,2,0,0,0,2,0,0
2020-21,22000921,3,1610612739,5,4,4,1,3,0,1
2020-21,22000921,3,1610612761,3,5,4,3,0,1,0
2020-21,22000921,4,1610612739,5,5,4,3,2,1,0
2020-21,22000921,4,1610612761,5,8,8,4,0,0,1
2020-21,22000922,1,1610612741,5,4,3,2,3,1,0
2020-21,22000922,1,1610612748,4,4,4,2,2,0,0
2020-21,22000922,2,1610612741,2,3,3,2,0,0,0
2020-21,22000922,2,1610612748,3,4,3,2,1,1,0
2020-21,22000922,3,1610612741,5,8,6,4,1,2,0
2020-21,22000922,3,1610612748,8,12,12,6,2,0,0
2020-21,22000922,4,1610612741,6,7,5,1,5,2,0
2020-21,22000922,4,1610612748,4,5,4,3,1,1,0
2020-21,22000923,1,1610612750,2,2,0,1,1,2,0
2020-21,22000923,1,1610612762,4,2,2,0,2,0,2
2020-21,22000923,2,1610612750,6,10,8,3,0,2,3
2020-21,22000923,2,1610612762,4,4,3,2,2,1,0
2020-21,22000923,3,1610612750,5,5,4,2,3,1,0
2020-21,22000923,3,1610612762,6,7,6,3,3,1,0
2020-21,22000923,4,1610612750,4,4,3,2,2,1,0
2020-21,22000923,4,1610612762,7,6,3,1,6,3,0
2020-21,22000924,1,1610612740,6,8,7,4,2,1,0
2020-21,22000924,1,1610612746,5,4,4,1,3,0,1
2020-21,22000924,2,1610612740,10,14,8,7,3,6,0
2020-21,22000924,2,1610612746,5,7,7,3,1,0,1
2020-21,22000924,3,1610612740,4,4,2,2,1,2,1
2020-21,22000924,3,1610612746,2,2,2,1,1,0,0
2020-21,22000924,4,1610612740,3,0,0,0,3,0,0
2020-21,22000924,4,1610612746,5,4,4,1,4,0,0
2020-21,22000925,1,1610612743,6,7,5,2,3,2,1
2020-21,22000925,1,1610612763,6,10,7,5,0,3,1
2020-21,22000925,2,1610612743,4,3,2,2,1,1,1
2020-21,22000925,2,1610612763,5,9,9,4,1,0,0
2020-21,22000925,3,1610612743,6,7,7,4,1,0,1
2020-21,22000925,3,1610612763,3,2,1,1,2,1,0
2020-21,22000925,4,1610612743,4,5,5,3,1,0,0
2020-21,22000925,4,1610612763,6,10,7,4,2,3,0
2020-21,22000926,1,1610612742,2,2,1,1,1,1,0
2020-21,22000926,1,1610612758,1,0,0,0,1,0,0
2020-21,22000926,2,1610612742,3,4,4,2,1,0,0
2020-21,22000926,2,1610612758,5,6,4,3,2,2,0
2020-21,22000926,3,1610612742,1,1,0,1,0,1,0
2020-21,22000926,3,1610612758,4,6,6,3,1,0,0
2020-21,22000926,4,1610612742,5,7,3,3,2,4,0
2020-21,22000926,4,1610612758,5,6,6,1,4,0,0
2020-21,22000927,1,1610612738,4,4,3,2,2,1,0
2020-21,22000927,1,1610612760,5,8,8,4,1,0,0
2020-21,22000927,2,1610612738,4,4,4,2,2,0,0
2020-21,22000927,2,1610612760,6,9,6,5,1,3,0
2020-21,22000927,3,1610612738,4,4,4,3,1,0,0
2020-21,22000927,3,1610612760,5,6,4,3,2,2,0
2020-21,22000927,4,1610612738,7,13,11,5,2,2,0
2020-21,22000927,4,1610612760,9,13,10,2,6,3,1
2020-21,22000928,1,1610612749,4,4,4,2,2,0,0
2020-21,22000928,1,1610612766,4,4,1,2,2,3,0
2020-21,22000928,2,1610612749,4,2,1,1,3,1,0
2020-21,22000928,2,1610612766,4,6,4,3,1,2,0
2020-21,22000928,3,1610612749,3,3,2,1,2,1,0
2020-21,22000928,3,1610612766,7,6,5,2,5,1,0
2020-21,22000928,4,1610612749,5,5,4,2,3,1,0
2020-21,22000928,4,1610612766,5,7,6,3,2,1,0
2020-21,22000929,1,1610612754,3,5,5,3,0,0,0
2020-21,22000929,1,1610612757,6,6,4,1,4,2,1
2020-21,22000929,2,1610612754,4,6,5,2,1,1,0
2020-21,22000929,2,1610612757,3,3,3,2,1,0,0
2020-21,22000929,3,1610612754,4,4,4,1,2,0,1
2020-21,22000929,3,1610612757,4,5,5,2,1,0,1
2020-21,22000929,4,1610612754,8,13,8,7,1,5,0
2020-21,22000929,4,1610612757,3,2,1,1,2,1,0
2020-21,22000930,1,1610612751,6,8,8,5,1,0,0
2020-21,22000930,1,1610612761,5,2,2,1,4,0,0
2020-21,22000930,2,1610612751,6,6,6,1,4,0,1
2020-21,22000930,2,1610612761,8,9,8,4,3,1,1
2020-21,22000930,3,1610612751,2,0,0,0,2,0,0
2020-21,22000930,3,1610612761,2,3,2,2,0,1,0
2020-21,22000930,4,1610612751,3,4,4,2,0,0,1
2020-21,22000930,4,1610612761,5,5,4,3,1,1,1
2020-21,22000931,1,1610612745,3,4,2,3,0,2,0
2020-21,22000931,1,1610612750,4,2,2,1,3,0,0
2020-21,22000931,2,1610612745,2,4,3,2,0,1,0
2020-21,22000931,2,1610612750,5,5,3,2,3,2,0
2020-21,22000931,3,1610612745,6,6,5,3,3,1,0
2020-21,22000931,3,1610612750,4,2,1,1,2,1,0
2020-21,22000931,4,1610612745,5,8,6,4,1,2,0
2020-21,22000931,4,1610612750,9,16,8,7,1,8,1
2020-21,22000932,1,1610612742,4,7,7,3,1,0,0
2020-21,22000932,1,1610612744,3,2,2,1,2,0,0
2020-21,22000932,2,1610612742,5,5,4,2,2,1,1
2020-21,22000932,2,1610612744,7,10,8,5,2,2,0
2020-21,22000932,3,1610612742,3,3,3,2,1,0,0
2020-21,22000932,3,1610612744,6,8,7,4,2,1,0
2020-21,22000932,4,1610612742,4,7,5,4,0,2,0
2020-21,22000932,4,1610612744,3,4,2,1,1,2,0
2020-21,22000933,1,1610612739,4,6,4,3,1,2,0
2020-21,22000933,1,1610612753,1,2,2,1,0,0,0
2020-21,22000933,2,1610612739,3,4,4,2,1,0,0
2020-21,22000933,2,1610612753,3,4,3,2,1,1,0
2020-21,22000933,3,1610612739,5,4,1,1,3,3,1
2020-21,22000933,3,1610612753,2,2,1,1,1,1,0
2020-21,22000933,4,1610612739,8,10,9,5,1,1,2
2020-21,22000933,4,1610612753,9,12,7,2,7,5,0
2020-21,22000934,1,1610612737,3,7,5,2,1,2,0
2020-21,22000934,1,1610612755,3,3,0,2,1,3,0
2020-21,22000934,2,1610612737,7,10,7,4,3,3,0
2020-21,22000934,2,1610612755,4,2,2,1,2,0,1
2020-21,22000934,3,1610612737,6,8,7,4,1,1,1
2020-21,22000934,3,1610612755,7,10,9,2,4,1,1
2020-21,22000934,4,1610612737,5,4,4,1,3,0,1
2020-21,22000934,4,1610612755,4,7,4,3,1,3,0
2020-21,22000935,1,1610612747,5,9,4,5,0,5,0
2020-21,22000935,1,1610612764,3,5,4,3,0,1,0
2020-21,22000935,2,1610612747,5,7,6,2,3,1,0
2020-21,22000935,2,1610612764,6,8,6,4,2,2,0
2020-21,22000935,3,1610612747,4,1,1,1,3,0,0
2020-21,22000935,3,1610612764,4,5,4,3,0,1,1
2020-21,22000935,4,1610612747,5,4,2,1,2,2,2
2020-21,22000935,4,1610612764,5,3,2,2,3,1,0
2020-21,22000936,1,1610612738,4,0,0,0,3,0,1
2020-21,22000936,1,1610612766,3,6,4,3,0,2,0
2020-21,22000936,2,1610612738,3,4,3,2,1,1,0
2020-21,22000936,2,1610612766,7,9,7,4,1,2,2
2020-21,22000936,3,1610612738,6,10,8,3,3,2,0
2020-21,22000936,3,1610612766,6,8,6,5,1,2,0
2020-21,22000936,4,1610612738,5,8,6,3,2,2,0
2020-21,22000936,4,1610612766,6,9,7,4,1,2,1
2020-21,22000937,1,1610612741,4,3,3,2,1,0,1
2020-21,22000937,1,1610612752,3,6,5,2,1,1,0
2020-21,22000937,2,1610612741,4,5,1,2,2,4,0
2020-21,22000937,2,1610612752,2,2,1,1,1,1,0
2020-21,22000937,3,1610612741,3,1,1,1,2,0,0
2020-21,22000937,3,1610612752,1,4,4,1,0,0,0
2020-21,22000937,4,1610612741,4,1,1,0,4,0,0
2020-21,22000937,4,1610612752,6,7,7,3,1,0,2
2020-21,22000938,1,1610612748,3,3,3,2,1,0,0
2020-21,22000938,1,1610612759,4,5,3,3,1,2,0
2020-21,22000938,2,1610612748,3,3,2,2,0,1,1
2020-21,22000938,2,1610612759,6,8,7,3,3,1,0
2020-21,22000938,3,1610612748,6,9,7,4,1,2,1
2020-21,22000938,3,1610612759,3,4,4,2,1,0,0
2020-21,22000938,4,1610612748,7,9,9,5,2,0,0
2020-21,22000938,4,1610612759,7,7,5,5,1,2,1
2020-21,22000939,1,1610612757,3,2,2,1,2,0,0
2020-21,22000939,1,1610612763,3,7,6,3,0,1,0
2020-21,22000939,2,1610612757,8,10,10,4,4,0,0
2020-21,22000939,2,1610612763,5,8,7,4,1,1,0
2020-21,22000939,3,1610612757,7,12,10,7,0,2,0
2020-21,22000939,3,1610612763,6,10,9,5,1,1,0
2020-21,22000939,4,1610612757,3,4,3,2,1,1,0
2020-21,22000939,4,1610612763,5,5,4,3,1,1,1
2020-21,22000940,1,1610612740,4,4,3,3,1,1,0
2020-21,22000940,1,1610612743,7,7,7,4,3,0,0
2020-21,22000940,2,1610612740,4,4,3,2,1,1,1
2020-21,22000940,2,1610612743,3,2,1,1,2,1,0
2020-21,22000940,3,1610612740,5,4,2,2,3,2,0
2020-21,22000940,3,1610612743,5,6,5,3,2,1,0
2020-21,22000940,4,1610612740,4,7,6,4,0,1,0
2020-21,22000940,4,1610612743,7,8,5,1,6,3,0
2020-21,22000941,1,1610612746,3,4,4,2,1,0,0
2020-21,22000941,1,1610612756,0,0,0,0,0,0,0
2020-21,22000941,2,1610612746,4,2,1,1,3,1,0
2020-21,22000941,2,1610612756,4,2,2,2,2,0,0
2020-21,22000941,3,1610612746,1,0,0,0,1,0,0
2020-21,22000941,3,1610612756,3,4,2,2,1,2,0
2020-21,22000941,4,1610612746,3,3,2,2,1,1,0
2020-21,22000941,4,1610612756,6,7,6,1,5,1,0
2020-21,22000942,1,1610612758,3,3,3,0,2,0,0
2020-21,22000942,1,1610612762,5,8,8,3,2,0,0
2020-21,22000942,2,1610612758,3,3,2,2,1,1,0
2020-21,22000942,2,1610612762,6,6,6,3,3,0,0
2020-21,22000942,3,1610612758,3,2,2,1,2,0,0
2020-21,22000942,3,1610612762,6,7,6,3,3,1,0
2020-21,22000942,4,1610612758,5,9,7,5,0,2,0
2020-21,22000942,4,1610612762,0,0,0,0,0,0,0
2020-21,22000943,1,1610612742,4,3,3,2,1,0,1
2020-21,22000943,1,1610612765,4,6,3,3,1,3,0
2020-21,22000943,2,1610612742,7,9,8,4,3,1,0
2020-21,22000943,2,1610612765,6,11,8,5,1,3,0
2020-21,22000943,3,1610612742,3,1,1,1,2,0,0
2020-21,22000943,3,1610612765,6,11,7,5,1,4,0
2020-21,22000943,4,1610612742,5,10,10,3,2,0,0
2020-21,22000943,4,1610612765,4,6,5,3,1,1,0
2020-21,22000944,1,1610612751,8,11,10,6,2,1,0
2020-21,22000944,1,1610612754,5,7,6,3,2,1,0
2020-21,22000944,2,1610612751,6,8,6,3,3,2,0
2020-21,22000944,2,1610612754,5,6,6,3,2,0,0
2020-21,22000944,3,1610612751,5,7,6,2,2,1,1
2020-21,22000944,3,1610612754,3,3,3,3,0,0,0
2020-21,22000944,4,1610612751,3,2,2,1,1,0,1
2020-21,22000944,4,1610612754,5,5,5,3,0,0,2
2020-21,22000945,1,1610612745,4,5,5,2,2,0,0
2020-21,22000945,1,1610612749,4,6,5,3,1,1,0
2020-21,22000945,2,1610612745,4,6,5,3,1,1,0
2020-21,22000945,2,1610612749,4,3,3,2,2,0,0
2020-21,22000945,3,1610612745,4,6,5,3,1,1,0
2020-21,22000945,3,1610612749,7,8,7,5,2,1,0
2020-21,22000945,4,1610612745,6,7,5,2,4,2,0
2020-21,22000945,4,1610612749,5,8,7,4,1,1,0
2020-21,22000946,1,1610612744,3,6,3,3,0,3,0
2020-21,22000946,1,1610612750,3,3,2,2,1,1,0
2020-21,22000946,2,1610612744,6,6,5,1,4,1,1
2020-21,22000946,2,1610612750,5,8,4,5,0,4,0
2020-21,22000946,3,1610612744,6,7,5,3,3,2,0
2020-21,22000946,3,1610612750,5,6,4,3,2,2,0
2020-21,22000946,4,1610612744,4,2,2,2,2,0,0
2020-21,22000946,4,1610612750,8,12,10,3,4,2,1
2020-21,22000947,1,1610612740,4,6,5,3,1,1,0
2020-21,22000947,1,1610612760,3,4,2,2,1,2,0
2020-21,22000947,2,1610612740,5,5,5,2,3,0,0
2020-21,22000947,2,1610612760,4,4,3,2,2,1,0
2020-21,22000947,3,1610612740,5,6,4,3,1,2,1
2020-21,22000947,3,1610612760,7,7,6,5,2,1,0
2020-21,22000947,4,1610612740,3,2,0,1,2,2,0
2020-21,22000947,4,1610612760,5,5,5,3,2,0,0
2020-21,22000948,1,1610612743,3,3,2,2,1,1,0
2020-21,22000948,1,1610612761,4,4,2,2,2,2,0
2020-21,22000948,2,1610612743,5,11,10,4,0,1,1
2020-21,22000948,2,1610612761,4,6,5,3,1,1,0
2020-21,22000948,3,1610612743,3,6,4,3,0,2,0
2020-21,22000948,3,1610612761,2,2,2,1,1,0,0
2020-21,22000948,4,1610612743,5,6,5,3,1,1,0
2020-21,22000948,4,1610612761,6,6,6,4,2,0,0
2020-21,22000949,1,1610612737,4,4,2,2,2,2,0
2020-21,22000949,1,1610612755,6,5,4,3,2,1,1
2020-21,22000949,2,1610612737,7,9,7,4,3,2,0
2020-21,22000949,2,1610612755,8,11,10,5,2,1,1
2020-21,22000949,3,1610612737,6,11,10,6,0,1,0
2020-21,22000949,3,1610612755,2,6,6,2,0,0,0
2020-21,22000949,4,1610612737,4,4,3,2,1,1,1
2020-21,22000949,4,1610612755,6,4,2,2,3,2,0
2020-21,22000950,1,1610612738,3,4,1,3,0,3,0
2020-21,22000950,1,1610612759,6,9,5,4,1,4,1
2020-21,22000950,2,1610612738,8,11,10,4,3,1,1
2020-21,22000950,2,1610612759,5,8,7,2,2,1,0
2020-21,22000950,3,1610612738,6,7,4,4,1,3,0
2020-21,22000950,3,1610612759,4,6,5,3,1,1,0
2020-21,22000950,4,1610612738,6,8,6,3,3,2,0
2020-21,22000950,4,1610612759,8,14,13,6,1,1,1
2020-21,22000951,1,1610612739,5,11,9,5,0,2,0
2020-21,22000951,1,1610612764,4,5,5,3,0,0,1
2020-21,22000951,2,1610612739,4,4,2,2,2,2,0
2020-21,22000951,2,1610612764,5,11,8,5,0,3,0
2020-21,22000951,3,1610612739,4,5,4,3,0,1,1
2020-21,22000951,3,1610612764,5,7,6,4,1,1,0
2020-21,22000951,4,1610612739,5,8,3,4,1,5,0
2020-21,22000951,4,1610612764,3,3,3,2,1,0,0
2020-21,22000952,1,1610612751,4,8,6,4,0,2,0
2020-21,22000952,1,1610612757,4,1,1,1,3,0,0
2020-21,22000952,2,1610612751,2,0,0,0,2,0,0
2020-21,22000952,2,1610612757,6,7,6,3,3,1,0
2020-21,22000952,3,1610612751,4,4,4,2,2,0,0
2020-21,22000952,3,1610612757,3,6,6,3,0,0,0
2020-21,22000952,4,1610612751,5,7,6,3,2,1,0
2020-21,22000952,4,1610612757,3,6,5,3,0,1,0
2020-21,22000953,1,1610612753,4,5,4,3,0,1,1
2020-21,22000953,1,1610612763,5,3,2,1,3,1,0
2020-21,22000953,2,1610612753,3,5,5,2,1,0,0
2020-21,22000953,2,1610612763,3,4,3,2,1,1,0
2020-21,22000953,3,1610612753,3,7,4,3,0,3,0
2020-21,22000953,3,1610612763,4,3,3,2,1,0,1
2020-21,22000953,4,1610612753,4,3,2,2,1,1,1
2020-21,22000953,4,1610612763,4,6,5,3,1,1,0
2020-21,22000954,1,1610612741,2,4,3,2,0,1,0
2020-21,22000954,1,1610612749,1,1,0,1,0,1,0
2020-21,22000954,2,1610612741,4,2,0,1,3,2,0
2020-21,22000954,2,1610612749,3,6,4,3,0,2,0
2020-21,22000954,3,1610612741,6,8,6,3,3,2,0
2020-21,22000954,3,1610612749,6,4,4,3,3,0,0
2020-21,22000954,4,1610612741,6,7,5,4,2,2,0
2020-21,22000954,4,1610612749,7,9,7,4,2,2,1
2020-21,22000955,1,1610612756,2,3,3,2,0,0,0
2020-21,22000955,1,1610612762,2,2,2,1,1,0,0
2020-21,22000955,2,1610612756,6,10,8,4,1,2,1
2020-21,22000955,2,1610612762,5,6,4,2,3,2,0
2020-21,22000955,3,1610612756,5,2,1,2,3,1,0
2020-21,22000955,3,1610612762,4,6,6,4,0,0,0
2020-21,22000955,4,1610612756,3,4,2,2,1,2,0
2020-21,22000955,4,1610612762,3,4,4,2,1,0,0
2020-21,22000956,1,1610612747,5,7,5,4,1,2,0
2020-21,22000956,1,1610612758,3,4,4,2,0,0,1
2020-21,22000956,2,1610612747,2,3,3,1,0,0,1
2020-21,22000956,2,1610612758,3,6,5,3,0,1,0
2020-21,22000956,3,1610612747,5,7,6,4,1,1,0
2020-21,22000956,3,1610612758,3,3,3,2,1,0,0
2020-21,22000956,4,1610612747,3,4,1,2,1,3,0
2020-21,22000956,4,1610612758,6,9,8,4,1,1,1
2020-21,22000957,1,1610612765,2,5,2,2,0,3,0
2020-21,22000957,1,1610612766,5,8,4,3,1,4,1
2020-21,22000957,2,1610612765,6,8,6,5,1,2,0
2020-21,22000957,2,1610612766,6,6,1,2,3,5,0
2020-21,22000957,3,1610612765,4,4,3,3,1,1,0
2020-21,22000957,3,1610612766,1,2,2,1,0,0,0
2020-21,22000957,4,1610612765,3,0,0,0,3,0,0
2020-21,22000957,4,1610612766,2,4,2,2,0,2,0
2020-21,22000958,1,1610612744,4,2,0,1,2,2,1
2020-21,22000958,1,1610612745,3,4,2,3,0,2,0
2020-21,22000958,2,1610612744,6,13,10,5,0,3,1
2020-21,22000958,2,1610612745,4,6,4,3,1,2,0
2020-21,22000958,3,1610612744,3,8,7,3,0,1,0
2020-21,22000958,3,1610612745,4,6,3,3,0,3,1
2020-21,22000958,4,1610612744,3,1,0,1,2,1,0
2020-21,22000958,4,1610612745,5,6,5,3,0,1,2
2020-21,22000959,1,1610612737,7,11,10,4,3,1,0
2020-21,22000959,1,1610612741,5,5,4,3,2,1,0
2020-21,22000959,2,1610612737,2,1,0,1,1,1,0
2020-21,22000959,2,1610612741,6,9,5,3,2,4,1
2020-21,22000959,3,1610612737,4,4,3,2,2,1,0
2020-21,22000959,3,1610612741,2,0,0,0,2,0,0
2020-21,22000959,4,1610612737,8,10,7,2,6,3,0
2020-21,22000959,4,1610612741,5,3,2,2,3,1,0
2020-21,22000960,1,1610612739,4,5,3,3,1,2,0
2020-21,22000960,1,1610612748,3,2,2,1,2,0,0
2020-21,22000960,2,1610612739,3,3,3,1,2,0,0
2020-21,22000960,2,1610612748,5,7,5,3,2,2,0
2020-21,22000960,3,1610612739,3,3,2,2,1,1,0
2020-21,22000960,3,1610612748,3,4,4,2,1,0,0
2020-21,22000960,4,1610612739,4,6,5,3,1,1,0
2020-21,22000960,4,1610612748,3,2,1,1,1,1,1
2020-21,22000961,1,1610612753,3,4,3,2,1,1,0
2020-21,22000961,1,1610612763,6,4,3,3,2,1,1
2020-21,22000961,2,1610612753,3,4,4,2,1,0,0
2020-21,22000961,2,1610612763,4,5,2,3,1,3,0
2020-21,22000961,3,1610612753,6,10,8,5,1,2,0
2020-21,22000961,3,1610612763,0,0,0,0,0,0,0
2020-21,22000961,4,1610612753,7,10,10,5,1,0,0
2020-21,22000961,4,1610612763,7,12,8,5,2,4,0
2020-21,22000962,1,1610612740,4,5,5,2,2,0,0
2020-21,22000962,1,1610612750,5,9,7,5,0,2,0
2020-21,22000962,2,1610612740,5,10,8,5,0,2,0
2020-21,22000962,2,1610612750,5,7,7,3,1,0,1
2020-21,22000962,3,1610612740,6,10,5,6,0,5,0
2020-21,22000962,3,1610612750,5,8,6,4,1,2,0
2020-21,22000962,4,1610612740,8,10,6,4,3,4,1
2020-21,22000962,4,1610612750,4,8,5,4,0,3,0
2020-21,22000963,1,1610612754,4,5,5,3,1,0,0
2020-21,22000963,1,1610612760,3,4,3,2,1,1,0
2020-21,22000963,2,1610612754,3,2,2,2,1,0,0
2020-21,22000963,2,1610612760,5,4,3,3,2,1,0
2020-21,22000963,3,1610612754,6,12,9,5,1,3,0
2020-21,22000963,3,1610612760,5,5,2,1,3,3,1
2020-21,22000963,4,1610612754,2,3,1,2,0,2,0
2020-21,22000963,4,1610612760,6,10,3,4,1,7,1
2020-21,22000964,1,1610612742,7,7,4,2,4,3,1
2020-21,22000964,1,1610612764,6,10,7,5,0,3,1
2020-21,22000964,2,1610612742,6,9,6,4,2,3,0
2020-21,22000964,2,1610612764,6,6,4,3,3,2,0
2020-21,22000964,3,1610612742,5,4,2,1,4,2,0
2020-21,22000964,3,1610612764,5,7,5,4,1,2,0
2020-21,22000964,4,1610612742,3,2,2,1,1,0,1
2020-21,22000964,4,1610612764,5,8,8,3,2,0,0
2020-21,22000965,1,1610612761,4,5,4,2,1,1,1
2020-21,22000965,1,1610612762,3,0,0,0,3,0,0
2020-21,22000965,2,1610612761,4,2,2,1,3,0,0
2020-21,22000965,2,1610612762,7,12,11,5,2,1,0
2020-21,22000965,3,1610612761,2,0,0,0,2,0,0
2020-21,22000965,3,1610612762,2,2,1,1,1,1,0
2020-21,22000965,4,1610612761,3,2,0,1,2,2,0
2020-21,22000965,4,1610612762,3,4,3,1,2,1,0
2020-21,22000966,1,1610612743,3,3,3,2,1,0,0
2020-21,22000966,1,1610612746,4,5,3,2,2,2,0
2020-21,22000966,2,1610612743,5,3,3,2,2,0,1
2020-21,22000966,2,1610612746,7,6,4,1,6,2,0
2020-21,22000966,3,1610612743,5,8,8,3,1,0,0
2020-21,22000966,3,1610612746,8,11,9,4,3,2,1
2020-21,22000966,4,1610612743,5,7,6,1,4,1,0
2020-21,22000966,4,1610612746,3,2,2,1,2,0,0
2020-21,22000967,1,1610612749,3,2,1,1,2,1,0
2020-21,22000967,1,1610612751,5,7,7,5,0,0,0
2020-21,22000967,2,1610612749,2,2,1,1,1,1,0
2020-21,22000967,2,1610612751,3,4,3,2,1,1,0
2020-21,22000967,3,1610612749,1,3,1,1,0,2,0
2020-21,22000967,3,1610612751,5,2,2,2,3,0,0
2020-21,22000967,4,1610612749,4,5,3,3,0,2,1
2020-21,22000967,4,1610612751,3,4,3,2,1,1,0
2020-21,22000968,1,1610612738,1,1,1,1,0,0,0
2020-21,22000968,1,1610612757,5,6,4,3,2,2,0
2020-21,22000968,2,1610612738,4,8,8,4,0,0,0
2020-21,22000968,2,1610612757,4,8,7,4,0,1,0
2020-21,22000968,3,1610612738,3,1,0,1,1,1,1
2020-21,22000968,3,1610612757,4,5,5,3,0,0,1
2020-21,22000968,4,1610612738,6,5,4,2,3,1,1
2020-21,22000968,4,1610612757,6,7,6,1,4,1,1
2020-21,22000969,1,1610612748,3,4,3,3,0,1,0
2020-21,22000969,1,1610612766,5,5,4,2,3,1,0
2020-21,22000969,2,1610612748,6,8,8,3,2,0,1
2020-21,22000969,2,1610612766,6,8,7,3,3,1,0
2020-21,22000969,3,1610612748,8,15,9,6,1,6,0
2020-21,22000969,3,1610612766,6,6,4,3,3,2,0
2020-21,22000969,4,1610612748,2,0,0,0,2,0,0
2020-21,22000969,4,1610612766,4,3,2,2,2,1,0
2020-21,22000970,1,1610612742,8,11,7,3,5,4,0
2020-21,22000970,1,1610612758,2,1,1,1,1,0,0
2020-21,22000970,2,1610612742,7,11,10,4,3,1,0
2020-21,22000970,2,1610612758,5,8,5,3,1,3,0
2020-21,22000970,3,1610612742,4,4,3,2,2,1,0
2020-21,22000970,3,1610612758,5,4,3,3,1,1,1
2020-21,22000970,4,1610612742,4,5,5,3,0,0,1
2020-21,22000970,4,1610612758,2,3,1,1,1,2,0
2020-21,22000971,1,1610612745,6,9,5,5,1,4,0
2020-21,22000971,1,1610612752,2,2,2,1,1,0,0
2020-21,22000971,2,1610612745,3,5,2,2,1,3,0
2020-21,22000971,2,1610612752,5,8,7,3,2,1,0
2020-21,22000971,3,1610612745,5,10,7,4,1,3,0
2020-21,22000971,3,1610612752,5,4,3,3,1,1,1
2020-21,22000971,4,1610612745,5,8,7,4,1,1,0
2020-21,22000971,4,1610612752,3,2,2,1,2,0,0
2020-21,22000972,1,1610612756,3,4,3,2,1,1,0
2020-21,22000972,1,1610612760,1,2,2,1,0,0,0
2020-21,22000972,2,1610612756,6,8,7,3,3,1,0
2020-21,22000972,2,1610612760,5,8,6,5,0,2,0
2020-21,22000972,3,1610612756,5,6,5,4,1,1,0
2020-21,22000972,3,1610612760,6,8,5,4,1,3,1
2020-21,22000972,4,1610612756,7,9,6,3,4,3,0
2020-21,22000972,4,1610612760,3,6,4,3,0,2,0
2020-21,22000973,1,1610612755,8,12,6,6,2,6,0
2020-21,22000973,1,1610612759,7,10,7,4,2,3,1
2020-21,22000973,2,1610612755,4,4,4,2,2,0,0
2020-21,22000973,2,1610612759,2,1,1,1,1,0,0
2020-21,22000973,3,1610612755,3,3,3,2,1,0,0
2020-21,22000973,3,1610612759,4,4,4,2,1,0,1
2020-21,22000973,4,1610612755,4,2,1,1,3,1,0
2020-21,22000973,4,1610612759,4,1,1,0,3,0,0
2020-21,22000974,1,1610612747,7,8,7,3,3,1,1
2020-21,22000974,1,1610612761,5,6,5,4,1,1,0
2020-21,22000974,2,1610612747,5,5,2,3,1,3,1
2020-21,22000974,2,1610612761,10,18,13,7,3,5,0
2020-21,22000974,3,1610612747,6,10,6,3,2,4,1
2020-21,22000974,3,1610612761,2,1,1,1,1,0,0
2020-21,22000974,4,1610612747,5,8,6,4,1,2,0
2020-21,22000974,4,1610612761,5,6,3,1,3,3,1
2020-21,22000975,1,1610612753,4,8,5,4,0,3,0
2020-21,22000975,1,1610612765,3,1,0,0,3,1,0
2020-21,22000975,2,1610612753,2,2,2,1,1,0,0
2020-21,22000975,2,1610612765,4,4,3,2,1,1,1
2020-21,22000975,3,1610612753,7,9,8,4,3,1,0
2020-21,22000975,3,1610612765,4,5,3,3,1,2,0
2020-21,22000975,4,1610612753,4,6,4,3,1,2,0
2020-21,22000975,4,1610612765,6,8,7,4,2,1,0
2020-21,22000976,1,1610612754,3,4,3,3,0,1,0
2020-21,22000976,1,1610612764,3,5,4,3,0,1,0
2020-21,22000976,2,1610612754,5,6,6,2,3,0,0
2020-21,22000976,2,1610612764,6,10,9,5,1,1,0
2020-21,22000976,3,1610612754,4,5,4,2,1,1,1
2020-21,22000976,3,1610612764,3,3,3,2,1,0,0
2020-21,22000976,4,1610612754,5,10,8,5,0,2,0
2020-21,22000976,4,1610612764,4,6,3,3,1,3,0
2020-21,22000977,1,1610612740,5,7,6,4,0,1,1
2020-21,22000977,1,1610612744,3,7,6,3,0,1,0
2020-21,22000977,2,1610612740,4,3,3,2,2,0,0
2020-21,22000977,2,1610612744,2,4,3,2,0,1,0
2020-21,22000977,3,1610612740,5,7,6,4,1,1,0
2020-21,22000977,3,1610612744,1,3,3,1,0,0,0
2020-21,22000977,4,1610612740,10,15,10,6,4,5,0
2020-21,22000977,4,1610612744,0,0,0,0,0,0,0
2020-21,22000978,1,1610612737,4,4,3,2,2,1,0
2020-21,22000978,1,1610612757,3,1,0,1,2,1,0
2020-21,22000978,2,1610612737,5,8,7,4,1,1,0
2020-21,22000978,2,1610612757,6,7,6,5,1,1,0
2020-21,22000978,3,1610612737,4,6,5,3,1,1,0
2020-21,22000978,3,1610612757,3,2,2,1,2,0,0
2020-21,22000978,4,1610612737,2,0,0,0,2,0,0
2020-21,22000978,4,1610612757,5,4,3,2,2,1,1
2020-21,22000979,1,1610612741,0,0,0,0,0,0,0
2020-21,22000979,1,1610612755,3,2,1,2,1,1,0
2020-21,22000979,2,1610612741,5,6,5,3,2,1,0
2020-21,22000979,2,1610612755,2,4,2,2,0,2,0
2020-21,22000979,3,1610612741,3,0,0,0,2,0,1
2020-21,22000979,3,1610612755,5,6,4,2,3,2,0
2020-21,22000979,4,1610612741,4,8,6,4,0,2,0
2020-21,22000979,4,1610612755,5,9,8,4,1,1,0
2020-21,22000980,1,1610612752,4,5,4,3,1,1,0
2020-21,22000980,1,1610612763,6,6,4,2,4,2,0
2020-21,22000980,2,1610612752,4,4,2,2,2,2,0
2020-21,22000980,2,1610612763,7,14,12,5,2,2,0
2020-21,22000980,3,1610612752,2,4,3,2,0,1,0
2020-21,22000980,3,1610612763,4,4,4,2,2,0,0
2020-21,22000980,4,1610612752,3,5,5,0,3,0,0
2020-21,22000980,4,1610612763,4,0,0,0,3,0,1
2020-21,22000981,1,1610612759,1,2,2,1,0,0,0
2020-21,22000981,1,1610612762,3,3,2,2,1,1,0
2020-21,22000981,2,1610612759,3,1,1,1,2,0,0
2020-21,22000981,2,1610612762,3,4,2,2,1,2,0
2020-21,22000981,3,1610612759,2,3,3,2,0,0,0
2020-21,22000981,3,1610612762,6,8,6,3,3,2,0
2020-21,22000981,4,1610612759,3,4,4,2,1,0,0
2020-21,22000981,4,1610612762,1,1,1,1,0,0,0
2020-21,22000982,1,1610612743,4,2,1,1,3,1,0
2020-21,22000982,1,1610612747,4,1,0,1,3,1,0
2020-21,22000982,2,1610612743,5,2,1,0,4,1,1
2020-21,22000982,2,1610612747,7,8,6,5,2,2,0
2020-21,22000982,3,1610612743,5,6,4,3,2,2,0
2020-21,22000982,3,1610612747,7,10,6,3,4,4,0
2020-21,22000982,4,1610612743,4,6,5,3,1,1,0
2020-21,22000982,4,1610612747,4,4,4,2,2,0,0
2020-21,22000983,1,1610612739,5,3,2,2,3,1,0
2020-21,22000983,1,1610612756,2,4,3,2,0,1,0
2020-21,22000983,2,1610612739,6,7,6,4,2,1,0
2020-21,22000983,2,1610612756,3,6,6,3,0,0,0
2020-21,22000983,3,1610612739,8,11,9,4,3,2,1
2020-21,22000983,3,1610612756,4,3,3,2,2,0,0
2020-21,22000983,4,1610612739,4,4,4,3,1,0,0
2020-21,22000983,4,1610612756,1,0,0,0,1,0,0
2020-21,22000984,1,1610612765,6,6,2,3,3,4,0
2020-21,22000984,1,1610612766,7,9,7,5,2,2,0
2020-21,22000984,2,1610612765,4,3,3,1,3,0,0
2020-21,22000984,2,1610612766,4,3,3,2,2,0,0
2020-21,22000984,3,1610612765,5,3,3,2,1,0,2
2020-21,22000984,3,1610612766,3,5,5,3,0,0,0
2020-21,22000984,4,1610612765,6,8,4,3,3,4,0
2020-21,22000984,4,1610612766,6,7,3,3,3,4,0
2020-21,22000985,1,1610612749,3,3,3,2,1,0,0
2020-21,22000985,1,1610612751,2,3,2,2,0,1,0
2020-21,22000985,2,1610612749,7,7,6,1,6,1,0
2020-21,22000985,2,1610612751,6,10,4,4,2,6,0
2020-21,22000985,3,1610612749,8,11,8,4,4,3,0
2020-21,22000985,3,1610612751,7,9,7,3,3,2,1
2020-21,22000985,4,1610612749,6,6,5,2,3,1,1
2020-21,22000985,4,1610612751,3,4,3,2,1,1,0
2020-21,22000986,1,1610612742,5,5,3,3,2,2,0
2020-21,22000986,1,1610612748,3,2,1,1,1,1,1
2020-21,22000986,2,1610612742,2,2,2,1,1,0,0
2020-21,22000986,2,1610612748,4,8,6,4,0,2,0
2020-21,22000986,3,1610612742,3,6,3,3,0,3,0
2020-21,22000986,3,1610612748,2,1,1,1,1,0,0
2020-21,22000986,4,1610612742,5,5,5,2,3,0,0
2020-21,22000986,4,1610612748,7,10,9,3,3,1,1
2020-21,22000987,1,1610612740,5,8,7,4,1,1,0
2020-21,22000987,1,1610612744,2,3,3,2,0,0,0
2020-21,22000987,2,1610612740,2,2,1,1,1,1,0
2020-21,22000987,2,1610612744,4,3,2,2,2,1,0
2020-21,22000987,3,1610612740,2,2,2,1,1,0,0
2020-21,22000987,3,1610612744,2,0,0,0,2,0,0
2020-21,22000987,4,1610612740,6,10,8,1,4,2,0
2020-21,22000987,4,1610612744,1,1,0,1,0,1,0
2020-21,22000988,1,1610612758,2,2,2,1,1,0,0
2020-21,22000988,1,1610612760,3,4,3,2,1,1,0
2020-21,22000988,2,1610612758,5,7,6,2,3,1,0
2020-21,22000988,2,1610612760,5,8,6,4,0,2,1
2020-21,22000988,3,1610612758,4,3,2,2,0,1,2
2020-21,22000988,3,1610612760,6,10,6,4,1,4,1
2020-21,22000988,4,1610612758,3,4,3,1,2,1,0
2020-21,22000988,4,1610612760,2,3,3,2,0,0,0
2020-21,22000989,1,1610612746,4,3,2,2,2,1,0
2020-21,22000989,1,1610612761,4,3,2,1,2,1,1
2020-21,22000989,2,1610612746,2,0,0,0,2,0,0
2020-21,22000989,2,1610612761,3,4,2,2,1,2,0
2020-21,22000989,3,1610612746,4,6,6,2,2,0,0
2020-21,22000989,3,1610612761,2,3,2,2,0,1,0
2020-21,22000989,4,1610612746,4,4,4,2,2,0,0
2020-21,22000989,4,1610612761,4,3,2,2,1,1,1
2020-21,22000990,1,1610612738,2,2,0,1,1,2,0
2020-21,22000990,1,1610612753,5,9,8,4,1,1,0
2020-21,22000990,2,1610612738,4,4,3,2,1,1,1
2020-21,22000990,2,1610612753,5,6,4,3,2,2,0
2020-21,22000990,3,1610612738,3,4,4,1,1,0,1
2020-21,22000990,3,1610612753,7,11,10,4,2,1,1
2020-21,22000990,4,1610612738,1,2,2,1,0,0,0
2020-21,22000990,4,1610612753,4,2,2,1,2,0,1
2020-21,22000991,1,1610612739,2,1,0,1,1,1,0
2020-21,22000991,1,1610612757,5,6,4,2,3,2,0
2020-21,22000991,2,1610612739,6,6,3,2,3,3,1
2020-21,22000991,2,1610612757,6,8,7,5,0,1,0
2020-21,22000991,3,1610612739,8,13,10,6,2,3,0
2020-21,22000991,3,1610612757,4,6,5,3,1,1,0
2020-21,22000991,4,1610612739,4,6,5,3,1,1,0
2020-21,22000991,4,1610612757,3,5,3,3,0,2,0
2020-21,22000992,1,1610612737,5,6,5,2,3,1,0
2020-21,22000992,1,1610612756,3,6,4,3,0,2,0
2020-21,22000992,2,1610612737,2,4,4,2,0,0,0
2020-21,22000992,2,1610612756,5,8,7,3,2,1,0
2020-21,22000992,3,1610612737,4,2,2,1,3,0,0
2020-21,22000992,3,1610612756,5,4,4,2,2,0,1
2020-21,22000992,4,1610612737,5,6,5,2,3,1,0
2020-21,22000992,4,1610612756,6,11,10,3,2,1,1
2020-21,22000993,1,1610612754,2,4,4,2,0,0,0
2020-21,22000993,1,1610612758,2,0,0,0,2,0,0
2020-21,22000993,2,1610612754,3,4,1,2,1,3,0
2020-21,22000993,2,1610612758,2,2,0,1,1,2,0
2020-21,22000993,3,1610612754,3,2,2,1,2,0,0
2020-21,22000993,3,1610612758,1,0,0,0,1,0,0
2020-21,22000993,4,1610612754,5,7,5,3,2,2,0
2020-21,22000993,4,1610612758,7,12,10,5,2,2,0
2020-21,22000994,1,1610612745,1,1,1,1,0,0,0
2020-21,22000994,1,1610612755,5,6,6,3,1,0,1
2020-21,22000994,2,1610612745,4,3,3,2,2,0,0
2020-21,22000994,2,1610612755,3,4,3,2,1,1,0
2020-21,22000994,3,1610612745,7,12,8,5,0,4,2
2020-21,22000994,3,1610612755,7,12,11,6,1,1,0
2020-21,22000994,4,1610612745,3,2,2,1,1,0,1
2020-21,22000994,4,1610612755,1,0,0,0,1,0,0
2020-21,22000995,1,1610612743,9,12,10,3,5,2,1
2020-21,22000995,1,1610612752,3,4,2,1,2,2,0
2020-21,22000995,2,1610612743,4,3,3,2,2,0,0
2020-21,22000995,2,1610612752,5,5,4,2,2,1,1
2020-21,22000995,3,1610612743,6,6,5,3,2,1,1
2020-21,22000995,3,1610612752,5,4,3,3,2,1,0
2020-21,22000995,4,1610612743,5,12,9,4,1,3,0
2020-21,22000995,4,1610612752,9,14,9,3,5,5,1
2020-21,22000996,1,1610612759,4,6,4,3,1,2,0
2020-21,22000996,1,1610612762,4,2,2,2,2,0,0
2020-21,22000996,2,1610612759,7,8,5,2,4,3,1
2020-21,22000996,2,1610612762,4,7,4,3,0,3,1
2020-21,22000996,3,1610612759,2,0,0,0,1,0,1
2020-21,22000996,3,1610612762,4,5,4,4,0,1,0
2020-21,22000996,4,1610612759,6,6,4,1,5,2,0
2020-21,22000996,4,1610612762,1,0,0,0,1,0,0
2020-21,22000997,1,1610612761,4,3,3,2,2,0,0
2020-21,22000997,1,1610612764,3,2,2,1,1,0,1
2020-21,22000997,2,1610612761,2,0,0,0,1,0,1
2020-21,22000997,2,1610612764,5,7,6,2,3,1,0
2020-21,22000997,3,1610612761,5,9,9,5,0,0,0
2020-21,22000997,3,1610612764,3,6,6,3,0,0,0
2020-21,22000997,4,1610612761,6,8,3,4,2,5,0
2020-21,22000997,4,1610612764,8,15,12,5,3,3,0
2020-21,22000998,1,1610612742,2,4,4,2,0,0,0
2020-21,22000998,1,1610612751,1,0,0,0,1,0,0
2020-21,22000998,2,1610612742,6,10,6,4,2,4,0
2020-21,22000998,2,1610612751,6,7,6,3,3,1,0
2020-21,22000998,3,1610612742,3,6,3,3,0,3,0
2020-21,22000998,3,1610612751,1,0,0,0,1,0,0
2020-21,22000998,4,1610612742,6,6,5,1,5,1,0
2020-21,22000998,4,1610612751,7,8,8,5,2,0,0
2020-21,22000999,1,1610612763,2,1,0,1,0,1,1
2020-21,22000999,1,1610612765,1,0,0,0,1,0,0
2020-21,22000999,2,1610612763,3,1,0,1,2,1,0
2020-21,22000999,2,1610612765,3,4,3,2,0,1,1
2020-21,22000999,3,1610612763,6,8,6,2,3,2,1
2020-21,22000999,3,1610612765,3,2,2,1,2,0,0
2020-21,22000999,4,1610612763,6,7,5,3,3,2,0
2020-21,22000999,4,1610612765,6,8,7,3,3,1,0
2020-21,22001000,1,1610612737,4,3,3,2,2,0,0
2020-21,22001000,1,1610612754,5,5,4,3,2,1,0
2020-21,22001000,2,1610612737,6,5,5,1,4,0,1
2020-21,22001000,2,1610612754,2,3,3,2,0,0,0
2020-21,22001000,3,1610612737,6,8,6,5,1,2,0
2020-21,22001000,3,1610612754,6,6,5,3,1,1,2
2020-21,22001000,4,1610612737,1,2,1,1,0,1,0
2020-21,22001000,4,1610612754,4,5,5,1,3,0,0
2020-21,22001001,1,1610612744,4,3,2,2,2,1,0
2020-21,22001001,1,1610612760,4,5,3,3,1,2,0
2020-21,22001001,2,1610612744,4,8,7,4,0,1,0
2020-21,22001001,2,1610612760,7,7,6,2,4,1,1
2020-21,22001001,3,1610612744,3,3,2,1,0,1,1
2020-21,22001001,3,1610612760,3,3,3,2,1,0,0
2020-21,22001001,4,1610612744,4,4,4,2,1,0,1
2020-21,22001001,4,1610612760,3,5,4,3,0,1,0
2020-21,22001002,1,1610612746,3,4,3,2,1,1,0
2020-21,22001002,1,1610612747,1,0,0,0,1,0,0
2020-21,22001002,2,1610612746,5,8,7,2,2,1,1
2020-21,22001002,2,1610612747,6,9,6,4,2,3,0
2020-21,22001002,3,1610612746,6,7,6,2,2,1,2
2020-21,22001002,3,1610612747,4,6,5,3,1,1,0
2020-21,22001002,4,1610612746,7,7,7,2,4,0,1
2020-21,22001002,4,1610612747,9,14,7,6,1,7,2
2020-21,22001003,1,1610612740,4,3,3,2,2,0,0
2020-21,22001003,1,1610612755,6,11,9,5,1,2,0
2020-21,22001003,2,1610612740,7,13,9,5,2,4,0
2020-21,22001003,2,1610612755,6,5,5,3,3,0,0
2020-21,22001003,3,1610612740,2,2,1,1,0,1,1
2020-21,22001003,3,1610612755,3,2,1,1,2,1,0
2020-21,22001003,4,1610612740,5,4,3,2,2,1,1
2020-21,22001003,4,1610612755,4,4,3,2,1,1,1
2020-21,22001004,1,1610612753,2,0,0,0,2,0,0
2020-21,22001004,1,1610612766,2,3,2,2,0,1,0
2020-21,22001004,2,1610612753,8,14,12,6,2,2,0
2020-21,22001004,2,1610612766,8,15,13,6,2,2,0
2020-21,22001004,3,1610612753,5,6,4,2,3,2,0
2020-21,22001004,3,1610612766,3,2,2,1,2,0,0
2020-21,22001004,4,1610612753,6,8,5,4,2,3,0
2020-21,22001004,4,1610612766,10,13,8,3,4,5,2
2020-21,22001005,1,1610612748,4,5,5,2,2,0,0
2020-21,22001005,1,1610612750,7,11,7,4,1,4,2
2020-21,22001005,2,1610612748,6,5,1,2,3,4,1
2020-21,22001005,2,1610612750,3,4,3,3,0,1,0
2020-21,22001005,3,1610612748,5,10,8,2,3,2,0
2020-21,22001005,3,1610612750,3,5,3,2,1,2,0
2020-21,22001005,4,1610612748,7,7,6,2,4,1,0
2020-21,22001005,4,1610612750,7,10,7,6,0,3,1
2020-21,22001006,1,1610612745,2,4,1,2,0,3,0
2020-21,22001006,1,1610612749,4,4,3,3,1,1,0
2020-21,22001006,2,1610612745,1,2,1,1,0,1,0
2020-21,22001006,2,1610612749,6,8,7,3,3,1,0
2020-21,22001006,3,1610612745,4,8,6,4,0,2,0
2020-21,22001006,3,1610612749,2,2,2,1,1,0,0
2020-21,22001006,4,1610612745,4,4,4,2,2,0,0
2020-21,22001006,4,1610612749,6,9,8,2,3,1,1
2020-21,22001007,1,1610612739,4,4,4,1,3,0,0
2020-21,22001007,1,1610612742,6,9,8,5,1,1,0
2020-21,22001007,2,1610612739,6,5,3,2,4,2,0
2020-21,22001007,2,1610612742,4,6,6,4,0,0,0
2020-21,22001007,3,1610612739,5,8,5,4,1,3,0
2020-21,22001007,3,1610612742,2,2,2,0,2,0,0
2020-21,22001007,4,1610612739,6,9,8,4,2,1,0
2020-21,22001007,4,1610612742,5,5,2,3,2,3,0
2020-21,22001008,1,1610612743,6,5,4,2,3,1,1
2020-21,22001008,1,1610612762,3,5,5,2,0,0,1
2020-21,22001008,2,1610612743,5,5,5,3,2,0,0
2020-21,22001008,2,1610612762,2,1,1,1,1,0,0
2020-21,22001008,3,1610612743,3,4,4,2,1,0,0
2020-21,22001008,3,1610612762,5,11,9,4,1,2,0
2020-21,22001008,4,1610612743,6,6,4,1,3,2,2
2020-21,22001008,4,1610612762,6,6,5,1,4,1,1
2020-21,22001009,1,1610612752,6,11,8,5,1,3,0
2020-21,22001009,1,1610612756,7,8,8,2,5,0,0
2020-21,22001009,2,1610612752,3,2,2,1,1,0,1
2020-21,22001009,2,1610612756,7,8,8,3,4,0,0
2020-21,22001009,3,1610612752,3,4,3,1,1,1,1
2020-21,22001009,3,1610612756,4,2,2,1,3,0,0
2020-21,22001009,4,1610612752,5,6,5,2,3,1,0
2020-21,22001009,4,1610612756,4,7,6,2,1,1,0
2020-21,22001010,1,1610612747,3,7,4,3,0,3,0
2020-21,22001010,1,1610612757,4,4,4,2,2,0,0
2020-21,22001010,2,1610612747,5,2,2,2,2,0,1
2020-21,22001010,2,1610612757,2,5,5,2,0,0,0
2020-21,22001010,3,1610612747,4,5,3,2,1,2,1
2020-21,22001010,3,1610612757,5,4,4,1,3,0,1
2020-21,22001010,4,1610612747,6,8,7,2,2,1,2
2020-21,22001010,4,1610612757,7,8,7,1,5,1,1
2020-21,22001011,1,1610612758,1,2,0,1,0,2,0
2020-21,22001011,1,1610612759,4,6,6,3,1,0,0
2020-21,22001011,2,1610612758,3,6,4,3,0,2,0
2020-21,22001011,2,1610612759,4,2,2,1,3,0,0
2020-21,22001011,3,1610612758,4,4,4,0,3,0,0
2020-21,22001011,3,1610612759,3,2,1,2,1,1,0
2020-21,22001011,4,1610612758,4,3,1,2,0,2,2
2020-21,22001011,4,1610612759,6,9,8,3,2,1,1
2020-21,22001012,1,1610612754,5,5,3,4,1,2,0
2020-21,22001012,1,1610612764,3,2,2,1,2,0,0
2020-21,22001012,2,1610612754,5,6,6,4,1,0,0
2020-21,22001012,2,1610612764,6,7,5,5,1,2,0
2020-21,22001012,3,1610612754,8,13,13,5,2,0,1
2020-21,22001012,3,1610612764,3,7,7,3,0,0,0
2020-21,22001012,4,1610612754,3,6,3,3,0,3,0
2020-21,22001012,4,1610612764,7,12,10,3,3,2,1
2020-21,22001013,1,1610612755,5,6,6,3,2,0,0
2020-21,22001013,1,1610612765,4,4,3,2,2,1,0
2020-21,22001013,2,1610612755,7,7,5,3,4,2,0
2020-21,22001013,2,1610612765,3,3,1,2,1,2,0
2020-21,22001013,3,1610612755,7,9,8,5,2,1,0
2020-21,22001013,3,1610612765,4,6,4,3,1,2,0
2020-21,22001013,4,1610612755,4,9,8,4,0,1,0
2020-21,22001013,4,1610612765,4,3,3,2,2,0,0
2020-21,22001014,1,1610612761,2,2,2,1,1,0,0
2020-21,22001014,1,1610612763,3,1,0,0,3,1,0
2020-21,22001014,2,1610612761,7,7,6,4,3,1,0
2020-21,22001014,2,1610612763,6,8,5,4,2,3,0
2020-21,22001014,3,1610612761,4,5,2,3,1,3,0
2020-21,22001014,3,1610612763,7,9,7,4,3,2,0
2020-21,22001014,4,1610612761,6,10,7,5,1,3,0
2020-21,22001014,4,1610612763,5,8,7,3,2,1,0
2020-21,22001015,1,1610612743,4,2,2,1,2,0,1
2020-21,22001015,1,1610612751,3,4,2,2,1,2,0
2020-21,22001015,2,1610612743,6,11,9,4,2,2,0
2020-21,22001015,2,1610612751,9,16,14,6,3,2,0
2020-21,22001015,3,1610612743,6,7,7,4,2,0,0
2020-21,22001015,3,1610612751,2,0,0,0,2,0,0
2020-21,22001015,4,1610612743,6,3,3,2,4,0,0
2020-21,22001015,4,1610612751,8,13,11,3,5,2,0
2020-21,22001016,1,1610612745,1,0,0,0,0,0,1
2020-21,22001016,1,1610612762,3,3,3,2,1,0,0
2020-21,22001016,2,1610612745,4,6,4,3,0,2,1
2020-21,22001016,2,1610612762,5,10,9,4,1,1,0
2020-21,22001016,3,1610612745,3,7,6,3,0,1,0
2020-21,22001016,3,1610612762,4,4,3,1,2,1,0
2020-21,22001016,4,1610612745,2,4,2,1,1,2,0
2020-21,22001016,4,1610612762,3,4,4,2,1,0,0
2020-21,22001017,1,1610612744,4,9,9,4,0,0,0
2020-21,22001017,1,1610612760,5,5,2,3,2,3,0
2020-21,22001017,2,1610612744,3,2,1,1,2,1,0
2020-21,22001017,2,1610612760,2,3,1,2,0,2,0
2020-21,22001017,3,1610612744,4,5,4,2,1,1,0
2020-21,22001017,3,1610612760,5,8,7,4,1,1,0
2020-21,22001017,4,1610612744,2,2,1,1,1,1,0
2020-21,22001017,4,1610612760,4,4,2,2,2,2,0
2020-21,22001018,1,1610612757,7,9,9,4,3,0,0
2020-21,22001018,1,1610612759,3,4,4,2,1,0,0
2020-21,22001018,2,1610612757,3,0,0,0,3,0,0
2020-21,22001018,2,1610612759,3,4,4,2,1,0,0
2020-21,22001018,3,1610612757,6,10,7,4,2,3,0
2020-21,22001018,3,1610612759,2,2,2,1,1,0,0
2020-21,22001018,4,1610612757,7,11,6,4,3,5,0
2020-21,22001018,4,1610612759,7,13,10,6,1,3,0
2020-21,22001019,1,1610612746,4,4,4,2,2,0,0
2020-21,22001019,1,1610612752,3,1,1,0,2,0,1
2020-21,22001019,2,1610612746,6,6,5,2,3,1,1
2020-21,22001019,2,1610612752,2,1,1,1,1,0,0
2020-21,22001019,3,1610612746,4,3,2,1,2,1,1
2020-21,22001019,3,1610612752,2,1,1,1,1,0,0
2020-21,22001019,4,1610612746,2,3,3,1,1,0,0
2020-21,22001019,4,1610612752,4,6,6,1,3,0,0
2020-21,22001020,1,1610612740,2,2,2,2,0,0,0
2020-21,22001020,1,1610612766,4,3,3,1,1,0,2
2020-21,22001020,2,1610612740,4,3,1,2,2,2,0
2020-21,22001020,2,1610612766,4,7,7,3,0,0,1
2020-21,22001020,3,1610612740,6,11,4,6,0,7,0
2020-21,22001020,3,1610612766,2,1,0,1,1,1,0
2020-21,22001020,4,1610612740,5,6,3,2,2,3,1
2020-21,22001020,4,1610612766,6,7,3,2,4,4,0
2020-21,22001021,1,1610612739,5,5,2,2,2,3,1
2020-21,22001021,1,1610612742,3,5,4,3,0,1,0
2020-21,22001021,2,1610612739,6,6,4,2,2,2,2
2020-21,22001021,2,1610612742,4,4,3,2,1,1,1
2020-21,22001021,3,1610612739,5,8,6,2,2,2,0
2020-21,22001021,3,1610612742,2,0,0,0,2,0,0
2020-21,22001021,4,1610612739,6,12,8,5,1,4,0
2020-21,22001021,4,1610612742,2,2,2,1,1,0,0
2020-21,22001022,1,1610612750,5,9,7,5,0,2,0
2020-21,22001022,1,1610612753,4,5,5,3,1,0,0
2020-21,22001022,2,1610612750,3,4,4,2,1,0,0
2020-21,22001022,2,1610612753,3,6,4,3,0,2,0
2020-21,22001022,3,1610612750,5,8,4,4,0,4,0
2020-21,22001022,3,1610612753,3,0,0,0,2,0,1
2020-21,22001022,4,1610612750,4,3,3,2,2,0,0
2020-21,22001022,4,1610612753,7,11,6,5,1,5,1
2020-21,22001023,1,1610612741,3,2,1,1,2,1,0
2020-21,22001023,1,1610612765,3,2,1,1,2,1,0
2020-21,22001023,2,1610612741,4,5,3,3,1,2,0
2020-21,22001023,2,1610612765,3,4,2,2,1,2,0
2020-21,22001023,3,1610612741,4,7,6,3,1,1,0
2020-21,22001023,3,1610612765,7,9,6,3,3,3,0
2020-21,22001023,4,1610612741,1,0,0,0,1,0,0
2020-21,22001023,4,1610612765,8,7,4,4,4,3,0
2020-21,22001024,1,1610612747,6,9,7,4,1,2,1
2020-21,22001024,1,1610612756,4,5,3,2,2,2,0
2020-21,22001024,2,1610612747,8,13,9,4,4,4,0
2020-21,22001024,2,1610612756,6,7,7,3,3,0,0
2020-21,22001024,3,1610612747,7,8,7,2,4,1,1
2020-21,22001024,3,1610612756,8,11,9,5,3,2,0
2020-21,22001024,4,1610612747,9,11,9,4,4,2,0
2020-21,22001024,4,1610612756,2,2,2,1,1,0,0
2020-21,22001025,1,1610612758,5,4,4,2,3,0,0
2020-21,22001025,1,1610612760,4,6,5,3,1,1,0
2020-21,22001025,2,1610612758,6,8,4,4,2,4,0
2020-21,22001025,2,1610612760,3,5,3,3,0,2,0
2020-21,22001025,3,1610612758,4,7,7,4,0,0,0
2020-21,22001025,3,1610612760,5,7,4,4,1,3,0
2020-21,22001025,4,1610612758,3,5,5,3,0,0,0
2020-21,22001025,4,1610612760,7,11,7,5,1,4,1
2020-21,22001026,1,1610612737,3,2,2,1,2,0,0
2020-21,22001026,1,1610612764,3,3,3,2,1,0,0
2020-21,22001026,2,1610612737,3,4,2,2,1,2,0
2020-21,22001026,2,1610612764,3,3,2,2,1,1,0
2020-21,22001026,3,1610612737,5,8,8,4,1,0,0
2020-21,22001026,3,1610612764,3,0,0,0,3,0,0
2020-21,22001026,4,1610612737,9,12,11,3,5,1,1
2020-21,22001026,4,1610612764,5,5,4,3,2,1,0
2020-21,22001027,1,1610612739,4,7,5,4,0,2,0
2020-21,22001027,1,1610612754,2,4,1,2,0,3,0
2020-21,22001027,2,1610612739,6,7,7,3,2,0,1
2020-21,22001027,2,1610612754,3,6,5,3,0,1,0
2020-21,22001027,3,1610612739,5,7,5,3,2,2,0
2020-21,22001027,3,1610612754,2,0,0,0,2,0,0
2020-21,22001027,4,1610612739,5,9,6,4,1,3,0
2020-21,22001027,4,1610612754,5,6,6,1,4,0,0
2020-21,22001028,1,1610612740,3,2,1,1,2,1,0
2020-21,22001028,1,1610612763,3,5,5,2,1,0,0
2020-21,22001028,2,1610612740,4,6,5,3,1,1,0
2020-21,22001028,2,1610612763,3,7,6,3,0,1,0
2020-21,22001028,3,1610612740,8,13,8,6,2,5,0
2020-21,22001028,3,1610612763,6,8,1,5,1,7,0
2020-21,22001028,4,1610612740,2,0,0,0,1,0,1
2020-21,22001028,4,1610612763,5,7,4,2,2,3,0
2020-21,22001029,1,1610612749,2,3,2,2,0,1,0
2020-21,22001029,1,1610612759,5,7,7,5,0,0,0
2020-21,22001029,2,1610612749,1,2,2,1,0,0,0
2020-21,22001029,2,1610612759,2,4,2,2,0,2,0
2020-21,22001029,3,1610612749,5,6,5,3,2,1,0
2020-21,22001029,3,1610612759,2,4,3,2,0,1,0
2020-21,22001029,4,1610612749,7,12,9,5,2,3,0
2020-21,22001029,4,1610612759,4,6,5,3,1,1,0
2020-21,22001030,1,1610612744,4,5,3,3,1,2,0
2020-21,22001030,1,1610612762,3,3,3,2,1,0,0
2020-21,22001030,2,1610612744,4,4,4,2,2,0,0
2020-21,22001030,2,1610612762,2,2,2,1,1,0,0
2020-21,22001030,3,1610612744,6,8,8,3,3,0,0
2020-21,22001030,3,1610612762,4,6,4,3,1,2,0
2020-21,22001030,4,1610612744,5,8,8,3,2,0,0
2020-21,22001030,4,1610612762,10,13,12,6,4,1,0
2020-21,22001031,1,1610612745,5,9,9,3,2,0,0
2020-21,22001031,1,1610612757,2,4,4,2,0,0,0
2020-21,22001031,2,1610612745,5,8,8,3,2,0,0
2020-21,22001031,2,1610612757,8,10,7,7,1,3,0
2020-21,22001031,3,1610612745,4,4,4,2,2,0,0
2020-21,22001031,3,1610612757,6,8,8,3,1,0,1
2020-21,22001031,4,1610612745,4,7,6,3,1,1,0
2020-21,22001031,4,1610612757,7,13,9,5,2,4,0
2020-21,22001032,1,1610612738,4,4,3,3,1,1,0
2020-21,22001032,1,1610612748,4,6,4,3,1,2,0
2020-21,22001032,2,1610612738,2,2,1,1,1,1,0
2020-21,22001032,2,1610612748,3,2,2,1,2,0,0
2020-21,22001032,3,1610612738,3,2,1,1,1,1,1
2020-21,22001032,3,1610612748,7,8,6,1,6,2,0
2020-21,22001032,4,1610612738,8,9,6,4,4,3,0
2020-21,22001032,4,1610612748,5,6,5,1,4,1,0
2020-21,22001033,1,1610612750,4,6,4,4,0,2,0
2020-21,22001033,1,1610612765,4,6,6,3,1,0,0
2020-21,22001033,2,1610612750,6,6,4,3,3,2,0
2020-21,22001033,2,1610612765,5,6,6,1,4,0,0
2020-21,22001033,3,1610612750,4,3,2,1,3,1,0
2020-21,22001033,3,1610612765,5,5,3,3,2,2,0
2020-21,22001033,4,1610612750,5,6,5,4,1,1,0
2020-21,22001033,4,1610612765,6,9,5,3,3,4,0
2020-21,22001034,1,1610612746,3,5,5,3,0,0,0
2020-21,22001034,1,1610612761,3,2,2,1,2,0,0
2020-21,22001034,2,1610612746,5,6,6,2,3,0,0
2020-21,22001034,2,1610612761,7,11,9,6,1,2,0
2020-21,22001034,3,1610612746,8,10,10,2,5,0,0
2020-21,22001034,3,1610612761,2,1,1,1,1,0,0
2020-21,22001034,4,1610612746,5,5,5,2,3,0,0
2020-21,22001034,4,1610612761,5,5,4,3,2,1,0
2020-21,22001035,1,1610612754,0,0,0,0,0,0,0
2020-21,22001035,1,1610612755,4,4,3,3,0,1,1
2020-21,22001035,2,1610612754,5,5,5,3,2,0,0
2020-21,22001035,2,1610612755,4,3,3,2,2,0,0
2020-21,22001035,3,1610612754,3,1,0,1,2,1,0
2020-21,22001035,3,1610612755,2,3,1,1,1,2,0
2020-21,22001035,4,1610612754,8,10,10,2,5,0,1
2020-21,22001035,4,1610612755,4,4,3,2,1,1,1
2020-21,22001036,1,1610612741,4,0,0,0,3,0,1
2020-21,22001036,1,1610612751,3,4,2,2,1,2,0
2020-21,22001036,2,1610612741,4,4,4,2,2,0,0
2020-21,22001036,2,1610612751,7,10,7,6,0,3,1
2020-21,22001036,3,1610612741,5,4,2,1,3,2,1
2020-21,22001036,3,1610612751,3,3,2,2,1,1,0
2020-21,22001036,4,1610612741,6,6,5,4,2,1,0
2020-21,22001036,4,1610612751,6,8,8,1,4,0,1
2020-21,22001037,1,1610612742,1,2,2,1,0,0,0
2020-21,22001037,1,1610612763,3,2,1,1,2,1,0
2020-21,22001037,2,1610612742,4,2,2,1,2,0,1
2020-21,22001037,2,1610612763,4,6,6,3,0,0,1
2020-21,22001037,3,1610612742,6,9,8,5,1,1,0
2020-21,22001037,3,1610612763,5,6,6,2,3,0,0
2020-21,22001037,4,1610612742,5,6,6,2,2,0,1
2020-21,22001037,4,1610612763,3,2,2,0,2,0,0
2020-21,22001038,1,1610612749,1,2,1,1,0,1,0
2020-21,22001038,1,1610612753,1,3,1,1,0,2,0
2020-21,22001038,2,1610612749,4,3,2,2,2,1,0
2020-21,22001038,2,1610612753,4,0,0,0,3,0,1
2020-21,22001038,3,1610612749,3,4,3,2,1,1,0
2020-21,22001038,3,1610612753,2,4,2,2,0,2,0
2020-21,22001038,4,1610612749,10,18,14,7,3,4,0
2020-21,22001038,4,1610612753,6,13,11,5,1,2,0
2020-21,22001039,1,1610612744,1,0,0,0,1,0,0
2020-21,22001039,1,1610612756,2,1,0,1,1,1,0
2020-21,22001039,2,1610612744,4,4,2,3,0,2,1
2020-21,22001039,2,1610612756,5,9,8,3,2,1,0
2020-21,22001039,3,1610612744,9,11,10,5,2,1,2
2020-21,22001039,3,1610612756,7,8,8,2,4,0,1
2020-21,22001039,4,1610612744,5,5,5,2,3,0,0
2020-21,22001039,4,1610612756,4,2,2,1,3,0,0
2020-21,22001040,1,1610612758,4,6,6,3,1,0,0
2020-21,22001040,1,1610612760,5,8,8,4,1,0,0
2020-21,22001040,2,1610612758,5,4,3,2,2,1,1
2020-21,22001040,2,1610612760,4,8,5,4,0,3,0
2020-21,22001040,3,1610612758,4,5,3,3,1,2,0
2020-21,22001040,3,1610612760,6,6,3,3,2,3,1
2020-21,22001040,4,1610612758,4,4,3,2,2,1,0
2020-21,22001040,4,1610612760,5,6,3,2,3,3,0
2020-21,22001041,1,1610612747,5,3,3,1,4,0,0
2020-21,22001041,1,1610612752,4,6,6,3,1,0,0
2020-21,22001041,2,1610612747,5,5,5,4,1,0,0
2020-21,22001041,2,1610612752,3,3,3,2,1,0,0
2020-21,22001041,3,1610612747,6,9,5,4,1,4,1
2020-21,22001041,3,1610612752,6,10,8,5,1,2,0
2020-21,22001041,4,1610612747,3,0,0,0,2,0,1
2020-21,22001041,4,1610612752,2,4,4,2,0,0,0
2020-21,22001042,1,1610612737,6,12,10,4,2,2,0
2020-21,22001042,1,1610612764,7,7,6,3,4,1,0
2020-21,22001042,2,1610612737,5,6,4,2,3,2,0
2020-21,22001042,2,1610612764,4,4,4,2,2,0,0
2020-21,22001042,3,1610612737,2,0,0,0,2,0,0
2020-21,22001042,3,1610612764,4,2,2,1,3,0,0
2020-21,22001042,4,1610612737,7,10,8,4,3,2,0
2020-21,22001042,4,1610612764,4,6,4,3,0,2,1
2020-21,22001043,1,1610612751,2,3,2,2,0,1,0
2020-21,22001043,1,1610612759,3,4,2,2,1,2,0
2020-21,22001043,2,1610612751,6,7,6,3,2,1,1
2020-21,22001043,2,1610612759,3,4,3,2,1,1,0
2020-21,22001043,3,1610612751,6,9,7,5,1,2,0
2020-21,22001043,3,1610612759,7,12,10,5,2,2,0
2020-21,22001043,4,1610612751,4,8,5,4,0,3,0
2020-21,22001043,4,1610612759,5,7,7,5,0,0,0
2020-21,22001044,1,1610612738,4,4,3,2,2,1,0
2020-21,22001044,1,1610612739,3,5,3,3,0,2,0
2020-21,22001044,2,1610612738,0,0,0,0,0,0,0
2020-21,22001044,2,1610612739,5,6,6,2,3,0,0
2020-21,22001044,3,1610612738,3,4,3,3,0,1,0
2020-21,22001044,3,1610612739,6,8,7,2,4,1,0
2020-21,22001044,4,1610612738,6,6,4,2,4,2,0
2020-21,22001044,4,1610612739,7,8,6,1,6,2,0
2020-21,22001045,1,1610612757,5,4,4,2,2,0,1
2020-21,22001045,1,1610612762,4,1,1,1,3,0,0
2020-21,22001045,2,1610612757,7,9,5,3,3,4,1
2020-21,22001045,2,1610612762,5,8,5,3,2,3,0
2020-21,22001045,3,1610612757,4,2,1,1,3,1,0
2020-21,22001045,3,1610612762,4,6,5,3,1,1,0
2020-21,22001045,4,1610612757,5,2,2,1,3,0,1
2020-21,22001045,4,1610612762,4,6,5,3,1,1,0
2020-21,22001046,1,1610612745,3,4,3,2,1,1,0
2020-21,22001046,1,1610612747,4,3,2,3,1,1,0
2020-21,22001046,2,1610612745,4,8,4,3,0,4,0
2020-21,22001046,2,1610612747,2,1,1,1,1,0,0
2020-21,22001046,3,1610612745,6,11,8,4,1,3,1
2020-21,22001046,3,1610612747,8,12,7,6,0,5,2
2020-21,22001046,4,1610612745,5,4,3,2,3,1,0
2020-21,22001046,4,1610612747,5,6,3,2,3,3,0
2020-21,22001047,1,1610612746,1,2,2,1,0,0,0
2020-21,22001047,1,1610612766,2,3,3,1,0,0,1
2020-21,22001047,2,1610612746,4,5,2,2,2,3,0
2020-21,22001047,2,1610612766,6,6,5,2,3,1,1
2020-21,22001047,3,1610612746,6,7,6,3,2,1,1
2020-21,22001047,3,1610612766,2,2,2,1,1,0,0
2020-21,22001047,4,1610612746,4,2,2,1,2,0,1
2020-21,22001047,4,1610612766,5,8,5,3,2,3,0
2020-21,22001048,1,1610612749,3,4,3,2,1,1,0
2020-21,22001048,1,1610612754,1,2,2,1,0,0,0
2020-21,22001048,2,1610612749,6,6,5,2,4,1,0
2020-21,22001048,2,1610612754,2,2,1,1,1,1,0
2020-21,22001048,3,1610612749,5,7,5,3,1,2,1
2020-21,22001048,3,1610612754,4,7,5,3,1,2,0
2020-21,22001048,4,1610612749,8,14,10,6,2,4,0
2020-21,22001048,4,1610612754,2,4,4,2,0,0,0
2020-21,22001049,1,1610612737,4,8,7,4,0,1,0
2020-21,22001049,1,1610612753,1,0,0,0,1,0,0
2020-21,22001049,2,1610612737,2,5,5,1,1,0,0
2020-21,22001049,2,1610612753,5,4,3,2,3,1,0
2020-21,22001049,3,1610612737,7,9,7,4,3,2,0
2020-21,22001049,3,1610612753,5,7,5,2,3,2,0
2020-21,22001049,4,1610612737,3,2,1,0,2,1,1
2020-21,22001049,4,1610612753,3,4,2,2,1,2,0
2020-21,22001050,1,1610612748,5,6,6,3,2,0,0
2020-21,22001050,1,1610612755,6,7,6,3,2,1,0
2020-21,22001050,2,1610612748,3,0,0,0,2,0,1
2020-21,22001050,2,1610612755,3,5,3,2,0,2,0
2020-21,22001050,3,1610612748,2,2,2,1,1,0,0
2020-21,22001050,3,1610612755,2,4,3,1,1,1,0
2020-21,22001050,4,1610612748,4,3,3,2,2,0,0
2020-21,22001050,4,1610612755,4,4,3,2,1,1,1
2020-21,22001051,1,1610612741,2,2,1,1,1,1,0
2020-21,22001051,1,1610612761,2,0,0,0,2,0,0
2020-21,22001051,2,1610612741,3,4,2,2,1,2,0
2020-21,22001051,2,1610612761,8,10,7,6,1,3,1
2020-21,22001051,3,1610612741,3,4,4,2,1,0,0
2020-21,22001051,3,1610612761,2,3,2,2,0,1,0
2020-21,22001051,4,1610612741,4,0,0,0,4,0,0
2020-21,22001051,4,1610612761,3,5,1,3,0,4,0
2020-21,22001052,1,1610612743,2,0,0,0,2,0,0
2020-21,22001052,1,1610612750,3,4,2,2,1,2,0
2020-21,22001052,2,1610612743,3,3,3,2,1,0,0
2020-21,22001052,2,1610612750,5,10,6,3,2,4,0
2020-21,22001052,3,1610612743,5,4,3,1,4,1,0
2020-21,22001052,3,1610612750,5,9,6,4,1,3,0
2020-21,22001052,4,1610612743,4,4,4,1,2,0,1
2020-21,22001052,4,1610612750,8,9,5,2,5,4,0
2020-21,22001053,1,1610612756,3,5,5,3,0,0,0
2020-21,22001053,1,1610612757,2,2,2,0,2,0,0
2020-21,22001053,2,1610612756,3,6,6,3,0,0,0
2020-21,22001053,2,1610612757,4,2,2,1,1,0,2
2020-21,22001053,3,1610612756,3,5,5,2,0,0,1
2020-21,22001053,3,1610612757,2,2,2,1,1,0,0
2020-21,22001053,4,1610612756,6,10,7,4,1,3,1
2020-21,22001053,4,1610612757,9,12,8,3,6,4,0
2020-21,22001054,1,1610612743,4,6,5,3,1,1,0
2020-21,22001054,1,1610612765,2,4,3,2,0,1,0
2020-21,22001054,2,1610612743,2,1,1,1,1,0,0
2020-21,22001054,2,1610612765,5,7,5,3,2,2,0
2020-21,22001054,3,1610612743,4,3,3,1,3,0,0
2020-21,22001054,3,1610612765,4,5,4,3,1,1,0
2020-21,22001054,4,1610612743,3,4,2,2,1,2,0
2020-21,22001054,4,1610612765,5,7,5,3,2,2,0
2020-21,22001055,1,1610612753,4,0,0,0,4,0,0
2020-21,22001055,1,1610612755,5,9,8,3,2,1,0
2020-21,22001055,2,1610612753,6,8,3,3,3,5,0
2020-21,22001055,2,1610612755,5,6,6,2,2,0,0
2020-21,22001055,3,1610612753,6,9,8,5,1,1,0
2020-21,22001055,3,1610612755,3,3,3,2,1,0,0
2020-21,22001055,4,1610612753,8,11,10,5,3,1,0
2020-21,22001055,4,1610612755,2,1,1,1,1,0,0
2020-21,22001056,1,1610612760,5,4,3,2,3,1,0
2020-21,22001056,1,1610612762,5,7,6,3,1,1,1
2020-21,22001056,2,1610612760,3,2,2,1,2,0,0
2020-21,22001056,2,1610612762,5,6,4,2,3,2,0
2020-21,22001056,3,1610612760,2,0,0,0,2,0,0
2020-21,22001056,3,1610612762,4,6,5,3,1,1,0
2020-21,22001056,4,1610612760,7,10,10,5,2,0,0
2020-21,22001056,4,1610612762,4,2,1,1,3,1,0
2020-21,22001057,1,1610612742,3,6,6,3,0,0,0
2020-21,22001057,1,1610612761,2,0,0,0,2,0,0
2020-21,22001057,2,1610612742,2,2,1,1,1,1,0
2020-21,22001057,2,1610612761,5,7,4,3,2,3,0
2020-21,22001057,3,1610612742,4,9,8,3,0,1,0
2020-21,22001057,3,1610612761,6,5,4,3,3,1,0
2020-21,22001057,4,1610612742,5,4,4,0,5,0,0
2020-21,22001057,4,1610612761,5,5,5,3,2,0,0
2020-21,22001058,1,1610612745,2,3,1,2,0,2,0
2020-21,22001058,1,1610612746,4,5,4,3,0,1,1
2020-21,22001058,2,1610612745,2,4,4,2,0,0,0
2020-21,22001058,2,1610612746,5,4,4,1,3,0,1
2020-21,22001058,3,1610612745,5,5,4,3,2,1,0
2020-21,22001058,3,1610612746,4,1,1,1,3,0,0
2020-21,22001058,4,1610612745,5,10,7,4,1,3,0
2020-21,22001058,4,1610612746,3,5,5,3,0,0,0
2020-21,22001059,1,1610612740,4,2,1,1,3,1,0
2020-21,22001059,1,1610612744,3,4,3,2,1,1,0
2020-21,22001059,2,1610612740,6,9,4,5,0,5,1
2020-21,22001059,2,1610612744,6,8,7,3,2,1,1
2020-21,22001059,3,1610612740,5,8,6,5,0,2,0
2020-21,22001059,3,1610612744,11,13,9,5,4,4,1
2020-21,22001059,4,1610612740,5,9,8,5,0,1,0
2020-21,22001059,4,1610612744,4,5,5,1,3,0,0
2020-21,22001060,1,1610612741,3,3,1,2,1,2,0
2020-21,22001060,1,1610612751,2,4,3,2,0,1,0
2020-21,22001060,2,1610612741,5,6,5,3,2,1,0
2020-21,22001060,2,1610612751,6,5,4,2,4,1,0
2020-21,22001060,3,1610612741,3,2,2,0,2,0,0
2020-21,22001060,3,1610612751,3,4,1,2,1,3,0
2020-21,22001060,4,1610612741,5,6,4,3,2,2,0
2020-21,22001060,4,1610612751,1,2,1,1,0,1,0
2020-21,22001061,1,1610612747,3,6,4,3,0,2,0
2020-21,22001061,1,1610612754,3,5,3,3,0,2,0
2020-21,22001061,2,1610612747,9,14,12,7,2,2,0
2020-21,22001061,2,1610612754,4,5,4,2,2,1,0
2020-21,22001061,3,1610612747,4,6,5,3,1,1,0
2020-21,22001061,3,1610612754,3,3,2,2,1,1,0
2020-21,22001061,4,1610612747,6,10,8,3,2,2,1
2020-21,22001061,4,1610612754,5,6,5,3,1,1,1
2020-21,22001062,1,1610612748,3,2,2,1,1,0,1
2020-21,22001062,1,1610612749,6,8,6,4,1,2,1
2020-21,22001062,2,1610612748,2,2,1,1,1,1,0
2020-21,22001062,2,1610612749,5,5,3,1,4,2,0
2020-21,22001062,3,1610612748,5,3,2,1,2,1,2
2020-21,22001062,3,1610612749,4,8,6,4,0,2,0
2020-21,22001062,4,1610612748,4,1,1,1,3,0,0
2020-21,22001062,4,1610612749,3,3,2,2,0,1,1
2020-21,22001063,1,1610612738,3,3,3,1,1,0,1
2020-21,22001063,1,1610612750,4,6,5,4,0,1,0
2020-21,22001063,2,1610612738,3,5,4,2,1,1,0
2020-21,22001063,2,1610612750,5,6,4,2,3,2,0
2020-21,22001063,3,1610612738,6,6,4,2,2,2,2
2020-21,22001063,3,1610612750,7,14,10,7,0,4,0
2020-21,22001063,4,1610612738,5,4,3,3,1,1,1
2020-21,22001063,4,1610612750,7,8,6,6,1,2,0
2020-21,22001064,1,1610612752,3,5,5,1,2,0,0
2020-21,22001064,1,1610612766,6,7,7,4,2,0,0
2020-21,22001064,2,1610612752,4,4,2,2,2,2,0
2020-21,22001064,2,1610612766,4,5,4,2,2,1,0
2020-21,22001064,3,1610612752,4,2,1,1,2,1,0
2020-21,22001064,3,1610612766,5,7,6,3,2,1,0
2020-21,22001064,4,1610612752,4,2,2,1,3,0,0
2020-21,22001064,4,1610612766,5,5,1,3,2,4,0
2020-21,22001065,1,1610612756,4,4,4,2,2,0,0
2020-21,22001065,1,1610612759,1,0,0,0,1,0,0
2020-21,22001065,2,1610612756,2,4,4,1,1,0,0
2020-21,22001065,2,1610612759,8,14,13,6,2,1,0
2020-21,22001065,3,1610612756,5,8,8,5,0,0,0
2020-21,22001065,3,1610612759,3,6,4,3,0,2,0
2020-21,22001065,4,1610612756,4,6,5,3,1,1,0
2020-21,22001065,4,1610612759,3,4,4,3,0,0,0
2020-21,22001066,1,1610612737,6,9,8,5,1,1,0
2020-21,22001066,1,1610612745,5,8,6,5,0,2,0
2020-21,22001066,2,1610612737,6,9,7,5,1,2,0
2020-21,22001066,2,1610612745,5,8,6,3,2,2,0
2020-21,22001066,3,1610612737,5,7,4,3,0,3,2
2020-21,22001066,3,1610612745,2,2,2,1,1,0,0
2020-21,22001066,4,1610612737,1,1,0,1,0,1,0
2020-21,22001066,4,1610612745,3,2,1,1,1,1,1
2020-21,22001067,1,1610612739,4,7,5,4,0,2,0
2020-21,22001067,1,1610612751,3,2,1,1,2,1,0
2020-21,22001067,2,1610612739,4,3,3,2,2,0,0
2020-21,22001067,2,1610612751,4,5,3,3,1,2,0
2020-21,22001067,3,1610612739,6,11,6,5,1,5,0
2020-21,22001067,3,1610612751,6,10,9,4,0,1,1
2020-21,22001067,4,1610612739,6,10,7,6,0,3,0
2020-21,22001067,4,1610612751,1,0,0,0,1,0,0
2020-21,22001068,1,1610612741,2,2,1,1,1,1,0
2020-21,22001068,1,1610612749,3,2,1,1,2,1,0
2020-21,22001068,2,1610612741,2,2,2,1,1,0,0
2020-21,22001068,2,1610612749,7,14,12,4,2,2,0
2020-21,22001068,3,1610612741,5,5,4,3,1,1,1
2020-21,22001068,3,1610612749,2,4,3,2,0,1,0
2020-21,22001068,4,1610612741,7,10,7,2,5,3,0
2020-21,22001068,4,1610612749,8,12,8,4,3,4,1
2020-21,22001069,1,1610612748,3,4,0,2,1,4,0
2020-21,22001069,1,1610612765,4,5,4,3,1,1,0
2020-21,22001069,2,1610612748,10,11,8,4,6,3,0
2020-21,22001069,2,1610612765,6,7,5,4,2,2,0
2020-21,22001069,3,1610612748,3,2,2,1,2,0,0
2020-21,22001069,3,1610612765,4,3,3,2,2,0,0
2020-21,22001069,4,1610612748,2,3,3,2,0,0,0
2020-21,22001069,4,1610612765,3,7,4,1,0,3,0
2020-21,22001070,1,1610612744,4,4,4,2,2,0,0
2020-21,22001070,1,1610612763,4,6,4,3,1,2,0
2020-21,22001070,2,1610612744,4,4,3,2,1,1,1
2020-21,22001070,2,1610612763,4,6,5,3,0,1,1
2020-21,22001070,3,1610612744,3,1,1,1,2,0,0
2020-21,22001070,3,1610612763,4,0,0,0,4,0,0
2020-21,22001070,4,1610612744,8,9,8,1,6,1,0
2020-21,22001070,4,1610612763,6,7,6,4,1,1,1
2020-21,22001071,1,1610612742,6,5,4,1,4,1,1
2020-21,22001071,1,1610612750,5,7,6,3,2,1,0
2020-21,22001071,2,1610612742,3,1,1,1,2,0,0
2020-21,22001071,2,1610612750,6,7,5,4,2,2,0
2020-21,22001071,3,1610612742,4,7,7,3,0,0,1
2020-21,22001071,3,1610612750,3,5,5,3,0,0,0
2020-21,22001071,4,1610612742,6,7,5,3,3,2,0
2020-21,22001071,4,1610612750,3,6,5,3,0,1,0
2020-21,22001072,1,1610612740,3,2,1,1,2,1,0
2020-21,22001072,1,1610612747,3,2,2,1,2,0,0
2020-21,22001072,2,1610612740,2,5,5,2,0,0,0
2020-21,22001072,2,1610612747,5,6,2,2,1,4,2
2020-21,22001072,3,1610612740,7,12,7,5,2,5,0
2020-21,22001072,3,1610612747,5,5,4,3,1,1,1
2020-21,22001072,4,1610612740,2,2,2,1,1,0,0
2020-21,22001072,4,1610612747,3,2,1,1,2,1,0
2020-21,22001073,1,1610612738,4,4,3,2,1,1,1
2020-21,22001073,1,1610612752,4,4,3,2,1,1,1
2020-21,22001073,2,1610612738,5,6,5,3,2,1,0
2020-21,22001073,2,1610612752,7,6,5,2,4,1,1
2020-21,22001073,3,1610612738,3,1,1,1,2,0,0
2020-21,22001073,3,1610612752,4,7,6,4,0,1,0
2020-21,22001073,4,1610612738,4,4,2,2,1,2,1
2020-21,22001073,4,1610612752,4,2,1,0,4,1,0
2020-21,22001074,1,1610612746,0,0,0,0,0,0,0
2020-21,22001074,1,1610612760,1,0,0,0,1,0,0
2020-21,22001074,2,1610612746,6,12,9,5,1,3,0
2020-21,22001074,2,1610612760,4,5,3,3,1,2,0
2020-21,22001074,3,1610612746,3,3,3,2,1,0,0
2020-21,22001074,3,1610612760,3,5,2,2,1,3,0
2020-21,22001074,4,1610612746,0,0,0,0,0,0,0
2020-21,22001074,4,1610612760,6,6,4,3,1,2,2
2020-21,22001075,1,1610612753,3,2,2,2,1,0,0
2020-21,22001075,1,1610612755,1,1,1,1,0,0,0
2020-21,22001075,2,1610612753,8,16,15,7,1,1,0
2020-21,22001075,2,1610612755,4,3,2,1,2,1,0
2020-21,22001075,3,1610612753,7,13,10,4,2,3,1
2020-21,22001075,3,1610612755,4,6,4,2,1,2,0
2020-21,22001075,4,1610612753,8,10,8,2,6,2,0
2020-21,22001075,4,1610612755,9,13,10,5,3,3,0
2020-21,22001076,1,1610612743,2,2,2,2,0,0,0
2020-21,22001076,1,1610612757,3,4,4,2,1,0,0
2020-21,22001076,2,1610612743,5,5,5,1,4,0,0
2020-21,22001076,2,1610612757,9,13,10,6,2,3,1
2020-21,22001076,3,1610612743,2,2,2,1,1,0,0
2020-21,22001076,3,1610612757,5,4,3,3,1,1,1
2020-21,22001076,4,1610612743,5,6,5,3,2,1,0
2020-21,22001076,4,1610612757,3,5,5,3,0,0,0
2020-21,22001077,1,1610612758,3,1,1,1,2,0,0
2020-21,22001077,1,1610612762,5,3,2,1,3,1,1
2020-21,22001077,2,1610612758,2,5,2,2,0,3,0
2020-21,22001077,2,1610612762,6,4,4,2,4,0,0
2020-21,22001077,3,1610612758,4,2,2,1,3,0,0
2020-21,22001077,3,1610612762,3,4,4,2,1,0,0
2020-21,22001077,4,1610612758,5,2,1,1,3,1,0
2020-21,22001077,4,1610612762,7,14,11,6,1,3,0
2020-21,22001078,1,1610612756,1,0,0,0,1,0,0
2020-21,22001078,1,1610612759,3,6,4,3,0,2,0
2020-21,22001078,2,1610612756,2,2,2,1,1,0,0
2020-21,22001078,2,1610612759,4,6,4,3,0,2,0
2020-21,22001078,3,1610612756,3,0,0,0,2,0,1
2020-21,22001078,3,1610612759,1,2,2,1,0,0,0
2020-21,22001078,4,1610612756,2,2,2,1,1,0,0
2020-21,22001078,4,1610612759,4,5,4,3,1,1,0
2020-21,22001079,1,1610612754,1,2,2,1,0,0,0
2020-21,22001079,1,1610612761,1,2,1,1,0,1,0
2020-21,22001079,2,1610612754,5,8,7,3,1,1,1
2020-21,22001079,2,1610612761,11,17,15,9,2,2,0
2020-21,22001079,3,1610612754,5,8,5,4,1,3,0
2020-21,22001079,3,1610612761,2,2,2,1,0,0,1
2020-21,22001079,4,1610612754,1,0,0,0,1,0,0
2020-21,22001079,4,1610612761,4,8,5,4,0,3,0
2020-21,22001080,1,1610612764,2,2,1,1,1,1,0
2020-21,22001080,1,1610612766,4,6,5,4,0,1,0
2020-21,22001080,2,1610612764,4,5,3,1,3,2,0
2020-21,22001080,2,1610612766,4,3,2,2,2,1,0
2020-21,22001080,3,1610612764,2,4,4,2,0,0,0
2020-21,22001080,3,1610612766,5,10,10,4,0,0,0
2020-21,22001080,4,1610612764,6,10,9,4,2,1,0
2020-21,22001080,4,1610612766,4,5,5,3,1,0,0
