season,game_id,period,team_id,FOUL,FTA,FTM,SHOT_FOUL_DRAWN,PERS_FOUL_DRAWN,MISS_FT,LOOSE_BALL_FOUL_DRAWN
2017-18,21700001,1,1610612738,3,1,1,1,2,0,0
2017-18,21700001,1,1610612739,5,6,6,4,1,0,0
2017-18,21700001,2,1610612738,5,3,3,0,4,0,1
2017-18,21700001,2,1610612739,7,8,6,2,3,2,2
2017-18,21700001,3,1610612738,8,11,5,6,2,6,0
2017-18,21700001,3,1610612739,5,5,3,1,3,2,1
2017-18,21700001,4,1610612738,6,10,10,3,2,0,0
2017-18,21700001,4,1610612739,5,6,6,2,3,0,0
2017-18,21700002,1,1610612744,5,6,6,2,3,0,0
2017-18,21700002,1,1610612745,7,7,6,3,3,1,1
2017-18,21700002,2,1610612744,6,9,8,3,2,1,0
2017-18,21700002,2,1610612745,5,4,2,1,3,2,1
2017-18,21700002,3,1610612744,3,4,4,2,1,0,0
2017-18,21700002,3,1610612745,6,4,2,3,3,2,0
2017-18,21700002,4,1610612744,2,2,1,1,0,1,1
2017-18,21700002,4,1610612745,5,4,3,3,2,1,0
2017-18,21700003,1,1610612765,3,2,1,2,1,1,0
2017-18,21700003,1,1610612766,7,12,11,5,2,1,0
2017-18,21700003,2,1610612765,5,5,5,4,0,0,0
2017-18,21700003,2,1610612766,4,5,2,2,2,3,0
2017-18,21700003,3,1610612765,3,3,3,2,1,0,0
2017-18,21700003,3,1610612766,4,4,3,2,2,1,0
2017-18,21700003,4,1610612765,5,2,2,0,5,0,0
2017-18,21700003,4,1610612766,6,8,7,3,3,1,0
2017-18,21700004,1,1610612751,4,5,5,3,1,0,0
2017-18,21700004,1,1610612754,3,6,5,3,0,1,0
2017-18,21700004,2,1610612751,3,2,2,1,1,0,1
2017-18,21700004,2,1610612754,6,9,7,4,2,2,0
2017-18,21700004,3,1610612751,10,17,15,6,4,2,0
2017-18,21700004,3,1610612754,4,5,4,3,0,1,1
2017-18,21700004,4,1610612751,6,8,7,3,3,1,0
2017-18,21700004,4,1610612754,9,12,9,5,3,3,1
2017-18,21700005,1,1610612748,5,10,6,4,1,4,0
2017-18,21700005,1,1610612753,5,8,7,4,1,1,0
2017-18,21700005,2,1610612748,2,1,1,1,1,0,0
2017-18,21700005,2,1610612753,4,6,4,3,1,2,0
2017-18,21700005,3,1610612748,5,3,3,2,3,0,0
2017-18,21700005,3,1610612753,6,10,7,3,3,3,0
2017-18,21700005,4,1610612748,3,3,3,2,1,0,0
2017-18,21700005,4,1610612753,4,5,4,2,2,1,0
2017-18,21700006,1,1610612755,6,7,5,4,2,2,0
2017-18,21700006,1,1610612764,3,2,2,1,2,0,0
2017-18,21700006,2,1610612755,3,4,3,2,1,1,0
2017-18,21700006,2,1610612764,5,8,7,4,1,1,0
2017-18,21700006,3,1610612755,5,4,4,1,4,0,0
2017-18,21700006,3,1610612764,8,12,11,5,3,1,0
2017-18,21700006,4,1610612755,4,4,2,2,2,2,0
2017-18,21700006,4,1610612764,10,16,10,5,5,6,0
2017-18,21700007,1,1610612738,4,3,2,2,2,1,0
2017-18,21700007,1,1610612749,5,4,3,2,3,1,0
2017-18,21700007,2,1610612738,6,9,5,3,3,4,0
2017-18,21700007,2,1610612749,8,7,6,3,4,1,1
2017-18,21700007,3,1610612738,3,3,2,2,0,1,1
2017-18,21700007,3,1610612749,5,6,4,3,2,2,0
2017-18,21700007,4,1610612738,6,6,2,2,4,4,0
2017-18,21700007,4,1610612749,8,13,12,4,4,1,0
2017-18,21700008,1,1610612740,5,6,4,2,3,2,0
2017-18,21700008,1,1610612763,6,9,7,3,3,2,0
2017-18,21700008,2,1610612740,7,7,7,3,4,0,0
2017-18,21700008,2,1610612763,4,2,1,0,2,1,0
2017-18,21700008,3,1610612740,5,5,4,3,2,1,0
2017-18,21700008,3,1610612763,9,9,4,3,5,5,1
2017-18,21700008,4,1610612740,8,11,9,3,5,2,0
2017-18,21700008,4,1610612763,7,8,4,1,5,4,0
2017-18,21700009,1,1610612737,3,3,2,2,1,1,0
2017-18,21700009,1,1610612742,2,0,0,0,2,0,0
2017-18,21700009,2,1610612737,5,3,3,2,3,0,0
2017-18,21700009,2,1610612742,8,14,12,4,3,2,1
2017-18,21700009,3,1610612737,4,2,2,1,3,0,0
2017-18,21700009,3,1610612742,3,3,3,2,1,0,0
2017-18,21700009,4,1610612737,6,7,5,2,4,2,0
2017-18,21700009,4,1610612742,2,4,3,2,0,1,0
2017-18,21700010,1,1610612743,3,5,5,3,0,0,0
2017-18,21700010,1,1610612762,3,2,2,1,2,0,0
2017-18,21700010,2,1610612743,3,2,2,1,2,0,0
2017-18,21700010,2,1610612762,1,1,1,0,1,0,0
2017-18,21700010,3,1610612743,3,3,3,2,1,0,0
2017-18,21700010,3,1610612762,4,4,4,2,1,0,1
2017-18,21700010,4,1610612743,4,2,1,1,3,1,0
2017-18,21700010,4,1610612762,6,9,8,4,2,1,0
2017-18,21700011,1,1610612750,3,5,2,2,1,3,0
2017-18,21700011,1,1610612759,2,4,3,2,0,1,0
2017-18,21700011,2,1610612750,7,10,8,4,2,2,1
2017-18,21700011,2,1610612759,4,4,3,2,2,1,0
2017-18,21700011,3,1610612750,3,3,3,2,1,0,0
2017-18,21700011,3,1610612759,6,9,9,4,2,0,0
2017-18,21700011,4,1610612750,4,5,4,4,0,1,0
2017-18,21700011,4,1610612759,4,2,2,1,2,0,1
2017-18,21700012,1,1610612756,5,4,4,1,3,0,1
2017-18,21700012,1,1610612757,2,2,1,1,1,1,0
2017-18,21700012,2,1610612756,4,4,2,3,0,2,1
2017-18,21700012,2,1610612757,5,9,8,3,1,1,1
2017-18,21700012,3,1610612756,4,6,5,3,1,1,0
2017-18,21700012,3,1610612757,6,10,8,3,2,2,1
2017-18,21700012,4,1610612756,4,4,2,2,0,2,2
2017-18,21700012,4,1610612757,6,7,5,3,2,2,0
2017-18,21700013,1,1610612745,2,4,4,2,0,0,0
2017-18,21700013,1,1610612758,2,2,2,1,1,0,0
2017-18,21700013,2,1610612745,7,10,10,5,2,0,0
2017-18,21700013,2,1610612758,3,2,2,1,2,0,0
2017-18,21700013,3,1610612745,1,2,2,1,0,0,0
2017-18,21700013,3,1610612758,1,0,0,0,0,0,1
2017-18,21700013,4,1610612745,8,13,11,3,5,2,0
2017-18,21700013,4,1610612758,6,6,4,1,5,2,0
2017-18,21700014,1,1610612741,2,0,0,0,2,0,0
2017-18,21700014,1,1610612761,2,2,1,1,1,1,0
2017-18,21700014,2,1610612741,3,5,4,2,0,1,1
2017-18,21700014,2,1610612761,6,11,11,5,1,0,0
2017-18,21700014,3,1610612741,5,6,6,3,2,0,0
2017-18,21700014,3,1610612761,5,8,7,3,2,1,0
2017-18,21700014,4,1610612741,7,7,6,4,3,1,0
2017-18,21700014,4,1610612761,7,7,7,2,4,0,1
2017-18,21700015,1,1610612752,4,2,2,1,2,0,1
2017-18,21700015,1,1610612760,7,9,6,4,2,3,1
2017-18,21700015,2,1610612752,3,2,2,1,1,0,1
2017-18,21700015,2,1610612760,6,9,7,4,2,2,0
2017-18,21700015,3,1610612752,7,6,3,1,5,3,1
2017-18,21700015,3,1610612760,3,3,2,1,1,1,1
2017-18,21700015,4,1610612752,7,9,6,4,2,3,1
2017-18,21700015,4,1610612760,4,1,1,1,3,0,0
2017-18,21700016,1,1610612746,4,6,6,3,1,0,0
2017-18,21700016,1,1610612747,4,6,4,2,1,2,0
2017-18,21700016,2,1610612746,2,3,2,1,1,1,0
2017-18,21700016,2,1610612747,3,2,1,1,2,1,0
2017-18,21700016,3,1610612746,3,0,0,0,3,0,0
2017-18,21700016,3,1610612747,6,6,3,2,4,3,0
2017-18,21700016,4,1610612746,3,4,4,2,0,0,1
2017-18,21700016,4,1610612747,6,9,6,5,1,3,0
2017-18,21700017,1,1610612737,5,5,5,2,3,0,0
2017-18,21700017,1,1610612766,5,3,2,2,3,1,0
2017-18,21700017,2,1610612737,4,7,5,2,2,2,0
2017-18,21700017,2,1610612766,7,10,10,3,4,0,0
2017-18,21700017,3,1610612737,1,0,0,0,0,0,1
2017-18,21700017,3,1610612766,9,14,10,6,3,4,0
2017-18,21700017,4,1610612737,5,2,2,0,3,0,2
2017-18,21700017,4,1610612766,4,3,2,2,2,1,0
2017-18,21700018,1,1610612754,4,4,3,2,2,1,0
2017-18,21700018,1,1610612757,2,2,1,1,1,1,0
2017-18,21700018,2,1610612754,5,10,7,5,0,3,0
2017-18,21700018,2,1610612757,6,9,8,4,2,1,0
2017-18,21700018,3,1610612754,5,7,3,4,1,4,0
2017-18,21700018,3,1610612757,3,2,2,1,2,0,0
2017-18,21700018,4,1610612754,7,12,9,5,1,3,1
2017-18,21700018,4,1610612757,4,4,2,2,1,2,0
2017-18,21700019,1,1610612738,8,8,4,3,5,4,0
2017-18,21700019,1,1610612755,5,5,5,3,1,0,1
2017-18,21700019,2,1610612738,5,4,1,2,2,3,1
2017-18,21700019,2,1610612755,7,8,5,2,5,3,0
2017-18,21700019,3,1610612738,8,13,10,4,3,3,0
2017-18,21700019,3,1610612755,3,1,1,1,2,0,0
2017-18,21700019,4,1610612738,3,7,7,3,0,0,0
2017-18,21700019,4,1610612755,3,2,1,1,2,1,0
2017-18,21700020,1,1610612764,6,7,5,3,3,2,0
2017-18,21700020,1,1610612765,3,3,2,2,1,1,0
2017-18,21700020,2,1610612764,6,6,5,3,3,1,0
2017-18,21700020,2,1610612765,4,3,3,2,2,0,0
2017-18,21700020,3,1610612764,8,13,10,5,3,3,0
2017-18,21700020,3,1610612765,5,4,1,3,2,3,0
2017-18,21700020,4,1610612764,10,9,9,4,6,0,0
2017-18,21700020,4,1610612765,6,10,9,3,1,1,2
2017-18,21700021,1,1610612739,3,7,7,2,0,0,0
2017-18,21700021,1,1610612749,3,2,1,1,1,1,1
2017-18,21700021,2,1610612739,5,4,4,2,3,0,0
2017-18,21700021,2,1610612749,1,2,2,1,0,0,0
2017-18,21700021,3,1610612739,2,2,2,1,1,0,0
2017-18,21700021,3,1610612749,3,3,3,2,1,0,0
2017-18,21700021,4,1610612739,5,4,4,2,3,0,0
2017-18,21700021,4,1610612749,3,5,4,3,0,1,0
2017-18,21700022,1,1610612751,4,4,4,3,1,0,0
2017-18,21700022,1,1610612753,2,4,4,2,0,0,0
2017-18,21700022,2,1610612751,8,12,7,5,2,5,1
2017-18,21700022,2,1610612753,4,5,3,1,3,2,0
2017-18,21700022,3,1610612751,3,6,4,3,0,2,0
2017-18,21700022,3,1610612753,3,3,3,1,2,0,0
2017-18,21700022,4,1610612751,9,13,10,3,5,3,1
2017-18,21700022,4,1610612753,4,3,3,1,2,0,1
2017-18,21700023,1,1610612750,2,2,2,1,1,0,0
2017-18,21700023,1,1610612762,3,1,0,1,2,1,0
2017-18,21700023,2,1610612750,4,6,4,3,1,2,0
2017-18,21700023,2,1610612762,4,3,2,2,2,1,0
2017-18,21700023,3,1610612750,8,9,9,4,4,0,0
2017-18,21700023,3,1610612762,3,2,2,1,1,0,1
2017-18,21700023,4,1610612750,5,9,6,3,2,3,0
2017-18,21700023,4,1610612762,6,11,10,2,2,1,0
2017-18,21700024,1,1610612742,2,4,3,2,0,1,0
2017-18,21700024,1,1610612758,2,2,2,1,1,0,0
2017-18,21700024,2,1610612742,7,6,4,1,6,2,0
2017-18,21700024,2,1610612758,4,1,1,0,4,0,0
2017-18,21700024,3,1610612742,3,4,2,2,1,2,0
2017-18,21700024,3,1610612758,4,5,4,2,2,1,0
2017-18,21700024,4,1610612742,6,7,6,4,2,1,0
2017-18,21700024,4,1610612758,3,5,2,3,0,3,0
2017-18,21700025,1,1610612740,1,2,1,1,0,1,0
2017-18,21700025,1,1610612744,1,0,0,0,1,0,0
2017-18,21700025,2,1610612740,5,5,2,2,3,3,0
2017-18,21700025,2,1610612744,7,12,8,6,1,4,0
2017-18,21700025,3,1610612740,8,9,6,3,4,3,1
2017-18,21700025,3,1610612744,3,5,5,2,1,0,0
2017-18,21700025,4,1610612740,4,6,5,4,0,1,0
2017-18,21700025,4,1610612744,4,3,3,1,3,0,0
2017-18,21700026,1,1610612747,8,13,9,7,1,4,0
2017-18,21700026,1,1610612756,6,10,5,4,2,5,0
2017-18,21700026,2,1610612747,5,9,8,3,2,1,0
2017-18,21700026,2,1610612756,5,10,8,4,1,2,0
2017-18,21700026,3,1610612747,4,6,4,2,0,2,0
2017-18,21700026,3,1610612756,7,8,6,2,5,2,0
2017-18,21700026,4,1610612747,5,5,3,0,5,2,0
2017-18,21700026,4,1610612756,11,10,7,4,7,3,0
2017-18,21700027,1,1610612755,5,6,4,3,2,2,0
2017-18,21700027,1,1610612761,10,16,14,7,3,2,0
2017-18,21700027,2,1610612755,9,12,8,5,4,4,0
2017-18,21700027,2,1610612761,8,12,10,4,2,2,2
2017-18,21700027,3,1610612755,7,8,3,2,4,5,1
2017-18,21700027,3,1610612761,3,6,4,3,0,2,0
2017-18,21700027,4,1610612755,6,10,7,3,1,3,2
2017-18,21700027,4,1610612761,2,3,3,2,0,0,0
2017-18,21700028,1,1610612739,6,2,2,2,2,0,2
2017-18,21700028,1,1610612753,2,0,0,0,1,0,1
2017-18,21700028,2,1610612739,7,10,7,4,3,3,0
2017-18,21700028,2,1610612753,4,8,6,4,0,2,0
2017-18,21700028,3,1610612739,5,4,3,2,2,1,1
2017-18,21700028,3,1610612753,3,4,4,2,0,0,1
2017-18,21700028,4,1610612739,8,11,8,3,4,3,0
2017-18,21700028,4,1610612753,4,8,7,4,0,1,0
2017-18,21700029,1,1610612748,1,1,0,1,0,1,0
2017-18,21700029,1,1610612754,5,6,5,3,2,1,0
2017-18,21700029,2,1610612748,5,2,1,1,3,1,1
2017-18,21700029,2,1610612754,1,1,1,0,1,0,0
2017-18,21700029,3,1610612748,5,5,3,3,2,2,0
2017-18,21700029,3,1610612754,6,8,5,3,3,3,0
2017-18,21700029,4,1610612748,4,6,4,1,3,2,0
2017-18,21700029,4,1610612754,5,6,4,4,1,2,0
2017-18,21700030,1,1610612752,6,9,8,5,1,1,0
2017-18,21700030,1,1610612765,4,3,3,1,1,0,1
2017-18,21700030,2,1610612752,6,10,7,5,1,3,0
2017-18,21700030,2,1610612765,5,2,2,2,3,0,0
2017-18,21700030,3,1610612752,7,8,7,2,4,1,1
2017-18,21700030,3,1610612765,4,2,2,1,3,0,0
2017-18,21700030,4,1610612752,5,4,3,1,3,1,1
2017-18,21700030,4,1610612765,6,8,7,2,3,1,1
2017-18,21700031,1,1610612741,1,0,0,0,1,0,0
2017-18,21700031,1,1610612759,4,6,5,3,1,1,0
2017-18,21700031,2,1610612741,2,2,1,1,1,1,0
2017-18,21700031,2,1610612759,5,5,2,3,2,3,0
2017-18,21700031,3,1610612741,1,0,0,0,1,0,0
2017-18,21700031,3,1610612759,4,3,1,2,1,2,1
2017-18,21700031,4,1610612741,9,7,6,5,4,1,0
2017-18,21700031,4,1610612759,1,2,2,1,0,0,0
2017-18,21700032,1,1610612742,4,1,1,0,4,0,0
2017-18,21700032,1,1610612745,5,5,3,4,1,2,0
2017-18,21700032,2,1610612742,7,6,3,1,3,3,3
2017-18,21700032,2,1610612745,3,3,3,2,1,0,0
2017-18,21700032,3,1610612742,4,7,6,4,0,1,0
2017-18,21700032,3,1610612745,7,12,10,5,2,2,0
2017-18,21700032,4,1610612742,5,7,6,4,0,1,1
2017-18,21700032,4,1610612745,4,2,2,1,3,0,0
2017-18,21700033,1,1610612744,7,7,7,3,3,0,1
2017-18,21700033,1,1610612763,4,8,5,4,0,3,0
2017-18,21700033,2,1610612744,6,10,6,4,2,4,0
2017-18,21700033,2,1610612763,7,9,6,3,4,3,0
2017-18,21700033,3,1610612744,6,6,6,2,4,0,0
2017-18,21700033,3,1610612763,7,10,9,3,3,1,1
2017-18,21700033,4,1610612744,5,4,4,1,3,0,1
2017-18,21700033,4,1610612763,7,10,9,2,5,1,0
2017-18,21700034,1,1610612749,3,5,4,2,0,1,1
2017-18,21700034,1,1610612757,4,8,8,4,0,0,0
2017-18,21700034,2,1610612749,5,9,8,4,1,1,0
2017-18,21700034,2,1610612757,4,7,6,3,1,1,0
2017-18,21700034,3,1610612749,6,7,4,3,3,3,0
2017-18,21700034,3,1610612757,7,8,6,2,4,2,1
2017-18,21700034,4,1610612749,6,9,6,3,3,3,0
2017-18,21700034,4,1610612757,7,12,11,4,3,1,0
2017-18,21700035,1,1610612743,6,7,3,1,4,4,1
2017-18,21700035,1,1610612758,3,1,1,1,2,0,0
2017-18,21700035,2,1610612743,5,4,2,2,3,2,0
2017-18,21700035,2,1610612758,5,5,3,1,4,2,0
2017-18,21700035,3,1610612743,4,3,2,2,2,1,0
2017-18,21700035,3,1610612758,4,0,0,0,4,0,0
2017-18,21700035,4,1610612743,5,6,5,2,3,1,0
2017-18,21700035,4,1610612758,5,7,5,4,0,2,1
2017-18,21700036,1,1610612760,5,2,2,0,3,0,2
2017-18,21700036,1,1610612762,5,4,2,2,1,2,2
2017-18,21700036,2,1610612760,7,6,4,2,4,2,1
2017-18,21700036,2,1610612762,4,3,3,1,3,0,0
2017-18,21700036,3,1610612760,3,6,2,3,0,4,0
2017-18,21700036,3,1610612762,4,2,2,0,4,0,0
2017-18,21700036,4,1610612760,6,5,4,3,3,1,0
2017-18,21700036,4,1610612762,3,5,4,2,1,1,0
2017-18,21700037,1,1610612746,4,0,0,0,4,0,0
2017-18,21700037,1,1610612756,6,6,5,2,4,1,0
2017-18,21700037,2,1610612746,6,10,9,5,1,1,0
2017-18,21700037,2,1610612756,6,6,5,3,1,1,2
2017-18,21700037,3,1610612746,7,12,8,4,3,4,0
2017-18,21700037,3,1610612756,10,10,6,3,7,4,0
2017-18,21700037,4,1610612746,6,8,5,4,2,3,0
2017-18,21700037,4,1610612756,9,16,12,6,3,4,0
2017-18,21700038,1,1610612737,6,10,10,4,2,0,0
2017-18,21700038,1,1610612751,2,4,3,2,0,1,0
2017-18,21700038,2,1610612737,6,9,8,4,1,1,1
2017-18,21700038,2,1610612751,6,9,4,5,1,5,0
2017-18,21700038,3,1610612737,6,10,9,4,2,1,0
2017-18,21700038,3,1610612751,7,10,10,4,3,0,0
2017-18,21700038,4,1610612737,5,7,6,3,2,1,0
2017-18,21700038,4,1610612751,8,11,6,4,2,5,2
2017-18,21700039,1,1610612750,3,2,1,0,3,1,0
2017-18,21700039,1,1610612760,3,1,1,1,1,0,1
2017-18,21700039,2,1610612750,5,7,6,4,1,1,0
2017-18,21700039,2,1610612760,4,4,2,2,2,2,0
2017-18,21700039,3,1610612750,6,6,5,2,4,1,0
2017-18,21700039,3,1610612760,5,7,3,3,2,4,0
2017-18,21700039,4,1610612750,5,8,7,4,1,1,0
2017-18,21700039,4,1610612760,4,4,4,3,0,0,1
2017-18,21700040,1,1610612740,6,5,5,2,3,0,1
2017-18,21700040,1,1610612747,5,6,5,2,3,1,0
2017-18,21700040,2,1610612740,4,2,2,1,2,0,1
2017-18,21700040,2,1610612747,4,3,3,2,2,0,0
2017-18,21700040,3,1610612740,8,10,5,5,2,5,1
2017-18,21700040,3,1610612747,4,6,4,3,1,2,0
2017-18,21700040,4,1610612740,5,4,3,1,3,1,1
2017-18,21700040,4,1610612747,5,5,3,2,1,2,2
2017-18,21700041,1,1610612755,3,6,6,3,0,0,0
2017-18,21700041,1,1610612765,3,4,2,1,2,2,0
2017-18,21700041,2,1610612755,5,3,2,0,5,1,0
2017-18,21700041,2,1610612765,3,1,1,1,2,0,0
2017-18,21700041,3,1610612755,7,9,4,3,4,5,0
2017-18,21700041,3,1610612765,9,12,9,4,5,3,0
2017-18,21700041,4,1610612755,6,6,6,3,3,0,0
2017-18,21700041,4,1610612765,4,2,2,1,3,0,0
2017-18,21700042,1,1610612737,2,4,4,2,0,0,0
2017-18,21700042,1,1610612748,2,2,0,1,1,2,0
2017-18,21700042,2,1610612737,3,4,2,2,1,2,0
2017-18,21700042,2,1610612748,1,1,1,0,1,0,0
2017-18,21700042,3,1610612737,6,8,6,4,1,2,1
2017-18,21700042,3,1610612748,5,4,2,1,2,2,1
2017-18,21700042,4,1610612737,3,2,2,1,2,0,0
2017-18,21700042,4,1610612748,8,11,9,4,4,2,0
2017-18,21700043,1,1610612745,6,7,4,4,2,3,0
2017-18,21700043,1,1610612763,5,6,6,3,2,0,0
2017-18,21700043,2,1610612745,5,8,7,3,2,1,0
2017-18,21700043,2,1610612763,8,13,12,4,4,1,0
2017-18,21700043,3,1610612745,4,5,4,3,1,1,0
2017-18,21700043,3,1610612763,7,10,9,4,3,1,0
2017-18,21700043,4,1610612745,4,3,2,2,2,1,0
2017-18,21700043,4,1610612763,6,8,7,3,3,1,0
2017-18,21700044,1,1610612749,4,1,1,1,3,0,0
2017-18,21700044,1,1610612766,6,9,2,3,3,7,0
2017-18,21700044,2,1610612749,4,2,1,1,3,1,0
2017-18,21700044,2,1610612766,9,13,10,4,4,3,1
2017-18,21700044,3,1610612749,6,5,5,2,4,0,0
2017-18,21700044,3,1610612766,5,8,6,3,2,2,0
2017-18,21700044,4,1610612749,7,8,7,2,3,1,2
2017-18,21700044,4,1610612766,5,6,3,3,1,3,1
2017-18,21700045,1,1610612742,7,11,7,3,4,4,0
2017-18,21700045,1,1610612744,7,12,10,4,3,2,0
2017-18,21700045,2,1610612742,6,9,6,3,2,3,1
2017-18,21700045,2,1610612744,4,3,3,2,1,0,1
2017-18,21700045,3,1610612742,3,4,1,2,1,3,0
2017-18,21700045,3,1610612744,2,5,4,2,0,1,0
2017-18,21700045,4,1610612742,4,6,4,3,1,2,0
2017-18,21700045,4,1610612744,6,6,5,4,1,1,1
2017-18,21700046,1,1610612759,7,7,4,2,4,3,1
2017-18,21700046,1,1610612761,3,0,0,0,3,0,0
2017-18,21700046,2,1610612759,5,6,5,1,4,1,0
2017-18,21700046,2,1610612761,7,10,6,5,1,4,1
2017-18,21700046,3,1610612759,4,3,2,2,2,1,0
2017-18,21700046,3,1610612761,5,10,9,3,2,1,0
2017-18,21700046,4,1610612759,8,7,5,1,7,2,0
2017-18,21700046,4,1610612761,6,4,4,1,4,0,0
2017-18,21700047,1,1610612743,3,2,1,1,2,1,0
2017-18,21700047,1,1610612764,2,2,2,1,1,0,0
2017-18,21700047,2,1610612743,7,8,7,2,5,1,0
2017-18,21700047,2,1610612764,7,7,6,2,5,1,0
2017-18,21700047,3,1610612743,3,5,2,2,1,3,0
2017-18,21700047,3,1610612764,5,5,5,3,2,0,0
2017-18,21700047,4,1610612743,6,8,8,3,3,0,0
2017-18,21700047,4,1610612764,8,14,13,4,3,1,1
2017-18,21700048,1,1610612756,4,4,4,1,2,0,1
2017-18,21700048,1,1610612758,2,0,0,0,2,0,0
2017-18,21700048,2,1610612756,5,2,2,1,4,0,0
2017-18,21700048,2,1610612758,7,12,7,3,3,5,1
2017-18,21700048,3,1610612756,8,9,8,3,4,1,1
2017-18,21700048,3,1610612758,7,8,5,4,2,3,1
2017-18,21700048,4,1610612756,8,12,9,3,5,3,0
2017-18,21700048,4,1610612758,8,9,8,4,4,1,0
2017-18,21700049,1,1610612739,4,4,4,2,2,0,0
2017-18,21700049,1,1610612741,2,3,3,2,0,0,0
2017-18,21700049,2,1610612739,3,2,2,2,1,0,0
2017-18,21700049,2,1610612741,2,4,3,2,0,1,0
2017-18,21700049,3,1610612739,7,8,5,2,5,3,0
2017-18,21700049,3,1610612741,4,4,3,2,2,1,0
2017-18,21700049,4,1610612739,5,8,6,3,2,2,0
2017-18,21700049,4,1610612741,2,2,2,1,0,0,1
2017-18,21700050,1,1610612751,3,5,3,3,0,2,0
2017-18,21700050,1,1610612753,9,12,11,5,2,1,2
2017-18,21700050,2,1610612751,7,12,11,3,4,1,0
2017-18,21700050,2,1610612753,4,5,5,2,2,0,0
2017-18,21700050,3,1610612751,6,8,8,3,3,0,0
2017-18,21700050,3,1610612753,6,11,9,5,1,2,0
2017-18,21700050,4,1610612751,7,9,8,4,3,1,0
2017-18,21700050,4,1610612753,7,12,10,4,3,2,0
2017-18,21700051,1,1610612738,3,6,6,3,0,0,0
2017-18,21700051,1,1610612752,5,4,1,2,2,3,1
2017-18,21700051,2,1610612738,1,2,1,1,0,1,0
2017-18,21700051,2,1610612752,3,2,2,1,2,0,0
2017-18,21700051,3,1610612738,4,4,3,2,2,1,0
2017-18,21700051,3,1610612752,7,11,9,5,2,2,0
2017-18,21700051,4,1610612738,8,15,12,6,1,3,1
2017-18,21700051,4,1610612752,8,8,4,3,4,4,1
2017-18,21700052,1,1610612750,5,7,4,4,1,3,0
2017-18,21700052,1,1610612754,2,2,1,1,1,1,0
2017-18,21700052,2,1610612750,5,8,7,4,0,1,0
2017-18,21700052,2,1610612754,2,2,2,1,0,0,1
2017-18,21700052,3,1610612750,5,5,3,2,3,2,0
2017-18,21700052,3,1610612754,4,4,3,2,2,1,0
2017-18,21700052,4,1610612750,3,2,0,1,2,2,0
2017-18,21700052,4,1610612754,3,3,2,2,1,1,0
2017-18,21700053,1,1610612740,4,7,6,3,1,1,0
2017-18,21700053,1,1610612757,6,8,7,5,0,1,1
2017-18,21700053,2,1610612740,4,4,4,2,2,0,0
2017-18,21700053,2,1610612757,2,0,0,0,2,0,0
2017-18,21700053,3,1610612740,4,6,5,3,1,1,0
2017-18,21700053,3,1610612757,7,11,8,5,2,3,0
2017-18,21700053,4,1610612740,8,15,9,5,3,6,0
2017-18,21700053,4,1610612757,8,14,12,4,4,2,0
2017-18,21700054,1,1610612746,7,8,4,3,4,4,0
2017-18,21700054,1,1610612762,3,0,0,0,3,0,0
2017-18,21700054,2,1610612746,4,0,0,0,3,0,1
2017-18,21700054,2,1610612762,5,8,6,3,1,2,1
2017-18,21700054,3,1610612746,7,9,6,3,4,3,0
2017-18,21700054,3,1610612762,5,3,3,2,2,0,1
2017-18,21700054,4,1610612746,3,4,4,2,1,0,0
2017-18,21700054,4,1610612762,3,0,0,0,2,0,1
2017-18,21700055,1,1610612743,4,5,3,2,1,2,1
2017-18,21700055,1,1610612766,4,2,1,1,2,1,1
2017-18,21700055,2,1610612743,3,1,1,1,2,0,0
2017-18,21700055,2,1610612766,3,2,1,1,2,1,0
2017-18,21700055,3,1610612743,5,4,2,2,2,2,1
2017-18,21700055,3,1610612766,7,12,9,5,2,3,0
2017-18,21700055,4,1610612743,3,5,3,3,0,2,0
2017-18,21700055,4,1610612766,8,10,10,3,5,0,0
2017-18,21700056,1,1610612750,5,5,4,2,3,1,0
2017-18,21700056,1,1610612765,2,1,1,1,1,0,0
2017-18,21700056,2,1610612750,6,6,5,2,4,1,0
2017-18,21700056,2,1610612765,4,4,4,2,2,0,0
2017-18,21700056,3,1610612750,4,6,6,3,1,0,0
2017-18,21700056,3,1610612765,8,10,5,5,2,5,0
2017-18,21700056,4,1610612750,3,4,3,2,1,1,0
2017-18,21700056,4,1610612765,3,2,1,1,2,1,0
2017-18,21700057,1,1610612745,5,7,6,4,1,1,0
2017-18,21700057,1,1610612755,4,5,2,3,1,3,0
2017-18,21700057,2,1610612745,2,0,0,0,2,0,0
2017-18,21700057,2,1610612755,0,0,0,0,0,0,0
2017-18,21700057,3,1610612745,6,10,9,4,2,1,0
2017-18,21700057,3,1610612755,6,4,3,2,4,1,0
2017-18,21700057,4,1610612745,5,7,6,4,1,1,0
2017-18,21700057,4,1610612755,3,1,1,1,2,0,0
2017-18,21700058,1,1610612739,4,4,3,2,1,1,1
2017-18,21700058,1,1610612751,1,3,3,1,0,0,0
2017-18,21700058,2,1610612739,6,9,6,4,2,3,0
2017-18,21700058,2,1610612751,4,6,4,3,0,2,1
2017-18,21700058,3,1610612739,5,5,3,2,2,2,0
2017-18,21700058,3,1610612751,2,4,4,2,0,0,0
2017-18,21700058,4,1610612739,7,8,5,3,2,3,1
2017-18,21700058,4,1610612751,7,8,4,2,4,4,0
2017-18,21700059,1,1610612748,3,3,3,2,1,0,0
2017-18,21700059,1,1610612759,4,4,3,2,2,1,0
2017-18,21700059,2,1610612748,4,2,2,1,3,0,0
2017-18,21700059,2,1610612759,7,9,6,4,2,3,1
2017-18,21700059,3,1610612748,4,4,4,1,3,0,0
2017-18,21700059,3,1610612759,6,9,7,5,1,2,0
2017-18,21700059,4,1610612748,6,9,8,4,2,1,0
2017-18,21700059,4,1610612759,6,8,7,2,4,1,0
2017-18,21700060,1,1610612754,6,6,5,3,3,1,0
2017-18,21700060,1,1610612760,6,7,6,3,3,1,0
2017-18,21700060,2,1610612754,6,8,8,3,2,0,1
2017-18,21700060,2,1610612760,6,6,4,2,3,2,1
2017-18,21700060,3,1610612754,8,12,11,4,4,1,0
2017-18,21700060,3,1610612760,4,6,4,3,0,2,1
2017-18,21700060,4,1610612754,6,9,6,3,3,3,0
2017-18,21700060,4,1610612760,5,7,4,2,2,3,0
2017-18,21700061,1,1610612742,9,15,10,6,2,5,1
2017-18,21700061,1,1610612763,4,4,2,2,2,2,0
2017-18,21700061,2,1610612742,4,6,3,4,0,3,0
2017-18,21700061,2,1610612763,2,5,3,2,0,2,0
2017-18,21700061,3,1610612742,4,8,7,3,1,1,0
2017-18,21700061,3,1610612763,7,8,4,4,2,4,1
2017-18,21700061,4,1610612742,0,0,0,0,0,0,0
2017-18,21700061,4,1610612763,6,7,7,2,3,0,0
2017-18,21700062,1,1610612756,2,2,1,1,1,1,0
2017-18,21700062,1,1610612762,4,2,1,1,2,1,1
2017-18,21700062,2,1610612756,4,4,3,2,2,1,0
2017-18,21700062,2,1610612762,7,11,9,6,1,2,0
2017-18,21700062,3,1610612756,3,0,0,0,3,0,0
2017-18,21700062,3,1610612762,7,9,5,4,3,4,0
2017-18,21700062,4,1610612756,6,3,3,0,6,0,0
2017-18,21700062,4,1610612762,4,3,3,1,3,0,0
2017-18,21700063,1,1610612744,4,6,5,3,1,1,0
2017-18,21700063,1,1610612761,5,6,5,3,2,1,0
2017-18,21700063,2,1610612744,4,6,6,2,2,0,0
2017-18,21700063,2,1610612761,3,4,4,2,1,0,0
2017-18,21700063,3,1610612744,2,2,2,1,1,0,0
2017-18,21700063,3,1610612761,2,3,3,2,0,0,0
2017-18,21700063,4,1610612744,5,8,6,3,2,2,0
2017-18,21700063,4,1610612761,4,6,6,3,0,0,1
2017-18,21700064,1,1610612747,2,2,1,1,1,1,0
2017-18,21700064,1,1610612764,6,5,3,3,2,2,1
2017-18,21700064,2,1610612747,4,3,2,2,1,1,1
2017-18,21700064,2,1610612764,3,2,2,1,2,0,0
2017-18,21700064,3,1610612747,5,7,7,3,2,0,0
2017-18,21700064,3,1610612764,7,8,6,4,3,2,0
2017-18,21700064,4,1610612747,4,4,3,2,2,1,0
2017-18,21700064,4,1610612764,4,4,3,1,3,1,0
2017-18,21700065,1,1610612737,4,0,0,0,4,0,0
2017-18,21700065,1,1610612741,1,3,3,1,0,0,0
2017-18,21700065,2,1610612737,5,6,6,2,3,0,0
2017-18,21700065,2,1610612741,4,6,4,3,1,2,0
2017-18,21700065,3,1610612737,5,7,5,4,0,2,1
2017-18,21700065,3,1610612741,7,8,6,5,2,2,0
2017-18,21700065,4,1610612737,1,0,0,0,1,0,0
2017-18,21700065,4,1610612741,9,12,9,3,5,3,1
2017-18,21700066,1,1610612742,3,2,2,1,1,0,1
2017-18,21700066,1,1610612763,4,2,2,1,3,0,0
2017-18,21700066,2,1610612742,7,8,6,4,3,2,0
2017-18,21700066,2,1610612763,6,12,11,5,1,1,0
2017-18,21700066,3,1610612742,7,5,4,3,4,1,0
2017-18,21700066,3,1610612763,4,4,4,2,2,0,0
2017-18,21700066,4,1610612742,5,5,5,2,3,0,0
2017-18,21700066,4,1610612763,8,12,9,2,6,3,0
2017-18,21700067,1,1610612738,6,10,10,4,1,0,0
2017-18,21700067,1,1610612749,1,2,2,1,0,0,0
2017-18,21700067,2,1610612738,4,2,2,1,3,0,0
2017-18,21700067,2,1610612749,5,5,3,2,3,2,0
2017-18,21700067,3,1610612738,3,6,4,3,0,2,0
2017-18,21700067,3,1610612749,4,7,3,4,0,4,0
2017-18,21700067,4,1610612738,5,4,3,1,4,1,0
2017-18,21700067,4,1610612749,1,0,0,0,1,0,0
2017-18,21700068,1,1610612746,6,8,6,2,3,2,0
2017-18,21700068,1,1610612757,5,6,5,3,2,1,0
2017-18,21700068,2,1610612746,11,19,14,6,2,5,3
2017-18,21700068,2,1610612757,3,5,5,2,1,0,0
2017-18,21700068,3,1610612746,3,5,2,3,0,3,0
2017-18,21700068,3,1610612757,3,4,4,2,1,0,0
2017-18,21700068,4,1610612746,5,4,1,2,3,3,0
2017-18,21700068,4,1610612757,6,7,5,1,4,2,0
2017-18,21700069,1,1610612740,1,0,0,0,1,0,0
2017-18,21700069,1,1610612758,3,3,3,1,1,0,0
2017-18,21700069,2,1610612740,4,7,5,3,1,2,0
2017-18,21700069,2,1610612758,9,12,11,4,5,1,0
2017-18,21700069,3,1610612740,4,4,2,1,3,2,0
2017-18,21700069,3,1610612758,4,5,4,2,2,1,0
2017-18,21700069,4,1610612740,8,12,10,6,2,2,0
2017-18,21700069,4,1610612758,5,5,5,2,3,0,0
2017-18,21700070,1,1610612745,3,4,4,3,0,0,0
2017-18,21700070,1,1610612766,4,6,2,4,0,4,0
2017-18,21700070,2,1610612745,3,5,5,2,0,0,1
2017-18,21700070,2,1610612766,8,9,7,3,3,2,2
2017-18,21700070,3,1610612745,5,2,1,0,5,1,0
2017-18,21700070,3,1610612766,5,5,4,3,1,1,1
2017-18,21700070,4,1610612745,2,2,1,2,0,1,0
2017-18,21700070,4,1610612766,7,8,3,1,5,5,1
2017-18,21700071,1,1610612753,2,3,0,2,0,3,0
2017-18,21700071,1,1610612759,3,3,3,1,2,0,0
2017-18,21700071,2,1610612753,3,4,3,1,1,1,0
2017-18,21700071,2,1610612759,4,6,5,2,2,1,0
2017-18,21700071,3,1610612753,4,5,4,2,2,1,0
2017-18,21700071,3,1610612759,7,9,9,5,2,0,0
2017-18,21700071,4,1610612753,5,2,0,1,3,2,1
2017-18,21700071,4,1610612759,7,9,6,5,2,3,0
2017-18,21700072,1,1610612737,5,4,4,1,4,0,0
2017-18,21700072,1,1610612743,3,0,0,0,3,0,0
2017-18,21700072,2,1610612737,2,2,2,1,1,0,0
2017-18,21700072,2,1610612743,5,10,8,5,0,2,0
2017-18,21700072,3,1610612737,1,0,0,0,1,0,0
2017-18,21700072,3,1610612743,7,7,5,3,4,2,0
2017-18,21700072,4,1610612737,4,6,6,3,1,0,0
2017-18,21700072,4,1610612743,6,6,4,1,5,2,0
2017-18,21700073,1,1610612751,3,4,3,2,1,1,0
2017-18,21700073,1,1610612752,3,3,3,2,1,0,0
2017-18,21700073,2,1610612751,4,4,3,2,1,1,1
2017-18,21700073,2,1610612752,7,10,4,2,2,6,3
2017-18,21700073,3,1610612751,5,6,5,2,3,1,0
2017-18,21700073,3,1610612752,4,2,2,2,1,0,1
2017-18,21700073,4,1610612751,6,7,4,3,2,3,1
2017-18,21700073,4,1610612752,3,2,1,1,2,1,0
2017-18,21700074,1,1610612750,5,6,5,2,2,1,1
2017-18,21700074,1,1610612760,6,6,6,1,4,0,1
2017-18,21700074,2,1610612750,12,14,11,6,5,3,1
2017-18,21700074,2,1610612760,4,2,2,1,3,0,0
2017-18,21700074,3,1610612750,6,8,5,4,2,3,0
2017-18,21700074,3,1610612760,5,9,7,4,1,2,0
2017-18,21700074,4,1610612750,5,7,6,3,2,1,0
2017-18,21700074,4,1610612760,6,8,7,4,2,1,0
2017-18,21700075,1,1610612744,2,2,2,2,0,0,0
2017-18,21700075,1,1610612764,1,2,1,1,0,1,0
2017-18,21700075,2,1610612744,1,0,0,0,1,0,0
2017-18,21700075,2,1610612764,5,7,7,2,3,0,0
2017-18,21700075,3,1610612744,9,15,13,3,6,2,0
2017-18,21700075,3,1610612764,7,9,5,2,5,4,0
2017-18,21700075,4,1610612744,5,3,3,1,4,0,0
2017-18,21700075,4,1610612764,3,4,3,2,1,1,0
2017-18,21700076,1,1610612747,2,2,2,1,1,0,0
2017-18,21700076,1,1610612761,3,4,2,1,2,2,0
2017-18,21700076,2,1610612747,7,10,6,4,2,4,1
2017-18,21700076,2,1610612761,7,5,5,3,2,0,2
2017-18,21700076,3,1610612747,6,6,6,3,3,0,0
2017-18,21700076,3,1610612761,3,1,1,1,2,0,0
2017-18,21700076,4,1610612747,6,6,3,3,3,3,0
2017-18,21700076,4,1610612761,6,10,6,3,3,4,0
2017-18,21700077,1,1610612739,5,5,5,2,2,0,1
2017-18,21700077,1,1610612740,4,3,3,2,2,0,0
2017-18,21700077,2,1610612739,7,9,6,5,2,3,0
2017-18,21700077,2,1610612740,3,4,4,2,1,0,0
2017-18,21700077,3,1610612739,1,0,0,0,0,0,1
2017-18,21700077,3,1610612740,6,4,2,3,3,2,0
2017-18,21700077,4,1610612739,6,9,6,5,1,3,0
2017-18,21700077,4,1610612740,5,5,3,3,2,2,0
2017-18,21700078,1,1610612738,4,1,1,1,3,0,0
2017-18,21700078,1,1610612748,3,0,0,0,3,0,0
2017-18,21700078,2,1610612738,5,8,6,3,2,2,0
2017-18,21700078,2,1610612748,5,7,7,3,1,0,0
2017-18,21700078,3,1610612738,4,7,6,4,0,1,0
2017-18,21700078,3,1610612748,1,2,1,1,0,1,0
2017-18,21700078,4,1610612738,8,10,9,1,7,1,0
2017-18,21700078,4,1610612748,4,7,7,3,1,0,0
2017-18,21700079,1,1610612741,2,2,1,1,1,1,0
2017-18,21700079,1,1610612760,5,2,2,0,5,0,0
2017-18,21700079,2,1610612741,3,6,4,2,1,2,0
2017-18,21700079,2,1610612760,4,5,3,3,0,2,1
2017-18,21700079,3,1610612741,7,6,6,1,6,0,0
2017-18,21700079,3,1610612760,3,3,3,1,2,0,0
2017-18,21700079,4,1610612741,5,6,4,3,2,2,0
2017-18,21700079,4,1610612760,3,4,2,2,1,2,0
2017-18,21700080,1,1610612745,3,4,3,2,0,1,1
2017-18,21700080,1,1610612763,4,4,3,2,2,1,0
2017-18,21700080,2,1610612745,5,6,5,2,2,1,1
2017-18,21700080,2,1610612763,4,1,1,1,3,0,0
2017-18,21700080,3,1610612745,4,1,1,1,2,0,1
2017-18,21700080,3,1610612763,6,7,5,2,4,2,0
2017-18,21700080,4,1610612745,7,10,8,5,2,2,0
2017-18,21700080,4,1610612763,3,0,0,0,3,0,0
2017-18,21700081,1,1610612742,4,0,0,0,4,0,0
2017-18,21700081,1,1610612755,4,4,3,2,2,1,0
2017-18,21700081,2,1610612742,7,5,5,2,5,0,0
2017-18,21700081,2,1610612755,3,6,4,3,0,2,0
2017-18,21700081,3,1610612742,5,7,6,3,2,1,0
2017-18,21700081,3,1610612755,1,0,0,0,1,0,0
2017-18,21700081,4,1610612742,3,7,4,3,0,3,0
2017-18,21700081,4,1610612755,6,4,3,1,4,1,1
2017-18,21700082,1,1610612747,2,1,1,0,2,0,0
2017-18,21700082,1,1610612762,3,2,2,1,2,0,0
2017-18,21700082,2,1610612747,6,7,6,1,5,1,0
2017-18,21700082,2,1610612762,7,10,6,4,3,4,0
2017-18,21700082,3,1610612747,4,2,0,1,3,2,0
2017-18,21700082,3,1610612762,4,1,1,1,2,0,1
2017-18,21700082,4,1610612747,6,10,7,4,0,3,2
2017-18,21700082,4,1610612762,2,0,0,0,2,0,0
2017-18,21700083,1,1610612756,5,3,3,2,3,0,0
2017-18,21700083,1,1610612757,3,5,3,3,0,2,0
2017-18,21700083,2,1610612756,8,12,9,5,3,3,0
2017-18,21700083,2,1610612757,6,9,8,3,2,1,1
2017-18,21700083,3,1610612756,6,9,8,5,1,1,0
2017-18,21700083,3,1610612757,6,8,7,2,4,1,0
2017-18,21700083,4,1610612756,6,6,4,3,3,2,0
2017-18,21700083,4,1610612757,5,6,5,1,4,1,0
2017-18,21700084,1,1610612746,6,10,7,3,3,3,0
2017-18,21700084,1,1610612765,2,2,1,1,1,1,0
2017-18,21700084,2,1610612746,7,12,9,4,2,3,1
2017-18,21700084,2,1610612765,5,8,6,3,1,2,1
2017-18,21700084,3,1610612746,3,0,0,0,2,0,1
2017-18,21700084,3,1610612765,4,7,4,3,1,3,0
2017-18,21700084,4,1610612746,1,0,0,0,1,0,0
2017-18,21700084,4,1610612765,5,4,3,0,5,1,0
2017-18,21700085,1,1610612737,4,0,0,0,4,0,0
2017-18,21700085,1,1610612749,4,4,2,2,2,2,0
2017-18,21700085,2,1610612737,6,5,4,2,4,1,0
2017-18,21700085,2,1610612749,5,4,4,1,3,0,1
2017-18,21700085,3,1610612737,9,8,6,2,6,2,1
2017-18,21700085,3,1610612749,5,5,4,2,3,1,0
2017-18,21700085,4,1610612737,8,13,11,5,3,2,0
2017-18,21700085,4,1610612749,7,8,6,2,5,2,0
2017-18,21700086,1,1610612754,3,6,3,3,0,3,0
2017-18,21700086,1,1610612759,6,4,3,1,5,1,0
2017-18,21700086,2,1610612754,2,4,3,2,0,1,0
2017-18,21700086,2,1610612759,2,2,1,2,0,1,0
2017-18,21700086,3,1610612754,2,3,3,1,0,0,1
2017-18,21700086,3,1610612759,4,4,3,1,1,1,2
2017-18,21700086,4,1610612754,4,7,6,3,1,1,0
2017-18,21700086,4,1610612759,6,8,6,5,1,2,0
2017-18,21700087,1,1610612743,3,2,1,1,1,1,1
2017-18,21700087,1,1610612751,5,5,1,1,4,4,0
2017-18,21700087,2,1610612743,4,2,1,1,3,1,0
2017-18,21700087,2,1610612751,6,12,10,5,1,2,0
2017-18,21700087,3,1610612743,6,11,11,4,2,0,0
2017-18,21700087,3,1610612751,4,5,4,2,2,1,0
2017-18,21700087,4,1610612743,4,7,6,4,0,1,0
2017-18,21700087,4,1610612751,7,9,6,3,2,3,2
2017-18,21700088,1,1610612753,4,4,3,3,1,1,0
2017-18,21700088,1,1610612766,3,2,1,1,2,1,0
2017-18,21700088,2,1610612753,5,5,5,1,4,0,0
2017-18,21700088,2,1610612766,3,4,3,3,0,1,0
2017-18,21700088,3,1610612753,7,12,9,5,1,3,1
2017-18,21700088,3,1610612766,4,2,1,1,2,1,1
2017-18,21700088,4,1610612753,5,5,3,3,1,2,1
2017-18,21700088,4,1610612766,7,9,3,2,5,6,0
2017-18,21700089,1,1610612758,3,2,1,1,2,1,0
2017-18,21700089,1,1610612764,3,4,3,2,1,1,0
2017-18,21700089,2,1610612758,4,6,6,3,1,0,0
2017-18,21700089,2,1610612764,6,8,5,2,3,3,0
2017-18,21700089,3,1610612758,2,2,2,2,0,0,0
2017-18,21700089,3,1610612764,1,0,0,0,0,0,0
2017-18,21700089,4,1610612758,6,6,4,2,4,2,0
2017-18,21700089,4,1610612764,7,8,5,3,3,3,1
2017-18,21700090,1,1610612739,3,3,2,2,1,1,0
2017-18,21700090,1,1610612752,2,0,0,0,2,0,0
2017-18,21700090,2,1610612739,8,8,7,3,5,1,0
2017-18,21700090,2,1610612752,7,8,6,3,4,2,0
2017-18,21700090,3,1610612739,6,8,7,3,3,1,0
2017-18,21700090,3,1610612752,7,9,7,4,2,2,1
2017-18,21700090,4,1610612739,6,8,7,2,3,1,1
2017-18,21700090,4,1610612752,4,4,4,2,2,0,0
2017-18,21700091,1,1610612744,1,1,1,1,0,0,0
2017-18,21700091,1,1610612765,2,1,1,1,1,0,0
2017-18,21700091,2,1610612744,4,5,3,3,1,2,0
2017-18,21700091,2,1610612765,2,1,1,1,1,0,0
2017-18,21700091,3,1610612744,1,1,0,0,1,1,0
2017-18,21700091,3,1610612765,4,8,8,4,0,0,0
2017-18,21700091,4,1610612744,3,5,5,2,1,0,0
2017-18,21700091,4,1610612765,5,7,7,3,2,0,0
2017-18,21700092,1,1610612738,3,5,5,2,1,0,0
2017-18,21700092,1,1610612759,6,7,3,3,3,4,0
2017-18,21700092,2,1610612738,5,6,4,4,1,2,0
2017-18,21700092,2,1610612759,3,2,0,1,2,2,0
2017-18,21700092,3,1610612738,5,4,4,2,2,0,1
2017-18,21700092,3,1610612759,5,3,2,1,3,1,1
2017-18,21700092,4,1610612738,1,1,0,1,0,1,0
2017-18,21700092,4,1610612759,6,8,5,3,2,3,1
2017-18,21700093,1,1610612748,4,6,3,3,0,3,1
2017-18,21700093,1,1610612750,2,2,2,1,1,0,0
2017-18,21700093,2,1610612748,4,4,2,2,2,2,0
2017-18,21700093,2,1610612750,7,9,7,4,2,2,0
2017-18,21700093,3,1610612748,5,4,3,1,3,1,0
2017-18,21700093,3,1610612750,5,3,3,2,3,0,0
2017-18,21700093,4,1610612748,7,11,9,4,3,2,0
2017-18,21700093,4,1610612750,9,15,15,5,4,0,0
2017-18,21700094,1,1610612743,4,3,2,2,2,1,0
2017-18,21700094,1,1610612752,3,4,3,2,1,1,0
2017-18,21700094,2,1610612743,6,8,5,3,3,3,0
2017-18,21700094,2,1610612752,6,7,6,3,3,1,0
2017-18,21700094,3,1610612743,7,14,12,4,3,2,0
2017-18,21700094,3,1610612752,5,4,4,2,2,0,1
2017-18,21700094,4,1610612743,6,6,3,1,4,3,1
2017-18,21700094,4,1610612752,7,8,8,1,6,0,0
2017-18,21700095,1,1610612745,9,12,9,7,2,3,0
2017-18,21700095,1,1610612755,8,7,5,2,5,2,1
2017-18,21700095,2,1610612745,6,6,6,3,3,0,0
2017-18,21700095,2,1610612755,2,2,2,1,1,0,0
2017-18,21700095,3,1610612745,7,11,6,6,1,5,0
2017-18,21700095,3,1610612755,4,6,4,2,2,2,0
2017-18,21700095,4,1610612745,8,9,7,3,5,2,0
2017-18,21700095,4,1610612755,8,9,6,1,7,3,0
2017-18,21700096,1,1610612763,4,7,7,3,0,0,1
2017-18,21700096,1,1610612766,4,9,8,3,1,1,0
2017-18,21700096,2,1610612763,6,5,4,4,1,1,1
2017-18,21700096,2,1610612766,4,4,4,2,2,0,0
2017-18,21700096,3,1610612763,9,15,13,4,4,2,1
2017-18,21700096,3,1610612766,2,4,2,2,0,2,0
2017-18,21700096,4,1610612763,3,6,3,3,0,3,0
2017-18,21700096,4,1610612766,10,12,9,2,7,3,1
2017-18,21700097,1,1610612740,5,4,4,1,3,0,1
2017-18,21700097,1,1610612753,7,8,7,2,5,1,0
2017-18,21700097,2,1610612740,4,7,6,4,0,1,0
2017-18,21700097,2,1610612753,6,7,3,3,3,4,0
2017-18,21700097,3,1610612740,3,4,2,2,1,2,0
2017-18,21700097,3,1610612753,0,0,0,0,0,0,0
2017-18,21700097,4,1610612740,5,3,2,1,4,1,0
2017-18,21700097,4,1610612753,5,3,3,1,3,0,0
2017-18,21700098,1,1610612742,3,2,2,1,2,0,0
2017-18,21700098,1,1610612762,3,2,2,1,2,0,0
2017-18,21700098,2,1610612742,2,2,2,1,1,0,0
2017-18,21700098,2,1610612762,1,2,2,1,0,0,0
2017-18,21700098,3,1610612742,4,4,4,2,2,0,0
2017-18,21700098,3,1610612762,7,9,7,2,3,2,2
2017-18,21700098,4,1610612742,2,3,1,2,0,2,0
2017-18,21700098,4,1610612762,3,2,1,1,1,1,1
2017-18,21700099,1,1610612757,2,2,1,1,1,1,0
2017-18,21700099,1,1610612761,4,7,5,4,0,2,0
2017-18,21700099,2,1610612757,3,7,4,3,0,3,0
2017-18,21700099,2,1610612761,6,4,3,1,3,1,2
2017-18,21700099,3,1610612757,3,4,4,2,1,0,0
2017-18,21700099,3,1610612761,1,2,2,1,0,0,0
2017-18,21700099,4,1610612757,5,6,6,3,2,0,0
2017-18,21700099,4,1610612761,4,4,3,2,2,1,0
2017-18,21700100,1,1610612744,7,9,7,4,3,2,0
2017-18,21700100,1,1610612746,5,5,3,2,3,2,0
2017-18,21700100,2,1610612744,7,12,10,3,3,2,1
2017-18,21700100,2,1610612746,4,6,6,3,1,0,0
2017-18,21700100,3,1610612744,4,5,2,2,1,3,0
2017-18,21700100,3,1610612746,5,9,9,3,2,0,0
2017-18,21700100,4,1610612744,2,4,4,2,0,0,0
2017-18,21700100,4,1610612746,5,10,7,4,0,3,1
2017-18,21700101,1,1610612754,4,8,6,4,0,2,0
2017-18,21700101,1,1610612758,4,4,1,2,2,3,0
2017-18,21700101,2,1610612754,3,1,0,1,2,1,0
2017-18,21700101,2,1610612758,3,2,2,1,1,0,1
2017-18,21700101,3,1610612754,5,8,7,4,1,1,0
2017-18,21700101,3,1610612758,3,1,0,1,2,1,0
2017-18,21700101,4,1610612754,4,5,4,3,1,1,0
2017-18,21700101,4,1610612758,6,7,4,2,4,3,0
2017-18,21700102,1,1610612751,4,4,2,2,2,2,0
2017-18,21700102,1,1610612756,3,2,2,1,2,0,0
2017-18,21700102,2,1610612751,7,9,6,3,4,3,0
2017-18,21700102,2,1610612756,7,9,8,4,3,1,0
2017-18,21700102,3,1610612751,8,13,10,4,4,3,0
2017-18,21700102,3,1610612756,3,0,0,0,2,0,1
2017-18,21700102,4,1610612751,4,4,3,3,1,1,0
2017-18,21700102,4,1610612756,9,13,12,5,4,1,0
2017-18,21700103,1,1610612749,4,6,6,2,2,0,0
2017-18,21700103,1,1610612760,5,7,5,3,2,2,0
2017-18,21700103,2,1610612749,6,7,5,4,2,2,0
2017-18,21700103,2,1610612760,4,1,1,1,3,0,0
2017-18,21700103,3,1610612749,5,8,6,4,1,2,0
2017-18,21700103,3,1610612760,4,4,4,3,1,0,0
2017-18,21700103,4,1610612749,4,1,1,1,2,0,1
2017-18,21700103,4,1610612760,7,9,8,3,4,1,0
2017-18,21700104,1,1610612747,0,0,0,0,0,0,0
2017-18,21700104,1,1610612765,3,0,0,0,3,0,0
2017-18,21700104,2,1610612747,3,2,2,1,1,0,1
2017-18,21700104,2,1610612765,3,0,0,0,3,0,0
2017-18,21700104,3,1610612747,2,6,5,2,0,1,0
2017-18,21700104,3,1610612765,0,0,0,0,0,0,0
2017-18,21700104,4,1610612747,5,6,4,4,0,2,1
2017-18,21700104,4,1610612765,5,3,1,2,1,2,2
2017-18,21700105,1,1610612749,2,2,2,2,0,0,0
2017-18,21700105,1,1610612766,4,5,3,2,2,2,0
2017-18,21700105,2,1610612749,3,4,3,2,1,1,0
2017-18,21700105,2,1610612766,4,5,5,3,1,0,0
2017-18,21700105,3,1610612749,3,2,2,1,2,0,0
2017-18,21700105,3,1610612766,5,8,5,4,1,3,0
2017-18,21700105,4,1610612749,6,7,5,4,2,2,0
2017-18,21700105,4,1610612766,9,11,9,1,6,2,2
2017-18,21700106,1,1610612739,4,1,0,1,3,1,0
2017-18,21700106,1,1610612754,3,4,3,2,1,1,0
2017-18,21700106,2,1610612739,4,6,5,2,1,1,0
2017-18,21700106,2,1610612754,5,5,5,4,1,0,0
2017-18,21700106,3,1610612739,4,6,3,2,1,3,1
2017-18,21700106,3,1610612754,5,4,2,0,4,2,1
2017-18,21700106,4,1610612739,7,7,6,4,3,1,0
2017-18,21700106,4,1610612754,4,0,0,0,4,0,0
2017-18,21700107,1,1610612737,4,2,1,1,3,1,0
2017-18,21700107,1,1610612755,4,2,0,1,3,2,0
2017-18,21700107,2,1610612737,8,10,7,5,2,3,1
2017-18,21700107,2,1610612755,3,2,2,1,2,0,0
2017-18,21700107,3,1610612737,6,9,6,4,2,3,0
2017-18,21700107,3,1610612755,12,16,10,3,7,6,1
2017-18,21700107,4,1610612737,6,6,5,2,4,1,0
2017-18,21700107,4,1610612755,5,5,2,2,2,3,1
2017-18,21700108,1,1610612756,5,6,5,3,2,1,0
2017-18,21700108,1,1610612764,5,8,8,4,1,0,0
2017-18,21700108,2,1610612756,7,13,12,5,2,1,0
2017-18,21700108,2,1610612764,6,9,8,2,3,1,0
2017-18,21700108,3,1610612756,5,7,6,3,2,1,0
2017-18,21700108,3,1610612764,6,7,4,3,2,3,1
2017-18,21700108,4,1610612756,8,12,8,5,3,4,0
2017-18,21700108,4,1610612764,5,6,4,3,1,2,1
2017-18,21700109,1,1610612738,5,7,6,4,1,1,0
2017-18,21700109,1,1610612758,2,0,0,0,2,0,0
2017-18,21700109,2,1610612738,3,4,4,2,1,0,0
2017-18,21700109,2,1610612758,7,8,6,4,2,2,1
2017-18,21700109,3,1610612738,3,4,3,2,1,1,0
2017-18,21700109,3,1610612758,4,2,2,1,2,0,1
2017-18,21700109,4,1610612738,5,4,3,2,2,1,1
2017-18,21700109,4,1610612758,4,2,2,2,1,0,1
2017-18,21700110,1,1610612741,3,3,2,1,2,1,0
2017-18,21700110,1,1610612748,3,2,2,1,2,0,0
2017-18,21700110,2,1610612741,7,8,5,3,4,3,0
2017-18,21700110,2,1610612748,4,4,3,3,0,1,1
2017-18,21700110,3,1610612741,4,4,3,2,2,1,0
2017-18,21700110,3,1610612748,1,0,0,0,1,0,0
2017-18,21700110,4,1610612741,4,4,2,2,1,2,1
2017-18,21700110,4,1610612748,10,13,12,1,9,1,0
2017-18,21700111,1,1610612745,4,4,3,2,1,1,1
2017-18,21700111,1,1610612752,3,3,3,1,2,0,0
2017-18,21700111,2,1610612745,7,11,8,5,1,3,1
2017-18,21700111,2,1610612752,5,1,1,1,3,0,1
2017-18,21700111,3,1610612745,2,4,4,2,0,0,0
2017-18,21700111,3,1610612752,5,3,3,2,2,0,1
2017-18,21700111,4,1610612745,3,2,1,1,2,1,0
2017-18,21700111,4,1610612752,6,6,4,4,1,2,1
2017-18,21700112,1,1610612753,4,3,2,2,2,1,0
2017-18,21700112,1,1610612763,4,1,1,1,3,0,0
2017-18,21700112,2,1610612753,5,8,8,4,1,0,0
2017-18,21700112,2,1610612763,6,10,7,4,1,3,0
2017-18,21700112,3,1610612753,1,1,1,1,0,0,0
2017-18,21700112,3,1610612763,6,4,2,1,3,2,2
2017-18,21700112,4,1610612753,4,2,1,0,4,1,0
2017-18,21700112,4,1610612763,1,1,1,1,0,0,0
2017-18,21700113,1,1610612740,4,6,6,3,0,0,1
2017-18,21700113,1,1610612750,4,4,2,3,1,2,0
2017-18,21700113,2,1610612740,3,2,2,1,1,0,1
2017-18,21700113,2,1610612750,7,9,7,3,3,2,0
2017-18,21700113,3,1610612740,4,1,1,1,2,0,1
2017-18,21700113,3,1610612750,5,6,3,3,2,3,0
2017-18,21700113,4,1610612740,8,12,9,5,3,3,0
2017-18,21700113,4,1610612750,6,5,4,1,5,1,0
2017-18,21700114,1,1610612743,5,5,4,1,4,1,0
2017-18,21700114,1,1610612761,2,0,0,0,2,0,0
2017-18,21700114,2,1610612743,6,5,4,2,4,1,0
2017-18,21700114,2,1610612761,6,11,6,5,1,5,0
2017-18,21700114,3,1610612743,8,11,7,3,5,4,0
2017-18,21700114,3,1610612761,5,6,4,3,2,2,0
2017-18,21700114,4,1610612743,5,8,4,3,2,4,0
2017-18,21700114,4,1610612761,6,8,6,4,2,2,0
2017-18,21700115,1,1610612757,3,4,3,2,1,1,0
2017-18,21700115,1,1610612762,1,1,1,1,0,0,0
2017-18,21700115,2,1610612757,6,7,5,3,2,2,1
2017-18,21700115,2,1610612762,9,15,13,3,3,2,3
2017-18,21700115,3,1610612757,6,10,8,5,1,2,0
2017-18,21700115,3,1610612762,4,5,4,3,1,1,0
2017-18,21700115,4,1610612757,3,3,3,2,0,0,1
2017-18,21700115,4,1610612762,3,3,3,2,1,0,0
2017-18,21700116,1,1610612742,4,5,3,2,2,2,0
2017-18,21700116,1,1610612746,6,8,7,3,3,1,0
2017-18,21700116,2,1610612742,4,3,2,1,3,1,0
2017-18,21700116,2,1610612746,9,12,10,3,6,2,0
2017-18,21700116,3,1610612742,6,6,6,1,5,0,0
2017-18,21700116,3,1610612746,6,9,7,2,4,2,0
2017-18,21700116,4,1610612742,5,6,5,3,2,1,0
2017-18,21700116,4,1610612746,0,0,0,0,0,0,0
2017-18,21700117,1,1610612744,3,4,2,2,1,2,0
2017-18,21700117,1,1610612759,2,1,1,0,1,0,1
2017-18,21700117,2,1610612744,2,2,2,1,1,0,0
2017-18,21700117,2,1610612759,5,10,7,5,0,3,0
2017-18,21700117,3,1610612744,2,4,3,2,0,1,0
2017-18,21700117,3,1610612759,4,3,3,2,2,0,0
2017-18,21700117,4,1610612744,3,6,5,2,1,1,0
2017-18,21700117,4,1610612759,7,9,6,4,3,3,0
2017-18,21700118,1,1610612747,4,4,3,2,1,1,0
2017-18,21700118,1,1610612757,4,6,5,3,0,1,1
2017-18,21700118,2,1610612747,6,7,7,3,3,0,0
2017-18,21700118,2,1610612757,5,6,5,2,2,1,1
2017-18,21700118,3,1610612747,7,10,6,3,3,4,1
2017-18,21700118,3,1610612757,6,9,8,4,2,1,0
2017-18,21700118,4,1610612747,3,6,4,3,0,2,0
2017-18,21700118,4,1610612757,5,6,6,2,2,0,1
2017-18,21700119,1,1610612749,3,0,0,0,2,0,1
2017-18,21700119,1,1610612765,3,4,4,2,1,0,0
2017-18,21700119,2,1610612749,2,2,2,1,1,0,0
2017-18,21700119,2,1610612765,4,6,5,3,0,1,1
2017-18,21700119,3,1610612749,2,2,2,1,1,0,0
2017-18,21700119,3,1610612765,9,14,10,7,2,4,0
2017-18,21700119,4,1610612749,4,5,4,3,1,1,0
2017-18,21700119,4,1610612765,6,4,4,2,4,0,0
2017-18,21700120,1,1610612741,2,3,3,1,1,0,0
2017-18,21700120,1,1610612753,1,0,0,0,1,0,0
2017-18,21700120,2,1610612741,4,0,0,0,4,0,0
2017-18,21700120,2,1610612753,2,2,1,1,1,1,0
2017-18,21700120,3,1610612741,4,8,7,4,0,1,0
2017-18,21700120,3,1610612753,4,3,2,2,2,1,0
2017-18,21700120,4,1610612741,1,1,1,1,0,0,0
2017-18,21700120,4,1610612753,2,0,0,0,2,0,0
2017-18,21700121,1,1610612754,3,2,2,1,0,0,1
2017-18,21700121,1,1610612755,1,1,1,0,1,0,0
2017-18,21700121,2,1610612754,4,6,2,3,1,4,0
2017-18,21700121,2,1610612755,6,6,3,2,4,3,0
2017-18,21700121,3,1610612754,5,9,7,4,1,2,0
2017-18,21700121,3,1610612755,3,3,3,2,1,0,0
2017-18,21700121,4,1610612754,2,2,1,1,1,1,0
2017-18,21700121,4,1610612755,5,4,4,1,4,0,0
2017-18,21700122,1,1610612739,2,4,4,2,0,0,0
2017-18,21700122,1,1610612764,5,7,4,4,1,3,0
2017-18,21700122,2,1610612739,10,15,13,5,5,2,0
2017-18,21700122,2,1610612764,6,9,8,3,3,1,0
2017-18,21700122,3,1610612739,4,5,5,1,2,0,0
2017-18,21700122,3,1610612764,10,8,4,1,9,4,0
2017-18,21700122,4,1610612739,5,4,4,3,2,0,0
2017-18,21700122,4,1610612764,5,7,5,4,1,2,0
2017-18,21700123,1,1610612737,4,6,3,3,1,3,0
2017-18,21700123,1,1610612745,3,6,5,3,0,1,0
2017-18,21700123,2,1610612737,3,2,2,1,2,0,0
2017-18,21700123,2,1610612745,3,5,5,1,2,0,0
2017-18,21700123,3,1610612737,6,9,9,2,4,0,0
2017-18,21700123,3,1610612745,3,4,2,1,2,2,0
2017-18,21700123,4,1610612737,3,1,1,2,0,0,1
2017-18,21700123,4,1610612745,5,8,7,4,1,1,0
2017-18,21700124,1,1610612752,4,2,2,1,2,0,1
2017-18,21700124,1,1610612756,4,8,8,4,0,0,0
2017-18,21700124,2,1610612752,8,10,8,2,5,2,1
2017-18,21700124,2,1610612756,7,9,8,4,1,1,2
2017-18,21700124,3,1610612752,5,8,7,3,2,1,0
2017-18,21700124,3,1610612756,6,11,7,4,1,4,1
2017-18,21700124,4,1610612752,6,5,5,4,2,0,0
2017-18,21700124,4,1610612756,6,9,7,2,4,2,0
2017-18,21700125,1,1610612740,5,8,6,4,1,2,0
2017-18,21700125,1,1610612742,4,3,1,1,3,2,0
2017-18,21700125,2,1610612740,5,5,4,2,2,1,1
2017-18,21700125,2,1610612742,6,5,4,3,3,1,0
2017-18,21700125,3,1610612740,4,3,3,1,3,0,0
2017-18,21700125,3,1610612742,2,2,2,1,1,0,0
2017-18,21700125,4,1610612740,7,10,7,2,5,3,0
2017-18,21700125,4,1610612742,7,12,10,5,1,2,0
2017-18,21700126,1,1610612759,2,3,2,2,0,1,0
2017-18,21700126,1,1610612766,4,6,2,3,1,4,0
2017-18,21700126,2,1610612759,8,12,9,4,3,3,1
2017-18,21700126,2,1610612766,7,13,10,4,2,3,1
2017-18,21700126,3,1610612759,4,6,5,2,2,1,0
2017-18,21700126,3,1610612766,5,9,8,4,1,1,0
2017-18,21700126,4,1610612759,5,5,5,2,3,0,0
2017-18,21700126,4,1610612766,10,14,7,6,4,7,0
2017-18,21700127,1,1610612743,4,1,1,1,3,0,0
2017-18,21700127,1,1610612748,2,0,0,0,2,0,0
2017-18,21700127,2,1610612743,5,8,3,3,1,5,1
2017-18,21700127,2,1610612748,2,0,0,0,2,0,0
2017-18,21700127,3,1610612743,7,7,5,3,4,2,0
2017-18,21700127,3,1610612748,6,7,6,4,2,1,0
2017-18,21700127,4,1610612743,7,9,5,4,3,4,0
2017-18,21700127,4,1610612748,3,4,1,1,2,3,0
2017-18,21700128,1,1610612761,4,2,2,1,3,0,0
2017-18,21700128,1,1610612762,6,10,9,3,1,1,2
2017-18,21700128,2,1610612761,6,8,6,5,1,2,0
2017-18,21700128,2,1610612762,6,6,6,3,2,0,1
2017-18,21700128,3,1610612761,6,10,9,5,1,1,0
2017-18,21700128,3,1610612762,5,1,1,0,4,0,0
2017-18,21700128,4,1610612761,6,8,5,3,2,3,0
2017-18,21700128,4,1610612762,8,7,6,1,3,1,3
2017-18,21700129,1,1610612738,4,8,4,3,0,4,0
2017-18,21700129,1,1610612760,3,3,3,2,1,0,0
2017-18,21700129,2,1610612738,4,2,2,1,3,0,0
2017-18,21700129,2,1610612760,3,4,4,2,1,0,0
2017-18,21700129,3,1610612738,6,11,8,5,0,3,1
2017-18,21700129,3,1610612760,4,4,2,2,1,2,1
2017-18,21700129,4,1610612738,3,3,2,1,2,1,0
2017-18,21700129,4,1610612760,2,3,2,2,0,1,0
2017-18,21700130,1,1610612747,4,4,3,3,1,1,0
2017-18,21700130,1,1610612751,5,8,4,3,1,4,1
2017-18,21700130,2,1610612747,6,8,6,4,0,2,2
2017-18,21700130,2,1610612751,6,11,10,4,2,1,0
2017-18,21700130,3,1610612747,7,8,7,3,4,1,0
2017-18,21700130,3,1610612751,6,8,5,5,1,3,0
2017-18,21700130,4,1610612747,4,7,3,4,0,4,0
2017-18,21700130,4,1610612751,9,11,10,5,4,1,0
2017-18,21700131,1,1610612746,5,10,6,3,2,4,0
2017-18,21700131,1,1610612763,3,2,2,0,3,0,0
2017-18,21700131,2,1610612746,8,12,9,4,4,3,0
2017-18,21700131,2,1610612763,4,4,3,2,2,1,0
2017-18,21700131,3,1610612746,6,3,3,1,5,0,0
2017-18,21700131,3,1610612763,8,10,8,5,1,2,2
2017-18,21700131,4,1610612746,7,6,6,2,4,0,1
2017-18,21700131,4,1610612763,7,8,7,1,6,1,0
2017-18,21700132,1,1610612758,3,2,2,2,1,0,0
2017-18,21700132,1,1610612765,4,4,2,2,2,2,0
2017-18,21700132,2,1610612758,6,4,2,1,5,2,0
2017-18,21700132,2,1610612765,7,8,4,2,4,4,1
2017-18,21700132,3,1610612758,0,0,0,0,0,0,0
2017-18,21700132,3,1610612765,5,8,7,3,2,1,0
2017-18,21700132,4,1610612758,8,7,5,3,3,2,1
2017-18,21700132,4,1610612765,4,2,2,1,3,0,0
2017-18,21700133,1,1610612740,0,0,0,0,0,0,0
2017-18,21700133,1,1610612741,3,4,2,2,1,2,0
2017-18,21700133,2,1610612740,4,5,2,2,1,3,1
2017-18,21700133,2,1610612741,2,3,3,2,0,0,0
2017-18,21700133,3,1610612740,3,4,3,2,1,1,0
2017-18,21700133,3,1610612741,2,2,1,1,1,1,0
2017-18,21700133,4,1610612740,6,8,8,3,3,0,0
2017-18,21700133,4,1610612741,0,0,0,0,0,0,0
2017-18,21700134,1,1610612742,2,1,1,1,1,0,0
2017-18,21700134,1,1610612750,5,4,4,1,4,0,0
2017-18,21700134,2,1610612742,4,5,3,3,1,2,0
2017-18,21700134,2,1610612750,3,4,2,2,1,2,0
2017-18,21700134,3,1610612742,3,4,3,2,1,1,0
2017-18,21700134,3,1610612750,3,6,6,3,0,0,0
2017-18,21700134,4,1610612742,5,2,2,2,1,0,2
2017-18,21700134,4,1610612750,6,6,4,1,5,2,0
2017-18,21700135,1,1610612743,2,0,0,0,2,0,0
2017-18,21700135,1,1610612744,3,1,0,1,2,1,0
2017-18,21700135,2,1610612743,6,10,9,6,0,1,0
2017-18,21700135,2,1610612744,5,4,3,2,3,1,0
2017-18,21700135,3,1610612743,4,5,2,3,1,3,0
2017-18,21700135,3,1610612744,6,7,5,4,2,2,0
2017-18,21700135,4,1610612743,9,12,11,5,4,1,0
2017-18,21700135,4,1610612744,4,5,1,3,1,4,0
2017-18,21700136,1,1610612737,4,6,5,3,1,1,0
2017-18,21700136,1,1610612739,7,12,11,3,3,1,0
2017-18,21700136,2,1610612737,7,7,5,4,3,2,0
2017-18,21700136,2,1610612739,2,4,4,2,0,0,0
2017-18,21700136,3,1610612737,6,8,5,3,1,3,1
2017-18,21700136,3,1610612739,4,4,4,2,1,0,1
2017-18,21700136,4,1610612737,9,13,9,2,6,4,1
2017-18,21700136,4,1610612739,3,3,2,0,3,1,0
2017-18,21700137,1,1610612746,7,8,8,3,3,0,1
2017-18,21700137,1,1610612748,5,3,3,0,4,0,1
2017-18,21700137,2,1610612746,5,5,3,3,2,2,0
2017-18,21700137,2,1610612748,4,6,4,3,1,2,0
2017-18,21700137,3,1610612746,6,8,7,4,2,1,0
2017-18,21700137,3,1610612748,4,4,3,2,2,1,0
2017-18,21700137,4,1610612746,7,9,6,4,1,3,2
2017-18,21700137,4,1610612748,7,6,6,0,6,0,1
2017-18,21700138,1,1610612738,4,4,3,2,2,1,0
2017-18,21700138,1,1610612753,2,0,0,0,1,0,1
2017-18,21700138,2,1610612738,5,6,3,4,1,3,0
2017-18,21700138,2,1610612753,6,5,5,3,3,0,0
2017-18,21700138,3,1610612738,4,1,1,1,3,0,0
2017-18,21700138,3,1610612753,5,9,9,4,1,0,0
2017-18,21700138,4,1610612738,5,9,8,5,0,1,0
2017-18,21700138,4,1610612753,6,4,2,3,3,2,0
2017-18,21700139,1,1610612761,9,13,6,5,4,7,0
2017-18,21700139,1,1610612764,7,11,7,5,2,4,0
2017-18,21700139,2,1610612761,5,7,6,2,3,1,0
2017-18,21700139,2,1610612764,5,8,6,3,2,2,0
2017-18,21700139,3,1610612761,3,2,1,1,2,1,0
2017-18,21700139,3,1610612764,4,2,1,1,3,1,0
2017-18,21700139,4,1610612761,6,5,4,3,1,1,2
2017-18,21700139,4,1610612764,5,2,2,0,4,0,1
2017-18,21700140,1,1610612745,2,2,2,1,1,0,0
2017-18,21700140,1,1610612762,5,8,7,3,2,1,0
2017-18,21700140,2,1610612745,4,4,3,2,2,1,0
2017-18,21700140,2,1610612762,3,0,0,0,2,0,1
2017-18,21700140,3,1610612745,8,13,11,7,1,2,0
2017-18,21700140,3,1610612762,8,9,8,3,5,1,0
2017-18,21700140,4,1610612745,4,2,2,1,2,0,1
2017-18,21700140,4,1610612762,6,7,6,4,2,1,0
2017-18,21700141,1,1610612756,1,0,0,0,0,0,1
2017-18,21700141,1,1610612759,4,4,4,2,1,0,1
2017-18,21700141,2,1610612756,7,11,5,6,1,6,0
2017-18,21700141,2,1610612759,1,2,1,1,0,1,0
2017-18,21700141,3,1610612756,4,4,4,2,2,0,0
2017-18,21700141,3,1610612759,3,6,3,3,0,3,0
2017-18,21700141,4,1610612756,7,7,4,3,3,3,1
2017-18,21700141,4,1610612759,5,6,5,3,2,1,0
2017-18,21700142,1,1610612752,6,5,3,2,4,2,0
2017-18,21700142,1,1610612754,3,3,2,2,1,1,0
2017-18,21700142,2,1610612752,1,1,0,1,0,1,0
2017-18,21700142,2,1610612754,6,7,6,2,4,1,0
2017-18,21700142,3,1610612752,1,0,0,0,1,0,0
2017-18,21700142,3,1610612754,5,7,7,3,1,0,1
2017-18,21700142,4,1610612752,8,13,11,5,3,2,0
2017-18,21700142,4,1610612754,3,0,0,0,3,0,0
2017-18,21700143,1,1610612750,3,2,2,1,2,0,0
2017-18,21700143,1,1610612766,1,2,1,1,0,1,0
2017-18,21700143,2,1610612750,8,14,13,5,3,1,0
2017-18,21700143,2,1610612766,6,8,3,2,3,5,1
2017-18,21700143,3,1610612750,8,11,9,4,2,2,2
2017-18,21700143,3,1610612766,4,6,4,3,1,2,0
2017-18,21700143,4,1610612750,3,3,2,1,1,1,1
2017-18,21700143,4,1610612766,6,5,3,1,3,2,2
2017-18,21700144,1,1610612757,4,1,1,0,2,0,2
2017-18,21700144,1,1610612760,3,2,2,1,2,0,0
2017-18,21700144,2,1610612757,5,5,3,2,3,2,0
2017-18,21700144,2,1610612760,3,2,2,1,2,0,0
2017-18,21700144,3,1610612757,8,14,11,3,3,3,1
2017-18,21700144,3,1610612760,3,4,2,2,1,2,0
2017-18,21700144,4,1610612757,7,8,7,2,4,1,1
2017-18,21700144,4,1610612760,7,7,2,1,5,5,1
2017-18,21700145,1,1610612747,5,5,4,3,1,1,1
2017-18,21700145,1,1610612763,2,0,0,0,2,0,0
2017-18,21700145,2,1610612747,7,5,4,3,3,1,1
2017-18,21700145,2,1610612763,4,5,4,2,2,1,0
2017-18,21700145,3,1610612747,4,5,5,2,2,0,0
2017-18,21700145,3,1610612763,3,2,1,1,1,1,1
2017-18,21700145,4,1610612747,6,8,5,4,2,3,0
2017-18,21700145,4,1610612763,5,7,6,3,1,1,0
2017-18,21700146,1,1610612737,8,7,5,3,5,2,0
2017-18,21700146,1,1610612738,6,7,5,4,2,2,0
2017-18,21700146,2,1610612737,2,2,2,1,1,0,0
2017-18,21700146,2,1610612738,5,7,7,3,2,0,0
2017-18,21700146,3,1610612737,3,2,2,1,2,0,0
2017-18,21700146,3,1610612738,3,2,2,1,2,0,0
2017-18,21700146,4,1610612737,6,9,7,5,1,2,0
2017-18,21700146,4,1610612738,5,6,4,2,3,2,0
2017-18,21700147,1,1610612751,3,3,3,2,1,0,0
2017-18,21700147,1,1610612756,3,6,6,3,0,0,0
2017-18,21700147,2,1610612751,7,7,5,2,5,2,0
2017-18,21700147,2,1610612756,10,17,11,6,4,6,0
2017-18,21700147,3,1610612751,6,5,4,3,2,1,1
2017-18,21700147,3,1610612756,8,8,6,2,5,2,1
2017-18,21700147,4,1610612751,10,14,8,3,7,6,0
2017-18,21700147,4,1610612756,7,4,3,3,3,1,1
2017-18,21700148,1,1610612744,6,7,6,3,3,1,0
2017-18,21700148,1,1610612748,5,5,3,3,2,2,0
2017-18,21700148,2,1610612744,6,9,8,3,3,1,0
2017-18,21700148,2,1610612748,5,3,1,2,2,2,1
2017-18,21700148,3,1610612744,3,6,6,3,0,0,0
2017-18,21700148,3,1610612748,4,3,3,3,1,0,0
2017-18,21700148,4,1610612744,4,2,2,1,1,0,2
2017-18,21700148,4,1610612748,5,6,5,2,1,1,2
2017-18,21700149,1,1610612739,10,15,14,3,7,1,0
2017-18,21700149,1,1610612749,4,3,3,1,3,0,0
2017-18,21700149,2,1610612739,6,7,5,2,3,2,1
2017-18,21700149,2,1610612749,5,5,4,3,2,1,0
2017-18,21700149,3,1610612739,4,4,4,2,2,0,0
2017-18,21700149,3,1610612749,4,4,3,2,2,1,0
2017-18,21700149,4,1610612739,8,12,10,3,5,2,0
2017-18,21700149,4,1610612749,3,4,2,2,1,2,0
2017-18,21700150,1,1610612740,7,7,6,2,4,1,1
2017-18,21700150,1,1610612754,6,8,7,4,2,1,0
2017-18,21700150,2,1610612740,3,1,1,1,1,0,1
2017-18,21700150,2,1610612754,2,3,3,2,0,0,0
2017-18,21700150,3,1610612740,3,4,2,2,1,2,0
2017-18,21700150,3,1610612754,1,2,1,1,0,1,0
2017-18,21700150,4,1610612740,7,10,6,3,2,4,1
2017-18,21700150,4,1610612754,6,5,4,1,3,1,2
2017-18,21700151,1,1610612742,2,1,1,1,1,0,0
2017-18,21700151,1,1610612764,5,9,9,3,2,0,0
2017-18,21700151,2,1610612742,7,7,6,3,4,1,0
2017-18,21700151,2,1610612764,5,7,5,4,0,2,1
2017-18,21700151,3,1610612742,3,2,2,1,2,0,0
2017-18,21700151,3,1610612764,6,7,5,3,3,2,0
2017-18,21700151,4,1610612742,8,10,7,4,3,3,0
2017-18,21700151,4,1610612764,6,9,6,4,2,3,0
2017-18,21700152,1,1610612752,8,10,6,2,5,4,1
2017-18,21700152,1,1610612766,6,9,8,5,1,1,0
2017-18,21700152,2,1610612752,4,4,3,2,2,1,0
2017-18,21700152,2,1610612766,4,1,1,1,1,0,2
2017-18,21700152,3,1610612752,2,0,0,0,2,0,0
2017-18,21700152,3,1610612766,2,4,2,2,0,2,0
2017-18,21700152,4,1610612752,6,7,7,2,3,0,1
2017-18,21700152,4,1610612766,3,3,3,1,2,0,0
2017-18,21700153,1,1610612741,4,9,5,4,0,4,0
2017-18,21700153,1,1610612761,4,5,4,3,1,1,0
2017-18,21700153,2,1610612741,4,2,2,1,3,0,0
2017-18,21700153,2,1610612761,6,6,6,4,2,0,0
2017-18,21700153,3,1610612741,5,8,8,4,1,0,0
2017-18,21700153,3,1610612761,5,6,4,3,0,2,2
2017-18,21700153,4,1610612741,6,9,8,4,2,1,0
2017-18,21700153,4,1610612761,6,7,4,3,3,3,0
2017-18,21700154,1,1610612746,3,2,2,1,2,0,0
2017-18,21700154,1,1610612759,3,2,2,0,3,0,0
2017-18,21700154,2,1610612746,5,2,2,0,5,0,0
2017-18,21700154,2,1610612759,5,5,5,2,3,0,0
2017-18,21700154,3,1610612746,5,5,3,3,2,2,0
2017-18,21700154,3,1610612759,6,9,6,4,2,3,0
2017-18,21700154,4,1610612746,7,8,5,2,5,3,0
2017-18,21700154,4,1610612759,5,3,2,1,3,1,1
2017-18,21700155,1,1610612743,4,8,7,3,1,1,0
2017-18,21700155,1,1610612751,2,1,0,1,1,1,0
2017-18,21700155,2,1610612743,4,3,2,2,2,1,0
2017-18,21700155,2,1610612751,2,4,2,2,0,2,0
2017-18,21700155,3,1610612743,3,5,3,3,0,2,0
2017-18,21700155,3,1610612751,7,8,8,4,2,0,1
2017-18,21700155,4,1610612743,4,4,3,2,2,1,0
2017-18,21700155,4,1610612751,7,9,7,4,3,2,0
2017-18,21700156,1,1610612755,4,6,6,3,1,0,0
2017-18,21700156,1,1610612762,8,12,9,5,2,3,1
2017-18,21700156,2,1610612755,3,4,3,2,1,1,0
2017-18,21700156,2,1610612762,6,7,5,1,3,2,2
2017-18,21700156,3,1610612755,6,6,5,1,5,1,0
2017-18,21700156,3,1610612762,9,10,9,2,5,1,2
2017-18,21700156,4,1610612755,8,14,10,3,3,4,2
2017-18,21700156,4,1610612762,8,6,5,0,6,1,1
2017-18,21700157,1,1610612757,3,1,1,1,2,0,0
2017-18,21700157,1,1610612763,7,10,8,5,2,2,0
2017-18,21700157,2,1610612757,7,11,10,3,3,1,1
2017-18,21700157,2,1610612763,1,2,1,1,0,1,0
2017-18,21700157,3,1610612757,6,4,4,2,4,0,0
2017-18,21700157,3,1610612763,6,9,8,4,2,1,0
2017-18,21700157,4,1610612757,3,4,4,2,0,0,0
2017-18,21700157,4,1610612763,3,4,4,1,1,0,0
2017-18,21700158,1,1610612758,4,0,0,0,4,0,0
2017-18,21700158,1,1610612760,7,9,8,4,3,1,0
2017-18,21700158,2,1610612758,4,3,3,2,2,0,0
2017-18,21700158,2,1610612760,6,6,4,2,4,2,0
2017-18,21700158,3,1610612758,2,2,2,0,1,0,0
2017-18,21700158,3,1610612760,6,5,4,1,4,1,1
2017-18,21700158,4,1610612758,5,7,6,1,3,1,1
2017-18,21700158,4,1610612760,4,3,2,2,2,1,0
2017-18,21700159,1,1610612754,6,5,3,3,3,2,0
2017-18,21700159,1,1610612765,3,0,0,0,3,0,0
2017-18,21700159,2,1610612754,4,2,2,1,3,0,0
2017-18,21700159,2,1610612765,7,12,7,7,0,5,0
2017-18,21700159,3,1610612754,6,5,5,1,4,0,1
2017-18,21700159,3,1610612765,10,7,4,3,7,3,0
2017-18,21700159,4,1610612754,4,6,4,4,0,2,0
2017-18,21700159,4,1610612765,4,6,5,3,1,1,0
2017-18,21700160,1,1610612752,4,3,3,2,2,0,0
2017-18,21700160,1,1610612753,5,8,5,4,1,3,0
2017-18,21700160,2,1610612752,2,3,3,1,0,0,1
2017-18,21700160,2,1610612753,3,0,0,0,2,0,1
2017-18,21700160,3,1610612752,5,5,4,3,2,1,0
2017-18,21700160,3,1610612753,3,2,2,1,2,0,0
2017-18,21700160,4,1610612752,4,2,0,1,3,2,0
2017-18,21700160,4,1610612753,9,12,6,4,5,6,0
2017-18,21700161,1,1610612738,5,4,3,1,2,1,2
2017-18,21700161,1,1610612747,4,6,4,3,1,2,0
2017-18,21700161,2,1610612738,9,13,10,6,3,3,0
2017-18,21700161,2,1610612747,5,7,6,3,1,1,1
2017-18,21700161,3,1610612738,6,10,8,3,3,2,0
2017-18,21700161,3,1610612747,4,4,2,3,1,2,0
2017-18,21700161,4,1610612738,4,4,3,2,1,1,1
2017-18,21700161,4,1610612747,4,6,5,3,0,1,1
2017-18,21700162,1,1610612748,5,8,8,3,2,0,0
2017-18,21700162,1,1610612756,5,10,8,5,0,2,0
2017-18,21700162,2,1610612748,7,8,4,2,5,4,0
2017-18,21700162,2,1610612756,1,2,2,1,0,0,0
2017-18,21700162,3,1610612748,6,8,6,3,2,2,1
2017-18,21700162,3,1610612756,4,5,2,3,1,3,0
2017-18,21700162,4,1610612748,9,11,10,2,7,1,0
2017-18,21700162,4,1610612756,11,13,11,5,4,2,2
2017-18,21700163,1,1610612744,2,2,2,1,1,0,0
2017-18,21700163,1,1610612750,3,2,2,1,2,0,0
2017-18,21700163,2,1610612744,0,0,0,0,0,0,0
2017-18,21700163,2,1610612750,5,6,6,3,1,0,1
2017-18,21700163,3,1610612744,6,10,7,6,0,3,0
2017-18,21700163,3,1610612750,5,7,6,3,2,1,0
2017-18,21700163,4,1610612744,5,6,5,4,1,1,0
2017-18,21700163,4,1610612750,10,12,6,3,6,6,1
2017-18,21700164,1,1610612747,6,6,5,3,3,1,0
2017-18,21700164,1,1610612764,4,6,6,4,0,0,0
2017-18,21700164,2,1610612747,6,10,7,4,2,3,0
2017-18,21700164,2,1610612764,3,6,6,3,0,0,0
2017-18,21700164,3,1610612747,9,15,12,7,2,3,0
2017-18,21700164,3,1610612764,4,3,2,2,2,1,0
2017-18,21700164,4,1610612747,5,10,6,3,2,4,0
2017-18,21700164,4,1610612764,3,5,4,2,0,1,1
2017-18,21700165,1,1610612740,7,10,6,4,3,4,0
2017-18,21700165,1,1610612761,5,7,5,3,2,2,0
2017-18,21700165,2,1610612740,6,6,5,1,4,1,1
2017-18,21700165,2,1610612761,4,3,3,1,3,0,0
2017-18,21700165,3,1610612740,5,5,3,3,2,2,0
2017-18,21700165,3,1610612761,1,0,0,0,0,0,1
2017-18,21700165,4,1610612740,5,4,3,1,3,1,1
2017-18,21700165,4,1610612761,8,13,8,4,3,5,1
2017-18,21700166,1,1610612739,6,4,2,1,4,2,1
2017-18,21700166,1,1610612745,6,8,8,3,3,0,0
2017-18,21700166,2,1610612739,6,7,7,2,4,0,0
2017-18,21700166,2,1610612745,6,9,9,5,1,0,0
2017-18,21700166,3,1610612739,3,1,0,0,3,1,0
2017-18,21700166,3,1610612745,10,12,9,4,6,3,0
2017-18,21700166,4,1610612739,5,2,2,0,3,0,2
2017-18,21700166,4,1610612745,6,7,3,4,2,4,0
2017-18,21700167,1,1610612755,5,11,9,5,0,2,0
2017-18,21700167,1,1610612758,3,3,2,1,2,1,0
2017-18,21700167,2,1610612755,4,4,3,3,1,1,0
2017-18,21700167,2,1610612758,6,9,4,4,2,5,0
2017-18,21700167,3,1610612755,3,6,3,3,0,3,0
2017-18,21700167,3,1610612758,4,2,1,1,3,1,0
2017-18,21700167,4,1610612755,6,6,4,3,3,2,0
2017-18,21700167,4,1610612758,11,14,10,6,4,4,1
2017-18,21700168,1,1610612743,1,1,1,0,1,0,0
2017-18,21700168,1,1610612760,5,6,3,4,1,3,0
2017-18,21700168,2,1610612743,8,12,10,7,1,2,0
2017-18,21700168,2,1610612760,3,5,2,2,1,3,0
2017-18,21700168,3,1610612743,4,4,1,2,2,3,0
2017-18,21700168,3,1610612760,1,1,1,0,1,0,0
2017-18,21700168,4,1610612743,5,5,5,2,3,0,0
2017-18,21700168,4,1610612760,4,2,1,1,3,1,0
2017-18,21700169,1,1610612737,4,1,1,1,3,0,0
2017-18,21700169,1,1610612765,4,6,2,3,0,4,1
2017-18,21700169,2,1610612737,4,6,4,3,1,2,0
2017-18,21700169,2,1610612765,2,2,1,1,1,1,0
2017-18,21700169,3,1610612737,5,2,2,1,3,0,1
2017-18,21700169,3,1610612765,5,6,6,3,2,0,0
2017-18,21700169,4,1610612737,4,2,1,1,3,1,0
2017-18,21700169,4,1610612765,9,13,12,4,4,1,1
2017-18,21700170,1,1610612738,2,2,1,1,1,1,0
2017-18,21700170,1,1610612766,5,11,6,5,0,5,0
2017-18,21700170,2,1610612738,4,8,7,3,1,1,0
2017-18,21700170,2,1610612766,9,13,6,3,5,7,0
2017-18,21700170,3,1610612738,8,9,7,2,6,2,0
2017-18,21700170,3,1610612766,5,4,4,2,1,0,2
2017-18,21700170,4,1610612738,5,6,6,2,3,0,0
2017-18,21700170,4,1610612766,4,5,3,3,0,2,1
2017-18,21700171,1,1610612741,5,2,2,0,4,0,1
2017-18,21700171,1,1610612754,1,0,0,0,1,0,0
2017-18,21700171,2,1610612741,2,2,0,1,1,2,0
2017-18,21700171,2,1610612754,4,1,0,1,3,1,0
2017-18,21700171,3,1610612741,3,3,3,2,1,0,0
2017-18,21700171,3,1610612754,2,3,2,2,0,1,0
2017-18,21700171,4,1610612741,3,2,1,1,2,1,0
2017-18,21700171,4,1610612754,5,8,5,4,1,3,0
2017-18,21700172,1,1610612746,6,11,7,3,2,4,1
2017-18,21700172,1,1610612760,6,7,5,3,3,2,0
2017-18,21700172,2,1610612746,6,7,5,3,3,2,0
2017-18,21700172,2,1610612760,11,18,12,5,5,6,1
2017-18,21700172,3,1610612746,6,8,6,3,2,2,1
2017-18,21700172,3,1610612760,3,4,3,2,1,1,0
2017-18,21700172,4,1610612746,4,4,3,2,2,1,0
2017-18,21700172,4,1610612760,7,11,9,3,4,2,0
2017-18,21700173,1,1610612749,0,0,0,0,0,0,0
2017-18,21700173,1,1610612759,5,6,5,3,2,1,0
2017-18,21700173,2,1610612749,4,1,0,1,3,1,0
2017-18,21700173,2,1610612759,1,0,0,0,1,0,0
2017-18,21700173,3,1610612749,5,7,4,3,2,3,0
2017-18,21700173,3,1610612759,4,4,4,2,2,0,0
2017-18,21700173,4,1610612749,5,6,3,2,3,3,0
2017-18,21700173,4,1610612759,1,1,1,1,0,0,0
2017-18,21700174,1,1610612753,5,6,4,3,2,2,0
2017-18,21700174,1,1610612756,5,3,2,2,2,1,1
2017-18,21700174,2,1610612753,7,11,6,3,3,5,1
2017-18,21700174,2,1610612756,1,2,1,1,0,1,0
2017-18,21700174,3,1610612753,5,8,7,4,1,1,0
2017-18,21700174,3,1610612756,6,6,5,2,3,1,1
2017-18,21700174,4,1610612753,9,18,12,4,5,6,0
2017-18,21700174,4,1610612756,7,14,11,7,0,3,0
2017-18,21700175,1,1610612748,3,1,1,1,2,0,0
2017-18,21700175,1,1610612762,3,2,2,1,2,0,0
2017-18,21700175,2,1610612748,5,7,4,4,1,3,0
2017-18,21700175,2,1610612762,1,1,0,1,0,1,0
2017-18,21700175,3,1610612748,5,5,4,2,3,1,0
2017-18,21700175,3,1610612762,6,8,6,2,3,2,1
2017-18,21700175,4,1610612748,5,5,5,3,2,0,0
2017-18,21700175,4,1610612762,7,11,11,5,2,0,0
2017-18,21700176,1,1610612751,2,3,3,1,1,0,0
2017-18,21700176,1,1610612757,2,5,3,2,0,2,0
2017-18,21700176,2,1610612751,3,4,2,2,0,2,1
2017-18,21700176,2,1610612757,3,2,2,0,3,0,0
2017-18,21700176,3,1610612751,4,4,3,2,2,1,0
2017-18,21700176,3,1610612757,3,4,4,2,0,0,1
2017-18,21700176,4,1610612751,7,8,3,3,4,5,0
2017-18,21700176,4,1610612757,2,0,0,0,1,0,1
2017-18,21700177,1,1610612737,2,2,1,1,1,1,0
2017-18,21700177,1,1610612764,2,2,2,1,1,0,0
2017-18,21700177,2,1610612737,5,5,3,3,2,2,0
2017-18,21700177,2,1610612764,6,8,7,4,2,1,0
2017-18,21700177,3,1610612737,5,5,5,3,2,0,0
2017-18,21700177,3,1610612764,4,7,6,3,1,1,0
2017-18,21700177,4,1610612737,5,5,3,2,3,2,0
2017-18,21700177,4,1610612764,7,11,7,4,3,4,0
2017-18,21700178,1,1610612740,6,7,7,3,3,0,0
2017-18,21700178,1,1610612746,3,6,5,3,0,1,0
2017-18,21700178,2,1610612740,5,4,1,3,2,3,0
2017-18,21700178,2,1610612746,7,14,11,7,0,3,0
2017-18,21700178,3,1610612740,7,6,4,2,5,2,0
2017-18,21700178,3,1610612746,5,5,5,2,3,0,0
2017-18,21700178,4,1610612740,6,7,7,2,4,0,0
2017-18,21700178,4,1610612746,2,2,2,1,1,0,0
2017-18,21700179,1,1610612752,5,3,3,1,3,0,1
2017-18,21700179,1,1610612758,2,2,1,1,1,1,0
2017-18,21700179,2,1610612752,7,10,7,5,1,3,1
2017-18,21700179,2,1610612758,6,10,8,3,3,2,0
2017-18,21700179,3,1610612752,4,2,2,2,1,0,1
2017-18,21700179,3,1610612758,5,8,7,4,1,1,0
2017-18,21700179,4,1610612752,2,0,0,0,2,0,0
2017-18,21700179,4,1610612758,6,10,8,4,2,2,0
2017-18,21700180,1,1610612745,3,6,3,3,0,3,0
2017-18,21700180,1,1610612763,3,3,2,2,0,1,1
2017-18,21700180,2,1610612745,6,12,10,4,2,2,0
2017-18,21700180,2,1610612763,5,7,5,4,1,2,0
2017-18,21700180,3,1610612745,6,8,7,2,3,1,1
2017-18,21700180,3,1610612763,4,2,1,1,3,1,0
2017-18,21700180,4,1610612745,3,2,1,1,2,1,0
2017-18,21700180,4,1610612763,5,6,6,2,3,0,0
2017-18,21700181,1,1610612739,4,4,3,2,2,1,0
2017-18,21700181,1,1610612742,1,0,0,0,1,0,0
2017-18,21700181,2,1610612739,6,8,8,2,4,0,0
2017-18,21700181,2,1610612742,4,4,4,2,2,0,0
2017-18,21700181,3,1610612739,8,14,11,5,3,3,0
2017-18,21700181,3,1610612742,5,9,6,5,0,3,0
2017-18,21700181,4,1610612739,8,9,7,1,6,2,1
2017-18,21700181,4,1610612742,4,8,6,4,0,2,0
2017-18,21700182,1,1610612747,6,6,3,2,4,3,0
2017-18,21700182,1,1610612749,3,2,1,1,1,1,1
2017-18,21700182,2,1610612747,4,8,4,4,0,4,0
2017-18,21700182,2,1610612749,5,4,4,2,3,0,0
2017-18,21700182,3,1610612747,8,11,7,5,3,4,0
2017-18,21700182,3,1610612749,4,8,7,3,1,1,0
2017-18,21700182,4,1610612747,7,12,8,6,1,4,0
2017-18,21700182,4,1610612749,8,12,10,3,5,2,0
2017-18,21700183,1,1610612741,4,0,0,0,4,0,0
2017-18,21700183,1,1610612759,7,10,8,5,2,2,0
2017-18,21700183,2,1610612741,4,1,0,1,2,1,1
2017-18,21700183,2,1610612759,3,2,2,1,2,0,0
2017-18,21700183,3,1610612741,2,4,3,2,0,1,0
2017-18,21700183,3,1610612759,2,2,2,1,1,0,0
2017-18,21700183,4,1610612741,6,8,5,4,1,3,1
2017-18,21700183,4,1610612759,1,2,1,1,0,1,0
2017-18,21700184,1,1610612744,4,9,9,3,1,0,0
2017-18,21700184,1,1610612755,5,4,3,2,2,1,0
2017-18,21700184,2,1610612744,5,7,6,5,0,1,0
2017-18,21700184,2,1610612755,4,4,2,2,2,2,0
2017-18,21700184,3,1610612744,2,2,2,1,1,0,0
2017-18,21700184,3,1610612755,5,6,4,3,2,2,0
2017-18,21700184,4,1610612744,7,8,8,4,3,0,0
2017-18,21700184,4,1610612755,6,6,5,4,2,1,0
2017-18,21700185,1,1610612743,2,4,2,2,0,2,0
2017-18,21700185,1,1610612753,2,2,2,0,2,0,0
2017-18,21700185,2,1610612743,5,8,7,3,2,1,0
2017-18,21700185,2,1610612753,3,4,1,2,1,3,0
2017-18,21700185,3,1610612743,5,9,8,4,1,1,0
2017-18,21700185,3,1610612753,4,4,3,3,1,1,0
2017-18,21700185,4,1610612743,6,6,4,4,2,2,0
2017-18,21700185,4,1610612753,6,10,8,4,2,2,0
2017-18,21700186,1,1610612750,7,11,9,4,3,2,0
2017-18,21700186,1,1610612756,3,2,0,1,1,2,1
2017-18,21700186,2,1610612750,7,13,11,5,2,2,0
2017-18,21700186,2,1610612756,3,6,5,3,0,1,0
2017-18,21700186,3,1610612750,5,7,5,4,0,2,1
2017-18,21700186,3,1610612756,4,6,3,3,0,3,1
2017-18,21700186,4,1610612750,5,4,3,3,2,1,0
2017-18,21700186,4,1610612756,8,10,8,1,7,2,0
2017-18,21700187,1,1610612751,7,10,10,2,4,0,1
2017-18,21700187,1,1610612762,4,2,2,1,3,0,0
2017-18,21700187,2,1610612751,7,12,8,6,1,4,0
2017-18,21700187,2,1610612762,5,6,5,3,1,1,1
2017-18,21700187,3,1610612751,6,8,5,3,3,3,0
2017-18,21700187,3,1610612762,4,4,3,2,2,1,0
2017-18,21700187,4,1610612751,8,9,6,4,3,3,1
2017-18,21700187,4,1610612762,8,13,11,4,3,2,1
2017-18,21700188,1,1610612738,3,5,3,2,1,2,0
2017-18,21700188,1,1610612761,3,7,6,3,0,1,0
2017-18,21700188,2,1610612738,5,6,5,3,2,1,0
2017-18,21700188,2,1610612761,5,2,1,2,3,1,0
2017-18,21700188,3,1610612738,6,8,7,2,4,1,0
2017-18,21700188,3,1610612761,3,6,5,3,0,1,0
2017-18,21700188,4,1610612738,2,0,0,0,0,0,1
2017-18,21700188,4,1610612761,4,8,8,4,0,0,0
2017-18,21700189,1,1610612748,0,0,0,0,0,0,0
2017-18,21700189,1,1610612765,5,5,5,3,1,0,1
2017-18,21700189,2,1610612748,6,4,3,2,3,1,1
2017-18,21700189,2,1610612765,2,2,1,1,1,1,0
2017-18,21700189,3,1610612748,5,4,2,1,4,2,0
2017-18,21700189,3,1610612765,5,4,3,2,3,1,0
2017-18,21700189,4,1610612748,6,8,7,4,2,1,0
2017-18,21700189,4,1610612765,7,9,5,5,2,4,0
2017-18,21700190,1,1610612745,3,2,2,1,1,0,1
2017-18,21700190,1,1610612754,2,0,0,0,1,0,1
2017-18,21700190,2,1610612745,3,4,3,2,1,1,0
2017-18,21700190,2,1610612754,5,7,3,3,2,4,0
2017-18,21700190,3,1610612745,6,10,8,4,1,2,1
2017-18,21700190,3,1610612754,6,8,7,3,3,1,0
2017-18,21700190,4,1610612745,3,2,2,1,1,0,1
2017-18,21700190,4,1610612754,6,6,3,3,2,3,0
2017-18,21700191,1,1610612742,1,0,0,0,1,0,0
2017-18,21700191,1,1610612760,4,8,6,4,0,2,0
2017-18,21700191,2,1610612742,4,2,1,1,2,1,1
2017-18,21700191,2,1610612760,2,4,3,1,0,1,0
2017-18,21700191,3,1610612742,8,8,6,3,5,2,0
2017-18,21700191,3,1610612760,8,14,11,5,3,3,0
2017-18,21700191,4,1610612742,7,8,7,2,4,1,1
2017-18,21700191,4,1610612760,5,7,5,2,2,2,1
2017-18,21700192,1,1610612758,6,5,4,1,3,1,2
2017-18,21700192,1,1610612764,2,1,1,1,1,0,0
2017-18,21700192,2,1610612758,4,3,1,2,2,2,0
2017-18,21700192,2,1610612764,3,4,3,3,0,1,0
2017-18,21700192,3,1610612758,6,6,4,2,3,2,1
2017-18,21700192,3,1610612764,4,3,3,2,2,0,0
2017-18,21700192,4,1610612758,5,4,3,1,2,1,2
2017-18,21700192,4,1610612764,5,4,4,1,3,0,1
2017-18,21700193,1,1610612739,5,5,5,3,1,0,0
2017-18,21700193,1,1610612752,3,2,1,1,2,1,0
2017-18,21700193,2,1610612739,3,3,3,2,1,0,0
2017-18,21700193,2,1610612752,3,4,4,1,2,0,0
2017-18,21700193,3,1610612739,4,5,4,2,2,1,0
2017-18,21700193,3,1610612752,6,6,5,2,4,1,0
2017-18,21700193,4,1610612739,8,9,6,2,5,3,1
2017-18,21700193,4,1610612752,7,10,7,3,3,3,1
2017-18,21700194,1,1610612749,3,3,2,2,1,1,0
2017-18,21700194,1,1610612763,4,4,4,2,2,0,0
2017-18,21700194,2,1610612749,7,11,9,4,3,2,0
2017-18,21700194,2,1610612763,6,9,8,5,1,1,0
2017-18,21700194,3,1610612749,6,7,6,4,1,1,1
2017-18,21700194,3,1610612763,4,2,1,0,3,1,1
2017-18,21700194,4,1610612749,5,4,1,1,4,3,0
2017-18,21700194,4,1610612763,4,6,5,3,1,1,0
2017-18,21700195,1,1610612737,2,2,2,1,1,0,0
2017-18,21700195,1,1610612740,7,11,7,3,3,4,1
2017-18,21700195,2,1610612737,1,0,0,0,1,0,0
2017-18,21700195,2,1610612740,4,2,1,1,3,1,0
2017-18,21700195,3,1610612737,3,2,2,1,1,0,1
2017-18,21700195,3,1610612740,2,0,0,0,2,0,0
2017-18,21700195,4,1610612737,5,5,4,2,3,1,0
2017-18,21700195,4,1610612740,3,4,3,2,1,1,0
2017-18,21700196,1,1610612747,4,4,3,2,2,1,0
2017-18,21700196,1,1610612756,4,6,3,3,1,3,0
2017-18,21700196,2,1610612747,0,0,0,0,0,0,0
2017-18,21700196,2,1610612756,1,2,1,1,0,1,0
2017-18,21700196,3,1610612747,4,3,1,1,3,2,0
2017-18,21700196,3,1610612756,7,8,5,3,2,3,2
2017-18,21700196,4,1610612747,6,6,4,1,5,2,0
2017-18,21700196,4,1610612756,5,4,3,2,2,1,1
2017-18,21700197,1,1610612750,4,7,6,4,0,1,0
2017-18,21700197,1,1610612762,2,2,2,1,1,0,0
2017-18,21700197,2,1610612750,7,10,7,3,4,3,0
2017-18,21700197,2,1610612762,3,2,1,1,1,1,1
2017-18,21700197,3,1610612750,6,5,5,2,3,0,1
2017-18,21700197,3,1610612762,4,5,5,1,3,0,0
2017-18,21700197,4,1610612750,5,7,7,1,4,0,0
2017-18,21700197,4,1610612762,4,2,2,1,2,0,1
2017-18,21700198,1,1610612743,3,0,0,0,0,0,3
2017-18,21700198,1,1610612757,3,4,4,2,1,0,0
2017-18,21700198,2,1610612743,2,2,2,1,1,0,0
2017-18,21700198,2,1610612757,4,5,5,2,2,0,0
2017-18,21700198,3,1610612743,5,7,6,3,1,1,1
2017-18,21700198,3,1610612757,2,2,2,1,1,0,0
2017-18,21700198,4,1610612743,4,6,5,3,1,1,0
2017-18,21700198,4,1610612757,3,7,5,3,0,2,0
2017-18,21700199,1,1610612744,3,3,2,2,1,1,0
2017-18,21700199,1,1610612753,2,0,0,0,2,0,0
2017-18,21700199,2,1610612744,4,4,4,2,1,0,1
2017-18,21700199,2,1610612753,6,7,7,3,3,0,0
2017-18,21700199,3,1610612744,4,5,4,3,1,1,0
2017-18,21700199,3,1610612753,7,8,8,4,3,0,0
2017-18,21700199,4,1610612744,5,4,4,1,3,0,1
2017-18,21700199,4,1610612753,5,3,1,1,3,2,1
2017-18,21700200,1,1610612746,4,4,2,2,1,2,1
2017-18,21700200,1,1610612755,5,6,3,2,2,3,1
2017-18,21700200,2,1610612746,7,9,6,4,3,3,0
2017-18,21700200,2,1610612755,4,2,2,0,3,0,0
2017-18,21700200,3,1610612746,5,7,5,4,1,2,0
2017-18,21700200,3,1610612755,5,9,8,4,0,1,1
2017-18,21700200,4,1610612746,8,12,8,3,4,4,1
2017-18,21700200,4,1610612755,10,18,13,5,5,5,0
2017-18,21700201,1,1610612738,2,0,0,0,2,0,0
2017-18,21700201,1,1610612751,3,3,2,2,1,1,0
2017-18,21700201,2,1610612738,8,9,6,4,4,3,0
2017-18,21700201,2,1610612751,3,5,4,2,1,1,0
2017-18,21700201,3,1610612738,6,6,6,2,3,0,1
2017-18,21700201,3,1610612751,2,4,1,2,0,3,0
2017-18,21700201,4,1610612738,7,12,10,3,4,2,0
2017-18,21700201,4,1610612751,3,4,3,2,1,1,0
2017-18,21700202,1,1610612745,6,6,6,3,3,0,0
2017-18,21700202,1,1610612761,2,4,4,2,0,0,0
2017-18,21700202,2,1610612745,8,14,11,4,4,3,0
2017-18,21700202,2,1610612761,11,20,16,7,3,4,1
2017-18,21700202,3,1610612745,10,13,12,4,6,1,0
2017-18,21700202,3,1610612761,7,14,10,5,2,4,0
2017-18,21700202,4,1610612745,5,8,6,4,1,2,0
2017-18,21700202,4,1610612761,3,4,3,2,1,1,0
2017-18,21700203,1,1610612742,2,3,3,2,0,0,0
2017-18,21700203,1,1610612759,2,4,3,2,0,1,0
2017-18,21700203,2,1610612742,2,2,2,1,1,0,0
2017-18,21700203,2,1610612759,3,1,1,1,2,0,0
2017-18,21700203,3,1610612742,5,6,5,2,3,1,0
2017-18,21700203,3,1610612759,4,3,2,2,2,1,0
2017-18,21700203,4,1610612742,6,7,5,5,1,2,0
2017-18,21700203,4,1610612759,11,19,15,6,5,4,0
2017-18,21700204,1,1610612737,4,2,1,1,3,1,0
2017-18,21700204,1,1610612758,5,7,5,3,1,2,1
2017-18,21700204,2,1610612737,7,7,4,3,4,3,0
2017-18,21700204,2,1610612758,3,0,0,0,3,0,0
2017-18,21700204,3,1610612737,5,7,5,5,0,2,0
2017-18,21700204,3,1610612758,8,9,4,4,3,5,1
2017-18,21700204,4,1610612737,2,0,0,1,1,0,0
2017-18,21700204,4,1610612758,3,4,3,2,1,1,0
2017-18,21700205,1,1610612748,2,4,4,2,0,0,0
2017-18,21700205,1,1610612764,2,4,4,2,0,0,0
2017-18,21700205,2,1610612748,3,4,4,2,1,0,0
2017-18,21700205,2,1610612764,5,6,6,3,2,0,0
2017-18,21700205,3,1610612748,5,6,4,2,2,2,1
2017-18,21700205,3,1610612764,1,2,1,1,0,1,0
2017-18,21700205,4,1610612748,5,5,4,2,3,1,0
2017-18,21700205,4,1610612764,11,19,18,8,2,1,1
2017-18,21700206,1,1610612752,5,8,7,4,1,1,0
2017-18,21700206,1,1610612762,4,2,2,1,3,0,0
2017-18,21700206,2,1610612752,4,1,1,1,3,0,0
2017-18,21700206,2,1610612762,6,8,8,2,4,0,0
2017-18,21700206,3,1610612752,3,4,3,2,1,1,0
2017-18,21700206,3,1610612762,3,3,2,1,2,1,0
2017-18,21700206,4,1610612752,8,12,10,2,6,2,0
2017-18,21700206,4,1610612762,5,4,4,1,4,0,0
2017-18,21700207,1,1610612739,4,7,7,4,0,0,0
2017-18,21700207,1,1610612766,5,7,5,3,1,2,1
2017-18,21700207,2,1610612739,4,4,4,3,0,0,1
2017-18,21700207,2,1610612766,7,9,6,6,1,3,0
2017-18,21700207,3,1610612739,5,5,4,3,1,1,1
2017-18,21700207,3,1610612766,5,6,5,3,0,1,2
2017-18,21700207,4,1610612739,4,4,3,1,2,1,1
2017-18,21700207,4,1610612766,5,6,3,4,1,3,0
2017-18,21700208,1,1610612754,2,3,3,2,0,0,0
2017-18,21700208,1,1610612763,2,4,2,2,0,2,0
2017-18,21700208,2,1610612754,7,7,6,1,6,1,0
2017-18,21700208,2,1610612763,3,5,5,3,0,0,0
2017-18,21700208,3,1610612754,6,6,6,1,4,0,1
2017-18,21700208,3,1610612763,5,8,5,5,0,3,0
2017-18,21700208,4,1610612754,3,4,3,1,2,1,0
2017-18,21700208,4,1610612763,4,5,5,3,1,0,0
2017-18,21700209,1,1610612749,4,2,2,1,3,0,0
2017-18,21700209,1,1610612765,3,4,4,2,1,0,0
2017-18,21700209,2,1610612749,6,7,2,2,3,5,1
2017-18,21700209,2,1610612765,2,2,1,1,1,1,0
2017-18,21700209,3,1610612749,3,4,4,2,1,0,0
2017-18,21700209,3,1610612765,8,11,10,4,3,1,0
2017-18,21700209,4,1610612749,6,7,7,2,3,0,1
2017-18,21700209,4,1610612765,5,6,5,3,2,1,0
2017-18,21700210,1,1610612750,4,4,2,2,2,2,0
2017-18,21700210,1,1610612759,4,3,2,2,1,1,1
2017-18,21700210,2,1610612750,3,2,2,1,2,0,0
2017-18,21700210,2,1610612759,5,2,2,0,5,0,0
2017-18,21700210,3,1610612750,1,0,0,0,0,0,1
2017-18,21700210,3,1610612759,3,2,1,1,0,1,2
2017-18,21700210,4,1610612750,7,10,7,4,3,3,0
2017-18,21700210,4,1610612759,3,8,8,3,0,0,0
2017-18,21700211,1,1610612740,4,4,4,3,1,0,0
2017-18,21700211,1,1610612761,5,5,5,3,1,0,1
2017-18,21700211,2,1610612740,4,2,2,1,3,0,0
2017-18,21700211,2,1610612761,3,6,6,3,0,0,0
2017-18,21700211,3,1610612740,4,2,2,1,2,0,1
2017-18,21700211,3,1610612761,3,1,1,1,2,0,0
2017-18,21700211,4,1610612740,6,6,6,3,3,0,0
2017-18,21700211,4,1610612761,7,8,7,3,3,1,1
2017-18,21700212,1,1610612741,3,4,2,2,1,2,0
2017-18,21700212,1,1610612760,4,6,5,3,1,1,0
2017-18,21700212,2,1610612741,6,6,6,3,3,0,0
2017-18,21700212,2,1610612760,9,13,11,7,1,2,1
2017-18,21700212,3,1610612741,6,8,7,5,1,1,0
2017-18,21700212,3,1610612760,8,12,12,3,5,0,0
2017-18,21700212,4,1610612741,2,2,1,1,1,1,0
2017-18,21700212,4,1610612760,4,6,4,3,1,2,0
2017-18,21700213,1,1610612753,1,2,2,1,0,0,0
2017-18,21700213,1,1610612757,4,7,4,4,0,3,0
2017-18,21700213,2,1610612753,3,0,0,0,2,0,0
2017-18,21700213,2,1610612757,3,0,0,0,1,0,2
2017-18,21700213,3,1610612753,4,5,5,3,1,0,0
2017-18,21700213,3,1610612757,1,2,2,1,0,0,0
2017-18,21700213,4,1610612753,2,2,2,1,1,0,0
2017-18,21700213,4,1610612757,4,4,3,2,2,1,0
2017-18,21700214,1,1610612747,3,5,5,3,0,0,0
2017-18,21700214,1,1610612755,5,3,1,2,3,2,0
2017-18,21700214,2,1610612747,5,7,7,3,2,0,0
2017-18,21700214,2,1610612755,7,11,10,6,1,1,0
2017-18,21700214,3,1610612747,2,4,4,2,0,0,0
2017-18,21700214,3,1610612755,4,6,5,3,1,1,0
2017-18,21700214,4,1610612747,7,11,6,6,1,5,0
2017-18,21700214,4,1610612755,7,10,8,4,2,2,1
2017-18,21700215,1,1610612738,1,0,0,0,1,0,0
2017-18,21700215,1,1610612744,3,6,4,3,0,2,0
2017-18,21700215,2,1610612738,7,13,12,6,0,1,1
2017-18,21700215,2,1610612744,4,5,3,3,1,2,0
2017-18,21700215,3,1610612738,9,13,9,3,5,4,0
2017-18,21700215,3,1610612744,3,2,2,1,2,0,0
2017-18,21700215,4,1610612738,7,12,12,5,2,0,0
2017-18,21700215,4,1610612744,4,6,3,3,1,3,0
2017-18,21700216,1,1610612745,5,7,6,3,2,1,0
2017-18,21700216,1,1610612756,3,4,1,2,1,3,0
2017-18,21700216,2,1610612745,9,18,16,5,4,2,0
2017-18,21700216,2,1610612756,5,6,4,3,2,2,0
2017-18,21700216,3,1610612745,6,10,10,3,2,0,1
2017-18,21700216,3,1610612756,3,1,1,1,1,0,1
2017-18,21700216,4,1610612745,1,3,3,1,0,0,0
2017-18,21700216,4,1610612756,8,10,6,5,2,4,1
2017-18,21700217,1,1610612754,6,9,5,3,3,4,0
2017-18,21700217,1,1610612765,2,4,3,2,0,1,0
2017-18,21700217,2,1610612754,4,2,2,2,2,0,0
2017-18,21700217,2,1610612765,4,4,3,2,1,1,1
2017-18,21700217,3,1610612754,1,2,1,1,0,1,0
2017-18,21700217,3,1610612765,2,0,0,0,2,0,0
2017-18,21700217,4,1610612754,5,8,6,3,2,2,0
2017-18,21700217,4,1610612765,3,2,2,2,1,0,0
2017-18,21700218,1,1610612748,3,3,3,2,1,0,0
2017-18,21700218,1,1610612764,5,6,5,2,2,1,1
2017-18,21700218,2,1610612748,3,1,1,1,2,0,0
2017-18,21700218,2,1610612764,4,0,0,0,3,0,1
2017-18,21700218,3,1610612748,2,4,4,2,0,0,0
2017-18,21700218,3,1610612764,3,3,2,2,0,1,1
2017-18,21700218,4,1610612748,7,10,5,4,3,5,0
2017-18,21700218,4,1610612764,6,7,7,1,4,0,1
2017-18,21700219,1,1610612751,4,3,2,1,2,1,1
2017-18,21700219,1,1610612762,3,4,4,2,1,0,0
2017-18,21700219,2,1610612751,2,0,0,0,2,0,0
2017-18,21700219,2,1610612762,5,7,5,4,1,2,0
2017-18,21700219,3,1610612751,3,6,6,2,1,0,0
2017-18,21700219,3,1610612762,3,3,2,1,1,1,1
2017-18,21700219,4,1610612751,6,11,7,5,1,4,0
2017-18,21700219,4,1610612762,8,10,6,3,4,4,1
2017-18,21700220,1,1610612739,5,6,4,3,2,2,0
2017-18,21700220,1,1610612746,2,0,0,0,2,0,0
2017-18,21700220,2,1610612739,10,14,13,5,5,1,0
2017-18,21700220,2,1610612746,3,2,2,1,1,0,1
2017-18,21700220,3,1610612739,4,3,2,2,2,1,0
2017-18,21700220,3,1610612746,5,8,5,4,1,3,0
2017-18,21700220,4,1610612739,3,2,1,2,1,1,0
2017-18,21700220,4,1610612746,3,4,4,2,1,0,0
2017-18,21700221,1,1610612752,3,4,4,2,1,0,0
2017-18,21700221,1,1610612761,4,8,8,3,0,0,1
2017-18,21700221,2,1610612752,5,6,6,3,2,0,0
2017-18,21700221,2,1610612761,3,0,0,0,2,0,1
2017-18,21700221,3,1610612752,4,2,1,1,3,1,0
2017-18,21700221,3,1610612761,1,2,1,1,0,1,0
2017-18,21700221,4,1610612752,5,5,4,3,2,1,0
2017-18,21700221,4,1610612761,2,1,1,1,0,0,1
2017-18,21700222,1,1610612741,3,5,5,2,1,0,0
2017-18,21700222,1,1610612766,3,6,5,3,0,1,0
2017-18,21700222,2,1610612741,1,1,1,1,0,0,0
2017-18,21700222,2,1610612766,8,11,8,5,3,3,0
2017-18,21700222,3,1610612741,4,2,1,1,3,1,0
2017-18,21700222,3,1610612766,1,3,2,1,0,1,0
2017-18,21700222,4,1610612741,6,5,5,2,4,0,0
2017-18,21700222,4,1610612766,7,14,11,4,3,3,0
2017-18,21700223,1,1610612759,2,3,1,1,1,2,0
2017-18,21700223,1,1610612760,6,7,6,4,2,1,0
2017-18,21700223,2,1610612759,6,10,9,3,3,1,0
2017-18,21700223,2,1610612760,2,0,0,0,2,0,0
2017-18,21700223,3,1610612759,5,4,4,2,3,0,0
2017-18,21700223,3,1610612760,2,3,2,2,0,1,0
2017-18,21700223,4,1610612759,7,11,8,3,4,3,0
2017-18,21700223,4,1610612760,7,11,6,5,2,5,0
2017-18,21700224,1,1610612742,3,3,2,2,1,1,0
2017-18,21700224,1,1610612750,3,5,5,3,0,0,0
2017-18,21700224,2,1610612742,8,10,10,2,3,0,3
2017-18,21700224,2,1610612750,6,8,7,2,3,1,1
2017-18,21700224,3,1610612742,3,4,3,1,1,1,1
2017-18,21700224,3,1610612750,4,3,3,2,2,0,0
2017-18,21700224,4,1610612742,2,0,0,0,2,0,0
2017-18,21700224,4,1610612750,5,7,5,4,1,2,0
2017-18,21700225,1,1610612757,3,1,1,1,2,0,0
2017-18,21700225,1,1610612758,4,1,1,1,3,0,0
2017-18,21700225,2,1610612757,5,3,3,1,4,0,0
2017-18,21700225,2,1610612758,2,2,1,1,1,1,0
2017-18,21700225,3,1610612757,6,6,5,2,3,1,1
2017-18,21700225,3,1610612758,6,3,2,1,4,1,1
2017-18,21700225,4,1610612757,6,6,6,2,3,0,1
2017-18,21700225,4,1610612758,7,9,6,4,3,3,0
2017-18,21700226,1,1610612740,1,2,0,1,0,2,0
2017-18,21700226,1,1610612743,4,3,2,2,2,1,0
2017-18,21700226,2,1610612740,4,5,5,3,1,0,0
2017-18,21700226,2,1610612743,5,9,6,4,1,3,0
2017-18,21700226,3,1610612740,3,1,0,2,0,1,1
2017-18,21700226,3,1610612743,5,5,4,3,2,1,0
2017-18,21700226,4,1610612740,3,2,1,1,2,1,0
2017-18,21700226,4,1610612743,3,4,4,2,1,0,0
2017-18,21700227,1,1610612747,5,5,3,3,2,2,0
2017-18,21700227,1,1610612756,3,2,1,2,1,1,0
2017-18,21700227,2,1610612747,4,2,2,1,3,0,0
2017-18,21700227,2,1610612756,3,1,1,1,1,0,1
2017-18,21700227,3,1610612747,6,9,5,4,1,4,1
2017-18,21700227,3,1610612756,6,7,5,3,2,2,1
2017-18,21700227,4,1610612747,7,8,6,3,3,2,0
2017-18,21700227,4,1610612756,7,9,6,5,2,3,0
2017-18,21700228,1,1610612746,4,7,4,2,1,3,1
2017-18,21700228,1,1610612766,7,12,6,5,2,6,0
2017-18,21700228,2,1610612746,4,4,4,2,2,0,0
2017-18,21700228,2,1610612766,4,6,6,3,1,0,0
2017-18,21700228,3,1610612746,5,3,3,1,3,0,1
2017-18,21700228,3,1610612766,0,0,0,0,0,0,0
2017-18,21700228,4,1610612746,3,5,2,2,1,3,0
2017-18,21700228,4,1610612766,8,11,11,3,3,0,2
2017-18,21700229,1,1610612753,5,6,6,3,2,0,0
2017-18,21700229,1,1610612762,5,8,8,4,1,0,0
2017-18,21700229,2,1610612753,3,5,3,3,0,2,0
2017-18,21700229,2,1610612762,3,1,1,1,2,0,0
2017-18,21700229,3,1610612753,7,8,5,3,4,3,0
2017-18,21700229,3,1610612762,6,4,4,2,4,0,0
2017-18,21700229,4,1610612753,4,4,1,2,2,3,0
2017-18,21700229,4,1610612762,3,5,4,0,1,1,0
2017-18,21700230,1,1610612737,6,11,9,3,1,2,2
2017-18,21700230,1,1610612738,3,5,1,1,1,4,1
2017-18,21700230,2,1610612737,3,0,0,0,3,0,0
2017-18,21700230,2,1610612738,4,3,3,1,3,0,0
2017-18,21700230,3,1610612737,3,2,1,2,0,1,1
2017-18,21700230,3,1610612738,4,5,5,2,0,0,2
2017-18,21700230,4,1610612737,6,7,6,3,3,1,0
2017-18,21700230,4,1610612738,5,7,7,4,1,0,0
2017-18,21700231,1,1610612744,4,3,3,2,2,0,0
2017-18,21700231,1,1610612755,4,5,4,3,1,1,0
2017-18,21700231,2,1610612744,7,6,4,2,5,2,0
2017-18,21700231,2,1610612755,3,5,3,2,1,2,0
2017-18,21700231,3,1610612744,6,8,7,4,2,1,0
2017-18,21700231,3,1610612755,4,0,0,0,3,0,1
2017-18,21700231,4,1610612744,4,3,3,1,3,0,0
2017-18,21700231,4,1610612755,5,6,5,3,2,1,0
2017-18,21700232,1,1610612745,3,5,5,2,1,0,0
2017-18,21700232,1,1610612763,2,0,0,0,2,0,0
2017-18,21700232,2,1610612745,5,5,5,3,2,0,0
2017-18,21700232,2,1610612763,6,8,5,4,2,3,0
2017-18,21700232,3,1610612745,4,4,2,2,2,2,0
2017-18,21700232,3,1610612763,4,3,2,1,2,1,0
2017-18,21700232,4,1610612745,6,7,5,2,4,2,0
2017-18,21700232,4,1610612763,7,8,7,2,4,1,1
2017-18,21700233,1,1610612742,8,8,8,2,4,0,2
2017-18,21700233,1,1610612749,2,4,4,2,0,0,0
2017-18,21700233,2,1610612742,4,2,2,1,2,0,1
2017-18,21700233,2,1610612749,13,18,8,4,9,10,0
2017-18,21700233,3,1610612742,6,7,5,2,4,2,0
2017-18,21700233,3,1610612749,4,3,3,2,2,0,0
2017-18,21700233,4,1610612742,4,2,1,1,1,1,2
2017-18,21700233,4,1610612749,4,6,2,3,1,4,0
2017-18,21700234,1,1610612757,4,2,2,1,3,0,0
2017-18,21700234,1,1610612758,3,2,2,1,2,0,0
2017-18,21700234,2,1610612757,6,6,6,1,5,0,0
2017-18,21700234,2,1610612758,5,3,2,2,3,1,0
2017-18,21700234,3,1610612757,8,10,7,1,6,3,1
2017-18,21700234,3,1610612758,5,5,3,3,1,2,1
2017-18,21700234,4,1610612757,4,3,1,2,2,2,0
2017-18,21700234,4,1610612758,5,8,7,3,2,1,0
2017-18,21700235,1,1610612748,2,0,0,0,2,0,0
2017-18,21700235,1,1610612754,3,3,3,2,1,0,0
2017-18,21700235,2,1610612748,2,2,2,1,1,0,0
2017-18,21700235,2,1610612754,3,5,4,2,1,1,0
2017-18,21700235,3,1610612748,2,0,0,0,1,0,1
2017-18,21700235,3,1610612754,4,0,0,0,3,0,1
2017-18,21700235,4,1610612748,7,12,10,5,2,2,0
2017-18,21700235,4,1610612754,0,0,0,0,0,0,0
2017-18,21700236,1,1610612744,3,4,2,2,0,2,1
2017-18,21700236,1,1610612751,2,1,0,1,1,1,0
2017-18,21700236,2,1610612744,5,6,4,4,1,2,0
2017-18,21700236,2,1610612751,7,12,8,5,2,4,0
2017-18,21700236,3,1610612744,7,7,5,1,5,2,1
2017-18,21700236,3,1610612751,7,12,9,7,0,3,0
2017-18,21700236,4,1610612744,4,6,5,1,3,1,0
2017-18,21700236,4,1610612751,8,14,10,6,1,4,0
2017-18,21700237,1,1610612761,2,2,1,2,0,1,0
2017-18,21700237,1,1610612764,4,5,2,3,1,3,0
2017-18,21700237,2,1610612761,4,7,6,3,1,1,0
2017-18,21700237,2,1610612764,6,6,3,2,4,3,0
2017-18,21700237,3,1610612761,2,0,0,0,2,0,0
2017-18,21700237,3,1610612764,5,4,3,0,3,1,2
2017-18,21700237,4,1610612761,4,5,3,3,1,2,0
2017-18,21700237,4,1610612764,2,6,4,2,0,2,0
2017-18,21700238,1,1610612750,4,0,0,0,4,0,0
2017-18,21700238,1,1610612765,4,4,3,2,1,1,1
2017-18,21700238,2,1610612750,6,7,5,3,3,2,0
2017-18,21700238,2,1610612765,3,5,4,2,1,1,0
2017-18,21700238,3,1610612750,4,4,2,3,0,2,1
2017-18,21700238,3,1610612765,6,6,4,4,2,2,0
2017-18,21700238,4,1610612750,5,7,5,3,2,2,0
2017-18,21700238,4,1610612765,6,5,3,2,4,2,0
2017-18,21700239,1,1610612741,3,3,3,2,1,0,0
2017-18,21700239,1,1610612756,4,3,3,2,1,0,1
2017-18,21700239,2,1610612741,5,4,3,1,3,1,1
2017-18,21700239,2,1610612756,7,6,4,1,5,2,1
2017-18,21700239,3,1610612741,4,3,1,1,1,2,1
2017-18,21700239,3,1610612756,3,5,2,2,1,3,0
2017-18,21700239,4,1610612741,4,4,2,2,2,2,0
2017-18,21700239,4,1610612756,6,8,7,4,1,1,1
2017-18,21700240,1,1610612743,6,10,8,3,2,2,1
2017-18,21700240,1,1610612747,4,3,1,3,1,2,0
2017-18,21700240,2,1610612743,6,8,6,2,3,2,1
2017-18,21700240,2,1610612747,4,6,4,2,2,2,0
2017-18,21700240,3,1610612743,5,6,6,3,1,0,1
2017-18,21700240,3,1610612747,4,3,1,2,1,2,1
2017-18,21700240,4,1610612743,8,11,4,6,2,7,0
2017-18,21700240,4,1610612747,2,4,3,2,0,1,0
2017-18,21700241,1,1610612750,3,5,5,3,0,0,0
2017-18,21700241,1,1610612766,5,7,6,4,1,1,0
2017-18,21700241,2,1610612750,3,6,6,2,1,0,0
2017-18,21700241,2,1610612766,2,4,3,2,0,1,0
2017-18,21700241,3,1610612750,5,8,5,2,2,3,0
2017-18,21700241,3,1610612766,4,5,5,3,1,0,0
2017-18,21700241,4,1610612750,6,7,6,2,4,1,0
2017-18,21700241,4,1610612766,8,13,9,2,5,4,1
2017-18,21700242,1,1610612739,5,6,5,4,1,1,0
2017-18,21700242,1,1610612765,2,4,2,2,0,2,0
2017-18,21700242,2,1610612739,6,5,5,1,4,0,1
2017-18,21700242,2,1610612765,3,4,2,2,1,2,0
2017-18,21700242,3,1610612739,4,4,4,2,2,0,0
2017-18,21700242,3,1610612765,4,3,2,2,2,1,0
2017-18,21700242,4,1610612739,2,2,2,1,1,0,0
2017-18,21700242,4,1610612765,4,2,1,1,3,1,0
2017-18,21700243,1,1610612753,5,5,4,2,2,1,1
2017-18,21700243,1,1610612754,5,8,7,2,3,1,0
2017-18,21700243,2,1610612753,5,3,1,2,2,2,1
2017-18,21700243,2,1610612754,1,2,1,1,0,1,0
2017-18,21700243,3,1610612753,5,7,4,3,2,3,0
2017-18,21700243,3,1610612754,7,14,10,5,2,4,0
2017-18,21700243,4,1610612753,6,8,5,3,3,3,0
2017-18,21700243,4,1610612754,5,5,5,1,4,0,0
2017-18,21700244,1,1610612755,2,4,3,2,0,1,0
2017-18,21700244,1,1610612762,3,4,4,2,1,0,0
2017-18,21700244,2,1610612755,7,9,6,5,2,3,0
2017-18,21700244,2,1610612762,4,2,2,1,3,0,0
2017-18,21700244,3,1610612755,2,0,0,0,2,0,0
2017-18,21700244,3,1610612762,3,5,5,2,1,0,0
2017-18,21700244,4,1610612755,7,9,6,4,3,3,0
2017-18,21700244,4,1610612762,7,8,6,3,3,2,1
2017-18,21700245,1,1610612746,3,4,2,2,1,2,0
2017-18,21700245,1,1610612752,6,9,8,3,2,1,0
2017-18,21700245,2,1610612746,4,6,4,4,0,2,0
2017-18,21700245,2,1610612752,4,3,3,2,1,0,1
2017-18,21700245,3,1610612746,4,0,0,0,3,0,1
2017-18,21700245,3,1610612752,4,6,6,3,1,0,0
2017-18,21700245,4,1610612746,8,11,9,2,6,2,0
2017-18,21700245,4,1610612752,7,7,7,2,4,0,1
2017-18,21700246,1,1610612757,4,2,1,1,3,1,0
2017-18,21700246,1,1610612763,4,6,6,4,0,0,0
2017-18,21700246,2,1610612757,11,16,14,6,2,2,3
2017-18,21700246,2,1610612763,4,7,6,4,0,1,0
2017-18,21700246,3,1610612757,3,3,3,1,2,0,0
2017-18,21700246,3,1610612763,6,6,4,2,3,2,1
2017-18,21700246,4,1610612757,6,11,10,5,1,1,0
2017-18,21700246,4,1610612763,5,4,2,3,2,2,0
2017-18,21700247,1,1610612749,3,2,2,2,1,0,0
2017-18,21700247,1,1610612764,4,2,1,1,2,1,0
2017-18,21700247,2,1610612749,3,5,4,2,1,1,0
2017-18,21700247,2,1610612764,5,4,4,2,3,0,0
2017-18,21700247,3,1610612749,2,2,1,1,1,1,0
2017-18,21700247,3,1610612764,3,1,0,1,2,1,0
2017-18,21700247,4,1610612749,8,10,7,6,2,3,0
2017-18,21700247,4,1610612764,7,10,7,4,3,3,0
2017-18,21700248,1,1610612740,4,5,4,3,1,1,0
2017-18,21700248,1,1610612760,3,0,0,0,3,0,0
2017-18,21700248,2,1610612740,7,12,10,5,1,2,1
2017-18,21700248,2,1610612760,8,10,8,5,3,2,0
2017-18,21700248,3,1610612740,1,0,0,0,1,0,0
2017-18,21700248,3,1610612760,7,14,11,4,2,3,0
2017-18,21700248,4,1610612740,11,15,11,1,8,4,1
2017-18,21700248,4,1610612760,4,2,1,1,3,1,0
2017-18,21700249,1,1610612738,4,3,3,2,1,0,1
2017-18,21700249,1,1610612742,3,2,1,1,2,1,0
2017-18,21700249,2,1610612738,5,6,2,2,3,4,0
2017-18,21700249,2,1610612742,6,4,3,1,3,1,2
2017-18,21700249,3,1610612738,6,9,9,3,2,0,1
2017-18,21700249,3,1610612742,5,6,6,2,3,0,0
2017-18,21700249,4,1610612738,4,3,3,2,2,0,0
2017-18,21700249,4,1610612742,6,6,5,2,4,1,0
2017-18,21700250,1,1610612737,1,1,0,1,0,1,0
2017-18,21700250,1,1610612759,5,4,4,2,3,0,0
2017-18,21700250,2,1610612737,4,0,0,0,2,0,2
2017-18,21700250,2,1610612759,2,0,0,0,2,0,0
2017-18,21700250,3,1610612737,3,1,0,1,2,1,0
2017-18,21700250,3,1610612759,5,2,2,0,4,0,1
2017-18,21700250,4,1610612737,6,6,3,2,3,3,1
2017-18,21700250,4,1610612759,1,0,0,0,1,0,0
2017-18,21700251,1,1610612743,5,7,6,4,1,1,0
2017-18,21700251,1,1610612758,4,3,2,2,1,1,1
2017-18,21700251,2,1610612743,3,2,1,1,1,1,0
2017-18,21700251,2,1610612758,4,3,3,2,1,0,1
2017-18,21700251,3,1610612743,3,4,3,2,1,1,0
2017-18,21700251,3,1610612758,3,3,3,2,1,0,0
2017-18,21700251,4,1610612743,6,7,5,4,2,2,0
2017-18,21700251,4,1610612758,2,0,0,0,2,0,0
2017-18,21700252,1,1610612741,1,0,0,0,1,0,0
2017-18,21700252,1,1610612747,2,0,0,0,2,0,0
2017-18,21700252,2,1610612741,3,3,3,1,2,0,0
2017-18,21700252,2,1610612747,2,4,3,2,0,1,0
2017-18,21700252,3,1610612741,6,8,5,2,3,3,1
2017-18,21700252,3,1610612747,5,10,8,5,0,2,0
2017-18,21700252,4,1610612741,4,5,3,3,0,2,1
2017-18,21700252,4,1610612747,9,11,7,2,4,4,2
2017-18,21700253,1,1610612764,5,4,3,1,4,1,0
2017-18,21700253,1,1610612766,4,6,5,3,1,1,0
2017-18,21700253,2,1610612764,3,3,3,2,1,0,0
2017-18,21700253,2,1610612766,8,11,10,5,2,1,1
2017-18,21700253,3,1610612764,5,7,6,2,2,1,0
2017-18,21700253,3,1610612766,6,8,4,3,3,4,0
2017-18,21700253,4,1610612764,5,6,4,2,3,2,0
2017-18,21700253,4,1610612766,8,12,12,4,2,0,2
2017-18,21700254,1,1610612739,2,4,1,2,0,3,0
2017-18,21700254,1,1610612751,2,0,0,0,2,0,0
2017-18,21700254,2,1610612739,3,2,1,1,2,1,0
2017-18,21700254,2,1610612751,1,0,0,0,1,0,0
2017-18,21700254,3,1610612739,4,8,7,3,1,1,0
2017-18,21700254,3,1610612751,5,4,3,1,4,1,0
2017-18,21700254,4,1610612739,9,13,10,4,4,3,1
2017-18,21700254,4,1610612751,8,12,8,4,4,4,0
2017-18,21700255,1,1610612755,6,8,7,4,2,1,0
2017-18,21700255,1,1610612757,4,2,2,1,3,0,0
2017-18,21700255,2,1610612755,4,2,0,1,3,2,0
2017-18,21700255,2,1610612757,4,6,3,3,1,3,0
2017-18,21700255,3,1610612755,1,2,1,1,0,1,0
2017-18,21700255,3,1610612757,5,5,4,3,2,1,0
2017-18,21700255,4,1610612755,5,5,4,2,3,1,0
2017-18,21700255,4,1610612757,8,11,5,4,4,6,0
2017-18,21700256,1,1610612737,3,4,4,2,1,0,0
2017-18,21700256,1,1610612746,5,7,6,2,2,1,1
2017-18,21700256,2,1610612737,6,5,5,3,3,0,0
2017-18,21700256,2,1610612746,5,7,3,4,1,4,0
2017-18,21700256,3,1610612737,3,4,2,2,1,2,0
2017-18,21700256,3,1610612746,5,4,4,1,3,0,1
2017-18,21700256,4,1610612737,1,2,2,1,0,0,0
2017-18,21700256,4,1610612746,2,1,0,1,1,1,0
2017-18,21700257,1,1610612738,1,0,0,0,0,0,1
2017-18,21700257,1,1610612748,2,2,2,1,1,0,0
2017-18,21700257,2,1610612738,5,7,4,3,2,3,0
2017-18,21700257,2,1610612748,3,5,5,2,0,0,0
2017-18,21700257,3,1610612738,7,6,5,1,6,1,0
2017-18,21700257,3,1610612748,6,3,2,1,5,1,0
2017-18,21700257,4,1610612738,8,14,10,5,1,4,2
2017-18,21700257,4,1610612748,7,6,5,1,6,1,0
2017-18,21700258,1,1610612752,3,4,3,2,1,1,0
2017-18,21700258,1,1610612761,3,4,2,2,1,2,0
2017-18,21700258,2,1610612752,5,3,1,1,3,2,0
2017-18,21700258,2,1610612761,3,4,1,2,0,3,1
2017-18,21700258,3,1610612752,7,7,7,2,5,0,0
2017-18,21700258,3,1610612761,6,8,7,2,3,1,1
2017-18,21700258,4,1610612752,4,3,3,2,2,0,0
2017-18,21700258,4,1610612761,4,2,2,1,2,0,1
2017-18,21700259,1,1610612743,5,6,4,2,3,2,0
2017-18,21700259,1,1610612745,8,11,7,6,2,4,0
2017-18,21700259,2,1610612743,5,7,4,3,2,3,0
2017-18,21700259,2,1610612745,4,8,8,3,1,0,0
2017-18,21700259,3,1610612743,7,6,4,2,5,2,0
2017-18,21700259,3,1610612745,1,2,1,1,0,1,0
2017-18,21700259,4,1610612743,4,4,3,3,0,1,1
2017-18,21700259,4,1610612745,1,2,1,1,0,1,0
2017-18,21700260,1,1610612742,3,2,1,1,2,1,0
2017-18,21700260,1,1610612763,1,0,0,0,1,0,0
2017-18,21700260,2,1610612742,6,5,3,2,4,2,0
2017-18,21700260,2,1610612763,5,8,8,3,1,0,1
2017-18,21700260,3,1610612742,5,3,1,1,4,2,0
2017-18,21700260,3,1610612763,3,2,2,1,2,0,0
2017-18,21700260,4,1610612742,6,6,3,2,3,3,1
2017-18,21700260,4,1610612763,5,4,3,3,2,1,0
2017-18,21700261,1,1610612750,4,6,4,3,1,2,0
2017-18,21700261,1,1610612753,2,5,2,2,0,3,0
2017-18,21700261,2,1610612750,7,11,10,6,1,1,0
2017-18,21700261,2,1610612753,5,5,5,2,2,0,1
2017-18,21700261,3,1610612750,10,15,13,7,3,2,0
2017-18,21700261,3,1610612753,4,4,2,2,2,2,0
2017-18,21700261,4,1610612750,9,13,9,0,9,4,0
2017-18,21700261,4,1610612753,5,8,5,3,2,3,0
2017-18,21700262,1,1610612740,3,3,3,2,1,0,0
2017-18,21700262,1,1610612759,5,6,6,2,2,0,1
2017-18,21700262,2,1610612740,6,7,6,3,2,1,1
2017-18,21700262,2,1610612759,3,3,3,2,1,0,0
2017-18,21700262,3,1610612740,5,5,5,3,2,0,0
2017-18,21700262,3,1610612759,3,2,2,1,2,0,0
2017-18,21700262,4,1610612740,6,9,8,3,3,1,0
2017-18,21700262,4,1610612759,5,4,3,1,4,1,0
2017-18,21700263,1,1610612744,5,8,6,4,1,2,0
2017-18,21700263,1,1610612760,5,5,1,3,1,4,1
2017-18,21700263,2,1610612744,3,2,1,1,2,1,0
2017-18,21700263,2,1610612760,5,10,9,4,1,1,0
2017-18,21700263,3,1610612744,6,6,6,3,3,0,0
2017-18,21700263,3,1610612760,7,9,7,3,3,2,0
2017-18,21700263,4,1610612744,4,2,2,1,2,0,1
2017-18,21700263,4,1610612760,1,2,1,1,0,1,0
2017-18,21700264,1,1610612749,4,5,5,3,1,0,0
2017-18,21700264,1,1610612756,5,4,2,2,3,2,0
2017-18,21700264,2,1610612749,6,10,4,5,1,6,0
2017-18,21700264,2,1610612756,7,8,7,5,2,1,0
2017-18,21700264,3,1610612749,4,4,2,2,0,2,2
2017-18,21700264,3,1610612756,7,9,6,3,4,3,0
2017-18,21700264,4,1610612749,6,8,6,2,3,2,1
2017-18,21700264,4,1610612756,7,12,11,6,1,1,0
2017-18,21700265,1,1610612741,1,2,1,1,0,1,0
2017-18,21700265,1,1610612762,2,3,3,2,0,0,0
2017-18,21700265,2,1610612741,6,6,6,2,3,0,1
2017-18,21700265,2,1610612762,5,4,4,1,4,0,0
2017-18,21700265,3,1610612741,6,10,8,5,1,2,0
2017-18,21700265,3,1610612762,7,8,7,2,4,1,1
2017-18,21700265,4,1610612741,2,2,2,1,0,0,1
2017-18,21700265,4,1610612762,3,4,2,2,1,2,0
2017-18,21700266,1,1610612747,4,0,0,0,3,0,1
2017-18,21700266,1,1610612758,5,1,1,1,3,0,1
2017-18,21700266,2,1610612747,3,4,0,1,2,4,0
2017-18,21700266,2,1610612758,4,3,1,2,2,2,0
2017-18,21700266,3,1610612747,5,5,4,3,2,1,0
2017-18,21700266,3,1610612758,5,4,3,1,4,1,0
2017-18,21700266,4,1610612747,5,6,5,3,2,1,0
2017-18,21700266,4,1610612758,4,6,4,4,0,2,0
2017-18,21700267,1,1610612751,2,2,0,1,1,2,0
2017-18,21700267,1,1610612757,3,2,1,1,2,1,0
2017-18,21700267,2,1610612751,3,4,3,2,0,1,1
2017-18,21700267,2,1610612757,3,6,5,3,0,1,0
2017-18,21700267,3,1610612751,7,12,10,3,3,2,1
2017-18,21700267,3,1610612757,4,8,5,4,0,3,0
2017-18,21700267,4,1610612751,4,3,2,2,2,1,0
2017-18,21700267,4,1610612757,12,19,14,7,5,5,0
2017-18,21700268,1,1610612737,3,2,2,1,1,0,1
2017-18,21700268,1,1610612752,4,3,3,2,2,0,0
2017-18,21700268,2,1610612737,5,3,2,1,3,1,1
2017-18,21700268,2,1610612752,5,7,6,5,0,1,0
2017-18,21700268,3,1610612737,4,5,5,3,1,0,0
2017-18,21700268,3,1610612752,3,2,1,1,2,1,0
2017-18,21700268,4,1610612737,4,2,0,1,3,2,0
2017-18,21700268,4,1610612752,3,2,2,1,1,0,1
2017-18,21700269,1,1610612738,3,5,3,3,0,2,0
2017-18,21700269,1,1610612753,6,10,7,5,1,3,0
2017-18,21700269,2,1610612738,4,3,3,2,2,0,0
2017-18,21700269,2,1610612753,5,4,4,2,3,0,0
2017-18,21700269,3,1610612738,4,9,7,4,0,2,0
2017-18,21700269,3,1610612753,5,4,1,1,4,3,0
2017-18,21700269,4,1610612738,4,8,4,3,0,4,0
2017-18,21700269,4,1610612753,3,1,0,0,2,1,1
2017-18,21700270,1,1610612739,4,2,2,1,2,0,1
2017-18,21700270,1,1610612766,3,4,3,2,1,1,0
2017-18,21700270,2,1610612739,2,2,2,1,1,0,0
2017-18,21700270,2,1610612766,4,4,2,2,2,2,0
2017-18,21700270,3,1610612739,3,4,2,2,1,2,0
2017-18,21700270,3,1610612766,5,5,4,3,2,1,0
2017-18,21700270,4,1610612739,6,7,5,3,2,2,1
2017-18,21700270,4,1610612766,10,14,7,6,3,7,1
2017-18,21700271,1,1610612754,4,4,2,2,2,2,0
2017-18,21700271,1,1610612761,5,8,6,3,2,2,0
2017-18,21700271,2,1610612754,1,3,2,1,0,1,0
2017-18,21700271,2,1610612761,3,5,4,3,0,1,0
2017-18,21700271,3,1610612754,8,13,11,4,3,2,1
2017-18,21700271,3,1610612761,4,3,2,2,2,1,0
2017-18,21700271,4,1610612754,5,7,5,3,2,2,0
2017-18,21700271,4,1610612761,5,4,3,2,2,1,1
2017-18,21700272,1,1610612748,4,1,1,1,2,0,1
2017-18,21700272,1,1610612750,5,5,3,3,2,2,0
2017-18,21700272,2,1610612748,5,9,7,3,2,2,0
2017-18,21700272,2,1610612750,3,5,3,2,1,2,0
2017-18,21700272,3,1610612748,3,4,4,2,1,0,0
2017-18,21700272,3,1610612750,6,7,4,4,1,3,1
2017-18,21700272,4,1610612748,3,2,2,1,1,0,1
2017-18,21700272,4,1610612750,8,9,6,4,4,3,0
2017-18,21700273,1,1610612760,6,5,5,2,4,0,0
2017-18,21700273,1,1610612765,1,0,0,0,1,0,0
2017-18,21700273,2,1610612760,2,0,0,0,0,0,2
2017-18,21700273,2,1610612765,3,2,2,1,1,0,1
2017-18,21700273,3,1610612760,2,2,1,1,1,1,0
2017-18,21700273,3,1610612765,5,5,3,2,1,2,1
2017-18,21700273,4,1610612760,4,1,0,1,2,1,1
2017-18,21700273,4,1610612765,1,2,2,1,0,0,0
2017-18,21700274,1,1610612743,3,6,2,3,0,4,0
2017-18,21700274,1,1610612763,3,2,2,1,2,0,0
2017-18,21700274,2,1610612743,5,7,3,4,1,4,0
2017-18,21700274,2,1610612763,5,6,6,2,3,0,0
2017-18,21700274,3,1610612743,3,6,4,3,0,2,0
2017-18,21700274,3,1610612763,3,1,1,0,2,0,1
2017-18,21700274,4,1610612743,7,7,6,2,5,1,0
2017-18,21700274,4,1610612763,5,7,2,3,1,5,0
2017-18,21700275,1,1610612740,5,6,4,3,2,2,0
2017-18,21700275,1,1610612756,2,3,2,1,1,1,0
2017-18,21700275,2,1610612740,3,3,3,2,1,0,0
2017-18,21700275,2,1610612756,4,4,4,2,2,0,0
2017-18,21700275,3,1610612740,6,11,8,3,1,3,2
2017-18,21700275,3,1610612756,2,0,0,0,2,0,0
2017-18,21700275,4,1610612740,2,2,1,1,1,1,0
2017-18,21700275,4,1610612756,9,11,9,4,4,2,1
2017-18,21700276,1,1610612741,5,6,4,2,3,2,0
2017-18,21700276,1,1610612744,2,1,1,1,1,0,0
2017-18,21700276,2,1610612741,2,1,1,1,1,0,0
2017-18,21700276,2,1610612744,8,13,13,6,1,0,1
2017-18,21700276,3,1610612741,4,5,4,2,2,1,0
2017-18,21700276,3,1610612744,4,6,6,2,1,0,0
2017-18,21700276,4,1610612741,2,3,2,2,0,1,0
2017-18,21700276,4,1610612744,2,1,1,1,1,0,0
2017-18,21700277,1,1610612759,3,2,1,1,2,1,0
2017-18,21700277,1,1610612766,4,4,3,2,1,1,1
2017-18,21700277,2,1610612759,2,2,2,1,1,0,0
2017-18,21700277,2,1610612766,4,4,2,2,1,2,1
2017-18,21700277,3,1610612759,7,11,9,4,2,2,1
2017-18,21700277,3,1610612766,4,7,7,4,0,0,0
2017-18,21700277,4,1610612759,5,10,10,5,0,0,0
2017-18,21700277,4,1610612766,6,11,8,4,2,3,0
2017-18,21700278,1,1610612753,5,10,9,5,0,1,0
2017-18,21700278,1,1610612755,4,5,4,2,2,1,0
2017-18,21700278,2,1610612753,4,2,1,1,3,1,0
2017-18,21700278,2,1610612755,3,2,1,2,1,1,0
2017-18,21700278,3,1610612753,6,8,6,3,3,2,0
2017-18,21700278,3,1610612755,3,6,6,3,0,0,0
2017-18,21700278,4,1610612753,7,11,5,6,1,6,0
2017-18,21700278,4,1610612755,7,7,7,1,6,0,0
2017-18,21700279,1,1610612757,0,0,0,0,0,0,0
2017-18,21700279,1,1610612764,4,4,4,2,2,0,0
2017-18,21700279,2,1610612757,3,3,2,1,2,1,0
2017-18,21700279,2,1610612764,4,3,3,2,1,0,1
2017-18,21700279,3,1610612757,1,4,3,1,0,1,0
2017-18,21700279,3,1610612764,4,7,6,3,0,1,1
2017-18,21700279,4,1610612757,10,15,12,5,4,3,0
2017-18,21700279,4,1610612764,3,2,2,1,2,0,0
2017-18,21700280,1,1610612737,5,5,5,3,1,0,1
2017-18,21700280,1,1610612761,4,5,3,3,1,2,0
2017-18,21700280,2,1610612737,5,4,4,2,3,0,0
2017-18,21700280,2,1610612761,5,2,2,0,5,0,0
2017-18,21700280,3,1610612737,2,2,2,0,1,0,0
2017-18,21700280,3,1610612761,3,2,2,1,2,0,0
2017-18,21700280,4,1610612737,9,12,9,3,5,3,1
2017-18,21700280,4,1610612761,1,0,0,0,1,0,0
2017-18,21700281,1,1610612738,1,0,0,0,1,0,0
2017-18,21700281,1,1610612754,3,4,4,2,1,0,0
2017-18,21700281,2,1610612738,3,3,3,2,1,0,0
2017-18,21700281,2,1610612754,1,0,0,0,0,0,1
2017-18,21700281,3,1610612738,4,6,5,4,0,1,0
2017-18,21700281,3,1610612754,3,4,4,2,1,0,0
2017-18,21700281,4,1610612738,1,0,0,0,0,0,1
2017-18,21700281,4,1610612754,6,7,7,4,1,0,1
2017-18,21700282,1,1610612745,5,5,4,3,1,1,1
2017-18,21700282,1,1610612752,4,6,4,3,1,2,0
2017-18,21700282,2,1610612745,5,8,6,4,1,2,0
2017-18,21700282,2,1610612752,3,5,4,2,1,1,0
2017-18,21700282,3,1610612745,5,9,7,3,1,2,0
2017-18,21700282,3,1610612752,1,0,0,0,1,0,0
2017-18,21700282,4,1610612745,3,0,0,0,2,0,1
2017-18,21700282,4,1610612752,6,8,6,3,1,2,2
2017-18,21700283,1,1610612742,3,2,1,1,2,1,0
2017-18,21700283,1,1610612760,5,7,5,4,0,2,1
2017-18,21700283,2,1610612742,5,5,4,2,3,1,0
2017-18,21700283,2,1610612760,2,2,1,1,1,1,0
2017-18,21700283,3,1610612742,1,2,2,1,0,0,0
2017-18,21700283,3,1610612760,4,2,2,1,3,0,0
2017-18,21700283,4,1610612742,3,2,1,1,2,1,0
2017-18,21700283,4,1610612760,4,2,2,1,3,0,0
2017-18,21700284,1,1610612740,5,2,2,0,5,0,0
2017-18,21700284,1,1610612744,5,2,2,0,2,0,3
2017-18,21700284,2,1610612740,7,12,8,3,4,4,0
2017-18,21700284,2,1610612744,6,9,8,4,1,1,0
2017-18,21700284,3,1610612740,6,6,3,1,5,3,0
2017-18,21700284,3,1610612744,5,8,6,3,2,2,0
2017-18,21700284,4,1610612740,3,3,3,2,1,0,0
2017-18,21700284,4,1610612744,7,8,6,2,2,2,3
2017-18,21700285,1,1610612749,6,10,10,4,2,0,0
2017-18,21700285,1,1610612762,5,4,3,1,3,1,1
2017-18,21700285,2,1610612749,4,2,2,2,2,0,0
2017-18,21700285,2,1610612762,6,6,4,3,3,2,0
2017-18,21700285,3,1610612749,3,2,1,2,1,1,0
2017-18,21700285,3,1610612762,2,1,0,1,1,1,0
2017-18,21700285,4,1610612749,5,9,5,3,1,4,1
2017-18,21700285,4,1610612762,6,8,4,2,3,4,1
2017-18,21700286,1,1610612746,4,2,2,1,2,0,1
2017-18,21700286,1,1610612758,3,3,3,1,2,0,0
2017-18,21700286,2,1610612746,4,2,2,2,1,0,0
2017-18,21700286,2,1610612758,4,4,3,3,1,1,0
2017-18,21700286,3,1610612746,4,3,3,2,2,0,0
2017-18,21700286,3,1610612758,1,2,2,1,0,0,0
2017-18,21700286,4,1610612746,4,6,5,3,1,1,0
2017-18,21700286,4,1610612758,3,0,0,0,3,0,0
2017-18,21700287,1,1610612741,2,2,2,1,1,0,0
2017-18,21700287,1,1610612748,2,2,2,1,1,0,0
2017-18,21700287,2,1610612741,3,2,2,1,1,0,1
2017-18,21700287,2,1610612748,5,7,6,3,2,1,0
2017-18,21700287,3,1610612741,2,0,0,0,2,0,0
2017-18,21700287,3,1610612748,3,5,4,2,1,1,0
2017-18,21700287,4,1610612741,7,12,9,6,1,3,0
2017-18,21700287,4,1610612748,8,9,7,4,4,2,0
2017-18,21700288,1,1610612750,2,0,0,0,2,0,0
2017-18,21700288,1,1610612756,2,3,2,2,0,1,0
2017-18,21700288,2,1610612750,8,9,5,3,4,4,1
2017-18,21700288,2,1610612756,4,6,4,3,1,2,0
2017-18,21700288,3,1610612750,4,2,1,1,3,1,0
2017-18,21700288,3,1610612756,4,1,1,1,3,0,0
2017-18,21700288,4,1610612750,5,6,6,4,1,0,0
2017-18,21700288,4,1610612756,2,2,2,1,0,0,1
2017-18,21700289,1,1610612751,4,5,4,3,0,1,1
2017-18,21700289,1,1610612763,5,4,4,2,3,0,0
2017-18,21700289,2,1610612751,5,7,5,3,2,2,0
2017-18,21700289,2,1610612763,3,2,2,1,2,0,0
2017-18,21700289,3,1610612751,4,3,3,2,2,0,0
2017-18,21700289,3,1610612763,5,6,6,3,2,0,0
2017-18,21700289,4,1610612751,7,8,7,3,3,1,1
2017-18,21700289,4,1610612763,5,6,4,3,1,2,1
2017-18,21700290,1,1610612753,0,0,0,0,0,0,0
2017-18,21700290,1,1610612754,4,8,8,4,0,0,0
2017-18,21700290,2,1610612753,6,5,4,2,3,1,1
2017-18,21700290,2,1610612754,4,0,0,0,4,0,0
2017-18,21700290,3,1610612753,5,5,4,2,3,1,0
2017-18,21700290,3,1610612754,6,8,6,4,1,2,1
2017-18,21700290,4,1610612753,6,6,5,2,4,1,0
2017-18,21700290,4,1610612754,7,10,8,6,0,2,1
2017-18,21700291,1,1610612739,6,8,7,3,3,1,0
2017-18,21700291,1,1610612755,2,0,0,0,1,0,1
2017-18,21700291,2,1610612739,4,3,1,1,2,2,1
2017-18,21700291,2,1610612755,5,4,3,2,3,1,0
2017-18,21700291,3,1610612739,4,6,5,2,2,1,0
2017-18,21700291,3,1610612755,8,10,8,4,4,2,0
2017-18,21700291,4,1610612739,3,3,3,1,2,0,0
2017-18,21700291,4,1610612755,6,6,5,2,4,1,0
2017-18,21700292,1,1610612738,2,1,0,1,1,1,0
2017-18,21700292,1,1610612765,1,0,0,0,1,0,0
2017-18,21700292,2,1610612738,6,8,4,3,3,4,0
2017-18,21700292,2,1610612765,3,5,4,2,1,1,0
2017-18,21700292,3,1610612738,5,5,2,2,2,3,1
2017-18,21700292,3,1610612765,7,8,6,4,3,2,0
2017-18,21700292,4,1610612738,5,7,6,3,1,1,1
2017-18,21700292,4,1610612765,10,10,9,3,7,1,0
2017-18,21700293,1,1610612752,3,3,2,1,2,1,0
2017-18,21700293,1,1610612757,3,5,5,2,0,0,1
2017-18,21700293,2,1610612752,4,2,2,1,3,0,0
2017-18,21700293,2,1610612757,3,1,1,1,1,0,1
2017-18,21700293,3,1610612752,5,5,4,3,2,1,0
2017-18,21700293,3,1610612757,6,10,9,4,2,1,0
2017-18,21700293,4,1610612752,8,12,8,5,2,4,1
2017-18,21700293,4,1610612757,7,10,7,1,6,3,0
2017-18,21700294,1,1610612745,5,3,2,3,2,1,0
2017-18,21700294,1,1610612751,3,4,3,3,0,1,0
2017-18,21700294,2,1610612745,3,4,3,2,1,1,0
2017-18,21700294,2,1610612751,2,1,1,1,1,0,0
2017-18,21700294,3,1610612745,6,10,6,4,1,4,1
2017-18,21700294,3,1610612751,7,6,5,4,3,1,0
2017-18,21700294,4,1610612745,4,3,2,2,2,1,0
2017-18,21700294,4,1610612751,4,6,4,3,0,2,1
2017-18,21700295,1,1610612742,2,3,2,1,1,1,0
2017-18,21700295,1,1610612759,2,0,0,0,2,0,0
2017-18,21700295,2,1610612742,4,5,3,2,2,2,0
2017-18,21700295,2,1610612759,4,8,7,4,0,1,0
2017-18,21700295,3,1610612742,5,2,2,1,4,0,0
2017-18,21700295,3,1610612759,4,4,4,3,1,0,0
2017-18,21700295,4,1610612742,4,7,5,4,0,2,0
2017-18,21700295,4,1610612759,8,9,8,4,4,1,0
2017-18,21700296,1,1610612744,3,4,3,2,1,1,0
2017-18,21700296,1,1610612758,2,1,1,1,1,0,0
2017-18,21700296,2,1610612744,3,2,1,1,2,1,0
2017-18,21700296,2,1610612758,3,7,6,3,0,1,0
2017-18,21700296,3,1610612744,5,8,6,4,1,2,0
2017-18,21700296,3,1610612758,3,3,2,2,1,1,0
2017-18,21700296,4,1610612744,2,0,0,0,2,0,0
2017-18,21700296,4,1610612758,6,10,8,5,1,2,0
2017-18,21700297,1,1610612746,6,8,7,4,2,1,0
2017-18,21700297,1,1610612747,5,4,4,2,3,0,0
2017-18,21700297,2,1610612746,5,4,4,3,1,0,1
2017-18,21700297,2,1610612747,4,4,2,2,2,2,0
2017-18,21700297,3,1610612746,7,5,5,2,5,0,0
2017-18,21700297,3,1610612747,6,11,6,6,0,5,0
2017-18,21700297,4,1610612746,7,13,12,4,2,1,1
2017-18,21700297,4,1610612747,4,5,4,3,0,1,1
2017-18,21700298,1,1610612739,8,11,8,3,4,3,1
2017-18,21700298,1,1610612748,2,3,0,2,0,3,0
2017-18,21700298,2,1610612739,3,1,1,1,1,0,1
2017-18,21700298,2,1610612748,7,10,7,6,0,3,1
2017-18,21700298,3,1610612739,6,10,8,3,3,2,0
2017-18,21700298,3,1610612748,4,5,4,2,2,1,0
2017-18,21700298,4,1610612739,2,1,0,1,1,1,0
2017-18,21700298,4,1610612748,1,2,2,1,0,0,0
2017-18,21700299,1,1610612741,3,2,1,1,2,1,0
2017-18,21700299,1,1610612756,3,3,3,2,1,0,0
2017-18,21700299,2,1610612741,4,0,0,0,4,0,0
2017-18,21700299,2,1610612756,4,6,3,3,1,3,0
2017-18,21700299,3,1610612741,3,4,3,2,1,1,0
2017-18,21700299,3,1610612756,3,1,1,1,2,0,0
2017-18,21700299,4,1610612741,2,4,3,2,0,1,0
2017-18,21700299,4,1610612756,9,13,10,4,5,3,0
2017-18,21700300,1,1610612750,4,7,4,4,0,3,0
2017-18,21700300,1,1610612764,3,2,1,1,1,1,1
2017-18,21700300,2,1610612750,4,4,3,2,2,1,0
2017-18,21700300,2,1610612764,4,2,1,1,3,1,0
2017-18,21700300,3,1610612750,4,3,2,2,2,1,0
2017-18,21700300,3,1610612764,6,9,6,4,2,3,0
2017-18,21700300,4,1610612750,2,0,0,0,2,0,0
2017-18,21700300,4,1610612764,3,4,2,1,2,2,0
2017-18,21700301,1,1610612743,5,6,6,3,2,0,0
2017-18,21700301,1,1610612762,2,0,0,0,2,0,0
2017-18,21700301,2,1610612743,5,4,3,2,3,1,0
2017-18,21700301,2,1610612762,4,2,2,0,3,0,0
2017-18,21700301,3,1610612743,5,4,4,2,2,0,1
2017-18,21700301,3,1610612762,4,5,4,2,2,1,0
2017-18,21700301,4,1610612743,3,2,1,1,2,1,0
2017-18,21700301,4,1610612762,2,2,2,1,0,0,1
2017-18,21700302,1,1610612749,2,3,3,2,0,0,0
2017-18,21700302,1,1610612758,6,7,4,2,4,3,0
2017-18,21700302,2,1610612749,9,12,7,4,5,5,0
2017-18,21700302,2,1610612758,3,5,1,2,1,4,0
2017-18,21700302,3,1610612749,7,12,7,6,1,5,0
2017-18,21700302,3,1610612758,6,8,6,2,4,2,0
2017-18,21700302,4,1610612749,2,4,2,2,0,2,0
2017-18,21700302,4,1610612758,6,9,9,5,1,0,0
2017-18,21700303,1,1610612756,2,2,2,1,1,0,0
2017-18,21700303,1,1610612765,3,4,3,2,1,1,0
2017-18,21700303,2,1610612756,3,3,3,1,2,0,0
2017-18,21700303,2,1610612765,2,0,0,0,2,0,0
2017-18,21700303,3,1610612756,7,13,10,5,1,3,0
2017-18,21700303,3,1610612765,7,9,7,4,3,2,0
2017-18,21700303,4,1610612756,9,10,7,3,5,3,1
2017-18,21700303,4,1610612765,6,8,6,3,3,2,0
2017-18,21700304,1,1610612753,5,6,3,4,1,3,0
2017-18,21700304,1,1610612760,3,2,2,1,2,0,0
2017-18,21700304,2,1610612753,4,6,5,3,1,1,0
2017-18,21700304,2,1610612760,5,8,6,4,1,2,0
2017-18,21700304,3,1610612753,5,7,6,3,2,1,0
2017-18,21700304,3,1610612760,8,15,9,7,1,6,0
2017-18,21700304,4,1610612753,6,7,4,2,3,3,1
2017-18,21700304,4,1610612760,5,5,3,2,3,2,0
2017-18,21700305,1,1610612755,3,3,3,2,1,0,0
2017-18,21700305,1,1610612764,3,2,2,1,2,0,0
2017-18,21700305,2,1610612755,11,18,11,4,7,7,0
2017-18,21700305,2,1610612764,7,6,5,0,6,1,1
2017-18,21700305,3,1610612755,5,6,5,3,1,1,1
2017-18,21700305,3,1610612764,6,9,7,3,3,2,0
2017-18,21700305,4,1610612755,22,37,22,5,17,15,0
2017-18,21700305,4,1610612764,10,20,18,7,2,2,1
2017-18,21700306,1,1610612748,2,4,3,2,0,1,0
2017-18,21700306,1,1610612752,3,3,3,2,1,0,0
2017-18,21700306,2,1610612748,7,8,3,2,5,5,0
2017-18,21700306,2,1610612752,9,14,12,3,6,2,0
2017-18,21700306,3,1610612748,3,2,2,1,1,0,1
2017-18,21700306,3,1610612752,4,6,6,3,1,0,0
2017-18,21700306,4,1610612748,6,6,4,1,2,2,2
2017-18,21700306,4,1610612752,2,3,1,2,0,2,0
2017-18,21700307,1,1610612761,3,1,0,1,1,1,1
2017-18,21700307,1,1610612766,5,9,8,4,1,1,0
2017-18,21700307,2,1610612761,7,9,7,4,3,2,0
2017-18,21700307,2,1610612766,5,10,8,5,0,2,0
2017-18,21700307,3,1610612761,1,0,0,0,0,0,1
2017-18,21700307,3,1610612766,7,10,9,5,2,1,0
2017-18,21700307,4,1610612761,4,1,1,1,3,0,0
2017-18,21700307,4,1610612766,5,6,5,3,2,1,0
2017-18,21700308,1,1610612745,1,0,0,0,0,0,1
2017-18,21700308,1,1610612754,3,2,2,1,1,0,1
2017-18,21700308,2,1610612745,8,13,10,4,4,3,0
2017-18,21700308,2,1610612754,2,0,0,0,2,0,0
2017-18,21700308,3,1610612745,3,5,3,2,0,2,1
2017-18,21700308,3,1610612754,2,3,3,2,0,0,0
2017-18,21700308,4,1610612745,3,3,3,1,2,0,0
2017-18,21700308,4,1610612754,2,1,1,1,1,0,0
2017-18,21700309,1,1610612740,2,2,2,1,1,0,0
2017-18,21700309,1,1610612750,4,4,4,2,2,0,0
2017-18,21700309,2,1610612740,4,4,4,2,2,0,0
2017-18,21700309,2,1610612750,6,8,7,1,4,1,1
2017-18,21700309,3,1610612740,3,3,2,1,1,1,0
2017-18,21700309,3,1610612750,2,0,0,0,1,0,1
2017-18,21700309,4,1610612740,1,2,2,1,0,0,0
2017-18,21700309,4,1610612750,3,7,6,3,0,1,0
2017-18,21700310,1,1610612742,1,0,0,0,1,0,0
2017-18,21700310,1,1610612751,2,2,1,1,1,1,0
2017-18,21700310,2,1610612742,4,4,4,2,2,0,0
2017-18,21700310,2,1610612751,2,2,1,1,0,1,1
2017-18,21700310,3,1610612742,7,11,10,3,4,1,0
2017-18,21700310,3,1610612751,7,8,4,5,2,4,0
2017-18,21700310,4,1610612742,5,6,3,2,2,3,1
2017-18,21700310,4,1610612751,11,13,8,4,6,5,1
2017-18,21700311,1,1610612759,3,3,3,2,0,0,1
2017-18,21700311,1,1610612763,2,1,1,0,2,0,0
2017-18,21700311,2,1610612759,6,10,10,3,3,0,0
2017-18,21700311,2,1610612763,6,8,7,3,3,1,0
2017-18,21700311,3,1610612759,2,0,0,0,2,0,0
2017-18,21700311,3,1610612763,5,6,5,2,2,1,1
2017-18,21700311,4,1610612759,7,11,7,4,2,4,1
2017-18,21700311,4,1610612763,3,1,1,1,2,0,0
2017-18,21700312,1,1610612744,1,2,2,1,0,0,0
2017-18,21700312,1,1610612747,2,2,1,0,2,1,0
2017-18,21700312,2,1610612744,5,4,1,1,3,3,1
2017-18,21700312,2,1610612747,5,8,8,3,1,0,1
2017-18,21700312,3,1610612744,4,3,3,2,2,0,0
2017-18,21700312,3,1610612747,2,4,3,2,0,1,0
2017-18,21700312,4,1610612744,6,11,9,4,2,2,0
2017-18,21700312,4,1610612747,6,7,5,4,2,2,0
2017-18,21700313,1,1610612737,5,7,7,3,2,0,0
2017-18,21700313,1,1610612739,6,9,8,5,1,1,0
2017-18,21700313,2,1610612737,2,4,3,2,0,1,0
2017-18,21700313,2,1610612739,4,5,5,2,1,0,1
2017-18,21700313,3,1610612737,5,9,6,3,2,3,0
2017-18,21700313,3,1610612739,1,3,3,1,0,0,0
2017-18,21700313,4,1610612737,5,4,4,1,2,0,2
2017-18,21700313,4,1610612739,7,10,5,3,4,5,0
2017-18,21700314,1,1610612738,5,6,5,2,2,1,1
2017-18,21700314,1,1610612755,3,2,1,1,1,1,1
2017-18,21700314,2,1610612738,6,4,2,3,2,2,1
2017-18,21700314,2,1610612755,5,2,2,1,4,0,0
2017-18,21700314,3,1610612738,3,3,2,1,2,1,0
2017-18,21700314,3,1610612755,6,9,5,4,2,4,0
2017-18,21700314,4,1610612738,5,7,7,3,2,0,0
2017-18,21700314,4,1610612755,5,5,3,3,2,2,0
2017-18,21700315,1,1610612741,5,4,4,3,2,0,0
2017-18,21700315,1,1610612743,5,3,2,1,4,1,0
2017-18,21700315,2,1610612741,3,5,3,1,2,2,0
2017-18,21700315,2,1610612743,8,8,5,1,7,3,0
2017-18,21700315,3,1610612741,5,7,4,3,2,3,0
2017-18,21700315,3,1610612743,6,7,4,2,4,3,0
2017-18,21700315,4,1610612741,4,5,2,3,1,3,0
2017-18,21700315,4,1610612743,7,13,12,4,2,1,1
2017-18,21700316,1,1610612749,2,2,2,1,1,0,0
2017-18,21700316,1,1610612757,5,7,6,2,2,1,0
2017-18,21700316,2,1610612749,1,1,1,1,0,0,0
2017-18,21700316,2,1610612757,1,0,0,0,1,0,0
2017-18,21700316,3,1610612749,7,8,7,2,5,1,0
2017-18,21700316,3,1610612757,5,3,2,1,3,1,1
2017-18,21700316,4,1610612749,3,4,3,1,2,1,0
2017-18,21700316,4,1610612757,7,7,7,2,5,0,0
2017-18,21700317,1,1610612746,3,6,4,3,0,2,0
2017-18,21700317,1,1610612762,3,3,2,2,1,1,0
2017-18,21700317,2,1610612746,7,11,8,4,2,3,1
2017-18,21700317,2,1610612762,3,1,1,1,2,0,0
2017-18,21700317,3,1610612746,4,5,4,3,1,1,0
2017-18,21700317,3,1610612762,7,8,6,2,5,2,0
2017-18,21700317,4,1610612746,5,8,5,3,2,3,0
2017-18,21700317,4,1610612762,2,2,2,1,1,0,0
2017-18,21700318,1,1610612744,4,2,2,2,2,0,0
2017-18,21700318,1,1610612753,2,3,3,2,0,0,0
2017-18,21700318,2,1610612744,5,7,7,4,1,0,0
2017-18,21700318,2,1610612753,2,2,2,1,1,0,0
2017-18,21700318,3,1610612744,1,0,0,0,1,0,0
2017-18,21700318,3,1610612753,4,5,4,3,1,1,0
2017-18,21700318,4,1610612744,4,2,2,1,3,0,0
2017-18,21700318,4,1610612753,5,8,4,3,2,4,0
2017-18,21700319,1,1610612754,5,8,8,3,2,0,0
2017-18,21700319,1,1610612761,1,2,2,1,0,0,0
2017-18,21700319,2,1610612754,2,2,0,1,1,2,0
2017-18,21700319,2,1610612761,3,5,5,3,0,0,0
2017-18,21700319,3,1610612754,5,6,4,2,1,2,2
2017-18,21700319,3,1610612761,4,2,0,2,2,2,0
2017-18,21700319,4,1610612754,3,6,5,2,1,1,0
2017-18,21700319,4,1610612761,8,12,7,3,4,5,1
2017-18,21700320,1,1610612764,4,5,4,2,2,1,0
2017-18,21700320,1,1610612765,2,4,3,2,0,1,0
2017-18,21700320,2,1610612764,4,2,2,1,3,0,0
2017-18,21700320,2,1610612765,4,4,3,2,1,1,1
2017-18,21700320,3,1610612764,5,4,4,1,2,0,2
2017-18,21700320,3,1610612765,5,5,2,2,3,3,0
2017-18,21700320,4,1610612764,7,8,6,4,2,2,1
2017-18,21700320,4,1610612765,7,6,4,5,2,2,0
2017-18,21700321,1,1610612748,4,4,3,2,2,1,0
2017-18,21700321,1,1610612766,7,7,6,2,4,1,1
2017-18,21700321,2,1610612748,5,7,5,2,3,2,0
2017-18,21700321,2,1610612766,2,1,0,1,1,1,0
2017-18,21700321,3,1610612748,2,3,1,1,0,2,1
2017-18,21700321,3,1610612766,4,3,3,2,2,0,0
2017-18,21700321,4,1610612748,6,7,4,2,4,3,0
2017-18,21700321,4,1610612766,7,10,10,3,4,0,0
2017-18,21700322,1,1610612741,5,2,1,1,4,1,0
2017-18,21700322,1,1610612758,3,3,3,2,1,0,0
2017-18,21700322,2,1610612741,5,6,4,4,1,2,0
2017-18,21700322,2,1610612758,4,3,2,2,1,1,1
2017-18,21700322,3,1610612741,3,2,2,1,2,0,0
2017-18,21700322,3,1610612758,4,2,2,1,3,0,0
2017-18,21700322,4,1610612741,2,3,2,1,1,1,0
2017-18,21700322,4,1610612758,5,6,4,1,4,2,0
2017-18,21700323,1,1610612759,6,8,6,3,2,2,1
2017-18,21700323,1,1610612763,3,3,1,2,1,2,0
2017-18,21700323,2,1610612759,3,3,2,2,0,1,1
2017-18,21700323,2,1610612763,4,4,4,3,1,0,0
2017-18,21700323,3,1610612759,4,8,5,4,0,3,0
2017-18,21700323,3,1610612763,6,8,7,4,0,1,2
2017-18,21700323,4,1610612759,8,13,9,5,3,4,0
2017-18,21700323,4,1610612763,4,3,2,2,2,1,0
2017-18,21700324,1,1610612750,4,7,4,3,1,3,0
2017-18,21700324,1,1610612760,5,8,7,5,0,1,0
2017-18,21700324,2,1610612750,5,6,5,2,2,1,1
2017-18,21700324,2,1610612760,3,2,2,1,2,0,0
2017-18,21700324,3,1610612750,4,4,4,2,1,0,1
2017-18,21700324,3,1610612760,2,4,4,2,0,0,0
2017-18,21700324,4,1610612750,5,4,4,2,3,0,0
2017-18,21700324,4,1610612760,6,8,8,2,3,0,1
2017-18,21700325,1,1610612740,5,5,2,3,1,3,1
2017-18,21700325,1,1610612762,2,4,1,2,0,3,0
2017-18,21700325,2,1610612740,4,3,2,2,2,1,0
2017-18,21700325,2,1610612762,6,7,4,4,2,3,0
2017-18,21700325,3,1610612740,2,3,3,1,1,0,0
2017-18,21700325,3,1610612762,6,7,7,3,3,0,0
2017-18,21700325,4,1610612740,3,4,2,2,1,2,0
2017-18,21700325,4,1610612762,6,7,6,2,4,1,0
2017-18,21700326,1,1610612738,3,2,2,1,2,0,0
2017-18,21700326,1,1610612756,3,2,2,1,2,0,0
2017-18,21700326,2,1610612738,5,5,3,2,2,2,1
2017-18,21700326,2,1610612756,5,3,3,2,1,0,2
2017-18,21700326,3,1610612738,4,6,6,3,1,0,0
2017-18,21700326,3,1610612756,4,3,1,2,1,2,1
2017-18,21700326,4,1610612738,6,10,7,3,3,3,0
2017-18,21700326,4,1610612756,3,3,2,2,1,1,0
2017-18,21700327,1,1610612742,6,8,7,4,1,1,1
2017-18,21700327,1,1610612746,4,5,5,2,2,0,0
2017-18,21700327,2,1610612742,7,9,6,5,1,3,1
2017-18,21700327,2,1610612746,5,8,7,3,2,1,0
2017-18,21700327,3,1610612742,4,5,4,2,2,1,0
2017-18,21700327,3,1610612746,4,3,1,1,2,2,1
2017-18,21700327,4,1610612742,3,4,3,2,1,1,0
2017-18,21700327,4,1610612746,6,7,3,3,3,4,0
2017-18,21700328,1,1610612737,3,7,4,3,0,3,0
2017-18,21700328,1,1610612751,3,4,3,2,1,1,0
2017-18,21700328,2,1610612737,2,1,1,0,2,0,0
2017-18,21700328,2,1610612751,4,3,2,0,3,1,1
2017-18,21700328,3,1610612737,3,3,2,2,1,1,0
2017-18,21700328,3,1610612751,2,3,2,1,0,1,1
2017-18,21700328,4,1610612737,4,3,3,2,1,0,1
2017-18,21700328,4,1610612751,6,11,10,5,0,1,1
2017-18,21700329,1,1610612739,6,8,7,5,1,1,0
2017-18,21700329,1,1610612763,2,0,0,0,2,0,0
2017-18,21700329,2,1610612739,4,3,3,3,1,0,0
2017-18,21700329,2,1610612763,5,7,6,4,0,1,1
2017-18,21700329,3,1610612739,3,5,4,3,0,1,0
2017-18,21700329,3,1610612763,3,2,2,1,2,0,0
2017-18,21700329,4,1610612739,5,7,7,4,1,0,0
2017-18,21700329,4,1610612763,3,5,4,3,0,1,0
2017-18,21700330,1,1610612755,8,12,9,4,4,3,0
2017-18,21700330,1,1610612765,2,1,1,1,1,0,0
2017-18,21700330,2,1610612755,4,5,5,2,1,0,1
2017-18,21700330,2,1610612765,6,10,7,3,2,3,1
2017-18,21700330,3,1610612755,3,0,0,0,2,0,1
2017-18,21700330,3,1610612765,8,13,11,5,2,2,1
2017-18,21700330,4,1610612755,9,15,14,3,6,1,0
2017-18,21700330,4,1610612765,6,8,7,2,2,1,1
2017-18,21700331,1,1610612749,8,17,13,7,1,4,0
2017-18,21700331,1,1610612758,4,4,4,2,2,0,0
2017-18,21700331,2,1610612749,3,6,6,3,0,0,0
2017-18,21700331,2,1610612758,5,6,5,2,3,1,0
2017-18,21700331,3,1610612749,6,7,5,3,2,2,1
2017-18,21700331,3,1610612758,4,6,5,3,1,1,0
2017-18,21700331,4,1610612749,8,12,11,2,5,1,1
2017-18,21700331,4,1610612758,3,5,5,2,1,0,0
2017-18,21700332,1,1610612743,8,12,11,6,1,1,1
2017-18,21700332,1,1610612747,3,5,3,3,0,2,0
2017-18,21700332,2,1610612743,4,3,2,2,0,1,2
2017-18,21700332,2,1610612747,6,8,5,3,3,3,0
2017-18,21700332,3,1610612743,2,1,0,1,1,1,0
2017-18,21700332,3,1610612747,4,2,2,1,3,0,0
2017-18,21700332,4,1610612743,7,12,10,4,3,2,0
2017-18,21700332,4,1610612747,4,6,5,3,1,1,0
2017-18,21700333,1,1610612740,2,1,1,1,1,0,0
2017-18,21700333,1,1610612757,2,1,1,2,0,0,0
2017-18,21700333,2,1610612740,5,8,7,4,1,1,0
2017-18,21700333,2,1610612757,3,0,0,0,3,0,0
2017-18,21700333,3,1610612740,4,9,7,3,0,2,0
2017-18,21700333,3,1610612757,6,3,3,0,4,0,1
2017-18,21700333,4,1610612740,6,7,3,1,5,4,0
2017-18,21700333,4,1610612757,5,7,7,2,3,0,0
2017-18,21700334,1,1610612752,1,2,2,1,0,0,0
2017-18,21700334,1,1610612753,4,5,5,3,1,0,0
2017-18,21700334,2,1610612752,4,2,2,2,2,0,0
2017-18,21700334,2,1610612753,7,11,8,4,3,3,0
2017-18,21700334,3,1610612752,3,2,2,1,2,0,0
2017-18,21700334,3,1610612753,6,6,5,1,5,1,0
2017-18,21700334,4,1610612752,2,4,3,2,0,1,0
2017-18,21700334,4,1610612753,5,7,7,1,4,0,0
2017-18,21700335,1,1610612744,6,11,9,5,0,2,1
2017-18,21700335,1,1610612748,5,7,7,4,1,0,0
2017-18,21700335,2,1610612744,3,5,4,3,0,1,0
2017-18,21700335,2,1610612748,3,2,2,1,2,0,0
2017-18,21700335,3,1610612744,2,2,2,1,0,0,1
2017-18,21700335,3,1610612748,3,4,2,2,1,2,0
2017-18,21700335,4,1610612744,3,6,3,3,0,3,0
2017-18,21700335,4,1610612748,3,4,4,2,1,0,0
2017-18,21700336,1,1610612746,6,8,4,6,0,4,0
2017-18,21700336,1,1610612750,6,6,6,3,2,0,1
2017-18,21700336,2,1610612746,2,3,3,2,0,0,0
2017-18,21700336,2,1610612750,5,6,6,2,3,0,0
2017-18,21700336,3,1610612746,5,9,8,4,0,1,1
2017-18,21700336,3,1610612750,6,7,5,3,2,2,1
2017-18,21700336,4,1610612746,1,2,2,1,0,0,0
2017-18,21700336,4,1610612750,8,12,11,5,1,1,2
2017-18,21700337,1,1610612759,4,3,3,1,1,0,2
2017-18,21700337,1,1610612760,4,4,0,2,0,4,2
2017-18,21700337,2,1610612759,6,11,6,4,1,5,1
2017-18,21700337,2,1610612760,6,7,5,3,3,2,0
2017-18,21700337,3,1610612759,5,9,8,5,0,1,0
2017-18,21700337,3,1610612760,8,10,5,4,4,5,0
2017-18,21700337,4,1610612759,3,0,0,0,3,0,0
2017-18,21700337,4,1610612760,4,0,0,0,4,0,0
2017-18,21700338,1,1610612745,5,5,4,2,2,1,1
2017-18,21700338,1,1610612747,7,11,10,4,1,1,2
2017-18,21700338,2,1610612745,5,5,3,2,2,2,1
2017-18,21700338,2,1610612747,5,4,3,2,3,1,0
2017-18,21700338,3,1610612745,2,0,0,0,2,0,0
2017-18,21700338,3,1610612747,6,12,9,5,1,3,0
2017-18,21700338,4,1610612745,7,7,7,3,3,0,1
2017-18,21700338,4,1610612747,4,3,0,2,1,3,1
2017-18,21700339,1,1610612753,1,2,2,0,0,0,0
2017-18,21700339,1,1610612766,4,6,4,3,1,2,0
2017-18,21700339,2,1610612753,4,3,3,1,3,0,0
2017-18,21700339,2,1610612766,8,14,14,7,1,0,0
2017-18,21700339,3,1610612753,5,4,3,1,3,1,1
2017-18,21700339,3,1610612766,6,8,4,2,4,4,0
2017-18,21700339,4,1610612753,4,5,4,2,1,1,0
2017-18,21700339,4,1610612766,8,12,11,6,1,1,0
2017-18,21700340,1,1610612752,3,1,1,1,2,0,0
2017-18,21700340,1,1610612754,3,4,3,2,1,1,0
2017-18,21700340,2,1610612752,4,3,2,1,2,1,0
2017-18,21700340,2,1610612754,3,2,2,1,2,0,0
2017-18,21700340,3,1610612752,2,3,3,2,0,0,0
2017-18,21700340,3,1610612754,5,7,6,3,2,1,0
2017-18,21700340,4,1610612752,8,9,5,2,5,4,1
2017-18,21700340,4,1610612754,2,2,1,1,1,1,0
2017-18,21700341,1,1610612755,3,4,4,1,2,0,0
2017-18,21700341,1,1610612756,6,5,4,3,2,1,1
2017-18,21700341,2,1610612755,2,4,4,2,0,0,0
2017-18,21700341,2,1610612756,4,4,3,2,2,1,0
2017-18,21700341,3,1610612755,6,8,8,3,3,0,0
2017-18,21700341,3,1610612756,6,10,8,3,2,2,1
2017-18,21700341,4,1610612755,3,0,0,0,2,0,1
2017-18,21700341,4,1610612756,4,3,2,1,2,1,0
2017-18,21700342,1,1610612737,4,7,6,4,0,1,0
2017-18,21700342,1,1610612751,5,6,6,3,2,0,0
2017-18,21700342,2,1610612737,3,2,1,1,1,1,1
2017-18,21700342,2,1610612751,2,2,1,1,1,1,0
2017-18,21700342,3,1610612737,6,8,8,4,1,0,1
2017-18,21700342,3,1610612751,4,3,2,2,2,1,0
2017-18,21700342,4,1610612737,7,10,6,4,3,4,0
2017-18,21700342,4,1610612751,4,4,4,2,2,0,0
2017-18,21700343,1,1610612738,5,8,7,4,1,1,0
2017-18,21700343,1,1610612749,7,12,12,7,0,0,0
2017-18,21700343,2,1610612738,3,3,2,1,2,1,0
2017-18,21700343,2,1610612749,2,5,4,2,0,1,0
2017-18,21700343,3,1610612738,6,6,4,3,3,2,0
2017-18,21700343,3,1610612749,5,5,4,3,1,1,1
2017-18,21700343,4,1610612738,3,2,2,0,2,0,1
2017-18,21700343,4,1610612749,4,2,1,1,3,1,0
2017-18,21700344,1,1610612739,2,2,2,2,0,0,0
2017-18,21700344,1,1610612741,1,1,1,1,0,0,0
2017-18,21700344,2,1610612739,6,8,7,4,2,1,0
2017-18,21700344,2,1610612741,3,5,4,3,0,1,0
2017-18,21700344,3,1610612739,5,4,4,1,4,0,0
2017-18,21700344,3,1610612741,4,7,5,3,1,2,0
2017-18,21700344,4,1610612739,2,3,3,2,0,0,0
2017-18,21700344,4,1610612741,5,5,4,2,3,1,0
2017-18,21700345,1,1610612750,4,2,2,1,3,0,0
2017-18,21700345,1,1610612763,2,4,4,2,0,0,0
2017-18,21700345,2,1610612750,7,8,7,2,5,1,0
2017-18,21700345,2,1610612763,5,8,6,4,1,2,0
2017-18,21700345,3,1610612750,6,6,6,2,4,0,0
2017-18,21700345,3,1610612763,3,2,2,1,2,0,0
2017-18,21700345,4,1610612750,5,3,3,1,3,0,1
2017-18,21700345,4,1610612763,5,10,9,4,1,1,0
2017-18,21700346,1,1610612740,5,7,4,2,3,3,0
2017-18,21700346,1,1610612744,8,6,6,4,3,0,0
2017-18,21700346,2,1610612740,3,4,2,2,1,2,0
2017-18,21700346,2,1610612744,5,8,2,5,0,6,0
2017-18,21700346,3,1610612740,3,1,1,1,2,0,0
2017-18,21700346,3,1610612744,4,2,2,1,3,0,0
2017-18,21700346,4,1610612740,4,3,2,2,2,1,0
2017-18,21700346,4,1610612744,8,11,9,2,6,2,0
2017-18,21700347,1,1610612742,7,9,8,6,1,1,0
2017-18,21700347,1,1610612743,6,8,3,2,4,5,0
2017-18,21700347,2,1610612742,3,0,0,0,3,0,0
2017-18,21700347,2,1610612743,5,6,4,3,2,2,0
2017-18,21700347,3,1610612742,3,4,2,2,1,2,0
2017-18,21700347,3,1610612743,5,7,6,4,1,1,0
2017-18,21700347,4,1610612742,4,4,2,3,1,2,0
2017-18,21700347,4,1610612743,2,2,2,1,0,0,1
2017-18,21700348,1,1610612759,3,3,3,2,1,0,0
2017-18,21700348,1,1610612765,0,0,0,0,0,0,0
2017-18,21700348,2,1610612759,7,6,6,3,3,0,1
2017-18,21700348,2,1610612765,6,7,5,3,2,2,1
2017-18,21700348,3,1610612759,3,0,0,0,3,0,0
2017-18,21700348,3,1610612765,6,10,6,3,3,4,0
2017-18,21700348,4,1610612759,5,3,3,1,2,0,2
2017-18,21700348,4,1610612765,6,7,4,3,2,3,1
2017-18,21700349,1,1610612762,4,3,2,2,2,1,0
2017-18,21700349,1,1610612764,1,0,0,0,0,0,1
2017-18,21700349,2,1610612762,4,5,5,3,1,0,0
2017-18,21700349,2,1610612764,7,8,7,3,3,1,1
2017-18,21700349,3,1610612762,5,5,3,1,4,2,0
2017-18,21700349,3,1610612764,7,9,7,3,3,2,1
2017-18,21700349,4,1610612762,5,5,4,2,3,1,0
2017-18,21700349,4,1610612764,5,6,5,2,3,1,0
2017-18,21700350,1,1610612756,7,10,7,3,4,3,0
2017-18,21700350,1,1610612761,2,3,2,2,0,1,0
2017-18,21700350,2,1610612756,5,6,5,3,2,1,0
2017-18,21700350,2,1610612761,4,5,4,2,1,1,1
2017-18,21700350,3,1610612756,6,9,8,4,2,1,0
2017-18,21700350,3,1610612761,8,13,12,3,4,1,1
2017-18,21700350,4,1610612756,8,13,10,5,2,3,1
2017-18,21700350,4,1610612761,7,5,5,3,4,0,0
2017-18,21700351,1,1610612760,4,6,5,3,1,1,0
2017-18,21700351,1,1610612762,3,3,1,2,1,2,0
2017-18,21700351,2,1610612760,4,5,3,3,0,2,1
2017-18,21700351,2,1610612762,7,10,8,2,4,2,1
2017-18,21700351,3,1610612760,5,3,3,1,4,0,0
2017-18,21700351,3,1610612762,4,7,5,3,1,2,0
2017-18,21700351,4,1610612760,6,12,7,4,2,5,0
2017-18,21700351,4,1610612762,3,1,1,1,2,0,0
2017-18,21700352,1,1610612757,2,1,1,1,1,0,0
2017-18,21700352,1,1610612764,4,4,3,2,2,1,0
2017-18,21700352,2,1610612757,5,6,5,0,3,1,1
2017-18,21700352,2,1610612764,4,3,3,1,1,0,1
2017-18,21700352,3,1610612757,6,9,6,4,2,3,0
2017-18,21700352,3,1610612764,5,3,2,2,2,1,1
2017-18,21700352,4,1610612757,6,5,4,2,3,1,1
2017-18,21700352,4,1610612764,5,4,3,2,3,1,0
2017-18,21700353,1,1610612739,4,2,1,1,2,1,1
2017-18,21700353,1,1610612758,0,0,0,0,0,0,0
2017-18,21700353,2,1610612739,6,9,4,6,0,5,0
2017-18,21700353,2,1610612758,4,8,4,4,0,4,0
2017-18,21700353,3,1610612739,4,4,4,2,2,0,0
2017-18,21700353,3,1610612758,3,1,0,0,3,1,0
2017-18,21700353,4,1610612739,5,6,4,2,3,2,0
2017-18,21700353,4,1610612758,3,4,3,2,1,1,0
2017-18,21700354,1,1610612741,6,7,5,3,3,2,0
2017-18,21700354,1,1610612754,3,2,1,1,2,1,0
2017-18,21700354,2,1610612741,1,3,1,1,0,2,0
2017-18,21700354,2,1610612754,4,2,2,1,2,0,1
2017-18,21700354,3,1610612741,1,2,0,1,0,2,0
2017-18,21700354,3,1610612754,3,2,2,1,2,0,0
2017-18,21700354,4,1610612741,4,4,2,2,2,2,0
2017-18,21700354,4,1610612754,4,4,3,1,3,1,0
2017-18,21700355,1,1610612737,2,2,1,0,2,1,0
2017-18,21700355,1,1610612753,4,3,1,2,1,2,1
2017-18,21700355,2,1610612737,3,6,5,3,0,1,0
2017-18,21700355,2,1610612753,1,3,2,1,0,1,0
2017-18,21700355,3,1610612737,3,3,2,2,1,1,0
2017-18,21700355,3,1610612753,1,0,0,0,1,0,0
2017-18,21700355,4,1610612737,8,9,7,3,5,2,0
2017-18,21700355,4,1610612753,5,9,7,5,0,2,0
2017-18,21700356,1,1610612738,4,7,6,3,1,1,0
2017-18,21700356,1,1610612742,9,11,7,6,3,4,0
2017-18,21700356,2,1610612738,0,0,0,0,0,0,0
2017-18,21700356,2,1610612742,3,4,4,2,0,0,1
2017-18,21700356,3,1610612738,1,2,2,1,0,0,0
2017-18,21700356,3,1610612742,1,0,0,0,1,0,0
2017-18,21700356,4,1610612738,7,8,5,4,3,3,0
2017-18,21700356,4,1610612742,2,2,2,1,1,0,0
2017-18,21700357,1,1610612752,5,7,6,3,2,1,0
2017-18,21700357,1,1610612763,4,4,3,2,2,1,0
2017-18,21700357,2,1610612752,6,6,6,2,3,0,1
2017-18,21700357,2,1610612763,6,7,5,2,3,2,1
2017-18,21700357,3,1610612752,8,12,8,4,4,4,0
2017-18,21700357,3,1610612763,7,10,9,4,2,1,1
2017-18,21700357,4,1610612752,4,2,0,1,3,2,0
2017-18,21700357,4,1610612763,2,1,1,0,2,0,0
2017-18,21700358,1,1610612744,1,2,2,1,0,0,0
2017-18,21700358,1,1610612766,3,0,0,0,1,0,2
2017-18,21700358,2,1610612744,4,2,0,1,3,2,0
2017-18,21700358,2,1610612766,3,1,1,1,2,0,0
2017-18,21700358,3,1610612744,3,4,3,2,1,1,0
2017-18,21700358,3,1610612766,7,12,9,5,2,3,0
2017-18,21700358,4,1610612744,4,5,5,3,1,0,0
2017-18,21700358,4,1610612766,4,4,3,2,1,1,1
2017-18,21700359,1,1610612749,3,6,5,3,0,1,0
2017-18,21700359,1,1610612765,3,3,2,2,0,1,1
2017-18,21700359,2,1610612749,4,5,3,3,0,2,1
2017-18,21700359,2,1610612765,5,10,9,4,1,1,0
2017-18,21700359,3,1610612749,5,5,3,3,1,2,1
2017-18,21700359,3,1610612765,4,6,3,3,1,3,0
2017-18,21700359,4,1610612749,8,10,7,1,5,3,2
2017-18,21700359,4,1610612765,7,8,4,4,3,4,0
2017-18,21700360,1,1610612740,3,2,2,2,1,0,0
2017-18,21700360,1,1610612743,0,0,0,0,0,0,0
2017-18,21700360,2,1610612740,8,12,9,5,2,3,1
2017-18,21700360,2,1610612743,5,7,6,3,2,1,0
2017-18,21700360,3,1610612740,4,8,4,3,1,4,0
2017-18,21700360,3,1610612743,6,8,6,1,5,2,0
2017-18,21700360,4,1610612740,5,7,4,3,2,3,0
2017-18,21700360,4,1610612743,6,7,4,3,1,3,2
2017-18,21700361,1,1610612748,2,4,3,2,0,1,0
2017-18,21700361,1,1610612759,2,0,0,0,2,0,0
2017-18,21700361,2,1610612748,2,0,0,0,0,0,1
2017-18,21700361,2,1610612759,4,6,5,3,1,1,0
2017-18,21700361,3,1610612748,3,2,1,1,2,1,0
2017-18,21700361,3,1610612759,3,2,2,1,1,0,1
2017-18,21700361,4,1610612748,4,6,5,3,1,1,0
2017-18,21700361,4,1610612759,3,6,5,3,0,1,0
2017-18,21700362,1,1610612746,3,4,2,3,0,2,0
2017-18,21700362,1,1610612750,2,3,2,2,0,1,0
2017-18,21700362,2,1610612746,4,4,2,2,0,2,2
2017-18,21700362,2,1610612750,3,1,1,1,2,0,0
2017-18,21700362,3,1610612746,3,2,2,1,2,0,0
2017-18,21700362,3,1610612750,2,4,3,2,0,1,0
2017-18,21700362,4,1610612746,4,5,3,1,3,2,0
2017-18,21700362,4,1610612750,8,13,10,3,4,3,1
2017-18,21700363,1,1610612747,4,1,1,1,3,0,0
2017-18,21700363,1,1610612755,3,4,3,2,0,1,1
2017-18,21700363,2,1610612747,7,10,3,4,2,7,1
2017-18,21700363,2,1610612755,6,5,3,2,3,2,0
2017-18,21700363,3,1610612747,4,6,4,3,0,2,1
2017-18,21700363,3,1610612755,2,2,1,1,1,1,0
2017-18,21700363,4,1610612747,9,7,4,3,6,3,0
2017-18,21700363,4,1610612755,7,10,9,5,2,1,0
2017-18,21700364,1,1610612756,4,4,1,2,2,3,0
2017-18,21700364,1,1610612764,1,4,2,1,0,2,0
2017-18,21700364,2,1610612756,5,7,7,3,1,0,1
2017-18,21700364,2,1610612764,6,11,9,6,0,2,0
2017-18,21700364,3,1610612756,8,12,8,7,1,4,0
2017-18,21700364,3,1610612764,4,3,3,1,2,0,1
2017-18,21700364,4,1610612756,5,5,4,3,2,1,0
2017-18,21700364,4,1610612764,7,7,5,3,4,2,0
2017-18,21700365,1,1610612751,5,7,5,4,1,2,0
2017-18,21700365,1,1610612760,5,8,6,3,2,2,0
2017-18,21700365,2,1610612751,2,4,3,2,0,1,0
2017-18,21700365,2,1610612760,5,7,3,5,0,4,0
2017-18,21700365,3,1610612751,7,10,4,4,3,6,0
2017-18,21700365,3,1610612760,4,2,2,1,3,0,0
2017-18,21700365,4,1610612751,7,9,7,3,4,2,0
2017-18,21700365,4,1610612760,5,6,1,2,2,5,1
2017-18,21700366,1,1610612745,5,5,1,2,3,4,0
2017-18,21700366,1,1610612762,6,8,6,3,3,2,0
2017-18,21700366,2,1610612745,5,7,5,3,2,2,0
2017-18,21700366,2,1610612762,3,2,2,1,2,0,0
2017-18,21700366,3,1610612745,6,8,8,4,1,0,1
2017-18,21700366,3,1610612762,4,6,4,3,1,2,0
2017-18,21700366,4,1610612745,5,4,4,1,4,0,0
2017-18,21700366,4,1610612762,7,11,10,3,2,1,2
2017-18,21700367,1,1610612741,4,5,5,3,0,0,0
2017-18,21700367,1,1610612766,4,4,2,3,1,2,0
2017-18,21700367,2,1610612741,5,5,3,3,1,2,1
2017-18,21700367,2,1610612766,5,5,4,0,4,1,0
2017-18,21700367,3,1610612741,2,4,3,1,1,1,0
2017-18,21700367,3,1610612766,3,5,5,2,1,0,0
2017-18,21700367,4,1610612741,0,0,0,0,0,0,0
2017-18,21700367,4,1610612766,6,7,7,4,2,0,0
2017-18,21700368,1,1610612744,3,4,3,2,1,1,0
2017-18,21700368,1,1610612765,4,3,2,2,2,1,0
2017-18,21700368,2,1610612744,1,0,0,0,1,0,0
2017-18,21700368,2,1610612765,5,4,3,2,3,1,0
2017-18,21700368,3,1610612744,4,5,4,2,2,1,0
2017-18,21700368,3,1610612765,3,4,1,2,1,3,0
2017-18,21700368,4,1610612744,8,13,10,2,6,3,0
2017-18,21700368,4,1610612765,6,8,4,2,4,4,0
2017-18,21700369,1,1610612739,6,8,5,3,2,3,1
2017-18,21700369,1,1610612754,3,2,2,1,1,0,1
2017-18,21700369,2,1610612739,3,3,3,2,1,0,0
2017-18,21700369,2,1610612754,4,3,2,2,2,1,0
2017-18,21700369,3,1610612739,6,9,8,3,3,1,0
2017-18,21700369,3,1610612754,8,9,6,4,4,3,0
2017-18,21700369,4,1610612739,4,2,1,1,2,1,1
2017-18,21700369,4,1610612754,7,10,5,2,4,5,1
2017-18,21700370,1,1610612743,2,2,1,1,1,1,0
2017-18,21700370,1,1610612753,5,6,6,2,3,0,0
2017-18,21700370,2,1610612743,3,3,3,2,1,0,0
2017-18,21700370,2,1610612753,6,8,6,5,0,2,1
2017-18,21700370,3,1610612743,4,5,5,3,1,0,0
2017-18,21700370,3,1610612753,4,4,3,1,3,1,0
2017-18,21700370,4,1610612743,5,6,4,2,2,2,1
2017-18,21700370,4,1610612753,4,5,3,3,1,2,0
2017-18,21700371,1,1610612761,5,5,5,2,2,0,1
2017-18,21700371,1,1610612763,5,3,2,1,3,1,1
2017-18,21700371,2,1610612761,7,9,8,4,3,1,0
2017-18,21700371,2,1610612763,4,4,4,2,2,0,0
2017-18,21700371,3,1610612761,6,9,9,4,2,0,0
2017-18,21700371,3,1610612763,6,7,4,2,1,3,3
2017-18,21700371,4,1610612761,5,10,7,4,1,3,0
2017-18,21700371,4,1610612763,7,8,6,1,5,2,1
2017-18,21700372,1,1610612742,4,3,3,2,2,0,0
2017-18,21700372,1,1610612749,5,7,6,3,1,1,1
2017-18,21700372,2,1610612742,7,10,7,4,3,3,0
2017-18,21700372,2,1610612749,9,14,11,5,4,3,0
2017-18,21700372,3,1610612742,7,8,7,1,6,1,0
2017-18,21700372,3,1610612749,2,6,5,2,0,1,0
2017-18,21700372,4,1610612742,4,5,5,2,1,0,1
2017-18,21700372,4,1610612749,5,7,7,2,3,0,0
2017-18,21700373,1,1610612740,4,4,4,3,1,0,0
2017-18,21700373,1,1610612758,2,2,0,1,1,2,0
2017-18,21700373,2,1610612740,6,6,5,4,2,1,0
2017-18,21700373,2,1610612758,2,0,0,0,2,0,0
2017-18,21700373,3,1610612740,4,4,4,2,1,0,1
2017-18,21700373,3,1610612758,3,4,3,2,0,1,1
2017-18,21700373,4,1610612740,3,4,3,2,1,1,0
2017-18,21700373,4,1610612758,4,4,2,2,2,2,0
2017-18,21700374,1,1610612738,0,1,1,0,0,0,0
2017-18,21700374,1,1610612759,6,6,6,2,4,0,0
2017-18,21700374,2,1610612738,6,7,7,3,3,0,0
2017-18,21700374,2,1610612759,5,6,6,2,3,0,0
2017-18,21700374,3,1610612738,5,6,4,2,3,2,0
2017-18,21700374,3,1610612759,2,0,0,0,1,0,0
2017-18,21700374,4,1610612738,2,3,3,2,0,0,0
2017-18,21700374,4,1610612759,7,12,9,5,2,3,0
2017-18,21700375,1,1610612746,5,6,6,4,0,0,1
2017-18,21700375,1,1610612764,3,3,2,1,2,1,0
2017-18,21700375,2,1610612746,4,4,4,2,2,0,0
2017-18,21700375,2,1610612764,6,8,5,4,2,3,0
2017-18,21700375,3,1610612746,4,8,5,4,0,3,0
2017-18,21700375,3,1610612764,4,5,4,3,1,1,0
2017-18,21700375,4,1610612746,4,6,6,3,1,0,0
2017-18,21700375,4,1610612764,6,7,4,3,3,3,0
2017-18,21700376,1,1610612748,3,1,1,1,1,0,1
2017-18,21700376,1,1610612751,4,6,4,3,1,2,0
2017-18,21700376,2,1610612748,4,2,2,1,1,0,1
2017-18,21700376,2,1610612751,4,6,5,3,0,1,1
2017-18,21700376,3,1610612748,3,4,3,1,2,1,0
2017-18,21700376,3,1610612751,3,3,3,2,1,0,0
2017-18,21700376,4,1610612748,6,7,3,1,4,4,0
2017-18,21700376,4,1610612751,5,4,4,2,2,0,1
2017-18,21700377,1,1610612747,4,2,0,1,2,2,1
2017-18,21700377,1,1610612766,2,1,0,0,2,1,0
2017-18,21700377,2,1610612747,2,1,1,0,2,0,0
2017-18,21700377,2,1610612766,4,3,2,2,2,1,0
2017-18,21700377,3,1610612747,5,5,4,1,3,1,1
2017-18,21700377,3,1610612766,6,8,6,3,3,2,0
2017-18,21700377,4,1610612747,9,13,10,6,3,3,0
2017-18,21700377,4,1610612766,4,2,1,1,1,1,2
2017-18,21700378,1,1610612737,2,4,3,2,0,1,0
2017-18,21700378,1,1610612753,3,4,3,1,1,1,1
2017-18,21700378,2,1610612737,5,4,3,1,4,1,0
2017-18,21700378,2,1610612753,3,4,4,2,1,0,0
2017-18,21700378,3,1610612737,6,5,3,2,3,2,1
2017-18,21700378,3,1610612753,4,0,0,0,3,0,1
2017-18,21700378,4,1610612737,8,12,9,4,4,3,0
2017-18,21700378,4,1610612753,2,0,0,0,1,0,1
2017-18,21700379,1,1610612739,3,4,3,2,0,1,1
2017-18,21700379,1,1610612755,3,0,0,0,3,0,0
2017-18,21700379,2,1610612739,4,5,4,3,0,1,1
2017-18,21700379,2,1610612755,4,4,4,2,1,0,1
2017-18,21700379,3,1610612739,5,11,8,4,1,3,0
2017-18,21700379,3,1610612755,4,0,0,0,3,0,1
2017-18,21700379,4,1610612739,5,5,4,2,2,1,1
2017-18,21700379,4,1610612755,5,9,9,4,1,0,0
2017-18,21700380,1,1610612741,4,3,2,2,2,1,0
2017-18,21700380,1,1610612752,4,1,1,1,3,0,0
2017-18,21700380,2,1610612741,3,4,0,2,1,4,0
2017-18,21700380,2,1610612752,5,4,4,2,2,0,1
2017-18,21700380,3,1610612741,7,12,7,6,1,5,0
2017-18,21700380,3,1610612752,3,0,0,0,3,0,0
2017-18,21700380,4,1610612741,3,4,4,3,0,0,0
2017-18,21700380,4,1610612752,5,4,4,2,2,0,1
2017-18,21700381,1,1610612749,2,2,2,1,1,0,0
2017-18,21700381,1,1610612762,1,0,0,0,1,0,0
2017-18,21700381,2,1610612749,4,3,2,2,2,1,0
2017-18,21700381,2,1610612762,10,16,12,4,5,4,1
2017-18,21700381,3,1610612749,7,11,9,6,1,2,0
2017-18,21700381,3,1610612762,5,4,4,1,3,0,1
2017-18,21700381,4,1610612749,8,10,9,4,4,1,0
2017-18,21700381,4,1610612762,11,17,10,7,2,7,2
2017-18,21700382,1,1610612760,5,7,4,3,1,3,1
2017-18,21700382,1,1610612763,6,7,6,3,2,1,1
2017-18,21700382,2,1610612760,9,10,7,2,3,3,4
2017-18,21700382,2,1610612763,3,2,1,1,2,1,0
2017-18,21700382,3,1610612760,7,7,3,3,3,4,1
2017-18,21700382,3,1610612763,5,2,1,0,4,1,1
2017-18,21700382,4,1610612760,6,4,2,0,6,2,0
2017-18,21700382,4,1610612763,4,4,2,1,3,2,0
2017-18,21700383,1,1610612756,4,4,4,2,2,0,0
2017-18,21700383,1,1610612759,7,10,6,2,4,4,1
2017-18,21700383,2,1610612756,2,4,2,2,0,2,0
2017-18,21700383,2,1610612759,2,2,2,1,1,0,0
2017-18,21700383,3,1610612756,5,5,4,3,2,1,0
2017-18,21700383,3,1610612759,6,9,7,2,4,2,0
2017-18,21700383,4,1610612756,9,17,14,4,4,3,1
2017-18,21700383,4,1610612759,5,4,3,1,4,1,0
2017-18,21700384,1,1610612745,5,6,6,3,2,0,0
2017-18,21700384,1,1610612757,5,5,3,3,1,2,0
2017-18,21700384,2,1610612745,9,13,11,6,3,2,0
2017-18,21700384,2,1610612757,4,2,2,1,1,0,2
2017-18,21700384,3,1610612745,9,16,11,4,4,5,1
2017-18,21700384,3,1610612757,4,3,3,2,2,0,0
2017-18,21700384,4,1610612745,4,7,6,2,2,1,0
2017-18,21700384,4,1610612757,2,2,1,1,1,1,0
2017-18,21700385,1,1610612758,3,4,1,2,1,3,0
2017-18,21700385,1,1610612761,4,2,1,1,3,1,0
2017-18,21700385,2,1610612758,5,4,3,3,2,1,0
2017-18,21700385,2,1610612761,3,3,2,2,1,1,0
2017-18,21700385,3,1610612758,3,4,3,2,1,1,0
2017-18,21700385,3,1610612761,7,14,10,6,1,4,0
2017-18,21700385,4,1610612758,3,2,0,1,2,2,0
2017-18,21700385,4,1610612761,1,0,0,0,1,0,0
2017-18,21700386,1,1610612738,3,4,4,2,1,0,0
2017-18,21700386,1,1610612765,5,4,3,1,4,1,0
2017-18,21700386,2,1610612738,3,5,3,2,1,2,0
2017-18,21700386,2,1610612765,2,0,0,0,2,0,0
2017-18,21700386,3,1610612738,5,5,3,1,4,2,0
2017-18,21700386,3,1610612765,4,6,6,3,1,0,0
2017-18,21700386,4,1610612738,5,4,4,1,4,0,0
2017-18,21700386,4,1610612765,7,9,6,5,2,3,0
2017-18,21700387,1,1610612743,4,7,5,4,0,2,0
2017-18,21700387,1,1610612754,4,6,5,3,1,1,0
2017-18,21700387,2,1610612743,2,2,2,1,1,0,0
2017-18,21700387,2,1610612754,2,0,0,0,2,0,0
2017-18,21700387,3,1610612743,2,2,1,1,1,1,0
2017-18,21700387,3,1610612754,3,5,4,2,1,1,0
2017-18,21700387,4,1610612743,5,5,5,3,2,0,0
2017-18,21700387,4,1610612754,6,10,8,5,1,2,0
2017-18,21700388,1,1610612742,3,0,0,0,2,0,1
2017-18,21700388,1,1610612750,3,4,3,2,1,1,0
2017-18,21700388,2,1610612742,4,4,3,2,2,1,0
2017-18,21700388,2,1610612750,4,1,1,1,3,0,0
2017-18,21700388,3,1610612742,3,3,2,1,2,1,0
2017-18,21700388,3,1610612750,6,7,6,2,4,1,0
2017-18,21700388,4,1610612742,4,2,2,1,2,0,0
2017-18,21700388,4,1610612750,8,11,8,3,4,3,1
2017-18,21700389,1,1610612740,8,12,9,5,3,3,0
2017-18,21700389,1,1610612755,3,3,3,2,1,0,0
2017-18,21700389,2,1610612740,5,5,3,3,1,2,1
2017-18,21700389,2,1610612755,1,2,2,1,0,0,0
2017-18,21700389,3,1610612740,9,11,8,3,5,3,1
2017-18,21700389,3,1610612755,9,14,12,8,1,2,0
2017-18,21700389,4,1610612740,6,4,4,0,6,0,0
2017-18,21700389,4,1610612755,7,11,10,3,3,1,0
2017-18,21700390,1,1610612737,3,0,0,0,2,0,1
2017-18,21700390,1,1610612752,3,2,1,2,1,1,0
2017-18,21700390,2,1610612737,5,4,2,2,3,2,0
2017-18,21700390,2,1610612752,6,5,5,3,2,0,1
2017-18,21700390,3,1610612737,7,10,8,2,4,2,0
2017-18,21700390,3,1610612752,6,6,4,2,4,2,0
2017-18,21700390,4,1610612737,10,16,14,5,3,2,2
2017-18,21700390,4,1610612752,11,21,18,5,6,3,0
2017-18,21700391,1,1610612738,1,2,2,1,0,0,0
2017-18,21700391,1,1610612741,3,2,2,1,2,0,0
2017-18,21700391,2,1610612738,4,0,0,0,4,0,0
2017-18,21700391,2,1610612741,6,8,7,3,2,1,1
2017-18,21700391,3,1610612738,5,4,1,2,3,3,0
2017-18,21700391,3,1610612741,4,6,2,3,1,4,0
2017-18,21700391,4,1610612738,5,8,6,4,1,2,0
2017-18,21700391,4,1610612741,6,9,7,5,1,2,0
2017-18,21700392,1,1610612740,2,4,2,2,0,2,0
2017-18,21700392,1,1610612745,3,4,4,2,1,0,0
2017-18,21700392,2,1610612740,5,5,4,2,3,1,0
2017-18,21700392,2,1610612745,7,10,8,5,2,2,0
2017-18,21700392,3,1610612740,3,0,0,0,3,0,0
2017-18,21700392,3,1610612745,3,4,0,2,1,4,0
2017-18,21700392,4,1610612740,5,4,1,2,3,3,0
2017-18,21700392,4,1610612745,5,7,5,1,4,2,0
2017-18,21700393,1,1610612748,4,4,3,2,0,1,2
2017-18,21700393,1,1610612763,4,3,3,2,2,0,0
2017-18,21700393,2,1610612748,4,5,4,2,2,1,0
2017-18,21700393,2,1610612763,4,7,3,3,1,4,0
2017-18,21700393,3,1610612748,6,7,5,3,3,2,0
2017-18,21700393,3,1610612763,7,10,6,5,2,4,0
2017-18,21700393,4,1610612748,6,8,7,2,4,1,0
2017-18,21700393,4,1610612763,5,7,6,2,3,1,0
2017-18,21700394,1,1610612760,2,4,4,2,0,0,0
2017-18,21700394,1,1610612766,4,5,4,2,1,1,1
2017-18,21700394,2,1610612760,9,10,9,4,4,1,1
2017-18,21700394,2,1610612766,7,10,6,4,2,4,1
2017-18,21700394,3,1610612760,4,8,8,4,0,0,0
2017-18,21700394,3,1610612766,3,6,5,3,0,1,0
2017-18,21700394,4,1610612760,3,3,3,2,1,0,0
2017-18,21700394,4,1610612766,3,3,2,2,1,1,0
2017-18,21700395,1,1610612744,1,0,0,0,1,0,0
2017-18,21700395,1,1610612757,2,2,2,1,0,0,1
2017-18,21700395,2,1610612744,4,6,4,2,2,2,0
2017-18,21700395,2,1610612757,5,8,8,4,1,0,0
2017-18,21700395,3,1610612744,7,9,7,3,4,2,0
2017-18,21700395,3,1610612757,6,12,12,5,1,0,0
2017-18,21700395,4,1610612744,4,2,2,1,2,0,1
2017-18,21700395,4,1610612757,2,3,1,2,0,2,0
2017-18,21700396,1,1610612746,3,1,1,1,2,0,0
2017-18,21700396,1,1610612761,4,8,8,4,0,0,0
2017-18,21700396,2,1610612746,7,11,9,5,2,2,0
2017-18,21700396,2,1610612761,4,4,2,2,2,2,0
2017-18,21700396,3,1610612746,4,4,3,2,2,1,0
2017-18,21700396,3,1610612761,7,8,6,5,2,2,0
2017-18,21700396,4,1610612746,6,8,7,2,4,1,0
2017-18,21700396,4,1610612761,5,6,4,4,1,2,0
2017-18,21700397,1,1610612737,2,1,1,1,0,0,1
2017-18,21700397,1,1610612739,3,0,0,0,2,0,1
2017-18,21700397,2,1610612737,3,0,0,0,2,0,1
2017-18,21700397,2,1610612739,4,5,5,3,1,0,0
2017-18,21700397,3,1610612737,5,4,4,1,3,0,1
2017-18,21700397,3,1610612739,5,3,1,1,4,2,0
2017-18,21700397,4,1610612737,6,8,7,3,2,1,1
2017-18,21700397,4,1610612739,1,2,1,1,0,1,0
2017-18,21700398,1,1610612743,3,2,2,1,2,0,0
2017-18,21700398,1,1610612765,4,6,5,3,1,1,0
2017-18,21700398,2,1610612743,3,4,4,2,1,0,0
2017-18,21700398,2,1610612765,3,4,3,2,1,1,0
2017-18,21700398,3,1610612743,5,4,4,1,4,0,0
2017-18,21700398,3,1610612765,4,8,7,3,1,1,0
2017-18,21700398,4,1610612743,4,4,3,2,2,1,0
2017-18,21700398,4,1610612765,3,4,4,2,1,0,0
2017-18,21700399,1,1610612747,4,5,3,4,0,2,0
2017-18,21700399,1,1610612752,3,1,1,1,2,0,0
2017-18,21700399,2,1610612747,1,2,2,1,0,0,0
2017-18,21700399,2,1610612752,3,4,3,1,2,1,0
2017-18,21700399,3,1610612747,3,1,1,1,2,0,0
2017-18,21700399,3,1610612752,5,4,2,2,2,2,1
2017-18,21700399,4,1610612747,3,2,2,0,3,0,0
2017-18,21700399,4,1610612752,4,0,0,0,3,0,1
2017-18,21700400,1,1610612751,3,4,3,3,0,1,0
2017-18,21700400,1,1610612764,4,5,3,3,1,2,0
2017-18,21700400,2,1610612751,6,10,6,5,1,4,0
2017-18,21700400,2,1610612764,4,4,4,2,2,0,0
2017-18,21700400,3,1610612751,4,7,6,4,0,1,0
2017-18,21700400,3,1610612764,4,5,5,2,0,0,2
2017-18,21700400,4,1610612751,10,12,10,4,5,2,1
2017-18,21700400,4,1610612764,6,8,6,4,2,2,0
2017-18,21700401,1,1610612750,6,12,9,5,1,3,0
2017-18,21700401,1,1610612755,2,1,1,1,1,0,0
2017-18,21700401,2,1610612750,2,4,3,2,0,1,0
2017-18,21700401,2,1610612755,4,6,5,2,1,1,1
2017-18,21700401,3,1610612750,5,7,5,5,0,2,0
2017-18,21700401,3,1610612755,2,4,3,2,0,1,0
2017-18,21700401,4,1610612750,2,2,0,1,1,2,0
2017-18,21700401,4,1610612755,4,8,7,4,0,1,0
2017-18,21700402,1,1610612742,3,4,4,2,1,0,0
2017-18,21700402,1,1610612759,1,2,1,1,0,1,0
2017-18,21700402,2,1610612742,1,2,0,1,0,2,0
2017-18,21700402,2,1610612759,5,3,1,2,2,2,0
2017-18,21700402,3,1610612742,2,2,2,1,1,0,0
2017-18,21700402,3,1610612759,5,5,3,3,2,2,0
2017-18,21700402,4,1610612742,5,4,4,2,3,0,0
2017-18,21700402,4,1610612759,8,9,7,3,4,2,1
2017-18,21700403,1,1610612756,3,1,1,1,1,0,1
2017-18,21700403,1,1610612758,2,4,3,2,0,1,0
2017-18,21700403,2,1610612756,5,6,5,2,3,1,0
2017-18,21700403,2,1610612758,4,6,5,3,1,1,0
2017-18,21700403,3,1610612756,5,5,3,3,2,2,0
2017-18,21700403,3,1610612758,5,3,1,1,3,2,1
2017-18,21700403,4,1610612756,4,2,2,1,2,0,1
2017-18,21700403,4,1610612758,7,9,7,3,2,2,2
2017-18,21700404,1,1610612754,0,0,0,0,0,0,0
2017-18,21700404,1,1610612760,4,6,4,3,1,2,0
2017-18,21700404,2,1610612754,5,2,1,1,4,1,0
2017-18,21700404,2,1610612760,2,1,1,1,1,0,0
2017-18,21700404,3,1610612754,2,0,0,0,2,0,0
2017-18,21700404,3,1610612760,6,7,3,4,2,4,0
2017-18,21700404,4,1610612754,5,4,3,2,3,1,0
2017-18,21700404,4,1610612760,8,10,7,3,4,3,0
2017-18,21700405,1,1610612746,1,1,1,0,1,0,0
2017-18,21700405,1,1610612753,3,3,2,2,1,1,0
2017-18,21700405,2,1610612746,3,6,5,3,0,1,0
2017-18,21700405,2,1610612753,5,6,4,3,2,2,0
2017-18,21700405,3,1610612746,2,2,1,1,1,1,0
2017-18,21700405,3,1610612753,3,3,2,2,1,1,0
2017-18,21700405,4,1610612746,6,11,9,4,2,2,0
2017-18,21700405,4,1610612753,7,9,4,4,2,5,1
2017-18,21700406,1,1610612763,4,1,1,1,3,0,0
2017-18,21700406,1,1610612764,3,2,0,2,1,2,0
2017-18,21700406,2,1610612763,5,6,5,2,3,1,0
2017-18,21700406,2,1610612764,4,4,1,2,2,3,0
2017-18,21700406,3,1610612763,2,2,2,1,1,0,0
2017-18,21700406,3,1610612764,7,8,5,3,4,3,0
2017-18,21700406,4,1610612763,7,7,7,3,3,0,0
2017-18,21700406,4,1610612764,7,10,6,2,4,4,0
2017-18,21700407,1,1610612738,4,6,6,4,0,0,0
2017-18,21700407,1,1610612743,3,4,3,2,1,1,0
2017-18,21700407,2,1610612738,3,6,4,3,0,2,0
2017-18,21700407,2,1610612743,5,5,3,3,2,2,0
2017-18,21700407,3,1610612738,5,5,4,2,2,1,1
2017-18,21700407,3,1610612743,5,8,6,5,0,2,0
2017-18,21700407,4,1610612738,5,7,5,2,3,2,0
2017-18,21700407,4,1610612743,5,9,7,5,0,2,0
2017-18,21700408,1,1610612748,3,2,1,1,2,1,0
2017-18,21700408,1,1610612757,2,4,3,2,0,1,0
2017-18,21700408,2,1610612748,4,3,3,2,2,0,0
2017-18,21700408,2,1610612757,3,3,3,2,1,0,0
2017-18,21700408,3,1610612748,7,8,5,3,4,3,0
2017-18,21700408,3,1610612757,5,8,6,4,1,2,0
2017-18,21700408,4,1610612748,5,10,5,5,0,5,0
2017-18,21700408,4,1610612757,7,8,8,4,3,0,0
2017-18,21700409,1,1610612741,2,2,1,1,1,1,0
2017-18,21700409,1,1610612762,3,4,4,3,0,0,0
2017-18,21700409,2,1610612741,5,6,5,2,3,1,0
2017-18,21700409,2,1610612762,3,2,2,1,2,0,0
2017-18,21700409,3,1610612741,6,6,5,2,4,1,0
2017-18,21700409,3,1610612762,4,1,1,0,4,0,0
2017-18,21700409,4,1610612741,5,7,3,1,4,4,0
2017-18,21700409,4,1610612762,3,0,0,0,3,0,0
2017-18,21700410,1,1610612740,4,4,4,3,1,0,0
2017-18,21700410,1,1610612749,3,5,2,3,0,3,0
2017-18,21700410,2,1610612740,3,5,4,3,0,1,0
2017-18,21700410,2,1610612749,3,3,2,1,2,1,0
2017-18,21700410,3,1610612740,3,4,2,2,1,2,0
2017-18,21700410,3,1610612749,4,4,2,2,2,2,0
2017-18,21700410,4,1610612740,1,2,2,1,0,0,0
2017-18,21700410,4,1610612749,4,7,6,3,0,1,1
2017-18,21700411,1,1610612756,5,9,8,5,0,1,0
2017-18,21700411,1,1610612761,6,7,6,4,2,1,0
2017-18,21700411,2,1610612756,5,7,4,2,3,3,0
2017-18,21700411,2,1610612761,2,4,3,2,0,1,0
2017-18,21700411,3,1610612756,4,4,4,2,2,0,0
2017-18,21700411,3,1610612761,6,10,8,5,0,2,1
2017-18,21700411,4,1610612756,10,14,11,5,3,3,2
2017-18,21700411,4,1610612761,8,10,9,2,5,1,1
2017-18,21700412,1,1610612745,4,7,6,3,1,1,0
2017-18,21700412,1,1610612766,5,6,4,4,1,2,0
2017-18,21700412,2,1610612745,4,7,3,3,1,4,0
2017-18,21700412,2,1610612766,7,13,10,5,1,3,1
2017-18,21700412,3,1610612745,1,1,0,1,0,1,0
2017-18,21700412,3,1610612766,3,4,4,2,1,0,0
2017-18,21700412,4,1610612745,4,4,4,2,1,0,1
2017-18,21700412,4,1610612766,3,4,2,2,1,2,0
2017-18,21700413,1,1610612737,6,7,2,3,3,5,0
2017-18,21700413,1,1610612765,1,0,0,0,1,0,0
2017-18,21700413,2,1610612737,2,2,1,1,1,1,0
2017-18,21700413,2,1610612765,2,2,0,1,1,2,0
2017-18,21700413,3,1610612737,7,7,6,2,5,1,0
2017-18,21700413,3,1610612765,4,6,6,3,0,0,1
2017-18,21700413,4,1610612737,7,10,7,5,2,3,0
2017-18,21700413,4,1610612765,3,4,4,2,1,0,0
2017-18,21700414,1,1610612751,5,3,3,1,4,0,0
2017-18,21700414,1,1610612752,5,7,7,4,1,0,0
2017-18,21700414,2,1610612751,8,12,8,4,2,4,2
2017-18,21700414,2,1610612752,5,5,4,2,3,1,0
2017-18,21700414,3,1610612751,1,1,1,1,0,0,0
2017-18,21700414,3,1610612752,3,4,3,3,0,1,0
2017-18,21700414,4,1610612751,6,7,6,3,2,1,1
2017-18,21700414,4,1610612752,6,6,5,0,4,1,2
2017-18,21700415,1,1610612739,4,6,3,3,1,3,0
2017-18,21700415,1,1610612747,1,2,1,1,0,1,0
2017-18,21700415,2,1610612739,4,5,4,2,1,1,1
2017-18,21700415,2,1610612747,5,6,4,3,2,2,0
2017-18,21700415,3,1610612739,6,8,7,3,3,1,0
2017-18,21700415,3,1610612747,3,2,0,1,2,2,0
2017-18,21700415,4,1610612739,3,6,6,2,1,0,0
2017-18,21700415,4,1610612747,4,4,4,2,2,0,0
2017-18,21700416,1,1610612750,5,3,3,2,2,0,1
2017-18,21700416,1,1610612758,3,2,2,1,2,0,0
2017-18,21700416,2,1610612750,4,5,5,3,1,0,0
2017-18,21700416,2,1610612758,8,9,7,4,3,2,1
2017-18,21700416,3,1610612750,7,8,7,5,1,1,0
2017-18,21700416,3,1610612758,3,1,1,1,2,0,0
2017-18,21700416,4,1610612750,5,4,2,2,2,2,1
2017-18,21700416,4,1610612758,4,0,0,0,4,0,0
2017-18,21700417,1,1610612742,1,0,0,0,1,0,0
2017-18,21700417,1,1610612744,3,1,1,1,2,0,0
2017-18,21700417,2,1610612742,5,3,2,1,3,1,1
2017-18,21700417,2,1610612744,4,4,3,3,1,1,0
2017-18,21700417,3,1610612742,6,10,9,5,1,1,0
2017-18,21700417,3,1610612744,4,2,1,1,2,1,1
2017-18,21700417,4,1610612742,5,4,2,1,4,2,0
2017-18,21700417,4,1610612744,5,2,2,1,4,0,0
2017-18,21700418,1,1610612748,4,7,7,4,0,0,0
2017-18,21700418,1,1610612766,5,9,5,5,0,4,0
2017-18,21700418,2,1610612748,2,1,1,0,1,0,1
2017-18,21700418,2,1610612766,5,8,6,4,0,2,1
2017-18,21700418,3,1610612748,5,7,5,3,2,2,0
2017-18,21700418,3,1610612766,2,2,2,1,1,0,0
2017-18,21700418,4,1610612748,2,2,2,0,2,0,0
2017-18,21700418,4,1610612766,5,8,7,3,2,1,0
2017-18,21700419,1,1610612754,2,0,0,0,2,0,0
2017-18,21700419,1,1610612765,0,0,0,0,0,0,0
2017-18,21700419,2,1610612754,4,4,4,2,1,0,1
2017-18,21700419,2,1610612765,3,0,0,0,3,0,0
2017-18,21700419,3,1610612754,6,6,4,2,2,2,2
2017-18,21700419,3,1610612765,6,8,4,4,1,4,0
2017-18,21700419,4,1610612754,8,15,11,6,1,4,1
2017-18,21700419,4,1610612765,6,9,9,3,2,0,1
2017-18,21700420,1,1610612753,3,4,1,2,1,3,0
2017-18,21700420,1,1610612757,2,1,1,1,1,0,0
2017-18,21700420,2,1610612753,3,2,2,1,1,0,1
2017-18,21700420,2,1610612757,4,2,2,1,3,0,0
2017-18,21700420,3,1610612753,5,8,7,3,2,1,0
2017-18,21700420,3,1610612757,4,4,4,2,2,0,0
2017-18,21700420,4,1610612753,5,5,4,3,2,1,0
2017-18,21700420,4,1610612757,5,8,6,3,2,2,0
2017-18,21700421,1,1610612755,4,4,2,2,1,2,1
2017-18,21700421,1,1610612760,3,4,2,2,1,2,0
2017-18,21700421,2,1610612755,1,2,2,0,1,0,0
2017-18,21700421,2,1610612760,4,4,3,2,1,1,1
2017-18,21700421,3,1610612755,5,6,6,2,3,0,0
2017-18,21700421,3,1610612760,6,7,4,2,4,3,0
2017-18,21700421,4,1610612755,4,6,4,3,1,2,0
2017-18,21700421,4,1610612760,2,0,0,0,1,0,1
2017-18,21700422,1,1610612746,7,8,5,4,3,3,0
2017-18,21700422,1,1610612764,6,6,3,2,3,3,1
2017-18,21700422,2,1610612746,8,10,5,4,2,5,2
2017-18,21700422,2,1610612764,4,8,6,4,0,2,0
2017-18,21700422,3,1610612746,6,9,7,4,2,2,0
2017-18,21700422,3,1610612764,2,3,2,1,0,1,0
2017-18,21700422,4,1610612746,3,2,1,1,2,1,0
2017-18,21700422,4,1610612764,5,6,4,3,2,2,0
2017-18,21700423,1,1610612738,3,2,1,1,2,1,0
2017-18,21700423,1,1610612762,3,2,1,1,2,1,0
2017-18,21700423,2,1610612738,4,5,4,3,1,1,0
2017-18,21700423,2,1610612762,4,3,1,2,2,2,0
2017-18,21700423,3,1610612738,4,5,5,3,0,0,1
2017-18,21700423,3,1610612762,7,11,10,5,2,1,0
2017-18,21700423,4,1610612738,6,7,6,3,2,1,1
2017-18,21700423,4,1610612762,4,2,2,1,3,0,0
2017-18,21700424,1,1610612751,1,0,0,0,1,0,0
2017-18,21700424,1,1610612761,4,1,0,1,3,1,0
2017-18,21700424,2,1610612751,3,1,1,1,2,0,0
2017-18,21700424,2,1610612761,1,0,0,0,1,0,0
2017-18,21700424,3,1610612751,6,9,7,4,2,2,0
2017-18,21700424,3,1610612761,5,4,2,2,3,2,0
2017-18,21700424,4,1610612751,6,9,8,4,1,1,1
2017-18,21700424,4,1610612761,3,4,3,3,0,1,0
2017-18,21700425,1,1610612737,7,8,7,3,4,1,0
2017-18,21700425,1,1610612763,5,3,2,2,2,1,1
2017-18,21700425,2,1610612737,3,2,2,1,2,0,0
2017-18,21700425,2,1610612763,4,5,2,3,1,3,0
2017-18,21700425,3,1610612737,4,0,0,0,4,0,0
2017-18,21700425,3,1610612763,7,7,7,4,3,0,0
2017-18,21700425,4,1610612737,5,6,5,3,2,1,0
2017-18,21700425,4,1610612763,3,2,1,1,2,1,0
2017-18,21700426,1,1610612741,4,7,4,3,0,3,1
2017-18,21700426,1,1610612749,9,15,9,7,2,6,0
2017-18,21700426,2,1610612741,8,11,6,6,2,5,0
2017-18,21700426,2,1610612749,4,2,1,1,3,1,0
2017-18,21700426,3,1610612741,4,3,2,2,2,1,0
2017-18,21700426,3,1610612749,5,4,3,2,3,1,0
2017-18,21700426,4,1610612741,8,14,11,6,2,3,0
2017-18,21700426,4,1610612749,6,8,7,4,2,1,0
2017-18,21700427,1,1610612740,5,4,4,3,2,0,0
2017-18,21700427,1,1610612743,2,4,2,2,0,2,0
2017-18,21700427,2,1610612740,3,2,2,1,2,0,0
2017-18,21700427,2,1610612743,3,2,1,1,2,1,0
2017-18,21700427,3,1610612740,1,2,1,1,0,1,0
2017-18,21700427,3,1610612743,2,2,1,1,1,1,0
2017-18,21700427,4,1610612740,4,3,2,2,0,1,2
2017-18,21700427,4,1610612743,4,2,2,1,3,0,0
2017-18,21700428,1,1610612745,7,12,9,4,2,3,1
2017-18,21700428,1,1610612759,2,1,0,1,0,1,1
2017-18,21700428,2,1610612745,1,0,0,0,1,0,0
2017-18,21700428,2,1610612759,1,1,1,1,0,0,0
2017-18,21700428,3,1610612745,6,9,7,4,1,2,1
2017-18,21700428,3,1610612759,9,9,5,3,6,4,0
2017-18,21700428,4,1610612745,3,4,4,2,1,0,0
2017-18,21700428,4,1610612759,3,2,1,2,1,1,0
2017-18,21700429,1,1610612757,5,5,3,3,1,2,1
2017-18,21700429,1,1610612766,3,6,3,3,0,3,0
2017-18,21700429,2,1610612757,4,1,1,1,2,0,1
2017-18,21700429,2,1610612766,5,6,2,3,2,4,0
2017-18,21700429,3,1610612757,3,2,1,1,2,1,0
2017-18,21700429,3,1610612766,4,5,3,3,1,2,0
2017-18,21700429,4,1610612757,7,10,4,2,4,6,1
2017-18,21700429,4,1610612766,5,11,10,5,0,1,0
2017-18,21700430,1,1610612739,3,2,2,1,2,0,0
2017-18,21700430,1,1610612762,2,4,4,2,0,0,0
2017-18,21700430,2,1610612739,2,4,3,2,0,1,0
2017-18,21700430,2,1610612762,3,2,1,1,2,1,0
2017-18,21700430,3,1610612739,3,2,2,1,2,0,0
2017-18,21700430,3,1610612762,6,6,3,3,3,3,0
2017-18,21700430,4,1610612739,6,9,8,4,2,1,0
2017-18,21700430,4,1610612762,2,2,1,1,1,1,0
2017-18,21700431,1,1610612752,1,0,0,0,1,0,0
2017-18,21700431,1,1610612760,4,2,1,1,3,1,0
2017-18,21700431,2,1610612752,7,10,8,4,2,2,1
2017-18,21700431,2,1610612760,8,7,5,4,4,2,0
2017-18,21700431,3,1610612752,7,11,9,5,2,2,0
2017-18,21700431,3,1610612760,3,2,1,1,2,1,0
2017-18,21700431,4,1610612752,5,5,4,1,3,1,1
2017-18,21700431,4,1610612760,6,9,5,3,2,4,0
2017-18,21700432,1,1610612746,3,2,0,1,1,2,1
2017-18,21700432,1,1610612748,6,8,5,4,2,3,0
2017-18,21700432,2,1610612746,0,0,0,0,0,0,0
2017-18,21700432,2,1610612748,3,1,1,1,2,0,0
2017-18,21700432,3,1610612746,7,8,6,3,2,2,2
2017-18,21700432,3,1610612748,5,5,4,2,3,1,0
2017-18,21700432,4,1610612746,5,4,1,1,2,3,2
2017-18,21700432,4,1610612748,5,7,6,1,4,1,0
2017-18,21700433,1,1610612745,9,11,10,5,3,1,1
2017-18,21700433,1,1610612749,6,9,7,3,3,2,0
2017-18,21700433,2,1610612745,7,6,5,3,4,1,0
2017-18,21700433,2,1610612749,5,8,7,3,2,1,0
2017-18,21700433,3,1610612745,8,14,13,3,4,1,1
2017-18,21700433,3,1610612749,4,5,4,3,1,1,0
2017-18,21700433,4,1610612745,8,11,6,1,6,5,1
2017-18,21700433,4,1610612749,8,11,9,3,5,2,0
2017-18,21700434,1,1610612750,3,6,4,3,0,2,0
2017-18,21700434,1,1610612756,1,2,2,1,0,0,0
2017-18,21700434,2,1610612750,5,7,5,2,1,2,1
2017-18,21700434,2,1610612756,6,11,9,5,1,2,0
2017-18,21700434,3,1610612750,6,7,6,4,2,1,0
2017-18,21700434,3,1610612756,5,11,9,4,1,2,0
2017-18,21700434,4,1610612750,4,4,2,2,2,2,0
2017-18,21700434,4,1610612756,5,11,11,5,0,0,0
2017-18,21700435,1,1610612742,3,1,1,1,2,0,0
2017-18,21700435,1,1610612759,2,2,2,1,1,0,0
2017-18,21700435,2,1610612742,3,0,0,0,3,0,0
2017-18,21700435,2,1610612759,5,7,6,3,1,1,1
2017-18,21700435,3,1610612742,4,6,5,2,1,1,1
2017-18,21700435,3,1610612759,4,6,5,3,1,1,0
2017-18,21700435,4,1610612742,2,2,2,1,0,0,1
2017-18,21700435,4,1610612759,4,3,2,2,2,1,0
2017-18,21700436,1,1610612738,6,7,5,2,3,2,1
2017-18,21700436,1,1610612763,4,4,3,2,2,1,0
2017-18,21700436,2,1610612738,2,2,1,1,1,1,0
2017-18,21700436,2,1610612763,4,7,6,3,1,1,0
2017-18,21700436,3,1610612738,2,2,2,1,1,0,0
2017-18,21700436,3,1610612763,4,1,1,1,3,0,0
2017-18,21700436,4,1610612738,5,3,2,3,1,1,1
2017-18,21700436,4,1610612763,4,5,5,3,1,0,0
2017-18,21700437,1,1610612758,4,6,4,3,1,2,0
2017-18,21700437,1,1610612761,5,8,7,3,2,1,0
2017-18,21700437,2,1610612758,2,0,0,0,2,0,0
2017-18,21700437,2,1610612761,6,10,8,3,3,2,0
2017-18,21700437,3,1610612758,3,2,2,1,0,0,2
2017-18,21700437,3,1610612761,3,6,5,2,1,1,0
2017-18,21700437,4,1610612758,3,0,0,0,3,0,0
2017-18,21700437,4,1610612761,2,4,3,1,0,1,0
2017-18,21700438,1,1610612753,3,4,1,1,2,3,0
2017-18,21700438,1,1610612765,3,2,1,1,2,1,0
2017-18,21700438,2,1610612753,4,0,0,0,4,0,0
2017-18,21700438,2,1610612765,3,2,1,1,2,1,0
2017-18,21700438,3,1610612753,4,8,6,4,0,2,0
2017-18,21700438,3,1610612765,4,4,4,2,2,0,0
2017-18,21700438,4,1610612753,3,5,4,2,1,1,0
2017-18,21700438,4,1610612765,5,8,7,0,5,1,0
2017-18,21700439,1,1610612751,2,4,4,2,0,0,0
2017-18,21700439,1,1610612754,4,6,5,3,1,1,0
2017-18,21700439,2,1610612751,3,0,0,0,1,0,2
2017-18,21700439,2,1610612754,5,5,4,3,1,1,1
2017-18,21700439,3,1610612751,6,8,6,4,2,2,0
2017-18,21700439,3,1610612754,5,5,4,2,3,1,0
2017-18,21700439,4,1610612751,5,9,7,4,1,2,0
2017-18,21700439,4,1610612754,2,3,2,1,1,1,0
2017-18,21700440,1,1610612739,4,2,2,0,4,0,0
2017-18,21700440,1,1610612764,4,7,3,3,1,4,0
2017-18,21700440,2,1610612739,4,4,3,2,1,1,1
2017-18,21700440,2,1610612764,3,6,4,3,0,2,0
2017-18,21700440,3,1610612739,2,0,0,0,2,0,0
2017-18,21700440,3,1610612764,3,1,1,1,2,0,0
2017-18,21700440,4,1610612739,6,6,5,3,3,1,0
2017-18,21700440,4,1610612764,5,2,1,1,3,1,1
2017-18,21700441,1,1610612752,2,4,3,2,0,1,0
2017-18,21700441,1,1610612766,4,8,7,2,2,1,0
2017-18,21700441,2,1610612752,4,6,4,3,1,2,0
2017-18,21700441,2,1610612766,4,1,1,1,3,0,0
2017-18,21700441,3,1610612752,2,1,1,1,0,0,1
2017-18,21700441,3,1610612766,5,5,4,2,1,1,2
2017-18,21700441,4,1610612752,6,9,8,3,3,1,0
2017-18,21700441,4,1610612766,2,2,2,1,1,0,0
2017-18,21700442,1,1610612738,3,1,0,1,2,1,0
2017-18,21700442,1,1610612754,5,7,6,4,1,1,0
2017-18,21700442,2,1610612738,3,3,3,2,1,0,0
2017-18,21700442,2,1610612754,10,12,9,5,4,3,1
2017-18,21700442,3,1610612738,5,8,3,3,2,5,0
2017-18,21700442,3,1610612754,9,12,9,6,2,3,1
2017-18,21700442,4,1610612738,3,2,2,1,2,0,0
2017-18,21700442,4,1610612754,6,7,6,2,3,1,1
2017-18,21700443,1,1610612737,2,4,4,2,0,0,0
2017-18,21700443,1,1610612748,4,5,4,3,1,1,0
2017-18,21700443,2,1610612737,5,4,3,1,3,1,1
2017-18,21700443,2,1610612748,6,6,4,2,4,2,0
2017-18,21700443,3,1610612737,8,15,13,4,3,2,1
2017-18,21700443,3,1610612748,6,7,7,3,2,0,1
2017-18,21700443,4,1610612737,6,8,6,2,4,2,0
2017-18,21700443,4,1610612748,7,12,10,6,1,2,0
2017-18,21700444,1,1610612741,3,4,4,2,1,0,0
2017-18,21700444,1,1610612755,2,0,0,0,2,0,0
2017-18,21700444,2,1610612741,4,1,1,1,3,0,0
2017-18,21700444,2,1610612755,6,8,5,4,2,3,0
2017-18,21700444,3,1610612741,5,4,4,1,3,0,1
2017-18,21700444,3,1610612755,3,6,4,3,0,2,0
2017-18,21700444,4,1610612741,8,10,7,5,3,3,0
2017-18,21700444,4,1610612755,4,4,4,3,1,0,0
2017-18,21700445,1,1610612745,6,7,6,3,3,1,0
2017-18,21700445,1,1610612762,2,1,1,1,1,0,0
2017-18,21700445,2,1610612745,5,6,6,2,3,0,0
2017-18,21700445,2,1610612762,4,4,4,2,2,0,0
2017-18,21700445,3,1610612745,5,10,8,4,1,2,0
2017-18,21700445,3,1610612762,4,3,2,3,1,1,0
2017-18,21700445,4,1610612745,6,4,3,4,1,1,1
2017-18,21700445,4,1610612762,3,0,0,0,3,0,0
2017-18,21700446,1,1610612750,2,2,2,1,1,0,0
2017-18,21700446,1,1610612757,1,1,1,0,1,0,0
2017-18,21700446,2,1610612750,3,4,3,3,0,1,0
2017-18,21700446,2,1610612757,4,2,2,1,2,0,1
2017-18,21700446,3,1610612750,4,7,4,4,0,3,0
2017-18,21700446,3,1610612757,3,2,2,1,2,0,0
2017-18,21700446,4,1610612750,6,8,8,4,0,0,2
2017-18,21700446,4,1610612757,4,0,0,0,4,0,0
2017-18,21700447,1,1610612743,4,3,1,2,1,2,1
2017-18,21700447,1,1610612760,5,5,3,2,3,2,0
2017-18,21700447,2,1610612743,4,4,4,2,1,0,1
2017-18,21700447,2,1610612760,4,6,4,3,0,2,1
2017-18,21700447,3,1610612743,3,5,3,3,0,2,0
2017-18,21700447,3,1610612760,4,2,2,1,2,0,1
2017-18,21700447,4,1610612743,2,0,0,0,2,0,0
2017-18,21700447,4,1610612760,4,2,1,1,3,1,0
2017-18,21700448,1,1610612742,4,3,3,1,3,0,0
2017-18,21700448,1,1610612756,4,3,2,2,1,1,1
2017-18,21700448,2,1610612742,5,4,3,1,4,1,0
2017-18,21700448,2,1610612756,4,6,5,3,1,1,0
2017-18,21700448,3,1610612742,6,8,8,4,1,0,1
2017-18,21700448,3,1610612756,2,3,2,1,0,1,1
2017-18,21700448,4,1610612742,5,2,2,0,5,0,0
2017-18,21700448,4,1610612756,6,10,8,2,4,2,0
2017-18,21700449,1,1610612746,3,4,3,2,1,1,0
2017-18,21700449,1,1610612759,5,5,4,3,2,1,0
2017-18,21700449,2,1610612746,5,6,2,2,2,4,1
2017-18,21700449,2,1610612759,7,10,7,5,1,3,1
2017-18,21700449,3,1610612746,5,4,2,2,3,2,0
2017-18,21700449,3,1610612759,5,8,7,3,1,1,1
2017-18,21700449,4,1610612746,3,2,1,1,2,1,0
2017-18,21700449,4,1610612759,3,2,2,1,2,0,0
2017-18,21700450,1,1610612744,7,8,7,3,3,1,1
2017-18,21700450,1,1610612747,4,4,1,2,2,3,0
2017-18,21700450,2,1610612744,6,4,4,3,3,0,0
2017-18,21700450,2,1610612747,8,11,6,3,4,5,1
2017-18,21700450,3,1610612744,6,5,5,2,4,0,0
2017-18,21700450,3,1610612747,2,4,4,1,1,0,0
2017-18,21700450,4,1610612744,4,2,1,1,3,1,0
2017-18,21700450,4,1610612747,8,12,9,5,3,3,0
2017-18,21700451,1,1610612755,3,4,4,2,1,0,0
2017-18,21700451,1,1610612758,6,7,4,4,1,3,1
2017-18,21700451,2,1610612755,8,12,7,2,6,5,0
2017-18,21700451,2,1610612758,3,4,0,0,3,4,0
2017-18,21700451,3,1610612755,2,2,2,1,1,0,0
2017-18,21700451,3,1610612758,3,3,1,2,1,2,0
2017-18,21700451,4,1610612755,6,6,4,3,3,2,0
2017-18,21700451,4,1610612758,6,9,7,3,3,2,0
2017-18,21700452,1,1610612740,4,2,2,1,3,0,0
2017-18,21700452,1,1610612764,3,2,1,1,2,1,0
2017-18,21700452,2,1610612740,12,22,19,6,5,3,1
2017-18,21700452,2,1610612764,5,3,2,1,3,1,1
2017-18,21700452,3,1610612740,3,4,4,2,1,0,0
2017-18,21700452,3,1610612764,6,9,7,4,2,2,0
2017-18,21700452,4,1610612740,9,12,8,4,4,4,0
2017-18,21700452,4,1610612764,1,0,0,0,0,0,1
2017-18,21700453,1,1610612739,4,5,4,1,3,1,0
2017-18,21700453,1,1610612749,6,10,8,4,2,2,0
2017-18,21700453,2,1610612739,2,4,4,2,0,0,0
2017-18,21700453,2,1610612749,7,5,4,4,3,1,0
2017-18,21700453,3,1610612739,2,2,2,1,1,0,0
2017-18,21700453,3,1610612749,2,4,3,2,0,1,0
2017-18,21700453,4,1610612739,10,13,10,8,2,3,0
2017-18,21700453,4,1610612749,5,8,7,4,1,1,0
2017-18,21700454,1,1610612761,1,1,0,1,0,1,0
2017-18,21700454,1,1610612766,4,6,4,3,1,2,0
2017-18,21700454,2,1610612761,5,5,5,3,2,0,0
2017-18,21700454,2,1610612766,7,6,4,2,3,2,2
2017-18,21700454,3,1610612761,5,5,4,2,3,1,0
2017-18,21700454,3,1610612766,10,19,14,8,1,5,1
2017-18,21700454,4,1610612761,5,7,6,4,1,1,0
2017-18,21700454,4,1610612766,5,4,4,3,1,0,1
2017-18,21700455,1,1610612737,4,2,2,1,3,0,0
2017-18,21700455,1,1610612754,4,3,3,3,1,0,0
2017-18,21700455,2,1610612737,3,6,6,3,0,0,0
2017-18,21700455,2,1610612754,4,4,4,2,2,0,0
2017-18,21700455,3,1610612737,2,2,1,1,0,1,1
2017-18,21700455,3,1610612754,6,8,8,4,2,0,0
2017-18,21700455,4,1610612737,7,10,8,4,3,2,0
2017-18,21700455,4,1610612754,2,4,3,2,0,1,0
2017-18,21700456,1,1610612738,1,0,0,0,1,0,0
2017-18,21700456,1,1610612748,4,4,1,3,1,3,0
2017-18,21700456,2,1610612738,4,5,3,3,1,2,0
2017-18,21700456,2,1610612748,8,11,6,2,5,5,1
2017-18,21700456,3,1610612738,3,5,5,3,0,0,0
2017-18,21700456,3,1610612748,4,5,4,3,0,1,1
2017-18,21700456,4,1610612738,7,11,8,6,1,3,0
2017-18,21700456,4,1610612748,5,5,3,2,3,2,0
2017-18,21700457,1,1610612751,5,6,5,2,3,1,0
2017-18,21700457,1,1610612758,1,0,0,0,1,0,0
2017-18,21700457,2,1610612751,4,5,4,3,1,1,0
2017-18,21700457,2,1610612758,6,8,8,3,3,0,0
2017-18,21700457,3,1610612751,4,9,9,4,0,0,0
2017-18,21700457,3,1610612758,5,6,4,2,3,2,0
2017-18,21700457,4,1610612751,3,3,2,2,1,1,0
2017-18,21700457,4,1610612758,5,6,5,1,4,1,0
2017-18,21700458,1,1610612741,5,5,4,3,2,1,0
2017-18,21700458,1,1610612753,6,8,7,3,3,1,0
2017-18,21700458,2,1610612741,3,0,0,0,2,0,1
2017-18,21700458,2,1610612753,4,3,2,2,1,1,1
2017-18,21700458,3,1610612741,5,6,6,3,2,0,0
2017-18,21700458,3,1610612753,4,4,4,1,3,0,0
2017-18,21700458,4,1610612741,2,3,3,1,1,0,0
2017-18,21700458,4,1610612753,6,8,6,3,1,2,2
2017-18,21700459,1,1610612745,4,3,2,2,1,1,1
2017-18,21700459,1,1610612747,5,8,4,3,2,4,0
2017-18,21700459,2,1610612745,7,10,8,4,3,2,0
2017-18,21700459,2,1610612747,2,2,2,1,1,0,0
2017-18,21700459,3,1610612745,6,9,6,2,4,3,0
2017-18,21700459,3,1610612747,10,15,9,7,2,6,1
2017-18,21700459,4,1610612745,6,10,9,4,2,1,0
2017-18,21700459,4,1610612747,12,18,12,3,9,6,0
2017-18,21700460,1,1610612760,3,5,5,3,0,0,0
2017-18,21700460,1,1610612762,4,2,1,1,3,1,0
2017-18,21700460,2,1610612760,3,3,3,0,2,0,1
2017-18,21700460,2,1610612762,4,4,3,2,2,1,0
2017-18,21700460,3,1610612760,7,14,11,5,2,3,0
2017-18,21700460,3,1610612762,8,13,9,5,3,4,0
2017-18,21700460,4,1610612760,1,0,0,0,0,0,1
2017-18,21700460,4,1610612762,5,8,7,4,1,1,0
2017-18,21700461,1,1610612742,4,5,4,3,1,1,0
2017-18,21700461,1,1610612765,1,2,1,1,0,1,0
2017-18,21700461,2,1610612742,8,11,8,6,1,3,1
2017-18,21700461,2,1610612765,4,5,5,2,2,0,0
2017-18,21700461,3,1610612742,1,2,2,1,0,0,0
2017-18,21700461,3,1610612765,4,6,5,2,1,1,1
2017-18,21700461,4,1610612742,2,2,2,1,1,0,0
2017-18,21700461,4,1610612765,7,9,9,3,4,0,0
2017-18,21700462,1,1610612743,4,8,6,4,0,2,0
2017-18,21700462,1,1610612750,3,4,3,2,1,1,0
2017-18,21700462,2,1610612743,4,5,5,3,1,0,0
2017-18,21700462,2,1610612750,5,4,4,2,3,0,0
2017-18,21700462,3,1610612743,7,6,6,4,3,0,0
2017-18,21700462,3,1610612750,5,5,5,2,3,0,0
2017-18,21700462,4,1610612743,4,5,2,2,2,3,0
2017-18,21700462,4,1610612750,5,6,6,1,4,0,0
2017-18,21700463,1,1610612757,1,0,0,0,0,0,1
2017-18,21700463,1,1610612759,3,0,0,0,2,0,1
2017-18,21700463,2,1610612757,4,4,3,2,1,1,1
2017-18,21700463,2,1610612759,3,1,1,1,2,0,0
2017-18,21700463,3,1610612757,6,8,5,5,1,3,0
2017-18,21700463,3,1610612759,3,0,0,0,3,0,0
2017-18,21700463,4,1610612757,4,2,1,1,2,1,1
2017-18,21700463,4,1610612759,5,5,4,2,3,1,0
2017-18,21700464,1,1610612744,6,5,5,2,3,0,1
2017-18,21700464,1,1610612763,4,2,2,1,3,0,0
2017-18,21700464,2,1610612744,4,5,5,2,2,0,0
2017-18,21700464,2,1610612763,6,6,5,2,4,1,0
2017-18,21700464,3,1610612744,7,8,6,2,4,2,1
2017-18,21700464,3,1610612763,5,8,7,3,2,1,0
2017-18,21700464,4,1610612744,5,7,6,3,2,1,0
2017-18,21700464,4,1610612763,3,3,2,1,2,1,0
2017-18,21700465,1,1610612746,3,2,1,0,3,1,0
2017-18,21700465,1,1610612756,3,2,1,1,2,1,0
2017-18,21700465,2,1610612746,5,5,4,3,1,1,1
2017-18,21700465,2,1610612756,2,0,0,0,2,0,0
2017-18,21700465,3,1610612746,8,13,7,4,4,6,0
2017-18,21700465,3,1610612756,9,13,13,5,3,0,1
2017-18,21700465,4,1610612746,6,4,4,0,5,0,1
2017-18,21700465,4,1610612756,3,4,3,2,1,1,0
2017-18,21700466,1,1610612739,3,4,4,2,0,0,1
2017-18,21700466,1,1610612741,2,0,0,0,1,0,1
2017-18,21700466,2,1610612739,5,5,5,2,3,0,0
2017-18,21700466,2,1610612741,3,1,1,1,1,0,1
2017-18,21700466,3,1610612739,6,6,5,3,2,1,1
2017-18,21700466,3,1610612741,4,2,2,0,3,0,1
2017-18,21700466,4,1610612739,5,7,5,3,2,2,0
2017-18,21700466,4,1610612741,4,5,3,3,1,2,0
2017-18,21700467,1,1610612755,2,2,2,1,1,0,0
2017-18,21700467,1,1610612761,3,3,3,2,1,0,0
2017-18,21700467,2,1610612755,4,2,2,1,3,0,0
2017-18,21700467,2,1610612761,6,8,7,4,2,1,0
2017-18,21700467,3,1610612755,3,2,2,1,2,0,0
2017-18,21700467,3,1610612761,7,9,9,3,3,0,1
2017-18,21700467,4,1610612755,7,8,4,3,4,4,0
2017-18,21700467,4,1610612761,8,15,13,4,4,2,0
2017-18,21700468,1,1610612738,2,0,0,0,2,0,0
2017-18,21700468,1,1610612752,5,4,4,1,3,0,1
2017-18,21700468,2,1610612738,5,7,5,3,1,2,1
2017-18,21700468,2,1610612752,6,8,7,4,1,1,1
2017-18,21700468,3,1610612738,4,0,0,0,3,0,1
2017-18,21700468,3,1610612752,3,4,3,2,0,1,1
2017-18,21700468,4,1610612738,7,12,9,5,2,3,0
2017-18,21700468,4,1610612752,6,10,8,3,2,2,1
2017-18,21700469,1,1610612756,5,6,5,3,2,1,0
2017-18,21700469,1,1610612763,5,3,2,1,4,1,0
2017-18,21700469,2,1610612756,7,10,7,6,0,3,1
2017-18,21700469,2,1610612763,5,5,3,3,2,2,0
2017-18,21700469,3,1610612756,5,9,7,3,2,2,0
2017-18,21700469,3,1610612763,4,6,6,3,1,0,0
2017-18,21700469,4,1610612756,4,2,2,1,3,0,0
2017-18,21700469,4,1610612763,2,2,1,1,1,1,0
2017-18,21700470,1,1610612759,3,2,1,1,1,1,1
2017-18,21700470,1,1610612762,1,2,0,1,0,2,0
2017-18,21700470,2,1610612759,4,2,1,1,3,1,0
2017-18,21700470,2,1610612762,5,7,7,3,1,0,1
2017-18,21700470,3,1610612759,4,5,5,2,2,0,0
2017-18,21700470,3,1610612762,8,11,9,4,4,2,0
2017-18,21700470,4,1610612759,5,7,4,4,1,3,0
2017-18,21700470,4,1610612762,5,4,4,1,4,0,0
2017-18,21700471,1,1610612752,4,1,1,1,3,0,0
2017-18,21700471,1,1610612765,5,5,3,2,3,2,0
2017-18,21700471,2,1610612752,2,2,2,0,2,0,0
2017-18,21700471,2,1610612765,4,3,2,1,3,1,0
2017-18,21700471,3,1610612752,1,0,0,0,1,0,0
2017-18,21700471,3,1610612765,4,8,6,4,0,2,0
2017-18,21700471,4,1610612752,3,3,2,2,1,1,0
2017-18,21700471,4,1610612765,5,9,7,2,3,2,0
2017-18,21700472,1,1610612740,4,9,6,4,0,3,0
2017-18,21700472,1,1610612753,6,5,4,2,4,1,0
2017-18,21700472,2,1610612740,3,7,3,2,1,4,0
2017-18,21700472,2,1610612753,7,11,7,5,2,4,0
2017-18,21700472,3,1610612740,5,4,2,2,3,2,0
2017-18,21700472,3,1610612753,4,6,4,3,1,2,0
2017-18,21700472,4,1610612740,5,4,4,2,1,0,2
2017-18,21700472,4,1610612753,6,7,6,3,2,1,1
2017-18,21700473,1,1610612751,2,2,2,1,1,0,0
2017-18,21700473,1,1610612764,3,1,1,1,2,0,0
2017-18,21700473,2,1610612751,6,8,7,4,2,1,0
2017-18,21700473,2,1610612764,6,4,3,1,5,1,0
2017-18,21700473,3,1610612751,5,8,7,5,0,1,0
2017-18,21700473,3,1610612764,4,3,3,2,1,0,1
2017-18,21700473,4,1610612751,4,3,1,1,3,2,0
2017-18,21700473,4,1610612764,3,7,4,3,0,3,0
2017-18,21700474,1,1610612742,4,2,2,1,2,0,1
2017-18,21700474,1,1610612748,4,2,1,1,3,1,0
2017-18,21700474,2,1610612742,3,0,0,0,2,0,1
2017-18,21700474,2,1610612748,3,2,2,1,2,0,0
2017-18,21700474,3,1610612742,2,1,1,0,2,0,0
2017-18,21700474,3,1610612748,3,2,2,0,3,0,0
2017-18,21700474,4,1610612742,4,8,5,4,0,3,0
2017-18,21700474,4,1610612748,1,0,0,0,1,0,0
2017-18,21700475,1,1610612745,6,8,6,5,1,2,0
2017-18,21700475,1,1610612746,4,5,4,2,2,1,0
2017-18,21700475,2,1610612745,7,9,7,3,3,2,1
2017-18,21700475,2,1610612746,6,8,6,3,2,2,1
2017-18,21700475,3,1610612745,7,12,11,4,3,1,0
2017-18,21700475,3,1610612746,4,3,2,2,1,1,1
2017-18,21700475,4,1610612745,5,6,5,3,2,1,0
2017-18,21700475,4,1610612746,8,15,12,2,6,3,0
2017-18,21700476,1,1610612749,3,5,4,2,1,1,0
2017-18,21700476,1,1610612766,2,2,0,1,0,2,1
2017-18,21700476,2,1610612749,7,8,8,4,2,0,1
2017-18,21700476,2,1610612766,6,8,8,3,3,0,0
2017-18,21700476,3,1610612749,2,4,2,2,0,2,0
2017-18,21700476,3,1610612766,5,6,6,2,3,0,0
2017-18,21700476,4,1610612749,6,6,5,3,3,1,0
2017-18,21700476,4,1610612766,2,1,0,1,1,1,0
2017-18,21700477,1,1610612737,2,2,2,1,1,0,0
2017-18,21700477,1,1610612760,4,4,3,2,1,1,1
2017-18,21700477,2,1610612737,3,5,5,1,1,0,1
2017-18,21700477,2,1610612760,4,4,2,2,2,2,0
2017-18,21700477,3,1610612737,5,6,4,4,1,2,0
2017-18,21700477,3,1610612760,7,10,3,3,4,7,0
2017-18,21700477,4,1610612737,4,4,3,2,2,1,0
2017-18,21700477,4,1610612760,7,13,11,5,2,2,0
2017-18,21700478,1,1610612743,5,3,2,2,3,1,0
2017-18,21700478,1,1610612757,2,3,1,2,0,2,0
2017-18,21700478,2,1610612743,6,7,5,4,2,2,0
2017-18,21700478,2,1610612757,5,4,2,1,4,2,0
2017-18,21700478,3,1610612743,2,2,1,2,0,1,0
2017-18,21700478,3,1610612757,5,8,5,4,0,3,1
2017-18,21700478,4,1610612743,4,3,3,2,2,0,0
2017-18,21700478,4,1610612757,1,1,1,1,0,0,0
2017-18,21700479,1,1610612744,3,4,2,2,1,2,0
2017-18,21700479,1,1610612747,3,4,1,2,1,3,0
2017-18,21700479,2,1610612744,5,7,6,4,0,1,1
2017-18,21700479,2,1610612747,3,2,1,1,2,1,0
2017-18,21700479,3,1610612744,3,3,3,2,1,0,0
2017-18,21700479,3,1610612747,8,12,9,5,3,3,0
2017-18,21700479,4,1610612744,10,13,11,2,8,2,0
2017-18,21700479,4,1610612747,3,4,4,2,1,0,0
2017-18,21700480,1,1610612755,2,3,2,1,1,1,0
2017-18,21700480,1,1610612761,5,7,7,3,2,0,0
2017-18,21700480,2,1610612755,7,8,7,2,4,1,1
2017-18,21700480,2,1610612761,7,8,7,3,3,1,0
2017-18,21700480,3,1610612755,5,4,1,1,3,3,1
2017-18,21700480,3,1610612761,5,7,5,3,1,2,1
2017-18,21700480,4,1610612755,4,5,3,3,1,2,0
2017-18,21700480,4,1610612761,4,4,4,2,2,0,0
2017-18,21700481,1,1610612749,2,4,4,2,0,0,0
2017-18,21700481,1,1610612766,5,7,4,3,2,3,0
2017-18,21700481,2,1610612749,3,3,2,1,2,1,0
2017-18,21700481,2,1610612766,5,6,5,2,3,1,0
2017-18,21700481,3,1610612749,5,4,4,2,3,0,0
2017-18,21700481,3,1610612766,6,7,5,4,1,2,1
2017-18,21700481,4,1610612749,5,6,4,2,3,2,0
2017-18,21700481,4,1610612766,13,20,16,7,5,4,1
2017-18,21700482,1,1610612751,3,0,0,0,3,0,0
2017-18,21700482,1,1610612754,2,4,3,2,0,1,0
2017-18,21700482,2,1610612751,6,4,4,3,2,0,1
2017-18,21700482,2,1610612754,3,0,0,0,3,0,0
2017-18,21700482,3,1610612751,3,4,3,2,1,1,0
2017-18,21700482,3,1610612754,2,1,1,1,1,0,0
2017-18,21700482,4,1610612751,11,17,12,7,4,5,0
2017-18,21700482,4,1610612754,8,11,8,5,2,3,1
2017-18,21700483,1,1610612753,2,2,1,0,1,1,1
2017-18,21700483,1,1610612764,7,9,8,2,5,1,0
2017-18,21700483,2,1610612753,5,3,2,1,4,1,0
2017-18,21700483,2,1610612764,5,5,5,4,1,0,0
2017-18,21700483,3,1610612753,4,3,2,1,2,1,0
2017-18,21700483,3,1610612764,5,5,4,2,2,1,1
2017-18,21700483,4,1610612753,6,9,6,5,0,3,1
2017-18,21700483,4,1610612764,3,4,3,3,0,1,0
2017-18,21700484,1,1610612737,2,2,2,2,0,0,0
2017-18,21700484,1,1610612742,5,4,4,1,3,0,1
2017-18,21700484,2,1610612737,4,5,4,3,0,1,1
2017-18,21700484,2,1610612742,4,6,5,3,1,1,0
2017-18,21700484,3,1610612737,5,9,6,4,1,3,0
2017-18,21700484,3,1610612742,3,2,2,1,2,0,0
2017-18,21700484,4,1610612737,4,6,6,2,2,0,0
2017-18,21700484,4,1610612742,5,3,1,1,3,2,1
2017-18,21700485,1,1610612738,2,1,1,1,1,0,0
2017-18,21700485,1,1610612741,3,6,4,3,0,2,0
2017-18,21700485,2,1610612738,2,4,3,2,0,1,0
2017-18,21700485,2,1610612741,3,3,3,2,0,0,1
2017-18,21700485,3,1610612738,6,8,7,3,2,1,1
2017-18,21700485,3,1610612741,4,7,5,4,0,2,0
2017-18,21700485,4,1610612738,5,8,6,3,1,2,1
2017-18,21700485,4,1610612741,7,9,5,4,3,4,0
2017-18,21700486,1,1610612740,5,6,5,3,1,1,1
2017-18,21700486,1,1610612748,4,2,1,1,3,1,0
2017-18,21700486,2,1610612740,5,2,2,1,4,0,0
2017-18,21700486,2,1610612748,4,6,4,3,1,2,0
2017-18,21700486,3,1610612740,5,7,5,3,2,2,0
2017-18,21700486,3,1610612748,3,0,0,0,2,0,1
2017-18,21700486,4,1610612740,2,4,4,2,0,0,0
2017-18,21700486,4,1610612748,7,7,7,2,4,0,1
2017-18,21700487,1,1610612746,3,0,0,0,3,0,0
2017-18,21700487,1,1610612763,3,5,4,3,0,1,0
2017-18,21700487,2,1610612746,7,7,5,4,3,2,0
2017-18,21700487,2,1610612763,6,6,4,3,3,2,0
2017-18,21700487,3,1610612746,5,6,5,2,3,1,0
2017-18,21700487,3,1610612763,9,11,11,4,4,0,1
2017-18,21700487,4,1610612746,9,15,11,7,2,4,0
2017-18,21700487,4,1610612763,4,3,3,2,2,0,0
2017-18,21700488,1,1610612760,3,4,3,2,1,1,0
2017-18,21700488,1,1610612762,3,1,0,1,2,1,0
2017-18,21700488,2,1610612760,2,4,3,2,0,1,0
2017-18,21700488,2,1610612762,2,4,4,2,0,0,0
2017-18,21700488,3,1610612760,4,4,4,2,2,0,0
2017-18,21700488,3,1610612762,6,8,6,2,2,2,2
2017-18,21700488,4,1610612760,4,4,3,2,2,1,0
2017-18,21700488,4,1610612762,5,7,7,4,1,0,0
2017-18,21700489,1,1610612743,2,2,1,1,0,1,1
2017-18,21700489,1,1610612744,4,5,5,2,0,0,2
2017-18,21700489,2,1610612743,5,8,8,4,0,0,1
2017-18,21700489,2,1610612744,1,1,1,1,0,0,0
2017-18,21700489,3,1610612743,5,2,2,2,2,0,1
2017-18,21700489,3,1610612744,2,3,2,2,0,1,0
2017-18,21700489,4,1610612743,2,3,2,2,0,1,0
2017-18,21700489,4,1610612744,6,8,6,3,3,2,0
2017-18,21700490,1,1610612750,7,10,9,3,2,1,2
2017-18,21700490,1,1610612756,5,10,8,4,0,2,1
2017-18,21700490,2,1610612750,5,6,4,2,3,2,0
2017-18,21700490,2,1610612756,6,4,2,0,6,2,0
2017-18,21700490,3,1610612750,5,5,4,2,3,1,0
2017-18,21700490,3,1610612756,4,6,4,3,1,2,0
2017-18,21700490,4,1610612750,5,8,8,3,2,0,0
2017-18,21700490,4,1610612756,4,4,1,2,1,3,1
2017-18,21700491,1,1610612747,3,3,1,2,1,2,0
2017-18,21700491,1,1610612757,4,3,1,2,1,2,1
2017-18,21700491,2,1610612747,3,5,3,3,0,2,0
2017-18,21700491,2,1610612757,4,2,1,1,3,1,0
2017-18,21700491,3,1610612747,3,2,2,1,1,0,1
2017-18,21700491,3,1610612757,5,5,2,1,4,3,0
2017-18,21700491,4,1610612747,5,10,6,5,0,4,0
2017-18,21700491,4,1610612757,7,4,3,2,4,1,1
2017-18,21700492,1,1610612758,2,0,0,0,1,0,1
2017-18,21700492,1,1610612759,2,1,1,1,1,0,0
2017-18,21700492,2,1610612758,4,8,5,4,0,3,0
2017-18,21700492,2,1610612759,5,5,4,1,3,1,1
2017-18,21700492,3,1610612758,0,0,0,0,0,0,0
2017-18,21700492,3,1610612759,4,0,0,0,3,0,1
2017-18,21700492,4,1610612758,4,3,2,2,1,1,1
2017-18,21700492,4,1610612759,4,5,4,3,1,1,0
2017-18,21700493,1,1610612752,1,2,2,1,0,0,0
2017-18,21700493,1,1610612755,2,1,1,1,1,0,0
2017-18,21700493,2,1610612752,6,8,6,2,3,2,1
2017-18,21700493,2,1610612755,6,9,8,4,2,1,0
2017-18,21700493,3,1610612752,8,10,7,3,3,3,2
2017-18,21700493,3,1610612755,6,9,8,4,1,1,0
2017-18,21700493,4,1610612752,6,8,3,3,2,5,0
2017-18,21700493,4,1610612755,7,11,8,2,5,3,0
2017-18,21700494,1,1610612739,1,2,1,0,1,1,0
2017-18,21700494,1,1610612744,3,2,0,2,1,2,0
2017-18,21700494,2,1610612739,7,9,7,3,4,2,0
2017-18,21700494,2,1610612744,3,4,3,1,2,1,0
2017-18,21700494,3,1610612739,4,8,7,4,0,1,0
2017-18,21700494,3,1610612744,6,7,6,3,3,1,0
2017-18,21700494,4,1610612739,5,6,6,2,3,0,0
2017-18,21700494,4,1610612744,5,4,4,0,5,0,0
2017-18,21700495,1,1610612738,4,4,3,2,2,1,0
2017-18,21700495,1,1610612764,6,9,6,4,2,3,0
2017-18,21700495,2,1610612738,4,4,1,2,2,3,0
2017-18,21700495,2,1610612764,3,4,2,2,0,2,1
2017-18,21700495,3,1610612738,2,3,3,2,0,0,0
2017-18,21700495,3,1610612764,4,6,5,3,1,1,0
2017-18,21700495,4,1610612738,4,6,4,3,0,2,1
2017-18,21700495,4,1610612764,6,9,6,3,2,3,1
2017-18,21700496,1,1610612745,5,8,7,4,1,1,0
2017-18,21700496,1,1610612760,3,3,3,2,1,0,0
2017-18,21700496,2,1610612745,6,9,8,3,3,1,0
2017-18,21700496,2,1610612760,5,6,4,3,0,2,2
2017-18,21700496,3,1610612745,3,5,4,2,0,1,0
2017-18,21700496,3,1610612760,4,2,1,1,3,1,0
2017-18,21700496,4,1610612745,6,9,6,3,2,3,1
2017-18,21700496,4,1610612760,7,12,10,4,3,2,0
2017-18,21700497,1,1610612747,2,3,2,2,0,1,0
2017-18,21700497,1,1610612750,1,2,2,1,0,0,0
2017-18,21700497,2,1610612747,2,2,1,1,1,1,0
2017-18,21700497,2,1610612750,3,2,1,1,1,1,1
2017-18,21700497,3,1610612747,5,10,8,4,0,2,0
2017-18,21700497,3,1610612750,6,8,7,3,3,1,0
2017-18,21700497,4,1610612747,3,5,3,3,0,2,0
2017-18,21700497,4,1610612750,4,2,2,2,1,0,1
2017-18,21700498,1,1610612754,2,2,1,1,1,1,0
2017-18,21700498,1,1610612765,4,3,3,2,2,0,0
2017-18,21700498,2,1610612754,4,2,1,1,1,1,2
2017-18,21700498,2,1610612765,3,2,1,1,1,1,1
2017-18,21700498,3,1610612754,6,6,4,2,3,2,1
2017-18,21700498,3,1610612765,5,4,3,2,2,1,1
2017-18,21700498,4,1610612754,4,3,3,2,2,0,0
2017-18,21700498,4,1610612765,6,7,6,3,3,1,0
2017-18,21700499,1,1610612742,4,2,1,1,3,1,0
2017-18,21700499,1,1610612761,5,7,5,3,2,2,0
2017-18,21700499,2,1610612742,8,8,7,2,5,1,1
2017-18,21700499,2,1610612761,6,10,8,5,1,2,0
2017-18,21700499,3,1610612742,6,6,4,3,3,2,0
2017-18,21700499,3,1610612761,6,9,7,4,2,2,0
2017-18,21700499,4,1610612742,4,0,0,0,2,0,1
2017-18,21700499,4,1610612761,6,6,4,2,3,2,1
2017-18,21700500,1,1610612748,4,2,2,1,3,0,0
2017-18,21700500,1,1610612753,6,6,6,3,3,0,0
2017-18,21700500,2,1610612748,5,7,4,3,2,3,0
2017-18,21700500,2,1610612753,6,9,7,4,2,2,0
2017-18,21700500,3,1610612748,4,2,2,1,3,0,0
2017-18,21700500,3,1610612753,2,2,2,1,1,0,0
2017-18,21700500,4,1610612748,4,6,6,2,1,0,0
2017-18,21700500,4,1610612753,4,5,3,3,0,2,0
2017-18,21700501,1,1610612741,5,4,2,1,3,2,1
2017-18,21700501,1,1610612749,3,5,5,3,0,0,0
2017-18,21700501,2,1610612741,5,6,4,2,3,2,0
2017-18,21700501,2,1610612749,5,8,5,3,2,3,0
2017-18,21700501,3,1610612741,2,3,2,1,0,1,1
2017-18,21700501,3,1610612749,6,9,7,4,1,2,1
2017-18,21700501,4,1610612741,7,12,7,3,3,5,1
2017-18,21700501,4,1610612749,5,2,1,0,5,1,0
2017-18,21700502,1,1610612751,4,5,4,2,2,1,0
2017-18,21700502,1,1610612759,2,2,2,1,1,0,0
2017-18,21700502,2,1610612751,3,2,1,2,1,1,0
2017-18,21700502,2,1610612759,7,15,13,5,2,2,0
2017-18,21700502,3,1610612751,3,0,0,0,3,0,0
2017-18,21700502,3,1610612759,3,5,3,2,1,2,0
2017-18,21700502,4,1610612751,3,2,2,0,2,0,1
2017-18,21700502,4,1610612759,3,2,2,2,1,0,0
2017-18,21700503,1,1610612743,4,4,3,2,2,1,0
2017-18,21700503,1,1610612762,4,4,2,2,2,2,0
2017-18,21700503,2,1610612743,6,6,4,4,2,2,0
2017-18,21700503,2,1610612762,6,6,4,2,4,2,0
2017-18,21700503,3,1610612743,7,6,5,2,5,1,0
2017-18,21700503,3,1610612762,4,3,3,2,2,0,0
2017-18,21700503,4,1610612743,5,6,6,5,0,0,0
2017-18,21700503,4,1610612762,6,10,10,3,2,0,0
2017-18,21700504,1,1610612756,3,0,0,0,2,0,1
2017-18,21700504,1,1610612763,3,3,1,2,0,2,1
2017-18,21700504,2,1610612756,8,10,9,3,4,1,1
2017-18,21700504,2,1610612763,11,17,15,3,8,2,0
2017-18,21700504,3,1610612756,8,11,9,5,3,2,0
2017-18,21700504,3,1610612763,6,6,6,2,3,0,1
2017-18,21700504,4,1610612756,9,14,9,4,5,5,0
2017-18,21700504,4,1610612763,5,3,2,1,3,1,0
2017-18,21700505,1,1610612746,3,4,2,2,0,2,1
2017-18,21700505,1,1610612758,3,3,3,2,1,0,0
2017-18,21700505,2,1610612746,6,10,9,5,0,1,1
2017-18,21700505,2,1610612758,4,1,0,1,2,1,1
2017-18,21700505,3,1610612746,6,6,4,2,4,2,0
2017-18,21700505,3,1610612758,6,8,5,3,3,3,0
2017-18,21700505,4,1610612746,4,7,6,4,0,1,0
2017-18,21700505,4,1610612758,0,0,0,0,0,0,0
2017-18,21700506,1,1610612738,1,2,2,1,0,0,0
2017-18,21700506,1,1610612766,2,4,3,2,0,1,0
2017-18,21700506,2,1610612738,5,7,7,2,2,0,0
2017-18,21700506,2,1610612766,3,4,3,2,1,1,0
2017-18,21700506,3,1610612738,2,0,0,0,2,0,0
2017-18,21700506,3,1610612766,9,17,11,6,3,6,0
2017-18,21700506,4,1610612738,2,4,4,2,0,0,0
2017-18,21700506,4,1610612766,4,4,3,2,2,1,0
2017-18,21700507,1,1610612742,2,2,1,1,1,1,0
2017-18,21700507,1,1610612754,3,4,3,2,1,1,0
2017-18,21700507,2,1610612742,5,5,4,3,2,1,0
2017-18,21700507,2,1610612754,3,1,1,1,1,0,1
2017-18,21700507,3,1610612742,3,2,1,1,2,1,0
2017-18,21700507,3,1610612754,5,5,4,3,0,1,2
2017-18,21700507,4,1610612742,5,6,4,2,2,2,0
2017-18,21700507,4,1610612754,1,0,0,0,1,0,0
2017-18,21700508,1,1610612737,4,2,2,1,2,0,1
2017-18,21700508,1,1610612764,4,6,4,3,1,2,0
2017-18,21700508,2,1610612737,5,5,2,3,1,3,1
2017-18,21700508,2,1610612764,5,7,6,2,3,1,0
2017-18,21700508,3,1610612737,6,10,7,3,3,3,0
2017-18,21700508,3,1610612764,4,5,4,2,1,1,1
2017-18,21700508,4,1610612737,7,12,9,4,3,3,0
2017-18,21700508,4,1610612764,7,8,6,2,4,2,1
2017-18,21700509,1,1610612741,2,2,1,2,0,1,0
2017-18,21700509,1,1610612752,4,4,3,1,2,1,1
2017-18,21700509,2,1610612741,4,2,2,1,3,0,0
2017-18,21700509,2,1610612752,2,3,2,2,0,1,0
2017-18,21700509,3,1610612741,5,6,5,3,2,1,0
2017-18,21700509,3,1610612752,4,2,2,1,3,0,0
2017-18,21700509,4,1610612741,6,6,4,1,4,2,1
2017-18,21700509,4,1610612752,5,4,2,1,4,2,0
2017-18,21700510,1,1610612743,3,5,5,3,0,0,0
2017-18,21700510,1,1610612750,4,6,3,3,1,3,0
2017-18,21700510,2,1610612743,4,3,3,2,2,0,0
2017-18,21700510,2,1610612750,4,6,5,3,1,1,0
2017-18,21700510,3,1610612743,6,8,4,3,2,4,1
2017-18,21700510,3,1610612750,3,4,3,2,1,1,0
2017-18,21700510,4,1610612743,8,13,12,6,2,1,0
2017-18,21700510,4,1610612750,6,5,4,2,3,1,1
2017-18,21700511,1,1610612740,2,4,4,2,0,0,0
2017-18,21700511,1,1610612751,1,0,0,0,1,0,0
2017-18,21700511,2,1610612740,4,6,6,2,1,0,0
2017-18,21700511,2,1610612751,3,4,4,2,1,0,0
2017-18,21700511,3,1610612740,6,6,3,2,4,3,0
2017-18,21700511,3,1610612751,5,5,5,3,2,0,0
2017-18,21700511,4,1610612740,2,3,2,2,0,1,0
2017-18,21700511,4,1610612751,5,5,3,2,1,2,0
2017-18,21700512,1,1610612760,4,4,3,3,1,1,0
2017-18,21700512,1,1610612761,6,7,7,4,2,0,0
2017-18,21700512,2,1610612760,14,17,12,6,6,5,1
2017-18,21700512,2,1610612761,6,5,5,2,2,0,1
2017-18,21700512,3,1610612760,7,10,6,3,4,4,0
2017-18,21700512,3,1610612761,9,11,9,6,3,2,0
2017-18,21700512,4,1610612760,3,2,2,1,2,0,0
2017-18,21700512,4,1610612761,4,3,3,2,2,0,0
2017-18,21700513,1,1610612739,7,13,9,6,1,4,0
2017-18,21700513,1,1610612758,4,6,4,3,1,2,0
2017-18,21700513,2,1610612739,4,6,6,3,1,0,0
2017-18,21700513,2,1610612758,4,3,3,2,2,0,0
2017-18,21700513,3,1610612739,3,2,2,1,2,0,0
2017-18,21700513,3,1610612758,5,7,7,3,2,0,0
2017-18,21700513,4,1610612739,5,4,2,1,4,2,0
2017-18,21700513,4,1610612758,2,2,1,1,0,1,1
2017-18,21700514,1,1610612744,5,5,4,2,3,1,0
2017-18,21700514,1,1610612762,3,4,4,2,1,0,0
2017-18,21700514,2,1610612744,8,8,6,3,5,2,0
2017-18,21700514,2,1610612762,4,10,6,4,0,4,0
2017-18,21700514,3,1610612744,6,4,3,1,4,1,0
2017-18,21700514,3,1610612762,3,5,3,3,0,2,0
2017-18,21700514,4,1610612744,3,0,0,0,3,0,0
2017-18,21700514,4,1610612762,6,8,8,3,2,0,0
2017-18,21700515,1,1610612747,6,11,7,4,2,4,0
2017-18,21700515,1,1610612763,4,7,7,4,0,0,0
2017-18,21700515,2,1610612747,5,7,4,3,2,3,0
2017-18,21700515,2,1610612763,5,9,6,3,2,3,0
2017-18,21700515,3,1610612747,6,9,6,3,3,3,0
2017-18,21700515,3,1610612763,7,10,8,4,3,2,0
2017-18,21700515,4,1610612747,3,6,4,3,0,2,0
2017-18,21700515,4,1610612763,8,13,13,5,2,0,1
2017-18,21700516,1,1610612753,6,7,7,4,2,0,0
2017-18,21700516,1,1610612765,2,2,1,1,1,1,0
2017-18,21700516,2,1610612753,3,4,4,2,1,0,0
2017-18,21700516,2,1610612765,3,4,2,2,1,2,0
2017-18,21700516,3,1610612753,4,4,4,2,1,0,1
2017-18,21700516,3,1610612765,2,2,2,1,0,0,1
2017-18,21700516,4,1610612753,3,2,2,1,1,0,1
2017-18,21700516,4,1610612765,6,6,5,3,2,1,0
2017-18,21700517,1,1610612738,2,0,0,0,1,0,1
2017-18,21700517,1,1610612745,4,7,6,3,1,1,0
2017-18,21700517,2,1610612738,5,8,6,3,2,2,0
2017-18,21700517,2,1610612745,4,5,4,3,1,1,0
2017-18,21700517,3,1610612738,8,9,9,3,4,0,1
2017-18,21700517,3,1610612745,4,10,7,3,0,3,1
2017-18,21700517,4,1610612738,6,7,2,2,4,5,0
2017-18,21700517,4,1610612745,7,9,7,2,5,2,0
2017-18,21700518,1,1610612749,3,3,2,1,2,1,0
2017-18,21700518,1,1610612750,6,8,6,3,2,2,1
2017-18,21700518,2,1610612749,5,7,7,3,2,0,0
2017-18,21700518,2,1610612750,4,8,6,3,1,2,0
2017-18,21700518,3,1610612749,2,5,5,2,0,0,0
2017-18,21700518,3,1610612750,4,7,5,4,0,2,0
2017-18,21700518,4,1610612749,2,1,1,1,1,0,0
2017-18,21700518,4,1610612750,3,3,2,2,1,1,0
2017-18,21700519,1,1610612752,2,3,3,2,0,0,0
2017-18,21700519,1,1610612759,3,4,3,2,1,1,0
2017-18,21700519,2,1610612752,7,8,7,4,3,1,0
2017-18,21700519,2,1610612759,6,8,6,3,3,2,0
2017-18,21700519,3,1610612752,5,7,6,3,2,1,0
2017-18,21700519,3,1610612759,7,9,6,4,2,3,1
2017-18,21700519,4,1610612752,4,4,4,3,1,0,0
2017-18,21700519,4,1610612759,10,18,13,5,5,5,0
2017-18,21700520,1,1610612755,3,2,2,1,2,0,0
2017-18,21700520,1,1610612757,3,4,4,2,1,0,0
2017-18,21700520,2,1610612755,2,0,0,0,2,0,0
2017-18,21700520,2,1610612757,6,10,6,4,2,4,0
2017-18,21700520,3,1610612755,9,10,6,5,4,4,0
2017-18,21700520,3,1610612757,6,9,7,5,1,2,0
2017-18,21700520,4,1610612755,3,2,2,1,2,0,0
2017-18,21700520,4,1610612757,11,24,19,6,4,5,0
2017-18,21700521,1,1610612745,2,2,2,1,0,0,1
2017-18,21700521,1,1610612764,3,2,2,1,1,0,1
2017-18,21700521,2,1610612745,6,8,5,3,3,3,0
2017-18,21700521,2,1610612764,6,6,5,3,2,1,0
2017-18,21700521,3,1610612745,1,2,2,1,0,0,0
2017-18,21700521,3,1610612764,2,2,1,1,1,1,0
2017-18,21700521,4,1610612745,4,4,4,2,2,0,0
2017-18,21700521,4,1610612764,2,2,1,1,1,1,0
2017-18,21700522,1,1610612737,3,4,3,2,1,1,0
2017-18,21700522,1,1610612761,2,2,2,1,1,0,0
2017-18,21700522,2,1610612737,5,3,3,1,4,0,0
2017-18,21700522,2,1610612761,5,3,3,1,3,0,1
2017-18,21700522,3,1610612737,4,4,2,3,1,2,0
2017-18,21700522,3,1610612761,2,0,0,0,2,0,0
2017-18,21700522,4,1610612737,6,9,5,5,0,4,1
2017-18,21700522,4,1610612761,3,3,1,2,1,2,0
2017-18,21700523,1,1610612748,2,0,0,0,1,0,1
2017-18,21700523,1,1610612751,2,3,2,1,1,1,0
2017-18,21700523,2,1610612748,7,13,12,3,4,1,0
2017-18,21700523,2,1610612751,5,7,6,3,1,1,1
2017-18,21700523,3,1610612748,5,7,4,4,1,3,0
2017-18,21700523,3,1610612751,6,11,10,3,3,1,0
2017-18,21700523,4,1610612748,7,11,8,5,2,3,0
2017-18,21700523,4,1610612751,4,4,4,2,2,0,0
2017-18,21700524,1,1610612741,3,4,4,2,1,0,0
2017-18,21700524,1,1610612754,1,0,0,0,1,0,0
2017-18,21700524,2,1610612741,4,2,2,1,3,0,0
2017-18,21700524,2,1610612754,6,4,4,0,5,0,1
2017-18,21700524,3,1610612741,1,1,1,1,0,0,0
2017-18,21700524,3,1610612754,5,8,5,3,2,3,0
2017-18,21700524,4,1610612741,6,8,8,2,4,0,0
2017-18,21700524,4,1610612754,6,8,5,4,1,3,1
2017-18,21700525,1,1610612740,6,7,5,2,4,2,0
2017-18,21700525,1,1610612742,6,5,4,1,3,1,1
2017-18,21700525,2,1610612740,4,6,5,3,1,1,0
2017-18,21700525,2,1610612742,4,2,2,1,3,0,0
2017-18,21700525,3,1610612740,6,10,10,5,1,0,0
2017-18,21700525,3,1610612742,5,6,4,3,2,2,0
2017-18,21700525,4,1610612740,7,9,8,1,6,1,0
2017-18,21700525,4,1610612742,4,5,4,2,2,1,0
2017-18,21700526,1,1610612749,5,6,5,4,1,1,0
2017-18,21700526,1,1610612760,6,5,3,2,4,2,0
2017-18,21700526,2,1610612749,3,3,2,2,1,1,0
2017-18,21700526,2,1610612760,5,5,3,3,2,2,0
2017-18,21700526,3,1610612749,6,5,1,1,5,4,0
2017-18,21700526,3,1610612760,5,2,2,1,3,0,1
2017-18,21700526,4,1610612749,4,3,0,0,4,3,0
2017-18,21700526,4,1610612760,5,8,4,3,2,4,0
2017-18,21700527,1,1610612756,8,11,8,5,2,3,1
2017-18,21700527,1,1610612758,2,4,4,2,0,0,0
2017-18,21700527,2,1610612756,2,2,1,0,1,1,1
2017-18,21700527,2,1610612758,4,2,2,0,3,0,0
2017-18,21700527,3,1610612756,3,2,0,1,2,2,0
2017-18,21700527,3,1610612758,4,7,7,3,1,0,0
2017-18,21700527,4,1610612756,9,9,7,2,5,2,2
2017-18,21700527,4,1610612758,8,10,6,1,7,4,0
2017-18,21700528,1,1610612744,3,6,6,2,1,0,0
2017-18,21700528,1,1610612766,4,4,2,3,1,2,0
2017-18,21700528,2,1610612744,4,2,1,1,2,1,1
2017-18,21700528,2,1610612766,7,11,5,6,1,6,0
2017-18,21700528,3,1610612744,1,2,2,1,0,0,0
2017-18,21700528,3,1610612766,7,9,7,2,3,2,2
2017-18,21700528,4,1610612744,2,3,3,2,0,0,0
2017-18,21700528,4,1610612766,6,10,9,5,1,1,0
2017-18,21700529,1,1610612746,5,8,6,4,1,2,0
2017-18,21700529,1,1610612747,5,5,2,3,1,3,1
2017-18,21700529,2,1610612746,7,11,10,2,2,1,2
2017-18,21700529,2,1610612747,3,2,1,1,1,1,1
2017-18,21700529,3,1610612746,3,5,5,2,1,0,0
2017-18,21700529,3,1610612747,6,7,7,4,1,0,1
2017-18,21700529,4,1610612746,6,10,7,4,2,3,0
2017-18,21700529,4,1610612747,5,2,1,1,4,1,0
2017-18,21700530,1,1610612759,1,2,1,1,0,1,0
2017-18,21700530,1,1610612765,0,0,0,0,0,0,0
2017-18,21700530,2,1610612759,5,6,6,2,2,0,1
2017-18,21700530,2,1610612765,1,0,0,0,1,0,0
2017-18,21700530,3,1610612759,3,3,3,1,2,0,0
2017-18,21700530,3,1610612765,4,8,6,4,0,2,0
2017-18,21700530,4,1610612759,2,2,2,1,1,0,0
2017-18,21700530,4,1610612765,7,8,7,2,5,1,0
2017-18,21700531,1,1610612748,4,2,2,1,3,0,0
2017-18,21700531,1,1610612753,4,4,3,2,2,1,0
2017-18,21700531,2,1610612748,6,8,8,2,4,0,0
2017-18,21700531,2,1610612753,3,4,2,2,0,2,1
2017-18,21700531,3,1610612748,4,3,1,2,2,2,0
2017-18,21700531,3,1610612753,6,4,3,1,5,1,0
2017-18,21700531,4,1610612748,6,5,4,1,5,1,0
2017-18,21700531,4,1610612753,4,3,3,1,3,0,0
2017-18,21700532,1,1610612740,5,5,2,3,2,3,0
2017-18,21700532,1,1610612752,5,8,8,4,1,0,0
2017-18,21700532,2,1610612740,7,11,9,5,2,2,0
2017-18,21700532,2,1610612752,6,7,4,4,2,3,0
2017-18,21700532,3,1610612740,5,4,4,3,2,0,0
2017-18,21700532,3,1610612752,4,2,2,1,3,0,0
2017-18,21700532,4,1610612740,7,7,6,4,3,1,0
2017-18,21700532,4,1610612752,4,4,4,2,2,0,0
2017-18,21700533,1,1610612737,4,4,1,2,1,3,1
2017-18,21700533,1,1610612757,4,3,2,2,2,1,0
2017-18,21700533,2,1610612737,2,1,0,0,2,1,0
2017-18,21700533,2,1610612757,2,2,2,1,1,0,0
2017-18,21700533,3,1610612737,5,8,7,4,1,1,0
2017-18,21700533,3,1610612757,4,2,2,1,2,0,1
2017-18,21700533,4,1610612737,3,2,2,2,1,0,0
2017-18,21700533,4,1610612757,6,6,4,2,3,2,1
2017-18,21700534,1,1610612739,6,10,8,4,2,2,0
2017-18,21700534,1,1610612762,2,0,0,0,2,0,0
2017-18,21700534,2,1610612739,3,2,1,1,2,1,0
2017-18,21700534,2,1610612762,5,5,4,3,2,1,0
2017-18,21700534,3,1610612739,6,6,5,2,3,1,0
2017-18,21700534,3,1610612762,4,3,3,2,1,0,1
2017-18,21700534,4,1610612739,7,8,7,5,2,1,0
2017-18,21700534,4,1610612762,8,13,11,5,3,2,0
2017-18,21700535,1,1610612744,2,1,1,1,1,0,0
2017-18,21700535,1,1610612763,3,3,3,2,1,0,0
2017-18,21700535,2,1610612744,6,9,8,4,2,1,0
2017-18,21700535,2,1610612763,6,10,8,3,3,2,0
2017-18,21700535,3,1610612744,8,10,10,4,2,0,2
2017-18,21700535,3,1610612763,2,2,1,1,1,1,0
2017-18,21700535,4,1610612744,6,5,4,3,2,1,1
2017-18,21700535,4,1610612763,5,7,3,4,1,4,0
2017-18,21700536,1,1610612743,5,5,5,4,1,0,0
2017-18,21700536,1,1610612755,2,5,5,2,0,0,0
2017-18,21700536,2,1610612743,4,5,4,3,1,1,0
2017-18,21700536,2,1610612755,2,1,0,1,1,1,0
2017-18,21700536,3,1610612743,9,15,9,4,4,6,0
2017-18,21700536,3,1610612755,3,2,2,1,2,0,0
2017-18,21700536,4,1610612743,6,9,7,4,2,2,0
2017-18,21700536,4,1610612755,3,2,2,0,3,0,0
2017-18,21700537,1,1610612741,6,7,6,3,3,1,0
2017-18,21700537,1,1610612764,4,8,7,3,0,1,1
2017-18,21700537,2,1610612741,5,3,2,2,2,1,1
2017-18,21700537,2,1610612764,5,2,0,1,3,2,0
2017-18,21700537,3,1610612741,5,5,4,3,2,1,0
2017-18,21700537,3,1610612764,4,2,2,1,2,0,1
2017-18,21700537,4,1610612741,6,7,6,3,2,1,1
2017-18,21700537,4,1610612764,6,5,3,1,5,2,0
2017-18,21700538,1,1610612750,3,3,3,2,1,0,0
2017-18,21700538,1,1610612754,2,0,0,0,2,0,0
2017-18,21700538,2,1610612750,8,14,12,6,2,2,0
2017-18,21700538,2,1610612754,3,3,2,1,1,1,1
2017-18,21700538,3,1610612750,4,8,6,3,0,2,0
2017-18,21700538,3,1610612754,4,4,3,1,3,1,0
2017-18,21700538,4,1610612750,1,0,0,0,1,0,0
2017-18,21700538,4,1610612754,9,11,9,6,2,2,1
2017-18,21700539,1,1610612738,3,2,1,1,2,1,0
2017-18,21700539,1,1610612751,4,5,4,3,1,1,0
2017-18,21700539,2,1610612738,2,1,0,1,1,1,0
2017-18,21700539,2,1610612751,4,3,3,1,3,0,0
2017-18,21700539,3,1610612738,3,2,2,1,2,0,0
2017-18,21700539,3,1610612751,4,6,5,3,0,1,1
2017-18,21700539,4,1610612738,11,20,13,7,3,7,1
2017-18,21700539,4,1610612751,6,5,4,4,2,1,0
2017-18,21700540,1,1610612745,4,8,6,4,0,2,0
2017-18,21700540,1,1610612747,4,6,5,2,2,1,0
2017-18,21700540,2,1610612745,6,9,8,3,3,1,0
2017-18,21700540,2,1610612747,5,5,3,2,2,2,1
2017-18,21700540,3,1610612745,6,8,6,2,2,2,2
2017-18,21700540,3,1610612747,8,11,8,3,3,3,2
2017-18,21700540,4,1610612745,8,8,6,2,5,2,1
2017-18,21700540,4,1610612747,4,4,3,2,2,1,0
2017-18,21700541,1,1610612742,6,7,3,2,4,4,0
2017-18,21700541,1,1610612760,5,3,3,2,2,0,1
2017-18,21700541,2,1610612742,2,0,0,0,1,0,1
2017-18,21700541,2,1610612760,4,6,4,3,1,2,0
2017-18,21700541,3,1610612742,4,1,1,1,3,0,0
2017-18,21700541,3,1610612760,4,4,3,2,2,1,0
2017-18,21700541,4,1610612742,6,6,5,1,5,1,0
2017-18,21700541,4,1610612760,5,10,7,4,1,3,0
2017-18,21700542,1,1610612746,1,2,1,1,0,1,0
2017-18,21700542,1,1610612766,5,7,5,3,1,2,1
2017-18,21700542,2,1610612746,5,4,4,2,3,0,0
2017-18,21700542,2,1610612766,5,8,7,2,2,1,0
2017-18,21700542,3,1610612746,7,11,10,3,3,1,1
2017-18,21700542,3,1610612766,5,4,3,2,3,1,0
2017-18,21700542,4,1610612746,5,10,9,4,1,1,0
2017-18,21700542,4,1610612766,4,0,0,0,4,0,0
2017-18,21700543,1,1610612758,4,8,4,3,1,4,0
2017-18,21700543,1,1610612763,5,7,7,3,1,0,1
2017-18,21700543,2,1610612758,3,3,0,2,1,3,0
2017-18,21700543,2,1610612763,3,6,4,2,1,2,0
2017-18,21700543,3,1610612758,5,5,2,3,2,3,0
2017-18,21700543,3,1610612763,5,5,3,3,2,2,0
2017-18,21700543,4,1610612758,7,9,7,5,2,2,0
2017-18,21700543,4,1610612763,5,6,4,2,3,2,0
2017-18,21700544,1,1610612755,5,2,2,1,3,0,1
2017-18,21700544,1,1610612756,6,9,8,4,2,1,0
2017-18,21700544,2,1610612755,5,7,7,3,2,0,0
2017-18,21700544,2,1610612756,8,10,5,5,3,5,0
2017-18,21700544,3,1610612755,8,12,9,4,4,3,0
2017-18,21700544,3,1610612756,9,11,9,5,3,2,0
2017-18,21700544,4,1610612755,9,13,9,3,5,4,1
2017-18,21700544,4,1610612756,6,4,4,1,4,0,1
2017-18,21700545,1,1610612751,1,2,1,1,0,1,0
2017-18,21700545,1,1610612753,3,2,1,2,1,1,0
2017-18,21700545,2,1610612751,4,4,3,2,2,1,0
2017-18,21700545,2,1610612753,4,4,3,2,2,1,0
2017-18,21700545,3,1610612751,2,4,2,2,0,2,0
2017-18,21700545,3,1610612753,7,10,8,4,0,2,2
2017-18,21700545,4,1610612751,9,13,11,5,3,2,1
2017-18,21700545,4,1610612753,6,9,7,4,2,2,0
2017-18,21700546,1,1610612749,1,2,2,1,0,0,0
2017-18,21700546,1,1610612761,5,8,8,4,1,0,0
2017-18,21700546,2,1610612749,5,7,6,2,3,1,0
2017-18,21700546,2,1610612761,3,3,1,2,1,2,0
2017-18,21700546,3,1610612749,6,10,9,5,0,1,1
2017-18,21700546,3,1610612761,4,6,4,3,1,2,0
2017-18,21700546,4,1610612749,6,9,9,3,3,0,0
2017-18,21700546,4,1610612761,6,8,8,5,1,0,0
2017-18,21700547,1,1610612741,1,0,0,0,1,0,0
2017-18,21700547,1,1610612757,2,4,4,2,0,0,0
2017-18,21700547,2,1610612741,2,2,2,2,0,0,0
2017-18,21700547,2,1610612757,4,4,3,2,1,1,1
2017-18,21700547,3,1610612741,7,13,9,5,2,4,0
2017-18,21700547,3,1610612757,4,4,3,3,1,1,0
2017-18,21700547,4,1610612741,4,8,8,4,0,0,0
2017-18,21700547,4,1610612757,5,4,4,1,4,0,0
2017-18,21700548,1,1610612747,6,7,4,2,2,3,2
2017-18,21700548,1,1610612750,6,11,9,5,1,2,0
2017-18,21700548,2,1610612747,9,14,10,4,5,4,0
2017-18,21700548,2,1610612750,8,11,11,3,5,0,0
2017-18,21700548,3,1610612747,3,4,3,2,1,1,0
2017-18,21700548,3,1610612750,3,4,4,2,1,0,0
2017-18,21700548,4,1610612747,3,4,3,2,1,1,0
2017-18,21700548,4,1610612750,5,4,3,2,3,1,0
2017-18,21700549,1,1610612739,4,3,3,2,2,0,0
2017-18,21700549,1,1610612757,1,0,0,0,1,0,0
2017-18,21700549,2,1610612739,5,4,4,2,3,0,0
2017-18,21700549,2,1610612757,4,5,4,2,1,1,1
2017-18,21700549,3,1610612739,10,15,10,6,4,5,0
2017-18,21700549,3,1610612757,5,7,5,3,2,2,0
2017-18,21700549,4,1610612739,9,15,11,6,2,4,1
2017-18,21700549,4,1610612757,5,7,4,4,1,3,0
2017-18,21700550,1,1610612752,3,0,0,0,2,0,1
2017-18,21700550,1,1610612759,3,5,4,2,1,1,0
2017-18,21700550,2,1610612752,3,2,1,1,2,1,0
2017-18,21700550,2,1610612759,2,2,2,1,1,0,0
2017-18,21700550,3,1610612752,5,7,6,2,2,1,0
2017-18,21700550,3,1610612759,10,16,12,5,3,4,2
2017-18,21700550,4,1610612752,6,9,7,3,3,2,0
2017-18,21700550,4,1610612759,7,11,10,2,5,1,0
2017-18,21700551,1,1610612737,1,2,2,1,0,0,0
2017-18,21700551,1,1610612756,4,4,3,2,2,1,0
2017-18,21700551,2,1610612737,2,1,1,1,0,0,1
2017-18,21700551,2,1610612756,4,5,2,1,2,3,1
2017-18,21700551,3,1610612737,7,9,9,3,4,0,0
2017-18,21700551,3,1610612756,5,4,2,2,3,2,0
2017-18,21700551,4,1610612737,8,13,9,4,4,4,0
2017-18,21700551,4,1610612756,8,13,12,4,4,1,0
2017-18,21700552,1,1610612758,1,2,0,1,0,2,0
2017-18,21700552,1,1610612766,3,5,3,3,0,2,0
2017-18,21700552,2,1610612758,3,4,4,2,1,0,0
2017-18,21700552,2,1610612766,6,5,5,3,3,0,0
2017-18,21700552,3,1610612758,3,2,2,1,1,0,1
2017-18,21700552,3,1610612766,3,5,3,3,0,2,0
2017-18,21700552,4,1610612758,7,10,8,4,2,2,1
2017-18,21700552,4,1610612766,4,3,3,2,2,0,0
2017-18,21700553,1,1610612746,5,4,2,3,2,2,0
2017-18,21700553,1,1610612763,3,7,5,3,0,2,0
2017-18,21700553,2,1610612746,7,7,7,3,3,0,1
2017-18,21700553,2,1610612763,6,8,4,3,3,4,0
2017-18,21700553,3,1610612746,4,3,3,1,3,0,0
2017-18,21700553,3,1610612763,5,6,5,2,3,1,0
2017-18,21700553,4,1610612746,10,17,14,4,5,3,1
2017-18,21700553,4,1610612763,7,12,7,5,2,5,0
2017-18,21700554,1,1610612745,6,6,5,2,3,1,1
2017-18,21700554,1,1610612753,2,2,2,1,0,0,1
2017-18,21700554,2,1610612745,5,7,4,4,1,3,0
2017-18,21700554,2,1610612753,7,11,10,5,2,1,0
2017-18,21700554,3,1610612745,5,8,8,2,3,0,0
2017-18,21700554,3,1610612753,6,10,8,4,2,2,0
2017-18,21700554,4,1610612745,2,0,0,0,2,0,0
2017-18,21700554,4,1610612753,3,2,2,1,2,0,0
2017-18,21700555,1,1610612755,2,4,3,2,0,1,0
2017-18,21700555,1,1610612759,4,2,2,1,2,0,1
2017-18,21700555,2,1610612755,7,10,7,4,3,3,0
2017-18,21700555,2,1610612759,5,7,6,3,1,1,1
2017-18,21700555,3,1610612755,7,13,11,6,1,2,0
2017-18,21700555,3,1610612759,6,8,7,3,3,1,0
2017-18,21700555,4,1610612755,9,16,12,5,4,4,0
2017-18,21700555,4,1610612759,5,6,5,3,1,1,1
2017-18,21700556,1,1610612752,7,7,5,3,3,2,1
2017-18,21700556,1,1610612764,5,7,4,4,1,3,0
2017-18,21700556,2,1610612752,4,4,4,2,2,0,0
2017-18,21700556,2,1610612764,5,7,5,5,0,2,0
2017-18,21700556,3,1610612752,2,1,1,1,1,0,0
2017-18,21700556,3,1610612764,4,6,3,3,1,3,0
2017-18,21700556,4,1610612752,7,6,4,5,2,2,0
2017-18,21700556,4,1610612764,5,6,4,2,2,2,1
2017-18,21700557,1,1610612750,4,5,4,3,1,1,0
2017-18,21700557,1,1610612751,2,5,5,2,0,0,0
2017-18,21700557,2,1610612750,3,6,4,3,0,2,0
2017-18,21700557,2,1610612751,3,2,1,1,1,1,1
2017-18,21700557,3,1610612750,5,10,8,5,0,2,0
2017-18,21700557,3,1610612751,2,2,2,1,1,0,0
2017-18,21700557,4,1610612750,7,9,8,4,1,1,1
2017-18,21700557,4,1610612751,3,2,2,1,1,0,1
2017-18,21700558,1,1610612748,2,1,0,0,2,1,0
2017-18,21700558,1,1610612765,5,9,9,4,0,0,1
2017-18,21700558,2,1610612748,3,1,1,1,1,0,1
2017-18,21700558,2,1610612765,3,2,0,1,1,2,1
2017-18,21700558,3,1610612748,3,2,2,1,1,0,1
2017-18,21700558,3,1610612765,3,2,1,1,2,1,0
2017-18,21700558,4,1610612748,5,7,5,2,3,2,0
2017-18,21700558,4,1610612765,3,3,3,2,1,0,0
2017-18,21700559,1,1610612738,4,4,3,2,1,1,1
2017-18,21700559,1,1610612739,4,6,6,4,0,0,0
2017-18,21700559,2,1610612738,2,0,0,0,2,0,0
2017-18,21700559,2,1610612739,4,3,3,2,2,0,0
2017-18,21700559,3,1610612738,4,3,3,2,2,0,0
2017-18,21700559,3,1610612739,5,5,5,3,2,0,0
2017-18,21700559,4,1610612738,4,4,2,2,1,2,1
2017-18,21700559,4,1610612739,5,4,4,3,2,0,0
2017-18,21700560,1,1610612741,2,2,2,1,1,0,0
2017-18,21700560,1,1610612761,4,3,3,2,1,0,1
2017-18,21700560,2,1610612741,5,3,3,1,4,0,0
2017-18,21700560,2,1610612761,5,5,5,2,3,0,0
2017-18,21700560,3,1610612741,5,6,4,3,2,2,0
2017-18,21700560,3,1610612761,7,9,9,5,2,0,0
2017-18,21700560,4,1610612741,6,8,7,5,1,1,0
2017-18,21700560,4,1610612761,3,2,2,1,2,0,0
2017-18,21700561,1,1610612749,5,5,3,3,2,2,0
2017-18,21700561,1,1610612754,6,7,7,3,3,0,0
2017-18,21700561,2,1610612749,8,12,11,7,1,1,0
2017-18,21700561,2,1610612754,4,0,0,0,4,0,0
2017-18,21700561,3,1610612749,4,7,7,3,0,0,1
2017-18,21700561,3,1610612754,6,7,5,1,5,2,0
2017-18,21700561,4,1610612749,2,4,4,2,0,0,0
2017-18,21700561,4,1610612754,5,5,4,3,1,1,1
2017-18,21700562,1,1610612742,5,7,4,4,1,3,0
2017-18,21700562,1,1610612744,7,10,10,5,2,0,0
2017-18,21700562,2,1610612742,6,8,7,3,3,1,0
2017-18,21700562,2,1610612744,3,1,1,1,2,0,0
2017-18,21700562,3,1610612742,4,4,3,2,2,1,0
2017-18,21700562,3,1610612744,4,5,3,2,2,2,0
2017-18,21700562,4,1610612742,4,3,3,2,2,0,0
2017-18,21700562,4,1610612744,2,3,2,2,0,1,0
2017-18,21700563,1,1610612743,4,3,2,2,2,1,0
2017-18,21700563,1,1610612756,5,8,5,4,1,3,0
2017-18,21700563,2,1610612743,6,6,6,2,4,0,0
2017-18,21700563,2,1610612756,2,3,3,1,1,0,0
2017-18,21700563,3,1610612743,4,5,4,2,1,1,0
2017-18,21700563,3,1610612756,4,9,6,4,0,3,0
2017-18,21700563,4,1610612743,4,8,8,4,0,0,0
2017-18,21700563,4,1610612756,5,8,6,2,2,2,0
2017-18,21700564,1,1610612740,3,0,0,0,3,0,0
2017-18,21700564,1,1610612762,5,6,5,3,1,1,1
2017-18,21700564,2,1610612740,2,0,0,0,2,0,0
2017-18,21700564,2,1610612762,3,2,2,1,2,0,0
2017-18,21700564,3,1610612740,4,2,2,1,1,0,2
2017-18,21700564,3,1610612762,2,2,1,1,1,1,0
2017-18,21700564,4,1610612740,9,10,10,6,3,0,0
2017-18,21700564,4,1610612762,6,7,7,4,2,0,0
2017-18,21700565,1,1610612747,4,7,4,3,1,3,0
2017-18,21700565,1,1610612760,3,1,0,1,2,1,0
2017-18,21700565,2,1610612747,3,2,1,1,2,1,0
2017-18,21700565,2,1610612760,3,6,5,3,0,1,0
2017-18,21700565,3,1610612747,5,2,1,0,5,1,0
2017-18,21700565,3,1610612760,3,0,0,0,3,0,0
2017-18,21700565,4,1610612747,4,4,3,3,1,1,0
2017-18,21700565,4,1610612760,1,2,2,1,0,0,0
2017-18,21700566,1,1610612744,6,7,6,2,4,1,0
2017-18,21700566,1,1610612745,6,11,8,6,0,3,0
2017-18,21700566,2,1610612744,3,4,1,2,1,3,0
2017-18,21700566,2,1610612745,3,0,0,0,3,0,0
2017-18,21700566,3,1610612744,2,4,4,2,0,0,0
2017-18,21700566,3,1610612745,4,3,2,2,2,1,0
2017-18,21700566,4,1610612744,4,5,4,2,2,1,0
2017-18,21700566,4,1610612745,5,8,3,4,1,5,0
2017-18,21700567,1,1610612746,7,8,6,3,2,2,2
2017-18,21700567,1,1610612760,3,3,2,2,1,1,0
2017-18,21700567,2,1610612746,3,2,1,1,2,1,0
2017-18,21700567,2,1610612760,4,3,3,2,1,0,1
2017-18,21700567,3,1610612746,6,11,9,3,1,2,2
2017-18,21700567,3,1610612760,4,5,3,3,0,2,1
2017-18,21700567,4,1610612746,5,2,2,0,5,0,0
2017-18,21700567,4,1610612760,4,3,2,3,0,1,0
2017-18,21700568,1,1610612748,2,0,0,0,2,0,0
2017-18,21700568,1,1610612752,3,3,3,2,1,0,0
2017-18,21700568,2,1610612748,6,7,6,2,3,1,1
2017-18,21700568,2,1610612752,4,5,4,2,2,1,0
2017-18,21700568,3,1610612748,5,3,3,2,3,0,0
2017-18,21700568,3,1610612752,4,6,6,3,1,0,0
2017-18,21700568,4,1610612748,6,6,6,2,3,0,1
2017-18,21700568,4,1610612752,5,7,5,3,2,2,0
2017-18,21700569,1,1610612755,4,2,2,2,2,0,0
2017-18,21700569,1,1610612765,2,0,0,0,2,0,0
2017-18,21700569,2,1610612755,4,4,4,2,2,0,0
2017-18,21700569,2,1610612765,4,5,3,2,2,2,0
2017-18,21700569,3,1610612755,5,7,6,2,3,1,0
2017-18,21700569,3,1610612765,7,10,7,5,2,3,0
2017-18,21700569,4,1610612755,1,0,0,0,1,0,0
2017-18,21700569,4,1610612765,4,4,1,2,2,3,0
2017-18,21700570,1,1610612738,1,0,0,0,1,0,0
2017-18,21700570,1,1610612750,5,4,2,1,3,2,1
2017-18,21700570,2,1610612738,4,4,2,2,2,2,0
2017-18,21700570,2,1610612750,5,8,6,4,1,2,0
2017-18,21700570,3,1610612738,4,5,3,3,1,2,0
2017-18,21700570,3,1610612750,5,6,6,3,1,0,1
2017-18,21700570,4,1610612738,4,4,4,2,2,0,0
2017-18,21700570,4,1610612750,6,10,7,5,1,3,0
2017-18,21700571,1,1610612749,9,11,7,5,3,4,1
2017-18,21700571,1,1610612761,4,4,4,2,2,0,0
2017-18,21700571,2,1610612749,3,5,5,3,0,0,0
2017-18,21700571,2,1610612761,5,6,4,2,3,2,0
2017-18,21700571,3,1610612749,2,0,0,0,2,0,0
2017-18,21700571,3,1610612761,7,9,7,6,1,2,0
2017-18,21700571,4,1610612749,7,13,9,6,1,4,0
2017-18,21700571,4,1610612761,7,9,8,4,3,1,0
2017-18,21700572,1,1610612741,3,3,2,1,2,1,0
2017-18,21700572,1,1610612742,0,0,0,0,0,0,0
2017-18,21700572,2,1610612741,7,8,7,4,2,1,1
2017-18,21700572,2,1610612742,6,5,1,2,3,4,1
2017-18,21700572,3,1610612741,4,3,1,2,2,2,0
2017-18,21700572,3,1610612742,4,6,6,3,1,0,0
2017-18,21700572,4,1610612741,10,17,15,2,8,2,0
2017-18,21700572,4,1610612742,6,6,5,3,3,1,0
2017-18,21700573,1,1610612756,3,4,3,2,1,1,0
2017-18,21700573,1,1610612759,1,0,0,0,1,0,0
2017-18,21700573,2,1610612756,4,3,1,2,2,2,0
2017-18,21700573,2,1610612759,6,6,4,3,2,2,1
2017-18,21700573,3,1610612756,5,7,6,4,1,1,0
2017-18,21700573,3,1610612759,5,4,3,3,1,1,1
2017-18,21700573,4,1610612756,4,4,2,3,1,2,0
2017-18,21700573,4,1610612759,7,8,3,2,3,5,1
2017-18,21700574,1,1610612743,3,4,1,2,1,3,0
2017-18,21700574,1,1610612762,2,1,0,1,1,1,0
2017-18,21700574,2,1610612743,5,5,3,3,2,2,0
2017-18,21700574,2,1610612762,3,4,2,2,1,2,0
2017-18,21700574,3,1610612743,5,6,5,4,1,1,0
2017-18,21700574,3,1610612762,2,1,1,1,1,0,0
2017-18,21700574,4,1610612743,1,0,0,0,1,0,0
2017-18,21700574,4,1610612762,4,0,0,0,4,0,0
2017-18,21700575,1,1610612763,2,2,1,1,1,1,0
2017-18,21700575,1,1610612764,2,5,4,1,1,1,0
2017-18,21700575,2,1610612763,8,12,9,3,4,3,1
2017-18,21700575,2,1610612764,8,10,7,2,6,3,0
2017-18,21700575,3,1610612763,7,8,7,4,3,1,0
2017-18,21700575,3,1610612764,5,5,4,1,1,1,3
2017-18,21700575,4,1610612763,4,4,3,2,2,1,0
2017-18,21700575,4,1610612764,8,14,11,4,4,3,0
2017-18,21700576,1,1610612737,2,4,4,2,0,0,0
2017-18,21700576,1,1610612757,4,4,3,2,2,1,0
2017-18,21700576,2,1610612737,5,7,4,3,1,3,1
2017-18,21700576,2,1610612757,3,2,1,1,1,1,1
2017-18,21700576,3,1610612737,4,3,3,1,2,0,0
2017-18,21700576,3,1610612757,4,4,3,2,2,1,0
2017-18,21700576,4,1610612737,6,11,10,5,1,1,0
2017-18,21700576,4,1610612757,4,4,4,2,2,0,0
2017-18,21700577,1,1610612747,2,0,0,0,2,0,0
2017-18,21700577,1,1610612766,4,4,3,3,1,1,0
2017-18,21700577,2,1610612747,6,6,4,0,5,2,0
2017-18,21700577,2,1610612766,4,2,2,1,3,0,0
2017-18,21700577,3,1610612747,2,3,3,2,0,0,0
2017-18,21700577,3,1610612766,5,2,1,1,2,1,1
2017-18,21700577,4,1610612747,4,3,2,1,3,1,0
2017-18,21700577,4,1610612766,5,8,6,3,1,2,1
2017-18,21700578,1,1610612744,5,8,8,3,2,0,0
2017-18,21700578,1,1610612746,5,7,6,3,2,1,0
2017-18,21700578,2,1610612744,7,10,9,4,2,1,1
2017-18,21700578,2,1610612746,7,11,9,5,1,2,1
2017-18,21700578,3,1610612744,9,14,9,4,4,5,1
2017-18,21700578,3,1610612746,6,6,5,3,3,1,0
2017-18,21700578,4,1610612744,3,5,4,3,0,1,0
2017-18,21700578,4,1610612746,6,6,4,5,1,2,0
2017-18,21700579,1,1610612738,3,4,0,2,0,4,1
2017-18,21700579,1,1610612751,1,2,2,1,0,0,0
2017-18,21700579,2,1610612738,1,2,1,1,0,1,0
2017-18,21700579,2,1610612751,5,7,5,4,0,2,1
2017-18,21700579,3,1610612738,3,1,0,0,2,1,1
2017-18,21700579,3,1610612751,7,9,9,3,3,0,1
2017-18,21700579,4,1610612738,4,8,7,4,0,1,0
2017-18,21700579,4,1610612751,3,4,3,2,0,1,1
2017-18,21700580,1,1610612745,4,5,4,2,2,1,0
2017-18,21700580,1,1610612765,3,4,4,2,1,0,0
2017-18,21700580,2,1610612745,5,5,5,2,3,0,0
2017-18,21700580,2,1610612765,4,4,3,2,2,1,0
2017-18,21700580,3,1610612745,2,1,1,1,1,0,0
2017-18,21700580,3,1610612765,3,5,4,2,1,1,0
2017-18,21700580,4,1610612745,2,0,0,0,2,0,0
2017-18,21700580,4,1610612765,9,14,9,3,6,5,0
2017-18,21700581,1,1610612741,1,2,2,1,0,0,0
2017-18,21700581,1,1610612754,2,3,3,1,1,0,0
2017-18,21700581,2,1610612741,4,3,3,2,1,0,1
2017-18,21700581,2,1610612754,3,5,3,2,1,2,0
2017-18,21700581,3,1610612741,6,6,5,2,4,1,0
2017-18,21700581,3,1610612754,3,4,2,2,1,2,0
2017-18,21700581,4,1610612741,7,9,6,3,3,3,1
2017-18,21700581,4,1610612754,6,6,6,1,5,0,0
2017-18,21700582,1,1610612739,5,9,8,5,0,1,0
2017-18,21700582,1,1610612753,5,7,6,2,2,1,0
2017-18,21700582,2,1610612739,8,9,6,4,3,3,1
2017-18,21700582,2,1610612753,6,8,5,3,2,3,1
2017-18,21700582,3,1610612739,3,3,3,2,1,0,0
2017-18,21700582,3,1610612753,7,6,3,3,4,3,0
2017-18,21700582,4,1610612739,8,10,5,2,6,5,0
2017-18,21700582,4,1610612753,2,1,1,1,1,0,0
2017-18,21700583,1,1610612749,2,3,1,2,0,2,0
2017-18,21700583,1,1610612764,4,4,3,2,2,1,0
2017-18,21700583,2,1610612749,7,9,7,4,3,2,0
2017-18,21700583,2,1610612764,6,8,4,4,2,4,0
2017-18,21700583,3,1610612749,5,6,6,2,3,0,0
2017-18,21700583,3,1610612764,4,7,7,3,1,0,0
2017-18,21700583,4,1610612749,7,12,11,3,3,1,1
2017-18,21700583,4,1610612764,7,10,7,3,2,3,1
2017-18,21700584,1,1610612740,5,8,7,3,1,1,0
2017-18,21700584,1,1610612750,5,9,8,5,0,1,0
2017-18,21700584,2,1610612740,5,8,8,3,1,0,1
2017-18,21700584,2,1610612750,2,4,3,2,0,1,0
2017-18,21700584,3,1610612740,3,3,3,1,2,0,0
2017-18,21700584,3,1610612750,4,2,2,1,2,0,1
2017-18,21700584,4,1610612740,5,9,8,5,0,1,0
2017-18,21700584,4,1610612750,6,6,6,2,4,0,0
2017-18,21700585,1,1610612743,5,5,5,3,1,0,1
2017-18,21700585,1,1610612758,4,5,4,3,1,1,0
2017-18,21700585,2,1610612743,3,2,2,1,2,0,0
2017-18,21700585,2,1610612758,4,4,3,1,2,1,1
2017-18,21700585,3,1610612743,5,4,3,3,2,1,0
2017-18,21700585,3,1610612758,5,4,3,1,2,1,2
2017-18,21700585,4,1610612743,6,10,5,3,3,5,0
2017-18,21700585,4,1610612758,4,4,3,1,2,1,1
2017-18,21700586,1,1610612748,2,2,1,1,1,1,0
2017-18,21700586,1,1610612762,1,0,0,0,1,0,0
2017-18,21700586,2,1610612748,5,5,4,3,2,1,0
2017-18,21700586,2,1610612762,3,5,4,3,0,1,0
2017-18,21700586,3,1610612748,4,5,3,3,1,2,0
2017-18,21700586,3,1610612762,5,8,8,3,2,0,0
2017-18,21700586,4,1610612748,7,8,6,4,3,2,0
2017-18,21700586,4,1610612762,6,7,6,4,2,1,0
2017-18,21700587,1,1610612742,6,7,6,4,2,1,0
2017-18,21700587,1,1610612752,4,4,3,3,1,1,0
2017-18,21700587,2,1610612742,5,8,6,4,1,2,0
2017-18,21700587,2,1610612752,4,4,4,2,2,0,0
2017-18,21700587,3,1610612742,3,4,3,1,2,1,0
2017-18,21700587,3,1610612752,3,0,0,0,2,0,1
2017-18,21700587,4,1610612742,6,5,5,2,1,0,3
2017-18,21700587,4,1610612752,8,12,11,3,5,1,0
2017-18,21700588,1,1610612756,4,5,3,2,1,2,1
2017-18,21700588,1,1610612760,7,9,4,2,2,5,2
2017-18,21700588,2,1610612756,7,10,8,4,3,2,0
2017-18,21700588,2,1610612760,2,3,1,2,0,2,0
2017-18,21700588,3,1610612756,3,5,5,2,1,0,0
2017-18,21700588,3,1610612760,7,7,5,4,2,2,1
2017-18,21700588,4,1610612756,2,3,3,1,1,0,0
2017-18,21700588,4,1610612760,3,2,2,1,2,0,0
2017-18,21700589,1,1610612757,3,0,0,0,2,0,1
2017-18,21700589,1,1610612759,2,3,3,2,0,0,0
2017-18,21700589,2,1610612757,3,1,1,1,1,0,1
2017-18,21700589,2,1610612759,3,4,4,2,1,0,0
2017-18,21700589,3,1610612757,5,7,5,2,2,2,1
2017-18,21700589,3,1610612759,7,9,5,4,2,4,1
2017-18,21700589,4,1610612757,4,2,1,2,2,1,0
2017-18,21700589,4,1610612759,8,10,7,3,5,3,0
2017-18,21700590,1,1610612737,3,5,5,2,0,0,1
2017-18,21700590,1,1610612747,3,5,4,3,0,1,0
2017-18,21700590,2,1610612737,4,2,2,1,1,0,2
2017-18,21700590,2,1610612747,5,7,6,4,1,1,0
2017-18,21700590,3,1610612737,6,7,5,3,3,2,0
2017-18,21700590,3,1610612747,5,9,6,5,0,3,0
2017-18,21700590,4,1610612737,8,9,7,2,6,2,0
2017-18,21700590,4,1610612747,3,4,4,2,1,0,0
2017-18,21700591,1,1610612749,5,6,5,2,3,1,0
2017-18,21700591,1,1610612754,4,2,0,1,2,2,1
2017-18,21700591,2,1610612749,7,9,7,4,2,2,0
2017-18,21700591,2,1610612754,5,4,3,2,3,1,0
2017-18,21700591,3,1610612749,6,7,6,3,3,1,0
2017-18,21700591,3,1610612754,7,8,5,3,4,3,0
2017-18,21700591,4,1610612749,4,5,3,2,1,2,1
2017-18,21700591,4,1610612754,6,6,6,1,5,0,0
2017-18,21700592,1,1610612751,5,8,6,4,1,2,0
2017-18,21700592,1,1610612761,5,3,3,1,4,0,0
2017-18,21700592,2,1610612751,6,6,6,3,3,0,0
2017-18,21700592,2,1610612761,5,6,4,4,1,2,0
2017-18,21700592,3,1610612751,6,4,3,3,2,1,1
2017-18,21700592,3,1610612761,7,10,7,4,3,3,0
2017-18,21700592,4,1610612751,7,10,8,4,3,2,0
2017-18,21700592,4,1610612761,4,3,3,2,2,0,0
2017-18,21700593,1,1610612741,3,4,4,2,0,0,1
2017-18,21700593,1,1610612745,4,8,5,4,0,3,0
2017-18,21700593,2,1610612741,3,5,4,2,1,1,0
2017-18,21700593,2,1610612745,5,7,5,3,2,2,0
2017-18,21700593,3,1610612741,3,6,4,3,0,2,0
2017-18,21700593,3,1610612745,4,5,4,2,2,1,0
2017-18,21700593,4,1610612741,5,3,3,3,1,0,1
2017-18,21700593,4,1610612745,4,4,4,2,2,0,0
2017-18,21700594,1,1610612739,1,1,1,1,0,0,0
2017-18,21700594,1,1610612750,3,6,4,3,0,2,0
2017-18,21700594,2,1610612739,8,9,7,5,3,2,0
2017-18,21700594,2,1610612750,4,4,3,2,2,1,0
2017-18,21700594,3,1610612739,3,5,3,2,1,2,0
2017-18,21700594,3,1610612750,4,4,4,1,1,0,1
2017-18,21700594,4,1610612739,3,1,1,1,1,0,1
2017-18,21700594,4,1610612750,3,3,2,2,1,1,0
2017-18,21700595,1,1610612740,5,5,4,3,2,1,0
2017-18,21700595,1,1610612765,4,6,4,3,0,2,0
2017-18,21700595,2,1610612740,3,3,1,1,1,2,1
2017-18,21700595,2,1610612765,1,4,4,1,0,0,0
2017-18,21700595,3,1610612740,5,8,6,3,0,2,1
2017-18,21700595,3,1610612765,5,6,6,3,2,0,0
2017-18,21700595,4,1610612740,4,5,3,2,1,2,0
2017-18,21700595,4,1610612765,5,6,5,2,3,1,0
2017-18,21700596,1,1610612758,2,2,2,1,1,0,0
2017-18,21700596,1,1610612759,1,2,1,1,0,1,0
2017-18,21700596,2,1610612758,4,8,7,4,0,1,0
2017-18,21700596,2,1610612759,3,2,1,1,1,1,1
2017-18,21700596,3,1610612758,5,4,2,2,2,2,1
2017-18,21700596,3,1610612759,2,2,1,2,0,1,0
2017-18,21700596,4,1610612758,1,2,1,1,0,1,0
2017-18,21700596,4,1610612759,5,7,5,3,2,2,0
2017-18,21700597,1,1610612743,3,4,2,2,0,2,1
2017-18,21700597,1,1610612744,6,5,3,3,2,2,1
2017-18,21700597,2,1610612743,2,5,5,2,0,0,0
2017-18,21700597,2,1610612744,3,3,2,2,1,1,0
2017-18,21700597,3,1610612743,4,1,0,1,3,1,0
2017-18,21700597,3,1610612744,1,2,2,1,0,0,0
2017-18,21700597,4,1610612743,4,6,5,3,1,1,0
2017-18,21700597,4,1610612744,6,11,8,2,4,3,0
2017-18,21700598,1,1610612737,1,0,0,0,0,0,1
2017-18,21700598,1,1610612746,6,8,5,3,3,3,0
2017-18,21700598,2,1610612737,8,12,7,4,4,5,0
2017-18,21700598,2,1610612746,3,5,3,3,0,2,0
2017-18,21700598,3,1610612737,8,10,8,4,4,2,0
2017-18,21700598,3,1610612746,7,8,4,3,3,4,1
2017-18,21700598,4,1610612737,5,7,6,2,2,1,1
2017-18,21700598,4,1610612746,8,13,11,3,4,2,1
2017-18,21700599,1,1610612748,4,2,2,1,3,0,0
2017-18,21700599,1,1610612761,3,3,3,2,1,0,0
2017-18,21700599,2,1610612748,3,5,4,3,0,1,0
2017-18,21700599,2,1610612761,7,8,5,2,4,3,1
2017-18,21700599,3,1610612748,6,3,2,2,3,1,0
2017-18,21700599,3,1610612761,4,2,2,1,2,0,1
2017-18,21700599,4,1610612748,2,0,0,0,2,0,0
2017-18,21700599,4,1610612761,4,2,2,1,2,0,1
2017-18,21700600,1,1610612757,3,7,5,3,0,2,0
2017-18,21700600,1,1610612760,5,8,7,3,1,1,1
2017-18,21700600,2,1610612757,7,12,10,4,3,2,0
2017-18,21700600,2,1610612760,3,2,2,1,1,0,1
2017-18,21700600,3,1610612757,1,0,0,0,1,0,0
2017-18,21700600,3,1610612760,5,6,3,3,1,3,1
2017-18,21700600,4,1610612757,5,7,6,3,2,1,0
2017-18,21700600,4,1610612760,5,10,7,5,0,3,0
2017-18,21700601,1,1610612742,5,3,3,1,4,0,0
2017-18,21700601,1,1610612753,4,4,1,2,2,3,0
2017-18,21700601,2,1610612742,4,4,3,2,2,1,0
2017-18,21700601,2,1610612753,6,6,6,3,2,0,1
2017-18,21700601,3,1610612742,5,8,8,5,0,0,0
2017-18,21700601,3,1610612753,7,6,4,4,2,2,1
2017-18,21700601,4,1610612742,6,7,5,3,3,2,0
2017-18,21700601,4,1610612753,5,6,5,3,1,1,1
2017-18,21700602,1,1610612747,2,2,2,1,1,0,0
2017-18,21700602,1,1610612758,7,9,5,5,1,4,1
2017-18,21700602,2,1610612747,6,7,5,4,2,2,0
2017-18,21700602,2,1610612758,4,8,7,3,1,1,0
2017-18,21700602,3,1610612747,6,9,5,3,3,4,0
2017-18,21700602,3,1610612758,5,8,5,4,1,3,0
2017-18,21700602,4,1610612747,3,3,1,3,0,2,0
2017-18,21700602,4,1610612758,3,2,1,1,2,1,0
2017-18,21700603,1,1610612742,1,0,0,0,1,0,0
2017-18,21700603,1,1610612766,4,5,2,3,0,3,1
2017-18,21700603,2,1610612742,8,13,9,5,3,4,0
2017-18,21700603,2,1610612766,5,8,2,3,2,6,0
2017-18,21700603,3,1610612742,3,5,4,1,2,1,0
2017-18,21700603,3,1610612766,4,6,5,3,1,1,0
2017-18,21700603,4,1610612742,8,10,9,3,5,1,0
2017-18,21700603,4,1610612766,8,11,6,6,2,5,0
2017-18,21700604,1,1610612748,5,7,4,3,2,3,0
2017-18,21700604,1,1610612754,3,6,4,3,0,2,0
2017-18,21700604,2,1610612748,6,5,5,1,4,0,1
2017-18,21700604,2,1610612754,3,6,3,3,0,3,0
2017-18,21700604,3,1610612748,2,4,3,2,0,1,0
2017-18,21700604,3,1610612754,5,6,4,4,1,2,0
2017-18,21700604,4,1610612748,6,5,3,1,4,2,1
2017-18,21700604,4,1610612754,8,11,8,5,2,3,0
2017-18,21700605,1,1610612762,0,0,0,0,0,0,0
2017-18,21700605,1,1610612764,2,1,0,1,1,1,0
2017-18,21700605,2,1610612762,3,2,1,1,2,1,0
2017-18,21700605,2,1610612764,4,4,3,2,2,1,0
2017-18,21700605,3,1610612762,3,2,2,2,1,0,0
2017-18,21700605,3,1610612764,4,4,1,1,3,3,0
2017-18,21700605,4,1610612762,6,9,7,3,3,2,0
2017-18,21700605,4,1610612764,7,8,8,3,4,0,0
2017-18,21700606,1,1610612751,3,5,4,3,0,1,0
2017-18,21700606,1,1610612765,3,4,3,2,1,1,0
2017-18,21700606,2,1610612751,4,5,5,2,2,0,0
2017-18,21700606,2,1610612765,5,8,5,3,1,3,1
2017-18,21700606,3,1610612751,4,5,5,2,1,0,0
2017-18,21700606,3,1610612765,0,0,0,0,0,0,0
2017-18,21700606,4,1610612751,2,0,0,0,2,0,0
2017-18,21700606,4,1610612765,2,0,0,0,2,0,0
2017-18,21700607,1,1610612741,2,0,0,0,2,0,0
2017-18,21700607,1,1610612752,2,2,1,1,1,1,0
2017-18,21700607,2,1610612741,4,4,3,2,2,1,0
2017-18,21700607,2,1610612752,3,6,3,3,0,3,0
2017-18,21700607,3,1610612741,3,4,4,2,1,0,0
2017-18,21700607,3,1610612752,4,4,3,2,2,1,0
2017-18,21700607,4,1610612741,6,8,6,3,1,2,1
2017-18,21700607,4,1610612752,6,9,6,4,2,3,0
2017-18,21700608,1,1610612745,5,6,4,3,1,2,1
2017-18,21700608,1,1610612757,4,4,3,2,1,1,1
2017-18,21700608,2,1610612745,9,11,9,8,1,2,0
2017-18,21700608,2,1610612757,8,10,8,4,2,2,2
2017-18,21700608,3,1610612745,4,2,1,1,2,1,0
2017-18,21700608,3,1610612757,7,7,5,3,1,2,2
2017-18,21700608,4,1610612745,6,6,5,1,4,1,1
2017-18,21700608,4,1610612757,8,11,7,3,3,4,2
2017-18,21700609,1,1610612740,9,15,12,6,3,3,0
2017-18,21700609,1,1610612763,5,6,4,3,2,2,0
2017-18,21700609,2,1610612740,6,7,6,2,4,1,0
2017-18,21700609,2,1610612763,6,9,9,4,2,0,0
2017-18,21700609,3,1610612740,4,4,0,2,2,4,0
2017-18,21700609,3,1610612763,7,7,5,3,4,2,0
2017-18,21700609,4,1610612740,6,8,5,3,3,3,0
2017-18,21700609,4,1610612763,6,10,8,3,3,2,0
2017-18,21700610,1,1610612749,6,10,6,5,1,4,0
2017-18,21700610,1,1610612753,5,4,4,2,3,0,0
2017-18,21700610,2,1610612749,4,6,3,3,1,3,0
2017-18,21700610,2,1610612753,3,2,2,1,2,0,0
2017-18,21700610,3,1610612749,4,3,3,2,2,0,0
2017-18,21700610,3,1610612753,2,4,3,2,0,1,0
2017-18,21700610,4,1610612749,7,6,4,4,1,2,1
2017-18,21700610,4,1610612753,9,8,8,5,3,0,1
2017-18,21700611,1,1610612750,2,4,1,2,0,3,0
2017-18,21700611,1,1610612760,3,3,3,2,1,0,0
2017-18,21700611,2,1610612750,6,9,8,4,2,1,0
2017-18,21700611,2,1610612760,8,8,5,4,4,3,0
2017-18,21700611,3,1610612750,6,10,7,5,1,3,0
2017-18,21700611,3,1610612760,3,6,6,3,0,0,0
2017-18,21700611,4,1610612750,4,4,3,1,2,1,0
2017-18,21700611,4,1610612760,6,7,4,2,3,3,1
2017-18,21700612,1,1610612737,4,3,3,2,2,0,0
2017-18,21700612,1,1610612743,5,4,2,1,2,2,2
2017-18,21700612,2,1610612737,1,0,0,0,0,0,1
2017-18,21700612,2,1610612743,2,0,0,0,2,0,0
2017-18,21700612,3,1610612737,4,5,5,2,1,0,0
2017-18,21700612,3,1610612743,9,11,6,4,1,5,3
2017-18,21700612,4,1610612737,9,10,10,1,8,0,0
2017-18,21700612,4,1610612743,6,5,4,3,3,1,0
2017-18,21700613,1,1610612744,4,5,4,3,1,1,0
2017-18,21700613,1,1610612746,2,2,1,1,1,1,0
2017-18,21700613,2,1610612744,6,7,5,3,3,2,0
2017-18,21700613,2,1610612746,6,8,5,3,2,3,1
2017-18,21700613,3,1610612744,6,12,11,5,1,1,0
2017-18,21700613,3,1610612746,9,11,10,5,2,1,1
2017-18,21700613,4,1610612744,2,2,2,1,1,0,0
2017-18,21700613,4,1610612746,4,7,6,4,0,1,0
2017-18,21700614,1,1610612738,4,6,5,3,1,1,0
2017-18,21700614,1,1610612755,3,0,0,0,3,0,0
2017-18,21700614,2,1610612738,4,3,1,2,1,2,1
2017-18,21700614,2,1610612755,5,5,4,2,3,1,0
2017-18,21700614,3,1610612738,3,1,1,1,2,0,0
2017-18,21700614,3,1610612755,4,7,7,4,0,0,0
2017-18,21700614,4,1610612738,6,9,8,3,2,1,1
2017-18,21700614,4,1610612755,4,6,5,1,2,1,1
2017-18,21700615,1,1610612739,4,5,4,3,1,1,0
2017-18,21700615,1,1610612761,2,2,1,1,1,1,0
2017-18,21700615,2,1610612739,5,8,6,3,1,2,1
2017-18,21700615,2,1610612761,3,2,1,1,2,1,0
2017-18,21700615,3,1610612739,9,14,12,4,5,2,0
2017-18,21700615,3,1610612761,6,6,5,1,4,1,1
2017-18,21700615,4,1610612739,5,3,3,1,3,0,1
2017-18,21700615,4,1610612761,4,3,2,3,0,1,1
2017-18,21700616,1,1610612746,6,4,4,1,5,0,0
2017-18,21700616,1,1610612758,3,7,6,3,0,1,0
2017-18,21700616,2,1610612746,10,14,9,7,2,5,1
2017-18,21700616,2,1610612758,6,8,7,3,3,1,0
2017-18,21700616,3,1610612746,5,8,6,4,1,2,0
2017-18,21700616,3,1610612758,3,4,4,2,1,0,0
2017-18,21700616,4,1610612746,3,4,3,1,2,1,0
2017-18,21700616,4,1610612758,7,9,6,4,3,3,0
2017-18,21700617,1,1610612747,4,5,3,2,2,2,0
2017-18,21700617,1,1610612759,3,4,3,2,1,1,0
2017-18,21700617,2,1610612747,4,2,2,1,3,0,0
2017-18,21700617,2,1610612759,3,5,5,3,0,0,0
2017-18,21700617,3,1610612747,3,3,1,2,1,2,0
2017-18,21700617,3,1610612759,3,0,0,0,3,0,0
2017-18,21700617,4,1610612747,4,4,2,2,2,2,0
2017-18,21700617,4,1610612759,4,6,3,3,1,3,0
2017-18,21700618,1,1610612762,3,5,4,2,1,1,0
2017-18,21700618,1,1610612766,3,5,5,3,0,0,0
2017-18,21700618,2,1610612762,3,4,4,2,1,0,0
2017-18,21700618,2,1610612766,7,8,7,3,4,1,0
2017-18,21700618,3,1610612762,5,6,6,3,2,0,0
2017-18,21700618,3,1610612766,5,7,6,3,2,1,0
2017-18,21700618,4,1610612762,6,8,6,3,3,2,0
2017-18,21700618,4,1610612766,9,14,8,3,4,6,1
2017-18,21700619,1,1610612739,4,6,6,2,2,0,0
2017-18,21700619,1,1610612754,2,0,0,0,1,0,1
2017-18,21700619,2,1610612739,5,7,5,4,1,2,0
2017-18,21700619,2,1610612754,4,3,2,2,1,1,1
2017-18,21700619,3,1610612739,4,4,2,2,2,2,0
2017-18,21700619,3,1610612754,1,2,1,1,0,1,0
2017-18,21700619,4,1610612739,3,2,1,1,2,1,0
2017-18,21700619,4,1610612754,5,7,6,2,3,1,0
2017-18,21700620,1,1610612753,5,8,8,5,0,0,0
2017-18,21700620,1,1610612764,3,3,2,2,1,1,0
2017-18,21700620,2,1610612753,5,3,3,2,3,0,0
2017-18,21700620,2,1610612764,4,6,5,4,0,1,0
2017-18,21700620,3,1610612753,6,12,8,6,0,4,0
2017-18,21700620,3,1610612764,6,3,2,3,3,1,0
2017-18,21700620,4,1610612753,4,8,6,4,0,2,0
2017-18,21700620,4,1610612764,6,7,4,2,4,3,0
2017-18,21700621,1,1610612737,2,2,1,1,1,1,0
2017-18,21700621,1,1610612751,4,5,3,2,2,2,0
2017-18,21700621,2,1610612737,6,10,9,4,2,1,0
2017-18,21700621,2,1610612751,5,6,4,2,2,2,1
2017-18,21700621,3,1610612737,6,6,4,2,4,2,0
2017-18,21700621,3,1610612751,4,4,2,2,1,2,1
2017-18,21700621,4,1610612737,8,8,6,4,3,2,1
2017-18,21700621,4,1610612751,9,11,8,4,5,3,0
2017-18,21700622,1,1610612744,5,2,2,1,4,0,0
2017-18,21700622,1,1610612749,4,8,7,4,0,1,0
2017-18,21700622,2,1610612744,2,2,2,1,1,0,0
2017-18,21700622,2,1610612749,4,1,1,1,3,0,0
2017-18,21700622,3,1610612744,7,6,3,1,6,3,0
2017-18,21700622,3,1610612749,2,1,1,1,1,0,0
2017-18,21700622,4,1610612744,5,8,8,2,2,0,1
2017-18,21700622,4,1610612749,3,2,2,1,2,0,0
2017-18,21700623,1,1610612750,2,0,0,0,2,0,0
2017-18,21700623,1,1610612752,2,0,0,0,2,0,0
2017-18,21700623,2,1610612750,4,3,2,2,2,1,0
2017-18,21700623,2,1610612752,1,0,0,0,1,0,0
2017-18,21700623,3,1610612750,5,9,7,5,0,2,0
2017-18,21700623,3,1610612752,1,1,0,1,0,1,0
2017-18,21700623,4,1610612750,4,4,1,3,1,3,0
2017-18,21700623,4,1610612752,5,8,6,3,2,2,0
2017-18,21700624,1,1610612740,3,2,2,2,1,0,0
2017-18,21700624,1,1610612757,4,2,1,2,2,1,0
2017-18,21700624,2,1610612740,4,3,3,1,1,0,2
2017-18,21700624,2,1610612757,6,4,2,2,3,2,1
2017-18,21700624,3,1610612740,7,10,9,5,1,1,1
2017-18,21700624,3,1610612757,2,4,4,2,0,0,0
2017-18,21700624,4,1610612740,7,8,8,2,4,0,0
2017-18,21700624,4,1610612757,4,4,4,2,2,0,0
2017-18,21700625,1,1610612743,6,5,4,2,4,1,0
2017-18,21700625,1,1610612763,6,5,4,3,2,1,1
2017-18,21700625,2,1610612743,5,6,6,2,3,0,0
2017-18,21700625,2,1610612763,4,5,3,3,1,2,0
2017-18,21700625,3,1610612743,8,13,11,5,3,2,0
2017-18,21700625,3,1610612763,4,2,2,1,3,0,0
2017-18,21700625,4,1610612743,7,8,5,2,5,3,0
2017-18,21700625,4,1610612763,3,2,2,1,1,0,1
2017-18,21700626,1,1610612745,1,4,4,1,0,0,0
2017-18,21700626,1,1610612756,0,0,0,0,0,0,0
2017-18,21700626,2,1610612745,7,10,9,5,2,1,0
2017-18,21700626,2,1610612756,5,4,2,2,3,2,0
2017-18,21700626,3,1610612745,6,6,4,2,4,2,0
2017-18,21700626,3,1610612756,4,3,3,2,2,0,0
2017-18,21700626,4,1610612745,3,2,2,1,2,0,0
2017-18,21700626,4,1610612756,3,2,2,1,2,0,0
2017-18,21700627,1,1610612742,4,0,0,0,4,0,0
2017-18,21700627,1,1610612747,3,1,1,0,2,0,1
2017-18,21700627,2,1610612742,8,10,8,3,4,2,1
2017-18,21700627,2,1610612747,2,4,3,2,0,1,0
2017-18,21700627,3,1610612742,8,8,6,0,7,2,1
2017-18,21700627,3,1610612747,5,6,5,2,2,1,1
2017-18,21700627,4,1610612742,4,6,4,3,0,2,1
2017-18,21700627,4,1610612747,4,5,3,2,2,2,0
2017-18,21700628,1,1610612746,6,8,7,3,3,1,0
2017-18,21700628,1,1610612758,4,0,0,0,4,0,0
2017-18,21700628,2,1610612746,8,10,7,3,4,3,0
2017-18,21700628,2,1610612758,5,6,3,2,3,3,0
2017-18,21700628,3,1610612746,3,3,3,2,1,0,0
2017-18,21700628,3,1610612758,5,5,4,2,3,1,0
2017-18,21700628,4,1610612746,5,5,5,3,2,0,0
2017-18,21700628,4,1610612758,7,11,6,6,1,5,0
2017-18,21700629,1,1610612760,4,5,4,3,0,1,1
2017-18,21700629,1,1610612766,8,14,10,4,4,4,0
2017-18,21700629,2,1610612760,5,5,3,4,1,2,0
2017-18,21700629,2,1610612766,3,4,2,3,0,2,0
2017-18,21700629,3,1610612760,5,8,6,4,1,2,0
2017-18,21700629,3,1610612766,3,0,0,0,3,0,0
2017-18,21700629,4,1610612760,1,2,2,1,0,0,0
2017-18,21700629,4,1610612766,5,5,4,3,1,1,1
2017-18,21700630,1,1610612751,3,1,0,1,2,1,0
2017-18,21700630,1,1610612764,3,3,2,2,1,1,0
2017-18,21700630,2,1610612751,2,2,2,1,1,0,0
2017-18,21700630,2,1610612764,4,5,5,3,1,0,0
2017-18,21700630,3,1610612751,7,10,8,3,4,2,0
2017-18,21700630,3,1610612764,6,8,5,3,2,3,1
2017-18,21700630,4,1610612751,4,3,3,2,2,0,0
2017-18,21700630,4,1610612764,5,5,4,2,2,1,1
2017-18,21700631,1,1610612744,2,4,4,2,0,0,0
2017-18,21700631,1,1610612761,5,5,5,3,2,0,0
2017-18,21700631,2,1610612744,6,8,8,4,1,0,1
2017-18,21700631,2,1610612761,2,4,4,2,0,0,0
2017-18,21700631,3,1610612744,7,8,8,3,3,0,1
2017-18,21700631,3,1610612761,9,17,15,8,1,2,0
2017-18,21700631,4,1610612744,6,8,4,3,3,4,0
2017-18,21700631,4,1610612761,3,6,3,2,1,3,0
2017-18,21700632,1,1610612741,1,0,0,0,1,0,0
2017-18,21700632,1,1610612765,2,4,3,2,0,1,0
2017-18,21700632,2,1610612741,1,2,1,1,0,1,0
2017-18,21700632,2,1610612765,4,5,4,3,1,1,0
2017-18,21700632,3,1610612741,3,5,4,3,0,1,0
2017-18,21700632,3,1610612765,2,1,1,1,1,0,0
2017-18,21700632,4,1610612741,5,2,1,0,3,1,2
2017-18,21700632,4,1610612765,2,4,3,2,0,1,0
2017-18,21700633,1,1610612743,4,4,3,2,2,1,0
2017-18,21700633,1,1610612759,3,3,3,1,2,0,0
2017-18,21700633,2,1610612743,3,5,5,2,1,0,0
2017-18,21700633,2,1610612759,3,1,1,1,2,0,0
2017-18,21700633,3,1610612743,6,6,5,3,3,1,0
2017-18,21700633,3,1610612759,5,9,7,4,1,2,0
2017-18,21700633,4,1610612743,1,2,2,1,0,0,0
2017-18,21700633,4,1610612759,3,5,5,2,0,0,0
2017-18,21700634,1,1610612748,5,3,2,1,3,1,1
2017-18,21700634,1,1610612749,3,7,6,3,0,1,0
2017-18,21700634,2,1610612748,8,9,6,4,4,3,0
2017-18,21700634,2,1610612749,5,6,5,4,0,1,1
2017-18,21700634,3,1610612748,6,6,6,3,3,0,0
2017-18,21700634,3,1610612749,4,7,7,3,1,0,0
2017-18,21700634,4,1610612748,2,2,2,1,1,0,0
2017-18,21700634,4,1610612749,5,7,7,4,0,0,1
2017-18,21700635,1,1610612740,2,2,1,1,1,1,0
2017-18,21700635,1,1610612752,1,2,2,1,0,0,0
2017-18,21700635,2,1610612740,7,10,6,3,4,4,0
2017-18,21700635,2,1610612752,5,6,5,3,1,1,1
2017-18,21700635,3,1610612740,6,5,5,3,3,0,0
2017-18,21700635,3,1610612752,6,6,5,3,2,1,1
2017-18,21700635,4,1610612740,6,12,9,6,0,3,0
2017-18,21700635,4,1610612752,3,2,1,1,1,1,1
2017-18,21700636,1,1610612754,2,2,1,1,1,1,0
2017-18,21700636,1,1610612756,4,3,2,2,2,1,0
2017-18,21700636,2,1610612754,7,9,9,5,2,0,0
2017-18,21700636,2,1610612756,5,6,5,3,2,1,0
2017-18,21700636,3,1610612754,1,1,1,0,1,0,0
2017-18,21700636,3,1610612756,4,6,5,3,1,1,0
2017-18,21700636,4,1610612754,4,2,2,1,3,0,0
2017-18,21700636,4,1610612756,7,9,6,2,5,3,0
2017-18,21700637,1,1610612750,6,9,7,3,3,2,0
2017-18,21700637,1,1610612757,4,4,4,2,0,0,2
2017-18,21700637,2,1610612750,5,2,2,1,4,0,0
2017-18,21700637,2,1610612757,6,6,6,2,4,0,0
2017-18,21700637,3,1610612750,7,10,7,3,3,3,1
2017-18,21700637,3,1610612757,3,5,2,3,0,3,0
2017-18,21700637,4,1610612750,6,12,11,6,0,1,0
2017-18,21700637,4,1610612757,2,2,2,1,1,0,0
2017-18,21700638,1,1610612765,2,3,2,2,0,1,0
2017-18,21700638,1,1610612766,5,3,1,2,3,2,0
2017-18,21700638,2,1610612765,1,1,1,0,1,0,0
2017-18,21700638,2,1610612766,4,5,2,2,2,3,0
2017-18,21700638,3,1610612765,2,2,1,1,1,1,0
2017-18,21700638,3,1610612766,5,8,5,5,0,3,0
2017-18,21700638,4,1610612765,5,5,4,2,3,1,0
2017-18,21700638,4,1610612766,9,17,14,4,5,3,0
2017-18,21700639,1,1610612755,5,6,4,4,1,2,0
2017-18,21700639,1,1610612761,4,2,1,1,3,1,0
2017-18,21700639,2,1610612755,8,7,4,1,6,3,1
2017-18,21700639,2,1610612761,7,14,14,6,1,0,0
2017-18,21700639,3,1610612755,7,13,12,2,4,1,0
2017-18,21700639,3,1610612761,6,7,5,3,2,2,1
2017-18,21700639,4,1610612755,8,12,11,4,4,1,0
2017-18,21700639,4,1610612761,6,7,6,4,2,1,0
2017-18,21700640,1,1610612749,4,8,7,4,0,1,0
2017-18,21700640,1,1610612764,7,7,6,3,3,1,0
2017-18,21700640,2,1610612749,4,4,4,2,2,0,0
2017-18,21700640,2,1610612764,7,7,7,2,4,0,1
2017-18,21700640,3,1610612749,6,9,6,3,3,3,0
2017-18,21700640,3,1610612764,4,2,2,1,3,0,0
2017-18,21700640,4,1610612749,6,8,3,2,3,5,1
2017-18,21700640,4,1610612764,7,15,10,4,3,5,0
2017-18,21700641,1,1610612737,4,3,3,2,2,0,0
2017-18,21700641,1,1610612759,4,5,5,3,1,0,0
2017-18,21700641,2,1610612737,2,2,2,1,1,0,0
2017-18,21700641,2,1610612759,3,2,1,1,1,1,1
2017-18,21700641,3,1610612737,2,4,3,2,0,1,0
2017-18,21700641,3,1610612759,4,0,0,0,2,0,2
2017-18,21700641,4,1610612737,4,5,5,1,3,0,0
2017-18,21700641,4,1610612759,10,13,11,4,4,2,1
2017-18,21700642,1,1610612751,5,7,6,3,2,1,0
2017-18,21700642,1,1610612752,1,2,1,1,0,1,0
2017-18,21700642,2,1610612751,5,6,5,3,1,1,1
2017-18,21700642,2,1610612752,6,10,5,5,0,5,1
2017-18,21700642,3,1610612751,10,20,17,8,2,3,0
2017-18,21700642,3,1610612752,10,16,11,4,6,5,0
2017-18,21700642,4,1610612751,2,3,1,2,0,2,0
2017-18,21700642,4,1610612752,6,9,9,5,1,0,0
2017-18,21700643,1,1610612758,3,2,1,1,1,1,1
2017-18,21700643,1,1610612760,6,7,2,4,1,5,1
2017-18,21700643,2,1610612758,6,9,5,3,2,4,1
2017-18,21700643,2,1610612760,5,7,4,4,1,3,0
2017-18,21700643,3,1610612758,4,6,2,3,1,4,0
2017-18,21700643,3,1610612760,7,8,3,2,5,5,0
2017-18,21700643,4,1610612758,6,8,7,2,3,1,1
2017-18,21700643,4,1610612760,8,7,5,1,6,2,1
2017-18,21700644,1,1610612741,1,0,0,0,1,0,0
2017-18,21700644,1,1610612748,4,4,4,3,1,0,0
2017-18,21700644,2,1610612741,3,4,3,3,0,1,0
2017-18,21700644,2,1610612748,3,2,2,1,1,0,1
2017-18,21700644,3,1610612741,4,2,1,1,3,1,0
2017-18,21700644,3,1610612748,4,4,3,2,2,1,0
2017-18,21700644,4,1610612741,8,16,15,5,3,1,0
2017-18,21700644,4,1610612748,11,14,10,6,3,4,2
2017-18,21700645,1,1610612747,5,8,6,4,1,2,0
2017-18,21700645,1,1610612763,5,8,8,3,2,0,0
2017-18,21700645,2,1610612747,6,5,3,3,3,2,0
2017-18,21700645,2,1610612763,6,10,7,3,2,3,0
2017-18,21700645,3,1610612747,11,17,16,4,6,1,1
2017-18,21700645,3,1610612763,7,12,10,6,0,2,1
2017-18,21700645,4,1610612747,3,1,1,1,1,0,1
2017-18,21700645,4,1610612763,4,4,4,3,1,0,0
2017-18,21700646,1,1610612739,7,8,7,2,4,1,1
2017-18,21700646,1,1610612744,5,6,6,2,3,0,0
2017-18,21700646,2,1610612739,4,2,2,1,2,0,1
2017-18,21700646,2,1610612744,6,4,4,0,5,0,1
2017-18,21700646,3,1610612739,3,3,2,2,1,1,0
2017-18,21700646,3,1610612744,7,14,11,6,1,3,0
2017-18,21700646,4,1610612739,8,9,4,2,5,5,1
2017-18,21700646,4,1610612744,4,6,3,3,1,3,0
2017-18,21700647,1,1610612754,6,9,7,4,2,2,0
2017-18,21700647,1,1610612762,2,1,0,1,1,1,0
2017-18,21700647,2,1610612754,0,0,0,0,0,0,0
2017-18,21700647,2,1610612762,6,8,7,4,2,1,0
2017-18,21700647,3,1610612754,5,5,5,3,2,0,0
2017-18,21700647,3,1610612762,3,1,1,1,2,0,0
2017-18,21700647,4,1610612754,1,1,1,0,1,0,0
2017-18,21700647,4,1610612762,6,7,5,4,2,2,0
2017-18,21700648,1,1610612745,5,5,5,3,1,0,1
2017-18,21700648,1,1610612746,3,3,3,2,0,0,1
2017-18,21700648,2,1610612745,4,4,3,2,2,1,0
2017-18,21700648,2,1610612746,7,5,3,2,5,2,0
2017-18,21700648,3,1610612745,2,4,4,2,0,0,0
2017-18,21700648,3,1610612746,5,4,3,1,3,1,1
2017-18,21700648,4,1610612745,6,3,1,2,3,2,0
2017-18,21700648,4,1610612746,5,8,6,3,2,2,0
2017-18,21700649,1,1610612750,4,4,3,2,2,1,0
2017-18,21700649,1,1610612753,3,4,4,2,0,0,1
2017-18,21700649,2,1610612750,2,0,0,0,2,0,0
2017-18,21700649,2,1610612753,7,2,2,0,4,0,1
2017-18,21700649,3,1610612750,3,0,0,0,3,0,0
2017-18,21700649,3,1610612753,5,3,3,2,2,0,1
2017-18,21700649,4,1610612750,4,6,6,3,1,0,0
2017-18,21700649,4,1610612753,8,10,8,3,4,2,1
2017-18,21700650,1,1610612738,2,3,3,1,1,0,0
2017-18,21700650,1,1610612740,6,10,7,5,1,3,0
2017-18,21700650,2,1610612738,4,3,3,2,2,0,0
2017-18,21700650,2,1610612740,7,6,6,1,4,0,2
2017-18,21700650,3,1610612738,3,3,2,2,1,1,0
2017-18,21700650,3,1610612740,2,1,1,0,1,0,0
2017-18,21700650,4,1610612738,4,7,6,3,1,1,0
2017-18,21700650,4,1610612740,6,8,5,2,4,3,0
2017-18,21700651,1,1610612742,5,5,4,3,2,1,0
2017-18,21700651,1,1610612743,7,11,9,4,3,2,0
2017-18,21700651,2,1610612742,7,8,8,1,5,0,1
2017-18,21700651,2,1610612743,3,2,2,1,2,0,0
2017-18,21700651,3,1610612742,1,0,0,0,1,0,0
2017-18,21700651,3,1610612743,6,6,3,1,3,3,2
2017-18,21700651,4,1610612742,7,9,6,4,3,3,0
2017-18,21700651,4,1610612743,6,7,3,2,4,4,0
2017-18,21700652,1,1610612756,3,5,5,3,0,0,0
2017-18,21700652,1,1610612757,1,3,3,1,0,0,0
2017-18,21700652,2,1610612756,5,7,6,3,1,1,1
2017-18,21700652,2,1610612757,4,3,3,1,2,0,1
2017-18,21700652,3,1610612756,5,6,6,3,2,0,0
2017-18,21700652,3,1610612757,4,2,2,1,3,0,0
2017-18,21700652,4,1610612756,3,4,4,2,1,0,0
2017-18,21700652,4,1610612757,5,2,1,0,4,1,0
2017-18,21700653,1,1610612764,3,7,7,3,0,0,0
2017-18,21700653,1,1610612766,4,3,3,2,2,0,0
2017-18,21700653,2,1610612764,2,5,2,2,0,3,0
2017-18,21700653,2,1610612766,6,8,5,3,3,3,0
2017-18,21700653,3,1610612764,2,2,1,1,1,1,0
2017-18,21700653,3,1610612766,4,8,7,4,0,1,0
2017-18,21700653,4,1610612764,8,9,6,3,5,3,0
2017-18,21700653,4,1610612766,6,7,7,3,3,0,0
2017-18,21700654,1,1610612737,3,2,1,1,2,1,0
2017-18,21700654,1,1610612740,4,5,4,2,2,1,0
2017-18,21700654,2,1610612737,7,9,8,4,3,1,0
2017-18,21700654,2,1610612740,3,2,1,1,2,1,0
2017-18,21700654,3,1610612737,5,2,1,0,5,1,0
2017-18,21700654,3,1610612740,4,4,3,2,2,1,0
2017-18,21700654,4,1610612737,1,0,0,0,1,0,0
2017-18,21700654,4,1610612740,8,8,5,4,2,3,2
2017-18,21700655,1,1610612751,3,3,2,1,2,1,0
2017-18,21700655,1,1610612759,6,7,5,3,1,2,2
2017-18,21700655,2,1610612751,3,2,2,1,2,0,0
2017-18,21700655,2,1610612759,4,5,3,3,1,2,0
2017-18,21700655,3,1610612751,5,4,3,1,3,1,1
2017-18,21700655,3,1610612759,5,5,4,3,1,1,1
2017-18,21700655,4,1610612751,8,9,5,3,3,4,2
2017-18,21700655,4,1610612759,10,14,11,3,6,3,1
2017-18,21700656,1,1610612761,5,12,8,5,0,4,0
2017-18,21700656,1,1610612765,6,6,5,2,3,1,1
2017-18,21700656,2,1610612761,2,4,4,2,0,0,0
2017-18,21700656,2,1610612765,6,4,1,1,5,3,0
2017-18,21700656,3,1610612761,4,1,1,0,4,0,0
2017-18,21700656,3,1610612765,3,2,1,1,2,1,0
2017-18,21700656,4,1610612761,6,6,4,2,4,2,0
2017-18,21700656,4,1610612765,3,3,0,1,2,3,0
2017-18,21700657,1,1610612741,7,10,9,3,4,1,0
2017-18,21700657,1,1610612744,7,10,9,4,3,1,0
2017-18,21700657,2,1610612741,4,1,1,1,3,0,0
2017-18,21700657,2,1610612744,2,1,0,1,1,1,0
2017-18,21700657,3,1610612741,1,0,0,0,1,0,0
2017-18,21700657,3,1610612744,5,7,6,2,3,1,0
2017-18,21700657,4,1610612741,4,2,2,1,3,0,0
2017-18,21700657,4,1610612744,5,7,7,3,2,0,0
2017-18,21700658,1,1610612752,5,4,4,1,3,0,1
2017-18,21700658,1,1610612763,3,5,4,3,0,1,0
2017-18,21700658,2,1610612752,4,6,6,2,2,0,0
2017-18,21700658,2,1610612763,4,4,3,2,2,1,0
2017-18,21700658,3,1610612752,5,8,8,4,0,0,1
2017-18,21700658,3,1610612763,2,2,1,1,1,1,0
2017-18,21700658,4,1610612752,3,5,4,3,0,1,0
2017-18,21700658,4,1610612763,5,6,5,1,2,1,2
2017-18,21700659,1,1610612748,7,9,7,6,1,2,0
2017-18,21700659,1,1610612749,4,1,1,1,2,0,1
2017-18,21700659,2,1610612748,5,7,2,4,1,5,0
2017-18,21700659,2,1610612749,7,12,10,4,3,2,0
2017-18,21700659,3,1610612748,3,1,1,1,1,0,1
2017-18,21700659,3,1610612749,9,13,9,5,4,4,0
2017-18,21700659,4,1610612748,7,10,10,2,4,0,0
2017-18,21700659,4,1610612749,5,6,4,3,2,2,0
2017-18,21700660,1,1610612747,3,2,2,1,2,0,0
2017-18,21700660,1,1610612760,4,0,0,0,2,0,2
2017-18,21700660,2,1610612747,4,2,2,1,2,0,1
2017-18,21700660,2,1610612760,3,3,2,1,2,1,0
2017-18,21700660,3,1610612747,3,0,0,0,3,0,0
2017-18,21700660,3,1610612760,5,5,4,3,1,1,1
2017-18,21700660,4,1610612747,2,0,0,0,2,0,0
2017-18,21700660,4,1610612760,3,4,4,2,1,0,0
2017-18,21700661,1,1610612758,5,4,4,1,3,0,0
2017-18,21700661,1,1610612762,3,1,1,1,2,0,0
2017-18,21700661,2,1610612758,4,3,2,2,2,1,0
2017-18,21700661,2,1610612762,3,6,4,3,0,2,0
2017-18,21700661,3,1610612758,6,6,5,1,5,1,0
2017-18,21700661,3,1610612762,5,2,2,2,3,0,0
2017-18,21700661,4,1610612758,5,7,5,2,3,2,0
2017-18,21700661,4,1610612762,8,11,9,5,3,2,0
2017-18,21700662,1,1610612743,3,3,2,2,1,1,0
2017-18,21700662,1,1610612746,4,5,5,3,1,0,0
2017-18,21700662,2,1610612743,5,7,7,4,1,0,0
2017-18,21700662,2,1610612746,2,2,0,2,0,2,0
2017-18,21700662,3,1610612743,2,4,2,2,0,2,0
2017-18,21700662,3,1610612746,5,5,2,3,2,3,0
2017-18,21700662,4,1610612743,5,4,4,1,4,0,0
2017-18,21700662,4,1610612746,12,19,12,3,9,7,0
2017-18,21700663,1,1610612738,0,0,0,0,0,0,0
2017-18,21700663,1,1610612755,3,0,0,0,3,0,0
2017-18,21700663,2,1610612738,3,0,0,0,3,0,0
2017-18,21700663,2,1610612755,3,2,2,1,2,0,0
2017-18,21700663,3,1610612738,5,6,5,3,2,1,0
2017-18,21700663,3,1610612755,7,9,8,4,2,1,1
2017-18,21700663,4,1610612738,7,11,8,4,3,3,0
2017-18,21700663,4,1610612755,5,6,5,1,4,1,0
2017-18,21700664,1,1610612739,4,3,0,2,1,3,1
2017-18,21700664,1,1610612753,6,8,4,3,3,4,0
2017-18,21700664,2,1610612739,6,9,8,4,2,1,0
2017-18,21700664,2,1610612753,2,3,3,2,0,0,0
2017-18,21700664,3,1610612739,5,7,5,3,2,2,0
2017-18,21700664,3,1610612753,5,4,4,2,2,0,1
2017-18,21700664,4,1610612739,6,8,5,4,0,3,2
2017-18,21700664,4,1610612753,7,6,5,0,4,1,2
2017-18,21700665,1,1610612745,2,1,1,1,0,0,1
2017-18,21700665,1,1610612750,1,2,2,1,0,0,0
2017-18,21700665,2,1610612745,6,8,7,4,2,1,0
2017-18,21700665,2,1610612750,4,7,5,3,1,2,0
2017-18,21700665,3,1610612745,4,2,2,1,2,0,1
2017-18,21700665,3,1610612750,5,7,4,4,1,3,0
2017-18,21700665,4,1610612745,4,6,5,3,1,1,0
2017-18,21700665,4,1610612750,5,5,3,3,1,2,1
2017-18,21700666,1,1610612754,3,3,2,2,1,1,0
2017-18,21700666,1,1610612757,4,2,2,1,2,0,1
2017-18,21700666,2,1610612754,3,1,1,1,2,0,0
2017-18,21700666,2,1610612757,4,7,7,4,0,0,0
2017-18,21700666,3,1610612754,1,1,1,1,0,0,0
2017-18,21700666,3,1610612757,1,0,0,0,0,0,0
2017-18,21700666,4,1610612754,5,8,3,3,1,5,0
2017-18,21700666,4,1610612757,6,7,7,4,1,0,1
2017-18,21700667,1,1610612759,3,2,1,1,2,1,0
2017-18,21700667,1,1610612761,3,0,0,0,2,0,1
2017-18,21700667,2,1610612759,5,7,6,3,1,1,1
2017-18,21700667,2,1610612761,2,2,1,1,1,1,0
2017-18,21700667,3,1610612759,5,5,4,3,2,1,0
2017-18,21700667,3,1610612761,3,4,3,2,1,1,0
2017-18,21700667,4,1610612759,5,6,5,3,2,1,0
2017-18,21700667,4,1610612761,5,8,5,2,3,3,0
2017-18,21700668,1,1610612748,4,7,5,4,0,2,0
2017-18,21700668,1,1610612751,5,9,6,4,1,3,0
2017-18,21700668,2,1610612748,4,6,5,3,1,1,0
2017-18,21700668,2,1610612751,3,2,1,0,3,1,0
2017-18,21700668,3,1610612748,4,6,5,3,1,1,0
2017-18,21700668,3,1610612751,6,6,5,1,3,1,2
2017-18,21700668,4,1610612748,4,6,3,3,1,3,0
2017-18,21700668,4,1610612751,6,9,8,3,3,1,0
2017-18,21700669,1,1610612764,2,2,2,1,1,0,0
2017-18,21700669,1,1610612765,1,2,1,1,0,1,0
2017-18,21700669,2,1610612764,3,4,4,2,0,0,1
2017-18,21700669,2,1610612765,4,5,3,3,1,2,0
2017-18,21700669,3,1610612764,5,8,7,4,1,1,0
2017-18,21700669,3,1610612765,5,4,4,2,3,0,0
2017-18,21700669,4,1610612764,10,13,11,2,6,2,2
2017-18,21700669,4,1610612765,8,15,14,5,3,1,0
2017-18,21700670,1,1610612758,4,3,0,2,2,3,0
2017-18,21700670,1,1610612763,7,10,9,4,3,1,0
2017-18,21700670,2,1610612758,2,4,3,2,0,1,0
2017-18,21700670,2,1610612763,2,0,0,0,0,0,2
2017-18,21700670,3,1610612758,7,8,7,2,4,1,1
2017-18,21700670,3,1610612763,6,8,4,3,3,4,0
2017-18,21700670,4,1610612758,4,3,3,2,2,0,0
2017-18,21700670,4,1610612763,4,5,5,2,2,0,0
2017-18,21700671,1,1610612743,4,2,2,1,3,0,0
2017-18,21700671,1,1610612756,2,0,0,0,2,0,0
2017-18,21700671,2,1610612743,4,2,0,0,3,2,0
2017-18,21700671,2,1610612756,4,4,3,2,2,1,0
2017-18,21700671,3,1610612743,6,7,6,4,0,1,2
2017-18,21700671,3,1610612756,9,13,9,6,3,4,0
2017-18,21700671,4,1610612743,7,10,8,3,4,2,0
2017-18,21700671,4,1610612756,3,3,2,0,3,1,0
2017-18,21700672,1,1610612752,1,0,0,0,1,0,0
2017-18,21700672,1,1610612762,5,6,3,2,3,3,0
2017-18,21700672,2,1610612752,4,4,3,2,2,1,0
2017-18,21700672,2,1610612762,6,7,5,3,3,2,0
2017-18,21700672,3,1610612752,7,8,8,2,5,0,0
2017-18,21700672,3,1610612762,5,5,3,3,1,2,1
2017-18,21700672,4,1610612752,7,11,7,3,3,4,1
2017-18,21700672,4,1610612762,7,12,9,5,2,3,0
2017-18,21700673,1,1610612747,4,5,0,3,0,5,1
2017-18,21700673,1,1610612754,1,2,1,1,0,1,0
2017-18,21700673,2,1610612747,2,1,1,1,1,0,0
2017-18,21700673,2,1610612754,3,1,0,1,1,1,1
2017-18,21700673,3,1610612747,5,3,0,1,4,3,0
2017-18,21700673,3,1610612754,7,6,5,4,2,1,1
2017-18,21700673,4,1610612747,6,5,1,2,4,4,0
2017-18,21700673,4,1610612754,5,4,4,3,2,0,0
2017-18,21700674,1,1610612739,4,5,4,3,0,1,1
2017-18,21700674,1,1610612760,2,5,4,2,0,1,0
2017-18,21700674,2,1610612739,10,16,12,7,2,4,1
2017-18,21700674,2,1610612760,8,14,8,6,2,6,0
2017-18,21700674,3,1610612739,3,1,1,1,2,0,0
2017-18,21700674,3,1610612760,6,7,6,4,1,1,1
2017-18,21700674,4,1610612739,3,5,5,1,2,0,0
2017-18,21700674,4,1610612760,1,2,0,1,0,2,0
2017-18,21700675,1,1610612737,7,10,5,4,2,5,1
2017-18,21700675,1,1610612741,6,7,7,3,1,0,2
2017-18,21700675,2,1610612737,4,3,3,2,2,0,0
2017-18,21700675,2,1610612741,1,0,0,0,1,0,0
2017-18,21700675,3,1610612737,3,1,1,1,2,0,0
2017-18,21700675,3,1610612741,9,13,11,7,2,2,0
2017-18,21700675,4,1610612737,6,9,7,4,2,2,0
2017-18,21700675,4,1610612741,4,1,1,1,3,0,0
2017-18,21700676,1,1610612748,2,2,0,1,1,2,0
2017-18,21700676,1,1610612766,4,7,5,3,1,2,0
2017-18,21700676,2,1610612748,4,3,2,2,1,1,1
2017-18,21700676,2,1610612766,5,7,4,3,1,3,1
2017-18,21700676,3,1610612748,2,3,3,2,0,0,0
2017-18,21700676,3,1610612766,4,6,6,3,0,0,1
2017-18,21700676,4,1610612748,4,4,2,1,3,2,0
2017-18,21700676,4,1610612766,4,1,1,1,3,0,0
2017-18,21700677,1,1610612740,10,19,17,6,4,2,0
2017-18,21700677,1,1610612763,3,2,2,1,2,0,0
2017-18,21700677,2,1610612740,4,3,1,2,2,2,0
2017-18,21700677,2,1610612763,3,2,2,1,2,0,0
2017-18,21700677,3,1610612740,6,5,4,3,3,1,0
2017-18,21700677,3,1610612763,4,6,6,3,1,0,0
2017-18,21700677,4,1610612740,6,5,4,1,5,1,0
2017-18,21700677,4,1610612763,3,6,5,3,0,1,0
2017-18,21700678,1,1610612749,4,8,7,4,0,1,0
2017-18,21700678,1,1610612755,3,4,3,2,1,1,0
2017-18,21700678,2,1610612749,5,4,4,1,2,0,2
2017-18,21700678,2,1610612755,8,9,9,2,4,0,1
2017-18,21700678,3,1610612749,5,7,6,3,2,1,0
2017-18,21700678,3,1610612755,5,4,3,3,2,1,0
2017-18,21700678,4,1610612749,4,3,1,2,2,2,0
2017-18,21700678,4,1610612755,3,2,1,2,1,1,0
2017-18,21700679,1,1610612744,4,1,1,1,2,0,1
2017-18,21700679,1,1610612745,4,6,3,3,1,3,0
2017-18,21700679,2,1610612744,5,7,5,3,0,2,2
2017-18,21700679,2,1610612745,9,13,10,3,6,3,0
2017-18,21700679,3,1610612744,6,7,5,3,3,2,0
2017-18,21700679,3,1610612745,3,4,2,3,0,2,0
2017-18,21700679,4,1610612744,3,0,0,0,2,0,1
2017-18,21700679,4,1610612745,7,6,5,2,4,1,1
2017-18,21700680,1,1610612750,4,5,4,3,0,1,1
2017-18,21700680,1,1610612761,3,0,0,0,3,0,0
2017-18,21700680,2,1610612750,5,8,7,3,1,1,1
2017-18,21700680,2,1610612761,7,8,7,4,2,1,1
2017-18,21700680,3,1610612750,10,16,12,6,3,4,0
2017-18,21700680,3,1610612761,4,5,5,3,1,0,0
2017-18,21700680,4,1610612750,9,13,9,3,6,4,0
2017-18,21700680,4,1610612761,5,8,7,3,1,1,1
2017-18,21700681,1,1610612746,4,5,4,3,1,1,0
2017-18,21700681,1,1610612762,3,6,6,3,0,0,0
2017-18,21700681,2,1610612746,9,12,11,4,5,1,0
2017-18,21700681,2,1610612762,4,5,4,3,1,1,0
2017-18,21700681,3,1610612746,8,11,7,6,2,4,0
2017-18,21700681,3,1610612762,5,5,4,2,3,1,0
2017-18,21700681,4,1610612746,6,10,8,4,1,2,1
2017-18,21700681,4,1610612762,11,16,10,2,9,6,0
2017-18,21700682,1,1610612742,4,4,4,2,2,0,0
2017-18,21700682,1,1610612757,4,1,1,1,3,0,0
2017-18,21700682,2,1610612742,6,10,8,5,1,2,0
2017-18,21700682,2,1610612757,5,4,4,2,3,0,0
2017-18,21700682,3,1610612742,5,6,5,3,2,1,0
2017-18,21700682,3,1610612757,4,1,0,1,2,1,1
2017-18,21700682,4,1610612742,4,8,5,3,1,3,0
2017-18,21700682,4,1610612757,5,4,4,0,5,0,0
2017-18,21700683,1,1610612738,2,1,1,0,2,0,0
2017-18,21700683,1,1610612753,4,5,5,3,1,0,0
2017-18,21700683,2,1610612738,6,6,6,2,4,0,0
2017-18,21700683,2,1610612753,4,5,3,2,2,2,0
2017-18,21700683,3,1610612738,4,2,2,1,3,0,0
2017-18,21700683,3,1610612753,4,0,0,0,4,0,0
2017-18,21700683,4,1610612738,5,5,4,1,3,1,1
2017-18,21700683,4,1610612753,4,6,3,2,2,3,0
2017-18,21700684,1,1610612747,5,6,5,3,2,1,0
2017-18,21700684,1,1610612752,3,0,0,0,3,0,0
2017-18,21700684,2,1610612747,6,10,6,4,2,4,0
2017-18,21700684,2,1610612752,5,6,5,3,1,1,1
2017-18,21700684,3,1610612747,1,2,1,1,0,1,0
2017-18,21700684,3,1610612752,4,3,2,2,2,1,0
2017-18,21700684,4,1610612747,3,3,3,1,1,0,0
2017-18,21700684,4,1610612752,4,1,0,1,3,1,0
2017-18,21700685,1,1610612751,3,3,2,2,1,1,0
2017-18,21700685,1,1610612765,3,5,4,3,0,1,0
2017-18,21700685,2,1610612751,4,4,3,3,1,1,0
2017-18,21700685,2,1610612765,6,6,6,2,4,0,0
2017-18,21700685,3,1610612751,2,2,1,1,1,1,0
2017-18,21700685,3,1610612765,3,3,3,2,1,0,0
2017-18,21700685,4,1610612751,8,11,8,3,5,3,0
2017-18,21700685,4,1610612765,3,3,2,2,1,1,0
2017-18,21700686,1,1610612754,2,4,4,2,0,0,0
2017-18,21700686,1,1610612759,2,2,1,1,1,1,0
2017-18,21700686,2,1610612754,3,3,3,2,0,0,1
2017-18,21700686,2,1610612759,4,1,1,1,2,0,1
2017-18,21700686,3,1610612754,5,8,7,3,2,1,0
2017-18,21700686,3,1610612759,3,0,0,0,2,0,1
2017-18,21700686,4,1610612754,3,2,2,0,3,0,0
2017-18,21700686,4,1610612759,5,9,5,3,2,4,0
2017-18,21700687,1,1610612758,2,3,2,2,0,1,0
2017-18,21700687,1,1610612766,5,6,5,4,1,1,0
2017-18,21700687,2,1610612758,3,0,0,0,3,0,0
2017-18,21700687,2,1610612766,4,7,6,4,0,1,0
2017-18,21700687,3,1610612758,3,7,5,3,0,2,0
2017-18,21700687,3,1610612766,4,4,2,2,1,2,1
2017-18,21700687,4,1610612758,3,5,4,3,0,1,0
2017-18,21700687,4,1610612766,7,8,7,1,5,1,1
2017-18,21700688,1,1610612737,2,2,2,1,1,0,0
2017-18,21700688,1,1610612762,5,6,3,4,1,3,0
2017-18,21700688,2,1610612737,3,2,2,2,1,0,0
2017-18,21700688,2,1610612762,5,5,4,3,2,1,0
2017-18,21700688,3,1610612737,3,3,3,2,1,0,0
2017-18,21700688,3,1610612762,5,9,6,4,1,3,0
2017-18,21700688,4,1610612737,5,5,5,2,3,0,0
2017-18,21700688,4,1610612762,7,8,7,3,4,1,0
2017-18,21700689,1,1610612745,5,6,5,2,2,1,1
2017-18,21700689,1,1610612748,3,1,0,1,2,1,0
2017-18,21700689,2,1610612745,2,3,1,1,1,2,0
2017-18,21700689,2,1610612748,4,3,2,1,2,1,1
2017-18,21700689,3,1610612745,7,7,4,2,4,3,1
2017-18,21700689,3,1610612748,3,1,0,1,2,1,0
2017-18,21700689,4,1610612745,3,2,2,0,2,0,1
2017-18,21700689,4,1610612748,3,4,3,2,1,1,0
2017-18,21700690,1,1610612755,6,9,8,3,2,1,1
2017-18,21700690,1,1610612763,8,10,8,4,3,2,1
2017-18,21700690,2,1610612755,6,8,5,3,3,3,0
2017-18,21700690,2,1610612763,3,3,3,2,1,0,0
2017-18,21700690,3,1610612755,5,5,5,2,3,0,0
2017-18,21700690,3,1610612763,8,11,10,4,3,1,0
2017-18,21700690,4,1610612755,7,9,5,4,3,4,0
2017-18,21700690,4,1610612763,6,11,8,4,2,3,0
2017-18,21700691,1,1610612749,2,4,3,2,0,1,0
2017-18,21700691,1,1610612756,2,0,0,0,1,0,1
2017-18,21700691,2,1610612749,7,12,8,6,1,4,0
2017-18,21700691,2,1610612756,8,9,9,1,5,0,1
2017-18,21700691,3,1610612749,5,6,5,2,3,1,0
2017-18,21700691,3,1610612756,6,8,6,4,1,2,1
2017-18,21700691,4,1610612749,11,15,12,3,8,3,0
2017-18,21700691,4,1610612756,6,3,3,1,5,0,0
2017-18,21700692,1,1610612740,3,3,2,2,1,1,0
2017-18,21700692,1,1610612741,0,0,0,0,0,0,0
2017-18,21700692,2,1610612740,4,1,1,1,2,0,1
2017-18,21700692,2,1610612741,7,10,9,4,3,1,0
2017-18,21700692,3,1610612740,3,1,1,1,2,0,0
2017-18,21700692,3,1610612741,5,4,4,3,1,0,1
2017-18,21700692,4,1610612740,11,17,14,6,4,3,0
2017-18,21700692,4,1610612741,7,13,11,4,3,2,0
2017-18,21700693,1,1610612742,3,2,0,1,1,2,1
2017-18,21700693,1,1610612764,3,2,1,1,2,1,0
2017-18,21700693,2,1610612742,4,6,5,2,2,1,0
2017-18,21700693,2,1610612764,3,2,2,1,2,0,0
2017-18,21700693,3,1610612742,4,4,3,1,3,1,0
2017-18,21700693,3,1610612764,6,11,6,3,2,5,1
2017-18,21700693,4,1610612742,5,5,4,2,2,1,1
2017-18,21700693,4,1610612764,7,12,7,5,2,5,0
2017-18,21700694,1,1610612743,4,7,5,4,0,2,0
2017-18,21700694,1,1610612757,4,6,6,3,1,0,0
2017-18,21700694,2,1610612743,3,2,2,0,2,0,0
2017-18,21700694,2,1610612757,5,7,5,4,0,2,1
2017-18,21700694,3,1610612743,7,9,6,4,3,3,0
2017-18,21700694,3,1610612757,6,8,6,4,1,2,1
2017-18,21700694,4,1610612743,8,15,13,5,3,2,0
2017-18,21700694,4,1610612757,4,5,4,3,1,1,0
2017-18,21700695,1,1610612746,4,3,1,2,2,2,0
2017-18,21700695,1,1610612750,7,11,9,5,1,2,1
2017-18,21700695,2,1610612746,4,6,3,3,1,3,0
2017-18,21700695,2,1610612750,3,4,4,3,0,0,0
2017-18,21700695,3,1610612746,3,1,1,1,2,0,0
2017-18,21700695,3,1610612750,7,12,10,4,3,2,0
2017-18,21700695,4,1610612746,8,12,10,3,5,2,0
2017-18,21700695,4,1610612750,7,12,10,1,6,2,0
2017-18,21700696,1,1610612753,2,2,2,1,1,0,0
2017-18,21700696,1,1610612758,3,2,1,1,1,1,1
2017-18,21700696,2,1610612753,5,7,6,3,2,1,0
2017-18,21700696,2,1610612758,3,2,2,1,2,0,0
2017-18,21700696,3,1610612753,5,5,4,2,3,1,0
2017-18,21700696,3,1610612758,2,2,1,1,0,1,1
2017-18,21700696,4,1610612753,2,5,4,2,0,1,0
2017-18,21700696,4,1610612758,6,7,7,2,4,0,0
2017-18,21700697,1,1610612751,2,2,1,1,1,1,0
2017-18,21700697,1,1610612760,5,7,5,3,1,2,1
2017-18,21700697,2,1610612751,5,10,8,4,1,2,0
2017-18,21700697,2,1610612760,3,4,2,2,1,2,0
2017-18,21700697,3,1610612751,6,9,7,5,1,2,0
2017-18,21700697,3,1610612760,11,17,11,5,5,6,1
2017-18,21700697,4,1610612751,4,4,2,2,1,2,1
2017-18,21700697,4,1610612760,5,4,4,1,4,0,0
2017-18,21700698,1,1610612739,5,8,6,3,2,2,0
2017-18,21700698,1,1610612759,4,4,2,2,1,2,1
2017-18,21700698,2,1610612739,5,11,9,4,1,2,0
2017-18,21700698,2,1610612759,4,6,5,3,1,1,0
2017-18,21700698,3,1610612739,4,8,7,4,0,1,0
2017-18,21700698,3,1610612759,4,2,2,1,3,0,0
2017-18,21700698,4,1610612739,5,4,4,1,4,0,0
2017-18,21700698,4,1610612759,2,4,3,2,0,1,0
2017-18,21700699,1,1610612744,2,2,2,1,1,0,0
2017-18,21700699,1,1610612752,3,6,6,3,0,0,0
2017-18,21700699,2,1610612744,6,6,5,4,2,1,0
2017-18,21700699,2,1610612752,5,5,5,3,2,0,0
2017-18,21700699,3,1610612744,7,10,9,4,2,1,1
2017-18,21700699,3,1610612752,5,5,3,2,3,2,0
2017-18,21700699,4,1610612744,4,2,2,1,3,0,0
2017-18,21700699,4,1610612752,2,3,3,1,1,0,0
2017-18,21700700,1,1610612738,4,0,0,0,4,0,0
2017-18,21700700,1,1610612747,5,6,3,3,1,3,1
2017-18,21700700,2,1610612738,3,5,5,2,0,0,1
2017-18,21700700,2,1610612747,5,7,6,2,1,1,2
2017-18,21700700,3,1610612738,1,0,0,0,1,0,0
2017-18,21700700,3,1610612747,5,6,5,3,1,1,1
2017-18,21700700,4,1610612738,4,5,3,2,1,2,1
2017-18,21700700,4,1610612747,8,17,7,4,4,10,0
2017-18,21700701,1,1610612740,6,7,5,3,2,2,1
2017-18,21700701,1,1610612766,5,12,6,5,0,6,0
2017-18,21700701,2,1610612740,3,0,0,0,2,0,1
2017-18,21700701,2,1610612766,5,9,6,5,0,3,0
2017-18,21700701,3,1610612740,5,3,3,2,3,0,0
2017-18,21700701,3,1610612766,2,2,1,1,1,1,0
2017-18,21700701,4,1610612740,8,8,6,1,7,2,0
2017-18,21700701,4,1610612766,5,8,5,3,2,3,0
2017-18,21700702,1,1610612762,3,5,4,3,0,1,0
2017-18,21700702,1,1610612765,1,1,1,1,0,0,0
2017-18,21700702,2,1610612762,5,7,6,4,1,1,0
2017-18,21700702,2,1610612765,4,3,2,2,2,1,0
2017-18,21700702,3,1610612762,1,0,0,0,1,0,0
2017-18,21700702,3,1610612765,3,3,3,1,1,0,1
2017-18,21700702,4,1610612762,4,2,2,1,3,0,0
2017-18,21700702,4,1610612765,5,9,6,4,1,3,0
2017-18,21700703,1,1610612754,7,9,6,3,4,3,0
2017-18,21700703,1,1610612756,4,0,0,0,3,0,1
2017-18,21700703,2,1610612754,5,2,1,2,2,1,1
2017-18,21700703,2,1610612756,7,9,8,2,4,1,1
2017-18,21700703,3,1610612754,4,4,4,2,1,0,0
2017-18,21700703,3,1610612756,4,5,4,3,1,1,0
2017-18,21700703,4,1610612754,7,10,6,3,4,4,0
2017-18,21700703,4,1610612756,9,15,10,7,1,5,1
2017-18,21700704,1,1610612741,5,3,3,2,2,0,1
2017-18,21700704,1,1610612755,3,6,5,3,0,1,0
2017-18,21700704,2,1610612741,4,4,2,1,3,2,0
2017-18,21700704,2,1610612755,3,4,3,2,0,1,1
2017-18,21700704,3,1610612741,5,10,8,5,0,2,0
2017-18,21700704,3,1610612755,6,7,5,2,4,2,0
2017-18,21700704,4,1610612741,5,5,5,4,0,0,1
2017-18,21700704,4,1610612755,3,3,2,2,1,1,0
2017-18,21700705,1,1610612737,2,0,0,0,2,0,0
2017-18,21700705,1,1610612761,6,9,6,4,1,3,1
2017-18,21700705,2,1610612737,2,3,1,2,0,2,0
2017-18,21700705,2,1610612761,4,5,4,3,1,1,0
2017-18,21700705,3,1610612737,7,12,10,4,3,2,0
2017-18,21700705,3,1610612761,7,7,4,0,6,3,1
2017-18,21700705,4,1610612737,4,2,1,1,3,1,0
2017-18,21700705,4,1610612761,2,4,2,2,0,2,0
2017-18,21700706,1,1610612742,4,7,5,3,1,2,0
2017-18,21700706,1,1610612745,3,3,2,2,1,1,0
2017-18,21700706,2,1610612742,3,1,1,1,1,0,1
2017-18,21700706,2,1610612745,3,2,1,1,2,1,0
2017-18,21700706,3,1610612742,4,4,2,1,2,2,1
2017-18,21700706,3,1610612745,7,10,5,3,3,5,1
2017-18,21700706,4,1610612742,6,6,4,2,4,2,0
2017-18,21700706,4,1610612745,7,8,3,3,4,5,0
2017-18,21700707,1,1610612759,4,7,5,4,0,2,0
2017-18,21700707,1,1610612763,3,0,0,0,2,0,1
2017-18,21700707,2,1610612759,8,8,7,1,7,1,0
2017-18,21700707,2,1610612763,7,7,4,4,3,3,0
2017-18,21700707,3,1610612759,4,2,2,1,3,0,0
2017-18,21700707,3,1610612763,5,6,6,2,3,0,0
2017-18,21700707,4,1610612759,6,8,8,2,3,0,0
2017-18,21700707,4,1610612763,1,1,1,1,0,0,0
2017-18,21700708,1,1610612750,1,0,0,0,1,0,0
2017-18,21700708,1,1610612757,0,0,0,0,0,0,0
2017-18,21700708,2,1610612750,3,3,2,2,0,1,1
2017-18,21700708,2,1610612757,6,10,7,4,2,3,0
2017-18,21700708,3,1610612750,5,11,9,4,0,2,1
2017-18,21700708,3,1610612757,6,10,8,5,1,2,0
2017-18,21700708,4,1610612750,5,8,7,4,1,1,0
2017-18,21700708,4,1610612757,2,1,1,1,1,0,0
2017-18,21700709,1,1610612738,2,2,2,1,0,0,1
2017-18,21700709,1,1610612746,6,7,4,3,2,3,1
2017-18,21700709,2,1610612738,4,7,7,3,1,0,0
2017-18,21700709,2,1610612746,11,19,13,3,7,6,1
2017-18,21700709,3,1610612738,6,8,7,2,3,1,1
2017-18,21700709,3,1610612746,6,8,8,2,2,0,2
2017-18,21700709,4,1610612738,3,5,5,2,1,0,0
2017-18,21700709,4,1610612746,3,5,2,3,0,3,0
2017-18,21700710,1,1610612748,4,2,0,1,3,2,0
2017-18,21700710,1,1610612758,3,2,0,1,2,2,0
2017-18,21700710,2,1610612748,7,10,9,3,3,1,1
2017-18,21700710,2,1610612758,5,4,3,1,4,1,0
2017-18,21700710,3,1610612748,4,2,2,1,3,0,0
2017-18,21700710,3,1610612758,5,5,4,2,3,1,0
2017-18,21700710,4,1610612748,5,4,3,1,4,1,0
2017-18,21700710,4,1610612758,4,3,1,2,2,2,0
2017-18,21700711,1,1610612760,4,4,2,2,1,2,1
2017-18,21700711,1,1610612764,3,3,2,2,1,1,0
2017-18,21700711,2,1610612760,6,8,7,4,2,1,0
2017-18,21700711,2,1610612764,6,7,5,4,2,2,0
2017-18,21700711,3,1610612760,8,11,9,4,2,2,2
2017-18,21700711,3,1610612764,4,3,3,1,2,0,1
2017-18,21700711,4,1610612760,6,6,4,3,2,2,1
2017-18,21700711,4,1610612764,2,3,2,2,0,1,0
2017-18,21700712,1,1610612743,1,1,1,1,0,0,0
2017-18,21700712,1,1610612752,3,0,0,0,3,0,0
2017-18,21700712,2,1610612743,4,6,5,4,0,1,0
2017-18,21700712,2,1610612752,8,14,13,6,2,1,0
2017-18,21700712,3,1610612743,10,15,12,5,2,3,2
2017-18,21700712,3,1610612752,5,4,3,2,3,1,0
2017-18,21700712,4,1610612743,1,2,2,1,0,0,0
2017-18,21700712,4,1610612752,4,6,4,3,1,2,0
2017-18,21700713,1,1610612744,5,7,4,4,0,3,1
2017-18,21700713,1,1610612750,3,3,3,2,1,0,0
2017-18,21700713,2,1610612744,5,2,2,1,3,0,1
2017-18,21700713,2,1610612750,6,7,6,4,2,1,0
2017-18,21700713,3,1610612744,2,2,0,1,1,2,0
2017-18,21700713,3,1610612750,1,0,0,0,1,0,0
2017-18,21700713,4,1610612744,3,4,3,2,1,1,0
2017-18,21700713,4,1610612750,6,8,6,2,3,2,1
2017-18,21700714,1,1610612737,4,5,4,3,1,1,0
2017-18,21700714,1,1610612766,4,6,5,3,1,1,0
2017-18,21700714,2,1610612737,6,7,5,2,3,2,1
2017-18,21700714,2,1610612766,9,16,15,6,3,1,0
2017-18,21700714,3,1610612737,4,5,5,2,1,0,1
2017-18,21700714,3,1610612766,4,3,3,2,2,0,0
2017-18,21700714,4,1610612737,7,8,7,3,2,1,2
2017-18,21700714,4,1610612766,6,7,5,2,4,2,0
2017-18,21700715,1,1610612739,6,5,4,3,3,1,0
2017-18,21700715,1,1610612754,3,3,3,2,1,0,0
2017-18,21700715,2,1610612739,2,2,1,1,1,1,0
2017-18,21700715,2,1610612754,4,3,2,2,2,1,0
2017-18,21700715,3,1610612739,2,2,1,0,2,1,0
2017-18,21700715,3,1610612754,2,3,3,1,1,0,0
2017-18,21700715,4,1610612739,5,4,4,1,3,0,1
2017-18,21700715,4,1610612754,2,2,1,1,1,1,0
2017-18,21700716,1,1610612761,3,3,3,1,2,0,0
2017-18,21700716,1,1610612762,3,2,0,1,2,2,0
2017-18,21700716,2,1610612761,3,4,2,1,2,2,0
2017-18,21700716,2,1610612762,3,6,5,3,0,1,0
2017-18,21700716,3,1610612761,4,4,2,2,2,2,0
2017-18,21700716,3,1610612762,6,9,6,3,3,3,0
2017-18,21700716,4,1610612761,5,6,5,2,2,1,1
2017-18,21700716,4,1610612762,4,4,4,1,3,0,0
2017-18,21700717,1,1610612741,5,9,3,3,1,6,1
2017-18,21700717,1,1610612747,6,7,6,5,1,1,0
2017-18,21700717,2,1610612741,3,5,5,3,0,0,0
2017-18,21700717,2,1610612747,3,3,2,0,3,1,0
2017-18,21700717,3,1610612741,5,4,4,1,3,0,1
2017-18,21700717,3,1610612747,4,3,1,1,3,2,0
2017-18,21700717,4,1610612741,6,6,4,3,3,2,0
2017-18,21700717,4,1610612747,11,15,12,5,6,3,0
2017-18,21700718,1,1610612746,6,10,7,4,2,3,0
2017-18,21700718,1,1610612763,3,4,2,2,0,2,1
2017-18,21700718,2,1610612746,6,8,7,4,1,1,1
2017-18,21700718,2,1610612763,5,6,6,2,2,0,1
2017-18,21700718,3,1610612746,3,1,1,0,2,0,1
2017-18,21700718,3,1610612763,6,4,3,0,6,1,0
2017-18,21700718,4,1610612746,7,10,6,3,4,4,0
2017-18,21700718,4,1610612763,3,4,3,2,1,1,0
2017-18,21700719,1,1610612749,4,6,5,2,2,1,0
2017-18,21700719,1,1610612751,2,4,3,1,1,1,0
2017-18,21700719,2,1610612749,5,5,5,3,2,0,0
2017-18,21700719,2,1610612751,6,7,6,2,3,1,1
2017-18,21700719,3,1610612749,3,0,0,0,3,0,0
2017-18,21700719,3,1610612751,4,6,5,3,1,1,0
2017-18,21700719,4,1610612749,7,9,8,6,1,1,0
2017-18,21700719,4,1610612751,4,3,3,2,2,0,0
2017-18,21700720,1,1610612740,3,2,2,1,1,0,1
2017-18,21700720,1,1610612745,5,8,6,3,1,2,1
2017-18,21700720,2,1610612740,6,6,6,2,2,0,1
2017-18,21700720,2,1610612745,6,10,8,3,3,2,0
2017-18,21700720,3,1610612740,5,4,3,1,4,1,0
2017-18,21700720,3,1610612745,5,6,6,2,3,0,0
2017-18,21700720,4,1610612740,7,9,5,3,4,4,0
2017-18,21700720,4,1610612745,7,11,9,4,3,2,0
2017-18,21700721,1,1610612742,1,0,0,0,1,0,0
2017-18,21700721,1,1610612757,2,0,0,0,2,0,0
2017-18,21700721,2,1610612742,3,2,2,1,2,0,0
2017-18,21700721,2,1610612757,8,11,10,5,1,1,2
2017-18,21700721,3,1610612742,4,7,5,3,1,2,0
2017-18,21700721,3,1610612757,2,1,1,1,1,0,0
2017-18,21700721,4,1610612742,7,8,6,2,4,2,1
2017-18,21700721,4,1610612757,7,11,8,4,3,3,0
2017-18,21700722,1,1610612755,1,2,1,1,0,1,0
2017-18,21700722,1,1610612759,3,1,1,1,1,0,1
2017-18,21700722,2,1610612755,2,2,2,1,1,0,0
2017-18,21700722,2,1610612759,4,2,2,1,3,0,0
2017-18,21700722,3,1610612755,5,6,3,3,2,3,0
2017-18,21700722,3,1610612759,10,13,10,4,6,3,0
2017-18,21700722,4,1610612755,5,8,6,3,2,2,0
2017-18,21700722,4,1610612759,3,2,2,1,2,0,0
2017-18,21700723,1,1610612752,6,7,6,4,2,1,0
2017-18,21700723,1,1610612756,4,0,0,0,2,0,2
2017-18,21700723,2,1610612752,6,5,2,1,4,3,1
2017-18,21700723,2,1610612756,3,2,1,1,1,1,1
2017-18,21700723,3,1610612752,7,8,6,2,3,2,0
2017-18,21700723,3,1610612756,7,6,5,0,3,1,4
2017-18,21700723,4,1610612752,4,2,2,1,3,0,0
2017-18,21700723,4,1610612756,5,5,2,2,2,3,1
2017-18,21700724,1,1610612760,5,6,4,3,2,2,0
2017-18,21700724,1,1610612765,4,9,5,4,0,4,0
2017-18,21700724,2,1610612760,3,3,1,2,1,2,0
2017-18,21700724,2,1610612765,5,5,5,3,2,0,0
2017-18,21700724,3,1610612760,7,12,10,4,2,2,1
2017-18,21700724,3,1610612765,6,6,4,2,2,2,2
2017-18,21700724,4,1610612760,2,2,2,1,0,0,1
2017-18,21700724,4,1610612765,4,4,4,2,0,0,2
2017-18,21700725,1,1610612753,4,5,4,3,1,1,0
2017-18,21700725,1,1610612754,3,6,5,3,0,1,0
2017-18,21700725,2,1610612753,8,10,7,5,3,3,0
2017-18,21700725,2,1610612754,3,3,3,1,2,0,0
2017-18,21700725,3,1610612753,6,7,2,3,2,5,1
2017-18,21700725,3,1610612754,6,7,6,3,3,1,0
2017-18,21700725,4,1610612753,6,10,7,5,1,3,0
2017-18,21700725,4,1610612754,5,3,1,1,4,2,0
2017-18,21700726,1,1610612737,2,2,2,1,1,0,0
2017-18,21700726,1,1610612764,1,2,2,1,0,0,0
2017-18,21700726,2,1610612737,7,7,6,4,3,1,0
2017-18,21700726,2,1610612764,7,5,5,2,3,0,1
2017-18,21700726,3,1610612737,4,7,4,3,1,3,0
2017-18,21700726,3,1610612764,4,6,5,3,1,1,0
2017-18,21700726,4,1610612737,2,5,4,2,0,1,0
2017-18,21700726,4,1610612764,2,1,1,1,1,0,0
2017-18,21700727,1,1610612748,5,6,3,3,2,3,0
2017-18,21700727,1,1610612766,3,6,4,3,0,2,0
2017-18,21700727,2,1610612748,2,4,3,1,1,1,0
2017-18,21700727,2,1610612766,8,15,13,6,2,2,0
2017-18,21700727,3,1610612748,4,3,2,2,2,1,0
2017-18,21700727,3,1610612766,7,10,8,5,2,2,0
2017-18,21700727,4,1610612748,4,5,3,3,1,2,0
2017-18,21700727,4,1610612766,3,4,3,2,0,1,1
2017-18,21700728,1,1610612738,3,7,6,3,0,1,0
2017-18,21700728,1,1610612744,4,2,1,1,3,1,0
2017-18,21700728,2,1610612738,3,3,2,2,1,1,0
2017-18,21700728,2,1610612744,4,4,4,2,2,0,0
2017-18,21700728,3,1610612738,5,8,5,4,1,3,0
2017-18,21700728,3,1610612744,4,4,4,2,1,0,1
2017-18,21700728,4,1610612738,4,6,4,2,2,2,0
2017-18,21700728,4,1610612744,10,16,14,5,4,2,1
2017-18,21700729,1,1610612750,7,11,9,5,2,2,0
2017-18,21700729,1,1610612751,2,4,2,2,0,2,0
2017-18,21700729,2,1610612750,2,4,3,2,0,1,0
2017-18,21700729,2,1610612751,3,4,3,3,0,1,0
2017-18,21700729,3,1610612750,4,0,0,0,3,0,0
2017-18,21700729,3,1610612751,4,4,4,2,2,0,0
2017-18,21700729,4,1610612750,6,11,11,4,2,0,0
2017-18,21700729,4,1610612751,3,3,3,2,1,0,0
2017-18,21700730,1,1610612742,2,3,1,1,1,2,0
2017-18,21700730,1,1610612743,4,2,2,1,3,0,0
2017-18,21700730,2,1610612742,5,5,3,2,2,2,0
2017-18,21700730,2,1610612743,3,3,3,1,2,0,0
2017-18,21700730,3,1610612742,5,4,3,1,4,1,0
2017-18,21700730,3,1610612743,3,3,2,2,1,1,0
2017-18,21700730,4,1610612742,7,7,3,1,6,4,0
2017-18,21700730,4,1610612743,5,7,4,2,2,3,0
2017-18,21700731,1,1610612741,3,2,2,1,2,0,0
2017-18,21700731,1,1610612749,3,4,2,2,1,2,0
2017-18,21700731,2,1610612741,3,3,2,2,0,1,1
2017-18,21700731,2,1610612749,3,2,1,1,2,1,0
2017-18,21700731,3,1610612741,3,0,0,0,2,0,1
2017-18,21700731,3,1610612749,5,9,9,4,1,0,0
2017-18,21700731,4,1610612741,6,10,8,3,3,2,0
2017-18,21700731,4,1610612749,7,10,3,2,4,7,1
2017-18,21700732,1,1610612745,8,14,11,4,4,3,0
2017-18,21700732,1,1610612756,3,0,0,0,3,0,0
2017-18,21700732,2,1610612745,8,13,10,4,4,3,0
2017-18,21700732,2,1610612756,8,18,16,6,2,2,0
2017-18,21700732,3,1610612745,4,10,9,3,1,1,0
2017-18,21700732,3,1610612756,4,3,2,2,2,1,0
2017-18,21700732,4,1610612745,7,12,8,4,2,4,1
2017-18,21700732,4,1610612756,5,5,4,2,3,1,0
2017-18,21700733,1,1610612740,2,2,2,1,0,0,1
2017-18,21700733,1,1610612746,4,2,1,2,2,1,0
2017-18,21700733,2,1610612740,3,4,3,2,1,1,0
2017-18,21700733,2,1610612746,4,2,2,1,3,0,0
2017-18,21700733,3,1610612740,4,6,4,3,0,2,1
2017-18,21700733,3,1610612746,4,4,3,3,1,1,0
2017-18,21700733,4,1610612740,10,13,9,5,5,4,0
2017-18,21700733,4,1610612746,6,10,7,3,3,3,0
2017-18,21700734,1,1610612739,5,7,6,4,0,1,1
2017-18,21700734,1,1610612765,3,3,3,2,1,0,0
2017-18,21700734,2,1610612739,8,8,7,3,3,1,2
2017-18,21700734,2,1610612765,5,4,2,2,3,2,0
2017-18,21700734,3,1610612739,3,3,2,2,1,1,0
2017-18,21700734,3,1610612765,4,4,3,2,2,1,0
2017-18,21700734,4,1610612739,6,8,7,4,2,1,0
2017-18,21700734,4,1610612765,2,2,2,1,1,0,0
2017-18,21700735,1,1610612747,3,4,3,2,1,1,0
2017-18,21700735,1,1610612761,4,7,4,4,0,3,0
2017-18,21700735,2,1610612747,9,13,8,4,2,5,2
2017-18,21700735,2,1610612761,2,4,4,2,0,0,0
2017-18,21700735,3,1610612747,10,14,10,4,5,4,1
2017-18,21700735,3,1610612761,6,10,8,6,0,2,0
2017-18,21700735,4,1610612747,2,2,2,2,0,0,0
2017-18,21700735,4,1610612761,4,4,3,2,2,1,0
2017-18,21700736,1,1610612755,6,7,6,4,2,1,0
2017-18,21700736,1,1610612760,7,8,8,3,3,0,1
2017-18,21700736,2,1610612755,10,15,11,5,4,4,1
2017-18,21700736,2,1610612760,6,7,3,4,0,4,2
2017-18,21700736,3,1610612755,6,4,4,1,4,0,1
2017-18,21700736,3,1610612760,6,9,7,4,2,2,0
2017-18,21700736,4,1610612755,2,5,4,2,0,1,0
2017-18,21700736,4,1610612760,5,6,4,2,3,2,0
2017-18,21700737,1,1610612758,0,0,0,0,0,0,0
2017-18,21700737,1,1610612759,4,2,2,1,2,0,1
2017-18,21700737,2,1610612758,5,4,4,2,3,0,0
2017-18,21700737,2,1610612759,7,6,3,3,3,3,1
2017-18,21700737,3,1610612758,4,3,2,1,3,1,0
2017-18,21700737,3,1610612759,2,2,2,1,1,0,0
2017-18,21700737,4,1610612758,3,4,4,2,1,0,0
2017-18,21700737,4,1610612759,6,7,5,2,4,2,0
2017-18,21700738,1,1610612754,2,2,2,1,1,0,0
2017-18,21700738,1,1610612766,3,1,0,1,2,1,0
2017-18,21700738,2,1610612754,2,4,4,2,0,0,0
2017-18,21700738,2,1610612766,4,6,4,3,1,2,0
2017-18,21700738,3,1610612754,4,4,2,2,1,2,1
2017-18,21700738,3,1610612766,6,9,8,3,3,1,0
2017-18,21700738,4,1610612754,4,1,1,1,3,0,0
2017-18,21700738,4,1610612766,4,4,1,2,2,3,0
2017-18,21700739,1,1610612737,2,2,2,1,1,0,0
2017-18,21700739,1,1610612750,4,7,6,4,0,1,0
2017-18,21700739,2,1610612737,4,2,2,0,4,0,0
2017-18,21700739,2,1610612750,6,5,5,3,3,0,0
2017-18,21700739,3,1610612737,3,4,4,2,0,0,1
2017-18,21700739,3,1610612750,2,3,2,1,1,1,0
2017-18,21700739,4,1610612737,5,8,6,2,3,2,0
2017-18,21700739,4,1610612750,5,3,2,2,3,1,0
2017-18,21700740,1,1610612756,4,7,4,3,1,3,0
2017-18,21700740,1,1610612763,5,6,5,2,3,1,0
2017-18,21700740,2,1610612756,6,10,8,4,2,2,0
2017-18,21700740,2,1610612763,5,6,5,4,1,1,0
2017-18,21700740,3,1610612756,6,6,4,3,2,2,1
2017-18,21700740,3,1610612763,1,2,2,1,0,0,0
2017-18,21700740,4,1610612756,9,13,10,7,2,3,0
2017-18,21700740,4,1610612763,5,4,3,1,3,1,1
2017-18,21700741,1,1610612749,8,8,7,3,5,1,0
2017-18,21700741,1,1610612755,4,6,6,3,1,0,0
2017-18,21700741,2,1610612749,5,8,7,2,3,1,0
2017-18,21700741,2,1610612755,6,9,9,2,4,0,0
2017-18,21700741,3,1610612749,1,2,2,1,0,0,0
2017-18,21700741,3,1610612755,4,5,5,3,1,0,0
2017-18,21700741,4,1610612749,2,4,4,2,0,0,0
2017-18,21700741,4,1610612755,4,3,1,2,2,2,0
2017-18,21700742,1,1610612742,1,2,2,1,0,0,0
2017-18,21700742,1,1610612748,4,1,0,1,3,1,0
2017-18,21700742,2,1610612742,6,4,4,0,6,0,0
2017-18,21700742,2,1610612748,6,7,7,3,2,0,1
2017-18,21700742,3,1610612742,4,0,0,0,4,0,0
2017-18,21700742,3,1610612748,3,1,0,1,2,1,0
2017-18,21700742,4,1610612742,7,10,8,2,4,2,1
2017-18,21700742,4,1610612748,8,10,8,1,7,2,0
2017-18,21700743,1,1610612738,5,3,3,1,3,0,1
2017-18,21700743,1,1610612743,4,4,3,2,1,1,1
2017-18,21700743,2,1610612738,3,3,1,1,1,2,1
2017-18,21700743,2,1610612743,6,6,5,2,2,1,1
2017-18,21700743,3,1610612738,3,2,2,1,2,0,0
2017-18,21700743,3,1610612743,5,4,4,3,2,0,0
2017-18,21700743,4,1610612738,2,2,2,1,1,0,0
2017-18,21700743,4,1610612743,5,7,4,2,3,3,0
2017-18,21700744,1,1610612760,5,6,4,3,2,2,0
2017-18,21700744,1,1610612764,3,4,3,2,1,1,0
2017-18,21700744,2,1610612760,7,11,9,5,1,2,1
2017-18,21700744,2,1610612764,6,8,8,3,2,0,1
2017-18,21700744,3,1610612760,10,13,10,3,7,3,0
2017-18,21700744,3,1610612764,6,7,6,2,2,1,1
2017-18,21700744,4,1610612760,4,4,4,2,2,0,0
2017-18,21700744,4,1610612764,6,10,10,2,4,0,0
2017-18,21700745,1,1610612751,1,0,0,0,1,0,0
2017-18,21700745,1,1610612752,3,5,5,3,0,0,0
2017-18,21700745,2,1610612751,3,3,3,2,1,0,0
2017-18,21700745,2,1610612752,8,10,9,4,4,1,0
2017-18,21700745,3,1610612751,3,6,4,3,0,2,0
2017-18,21700745,3,1610612752,3,3,2,1,1,1,1
2017-18,21700745,4,1610612751,5,7,7,5,0,0,0
2017-18,21700745,4,1610612752,5,7,4,4,0,3,1
2017-18,21700746,1,1610612750,5,7,5,3,2,2,0
2017-18,21700746,1,1610612761,1,2,1,1,0,1,0
2017-18,21700746,2,1610612750,4,4,3,2,1,1,1
2017-18,21700746,2,1610612761,6,7,6,3,3,1,0
2017-18,21700746,3,1610612750,4,6,4,3,0,2,0
2017-18,21700746,3,1610612761,2,4,3,2,0,1,0
2017-18,21700746,4,1610612750,5,7,3,3,2,4,0
2017-18,21700746,4,1610612761,7,13,12,4,3,1,0
2017-18,21700747,1,1610612739,3,3,2,2,1,1,0
2017-18,21700747,1,1610612765,4,4,3,2,2,1,0
2017-18,21700747,2,1610612739,8,13,9,4,4,4,0
2017-18,21700747,2,1610612765,4,5,3,3,1,2,0
2017-18,21700747,3,1610612739,7,5,3,2,5,2,0
2017-18,21700747,3,1610612765,5,8,4,5,0,4,0
2017-18,21700747,4,1610612739,6,11,11,5,0,0,1
2017-18,21700747,4,1610612765,8,11,8,4,3,3,1
2017-18,21700748,1,1610612745,6,6,6,3,3,0,0
2017-18,21700748,1,1610612753,0,0,0,0,0,0,0
2017-18,21700748,2,1610612745,5,5,3,3,2,2,0
2017-18,21700748,2,1610612753,4,5,3,2,2,2,0
2017-18,21700748,3,1610612745,5,10,9,5,0,1,0
2017-18,21700748,3,1610612753,3,2,2,1,2,0,0
2017-18,21700748,4,1610612745,6,7,5,3,3,2,0
2017-18,21700748,4,1610612753,4,3,3,2,2,0,0
2017-18,21700749,1,1610612740,6,6,5,1,4,1,0
2017-18,21700749,1,1610612758,2,2,2,1,0,0,0
2017-18,21700749,2,1610612740,4,4,1,2,1,3,1
2017-18,21700749,2,1610612758,6,6,5,4,2,1,0
2017-18,21700749,3,1610612740,4,6,5,3,1,1,0
2017-18,21700749,3,1610612758,5,3,2,2,1,1,1
2017-18,21700749,4,1610612740,5,6,5,2,3,1,0
2017-18,21700749,4,1610612758,4,3,3,2,2,0,0
2017-18,21700750,1,1610612743,1,0,0,0,1,0,0
2017-18,21700750,1,1610612759,2,1,1,1,1,0,0
2017-18,21700750,2,1610612743,4,3,3,2,2,0,0
2017-18,21700750,2,1610612759,4,2,2,1,3,0,0
2017-18,21700750,3,1610612743,4,9,9,4,0,0,0
2017-18,21700750,3,1610612759,3,2,2,1,2,0,0
2017-18,21700750,4,1610612743,4,2,2,0,4,0,0
2017-18,21700750,4,1610612759,3,0,0,0,2,0,1
2017-18,21700751,1,1610612744,6,7,6,2,4,1,0
2017-18,21700751,1,1610612762,4,4,3,2,2,1,0
2017-18,21700751,2,1610612744,4,2,1,1,3,1,0
2017-18,21700751,2,1610612762,2,2,1,1,1,1,0
2017-18,21700751,3,1610612744,7,8,7,2,4,1,1
2017-18,21700751,3,1610612762,5,6,3,2,2,3,1
2017-18,21700751,4,1610612744,5,4,2,1,4,2,0
2017-18,21700751,4,1610612762,4,2,2,1,3,0,0
2017-18,21700752,1,1610612746,5,8,8,4,1,0,0
2017-18,21700752,1,1610612757,3,2,2,1,1,0,1
2017-18,21700752,2,1610612746,3,6,3,3,0,3,0
2017-18,21700752,2,1610612757,5,6,5,2,3,1,0
2017-18,21700752,3,1610612746,5,1,0,1,3,1,1
2017-18,21700752,3,1610612757,7,11,9,6,1,2,0
2017-18,21700752,4,1610612746,6,11,9,5,1,2,0
2017-18,21700752,4,1610612757,2,3,3,1,1,0,0
2017-18,21700753,1,1610612754,6,10,9,3,3,1,0
2017-18,21700753,1,1610612763,2,4,4,2,0,0,0
2017-18,21700753,2,1610612754,5,5,1,2,3,4,0
2017-18,21700753,2,1610612763,1,0,0,0,1,0,0
2017-18,21700753,3,1610612754,4,4,2,2,2,2,0
2017-18,21700753,3,1610612763,5,6,5,2,3,1,0
2017-18,21700753,4,1610612754,6,12,9,3,3,3,0
2017-18,21700753,4,1610612763,4,5,2,3,1,3,0
2017-18,21700754,1,1610612747,4,4,2,2,2,2,0
2017-18,21700754,1,1610612753,7,12,8,5,1,4,1
2017-18,21700754,2,1610612747,4,8,7,4,0,1,0
2017-18,21700754,2,1610612753,3,5,5,3,0,0,0
2017-18,21700754,3,1610612747,8,13,10,5,3,3,0
2017-18,21700754,3,1610612753,4,8,6,3,0,2,1
2017-18,21700754,4,1610612747,4,5,4,3,1,1,0
2017-18,21700754,4,1610612753,4,4,2,2,2,2,0
2017-18,21700755,1,1610612737,3,2,2,1,2,0,0
2017-18,21700755,1,1610612766,4,5,5,3,1,0,0
2017-18,21700755,2,1610612737,5,4,4,1,4,0,0
2017-18,21700755,2,1610612766,2,5,4,1,1,1,0
2017-18,21700755,3,1610612737,6,6,5,3,3,1,0
2017-18,21700755,3,1610612766,4,4,3,2,2,1,0
2017-18,21700755,4,1610612737,6,10,9,5,0,1,1
2017-18,21700755,4,1610612766,5,4,2,3,2,2,0
2017-18,21700756,1,1610612751,4,5,5,1,3,0,0
2017-18,21700756,1,1610612755,7,10,10,3,4,0,0
2017-18,21700756,2,1610612751,5,7,7,4,1,0,0
2017-18,21700756,2,1610612755,6,9,7,4,2,2,0
2017-18,21700756,3,1610612751,3,5,3,3,0,2,0
2017-18,21700756,3,1610612755,5,7,5,2,2,2,1
2017-18,21700756,4,1610612751,6,11,10,4,2,1,0
2017-18,21700756,4,1610612755,6,8,7,3,3,1,0
2017-18,21700757,1,1610612739,3,6,6,3,0,0,0
2017-18,21700757,1,1610612748,3,4,2,2,1,2,0
2017-18,21700757,2,1610612739,7,15,11,6,1,4,0
2017-18,21700757,2,1610612748,10,16,11,5,3,5,2
2017-18,21700757,3,1610612739,6,8,5,4,2,3,0
2017-18,21700757,3,1610612748,4,5,1,3,1,4,0
2017-18,21700757,4,1610612739,6,9,7,3,3,2,0
2017-18,21700757,4,1610612748,1,0,0,0,1,0,0
2017-18,21700758,1,1610612738,1,0,0,0,1,0,0
2017-18,21700758,1,1610612752,4,4,4,2,2,0,0
2017-18,21700758,2,1610612738,9,14,8,6,3,6,0
2017-18,21700758,2,1610612752,4,2,2,1,3,0,0
2017-18,21700758,3,1610612738,5,4,3,1,1,1,3
2017-18,21700758,3,1610612752,7,10,6,5,1,4,0
2017-18,21700758,4,1610612738,1,2,1,1,0,1,0
2017-18,21700758,4,1610612752,5,5,2,2,3,3,0
2017-18,21700759,1,1610612741,5,5,3,3,1,2,1
2017-18,21700759,1,1610612757,5,4,4,2,2,0,1
2017-18,21700759,2,1610612741,4,7,4,3,1,3,0
2017-18,21700759,2,1610612757,2,0,0,0,2,0,0
2017-18,21700759,3,1610612741,4,4,3,2,2,1,0
2017-18,21700759,3,1610612757,6,11,10,4,2,1,0
2017-18,21700759,4,1610612741,4,6,3,3,1,3,0
2017-18,21700759,4,1610612757,3,5,3,2,1,2,0
2017-18,21700760,1,1610612742,3,2,2,1,2,0,0
2017-18,21700760,1,1610612756,3,2,1,1,2,1,0
2017-18,21700760,2,1610612742,6,5,2,3,2,3,1
2017-18,21700760,2,1610612756,3,4,3,3,0,1,0
2017-18,21700760,3,1610612742,9,14,6,6,3,8,0
2017-18,21700760,3,1610612756,6,4,3,2,3,1,1
2017-18,21700760,4,1610612742,6,5,4,2,3,1,1
2017-18,21700760,4,1610612756,5,5,4,2,1,1,2
2017-18,21700761,1,1610612763,2,1,1,0,2,0,0
2017-18,21700761,1,1610612765,6,8,7,3,3,1,0
2017-18,21700761,2,1610612763,3,3,3,2,1,0,0
2017-18,21700761,2,1610612765,6,12,6,6,0,6,0
2017-18,21700761,3,1610612763,5,3,3,2,3,0,0
2017-18,21700761,3,1610612765,7,8,7,4,3,1,0
2017-18,21700761,4,1610612763,6,7,7,2,4,0,0
2017-18,21700761,4,1610612765,5,9,7,2,3,2,0
2017-18,21700762,1,1610612761,3,4,3,3,0,1,0
2017-18,21700762,1,1610612764,2,2,2,1,1,0,0
2017-18,21700762,2,1610612761,3,1,1,1,2,0,0
2017-18,21700762,2,1610612764,7,10,9,4,3,1,0
2017-18,21700762,3,1610612761,6,9,9,3,3,0,0
2017-18,21700762,3,1610612764,5,2,2,1,4,0,0
2017-18,21700762,4,1610612761,8,10,6,4,1,4,1
2017-18,21700762,4,1610612764,9,12,11,1,8,1,0
2017-18,21700763,1,1610612749,2,2,2,1,1,0,0
2017-18,21700763,1,1610612750,3,5,3,2,1,2,0
2017-18,21700763,2,1610612749,2,2,2,1,0,0,1
2017-18,21700763,2,1610612750,7,8,8,4,3,0,0
2017-18,21700763,3,1610612749,2,5,4,2,0,1,0
2017-18,21700763,3,1610612750,3,1,1,0,2,0,0
2017-18,21700763,4,1610612749,9,16,11,8,1,5,0
2017-18,21700763,4,1610612750,6,6,5,3,2,1,1
2017-18,21700764,1,1610612745,1,0,0,0,0,0,1
2017-18,21700764,1,1610612759,2,2,0,1,1,2,0
2017-18,21700764,2,1610612745,5,10,8,4,1,2,0
2017-18,21700764,2,1610612759,2,2,2,1,1,0,0
2017-18,21700764,3,1610612745,5,6,5,2,2,1,1
2017-18,21700764,3,1610612759,8,12,12,6,2,0,0
2017-18,21700764,4,1610612745,1,1,1,1,0,0,0
2017-18,21700764,4,1610612759,4,1,1,1,3,0,0
2017-18,21700765,1,1610612743,0,0,0,0,0,0,0
2017-18,21700765,1,1610612760,2,4,3,2,0,1,0
2017-18,21700765,2,1610612743,5,5,3,3,2,2,0
2017-18,21700765,2,1610612760,4,1,0,1,2,1,1
2017-18,21700765,3,1610612743,6,6,5,1,4,1,1
2017-18,21700765,3,1610612760,4,6,5,3,1,1,0
2017-18,21700765,4,1610612743,5,6,4,2,3,2,0
2017-18,21700765,4,1610612760,4,6,5,3,1,1,0
2017-18,21700766,1,1610612754,6,11,10,5,1,1,0
2017-18,21700766,1,1610612766,2,4,4,2,0,0,0
2017-18,21700766,2,1610612754,3,4,4,2,0,0,1
2017-18,21700766,2,1610612766,7,9,6,4,3,3,0
2017-18,21700766,3,1610612754,3,2,1,2,1,1,0
2017-18,21700766,3,1610612766,6,8,8,3,2,0,1
2017-18,21700766,4,1610612754,7,11,11,5,2,0,0
2017-18,21700766,4,1610612766,8,13,12,3,5,1,0
2017-18,21700767,1,1610612737,4,11,10,4,0,1,0
2017-18,21700767,1,1610612738,2,3,3,1,1,0,0
2017-18,21700767,2,1610612737,2,2,2,1,1,0,0
2017-18,21700767,2,1610612738,3,2,1,1,2,1,0
2017-18,21700767,3,1610612737,7,10,8,4,2,2,1
2017-18,21700767,3,1610612738,7,11,10,4,3,1,0
2017-18,21700767,4,1610612737,6,11,11,4,2,0,0
2017-18,21700767,4,1610612738,5,4,4,2,3,0,0
2017-18,21700768,1,1610612747,4,6,5,3,1,1,0
2017-18,21700768,1,1610612751,8,14,9,6,2,5,0
2017-18,21700768,2,1610612747,7,9,7,5,2,2,0
2017-18,21700768,2,1610612751,2,2,2,1,1,0,0
2017-18,21700768,3,1610612747,3,1,0,1,2,1,0
2017-18,21700768,3,1610612751,2,3,2,2,0,1,0
2017-18,21700768,4,1610612747,4,4,2,1,3,2,0
2017-18,21700768,4,1610612751,3,4,3,2,1,1,0
2017-18,21700769,1,1610612757,5,6,4,2,3,2,0
2017-18,21700769,1,1610612761,5,10,9,5,0,1,0
2017-18,21700769,2,1610612757,4,5,5,3,1,0,0
2017-18,21700769,2,1610612761,2,4,4,2,0,0,0
2017-18,21700769,3,1610612757,6,8,7,4,1,1,1
2017-18,21700769,3,1610612761,5,5,4,3,0,1,2
2017-18,21700769,4,1610612757,8,14,8,5,2,6,1
2017-18,21700769,4,1610612761,1,2,2,1,0,0,0
2017-18,21700770,1,1610612748,3,4,4,2,1,0,0
2017-18,21700770,1,1610612755,5,4,4,2,2,0,1
2017-18,21700770,2,1610612748,4,2,2,1,3,0,0
2017-18,21700770,2,1610612755,2,2,2,1,1,0,0
2017-18,21700770,3,1610612748,5,6,2,3,2,4,0
2017-18,21700770,3,1610612755,3,5,4,2,1,1,0
2017-18,21700770,4,1610612748,9,14,9,3,5,5,1
2017-18,21700770,4,1610612755,5,4,1,1,4,3,0
2017-18,21700771,1,1610612749,3,7,5,3,0,2,0
2017-18,21700771,1,1610612752,5,5,3,3,2,2,0
2017-18,21700771,2,1610612749,7,11,7,4,2,4,0
2017-18,21700771,2,1610612752,6,4,4,1,4,0,1
2017-18,21700771,3,1610612749,4,0,0,0,4,0,0
2017-18,21700771,3,1610612752,2,2,2,1,1,0,0
2017-18,21700771,4,1610612749,4,8,7,4,0,1,0
2017-18,21700771,4,1610612752,7,6,4,1,5,2,0
2017-18,21700772,1,1610612740,1,1,0,1,0,1,0
2017-18,21700772,1,1610612760,5,5,5,2,2,0,1
2017-18,21700772,2,1610612740,6,5,4,1,3,1,2
2017-18,21700772,2,1610612760,3,5,4,2,1,1,0
2017-18,21700772,3,1610612740,4,4,3,2,2,1,0
2017-18,21700772,3,1610612760,7,7,7,2,4,0,1
2017-18,21700772,4,1610612740,5,3,2,0,5,1,0
2017-18,21700772,4,1610612760,5,3,1,1,2,2,2
2017-18,21700773,1,1610612756,2,2,2,1,1,0,0
2017-18,21700773,1,1610612762,3,1,1,1,2,0,0
2017-18,21700773,2,1610612756,4,2,1,1,3,1,0
2017-18,21700773,2,1610612762,5,2,2,2,3,0,0
2017-18,21700773,3,1610612756,7,7,7,3,3,0,1
2017-18,21700773,3,1610612762,8,7,4,2,5,3,1
2017-18,21700773,4,1610612756,8,8,6,4,3,2,1
2017-18,21700773,4,1610612762,6,7,5,4,2,2,0
2017-18,21700774,1,1610612744,2,0,0,0,2,0,0
2017-18,21700774,1,1610612758,3,2,0,0,3,2,0
2017-18,21700774,2,1610612744,5,6,6,2,3,0,0
2017-18,21700774,2,1610612758,5,5,4,2,2,1,0
2017-18,21700774,3,1610612744,1,2,2,1,0,0,0
2017-18,21700774,3,1610612758,5,5,3,3,2,2,0
2017-18,21700774,4,1610612744,6,8,6,3,3,2,0
2017-18,21700774,4,1610612758,4,3,3,2,2,0,0
2017-18,21700775,1,1610612741,4,3,3,2,2,0,0
2017-18,21700775,1,1610612746,2,0,0,0,2,0,0
2017-18,21700775,2,1610612741,2,2,2,1,0,0,1
2017-18,21700775,2,1610612746,6,10,10,3,3,0,0
2017-18,21700775,3,1610612741,6,12,12,6,0,0,0
2017-18,21700775,3,1610612746,4,6,5,3,1,1,0
2017-18,21700775,4,1610612741,5,4,4,1,2,0,2
2017-18,21700775,4,1610612746,7,12,9,3,4,3,0
2017-18,21700776,1,1610612748,5,3,1,2,3,2,0
2017-18,21700776,1,1610612765,4,6,4,3,1,2,0
2017-18,21700776,2,1610612748,3,2,2,1,2,0,0
2017-18,21700776,2,1610612765,3,5,5,2,1,0,0
2017-18,21700776,3,1610612748,1,1,1,1,0,0,0
2017-18,21700776,3,1610612765,3,2,2,1,2,0,0
2017-18,21700776,4,1610612748,2,1,1,1,1,0,0
2017-18,21700776,4,1610612765,4,4,3,3,1,1,0
2017-18,21700777,1,1610612754,5,6,6,2,2,0,1
2017-18,21700777,1,1610612755,5,6,2,3,2,4,0
2017-18,21700777,2,1610612754,6,10,7,4,0,3,1
2017-18,21700777,2,1610612755,5,7,6,3,1,1,1
2017-18,21700777,3,1610612754,5,5,4,2,2,1,1
2017-18,21700777,3,1610612755,4,6,4,3,0,2,1
2017-18,21700777,4,1610612754,4,4,4,2,2,0,0
2017-18,21700777,4,1610612755,5,5,4,2,3,1,0
2017-18,21700778,1,1610612753,3,2,2,1,2,0,0
2017-18,21700778,1,1610612764,3,4,3,2,1,1,0
2017-18,21700778,2,1610612753,3,2,2,1,2,0,0
2017-18,21700778,2,1610612764,3,4,4,2,1,0,0
2017-18,21700778,3,1610612753,4,7,7,3,1,0,0
2017-18,21700778,3,1610612764,3,6,5,2,0,1,1
2017-18,21700778,4,1610612753,7,11,9,4,3,2,0
2017-18,21700778,4,1610612764,4,4,4,2,2,0,0
2017-18,21700779,1,1610612739,4,2,2,1,3,0,0
2017-18,21700779,1,1610612745,2,3,3,2,0,0,0
2017-18,21700779,2,1610612739,3,2,2,1,1,0,1
2017-18,21700779,2,1610612745,2,1,0,1,1,1,0
2017-18,21700779,3,1610612739,7,8,6,4,3,2,0
2017-18,21700779,3,1610612745,5,6,5,3,1,1,1
2017-18,21700779,4,1610612739,3,4,2,2,1,2,0
2017-18,21700779,4,1610612745,5,6,5,3,1,1,1
2017-18,21700780,1,1610612740,2,2,2,1,1,0,0
2017-18,21700780,1,1610612750,5,8,5,4,1,3,0
2017-18,21700780,2,1610612740,6,7,6,3,3,1,0
2017-18,21700780,2,1610612750,2,3,3,2,0,0,0
2017-18,21700780,3,1610612740,2,3,3,2,0,0,0
2017-18,21700780,3,1610612750,2,1,1,1,1,0,0
2017-18,21700780,4,1610612740,3,5,4,3,0,1,0
2017-18,21700780,4,1610612750,2,4,3,2,0,1,0
2017-18,21700781,1,1610612759,4,2,1,1,3,1,0
2017-18,21700781,1,1610612762,5,6,4,3,2,2,0
2017-18,21700781,2,1610612759,3,2,1,1,2,1,0
2017-18,21700781,2,1610612762,6,9,6,5,1,3,0
2017-18,21700781,3,1610612759,4,4,3,2,1,1,1
2017-18,21700781,3,1610612762,8,10,10,3,3,0,2
2017-18,21700781,4,1610612759,7,10,8,5,2,2,0
2017-18,21700781,4,1610612762,8,11,10,2,6,1,0
2017-18,21700782,1,1610612743,5,3,3,0,4,0,1
2017-18,21700782,1,1610612744,1,2,2,1,0,0,0
2017-18,21700782,2,1610612743,4,6,5,3,1,1,0
2017-18,21700782,2,1610612744,4,5,2,3,0,3,1
2017-18,21700782,3,1610612743,4,6,3,3,1,3,0
2017-18,21700782,3,1610612744,6,9,7,4,2,2,0
2017-18,21700782,4,1610612743,8,14,14,3,4,0,1
2017-18,21700782,4,1610612744,4,7,3,3,1,4,0
2017-18,21700783,1,1610612742,2,2,2,1,1,0,0
2017-18,21700783,1,1610612758,0,0,0,0,0,0,0
2017-18,21700783,2,1610612742,4,0,0,0,3,0,1
2017-18,21700783,2,1610612758,3,2,2,0,3,0,0
2017-18,21700783,3,1610612742,7,4,4,2,3,0,2
2017-18,21700783,3,1610612758,4,0,0,0,4,0,0
2017-18,21700783,4,1610612742,6,8,5,2,4,3,0
2017-18,21700783,4,1610612758,5,4,3,1,4,1,0
2017-18,21700784,1,1610612738,2,3,1,1,1,2,0
2017-18,21700784,1,1610612757,3,3,3,2,1,0,0
2017-18,21700784,2,1610612738,3,4,3,2,1,1,0
2017-18,21700784,2,1610612757,2,2,1,1,1,1,0
2017-18,21700784,3,1610612738,6,10,8,4,2,2,0
2017-18,21700784,3,1610612757,5,6,5,3,2,1,0
2017-18,21700784,4,1610612738,4,0,0,0,4,0,0
2017-18,21700784,4,1610612757,3,3,2,2,1,1,0
2017-18,21700785,1,1610612749,7,11,10,5,2,1,0
2017-18,21700785,1,1610612751,4,4,3,3,1,1,0
2017-18,21700785,2,1610612749,2,0,0,0,2,0,0
2017-18,21700785,2,1610612751,3,2,1,1,2,1,0
2017-18,21700785,3,1610612749,6,7,4,1,4,3,1
2017-18,21700785,3,1610612751,5,7,6,3,2,1,0
2017-18,21700785,4,1610612749,4,3,3,1,3,0,0
2017-18,21700785,4,1610612751,3,1,1,1,1,0,1
2017-18,21700786,1,1610612737,2,1,1,1,1,0,0
2017-18,21700786,1,1610612752,0,0,0,0,0,0,0
2017-18,21700786,2,1610612737,5,6,5,2,2,1,1
2017-18,21700786,2,1610612752,3,3,3,1,1,0,0
2017-18,21700786,3,1610612737,2,2,2,1,1,0,0
2017-18,21700786,3,1610612752,3,3,2,2,1,1,0
2017-18,21700786,4,1610612737,7,10,6,3,3,4,1
2017-18,21700786,4,1610612752,5,9,4,4,1,5,0
2017-18,21700787,1,1610612761,6,3,2,2,4,1,0
2017-18,21700787,1,1610612763,2,1,1,1,1,0,0
2017-18,21700787,2,1610612761,5,4,3,2,3,1,0
2017-18,21700787,2,1610612763,6,9,6,2,3,3,1
2017-18,21700787,3,1610612761,6,4,4,1,3,0,2
2017-18,21700787,3,1610612763,6,7,7,3,2,0,1
2017-18,21700787,4,1610612761,5,4,4,2,3,0,0
2017-18,21700787,4,1610612763,6,6,6,1,5,0,0
2017-18,21700788,1,1610612747,2,4,3,2,0,1,0
2017-18,21700788,1,1610612760,5,7,4,2,3,3,0
2017-18,21700788,2,1610612747,4,0,0,0,4,0,0
2017-18,21700788,2,1610612760,5,8,5,3,2,3,0
2017-18,21700788,3,1610612747,3,8,5,3,0,3,0
2017-18,21700788,3,1610612760,4,4,3,3,1,1,0
2017-18,21700788,4,1610612747,5,6,3,1,4,3,0
2017-18,21700788,4,1610612760,5,6,5,2,1,1,2
2017-18,21700789,1,1610612756,3,0,0,0,3,0,0
2017-18,21700789,1,1610612766,3,4,3,2,1,1,0
2017-18,21700789,2,1610612756,6,5,5,3,3,0,0
2017-18,21700789,2,1610612766,7,9,8,2,3,1,2
2017-18,21700789,3,1610612756,3,7,7,3,0,0,0
2017-18,21700789,3,1610612766,7,13,11,6,0,2,0
2017-18,21700789,4,1610612756,4,1,1,1,2,0,1
2017-18,21700789,4,1610612766,4,3,3,2,1,0,1
2017-18,21700790,1,1610612757,1,0,0,0,1,0,0
2017-18,21700790,1,1610612765,3,2,2,1,2,0,0
2017-18,21700790,2,1610612757,3,2,2,1,1,0,1
2017-18,21700790,2,1610612765,1,0,0,0,1,0,0
2017-18,21700790,3,1610612757,4,3,3,2,2,0,0
2017-18,21700790,3,1610612765,6,6,3,2,3,3,1
2017-18,21700790,4,1610612757,4,3,2,2,1,1,1
2017-18,21700790,4,1610612765,3,4,3,2,1,1,0
2017-18,21700791,1,1610612754,3,4,4,2,1,0,0
2017-18,21700791,1,1610612764,4,3,3,2,2,0,0
2017-18,21700791,2,1610612754,5,4,2,2,2,2,1
2017-18,21700791,2,1610612764,5,6,4,2,3,2,0
2017-18,21700791,3,1610612754,6,6,3,3,3,3,0
2017-18,21700791,3,1610612764,2,4,3,2,0,1,0
2017-18,21700791,4,1610612754,8,11,7,6,2,4,0
2017-18,21700791,4,1610612764,4,4,4,3,1,0,0
2017-18,21700792,1,1610612748,8,14,11,7,1,3,0
2017-18,21700792,1,1610612753,5,6,5,4,1,1,0
2017-18,21700792,2,1610612748,7,14,9,6,1,5,0
2017-18,21700792,2,1610612753,4,5,5,2,2,0,0
2017-18,21700792,3,1610612748,4,2,2,2,1,0,1
2017-18,21700792,3,1610612753,6,8,6,4,2,2,0
2017-18,21700792,4,1610612748,4,5,4,4,0,1,0
2017-18,21700792,4,1610612753,2,0,0,0,2,0,0
2017-18,21700793,1,1610612740,3,2,1,1,1,1,1
2017-18,21700793,1,1610612762,3,5,4,3,0,1,0
2017-18,21700793,2,1610612740,5,6,5,3,1,1,1
2017-18,21700793,2,1610612762,3,2,2,1,2,0,0
2017-18,21700793,3,1610612740,6,5,1,3,1,4,2
2017-18,21700793,3,1610612762,2,4,3,2,0,1,0
2017-18,21700793,4,1610612740,3,0,0,0,3,0,0
2017-18,21700793,4,1610612762,6,6,6,1,5,0,0
2017-18,21700794,1,1610612743,2,1,1,1,1,0,0
2017-18,21700794,1,1610612766,4,7,4,3,1,3,0
2017-18,21700794,2,1610612743,5,3,3,2,3,0,0
2017-18,21700794,2,1610612766,3,5,4,2,1,1,0
2017-18,21700794,3,1610612743,4,3,3,2,2,0,0
2017-18,21700794,3,1610612766,5,8,3,4,1,5,0
2017-18,21700794,4,1610612743,5,6,4,3,2,2,0
2017-18,21700794,4,1610612766,3,4,4,1,1,0,0
2017-18,21700795,1,1610612741,5,10,8,5,0,2,0
2017-18,21700795,1,1610612758,2,0,0,0,2,0,0
2017-18,21700795,2,1610612741,5,7,6,4,1,1,0
2017-18,21700795,2,1610612758,7,10,8,2,4,2,1
2017-18,21700795,3,1610612741,4,5,4,2,2,1,0
2017-18,21700795,3,1610612758,6,8,7,4,1,1,1
2017-18,21700795,4,1610612741,1,2,2,1,0,0,0
2017-18,21700795,4,1610612758,5,7,4,2,2,3,1
2017-18,21700796,1,1610612742,2,5,5,2,0,0,0
2017-18,21700796,1,1610612746,3,0,0,0,2,0,1
2017-18,21700796,2,1610612742,6,9,8,4,2,1,0
2017-18,21700796,2,1610612746,4,0,0,0,4,0,0
2017-18,21700796,3,1610612742,4,2,2,1,2,0,1
2017-18,21700796,3,1610612746,6,4,2,1,3,2,1
2017-18,21700796,4,1610612742,3,4,3,2,1,1,0
2017-18,21700796,4,1610612746,6,8,8,3,3,0,0
2017-18,21700797,1,1610612739,5,10,8,5,0,2,0
2017-18,21700797,1,1610612753,4,3,1,1,2,2,1
2017-18,21700797,2,1610612739,3,4,4,2,1,0,0
2017-18,21700797,2,1610612753,5,5,1,3,2,4,0
2017-18,21700797,3,1610612739,4,4,1,2,2,3,0
2017-18,21700797,3,1610612753,8,12,10,4,3,2,1
2017-18,21700797,4,1610612739,4,2,1,1,3,1,0
2017-18,21700797,4,1610612753,5,7,6,4,1,1,0
2017-18,21700798,1,1610612738,2,0,0,0,1,0,1
2017-18,21700798,1,1610612761,3,2,1,1,2,1,0
2017-18,21700798,2,1610612738,1,2,2,1,0,0,0
2017-18,21700798,2,1610612761,4,5,5,2,2,0,0
2017-18,21700798,3,1610612738,7,9,7,2,5,2,0
2017-18,21700798,3,1610612761,6,5,3,1,5,2,0
2017-18,21700798,4,1610612738,7,9,6,4,2,3,1
2017-18,21700798,4,1610612761,5,5,5,1,3,0,1
2017-18,21700799,1,1610612737,4,4,4,2,2,0,0
2017-18,21700799,1,1610612763,4,3,3,2,1,0,1
2017-18,21700799,2,1610612737,5,4,2,2,3,2,0
2017-18,21700799,2,1610612763,2,3,2,1,0,1,0
2017-18,21700799,3,1610612737,5,7,6,2,1,1,2
2017-18,21700799,3,1610612763,5,5,3,3,2,2,0
2017-18,21700799,4,1610612737,6,6,4,3,3,2,0
2017-18,21700799,4,1610612763,3,2,2,1,1,0,1
2017-18,21700800,1,1610612745,3,5,5,3,0,0,0
2017-18,21700800,1,1610612751,3,7,6,3,0,1,0
2017-18,21700800,2,1610612745,1,0,0,0,1,0,0
2017-18,21700800,2,1610612751,4,2,2,1,3,0,0
2017-18,21700800,3,1610612745,5,5,5,2,3,0,0
2017-18,21700800,3,1610612751,4,7,7,4,0,0,0
2017-18,21700800,4,1610612745,7,11,7,4,2,4,0
2017-18,21700800,4,1610612751,3,1,0,1,2,1,0
2017-18,21700801,1,1610612749,3,5,5,3,0,0,0
2017-18,21700801,1,1610612752,5,9,5,5,0,4,0
2017-18,21700801,2,1610612749,5,6,4,3,2,2,0
2017-18,21700801,2,1610612752,2,0,0,0,2,0,0
2017-18,21700801,3,1610612749,4,7,4,3,1,3,0
2017-18,21700801,3,1610612752,3,4,4,2,1,0,0
2017-18,21700801,4,1610612749,6,9,8,3,3,1,0
2017-18,21700801,4,1610612752,3,2,1,2,0,1,1
2017-18,21700802,1,1610612755,3,1,0,1,2,1,0
2017-18,21700802,1,1610612764,4,5,3,2,2,2,0
2017-18,21700802,2,1610612755,4,4,4,2,2,0,0
2017-18,21700802,2,1610612764,2,2,2,1,0,0,1
2017-18,21700802,3,1610612755,4,3,3,2,2,0,0
2017-18,21700802,3,1610612764,1,2,2,1,0,0,0
2017-18,21700802,4,1610612755,7,6,4,3,4,2,0
2017-18,21700802,4,1610612764,7,9,6,4,2,3,1
2017-18,21700803,1,1610612744,5,5,5,2,2,0,1
2017-18,21700803,1,1610612760,4,3,2,3,1,1,0
2017-18,21700803,2,1610612744,7,10,8,4,2,2,1
2017-18,21700803,2,1610612760,4,9,6,4,0,3,0
2017-18,21700803,3,1610612744,8,11,6,4,4,5,0
2017-18,21700803,3,1610612760,8,13,9,5,3,4,0
2017-18,21700803,4,1610612744,5,5,4,3,2,1,0
2017-18,21700803,4,1610612760,4,8,8,2,2,0,0
2017-18,21700804,1,1610612747,4,6,5,2,0,1,2
2017-18,21700804,1,1610612756,4,4,3,2,2,1,0
2017-18,21700804,2,1610612747,2,4,4,2,0,0,0
2017-18,21700804,2,1610612756,2,5,3,2,0,2,0
2017-18,21700804,3,1610612747,7,10,9,5,2,1,0
2017-18,21700804,3,1610612756,5,6,5,3,2,1,0
2017-18,21700804,4,1610612747,4,6,5,3,1,1,0
2017-18,21700804,4,1610612756,6,8,2,3,3,6,0
2017-18,21700805,1,1610612751,1,3,3,1,0,0,0
2017-18,21700805,1,1610612765,4,6,4,3,0,2,1
2017-18,21700805,2,1610612751,2,1,1,1,1,0,0
2017-18,21700805,2,1610612765,3,6,6,2,1,0,0
2017-18,21700805,3,1610612751,5,5,5,2,2,0,1
2017-18,21700805,3,1610612765,3,4,3,2,1,1,0
2017-18,21700805,4,1610612751,4,3,2,3,1,1,0
2017-18,21700805,4,1610612765,6,9,5,2,4,4,0
2017-18,21700806,1,1610612745,5,11,9,5,0,2,0
2017-18,21700806,1,1610612748,4,2,1,1,3,1,0
2017-18,21700806,2,1610612745,2,5,4,2,0,1,0
2017-18,21700806,2,1610612748,6,6,5,4,1,1,1
2017-18,21700806,3,1610612745,5,6,4,2,3,2,0
2017-18,21700806,3,1610612748,5,3,3,1,4,0,0
2017-18,21700806,4,1610612745,4,4,4,2,2,0,0
2017-18,21700806,4,1610612748,1,1,1,1,0,0,0
2017-18,21700807,1,1610612739,3,4,1,2,1,3,0
2017-18,21700807,1,1610612750,3,0,0,0,3,0,0
2017-18,21700807,2,1610612739,6,9,5,4,1,4,1
2017-18,21700807,2,1610612750,5,7,7,4,1,0,0
2017-18,21700807,3,1610612739,3,4,3,1,1,1,0
2017-18,21700807,3,1610612750,4,3,3,2,2,0,0
2017-18,21700807,4,1610612739,5,6,6,3,2,0,0
2017-18,21700807,4,1610612750,3,2,1,1,2,1,0
2017-18,21700808,1,1610612762,5,6,6,3,2,0,0
2017-18,21700808,1,1610612763,2,0,0,0,2,0,0
2017-18,21700808,2,1610612762,4,6,5,3,1,1,0
2017-18,21700808,2,1610612763,6,7,6,4,2,1,0
2017-18,21700808,3,1610612762,5,4,3,2,3,1,0
2017-18,21700808,3,1610612763,2,5,3,2,0,2,0
2017-18,21700808,4,1610612762,9,17,14,3,6,3,0
2017-18,21700808,4,1610612763,3,4,3,2,1,1,0
2017-18,21700809,1,1610612740,2,2,2,1,1,0,0
2017-18,21700809,1,1610612754,4,6,6,3,1,0,0
2017-18,21700809,2,1610612740,7,9,8,3,4,1,0
2017-18,21700809,2,1610612754,3,6,5,3,0,1,0
2017-18,21700809,3,1610612740,3,4,4,2,1,0,0
2017-18,21700809,3,1610612754,3,2,2,1,1,0,1
2017-18,21700809,4,1610612740,5,9,6,1,4,3,0
2017-18,21700809,4,1610612754,5,4,4,2,3,0,0
2017-18,21700810,1,1610612756,2,2,1,1,0,1,1
2017-18,21700810,1,1610612759,1,0,0,0,1,0,0
2017-18,21700810,2,1610612756,5,2,2,1,4,0,0
2017-18,21700810,2,1610612759,7,8,5,6,1,3,0
2017-18,21700810,3,1610612756,5,6,5,4,1,1,0
2017-18,21700810,3,1610612759,7,9,8,4,3,1,0
2017-18,21700810,4,1610612756,5,8,4,4,1,4,0
2017-18,21700810,4,1610612759,5,10,8,4,1,2,0
2017-18,21700811,1,1610612737,4,2,2,1,3,0,0
2017-18,21700811,1,1610612753,6,10,9,5,1,1,0
2017-18,21700811,2,1610612737,7,9,6,5,1,3,1
2017-18,21700811,2,1610612753,3,1,1,1,2,0,0
2017-18,21700811,3,1610612737,4,3,2,2,2,1,0
2017-18,21700811,3,1610612753,4,3,2,2,2,1,0
2017-18,21700811,4,1610612737,5,4,2,2,2,2,1
2017-18,21700811,4,1610612753,7,8,7,2,2,1,3
2017-18,21700812,1,1610612752,4,0,0,0,4,0,0
2017-18,21700812,1,1610612761,5,7,5,3,2,2,0
2017-18,21700812,2,1610612752,4,6,6,3,1,0,0
2017-18,21700812,2,1610612761,4,4,3,3,0,1,1
2017-18,21700812,3,1610612752,6,8,6,1,3,2,2
2017-18,21700812,3,1610612761,4,3,3,2,2,0,0
2017-18,21700812,4,1610612752,3,4,3,2,1,1,0
2017-18,21700812,4,1610612761,2,0,0,0,2,0,0
2017-18,21700813,1,1610612738,3,4,3,2,0,1,0
2017-18,21700813,1,1610612764,3,4,3,2,1,1,0
2017-18,21700813,2,1610612738,6,7,4,3,2,3,1
2017-18,21700813,2,1610612764,5,5,3,2,1,2,1
2017-18,21700813,3,1610612738,3,0,0,0,2,0,1
2017-18,21700813,3,1610612764,2,3,3,1,1,0,0
2017-18,21700813,4,1610612738,8,16,11,6,2,5,0
2017-18,21700813,4,1610612764,4,5,5,1,3,0,0
2017-18,21700814,1,1610612757,2,4,3,2,0,1,0
2017-18,21700814,1,1610612766,3,1,1,1,2,0,0
2017-18,21700814,2,1610612757,5,4,4,2,3,0,0
2017-18,21700814,2,1610612766,4,2,2,1,1,0,2
2017-18,21700814,3,1610612757,3,4,4,3,0,0,0
2017-18,21700814,3,1610612766,3,2,2,1,2,0,0
2017-18,21700814,4,1610612757,4,5,4,3,1,1,0
2017-18,21700814,4,1610612766,7,12,9,6,0,3,1
2017-18,21700815,1,1610612742,4,3,2,2,1,1,1
2017-18,21700815,1,1610612744,6,8,5,2,4,3,0
2017-18,21700815,2,1610612742,6,7,7,2,3,0,1
2017-18,21700815,2,1610612744,2,5,5,2,0,0,0
2017-18,21700815,3,1610612742,4,3,3,2,1,0,1
2017-18,21700815,3,1610612744,2,3,3,2,0,0,0
2017-18,21700815,4,1610612742,4,4,2,2,2,2,0
2017-18,21700815,4,1610612744,6,4,4,2,3,0,1
2017-18,21700816,1,1610612747,2,4,4,2,0,0,0
2017-18,21700816,1,1610612760,2,2,1,1,1,1,0
2017-18,21700816,2,1610612747,2,2,2,1,1,0,0
2017-18,21700816,2,1610612760,7,7,4,2,3,3,2
2017-18,21700816,3,1610612747,3,4,3,2,1,1,0
2017-18,21700816,3,1610612760,4,6,1,3,1,5,0
2017-18,21700816,4,1610612747,4,3,3,2,2,0,0
2017-18,21700816,4,1610612760,5,4,3,2,3,1,0
2017-18,21700817,1,1610612746,7,7,6,2,5,1,0
2017-18,21700817,1,1610612765,4,3,3,2,1,0,0
2017-18,21700817,2,1610612746,1,0,0,0,1,0,0
2017-18,21700817,2,1610612765,2,2,1,1,1,1,0
2017-18,21700817,3,1610612746,2,3,3,1,0,0,1
2017-18,21700817,3,1610612765,5,7,5,4,1,2,0
2017-18,21700817,4,1610612746,5,5,5,2,3,0,0
2017-18,21700817,4,1610612765,5,5,4,1,4,1,0
2017-18,21700818,1,1610612740,3,6,4,3,0,2,0
2017-18,21700818,1,1610612755,2,2,2,1,1,0,0
2017-18,21700818,2,1610612740,4,4,0,2,2,4,0
2017-18,21700818,2,1610612755,5,2,2,0,4,0,1
2017-18,21700818,3,1610612740,3,2,1,1,2,1,0
2017-18,21700818,3,1610612755,4,4,4,2,2,0,0
2017-18,21700818,4,1610612740,4,4,3,2,0,1,2
2017-18,21700818,4,1610612755,1,1,0,1,0,1,0
2017-18,21700819,1,1610612737,4,5,5,3,1,0,0
2017-18,21700819,1,1610612739,4,7,5,3,1,2,0
2017-18,21700819,2,1610612737,3,5,4,3,0,1,0
2017-18,21700819,2,1610612739,7,11,7,5,1,4,1
2017-18,21700819,3,1610612737,3,4,4,2,1,0,0
2017-18,21700819,3,1610612739,3,6,4,3,0,2,0
2017-18,21700819,4,1610612737,4,5,4,3,1,1,0
2017-18,21700819,4,1610612739,2,0,0,0,2,0,0
2017-18,21700820,1,1610612738,4,4,4,1,2,0,1
2017-18,21700820,1,1610612754,5,4,4,2,2,0,1
2017-18,21700820,2,1610612738,4,5,5,2,1,0,1
2017-18,21700820,2,1610612754,6,6,5,2,3,1,1
2017-18,21700820,3,1610612738,6,6,3,4,2,3,0
2017-18,21700820,3,1610612754,3,5,4,2,1,1,0
2017-18,21700820,4,1610612738,4,5,4,3,1,1,0
2017-18,21700820,4,1610612754,5,7,5,1,4,2,0
2017-18,21700821,1,1610612748,2,3,3,1,1,0,0
2017-18,21700821,1,1610612749,4,4,4,1,2,0,0
2017-18,21700821,2,1610612748,4,4,4,2,2,0,0
2017-18,21700821,2,1610612749,3,5,5,3,0,0,0
2017-18,21700821,3,1610612748,6,6,6,2,3,0,1
2017-18,21700821,3,1610612749,4,0,0,0,3,0,1
2017-18,21700821,4,1610612748,6,5,4,1,4,1,0
2017-18,21700821,4,1610612749,7,8,6,4,3,2,0
2017-18,21700822,1,1610612741,3,1,1,1,1,0,1
2017-18,21700822,1,1610612750,3,2,2,1,2,0,0
2017-18,21700822,2,1610612741,5,6,5,2,3,1,0
2017-18,21700822,2,1610612750,4,7,6,3,0,1,1
2017-18,21700822,3,1610612741,6,11,7,4,2,4,0
2017-18,21700822,3,1610612750,3,5,1,3,0,4,0
2017-18,21700822,4,1610612741,7,12,10,5,2,2,0
2017-18,21700822,4,1610612750,9,14,14,5,4,0,0
2017-18,21700823,1,1610612743,3,3,1,2,1,2,0
2017-18,21700823,1,1610612745,4,6,4,3,1,2,0
2017-18,21700823,2,1610612743,4,4,4,2,2,0,0
2017-18,21700823,2,1610612745,6,10,7,5,0,3,1
2017-18,21700823,3,1610612743,3,6,4,3,0,2,0
2017-18,21700823,3,1610612745,7,13,9,6,1,4,0
2017-18,21700823,4,1610612743,5,8,8,4,1,0,0
2017-18,21700823,4,1610612745,2,5,5,2,0,0,0
2017-18,21700824,1,1610612762,2,0,0,0,1,0,1
2017-18,21700824,1,1610612766,3,4,2,2,1,2,0
2017-18,21700824,2,1610612762,6,5,2,2,3,3,1
2017-18,21700824,2,1610612766,5,7,7,3,2,0,0
2017-18,21700824,3,1610612762,3,4,4,2,1,0,0
2017-18,21700824,3,1610612766,4,5,3,3,1,2,0
2017-18,21700824,4,1610612762,7,8,8,5,2,0,0
2017-18,21700824,4,1610612766,5,3,3,2,2,0,1
2017-18,21700825,1,1610612757,3,5,5,2,1,0,0
2017-18,21700825,1,1610612758,3,2,1,2,1,1,0
2017-18,21700825,2,1610612757,5,6,5,2,3,1,0
2017-18,21700825,2,1610612758,3,4,3,2,1,1,0
2017-18,21700825,3,1610612757,5,3,3,1,3,0,1
2017-18,21700825,3,1610612758,6,8,7,4,1,1,1
2017-18,21700825,4,1610612757,4,4,4,3,1,0,0
2017-18,21700825,4,1610612758,8,7,4,4,2,3,2
2017-18,21700826,1,1610612740,3,2,2,1,1,0,1
2017-18,21700826,1,1610612751,1,0,0,0,1,0,0
2017-18,21700826,2,1610612740,6,6,4,3,3,2,0
2017-18,21700826,2,1610612751,5,9,8,3,2,1,0
2017-18,21700826,3,1610612740,5,8,4,5,0,4,0
2017-18,21700826,3,1610612751,2,2,2,1,1,0,0
2017-18,21700826,4,1610612740,6,10,5,3,2,5,1
2017-18,21700826,4,1610612751,6,9,9,4,2,0,0
2017-18,21700827,1,1610612749,3,2,2,1,2,0,0
2017-18,21700827,1,1610612753,2,4,4,2,0,0,0
2017-18,21700827,2,1610612749,5,8,5,4,1,3,0
2017-18,21700827,2,1610612753,6,10,7,4,2,3,0
2017-18,21700827,3,1610612749,2,5,4,2,0,1,0
2017-18,21700827,3,1610612753,4,8,8,3,0,0,1
2017-18,21700827,4,1610612749,4,5,5,1,3,0,0
2017-18,21700827,4,1610612753,3,4,3,2,1,1,0
2017-18,21700828,1,1610612746,2,2,0,1,1,2,0
2017-18,21700828,1,1610612755,5,3,3,2,3,0,0
2017-18,21700828,2,1610612746,4,4,2,3,1,2,0
2017-18,21700828,2,1610612755,2,3,2,2,0,1,0
2017-18,21700828,3,1610612746,6,9,6,5,1,3,0
2017-18,21700828,3,1610612755,5,5,3,2,3,2,0
2017-18,21700828,4,1610612746,6,8,6,4,2,2,0
2017-18,21700828,4,1610612755,4,6,5,2,2,1,0
2017-18,21700829,1,1610612741,2,4,4,2,0,0,0
2017-18,21700829,1,1610612764,2,2,2,1,1,0,0
2017-18,21700829,2,1610612741,6,6,3,1,5,3,0
2017-18,21700829,2,1610612764,3,5,4,3,0,1,0
2017-18,21700829,3,1610612741,5,5,5,2,3,0,0
2017-18,21700829,3,1610612764,5,4,4,3,1,0,0
2017-18,21700829,4,1610612741,3,1,1,1,2,0,0
2017-18,21700829,4,1610612764,5,3,2,1,3,1,0
2017-18,21700830,1,1610612742,2,3,3,1,1,0,0
2017-18,21700830,1,1610612747,5,5,4,2,2,1,1
2017-18,21700830,2,1610612742,7,8,6,2,5,2,0
2017-18,21700830,2,1610612747,5,3,3,1,3,0,1
2017-18,21700830,3,1610612742,6,6,6,3,2,0,1
2017-18,21700830,3,1610612747,6,9,5,3,3,4,0
2017-18,21700830,4,1610612742,7,10,7,2,4,3,0
2017-18,21700830,4,1610612747,5,5,3,2,2,2,1
2017-18,21700831,1,1610612744,5,4,4,1,4,0,0
2017-18,21700831,1,1610612759,3,4,4,3,0,0,0
2017-18,21700831,2,1610612744,2,2,2,1,1,0,0
2017-18,21700831,2,1610612759,4,6,2,3,1,4,0
2017-18,21700831,3,1610612744,4,8,7,4,0,1,0
2017-18,21700831,3,1610612759,2,0,0,0,2,0,0
2017-18,21700831,4,1610612744,1,1,1,1,0,0,0
2017-18,21700831,4,1610612759,7,9,8,5,2,1,0
2017-18,21700832,1,1610612743,5,4,4,1,3,0,1
2017-18,21700832,1,1610612756,4,6,3,3,1,3,0
2017-18,21700832,2,1610612743,8,12,10,6,2,2,0
2017-18,21700832,2,1610612756,6,7,3,4,2,4,0
2017-18,21700832,3,1610612743,5,3,3,1,4,0,0
2017-18,21700832,3,1610612756,5,6,4,3,1,2,1
2017-18,21700832,4,1610612743,4,3,3,2,2,0,0
2017-18,21700832,4,1610612756,6,6,4,2,3,2,1
2017-18,21700833,1,1610612761,4,2,1,1,2,1,1
2017-18,21700833,1,1610612766,4,1,1,1,3,0,0
2017-18,21700833,2,1610612761,2,3,3,2,0,0,0
2017-18,21700833,2,1610612766,6,11,7,4,2,4,0
2017-18,21700833,3,1610612761,4,2,0,1,1,2,2
2017-18,21700833,3,1610612766,6,6,4,3,3,2,0
2017-18,21700833,4,1610612761,3,3,3,2,1,0,0
2017-18,21700833,4,1610612766,4,5,5,3,1,0,0
2017-18,21700834,1,1610612737,5,7,7,3,2,0,0
2017-18,21700834,1,1610612765,4,6,4,3,1,2,0
2017-18,21700834,2,1610612737,6,6,3,1,5,3,0
2017-18,21700834,2,1610612765,9,15,11,7,1,4,1
2017-18,21700834,3,1610612737,9,12,10,3,4,2,2
2017-18,21700834,3,1610612765,5,4,4,1,2,0,2
2017-18,21700834,4,1610612737,7,12,12,3,4,0,0
2017-18,21700834,4,1610612765,6,8,7,4,2,1,0
2017-18,21700835,1,1610612738,4,5,4,2,2,1,0
2017-18,21700835,1,1610612739,6,9,8,4,0,1,2
2017-18,21700835,2,1610612738,4,4,2,2,0,2,2
2017-18,21700835,2,1610612739,4,7,4,4,0,3,0
2017-18,21700835,3,1610612738,4,4,4,2,1,0,1
2017-18,21700835,3,1610612739,2,2,1,1,0,1,1
2017-18,21700835,4,1610612738,6,9,7,5,1,2,0
2017-18,21700835,4,1610612739,1,2,2,1,0,0,0
2017-18,21700836,1,1610612752,5,7,6,2,2,1,1
2017-18,21700836,1,1610612754,7,9,6,3,4,3,0
2017-18,21700836,2,1610612752,1,3,3,1,0,0,0
2017-18,21700836,2,1610612754,3,4,4,2,1,0,0
2017-18,21700836,3,1610612752,5,7,7,4,0,0,1
2017-18,21700836,3,1610612754,4,5,2,3,1,3,0
2017-18,21700836,4,1610612752,4,8,6,4,0,2,0
2017-18,21700836,4,1610612754,4,4,3,1,3,1,0
2017-18,21700837,1,1610612742,2,0,0,0,2,0,0
2017-18,21700837,1,1610612745,3,4,3,2,1,1,0
2017-18,21700837,2,1610612742,6,9,8,4,1,1,0
2017-18,21700837,2,1610612745,6,10,9,4,2,1,0
2017-18,21700837,3,1610612742,3,2,0,1,1,2,1
2017-18,21700837,3,1610612745,10,15,9,4,5,6,1
2017-18,21700837,4,1610612742,5,5,3,2,3,2,0
2017-18,21700837,4,1610612745,5,4,2,1,4,2,0
2017-18,21700838,1,1610612750,3,5,4,3,0,1,0
2017-18,21700838,1,1610612758,4,6,5,3,1,1,0
2017-18,21700838,2,1610612750,4,5,5,2,2,0,0
2017-18,21700838,2,1610612758,2,2,2,1,0,0,1
2017-18,21700838,3,1610612750,4,4,3,3,1,1,0
2017-18,21700838,3,1610612758,4,2,1,1,2,1,1
2017-18,21700838,4,1610612750,11,18,16,5,5,2,1
2017-18,21700838,4,1610612758,5,7,4,3,2,3,0
2017-18,21700839,1,1610612760,5,4,2,2,3,2,0
2017-18,21700839,1,1610612763,3,2,2,1,2,0,0
2017-18,21700839,2,1610612760,13,21,14,4,7,7,1
2017-18,21700839,2,1610612763,7,10,9,2,4,1,1
2017-18,21700839,3,1610612760,5,8,6,3,2,2,0
2017-18,21700839,3,1610612763,7,11,10,3,3,1,1
2017-18,21700839,4,1610612760,6,7,4,5,1,3,0
2017-18,21700839,4,1610612763,4,1,1,1,3,0,0
2017-18,21700840,1,1610612757,5,7,7,4,1,0,0
2017-18,21700840,1,1610612762,2,0,0,0,2,0,0
2017-18,21700840,2,1610612757,5,4,4,2,3,0,0
2017-18,21700840,2,1610612762,5,3,3,1,4,0,0
2017-18,21700840,3,1610612757,5,4,4,1,4,0,0
2017-18,21700840,3,1610612762,6,10,10,5,1,0,0
2017-18,21700840,4,1610612757,7,10,6,6,1,4,0
2017-18,21700840,4,1610612762,7,9,7,4,3,2,0
2017-18,21700841,1,1610612740,1,1,1,0,1,0,0
2017-18,21700841,1,1610612765,7,12,9,4,2,3,0
2017-18,21700841,2,1610612740,3,0,0,0,3,0,0
2017-18,21700841,2,1610612765,7,8,7,3,4,1,0
2017-18,21700841,3,1610612740,3,6,6,3,0,0,0
2017-18,21700841,3,1610612765,5,8,6,3,2,2,0
2017-18,21700841,4,1610612740,8,9,9,3,3,0,2
2017-18,21700841,4,1610612765,5,4,2,1,3,2,1
2017-18,21700842,1,1610612752,2,2,1,1,1,1,0
2017-18,21700842,1,1610612755,6,10,7,3,3,3,0
2017-18,21700842,2,1610612752,8,12,12,5,1,0,2
2017-18,21700842,2,1610612755,5,7,5,3,2,2,0
2017-18,21700842,3,1610612752,6,10,7,4,1,3,1
2017-18,21700842,3,1610612755,3,3,2,2,1,1,0
2017-18,21700842,4,1610612752,3,4,4,2,1,0,0
2017-18,21700842,4,1610612755,4,4,2,3,1,2,0
2017-18,21700843,1,1610612746,4,2,2,2,2,0,0
2017-18,21700843,1,1610612751,2,2,1,1,1,1,0
2017-18,21700843,2,1610612746,5,6,5,4,1,1,0
2017-18,21700843,2,1610612751,4,2,1,1,3,1,0
2017-18,21700843,3,1610612746,3,4,3,2,0,1,1
2017-18,21700843,3,1610612751,3,4,3,2,1,1,0
2017-18,21700843,4,1610612746,2,2,2,1,0,0,1
2017-18,21700843,4,1610612751,4,2,2,2,2,0,0
2017-18,21700844,1,1610612741,4,3,1,2,2,2,0
2017-18,21700844,1,1610612753,2,4,3,2,0,1,0
2017-18,21700844,2,1610612741,4,6,4,3,1,2,0
2017-18,21700844,2,1610612753,3,4,4,2,1,0,0
2017-18,21700844,3,1610612741,4,4,4,2,2,0,0
2017-18,21700844,3,1610612753,2,3,2,1,0,1,1
2017-18,21700844,4,1610612741,6,8,7,2,4,1,0
2017-18,21700844,4,1610612753,5,8,8,4,1,0,0
2017-18,21700845,1,1610612759,5,8,7,3,2,1,0
2017-18,21700845,1,1610612762,6,5,4,2,2,1,2
2017-18,21700845,2,1610612759,4,1,0,0,3,1,0
2017-18,21700845,2,1610612762,2,2,2,1,1,0,0
2017-18,21700845,3,1610612759,8,9,5,1,7,4,0
2017-18,21700845,3,1610612762,6,10,6,4,2,4,0
2017-18,21700845,4,1610612759,6,7,5,3,3,2,0
2017-18,21700845,4,1610612762,9,13,8,4,5,5,0
2017-18,21700846,1,1610612744,3,4,1,2,1,3,0
2017-18,21700846,1,1610612756,3,5,2,3,0,3,0
2017-18,21700846,2,1610612744,5,6,5,1,4,1,0
2017-18,21700846,2,1610612756,4,5,2,3,1,3,0
2017-18,21700846,3,1610612744,6,8,6,3,3,2,0
2017-18,21700846,3,1610612756,6,8,6,3,3,2,0
2017-18,21700846,4,1610612744,2,3,2,2,0,1,0
2017-18,21700846,4,1610612756,4,4,4,2,2,0,0
2017-18,21700847,1,1610612748,4,4,3,3,1,1,0
2017-18,21700847,1,1610612761,2,1,1,1,1,0,0
2017-18,21700847,2,1610612748,3,1,1,1,1,0,1
2017-18,21700847,2,1610612761,4,8,6,4,0,2,0
2017-18,21700847,3,1610612748,5,7,6,3,2,1,0
2017-18,21700847,3,1610612761,5,7,7,5,0,0,0
2017-18,21700847,4,1610612748,7,7,6,2,4,1,1
2017-18,21700847,4,1610612761,5,7,4,2,3,3,0
2017-18,21700848,1,1610612737,5,6,3,2,2,3,1
2017-18,21700848,1,1610612749,3,6,5,3,0,1,0
2017-18,21700848,2,1610612737,3,2,1,1,2,1,0
2017-18,21700848,2,1610612749,3,2,2,1,2,0,0
2017-18,21700848,3,1610612737,5,7,6,3,2,1,0
2017-18,21700848,3,1610612749,2,2,1,1,1,1,0
2017-18,21700848,4,1610612737,5,5,4,3,2,1,0
2017-18,21700848,4,1610612749,6,7,5,0,5,2,1
2017-18,21700849,1,1610612745,4,5,2,4,0,3,0
2017-18,21700849,1,1610612750,4,5,5,3,0,0,1
2017-18,21700849,2,1610612745,5,8,7,4,1,1,0
2017-18,21700849,2,1610612750,5,3,3,2,3,0,0
2017-18,21700849,3,1610612745,6,10,7,3,2,3,1
2017-18,21700849,3,1610612750,7,10,9,5,1,1,1
2017-18,21700849,4,1610612745,4,6,6,2,2,0,0
2017-18,21700849,4,1610612750,5,5,5,3,2,0,0
2017-18,21700850,1,1610612739,3,7,4,2,1,3,0
2017-18,21700850,1,1610612760,6,5,3,3,3,2,0
2017-18,21700850,2,1610612739,5,2,2,1,3,0,0
2017-18,21700850,2,1610612760,4,4,4,1,2,0,1
2017-18,21700850,3,1610612739,3,1,1,1,2,0,0
2017-18,21700850,3,1610612760,8,12,8,3,5,4,0
2017-18,21700850,4,1610612739,7,12,7,3,3,5,1
2017-18,21700850,4,1610612760,8,9,6,4,4,3,0
2017-18,21700851,1,1610612742,1,0,0,0,1,0,0
2017-18,21700851,1,1610612758,3,2,2,1,1,0,1
2017-18,21700851,2,1610612742,9,12,9,6,3,3,0
2017-18,21700851,2,1610612758,5,3,2,1,4,1,0
2017-18,21700851,3,1610612742,5,5,4,3,1,1,1
2017-18,21700851,3,1610612758,4,2,1,0,4,1,0
2017-18,21700851,4,1610612742,4,6,5,3,1,1,0
2017-18,21700851,4,1610612758,3,5,3,3,0,2,0
2017-18,21700852,1,1610612743,5,7,6,3,2,1,0
2017-18,21700852,1,1610612759,2,2,1,1,1,1,0
2017-18,21700852,2,1610612743,4,3,2,1,3,1,0
2017-18,21700852,2,1610612759,5,10,7,4,1,3,0
2017-18,21700852,3,1610612743,6,4,3,2,4,1,0
2017-18,21700852,3,1610612759,6,6,4,1,4,2,1
2017-18,21700852,4,1610612743,4,4,4,2,2,0,0
2017-18,21700852,4,1610612759,4,4,3,2,2,1,0
2017-18,21700853,1,1610612737,2,2,1,1,1,1,0
2017-18,21700853,1,1610612765,5,4,3,2,2,1,1
2017-18,21700853,2,1610612737,4,0,0,0,3,0,1
2017-18,21700853,2,1610612765,3,4,4,2,1,0,0
2017-18,21700853,3,1610612737,3,4,3,2,1,1,0
2017-18,21700853,3,1610612765,3,5,4,3,0,1,0
2017-18,21700853,4,1610612737,7,13,12,5,2,1,0
2017-18,21700853,4,1610612765,9,12,10,1,8,2,0
2017-18,21700854,1,1610612753,3,4,3,2,0,1,1
2017-18,21700854,1,1610612766,4,5,3,3,1,2,0
2017-18,21700854,2,1610612753,3,5,5,3,0,0,0
2017-18,21700854,2,1610612766,1,1,1,1,0,0,0
2017-18,21700854,3,1610612753,1,2,2,1,0,0,0
2017-18,21700854,3,1610612766,5,8,6,4,1,2,0
2017-18,21700854,4,1610612753,6,6,5,2,2,1,2
2017-18,21700854,4,1610612766,4,5,5,2,2,0,0
2017-18,21700855,1,1610612748,4,5,4,3,0,1,1
2017-18,21700855,1,1610612755,2,4,2,2,0,2,0
2017-18,21700855,2,1610612748,8,14,9,4,2,5,2
2017-18,21700855,2,1610612755,6,5,3,3,3,2,0
2017-18,21700855,3,1610612748,1,2,2,1,0,0,0
2017-18,21700855,3,1610612755,7,9,7,2,5,2,0
2017-18,21700855,4,1610612748,8,8,6,0,6,2,2
2017-18,21700855,4,1610612755,6,7,5,1,5,2,0
2017-18,21700856,1,1610612751,3,3,3,2,1,0,0
2017-18,21700856,1,1610612754,3,5,5,3,0,0,0
2017-18,21700856,2,1610612751,3,5,3,3,0,2,0
2017-18,21700856,2,1610612754,3,5,4,3,0,1,0
2017-18,21700856,3,1610612751,3,4,2,2,1,2,0
2017-18,21700856,3,1610612754,2,0,0,0,1,0,1
2017-18,21700856,4,1610612751,11,15,12,7,3,3,1
2017-18,21700856,4,1610612754,11,18,15,4,7,3,0
2017-18,21700857,1,1610612752,3,7,7,3,0,0,0
2017-18,21700857,1,1610612764,3,4,3,2,1,1,0
2017-18,21700857,2,1610612752,4,3,2,2,2,1,0
2017-18,21700857,2,1610612764,4,5,4,3,1,1,0
2017-18,21700857,3,1610612752,5,6,3,2,3,3,0
2017-18,21700857,3,1610612764,3,2,1,1,1,1,1
2017-18,21700857,4,1610612752,3,2,2,2,1,0,0
2017-18,21700857,4,1610612764,6,8,7,4,2,1,0
2017-18,21700858,1,1610612738,5,4,4,1,4,0,0
2017-18,21700858,1,1610612746,5,4,4,3,2,0,0
2017-18,21700858,2,1610612738,4,2,2,1,3,0,0
2017-18,21700858,2,1610612746,7,10,8,4,2,2,1
2017-18,21700858,3,1610612738,7,10,9,3,4,1,0
2017-18,21700858,3,1610612746,8,8,7,1,7,1,0
2017-18,21700858,4,1610612738,5,5,5,3,2,0,0
2017-18,21700858,4,1610612746,9,11,11,4,5,0,0
2017-18,21700859,1,1610612741,4,2,2,1,3,0,0
2017-18,21700859,1,1610612761,2,0,0,0,2,0,0
2017-18,21700859,2,1610612741,5,8,6,3,2,2,0
2017-18,21700859,2,1610612761,5,5,4,3,2,1,0
2017-18,21700859,3,1610612741,6,5,4,2,4,1,0
2017-18,21700859,3,1610612761,6,10,8,4,2,2,0
2017-18,21700859,4,1610612741,6,5,4,3,2,1,1
2017-18,21700859,4,1610612761,3,0,0,0,3,0,0
2017-18,21700860,1,1610612745,4,2,2,2,2,0,0
2017-18,21700860,1,1610612758,2,2,0,1,1,2,0
2017-18,21700860,2,1610612745,6,11,10,4,2,1,0
2017-18,21700860,2,1610612758,4,2,2,1,2,0,1
2017-18,21700860,3,1610612745,3,3,2,1,2,1,0
2017-18,21700860,3,1610612758,3,2,1,1,2,1,0
2017-18,21700860,4,1610612745,6,6,6,0,6,0,0
2017-18,21700860,4,1610612758,4,2,2,1,2,0,1
2017-18,21700861,1,1610612760,5,5,4,3,2,1,0
2017-18,21700861,1,1610612763,3,3,3,2,1,0,0
2017-18,21700861,2,1610612760,7,11,9,3,3,2,1
2017-18,21700861,2,1610612763,4,5,4,2,2,1,0
2017-18,21700861,3,1610612760,7,11,6,3,4,5,0
2017-18,21700861,3,1610612763,7,5,4,3,2,1,2
2017-18,21700861,4,1610612760,5,8,5,2,1,3,2
2017-18,21700861,4,1610612763,3,2,1,1,1,1,1
2017-18,21700862,1,1610612740,4,5,4,3,0,1,1
2017-18,21700862,1,1610612747,9,9,8,4,1,1,0
2017-18,21700862,2,1610612740,7,11,11,1,6,0,0
2017-18,21700862,2,1610612747,3,2,2,1,2,0,0
2017-18,21700862,3,1610612740,3,2,1,1,2,1,0
2017-18,21700862,3,1610612747,4,0,0,0,1,0,2
2017-18,21700862,4,1610612740,4,3,3,2,2,0,0
2017-18,21700862,4,1610612747,6,7,5,4,1,2,1
2017-18,21700863,1,1610612756,5,8,5,4,1,3,0
2017-18,21700863,1,1610612762,4,2,1,1,3,1,0
2017-18,21700863,2,1610612756,3,2,1,1,1,1,1
2017-18,21700863,2,1610612762,5,6,5,3,2,1,0
2017-18,21700863,3,1610612756,2,3,2,2,0,1,0
2017-18,21700863,3,1610612762,6,4,4,1,4,0,1
2017-18,21700863,4,1610612756,7,11,9,3,3,2,1
2017-18,21700863,4,1610612762,7,10,9,5,2,1,0
2017-18,21700864,1,1610612744,4,5,4,2,1,1,0
2017-18,21700864,1,1610612757,3,6,5,3,0,1,0
2017-18,21700864,2,1610612744,4,2,2,1,2,0,1
2017-18,21700864,2,1610612757,5,1,1,1,3,0,1
2017-18,21700864,3,1610612744,6,6,6,4,2,0,0
2017-18,21700864,3,1610612757,4,4,4,2,1,0,1
2017-18,21700864,4,1610612744,4,6,6,1,3,0,0
2017-18,21700864,4,1610612757,9,13,11,4,4,2,1
2017-18,21700865,1,1610612743,5,4,4,2,3,0,0
2017-18,21700865,1,1610612749,3,1,0,1,1,1,1
2017-18,21700865,2,1610612743,3,1,1,1,2,0,0
2017-18,21700865,2,1610612749,8,11,9,5,3,2,0
2017-18,21700865,3,1610612743,5,9,6,3,1,3,1
2017-18,21700865,3,1610612749,6,7,6,3,2,1,1
2017-18,21700865,4,1610612743,5,6,5,3,2,1,0
2017-18,21700865,4,1610612749,5,3,1,0,5,2,0
2017-18,21700866,1,1610612747,2,2,1,1,1,1,0
2017-18,21700866,1,1610612750,5,5,4,3,2,1,0
2017-18,21700866,2,1610612747,5,5,4,1,4,1,0
2017-18,21700866,2,1610612750,7,7,7,3,3,0,1
2017-18,21700866,3,1610612747,6,9,7,4,1,2,1
2017-18,21700866,3,1610612750,3,4,4,2,0,0,1
2017-18,21700866,4,1610612747,8,10,6,3,4,4,1
2017-18,21700866,4,1610612750,9,15,14,3,4,1,1
2017-18,21700867,1,1610612751,2,2,1,1,1,1,0
2017-18,21700867,1,1610612766,6,8,7,3,2,1,1
2017-18,21700867,2,1610612751,2,4,3,2,0,1,0
2017-18,21700867,2,1610612766,4,2,2,1,3,0,0
2017-18,21700867,3,1610612751,4,5,4,2,2,1,0
2017-18,21700867,3,1610612766,4,4,3,2,2,1,0
2017-18,21700867,4,1610612751,3,3,2,2,1,1,0
2017-18,21700867,4,1610612766,6,6,4,3,2,2,1
2017-18,21700868,1,1610612752,2,2,2,1,1,0,0
2017-18,21700868,1,1610612753,8,14,10,5,3,4,0
2017-18,21700868,2,1610612752,1,2,2,1,0,0,0
2017-18,21700868,2,1610612753,4,5,3,3,1,2,0
2017-18,21700868,3,1610612752,6,5,4,1,4,1,1
2017-18,21700868,3,1610612753,1,2,2,1,0,0,0
2017-18,21700868,4,1610612752,6,12,9,3,3,3,0
2017-18,21700868,4,1610612753,1,2,1,1,0,1,0
2017-18,21700869,1,1610612739,4,2,1,2,2,1,0
2017-18,21700869,1,1610612764,2,1,1,1,1,0,0
2017-18,21700869,2,1610612739,7,9,5,4,2,4,1
2017-18,21700869,2,1610612764,4,1,1,1,2,0,1
2017-18,21700869,3,1610612739,5,3,2,1,4,1,0
2017-18,21700869,3,1610612764,3,2,2,1,2,0,0
2017-18,21700869,4,1610612739,6,5,3,3,3,2,0
2017-18,21700869,4,1610612764,5,6,6,2,2,0,1
2017-18,21700870,1,1610612741,5,6,4,4,1,2,0
2017-18,21700870,1,1610612755,5,5,3,3,2,2,0
2017-18,21700870,2,1610612741,4,2,1,1,2,1,1
2017-18,21700870,2,1610612755,7,13,8,6,1,5,0
2017-18,21700870,3,1610612741,4,4,2,2,2,2,0
2017-18,21700870,3,1610612755,5,4,2,2,2,2,0
2017-18,21700870,4,1610612741,4,3,2,2,2,1,0
2017-18,21700870,4,1610612755,9,13,8,3,6,5,0
2017-18,21700871,1,1610612758,5,5,4,2,3,1,0
2017-18,21700871,1,1610612760,5,5,5,3,1,0,1
2017-18,21700871,2,1610612758,4,6,4,3,1,2,0
2017-18,21700871,2,1610612760,5,6,6,2,3,0,0
2017-18,21700871,3,1610612758,3,2,1,1,2,1,0
2017-18,21700871,3,1610612760,3,4,2,2,1,2,0
2017-18,21700871,4,1610612758,3,2,2,1,2,0,0
2017-18,21700871,4,1610612760,7,9,7,4,3,2,0
2017-18,21700872,1,1610612744,4,8,6,2,2,2,0
2017-18,21700872,1,1610612746,3,2,2,1,1,0,1
2017-18,21700872,2,1610612744,5,10,7,4,1,3,0
2017-18,21700872,2,1610612746,8,13,9,4,4,4,0
2017-18,21700872,3,1610612744,3,6,5,3,0,1,0
2017-18,21700872,3,1610612746,6,7,6,4,1,1,1
2017-18,21700872,4,1610612744,6,10,8,3,2,2,0
2017-18,21700872,4,1610612746,8,12,11,5,2,1,0
2017-18,21700873,1,1610612738,1,2,1,1,0,1,0
2017-18,21700873,1,1610612765,4,6,2,3,0,4,1
2017-18,21700873,2,1610612738,8,9,7,4,4,2,0
2017-18,21700873,2,1610612765,3,2,1,1,2,1,0
2017-18,21700873,3,1610612738,2,2,1,1,1,1,0
2017-18,21700873,3,1610612765,6,7,7,3,3,0,0
2017-18,21700873,4,1610612738,5,5,2,2,3,3,0
2017-18,21700873,4,1610612765,6,6,4,2,4,2,0
2017-18,21700874,1,1610612737,4,4,3,2,1,1,1
2017-18,21700874,1,1610612754,4,2,2,1,3,0,0
2017-18,21700874,2,1610612737,4,3,1,1,3,2,0
2017-18,21700874,2,1610612754,4,3,2,2,0,1,2
2017-18,21700874,3,1610612737,6,6,4,3,2,2,1
2017-18,21700874,3,1610612754,4,4,4,2,2,0,0
2017-18,21700874,4,1610612737,5,6,4,3,1,2,1
2017-18,21700874,4,1610612754,6,4,3,3,2,1,1
2017-18,21700875,1,1610612764,1,2,2,1,0,0,0
2017-18,21700875,1,1610612766,3,2,1,2,1,1,0
2017-18,21700875,2,1610612764,6,8,8,2,2,0,1
2017-18,21700875,2,1610612766,7,11,9,4,3,2,0
2017-18,21700875,3,1610612764,5,4,3,1,3,1,1
2017-18,21700875,3,1610612766,4,5,5,2,2,0,0
2017-18,21700875,4,1610612764,4,3,3,2,2,0,0
2017-18,21700875,4,1610612766,4,2,2,1,2,0,1
2017-18,21700876,1,1610612749,4,7,7,3,1,0,0
2017-18,21700876,1,1610612761,6,5,4,3,3,1,0
2017-18,21700876,2,1610612749,5,9,8,5,0,1,0
2017-18,21700876,2,1610612761,6,8,7,4,2,1,0
2017-18,21700876,3,1610612749,5,5,3,3,1,2,1
2017-18,21700876,3,1610612761,8,11,11,5,2,0,0
2017-18,21700876,4,1610612749,4,4,3,1,3,1,0
2017-18,21700876,4,1610612761,2,2,2,1,1,0,0
2017-18,21700877,1,1610612745,5,8,7,3,2,1,0
2017-18,21700877,1,1610612750,2,3,2,1,1,1,0
2017-18,21700877,2,1610612745,6,8,6,4,2,2,0
2017-18,21700877,2,1610612750,7,7,7,3,4,0,0
2017-18,21700877,3,1610612745,4,6,5,4,0,1,0
2017-18,21700877,3,1610612750,5,6,3,2,3,3,0
2017-18,21700877,4,1610612745,5,8,8,3,2,0,0
2017-18,21700877,4,1610612750,3,0,0,0,2,0,1
2017-18,21700878,1,1610612739,4,4,4,2,2,0,0
2017-18,21700878,1,1610612763,4,2,1,1,3,1,0
2017-18,21700878,2,1610612739,5,5,5,2,2,0,1
2017-18,21700878,2,1610612763,5,5,3,2,2,2,1
2017-18,21700878,3,1610612739,8,10,9,1,4,1,3
2017-18,21700878,3,1610612763,6,5,5,2,4,0,0
2017-18,21700878,4,1610612739,5,3,3,2,2,0,1
2017-18,21700878,4,1610612763,5,6,5,2,1,1,2
2017-18,21700879,1,1610612740,7,8,6,1,6,2,0
2017-18,21700879,1,1610612748,4,7,3,4,0,4,0
2017-18,21700879,2,1610612740,5,4,4,3,2,0,0
2017-18,21700879,2,1610612748,3,6,3,3,0,3,0
2017-18,21700879,3,1610612740,4,3,3,2,0,0,2
2017-18,21700879,3,1610612748,4,6,5,3,1,1,0
2017-18,21700879,4,1610612740,4,5,4,2,2,1,0
2017-18,21700879,4,1610612748,6,7,6,4,1,1,1
2017-18,21700880,1,1610612743,4,0,0,0,3,0,1
2017-18,21700880,1,1610612759,2,2,1,1,1,1,0
2017-18,21700880,2,1610612743,4,3,3,2,2,0,0
2017-18,21700880,2,1610612759,7,10,7,5,2,3,0
2017-18,21700880,3,1610612743,5,7,5,4,1,2,0
2017-18,21700880,3,1610612759,5,10,8,3,2,2,0
2017-18,21700880,4,1610612743,6,9,6,6,0,3,0
2017-18,21700880,4,1610612759,10,17,12,2,6,5,2
2017-18,21700881,1,1610612746,6,10,8,4,2,2,0
2017-18,21700881,1,1610612756,5,7,5,4,1,2,0
2017-18,21700881,2,1610612746,4,8,7,4,0,1,0
2017-18,21700881,2,1610612756,5,5,1,3,2,4,0
2017-18,21700881,3,1610612746,4,0,0,0,3,0,1
2017-18,21700881,3,1610612756,3,1,0,1,2,1,0
2017-18,21700881,4,1610612746,10,14,9,1,9,5,0
2017-18,21700881,4,1610612756,13,18,12,6,6,6,1
2017-18,21700882,1,1610612757,4,7,7,1,2,0,0
2017-18,21700882,1,1610612762,5,4,4,1,4,0,0
2017-18,21700882,2,1610612757,2,0,0,0,1,0,1
2017-18,21700882,2,1610612762,5,4,3,2,3,1,0
2017-18,21700882,3,1610612757,5,7,6,3,1,1,1
2017-18,21700882,3,1610612762,4,2,1,1,3,1,0
2017-18,21700882,4,1610612757,2,0,0,0,2,0,0
2017-18,21700882,4,1610612762,4,1,1,1,3,0,0
2017-18,21700883,1,1610612742,4,0,0,0,3,0,1
2017-18,21700883,1,1610612747,6,8,4,4,1,4,0
2017-18,21700883,2,1610612742,4,2,2,0,4,0,0
2017-18,21700883,2,1610612747,5,2,2,1,4,0,0
2017-18,21700883,3,1610612742,3,2,2,1,2,0,0
2017-18,21700883,3,1610612747,2,2,2,1,1,0,0
2017-18,21700883,4,1610612742,5,7,5,4,1,2,0
2017-18,21700883,4,1610612747,6,8,7,3,2,1,1
2017-18,21700884,1,1610612753,3,2,0,1,2,2,0
2017-18,21700884,1,1610612755,4,6,6,2,1,0,1
2017-18,21700884,2,1610612753,6,8,7,3,3,1,0
2017-18,21700884,2,1610612755,4,6,4,3,1,2,0
2017-18,21700884,3,1610612753,2,2,2,1,1,0,0
2017-18,21700884,3,1610612755,6,6,5,2,4,1,0
2017-18,21700884,4,1610612753,5,7,7,4,1,0,0
2017-18,21700884,4,1610612755,6,9,8,2,4,1,0
2017-18,21700885,1,1610612748,7,12,10,5,2,2,0
2017-18,21700885,1,1610612763,4,3,3,2,1,0,1
2017-18,21700885,2,1610612748,2,1,1,1,1,0,0
2017-18,21700885,2,1610612763,6,8,5,2,3,3,1
2017-18,21700885,3,1610612748,9,12,8,5,4,4,0
2017-18,21700885,3,1610612763,5,4,4,2,3,0,0
2017-18,21700885,4,1610612748,3,2,2,1,2,0,0
2017-18,21700885,4,1610612763,2,2,2,1,1,0,0
2017-18,21700886,1,1610612738,3,4,3,2,1,1,0
2017-18,21700886,1,1610612752,3,5,2,2,1,3,0
2017-18,21700886,2,1610612738,6,8,7,3,1,1,2
2017-18,21700886,2,1610612752,5,6,5,3,2,1,0
2017-18,21700886,3,1610612738,5,4,3,1,3,1,1
2017-18,21700886,3,1610612752,3,5,5,2,1,0,0
2017-18,21700886,4,1610612738,7,12,11,3,4,1,0
2017-18,21700886,4,1610612752,4,4,4,2,1,0,1
2017-18,21700887,1,1610612744,3,6,4,2,1,2,0
2017-18,21700887,1,1610612760,5,6,5,2,1,1,2
2017-18,21700887,2,1610612744,4,2,2,1,2,0,0
2017-18,21700887,2,1610612760,6,6,4,2,4,2,0
2017-18,21700887,3,1610612744,4,2,2,1,2,0,1
2017-18,21700887,3,1610612760,5,5,3,3,2,2,0
2017-18,21700887,4,1610612744,4,3,3,1,3,0,0
2017-18,21700887,4,1610612760,4,4,1,2,2,3,0
2017-18,21700888,1,1610612741,2,2,2,1,1,0,0
2017-18,21700888,1,1610612750,5,3,1,3,2,2,0
2017-18,21700888,2,1610612741,5,5,5,3,1,0,1
2017-18,21700888,2,1610612750,3,4,3,2,1,1,0
2017-18,21700888,3,1610612741,3,7,4,3,0,3,0
2017-18,21700888,3,1610612750,5,7,6,3,2,1,0
2017-18,21700888,4,1610612741,4,6,3,3,1,3,0
2017-18,21700888,4,1610612750,7,12,9,4,3,3,0
2017-18,21700889,1,1610612756,2,2,1,1,0,1,1
2017-18,21700889,1,1610612757,4,4,3,2,2,1,0
2017-18,21700889,2,1610612756,4,2,2,1,2,0,1
2017-18,21700889,2,1610612757,8,13,11,5,2,2,1
2017-18,21700889,3,1610612756,5,7,4,4,1,3,0
2017-18,21700889,3,1610612757,4,6,4,3,1,2,0
2017-18,21700889,4,1610612756,8,10,8,3,4,2,1
2017-18,21700889,4,1610612757,6,7,4,4,2,3,0
2017-18,21700890,1,1610612742,3,4,4,2,1,0,0
2017-18,21700890,1,1610612762,4,4,4,2,2,0,0
2017-18,21700890,2,1610612742,7,6,5,0,4,1,2
2017-18,21700890,2,1610612762,5,6,4,2,2,2,1
2017-18,21700890,3,1610612742,5,4,3,1,3,1,1
2017-18,21700890,3,1610612762,4,4,3,2,2,1,0
2017-18,21700890,4,1610612742,2,0,0,0,1,0,1
2017-18,21700890,4,1610612762,8,12,9,4,3,3,1
2017-18,21700891,1,1610612747,3,2,0,1,2,2,0
2017-18,21700891,1,1610612758,2,4,3,2,0,1,0
2017-18,21700891,2,1610612747,6,7,4,4,2,3,0
2017-18,21700891,2,1610612758,2,3,1,2,0,2,0
2017-18,21700891,3,1610612747,4,0,0,0,4,0,0
2017-18,21700891,3,1610612758,6,7,5,4,2,2,0
2017-18,21700891,4,1610612747,7,11,10,3,4,1,0
2017-18,21700891,4,1610612758,5,3,2,2,3,1,0
2017-18,21700892,1,1610612765,5,5,3,3,2,2,0
2017-18,21700892,1,1610612766,3,3,2,2,1,1,0
2017-18,21700892,2,1610612765,5,4,4,2,3,0,0
2017-18,21700892,2,1610612766,6,7,6,2,4,1,0
2017-18,21700892,3,1610612765,1,2,0,1,0,2,0
2017-18,21700892,3,1610612766,6,6,3,4,2,3,0
2017-18,21700892,4,1610612765,5,3,3,2,3,0,0
2017-18,21700892,4,1610612766,6,7,3,1,2,4,2
2017-18,21700893,1,1610612740,4,2,2,1,3,0,0
2017-18,21700893,1,1610612749,2,3,3,2,0,0,0
2017-18,21700893,2,1610612740,5,5,4,2,1,1,2
2017-18,21700893,2,1610612749,7,8,7,3,4,1,0
2017-18,21700893,3,1610612740,5,7,5,4,1,2,0
2017-18,21700893,3,1610612749,5,4,3,2,2,1,1
2017-18,21700893,4,1610612740,2,0,0,0,1,0,1
2017-18,21700893,4,1610612749,7,10,10,4,3,0,0
2017-18,21700894,1,1610612739,4,6,5,3,1,1,0
2017-18,21700894,1,1610612759,4,4,3,2,2,1,0
2017-18,21700894,2,1610612739,5,5,3,3,2,2,0
2017-18,21700894,2,1610612759,7,13,10,6,0,3,1
2017-18,21700894,3,1610612739,1,0,0,0,1,0,0
2017-18,21700894,3,1610612759,4,2,1,1,3,1,0
2017-18,21700894,4,1610612739,2,3,2,1,0,1,1
2017-18,21700894,4,1610612759,7,13,11,3,4,2,0
2017-18,21700895,1,1610612755,7,8,5,3,3,3,1
2017-18,21700895,1,1610612764,2,2,2,1,1,0,0
2017-18,21700895,2,1610612755,5,6,2,3,1,4,0
2017-18,21700895,2,1610612764,4,2,2,1,3,0,0
2017-18,21700895,3,1610612755,7,10,10,2,4,0,1
2017-18,21700895,3,1610612764,2,3,3,2,0,0,0
2017-18,21700895,4,1610612755,6,7,6,3,3,1,0
2017-18,21700895,4,1610612764,3,5,4,2,0,1,0
2017-18,21700896,1,1610612743,3,3,1,2,1,2,0
2017-18,21700896,1,1610612745,5,7,6,4,1,1,0
2017-18,21700896,2,1610612743,7,9,6,2,5,3,0
2017-18,21700896,2,1610612745,8,9,7,3,5,2,0
2017-18,21700896,3,1610612743,5,2,2,0,5,0,0
2017-18,21700896,3,1610612745,5,6,5,2,3,1,0
2017-18,21700896,4,1610612743,7,10,7,5,1,3,1
2017-18,21700896,4,1610612745,7,10,8,2,5,2,0
2017-18,21700897,1,1610612737,6,11,7,4,2,4,0
2017-18,21700897,1,1610612747,4,4,3,2,2,1,0
2017-18,21700897,2,1610612737,5,7,6,4,0,1,1
2017-18,21700897,2,1610612747,5,5,3,3,2,2,0
2017-18,21700897,3,1610612737,4,6,4,3,1,2,0
2017-18,21700897,3,1610612747,5,6,4,5,0,2,0
2017-18,21700897,4,1610612737,6,10,7,6,0,3,0
2017-18,21700897,4,1610612747,2,4,4,2,0,0,0
2017-18,21700898,1,1610612738,3,2,1,1,2,1,0
2017-18,21700898,1,1610612763,5,5,3,2,3,2,0
2017-18,21700898,2,1610612738,8,10,9,2,6,1,0
2017-18,21700898,2,1610612763,6,8,7,3,3,1,0
2017-18,21700898,3,1610612738,6,8,4,2,4,4,0
2017-18,21700898,3,1610612763,8,13,10,3,4,3,1
2017-18,21700898,4,1610612738,4,7,5,3,1,2,0
2017-18,21700898,4,1610612763,3,6,5,3,0,1,0
2017-18,21700899,1,1610612741,5,4,3,2,3,1,0
2017-18,21700899,1,1610612751,2,3,3,1,1,0,0
2017-18,21700899,2,1610612741,5,9,7,4,1,2,0
2017-18,21700899,2,1610612751,4,2,2,2,2,0,0
2017-18,21700899,3,1610612741,5,6,4,4,1,2,0
2017-18,21700899,3,1610612751,4,3,3,1,1,0,1
2017-18,21700899,4,1610612741,4,4,1,2,2,3,0
2017-18,21700899,4,1610612751,0,0,0,0,0,0,0
2017-18,21700900,1,1610612744,3,3,3,2,1,0,0
2017-18,21700900,1,1610612752,3,2,1,1,1,1,1
2017-18,21700900,2,1610612744,3,4,3,2,1,1,0
2017-18,21700900,2,1610612752,2,2,1,1,1,1,0
2017-18,21700900,3,1610612744,6,9,8,5,0,1,1
2017-18,21700900,3,1610612752,4,2,2,1,3,0,0
2017-18,21700900,4,1610612744,5,10,8,5,0,2,0
2017-18,21700900,4,1610612752,3,3,3,2,1,0,0
2017-18,21700901,1,1610612761,4,4,4,3,1,0,0
2017-18,21700901,1,1610612765,2,0,0,0,2,0,0
2017-18,21700901,2,1610612761,4,2,2,1,2,0,1
2017-18,21700901,2,1610612765,6,9,7,1,3,2,2
2017-18,21700901,3,1610612761,8,14,13,7,1,1,0
2017-18,21700901,3,1610612765,3,4,4,2,1,0,0
2017-18,21700901,4,1610612761,4,3,3,1,2,0,1
2017-18,21700901,4,1610612765,5,7,4,3,2,3,0
2017-18,21700902,1,1610612740,3,4,3,1,1,1,0
2017-18,21700902,1,1610612756,2,4,4,2,0,0,0
2017-18,21700902,2,1610612740,6,9,7,4,1,2,1
2017-18,21700902,2,1610612756,8,13,11,5,1,2,1
2017-18,21700902,3,1610612740,9,13,11,6,2,2,0
2017-18,21700902,3,1610612756,5,4,3,1,4,1,0
2017-18,21700902,4,1610612740,10,14,10,4,4,4,2
2017-18,21700902,4,1610612756,7,11,7,6,1,4,0
2017-18,21700903,1,1610612753,2,4,4,2,0,0,0
2017-18,21700903,1,1610612760,2,2,2,1,1,0,0
2017-18,21700903,2,1610612753,4,5,2,3,0,3,1
2017-18,21700903,2,1610612760,4,5,4,3,1,1,0
2017-18,21700903,3,1610612753,4,6,4,3,1,2,0
2017-18,21700903,3,1610612760,5,9,7,5,0,2,0
2017-18,21700903,4,1610612753,3,6,5,3,0,1,0
2017-18,21700903,4,1610612760,6,4,4,0,5,0,1
2017-18,21700904,1,1610612742,3,3,2,2,1,1,0
2017-18,21700904,1,1610612754,2,2,2,2,0,0,0
2017-18,21700904,2,1610612742,5,4,3,1,3,1,1
2017-18,21700904,2,1610612754,5,3,2,2,2,1,1
2017-18,21700904,3,1610612742,2,1,1,1,1,0,0
2017-18,21700904,3,1610612754,5,4,1,2,3,3,0
2017-18,21700904,4,1610612742,8,10,9,1,7,1,0
2017-18,21700904,4,1610612754,10,14,11,5,4,3,0
2017-18,21700905,1,1610612745,5,8,3,3,2,5,0
2017-18,21700905,1,1610612762,3,3,3,2,1,0,0
2017-18,21700905,2,1610612745,7,11,10,4,3,1,0
2017-18,21700905,2,1610612762,3,0,0,0,2,0,1
2017-18,21700905,3,1610612745,4,3,3,2,2,0,0
2017-18,21700905,3,1610612762,6,9,6,4,2,3,0
2017-18,21700905,4,1610612745,3,3,3,1,1,0,1
2017-18,21700905,4,1610612762,8,10,7,2,6,3,0
2017-18,21700906,1,1610612750,3,4,4,2,1,0,0
2017-18,21700906,1,1610612758,1,0,0,0,1,0,0
2017-18,21700906,2,1610612750,6,10,10,5,1,0,0
2017-18,21700906,2,1610612758,5,7,6,4,0,1,1
2017-18,21700906,3,1610612750,6,12,10,5,1,2,0
2017-18,21700906,3,1610612758,2,2,2,1,1,0,0
2017-18,21700906,4,1610612750,6,10,9,4,2,1,0
2017-18,21700906,4,1610612758,4,4,4,1,3,0,0
2017-18,21700907,1,1610612741,3,2,2,1,2,0,0
2017-18,21700907,1,1610612766,2,2,1,1,1,1,0
2017-18,21700907,2,1610612741,4,7,7,3,1,0,0
2017-18,21700907,2,1610612766,5,3,1,1,4,2,0
2017-18,21700907,3,1610612741,3,5,2,2,1,3,0
2017-18,21700907,3,1610612766,5,5,4,3,2,1,0
2017-18,21700907,4,1610612741,3,7,5,3,0,2,0
2017-18,21700907,4,1610612766,8,11,9,5,3,2,0
2017-18,21700908,1,1610612739,2,0,0,0,2,0,0
2017-18,21700908,1,1610612751,7,8,4,3,3,4,1
2017-18,21700908,2,1610612739,5,7,2,3,1,5,0
2017-18,21700908,2,1610612751,9,16,14,6,3,2,0
2017-18,21700908,3,1610612739,7,11,7,4,3,4,0
2017-18,21700908,3,1610612751,3,1,0,1,2,1,0
2017-18,21700908,4,1610612739,5,9,8,2,3,1,0
2017-18,21700908,4,1610612751,5,5,5,3,2,0,0
2017-18,21700909,1,1610612748,4,4,3,2,2,1,0
2017-18,21700909,1,1610612755,4,3,3,1,1,0,2
2017-18,21700909,2,1610612748,6,8,5,4,2,3,0
2017-18,21700909,2,1610612755,5,8,7,3,2,1,0
2017-18,21700909,3,1610612748,5,6,4,2,1,2,2
2017-18,21700909,3,1610612755,4,3,2,2,2,1,0
2017-18,21700909,4,1610612748,5,10,9,4,0,1,1
2017-18,21700909,4,1610612755,6,9,7,3,3,2,0
2017-18,21700910,1,1610612749,5,6,6,3,2,0,0
2017-18,21700910,1,1610612764,6,6,5,2,4,1,0
2017-18,21700910,2,1610612749,5,6,5,3,2,1,0
2017-18,21700910,2,1610612764,2,4,3,2,0,1,0
2017-18,21700910,3,1610612749,6,9,8,5,1,1,0
2017-18,21700910,3,1610612764,6,9,6,3,3,3,0
2017-18,21700910,4,1610612749,6,7,5,3,3,2,0
2017-18,21700910,4,1610612764,3,3,2,1,2,1,0
2017-18,21700911,1,1610612757,0,0,0,0,0,0,0
2017-18,21700911,1,1610612758,2,4,4,2,0,0,0
2017-18,21700911,2,1610612757,6,9,7,5,0,2,1
2017-18,21700911,2,1610612758,4,4,4,2,2,0,0
2017-18,21700911,3,1610612757,2,4,2,2,0,2,0
2017-18,21700911,3,1610612758,4,3,2,2,1,1,1
2017-18,21700911,4,1610612757,3,4,4,3,0,0,0
2017-18,21700911,4,1610612758,5,4,4,1,3,0,1
2017-18,21700912,1,1610612743,3,2,2,2,0,0,1
2017-18,21700912,1,1610612746,5,1,0,1,2,1,2
2017-18,21700912,2,1610612743,5,8,5,3,2,3,0
2017-18,21700912,2,1610612746,7,9,6,3,3,3,1
2017-18,21700912,3,1610612743,8,8,8,2,6,0,0
2017-18,21700912,3,1610612746,6,7,6,3,3,1,0
2017-18,21700912,4,1610612743,7,12,9,3,3,3,0
2017-18,21700912,4,1610612746,8,14,11,4,4,3,0
2017-18,21700913,1,1610612749,2,2,2,1,0,0,1
2017-18,21700913,1,1610612765,6,5,4,2,4,1,0
2017-18,21700913,2,1610612749,3,5,2,2,1,3,0
2017-18,21700913,2,1610612765,4,4,2,2,2,2,0
2017-18,21700913,3,1610612749,9,15,15,4,4,0,0
2017-18,21700913,3,1610612765,7,8,7,2,4,1,1
2017-18,21700913,4,1610612749,6,6,4,2,4,2,0
2017-18,21700913,4,1610612765,3,5,4,3,0,1,0
2017-18,21700914,1,1610612753,3,2,0,1,2,2,0
2017-18,21700914,1,1610612761,4,4,3,3,1,1,0
2017-18,21700914,2,1610612753,5,7,5,3,2,2,0
2017-18,21700914,2,1610612761,7,9,6,5,2,3,0
2017-18,21700914,3,1610612753,4,5,2,2,2,3,0
2017-18,21700914,3,1610612761,4,8,3,4,0,5,0
2017-18,21700914,4,1610612753,8,9,6,4,4,3,0
2017-18,21700914,4,1610612761,3,3,3,2,1,0,0
2017-18,21700915,1,1610612737,5,7,6,4,1,1,0
2017-18,21700915,1,1610612754,5,5,3,3,1,2,1
2017-18,21700915,2,1610612737,5,6,5,2,1,1,2
2017-18,21700915,2,1610612754,6,7,6,3,2,1,1
2017-18,21700915,3,1610612737,1,2,2,1,0,0,0
2017-18,21700915,3,1610612754,6,5,3,2,2,2,2
2017-18,21700915,4,1610612737,7,12,9,3,3,3,0
2017-18,21700915,4,1610612754,5,3,3,1,4,0,0
2017-18,21700916,1,1610612738,2,4,4,2,0,0,0
2017-18,21700916,1,1610612766,5,5,2,4,1,3,0
2017-18,21700916,2,1610612738,3,1,1,1,2,0,0
2017-18,21700916,2,1610612766,1,2,2,1,0,0,0
2017-18,21700916,3,1610612738,6,7,7,4,2,0,0
2017-18,21700916,3,1610612766,4,3,1,2,1,2,1
2017-18,21700916,4,1610612738,5,3,2,2,3,1,0
2017-18,21700916,4,1610612766,8,12,8,6,2,4,0
2017-18,21700917,1,1610612744,4,8,6,3,1,2,0
2017-18,21700917,1,1610612764,4,0,0,0,4,0,0
2017-18,21700917,2,1610612744,6,6,6,2,4,0,0
2017-18,21700917,2,1610612764,4,7,7,3,1,0,0
2017-18,21700917,3,1610612744,5,6,4,2,2,2,1
2017-18,21700917,3,1610612764,3,1,1,1,2,0,0
2017-18,21700917,4,1610612744,8,10,9,2,6,1,0
2017-18,21700917,4,1610612764,8,13,10,6,2,3,0
2017-18,21700918,1,1610612756,8,11,6,4,4,5,0
2017-18,21700918,1,1610612763,5,2,2,0,5,0,0
2017-18,21700918,2,1610612756,5,8,7,4,1,1,0
2017-18,21700918,2,1610612763,7,10,8,6,1,2,0
2017-18,21700918,3,1610612756,7,9,6,5,2,3,0
2017-18,21700918,3,1610612763,7,10,7,4,2,3,1
2017-18,21700918,4,1610612756,7,10,9,2,5,1,0
2017-18,21700918,4,1610612763,4,6,6,3,1,0,0
2017-18,21700919,1,1610612742,1,2,1,1,0,1,0
2017-18,21700919,1,1610612760,4,5,5,3,1,0,0
2017-18,21700919,2,1610612742,6,7,5,1,3,2,1
2017-18,21700919,2,1610612760,5,4,4,2,3,0,0
2017-18,21700919,3,1610612742,3,0,0,0,3,0,0
2017-18,21700919,3,1610612760,3,4,2,1,2,2,0
2017-18,21700919,4,1610612742,5,2,0,0,5,2,0
2017-18,21700919,4,1610612760,5,3,3,2,3,0,0
2017-18,21700920,1,1610612740,4,2,1,2,2,1,0
2017-18,21700920,1,1610612759,4,3,1,1,2,2,1
2017-18,21700920,2,1610612740,2,2,2,1,1,0,0
2017-18,21700920,2,1610612759,5,3,3,1,4,0,0
2017-18,21700920,3,1610612740,5,5,5,1,1,0,3
2017-18,21700920,3,1610612759,4,4,4,2,2,0,0
2017-18,21700920,4,1610612740,4,6,4,0,4,2,0
2017-18,21700920,4,1610612759,3,4,3,2,1,1,0
2017-18,21700921,1,1610612745,4,8,7,4,0,1,0
2017-18,21700921,1,1610612746,2,1,1,1,1,0,0
2017-18,21700921,2,1610612745,4,4,4,2,1,0,1
2017-18,21700921,2,1610612746,1,0,0,0,1,0,0
2017-18,21700921,3,1610612745,6,10,7,5,1,3,0
2017-18,21700921,3,1610612746,7,7,5,3,3,2,1
2017-18,21700921,4,1610612745,3,2,2,1,2,0,0
2017-18,21700921,4,1610612746,10,11,7,6,2,4,2
2017-18,21700922,1,1610612747,3,3,3,2,1,0,0
2017-18,21700922,1,1610612748,4,4,3,2,2,1,0
2017-18,21700922,2,1610612747,6,6,5,4,2,1,0
2017-18,21700922,2,1610612748,5,6,5,3,1,1,1
2017-18,21700922,3,1610612747,6,11,9,4,1,2,1
2017-18,21700922,3,1610612748,2,4,4,2,0,0,0
2017-18,21700922,4,1610612747,6,6,4,2,4,2,0
2017-18,21700922,4,1610612748,4,2,0,1,3,2,0
2017-18,21700923,1,1610612739,6,7,5,5,1,2,0
2017-18,21700923,1,1610612755,6,7,5,3,3,2,0
2017-18,21700923,2,1610612739,5,4,3,1,2,1,2
2017-18,21700923,2,1610612755,2,4,4,2,0,0,0
2017-18,21700923,3,1610612739,2,4,1,2,0,3,0
2017-18,21700923,3,1610612755,5,4,2,1,4,2,0
2017-18,21700923,4,1610612739,7,8,7,2,5,1,0
2017-18,21700923,4,1610612755,6,12,7,3,2,5,1
2017-18,21700924,1,1610612751,3,2,1,2,1,1,0
2017-18,21700924,1,1610612758,3,2,2,1,2,0,0
2017-18,21700924,2,1610612751,3,4,4,2,1,0,0
2017-18,21700924,2,1610612758,2,2,2,1,1,0,0
2017-18,21700924,3,1610612751,3,3,3,2,1,0,0
2017-18,21700924,3,1610612758,2,4,2,2,0,2,0
2017-18,21700924,4,1610612751,3,6,5,3,0,1,0
2017-18,21700924,4,1610612758,2,0,0,0,2,0,0
2017-18,21700925,1,1610612750,3,0,0,0,3,0,0
2017-18,21700925,1,1610612757,4,8,7,3,1,1,0
2017-18,21700925,2,1610612750,4,7,6,4,0,1,0
2017-18,21700925,2,1610612757,4,8,5,4,0,3,0
2017-18,21700925,3,1610612750,7,12,11,7,0,1,0
2017-18,21700925,3,1610612757,3,5,4,2,1,1,0
2017-18,21700925,4,1610612750,3,2,2,1,1,0,1
2017-18,21700925,4,1610612757,9,14,11,2,7,3,0
2017-18,21700926,1,1610612753,3,5,4,2,1,1,0
2017-18,21700926,1,1610612765,5,4,3,1,3,1,1
2017-18,21700926,2,1610612753,3,3,2,2,1,1,0
2017-18,21700926,2,1610612765,2,2,1,1,1,1,0
2017-18,21700926,3,1610612753,2,2,1,1,0,1,1
2017-18,21700926,3,1610612765,4,4,3,3,1,1,0
2017-18,21700926,4,1610612753,2,1,1,1,1,0,0
2017-18,21700926,4,1610612765,7,9,5,5,2,4,0
2017-18,21700927,1,1610612755,6,6,4,2,4,2,0
2017-18,21700927,1,1610612766,5,4,3,2,2,1,1
2017-18,21700927,2,1610612755,5,2,1,0,4,1,1
2017-18,21700927,2,1610612766,5,6,4,2,3,2,0
2017-18,21700927,3,1610612755,5,5,3,3,2,2,0
2017-18,21700927,3,1610612766,6,13,6,6,0,7,0
2017-18,21700927,4,1610612755,7,12,11,2,5,1,0
2017-18,21700927,4,1610612766,5,9,7,4,1,2,0
2017-18,21700928,1,1610612737,4,6,4,3,1,2,0
2017-18,21700928,1,1610612744,3,5,5,2,1,0,0
2017-18,21700928,2,1610612737,4,0,0,0,2,0,2
2017-18,21700928,2,1610612744,6,5,5,3,2,0,1
2017-18,21700928,3,1610612737,6,9,9,5,0,0,1
2017-18,21700928,3,1610612744,6,6,4,2,4,2,0
2017-18,21700928,4,1610612737,5,5,5,2,1,0,2
2017-18,21700928,4,1610612744,4,6,5,2,2,1,0
2017-18,21700929,1,1610612761,3,5,3,2,1,2,0
2017-18,21700929,1,1610612764,5,5,3,3,2,2,0
2017-18,21700929,2,1610612761,7,10,7,4,3,3,0
2017-18,21700929,2,1610612764,3,0,0,0,3,0,0
2017-18,21700929,3,1610612761,7,8,4,3,4,4,0
2017-18,21700929,3,1610612764,6,7,5,3,3,2,0
2017-18,21700929,4,1610612761,7,9,6,3,3,3,1
2017-18,21700929,4,1610612764,5,9,6,3,2,3,0
2017-18,21700930,1,1610612741,5,6,4,2,2,2,1
2017-18,21700930,1,1610612742,3,3,3,2,1,0,0
2017-18,21700930,2,1610612741,3,5,5,3,0,0,0
2017-18,21700930,2,1610612742,3,2,2,1,2,0,0
2017-18,21700930,3,1610612741,4,7,5,3,0,2,1
2017-18,21700930,3,1610612742,6,9,9,3,3,0,0
2017-18,21700930,4,1610612741,3,2,0,2,1,2,0
2017-18,21700930,4,1610612742,5,7,3,4,1,4,0
2017-18,21700931,1,1610612743,5,8,8,5,0,0,0
2017-18,21700931,1,1610612763,2,2,1,1,1,1,0
2017-18,21700931,2,1610612743,5,5,4,1,4,1,0
2017-18,21700931,2,1610612763,5,4,2,2,3,2,0
2017-18,21700931,3,1610612743,6,8,7,3,3,1,0
2017-18,21700931,3,1610612763,4,0,0,0,4,0,0
2017-18,21700931,4,1610612743,6,5,3,0,6,2,0
2017-18,21700931,4,1610612763,7,9,9,3,3,0,1
2017-18,21700932,1,1610612749,3,6,4,2,0,2,1
2017-18,21700932,1,1610612754,6,4,3,1,4,1,0
2017-18,21700932,2,1610612749,6,6,4,2,3,2,1
2017-18,21700932,2,1610612754,6,12,10,5,1,2,0
2017-18,21700932,3,1610612749,6,10,8,3,3,2,0
2017-18,21700932,3,1610612754,5,4,3,1,4,1,0
2017-18,21700932,4,1610612749,7,10,9,4,3,1,0
2017-18,21700932,4,1610612754,8,10,7,1,7,3,0
2017-18,21700933,1,1610612756,4,4,3,3,1,1,0
2017-18,21700933,1,1610612760,4,3,3,2,2,0,0
2017-18,21700933,2,1610612756,4,2,2,1,2,0,1
2017-18,21700933,2,1610612760,8,11,8,3,4,3,1
2017-18,21700933,3,1610612756,5,6,4,4,0,2,1
2017-18,21700933,3,1610612760,6,9,6,3,0,3,2
2017-18,21700933,4,1610612756,7,6,4,1,6,2,0
2017-18,21700933,4,1610612760,5,6,4,1,3,2,1
2017-18,21700934,1,1610612750,5,6,5,3,2,1,0
2017-18,21700934,1,1610612762,2,2,1,1,1,1,0
2017-18,21700934,2,1610612750,6,7,6,3,3,1,0
2017-18,21700934,2,1610612762,8,13,9,5,2,4,1
2017-18,21700934,3,1610612750,3,6,4,3,0,2,0
2017-18,21700934,3,1610612762,5,10,8,5,0,2,0
2017-18,21700934,4,1610612750,5,12,8,5,0,4,0
2017-18,21700934,4,1610612762,7,10,9,3,1,1,1
2017-18,21700935,1,1610612746,4,4,4,2,1,0,1
2017-18,21700935,1,1610612752,3,4,4,2,1,0,0
2017-18,21700935,2,1610612746,6,8,6,4,2,2,0
2017-18,21700935,2,1610612752,3,3,1,2,1,2,0
2017-18,21700935,3,1610612746,8,8,6,2,6,2,0
2017-18,21700935,3,1610612752,3,3,3,1,2,0,0
2017-18,21700935,4,1610612746,4,4,3,2,2,1,0
2017-18,21700935,4,1610612752,6,6,4,4,1,2,1
2017-18,21700936,1,1610612753,3,4,3,2,1,1,0
2017-18,21700936,1,1610612763,4,6,5,3,1,1,0
2017-18,21700936,2,1610612753,9,11,8,5,4,3,0
2017-18,21700936,2,1610612763,3,4,4,2,1,0,0
2017-18,21700936,3,1610612753,5,5,4,2,3,1,0
2017-18,21700936,3,1610612763,7,8,7,5,2,1,0
2017-18,21700936,4,1610612753,7,13,12,4,3,1,0
2017-18,21700936,4,1610612763,6,8,2,5,0,6,1
2017-18,21700937,1,1610612739,4,4,4,1,3,0,0
2017-18,21700937,1,1610612743,4,3,3,2,2,0,0
2017-18,21700937,2,1610612739,6,8,5,5,1,3,0
2017-18,21700937,2,1610612743,5,7,6,3,1,1,1
2017-18,21700937,3,1610612739,2,1,0,1,1,1,0
2017-18,21700937,3,1610612743,4,3,3,1,2,0,1
2017-18,21700937,4,1610612739,5,8,7,3,1,1,1
2017-18,21700937,4,1610612743,3,2,1,1,1,1,1
2017-18,21700938,1,1610612748,3,2,2,1,2,0,0
2017-18,21700938,1,1610612765,4,1,1,1,2,0,1
2017-18,21700938,2,1610612748,5,7,6,3,2,1,0
2017-18,21700938,2,1610612765,5,5,2,2,2,3,0
2017-18,21700938,3,1610612748,4,2,2,1,3,0,0
2017-18,21700938,3,1610612765,4,5,5,3,1,0,0
2017-18,21700938,4,1610612748,9,17,9,4,5,8,0
2017-18,21700938,4,1610612765,6,10,7,4,2,3,0
2017-18,21700939,1,1610612738,6,6,6,2,2,0,2
2017-18,21700939,1,1610612745,4,4,4,2,2,0,0
2017-18,21700939,2,1610612738,4,5,4,3,1,1,0
2017-18,21700939,2,1610612745,7,11,9,4,3,2,0
2017-18,21700939,3,1610612738,3,2,2,1,2,0,0
2017-18,21700939,3,1610612745,4,7,7,2,2,0,0
2017-18,21700939,4,1610612738,7,8,7,1,5,1,1
2017-18,21700939,4,1610612745,6,8,6,0,6,2,0
2017-18,21700940,1,1610612747,6,12,11,5,1,1,0
2017-18,21700940,1,1610612759,4,5,3,2,1,2,1
2017-18,21700940,2,1610612747,4,3,1,2,2,2,0
2017-18,21700940,2,1610612759,7,7,6,2,5,1,0
2017-18,21700940,3,1610612747,4,4,2,1,2,2,1
2017-18,21700940,3,1610612759,5,6,6,3,2,0,0
2017-18,21700940,4,1610612747,4,8,7,3,1,1,0
2017-18,21700940,4,1610612759,3,2,2,0,2,0,1
2017-18,21700941,1,1610612757,5,4,2,1,4,2,0
2017-18,21700941,1,1610612760,5,7,3,4,1,4,0
2017-18,21700941,2,1610612757,5,7,6,3,1,1,1
2017-18,21700941,2,1610612760,6,8,7,4,2,1,0
2017-18,21700941,3,1610612757,2,2,2,1,1,0,0
2017-18,21700941,3,1610612760,5,3,2,2,2,1,1
2017-18,21700941,4,1610612757,7,10,9,2,4,1,1
2017-18,21700941,4,1610612760,2,3,2,2,0,1,0
2017-18,21700942,1,1610612758,3,2,2,1,2,0,0
2017-18,21700942,1,1610612762,6,7,3,3,3,4,0
2017-18,21700942,2,1610612758,2,2,2,1,1,0,0
2017-18,21700942,2,1610612762,7,9,6,4,3,3,0
2017-18,21700942,3,1610612758,6,9,7,5,1,2,0
2017-18,21700942,3,1610612762,5,4,4,1,4,0,0
2017-18,21700942,4,1610612758,5,4,3,2,3,1,0
2017-18,21700942,4,1610612762,5,9,6,2,3,3,0
2017-18,21700943,1,1610612737,1,1,1,1,0,0,0
2017-18,21700943,1,1610612756,3,3,2,2,1,1,0
2017-18,21700943,2,1610612737,4,2,2,1,1,0,2
2017-18,21700943,2,1610612756,3,2,2,1,1,0,1
2017-18,21700943,3,1610612737,5,5,4,2,3,1,0
2017-18,21700943,3,1610612756,6,5,3,3,2,2,0
2017-18,21700943,4,1610612737,4,4,3,2,1,1,1
2017-18,21700943,4,1610612756,5,5,2,3,1,3,0
2017-18,21700944,1,1610612761,1,2,2,1,0,0,0
2017-18,21700944,1,1610612766,4,1,0,1,3,1,0
2017-18,21700944,2,1610612761,5,6,4,3,2,2,0
2017-18,21700944,2,1610612766,6,8,7,4,2,1,0
2017-18,21700944,3,1610612761,4,5,4,2,1,1,1
2017-18,21700944,3,1610612766,6,10,8,4,2,2,0
2017-18,21700944,4,1610612761,9,14,11,3,6,3,0
2017-18,21700944,4,1610612766,10,16,14,8,2,2,0
2017-18,21700945,1,1610612754,5,6,6,1,4,0,0
2017-18,21700945,1,1610612764,2,0,0,0,1,0,1
2017-18,21700945,2,1610612754,5,6,6,3,2,0,0
2017-18,21700945,2,1610612764,6,10,7,5,1,3,0
2017-18,21700945,3,1610612754,4,4,4,2,1,0,1
2017-18,21700945,3,1610612764,1,0,0,0,0,0,1
2017-18,21700945,4,1610612754,6,8,6,2,4,2,0
2017-18,21700945,4,1610612764,7,9,8,4,1,1,2
2017-18,21700946,1,1610612740,6,6,4,3,3,2,0
2017-18,21700946,1,1610612742,5,8,6,3,2,2,0
2017-18,21700946,2,1610612740,6,5,4,3,2,1,1
2017-18,21700946,2,1610612742,5,8,6,4,1,2,0
2017-18,21700946,3,1610612740,6,6,4,4,2,2,0
2017-18,21700946,3,1610612742,7,8,6,3,4,2,0
2017-18,21700946,4,1610612740,2,4,4,2,0,0,0
2017-18,21700946,4,1610612742,4,1,1,1,2,0,1
2017-18,21700947,1,1610612749,3,2,2,1,2,0,0
2017-18,21700947,1,1610612755,6,8,7,3,2,1,1
2017-18,21700947,2,1610612749,8,10,7,5,3,3,0
2017-18,21700947,2,1610612755,6,5,4,2,4,1,0
2017-18,21700947,3,1610612749,4,3,2,2,1,1,1
2017-18,21700947,3,1610612755,5,4,4,1,3,0,1
2017-18,21700947,4,1610612749,5,7,3,2,2,4,0
2017-18,21700947,4,1610612755,5,5,3,3,1,2,1
2017-18,21700948,1,1610612746,4,6,4,2,2,2,0
2017-18,21700948,1,1610612751,6,7,7,4,2,0,0
2017-18,21700948,2,1610612746,6,9,7,4,2,2,0
2017-18,21700948,2,1610612751,4,4,3,2,1,1,1
2017-18,21700948,3,1610612746,5,7,7,4,1,0,0
2017-18,21700948,3,1610612751,6,8,7,4,2,1,0
2017-18,21700948,4,1610612746,6,8,7,3,3,1,0
2017-18,21700948,4,1610612751,4,4,4,2,1,0,1
2017-18,21700949,1,1610612752,1,0,0,0,0,0,1
2017-18,21700949,1,1610612758,5,5,5,2,3,0,0
2017-18,21700949,2,1610612752,9,13,10,6,2,3,1
2017-18,21700949,2,1610612758,5,2,2,0,5,0,0
2017-18,21700949,3,1610612752,3,0,0,0,3,0,0
2017-18,21700949,3,1610612758,3,4,4,2,1,0,0
2017-18,21700949,4,1610612752,4,5,3,2,2,2,0
2017-18,21700949,4,1610612758,4,0,0,0,3,0,1
2017-18,21700950,1,1610612739,4,1,1,1,2,0,1
2017-18,21700950,1,1610612765,2,0,0,0,2,0,0
2017-18,21700950,2,1610612739,7,8,5,3,3,3,1
2017-18,21700950,2,1610612765,5,5,4,2,2,1,1
2017-18,21700950,3,1610612739,5,8,8,3,1,0,1
2017-18,21700950,3,1610612765,5,3,1,1,4,2,0
2017-18,21700950,4,1610612739,4,0,0,0,2,0,1
2017-18,21700950,4,1610612765,5,7,5,4,0,2,1
2017-18,21700951,1,1610612749,4,5,4,2,2,1,0
2017-18,21700951,1,1610612754,4,3,3,2,2,0,0
2017-18,21700951,2,1610612749,3,3,3,2,1,0,0
2017-18,21700951,2,1610612754,4,7,5,3,0,2,1
2017-18,21700951,3,1610612749,3,3,3,1,1,0,1
2017-18,21700951,3,1610612754,3,6,4,3,0,2,0
2017-18,21700951,4,1610612749,5,5,4,3,2,1,0
2017-18,21700951,4,1610612754,5,5,4,2,3,1,0
2017-18,21700952,1,1610612748,2,0,0,0,2,0,0
2017-18,21700952,1,1610612756,5,7,5,3,2,2,0
2017-18,21700952,2,1610612748,7,10,8,3,3,2,0
2017-18,21700952,2,1610612756,3,6,3,2,1,3,0
2017-18,21700952,3,1610612748,4,3,3,2,2,0,0
2017-18,21700952,3,1610612756,2,1,0,1,1,1,0
2017-18,21700952,4,1610612748,5,10,8,5,0,2,0
2017-18,21700952,4,1610612756,3,4,1,2,1,3,0
2017-18,21700953,1,1610612738,3,1,1,1,2,0,0
2017-18,21700953,1,1610612741,3,3,2,2,1,1,0
2017-18,21700953,2,1610612738,3,4,4,2,1,0,0
2017-18,21700953,2,1610612741,3,4,2,2,1,2,0
2017-18,21700953,3,1610612738,3,1,1,1,2,0,0
2017-18,21700953,3,1610612741,3,4,3,2,1,1,0
2017-18,21700953,4,1610612738,5,6,5,3,2,1,0
2017-18,21700953,4,1610612741,4,9,6,4,0,3,0
2017-18,21700954,1,1610612759,4,6,5,3,1,1,0
2017-18,21700954,1,1610612763,2,5,4,2,0,1,0
2017-18,21700954,2,1610612759,5,9,8,3,2,1,0
2017-18,21700954,2,1610612763,3,1,0,1,2,1,0
2017-18,21700954,3,1610612759,6,6,4,2,4,2,0
2017-18,21700954,3,1610612763,2,3,2,0,1,1,1
2017-18,21700954,4,1610612759,7,10,7,2,2,3,2
2017-18,21700954,4,1610612763,3,0,0,0,3,0,0
2017-18,21700955,1,1610612753,4,0,0,0,3,0,1
2017-18,21700955,1,1610612762,1,0,0,0,1,0,0
2017-18,21700955,2,1610612753,5,4,4,2,2,0,1
2017-18,21700955,2,1610612762,4,0,0,0,4,0,0
2017-18,21700955,3,1610612753,6,6,4,2,2,2,2
2017-18,21700955,3,1610612762,6,8,3,3,3,5,0
2017-18,21700955,4,1610612753,4,4,3,1,3,1,0
2017-18,21700955,4,1610612762,7,10,9,5,2,1,0
2017-18,21700956,1,1610612747,4,2,2,1,3,0,0
2017-18,21700956,1,1610612757,5,8,7,4,1,1,0
2017-18,21700956,2,1610612747,6,7,5,2,3,2,1
2017-18,21700956,2,1610612757,5,8,6,4,1,2,0
2017-18,21700956,3,1610612747,10,16,13,4,6,3,0
2017-18,21700956,3,1610612757,5,8,5,3,1,3,1
2017-18,21700956,4,1610612747,4,6,4,3,0,2,0
2017-18,21700956,4,1610612757,8,14,10,4,3,4,1
2017-18,21700957,1,1610612755,2,2,2,1,1,0,0
2017-18,21700957,1,1610612766,3,6,4,3,0,2,0
2017-18,21700957,2,1610612755,3,8,6,2,1,2,0
2017-18,21700957,2,1610612766,5,4,3,1,4,1,0
2017-18,21700957,3,1610612755,2,1,1,1,1,0,0
2017-18,21700957,3,1610612766,6,11,8,5,1,3,0
2017-18,21700957,4,1610612755,3,4,3,2,1,1,0
2017-18,21700957,4,1610612766,5,10,8,5,0,2,0
2017-18,21700958,1,1610612737,3,3,2,2,1,1,0
2017-18,21700958,1,1610612761,5,8,7,4,1,1,0
2017-18,21700958,2,1610612737,6,10,8,2,4,2,0
2017-18,21700958,2,1610612761,4,1,1,1,3,0,0
2017-18,21700958,3,1610612737,5,6,5,1,3,1,0
2017-18,21700958,3,1610612761,9,16,14,9,0,2,0
2017-18,21700958,4,1610612737,4,2,1,1,3,1,0
2017-18,21700958,4,1610612761,5,8,6,4,1,2,0
2017-18,21700959,1,1610612748,3,4,3,1,1,1,0
2017-18,21700959,1,1610612764,3,2,2,1,1,0,1
2017-18,21700959,2,1610612748,6,12,8,5,1,4,0
2017-18,21700959,2,1610612764,7,11,10,4,3,1,0
2017-18,21700959,3,1610612748,2,4,3,2,0,1,0
2017-18,21700959,3,1610612764,1,2,2,1,0,0,0
2017-18,21700959,4,1610612748,5,2,2,2,3,0,0
2017-18,21700959,4,1610612764,4,2,2,1,2,0,1
2017-18,21700960,1,1610612745,7,5,4,2,5,1,0
2017-18,21700960,1,1610612760,2,2,2,1,1,0,0
2017-18,21700960,2,1610612745,2,0,0,0,2,0,0
2017-18,21700960,2,1610612760,3,0,0,0,3,0,0
2017-18,21700960,3,1610612745,0,0,0,0,0,0,0
2017-18,21700960,3,1610612760,5,1,1,0,2,0,3
2017-18,21700960,4,1610612745,17,29,25,3,14,4,0
2017-18,21700960,4,1610612760,7,8,5,3,3,3,1
2017-18,21700961,1,1610612742,3,5,4,2,1,1,0
2017-18,21700961,1,1610612743,6,6,4,1,5,2,0
2017-18,21700961,2,1610612742,5,9,7,5,0,2,0
2017-18,21700961,2,1610612743,4,5,5,3,1,0,0
2017-18,21700961,3,1610612742,3,6,5,3,0,1,0
2017-18,21700961,3,1610612743,4,6,5,3,1,1,0
2017-18,21700961,4,1610612742,5,3,1,1,4,2,0
2017-18,21700961,4,1610612743,5,9,6,5,0,3,0
2017-18,21700962,1,1610612752,2,3,3,2,0,0,0
2017-18,21700962,1,1610612757,4,5,4,2,1,1,1
2017-18,21700962,2,1610612752,6,8,5,2,4,3,0
2017-18,21700962,2,1610612757,4,5,5,2,2,0,0
2017-18,21700962,3,1610612752,4,2,0,1,3,2,0
2017-18,21700962,3,1610612757,6,10,9,4,2,1,0
2017-18,21700962,4,1610612752,1,2,2,1,0,0,0
2017-18,21700962,4,1610612757,3,4,3,2,1,1,0
2017-18,21700963,1,1610612744,3,4,4,2,1,0,0
2017-18,21700963,1,1610612751,2,5,5,2,0,0,0
2017-18,21700963,2,1610612744,1,0,0,0,1,0,0
2017-18,21700963,2,1610612751,3,3,2,2,1,1,0
2017-18,21700963,3,1610612744,6,5,4,1,5,1,0
2017-18,21700963,3,1610612751,4,5,4,3,1,1,0
2017-18,21700963,4,1610612744,5,2,1,0,5,1,0
2017-18,21700963,4,1610612751,9,12,9,2,7,3,0
2017-18,21700964,1,1610612740,4,1,1,1,2,0,1
2017-18,21700964,1,1610612746,3,4,2,1,2,2,0
2017-18,21700964,2,1610612740,4,5,4,2,2,1,0
2017-18,21700964,2,1610612746,6,7,5,3,2,2,1
2017-18,21700964,3,1610612740,3,1,1,1,1,0,1
2017-18,21700964,3,1610612746,5,6,4,3,2,2,0
2017-18,21700964,4,1610612740,7,11,10,3,4,1,0
2017-18,21700964,4,1610612746,5,9,6,4,1,3,0
2017-18,21700965,1,1610612754,2,3,2,1,1,1,0
2017-18,21700965,1,1610612762,4,2,1,1,3,1,0
2017-18,21700965,2,1610612754,7,7,6,3,2,1,2
2017-18,21700965,2,1610612762,2,1,0,1,1,1,0
2017-18,21700965,3,1610612754,5,6,4,2,1,2,2
2017-18,21700965,3,1610612762,3,3,2,1,2,1,0
2017-18,21700965,4,1610612754,3,1,1,1,2,0,0
2017-18,21700965,4,1610612762,6,10,8,6,0,2,0
2017-18,21700966,1,1610612761,4,2,2,2,2,0,0
2017-18,21700966,1,1610612765,2,2,2,1,1,0,0
2017-18,21700966,2,1610612761,5,6,5,2,3,1,0
2017-18,21700966,2,1610612765,6,9,6,4,2,3,0
2017-18,21700966,3,1610612761,7,7,6,5,2,1,0
2017-18,21700966,3,1610612765,5,4,4,1,2,0,1
2017-18,21700966,4,1610612761,4,5,5,3,1,0,0
2017-18,21700966,4,1610612765,7,8,6,4,2,2,1
2017-18,21700967,1,1610612741,3,0,0,0,1,0,2
2017-18,21700967,1,1610612763,4,8,5,4,0,3,0
2017-18,21700967,2,1610612741,8,16,11,5,2,5,1
2017-18,21700967,2,1610612763,4,8,6,4,0,2,0
2017-18,21700967,3,1610612741,5,5,3,2,2,2,1
2017-18,21700967,3,1610612763,7,6,6,1,6,0,0
2017-18,21700967,4,1610612741,10,11,10,3,5,1,2
2017-18,21700967,4,1610612763,3,3,3,2,1,0,0
2017-18,21700968,1,1610612745,4,5,1,3,1,4,0
2017-18,21700968,1,1610612749,3,0,0,0,2,0,1
2017-18,21700968,2,1610612745,5,6,4,3,2,2,0
2017-18,21700968,2,1610612749,4,6,5,3,1,1,0
2017-18,21700968,3,1610612745,6,7,5,5,1,2,0
2017-18,21700968,3,1610612749,8,8,5,5,2,3,1
2017-18,21700968,4,1610612745,6,9,8,2,4,1,0
2017-18,21700968,4,1610612749,5,5,4,3,2,1,0
2017-18,21700969,1,1610612740,2,1,1,1,1,0,0
2017-18,21700969,1,1610612758,3,4,3,2,0,1,1
2017-18,21700969,2,1610612740,6,6,6,3,2,0,1
2017-18,21700969,2,1610612758,4,6,4,2,2,2,0
2017-18,21700969,3,1610612740,4,1,1,1,2,0,1
2017-18,21700969,3,1610612758,6,6,6,3,3,0,0
2017-18,21700969,4,1610612740,4,1,1,1,3,0,0
2017-18,21700969,4,1610612758,4,1,1,1,2,0,1
2017-18,21700970,1,1610612739,3,7,5,3,0,2,0
2017-18,21700970,1,1610612743,4,2,1,2,1,1,0
2017-18,21700970,2,1610612739,6,7,6,3,3,1,0
2017-18,21700970,2,1610612743,6,8,7,4,1,1,0
2017-18,21700970,3,1610612739,2,3,1,2,0,2,0
2017-18,21700970,3,1610612743,3,4,3,2,1,1,0
2017-18,21700970,4,1610612739,3,1,0,1,2,1,0
2017-18,21700970,4,1610612743,4,4,3,1,3,1,0
2017-18,21700971,1,1610612747,6,5,4,2,4,1,0
2017-18,21700971,1,1610612753,2,3,2,2,0,1,0
2017-18,21700971,2,1610612747,5,5,5,3,2,0,0
2017-18,21700971,2,1610612753,3,4,2,1,2,2,0
2017-18,21700971,3,1610612747,4,0,0,0,4,0,0
2017-18,21700971,3,1610612753,3,6,2,3,0,4,0
2017-18,21700971,4,1610612747,5,2,2,1,3,0,1
2017-18,21700971,4,1610612753,5,6,5,3,2,1,0
2017-18,21700972,1,1610612751,2,4,3,1,1,1,0
2017-18,21700972,1,1610612766,5,4,4,3,2,0,0
2017-18,21700972,2,1610612751,4,4,4,2,2,0,0
2017-18,21700972,2,1610612766,7,8,6,3,1,2,2
2017-18,21700972,3,1610612751,7,10,9,4,1,1,1
2017-18,21700972,3,1610612766,5,10,8,4,0,2,1
2017-18,21700972,4,1610612751,5,4,4,3,2,0,0
2017-18,21700972,4,1610612766,7,8,7,4,3,1,0
2017-18,21700973,1,1610612748,2,2,1,1,1,1,0
2017-18,21700973,1,1610612755,6,8,6,5,1,2,0
2017-18,21700973,2,1610612748,2,0,0,0,1,0,1
2017-18,21700973,2,1610612755,4,2,1,1,3,1,0
2017-18,21700973,3,1610612748,8,10,5,5,3,5,0
2017-18,21700973,3,1610612755,3,3,3,1,1,0,1
2017-18,21700973,4,1610612748,5,6,4,2,2,2,1
2017-18,21700973,4,1610612755,6,8,6,2,3,2,0
2017-18,21700974,1,1610612738,3,3,3,2,1,0,0
2017-18,21700974,1,1610612750,1,0,0,0,1,0,0
2017-18,21700974,2,1610612738,4,4,3,3,1,1,0
2017-18,21700974,2,1610612750,3,4,3,2,1,1,0
2017-18,21700974,3,1610612738,5,4,4,3,1,0,1
2017-18,21700974,3,1610612750,3,4,2,2,0,2,1
2017-18,21700974,4,1610612738,8,16,10,4,3,6,1
2017-18,21700974,4,1610612750,6,5,4,3,3,1,0
2017-18,21700975,1,1610612756,2,3,3,2,0,0,0
2017-18,21700975,1,1610612760,6,9,5,5,1,4,0
2017-18,21700975,2,1610612756,5,7,7,4,1,0,0
2017-18,21700975,2,1610612760,4,1,1,1,2,0,1
2017-18,21700975,3,1610612756,5,5,4,3,2,1,0
2017-18,21700975,3,1610612760,8,12,8,4,2,4,1
2017-18,21700975,4,1610612756,4,3,2,2,2,1,0
2017-18,21700975,4,1610612760,4,5,4,3,1,1,0
2017-18,21700976,1,1610612744,4,3,3,2,2,0,0
2017-18,21700976,1,1610612759,4,5,4,2,2,1,0
2017-18,21700976,2,1610612744,5,3,2,1,3,1,1
2017-18,21700976,2,1610612759,3,6,6,3,0,0,0
2017-18,21700976,3,1610612744,6,8,7,3,3,1,0
2017-18,21700976,3,1610612759,6,4,3,2,4,1,0
2017-18,21700976,4,1610612744,5,9,8,3,2,1,0
2017-18,21700976,4,1610612759,4,3,2,1,3,1,0
2017-18,21700977,1,1610612741,1,2,1,1,0,1,0
2017-18,21700977,1,1610612765,4,4,3,2,2,1,0
2017-18,21700977,2,1610612741,1,0,0,0,1,0,0
2017-18,21700977,2,1610612765,5,5,5,3,2,0,0
2017-18,21700977,3,1610612741,3,1,1,0,2,0,1
2017-18,21700977,3,1610612765,5,4,2,0,4,2,0
2017-18,21700977,4,1610612741,6,7,6,2,4,1,0
2017-18,21700977,4,1610612765,4,5,4,3,1,1,0
2017-18,21700978,1,1610612737,1,0,0,0,1,0,0
2017-18,21700978,1,1610612754,1,1,1,1,0,0,0
2017-18,21700978,2,1610612737,3,2,2,1,2,0,0
2017-18,21700978,2,1610612754,5,4,3,1,4,1,0
2017-18,21700978,3,1610612737,5,4,3,2,3,1,0
2017-18,21700978,3,1610612754,4,3,3,2,2,0,0
2017-18,21700978,4,1610612737,5,4,4,2,2,0,0
2017-18,21700978,4,1610612754,3,2,1,1,1,1,1
2017-18,21700979,1,1610612745,6,8,4,2,4,4,0
2017-18,21700979,1,1610612761,3,2,2,1,2,0,0
2017-18,21700979,2,1610612745,2,3,2,2,0,1,0
2017-18,21700979,2,1610612761,3,5,4,2,1,1,0
2017-18,21700979,3,1610612745,5,7,7,3,2,0,0
2017-18,21700979,3,1610612761,2,3,1,1,1,2,0
2017-18,21700979,4,1610612745,5,5,3,2,2,2,1
2017-18,21700979,4,1610612761,3,4,4,0,2,0,1
2017-18,21700980,1,1610612762,3,6,5,2,1,1,0
2017-18,21700980,1,1610612763,4,5,4,2,1,1,1
2017-18,21700980,2,1610612762,5,4,3,1,4,1,0
2017-18,21700980,2,1610612763,2,4,3,2,0,1,0
2017-18,21700980,3,1610612762,6,4,3,2,4,1,0
2017-18,21700980,3,1610612763,4,3,1,2,2,2,0
2017-18,21700980,4,1610612762,7,8,5,3,4,3,0
2017-18,21700980,4,1610612763,3,2,2,1,1,0,0
2017-18,21700981,1,1610612749,5,9,7,3,2,2,0
2017-18,21700981,1,1610612752,3,1,1,1,2,0,0
2017-18,21700981,2,1610612749,6,7,7,3,2,0,1
2017-18,21700981,2,1610612752,4,3,3,1,2,0,0
2017-18,21700981,3,1610612749,5,7,4,3,2,3,0
2017-18,21700981,3,1610612752,4,6,4,3,0,2,1
2017-18,21700981,4,1610612749,9,16,12,5,4,4,0
2017-18,21700981,4,1610612752,5,4,3,1,4,1,0
2017-18,21700982,1,1610612740,2,4,3,2,0,1,0
2017-18,21700982,1,1610612764,2,2,2,1,1,0,0
2017-18,21700982,2,1610612740,7,8,7,1,4,1,1
2017-18,21700982,2,1610612764,5,5,3,3,1,2,1
2017-18,21700982,3,1610612740,4,4,4,2,1,0,0
2017-18,21700982,3,1610612764,6,7,5,3,3,2,0
2017-18,21700982,4,1610612740,2,2,1,1,1,1,0
2017-18,21700982,4,1610612764,4,6,5,4,0,1,0
2017-18,21700983,1,1610612743,2,2,1,0,1,1,1
2017-18,21700983,1,1610612747,4,3,2,2,2,1,0
2017-18,21700983,2,1610612743,7,8,7,3,4,1,0
2017-18,21700983,2,1610612747,5,9,8,4,1,1,0
2017-18,21700983,3,1610612743,5,9,8,5,0,1,0
2017-18,21700983,3,1610612747,4,4,2,2,1,2,1
2017-18,21700983,4,1610612743,7,11,10,4,3,1,0
2017-18,21700983,4,1610612747,3,0,0,0,3,0,0
2017-18,21700984,1,1610612744,6,10,8,5,1,2,0
2017-18,21700984,1,1610612757,4,3,2,2,2,1,0
2017-18,21700984,2,1610612744,1,0,0,0,1,0,0
2017-18,21700984,2,1610612757,6,8,8,1,3,0,2
2017-18,21700984,3,1610612744,6,6,5,2,3,1,1
2017-18,21700984,3,1610612757,3,5,3,2,1,2,0
2017-18,21700984,4,1610612744,4,8,7,4,0,1,0
2017-18,21700984,4,1610612757,6,11,8,4,1,3,1
2017-18,21700985,1,1610612753,4,2,2,1,3,0,0
2017-18,21700985,1,1610612758,2,3,3,2,0,0,0
2017-18,21700985,2,1610612753,3,1,1,1,2,0,0
2017-18,21700985,2,1610612758,5,5,5,3,2,0,0
2017-18,21700985,3,1610612753,7,8,5,4,2,3,1
2017-18,21700985,3,1610612758,4,7,5,3,1,2,0
2017-18,21700985,4,1610612753,5,5,5,3,1,0,1
2017-18,21700985,4,1610612758,4,0,0,0,3,0,1
2017-18,21700986,1,1610612739,2,0,0,0,2,0,0
2017-18,21700986,1,1610612746,4,6,6,3,1,0,0
2017-18,21700986,2,1610612739,6,10,6,4,2,4,0
2017-18,21700986,2,1610612746,9,10,5,3,5,5,1
2017-18,21700986,3,1610612739,4,4,2,2,2,2,0
2017-18,21700986,3,1610612746,6,6,3,2,3,3,1
2017-18,21700986,4,1610612739,3,4,4,1,2,0,0
2017-18,21700986,4,1610612746,8,8,5,0,8,3,0
2017-18,21700987,1,1610612756,4,5,3,3,0,2,1
2017-18,21700987,1,1610612766,3,0,0,0,3,0,0
2017-18,21700987,2,1610612756,3,2,1,1,2,1,0
2017-18,21700987,2,1610612766,6,6,4,1,5,2,0
2017-18,21700987,3,1610612756,3,2,1,1,2,1,0
2017-18,21700987,3,1610612766,9,10,7,5,4,3,0
2017-18,21700987,4,1610612756,7,10,8,3,3,2,1
2017-18,21700987,4,1610612766,7,11,10,3,4,1,0
2017-18,21700988,1,1610612748,1,0,0,0,1,0,0
2017-18,21700988,1,1610612764,5,6,4,2,3,2,0
2017-18,21700988,2,1610612748,7,7,5,3,3,2,1
2017-18,21700988,2,1610612764,6,10,9,3,2,1,0
2017-18,21700988,3,1610612748,9,13,10,5,4,3,0
2017-18,21700988,3,1610612764,7,10,8,5,2,2,0
2017-18,21700988,4,1610612748,1,1,0,1,0,1,0
2017-18,21700988,4,1610612764,6,8,6,3,3,2,0
2017-18,21700989,1,1610612742,4,4,4,2,2,0,0
2017-18,21700989,1,1610612763,5,7,3,4,1,4,0
2017-18,21700989,2,1610612742,11,19,16,9,1,3,1
2017-18,21700989,2,1610612763,4,3,3,2,2,0,0
2017-18,21700989,3,1610612742,5,6,6,2,3,0,0
2017-18,21700989,3,1610612763,6,7,7,4,2,0,0
2017-18,21700989,4,1610612742,4,6,4,3,1,2,0
2017-18,21700989,4,1610612763,1,0,0,0,1,0,0
2017-18,21700990,1,1610612759,2,2,1,1,0,1,1
2017-18,21700990,1,1610612760,3,4,2,2,1,2,0
2017-18,21700990,2,1610612759,2,0,0,0,2,0,0
2017-18,21700990,2,1610612760,5,3,1,1,3,2,1
2017-18,21700990,3,1610612759,4,2,0,1,3,2,0
2017-18,21700990,3,1610612760,7,9,7,5,1,2,1
2017-18,21700990,4,1610612759,2,3,3,1,1,0,0
2017-18,21700990,4,1610612760,6,8,6,2,4,2,0
2017-18,21700991,1,1610612746,3,6,5,3,0,1,0
2017-18,21700991,1,1610612753,5,6,5,3,2,1,0
2017-18,21700991,2,1610612746,5,6,5,2,3,1,0
2017-18,21700991,2,1610612753,4,7,6,2,1,1,1
2017-18,21700991,3,1610612746,5,8,8,4,1,0,0
2017-18,21700991,3,1610612753,6,10,8,4,2,2,0
2017-18,21700991,4,1610612746,5,8,6,4,0,2,1
2017-18,21700991,4,1610612753,4,4,2,2,2,2,0
2017-18,21700992,1,1610612752,2,4,4,2,0,0,0
2017-18,21700992,1,1610612761,6,10,9,5,1,1,0
2017-18,21700992,2,1610612752,5,6,4,3,2,2,0
2017-18,21700992,2,1610612761,6,6,5,2,3,1,0
2017-18,21700992,3,1610612752,5,6,5,2,3,1,0
2017-18,21700992,3,1610612761,4,6,6,3,1,0,0
2017-18,21700992,4,1610612752,7,8,6,2,5,2,0
2017-18,21700992,4,1610612761,2,3,2,2,0,1,0
2017-18,21700993,1,1610612737,3,2,2,1,2,0,0
2017-18,21700993,1,1610612741,1,2,0,1,0,2,0
2017-18,21700993,2,1610612737,4,0,0,0,4,0,0
2017-18,21700993,2,1610612741,4,3,3,2,1,0,1
2017-18,21700993,3,1610612737,10,15,13,6,4,2,0
2017-18,21700993,3,1610612741,3,4,4,2,1,0,0
2017-18,21700993,4,1610612737,6,5,4,2,4,1,0
2017-18,21700993,4,1610612741,6,10,9,1,5,1,0
2017-18,21700994,1,1610612744,2,4,4,2,0,0,0
2017-18,21700994,1,1610612750,2,2,1,2,0,1,0
2017-18,21700994,2,1610612744,5,8,7,4,1,1,0
2017-18,21700994,2,1610612750,4,4,3,3,1,1,0
2017-18,21700994,3,1610612744,4,2,2,1,2,0,1
2017-18,21700994,3,1610612750,6,9,8,4,2,1,0
2017-18,21700994,4,1610612744,4,7,6,4,0,1,0
2017-18,21700994,4,1610612750,5,6,3,2,2,3,1
2017-18,21700995,1,1610612740,6,5,4,1,3,1,2
2017-18,21700995,1,1610612762,3,5,5,3,0,0,0
2017-18,21700995,2,1610612740,4,4,4,2,2,0,0
2017-18,21700995,2,1610612762,5,2,2,0,5,0,0
2017-18,21700995,3,1610612740,2,0,0,0,2,0,0
2017-18,21700995,3,1610612762,8,7,7,4,4,0,0
2017-18,21700995,4,1610612740,5,4,3,3,2,1,0
2017-18,21700995,4,1610612762,7,11,10,5,2,1,0
2017-18,21700996,1,1610612743,5,7,2,4,0,5,1
2017-18,21700996,1,1610612758,2,4,3,2,0,1,0
2017-18,21700996,2,1610612743,7,9,8,5,2,1,0
2017-18,21700996,2,1610612758,6,10,6,5,1,4,0
2017-18,21700996,3,1610612743,5,1,1,1,4,0,0
2017-18,21700996,3,1610612758,3,2,2,1,2,0,0
2017-18,21700996,4,1610612743,4,4,4,2,2,0,0
2017-18,21700996,4,1610612758,6,10,9,4,1,1,0
2017-18,21700997,1,1610612742,3,0,0,0,3,0,0
2017-18,21700997,1,1610612745,3,4,1,2,0,3,1
2017-18,21700997,2,1610612742,5,4,3,1,3,1,1
2017-18,21700997,2,1610612745,7,5,5,1,4,0,2
2017-18,21700997,3,1610612742,6,6,3,2,4,3,0
2017-18,21700997,3,1610612745,4,3,2,2,2,1,0
2017-18,21700997,4,1610612742,4,8,5,4,0,3,0
2017-18,21700997,4,1610612745,4,2,2,1,2,0,1
2017-18,21700998,1,1610612738,2,5,3,2,0,2,0
2017-18,21700998,1,1610612754,4,2,2,1,1,0,2
2017-18,21700998,2,1610612738,5,0,0,0,5,0,0
2017-18,21700998,2,1610612754,1,1,0,1,0,1,0
2017-18,21700998,3,1610612738,3,4,4,2,1,0,0
2017-18,21700998,3,1610612754,3,3,3,2,1,0,0
2017-18,21700998,4,1610612738,8,12,10,5,3,2,0
2017-18,21700998,4,1610612754,5,4,4,1,3,0,1
2017-18,21700999,1,1610612751,3,5,5,3,0,0,0
2017-18,21700999,1,1610612755,3,3,2,2,1,1,0
2017-18,21700999,2,1610612751,6,9,8,5,0,1,1
2017-18,21700999,2,1610612755,6,9,6,3,3,3,0
2017-18,21700999,3,1610612751,3,2,2,1,2,0,0
2017-18,21700999,3,1610612755,4,6,3,3,0,3,1
2017-18,21700999,4,1610612751,7,8,6,2,3,2,2
2017-18,21700999,4,1610612755,1,0,0,0,0,0,1
2017-18,21701000,1,1610612739,5,7,6,3,2,1,0
2017-18,21701000,1,1610612747,1,2,1,1,0,1,0
2017-18,21701000,2,1610612739,4,4,3,2,2,1,0
2017-18,21701000,2,1610612747,5,6,6,2,1,0,2
2017-18,21701000,3,1610612739,2,4,3,2,0,1,0
2017-18,21701000,3,1610612747,5,8,8,3,2,0,0
2017-18,21701000,4,1610612739,6,8,7,3,2,1,1
2017-18,21701000,4,1610612747,5,4,3,3,2,1,0
2017-18,21701001,1,1610612745,4,7,4,3,1,3,0
2017-18,21701001,1,1610612759,3,2,1,1,2,1,0
2017-18,21701001,2,1610612745,5,5,3,2,2,2,1
2017-18,21701001,2,1610612759,5,7,3,4,0,4,1
2017-18,21701001,3,1610612745,5,9,9,4,1,0,0
2017-18,21701001,3,1610612759,6,8,7,4,1,1,1
2017-18,21701001,4,1610612745,2,2,2,1,1,0,0
2017-18,21701001,4,1610612759,6,6,5,2,3,1,1
2017-18,21701002,1,1610612749,4,0,0,0,4,0,0
2017-18,21701002,1,1610612763,5,3,1,2,2,2,1
2017-18,21701002,2,1610612749,6,7,6,2,3,1,1
2017-18,21701002,2,1610612763,6,6,3,2,4,3,0
2017-18,21701002,3,1610612749,4,3,2,1,3,1,0
2017-18,21701002,3,1610612763,2,0,0,0,2,0,0
2017-18,21701002,4,1610612749,9,12,7,4,3,5,2
2017-18,21701002,4,1610612763,6,10,6,3,1,4,1
2017-18,21701003,1,1610612758,5,4,2,2,2,2,1
2017-18,21701003,1,1610612760,5,4,3,1,4,1,0
2017-18,21701003,2,1610612758,3,5,4,3,0,1,0
2017-18,21701003,2,1610612760,5,4,2,1,3,2,1
2017-18,21701003,3,1610612758,3,1,1,1,1,0,1
2017-18,21701003,3,1610612760,5,6,6,2,3,0,0
2017-18,21701003,4,1610612758,4,6,6,2,2,0,0
2017-18,21701003,4,1610612760,5,4,3,1,4,1,0
2017-18,21701004,1,1610612748,2,3,3,2,0,0,0
2017-18,21701004,1,1610612757,7,11,9,6,1,2,0
2017-18,21701004,2,1610612748,5,6,6,4,0,0,1
2017-18,21701004,2,1610612757,4,5,5,2,2,0,0
2017-18,21701004,3,1610612748,5,5,2,2,3,3,0
2017-18,21701004,3,1610612757,7,10,8,4,3,2,0
2017-18,21701004,4,1610612748,1,2,0,1,0,2,0
2017-18,21701004,4,1610612757,4,4,3,2,2,1,0
2017-18,21701005,1,1610612754,6,5,5,3,3,0,0
2017-18,21701005,1,1610612755,5,5,4,2,2,1,1
2017-18,21701005,2,1610612754,7,8,6,3,3,2,1
2017-18,21701005,2,1610612755,5,8,6,3,2,2,0
2017-18,21701005,3,1610612754,4,5,4,3,1,1,0
2017-18,21701005,3,1610612755,6,7,6,2,4,1,0
2017-18,21701005,4,1610612754,6,7,5,3,3,2,0
2017-18,21701005,4,1610612755,4,2,2,1,2,0,1
2017-18,21701006,1,1610612750,2,1,1,1,1,0,0
2017-18,21701006,1,1610612764,2,2,2,1,1,0,0
2017-18,21701006,2,1610612750,6,7,5,2,4,2,0
2017-18,21701006,2,1610612764,6,10,7,4,2,3,0
2017-18,21701006,3,1610612750,5,8,8,3,2,0,0
2017-18,21701006,3,1610612764,5,6,5,3,2,1,0
2017-18,21701006,4,1610612750,4,3,3,2,2,0,0
2017-18,21701006,4,1610612764,7,7,5,3,4,2,0
2017-18,21701007,1,1610612737,4,3,3,2,2,0,0
2017-18,21701007,1,1610612760,6,7,4,4,2,3,0
2017-18,21701007,2,1610612737,9,15,13,7,1,2,1
2017-18,21701007,2,1610612760,4,2,2,1,3,0,0
2017-18,21701007,3,1610612737,4,2,2,0,3,0,1
2017-18,21701007,3,1610612760,5,5,4,3,1,1,1
2017-18,21701007,4,1610612737,4,4,2,2,1,2,1
2017-18,21701007,4,1610612760,7,11,9,6,0,2,1
2017-18,21701008,1,1610612751,3,3,3,1,2,0,0
2017-18,21701008,1,1610612761,3,3,3,2,1,0,0
2017-18,21701008,2,1610612751,5,6,6,3,2,0,0
2017-18,21701008,2,1610612761,2,1,0,1,1,1,0
2017-18,21701008,3,1610612751,4,1,1,1,3,0,0
2017-18,21701008,3,1610612761,6,8,7,3,2,1,1
2017-18,21701008,4,1610612751,7,9,7,2,3,2,2
2017-18,21701008,4,1610612761,7,9,7,2,4,2,1
2017-18,21701009,1,1610612742,4,5,4,2,2,1,0
2017-18,21701009,1,1610612752,4,2,1,1,3,1,0
2017-18,21701009,2,1610612742,4,6,6,3,1,0,0
2017-18,21701009,2,1610612752,3,1,1,1,1,0,1
2017-18,21701009,3,1610612742,1,0,0,0,0,0,1
2017-18,21701009,3,1610612752,2,0,0,0,2,0,0
2017-18,21701009,4,1610612742,5,7,6,3,2,1,0
2017-18,21701009,4,1610612752,5,9,7,4,1,2,0
2017-18,21701010,1,1610612741,3,1,0,0,1,1,1
2017-18,21701010,1,1610612746,5,5,4,1,4,1,0
2017-18,21701010,2,1610612741,1,2,1,1,0,1,0
2017-18,21701010,2,1610612746,9,16,11,5,3,5,1
2017-18,21701010,3,1610612741,4,4,4,2,2,0,0
2017-18,21701010,3,1610612746,5,8,7,5,0,1,0
2017-18,21701010,4,1610612741,6,8,8,4,1,0,1
2017-18,21701010,4,1610612746,8,12,8,6,0,4,2
2017-18,21701011,1,1610612740,4,4,3,2,2,1,0
2017-18,21701011,1,1610612766,5,5,5,3,2,0,0
2017-18,21701011,2,1610612740,1,2,1,1,0,1,0
2017-18,21701011,2,1610612766,5,8,5,4,1,3,0
2017-18,21701011,3,1610612740,3,0,0,0,2,0,1
2017-18,21701011,3,1610612766,2,4,3,2,0,1,0
2017-18,21701011,4,1610612740,4,2,2,0,3,0,0
2017-18,21701011,4,1610612766,4,5,5,2,2,0,0
2017-18,21701012,1,1610612753,2,0,0,0,1,0,1
2017-18,21701012,1,1610612759,4,3,1,2,2,2,0
2017-18,21701012,2,1610612753,4,4,4,2,1,0,1
2017-18,21701012,2,1610612759,8,14,12,6,2,2,0
2017-18,21701012,3,1610612753,4,5,5,3,1,0,0
2017-18,21701012,3,1610612759,4,6,6,3,0,0,1
2017-18,21701012,4,1610612753,1,0,0,0,0,0,1
2017-18,21701012,4,1610612759,0,0,0,0,0,0,0
2017-18,21701013,1,1610612762,3,3,2,2,1,1,0
2017-18,21701013,1,1610612765,4,4,3,2,1,1,1
2017-18,21701013,2,1610612762,4,3,1,2,2,2,0
2017-18,21701013,2,1610612765,3,0,0,0,3,0,0
2017-18,21701013,3,1610612762,4,6,3,3,1,3,0
2017-18,21701013,3,1610612765,6,10,6,3,3,4,0
2017-18,21701013,4,1610612762,8,11,7,7,1,4,0
2017-18,21701013,4,1610612765,7,5,5,2,5,0,0
2017-18,21701014,1,1610612739,7,15,12,4,1,3,1
2017-18,21701014,1,1610612756,3,3,3,2,1,0,0
2017-18,21701014,2,1610612739,5,8,8,4,1,0,0
2017-18,21701014,2,1610612756,8,11,10,4,4,1,0
2017-18,21701014,3,1610612739,4,5,5,2,2,0,0
2017-18,21701014,3,1610612756,7,10,7,3,2,3,2
2017-18,21701014,4,1610612739,2,2,1,1,0,1,1
2017-18,21701014,4,1610612756,5,6,5,2,2,1,1
2017-18,21701015,1,1610612743,5,2,2,0,4,0,1
2017-18,21701015,1,1610612747,5,3,3,1,3,0,1
2017-18,21701015,2,1610612743,7,6,4,4,2,2,1
2017-18,21701015,2,1610612747,6,7,6,2,4,1,0
2017-18,21701015,3,1610612743,4,1,1,1,3,0,0
2017-18,21701015,3,1610612747,3,1,1,1,2,0,0
2017-18,21701015,4,1610612743,7,10,7,3,4,3,0
2017-18,21701015,4,1610612747,10,14,7,2,6,7,1
2017-18,21701016,1,1610612749,2,0,0,0,1,0,1
2017-18,21701016,1,1610612753,7,9,9,3,3,0,1
2017-18,21701016,2,1610612749,6,7,5,4,2,2,0
2017-18,21701016,2,1610612753,2,1,0,1,1,1,0
2017-18,21701016,3,1610612749,3,1,1,1,1,0,1
2017-18,21701016,3,1610612753,3,5,3,2,0,2,1
2017-18,21701016,4,1610612749,5,4,3,3,2,1,0
2017-18,21701016,4,1610612753,7,8,8,1,6,0,0
2017-18,21701017,1,1610612738,5,6,5,2,3,1,0
2017-18,21701017,1,1610612764,2,1,0,1,1,1,0
2017-18,21701017,2,1610612738,6,6,4,1,4,2,1
2017-18,21701017,2,1610612764,6,8,6,3,3,2,0
2017-18,21701017,3,1610612738,3,3,2,2,1,1,0
2017-18,21701017,3,1610612764,2,4,4,2,0,0,0
2017-18,21701017,4,1610612738,6,6,5,1,5,1,0
2017-18,21701017,4,1610612764,3,4,3,2,1,1,0
2017-18,21701018,1,1610612748,4,4,4,2,1,0,1
2017-18,21701018,1,1610612758,5,3,0,3,1,3,1
2017-18,21701018,2,1610612748,5,4,3,1,4,1,0
2017-18,21701018,2,1610612758,5,7,7,3,1,0,1
2017-18,21701018,3,1610612748,2,2,2,1,1,0,0
2017-18,21701018,3,1610612758,2,3,3,2,0,0,0
2017-18,21701018,4,1610612748,7,9,8,3,3,1,1
2017-18,21701018,4,1610612758,6,6,4,3,2,2,0
2017-18,21701019,1,1610612744,3,5,5,3,0,0,0
2017-18,21701019,1,1610612747,4,9,5,4,0,4,0
2017-18,21701019,2,1610612744,6,9,5,6,0,4,0
2017-18,21701019,2,1610612747,8,7,5,5,3,2,0
2017-18,21701019,3,1610612744,3,7,7,2,0,0,1
2017-18,21701019,3,1610612747,5,2,1,0,5,1,0
2017-18,21701019,4,1610612744,6,7,6,2,3,1,1
2017-18,21701019,4,1610612747,7,10,7,2,5,3,0
2017-18,21701020,1,1610612754,3,5,5,3,0,0,0
2017-18,21701020,1,1610612761,4,2,2,1,3,0,0
2017-18,21701020,2,1610612754,3,4,4,2,1,0,0
2017-18,21701020,2,1610612761,7,10,7,3,4,3,0
2017-18,21701020,3,1610612754,5,4,1,1,3,3,1
2017-18,21701020,3,1610612761,7,8,8,3,3,0,1
2017-18,21701020,4,1610612754,4,4,2,2,2,2,0
2017-18,21701020,4,1610612761,6,8,7,2,3,1,1
2017-18,21701021,1,1610612737,5,4,4,2,1,0,2
2017-18,21701021,1,1610612766,6,6,4,4,2,2,0
2017-18,21701021,2,1610612737,6,8,5,3,1,3,2
2017-18,21701021,2,1610612766,7,10,6,4,3,4,0
2017-18,21701021,3,1610612737,4,6,3,3,1,3,0
2017-18,21701021,3,1610612766,5,7,6,3,0,1,2
2017-18,21701021,4,1610612737,6,8,5,2,3,3,0
2017-18,21701021,4,1610612766,5,7,4,5,0,3,0
2017-18,21701022,1,1610612752,5,6,5,3,1,1,1
2017-18,21701022,1,1610612755,6,10,9,4,2,1,0
2017-18,21701022,2,1610612752,3,5,4,3,0,1,0
2017-18,21701022,2,1610612755,4,5,3,3,0,2,1
2017-18,21701022,3,1610612752,4,5,2,3,1,3,0
2017-18,21701022,3,1610612755,5,6,2,2,3,4,0
2017-18,21701022,4,1610612752,6,8,4,4,2,4,0
2017-18,21701022,4,1610612755,8,13,7,3,5,6,0
2017-18,21701023,1,1610612745,4,5,5,2,1,0,1
2017-18,21701023,1,1610612746,2,3,2,2,0,1,0
2017-18,21701023,2,1610612745,6,4,3,1,4,1,1
2017-18,21701023,2,1610612746,3,2,0,1,2,2,0
2017-18,21701023,3,1610612745,6,8,7,4,1,1,1
2017-18,21701023,3,1610612746,1,1,0,0,1,1,0
2017-18,21701023,4,1610612745,4,6,4,2,2,2,0
2017-18,21701023,4,1610612746,4,2,2,1,2,0,1
2017-18,21701024,1,1610612741,5,5,4,2,2,1,1
2017-18,21701024,1,1610612763,4,4,4,2,2,0,0
2017-18,21701024,2,1610612741,5,8,5,5,0,3,0
2017-18,21701024,2,1610612763,5,4,3,2,3,1,0
2017-18,21701024,3,1610612741,8,13,12,5,2,1,1
2017-18,21701024,3,1610612763,4,6,5,3,1,1,0
2017-18,21701024,4,1610612741,3,7,5,3,0,2,0
2017-18,21701024,4,1610612763,7,11,9,5,2,2,0
2017-18,21701025,1,1610612740,2,0,0,0,2,0,0
2017-18,21701025,1,1610612759,1,0,0,0,1,0,0
2017-18,21701025,2,1610612740,5,9,9,5,0,0,0
2017-18,21701025,2,1610612759,4,4,4,2,2,0,0
2017-18,21701025,3,1610612740,2,2,2,1,1,0,0
2017-18,21701025,3,1610612759,5,6,5,1,4,1,0
2017-18,21701025,4,1610612740,5,5,4,2,2,1,1
2017-18,21701025,4,1610612759,6,9,8,2,4,1,0
2017-18,21701026,1,1610612743,3,2,1,2,1,1,0
2017-18,21701026,1,1610612765,2,2,2,1,1,0,0
2017-18,21701026,2,1610612743,7,16,12,5,2,4,0
2017-18,21701026,2,1610612765,4,2,1,1,2,1,1
2017-18,21701026,3,1610612743,3,3,3,1,2,0,0
2017-18,21701026,3,1610612765,3,5,4,3,0,1,0
2017-18,21701026,4,1610612743,7,7,6,1,5,1,1
2017-18,21701026,4,1610612765,5,8,4,4,1,4,0
2017-18,21701027,1,1610612756,4,4,3,2,1,1,1
2017-18,21701027,1,1610612762,5,7,5,3,2,2,0
2017-18,21701027,2,1610612756,5,7,4,3,1,3,1
2017-18,21701027,2,1610612762,9,10,8,2,7,2,0
2017-18,21701027,3,1610612756,7,11,9,3,4,2,0
2017-18,21701027,3,1610612762,6,11,4,4,1,7,0
2017-18,21701027,4,1610612756,2,2,1,1,1,1,0
2017-18,21701027,4,1610612762,3,4,3,2,1,1,0
2017-18,21701028,1,1610612739,3,3,3,1,1,0,1
2017-18,21701028,1,1610612757,4,4,3,2,1,1,1
2017-18,21701028,2,1610612739,6,12,8,4,2,4,0
2017-18,21701028,2,1610612757,6,6,5,2,3,1,1
2017-18,21701028,3,1610612739,3,5,1,2,1,4,0
2017-18,21701028,3,1610612757,5,4,2,1,4,2,0
2017-18,21701028,4,1610612739,1,1,0,1,0,1,0
2017-18,21701028,4,1610612757,5,5,5,1,2,0,2
2017-18,21701029,1,1610612738,3,4,4,2,1,0,0
2017-18,21701029,1,1610612753,3,0,0,0,2,0,1
2017-18,21701029,2,1610612738,5,4,2,1,4,2,0
2017-18,21701029,2,1610612753,2,3,3,1,1,0,0
2017-18,21701029,3,1610612738,8,8,5,2,5,3,1
2017-18,21701029,3,1610612753,3,3,2,2,0,1,1
2017-18,21701029,4,1610612738,6,12,10,4,2,2,0
2017-18,21701029,4,1610612753,5,5,5,2,2,0,1
2017-18,21701030,1,1610612751,5,7,5,2,2,2,0
2017-18,21701030,1,1610612755,5,2,2,0,4,0,1
2017-18,21701030,2,1610612751,4,4,3,2,0,1,2
2017-18,21701030,2,1610612755,1,2,2,1,0,0,0
2017-18,21701030,3,1610612751,4,7,5,3,1,2,0
2017-18,21701030,3,1610612755,5,6,5,3,2,1,0
2017-18,21701030,4,1610612751,7,9,8,3,4,1,0
2017-18,21701030,4,1610612755,10,16,13,5,4,3,1
2017-18,21701031,1,1610612742,1,2,2,1,0,0,0
2017-18,21701031,1,1610612761,5,8,7,4,1,1,0
2017-18,21701031,2,1610612742,5,4,2,1,4,2,0
2017-18,21701031,2,1610612761,4,3,2,2,2,1,0
2017-18,21701031,3,1610612742,8,8,6,5,3,2,0
2017-18,21701031,3,1610612761,6,7,6,2,2,1,2
2017-18,21701031,4,1610612742,3,4,3,2,0,1,1
2017-18,21701031,4,1610612761,7,7,6,3,4,1,0
2017-18,21701032,1,1610612746,3,2,2,1,2,0,0
2017-18,21701032,1,1610612760,4,5,5,3,1,0,0
2017-18,21701032,2,1610612746,4,2,1,1,2,1,1
2017-18,21701032,2,1610612760,5,8,5,4,1,3,0
2017-18,21701032,3,1610612746,6,8,6,2,4,2,0
2017-18,21701032,3,1610612760,1,1,1,0,1,0,0
2017-18,21701032,4,1610612746,7,11,9,4,3,2,0
2017-18,21701032,4,1610612760,7,8,7,2,5,1,0
2017-18,21701033,1,1610612744,4,2,1,1,3,1,0
2017-18,21701033,1,1610612758,2,0,0,0,1,0,1
2017-18,21701033,2,1610612744,4,8,6,4,0,2,0
2017-18,21701033,2,1610612758,8,11,7,4,4,4,0
2017-18,21701033,3,1610612744,5,6,4,3,1,2,1
2017-18,21701033,3,1610612758,3,0,0,0,3,0,0
2017-18,21701033,4,1610612744,3,2,2,2,1,0,0
2017-18,21701033,4,1610612758,7,6,5,1,5,1,1
2017-18,21701034,1,1610612747,2,2,1,1,1,1,0
2017-18,21701034,1,1610612748,2,2,2,1,1,0,0
2017-18,21701034,2,1610612747,5,7,6,3,2,1,0
2017-18,21701034,2,1610612748,5,5,4,1,4,1,0
2017-18,21701034,3,1610612747,5,9,8,4,0,1,1
2017-18,21701034,3,1610612748,5,6,4,3,2,2,0
2017-18,21701034,4,1610612747,3,4,3,2,1,1,0
2017-18,21701034,4,1610612748,4,1,0,1,2,1,1
2017-18,21701035,1,1610612754,2,2,0,1,1,2,0
2017-18,21701035,1,1610612764,3,6,5,2,1,1,0
2017-18,21701035,2,1610612754,1,1,1,1,0,0,0
2017-18,21701035,2,1610612764,6,9,6,3,2,3,1
2017-18,21701035,3,1610612754,7,8,7,5,2,1,0
2017-18,21701035,3,1610612764,2,2,2,1,1,0,0
2017-18,21701035,4,1610612754,4,4,4,3,1,0,0
2017-18,21701035,4,1610612764,7,6,6,1,4,0,1
2017-18,21701036,1,1610612740,4,4,4,2,1,0,1
2017-18,21701036,1,1610612745,2,0,0,0,2,0,0
2017-18,21701036,2,1610612740,4,2,2,1,2,0,1
2017-18,21701036,2,1610612745,4,4,4,2,2,0,0
2017-18,21701036,3,1610612740,6,4,4,1,4,0,1
2017-18,21701036,3,1610612745,4,2,1,1,3,1,0
2017-18,21701036,4,1610612740,5,2,1,2,3,1,0
2017-18,21701036,4,1610612745,8,12,9,2,6,3,0
2017-18,21701037,1,1610612742,3,4,4,1,2,0,0
2017-18,21701037,1,1610612751,5,3,1,2,3,2,0
2017-18,21701037,2,1610612742,4,5,3,4,0,2,0
2017-18,21701037,2,1610612751,4,3,2,2,2,1,0
2017-18,21701037,3,1610612742,5,5,5,3,2,0,0
2017-18,21701037,3,1610612751,5,5,4,3,2,1,0
2017-18,21701037,4,1610612742,1,0,0,0,1,0,0
2017-18,21701037,4,1610612751,6,8,7,3,3,1,0
2017-18,21701038,1,1610612752,3,2,2,1,2,0,0
2017-18,21701038,1,1610612766,4,6,5,3,1,1,0
2017-18,21701038,2,1610612752,1,2,2,1,0,0,0
2017-18,21701038,2,1610612766,6,6,6,3,1,0,1
2017-18,21701038,3,1610612752,7,13,9,6,1,4,0
2017-18,21701038,3,1610612766,4,8,7,4,0,1,0
2017-18,21701038,4,1610612752,1,1,1,1,0,0,0
2017-18,21701038,4,1610612766,8,12,8,4,4,4,0
2017-18,21701039,1,1610612739,3,4,2,2,1,2,0
2017-18,21701039,1,1610612741,5,7,5,4,1,2,0
2017-18,21701039,2,1610612739,5,5,4,3,2,1,0
2017-18,21701039,2,1610612741,0,0,0,0,0,0,0
2017-18,21701039,3,1610612739,5,3,1,2,2,2,1
2017-18,21701039,3,1610612741,3,3,2,1,2,1,0
2017-18,21701039,4,1610612739,6,8,6,3,3,2,0
2017-18,21701039,4,1610612741,4,5,4,2,1,1,1
2017-18,21701040,1,1610612743,5,6,5,3,1,1,1
2017-18,21701040,1,1610612763,4,4,3,2,2,1,0
2017-18,21701040,2,1610612743,5,7,4,4,1,3,0
2017-18,21701040,2,1610612763,5,6,3,2,2,3,1
2017-18,21701040,3,1610612743,8,16,12,5,3,4,0
2017-18,21701040,3,1610612763,8,8,7,2,5,1,1
2017-18,21701040,4,1610612743,2,0,0,0,2,0,0
2017-18,21701040,4,1610612763,8,10,9,2,6,1,0
2017-18,21701041,1,1610612737,4,4,4,2,2,0,0
2017-18,21701041,1,1610612749,3,6,6,3,0,0,0
2017-18,21701041,2,1610612737,7,7,7,1,6,0,0
2017-18,21701041,2,1610612749,6,6,5,2,4,1,0
2017-18,21701041,3,1610612737,4,4,4,2,2,0,0
2017-18,21701041,3,1610612749,5,9,9,3,1,0,1
2017-18,21701041,4,1610612737,9,13,12,3,4,1,1
2017-18,21701041,4,1610612749,8,11,9,3,5,2,0
2017-18,21701042,1,1610612750,5,5,5,2,3,0,0
2017-18,21701042,1,1610612759,3,4,4,2,1,0,0
2017-18,21701042,2,1610612750,2,4,3,2,0,1,0
2017-18,21701042,2,1610612759,4,4,4,3,0,0,1
2017-18,21701042,3,1610612750,3,4,3,2,1,1,0
2017-18,21701042,3,1610612759,4,4,4,2,2,0,0
2017-18,21701042,4,1610612750,6,7,5,4,2,2,0
2017-18,21701042,4,1610612759,3,2,1,1,2,1,0
2017-18,21701043,1,1610612758,2,3,2,2,0,1,0
2017-18,21701043,1,1610612762,5,7,6,4,1,1,0
2017-18,21701043,2,1610612758,4,2,2,1,3,0,0
2017-18,21701043,2,1610612762,7,8,7,3,4,1,0
2017-18,21701043,3,1610612758,4,7,4,3,0,3,0
2017-18,21701043,3,1610612762,8,13,10,3,4,3,0
2017-18,21701043,4,1610612758,3,2,1,1,2,1,0
2017-18,21701043,4,1610612762,8,10,8,1,7,2,0
2017-18,21701044,1,1610612744,3,2,1,2,1,1,0
2017-18,21701044,1,1610612756,5,6,3,3,0,3,1
2017-18,21701044,2,1610612744,5,4,3,3,2,1,0
2017-18,21701044,2,1610612756,6,9,7,3,2,2,0
2017-18,21701044,3,1610612744,7,6,5,4,2,1,0
2017-18,21701044,3,1610612756,6,8,7,4,2,1,0
2017-18,21701044,4,1610612744,2,2,2,1,1,0,0
2017-18,21701044,4,1610612756,3,6,3,3,0,3,0
2017-18,21701045,1,1610612757,2,1,1,1,1,0,0
2017-18,21701045,1,1610612765,4,4,3,2,1,1,1
2017-18,21701045,2,1610612757,8,11,9,4,3,2,1
2017-18,21701045,2,1610612765,5,6,4,2,2,2,1
2017-18,21701045,3,1610612757,3,4,4,1,2,0,0
2017-18,21701045,3,1610612765,4,6,4,3,1,2,0
2017-18,21701045,4,1610612757,3,2,2,0,2,0,1
2017-18,21701045,4,1610612765,4,4,4,3,1,0,0
2017-18,21701046,1,1610612760,5,3,2,2,3,1,0
2017-18,21701046,1,1610612761,3,2,2,1,2,0,0
2017-18,21701046,2,1610612760,7,14,10,5,1,4,1
2017-18,21701046,2,1610612761,5,4,3,3,1,1,1
2017-18,21701046,3,1610612760,5,6,5,4,0,1,1
2017-18,21701046,3,1610612761,6,9,6,4,2,3,0
2017-18,21701046,4,1610612760,4,11,7,3,0,4,1
2017-18,21701046,4,1610612761,6,8,7,3,3,1,0
2017-18,21701047,1,1610612738,3,6,5,3,0,1,0
2017-18,21701047,1,1610612740,7,6,4,0,6,2,1
2017-18,21701047,2,1610612738,1,2,1,1,0,1,0
2017-18,21701047,2,1610612740,2,3,3,2,0,0,0
2017-18,21701047,3,1610612738,3,2,1,1,2,1,0
2017-18,21701047,3,1610612740,6,10,8,3,3,2,0
2017-18,21701047,4,1610612738,5,10,3,3,2,7,0
2017-18,21701047,4,1610612740,6,6,5,2,2,1,2
2017-18,21701048,1,1610612745,4,4,2,2,1,2,1
2017-18,21701048,1,1610612750,1,0,0,0,1,0,0
2017-18,21701048,2,1610612745,5,11,8,5,0,3,0
2017-18,21701048,2,1610612750,7,8,6,6,1,2,0
2017-18,21701048,3,1610612745,9,13,11,4,5,2,0
2017-18,21701048,3,1610612750,8,10,7,2,5,3,1
2017-18,21701048,4,1610612745,6,8,6,2,4,2,0
2017-18,21701048,4,1610612750,7,8,7,3,2,1,2
2017-18,21701049,1,1610612746,3,4,2,2,1,2,0
2017-18,21701049,1,1610612757,5,5,5,1,2,0,2
2017-18,21701049,2,1610612746,6,9,7,5,1,2,0
2017-18,21701049,2,1610612757,1,1,0,1,0,1,0
2017-18,21701049,3,1610612746,7,9,7,3,3,2,1
2017-18,21701049,3,1610612757,5,11,8,5,0,3,0
2017-18,21701049,4,1610612746,4,5,4,3,1,1,0
2017-18,21701049,4,1610612757,5,3,3,2,2,0,1
2017-18,21701050,1,1610612739,4,3,1,2,2,2,0
2017-18,21701050,1,1610612749,1,1,1,1,0,0,0
2017-18,21701050,2,1610612739,3,3,3,2,0,0,1
2017-18,21701050,2,1610612749,3,2,2,2,0,0,1
2017-18,21701050,3,1610612739,4,5,5,3,1,0,0
2017-18,21701050,3,1610612749,3,1,1,1,2,0,0
2017-18,21701050,4,1610612739,10,16,14,3,5,2,1
2017-18,21701050,4,1610612749,10,16,15,7,2,1,1
2017-18,21701051,1,1610612747,2,1,0,1,1,1,0
2017-18,21701051,1,1610612754,6,8,8,3,2,0,1
2017-18,21701051,2,1610612747,4,6,5,3,1,1,0
2017-18,21701051,2,1610612754,4,4,3,2,1,1,1
2017-18,21701051,3,1610612747,5,6,5,3,2,1,0
2017-18,21701051,3,1610612754,3,2,2,1,2,0,0
2017-18,21701051,4,1610612747,5,10,6,4,1,4,0
2017-18,21701051,4,1610612754,4,5,5,2,2,0,0
2017-18,21701052,1,1610612755,4,2,1,1,2,1,1
2017-18,21701052,1,1610612766,3,2,2,2,1,0,0
2017-18,21701052,2,1610612755,3,2,2,1,2,0,0
2017-18,21701052,2,1610612766,7,12,12,4,2,0,1
2017-18,21701052,3,1610612755,1,2,1,1,0,1,0
2017-18,21701052,3,1610612766,7,9,5,4,3,4,0
2017-18,21701052,4,1610612755,2,2,2,1,1,0,0
2017-18,21701052,4,1610612766,5,7,5,3,2,2,0
2017-18,21701053,1,1610612751,9,14,11,6,3,3,0
2017-18,21701053,1,1610612763,5,7,5,4,1,2,0
2017-18,21701053,2,1610612751,7,5,5,3,2,0,2
2017-18,21701053,2,1610612763,3,2,1,1,2,1,0
2017-18,21701053,3,1610612751,5,4,3,1,4,1,0
2017-18,21701053,3,1610612763,7,8,6,5,1,2,0
2017-18,21701053,4,1610612751,10,17,11,2,7,6,1
2017-18,21701053,4,1610612763,4,3,1,2,2,2,0
2017-18,21701054,1,1610612743,4,8,7,4,0,1,0
2017-18,21701054,1,1610612748,3,5,4,2,1,1,0
2017-18,21701054,2,1610612743,5,8,6,5,0,2,0
2017-18,21701054,2,1610612748,5,4,2,2,3,2,0
2017-18,21701054,3,1610612743,4,4,4,1,3,0,0
2017-18,21701054,3,1610612748,3,2,0,1,2,2,0
2017-18,21701054,4,1610612743,7,10,8,3,4,2,0
2017-18,21701054,4,1610612748,6,7,4,3,3,3,0
2017-18,21701055,1,1610612741,3,5,4,3,0,1,0
2017-18,21701055,1,1610612752,2,2,1,1,1,1,0
2017-18,21701055,2,1610612741,3,1,1,1,2,0,0
2017-18,21701055,2,1610612752,3,4,4,2,1,0,0
2017-18,21701055,3,1610612741,9,12,8,5,4,4,0
2017-18,21701055,3,1610612752,6,8,5,4,2,3,0
2017-18,21701055,4,1610612741,7,13,10,3,3,3,0
2017-18,21701055,4,1610612752,4,3,3,2,2,0,0
2017-18,21701056,1,1610612744,5,7,6,4,0,1,1
2017-18,21701056,1,1610612759,4,4,3,1,2,1,1
2017-18,21701056,2,1610612744,3,3,2,2,1,1,0
2017-18,21701056,2,1610612759,7,9,5,4,3,4,0
2017-18,21701056,3,1610612744,4,0,0,0,4,0,0
2017-18,21701056,3,1610612759,5,3,2,0,5,1,0
2017-18,21701056,4,1610612744,6,6,4,1,5,2,0
2017-18,21701056,4,1610612759,5,5,5,2,3,0,0
2017-18,21701057,1,1610612758,0,0,0,0,0,0,0
2017-18,21701057,1,1610612765,3,4,4,2,1,0,0
2017-18,21701057,2,1610612758,3,5,4,2,1,1,0
2017-18,21701057,2,1610612765,5,4,1,1,4,3,0
2017-18,21701057,3,1610612758,4,3,0,1,2,3,1
2017-18,21701057,3,1610612765,6,6,6,3,3,0,0
2017-18,21701057,4,1610612758,3,1,0,1,2,1,0
2017-18,21701057,4,1610612765,5,8,7,4,1,1,0
2017-18,21701058,1,1610612753,1,1,0,1,0,1,0
2017-18,21701058,1,1610612761,2,1,1,1,1,0,0
2017-18,21701058,2,1610612753,3,2,1,1,2,1,0
2017-18,21701058,2,1610612761,5,6,3,2,3,3,0
2017-18,21701058,3,1610612753,3,0,0,0,3,0,0
2017-18,21701058,3,1610612761,3,2,1,1,2,1,0
2017-18,21701058,4,1610612753,2,2,2,1,1,0,0
2017-18,21701058,4,1610612761,5,8,4,2,3,4,0
2017-18,21701059,1,1610612738,3,2,2,1,2,0,0
2017-18,21701059,1,1610612760,6,8,7,4,1,1,1
2017-18,21701059,2,1610612738,3,6,5,3,0,1,0
2017-18,21701059,2,1610612760,2,0,0,0,2,0,0
2017-18,21701059,3,1610612738,6,6,6,1,4,0,1
2017-18,21701059,3,1610612760,6,11,6,4,1,5,1
2017-18,21701059,4,1610612738,4,2,2,2,2,0,0
2017-18,21701059,4,1610612760,7,10,6,1,5,4,1
2017-18,21701060,1,1610612746,4,4,4,2,2,0,0
2017-18,21701060,1,1610612750,3,3,3,2,1,0,0
2017-18,21701060,2,1610612746,4,5,4,2,2,1,0
2017-18,21701060,2,1610612750,6,6,6,1,5,0,0
2017-18,21701060,3,1610612746,4,8,6,4,0,2,0
2017-18,21701060,3,1610612750,8,10,9,4,3,1,1
2017-18,21701060,4,1610612746,6,9,7,4,0,2,2
2017-18,21701060,4,1610612750,5,5,5,2,3,0,0
2017-18,21701061,1,1610612740,3,2,1,1,2,1,0
2017-18,21701061,1,1610612742,0,0,0,0,0,0,0
2017-18,21701061,2,1610612740,3,4,4,2,1,0,0
2017-18,21701061,2,1610612742,5,9,7,3,2,2,0
2017-18,21701061,3,1610612740,3,4,1,2,1,3,0
2017-18,21701061,3,1610612742,1,2,2,1,0,0,0
2017-18,21701061,4,1610612740,5,5,3,2,2,2,1
2017-18,21701061,4,1610612742,3,0,0,0,2,0,1
2017-18,21701062,1,1610612737,4,6,4,3,1,2,0
2017-18,21701062,1,1610612762,5,3,3,1,3,0,1
2017-18,21701062,2,1610612737,4,2,2,1,2,0,1
2017-18,21701062,2,1610612762,2,3,2,2,0,1,0
2017-18,21701062,3,1610612737,3,1,0,0,2,1,0
2017-18,21701062,3,1610612762,5,7,6,3,2,1,0
2017-18,21701062,4,1610612737,7,10,8,3,4,2,0
2017-18,21701062,4,1610612762,8,12,11,4,3,1,0
2017-18,21701063,1,1610612756,5,7,2,4,0,5,1
2017-18,21701063,1,1610612765,3,5,5,2,1,0,0
2017-18,21701063,2,1610612756,1,0,0,0,1,0,0
2017-18,21701063,2,1610612765,6,5,4,2,4,1,0
2017-18,21701063,3,1610612756,3,7,6,3,0,1,0
2017-18,21701063,3,1610612765,4,5,4,3,1,1,0
2017-18,21701063,4,1610612756,6,6,5,3,2,1,1
2017-18,21701063,4,1610612765,1,1,1,1,0,0,0
2017-18,21701064,1,1610612745,6,10,8,4,2,2,0
2017-18,21701064,1,1610612757,5,10,8,4,1,2,0
2017-18,21701064,2,1610612745,1,2,1,1,0,1,0
2017-18,21701064,2,1610612757,5,2,1,1,4,1,0
2017-18,21701064,3,1610612745,7,12,7,5,1,5,1
2017-18,21701064,3,1610612757,7,10,7,3,3,3,1
2017-18,21701064,4,1610612745,4,5,4,2,2,1,0
2017-18,21701064,4,1610612757,5,5,4,2,3,1,0
2017-18,21701065,1,1610612739,4,3,3,2,1,0,1
2017-18,21701065,1,1610612761,3,3,2,2,1,1,0
2017-18,21701065,2,1610612739,6,8,7,2,4,1,0
2017-18,21701065,2,1610612761,4,2,1,1,3,1,0
2017-18,21701065,3,1610612739,6,6,5,3,3,1,0
2017-18,21701065,3,1610612761,4,8,8,4,0,0,0
2017-18,21701065,4,1610612739,6,11,8,2,4,3,0
2017-18,21701065,4,1610612761,6,10,9,3,3,1,0
2017-18,21701066,1,1610612755,3,3,2,2,1,1,0
2017-18,21701066,1,1610612763,5,4,3,1,2,1,2
2017-18,21701066,2,1610612755,7,7,7,2,3,0,1
2017-18,21701066,2,1610612763,7,8,6,3,4,2,0
2017-18,21701066,3,1610612755,2,3,3,2,0,0,0
2017-18,21701066,3,1610612763,4,6,5,3,1,1,0
2017-18,21701066,4,1610612755,6,7,4,3,3,3,0
2017-18,21701066,4,1610612763,4,2,2,2,1,0,1
2017-18,21701067,1,1610612751,4,4,3,3,1,1,0
2017-18,21701067,1,1610612766,6,10,6,4,2,4,0
2017-18,21701067,2,1610612751,2,4,4,2,0,0,0
2017-18,21701067,2,1610612766,6,6,5,2,4,1,0
2017-18,21701067,3,1610612751,6,8,3,3,3,5,0
2017-18,21701067,3,1610612766,9,13,11,7,2,2,0
2017-18,21701067,4,1610612751,3,5,4,2,1,1,0
2017-18,21701067,4,1610612766,10,18,14,7,3,4,0
2017-18,21701068,1,1610612748,2,1,1,1,1,0,0
2017-18,21701068,1,1610612752,3,3,2,2,0,1,1
2017-18,21701068,2,1610612748,6,9,7,4,0,2,2
2017-18,21701068,2,1610612752,3,2,2,0,3,0,0
2017-18,21701068,3,1610612748,6,6,4,3,2,2,0
2017-18,21701068,3,1610612752,5,3,3,2,2,0,1
2017-18,21701068,4,1610612748,2,3,2,2,0,1,0
2017-18,21701068,4,1610612752,5,4,3,2,3,1,0
2017-18,21701069,1,1610612741,1,0,0,0,1,0,0
2017-18,21701069,1,1610612743,6,4,4,3,3,0,0
2017-18,21701069,2,1610612741,5,7,4,4,1,3,0
2017-18,21701069,2,1610612743,8,10,8,4,3,2,1
2017-18,21701069,3,1610612741,3,3,3,2,1,0,0
2017-18,21701069,3,1610612743,4,2,1,2,2,1,0
2017-18,21701069,4,1610612741,4,4,4,2,2,0,0
2017-18,21701069,4,1610612743,3,0,0,0,3,0,0
2017-18,21701070,1,1610612746,3,5,3,3,0,2,0
2017-18,21701070,1,1610612749,1,2,2,1,0,0,0
2017-18,21701070,2,1610612746,6,6,5,4,2,1,0
2017-18,21701070,2,1610612749,6,5,2,3,3,3,0
2017-18,21701070,3,1610612746,3,4,3,2,1,1,0
2017-18,21701070,3,1610612749,2,4,4,1,0,0,0
2017-18,21701070,4,1610612746,8,14,11,2,6,3,0
2017-18,21701070,4,1610612749,6,6,4,2,4,2,0
2017-18,21701071,1,1610612759,3,0,0,0,3,0,0
2017-18,21701071,1,1610612764,3,2,1,1,2,1,0
2017-18,21701071,2,1610612759,5,9,6,4,1,3,0
2017-18,21701071,2,1610612764,5,8,5,4,1,3,0
2017-18,21701071,3,1610612759,4,5,4,3,1,1,0
2017-18,21701071,3,1610612764,3,1,1,1,1,0,1
2017-18,21701071,4,1610612759,4,4,3,2,1,1,1
2017-18,21701071,4,1610612764,5,5,5,3,2,0,0
2017-18,21701072,1,1610612763,3,1,0,1,2,1,0
2017-18,21701072,1,1610612766,4,4,4,2,2,0,0
2017-18,21701072,2,1610612763,4,7,5,3,1,2,0
2017-18,21701072,2,1610612766,6,8,7,3,3,1,0
2017-18,21701072,3,1610612763,1,2,1,1,0,1,0
2017-18,21701072,3,1610612766,5,9,8,3,1,1,0
2017-18,21701072,4,1610612763,6,11,9,6,0,2,0
2017-18,21701072,4,1610612766,6,6,4,4,2,2,0
2017-18,21701073,1,1610612753,4,5,2,3,1,3,0
2017-18,21701073,1,1610612755,2,0,0,0,2,0,0
2017-18,21701073,2,1610612753,3,2,2,1,2,0,0
2017-18,21701073,2,1610612755,8,14,13,4,3,1,0
2017-18,21701073,3,1610612753,4,6,5,3,1,1,0
2017-18,21701073,3,1610612755,5,8,5,4,1,3,0
2017-18,21701073,4,1610612753,4,9,5,4,0,4,0
2017-18,21701073,4,1610612755,3,2,1,1,2,1,0
2017-18,21701074,1,1610612745,3,4,1,2,1,3,0
2017-18,21701074,1,1610612765,5,2,0,2,3,2,0
2017-18,21701074,2,1610612745,3,4,3,3,0,1,0
2017-18,21701074,2,1610612765,3,7,3,3,0,4,0
2017-18,21701074,3,1610612745,4,10,6,3,0,4,0
2017-18,21701074,3,1610612765,4,1,1,1,3,0,0
2017-18,21701074,4,1610612745,2,2,2,1,1,0,0
2017-18,21701074,4,1610612765,5,9,6,4,1,3,0
2017-18,21701075,1,1610612740,6,8,6,3,3,2,0
2017-18,21701075,1,1610612747,4,6,5,3,1,1,0
2017-18,21701075,2,1610612740,4,3,2,1,3,1,0
2017-18,21701075,2,1610612747,6,11,8,5,1,3,0
2017-18,21701075,3,1610612740,4,6,5,3,1,1,0
2017-18,21701075,3,1610612747,6,9,7,3,3,2,0
2017-18,21701075,4,1610612740,5,5,5,1,4,0,0
2017-18,21701075,4,1610612747,2,2,2,1,1,0,0
2017-18,21701076,1,1610612742,4,2,2,1,3,0,0
2017-18,21701076,1,1610612762,3,3,3,2,1,0,0
2017-18,21701076,2,1610612742,4,5,3,2,0,2,2
2017-18,21701076,2,1610612762,3,4,4,2,1,0,0
2017-18,21701076,3,1610612742,2,1,1,1,1,0,0
2017-18,21701076,3,1610612762,6,6,6,2,2,0,2
2017-18,21701076,4,1610612742,6,6,5,1,3,1,2
2017-18,21701076,4,1610612762,3,3,2,2,1,1,0
2017-18,21701077,1,1610612737,3,4,2,2,1,2,0
2017-18,21701077,1,1610612758,3,2,2,1,2,0,0
2017-18,21701077,2,1610612737,3,2,2,1,2,0,0
2017-18,21701077,2,1610612758,1,1,1,1,0,0,0
2017-18,21701077,3,1610612737,3,4,3,2,1,1,0
2017-18,21701077,3,1610612758,3,6,6,3,0,0,0
2017-18,21701077,4,1610612737,5,8,5,5,0,3,0
2017-18,21701077,4,1610612758,2,0,0,0,2,0,0
2017-18,21701078,1,1610612746,2,4,3,2,0,1,0
2017-18,21701078,1,1610612754,3,4,4,2,1,0,0
2017-18,21701078,2,1610612746,3,3,2,1,2,1,0
2017-18,21701078,2,1610612754,4,3,3,2,2,0,0
2017-18,21701078,3,1610612746,4,2,2,1,3,0,0
2017-18,21701078,3,1610612754,4,0,0,0,3,0,1
2017-18,21701078,4,1610612746,6,5,3,3,1,2,2
2017-18,21701078,4,1610612754,7,7,5,2,3,2,2
2017-18,21701079,1,1610612743,4,5,5,2,1,0,0
2017-18,21701079,1,1610612764,3,2,2,1,2,0,0
2017-18,21701079,2,1610612743,3,1,1,1,2,0,0
2017-18,21701079,2,1610612764,7,8,5,2,5,3,0
2017-18,21701079,3,1610612743,2,0,0,0,2,0,0
2017-18,21701079,3,1610612764,3,2,2,1,2,0,0
2017-18,21701079,4,1610612743,8,12,11,2,6,1,0
2017-18,21701079,4,1610612764,2,2,1,1,1,1,0
2017-18,21701080,1,1610612739,3,2,1,1,2,1,0
2017-18,21701080,1,1610612756,3,2,2,0,3,0,0
2017-18,21701080,2,1610612739,8,10,8,3,4,2,1
2017-18,21701080,2,1610612756,3,7,3,3,0,4,0
2017-18,21701080,3,1610612739,6,6,5,3,2,1,1
2017-18,21701080,3,1610612756,2,2,2,0,1,0,1
2017-18,21701080,4,1610612739,3,6,4,3,0,2,0
2017-18,21701080,4,1610612756,6,9,5,4,2,4,0
2017-18,21701081,1,1610612750,4,6,6,3,1,0,0
2017-18,21701081,1,1610612752,2,2,1,1,1,1,0
2017-18,21701081,2,1610612750,8,8,7,2,4,1,2
2017-18,21701081,2,1610612752,3,3,2,2,1,1,0
2017-18,21701081,3,1610612750,6,8,8,3,3,0,0
2017-18,21701081,3,1610612752,6,9,6,3,2,3,1
2017-18,21701081,4,1610612750,7,10,7,2,5,3,0
2017-18,21701081,4,1610612752,4,3,3,2,1,0,1
2017-18,21701082,1,1610612751,3,2,1,1,2,1,0
2017-18,21701082,1,1610612761,2,2,2,1,1,0,0
2017-18,21701082,2,1610612751,6,8,6,4,1,2,1
2017-18,21701082,2,1610612761,4,2,2,1,3,0,0
2017-18,21701082,3,1610612751,7,11,7,5,1,4,1
2017-18,21701082,3,1610612761,5,8,4,3,2,4,0
2017-18,21701082,4,1610612751,6,10,5,3,2,5,1
2017-18,21701082,4,1610612761,11,17,12,3,6,5,1
2017-18,21701083,1,1610612741,6,9,8,2,3,1,0
2017-18,21701083,1,1610612749,4,4,4,2,1,0,1
2017-18,21701083,2,1610612741,5,8,7,3,2,1,0
2017-18,21701083,2,1610612749,4,2,2,1,2,0,0
2017-18,21701083,3,1610612741,3,0,0,0,1,0,2
2017-18,21701083,3,1610612749,5,4,4,1,4,0,0
2017-18,21701083,4,1610612741,6,6,6,4,2,0,0
2017-18,21701083,4,1610612749,8,9,7,3,4,2,0
2017-18,21701084,1,1610612748,1,0,0,0,1,0,0
2017-18,21701084,1,1610612760,5,8,7,4,1,1,0
2017-18,21701084,2,1610612748,4,2,1,1,3,1,0
2017-18,21701084,2,1610612760,5,4,4,1,3,0,1
2017-18,21701084,3,1610612748,8,9,9,4,3,0,1
2017-18,21701084,3,1610612760,6,12,8,5,0,4,1
2017-18,21701084,4,1610612748,8,9,8,3,3,1,2
2017-18,21701084,4,1610612760,8,9,6,4,3,3,1
2017-18,21701085,1,1610612759,3,4,3,2,1,1,0
2017-18,21701085,1,1610612762,3,1,0,1,1,1,1
2017-18,21701085,2,1610612759,5,6,6,3,2,0,0
2017-18,21701085,2,1610612762,4,4,2,2,1,2,1
2017-18,21701085,3,1610612759,3,0,0,0,2,0,1
2017-18,21701085,3,1610612762,6,8,7,2,4,1,0
2017-18,21701085,4,1610612759,8,15,12,5,3,3,0
2017-18,21701085,4,1610612762,8,13,12,6,2,1,0
2017-18,21701086,1,1610612738,1,2,2,1,0,0,0
2017-18,21701086,1,1610612757,2,0,0,0,2,0,0
2017-18,21701086,2,1610612738,6,6,5,4,2,1,0
2017-18,21701086,2,1610612757,3,4,3,2,1,1,0
2017-18,21701086,3,1610612738,4,6,6,3,1,0,0
2017-18,21701086,3,1610612757,6,6,5,2,3,1,1
2017-18,21701086,4,1610612738,8,12,11,4,4,1,0
2017-18,21701086,4,1610612757,5,5,4,3,2,1,0
2017-18,21701087,1,1610612737,3,0,0,0,3,0,0
2017-18,21701087,1,1610612744,3,2,2,1,1,0,1
2017-18,21701087,2,1610612737,7,14,6,4,2,8,0
2017-18,21701087,2,1610612744,3,4,3,2,1,1,0
2017-18,21701087,3,1610612737,2,2,2,1,1,0,0
2017-18,21701087,3,1610612744,6,5,5,2,3,0,1
2017-18,21701087,4,1610612737,3,4,1,2,0,3,1
2017-18,21701087,4,1610612744,2,0,0,0,2,0,0
2017-18,21701088,1,1610612750,5,6,3,2,2,3,1
2017-18,21701088,1,1610612755,3,4,4,2,1,0,0
2017-18,21701088,2,1610612750,6,7,4,4,2,3,0
2017-18,21701088,2,1610612755,3,6,3,3,0,3,0
2017-18,21701088,3,1610612750,8,14,13,6,2,1,0
2017-18,21701088,3,1610612755,7,9,6,4,1,3,2
2017-18,21701088,4,1610612750,6,11,8,5,1,3,0
2017-18,21701088,4,1610612755,12,17,10,3,8,7,0
2017-18,21701089,1,1610612741,2,1,1,1,1,0,0
2017-18,21701089,1,1610612765,0,0,0,0,0,0,0
2017-18,21701089,2,1610612741,3,2,1,1,1,1,1
2017-18,21701089,2,1610612765,3,1,1,1,2,0,0
2017-18,21701089,3,1610612741,2,2,1,1,1,1,0
2017-18,21701089,3,1610612765,5,5,4,2,2,1,0
2017-18,21701089,4,1610612741,3,4,3,2,1,1,0
2017-18,21701089,4,1610612765,8,12,10,4,3,2,1
2017-18,21701090,1,1610612753,2,0,0,0,2,0,0
2017-18,21701090,1,1610612756,3,6,5,3,0,1,0
2017-18,21701090,2,1610612753,7,11,7,5,1,4,1
2017-18,21701090,2,1610612756,3,4,3,2,0,1,1
2017-18,21701090,3,1610612753,8,14,11,4,4,3,0
2017-18,21701090,3,1610612756,4,5,2,3,1,3,0
2017-18,21701090,4,1610612753,4,2,2,0,4,0,0
2017-18,21701090,4,1610612756,6,11,10,5,0,1,0
2017-18,21701091,1,1610612740,4,2,2,1,2,0,1
2017-18,21701091,1,1610612745,2,2,2,1,1,0,0
2017-18,21701091,2,1610612740,3,0,0,0,2,0,1
2017-18,21701091,2,1610612745,6,4,3,3,1,1,2
2017-18,21701091,3,1610612740,7,8,5,1,5,3,1
2017-18,21701091,3,1610612745,3,1,1,0,3,0,0
2017-18,21701091,4,1610612740,2,2,2,1,1,0,0
2017-18,21701091,4,1610612745,3,1,0,1,2,1,0
2017-18,21701092,1,1610612747,3,4,2,2,1,2,0
2017-18,21701092,1,1610612763,3,4,3,2,1,1,0
2017-18,21701092,2,1610612747,5,4,4,1,2,0,2
2017-18,21701092,2,1610612763,5,6,6,2,3,0,0
2017-18,21701092,3,1610612747,3,2,1,1,2,1,0
2017-18,21701092,3,1610612763,4,4,3,2,2,1,0
2017-18,21701092,4,1610612747,10,15,10,4,5,5,1
2017-18,21701092,4,1610612763,7,8,6,2,5,2,0
2017-18,21701093,1,1610612742,2,4,3,2,0,1,0
2017-18,21701093,1,1610612766,2,1,1,1,1,0,0
2017-18,21701093,2,1610612742,4,6,4,3,1,2,0
2017-18,21701093,2,1610612766,6,10,7,3,2,3,1
2017-18,21701093,3,1610612742,2,2,1,1,1,1,0
2017-18,21701093,3,1610612766,5,6,5,3,1,1,1
2017-18,21701093,4,1610612742,4,7,6,3,1,1,0
2017-18,21701093,4,1610612766,8,12,7,2,6,5,0
2017-18,21701094,1,1610612739,4,2,0,1,3,2,0
2017-18,21701094,1,1610612751,6,11,9,6,0,2,0
2017-18,21701094,2,1610612739,6,11,10,4,2,1,0
2017-18,21701094,2,1610612751,4,6,5,3,1,1,0
2017-18,21701094,3,1610612739,6,6,4,2,4,2,0
2017-18,21701094,3,1610612751,4,3,2,2,2,1,0
2017-18,21701094,4,1610612739,5,7,7,2,2,0,1
2017-18,21701094,4,1610612751,5,6,5,3,2,1,0
2017-18,21701095,1,1610612749,2,2,1,1,1,1,0
2017-18,21701095,1,1610612759,1,0,0,0,1,0,0
2017-18,21701095,2,1610612749,6,7,5,3,2,2,1
2017-18,21701095,2,1610612759,4,7,7,3,1,0,0
2017-18,21701095,3,1610612749,6,6,5,4,1,1,1
2017-18,21701095,3,1610612759,5,5,3,3,1,2,1
2017-18,21701095,4,1610612749,2,3,2,2,0,1,0
2017-18,21701095,4,1610612759,7,9,7,3,4,2,0
2017-18,21701096,1,1610612748,3,0,0,0,3,0,0
2017-18,21701096,1,1610612754,3,4,4,2,1,0,0
2017-18,21701096,2,1610612748,8,12,10,4,4,2,0
2017-18,21701096,2,1610612754,3,1,1,1,2,0,0
2017-18,21701096,3,1610612748,2,0,0,0,2,0,0
2017-18,21701096,3,1610612754,6,10,7,5,0,3,1
2017-18,21701096,4,1610612748,3,2,1,1,2,1,0
2017-18,21701096,4,1610612754,3,4,3,2,1,1,0
2017-18,21701097,1,1610612746,6,8,6,3,1,2,2
2017-18,21701097,1,1610612761,4,3,3,2,2,0,0
2017-18,21701097,2,1610612746,5,7,5,3,1,2,1
2017-18,21701097,2,1610612761,4,5,2,2,2,3,0
2017-18,21701097,3,1610612746,5,5,4,2,1,1,2
2017-18,21701097,3,1610612761,4,4,1,2,2,3,0
2017-18,21701097,4,1610612746,4,7,6,3,1,1,0
2017-18,21701097,4,1610612761,3,2,2,1,2,0,0
2017-18,21701098,1,1610612752,2,1,1,1,1,0,0
2017-18,21701098,1,1610612764,3,4,2,2,1,2,0
2017-18,21701098,2,1610612752,5,7,7,3,1,0,1
2017-18,21701098,2,1610612764,7,10,9,4,3,1,0
2017-18,21701098,3,1610612752,2,0,0,0,2,0,0
2017-18,21701098,3,1610612764,3,6,5,3,0,1,0
2017-18,21701098,4,1610612752,6,7,5,1,5,2,0
2017-18,21701098,4,1610612764,5,3,1,1,3,2,1
2017-18,21701099,1,1610612738,2,2,1,1,1,1,0
2017-18,21701099,1,1610612758,3,2,2,1,1,0,1
2017-18,21701099,2,1610612738,3,6,3,3,0,3,0
2017-18,21701099,2,1610612758,3,4,4,2,0,0,1
2017-18,21701099,3,1610612738,5,6,5,2,3,1,0
2017-18,21701099,3,1610612758,2,2,2,1,0,0,0
2017-18,21701099,4,1610612738,5,3,3,1,4,0,0
2017-18,21701099,4,1610612758,2,2,2,1,1,0,0
2017-18,21701100,1,1610612757,3,7,6,2,1,1,0
2017-18,21701100,1,1610612760,1,2,2,1,0,0,0
2017-18,21701100,2,1610612757,5,5,4,2,3,1,0
2017-18,21701100,2,1610612760,4,4,3,2,1,1,1
2017-18,21701100,3,1610612757,8,4,4,0,6,0,0
2017-18,21701100,3,1610612760,7,10,9,4,2,1,1
2017-18,21701100,4,1610612757,4,3,1,1,3,2,0
2017-18,21701100,4,1610612760,7,12,9,3,4,3,0
2017-18,21701101,1,1610612737,1,0,0,0,1,0,0
2017-18,21701101,1,1610612745,2,5,5,2,0,0,0
2017-18,21701101,2,1610612737,2,3,2,1,1,1,0
2017-18,21701101,2,1610612745,3,2,2,1,2,0,0
2017-18,21701101,3,1610612737,2,2,2,1,1,0,0
2017-18,21701101,3,1610612745,5,2,2,0,5,0,0
2017-18,21701101,4,1610612737,5,6,6,2,3,0,0
2017-18,21701101,4,1610612745,4,2,1,1,3,1,0
2017-18,21701102,1,1610612744,2,2,2,1,0,0,1
2017-18,21701102,1,1610612762,4,3,2,2,1,1,1
2017-18,21701102,2,1610612744,4,4,4,2,2,0,0
2017-18,21701102,2,1610612762,4,4,2,2,1,2,1
2017-18,21701102,3,1610612744,4,1,0,1,2,1,1
2017-18,21701102,3,1610612762,6,7,6,3,3,1,0
2017-18,21701102,4,1610612744,5,3,3,2,3,0,0
2017-18,21701102,4,1610612762,3,4,4,2,1,0,0
2017-18,21701103,1,1610612752,2,2,2,1,1,0,0
2017-18,21701103,1,1610612766,6,7,6,4,2,1,0
2017-18,21701103,2,1610612752,3,3,3,2,0,0,1
2017-18,21701103,2,1610612766,4,4,4,3,1,0,0
2017-18,21701103,3,1610612752,4,5,5,3,1,0,0
2017-18,21701103,3,1610612766,6,9,6,4,1,3,1
2017-18,21701103,4,1610612752,2,1,1,1,1,0,0
2017-18,21701103,4,1610612766,5,5,5,3,1,0,1
2017-18,21701104,1,1610612747,6,4,3,1,5,1,0
2017-18,21701104,1,1610612765,4,3,2,2,1,1,1
2017-18,21701104,2,1610612747,4,5,5,3,1,0,0
2017-18,21701104,2,1610612765,4,4,2,2,1,2,0
2017-18,21701104,3,1610612747,4,4,4,2,2,0,0
2017-18,21701104,3,1610612765,2,2,2,1,1,0,0
2017-18,21701104,4,1610612747,10,12,8,6,3,4,0
2017-18,21701104,4,1610612765,7,6,5,0,6,1,0
2017-18,21701105,1,1610612743,3,3,2,2,1,1,0
2017-18,21701105,1,1610612755,4,4,4,2,2,0,0
2017-18,21701105,2,1610612743,8,9,7,3,4,2,1
2017-18,21701105,2,1610612755,8,13,7,5,2,6,1
2017-18,21701105,3,1610612743,7,8,4,2,5,4,0
2017-18,21701105,3,1610612755,3,6,5,3,0,1,0
2017-18,21701105,4,1610612743,9,14,8,7,2,6,0
2017-18,21701105,4,1610612755,4,2,2,1,3,0,0
2017-18,21701106,1,1610612750,6,6,5,3,2,1,1
2017-18,21701106,1,1610612763,5,4,3,2,2,1,1
2017-18,21701106,2,1610612750,4,3,3,1,3,0,0
2017-18,21701106,2,1610612763,1,0,0,0,1,0,0
2017-18,21701106,3,1610612750,4,7,6,4,0,1,0
2017-18,21701106,3,1610612763,4,2,0,2,1,2,1
2017-18,21701106,4,1610612750,7,8,5,2,4,3,1
2017-18,21701106,4,1610612763,4,3,3,1,2,0,1
2017-18,21701107,1,1610612738,4,2,2,1,2,0,1
2017-18,21701107,1,1610612756,4,6,4,3,1,2,0
2017-18,21701107,2,1610612738,4,0,0,0,4,0,0
2017-18,21701107,2,1610612756,3,5,4,3,0,1,0
2017-18,21701107,3,1610612738,4,6,6,3,1,0,0
2017-18,21701107,3,1610612756,7,5,2,2,5,3,0
2017-18,21701107,4,1610612738,6,6,6,1,3,0,2
2017-18,21701107,4,1610612756,5,3,0,2,3,3,0
2017-18,21701108,1,1610612759,5,5,3,3,2,2,0
2017-18,21701108,1,1610612764,2,2,1,1,1,1,0
2017-18,21701108,2,1610612759,8,11,6,5,3,5,0
2017-18,21701108,2,1610612764,4,5,4,4,0,1,0
2017-18,21701108,3,1610612759,1,0,0,0,1,0,0
2017-18,21701108,3,1610612764,3,1,1,1,2,0,0
2017-18,21701108,4,1610612759,10,17,9,6,3,8,1
2017-18,21701108,4,1610612764,7,10,8,2,4,2,1
2017-18,21701109,1,1610612743,7,8,8,2,4,0,1
2017-18,21701109,1,1610612761,1,0,0,0,1,0,0
2017-18,21701109,2,1610612743,3,3,2,2,1,1,0
2017-18,21701109,2,1610612761,5,4,4,2,2,0,1
2017-18,21701109,3,1610612743,5,3,3,1,3,0,1
2017-18,21701109,3,1610612761,4,0,0,0,4,0,0
2017-18,21701109,4,1610612743,3,0,0,0,3,0,0
2017-18,21701109,4,1610612761,4,5,3,1,3,2,0
2017-18,21701110,1,1610612739,1,2,2,1,0,0,0
2017-18,21701110,1,1610612748,5,6,5,3,1,1,1
2017-18,21701110,2,1610612739,5,6,5,2,1,1,2
2017-18,21701110,2,1610612748,4,4,2,3,1,2,0
2017-18,21701110,3,1610612739,5,5,3,3,1,2,1
2017-18,21701110,3,1610612748,2,2,2,1,1,0,0
2017-18,21701110,4,1610612739,5,6,3,2,3,3,0
2017-18,21701110,4,1610612748,6,8,6,3,2,2,1
2017-18,21701111,1,1610612741,0,1,0,0,0,1,0
2017-18,21701111,1,1610612745,1,2,2,0,1,0,0
2017-18,21701111,2,1610612741,1,1,0,1,0,1,0
2017-18,21701111,2,1610612745,5,6,6,2,1,0,2
2017-18,21701111,3,1610612741,4,4,3,2,1,1,1
2017-18,21701111,3,1610612745,5,7,6,3,2,1,0
2017-18,21701111,4,1610612741,7,11,7,5,2,4,0
2017-18,21701111,4,1610612745,6,6,4,4,2,2,0
2017-18,21701112,1,1610612740,4,4,4,2,2,0,0
2017-18,21701112,1,1610612757,4,2,2,1,2,0,0
2017-18,21701112,2,1610612740,4,3,3,1,2,0,1
2017-18,21701112,2,1610612757,4,3,2,2,2,1,0
2017-18,21701112,3,1610612740,4,1,1,1,2,0,0
2017-18,21701112,3,1610612757,3,0,0,0,3,0,0
2017-18,21701112,4,1610612740,4,6,5,3,1,1,0
2017-18,21701112,4,1610612757,5,5,5,2,2,0,1
2017-18,21701113,1,1610612742,4,3,1,1,3,2,0
2017-18,21701113,1,1610612758,3,0,0,0,3,0,0
2017-18,21701113,2,1610612742,9,14,10,6,1,4,2
2017-18,21701113,2,1610612758,5,9,8,5,0,1,0
2017-18,21701113,3,1610612742,5,4,3,1,4,1,0
2017-18,21701113,3,1610612758,4,5,2,3,1,3,0
2017-18,21701113,4,1610612742,4,4,3,0,4,1,0
2017-18,21701113,4,1610612758,4,5,5,3,1,0,0
2017-18,21701114,1,1610612744,4,3,2,2,2,1,0
2017-18,21701114,1,1610612754,3,2,1,1,1,1,1
2017-18,21701114,2,1610612744,2,2,1,1,1,1,0
2017-18,21701114,2,1610612754,3,4,2,2,1,2,0
2017-18,21701114,3,1610612744,3,2,1,1,1,1,1
2017-18,21701114,3,1610612754,4,5,4,3,1,1,0
2017-18,21701114,4,1610612744,4,2,2,1,3,0,0
2017-18,21701114,4,1610612754,3,1,1,1,1,0,1
2017-18,21701115,1,1610612746,0,0,0,0,0,0,0
2017-18,21701115,1,1610612749,3,3,3,2,0,0,1
2017-18,21701115,2,1610612746,8,11,6,4,4,5,0
2017-18,21701115,2,1610612749,7,8,6,3,4,2,0
2017-18,21701115,3,1610612746,2,4,3,2,0,1,0
2017-18,21701115,3,1610612749,7,8,4,5,2,4,0
2017-18,21701115,4,1610612746,3,3,1,2,0,2,1
2017-18,21701115,4,1610612749,6,4,3,2,3,1,1
2017-18,21701116,1,1610612739,5,7,6,2,2,1,1
2017-18,21701116,1,1610612766,6,10,9,4,2,1,0
2017-18,21701116,2,1610612739,7,10,8,6,1,2,0
2017-18,21701116,2,1610612766,3,6,5,2,0,1,1
2017-18,21701116,3,1610612739,2,3,3,1,1,0,0
2017-18,21701116,3,1610612766,4,2,2,2,2,0,0
2017-18,21701116,4,1610612739,2,0,0,0,1,0,1
2017-18,21701116,4,1610612766,5,6,6,3,2,0,0
2017-18,21701117,1,1610612751,4,8,6,4,0,2,0
2017-18,21701117,1,1610612753,1,0,0,0,0,0,1
2017-18,21701117,2,1610612751,4,2,2,1,3,0,0
2017-18,21701117,2,1610612753,5,3,3,2,3,0,0
2017-18,21701117,3,1610612751,4,3,3,2,1,0,1
2017-18,21701117,3,1610612753,5,6,5,3,2,1,0
2017-18,21701117,4,1610612751,6,9,8,5,1,1,0
2017-18,21701117,4,1610612753,5,7,5,4,1,2,0
2017-18,21701118,1,1610612752,3,3,3,2,0,0,1
2017-18,21701118,1,1610612755,2,2,1,1,1,1,0
2017-18,21701118,2,1610612752,10,18,13,6,3,5,1
2017-18,21701118,2,1610612755,6,8,4,2,3,4,1
2017-18,21701118,3,1610612752,1,1,1,1,0,0,0
2017-18,21701118,3,1610612755,5,7,5,4,1,2,0
2017-18,21701118,4,1610612752,4,4,3,2,1,1,1
2017-18,21701118,4,1610612755,8,10,9,3,4,1,1
2017-18,21701119,1,1610612757,3,2,1,1,1,1,1
2017-18,21701119,1,1610612763,4,4,1,2,1,3,1
2017-18,21701119,2,1610612757,9,15,12,6,3,3,0
2017-18,21701119,2,1610612763,7,8,5,2,5,3,0
2017-18,21701119,3,1610612757,3,2,1,1,1,1,1
2017-18,21701119,3,1610612763,3,4,3,2,1,1,0
2017-18,21701119,4,1610612757,8,11,5,5,2,6,1
2017-18,21701119,4,1610612763,6,7,4,1,4,3,1
2017-18,21701120,1,1610612737,4,6,5,3,1,1,0
2017-18,21701120,1,1610612750,4,1,1,1,2,0,1
2017-18,21701120,2,1610612737,3,2,2,1,1,0,1
2017-18,21701120,2,1610612750,6,6,5,2,4,1,0
2017-18,21701120,3,1610612737,6,8,6,2,3,2,1
2017-18,21701120,3,1610612750,4,5,3,3,1,2,0
2017-18,21701120,4,1610612737,7,7,6,2,5,1,0
2017-18,21701120,4,1610612750,5,9,8,4,1,1,0
2017-18,21701121,1,1610612738,2,2,2,1,1,0,0
2017-18,21701121,1,1610612762,1,0,0,0,1,0,0
2017-18,21701121,2,1610612738,4,2,2,1,3,0,0
2017-18,21701121,2,1610612762,2,1,1,1,1,0,0
2017-18,21701121,3,1610612738,6,9,6,5,1,3,0
2017-18,21701121,3,1610612762,7,10,9,3,2,1,2
2017-18,21701121,4,1610612738,5,7,5,4,1,2,0
2017-18,21701121,4,1610612762,6,10,7,5,1,3,0
2017-18,21701122,1,1610612746,6,5,3,3,3,2,0
2017-18,21701122,1,1610612756,3,2,1,1,1,1,1
2017-18,21701122,2,1610612746,6,11,8,4,2,3,0
2017-18,21701122,2,1610612756,2,3,1,2,0,2,0
2017-18,21701122,3,1610612746,2,4,4,1,0,0,0
2017-18,21701122,3,1610612756,4,3,3,2,2,0,0
2017-18,21701122,4,1610612746,5,5,2,3,1,3,1
2017-18,21701122,4,1610612756,7,10,8,4,3,2,0
2017-18,21701123,1,1610612742,3,4,3,2,1,1,0
2017-18,21701123,1,1610612747,3,3,1,2,1,2,0
2017-18,21701123,2,1610612742,4,5,4,3,1,1,0
2017-18,21701123,2,1610612747,6,10,7,3,3,3,0
2017-18,21701123,3,1610612742,5,6,4,2,3,2,0
2017-18,21701123,3,1610612747,8,15,10,6,2,5,0
2017-18,21701123,4,1610612742,4,4,3,2,1,1,1
2017-18,21701123,4,1610612747,4,4,4,2,2,0,0
2017-18,21701124,1,1610612764,4,4,3,2,1,1,1
2017-18,21701124,1,1610612765,3,4,3,2,1,1,0
2017-18,21701124,2,1610612764,3,4,3,2,1,1,0
2017-18,21701124,2,1610612765,4,5,3,3,1,2,0
2017-18,21701124,3,1610612764,1,0,0,0,1,0,0
2017-18,21701124,3,1610612765,2,3,3,2,0,0,0
2017-18,21701124,4,1610612764,3,7,6,3,0,1,0
2017-18,21701124,4,1610612765,8,8,6,1,6,2,1
2017-18,21701125,1,1610612741,5,6,4,2,2,2,1
2017-18,21701125,1,1610612748,5,10,9,5,0,1,0
2017-18,21701125,2,1610612741,7,9,7,4,3,2,0
2017-18,21701125,2,1610612748,4,3,3,1,3,0,0
2017-18,21701125,3,1610612741,4,8,6,3,0,2,1
2017-18,21701125,3,1610612748,2,4,4,2,0,0,0
2017-18,21701125,4,1610612741,4,3,3,2,2,0,0
2017-18,21701125,4,1610612748,4,7,6,3,1,1,0
2017-18,21701126,1,1610612759,6,9,8,2,4,1,0
2017-18,21701126,1,1610612760,5,8,4,3,2,4,0
2017-18,21701126,2,1610612759,3,4,2,2,1,2,0
2017-18,21701126,2,1610612760,4,3,1,2,2,2,0
2017-18,21701126,3,1610612759,4,2,2,1,3,0,0
2017-18,21701126,3,1610612760,4,5,5,3,1,0,0
2017-18,21701126,4,1610612759,10,15,10,3,7,5,0
2017-18,21701126,4,1610612760,4,5,4,2,2,1,0
2017-18,21701127,1,1610612754,4,2,2,1,3,0,0
2017-18,21701127,1,1610612758,4,4,2,3,0,2,1
2017-18,21701127,2,1610612754,6,7,7,4,2,0,0
2017-18,21701127,2,1610612758,3,2,1,1,2,1,0
2017-18,21701127,3,1610612754,4,3,3,2,2,0,0
2017-18,21701127,3,1610612758,3,0,0,0,3,0,0
2017-18,21701127,4,1610612754,7,8,6,3,4,2,0
2017-18,21701127,4,1610612758,5,3,3,1,3,0,1
2017-18,21701128,1,1610612744,3,1,1,1,2,0,0
2017-18,21701128,1,1610612749,4,1,1,0,4,0,0
2017-18,21701128,2,1610612744,3,2,2,1,1,0,1
2017-18,21701128,2,1610612749,5,3,3,1,3,0,1
2017-18,21701128,3,1610612744,4,4,4,2,2,0,0
2017-18,21701128,3,1610612749,5,2,2,0,5,0,0
2017-18,21701128,4,1610612744,6,8,8,5,1,0,0
2017-18,21701128,4,1610612749,4,4,3,1,3,1,0
2017-18,21701129,1,1610612741,5,5,4,2,1,1,2
2017-18,21701129,1,1610612753,2,0,0,0,2,0,0
2017-18,21701129,2,1610612741,5,7,4,3,1,3,1
2017-18,21701129,2,1610612753,6,8,8,2,4,0,0
2017-18,21701129,3,1610612741,4,6,4,3,1,2,0
2017-18,21701129,3,1610612753,6,6,5,4,2,1,0
2017-18,21701129,4,1610612741,4,5,4,3,1,1,0
2017-18,21701129,4,1610612753,1,0,0,0,1,0,0
2017-18,21701130,1,1610612737,4,1,1,1,3,0,0
2017-18,21701130,1,1610612755,4,6,5,4,0,1,0
2017-18,21701130,2,1610612737,5,3,2,1,3,1,1
2017-18,21701130,2,1610612755,2,2,0,1,1,2,0
2017-18,21701130,3,1610612737,6,7,3,4,2,4,0
2017-18,21701130,3,1610612755,3,1,1,1,2,0,0
2017-18,21701130,4,1610612737,2,4,4,2,0,0,0
2017-18,21701130,4,1610612755,3,4,3,2,1,1,0
2017-18,21701131,1,1610612739,5,4,3,1,3,1,1
2017-18,21701131,1,1610612740,5,4,3,1,3,1,1
2017-18,21701131,2,1610612739,4,2,2,1,2,0,1
2017-18,21701131,2,1610612740,4,0,0,0,3,0,1
2017-18,21701131,3,1610612739,3,3,2,2,1,1,0
2017-18,21701131,3,1610612740,3,2,2,1,2,0,0
2017-18,21701131,4,1610612739,7,6,4,0,6,2,1
2017-18,21701131,4,1610612740,1,0,0,0,1,0,0
2017-18,21701132,1,1610612745,7,13,8,5,1,5,1
2017-18,21701132,1,1610612756,2,4,3,2,0,1,0
2017-18,21701132,2,1610612745,2,2,1,1,1,1,0
2017-18,21701132,2,1610612756,4,3,2,3,1,1,0
2017-18,21701132,3,1610612745,4,6,6,3,1,0,0
2017-18,21701132,3,1610612756,3,2,2,1,2,0,0
2017-18,21701132,4,1610612745,6,8,5,2,4,3,0
2017-18,21701132,4,1610612756,3,4,2,2,0,2,1
2017-18,21701133,1,1610612743,2,0,0,0,2,0,0
2017-18,21701133,1,1610612760,4,5,1,3,0,4,1
2017-18,21701133,2,1610612743,8,10,7,3,4,3,1
2017-18,21701133,2,1610612760,5,5,3,3,2,2,0
2017-18,21701133,3,1610612743,5,4,4,2,3,0,0
2017-18,21701133,3,1610612760,4,4,4,2,2,0,0
2017-18,21701133,4,1610612743,4,3,3,2,2,0,0
2017-18,21701133,4,1610612760,6,9,5,3,3,4,0
2017-18,21701134,1,1610612742,4,3,1,2,2,2,0
2017-18,21701134,1,1610612750,4,4,4,2,2,0,0
2017-18,21701134,2,1610612742,3,0,0,0,3,0,0
2017-18,21701134,2,1610612750,8,9,8,2,6,1,0
2017-18,21701134,3,1610612742,3,0,0,0,2,0,1
2017-18,21701134,3,1610612750,3,4,3,2,1,1,0
2017-18,21701134,4,1610612742,3,4,4,2,1,0,0
2017-18,21701134,4,1610612750,1,0,0,0,1,0,0
2017-18,21701135,1,1610612762,3,5,3,3,0,2,0
2017-18,21701135,1,1610612763,2,2,1,1,1,1,0
2017-18,21701135,2,1610612762,5,6,6,3,2,0,0
2017-18,21701135,2,1610612763,3,0,0,0,3,0,0
2017-18,21701135,3,1610612762,4,3,2,2,2,1,0
2017-18,21701135,3,1610612763,5,2,2,1,4,0,0
2017-18,21701135,4,1610612762,7,12,4,4,3,8,0
2017-18,21701135,4,1610612763,7,11,7,2,2,4,3
2017-18,21701136,1,1610612747,4,2,1,2,2,1,0
2017-18,21701136,1,1610612749,4,4,3,4,0,1,0
2017-18,21701136,2,1610612747,5,6,5,2,3,1,0
2017-18,21701136,2,1610612749,8,14,13,5,3,1,0
2017-18,21701136,3,1610612747,6,4,4,1,5,0,0
2017-18,21701136,3,1610612749,5,4,3,2,3,1,0
2017-18,21701136,4,1610612747,6,9,4,6,0,5,0
2017-18,21701136,4,1610612749,2,2,1,1,1,1,0
2017-18,21701137,1,1610612746,3,6,5,3,0,1,0
2017-18,21701137,1,1610612757,4,4,3,1,3,1,0
2017-18,21701137,2,1610612746,6,9,5,3,3,4,0
2017-18,21701137,2,1610612757,5,4,4,3,2,0,0
2017-18,21701137,3,1610612746,9,8,2,4,3,6,2
2017-18,21701137,3,1610612757,4,5,5,3,0,0,1
2017-18,21701137,4,1610612746,7,12,8,6,0,4,1
2017-18,21701137,4,1610612757,3,3,3,2,1,0,0
2017-18,21701138,1,1610612764,3,3,2,1,1,1,0
2017-18,21701138,1,1610612766,4,6,6,3,1,0,0
2017-18,21701138,2,1610612764,4,0,0,0,3,0,1
2017-18,21701138,2,1610612766,5,4,4,2,3,0,0
2017-18,21701138,3,1610612764,2,3,2,2,0,1,0
2017-18,21701138,3,1610612766,7,9,3,4,3,6,0
2017-18,21701138,4,1610612764,4,6,5,3,1,1,0
2017-18,21701138,4,1610612766,6,8,4,2,1,4,3
2017-18,21701139,1,1610612752,2,1,1,1,1,0,0
2017-18,21701139,1,1610612765,2,0,0,0,2,0,0
2017-18,21701139,2,1610612752,5,6,4,4,1,2,0
2017-18,21701139,2,1610612765,7,10,9,3,3,1,1
2017-18,21701139,3,1610612752,3,3,3,2,0,0,1
2017-18,21701139,3,1610612765,2,4,4,2,0,0,0
2017-18,21701139,4,1610612752,4,2,2,0,4,0,0
2017-18,21701139,4,1610612765,5,8,4,3,2,4,0
2017-18,21701140,1,1610612738,4,2,1,1,3,1,0
2017-18,21701140,1,1610612761,2,0,0,0,2,0,0
2017-18,21701140,2,1610612738,4,2,2,1,3,0,0
2017-18,21701140,2,1610612761,8,9,7,4,4,2,0
2017-18,21701140,3,1610612738,7,12,11,6,1,1,0
2017-18,21701140,3,1610612761,8,13,10,5,3,3,0
2017-18,21701140,4,1610612738,8,11,9,5,2,2,1
2017-18,21701140,4,1610612761,5,0,0,0,2,0,1
2017-18,21701141,1,1610612748,4,3,2,2,2,1,0
2017-18,21701141,1,1610612751,5,9,6,4,1,3,0
2017-18,21701141,2,1610612748,2,2,2,1,1,0,0
2017-18,21701141,2,1610612751,6,10,10,5,1,0,0
2017-18,21701141,3,1610612748,7,6,5,1,6,1,0
2017-18,21701141,3,1610612751,4,5,3,2,2,2,0
2017-18,21701141,4,1610612748,7,10,7,5,1,3,0
2017-18,21701141,4,1610612751,2,2,2,1,1,0,0
2017-18,21701142,1,1610612744,5,6,3,2,3,3,0
2017-18,21701142,1,1610612758,1,2,2,1,0,0,0
2017-18,21701142,2,1610612744,9,12,9,6,3,3,0
2017-18,21701142,2,1610612758,6,6,5,3,2,1,0
2017-18,21701142,3,1610612744,7,9,9,4,2,0,0
2017-18,21701142,3,1610612758,3,2,2,1,2,0,0
2017-18,21701142,4,1610612744,2,1,0,1,1,1,0
2017-18,21701142,4,1610612758,7,9,7,2,2,2,3
2017-18,21701143,1,1610612755,4,6,6,3,1,0,0
2017-18,21701143,1,1610612766,4,4,3,2,1,1,1
2017-18,21701143,2,1610612755,2,0,0,0,2,0,0
2017-18,21701143,2,1610612766,6,13,12,6,0,1,0
2017-18,21701143,3,1610612755,2,1,1,0,1,0,0
2017-18,21701143,3,1610612766,6,9,7,3,3,2,0
2017-18,21701143,4,1610612755,5,3,2,2,3,1,0
2017-18,21701143,4,1610612766,6,8,5,3,3,3,0
2017-18,21701144,1,1610612741,1,0,0,0,0,0,1
2017-18,21701144,1,1610612764,1,0,0,0,1,0,0
2017-18,21701144,2,1610612741,4,5,3,3,1,2,0
2017-18,21701144,2,1610612764,6,9,9,5,1,0,0
2017-18,21701144,3,1610612741,2,6,5,2,0,1,0
2017-18,21701144,3,1610612764,3,2,2,1,2,0,0
2017-18,21701144,4,1610612741,3,2,1,2,1,1,0
2017-18,21701144,4,1610612764,3,1,1,0,3,0,0
2017-18,21701145,1,1610612745,2,4,3,2,0,1,0
2017-18,21701145,1,1610612759,5,4,3,2,2,1,1
2017-18,21701145,2,1610612745,3,5,5,2,1,0,0
2017-18,21701145,2,1610612759,6,6,5,3,2,1,1
2017-18,21701145,3,1610612745,10,17,13,7,2,4,1
2017-18,21701145,3,1610612759,5,7,4,4,1,3,0
2017-18,21701145,4,1610612745,4,3,3,2,2,0,0
2017-18,21701145,4,1610612759,3,4,2,2,0,2,1
2017-18,21701146,1,1610612746,3,5,2,3,0,3,0
2017-18,21701146,1,1610612754,3,0,0,0,3,0,0
2017-18,21701146,2,1610612746,1,2,2,1,0,0,0
2017-18,21701146,2,1610612754,4,2,2,1,3,0,0
2017-18,21701146,3,1610612746,3,3,3,1,2,0,0
2017-18,21701146,3,1610612754,5,7,6,4,1,1,0
2017-18,21701146,4,1610612746,4,4,4,2,2,0,0
2017-18,21701146,4,1610612754,7,12,8,3,3,4,0
2017-18,21701147,1,1610612737,3,1,1,1,2,0,0
2017-18,21701147,1,1610612753,2,4,4,2,0,0,0
2017-18,21701147,2,1610612737,1,0,0,0,1,0,0
2017-18,21701147,2,1610612753,2,2,2,1,1,0,0
2017-18,21701147,3,1610612737,3,0,0,0,3,0,0
2017-18,21701147,3,1610612753,6,4,3,1,5,1,0
2017-18,21701147,4,1610612737,2,0,0,0,2,0,0
2017-18,21701147,4,1610612753,5,3,3,2,1,0,2
2017-18,21701148,1,1610612751,4,5,3,2,2,2,0
2017-18,21701148,1,1610612765,6,8,7,4,2,1,0
2017-18,21701148,2,1610612751,1,2,2,1,0,0,0
2017-18,21701148,2,1610612765,3,2,2,1,2,0,0
2017-18,21701148,3,1610612751,7,4,2,2,4,2,0
2017-18,21701148,3,1610612765,5,9,6,4,1,3,0
2017-18,21701148,4,1610612751,4,4,3,2,2,1,0
2017-18,21701148,4,1610612765,7,13,10,2,5,3,0
2017-18,21701149,1,1610612739,4,7,3,3,1,4,0
2017-18,21701149,1,1610612742,2,3,2,2,0,1,0
2017-18,21701149,2,1610612739,5,5,5,3,2,0,0
2017-18,21701149,2,1610612742,4,2,2,1,2,0,1
2017-18,21701149,3,1610612739,5,4,3,2,3,1,0
2017-18,21701149,3,1610612742,2,2,2,1,1,0,0
2017-18,21701149,4,1610612739,4,7,6,4,0,1,0
2017-18,21701149,4,1610612742,3,4,4,2,1,0,0
2017-18,21701150,1,1610612740,5,2,1,1,2,1,2
2017-18,21701150,1,1610612760,3,2,2,2,1,0,0
2017-18,21701150,2,1610612740,5,7,5,3,2,2,0
2017-18,21701150,2,1610612760,7,8,4,1,6,4,0
2017-18,21701150,3,1610612740,4,2,2,1,2,0,1
2017-18,21701150,3,1610612760,5,7,6,4,1,1,0
2017-18,21701150,4,1610612740,7,12,9,6,1,3,0
2017-18,21701150,4,1610612760,5,8,6,4,1,2,0
2017-18,21701151,1,1610612750,4,0,0,0,4,0,0
2017-18,21701151,1,1610612762,1,1,0,1,0,1,0
2017-18,21701151,2,1610612750,5,5,4,4,0,1,1
2017-18,21701151,2,1610612762,3,2,0,1,2,2,0
2017-18,21701151,3,1610612750,3,2,2,1,2,0,0
2017-18,21701151,3,1610612762,5,6,5,3,2,1,0
2017-18,21701151,4,1610612750,6,7,7,4,2,0,0
2017-18,21701151,4,1610612762,8,16,13,5,3,3,0
2017-18,21701152,1,1610612743,3,2,1,1,2,1,0
2017-18,21701152,1,1610612749,3,2,2,1,2,0,0
2017-18,21701152,2,1610612743,11,22,20,10,1,2,0
2017-18,21701152,2,1610612749,7,11,10,4,3,1,0
2017-18,21701152,3,1610612743,5,2,0,1,3,2,0
2017-18,21701152,3,1610612749,8,11,8,5,3,3,0
2017-18,21701152,4,1610612743,9,12,11,5,4,1,0
2017-18,21701152,4,1610612749,2,0,0,0,1,0,1
2017-18,21701153,1,1610612744,3,2,2,2,1,0,0
2017-18,21701153,1,1610612756,1,2,2,1,0,0,0
2017-18,21701153,2,1610612744,2,2,2,1,1,0,0
2017-18,21701153,2,1610612756,5,3,2,3,2,1,0
2017-18,21701153,3,1610612744,1,2,1,1,0,1,0
2017-18,21701153,3,1610612756,2,2,2,1,1,0,0
2017-18,21701153,4,1610612744,5,3,3,2,2,0,1
2017-18,21701153,4,1610612756,5,9,8,4,1,1,0
2017-18,21701154,1,1610612757,7,9,8,2,5,1,0
2017-18,21701154,1,1610612763,5,4,3,1,4,1,0
2017-18,21701154,2,1610612757,3,4,4,2,1,0,0
2017-18,21701154,2,1610612763,2,2,2,2,0,0,0
2017-18,21701154,3,1610612757,6,8,8,2,4,0,0
2017-18,21701154,3,1610612763,2,2,1,1,1,1,0
2017-18,21701154,4,1610612757,3,4,3,2,0,1,1
2017-18,21701154,4,1610612763,4,4,3,2,2,1,0
2017-18,21701155,1,1610612747,2,2,2,1,0,0,1
2017-18,21701155,1,1610612758,3,2,2,1,1,0,1
2017-18,21701155,2,1610612747,3,5,3,3,0,2,0
2017-18,21701155,2,1610612758,4,7,2,4,0,5,0
2017-18,21701155,3,1610612747,5,4,2,2,1,2,1
2017-18,21701155,3,1610612758,2,2,1,1,1,1,0
2017-18,21701155,4,1610612747,8,14,9,5,3,5,0
2017-18,21701155,4,1610612758,4,3,2,2,2,1,0
2017-18,21701156,1,1610612739,6,5,2,2,3,3,1
2017-18,21701156,1,1610612761,3,4,3,2,1,1,0
2017-18,21701156,2,1610612739,3,5,5,3,0,0,0
2017-18,21701156,2,1610612761,4,3,2,2,2,1,0
2017-18,21701156,3,1610612739,6,5,5,2,4,0,0
2017-18,21701156,3,1610612761,5,5,4,4,1,1,0
2017-18,21701156,4,1610612739,7,11,11,3,4,0,0
2017-18,21701156,4,1610612761,4,2,2,1,3,0,0
2017-18,21701157,1,1610612751,4,2,1,1,2,1,1
2017-18,21701157,1,1610612755,3,5,3,3,0,2,0
2017-18,21701157,2,1610612751,6,4,2,2,3,2,1
2017-18,21701157,2,1610612755,5,4,4,1,4,0,0
2017-18,21701157,3,1610612751,6,9,3,5,0,6,1
2017-18,21701157,3,1610612755,3,5,2,3,0,3,0
2017-18,21701157,4,1610612751,5,8,4,3,2,4,0
2017-18,21701157,4,1610612755,3,4,3,2,0,1,1
2017-18,21701158,1,1610612737,6,9,7,3,3,2,0
2017-18,21701158,1,1610612748,4,5,4,3,1,1,0
2017-18,21701158,2,1610612737,3,3,3,1,2,0,0
2017-18,21701158,2,1610612748,2,3,2,1,1,1,0
2017-18,21701158,3,1610612737,5,3,1,2,3,2,0
2017-18,21701158,3,1610612748,4,3,3,2,2,0,0
2017-18,21701158,4,1610612737,2,0,0,0,2,0,0
2017-18,21701158,4,1610612748,2,2,2,0,2,0,0
2017-18,21701159,1,1610612752,6,6,5,2,3,1,1
2017-18,21701159,1,1610612753,4,6,3,3,1,3,0
2017-18,21701159,2,1610612752,2,2,2,1,1,0,0
2017-18,21701159,2,1610612753,5,6,3,2,1,3,2
2017-18,21701159,3,1610612752,2,2,1,1,1,1,0
2017-18,21701159,3,1610612753,3,2,2,1,2,0,0
2017-18,21701159,4,1610612752,2,2,1,1,1,1,0
2017-18,21701159,4,1610612753,5,4,4,3,2,0,0
2017-18,21701160,1,1610612741,4,4,3,2,2,1,0
2017-18,21701160,1,1610612766,5,4,2,3,1,2,1
2017-18,21701160,2,1610612741,4,6,3,4,0,3,0
2017-18,21701160,2,1610612766,5,8,6,3,2,2,0
2017-18,21701160,3,1610612741,2,1,1,1,1,0,0
2017-18,21701160,3,1610612766,7,11,9,3,4,2,0
2017-18,21701160,4,1610612741,5,7,6,3,2,1,0
2017-18,21701160,4,1610612766,3,5,4,3,0,1,0
2017-18,21701161,1,1610612745,5,9,5,4,1,4,0
2017-18,21701161,1,1610612764,2,5,5,2,0,0,0
2017-18,21701161,2,1610612745,7,12,9,6,1,3,0
2017-18,21701161,2,1610612764,5,5,4,3,2,1,0
2017-18,21701161,3,1610612745,3,2,2,1,2,0,0
2017-18,21701161,3,1610612764,3,7,4,3,0,3,0
2017-18,21701161,4,1610612745,6,4,2,3,2,2,1
2017-18,21701161,4,1610612764,3,6,3,3,0,3,0
2017-18,21701162,1,1610612738,5,8,7,5,0,1,0
2017-18,21701162,1,1610612749,2,4,3,2,0,1,0
2017-18,21701162,2,1610612738,4,3,3,1,3,0,0
2017-18,21701162,2,1610612749,4,6,5,2,2,1,0
2017-18,21701162,3,1610612738,5,4,2,2,3,2,0
2017-18,21701162,3,1610612749,5,3,1,2,3,2,0
2017-18,21701162,4,1610612738,9,9,7,4,5,2,0
2017-18,21701162,4,1610612749,6,8,6,2,4,2,0
2017-18,21701163,1,1610612744,5,6,6,3,1,0,1
2017-18,21701163,1,1610612760,6,10,8,4,2,2,0
2017-18,21701163,2,1610612744,5,7,5,3,2,2,0
2017-18,21701163,2,1610612760,5,9,6,5,0,3,0
2017-18,21701163,3,1610612744,2,5,4,2,0,1,0
2017-18,21701163,3,1610612760,6,8,6,3,2,2,1
2017-18,21701163,4,1610612744,7,6,6,1,6,0,0
2017-18,21701163,4,1610612760,6,10,8,5,1,2,0
2017-18,21701164,1,1610612742,3,0,0,0,3,0,0
2017-18,21701164,1,1610612757,3,2,2,1,2,0,0
2017-18,21701164,2,1610612742,2,2,2,1,0,0,1
2017-18,21701164,2,1610612757,2,2,2,1,0,0,1
2017-18,21701164,3,1610612742,3,2,1,1,2,1,0
2017-18,21701164,3,1610612757,5,7,6,4,0,1,1
2017-18,21701164,4,1610612742,9,16,11,3,6,5,0
2017-18,21701164,4,1610612757,6,13,11,6,0,2,0
2017-18,21701165,1,1610612743,4,4,2,2,1,2,1
2017-18,21701165,1,1610612754,4,4,3,2,2,1,0
2017-18,21701165,2,1610612743,4,2,1,1,1,1,0
2017-18,21701165,2,1610612754,3,2,2,1,1,0,1
2017-18,21701165,3,1610612743,3,1,1,0,2,0,1
2017-18,21701165,3,1610612754,5,4,4,1,3,0,1
2017-18,21701165,4,1610612743,10,13,11,2,8,2,0
2017-18,21701165,4,1610612754,5,6,4,3,2,2,0
2017-18,21701166,1,1610612747,4,6,3,3,1,3,0
2017-18,21701166,1,1610612762,3,4,3,2,1,1,0
2017-18,21701166,2,1610612747,5,7,4,2,3,3,0
2017-18,21701166,2,1610612762,7,7,6,3,4,1,0
2017-18,21701166,3,1610612747,6,12,9,6,0,3,0
2017-18,21701166,3,1610612762,5,9,4,5,0,5,0
2017-18,21701166,4,1610612747,6,11,8,5,1,3,0
2017-18,21701166,4,1610612762,6,7,4,2,3,3,1
2017-18,21701167,1,1610612756,5,4,1,2,2,3,1
2017-18,21701167,1,1610612758,1,2,2,1,0,0,0
2017-18,21701167,2,1610612756,6,6,4,3,3,2,0
2017-18,21701167,2,1610612758,5,8,6,5,0,2,0
2017-18,21701167,3,1610612756,5,7,4,4,1,3,0
2017-18,21701167,3,1610612758,6,9,8,5,1,1,0
2017-18,21701167,4,1610612756,8,16,12,6,2,4,0
2017-18,21701167,4,1610612758,4,4,1,2,2,3,0
2017-18,21701168,1,1610612746,5,6,4,3,2,2,0
2017-18,21701168,1,1610612759,4,5,4,2,1,1,1
2017-18,21701168,2,1610612746,4,4,3,2,2,1,0
2017-18,21701168,2,1610612759,3,5,3,3,0,2,0
2017-18,21701168,3,1610612746,9,15,12,6,2,3,1
2017-18,21701168,3,1610612759,8,7,6,2,4,1,2
2017-18,21701168,4,1610612746,10,18,15,6,4,3,0
2017-18,21701168,4,1610612759,8,11,11,4,4,0,0
2017-18,21701169,1,1610612755,2,1,1,1,1,0,0
2017-18,21701169,1,1610612765,4,7,7,4,0,0,0
2017-18,21701169,2,1610612755,6,8,5,3,3,3,0
2017-18,21701169,2,1610612765,3,5,2,3,0,3,0
2017-18,21701169,3,1610612755,3,4,3,2,1,1,0
2017-18,21701169,3,1610612765,6,8,3,5,1,5,0
2017-18,21701169,4,1610612755,6,6,5,0,6,1,0
2017-18,21701169,4,1610612765,2,3,2,1,0,1,1
2017-18,21701170,1,1610612742,2,4,2,2,0,2,0
2017-18,21701170,1,1610612753,6,8,6,3,2,2,1
2017-18,21701170,2,1610612742,3,2,1,1,2,1,0
2017-18,21701170,2,1610612753,6,7,4,3,3,3,0
2017-18,21701170,3,1610612742,3,6,4,3,0,2,0
2017-18,21701170,3,1610612753,4,6,5,3,0,1,1
2017-18,21701170,4,1610612742,4,5,5,3,1,0,0
2017-18,21701170,4,1610612753,5,6,4,1,3,2,1
2017-18,21701171,1,1610612738,4,3,3,2,2,0,0
2017-18,21701171,1,1610612761,2,0,0,0,2,0,0
2017-18,21701171,2,1610612738,5,3,3,2,3,0,0
2017-18,21701171,2,1610612761,3,3,3,2,1,0,0
2017-18,21701171,3,1610612738,8,10,9,3,3,1,2
2017-18,21701171,3,1610612761,5,5,3,3,1,2,1
2017-18,21701171,4,1610612738,7,12,10,6,1,2,0
2017-18,21701171,4,1610612761,2,0,0,0,2,0,0
2017-18,21701172,1,1610612737,6,6,5,3,2,1,1
2017-18,21701172,1,1610612748,3,6,5,3,0,1,0
2017-18,21701172,2,1610612737,1,2,2,1,0,0,0
2017-18,21701172,2,1610612748,4,3,3,2,2,0,0
2017-18,21701172,3,1610612737,3,4,2,2,1,2,0
2017-18,21701172,3,1610612748,4,1,1,1,3,0,0
2017-18,21701172,4,1610612737,3,5,2,3,0,3,0
2017-18,21701172,4,1610612748,4,7,5,4,0,2,0
2017-18,21701173,1,1610612740,6,6,5,2,4,1,0
2017-18,21701173,1,1610612763,3,0,0,0,2,0,1
2017-18,21701173,2,1610612740,4,2,2,0,4,0,0
2017-18,21701173,2,1610612763,7,8,6,4,1,2,1
2017-18,21701173,3,1610612740,6,9,8,4,2,1,0
2017-18,21701173,3,1610612763,5,6,5,2,1,1,2
2017-18,21701173,4,1610612740,2,2,2,1,1,0,0
2017-18,21701173,4,1610612763,2,1,0,1,1,1,0
2017-18,21701174,1,1610612747,2,4,3,2,0,1,0
2017-18,21701174,1,1610612759,2,4,4,2,0,0,0
2017-18,21701174,2,1610612747,5,4,4,3,2,0,0
2017-18,21701174,2,1610612759,5,5,3,2,1,2,2
2017-18,21701174,3,1610612747,2,2,2,1,1,0,0
2017-18,21701174,3,1610612759,4,6,4,4,0,2,0
2017-18,21701174,4,1610612747,4,0,0,0,3,0,1
2017-18,21701174,4,1610612759,10,12,8,5,4,4,1
2017-18,21701175,1,1610612744,5,4,4,3,2,0,0
2017-18,21701175,1,1610612754,3,1,1,1,1,0,1
2017-18,21701175,2,1610612744,3,2,2,1,1,0,1
2017-18,21701175,2,1610612754,4,5,3,3,1,2,0
2017-18,21701175,3,1610612744,8,12,12,4,3,0,1
2017-18,21701175,3,1610612754,4,9,7,3,0,2,0
2017-18,21701175,4,1610612744,5,6,5,2,3,1,0
2017-18,21701175,4,1610612754,1,0,0,0,1,0,0
2017-18,21701176,1,1610612739,5,9,7,4,1,2,0
2017-18,21701176,1,1610612764,5,8,6,4,1,2,0
2017-18,21701176,2,1610612739,2,0,0,0,1,0,1
2017-18,21701176,2,1610612764,4,3,3,1,2,0,1
2017-18,21701176,3,1610612739,4,2,2,1,2,0,1
2017-18,21701176,3,1610612764,2,2,2,1,1,0,0
2017-18,21701176,4,1610612739,9,17,13,6,2,4,1
2017-18,21701176,4,1610612764,3,1,1,1,1,0,1
2017-18,21701177,1,1610612745,5,8,3,4,1,5,0
2017-18,21701177,1,1610612757,3,2,1,1,2,1,0
2017-18,21701177,2,1610612745,5,4,4,2,3,0,0
2017-18,21701177,2,1610612757,6,9,6,4,2,3,0
2017-18,21701177,3,1610612745,5,6,6,3,2,0,0
2017-18,21701177,3,1610612757,4,2,1,2,2,1,0
2017-18,21701177,4,1610612745,5,6,2,3,1,4,1
2017-18,21701177,4,1610612757,1,1,1,1,0,0,0
2017-18,21701178,1,1610612749,4,8,6,4,0,2,0
2017-18,21701178,1,1610612751,2,2,2,1,1,0,0
2017-18,21701178,2,1610612749,3,4,3,2,1,1,0
2017-18,21701178,2,1610612751,2,3,1,2,0,2,0
2017-18,21701178,3,1610612749,8,12,10,5,3,2,0
2017-18,21701178,3,1610612751,5,3,2,1,4,1,0
2017-18,21701178,4,1610612749,4,6,5,4,0,1,0
2017-18,21701178,4,1610612751,9,13,13,2,6,0,1
2017-18,21701179,1,1610612746,6,8,6,3,1,2,2
2017-18,21701179,1,1610612762,6,9,8,5,0,1,1
2017-18,21701179,2,1610612746,6,9,9,3,3,0,0
2017-18,21701179,2,1610612762,7,11,7,4,2,4,1
2017-18,21701179,3,1610612746,3,2,1,1,2,1,0
2017-18,21701179,3,1610612762,8,8,4,1,6,4,1
2017-18,21701179,4,1610612746,7,9,6,4,3,3,0
2017-18,21701179,4,1610612762,1,0,0,0,1,0,0
2017-18,21701180,1,1610612743,2,4,4,2,0,0,0
2017-18,21701180,1,1610612750,3,2,0,2,1,2,0
2017-18,21701180,2,1610612743,5,3,3,2,2,0,0
2017-18,21701180,2,1610612750,6,6,6,2,2,0,2
2017-18,21701180,3,1610612743,4,3,3,1,1,0,2
2017-18,21701180,3,1610612750,4,6,4,3,0,2,1
2017-18,21701180,4,1610612743,8,12,9,4,2,3,2
2017-18,21701180,4,1610612750,2,2,2,2,0,0,0
2017-18,21701181,1,1610612742,7,8,6,2,5,2,0
2017-18,21701181,1,1610612765,4,3,2,2,1,1,1
2017-18,21701181,2,1610612742,3,3,3,2,1,0,0
2017-18,21701181,2,1610612765,4,6,3,3,1,3,0
2017-18,21701181,3,1610612742,3,3,3,2,1,0,0
2017-18,21701181,3,1610612765,3,2,1,1,2,1,0
2017-18,21701181,4,1610612742,2,0,0,0,2,0,0
2017-18,21701181,4,1610612765,4,2,2,1,3,0,0
2017-18,21701182,1,1610612753,2,3,3,2,0,0,0
2017-18,21701182,1,1610612766,5,10,9,5,0,1,0
2017-18,21701182,2,1610612753,3,2,0,1,2,2,0
2017-18,21701182,2,1610612766,3,4,3,2,1,1,0
2017-18,21701182,3,1610612753,2,2,1,1,1,1,0
2017-18,21701182,3,1610612766,5,6,6,2,3,0,0
2017-18,21701182,4,1610612753,5,6,3,2,2,3,1
2017-18,21701182,4,1610612766,5,6,6,4,1,0,0
2017-18,21701183,1,1610612739,5,4,3,3,1,1,1
2017-18,21701183,1,1610612755,3,5,4,2,1,1,0
2017-18,21701183,2,1610612739,5,7,5,4,1,2,0
2017-18,21701183,2,1610612755,4,5,4,2,2,1,0
2017-18,21701183,3,1610612739,5,9,7,3,1,2,1
2017-18,21701183,3,1610612755,7,7,6,3,4,1,0
2017-18,21701183,4,1610612739,7,13,9,5,1,4,1
2017-18,21701183,4,1610612755,6,4,4,0,6,0,0
2017-18,21701184,1,1610612737,0,2,2,0,0,0,0
2017-18,21701184,1,1610612764,4,6,5,3,1,1,0
2017-18,21701184,2,1610612737,6,9,5,3,3,4,0
2017-18,21701184,2,1610612764,5,7,5,4,1,2,0
2017-18,21701184,3,1610612737,3,4,3,2,1,1,0
2017-18,21701184,3,1610612764,6,3,2,1,5,1,0
2017-18,21701184,4,1610612737,5,8,6,3,2,2,0
2017-18,21701184,4,1610612764,4,7,6,2,2,1,0
2017-18,21701185,1,1610612738,5,3,1,2,3,2,0
2017-18,21701185,1,1610612741,3,4,4,2,1,0,0
2017-18,21701185,2,1610612738,5,5,2,3,2,3,0
2017-18,21701185,2,1610612741,5,7,3,3,2,4,0
2017-18,21701185,3,1610612738,5,7,3,4,1,4,0
2017-18,21701185,3,1610612741,5,3,2,2,1,1,0
2017-18,21701185,4,1610612738,5,2,1,0,5,1,0
2017-18,21701185,4,1610612741,4,3,1,2,2,2,0
2017-18,21701186,1,1610612748,3,1,1,1,1,0,1
2017-18,21701186,1,1610612752,5,9,5,4,1,4,0
2017-18,21701186,2,1610612748,6,7,7,3,3,0,0
2017-18,21701186,2,1610612752,6,5,3,1,5,2,0
2017-18,21701186,3,1610612748,6,8,8,2,3,0,1
2017-18,21701186,3,1610612752,5,7,6,5,0,1,0
2017-18,21701186,4,1610612748,5,6,5,2,3,1,0
2017-18,21701186,4,1610612752,0,0,0,0,0,0,0
2017-18,21701187,1,1610612754,3,4,3,2,1,1,0
2017-18,21701187,1,1610612761,3,1,0,1,2,1,0
2017-18,21701187,2,1610612754,2,4,3,2,0,1,0
2017-18,21701187,2,1610612761,2,1,1,1,1,0,0
2017-18,21701187,3,1610612754,3,6,3,3,0,3,0
2017-18,21701187,3,1610612761,5,4,3,1,4,1,0
2017-18,21701187,4,1610612754,5,6,5,3,2,1,0
2017-18,21701187,4,1610612761,8,10,7,4,4,3,0
2017-18,21701188,1,1610612758,3,2,1,1,2,1,0
2017-18,21701188,1,1610612763,5,6,3,2,1,3,1
2017-18,21701188,2,1610612758,5,4,1,1,4,3,0
2017-18,21701188,2,1610612763,2,0,0,0,2,0,0
2017-18,21701188,3,1610612758,2,3,3,1,1,0,0
2017-18,21701188,3,1610612763,4,3,3,2,2,0,0
2017-18,21701188,4,1610612758,2,3,3,1,1,0,0
2017-18,21701188,4,1610612763,8,9,7,3,3,2,2
2017-18,21701189,1,1610612740,4,4,3,2,2,1,0
2017-18,21701189,1,1610612756,3,4,4,2,1,0,0
2017-18,21701189,2,1610612740,6,7,6,3,3,1,0
2017-18,21701189,2,1610612756,2,2,1,1,1,1,0
2017-18,21701189,3,1610612740,2,4,3,2,0,1,0
2017-18,21701189,3,1610612756,6,6,4,3,1,2,2
2017-18,21701189,4,1610612740,4,5,4,3,1,1,0
2017-18,21701189,4,1610612756,8,14,11,5,3,3,0
2017-18,21701190,1,1610612747,4,1,1,1,3,0,0
2017-18,21701190,1,1610612750,5,7,6,3,2,1,0
2017-18,21701190,2,1610612747,11,18,16,6,2,2,3
2017-18,21701190,2,1610612750,6,9,4,3,2,5,0
2017-18,21701190,3,1610612747,2,4,4,2,0,0,0
2017-18,21701190,3,1610612750,4,3,2,2,1,1,1
2017-18,21701190,4,1610612747,6,9,5,4,2,4,0
2017-18,21701190,4,1610612750,4,7,7,4,0,0,0
2017-18,21701191,1,1610612743,4,2,1,1,2,1,1
2017-18,21701191,1,1610612746,4,7,5,3,1,2,0
2017-18,21701191,2,1610612743,8,12,7,6,2,5,0
2017-18,21701191,2,1610612746,12,22,14,5,6,8,1
2017-18,21701191,3,1610612743,4,4,4,1,1,0,2
2017-18,21701191,3,1610612746,5,3,2,2,2,1,1
2017-18,21701191,4,1610612743,3,5,4,2,1,1,0
2017-18,21701191,4,1610612746,5,2,2,1,3,0,1
2017-18,21701192,1,1610612749,2,4,3,2,0,1,0
2017-18,21701192,1,1610612752,3,4,4,2,1,0,0
2017-18,21701192,2,1610612749,4,3,2,2,2,1,0
2017-18,21701192,2,1610612752,4,3,3,1,3,0,0
2017-18,21701192,3,1610612749,5,4,4,1,4,0,0
2017-18,21701192,3,1610612752,3,4,4,2,1,0,0
2017-18,21701192,4,1610612749,6,6,6,2,3,0,1
2017-18,21701192,4,1610612752,2,0,0,0,2,0,0
2017-18,21701193,1,1610612741,3,3,2,2,1,1,0
2017-18,21701193,1,1610612751,3,2,2,1,2,0,0
2017-18,21701193,2,1610612741,5,8,7,5,0,1,0
2017-18,21701193,2,1610612751,3,3,2,1,1,1,1
2017-18,21701193,3,1610612741,2,2,2,1,1,0,0
2017-18,21701193,3,1610612751,5,3,2,1,4,1,0
2017-18,21701193,4,1610612741,6,8,7,2,3,1,1
2017-18,21701193,4,1610612751,2,3,2,2,0,1,0
2017-18,21701194,1,1610612745,2,4,2,2,0,2,0
2017-18,21701194,1,1610612760,1,1,1,1,0,0,0
2017-18,21701194,2,1610612745,8,12,9,3,4,3,1
2017-18,21701194,2,1610612760,5,8,6,3,2,2,0
2017-18,21701194,3,1610612745,6,7,5,3,3,2,0
2017-18,21701194,3,1610612760,6,7,6,2,2,1,1
2017-18,21701194,4,1610612745,3,0,0,0,3,0,0
2017-18,21701194,4,1610612760,8,17,13,6,2,4,0
2017-18,21701195,1,1610612740,4,3,1,2,2,2,0
2017-18,21701195,1,1610612744,3,5,4,3,0,1,0
2017-18,21701195,2,1610612740,4,5,3,2,2,2,0
2017-18,21701195,2,1610612744,3,0,0,0,2,0,1
2017-18,21701195,3,1610612740,5,6,6,2,2,0,1
2017-18,21701195,3,1610612744,5,3,2,2,3,1,0
2017-18,21701195,4,1610612740,7,8,7,1,4,1,2
2017-18,21701195,4,1610612744,5,3,1,1,3,2,1
2017-18,21701196,1,1610612757,2,3,3,1,1,0,0
2017-18,21701196,1,1610612759,2,2,2,1,1,0,0
2017-18,21701196,2,1610612757,2,3,2,1,1,1,0
2017-18,21701196,2,1610612759,6,9,6,3,3,3,0
2017-18,21701196,3,1610612757,4,3,3,1,2,0,1
2017-18,21701196,3,1610612759,3,3,2,2,1,1,0
2017-18,21701196,4,1610612757,4,2,2,2,2,0,0
2017-18,21701196,4,1610612759,6,7,5,4,1,2,1
2017-18,21701197,1,1610612754,3,0,0,0,2,0,1
2017-18,21701197,1,1610612766,4,4,4,2,2,0,0
2017-18,21701197,2,1610612754,0,0,0,0,0,0,0
2017-18,21701197,2,1610612766,6,9,9,3,2,0,1
2017-18,21701197,3,1610612754,2,5,5,2,0,0,0
2017-18,21701197,3,1610612766,6,8,4,4,2,4,0
2017-18,21701197,4,1610612754,9,13,9,5,4,4,0
2017-18,21701197,4,1610612766,6,9,9,4,1,0,1
2017-18,21701198,1,1610612742,4,6,2,3,1,4,0
2017-18,21701198,1,1610612755,3,7,5,3,0,2,0
2017-18,21701198,2,1610612742,5,3,1,1,4,2,0
2017-18,21701198,2,1610612755,3,3,0,2,1,3,0
2017-18,21701198,3,1610612742,4,2,1,0,3,1,0
2017-18,21701198,3,1610612755,1,0,0,0,1,0,0
2017-18,21701198,4,1610612742,5,2,2,1,3,0,1
2017-18,21701198,4,1610612755,2,4,4,2,0,0,0
2017-18,21701199,1,1610612763,6,7,5,4,2,2,0
2017-18,21701199,1,1610612765,5,6,3,2,1,3,2
2017-18,21701199,2,1610612763,5,8,6,5,0,2,0
2017-18,21701199,2,1610612765,5,4,3,1,3,1,1
2017-18,21701199,3,1610612763,4,4,3,2,2,1,0
2017-18,21701199,3,1610612765,4,10,9,4,0,1,0
2017-18,21701199,4,1610612763,3,5,4,3,0,1,0
2017-18,21701199,4,1610612765,4,3,3,2,1,0,1
2017-18,21701200,1,1610612753,7,7,5,1,5,2,1
2017-18,21701200,1,1610612761,3,3,3,2,1,0,0
2017-18,21701200,2,1610612753,5,6,3,2,2,3,1
2017-18,21701200,2,1610612761,6,10,8,5,1,2,0
2017-18,21701200,3,1610612753,2,0,0,0,2,0,0
2017-18,21701200,3,1610612761,2,2,1,1,1,1,0
2017-18,21701200,4,1610612753,4,4,2,3,1,2,0
2017-18,21701200,4,1610612761,6,9,5,5,0,4,1
2017-18,21701201,1,1610612747,4,5,5,3,1,0,0
2017-18,21701201,1,1610612762,5,5,5,3,1,0,1
2017-18,21701201,2,1610612747,7,8,5,3,3,3,1
2017-18,21701201,2,1610612762,3,2,1,1,1,1,1
2017-18,21701201,3,1610612747,6,4,3,2,4,1,0
2017-18,21701201,3,1610612762,8,12,7,5,1,5,2
2017-18,21701201,4,1610612747,5,5,5,3,1,0,1
2017-18,21701201,4,1610612762,5,3,2,2,2,1,1
2017-18,21701202,1,1610612737,4,2,1,1,2,1,1
2017-18,21701202,1,1610612738,5,4,2,3,2,2,0
2017-18,21701202,2,1610612737,3,2,2,1,2,0,0
2017-18,21701202,2,1610612738,6,6,6,3,3,0,0
2017-18,21701202,3,1610612737,5,6,5,1,3,1,0
2017-18,21701202,3,1610612738,4,4,2,2,2,2,0
2017-18,21701202,4,1610612737,4,4,3,2,2,1,0
2017-18,21701202,4,1610612738,3,6,3,3,0,3,0
2017-18,21701203,1,1610612744,2,0,0,0,2,0,0
2017-18,21701203,1,1610612756,4,7,7,3,1,0,0
2017-18,21701203,2,1610612744,6,8,6,3,2,2,1
2017-18,21701203,2,1610612756,5,3,2,2,2,1,1
2017-18,21701203,3,1610612744,6,7,4,4,2,3,0
2017-18,21701203,3,1610612756,2,2,2,1,1,0,0
2017-18,21701203,4,1610612744,2,0,0,0,1,0,1
2017-18,21701203,4,1610612756,4,4,1,2,1,3,1
2017-18,21701204,1,1610612761,3,4,4,2,1,0,0
2017-18,21701204,1,1610612765,2,5,4,2,0,1,0
2017-18,21701204,2,1610612761,3,0,0,0,2,0,1
2017-18,21701204,2,1610612765,4,4,3,2,2,1,0
2017-18,21701204,3,1610612761,3,0,0,0,3,0,0
2017-18,21701204,3,1610612765,8,11,8,5,3,3,0
2017-18,21701204,4,1610612761,2,0,0,0,2,0,0
2017-18,21701204,4,1610612765,3,5,4,2,1,1,0
2017-18,21701205,1,1610612741,2,2,2,0,1,0,1
2017-18,21701205,1,1610612751,4,3,3,1,2,0,1
2017-18,21701205,2,1610612741,4,3,1,2,1,2,1
2017-18,21701205,2,1610612751,4,10,9,4,0,1,0
2017-18,21701205,3,1610612741,2,2,2,1,1,0,0
2017-18,21701205,3,1610612751,1,0,0,0,1,0,0
2017-18,21701205,4,1610612741,4,5,2,3,1,3,0
2017-18,21701205,4,1610612751,5,2,2,1,3,0,1
2017-18,21701206,1,1610612748,5,5,2,3,1,3,1
2017-18,21701206,1,1610612760,6,10,7,3,3,3,0
2017-18,21701206,2,1610612748,5,7,5,3,2,2,0
2017-18,21701206,2,1610612760,6,10,7,3,2,3,1
2017-18,21701206,3,1610612748,2,0,0,0,0,0,2
2017-18,21701206,3,1610612760,1,3,3,1,0,0,0
2017-18,21701206,4,1610612748,3,2,1,1,1,1,1
2017-18,21701206,4,1610612760,9,15,14,7,2,1,0
2017-18,21701207,1,1610612739,4,2,2,1,2,0,1
2017-18,21701207,1,1610612752,1,0,0,0,1,0,0
2017-18,21701207,2,1610612739,7,11,8,4,3,3,0
2017-18,21701207,2,1610612752,4,3,2,2,2,1,0
2017-18,21701207,3,1610612739,3,7,7,3,0,0,0
2017-18,21701207,3,1610612752,5,4,1,1,3,3,1
2017-18,21701207,4,1610612739,6,8,7,2,3,1,1
2017-18,21701207,4,1610612752,3,5,3,3,0,2,0
2017-18,21701208,1,1610612749,2,2,2,2,0,0,0
2017-18,21701208,1,1610612753,3,4,2,3,0,2,0
2017-18,21701208,2,1610612749,1,1,1,0,1,0,0
2017-18,21701208,2,1610612753,4,5,2,3,1,3,0
2017-18,21701208,3,1610612749,4,8,6,4,0,2,0
2017-18,21701208,3,1610612753,4,1,1,1,3,0,0
2017-18,21701208,4,1610612749,5,7,6,4,1,1,0
2017-18,21701208,4,1610612753,6,10,8,5,0,2,1
2017-18,21701209,1,1610612750,5,6,3,2,3,3,0
2017-18,21701209,1,1610612763,4,5,5,3,0,0,1
2017-18,21701209,2,1610612750,4,6,5,3,1,1,0
2017-18,21701209,2,1610612763,6,12,11,4,2,1,0
2017-18,21701209,3,1610612750,7,11,11,3,4,0,0
2017-18,21701209,3,1610612763,4,2,2,1,3,0,0
2017-18,21701209,4,1610612750,2,3,3,2,0,0,0
2017-18,21701209,4,1610612763,3,2,1,1,2,1,0
2017-18,21701210,1,1610612758,2,2,2,1,0,0,1
2017-18,21701210,1,1610612759,6,6,4,4,2,2,0
2017-18,21701210,2,1610612758,3,2,1,1,2,1,0
2017-18,21701210,2,1610612759,4,4,2,3,1,2,0
2017-18,21701210,3,1610612758,4,6,4,2,1,2,1
2017-18,21701210,3,1610612759,2,4,4,2,0,0,0
2017-18,21701210,4,1610612758,5,7,4,4,1,3,0
2017-18,21701210,4,1610612759,10,15,14,6,3,1,1
2017-18,21701211,1,1610612743,3,2,1,1,1,1,1
2017-18,21701211,1,1610612757,2,2,2,1,1,0,0
2017-18,21701211,2,1610612743,8,10,8,4,3,2,1
2017-18,21701211,2,1610612757,5,5,5,3,1,0,0
2017-18,21701211,3,1610612743,6,6,5,3,3,1,0
2017-18,21701211,3,1610612757,6,6,3,2,2,3,2
2017-18,21701211,4,1610612743,7,8,6,2,4,2,0
2017-18,21701211,4,1610612757,4,5,3,2,2,2,0
2017-18,21701212,1,1610612740,3,2,2,1,2,0,0
2017-18,21701212,1,1610612746,4,5,1,3,1,4,0
2017-18,21701212,2,1610612740,3,2,0,1,2,2,0
2017-18,21701212,2,1610612746,4,5,3,3,0,2,1
2017-18,21701212,3,1610612740,7,9,7,5,2,2,0
2017-18,21701212,3,1610612746,4,4,1,3,1,3,0
2017-18,21701212,4,1610612740,5,7,5,4,1,2,0
2017-18,21701212,4,1610612746,6,5,3,4,2,2,0
2017-18,21701213,1,1610612754,0,0,0,0,0,0,0
2017-18,21701213,1,1610612766,6,6,4,1,4,2,1
2017-18,21701213,2,1610612754,6,8,5,2,4,3,0
2017-18,21701213,2,1610612766,3,3,2,2,1,1,0
2017-18,21701213,3,1610612754,1,0,0,0,1,0,0
2017-18,21701213,3,1610612766,3,2,2,2,0,0,1
2017-18,21701213,4,1610612754,1,0,0,0,1,0,0
2017-18,21701213,4,1610612766,3,1,1,1,1,0,1
2017-18,21701214,1,1610612737,3,2,2,0,3,0,0
2017-18,21701214,1,1610612755,4,5,2,3,1,3,0
2017-18,21701214,2,1610612737,7,10,7,2,4,3,1
2017-18,21701214,2,1610612755,9,15,8,3,4,7,2
2017-18,21701214,3,1610612737,4,7,6,3,0,1,1
2017-18,21701214,3,1610612755,2,0,0,0,2,0,0
2017-18,21701214,4,1610612737,5,7,3,3,1,4,1
2017-18,21701214,4,1610612755,8,10,8,1,6,2,1
2017-18,21701215,1,1610612738,4,4,4,2,2,0,0
2017-18,21701215,1,1610612764,2,3,2,2,0,1,0
2017-18,21701215,2,1610612738,4,4,3,2,2,1,0
2017-18,21701215,2,1610612764,4,4,4,2,1,0,1
2017-18,21701215,3,1610612738,7,11,9,3,4,2,0
2017-18,21701215,3,1610612764,4,6,4,3,1,2,0
2017-18,21701215,4,1610612738,9,8,6,3,5,2,1
2017-18,21701215,4,1610612764,5,7,6,4,1,1,0
2017-18,21701216,1,1610612742,3,4,4,2,1,0,0
2017-18,21701216,1,1610612756,6,7,4,3,3,3,0
2017-18,21701216,2,1610612742,5,8,5,4,0,3,1
2017-18,21701216,2,1610612756,1,2,2,1,0,0,0
2017-18,21701216,3,1610612742,3,2,2,1,1,0,1
2017-18,21701216,3,1610612756,2,1,1,1,1,0,0
2017-18,21701216,4,1610612742,5,8,4,4,1,4,0
2017-18,21701216,4,1610612756,8,11,8,6,1,3,1
2017-18,21701217,1,1610612744,3,1,1,1,1,0,1
2017-18,21701217,1,1610612762,4,5,3,3,1,2,0
2017-18,21701217,2,1610612744,4,2,2,1,3,0,0
2017-18,21701217,2,1610612762,5,4,3,2,2,1,1
2017-18,21701217,3,1610612744,3,3,3,2,1,0,0
2017-18,21701217,3,1610612762,4,2,2,1,3,0,0
2017-18,21701217,4,1610612744,7,10,8,2,4,2,1
2017-18,21701217,4,1610612762,4,2,2,1,3,0,0
2017-18,21701218,1,1610612745,4,3,3,1,3,0,0
2017-18,21701218,1,1610612747,3,1,1,1,2,0,0
2017-18,21701218,2,1610612745,2,1,1,1,1,0,0
2017-18,21701218,2,1610612747,4,3,3,2,2,0,0
2017-18,21701218,3,1610612745,3,4,4,2,0,0,1
2017-18,21701218,3,1610612747,5,5,5,3,2,0,0
2017-18,21701218,4,1610612745,6,8,7,3,3,1,0
2017-18,21701218,4,1610612747,6,6,4,1,4,2,1
2017-18,21701219,1,1610612738,2,4,4,2,0,0,0
2017-18,21701219,1,1610612751,1,2,2,1,0,0,0
2017-18,21701219,2,1610612738,3,5,3,3,0,2,0
2017-18,21701219,2,1610612751,2,2,2,1,1,0,0
2017-18,21701219,3,1610612738,6,6,5,2,3,1,1
2017-18,21701219,3,1610612751,6,6,4,4,2,2,0
2017-18,21701219,4,1610612738,1,0,0,0,1,0,0
2017-18,21701219,4,1610612751,4,6,4,4,0,2,0
2017-18,21701220,1,1610612739,4,3,2,1,3,1,0
2017-18,21701220,1,1610612752,3,2,2,1,1,0,1
2017-18,21701220,2,1610612739,6,6,2,3,1,4,2
2017-18,21701220,2,1610612752,4,8,8,4,0,0,0
2017-18,21701220,3,1610612739,5,9,6,5,0,3,0
2017-18,21701220,3,1610612752,2,1,1,1,0,0,1
2017-18,21701220,4,1610612739,5,10,8,4,1,2,0
2017-18,21701220,4,1610612752,3,2,1,1,2,1,0
2017-18,21701221,1,1610612748,2,0,0,0,2,0,0
2017-18,21701221,1,1610612761,4,6,5,3,1,1,0
2017-18,21701221,2,1610612748,4,6,3,3,0,3,1
2017-18,21701221,2,1610612761,5,4,4,1,3,0,1
2017-18,21701221,3,1610612748,7,6,6,0,6,0,1
2017-18,21701221,3,1610612761,3,6,5,2,1,1,0
2017-18,21701221,4,1610612748,4,1,1,1,3,0,0
2017-18,21701221,4,1610612761,2,4,2,2,0,2,0
2017-18,21701222,1,1610612753,1,2,1,1,0,1,0
2017-18,21701222,1,1610612764,6,9,5,5,1,4,0
2017-18,21701222,2,1610612753,5,1,1,1,3,0,1
2017-18,21701222,2,1610612764,4,4,3,2,2,1,0
2017-18,21701222,3,1610612753,8,10,9,4,2,1,1
2017-18,21701222,3,1610612764,7,6,3,3,4,3,0
2017-18,21701222,4,1610612753,9,14,11,3,6,3,0
2017-18,21701222,4,1610612764,6,8,5,4,2,3,0
2017-18,21701223,1,1610612749,6,6,5,1,5,1,0
2017-18,21701223,1,1610612755,6,5,2,2,4,3,0
2017-18,21701223,2,1610612749,5,6,6,2,3,0,0
2017-18,21701223,2,1610612755,5,6,5,3,1,1,1
2017-18,21701223,3,1610612749,2,2,1,1,1,1,0
2017-18,21701223,3,1610612755,4,4,4,2,2,0,0
2017-18,21701223,4,1610612749,4,2,2,2,1,0,1
2017-18,21701223,4,1610612755,2,0,0,0,1,0,1
2017-18,21701224,1,1610612741,4,3,3,2,1,0,1
2017-18,21701224,1,1610612765,2,2,2,1,1,0,0
2017-18,21701224,2,1610612741,5,4,3,1,3,1,1
2017-18,21701224,2,1610612765,3,2,2,1,2,0,0
2017-18,21701224,3,1610612741,5,5,3,2,1,2,2
2017-18,21701224,3,1610612765,4,1,1,1,2,0,1
2017-18,21701224,4,1610612741,6,6,3,2,2,3,2
2017-18,21701224,4,1610612765,5,5,5,3,2,0,0
2017-18,21701225,1,1610612743,3,5,2,3,0,3,0
2017-18,21701225,1,1610612750,4,4,3,1,3,1,0
2017-18,21701225,2,1610612743,6,8,6,2,3,2,1
2017-18,21701225,2,1610612750,3,5,3,2,0,2,1
2017-18,21701225,3,1610612743,4,5,3,2,2,2,0
2017-18,21701225,3,1610612750,5,4,4,2,1,0,2
2017-18,21701225,4,1610612743,3,0,0,0,2,0,1
2017-18,21701225,4,1610612750,5,4,2,1,4,2,0
2017-18,21701226,1,1610612740,4,3,2,1,3,1,0
2017-18,21701226,1,1610612759,3,1,1,1,2,0,0
2017-18,21701226,2,1610612740,5,6,6,2,2,0,0
2017-18,21701226,2,1610612759,3,1,1,1,2,0,0
2017-18,21701226,3,1610612740,2,4,2,2,0,2,0
2017-18,21701226,3,1610612759,7,8,7,4,3,1,0
2017-18,21701226,4,1610612740,4,6,3,4,0,3,0
2017-18,21701226,4,1610612759,7,9,7,3,4,2,0
2017-18,21701227,1,1610612760,7,12,8,6,1,4,0
2017-18,21701227,1,1610612763,4,2,2,2,2,0,0
2017-18,21701227,2,1610612760,7,8,8,4,3,0,0
2017-18,21701227,2,1610612763,6,6,6,2,3,0,1
2017-18,21701227,3,1610612760,4,4,3,3,1,1,0
2017-18,21701227,3,1610612763,4,6,4,4,0,2,0
2017-18,21701227,4,1610612760,4,8,4,4,0,4,0
2017-18,21701227,4,1610612763,7,10,10,4,2,0,1
2017-18,21701228,1,1610612746,4,6,5,3,0,1,1
2017-18,21701228,1,1610612747,3,5,5,2,0,0,1
2017-18,21701228,2,1610612746,4,3,0,2,2,3,0
2017-18,21701228,2,1610612747,4,5,5,2,2,0,0
2017-18,21701228,3,1610612746,5,5,1,2,2,4,1
2017-18,21701228,3,1610612747,2,4,4,2,0,0,0
2017-18,21701228,4,1610612746,9,14,6,7,2,8,0
2017-18,21701228,4,1610612747,6,2,0,0,5,2,0
2017-18,21701229,1,1610612757,4,2,2,1,1,0,2
2017-18,21701229,1,1610612762,3,6,5,3,0,1,0
2017-18,21701229,2,1610612757,6,5,5,3,3,0,0
2017-18,21701229,2,1610612762,5,3,1,2,2,2,1
2017-18,21701229,3,1610612757,4,4,2,2,1,2,1
2017-18,21701229,3,1610612762,6,7,5,1,5,2,0
2017-18,21701229,4,1610612757,4,5,2,3,1,3,0
2017-18,21701229,4,1610612762,6,8,8,3,3,0,0
2017-18,21701230,1,1610612745,3,2,1,1,2,1,0
2017-18,21701230,1,1610612758,4,4,2,1,3,2,0
2017-18,21701230,2,1610612745,3,2,0,1,2,2,0
2017-18,21701230,2,1610612758,6,6,3,2,3,3,1
2017-18,21701230,3,1610612745,2,4,3,2,0,1,0
2017-18,21701230,3,1610612758,6,6,4,3,2,2,1
2017-18,21701230,4,1610612745,5,4,4,3,1,0,1
2017-18,21701230,4,1610612758,5,4,4,1,4,0,0
